ISO-10303-21;
HEADER;
FILE_DESCRIPTION (( 'STEP AP214' ),
    '1' );
FILE_NAME ('WY_DCDC_JDQ150.STEP',
    '2026-09-17T00:33:19',
    ( '' ),
    ( '' ),
    'SwSTEP 2.0',
    'SolidWorks 2025',
    '' );
FILE_SCHEMA (( 'AUTOMOTIVE_DESIGN' ));
ENDSEC;

DATA;
#1 = VERTEX_POINT ( 'NONE', #5109 ) ;
#2 = SURFACE_SIDE_STYLE ('',( #2614 ) ) ;
#3 = DIRECTION ( 'NONE',  ( 0.000000000000000000, 0.000000000000000000, 1.000000000000000000 ) ) ;
#4 =( NAMED_UNIT ( * ) PLANE_ANGLE_UNIT ( ) SI_UNIT ( $, .RADIAN. ) );
#5 = DIRECTION ( 'NONE',  ( 1.000000000000000000, 0.000000000000000000, 0.000000000000000000 ) ) ;
#6 = CARTESIAN_POINT ( 'NONE',  ( -28.80000000000000071, -18.50000000000000000, 12.19999999999999929 ) ) ;
#7 = ORIENTED_EDGE ( 'NONE', *, *, #6130, .F. ) ;
#8 = SURFACE_SIDE_STYLE ('',( #4125 ) ) ;
#9 = ORIENTED_EDGE ( 'NONE', *, *, #402, .T. ) ;
#10 = CARTESIAN_POINT ( 'NONE',  ( -23.59999999999999787, 13.08000000000000007, -17.30000000000000071 ) ) ;
#11 = DIRECTION ( 'NONE',  ( -0.7071067811865531239, -0.000000000000000000, 0.7071067811865420216 ) ) ;
#12 = CARTESIAN_POINT ( 'NONE',  ( -29.19999999999999929, 18.50000000000000000, 12.19999999999999929 ) ) ;
#13 = VECTOR ( 'NONE', #369, 1000.000000000000000 ) ;
#14 = VECTOR ( 'NONE', #745, 1000.000000000000000 ) ;
#15 = UNCERTAINTY_MEASURE_WITH_UNIT (LENGTH_MEASURE( 1.000000000000000082E-05 ), #2793, 'distance_accuracy_value', 'NONE');
#16 = SURFACE_STYLE_USAGE ( .BOTH. , #4659 ) ;
#17 = SURFACE_SIDE_STYLE ('',( #4699 ) ) ;
#18 = DIRECTION ( 'NONE',  ( -1.000000000000000000, 0.000000000000000000, 0.000000000000000000 ) ) ;
#19 = CIRCLE ( 'NONE', #4409, 0.09999999999999939493 ) ;
#20 = APPLICATION_PROTOCOL_DEFINITION ( 'draft international standard', 'automotive_design', 1998, #6480 ) ;
#21 = FACE_OUTER_BOUND ( 'NONE', #2636, .T. ) ;
#22 = CARTESIAN_POINT ( 'NONE',  ( -29.30000000000000071, 18.00000000000000000, 12.69999999999999929 ) ) ;
#23 = ADVANCED_FACE ( 'NONE', ( #1422 ), #5672, .F. ) ;
#24 = ORIENTED_EDGE ( 'NONE', *, *, #2983, .F. ) ;
#25 = SURFACE_STYLE_USAGE ( .BOTH. , #2063 ) ;
#26 = AXIS2_PLACEMENT_3D ( 'NONE', #5913, #4921, #6538 ) ;
#27 =( NAMED_UNIT ( * ) SI_UNIT ( $, .STERADIAN. ) SOLID_ANGLE_UNIT ( ) );
#28 = EDGE_LOOP ( 'NONE', ( #2951, #4520, #3772, #931 ) ) ;
#29 = UNCERTAINTY_MEASURE_WITH_UNIT (LENGTH_MEASURE( 1.000000000000000082E-05 ), #6314, 'distance_accuracy_value', 'NONE');
#30 = DIRECTION ( 'NONE',  ( 1.000000000000000000, 0.000000000000000000, 0.000000000000000000 ) ) ;
#31 = VERTEX_POINT ( 'NONE', #4483 ) ;
#32 = CARTESIAN_POINT ( 'NONE',  ( -25.10000000000000142, -13.08000000000000007, -17.30000000000000071 ) ) ;
#33 = AXIS2_PLACEMENT_3D ( 'NONE', #5853, #3236, #2804 ) ;
#34 = CARTESIAN_POINT ( 'NONE',  ( 29.80000000000000071, 18.00000000000000000, 12.69999999999999929 ) ) ;
#35 = CARTESIAN_POINT ( 'NONE',  ( -24.89999999999999858, -7.620000000000000107, -3.800000000000000266 ) ) ;
#36 =( NAMED_UNIT ( * ) SI_UNIT ( $, .STERADIAN. ) SOLID_ANGLE_UNIT ( ) );
#37 = CARTESIAN_POINT ( 'NONE',  ( 28.29999999999999716, -19.00000000000000000, 12.69999999999999929 ) ) ;
#38 = ORIENTED_EDGE ( 'NONE', *, *, #1151, .F. ) ;
#39 = CIRCLE ( 'NONE', #3338, 0.5000000000000004441 ) ;
#40 = ADVANCED_FACE ( 'NONE', ( #992 ), #933, .T. ) ;
#41 = DIRECTION ( 'NONE',  ( 0.000000000000000000, 0.000000000000000000, -1.000000000000000000 ) ) ;
#42 = VERTEX_POINT ( 'NONE', #5644 ) ;
#43 = FACE_OUTER_BOUND ( 'NONE', #4218, .T. ) ;
#44 = CARTESIAN_POINT ( 'NONE',  ( -28.19999999999999929, -19.40000000000000213, 12.69999999999999929 ) ) ;
#45 = VECTOR ( 'NONE', #5081, 1000.000000000000000 ) ;
#46 = FILL_AREA_STYLE ('',( #5201 ) ) ;
#47 =( NAMED_UNIT ( * ) SI_UNIT ( $, .STERADIAN. ) SOLID_ANGLE_UNIT ( ) );
#48 = STYLED_ITEM ( 'NONE', ( #2233 ), #4373 ) ;
#49 = EDGE_CURVE ( 'NONE', #1, #4862, #6624, .T. ) ;
#50 = CARTESIAN_POINT ( 'NONE',  ( -25.39999999999999858, 7.620000000000000107, -0.1999999999999996503 ) ) ;
#51 = DIRECTION ( 'NONE',  ( 0.000000000000000000, -0.000000000000000000, 1.000000000000000000 ) ) ;
#52 = COLOUR_RGB ( '',1.000000000000000000, 1.000000000000000000, 0.5019607843137254832 ) ;
#53 = CARTESIAN_POINT ( 'NONE',  ( -28.29999999999999716, -19.40000000000000213, 12.19999999999999929 ) ) ;
#54 = AXIS2_PLACEMENT_3D ( 'NONE', #5128, #1537, #3605 ) ;
#55 = AXIS2_PLACEMENT_3D ( 'NONE', #3651, #5728, #1126 ) ;
#56 = CARTESIAN_POINT ( 'NONE',  ( 29.30000000000000071, 18.39999999999999858, 12.19999999999999929 ) ) ;
#57 = EDGE_LOOP ( 'NONE', ( #1275, #4154 ) ) ;
#58 = CARTESIAN_POINT ( 'NONE',  ( 28.19999999999999929, 19.40000000000000213, 12.69999999999999929 ) ) ;
#59 = CIRCLE ( 'NONE', #2525, 0.5000000000000004441 ) ;
#60 = ORIENTED_EDGE ( 'NONE', *, *, #736, .F. ) ;
#61 = EDGE_CURVE ( 'NONE', #3200, #3230, #4058, .T. ) ;
#62 = DIRECTION ( 'NONE',  ( 0.000000000000000000, 0.000000000000000000, 1.000000000000000000 ) ) ;
#63 = EDGE_CURVE ( 'NONE', #6414, #838, #5781, .T. ) ;
#64 = DIRECTION ( 'NONE',  ( 1.000000000000000000, 0.000000000000000000, 0.000000000000000000 ) ) ;
#65 =( NAMED_UNIT ( * ) SI_UNIT ( $, .STERADIAN. ) SOLID_ANGLE_UNIT ( ) );
#66 = VECTOR ( 'NONE', #2955, 1000.000000000000000 ) ;
#67 = ORIENTED_EDGE ( 'NONE', *, *, #2441, .T. ) ;
#68 = CARTESIAN_POINT ( 'NONE',  ( -28.19999999999999929, 19.50000000000000000, 12.19999999999999929 ) ) ;
#69 = FILL_AREA_STYLE ('',( #4681 ) ) ;
#70 =( NAMED_UNIT ( * ) PLANE_ANGLE_UNIT ( ) SI_UNIT ( $, .RADIAN. ) );
#71 = VERTEX_POINT ( 'NONE', #6138 ) ;
#72 = DIRECTION ( 'NONE',  ( 0.000000000000000000, 0.000000000000000000, -1.000000000000000000 ) ) ;
#73 = ADVANCED_FACE ( 'NONE', ( #5142 ), #2993, .T. ) ;
#74 = ORIENTED_EDGE ( 'NONE', *, *, #4651, .T. ) ;
#75 = FILL_AREA_STYLE_COLOUR ( '', #1409 ) ;
#76 = ORIENTED_EDGE ( 'NONE', *, *, #922, .F. ) ;
#77 = DIRECTION ( 'NONE',  ( -1.000000000000000000, 0.000000000000000000, 0.000000000000000000 ) ) ;
#78 = CARTESIAN_POINT ( 'NONE',  ( -29.19999999999999929, -18.39999999999999858, 12.19999999999999929 ) ) ;
#79 = DIRECTION ( 'NONE',  ( 1.000000000000000000, 0.000000000000000000, 0.000000000000000000 ) ) ;
#80 = COLOUR_RGB ( '',1.000000000000000000, 1.000000000000000000, 1.000000000000000000 ) ;
#81 = COLOUR_RGB ( '',1.000000000000000000, 1.000000000000000000, 0.5019607843137254832 ) ;
#82 = AXIS2_PLACEMENT_3D ( 'NONE', #2954, #4548, #557 ) ;
#83 = PRESENTATION_STYLE_ASSIGNMENT (( #3592 ) ) ;
#84 = AXIS2_PLACEMENT_3D ( 'NONE', #556, #3584, #1086 ) ;
#85 = CARTESIAN_POINT ( 'NONE',  ( -23.59999999999999787, 13.08000000000000007, 12.19999999999999929 ) ) ;
#86 =( GEOMETRIC_REPRESENTATION_CONTEXT ( 3 ) GLOBAL_UNCERTAINTY_ASSIGNED_CONTEXT ( ( #3622 ) ) GLOBAL_UNIT_ASSIGNED_CONTEXT ( ( #2456, #1395, #1493 ) ) REPRESENTATION_CONTEXT ( 'NONE', 'WORKASPACE' ) );
#87 = EDGE_CURVE ( 'NONE', #6622, #3822, #4649, .T. ) ;
#88 = DIRECTION ( 'NONE',  ( 0.000000000000000000, 0.000000000000000000, -1.000000000000000000 ) ) ;
#89 = CARTESIAN_POINT ( 'NONE',  ( 24.64999999999999858, 7.620000000000000107, 0.000000000000000000 ) ) ;
#90 = DIRECTION ( 'NONE',  ( -1.000000000000000000, 0.000000000000000000, 0.000000000000000000 ) ) ;
#91 = EDGE_LOOP ( 'NONE', ( #1699, #298, #5718, #6412 ) ) ;
#92 = DIRECTION ( 'NONE',  ( 0.000000000000000000, 0.000000000000000000, -1.000000000000000000 ) ) ;
#93 = DIRECTION ( 'NONE',  ( 1.000000000000000000, 0.000000000000000000, 0.000000000000000000 ) ) ;
#94 = CARTESIAN_POINT ( 'NONE',  ( 23.59999999999999787, -13.08000000000000007, 0.000000000000000000 ) ) ;
#95 = ORIENTED_EDGE ( 'NONE', *, *, #5869, .F. ) ;
#96 = DIRECTION ( 'NONE',  ( 0.000000000000000000, 0.000000000000000000, -1.000000000000000000 ) ) ;
#97 = DIRECTION ( 'NONE',  ( 0.000000000000000000, 0.000000000000000000, -1.000000000000000000 ) ) ;
#98 = EDGE_LOOP ( 'NONE', ( #4947, #2418, #4781, #4415 ) ) ;
#99 = CARTESIAN_POINT ( 'NONE',  ( -25.10000000000000142, -7.620000000000000107, -3.999999999999999112 ) ) ;
#100 = EDGE_CURVE ( 'NONE', #3267, #3111, #5361, .T. ) ;
#101 = AXIS2_PLACEMENT_3D ( 'NONE', #5789, #2203, #2671 ) ;
#102 = DIRECTION ( 'NONE',  ( 0.000000000000000000, 0.000000000000000000, -1.000000000000000000 ) ) ;
#103 = EDGE_LOOP ( 'NONE', ( #3745, #2678 ) ) ;
#104 = CARTESIAN_POINT ( 'NONE',  ( 29.30000000000000071, 18.39999999999999858, 12.69999999999999929 ) ) ;
#105 = ORIENTED_EDGE ( 'NONE', *, *, #3029, .F. ) ;
#106 = EDGE_LOOP ( 'NONE', ( #4047, #6358, #3499, #267 ) ) ;
#107 = CARTESIAN_POINT ( 'NONE',  ( 25.39999999999999858, -3.810000000000000053, -0.1999999999999996503 ) ) ;
#108 = COLOUR_RGB ( '',1.000000000000000000, 1.000000000000000000, 0.5019607843137254832 ) ;
#109 = EDGE_CURVE ( 'NONE', #1326, #122, #4367, .T. ) ;
#110 = DIRECTION ( 'NONE',  ( 1.000000000000000000, 0.000000000000000000, 0.000000000000000000 ) ) ;
#111 = FACE_OUTER_BOUND ( 'NONE', #5165, .T. ) ;
#112 = ORIENTED_EDGE ( 'NONE', *, *, #3037, .F. ) ;
#113 = CARTESIAN_POINT ( 'NONE',  ( -25.39999999999999858, -7.620000000000000107, -3.800000000000000266 ) ) ;
#114 = DIRECTION ( 'NONE',  ( 0.000000000000000000, 0.000000000000000000, -1.000000000000000000 ) ) ;
#115 = EDGE_CURVE ( 'NONE', #420, #590, #1693, .T. ) ;
#116 = CARTESIAN_POINT ( 'NONE',  ( -30.30000000000000071, -17.39999999999999858, 12.69999999999999929 ) ) ;
#117 = AXIS2_PLACEMENT_3D ( 'NONE', #6512, #817, #2814 ) ;
#118 = CARTESIAN_POINT ( 'NONE',  ( -28.29999999999999716, -19.40000000000000213, 12.19999999999999929 ) ) ;
#119 =( GEOMETRIC_REPRESENTATION_CONTEXT ( 3 ) GLOBAL_UNCERTAINTY_ASSIGNED_CONTEXT ( ( #5875 ) ) GLOBAL_UNIT_ASSIGNED_CONTEXT ( ( #1168, #5773, #2095 ) ) REPRESENTATION_CONTEXT ( 'NONE', 'WORKASPACE' ) );
#120 = EDGE_CURVE ( 'NONE', #71, #3434, #1475, .T. ) ;
#121 = LINE ( 'NONE', #56, #1290 ) ;
#122 = VERTEX_POINT ( 'NONE', #3619 ) ;
#123 = DIRECTION ( 'NONE',  ( 0.000000000000000000, -1.000000000000000000, 0.000000000000000000 ) ) ;
#124 =( NAMED_UNIT ( * ) SI_UNIT ( $, .STERADIAN. ) SOLID_ANGLE_UNIT ( ) );
#125 = EDGE_LOOP ( 'NONE', ( #3216, #4929, #2124, #4190 ) ) ;
#126 =( LENGTH_UNIT ( ) NAMED_UNIT ( * ) SI_UNIT ( .MILLI., .METRE. ) );
#127 = FILL_AREA_STYLE ('',( #5159 ) ) ;
#128 = ORIENTED_EDGE ( 'NONE', *, *, #5395, .T. ) ;
#129 =( NAMED_UNIT ( * ) PLANE_ANGLE_UNIT ( ) SI_UNIT ( $, .RADIAN. ) );
#130 = SURFACE_STYLE_FILL_AREA ( #2021 ) ;
#131 = VECTOR ( 'NONE', #5557, 1000.000000000000000 ) ;
#132 = PRESENTATION_LAYER_ASSIGNMENT (  '', '', ( #5510 ) ) ;
#133 = DIRECTION ( 'NONE',  ( 0.000000000000000000, 0.000000000000000000, 1.000000000000000000 ) ) ;
#134 = ORIENTED_EDGE ( 'NONE', *, *, #6375, .T. ) ;
#135 = DIRECTION ( 'NONE',  ( 0.000000000000000000, 0.000000000000000000, -1.000000000000000000 ) ) ;
#136 = ORIENTED_EDGE ( 'NONE', *, *, #5346, .T. ) ;
#137 = VECTOR ( 'NONE', #1962, 1000.000000000000000 ) ;
#138 =( GEOMETRIC_REPRESENTATION_CONTEXT ( 3 ) GLOBAL_UNCERTAINTY_ASSIGNED_CONTEXT ( ( #578 ) ) GLOBAL_UNIT_ASSIGNED_CONTEXT ( ( #1214, #2875, #3783 ) ) REPRESENTATION_CONTEXT ( 'NONE', 'WORKASPACE' ) );
#139 =( GEOMETRIC_REPRESENTATION_CONTEXT ( 3 ) GLOBAL_UNCERTAINTY_ASSIGNED_CONTEXT ( ( #2509 ) ) GLOBAL_UNIT_ASSIGNED_CONTEXT ( ( #1145, #4321, #3806 ) ) REPRESENTATION_CONTEXT ( 'NONE', 'WORKASPACE' ) );
#140 =( LENGTH_UNIT ( ) NAMED_UNIT ( * ) SI_UNIT ( .MILLI., .METRE. ) );
#141 = VERTEX_POINT ( 'NONE', #1125 ) ;
#142 = CARTESIAN_POINT ( 'NONE',  ( -29.30000000000000071, -18.39999999999999858, 12.19999999999999929 ) ) ;
#143 = VECTOR ( 'NONE', #2417, 1000.000000000000000 ) ;
#144 = AXIS2_PLACEMENT_3D ( 'NONE', #3811, #5366, #2779 ) ;
#145 = DIRECTION ( 'NONE',  ( 1.000000000000000000, 0.000000000000000000, 0.000000000000000000 ) ) ;
#146 = VECTOR ( 'NONE', #5534, 1000.000000000000000 ) ;
#147 = CARTESIAN_POINT ( 'NONE',  ( 28.29999999999999716, 19.00000000000000000, 12.19999999999999929 ) ) ;
#148 = ORIENTED_EDGE ( 'NONE', *, *, #5550, .F. ) ;
#149 = EDGE_CURVE ( 'NONE', #6486, #1113, #2182, .T. ) ;
#150 = COLOUR_RGB ( '',1.000000000000000000, 1.000000000000000000, 1.000000000000000000 ) ;
#151 = PRESENTATION_LAYER_ASSIGNMENT (  '', '', ( #359 ) ) ;
#152 = LINE ( 'NONE', #213, #2479 ) ;
#153 = FACE_BOUND ( 'NONE', #2518, .T. ) ;
#154 = DIRECTION ( 'NONE',  ( 1.000000000000000000, 0.000000000000000000, 0.000000000000000000 ) ) ;
#155 = DIRECTION ( 'NONE',  ( 0.000000000000000000, 0.000000000000000000, 1.000000000000000000 ) ) ;
#156 = AXIS2_PLACEMENT_3D ( 'NONE', #3106, #133, #3054 ) ;
#157 = EDGE_LOOP ( 'NONE', ( #6473, #5394, #3381, #6499 ) ) ;
#158 = FILL_AREA_STYLE_COLOUR ( '', #6149 ) ;
#159 =( NAMED_UNIT ( * ) PLANE_ANGLE_UNIT ( ) SI_UNIT ( $, .RADIAN. ) );
#160 = ORIENTED_EDGE ( 'NONE', *, *, #2564, .F. ) ;
#161 = STYLED_ITEM ( 'NONE', ( #1064 ), #3287 ) ;
#162 = FILL_AREA_STYLE ('',( #4250 ) ) ;
#163 = LINE ( 'NONE', #4219, #5228 ) ;
#164 = CYLINDRICAL_SURFACE ( 'NONE', #211, 0.5000000000000004441 ) ;
#165 = ORIENTED_EDGE ( 'NONE', *, *, #3204, .F. ) ;
#166 = CARTESIAN_POINT ( 'NONE',  ( -28.29999999999999716, 19.00000000000000000, 12.19999999999999929 ) ) ;
#167 = MECHANICAL_DESIGN_GEOMETRIC_PRESENTATION_REPRESENTATION (  '', ( #2306 ), #274 ) ;
#168 = CARTESIAN_POINT ( 'NONE',  ( -30.20000000000000284, -17.50000000000000000, 12.69999999999999929 ) ) ;
#169 = ORIENTED_EDGE ( 'NONE', *, *, #5315, .T. ) ;
#170 = DIRECTION ( 'NONE',  ( 0.000000000000000000, 0.000000000000000000, -1.000000000000000000 ) ) ;
#171 = ORIENTED_EDGE ( 'NONE', *, *, #2573, .F. ) ;
#172 = EDGE_CURVE ( 'NONE', #3822, #4810, #5467, .T. ) ;
#173 = MECHANICAL_DESIGN_GEOMETRIC_PRESENTATION_REPRESENTATION (  '', ( #4571 ), #1039 ) ;
#174 = ORIENTED_EDGE ( 'NONE', *, *, #4737, .T. ) ;
#175 = DIRECTION ( 'NONE',  ( -0.7071067811865515695, -0.000000000000000000, 0.7071067811865435759 ) ) ;
#176 = SURFACE_STYLE_USAGE ( .BOTH. , #2624 ) ;
#177 = VECTOR ( 'NONE', #5476, 1000.000000000000000 ) ;
#178 = DIRECTION ( 'NONE',  ( 0.000000000000000000, 0.000000000000000000, 1.000000000000000000 ) ) ;
#179 = CARTESIAN_POINT ( 'NONE',  ( -30.20000000000000284, 17.50000000000000000, 12.69999999999999929 ) ) ;
#180 = ORIENTED_EDGE ( 'NONE', *, *, #2208, .T. ) ;
#181 = CIRCLE ( 'NONE', #5768, 0.5000000000000004441 ) ;
#182 = CYLINDRICAL_SURFACE ( 'NONE', #4883, 0.09999999999999939493 ) ;
#183 = CYLINDRICAL_SURFACE ( 'NONE', #3324, 0.09999999999999939493 ) ;
#184 = LINE ( 'NONE', #5542, #66 ) ;
#185 = MECHANICAL_DESIGN_GEOMETRIC_PRESENTATION_REPRESENTATION (  '', ( #400 ), #1266 ) ;
#186 = EDGE_CURVE ( 'NONE', #850, #2278, #5703, .T. ) ;
#187 = DIRECTION ( 'NONE',  ( 1.000000000000000000, 0.000000000000000000, 0.000000000000000000 ) ) ;
#188 = COLOUR_RGB ( '',1.000000000000000000, 1.000000000000000000, 1.000000000000000000 ) ;
#189 = ORIENTED_EDGE ( 'NONE', *, *, #2490, .F. ) ;
#190 = SURFACE_SIDE_STYLE ('',( #4671 ) ) ;
#191 = SURFACE_STYLE_FILL_AREA ( #1271 ) ;
#192 = ORIENTED_EDGE ( 'NONE', *, *, #3618, .T. ) ;
#193 =( NAMED_UNIT ( * ) PLANE_ANGLE_UNIT ( ) SI_UNIT ( $, .RADIAN. ) );
#194 = ADVANCED_FACE ( 'NONE', ( #6315 ), #1155, .T. ) ;
#195 = FACE_OUTER_BOUND ( 'NONE', #4230, .T. ) ;
#196 = CARTESIAN_POINT ( 'NONE',  ( 26.14999999999999858, -3.810000000000000053, -0.1999999999999996503 ) ) ;
#197 = ORIENTED_EDGE ( 'NONE', *, *, #2108, .F. ) ;
#198 = CARTESIAN_POINT ( 'NONE',  ( -29.30000000000000071, 18.39999999999999858, 12.69999999999999929 ) ) ;
#199 = FILL_AREA_STYLE_COLOUR ( '', #5306 ) ;
#200 = CARTESIAN_POINT ( 'NONE',  ( 29.30000000000000071, 18.39999999999999858, 12.19999999999999929 ) ) ;
#201 = VERTEX_POINT ( 'NONE', #662 ) ;
#202 = EDGE_CURVE ( 'NONE', #3264, #6021, #6611, .T. ) ;
#203 = ORIENTED_EDGE ( 'NONE', *, *, #538, .F. ) ;
#204 = DIRECTION ( 'NONE',  ( -1.000000000000000000, 0.000000000000000000, 0.000000000000000000 ) ) ;
#205 = ORIENTED_EDGE ( 'NONE', *, *, #1260, .T. ) ;
#206 = PRESENTATION_STYLE_ASSIGNMENT (( #3751 ) ) ;
#207 = DIRECTION ( 'NONE',  ( 1.000000000000000000, 0.000000000000000000, 0.000000000000000000 ) ) ;
#208 = FACE_OUTER_BOUND ( 'NONE', #717, .T. ) ;
#209 =( NAMED_UNIT ( * ) PLANE_ANGLE_UNIT ( ) SI_UNIT ( $, .RADIAN. ) );
#210 = ORIENTED_EDGE ( 'NONE', *, *, #4363, .F. ) ;
#211 = AXIS2_PLACEMENT_3D ( 'NONE', #1607, #4678, #1110 ) ;
#212 = DIRECTION ( 'NONE',  ( 0.7071067811865510144, -8.659560562354980929E-17, 0.7071067811865441310 ) ) ;
#213 = CARTESIAN_POINT ( 'NONE',  ( -28.80000000000000071, -18.50000000000000000, 12.69999999999999929 ) ) ;
#214 = PLANE ( 'NONE',  #1044 ) ;
#215 = CARTESIAN_POINT ( 'NONE',  ( 25.39999999999999858, 0.000000000000000000, -0.1999999999999996503 ) ) ;
#216 = VECTOR ( 'NONE', #6127, 1000.000000000000000 ) ;
#217 = ORIENTED_EDGE ( 'NONE', *, *, #345, .T. ) ;
#218 = CIRCLE ( 'NONE', #5709, 1.500000000000001332 ) ;
#219 = FACE_OUTER_BOUND ( 'NONE', #5407, .T. ) ;
#220 = EDGE_CURVE ( 'NONE', #5989, #5471, #2879, .T. ) ;
#221 = CARTESIAN_POINT ( 'NONE',  ( -28.19999999999999929, -19.40000000000000213, 12.19999999999999929 ) ) ;
#222 = ORIENTED_EDGE ( 'NONE', *, *, #5531, .T. ) ;
#223 = SURFACE_STYLE_USAGE ( .BOTH. , #3268 ) ;
#224 = CARTESIAN_POINT ( 'NONE',  ( 28.80000000000000071, -18.50000000000000000, 12.19999999999999929 ) ) ;
#225 = CIRCLE ( 'NONE', #2152, 0.5000000000000004441 ) ;
#226 = CIRCLE ( 'NONE', #1516, 0.09999999999999939493 ) ;
#227 = CARTESIAN_POINT ( 'NONE',  ( -29.19999999999999929, -18.39999999999999858, 12.69999999999999929 ) ) ;
#228 = ORIENTED_EDGE ( 'NONE', *, *, #453, .F. ) ;
#229 = FILL_AREA_STYLE ('',( #4851 ) ) ;
#230 = ORIENTED_EDGE ( 'NONE', *, *, #5862, .T. ) ;
#231 =( NAMED_UNIT ( * ) PLANE_ANGLE_UNIT ( ) SI_UNIT ( $, .RADIAN. ) );
#232 =( GEOMETRIC_REPRESENTATION_CONTEXT ( 3 ) GLOBAL_UNCERTAINTY_ASSIGNED_CONTEXT ( ( #3046 ) ) GLOBAL_UNIT_ASSIGNED_CONTEXT ( ( #4132, #6249, #5648 ) ) REPRESENTATION_CONTEXT ( 'NONE', 'WORKASPACE' ) );
#233 = ORIENTED_EDGE ( 'NONE', *, *, #4299, .F. ) ;
#234 = CARTESIAN_POINT ( 'NONE',  ( -25.39999999999999858, 7.620000000000000107, -3.999999999999999112 ) ) ;
#235 = CARTESIAN_POINT ( 'NONE',  ( -29.30000000000000071, -18.00000000000000000, 12.19999999999999929 ) ) ;
#236 = CARTESIAN_POINT ( 'NONE',  ( 0.000000000000000000, 0.000000000000000000, 0.000000000000000000 ) ) ;
#237 = AXIS2_PLACEMENT_3D ( 'NONE', #1870, #4388, #5986 ) ;
#238 = AXIS2_PLACEMENT_3D ( 'NONE', #621, #2716, #1642 ) ;
#239 = VECTOR ( 'NONE', #6635, 1000.000000000000000 ) ;
#240 = EDGE_CURVE ( 'NONE', #4010, #4563, #2315, .T. ) ;
#241 = EDGE_LOOP ( 'NONE', ( #2728, #3688, #5069, #6555 ) ) ;
#242 = LINE ( 'NONE', #2380, #698 ) ;
#243 = SURFACE_STYLE_FILL_AREA ( #666 ) ;
#244 = AXIS2_PLACEMENT_3D ( 'NONE', #2121, #3558, #6181 ) ;
#245 =( GEOMETRIC_REPRESENTATION_CONTEXT ( 3 ) GLOBAL_UNCERTAINTY_ASSIGNED_CONTEXT ( ( #4528 ) ) GLOBAL_UNIT_ASSIGNED_CONTEXT ( ( #509, #3979, #5560 ) ) REPRESENTATION_CONTEXT ( 'NONE', 'WORKASPACE' ) );
#246 = PRESENTATION_LAYER_ASSIGNMENT (  '', '', ( #5314 ) ) ;
#247 = VECTOR ( 'NONE', #4005, 1000.000000000000000 ) ;
#248 = EDGE_CURVE ( 'NONE', #1177, #5868, #5965, .T. ) ;
#249 = FILL_AREA_STYLE ('',( #1297 ) ) ;
#250 = CARTESIAN_POINT ( 'NONE',  ( 25.39999999999999858, 3.810000000000000053, -3.999999999999999112 ) ) ;
#251 = CARTESIAN_POINT ( 'NONE',  ( 25.94999999999999929, -7.620000000000000107, -3.999999999999999112 ) ) ;
#252 =( GEOMETRIC_REPRESENTATION_CONTEXT ( 3 ) GLOBAL_UNCERTAINTY_ASSIGNED_CONTEXT ( ( #4393 ) ) GLOBAL_UNIT_ASSIGNED_CONTEXT ( ( #648, #159, #4738 ) ) REPRESENTATION_CONTEXT ( 'NONE', 'WORKASPACE' ) );
#253 = CIRCLE ( 'NONE', #4001, 0.5000000000000004441 ) ;
#254 = ORIENTED_EDGE ( 'NONE', *, *, #4519, .T. ) ;
#255 = PLANE ( 'NONE',  #1227 ) ;
#256 = COLOUR_RGB ( '',1.000000000000000000, 1.000000000000000000, 0.5019607843137254832 ) ;
#257 = FILL_AREA_STYLE ('',( #4882 ) ) ;
#258 = PRESENTATION_STYLE_ASSIGNMENT (( #4317 ) ) ;
#259 = ORIENTED_EDGE ( 'NONE', *, *, #3636, .T. ) ;
#260 = CARTESIAN_POINT ( 'NONE',  ( 29.80000000000000071, 17.50000000000000000, 12.69999999999999929 ) ) ;
#261 = CARTESIAN_POINT ( 'NONE',  ( -25.69999999999999929, -7.620000000000000107, -3.999999999999999112 ) ) ;
#262 = PRESENTATION_LAYER_ASSIGNMENT (  '', '', ( #6185 ) ) ;
#263 = ADVANCED_FACE ( 'NONE', ( #1285 ), #784, .T. ) ;
#264 = DIRECTION ( 'NONE',  ( 0.000000000000000000, 0.000000000000000000, 1.000000000000000000 ) ) ;
#265 = EDGE_LOOP ( 'NONE', ( #5670, #3644, #1608, #5385 ) ) ;
#266 = DIRECTION ( 'NONE',  ( 0.000000000000000000, 0.000000000000000000, -1.000000000000000000 ) ) ;
#267 = ORIENTED_EDGE ( 'NONE', *, *, #61, .F. ) ;
#268 = COLOUR_RGB ( '',1.000000000000000000, 1.000000000000000000, 0.5019607843137254832 ) ;
#269 =( LENGTH_UNIT ( ) NAMED_UNIT ( * ) SI_UNIT ( .MILLI., .METRE. ) );
#270 = AXIS2_PLACEMENT_3D ( 'NONE', #579, #3675, #2133 ) ;
#271 = ORIENTED_EDGE ( 'NONE', *, *, #4383, .F. ) ;
#272 = DIRECTION ( 'NONE',  ( 1.000000000000000000, 0.000000000000000000, 0.000000000000000000 ) ) ;
#273 = EDGE_CURVE ( 'NONE', #4360, #5893, #1967, .T. ) ;
#274 =( GEOMETRIC_REPRESENTATION_CONTEXT ( 3 ) GLOBAL_UNCERTAINTY_ASSIGNED_CONTEXT ( ( #2150 ) ) GLOBAL_UNIT_ASSIGNED_CONTEXT ( ( #1065, #2591, #47 ) ) REPRESENTATION_CONTEXT ( 'NONE', 'WORKASPACE' ) );
#275 = SURFACE_STYLE_USAGE ( .BOTH. , #5374 ) ;
#276 = ORIENTED_EDGE ( 'NONE', *, *, #5585, .F. ) ;
#277 = CARTESIAN_POINT ( 'NONE',  ( -25.89999999999999858, 0.000000000000000000, -0.1999999999999996503 ) ) ;
#278 = FACE_OUTER_BOUND ( 'NONE', #1201, .T. ) ;
#279 = AXIS2_PLACEMENT_3D ( 'NONE', #1712, #3306, #3377 ) ;
#280 = UNCERTAINTY_MEASURE_WITH_UNIT (LENGTH_MEASURE( 1.000000000000000082E-05 ), #4160, 'distance_accuracy_value', 'NONE');
#281 = FILL_AREA_STYLE_COLOUR ( '', #3759 ) ;
#282 = FACE_OUTER_BOUND ( 'NONE', #1181, .T. ) ;
#283 = CARTESIAN_POINT ( 'NONE',  ( 25.39999999999999858, 0.000000000000000000, -3.999999999999999112 ) ) ;
#284 = ORIENTED_EDGE ( 'NONE', *, *, #4084, .T. ) ;
#285 = VECTOR ( 'NONE', #175, 1000.000000000000000 ) ;
#286 =( NAMED_UNIT ( * ) SI_UNIT ( $, .STERADIAN. ) SOLID_ANGLE_UNIT ( ) );
#287 = DIRECTION ( 'NONE',  ( 0.000000000000000000, -1.000000000000000000, 0.000000000000000000 ) ) ;
#288 = AXIS2_PLACEMENT_3D ( 'NONE', #5689, #5282, #2606 ) ;
#289 =( NAMED_UNIT ( * ) PLANE_ANGLE_UNIT ( ) SI_UNIT ( $, .RADIAN. ) );
#290 = EDGE_LOOP ( 'NONE', ( #2222, #2971, #1615, #5504 ) ) ;
#291 = CARTESIAN_POINT ( 'NONE',  ( 30.30000000000000071, 17.39999999999999858, 12.19999999999999929 ) ) ;
#292 = VECTOR ( 'NONE', #1955, 1000.000000000000000 ) ;
#293 = STYLED_ITEM ( 'NONE', ( #6380 ), #5098 ) ;
#294 = CIRCLE ( 'NONE', #4041, 1.500000000000001332 ) ;
#295 = CARTESIAN_POINT ( 'NONE',  ( -29.30000000000000071, -18.00000000000000000, 12.19999999999999929 ) ) ;
#296 = ORIENTED_EDGE ( 'NONE', *, *, #2194, .F. ) ;
#297 = LINE ( 'NONE', #1280, #3662 ) ;
#298 = ORIENTED_EDGE ( 'NONE', *, *, #5878, .F. ) ;
#299 = SURFACE_SIDE_STYLE ('',( #5465 ) ) ;
#300 = VERTEX_POINT ( 'NONE', #3405 ) ;
#301 = CYLINDRICAL_SURFACE ( 'NONE', #3920, 0.7500000000000006661 ) ;
#302 = CARTESIAN_POINT ( 'NONE',  ( -28.29999999999999716, 19.40000000000000213, 12.69999999999999929 ) ) ;
#303 = CARTESIAN_POINT ( 'NONE',  ( -29.80000000000000071, 17.50000000000000000, 12.19999999999999929 ) ) ;
#304 = DIRECTION ( 'NONE',  ( 0.000000000000000000, 0.000000000000000000, -1.000000000000000000 ) ) ;
#305 = ORIENTED_EDGE ( 'NONE', *, *, #736, .T. ) ;
#306 = EDGE_CURVE ( 'NONE', #2242, #3914, #3454, .T. ) ;
#307 = CARTESIAN_POINT ( 'NONE',  ( 25.69999999999999929, -3.673940397442334983E-17, -3.999999999999999112 ) ) ;
#308 = DIRECTION ( 'NONE',  ( 0.000000000000000000, 0.000000000000000000, 1.000000000000000000 ) ) ;
#309 = ORIENTED_EDGE ( 'NONE', *, *, #5311, .F. ) ;
#310 = FACE_OUTER_BOUND ( 'NONE', #6649, .T. ) ;
#311 = CARTESIAN_POINT ( 'NONE',  ( 30.20000000000000284, 17.50000000000000000, 12.19999999999999929 ) ) ;
#312 = CARTESIAN_POINT ( 'NONE',  ( 25.39999999999999858, -3.810000000000000053, -3.999999999999999112 ) ) ;
#313 = PRESENTATION_STYLE_ASSIGNMENT (( #5353 ) ) ;
#314 = PRESENTATION_LAYER_ASSIGNMENT (  '', '', ( #761 ) ) ;
#315 = EDGE_CURVE ( 'NONE', #5859, #887, #591, .T. ) ;
#316 =( LENGTH_UNIT ( ) NAMED_UNIT ( * ) SI_UNIT ( .MILLI., .METRE. ) );
#317 = VERTEX_POINT ( 'NONE', #302 ) ;
#318 = CARTESIAN_POINT ( 'NONE',  ( -28.80000000000000071, -18.50000000000000000, 12.69999999999999929 ) ) ;
#319 = ADVANCED_FACE ( 'NONE', ( #5897 ), #4887, .T. ) ;
#320 = CARTESIAN_POINT ( 'NONE',  ( 24.64999999999999858, -7.620000000000000107, -6.121320343559641053 ) ) ;
#321 = FACE_OUTER_BOUND ( 'NONE', #3882, .T. ) ;
#322 = EDGE_LOOP ( 'NONE', ( #6503, #5436, #6235, #1666 ) ) ;
#323 = DIRECTION ( 'NONE',  ( 0.000000000000000000, 0.000000000000000000, -1.000000000000000000 ) ) ;
#324 = PRESENTATION_LAYER_ASSIGNMENT (  '', '', ( #6032 ) ) ;
#325 = FILL_AREA_STYLE ('',( #3475 ) ) ;
#326 = ORIENTED_EDGE ( 'NONE', *, *, #5395, .F. ) ;
#327 = SURFACE_STYLE_FILL_AREA ( #229 ) ;
#328 = ORIENTED_EDGE ( 'NONE', *, *, #678, .F. ) ;
#329 = FACE_OUTER_BOUND ( 'NONE', #3437, .T. ) ;
#330 =( GEOMETRIC_REPRESENTATION_CONTEXT ( 3 ) GLOBAL_UNCERTAINTY_ASSIGNED_CONTEXT ( ( #3488 ) ) GLOBAL_UNIT_ASSIGNED_CONTEXT ( ( #140, #5336, #4157 ) ) REPRESENTATION_CONTEXT ( 'NONE', 'WORKASPACE' ) );
#331 = EDGE_CURVE ( 'NONE', #4179, #1357, #4052, .T. ) ;
#332 = VECTOR ( 'NONE', #5554, 1000.000000000000000 ) ;
#333 = VERTEX_POINT ( 'NONE', #1508 ) ;
#334 = MECHANICAL_DESIGN_GEOMETRIC_PRESENTATION_REPRESENTATION (  '', ( #1947 ), #3647 ) ;
#335 = CYLINDRICAL_SURFACE ( 'NONE', #2215, 1.500000000000001332 ) ;
#336 = ORIENTED_EDGE ( 'NONE', *, *, #1787, .T. ) ;
#337 = AXIS2_PLACEMENT_3D ( 'NONE', #6064, #3988, #3856 ) ;
#338 = CARTESIAN_POINT ( 'NONE',  ( -25.39999999999999858, -7.620000000000000107, -0.1999999999999996503 ) ) ;
#339 = CARTESIAN_POINT ( 'NONE',  ( 29.30000000000000071, -18.39999999999999858, 12.69999999999999929 ) ) ;
#340 = EDGE_LOOP ( 'NONE', ( #2882, #1953, #1417, #1283 ) ) ;
#341 = FILL_AREA_STYLE ('',( #5110 ) ) ;
#342 = VECTOR ( 'NONE', #4045, 1000.000000000000000 ) ;
#343 = EDGE_CURVE ( 'NONE', #3612, #4081, #2912, .T. ) ;
#344 = UNCERTAINTY_MEASURE_WITH_UNIT (LENGTH_MEASURE( 1.000000000000000082E-05 ), #2906, 'distance_accuracy_value', 'NONE');
#345 = EDGE_CURVE ( 'NONE', #333, #483, #3015, .T. ) ;
#346 = AXIS2_PLACEMENT_3D ( 'NONE', #1334, #3797, #4837 ) ;
#347 = COLOUR_RGB ( '',1.000000000000000000, 1.000000000000000000, 1.000000000000000000 ) ;
#348 = AXIS2_PLACEMENT_3D ( 'NONE', #4782, #4284, #5457 ) ;
#349 = LINE ( 'NONE', #3032, #5100 ) ;
#350 =( NAMED_UNIT ( * ) SI_UNIT ( $, .STERADIAN. ) SOLID_ANGLE_UNIT ( ) );
#351 = AXIS2_PLACEMENT_3D ( 'NONE', #4941, #308, #4342 ) ;
#352 = CIRCLE ( 'NONE', #6283, 0.5000000000000004441 ) ;
#353 = EDGE_CURVE ( 'NONE', #3111, #3267, #5844, .T. ) ;
#354 = EDGE_LOOP ( 'NONE', ( #4225, #3305 ) ) ;
#355 = VECTOR ( 'NONE', #3948, 1000.000000000000000 ) ;
#356 = DIRECTION ( 'NONE',  ( 1.000000000000000000, 0.000000000000000000, 0.000000000000000000 ) ) ;
#357 = PLANE ( 'NONE',  #3420 ) ;
#358 = CARTESIAN_POINT ( 'NONE',  ( 29.80000000000000071, -18.00000000000000000, 12.69999999999999929 ) ) ;
#359 = STYLED_ITEM ( 'NONE', ( #3607 ), #6420 ) ;
#360 = ORIENTED_EDGE ( 'NONE', *, *, #2823, .F. ) ;
#361 = PRESENTATION_STYLE_ASSIGNMENT (( #4989 ) ) ;
#362 = CARTESIAN_POINT ( 'NONE',  ( 23.59999999999999787, -13.08000000000000007, 12.19999999999999929 ) ) ;
#363 = PRESENTATION_LAYER_ASSIGNMENT (  '', '', ( #48 ) ) ;
#364 = DIRECTION ( 'NONE',  ( 0.000000000000000000, 0.000000000000000000, -1.000000000000000000 ) ) ;
#365 = ORIENTED_EDGE ( 'NONE', *, *, #6454, .F. ) ;
#366 = DIRECTION ( 'NONE',  ( 0.000000000000000000, 0.000000000000000000, 1.000000000000000000 ) ) ;
#367 = UNCERTAINTY_MEASURE_WITH_UNIT (LENGTH_MEASURE( 1.000000000000000082E-05 ), #3608, 'distance_accuracy_value', 'NONE');
#368 = EDGE_LOOP ( 'NONE', ( #6417, #4355 ) ) ;
#369 = DIRECTION ( 'NONE',  ( 0.000000000000000000, -1.000000000000000000, 0.000000000000000000 ) ) ;
#370 = ORIENTED_EDGE ( 'NONE', *, *, #2735, .F. ) ;
#371 = SURFACE_SIDE_STYLE ('',( #4051 ) ) ;
#372 = COLOUR_RGB ( '',1.000000000000000000, 1.000000000000000000, 0.5019607843137254832 ) ;
#373 = DIRECTION ( 'NONE',  ( -1.000000000000000000, 0.000000000000000000, 0.000000000000000000 ) ) ;
#374 = DIRECTION ( 'NONE',  ( -1.000000000000000000, 0.000000000000000000, 0.000000000000000000 ) ) ;
#375 = ADVANCED_FACE ( 'NONE', ( #6100 ), #411, .T. ) ;
#376 = CARTESIAN_POINT ( 'NONE',  ( 30.20000000000000284, 17.50000000000000000, 12.19999999999999929 ) ) ;
#377 = VERTEX_POINT ( 'NONE', #1452 ) ;
#378 =( GEOMETRIC_REPRESENTATION_CONTEXT ( 3 ) GLOBAL_UNCERTAINTY_ASSIGNED_CONTEXT ( ( #367 ) ) GLOBAL_UNIT_ASSIGNED_CONTEXT ( ( #3608, #2642, #5751 ) ) REPRESENTATION_CONTEXT ( 'NONE', 'WORKASPACE' ) );
#379 = CYLINDRICAL_SURFACE ( 'NONE', #5507, 0.5000000000000004441 ) ;
#380 = ORIENTED_EDGE ( 'NONE', *, *, #4760, .T. ) ;
#381 = CARTESIAN_POINT ( 'NONE',  ( -28.19999999999999929, -19.50000000000000000, 12.69999999999999929 ) ) ;
#382 = LINE ( 'NONE', #3892, #4427 ) ;
#383 = ORIENTED_EDGE ( 'NONE', *, *, #4770, .T. ) ;
#384 = DIRECTION ( 'NONE',  ( 0.000000000000000000, -1.000000000000000000, 0.000000000000000000 ) ) ;
#385 = VECTOR ( 'NONE', #3726, 1000.000000000000000 ) ;
#386 =( GEOMETRIC_REPRESENTATION_CONTEXT ( 3 ) GLOBAL_UNCERTAINTY_ASSIGNED_CONTEXT ( ( #1379 ) ) GLOBAL_UNIT_ASSIGNED_CONTEXT ( ( #5764, #2145, #5704 ) ) REPRESENTATION_CONTEXT ( 'NONE', 'WORKASPACE' ) );
#387 = LINE ( 'NONE', #2424, #137 ) ;
#388 = EDGE_CURVE ( 'NONE', #6105, #1886, #2410, .T. ) ;
#389 = PLANE ( 'NONE',  #3865 ) ;
#390 = CARTESIAN_POINT ( 'NONE',  ( 29.30000000000000071, -18.00000000000000000, 12.19999999999999929 ) ) ;
#391 = CARTESIAN_POINT ( 'NONE',  ( 30.30000000000000071, -17.39999999999999858, 12.19999999999999929 ) ) ;
#392 = ORIENTED_EDGE ( 'NONE', *, *, #2059, .F. ) ;
#393 = FACE_OUTER_BOUND ( 'NONE', #3583, .T. ) ;
#394 = CARTESIAN_POINT ( 'NONE',  ( 0.000000000000000000, 0.000000000000000000, 12.69999999999999929 ) ) ;
#395 =( NAMED_UNIT ( * ) SI_UNIT ( $, .STERADIAN. ) SOLID_ANGLE_UNIT ( ) );
#396 = EDGE_CURVE ( 'NONE', #6338, #4509, #5423, .T. ) ;
#397 = ORIENTED_EDGE ( 'NONE', *, *, #3385, .T. ) ;
#398 = CARTESIAN_POINT ( 'NONE',  ( -28.29999999999999716, 19.00000000000000000, 12.69999999999999929 ) ) ;
#399 = EDGE_CURVE ( 'NONE', #2263, #2843, #6613, .T. ) ;
#400 = STYLED_ITEM ( 'NONE', ( #2985 ), #4693 ) ;
#401 = SURFACE_STYLE_FILL_AREA ( #325 ) ;
#402 = EDGE_CURVE ( 'NONE', #2843, #5073, #5097, .T. ) ;
#403 = ORIENTED_EDGE ( 'NONE', *, *, #2556, .F. ) ;
#404 = COLOUR_RGB ( '',1.000000000000000000, 1.000000000000000000, 1.000000000000000000 ) ;
#405 = DIRECTION ( 'NONE',  ( -1.000000000000000000, 0.000000000000000000, 0.000000000000000000 ) ) ;
#406 = ORIENTED_EDGE ( 'NONE', *, *, #315, .T. ) ;
#407 = CLOSED_SHELL ( 'NONE', ( #3518, #1209, #6420, #3287, #2987, #2252, #3884, #3615, #2128, #1594, #703, #1393, #5055, #4379, #4803, #1295, #1225, #3829, #6090, #2785, #4625, #6545, #1038, #6573, #4373, #4944, #6243, #6027, #4514, #721, #3063, #6076, #596, #5302, #5546, #3370, #2420, #6397, #3227, #5739, #2933, #905, #5380, #5098, #5400, #4200, #2730, #1109, #4602, #6381 ) ) ;
#408 = PRESENTATION_LAYER_ASSIGNMENT (  '', '', ( #5680 ) ) ;
#409 = EDGE_LOOP ( 'NONE', ( #2114, #1281, #5399, #5624 ) ) ;
#410 =( LENGTH_UNIT ( ) NAMED_UNIT ( * ) SI_UNIT ( .MILLI., .METRE. ) );
#411 = PLANE ( 'NONE',  #2171 ) ;
#412 =( GEOMETRIC_REPRESENTATION_CONTEXT ( 3 ) GLOBAL_UNCERTAINTY_ASSIGNED_CONTEXT ( ( #4166 ) ) GLOBAL_UNIT_ASSIGNED_CONTEXT ( ( #1896, #1925, #938 ) ) REPRESENTATION_CONTEXT ( 'NONE', 'WORKASPACE' ) );
#413 = EDGE_CURVE ( 'NONE', #5581, #1809, #1428, .T. ) ;
#414 = PRESENTATION_STYLE_ASSIGNMENT (( #5035 ) ) ;
#415 = EDGE_LOOP ( 'NONE', ( #6124, #1648 ) ) ;
#416 = EDGE_CURVE ( 'NONE', #5000, #6105, #2281, .T. ) ;
#417 = VERTEX_POINT ( 'NONE', #6550 ) ;
#418 = FILL_AREA_STYLE ('',( #6556 ) ) ;
#419 = CARTESIAN_POINT ( 'NONE',  ( -29.80000000000000071, -17.50000000000000000, 12.69999999999999929 ) ) ;
#420 = VERTEX_POINT ( 'NONE', #2041 ) ;
#421 =( NAMED_UNIT ( * ) SI_UNIT ( $, .STERADIAN. ) SOLID_ANGLE_UNIT ( ) );
#422 = DIRECTION ( 'NONE',  ( -1.000000000000000000, 0.000000000000000000, 0.000000000000000000 ) ) ;
#423 = DIRECTION ( 'NONE',  ( 0.000000000000000000, 0.000000000000000000, -1.000000000000000000 ) ) ;
#424 = CARTESIAN_POINT ( 'NONE',  ( -28.19999999999999929, 19.50000000000000000, 12.69999999999999929 ) ) ;
#425 = DIRECTION ( 'NONE',  ( -1.000000000000000000, 0.000000000000000000, 0.000000000000000000 ) ) ;
#426 = AXIS2_PLACEMENT_3D ( 'NONE', #4042, #5555, #2937 ) ;
#427 = ORIENTED_EDGE ( 'NONE', *, *, #2006, .F. ) ;
#428 = LINE ( 'NONE', #6601, #247 ) ;
#429 = LINE ( 'NONE', #1998, #6253 ) ;
#430 = DIRECTION ( 'NONE',  ( 0.000000000000000000, 0.000000000000000000, -1.000000000000000000 ) ) ;
#431 = ORIENTED_EDGE ( 'NONE', *, *, #749, .T. ) ;
#432 = DIRECTION ( 'NONE',  ( 1.000000000000000000, 0.000000000000000000, 0.000000000000000000 ) ) ;
#433 = SURFACE_STYLE_FILL_AREA ( #1346 ) ;
#434 = ORIENTED_EDGE ( 'NONE', *, *, #2381, .F. ) ;
#435 = EDGE_CURVE ( 'NONE', #6155, #1639, #6645, .T. ) ;
#436 = CARTESIAN_POINT ( 'NONE',  ( 25.89999999999999858, -3.810000000000000053, -0.1999999999999996503 ) ) ;
#437 = UNCERTAINTY_MEASURE_WITH_UNIT (LENGTH_MEASURE( 1.000000000000000082E-05 ), #966, 'distance_accuracy_value', 'NONE');
#438 = DIRECTION ( 'NONE',  ( -1.000000000000000000, 0.000000000000000000, -0.000000000000000000 ) ) ;
#439 = VERTEX_POINT ( 'NONE', #1413 ) ;
#440 = DIRECTION ( 'NONE',  ( 1.000000000000000000, 0.000000000000000000, 0.000000000000000000 ) ) ;
#441 = CARTESIAN_POINT ( 'NONE',  ( -29.30000000000000071, -18.39999999999999858, 12.69999999999999929 ) ) ;
#442 = CARTESIAN_POINT ( 'NONE',  ( -30.20000000000000284, -17.50000000000000000, 12.69999999999999929 ) ) ;
#443 =( NAMED_UNIT ( * ) SI_UNIT ( $, .STERADIAN. ) SOLID_ANGLE_UNIT ( ) );
#444 = ORIENTED_EDGE ( 'NONE', *, *, #6028, .F. ) ;
#445 = MECHANICAL_DESIGN_GEOMETRIC_PRESENTATION_REPRESENTATION (  '', ( #5076 ), #5919 ) ;
#446 = CIRCLE ( 'NONE', #989, 0.5000000000000004441 ) ;
#447 = CARTESIAN_POINT ( 'NONE',  ( 0.000000000000000000, 0.000000000000000000, 12.69999999999999929 ) ) ;
#448 = VERTEX_POINT ( 'NONE', #5633 ) ;
#449 = PLANE ( 'NONE',  #839 ) ;
#450 = LINE ( 'NONE', #419, #143 ) ;
#451 = ORIENTED_EDGE ( 'NONE', *, *, #1787, .F. ) ;
#452 = MECHANICAL_DESIGN_GEOMETRIC_PRESENTATION_REPRESENTATION (  '', ( #5180 ), #2257 ) ;
#453 = EDGE_CURVE ( 'NONE', #3448, #6155, #3987, .T. ) ;
#454 = CARTESIAN_POINT ( 'NONE',  ( 29.19999999999999929, -18.50000000000000000, 12.19999999999999929 ) ) ;
#455 = AXIS2_PLACEMENT_3D ( 'NONE', #4175, #5281, #2299 ) ;
#456 =( NAMED_UNIT ( * ) SI_UNIT ( $, .STERADIAN. ) SOLID_ANGLE_UNIT ( ) );
#457 =( GEOMETRIC_REPRESENTATION_CONTEXT ( 3 ) GLOBAL_UNCERTAINTY_ASSIGNED_CONTEXT ( ( #6626 ) ) GLOBAL_UNIT_ASSIGNED_CONTEXT ( ( #6340, #3237, #653 ) ) REPRESENTATION_CONTEXT ( 'NONE', 'WORKASPACE' ) );
#458 = VECTOR ( 'NONE', #3760, 1000.000000000000000 ) ;
#459 = DIRECTION ( 'NONE',  ( 0.000000000000000000, 0.000000000000000000, 1.000000000000000000 ) ) ;
#460 = EDGE_CURVE ( 'NONE', #2263, #780, #5133, .T. ) ;
#461 = MECHANICAL_DESIGN_GEOMETRIC_PRESENTATION_REPRESENTATION (  '', ( #1524 ), #3546 ) ;
#462 = ORIENTED_EDGE ( 'NONE', *, *, #4305, .T. ) ;
#463 = PRESENTATION_LAYER_ASSIGNMENT (  '', '', ( #6270 ) ) ;
#464 = DIRECTION ( 'NONE',  ( 1.000000000000000000, 0.000000000000000000, 0.000000000000000000 ) ) ;
#465 = SURFACE_SIDE_STYLE ('',( #1531 ) ) ;
#466 = ORIENTED_EDGE ( 'NONE', *, *, #5406, .T. ) ;
#467 = CARTESIAN_POINT ( 'NONE',  ( -29.80000000000000071, -17.50000000000000000, 12.69999999999999929 ) ) ;
#468 = DIRECTION ( 'NONE',  ( 0.000000000000000000, 0.000000000000000000, 1.000000000000000000 ) ) ;
#469 = COLOUR_RGB ( '',1.000000000000000000, 1.000000000000000000, 0.5019607843137254832 ) ;
#470 = CIRCLE ( 'NONE', #5420, 0.5000000000000004441 ) ;
#471 = COLOUR_RGB ( '',1.000000000000000000, 1.000000000000000000, 1.000000000000000000 ) ;
#472 = LINE ( 'NONE', #5988, #4560 ) ;
#473 = VERTEX_POINT ( 'NONE', #514 ) ;
#474 = CARTESIAN_POINT ( 'NONE',  ( 25.39999999999999858, -3.810000000000000053, 0.000000000000000000 ) ) ;
#475 = AXIS2_PLACEMENT_3D ( 'NONE', #2483, #6072, #4442 ) ;
#476 = STYLED_ITEM ( 'NONE', ( #500 ), #6545 ) ;
#477 =( GEOMETRIC_REPRESENTATION_CONTEXT ( 3 ) GLOBAL_UNCERTAINTY_ASSIGNED_CONTEXT ( ( #1762 ) ) GLOBAL_UNIT_ASSIGNED_CONTEXT ( ( #5923, #4433, #6515 ) ) REPRESENTATION_CONTEXT ( 'NONE', 'WORKASPACE' ) );
#478 = VERTEX_POINT ( 'NONE', #3480 ) ;
#479 = PLANE ( 'NONE',  #3809 ) ;
#480 = CARTESIAN_POINT ( 'NONE',  ( -30.20000000000000284, 17.39999999999999858, 12.19999999999999929 ) ) ;
#481 = EDGE_CURVE ( 'NONE', #4509, #6338, #5639, .T. ) ;
#482 =( NAMED_UNIT ( * ) PLANE_ANGLE_UNIT ( ) SI_UNIT ( $, .RADIAN. ) );
#483 = VERTEX_POINT ( 'NONE', #3440 ) ;
#484 = STYLED_ITEM ( 'NONE', ( #6552 ), #3855 ) ;
#485 = FILL_AREA_STYLE ('',( #4615 ) ) ;
#486 = EDGE_LOOP ( 'NONE', ( #3606, #1439, #2739, #3574 ) ) ;
#487 = FILL_AREA_STYLE_COLOUR ( '', #6547 ) ;
#488 = CYLINDRICAL_SURFACE ( 'NONE', #475, 0.5000000000000004441 ) ;
#489 =( NAMED_UNIT ( * ) SI_UNIT ( $, .STERADIAN. ) SOLID_ANGLE_UNIT ( ) );
#490 = FILL_AREA_STYLE_COLOUR ( '', #6528 ) ;
#491 = VECTOR ( 'NONE', #3162, 1000.000000000000000 ) ;
#492 = CARTESIAN_POINT ( 'NONE',  ( 28.80000000000000071, 19.00000000000000000, 12.69999999999999929 ) ) ;
#493 = PRESENTATION_LAYER_ASSIGNMENT (  '', '', ( #730 ) ) ;
#494 = UNCERTAINTY_MEASURE_WITH_UNIT (LENGTH_MEASURE( 1.000000000000000082E-05 ), #5621, 'distance_accuracy_value', 'NONE');
#495 = PRESENTATION_STYLE_ASSIGNMENT (( #1923 ) ) ;
#496 = CIRCLE ( 'NONE', #4235, 0.09999999999999939493 ) ;
#497 = DIRECTION ( 'NONE',  ( 0.000000000000000000, 0.000000000000000000, 1.000000000000000000 ) ) ;
#498 = ORIENTED_EDGE ( 'NONE', *, *, #3184, .T. ) ;
#499 = PRESENTATION_LAYER_ASSIGNMENT (  '', '', ( #3795 ) ) ;
#500 = PRESENTATION_STYLE_ASSIGNMENT (( #941 ) ) ;
#501 = SURFACE_STYLE_FILL_AREA ( #6570 ) ;
#502 = ORIENTED_EDGE ( 'NONE', *, *, #1548, .T. ) ;
#503 = PLANE ( 'NONE',  #4976 ) ;
#504 = FACE_OUTER_BOUND ( 'NONE', #3464, .T. ) ;
#505 = AXIS2_PLACEMENT_3D ( 'NONE', #3730, #3697, #5811 ) ;
#506 = DIRECTION ( 'NONE',  ( -1.000000000000000000, 0.000000000000000000, 0.000000000000000000 ) ) ;
#507 = ORIENTED_EDGE ( 'NONE', *, *, #3595, .F. ) ;
#508 = VECTOR ( 'NONE', #546, 1000.000000000000000 ) ;
#509 =( LENGTH_UNIT ( ) NAMED_UNIT ( * ) SI_UNIT ( .MILLI., .METRE. ) );
#510 = UNCERTAINTY_MEASURE_WITH_UNIT (LENGTH_MEASURE( 1.000000000000000082E-05 ), #4496, 'distance_accuracy_value', 'NONE');
#511 = CARTESIAN_POINT ( 'NONE',  ( 25.39999999999999858, -7.620000000000000107, 0.000000000000000000 ) ) ;
#512 = ORIENTED_EDGE ( 'NONE', *, *, #1434, .T. ) ;
#513 = DIRECTION ( 'NONE',  ( 0.000000000000000000, 0.000000000000000000, 1.000000000000000000 ) ) ;
#514 = CARTESIAN_POINT ( 'NONE',  ( -28.29999999999999716, 19.00000000000000000, 12.19999999999999929 ) ) ;
#515 = MECHANICAL_DESIGN_GEOMETRIC_PRESENTATION_REPRESENTATION (  '', ( #2754 ), #4362 ) ;
#516 = FILL_AREA_STYLE ('',( #4020 ) ) ;
#517 = DIRECTION ( 'NONE',  ( 1.000000000000000000, 0.000000000000000000, 0.000000000000000000 ) ) ;
#518 = CARTESIAN_POINT ( 'NONE',  ( 28.19999999999999929, -19.50000000000000000, 12.69999999999999929 ) ) ;
#519 = ORIENTED_EDGE ( 'NONE', *, *, #3618, .F. ) ;
#520 = VECTOR ( 'NONE', #3746, 1000.000000000000000 ) ;
#521 = CARTESIAN_POINT ( 'NONE',  ( 23.59999999999999787, 13.08000000000000007, 12.69999999999999929 ) ) ;
#522 = MECHANICAL_DESIGN_GEOMETRIC_PRESENTATION_REPRESENTATION (  '', ( #4933 ), #737 ) ;
#523 = VERTEX_POINT ( 'NONE', #4077 ) ;
#524 = CARTESIAN_POINT ( 'NONE',  ( -25.69999999999999929, 0.000000000000000000, -3.999999999999999112 ) ) ;
#525 = CARTESIAN_POINT ( 'NONE',  ( -30.30000000000000071, -17.39999999999999858, 12.19999999999999929 ) ) ;
#526 = FILL_AREA_STYLE ('',( #6558 ) ) ;
#527 = CARTESIAN_POINT ( 'NONE',  ( 25.39999999999999858, 3.810000000000000053, -3.999999999999999112 ) ) ;
#528 =( NAMED_UNIT ( * ) PLANE_ANGLE_UNIT ( ) SI_UNIT ( $, .RADIAN. ) );
#529 = EDGE_CURVE ( 'NONE', #3785, #3933, #1545, .T. ) ;
#530 = DIRECTION ( 'NONE',  ( 0.000000000000000000, 0.000000000000000000, -1.000000000000000000 ) ) ;
#531 = SURFACE_STYLE_USAGE ( .BOTH. , #3931 ) ;
#532 =( NAMED_UNIT ( * ) PLANE_ANGLE_UNIT ( ) SI_UNIT ( $, .RADIAN. ) );
#533 = CYLINDRICAL_SURFACE ( 'NONE', #1089, 0.7500000000000006661 ) ;
#534 = CARTESIAN_POINT ( 'NONE',  ( -23.59999999999999787, 13.08000000000000007, 12.19999999999999929 ) ) ;
#535 = EDGE_LOOP ( 'NONE', ( #5752, #3211 ) ) ;
#536 = DIRECTION ( 'NONE',  ( 1.000000000000000000, 0.000000000000000000, 0.000000000000000000 ) ) ;
#537 = DIRECTION ( 'NONE',  ( 0.000000000000000000, -1.000000000000000000, 0.000000000000000000 ) ) ;
#538 = EDGE_CURVE ( 'NONE', #6232, #3107, #924, .T. ) ;
#539 = EDGE_CURVE ( 'NONE', #4081, #2575, #4660, .T. ) ;
#540 = DIRECTION ( 'NONE',  ( 0.000000000000000000, 0.000000000000000000, -1.000000000000000000 ) ) ;
#541 = ORIENTED_EDGE ( 'NONE', *, *, #4216, .F. ) ;
#542 = CARTESIAN_POINT ( 'NONE',  ( 25.39999999999999858, 3.810000000000000053, 0.000000000000000000 ) ) ;
#543 = CARTESIAN_POINT ( 'NONE',  ( -29.30000000000000071, 18.00000000000000000, 12.19999999999999929 ) ) ;
#544 = DIRECTION ( 'NONE',  ( 0.000000000000000000, 0.000000000000000000, -1.000000000000000000 ) ) ;
#545 = EDGE_LOOP ( 'NONE', ( #1756, #3722, #6321, #2870, #5481, #4086, #613, #4121 ) ) ;
#546 = DIRECTION ( 'NONE',  ( -1.000000000000000000, 0.000000000000000000, -0.000000000000000000 ) ) ;
#547 = CARTESIAN_POINT ( 'NONE',  ( -29.80000000000000071, 18.00000000000000000, 12.19999999999999929 ) ) ;
#548 = CARTESIAN_POINT ( 'NONE',  ( 25.39999999999999858, 7.620000000000000107, -3.999999999999999112 ) ) ;
#549 = FACE_OUTER_BOUND ( 'NONE', #4850, .T. ) ;
#550 = ORIENTED_EDGE ( 'NONE', *, *, #1237, .F. ) ;
#551 = CARTESIAN_POINT ( 'NONE',  ( 28.29999999999999716, -19.40000000000000213, 12.69999999999999929 ) ) ;
#552 = EDGE_LOOP ( 'NONE', ( #6628, #3022, #2549, #5710 ) ) ;
#553 = EDGE_CURVE ( 'NONE', #1210, #809, #4655, .T. ) ;
#554 = DIRECTION ( 'NONE',  ( -1.000000000000000000, 0.000000000000000000, 0.000000000000000000 ) ) ;
#555 = ORIENTED_EDGE ( 'NONE', *, *, #6082, .F. ) ;
#556 = CARTESIAN_POINT ( 'NONE',  ( 29.19999999999999929, 18.39999999999999858, 12.19999999999999929 ) ) ;
#557 = DIRECTION ( 'NONE',  ( 0.000000000000000000, 0.000000000000000000, 1.000000000000000000 ) ) ;
#558 = ADVANCED_BREP_SHAPE_REPRESENTATION ( 'WY_DCDC_JDQ150', ( #5775, #5743, #5211 ), #1757 ) ;
#559 = PLANE ( 'NONE',  #2074 ) ;
#560 =( NAMED_UNIT ( * ) SI_UNIT ( $, .STERADIAN. ) SOLID_ANGLE_UNIT ( ) );
#561 =( GEOMETRIC_REPRESENTATION_CONTEXT ( 3 ) GLOBAL_UNCERTAINTY_ASSIGNED_CONTEXT ( ( #5014 ) ) GLOBAL_UNIT_ASSIGNED_CONTEXT ( ( #3582, #4085, #1550 ) ) REPRESENTATION_CONTEXT ( 'NONE', 'WORKASPACE' ) );
#562 = VECTOR ( 'NONE', #2226, 1000.000000000000000 ) ;
#563 = DIRECTION ( 'NONE',  ( 1.000000000000000000, 0.000000000000000000, 0.000000000000000000 ) ) ;
#564 = EDGE_CURVE ( 'NONE', #4221, #1702, #39, .T. ) ;
#565 = ADVANCED_FACE ( 'NONE', ( #6199 ), #2577, .T. ) ;
#566 = DIRECTION ( 'NONE',  ( 1.000000000000000000, 0.000000000000000000, 0.000000000000000000 ) ) ;
#567 = PRESENTATION_LAYER_ASSIGNMENT (  '', '', ( #1842 ) ) ;
#568 = ORIENTED_EDGE ( 'NONE', *, *, #1260, .F. ) ;
#569 = FACE_OUTER_BOUND ( 'NONE', #593, .T. ) ;
#570 = CYLINDRICAL_SURFACE ( 'NONE', #1267, 1.500000000000001332 ) ;
#571 = EDGE_CURVE ( 'NONE', #6044, #3600, #1011, .T. ) ;
#572 = CIRCLE ( 'NONE', #26, 0.5000000000000004441 ) ;
#573 =( GEOMETRIC_REPRESENTATION_CONTEXT ( 3 ) GLOBAL_UNCERTAINTY_ASSIGNED_CONTEXT ( ( #4110 ) ) GLOBAL_UNIT_ASSIGNED_CONTEXT ( ( #4256, #1146, #3172 ) ) REPRESENTATION_CONTEXT ( 'NONE', 'WORKASPACE' ) );
#574 = COLOUR_RGB ( '',1.000000000000000000, 1.000000000000000000, 0.5019607843137254832 ) ;
#575 = DIRECTION ( 'NONE',  ( 1.000000000000000000, 0.000000000000000000, 0.000000000000000000 ) ) ;
#576 = ORIENTED_EDGE ( 'NONE', *, *, #3787, .T. ) ;
#577 = DIRECTION ( 'NONE',  ( -1.000000000000000000, 0.000000000000000000, 0.000000000000000000 ) ) ;
#578 = UNCERTAINTY_MEASURE_WITH_UNIT (LENGTH_MEASURE( 1.000000000000000082E-05 ), #1214, 'distance_accuracy_value', 'NONE');
#579 = CARTESIAN_POINT ( 'NONE',  ( -28.80000000000000071, -19.00000000000000000, 12.19999999999999929 ) ) ;
#580 = DIRECTION ( 'NONE',  ( -1.000000000000000000, 0.000000000000000000, 0.000000000000000000 ) ) ;
#581 = MECHANICAL_DESIGN_GEOMETRIC_PRESENTATION_REPRESENTATION (  '', ( #1637 ), #5202 ) ;
#582 = PRESENTATION_LAYER_ASSIGNMENT (  '', '', ( #6498 ) ) ;
#583 = VERTEX_POINT ( 'NONE', #5971 ) ;
#584 = PLANE ( 'NONE',  #6388 ) ;
#585 = DIRECTION ( 'NONE',  ( 0.000000000000000000, 0.000000000000000000, -1.000000000000000000 ) ) ;
#586 = CARTESIAN_POINT ( 'NONE',  ( 30.30000000000000071, 19.50000000000000000, 0.000000000000000000 ) ) ;
#587 = ORIENTED_EDGE ( 'NONE', *, *, #1622, .F. ) ;
#588 = AXIS2_PLACEMENT_3D ( 'NONE', #3773, #5882, #6500 ) ;
#589 = LINE ( 'NONE', #3175, #4144 ) ;
#590 = VERTEX_POINT ( 'NONE', #5901 ) ;
#591 = CIRCLE ( 'NONE', #1016, 0.5000000000000004441 ) ;
#592 = DIRECTION ( 'NONE',  ( 0.000000000000000000, 0.000000000000000000, 1.000000000000000000 ) ) ;
#593 = EDGE_LOOP ( 'NONE', ( #2269, #5909, #1313, #3513 ) ) ;
#594 = CARTESIAN_POINT ( 'NONE',  ( -25.39999999999999858, 0.000000000000000000, -0.1999999999999996503 ) ) ;
#595 = SURFACE_SIDE_STYLE ('',( #4233 ) ) ;
#596 = ADVANCED_FACE ( 'NONE', ( #1850 ), #1819, .F. ) ;
#597 = FILL_AREA_STYLE_COLOUR ( '', #1653 ) ;
#598 = PRESENTATION_LAYER_ASSIGNMENT (  '', '', ( #1865 ) ) ;
#599 = FILL_AREA_STYLE_COLOUR ( '', #4868 ) ;
#600 = CARTESIAN_POINT ( 'NONE',  ( 30.20000000000000284, 17.39999999999999858, 12.19999999999999929 ) ) ;
#601 = AXIS2_PLACEMENT_3D ( 'NONE', #2274, #3842, #4923 ) ;
#602 = CARTESIAN_POINT ( 'NONE',  ( 26.14999999999999858, 3.810000000000000053, 0.000000000000000000 ) ) ;
#603 =( GEOMETRIC_REPRESENTATION_CONTEXT ( 3 ) GLOBAL_UNCERTAINTY_ASSIGNED_CONTEXT ( ( #6445 ) ) GLOBAL_UNIT_ASSIGNED_CONTEXT ( ( #1012, #6159, #743 ) ) REPRESENTATION_CONTEXT ( 'NONE', 'WORKASPACE' ) );
#604 = FILL_AREA_STYLE_COLOUR ( '', #4746 ) ;
#605 = EDGE_CURVE ( 'NONE', #4244, #1101, #1758, .T. ) ;
#606 = STYLED_ITEM ( 'NONE', ( #4295 ), #3370 ) ;
#607 = DIRECTION ( 'NONE',  ( 0.000000000000000000, 0.000000000000000000, 1.000000000000000000 ) ) ;
#608 = ORIENTED_EDGE ( 'NONE', *, *, #2556, .T. ) ;
#609 = DIRECTION ( 'NONE',  ( 1.000000000000000000, 0.000000000000000000, 0.000000000000000000 ) ) ;
#610 = FILL_AREA_STYLE ('',( #647 ) ) ;
#611 = VECTOR ( 'NONE', #3185, 1000.000000000000000 ) ;
#612 = CARTESIAN_POINT ( 'NONE',  ( 28.80000000000000071, 19.00000000000000000, 12.19999999999999929 ) ) ;
#613 = ORIENTED_EDGE ( 'NONE', *, *, #4910, .F. ) ;
#614 = DIRECTION ( 'NONE',  ( 1.000000000000000000, 0.000000000000000000, 0.000000000000000000 ) ) ;
#615 = DIRECTION ( 'NONE',  ( 0.000000000000000000, -1.000000000000000000, 0.000000000000000000 ) ) ;
#616 = EDGE_CURVE ( 'NONE', #3822, #3335, #5442, .T. ) ;
#617 = FILL_AREA_STYLE_COLOUR ( '', #1494 ) ;
#618 = MECHANICAL_DESIGN_GEOMETRIC_PRESENTATION_REPRESENTATION (  '', ( #1675 ), #4129 ) ;
#619 = ORIENTED_EDGE ( 'NONE', *, *, #5053, .T. ) ;
#620 = DIRECTION ( 'NONE',  ( 0.000000000000000000, 0.000000000000000000, -1.000000000000000000 ) ) ;
#621 = CARTESIAN_POINT ( 'NONE',  ( 23.59999999999999787, 13.08000000000000007, 12.69999999999999929 ) ) ;
#622 = EDGE_CURVE ( 'NONE', #2013, #5930, #4210, .T. ) ;
#623 = CONICAL_SURFACE ( 'NONE', #1959, 0.3000000000000224709, 0.7853981633974532750 ) ;
#624 = CARTESIAN_POINT ( 'NONE',  ( -29.30000000000000071, 18.39999999999999858, 12.69999999999999929 ) ) ;
#625 = CARTESIAN_POINT ( 'NONE',  ( -29.80000000000000071, -17.50000000000000000, 12.69999999999999929 ) ) ;
#626 = ORIENTED_EDGE ( 'NONE', *, *, #6535, .T. ) ;
#627 = DIRECTION ( 'NONE',  ( 1.000000000000000000, 0.000000000000000000, 0.000000000000000000 ) ) ;
#628 = STYLED_ITEM ( 'NONE', ( #206 ), #5172 ) ;
#629 = ORIENTED_EDGE ( 'NONE', *, *, #172, .T. ) ;
#630 = SURFACE_STYLE_USAGE ( .BOTH. , #695 ) ;
#631 = PRESENTATION_STYLE_ASSIGNMENT (( #176 ) ) ;
#632 = SURFACE_STYLE_FILL_AREA ( #5237 ) ;
#633 = EDGE_CURVE ( 'NONE', #1942, #6351, #5473, .T. ) ;
#634 = DIRECTION ( 'NONE',  ( 0.000000000000000000, 0.000000000000000000, -1.000000000000000000 ) ) ;
#635 = PRESENTATION_LAYER_ASSIGNMENT (  '', '', ( #2754 ) ) ;
#636 = CARTESIAN_POINT ( 'NONE',  ( 28.19999999999999929, -19.50000000000000000, 12.19999999999999929 ) ) ;
#637 = EDGE_CURVE ( 'NONE', #3733, #5000, #2825, .T. ) ;
#638 = VERTEX_POINT ( 'NONE', #277 ) ;
#639 = UNCERTAINTY_MEASURE_WITH_UNIT (LENGTH_MEASURE( 1.000000000000000082E-05 ), #4973, 'distance_accuracy_value', 'NONE');
#640 =( GEOMETRIC_REPRESENTATION_CONTEXT ( 3 ) GLOBAL_UNCERTAINTY_ASSIGNED_CONTEXT ( ( #2024 ) ) GLOBAL_UNIT_ASSIGNED_CONTEXT ( ( #3975, #4497, #3668 ) ) REPRESENTATION_CONTEXT ( 'NONE', 'WORKASPACE' ) );
#641 = CARTESIAN_POINT ( 'NONE',  ( -28.19999999999999929, -19.50000000000000000, 12.19999999999999929 ) ) ;
#642 =( GEOMETRIC_REPRESENTATION_CONTEXT ( 3 ) GLOBAL_UNCERTAINTY_ASSIGNED_CONTEXT ( ( #29 ) ) GLOBAL_UNIT_ASSIGNED_CONTEXT ( ( #6314, #3689, #5762 ) ) REPRESENTATION_CONTEXT ( 'NONE', 'WORKASPACE' ) );
#643 = CARTESIAN_POINT ( 'NONE',  ( -28.29999999999999716, 19.00000000000000000, 12.69999999999999929 ) ) ;
#644 = EDGE_CURVE ( 'NONE', #2097, #6291, #2925, .T. ) ;
#645 = DIRECTION ( 'NONE',  ( 0.000000000000000000, 0.000000000000000000, 1.000000000000000000 ) ) ;
#646 = ORIENTED_EDGE ( 'NONE', *, *, #3636, .F. ) ;
#647 = FILL_AREA_STYLE_COLOUR ( '', #5356 ) ;
#648 =( LENGTH_UNIT ( ) NAMED_UNIT ( * ) SI_UNIT ( .MILLI., .METRE. ) );
#649 = ORIENTED_EDGE ( 'NONE', *, *, #3406, .F. ) ;
#650 = DIRECTION ( 'NONE',  ( 0.000000000000000000, 0.000000000000000000, 1.000000000000000000 ) ) ;
#651 = ORIENTED_EDGE ( 'NONE', *, *, #2194, .T. ) ;
#652 = FILL_AREA_STYLE ('',( #5791 ) ) ;
#653 =( NAMED_UNIT ( * ) SI_UNIT ( $, .STERADIAN. ) SOLID_ANGLE_UNIT ( ) );
#654 = EDGE_CURVE ( 'NONE', #4919, #844, #6002, .T. ) ;
#655 = VECTOR ( 'NONE', #2869, 1000.000000000000000 ) ;
#656 =( NAMED_UNIT ( * ) SI_UNIT ( $, .STERADIAN. ) SOLID_ANGLE_UNIT ( ) );
#657 = FACE_OUTER_BOUND ( 'NONE', #1160, .T. ) ;
#658 = ORIENTED_EDGE ( 'NONE', *, *, #5460, .F. ) ;
#659 = DIRECTION ( 'NONE',  ( -1.000000000000000000, 0.000000000000000000, 0.000000000000000000 ) ) ;
#660 = ORIENTED_EDGE ( 'NONE', *, *, #4408, .F. ) ;
#661 = PRESENTATION_STYLE_ASSIGNMENT (( #3617 ) ) ;
#662 = CARTESIAN_POINT ( 'NONE',  ( -30.30000000000000071, 17.39999999999999858, 12.69999999999999929 ) ) ;
#663 = SURFACE_STYLE_USAGE ( .BOTH. , #2657 ) ;
#664 = DIRECTION ( 'NONE',  ( 0.000000000000000000, 0.000000000000000000, 1.000000000000000000 ) ) ;
#665 = ORIENTED_EDGE ( 'NONE', *, *, #6595, .F. ) ;
#666 = FILL_AREA_STYLE ('',( #6323 ) ) ;
#667 = FACE_OUTER_BOUND ( 'NONE', #4568, .T. ) ;
#668 = EDGE_CURVE ( 'NONE', #5638, #5462, #242, .T. ) ;
#669 = COLOUR_RGB ( '',1.000000000000000000, 1.000000000000000000, 1.000000000000000000 ) ;
#670 = CIRCLE ( 'NONE', #2894, 0.5000000000000004441 ) ;
#671 = CARTESIAN_POINT ( 'NONE',  ( -25.39999999999999858, 0.000000000000000000, -3.800000000000000266 ) ) ;
#672 =( GEOMETRIC_REPRESENTATION_CONTEXT ( 3 ) GLOBAL_UNCERTAINTY_ASSIGNED_CONTEXT ( ( #2489 ) ) GLOBAL_UNIT_ASSIGNED_CONTEXT ( ( #4456, #6086, #1399 ) ) REPRESENTATION_CONTEXT ( 'NONE', 'WORKASPACE' ) );
#673 = CARTESIAN_POINT ( 'NONE',  ( 24.89999999999999858, 0.000000000000000000, -0.1999999999999996503 ) ) ;
#674 = VECTOR ( 'NONE', #2161, 1000.000000000000000 ) ;
#675 = ORIENTED_EDGE ( 'NONE', *, *, #5599, .F. ) ;
#676 = FILL_AREA_STYLE ('',( #281 ) ) ;
#677 = DIRECTION ( 'NONE',  ( 0.000000000000000000, 0.000000000000000000, -1.000000000000000000 ) ) ;
#678 = EDGE_CURVE ( 'NONE', #823, #1177, #3779, .T. ) ;
#679 = DIRECTION ( 'NONE',  ( 1.000000000000000000, 0.000000000000000000, 0.000000000000000000 ) ) ;
#680 = ORIENTED_EDGE ( 'NONE', *, *, #1907, .F. ) ;
#681 = CIRCLE ( 'NONE', #4411, 0.09999999999999939493 ) ;
#682 = CARTESIAN_POINT ( 'NONE',  ( 30.30000000000000071, 17.39999999999999858, 12.19999999999999929 ) ) ;
#683 = EDGE_LOOP ( 'NONE', ( #2334, #5162, #1473, #5321 ) ) ;
#684 = DIRECTION ( 'NONE',  ( 0.000000000000000000, 0.000000000000000000, 1.000000000000000000 ) ) ;
#685 = DIRECTION ( 'NONE',  ( -1.000000000000000000, 0.000000000000000000, 0.000000000000000000 ) ) ;
#686 = MECHANICAL_DESIGN_GEOMETRIC_PRESENTATION_REPRESENTATION (  '', ( #5510 ), #5623 ) ;
#687 = DIRECTION ( 'NONE',  ( 0.000000000000000000, 0.000000000000000000, 1.000000000000000000 ) ) ;
#688 = ORIENTED_EDGE ( 'NONE', *, *, #2029, .F. ) ;
#689 = SURFACE_SIDE_STYLE ('',( #6236 ) ) ;
#690 = ORIENTED_EDGE ( 'NONE', *, *, #2453, .T. ) ;
#691 = CIRCLE ( 'NONE', #3028, 0.5000000000000004441 ) ;
#692 = DIRECTION ( 'NONE',  ( 0.000000000000000000, 0.000000000000000000, 1.000000000000000000 ) ) ;
#693 = EDGE_CURVE ( 'NONE', #4638, #1682, #733, .T. ) ;
#694 = ORIENTED_EDGE ( 'NONE', *, *, #6429, .T. ) ;
#695 = SURFACE_SIDE_STYLE ('',( #5235 ) ) ;
#696 = DIRECTION ( 'NONE',  ( 0.000000000000000000, 0.000000000000000000, 1.000000000000000000 ) ) ;
#697 = DIRECTION ( 'NONE',  ( 0.000000000000000000, 0.000000000000000000, -1.000000000000000000 ) ) ;
#698 = VECTOR ( 'NONE', #4441, 1000.000000000000000 ) ;
#699 = LINE ( 'NONE', #147, #2502 ) ;
#700 = EDGE_LOOP ( 'NONE', ( #498, #2639 ) ) ;
#701 =( GEOMETRIC_REPRESENTATION_CONTEXT ( 3 ) GLOBAL_UNCERTAINTY_ASSIGNED_CONTEXT ( ( #964 ) ) GLOBAL_UNIT_ASSIGNED_CONTEXT ( ( #5261, #4817, #3778 ) ) REPRESENTATION_CONTEXT ( 'NONE', 'WORKASPACE' ) );
#702 =( GEOMETRIC_REPRESENTATION_CONTEXT ( 3 ) GLOBAL_UNCERTAINTY_ASSIGNED_CONTEXT ( ( #2104 ) ) GLOBAL_UNIT_ASSIGNED_CONTEXT ( ( #1398, #3395, #2458 ) ) REPRESENTATION_CONTEXT ( 'NONE', 'WORKASPACE' ) );
#703 = ADVANCED_FACE ( 'NONE', ( #2292 ), #1274, .F. ) ;
#704 = FACE_BOUND ( 'NONE', #2702, .T. ) ;
#705 = PRESENTATION_STYLE_ASSIGNMENT (( #1695 ) ) ;
#706 =( LENGTH_UNIT ( ) NAMED_UNIT ( * ) SI_UNIT ( .MILLI., .METRE. ) );
#707 = STYLED_ITEM ( 'NONE', ( #3186 ), #4477 ) ;
#708 = EDGE_CURVE ( 'NONE', #3333, #4957, #5981, .T. ) ;
#709 = CARTESIAN_POINT ( 'NONE',  ( 24.64999999999999858, -3.810000000000000053, -0.1999999999999996503 ) ) ;
#710 = PRESENTATION_LAYER_ASSIGNMENT (  '', '', ( #484 ) ) ;
#711 = ORIENTED_EDGE ( 'NONE', *, *, #2075, .T. ) ;
#712 =( NAMED_UNIT ( * ) PLANE_ANGLE_UNIT ( ) SI_UNIT ( $, .RADIAN. ) );
#713 = ORIENTED_EDGE ( 'NONE', *, *, #5019, .T. ) ;
#714 = CIRCLE ( 'NONE', #1985, 0.5000000000000004441 ) ;
#715 = SURFACE_STYLE_FILL_AREA ( #1770 ) ;
#716 =( NAMED_UNIT ( * ) PLANE_ANGLE_UNIT ( ) SI_UNIT ( $, .RADIAN. ) );
#717 = EDGE_LOOP ( 'NONE', ( #2950, #2980, #3539, #6203 ) ) ;
#718 =( LENGTH_UNIT ( ) NAMED_UNIT ( * ) SI_UNIT ( .MILLI., .METRE. ) );
#719 = CARTESIAN_POINT ( 'NONE',  ( 22.10000000000000142, 13.08000000000000007, 12.19999999999999929 ) ) ;
#720 = AXIS2_PLACEMENT_3D ( 'NONE', #6278, #5171, #6212 ) ;
#721 = ADVANCED_FACE ( 'NONE', ( #195 ), #6464, .F. ) ;
#722 = CARTESIAN_POINT ( 'NONE',  ( -22.10000000000000142, 13.08000000000000007, 12.19999999999999929 ) ) ;
#723 = ORIENTED_EDGE ( 'NONE', *, *, #4474, .F. ) ;
#724 = EDGE_LOOP ( 'NONE', ( #5354, #2744 ) ) ;
#725 = MECHANICAL_DESIGN_GEOMETRIC_PRESENTATION_REPRESENTATION (  '', ( #2740 ), #2394 ) ;
#726 = CARTESIAN_POINT ( 'NONE',  ( 30.20000000000000284, 17.50000000000000000, 12.19999999999999929 ) ) ;
#727 = VERTEX_POINT ( 'NONE', #2835 ) ;
#728 = DIRECTION ( 'NONE',  ( 0.000000000000000000, 0.000000000000000000, 1.000000000000000000 ) ) ;
#729 = CARTESIAN_POINT ( 'NONE',  ( -22.10000000000000142, -13.08000000000000007, 12.69999999999999929 ) ) ;
#730 = STYLED_ITEM ( 'NONE', ( #5270 ), #3227 ) ;
#731 = ORIENTED_EDGE ( 'NONE', *, *, #4666, .T. ) ;
#732 = CONICAL_SURFACE ( 'NONE', #2530, 0.5499999999999983791, 0.7853981633974560506 ) ;
#733 = LINE ( 'NONE', #2760, #5204 ) ;
#734 = DIRECTION ( 'NONE',  ( 1.000000000000000000, 0.000000000000000000, 0.000000000000000000 ) ) ;
#735 = VECTOR ( 'NONE', #5439, 1000.000000000000000 ) ;
#736 = EDGE_CURVE ( 'NONE', #4862, #5152, #1513, .T. ) ;
#737 =( GEOMETRIC_REPRESENTATION_CONTEXT ( 3 ) GLOBAL_UNCERTAINTY_ASSIGNED_CONTEXT ( ( #3088 ) ) GLOBAL_UNIT_ASSIGNED_CONTEXT ( ( #4875, #6081, #2963 ) ) REPRESENTATION_CONTEXT ( 'NONE', 'WORKASPACE' ) );
#738 = VECTOR ( 'NONE', #2589, 1000.000000000000000 ) ;
#739 = AXIS2_PLACEMENT_3D ( 'NONE', #4748, #5796, #5295 ) ;
#740 = DIRECTION ( 'NONE',  ( -1.000000000000000000, 0.000000000000000000, 0.000000000000000000 ) ) ;
#741 =( LENGTH_UNIT ( ) NAMED_UNIT ( * ) SI_UNIT ( .MILLI., .METRE. ) );
#742 = DIRECTION ( 'NONE',  ( 0.000000000000000000, 0.000000000000000000, 1.000000000000000000 ) ) ;
#743 =( NAMED_UNIT ( * ) SI_UNIT ( $, .STERADIAN. ) SOLID_ANGLE_UNIT ( ) );
#744 = ORIENTED_EDGE ( 'NONE', *, *, #4614, .T. ) ;
#745 = DIRECTION ( 'NONE',  ( -1.000000000000000000, 0.000000000000000000, -0.000000000000000000 ) ) ;
#746 = SURFACE_SIDE_STYLE ('',( #2396 ) ) ;
#747 = ORIENTED_EDGE ( 'NONE', *, *, #6534, .F. ) ;
#748 = DIRECTION ( 'NONE',  ( 1.000000000000000000, 0.000000000000000000, 0.000000000000000000 ) ) ;
#749 = EDGE_CURVE ( 'NONE', #3479, #4438, #4918, .T. ) ;
#750 = LINE ( 'NONE', #295, #4668 ) ;
#751 = ORIENTED_EDGE ( 'NONE', *, *, #220, .T. ) ;
#752 = VERTEX_POINT ( 'NONE', #1829 ) ;
#753 = VERTEX_POINT ( 'NONE', #1732 ) ;
#754 = DIRECTION ( 'NONE',  ( 1.000000000000000000, 0.000000000000000000, 0.000000000000000000 ) ) ;
#755 = DIRECTION ( 'NONE',  ( 0.000000000000000000, 0.000000000000000000, 1.000000000000000000 ) ) ;
#756 = MECHANICAL_DESIGN_GEOMETRIC_PRESENTATION_REPRESENTATION (  '', ( #5592 ), #6457 ) ;
#757 = FACE_BOUND ( 'NONE', #5370, .T. ) ;
#758 = EDGE_CURVE ( 'NONE', #3414, #1251, #5077, .T. ) ;
#759 = FILL_AREA_STYLE_COLOUR ( '', #4030 ) ;
#760 = ORIENTED_EDGE ( 'NONE', *, *, #2089, .T. ) ;
#761 = STYLED_ITEM ( 'NONE', ( #6223 ), #1834 ) ;
#762 = DIRECTION ( 'NONE',  ( 1.000000000000000000, 0.000000000000000000, 0.000000000000000000 ) ) ;
#763 = CARTESIAN_POINT ( 'NONE',  ( -23.59999999999999787, 13.08000000000000007, 12.19999999999999929 ) ) ;
#764 = CARTESIAN_POINT ( 'NONE',  ( -29.19999999999999929, -18.39999999999999858, 12.19999999999999929 ) ) ;
#765 = CARTESIAN_POINT ( 'NONE',  ( 28.19999999999999929, 19.50000000000000000, 12.19999999999999929 ) ) ;
#766 = CARTESIAN_POINT ( 'NONE',  ( -30.30000000000000071, -17.39999999999999858, 12.69999999999999929 ) ) ;
#767 = EDGE_CURVE ( 'NONE', #3291, #4572, #3804, .T. ) ;
#768 = EDGE_CURVE ( 'NONE', #4687, #6477, #5884, .T. ) ;
#769 = VERTEX_POINT ( 'NONE', #1968 ) ;
#770 = VECTOR ( 'NONE', #1930, 1000.000000000000000 ) ;
#771 = PRESENTATION_STYLE_ASSIGNMENT (( #3363 ) ) ;
#772 = ORIENTED_EDGE ( 'NONE', *, *, #4450, .T. ) ;
#773 = DIRECTION ( 'NONE',  ( 1.000000000000000000, 0.000000000000000000, 0.000000000000000000 ) ) ;
#774 = EDGE_CURVE ( 'NONE', #1367, #769, #2147, .T. ) ;
#775 = PRESENTATION_LAYER_ASSIGNMENT (  '', '', ( #5180 ) ) ;
#776 =( GEOMETRIC_REPRESENTATION_CONTEXT ( 3 ) GLOBAL_UNCERTAINTY_ASSIGNED_CONTEXT ( ( #5561 ) ) GLOBAL_UNIT_ASSIGNED_CONTEXT ( ( #741, #712, #5779 ) ) REPRESENTATION_CONTEXT ( 'NONE', 'WORKASPACE' ) );
#777 = CARTESIAN_POINT ( 'NONE',  ( 24.85000000000000142, -7.620000000000000107, -3.999999999999999112 ) ) ;
#778 = ORIENTED_EDGE ( 'NONE', *, *, #3578, .F. ) ;
#779 = CARTESIAN_POINT ( 'NONE',  ( -25.10000000000000142, 7.620000000000000107, -3.999999999999999112 ) ) ;
#780 = VERTEX_POINT ( 'NONE', #3467 ) ;
#781 = CONICAL_SURFACE ( 'NONE', #997, 0.3000000000000224709, 0.7853981633974532750 ) ;
#782 = ORIENTED_EDGE ( 'NONE', *, *, #5345, .T. ) ;
#783 =( LENGTH_UNIT ( ) NAMED_UNIT ( * ) SI_UNIT ( .MILLI., .METRE. ) );
#784 = CYLINDRICAL_SURFACE ( 'NONE', #5111, 0.5000000000000004441 ) ;
#785 = CARTESIAN_POINT ( 'NONE',  ( -25.10000000000000142, -13.08000000000000007, 12.69999999999999929 ) ) ;
#786 = FILL_AREA_STYLE ('',( #5403 ) ) ;
#787 = COLOUR_RGB ( '',1.000000000000000000, 1.000000000000000000, 0.5019607843137254832 ) ;
#788 = STYLED_ITEM ( 'NONE', ( #2646 ), #6052 ) ;
#789 = CIRCLE ( 'NONE', #4654, 0.09999999999999939493 ) ;
#790 = ORIENTED_EDGE ( 'NONE', *, *, #3965, .F. ) ;
#791 = DIRECTION ( 'NONE',  ( 0.000000000000000000, 0.000000000000000000, 1.000000000000000000 ) ) ;
#792 = DIRECTION ( 'NONE',  ( -1.000000000000000000, 0.000000000000000000, 0.000000000000000000 ) ) ;
#793 =( GEOMETRIC_REPRESENTATION_CONTEXT ( 3 ) GLOBAL_UNCERTAINTY_ASSIGNED_CONTEXT ( ( #2225 ) ) GLOBAL_UNIT_ASSIGNED_CONTEXT ( ( #4095, #3151, #560 ) ) REPRESENTATION_CONTEXT ( 'NONE', 'WORKASPACE' ) );
#794 = VECTOR ( 'NONE', #366, 1000.000000000000000 ) ;
#795 = CARTESIAN_POINT ( 'NONE',  ( -25.39999999999999858, 0.000000000000000000, -0.1999999999999996503 ) ) ;
#796 = FACE_OUTER_BOUND ( 'NONE', #1085, .T. ) ;
#797 =( GEOMETRIC_REPRESENTATION_CONTEXT ( 3 ) GLOBAL_UNCERTAINTY_ASSIGNED_CONTEXT ( ( #3897 ) ) GLOBAL_UNIT_ASSIGNED_CONTEXT ( ( #5851, #716, #1866 ) ) REPRESENTATION_CONTEXT ( 'NONE', 'WORKASPACE' ) );
#798 = MECHANICAL_DESIGN_GEOMETRIC_PRESENTATION_REPRESENTATION (  '', ( #1325 ), #4318 ) ;
#799 = AXIS2_PLACEMENT_3D ( 'NONE', #1107, #96, #614 ) ;
#800 = AXIS2_PLACEMENT_3D ( 'NONE', #3182, #3753, #5269 ) ;
#801 = FACE_OUTER_BOUND ( 'NONE', #4616, .T. ) ;
#802 = CARTESIAN_POINT ( 'NONE',  ( -29.80000000000000071, -18.00000000000000000, 12.19999999999999929 ) ) ;
#803 = VECTOR ( 'NONE', #4902, 1000.000000000000000 ) ;
#804 = CARTESIAN_POINT ( 'NONE',  ( 28.80000000000000071, 18.50000000000000000, 12.19999999999999929 ) ) ;
#805 = EDGE_LOOP ( 'NONE', ( #4690, #2904 ) ) ;
#806 = AXIS2_PLACEMENT_3D ( 'NONE', #3238, #1774, #3205 ) ;
#807 = SURFACE_STYLE_FILL_AREA ( #257 ) ;
#808 = CARTESIAN_POINT ( 'NONE',  ( 28.80000000000000071, -18.50000000000000000, 12.19999999999999929 ) ) ;
#809 = VERTEX_POINT ( 'NONE', #6532 ) ;
#810 = CARTESIAN_POINT ( 'NONE',  ( -25.89999999999999858, -7.620000000000000107, -3.800000000000000266 ) ) ;
#811 = DIRECTION ( 'NONE',  ( 0.000000000000000000, 0.000000000000000000, 1.000000000000000000 ) ) ;
#812 = CARTESIAN_POINT ( 'NONE',  ( -28.19999999999999929, -19.50000000000000000, 12.19999999999999929 ) ) ;
#813 = ORIENTED_EDGE ( 'NONE', *, *, #353, .T. ) ;
#814 = EDGE_CURVE ( 'NONE', #201, #1978, #429, .T. ) ;
#815 = CARTESIAN_POINT ( 'NONE',  ( -28.29999999999999716, -19.40000000000000213, 12.69999999999999929 ) ) ;
#816 = ORIENTED_EDGE ( 'NONE', *, *, #6631, .T. ) ;
#817 = DIRECTION ( 'NONE',  ( 0.000000000000000000, 0.000000000000000000, -1.000000000000000000 ) ) ;
#818 = MECHANICAL_DESIGN_GEOMETRIC_PRESENTATION_REPRESENTATION (  '', ( #606 ), #2087 ) ;
#819 = ORIENTED_EDGE ( 'NONE', *, *, #3132, .T. ) ;
#820 = SURFACE_STYLE_USAGE ( .BOTH. , #1284 ) ;
#821 = DIRECTION ( 'NONE',  ( -1.000000000000000000, 0.000000000000000000, 0.000000000000000000 ) ) ;
#822 = MECHANICAL_DESIGN_GEOMETRIC_PRESENTATION_REPRESENTATION (  '', ( #5867 ), #4345 ) ;
#823 = VERTEX_POINT ( 'NONE', #2936 ) ;
#824 = DIRECTION ( 'NONE',  ( 0.000000000000000000, -1.000000000000000000, 0.000000000000000000 ) ) ;
#825 = CARTESIAN_POINT ( 'NONE',  ( -28.29999999999999716, -19.40000000000000213, 12.69999999999999929 ) ) ;
#826 = ADVANCED_FACE ( 'NONE', ( #6118 ), #357, .F. ) ;
#827 = PRESENTATION_STYLE_ASSIGNMENT (( #4801 ) ) ;
#828 = EDGE_LOOP ( 'NONE', ( #4604, #222, #2352, #2443, #1139, #5294, #690, #4037, #5698, #6311, #3580, #1192, #5559, #6109, #305, #3990, #2405, #772, #4942, #6543, #4126, #953, #4248, #1633, #5059, #1360, #462, #6548, #2282, #6438, #397, #4558, #6167, #2672, #4685, #5691, #6034, #4706, #134, #626 ) ) ;
#829 = SURFACE_STYLE_USAGE ( .BOTH. , #2547 ) ;
#830 = CARTESIAN_POINT ( 'NONE',  ( -25.10000000000000142, 13.08000000000000007, 12.69999999999999929 ) ) ;
#831 = VECTOR ( 'NONE', #5505, 1000.000000000000000 ) ;
#832 = EDGE_CURVE ( 'NONE', #3728, #4290, #2433, .T. ) ;
#833 = STYLED_ITEM ( 'NONE', ( #1844 ), #5126 ) ;
#834 = UNCERTAINTY_MEASURE_WITH_UNIT (LENGTH_MEASURE( 1.000000000000000082E-05 ), #2267, 'distance_accuracy_value', 'NONE');
#835 = DIRECTION ( 'NONE',  ( 0.000000000000000000, 0.000000000000000000, -1.000000000000000000 ) ) ;
#836 = CARTESIAN_POINT ( 'NONE',  ( 28.80000000000000071, 19.00000000000000000, 12.69999999999999929 ) ) ;
#837 = DIRECTION ( 'NONE',  ( 0.000000000000000000, 0.000000000000000000, -1.000000000000000000 ) ) ;
#838 = VERTEX_POINT ( 'NONE', #4493 ) ;
#839 = AXIS2_PLACEMENT_3D ( 'NONE', #107, #2724, #3112 ) ;
#840 = SURFACE_SIDE_STYLE ('',( #715 ) ) ;
#841 = DIRECTION ( 'NONE',  ( 0.000000000000000000, 0.000000000000000000, -1.000000000000000000 ) ) ;
#842 = MECHANICAL_DESIGN_GEOMETRIC_PRESENTATION_REPRESENTATION (  '', ( #3493 ), #640 ) ;
#843 =( LENGTH_UNIT ( ) NAMED_UNIT ( * ) SI_UNIT ( .MILLI., .METRE. ) );
#844 = VERTEX_POINT ( 'NONE', #6568 ) ;
#845 = FACE_OUTER_BOUND ( 'NONE', #915, .T. ) ;
#846 = LINE ( 'NONE', #3871, #3436 ) ;
#847 = AXIS2_PLACEMENT_3D ( 'NONE', #4754, #696, #5200 ) ;
#848 = DIRECTION ( 'NONE',  ( 0.000000000000000000, 0.000000000000000000, -1.000000000000000000 ) ) ;
#849 = ORIENTED_EDGE ( 'NONE', *, *, #6334, .F. ) ;
#850 = VERTEX_POINT ( 'NONE', #3002 ) ;
#851 = LINE ( 'NONE', #3813, #5708 ) ;
#852 = ORIENTED_EDGE ( 'NONE', *, *, #1033, .T. ) ;
#853 = LINE ( 'NONE', #4896, #4596 ) ;
#854 = CARTESIAN_POINT ( 'NONE',  ( 29.80000000000000071, -18.00000000000000000, 12.69999999999999929 ) ) ;
#855 = EDGE_CURVE ( 'NONE', #2118, #6105, #5120, .T. ) ;
#856 = EDGE_CURVE ( 'NONE', #1444, #3923, #4008, .T. ) ;
#857 = SURFACE_STYLE_FILL_AREA ( #6582 ) ;
#858 = LINE ( 'NONE', #2822, #803 ) ;
#859 = ORIENTED_EDGE ( 'NONE', *, *, #3906, .T. ) ;
#860 = FILL_AREA_STYLE_COLOUR ( '', #1410 ) ;
#861 = SURFACE_STYLE_USAGE ( .BOTH. , #3252 ) ;
#862 = FACE_OUTER_BOUND ( 'NONE', #1817, .T. ) ;
#863 = ORIENTED_EDGE ( 'NONE', *, *, #5519, .F. ) ;
#864 = DIRECTION ( 'NONE',  ( 0.000000000000000000, 0.000000000000000000, 1.000000000000000000 ) ) ;
#865 = DIRECTION ( 'NONE',  ( 0.000000000000000000, 0.000000000000000000, 1.000000000000000000 ) ) ;
#866 = SURFACE_SIDE_STYLE ('',( #5478 ) ) ;
#867 = FILL_AREA_STYLE_COLOUR ( '', #4257 ) ;
#868 = ORIENTED_EDGE ( 'NONE', *, *, #3660, .T. ) ;
#869 = DIRECTION ( 'NONE',  ( 0.000000000000000000, -1.000000000000000000, 0.000000000000000000 ) ) ;
#870 = DIRECTION ( 'NONE',  ( 1.000000000000000000, 0.000000000000000000, 0.000000000000000000 ) ) ;
#871 = ORIENTED_EDGE ( 'NONE', *, *, #1823, .F. ) ;
#872 = CARTESIAN_POINT ( 'NONE',  ( 25.10000000000000142, 13.08000000000000007, 12.19999999999999929 ) ) ;
#873 = EDGE_CURVE ( 'NONE', #5818, #5911, #3040, .T. ) ;
#874 = PRESENTATION_LAYER_ASSIGNMENT (  '', '', ( #6361 ) ) ;
#875 = VECTOR ( 'NONE', #1369, 1000.000000000000000 ) ;
#876 = ORIENTED_EDGE ( 'NONE', *, *, #4848, .T. ) ;
#877 = SURFACE_STYLE_FILL_AREA ( #4465 ) ;
#878 = ORIENTED_EDGE ( 'NONE', *, *, #5033, .F. ) ;
#879 = CARTESIAN_POINT ( 'NONE',  ( -28.19999999999999929, 19.40000000000000213, 12.19999999999999929 ) ) ;
#880 = CIRCLE ( 'NONE', #2358, 0.5000000000000004441 ) ;
#881 = PRESENTATION_LAYER_ASSIGNMENT (  '', '', ( #1726 ) ) ;
#882 = ORIENTED_EDGE ( 'NONE', *, *, #4829, .T. ) ;
#883 = FILL_AREA_STYLE ('',( #1450 ) ) ;
#884 = DIRECTION ( 'NONE',  ( 1.000000000000000000, 0.000000000000000000, 0.000000000000000000 ) ) ;
#885 = AXIS2_PLACEMENT_3D ( 'NONE', #5417, #2260, #1202 ) ;
#886 = LINE ( 'NONE', #3544, #5674 ) ;
#887 = VERTEX_POINT ( 'NONE', #3971 ) ;
#888 = EDGE_CURVE ( 'NONE', #2651, #6651, #2459, .T. ) ;
#889 = AXIS2_PLACEMENT_3D ( 'NONE', #6660, #6182, #4592 ) ;
#890 = DIRECTION ( 'NONE',  ( -1.000000000000000000, 0.000000000000000000, 0.000000000000000000 ) ) ;
#891 = ORIENTED_EDGE ( 'NONE', *, *, #3408, .T. ) ;
#892 = PRESENTATION_STYLE_ASSIGNMENT (( #1552 ) ) ;
#893 = LINE ( 'NONE', #2920, #2173 ) ;
#894 = ORIENTED_EDGE ( 'NONE', *, *, #5232, .F. ) ;
#895 = LINE ( 'NONE', #1921, #5977 ) ;
#896 = AXIS2_PLACEMENT_3D ( 'NONE', #2270, #6440, #773 ) ;
#897 = COLOUR_RGB ( '',1.000000000000000000, 1.000000000000000000, 0.5019607843137254832 ) ;
#898 = FILL_AREA_STYLE ('',( #2526 ) ) ;
#899 = EDGE_CURVE ( 'NONE', #3107, #5715, #6048, .T. ) ;
#900 = AXIS2_PLACEMENT_3D ( 'NONE', #3766, #5938, #4376 ) ;
#901 = AXIS2_PLACEMENT_3D ( 'NONE', #6125, #1445, #405 ) ;
#902 = CIRCLE ( 'NONE', #3659, 0.09999999999999939493 ) ;
#903 = CARTESIAN_POINT ( 'NONE',  ( -29.30000000000000071, -18.39999999999999858, 12.69999999999999929 ) ) ;
#904 = FACE_OUTER_BOUND ( 'NONE', #1347, .T. ) ;
#905 = ADVANCED_FACE ( 'NONE', ( #2500 ), #4986, .T. ) ;
#906 = VECTOR ( 'NONE', #5617, 1000.000000000000000 ) ;
#907 = CARTESIAN_POINT ( 'NONE',  ( -29.30000000000000071, 18.00000000000000000, 12.69999999999999929 ) ) ;
#908 = ORIENTED_EDGE ( 'NONE', *, *, #3416, .F. ) ;
#909 = VECTOR ( 'NONE', #1480, 1000.000000000000000 ) ;
#910 = CARTESIAN_POINT ( 'NONE',  ( 28.80000000000000071, -18.50000000000000000, 12.69999999999999929 ) ) ;
#911 = ORIENTED_EDGE ( 'NONE', *, *, #4348, .T. ) ;
#912 = CARTESIAN_POINT ( 'NONE',  ( -29.30000000000000071, -18.39999999999999858, 12.19999999999999929 ) ) ;
#913 = EDGE_CURVE ( 'NONE', #1255, #4359, #2890, .T. ) ;
#914 = EDGE_CURVE ( 'NONE', #844, #1682, #446, .T. ) ;
#915 = EDGE_LOOP ( 'NONE', ( #5864, #383 ) ) ;
#916 = DIRECTION ( 'NONE',  ( 0.000000000000000000, 0.000000000000000000, 1.000000000000000000 ) ) ;
#917 = UNCERTAINTY_MEASURE_WITH_UNIT (LENGTH_MEASURE( 1.000000000000000082E-05 ), #5072, 'distance_accuracy_value', 'NONE');
#918 = ORIENTED_EDGE ( 'NONE', *, *, #4898, .T. ) ;
#919 = DIRECTION ( 'NONE',  ( 0.000000000000000000, 0.000000000000000000, -1.000000000000000000 ) ) ;
#920 = VERTEX_POINT ( 'NONE', #3124 ) ;
#921 = FACE_OUTER_BOUND ( 'NONE', #2507, .T. ) ;
#922 = EDGE_CURVE ( 'NONE', #4064, #2659, #6146, .T. ) ;
#923 = CIRCLE ( 'NONE', #156, 0.09999999999999939493 ) ;
#924 = LINE ( 'NONE', #4505, #3125 ) ;
#925 =( LENGTH_UNIT ( ) NAMED_UNIT ( * ) SI_UNIT ( .MILLI., .METRE. ) );
#926 = FILL_AREA_STYLE_COLOUR ( '', #6539 ) ;
#927 = PRESENTATION_LAYER_ASSIGNMENT (  '', '', ( #3794 ) ) ;
#928 = ORIENTED_EDGE ( 'NONE', *, *, #1799, .T. ) ;
#929 = COLOUR_RGB ( '',1.000000000000000000, 1.000000000000000000, 0.5019607843137254832 ) ;
#930 = DIRECTION ( 'NONE',  ( 0.000000000000000000, 0.000000000000000000, -1.000000000000000000 ) ) ;
#931 = ORIENTED_EDGE ( 'NONE', *, *, #708, .F. ) ;
#932 = CARTESIAN_POINT ( 'NONE',  ( -28.80000000000000071, -19.00000000000000000, 12.19999999999999929 ) ) ;
#933 = PLANE ( 'NONE',  #4818 ) ;
#934 = SURFACE_SIDE_STYLE ('',( #6139 ) ) ;
#935 = VECTOR ( 'NONE', #5543, 1000.000000000000000 ) ;
#936 = CARTESIAN_POINT ( 'NONE',  ( 29.80000000000000071, -17.50000000000000000, 12.19999999999999929 ) ) ;
#937 = CARTESIAN_POINT ( 'NONE',  ( 22.10000000000000142, 13.08000000000000007, -17.30000000000000071 ) ) ;
#938 =( NAMED_UNIT ( * ) SI_UNIT ( $, .STERADIAN. ) SOLID_ANGLE_UNIT ( ) );
#939 = EDGE_CURVE ( 'NONE', #5000, #1246, #5213, .T. ) ;
#940 = ORIENTED_EDGE ( 'NONE', *, *, #6587, .T. ) ;
#941 = SURFACE_STYLE_USAGE ( .BOTH. , #970 ) ;
#942 = FILL_AREA_STYLE_COLOUR ( '', #4186 ) ;
#943 = PRESENTATION_LAYER_ASSIGNMENT (  '', '', ( #3596 ) ) ;
#944 = CARTESIAN_POINT ( 'NONE',  ( 28.19999999999999929, -19.40000000000000213, 12.19999999999999929 ) ) ;
#945 = VERTEX_POINT ( 'NONE', #118 ) ;
#946 = SURFACE_SIDE_STYLE ('',( #6636 ) ) ;
#947 = STYLED_ITEM ( 'NONE', ( #1149 ), #4803 ) ;
#948 = CYLINDRICAL_SURFACE ( 'NONE', #5748, 0.09999999999999939493 ) ;
#949 = ORIENTED_EDGE ( 'NONE', *, *, #4383, .T. ) ;
#950 = STYLED_ITEM ( 'NONE', ( #2554 ), #73 ) ;
#951 = FACE_OUTER_BOUND ( 'NONE', #5916, .T. ) ;
#952 = AXIS2_PLACEMENT_3D ( 'NONE', #2143, #4795, #6274 ) ;
#953 = ORIENTED_EDGE ( 'NONE', *, *, #1088, .T. ) ;
#954 = CARTESIAN_POINT ( 'NONE',  ( 28.80000000000000071, -18.50000000000000000, 12.19999999999999929 ) ) ;
#955 = EDGE_CURVE ( 'NONE', #2460, #3056, #5613, .T. ) ;
#956 = DIRECTION ( 'NONE',  ( 0.000000000000000000, 0.000000000000000000, -1.000000000000000000 ) ) ;
#957 = DIRECTION ( 'NONE',  ( 0.000000000000000000, 0.000000000000000000, 1.000000000000000000 ) ) ;
#958 = VERTEX_POINT ( 'NONE', #89 ) ;
#959 = ORIENTED_EDGE ( 'NONE', *, *, #814, .T. ) ;
#960 = DIRECTION ( 'NONE',  ( -1.000000000000000000, 0.000000000000000000, 0.000000000000000000 ) ) ;
#961 = CARTESIAN_POINT ( 'NONE',  ( 24.85000000000000142, 7.620000000000000107, -3.999999999999999112 ) ) ;
#962 =( NAMED_UNIT ( * ) PLANE_ANGLE_UNIT ( ) SI_UNIT ( $, .RADIAN. ) );
#963 = EDGE_CURVE ( 'NONE', #4360, #4081, #3563, .T. ) ;
#964 = UNCERTAINTY_MEASURE_WITH_UNIT (LENGTH_MEASURE( 1.000000000000000082E-05 ), #5261, 'distance_accuracy_value', 'NONE');
#965 =( LENGTH_UNIT ( ) NAMED_UNIT ( * ) SI_UNIT ( .MILLI., .METRE. ) );
#966 =( LENGTH_UNIT ( ) NAMED_UNIT ( * ) SI_UNIT ( .MILLI., .METRE. ) );
#967 = CARTESIAN_POINT ( 'NONE',  ( 28.80000000000000071, 18.50000000000000000, 12.19999999999999929 ) ) ;
#968 = STYLED_ITEM ( 'NONE', ( #258 ), #1631 ) ;
#969 = ORIENTED_EDGE ( 'NONE', *, *, #1463, .F. ) ;
#970 = SURFACE_SIDE_STYLE ('',( #4455 ) ) ;
#971 = DIRECTION ( 'NONE',  ( 8.673617379884240576E-15, 1.000000000000000000, 0.000000000000000000 ) ) ;
#972 = ADVANCED_FACE ( 'NONE', ( #21 ), #533, .T. ) ;
#973 = PRESENTATION_LAYER_ASSIGNMENT (  '', '', ( #3520 ) ) ;
#974 = DIRECTION ( 'NONE',  ( 0.000000000000000000, 0.000000000000000000, 1.000000000000000000 ) ) ;
#975 = ORIENTED_EDGE ( 'NONE', *, *, #2650, .T. ) ;
#976 = DIRECTION ( 'NONE',  ( -1.000000000000000000, 0.000000000000000000, 0.000000000000000000 ) ) ;
#977 = DIRECTION ( 'NONE',  ( 1.000000000000000000, 0.000000000000000000, 0.000000000000000000 ) ) ;
#978 = ORIENTED_EDGE ( 'NONE', *, *, #4165, .F. ) ;
#979 = DIRECTION ( 'NONE',  ( 0.000000000000000000, 0.000000000000000000, 1.000000000000000000 ) ) ;
#980 = UNCERTAINTY_MEASURE_WITH_UNIT (LENGTH_MEASURE( 1.000000000000000082E-05 ), #2367, 'distance_accuracy_value', 'NONE');
#981 = LINE ( 'NONE', #5063, #4291 ) ;
#982 = ORIENTED_EDGE ( 'NONE', *, *, #3132, .F. ) ;
#983 = DIRECTION ( 'NONE',  ( 0.000000000000000000, 0.000000000000000000, 1.000000000000000000 ) ) ;
#984 = CARTESIAN_POINT ( 'NONE',  ( 28.29999999999999716, 19.00000000000000000, 12.69999999999999929 ) ) ;
#985 = FACE_OUTER_BOUND ( 'NONE', #1071, .T. ) ;
#986 =( LENGTH_UNIT ( ) NAMED_UNIT ( * ) SI_UNIT ( .MILLI., .METRE. ) );
#987 = ORIENTED_EDGE ( 'NONE', *, *, #5602, .T. ) ;
#988 = AXIS2_PLACEMENT_3D ( 'NONE', #4607, #544, #2038 ) ;
#989 = AXIS2_PLACEMENT_3D ( 'NONE', #671, #4626, #6222 ) ;
#990 = EDGE_LOOP ( 'NONE', ( #5563, #365 ) ) ;
#991 = DIRECTION ( 'NONE',  ( 0.000000000000000000, 0.000000000000000000, 1.000000000000000000 ) ) ;
#992 = FACE_OUTER_BOUND ( 'NONE', #1150, .T. ) ;
#993 = DIRECTION ( 'NONE',  ( -1.000000000000000000, 0.000000000000000000, 0.000000000000000000 ) ) ;
#994 = DIRECTION ( 'NONE',  ( 0.000000000000000000, 0.000000000000000000, -1.000000000000000000 ) ) ;
#995 = STYLED_ITEM ( 'NONE', ( #1667 ), #5567 ) ;
#996 = DIRECTION ( 'NONE',  ( 0.000000000000000000, 0.000000000000000000, -1.000000000000000000 ) ) ;
#997 = AXIS2_PLACEMENT_3D ( 'NONE', #3152, #2091, #5244 ) ;
#998 = PRESENTATION_STYLE_ASSIGNMENT (( #2026 ) ) ;
#999 = CARTESIAN_POINT ( 'NONE',  ( -25.89999999999999858, -7.620000000000000107, -3.999999999999999112 ) ) ;
#1000 = CIRCLE ( 'NONE', #4991, 0.09999999999999939493 ) ;
#1001 = ORIENTED_EDGE ( 'NONE', *, *, #5579, .F. ) ;
#1002 = PRESENTATION_LAYER_ASSIGNMENT (  '', '', ( #4984 ) ) ;
#1003 = VECTOR ( 'NONE', #1211, 1000.000000000000000 ) ;
#1004 = DIRECTION ( 'NONE',  ( 0.000000000000000000, 0.000000000000000000, 1.000000000000000000 ) ) ;
#1005 = CYLINDRICAL_SURFACE ( 'NONE', #4841, 0.7500000000000006661 ) ;
#1006 = ORIENTED_EDGE ( 'NONE', *, *, #4786, .T. ) ;
#1007 = FACE_OUTER_BOUND ( 'NONE', #4391, .T. ) ;
#1008 = CARTESIAN_POINT ( 'NONE',  ( -29.30000000000000071, 18.00000000000000000, 12.19999999999999929 ) ) ;
#1009 =( GEOMETRIC_REPRESENTATION_CONTEXT ( 3 ) GLOBAL_UNCERTAINTY_ASSIGNED_CONTEXT ( ( #2958 ) ) GLOBAL_UNIT_ASSIGNED_CONTEXT ( ( #3957, #1954, #6485 ) ) REPRESENTATION_CONTEXT ( 'NONE', 'WORKASPACE' ) );
#1010 = VECTOR ( 'NONE', #979, 1000.000000000000000 ) ;
#1011 = CIRCLE ( 'NONE', #2601, 0.5000000000000004441 ) ;
#1012 =( LENGTH_UNIT ( ) NAMED_UNIT ( * ) SI_UNIT ( .MILLI., .METRE. ) );
#1013 = VERTEX_POINT ( 'NONE', #6186 ) ;
#1014 = AXIS2_PLACEMENT_3D ( 'NONE', #5360, #4783, #2206 ) ;
#1015 =( GEOMETRIC_REPRESENTATION_CONTEXT ( 3 ) GLOBAL_UNCERTAINTY_ASSIGNED_CONTEXT ( ( #3505 ) ) GLOBAL_UNIT_ASSIGNED_CONTEXT ( ( #1900, #6117, #5517 ) ) REPRESENTATION_CONTEXT ( 'NONE', 'WORKASPACE' ) );
#1016 = AXIS2_PLACEMENT_3D ( 'NONE', #854, #1813, #821 ) ;
#1017 = ORIENTED_EDGE ( 'NONE', *, *, #1261, .F. ) ;
#1018 = LINE ( 'NONE', #1412, #1892 ) ;
#1019 = CARTESIAN_POINT ( 'NONE',  ( 26.14999999999999858, 7.620000000000000107, -6.121320343559641053 ) ) ;
#1020 = SURFACE_STYLE_USAGE ( .BOTH. , #3053 ) ;
#1021 = PRESENTATION_LAYER_ASSIGNMENT (  '', '', ( #5210 ) ) ;
#1022 = EDGE_CURVE ( 'NONE', #31, #5249, #218, .T. ) ;
#1023 = PLANE ( 'NONE',  #2321 ) ;
#1024 = ORIENTED_EDGE ( 'NONE', *, *, #2961, .T. ) ;
#1025 = DIRECTION ( 'NONE',  ( 0.000000000000000000, 0.000000000000000000, 1.000000000000000000 ) ) ;
#1026 = ORIENTED_EDGE ( 'NONE', *, *, #3309, .T. ) ;
#1027 = CARTESIAN_POINT ( 'NONE',  ( 24.64999999999999858, -7.620000000000000107, 0.000000000000000000 ) ) ;
#1028 = SURFACE_SIDE_STYLE ('',( #130 ) ) ;
#1029 = SURFACE_SIDE_STYLE ('',( #1519 ) ) ;
#1030 = CARTESIAN_POINT ( 'NONE',  ( -25.89999999999999858, -7.620000000000000107, -0.1999999999999996503 ) ) ;
#1031 = SURFACE_STYLE_FILL_AREA ( #5421 ) ;
#1032 = UNCERTAINTY_MEASURE_WITH_UNIT (LENGTH_MEASURE( 1.000000000000000082E-05 ), #2069, 'distance_accuracy_value', 'NONE');
#1033 = EDGE_CURVE ( 'NONE', #850, #1013, #1132, .T. ) ;
#1034 = CARTESIAN_POINT ( 'NONE',  ( 24.64999999999999858, 0.000000000000000000, 0.000000000000000000 ) ) ;
#1035 = VECTOR ( 'NONE', #6179, 1000.000000000000000 ) ;
#1036 = DIRECTION ( 'NONE',  ( 1.000000000000000000, 0.000000000000000000, 0.000000000000000000 ) ) ;
#1037 = LINE ( 'NONE', #999, #3497 ) ;
#1038 = ADVANCED_FACE ( 'NONE', ( #5742 ), #2562, .F. ) ;
#1039 =( GEOMETRIC_REPRESENTATION_CONTEXT ( 3 ) GLOBAL_UNCERTAINTY_ASSIGNED_CONTEXT ( ( #3372 ) ) GLOBAL_UNIT_ASSIGNED_CONTEXT ( ( #3343, #2318, #6481 ) ) REPRESENTATION_CONTEXT ( 'NONE', 'WORKASPACE' ) );
#1040 = DIRECTION ( 'NONE',  ( 1.000000000000000000, 0.000000000000000000, 0.000000000000000000 ) ) ;
#1041 = FILL_AREA_STYLE ('',( #5654 ) ) ;
#1042 = ORIENTED_EDGE ( 'NONE', *, *, #1766, .F. ) ;
#1043 = DIRECTION ( 'NONE',  ( 0.000000000000000000, 0.000000000000000000, -1.000000000000000000 ) ) ;
#1044 = AXIS2_PLACEMENT_3D ( 'NONE', #311, #2828, #5445 ) ;
#1045 = EDGE_CURVE ( 'NONE', #5868, #3134, #225, .T. ) ;
#1046 = ORIENTED_EDGE ( 'NONE', *, *, #3319, .T. ) ;
#1047 = AXIS2_PLACEMENT_3D ( 'NONE', #2512, #5096, #6099 ) ;
#1048 = FACE_OUTER_BOUND ( 'NONE', #1459, .T. ) ;
#1049 = UNCERTAINTY_MEASURE_WITH_UNIT (LENGTH_MEASURE( 1.000000000000000082E-05 ), #2863, 'distance_accuracy_value', 'NONE');
#1050 = DIRECTION ( 'NONE',  ( 1.000000000000000000, 0.000000000000000000, 0.000000000000000000 ) ) ;
#1051 = EDGE_LOOP ( 'NONE', ( #2681, #4771, #6406, #2046 ) ) ;
#1052 = CARTESIAN_POINT ( 'NONE',  ( 25.39999999999999858, -3.810000000000000053, -0.1999999999999996503 ) ) ;
#1053 = CARTESIAN_POINT ( 'NONE',  ( 29.80000000000000071, 18.00000000000000000, 12.69999999999999929 ) ) ;
#1054 = AXIS2_PLACEMENT_3D ( 'NONE', #5926, #5966, #1321 ) ;
#1055 =( NAMED_UNIT ( * ) PLANE_ANGLE_UNIT ( ) SI_UNIT ( $, .RADIAN. ) );
#1056 = CARTESIAN_POINT ( 'NONE',  ( 28.19999999999999929, 19.50000000000000000, 12.19999999999999929 ) ) ;
#1057 = ORIENTED_EDGE ( 'NONE', *, *, #4910, .T. ) ;
#1058 =( GEOMETRIC_REPRESENTATION_CONTEXT ( 3 ) GLOBAL_UNCERTAINTY_ASSIGNED_CONTEXT ( ( #5490 ) ) GLOBAL_UNIT_ASSIGNED_CONTEXT ( ( #4189, #1647, #3684 ) ) REPRESENTATION_CONTEXT ( 'NONE', 'WORKASPACE' ) );
#1059 = ADVANCED_FACE ( 'NONE', ( #4440 ), #4969, .T. ) ;
#1060 = VERTEX_POINT ( 'NONE', #2917 ) ;
#1061 = DIRECTION ( 'NONE',  ( 0.000000000000000000, 0.000000000000000000, -1.000000000000000000 ) ) ;
#1062 = EDGE_CURVE ( 'NONE', #6414, #4425, #5499, .T. ) ;
#1063 = SURFACE_STYLE_FILL_AREA ( #526 ) ;
#1064 = PRESENTATION_STYLE_ASSIGNMENT (( #663 ) ) ;
#1065 =( LENGTH_UNIT ( ) NAMED_UNIT ( * ) SI_UNIT ( .MILLI., .METRE. ) );
#1066 = EDGE_CURVE ( 'NONE', #6021, #3264, #4860, .T. ) ;
#1067 = LINE ( 'NONE', #641, #5949 ) ;
#1068 = DIRECTION ( 'NONE',  ( -1.000000000000000000, 0.000000000000000000, 0.000000000000000000 ) ) ;
#1069 = DIRECTION ( 'NONE',  ( 1.000000000000000000, 0.000000000000000000, 0.000000000000000000 ) ) ;
#1070 = CARTESIAN_POINT ( 'NONE',  ( 28.19999999999999929, -19.50000000000000000, 12.19999999999999929 ) ) ;
#1071 = EDGE_LOOP ( 'NONE', ( #5601, #5900, #5840, #5071 ) ) ;
#1072 = SURFACE_STYLE_USAGE ( .BOTH. , #5688 ) ;
#1073 = PRESENTATION_LAYER_ASSIGNMENT (  '', '', ( #2240 ) ) ;
#1074 = ORIENTED_EDGE ( 'NONE', *, *, #3604, .F. ) ;
#1075 = PRESENTATION_LAYER_ASSIGNMENT (  '', '', ( #968 ) ) ;
#1076 = LINE ( 'NONE', #543, #4793 ) ;
#1077 = DIRECTION ( 'NONE',  ( 0.000000000000000000, 0.000000000000000000, 1.000000000000000000 ) ) ;
#1078 = EDGE_CURVE ( 'NONE', #4735, #6446, #3757, .T. ) ;
#1079 = ORIENTED_EDGE ( 'NONE', *, *, #186, .F. ) ;
#1080 = SURFACE_STYLE_USAGE ( .BOTH. , #3139 ) ;
#1081 = CARTESIAN_POINT ( 'NONE',  ( 25.39999999999999858, 0.000000000000000000, -3.999999999999999112 ) ) ;
#1082 = CARTESIAN_POINT ( 'NONE',  ( 30.20000000000000284, -17.50000000000000000, 12.69999999999999929 ) ) ;
#1083 = ORIENTED_EDGE ( 'NONE', *, *, #5883, .T. ) ;
#1084 = SURFACE_STYLE_USAGE ( .BOTH. , #4478 ) ;
#1085 = EDGE_LOOP ( 'NONE', ( #1582, #1311, #4107, #731 ) ) ;
#1086 = DIRECTION ( 'NONE',  ( -1.000000000000000000, 0.000000000000000000, 0.000000000000000000 ) ) ;
#1087 = DIRECTION ( 'NONE',  ( 0.000000000000000000, 0.000000000000000000, -1.000000000000000000 ) ) ;
#1088 = EDGE_CURVE ( 'NONE', #5893, #4884, #3258, .T. ) ;
#1089 = AXIS2_PLACEMENT_3D ( 'NONE', #6151, #4209, #4171 ) ;
#1090 = CARTESIAN_POINT ( 'NONE',  ( -28.29999999999999716, 19.40000000000000213, 12.69999999999999929 ) ) ;
#1091 = PRESENTATION_STYLE_ASSIGNMENT (( #16 ) ) ;
#1092 = CIRCLE ( 'NONE', #3532, 0.09999999999999939493 ) ;
#1093 = MECHANICAL_DESIGN_GEOMETRIC_PRESENTATION_REPRESENTATION (  '', ( #1726 ), #2796 ) ;
#1094 = CARTESIAN_POINT ( 'NONE',  ( -23.59999999999999787, 13.08000000000000007, 12.69999999999999929 ) ) ;
#1095 = FACE_OUTER_BOUND ( 'NONE', #5229, .T. ) ;
#1096 = MECHANICAL_DESIGN_GEOMETRIC_PRESENTATION_REPRESENTATION (  '', ( #4193 ), #776 ) ;
#1097 = ADVANCED_FACE ( 'NONE', ( #5813 ), #4297, .T. ) ;
#1098 = CARTESIAN_POINT ( 'NONE',  ( 25.10000000000000142, 13.08000000000000007, 12.69999999999999929 ) ) ;
#1099 = VECTOR ( 'NONE', #2630, 1000.000000000000000 ) ;
#1100 = ADVANCED_FACE ( 'NONE', ( #2349 ), #379, .T. ) ;
#1101 = VERTEX_POINT ( 'NONE', #5350 ) ;
#1102 = DIRECTION ( 'NONE',  ( 1.000000000000000000, 0.000000000000000000, 0.000000000000000000 ) ) ;
#1103 = AXIS2_PLACEMENT_3D ( 'NONE', #3006, #2505, #3043 ) ;
#1104 = AXIS2_PLACEMENT_3D ( 'NONE', #6439, #6339, #5824 ) ;
#1105 = SURFACE_STYLE_USAGE ( .BOTH. , #1603 ) ;
#1106 = VERTEX_POINT ( 'NONE', #1385 ) ;
#1107 = CARTESIAN_POINT ( 'NONE',  ( 28.19999999999999929, 19.40000000000000213, 12.69999999999999929 ) ) ;
#1108 = UNCERTAINTY_MEASURE_WITH_UNIT (LENGTH_MEASURE( 1.000000000000000082E-05 ), #1304, 'distance_accuracy_value', 'NONE');
#1109 = ADVANCED_FACE ( 'NONE', ( #4805 ), #2414, .F. ) ;
#1110 = DIRECTION ( 'NONE',  ( -1.000000000000000000, 0.000000000000000000, 0.000000000000000000 ) ) ;
#1111 = COLOUR_RGB ( '',1.000000000000000000, 1.000000000000000000, 1.000000000000000000 ) ;
#1112 = AXIS2_PLACEMENT_3D ( 'NONE', #6640, #916, #2943 ) ;
#1113 = VERTEX_POINT ( 'NONE', #1515 ) ;
#1114 = DIRECTION ( 'NONE',  ( -1.000000000000000000, 0.000000000000000000, 0.000000000000000000 ) ) ;
#1115 = FACE_OUTER_BOUND ( 'NONE', #1627, .T. ) ;
#1116 = VECTOR ( 'NONE', #4905, 1000.000000000000000 ) ;
#1117 = EDGE_CURVE ( 'NONE', #1682, #417, #2585, .T. ) ;
#1118 = DIRECTION ( 'NONE',  ( 0.000000000000000000, 0.000000000000000000, -1.000000000000000000 ) ) ;
#1119 = EDGE_LOOP ( 'NONE', ( #2378, #680, #5299, #1467, #3140, #6584, #105, #5056, #5668, #1950, #2942 ) ) ;
#1120 = VECTOR ( 'NONE', #4534, 1000.000000000000000 ) ;
#1121 = EDGE_CURVE ( 'NONE', #377, #6044, #3512, .T. ) ;
#1122 = ORIENTED_EDGE ( 'NONE', *, *, #4078, .F. ) ;
#1123 = DIRECTION ( 'NONE',  ( -1.000000000000000000, 0.000000000000000000, 0.000000000000000000 ) ) ;
#1124 = VECTOR ( 'NONE', #3901, 1000.000000000000000 ) ;
#1125 = CARTESIAN_POINT ( 'NONE',  ( 29.19999999999999929, -18.50000000000000000, 12.19999999999999929 ) ) ;
#1126 = DIRECTION ( 'NONE',  ( 1.000000000000000000, 0.000000000000000000, 0.000000000000000000 ) ) ;
#1127 = DIRECTION ( 'NONE',  ( 0.000000000000000000, 0.000000000000000000, -1.000000000000000000 ) ) ;
#1128 = VECTOR ( 'NONE', #5829, 1000.000000000000000 ) ;
#1129 = EDGE_LOOP ( 'NONE', ( #3784, #434, #5325, #1083 ) ) ;
#1130 = CYLINDRICAL_SURFACE ( 'NONE', #1431, 0.5000000000000004441 ) ;
#1131 = VECTOR ( 'NONE', #6470, 1000.000000000000000 ) ;
#1132 = LINE ( 'NONE', #3664, #2465 ) ;
#1133 = VECTOR ( 'NONE', #5170, 1000.000000000000000 ) ;
#1134 = ADVANCED_FACE ( 'NONE', ( #6135 ), #6206, .F. ) ;
#1135 = ORIENTED_EDGE ( 'NONE', *, *, #1066, .T. ) ;
#1136 =( NAMED_UNIT ( * ) PLANE_ANGLE_UNIT ( ) SI_UNIT ( $, .RADIAN. ) );
#1137 = DIRECTION ( 'NONE',  ( -1.000000000000000000, 0.000000000000000000, 0.000000000000000000 ) ) ;
#1138 = CARTESIAN_POINT ( 'NONE',  ( -29.80000000000000071, 17.50000000000000000, 12.19999999999999929 ) ) ;
#1139 = ORIENTED_EDGE ( 'NONE', *, *, #3463, .T. ) ;
#1140 =( NAMED_UNIT ( * ) PLANE_ANGLE_UNIT ( ) SI_UNIT ( $, .RADIAN. ) );
#1141 = DIRECTION ( 'NONE',  ( 0.000000000000000000, 0.000000000000000000, 1.000000000000000000 ) ) ;
#1142 = DIRECTION ( 'NONE',  ( 0.000000000000000000, 0.000000000000000000, 1.000000000000000000 ) ) ;
#1143 = AXIS2_PLACEMENT_3D ( 'NONE', #4867, #864, #1329 ) ;
#1144 = ORIENTED_EDGE ( 'NONE', *, *, #6535, .F. ) ;
#1145 =( LENGTH_UNIT ( ) NAMED_UNIT ( * ) SI_UNIT ( .MILLI., .METRE. ) );
#1146 =( NAMED_UNIT ( * ) PLANE_ANGLE_UNIT ( ) SI_UNIT ( $, .RADIAN. ) );
#1147 = PRESENTATION_STYLE_ASSIGNMENT (( #6202 ) ) ;
#1148 = ORIENTED_EDGE ( 'NONE', *, *, #963, .T. ) ;
#1149 = PRESENTATION_STYLE_ASSIGNMENT (( #1681 ) ) ;
#1150 = EDGE_LOOP ( 'NONE', ( #2887, #3648 ) ) ;
#1151 = EDGE_CURVE ( 'NONE', #2965, #333, #3756, .T. ) ;
#1152 = CYLINDRICAL_SURFACE ( 'NONE', #3964, 0.09999999999999939493 ) ;
#1153 = EDGE_LOOP ( 'NONE', ( #3144, #4394, #5756, #2250 ) ) ;
#1154 = CARTESIAN_POINT ( 'NONE',  ( -29.80000000000000071, 18.00000000000000000, 12.69999999999999929 ) ) ;
#1155 = CYLINDRICAL_SURFACE ( 'NONE', #800, 0.7500000000000006661 ) ;
#1156 = DIRECTION ( 'NONE',  ( -8.673617379884240576E-15, -1.000000000000000000, -0.000000000000000000 ) ) ;
#1157 = CARTESIAN_POINT ( 'NONE',  ( -29.80000000000000071, 17.50000000000000000, 12.69999999999999929 ) ) ;
#1158 = CIRCLE ( 'NONE', #4486, 0.3000000000000224709 ) ;
#1159 =( NAMED_UNIT ( * ) PLANE_ANGLE_UNIT ( ) SI_UNIT ( $, .RADIAN. ) );
#1160 = EDGE_LOOP ( 'NONE', ( #4491, #1917, #2437, #403 ) ) ;
#1161 = UNCERTAINTY_MEASURE_WITH_UNIT (LENGTH_MEASURE( 1.000000000000000082E-05 ), #5058, 'distance_accuracy_value', 'NONE');
#1162 = AXIS2_PLACEMENT_3D ( 'NONE', #4840, #2891, #6527 ) ;
#1163 = FACE_OUTER_BOUND ( 'NONE', #157, .T. ) ;
#1164 = EDGE_CURVE ( 'NONE', #2707, #4290, #880, .T. ) ;
#1165 = FACE_OUTER_BOUND ( 'NONE', #368, .T. ) ;
#1166 = FACE_BOUND ( 'NONE', #3912, .T. ) ;
#1167 = CIRCLE ( 'NONE', #5785, 0.7500000000000006661 ) ;
#1168 =( LENGTH_UNIT ( ) NAMED_UNIT ( * ) SI_UNIT ( .MILLI., .METRE. ) );
#1169 = EDGE_LOOP ( 'NONE', ( #5428, #3387, #2721, #5767 ) ) ;
#1170 = PRESENTATION_STYLE_ASSIGNMENT (( #1797 ) ) ;
#1171 =( NAMED_UNIT ( * ) PLANE_ANGLE_UNIT ( ) SI_UNIT ( $, .RADIAN. ) );
#1172 = ORIENTED_EDGE ( 'NONE', *, *, #5406, .F. ) ;
#1173 = EDGE_CURVE ( 'NONE', #6651, #5984, #4974, .T. ) ;
#1174 = SURFACE_STYLE_USAGE ( .BOTH. , #2611 ) ;
#1175 = SURFACE_SIDE_STYLE ('',( #1635 ) ) ;
#1176 = FILL_AREA_STYLE_COLOUR ( '', #5061 ) ;
#1177 = VERTEX_POINT ( 'NONE', #6620 ) ;
#1178 = CARTESIAN_POINT ( 'NONE',  ( 25.89999999999999858, 3.810000000000000053, -3.999999999999999112 ) ) ;
#1179 = DIRECTION ( 'NONE',  ( 0.000000000000000000, 0.000000000000000000, 1.000000000000000000 ) ) ;
#1180 =( NAMED_UNIT ( * ) SI_UNIT ( $, .STERADIAN. ) SOLID_ANGLE_UNIT ( ) );
#1181 = EDGE_LOOP ( 'NONE', ( #3710, #4226, #4371, #1500 ) ) ;
#1182 = CARTESIAN_POINT ( 'NONE',  ( -29.30000000000000071, -18.39999999999999858, 12.19999999999999929 ) ) ;
#1183 = ADVANCED_FACE ( 'NONE', ( #2550 ), #2447, .F. ) ;
#1184 = ORIENTED_EDGE ( 'NONE', *, *, #1268, .F. ) ;
#1185 = DIRECTION ( 'NONE',  ( 0.000000000000000000, 1.000000000000000000, 0.000000000000000000 ) ) ;
#1186 = ORIENTED_EDGE ( 'NONE', *, *, #6496, .T. ) ;
#1187 = FILL_AREA_STYLE ('',( #4722 ) ) ;
#1188 = CARTESIAN_POINT ( 'NONE',  ( 30.30000000000000071, 17.39999999999999858, 12.69999999999999929 ) ) ;
#1189 = DIRECTION ( 'NONE',  ( 0.000000000000000000, 0.000000000000000000, 1.000000000000000000 ) ) ;
#1190 = DIRECTION ( 'NONE',  ( -1.000000000000000000, 0.000000000000000000, 0.000000000000000000 ) ) ;
#1191 = SURFACE_STYLE_FILL_AREA ( #2148 ) ;
#1192 = ORIENTED_EDGE ( 'NONE', *, *, #5190, .T. ) ;
#1193 = CARTESIAN_POINT ( 'NONE',  ( -29.19999999999999929, 18.50000000000000000, 12.69999999999999929 ) ) ;
#1194 = CARTESIAN_POINT ( 'NONE',  ( 29.19999999999999929, -18.39999999999999858, 12.19999999999999929 ) ) ;
#1195 = DIRECTION ( 'NONE',  ( 0.000000000000000000, 0.000000000000000000, 1.000000000000000000 ) ) ;
#1196 = VECTOR ( 'NONE', #1350, 1000.000000000000000 ) ;
#1197 = AXIS2_PLACEMENT_3D ( 'NONE', #1254, #6345, #3209 ) ;
#1198 = DIRECTION ( 'NONE',  ( 1.000000000000000000, 0.000000000000000000, 0.000000000000000000 ) ) ;
#1199 = DIRECTION ( 'NONE',  ( 1.000000000000000000, 0.000000000000000000, 0.000000000000000000 ) ) ;
#1200 = PRESENTATION_LAYER_ASSIGNMENT (  '', '', ( #4193 ) ) ;
#1201 = EDGE_LOOP ( 'NONE', ( #2918, #4952, #4578, #2372, #4800, #852, #6005, #6367, #2803, #3952, #4396, #4313, #4815, #2043, #3282, #5732, #1575, #3672, #6067, #959, #5265, #751, #2471, #2363, #2878, #6302, #1543, #3926, #629, #940, #169, #1289, #1517, #4749, #2741, #5488, #3993, #380, #3642, #5492 ) ) ;
#1202 = DIRECTION ( 'NONE',  ( -1.000000000000000000, 0.000000000000000000, 0.000000000000000000 ) ) ;
#1203 = DIRECTION ( 'NONE',  ( 0.000000000000000000, 0.000000000000000000, 1.000000000000000000 ) ) ;
#1204 = CARTESIAN_POINT ( 'NONE',  ( 29.19999999999999929, -18.39999999999999858, 12.69999999999999929 ) ) ;
#1205 = ORIENTED_EDGE ( 'NONE', *, *, #3428, .F. ) ;
#1206 = MECHANICAL_DESIGN_GEOMETRIC_PRESENTATION_REPRESENTATION (  '', ( #1951 ), #4524 ) ;
#1207 = CARTESIAN_POINT ( 'NONE',  ( 23.59999999999999787, 13.08000000000000007, 12.19999999999999929 ) ) ;
#1208 = CARTESIAN_POINT ( 'NONE',  ( 24.64999999999999858, 3.810000000000000053, -0.1999999999999996503 ) ) ;
#1209 = ADVANCED_FACE ( 'NONE', ( #2080 ), #4543, .F. ) ;
#1210 = VERTEX_POINT ( 'NONE', #1683 ) ;
#1211 = DIRECTION ( 'NONE',  ( 1.000000000000000000, 0.000000000000000000, 0.000000000000000000 ) ) ;
#1212 = DIRECTION ( 'NONE',  ( 0.000000000000000000, 0.000000000000000000, 1.000000000000000000 ) ) ;
#1213 = CIRCLE ( 'NONE', #4982, 0.09999999999999939493 ) ;
#1214 =( LENGTH_UNIT ( ) NAMED_UNIT ( * ) SI_UNIT ( .MILLI., .METRE. ) );
#1215 = COLOUR_RGB ( '',1.000000000000000000, 1.000000000000000000, 0.5019607843137254832 ) ;
#1216 = LINE ( 'NONE', #200, #4228 ) ;
#1217 = DIRECTION ( 'NONE',  ( 0.000000000000000000, 0.000000000000000000, -1.000000000000000000 ) ) ;
#1218 = EDGE_LOOP ( 'NONE', ( #2654, #2160, #5722, #284 ) ) ;
#1219 = AXIS2_PLACEMENT_3D ( 'NONE', #4002, #2889, #5578 ) ;
#1220 = CIRCLE ( 'NONE', #901, 1.500000000000001332 ) ;
#1221 = MECHANICAL_DESIGN_GEOMETRIC_PRESENTATION_REPRESENTATION (  '', ( #2915 ), #3228 ) ;
#1222 = CARTESIAN_POINT ( 'NONE',  ( 25.89999999999999858, -6.123233995736740151E-17, -0.1999999999999996503 ) ) ;
#1223 = EDGE_LOOP ( 'NONE', ( #1074, #76, #5992, #5528, #4644, #6530, #5663, #5848, #1878, #6056, #5105 ) ) ;
#1224 = DIRECTION ( 'NONE',  ( 0.000000000000000000, 0.000000000000000000, -1.000000000000000000 ) ) ;
#1225 = ADVANCED_FACE ( 'NONE', ( #3721 ), #3143, .F. ) ;
#1226 = VECTOR ( 'NONE', #5902, 1000.000000000000000 ) ;
#1227 = AXIS2_PLACEMENT_3D ( 'NONE', #2266, #3362, #4315 ) ;
#1228 = CARTESIAN_POINT ( 'NONE',  ( -30.20000000000000284, -17.50000000000000000, 12.19999999999999929 ) ) ;
#1229 = VECTOR ( 'NONE', #2885, 999.9999999999998863 ) ;
#1230 = PRESENTATION_STYLE_ASSIGNMENT (( #275 ) ) ;
#1231 = ORIENTED_EDGE ( 'NONE', *, *, #3257, .F. ) ;
#1232 = FACE_BOUND ( 'NONE', #5927, .T. ) ;
#1233 = DIRECTION ( 'NONE',  ( 0.000000000000000000, 0.000000000000000000, 1.000000000000000000 ) ) ;
#1234 = CYLINDRICAL_SURFACE ( 'NONE', #6297, 0.7500000000000006661 ) ;
#1235 = EDGE_CURVE ( 'NONE', #2188, #3291, #670, .T. ) ;
#1236 = CARTESIAN_POINT ( 'NONE',  ( 30.30000000000000071, 19.50000000000000000, 12.69999999999999929 ) ) ;
#1237 = EDGE_CURVE ( 'NONE', #5466, #5797, #5179, .T. ) ;
#1238 = FILL_AREA_STYLE ('',( #3858 ) ) ;
#1239 = MECHANICAL_DESIGN_GEOMETRIC_PRESENTATION_REPRESENTATION (  '', ( #3462 ), #4334 ) ;
#1240 = CYLINDRICAL_SURFACE ( 'NONE', #885, 0.7500000000000006661 ) ;
#1241 = LINE ( 'NONE', #4945, #2109 ) ;
#1242 = COLOUR_RGB ( '',1.000000000000000000, 1.000000000000000000, 1.000000000000000000 ) ;
#1243 = ORIENTED_EDGE ( 'NONE', *, *, #1740, .F. ) ;
#1244 = DIRECTION ( 'NONE',  ( 0.000000000000000000, 0.000000000000000000, -1.000000000000000000 ) ) ;
#1245 = CARTESIAN_POINT ( 'NONE',  ( -25.69999999999999929, -7.620000000000000107, -3.999999999999999112 ) ) ;
#1246 = VERTEX_POINT ( 'NONE', #1222 ) ;
#1247 = DIRECTION ( 'NONE',  ( 0.000000000000000000, 1.000000000000000000, 0.000000000000000000 ) ) ;
#1248 = CARTESIAN_POINT ( 'NONE',  ( -30.20000000000000284, -17.39999999999999858, 12.19999999999999929 ) ) ;
#1249 = ADVANCED_FACE ( 'NONE', ( #2679 ), #2652, .T. ) ;
#1250 = AXIS2_PLACEMENT_3D ( 'NONE', #2049, #4092, #1190 ) ;
#1251 = VERTEX_POINT ( 'NONE', #726 ) ;
#1252 = ORIENTED_EDGE ( 'NONE', *, *, #4865, .T. ) ;
#1253 = CIRCLE ( 'NONE', #3356, 0.7500000000000006661 ) ;
#1254 = CARTESIAN_POINT ( 'NONE',  ( 23.59999999999999787, 13.08000000000000007, -17.30000000000000071 ) ) ;
#1255 = VERTEX_POINT ( 'NONE', #5297 ) ;
#1256 =( NAMED_UNIT ( * ) SI_UNIT ( $, .STERADIAN. ) SOLID_ANGLE_UNIT ( ) );
#1257 =( NAMED_UNIT ( * ) PLANE_ANGLE_UNIT ( ) SI_UNIT ( $, .RADIAN. ) );
#1258 = FACE_BOUND ( 'NONE', #57, .T. ) ;
#1259 = EDGE_LOOP ( 'NONE', ( #871, #658, #1676, #1611, #1057, #3767, #2910, #1486 ) ) ;
#1260 = EDGE_CURVE ( 'NONE', #5818, #122, #4192, .T. ) ;
#1261 = EDGE_CURVE ( 'NONE', #4475, #1101, #1092, .T. ) ;
#1262 = CARTESIAN_POINT ( 'NONE',  ( -29.19999999999999929, -18.39999999999999858, 12.69999999999999929 ) ) ;
#1263 = LINE ( 'NONE', #5308, #1226 ) ;
#1264 = FACE_OUTER_BOUND ( 'NONE', #3902, .T. ) ;
#1265 = SURFACE_SIDE_STYLE ('',( #3793 ) ) ;
#1266 =( GEOMETRIC_REPRESENTATION_CONTEXT ( 3 ) GLOBAL_UNCERTAINTY_ASSIGNED_CONTEXT ( ( #4466 ) ) GLOBAL_UNIT_ASSIGNED_CONTEXT ( ( #6583, #6617, #6517 ) ) REPRESENTATION_CONTEXT ( 'NONE', 'WORKASPACE' ) );
#1267 = AXIS2_PLACEMENT_3D ( 'NONE', #5780, #1203, #1668 ) ;
#1268 = EDGE_CURVE ( 'NONE', #1911, #6188, #4689, .T. ) ;
#1269 = AXIS2_PLACEMENT_3D ( 'NONE', #2042, #2720, #4260 ) ;
#1270 = DIRECTION ( 'NONE',  ( -1.000000000000000000, 0.000000000000000000, 0.000000000000000000 ) ) ;
#1271 = FILL_AREA_STYLE ('',( #5908 ) ) ;
#1272 = ORIENTED_EDGE ( 'NONE', *, *, #4737, .F. ) ;
#1273 = CARTESIAN_POINT ( 'NONE',  ( 30.30000000000000071, -17.39999999999999858, 12.69999999999999929 ) ) ;
#1274 = PLANE ( 'NONE',  #4999 ) ;
#1275 = ORIENTED_EDGE ( 'NONE', *, *, #2264, .F. ) ;
#1276 = DIRECTION ( 'NONE',  ( 1.000000000000000000, 0.000000000000000000, 0.000000000000000000 ) ) ;
#1277 = DIRECTION ( 'NONE',  ( -1.000000000000000000, 0.000000000000000000, 0.000000000000000000 ) ) ;
#1278 = DIRECTION ( 'NONE',  ( 1.000000000000000000, 0.000000000000000000, 0.000000000000000000 ) ) ;
#1279 = ORIENTED_EDGE ( 'NONE', *, *, #100, .T. ) ;
#1280 = CARTESIAN_POINT ( 'NONE',  ( -22.10000000000000142, 13.08000000000000007, -17.30000000000000071 ) ) ;
#1281 = ORIENTED_EDGE ( 'NONE', *, *, #5713, .F. ) ;
#1282 = ADVANCED_FACE ( 'NONE', ( #3687 ), #1614, .F. ) ;
#1283 = ORIENTED_EDGE ( 'NONE', *, *, #1823, .T. ) ;
#1284 = SURFACE_SIDE_STYLE ('',( #2784 ) ) ;
#1285 = FACE_OUTER_BOUND ( 'NONE', #1938, .T. ) ;
#1286 = LINE ( 'NONE', #1573, #4909 ) ;
#1287 = AXIS2_PLACEMENT_3D ( 'NONE', #1436, #4598, #2033 ) ;
#1288 = CARTESIAN_POINT ( 'NONE',  ( 25.39999999999999858, -3.810000000000000053, -3.999999999999999112 ) ) ;
#1289 = ORIENTED_EDGE ( 'NONE', *, *, #4031, .T. ) ;
#1290 = VECTOR ( 'NONE', #2159, 1000.000000000000000 ) ;
#1291 = DIRECTION ( 'NONE',  ( 1.000000000000000000, 0.000000000000000000, 0.000000000000000000 ) ) ;
#1292 = DIRECTION ( 'NONE',  ( 1.000000000000000000, 0.000000000000000000, 0.000000000000000000 ) ) ;
#1293 =( NAMED_UNIT ( * ) SI_UNIT ( $, .STERADIAN. ) SOLID_ANGLE_UNIT ( ) );
#1294 = SURFACE_STYLE_USAGE ( .BOTH. , #1265 ) ;
#1295 = ADVANCED_FACE ( 'NONE', ( #6272 ), #1152, .T. ) ;
#1296 = UNCERTAINTY_MEASURE_WITH_UNIT (LENGTH_MEASURE( 1.000000000000000082E-05 ), #4806, 'distance_accuracy_value', 'NONE');
#1297 = FILL_AREA_STYLE_COLOUR ( '', #5935 ) ;
#1298 = CARTESIAN_POINT ( 'NONE',  ( 29.30000000000000071, 18.39999999999999858, 12.19999999999999929 ) ) ;
#1299 = CARTESIAN_POINT ( 'NONE',  ( 29.80000000000000071, 17.50000000000000000, 12.19999999999999929 ) ) ;
#1300 = EDGE_CURVE ( 'NONE', #2174, #945, #2406, .T. ) ;
#1301 = PRESENTATION_STYLE_ASSIGNMENT (( #3736 ) ) ;
#1302 = ORIENTED_EDGE ( 'NONE', *, *, #4890, .T. ) ;
#1303 = AXIS2_PLACEMENT_3D ( 'NONE', #4352, #3266, #4812 ) ;
#1304 =( LENGTH_UNIT ( ) NAMED_UNIT ( * ) SI_UNIT ( .MILLI., .METRE. ) );
#1305 = SURFACE_STYLE_FILL_AREA ( #3774 ) ;
#1306 = DIRECTION ( 'NONE',  ( 0.000000000000000000, 0.000000000000000000, 1.000000000000000000 ) ) ;
#1307 = ORIENTED_EDGE ( 'NONE', *, *, #2696, .F. ) ;
#1308 = CARTESIAN_POINT ( 'NONE',  ( -28.19999999999999929, -19.50000000000000000, 12.19999999999999929 ) ) ;
#1309 = LINE ( 'NONE', #291, #4530 ) ;
#1310 = SURFACE_SIDE_STYLE ('',( #2748 ) ) ;
#1311 = ORIENTED_EDGE ( 'NONE', *, *, #963, .F. ) ;
#1312 = ADVANCED_FACE ( 'NONE', ( #1381 ), #4361, .T. ) ;
#1313 = ORIENTED_EDGE ( 'NONE', *, *, #5243, .F. ) ;
#1314 = CIRCLE ( 'NONE', #5413, 0.3000000000000224709 ) ;
#1315 = ORIENTED_EDGE ( 'NONE', *, *, #4535, .T. ) ;
#1316 =( NAMED_UNIT ( * ) SI_UNIT ( $, .STERADIAN. ) SOLID_ANGLE_UNIT ( ) );
#1317 = ADVANCED_FACE ( 'NONE', ( #1778 ), #5369, .F. ) ;
#1318 = FILL_AREA_STYLE_COLOUR ( '', #6399 ) ;
#1319 = CYLINDRICAL_SURFACE ( 'NONE', #1880, 0.09999999999999939493 ) ;
#1320 = VECTOR ( 'NONE', #2515, 1000.000000000000000 ) ;
#1321 = DIRECTION ( 'NONE',  ( 1.000000000000000000, 0.000000000000000000, 0.000000000000000000 ) ) ;
#1322 = AXIS2_PLACEMENT_3D ( 'NONE', #6121, #2871, #1869 ) ;
#1323 = ORIENTED_EDGE ( 'NONE', *, *, #3472, .F. ) ;
#1324 =( NAMED_UNIT ( * ) SI_UNIT ( $, .STERADIAN. ) SOLID_ANGLE_UNIT ( ) );
#1325 = STYLED_ITEM ( 'NONE', ( #1091 ), #2141 ) ;
#1326 = VERTEX_POINT ( 'NONE', #1810 ) ;
#1327 = CIRCLE ( 'NONE', #5101, 0.09999999999999939493 ) ;
#1328 = SURFACE_STYLE_FILL_AREA ( #516 ) ;
#1329 = DIRECTION ( 'NONE',  ( -1.000000000000000000, 0.000000000000000000, 0.000000000000000000 ) ) ;
#1330 = AXIS2_PLACEMENT_3D ( 'NONE', #1262, #2350, #4403 ) ;
#1331 = PRESENTATION_LAYER_ASSIGNMENT (  '', '', ( #5734 ) ) ;
#1332 = VECTOR ( 'NONE', #356, 1000.000000000000000 ) ;
#1333 = VECTOR ( 'NONE', #3849, 1000.000000000000000 ) ;
#1334 = CARTESIAN_POINT ( 'NONE',  ( -23.59999999999999787, -13.08000000000000007, 12.19999999999999929 ) ) ;
#1335 = SURFACE_STYLE_FILL_AREA ( #6459 ) ;
#1336 = SURFACE_SIDE_STYLE ('',( #3391 ) ) ;
#1337 = CARTESIAN_POINT ( 'NONE',  ( 30.20000000000000284, 17.50000000000000000, 12.19999999999999929 ) ) ;
#1338 = ORIENTED_EDGE ( 'NONE', *, *, #1717, .T. ) ;
#1339 = CARTESIAN_POINT ( 'NONE',  ( 25.39999999999999858, 0.000000000000000000, -3.999999999999999112 ) ) ;
#1340 =( GEOMETRIC_REPRESENTATION_CONTEXT ( 3 ) GLOBAL_UNCERTAINTY_ASSIGNED_CONTEXT ( ( #4330 ) ) GLOBAL_UNIT_ASSIGNED_CONTEXT ( ( #3543, #70, #36 ) ) REPRESENTATION_CONTEXT ( 'NONE', 'WORKASPACE' ) );
#1341 = EDGE_CURVE ( 'NONE', #3616, #2833, #851, .T. ) ;
#1342 = LINE ( 'NONE', #3364, #655 ) ;
#1343 = ORIENTED_EDGE ( 'NONE', *, *, #4978, .F. ) ;
#1344 = DIRECTION ( 'NONE',  ( 0.000000000000000000, 0.000000000000000000, 1.000000000000000000 ) ) ;
#1345 = CIRCLE ( 'NONE', #2831, 0.7500000000000006661 ) ;
#1346 = FILL_AREA_STYLE ('',( #1472 ) ) ;
#1347 = EDGE_LOOP ( 'NONE', ( #918, #5834, #3685, #4960 ) ) ;
#1348 = DIRECTION ( 'NONE',  ( -1.000000000000000000, 0.000000000000000000, 0.000000000000000000 ) ) ;
#1349 = ORIENTED_EDGE ( 'NONE', *, *, #1803, .T. ) ;
#1350 = DIRECTION ( 'NONE',  ( 0.000000000000000000, -1.000000000000000000, 0.000000000000000000 ) ) ;
#1351 = AXIS2_PLACEMENT_3D ( 'NONE', #6299, #4112, #64 ) ;
#1352 = ORIENTED_EDGE ( 'NONE', *, *, #1957, .T. ) ;
#1353 = SURFACE_SIDE_STYLE ('',( #5962 ) ) ;
#1354 = SURFACE_STYLE_USAGE ( .BOTH. , #6479 ) ;
#1355 = PRESENTATION_LAYER_ASSIGNMENT (  '', '', ( #5867 ) ) ;
#1356 = CARTESIAN_POINT ( 'NONE',  ( 23.59999999999999787, 13.08000000000000007, -17.30000000000000071 ) ) ;
#1357 = VERTEX_POINT ( 'NONE', #5960 ) ;
#1358 = SURFACE_STYLE_FILL_AREA ( #4970 ) ;
#1359 = DIRECTION ( 'NONE',  ( 0.000000000000000000, 1.000000000000000000, 0.000000000000000000 ) ) ;
#1360 = ORIENTED_EDGE ( 'NONE', *, *, #4500, .T. ) ;
#1361 = UNCERTAINTY_MEASURE_WITH_UNIT (LENGTH_MEASURE( 1.000000000000000082E-05 ), #5207, 'distance_accuracy_value', 'NONE');
#1362 = EDGE_CURVE ( 'NONE', #6446, #2097, #3945, .T. ) ;
#1363 = PRESENTATION_STYLE_ASSIGNMENT (( #4346 ) ) ;
#1364 = PRESENTATION_LAYER_ASSIGNMENT (  '', '', ( #3490 ) ) ;
#1365 = PRESENTATION_STYLE_ASSIGNMENT (( #2766 ) ) ;
#1366 = DIRECTION ( 'NONE',  ( -1.000000000000000000, 0.000000000000000000, 0.000000000000000000 ) ) ;
#1367 = VERTEX_POINT ( 'NONE', #4927 ) ;
#1368 = AXIS2_PLACEMENT_3D ( 'NONE', #2482, #4582, #5642 ) ;
#1369 = DIRECTION ( 'NONE',  ( 1.000000000000000000, 0.000000000000000000, 0.000000000000000000 ) ) ;
#1370 = AXIS2_PLACEMENT_3D ( 'NONE', #2197, #677, #4214 ) ;
#1371 = CYLINDRICAL_SURFACE ( 'NONE', #5381, 0.09999999999999939493 ) ;
#1372 = ORIENTED_EDGE ( 'NONE', *, *, #6668, .T. ) ;
#1373 = SURFACE_STYLE_FILL_AREA ( #2364 ) ;
#1374 = DIRECTION ( 'NONE',  ( -1.000000000000000000, 0.000000000000000000, 0.000000000000000000 ) ) ;
#1375 = EDGE_CURVE ( 'NONE', #3968, #5526, #4967, .T. ) ;
#1376 = DIRECTION ( 'NONE',  ( 1.000000000000000000, 0.000000000000000000, 0.000000000000000000 ) ) ;
#1377 = ORIENTED_EDGE ( 'NONE', *, *, #6247, .T. ) ;
#1378 = CARTESIAN_POINT ( 'NONE',  ( -30.30000000000000071, 19.50000000000000000, 12.69999999999999929 ) ) ;
#1379 = UNCERTAINTY_MEASURE_WITH_UNIT (LENGTH_MEASURE( 1.000000000000000082E-05 ), #5764, 'distance_accuracy_value', 'NONE');
#1380 = ORIENTED_EDGE ( 'NONE', *, *, #616, .F. ) ;
#1381 = FACE_OUTER_BOUND ( 'NONE', #1743, .T. ) ;
#1382 = ORIENTED_EDGE ( 'NONE', *, *, #5368, .F. ) ;
#1383 = DIRECTION ( 'NONE',  ( 1.000000000000000000, 0.000000000000000000, 0.000000000000000000 ) ) ;
#1384 = EDGE_LOOP ( 'NONE', ( #1307, #5390, #6463, #5532 ) ) ;
#1385 = CARTESIAN_POINT ( 'NONE',  ( 25.10000000000000142, -13.08000000000000007, 12.69999999999999929 ) ) ;
#1386 = EDGE_CURVE ( 'NONE', #1911, #448, #3749, .T. ) ;
#1387 = ORIENTED_EDGE ( 'NONE', *, *, #2441, .F. ) ;
#1388 = CYLINDRICAL_SURFACE ( 'NONE', #4996, 0.5000000000000004441 ) ;
#1389 = ORIENTED_EDGE ( 'NONE', *, *, #4731, .T. ) ;
#1390 = DIRECTION ( 'NONE',  ( 1.000000000000000000, 0.000000000000000000, 0.000000000000000000 ) ) ;
#1391 = SURFACE_SIDE_STYLE ('',( #3064 ) ) ;
#1392 = COLOUR_RGB ( '',1.000000000000000000, 1.000000000000000000, 0.5019607843137254832 ) ;
#1393 = ADVANCED_FACE ( 'NONE', ( #329 ), #2370, .T. ) ;
#1394 = DIRECTION ( 'NONE',  ( 0.000000000000000000, 0.000000000000000000, 1.000000000000000000 ) ) ;
#1395 =( NAMED_UNIT ( * ) PLANE_ANGLE_UNIT ( ) SI_UNIT ( $, .RADIAN. ) );
#1396 = LINE ( 'NONE', #907, #1862 ) ;
#1397 = VERTEX_POINT ( 'NONE', #5593 ) ;
#1398 =( LENGTH_UNIT ( ) NAMED_UNIT ( * ) SI_UNIT ( .MILLI., .METRE. ) );
#1399 =( NAMED_UNIT ( * ) SI_UNIT ( $, .STERADIAN. ) SOLID_ANGLE_UNIT ( ) );
#1400 = CARTESIAN_POINT ( 'NONE',  ( 30.30000000000000071, 19.50000000000000000, 12.69999999999999929 ) ) ;
#1401 = VERTEX_POINT ( 'NONE', #2011 ) ;
#1402 = PRESENTATION_STYLE_ASSIGNMENT (( #5085 ) ) ;
#1403 = CARTESIAN_POINT ( 'NONE',  ( 29.19999999999999929, -18.50000000000000000, 12.19999999999999929 ) ) ;
#1404 = PRESENTATION_LAYER_ASSIGNMENT (  '', '', ( #6142 ) ) ;
#1405 = CARTESIAN_POINT ( 'NONE',  ( -29.19999999999999929, 18.50000000000000000, 12.69999999999999929 ) ) ;
#1406 = ORIENTED_EDGE ( 'NONE', *, *, #3052, .T. ) ;
#1407 = DIRECTION ( 'NONE',  ( 0.000000000000000000, 0.000000000000000000, 1.000000000000000000 ) ) ;
#1408 = ORIENTED_EDGE ( 'NONE', *, *, #2999, .T. ) ;
#1409 = COLOUR_RGB ( '',1.000000000000000000, 1.000000000000000000, 1.000000000000000000 ) ;
#1410 = COLOUR_RGB ( '',1.000000000000000000, 1.000000000000000000, 0.5019607843137254832 ) ;
#1411 = VERTEX_POINT ( 'NONE', #1476 ) ;
#1412 = CARTESIAN_POINT ( 'NONE',  ( 26.14999999999999858, 3.810000000000000053, -0.1999999999999996503 ) ) ;
#1413 = CARTESIAN_POINT ( 'NONE',  ( -28.80000000000000071, 18.50000000000000000, 12.19999999999999929 ) ) ;
#1414 = STYLED_ITEM ( 'NONE', ( #1895 ), #5743 ) ;
#1415 = PRESENTATION_STYLE_ASSIGNMENT (( #2445 ) ) ;
#1416 = DIRECTION ( 'NONE',  ( 0.000000000000000000, 0.000000000000000000, 1.000000000000000000 ) ) ;
#1417 = ORIENTED_EDGE ( 'NONE', *, *, #5665, .F. ) ;
#1418 = EDGE_CURVE ( 'NONE', #4405, #4360, #3981, .T. ) ;
#1419 = ORIENTED_EDGE ( 'NONE', *, *, #2851, .F. ) ;
#1420 = FACE_OUTER_BOUND ( 'NONE', #3907, .T. ) ;
#1421 = FILL_AREA_STYLE ('',( #1488 ) ) ;
#1422 = FACE_OUTER_BOUND ( 'NONE', #2331, .T. ) ;
#1423 = CIRCLE ( 'NONE', #2698, 0.7500000000000006661 ) ;
#1424 = AXIS2_PLACEMENT_3D ( 'NONE', #5566, #957, #2982 ) ;
#1425 = AXIS2_PLACEMENT_3D ( 'NONE', #1427, #996, #1522 ) ;
#1426 = AXIS2_PLACEMENT_3D ( 'NONE', #3302, #266, #6444 ) ;
#1427 = CARTESIAN_POINT ( 'NONE',  ( 25.39999999999999858, 3.810000000000000053, -0.1999999999999996503 ) ) ;
#1428 = CIRCLE ( 'NONE', #2493, 0.09999999999999939493 ) ;
#1429 = SURFACE_STYLE_FILL_AREA ( #6042 ) ;
#1430 = PRESENTATION_STYLE_ASSIGNMENT (( #531 ) ) ;
#1431 = AXIS2_PLACEMENT_3D ( 'NONE', #5242, #2628, #2050 ) ;
#1432 = LINE ( 'NONE', #804, #1124 ) ;
#1433 = ORIENTED_EDGE ( 'NONE', *, *, #3747, .T. ) ;
#1434 = EDGE_CURVE ( 'NONE', #4957, #752, #4854, .T. ) ;
#1435 = DIRECTION ( 'NONE',  ( 1.000000000000000000, 0.000000000000000000, 0.000000000000000000 ) ) ;
#1436 = CARTESIAN_POINT ( 'NONE',  ( 25.39999999999999858, 0.000000000000000000, -0.1999999999999996503 ) ) ;
#1437 = PRESENTATION_LAYER_ASSIGNMENT (  '', '', ( #707 ) ) ;
#1438 = CIRCLE ( 'NONE', #2067, 0.09999999999999939493 ) ;
#1439 = ORIENTED_EDGE ( 'NONE', *, *, #3319, .F. ) ;
#1440 = CARTESIAN_POINT ( 'NONE',  ( -28.29999999999999716, 19.40000000000000213, 12.19999999999999929 ) ) ;
#1441 = DIRECTION ( 'NONE',  ( 0.000000000000000000, 0.000000000000000000, -1.000000000000000000 ) ) ;
#1442 = CIRCLE ( 'NONE', #2935, 0.09999999999999939493 ) ;
#1443 = FACE_OUTER_BOUND ( 'NONE', #2139, .T. ) ;
#1444 = VERTEX_POINT ( 'NONE', #3047 ) ;
#1445 = DIRECTION ( 'NONE',  ( 0.000000000000000000, 0.000000000000000000, 1.000000000000000000 ) ) ;
#1446 = UNCERTAINTY_MEASURE_WITH_UNIT (LENGTH_MEASURE( 1.000000000000000082E-05 ), #4222, 'distance_accuracy_value', 'NONE');
#1447 = FACE_OUTER_BOUND ( 'NONE', #265, .T. ) ;
#1448 = EDGE_CURVE ( 'NONE', #5263, #1251, #5628, .T. ) ;
#1449 = ORIENTED_EDGE ( 'NONE', *, *, #2108, .T. ) ;
#1450 = FILL_AREA_STYLE_COLOUR ( '', #3700 ) ;
#1451 = STYLED_ITEM ( 'NONE', ( #4673 ), #4200 ) ;
#1452 = CARTESIAN_POINT ( 'NONE',  ( 29.30000000000000071, -18.00000000000000000, 12.69999999999999929 ) ) ;
#1453 = CARTESIAN_POINT ( 'NONE',  ( 22.10000000000000142, 13.08000000000000007, 12.69999999999999929 ) ) ;
#1454 = SURFACE_STYLE_USAGE ( .BOTH. , #1483 ) ;
#1455 = FACE_BOUND ( 'NONE', #2229, .T. ) ;
#1456 = PRESENTATION_LAYER_ASSIGNMENT (  '', '', ( #4344 ) ) ;
#1457 = ORIENTED_EDGE ( 'NONE', *, *, #2208, .F. ) ;
#1458 = CARTESIAN_POINT ( 'NONE',  ( -23.59999999999999787, 13.08000000000000007, -17.30000000000000071 ) ) ;
#1459 = EDGE_LOOP ( 'NONE', ( #2778, #203, #5957, #4522 ) ) ;
#1460 = DIRECTION ( 'NONE',  ( 1.000000000000000000, 0.000000000000000000, 0.000000000000000000 ) ) ;
#1461 =( GEOMETRIC_REPRESENTATION_CONTEXT ( 3 ) GLOBAL_UNCERTAINTY_ASSIGNED_CONTEXT ( ( #4727 ) ) GLOBAL_UNIT_ASSIGNED_CONTEXT ( ( #3030, #6625, #1520 ) ) REPRESENTATION_CONTEXT ( 'NONE', 'WORKASPACE' ) );
#1462 = PRESENTATION_STYLE_ASSIGNMENT (( #3999 ) ) ;
#1463 = EDGE_CURVE ( 'NONE', #4581, #823, #6672, .T. ) ;
#1464 = CARTESIAN_POINT ( 'NONE',  ( -25.10000000000000142, 13.08000000000000007, 12.19999999999999929 ) ) ;
#1465 = FILL_AREA_STYLE ('',( #5149 ) ) ;
#1466 = EDGE_CURVE ( 'NONE', #1942, #2242, #981, .T. ) ;
#1467 = ORIENTED_EDGE ( 'NONE', *, *, #5447, .F. ) ;
#1468 = DIRECTION ( 'NONE',  ( 0.000000000000000000, 0.000000000000000000, 1.000000000000000000 ) ) ;
#1469 = EDGE_LOOP ( 'NONE', ( #4759, #4753, #4043, #5815 ) ) ;
#1470 = PLANE ( 'NONE',  #6047 ) ;
#1471 = PRESENTATION_LAYER_ASSIGNMENT (  '', '', ( #400 ) ) ;
#1472 = FILL_AREA_STYLE_COLOUR ( '', #1242 ) ;
#1473 = ORIENTED_EDGE ( 'NONE', *, *, #2907, .T. ) ;
#1474 = PRESENTATION_STYLE_ASSIGNMENT (( #6161 ) ) ;
#1475 = CIRCLE ( 'NONE', #2541, 0.3000000000000224709 ) ;
#1476 = CARTESIAN_POINT ( 'NONE',  ( -28.80000000000000071, -18.50000000000000000, 12.19999999999999929 ) ) ;
#1477 = AXIS2_PLACEMENT_3D ( 'NONE', #6241, #4648, #4264 ) ;
#1478 = ORIENTED_EDGE ( 'NONE', *, *, #5803, .F. ) ;
#1479 = CARTESIAN_POINT ( 'NONE',  ( 30.30000000000000071, -17.39999999999999858, 12.69999999999999929 ) ) ;
#1480 = DIRECTION ( 'NONE',  ( 0.000000000000000000, 0.000000000000000000, 1.000000000000000000 ) ) ;
#1481 =( NAMED_UNIT ( * ) SI_UNIT ( $, .STERADIAN. ) SOLID_ANGLE_UNIT ( ) );
#1482 = MECHANICAL_DESIGN_GEOMETRIC_PRESENTATION_REPRESENTATION (  '', ( #4372 ), #6113 ) ;
#1483 = SURFACE_SIDE_STYLE ('',( #4965 ) ) ;
#1484 = ORIENTED_EDGE ( 'NONE', *, *, #2961, .F. ) ;
#1485 = DIRECTION ( 'NONE',  ( 0.000000000000000000, 0.000000000000000000, 1.000000000000000000 ) ) ;
#1486 = ORIENTED_EDGE ( 'NONE', *, *, #2068, .T. ) ;
#1487 = SURFACE_SIDE_STYLE ('',( #6177 ) ) ;
#1488 = FILL_AREA_STYLE_COLOUR ( '', #1852 ) ;
#1489 = ORIENTED_EDGE ( 'NONE', *, *, #6307, .F. ) ;
#1490 =( LENGTH_UNIT ( ) NAMED_UNIT ( * ) SI_UNIT ( .MILLI., .METRE. ) );
#1491 = CARTESIAN_POINT ( 'NONE',  ( 25.10000000000000142, 0.000000000000000000, -3.999999999999999112 ) ) ;
#1492 = LINE ( 'NONE', #3091, #5298 ) ;
#1493 =( NAMED_UNIT ( * ) SI_UNIT ( $, .STERADIAN. ) SOLID_ANGLE_UNIT ( ) );
#1494 = COLOUR_RGB ( '',1.000000000000000000, 1.000000000000000000, 1.000000000000000000 ) ;
#1495 = ORIENTED_EDGE ( 'NONE', *, *, #529, .F. ) ;
#1496 = CYLINDRICAL_SURFACE ( 'NONE', #3775, 0.09999999999999939493 ) ;
#1497 = SURFACE_SIDE_STYLE ('',( #5483 ) ) ;
#1498 = CARTESIAN_POINT ( 'NONE',  ( 26.14999999999999858, -9.184850993605191578E-17, 0.000000000000000000 ) ) ;
#1499 = EDGE_CURVE ( 'NONE', #2213, #2304, #2794, .T. ) ;
#1500 = ORIENTED_EDGE ( 'NONE', *, *, #6631, .F. ) ;
#1501 = CARTESIAN_POINT ( 'NONE',  ( 29.19999999999999929, 18.50000000000000000, 12.69999999999999929 ) ) ;
#1502 = ORIENTED_EDGE ( 'NONE', *, *, #4500, .F. ) ;
#1503 = CARTESIAN_POINT ( 'NONE',  ( 25.39999999999999858, 3.810000000000000053, -3.800000000000000266 ) ) ;
#1504 = UNCERTAINTY_MEASURE_WITH_UNIT (LENGTH_MEASURE( 1.000000000000000082E-05 ), #6393, 'distance_accuracy_value', 'NONE');
#1505 = ORIENTED_EDGE ( 'NONE', *, *, #6007, .F. ) ;
#1506 = CARTESIAN_POINT ( 'NONE',  ( 25.10000000000000142, 13.08000000000000007, 12.19999999999999929 ) ) ;
#1507 = MECHANICAL_DESIGN_GEOMETRIC_PRESENTATION_REPRESENTATION (  '', ( #6142 ), #4066 ) ;
#1508 = CARTESIAN_POINT ( 'NONE',  ( 28.29999999999999716, 19.00000000000000000, 12.69999999999999929 ) ) ;
#1509 = ADVANCED_FACE ( 'NONE', ( #6060 ), #3435, .F. ) ;
#1510 = FILL_AREA_STYLE_COLOUR ( '', #4922 ) ;
#1511 = ORIENTED_EDGE ( 'NONE', *, *, #2620, .T. ) ;
#1512 = AXIS2_PLACEMENT_3D ( 'NONE', #3084, #2988, #2019 ) ;
#1513 = CIRCLE ( 'NONE', #5498, 0.5000000000000004441 ) ;
#1514 = EDGE_CURVE ( 'NONE', #1106, #1898, #2354, .T. ) ;
#1515 = CARTESIAN_POINT ( 'NONE',  ( 30.30000000000000071, 17.39999999999999858, 12.69999999999999929 ) ) ;
#1516 = AXIS2_PLACEMENT_3D ( 'NONE', #58, #2035, #1102 ) ;
#1517 = ORIENTED_EDGE ( 'NONE', *, *, #1237, .T. ) ;
#1518 = SURFACE_STYLE_FILL_AREA ( #4184 ) ;
#1519 = SURFACE_STYLE_FILL_AREA ( #2484 ) ;
#1520 =( NAMED_UNIT ( * ) SI_UNIT ( $, .STERADIAN. ) SOLID_ANGLE_UNIT ( ) );
#1521 = VECTOR ( 'NONE', #1720, 1000.000000000000000 ) ;
#1522 = DIRECTION ( 'NONE',  ( 1.000000000000000000, 0.000000000000000000, 0.000000000000000000 ) ) ;
#1523 = ADVANCED_FACE ( 'NONE', ( #1447 ), #3477, .F. ) ;
#1524 = STYLED_ITEM ( 'NONE', ( #5057 ), #2730 ) ;
#1525 = AXIS2_PLACEMENT_3D ( 'NONE', #3640, #4715, #5793 ) ;
#1526 = DIRECTION ( 'NONE',  ( 0.000000000000000000, 0.000000000000000000, -1.000000000000000000 ) ) ;
#1527 = AXIS2_PLACEMENT_3D ( 'NONE', #312, #1824, #740 ) ;
#1528 = AXIS2_PLACEMENT_3D ( 'NONE', #2136, #1179, #4784 ) ;
#1529 = CARTESIAN_POINT ( 'NONE',  ( 30.20000000000000284, -17.50000000000000000, 12.19999999999999929 ) ) ;
#1530 = DIRECTION ( 'NONE',  ( -1.000000000000000000, 0.000000000000000000, -0.000000000000000000 ) ) ;
#1531 = SURFACE_STYLE_FILL_AREA ( #3972 ) ;
#1532 = VERTEX_POINT ( 'NONE', #5562 ) ;
#1533 = DIRECTION ( 'NONE',  ( 1.000000000000000000, 0.000000000000000000, 0.000000000000000000 ) ) ;
#1534 = CARTESIAN_POINT ( 'NONE',  ( 25.39999999999999858, 0.000000000000000000, -0.1999999999999996503 ) ) ;
#1535 = CIRCLE ( 'NONE', #4090, 0.09999999999999939493 ) ;
#1536 = COLOUR_RGB ( '',1.000000000000000000, 1.000000000000000000, 1.000000000000000000 ) ;
#1537 = DIRECTION ( 'NONE',  ( 1.000000000000000000, 0.000000000000000000, 0.000000000000000000 ) ) ;
#1538 = ORIENTED_EDGE ( 'NONE', *, *, #6140, .T. ) ;
#1539 = ADVANCED_FACE ( 'NONE', ( #951 ), #4529, .T. ) ;
#1540 = LINE ( 'NONE', #6022, #1010 ) ;
#1541 = EDGE_CURVE ( 'NONE', #3079, #4179, #6301, .T. ) ;
#1542 = AXIS2_PLACEMENT_3D ( 'NONE', #3001, #3424, #2432 ) ;
#1543 = ORIENTED_EDGE ( 'NONE', *, *, #6075, .T. ) ;
#1544 = CARTESIAN_POINT ( 'NONE',  ( -28.80000000000000071, 19.00000000000000000, 12.69999999999999929 ) ) ;
#1545 = LINE ( 'NONE', #6169, #146 ) ;
#1546 = CARTESIAN_POINT ( 'NONE',  ( 29.80000000000000071, -17.50000000000000000, 12.19999999999999929 ) ) ;
#1547 = MECHANICAL_DESIGN_GEOMETRIC_PRESENTATION_REPRESENTATION (  '', ( #5210 ), #5740 ) ;
#1548 = EDGE_CURVE ( 'NONE', #2111, #5296, #3635, .T. ) ;
#1549 = VERTEX_POINT ( 'NONE', #3137 ) ;
#1550 =( NAMED_UNIT ( * ) SI_UNIT ( $, .STERADIAN. ) SOLID_ANGLE_UNIT ( ) );
#1551 = EDGE_LOOP ( 'NONE', ( #868, #5833, #148, #6536 ) ) ;
#1552 = SURFACE_STYLE_USAGE ( .BOTH. , #1487 ) ;
#1553 =( LENGTH_UNIT ( ) NAMED_UNIT ( * ) SI_UNIT ( .MILLI., .METRE. ) );
#1554 = PLANE ( 'NONE',  #5017 ) ;
#1555 = CIRCLE ( 'NONE', #4449, 0.5000000000000004441 ) ;
#1556 = FACE_OUTER_BOUND ( 'NONE', #3570, .T. ) ;
#1557 = STYLED_ITEM ( 'NONE', ( #1703 ), #3459 ) ;
#1558 =( NAMED_UNIT ( * ) SI_UNIT ( $, .STERADIAN. ) SOLID_ANGLE_UNIT ( ) );
#1559 = UNCERTAINTY_MEASURE_WITH_UNIT (LENGTH_MEASURE( 1.000000000000000082E-05 ), #4642, 'distance_accuracy_value', 'NONE');
#1560 =( NAMED_UNIT ( * ) SI_UNIT ( $, .STERADIAN. ) SOLID_ANGLE_UNIT ( ) );
#1561 = AXIS2_PLACEMENT_3D ( 'NONE', #2086, #634, #2658 ) ;
#1562 = DIRECTION ( 'NONE',  ( 0.000000000000000000, 0.000000000000000000, 1.000000000000000000 ) ) ;
#1563 = EDGE_CURVE ( 'NONE', #5139, #483, #2166, .T. ) ;
#1564 = SURFACE_STYLE_FILL_AREA ( #3155 ) ;
#1565 = SURFACE_SIDE_STYLE ('',( #2701 ) ) ;
#1566 = ORIENTED_EDGE ( 'NONE', *, *, #4227, .F. ) ;
#1567 = CYLINDRICAL_SURFACE ( 'NONE', #4634, 1.500000000000001332 ) ;
#1568 = DIRECTION ( 'NONE',  ( 0.000000000000000000, 0.000000000000000000, 1.000000000000000000 ) ) ;
#1569 = VERTEX_POINT ( 'NONE', #5717 ) ;
#1570 = CIRCLE ( 'NONE', #5352, 0.09999999999999939493 ) ;
#1571 = CYLINDRICAL_SURFACE ( 'NONE', #4766, 1.500000000000001332 ) ;
#1572 = UNCERTAINTY_MEASURE_WITH_UNIT (LENGTH_MEASURE( 1.000000000000000082E-05 ), #5339, 'distance_accuracy_value', 'NONE');
#1573 = CARTESIAN_POINT ( 'NONE',  ( -29.19999999999999929, -18.50000000000000000, 12.19999999999999929 ) ) ;
#1574 = PRESENTATION_STYLE_ASSIGNMENT (( #5258 ) ) ;
#1575 = ORIENTED_EDGE ( 'NONE', *, *, #5062, .T. ) ;
#1576 = DIRECTION ( 'NONE',  ( 1.000000000000000000, 0.000000000000000000, 0.000000000000000000 ) ) ;
#1577 = EDGE_CURVE ( 'NONE', #1549, #5746, #3407, .T. ) ;
#1578 = SURFACE_STYLE_FILL_AREA ( #4641 ) ;
#1579 = AXIS2_PLACEMENT_3D ( 'NONE', #2356, #6043, #425 ) ;
#1580 = ORIENTED_EDGE ( 'NONE', *, *, #2232, .F. ) ;
#1581 = DIRECTION ( 'NONE',  ( 0.000000000000000000, 0.000000000000000000, -1.000000000000000000 ) ) ;
#1582 = ORIENTED_EDGE ( 'NONE', *, *, #343, .T. ) ;
#1583 = CIRCLE ( 'NONE', #5362, 0.09999999999999939493 ) ;
#1584 = MECHANICAL_DESIGN_GEOMETRIC_PRESENTATION_REPRESENTATION (  '', ( #2117 ), #412 ) ;
#1585 = VERTEX_POINT ( 'NONE', #3199 ) ;
#1586 = LINE ( 'NONE', #2682, #1689 ) ;
#1587 = CARTESIAN_POINT ( 'NONE',  ( 25.39999999999999858, -3.810000000000000053, -3.999999999999999112 ) ) ;
#1588 = EDGE_CURVE ( 'NONE', #448, #5090, #3168, .T. ) ;
#1589 = LINE ( 'NONE', #2183, #1133 ) ;
#1590 = FACE_OUTER_BOUND ( 'NONE', #5973, .T. ) ;
#1591 = ADVANCED_FACE ( 'NONE', ( #5694 ), #164, .T. ) ;
#1592 = DIRECTION ( 'NONE',  ( 8.673617379884240576E-15, 1.000000000000000000, 0.000000000000000000 ) ) ;
#1593 = DIRECTION ( 'NONE',  ( 1.000000000000000000, 0.000000000000000000, 0.000000000000000000 ) ) ;
#1594 = ADVANCED_FACE ( 'NONE', ( #5223 ), #4252, .F. ) ;
#1595 = CARTESIAN_POINT ( 'NONE',  ( 29.80000000000000071, 17.50000000000000000, 12.19999999999999929 ) ) ;
#1596 = ADVANCED_FACE ( 'NONE', ( #2268 ), #5389, .F. ) ;
#1597 = LINE ( 'NONE', #3126, #1605 ) ;
#1598 = VERTEX_POINT ( 'NONE', #2303 ) ;
#1599 = CARTESIAN_POINT ( 'NONE',  ( -30.20000000000000284, 17.50000000000000000, 12.19999999999999929 ) ) ;
#1600 = DIRECTION ( 'NONE',  ( 0.000000000000000000, 0.000000000000000000, 1.000000000000000000 ) ) ;
#1601 = VECTOR ( 'NONE', #3232, 1000.000000000000000 ) ;
#1602 = EDGE_CURVE ( 'NONE', #2619, #5422, #4419, .T. ) ;
#1603 = SURFACE_SIDE_STYLE ('',( #6227 ) ) ;
#1604 = VERTEX_POINT ( 'NONE', #4987 ) ;
#1605 = VECTOR ( 'NONE', #5214, 1000.000000000000000 ) ;
#1606 = CARTESIAN_POINT ( 'NONE',  ( 23.59999999999999787, 13.08000000000000007, 12.19999999999999929 ) ) ;
#1607 = CARTESIAN_POINT ( 'NONE',  ( 25.39999999999999858, -3.810000000000000053, -3.999999999999999112 ) ) ;
#1608 = ORIENTED_EDGE ( 'NONE', *, *, #2640, .F. ) ;
#1609 = CYLINDRICAL_SURFACE ( 'NONE', #1525, 0.09999999999999939493 ) ;
#1610 = CARTESIAN_POINT ( 'NONE',  ( 29.19999999999999929, 18.39999999999999858, 12.69999999999999929 ) ) ;
#1611 = ORIENTED_EDGE ( 'NONE', *, *, #5447, .T. ) ;
#1612 = DIRECTION ( 'NONE',  ( 1.000000000000000000, 0.000000000000000000, 0.000000000000000000 ) ) ;
#1613 = EDGE_LOOP ( 'NONE', ( #3127, #2135, #6193, #4726 ) ) ;
#1614 = CYLINDRICAL_SURFACE ( 'NONE', #6469, 0.09999999999999939493 ) ;
#1615 = ORIENTED_EDGE ( 'NONE', *, *, #4161, .F. ) ;
#1616 = DIRECTION ( 'NONE',  ( 0.000000000000000000, 0.000000000000000000, 1.000000000000000000 ) ) ;
#1617 = CARTESIAN_POINT ( 'NONE',  ( 29.80000000000000071, 18.00000000000000000, 12.19999999999999929 ) ) ;
#1618 = CARTESIAN_POINT ( 'NONE',  ( 25.39999999999999858, 0.000000000000000000, -3.999999999999999112 ) ) ;
#1619 = COLOUR_RGB ( '',1.000000000000000000, 1.000000000000000000, 0.5019607843137254832 ) ;
#1620 = DIRECTION ( 'NONE',  ( -1.000000000000000000, 0.000000000000000000, 0.000000000000000000 ) ) ;
#1621 = EDGE_LOOP ( 'NONE', ( #6344, #309, #1863, #74, #3637, #6508, #3444, #1026 ) ) ;
#1622 = EDGE_CURVE ( 'NONE', #3335, #4010, #3836, .T. ) ;
#1623 = FILL_AREA_STYLE_COLOUR ( '', #3283 ) ;
#1624 = COLOUR_RGB ( '',1.000000000000000000, 1.000000000000000000, 1.000000000000000000 ) ;
#1625 = CARTESIAN_POINT ( 'NONE',  ( 23.59999999999999787, 13.08000000000000007, 0.000000000000000000 ) ) ;
#1626 = CIRCLE ( 'NONE', #5411, 0.09999999999999939493 ) ;
#1627 = EDGE_LOOP ( 'NONE', ( #6246, #3369, #3782, #555 ) ) ;
#1628 = PRESENTATION_LAYER_ASSIGNMENT (  '', '', ( #3886 ) ) ;
#1629 =( GEOMETRIC_REPRESENTATION_CONTEXT ( 3 ) GLOBAL_UNCERTAINTY_ASSIGNED_CONTEXT ( ( #1976 ) ) GLOBAL_UNIT_ASSIGNED_CONTEXT ( ( #3350, #4, #2827 ) ) REPRESENTATION_CONTEXT ( 'NONE', 'WORKASPACE' ) );
#1630 = AXIS2_PLACEMENT_3D ( 'NONE', #5026, #2504, #3974 ) ;
#1631 = ADVANCED_FACE ( 'NONE', ( #4354 ), #6564, .T. ) ;
#1632 = DIRECTION ( 'NONE',  ( 0.000000000000000000, 0.000000000000000000, -1.000000000000000000 ) ) ;
#1633 = ORIENTED_EDGE ( 'NONE', *, *, #1661, .T. ) ;
#1634 = CYLINDRICAL_SURFACE ( 'NONE', #3036, 1.500000000000001332 ) ;
#1635 = SURFACE_STYLE_FILL_AREA ( #127 ) ;
#1636 = DIRECTION ( 'NONE',  ( 0.7071067811865531239, -8.659560562355000651E-17, 0.7071067811865420216 ) ) ;
#1637 = STYLED_ITEM ( 'NONE', ( #1363 ), #1927 ) ;
#1638 = PRESENTATION_LAYER_ASSIGNMENT (  '', '', ( #6277 ) ) ;
#1639 = VERTEX_POINT ( 'NONE', #1830 ) ;
#1640 = PRESENTATION_STYLE_ASSIGNMENT (( #4151 ) ) ;
#1641 = CARTESIAN_POINT ( 'NONE',  ( -28.80000000000000071, 19.00000000000000000, 12.19999999999999929 ) ) ;
#1642 = DIRECTION ( 'NONE',  ( -1.000000000000000000, 0.000000000000000000, 0.000000000000000000 ) ) ;
#1643 = STYLED_ITEM ( 'NONE', ( #2771 ), #721 ) ;
#1644 = COLOUR_RGB ( '',1.000000000000000000, 1.000000000000000000, 0.5019607843137254832 ) ;
#1645 = ORIENTED_EDGE ( 'NONE', *, *, #4624, .F. ) ;
#1646 = VECTOR ( 'NONE', #3231, 1000.000000000000000 ) ;
#1647 =( NAMED_UNIT ( * ) PLANE_ANGLE_UNIT ( ) SI_UNIT ( $, .RADIAN. ) );
#1648 = ORIENTED_EDGE ( 'NONE', *, *, #2999, .F. ) ;
#1649 = ADVANCED_FACE ( 'NONE', ( #321 ), #3868, .F. ) ;
#1650 = VECTOR ( 'NONE', #4335, 1000.000000000000000 ) ;
#1651 = DIRECTION ( 'NONE',  ( 0.000000000000000000, 0.000000000000000000, 1.000000000000000000 ) ) ;
#1652 = VERTEX_POINT ( 'NONE', #808 ) ;
#1653 = COLOUR_RGB ( '',1.000000000000000000, 1.000000000000000000, 0.5019607843137254832 ) ;
#1654 = CARTESIAN_POINT ( 'NONE',  ( -22.10000000000000142, -13.08000000000000007, 12.19999999999999929 ) ) ;
#1655 = DIRECTION ( 'NONE',  ( 1.000000000000000000, 0.000000000000000000, 0.000000000000000000 ) ) ;
#1656 = ORIENTED_EDGE ( 'NONE', *, *, #3796, .T. ) ;
#1657 = CARTESIAN_POINT ( 'NONE',  ( 28.19999999999999929, -19.50000000000000000, 12.19999999999999929 ) ) ;
#1658 = DIRECTION ( 'NONE',  ( 0.000000000000000000, 0.000000000000000000, 1.000000000000000000 ) ) ;
#1659 = FACE_BOUND ( 'NONE', #1996, .T. ) ;
#1660 = MECHANICAL_DESIGN_GEOMETRIC_PRESENTATION_REPRESENTATION (  '', ( #1451 ), #4903 ) ;
#1661 = EDGE_CURVE ( 'NONE', #6013, #2938, #1342, .T. ) ;
#1662 = DIRECTION ( 'NONE',  ( 0.000000000000000000, 0.000000000000000000, 1.000000000000000000 ) ) ;
#1663 = DIRECTION ( 'NONE',  ( 1.000000000000000000, 0.000000000000000000, 0.000000000000000000 ) ) ;
#1664 = VECTOR ( 'NONE', #994, 1000.000000000000000 ) ;
#1665 = LINE ( 'NONE', #5776, #6132 ) ;
#1666 = ORIENTED_EDGE ( 'NONE', *, *, #1121, .T. ) ;
#1667 = PRESENTATION_STYLE_ASSIGNMENT (( #1072 ) ) ;
#1668 = DIRECTION ( 'NONE',  ( -1.000000000000000000, 0.000000000000000000, 0.000000000000000000 ) ) ;
#1669 = PRESENTATION_LAYER_ASSIGNMENT (  '', '', ( #4571 ) ) ;
#1670 = CARTESIAN_POINT ( 'NONE',  ( 29.80000000000000071, 17.50000000000000000, 12.19999999999999929 ) ) ;
#1671 = ORIENTED_EDGE ( 'NONE', *, *, #6226, .F. ) ;
#1672 = CARTESIAN_POINT ( 'NONE',  ( -30.20000000000000284, -17.39999999999999858, 12.19999999999999929 ) ) ;
#1673 = DIRECTION ( 'NONE',  ( 0.000000000000000000, 0.000000000000000000, 1.000000000000000000 ) ) ;
#1674 = CARTESIAN_POINT ( 'NONE',  ( -24.89999999999999858, 7.620000000000000107, -3.999999999999999112 ) ) ;
#1675 = STYLED_ITEM ( 'NONE', ( #1721 ), #3096 ) ;
#1676 = ORIENTED_EDGE ( 'NONE', *, *, #2184, .T. ) ;
#1677 = SURFACE_STYLE_FILL_AREA ( #652 ) ;
#1678 = CIRCLE ( 'NONE', #1047, 1.500000000000001332 ) ;
#1679 = LINE ( 'NONE', #5331, #4672 ) ;
#1680 = ORIENTED_EDGE ( 'NONE', *, *, #4601, .F. ) ;
#1681 = SURFACE_STYLE_USAGE ( .BOTH. , #689 ) ;
#1682 = VERTEX_POINT ( 'NONE', #3905 ) ;
#1683 = CARTESIAN_POINT ( 'NONE',  ( 29.80000000000000071, 17.50000000000000000, 12.69999999999999929 ) ) ;
#1684 = VERTEX_POINT ( 'NONE', #4951 ) ;
#1685 = CARTESIAN_POINT ( 'NONE',  ( 24.64999999999999858, 3.810000000000000053, -0.1999999999999996503 ) ) ;
#1686 = CARTESIAN_POINT ( 'NONE',  ( -25.39999999999999858, -7.620000000000000107, -0.1999999999999996503 ) ) ;
#1687 = CARTESIAN_POINT ( 'NONE',  ( 24.85000000000000142, 7.620000000000000107, -3.999999999999999112 ) ) ;
#1688 = PRESENTATION_STYLE_ASSIGNMENT (( #6318 ) ) ;
#1689 = VECTOR ( 'NONE', #4691, 1000.000000000000000 ) ;
#1690 = CARTESIAN_POINT ( 'NONE',  ( 25.39999999999999858, 7.620000000000000107, -3.999999999999999112 ) ) ;
#1691 = ORIENTED_EDGE ( 'NONE', *, *, #1799, .F. ) ;
#1692 = VECTOR ( 'NONE', #6402, 1000.000000000000000 ) ;
#1693 = CIRCLE ( 'NONE', #4934, 0.7500000000000006661 ) ;
#1694 = SURFACE_STYLE_USAGE ( .BOTH. , #2294 ) ;
#1695 = SURFACE_STYLE_USAGE ( .BOTH. , #4303 ) ;
#1696 = CARTESIAN_POINT ( 'NONE',  ( -25.39999999999999858, -7.620000000000000107, -3.999999999999999112 ) ) ;
#1697 = FILL_AREA_STYLE ('',( #860 ) ) ;
#1698 = DIRECTION ( 'NONE',  ( 1.000000000000000000, 0.000000000000000000, 0.000000000000000000 ) ) ;
#1699 = ORIENTED_EDGE ( 'NONE', *, *, #2823, .T. ) ;
#1700 = SURFACE_SIDE_STYLE ('',( #5876 ) ) ;
#1701 = CARTESIAN_POINT ( 'NONE',  ( -29.80000000000000071, -17.50000000000000000, 12.19999999999999929 ) ) ;
#1702 = VERTEX_POINT ( 'NONE', #2362 ) ;
#1703 = PRESENTATION_STYLE_ASSIGNMENT (( #4636 ) ) ;
#1704 = ADVANCED_FACE ( 'NONE', ( #5983 ), #1371, .F. ) ;
#1705 = ORIENTED_EDGE ( 'NONE', *, *, #4879, .F. ) ;
#1706 = FILL_AREA_STYLE ('',( #5326 ) ) ;
#1707 =( GEOMETRIC_REPRESENTATION_CONTEXT ( 3 ) GLOBAL_UNCERTAINTY_ASSIGNED_CONTEXT ( ( #5610 ) ) GLOBAL_UNIT_ASSIGNED_CONTEXT ( ( #2000, #4009, #395 ) ) REPRESENTATION_CONTEXT ( 'NONE', 'WORKASPACE' ) );
#1708 = DIRECTION ( 'NONE',  ( 1.000000000000000000, 0.000000000000000000, 0.000000000000000000 ) ) ;
#1709 = ORIENTED_EDGE ( 'NONE', *, *, #1261, .T. ) ;
#1710 = CARTESIAN_POINT ( 'NONE',  ( 28.19999999999999929, 19.40000000000000213, 12.19999999999999929 ) ) ;
#1711 = ORIENTED_EDGE ( 'NONE', *, *, #5232, .T. ) ;
#1712 = CARTESIAN_POINT ( 'NONE',  ( 29.80000000000000071, -18.00000000000000000, 12.69999999999999929 ) ) ;
#1713 = DIRECTION ( 'NONE',  ( 1.000000000000000000, 0.000000000000000000, 0.000000000000000000 ) ) ;
#1714 = SURFACE_SIDE_STYLE ('',( #4797 ) ) ;
#1715 = EDGE_CURVE ( 'NONE', #838, #6414, #2028, .T. ) ;
#1716 = DIRECTION ( 'NONE',  ( 0.000000000000000000, 0.000000000000000000, 1.000000000000000000 ) ) ;
#1717 = EDGE_CURVE ( 'NONE', #1585, #3805, #5808, .T. ) ;
#1718 = ORIENTED_EDGE ( 'NONE', *, *, #435, .T. ) ;
#1719 = FILL_AREA_STYLE_COLOUR ( '', #2286 ) ;
#1720 = DIRECTION ( 'NONE',  ( 0.000000000000000000, 0.000000000000000000, 1.000000000000000000 ) ) ;
#1721 = PRESENTATION_STYLE_ASSIGNMENT (( #1294 ) ) ;
#1722 = COLOUR_RGB ( '',1.000000000000000000, 1.000000000000000000, 0.5019607843137254832 ) ;
#1723 = MECHANICAL_DESIGN_GEOMETRIC_PRESENTATION_REPRESENTATION (  '', ( #1643 ), #4517 ) ;
#1724 = EDGE_CURVE ( 'NONE', #3196, #4064, #5024, .T. ) ;
#1725 = CARTESIAN_POINT ( 'NONE',  ( -26.14999999999999858, -7.620000000000000107, -0.1999999999999996503 ) ) ;
#1726 = STYLED_ITEM ( 'NONE', ( #3223 ), #1097 ) ;
#1727 = CARTESIAN_POINT ( 'NONE',  ( -28.80000000000000071, -18.50000000000000000, 12.19999999999999929 ) ) ;
#1728 = ORIENTED_EDGE ( 'NONE', *, *, #1514, .F. ) ;
#1729 = FILL_AREA_STYLE_COLOUR ( '', #268 ) ;
#1730 = ORIENTED_EDGE ( 'NONE', *, *, #6581, .T. ) ;
#1731 = DIRECTION ( 'NONE',  ( 1.000000000000000000, 0.000000000000000000, 0.000000000000000000 ) ) ;
#1732 = CARTESIAN_POINT ( 'NONE',  ( 29.30000000000000071, 18.00000000000000000, 12.19999999999999929 ) ) ;
#1733 = DIRECTION ( 'NONE',  ( 0.000000000000000000, 0.000000000000000000, 1.000000000000000000 ) ) ;
#1734 = ORIENTED_EDGE ( 'NONE', *, *, #3445, .T. ) ;
#1735 = PRESENTATION_STYLE_ASSIGNMENT (( #223 ) ) ;
#1736 = AXIS2_PLACEMENT_3D ( 'NONE', #3427, #5953, #1277 ) ;
#1737 = CIRCLE ( 'NONE', #3027, 0.09999999999999939493 ) ;
#1738 = ADVANCED_FACE ( 'NONE', ( #6016 ), #5520, .T. ) ;
#1739 = LINE ( 'NONE', #777, #1128 ) ;
#1740 = EDGE_CURVE ( 'NONE', #2111, #1837, #3294, .T. ) ;
#1741 = VERTEX_POINT ( 'NONE', #3071 ) ;
#1742 = DIRECTION ( 'NONE',  ( 0.000000000000000000, 0.000000000000000000, -1.000000000000000000 ) ) ;
#1743 = EDGE_LOOP ( 'NONE', ( #2163, #2946, #4831, #165 ) ) ;
#1744 = STYLED_ITEM ( 'NONE', ( #495 ), #2084 ) ;
#1745 = MECHANICAL_DESIGN_GEOMETRIC_PRESENTATION_REPRESENTATION (  '', ( #3986 ), #139 ) ;
#1746 = CARTESIAN_POINT ( 'NONE',  ( 29.19999999999999929, -18.39999999999999858, 12.19999999999999929 ) ) ;
#1747 = AXIS2_PLACEMENT_3D ( 'NONE', #5928, #3854, #4863 ) ;
#1748 = ORIENTED_EDGE ( 'NONE', *, *, #4683, .F. ) ;
#1749 = DIRECTION ( 'NONE',  ( -1.000000000000000000, 0.000000000000000000, 0.000000000000000000 ) ) ;
#1750 = FACE_OUTER_BOUND ( 'NONE', #5156, .T. ) ;
#1751 = CIRCLE ( 'NONE', #2710, 0.5000000000000004441 ) ;
#1752 = ADVANCED_FACE ( 'NONE', ( #4562 ), #4494, .T. ) ;
#1753 = FACE_BOUND ( 'NONE', #6653, .T. ) ;
#1754 = AXIS2_PLACEMENT_3D ( 'NONE', #2546, #3509, #884 ) ;
#1755 = FILL_AREA_STYLE_COLOUR ( '', #5459 ) ;
#1756 = ORIENTED_EDGE ( 'NONE', *, *, #6140, .F. ) ;
#1757 =( GEOMETRIC_REPRESENTATION_CONTEXT ( 3 ) GLOBAL_UNCERTAINTY_ASSIGNED_CONTEXT ( ( #6641 ) ) GLOBAL_UNIT_ASSIGNED_CONTEXT ( ( #3698, #532, #5741 ) ) REPRESENTATION_CONTEXT ( 'NONE', 'WORKASPACE' ) );
#1758 = LINE ( 'NONE', #339, #1116 ) ;
#1759 = CARTESIAN_POINT ( 'NONE',  ( -23.59999999999999787, 13.08000000000000007, -17.30000000000000071 ) ) ;
#1760 = FILL_AREA_STYLE ('',( #2254 ) ) ;
#1761 = MECHANICAL_DESIGN_GEOMETRIC_PRESENTATION_REPRESENTATION (  '', ( #1865 ), #1340 ) ;
#1762 = UNCERTAINTY_MEASURE_WITH_UNIT (LENGTH_MEASURE( 1.000000000000000082E-05 ), #5923, 'distance_accuracy_value', 'NONE');
#1763 = VECTOR ( 'NONE', #5794, 1000.000000000000000 ) ;
#1764 = CARTESIAN_POINT ( 'NONE',  ( -29.19999999999999929, 18.50000000000000000, 12.69999999999999929 ) ) ;
#1765 = FACE_BOUND ( 'NONE', #6519, .T. ) ;
#1766 = EDGE_CURVE ( 'NONE', #4893, #2213, #3468, .T. ) ;
#1767 = COLOUR_RGB ( '',1.000000000000000000, 1.000000000000000000, 0.5019607843137254832 ) ;
#1768 = ORIENTED_EDGE ( 'NONE', *, *, #3492, .T. ) ;
#1769 = PRESENTATION_LAYER_ASSIGNMENT (  '', '', ( #606 ) ) ;
#1770 = FILL_AREA_STYLE ('',( #5386 ) ) ;
#1771 = CARTESIAN_POINT ( 'NONE',  ( 29.80000000000000071, -18.00000000000000000, 12.19999999999999929 ) ) ;
#1772 = ORIENTED_EDGE ( 'NONE', *, *, #856, .T. ) ;
#1773 = CARTESIAN_POINT ( 'NONE',  ( 25.39999999999999858, -7.620000000000000107, -3.800000000000000266 ) ) ;
#1774 = DIRECTION ( 'NONE',  ( 0.000000000000000000, 0.000000000000000000, -1.000000000000000000 ) ) ;
#1775 = ORIENTED_EDGE ( 'NONE', *, *, #2075, .F. ) ;
#1776 = ORIENTED_EDGE ( 'NONE', *, *, #538, .T. ) ;
#1777 = STYLED_ITEM ( 'NONE', ( #4550 ), #3156 ) ;
#1778 = FACE_OUTER_BOUND ( 'NONE', #1909, .T. ) ;
#1779 = EDGE_CURVE ( 'NONE', #1411, #920, #5068, .T. ) ;
#1780 = VERTEX_POINT ( 'NONE', #1498 ) ;
#1781 = DIRECTION ( 'NONE',  ( 1.000000000000000000, 0.000000000000000000, 0.000000000000000000 ) ) ;
#1782 = CARTESIAN_POINT ( 'NONE',  ( -28.19999999999999929, 19.40000000000000213, 12.69999999999999929 ) ) ;
#1783 = PLANE ( 'NONE',  #3695 ) ;
#1784 = SURFACE_STYLE_USAGE ( .BOTH. , #2346 ) ;
#1785 = ORIENTED_EDGE ( 'NONE', *, *, #4535, .F. ) ;
#1786 = MECHANICAL_DESIGN_GEOMETRIC_PRESENTATION_REPRESENTATION (  '', ( #6207 ), #4134 ) ;
#1787 = EDGE_CURVE ( 'NONE', #42, #2798, #6242, .T. ) ;
#1788 = DIRECTION ( 'NONE',  ( 1.000000000000000000, 0.000000000000000000, 0.000000000000000000 ) ) ;
#1789 = DIRECTION ( 'NONE',  ( 0.000000000000000000, 0.000000000000000000, 1.000000000000000000 ) ) ;
#1790 = CARTESIAN_POINT ( 'NONE',  ( 29.30000000000000071, 18.00000000000000000, 12.19999999999999929 ) ) ;
#1791 = CARTESIAN_POINT ( 'NONE',  ( 28.29999999999999716, -19.40000000000000213, 12.69999999999999929 ) ) ;
#1792 = AXIS2_PLACEMENT_3D ( 'NONE', #5166, #1118, #5757 ) ;
#1793 = ADVANCED_FACE ( 'NONE', ( #3529 ), #1005, .T. ) ;
#1794 = CIRCLE ( 'NONE', #288, 0.5499999999999983791 ) ;
#1795 =( NAMED_UNIT ( * ) SI_UNIT ( $, .STERADIAN. ) SOLID_ANGLE_UNIT ( ) );
#1796 = VECTOR ( 'NONE', #5078, 1000.000000000000000 ) ;
#1797 = SURFACE_STYLE_USAGE ( .BOTH. , #3321 ) ;
#1798 = PLANE ( 'NONE',  #2647 ) ;
#1799 = EDGE_CURVE ( 'NONE', #4425, #1840, #2776, .T. ) ;
#1800 = DIRECTION ( 'NONE',  ( 0.000000000000000000, 0.000000000000000000, 1.000000000000000000 ) ) ;
#1801 = ORIENTED_EDGE ( 'NONE', *, *, #306, .F. ) ;
#1802 = LINE ( 'NONE', #5946, #3240 ) ;
#1803 = EDGE_CURVE ( 'NONE', #1060, #2707, #4100, .T. ) ;
#1804 =( NAMED_UNIT ( * ) SI_UNIT ( $, .STERADIAN. ) SOLID_ANGLE_UNIT ( ) );
#1805 = ORIENTED_EDGE ( 'NONE', *, *, #1045, .T. ) ;
#1806 = DIRECTION ( 'NONE',  ( -1.000000000000000000, 1.145031997344426006E-16, 0.000000000000000000 ) ) ;
#1807 = DIRECTION ( 'NONE',  ( 1.000000000000000000, 0.000000000000000000, 0.000000000000000000 ) ) ;
#1808 = ORIENTED_EDGE ( 'NONE', *, *, #2780, .T. ) ;
#1809 = VERTEX_POINT ( 'NONE', #4705 ) ;
#1810 = CARTESIAN_POINT ( 'NONE',  ( 28.80000000000000071, 18.50000000000000000, 12.19999999999999929 ) ) ;
#1811 = EDGE_LOOP ( 'NONE', ( #6237, #6224 ) ) ;
#1812 = FILL_AREA_STYLE ('',( #6478 ) ) ;
#1813 = DIRECTION ( 'NONE',  ( 0.000000000000000000, 0.000000000000000000, -1.000000000000000000 ) ) ;
#1814 = SURFACE_STYLE_USAGE ( .BOTH. , #1714 ) ;
#1815 = FACE_BOUND ( 'NONE', #1868, .T. ) ;
#1816 = CARTESIAN_POINT ( 'NONE',  ( -28.80000000000000071, -18.50000000000000000, 12.69999999999999929 ) ) ;
#1817 = EDGE_LOOP ( 'NONE', ( #5118, #5687, #4825, #1805 ) ) ;
#1818 =( GEOMETRIC_REPRESENTATION_CONTEXT ( 3 ) GLOBAL_UNCERTAINTY_ASSIGNED_CONTEXT ( ( #3828 ) ) GLOBAL_UNIT_ASSIGNED_CONTEXT ( ( #4243, #4769, #3599 ) ) REPRESENTATION_CONTEXT ( 'NONE', 'WORKASPACE' ) );
#1819 = PLANE ( 'NONE',  #3446 ) ;
#1820 = SURFACE_SIDE_STYLE ('',( #6455 ) ) ;
#1821 = CYLINDRICAL_SURFACE ( 'NONE', #2595, 0.09999999999999939493 ) ;
#1822 = CARTESIAN_POINT ( 'NONE',  ( 25.94999999999999929, 7.620000000000000107, -3.999999999999999112 ) ) ;
#1823 = EDGE_CURVE ( 'NONE', #2200, #4541, #2123, .T. ) ;
#1824 = DIRECTION ( 'NONE',  ( 0.000000000000000000, 0.000000000000000000, 1.000000000000000000 ) ) ;
#1825 = SURFACE_STYLE_USAGE ( .BOTH. , #3357 ) ;
#1826 = EDGE_LOOP ( 'NONE', ( #3628, #6376, #228, #2565 ) ) ;
#1827 = PRESENTATION_LAYER_ASSIGNMENT (  '', '', ( #2795 ) ) ;
#1828 = DIRECTION ( 'NONE',  ( 0.000000000000000000, 0.000000000000000000, 1.000000000000000000 ) ) ;
#1829 = CARTESIAN_POINT ( 'NONE',  ( 26.14999999999999858, -7.620000000000000107, 0.000000000000000000 ) ) ;
#1830 = CARTESIAN_POINT ( 'NONE',  ( 28.29999999999999716, -19.00000000000000000, 12.69999999999999929 ) ) ;
#1831 = ORIENTED_EDGE ( 'NONE', *, *, #5368, .T. ) ;
#1832 = SURFACE_STYLE_FILL_AREA ( #1706 ) ;
#1833 = LINE ( 'NONE', #1403, #3019 ) ;
#1834 = ADVANCED_FACE ( 'NONE', ( #6187 ), #2602, .T. ) ;
#1835 = STYLED_ITEM ( 'NONE', ( #2355 ), #5775 ) ;
#1836 = CARTESIAN_POINT ( 'NONE',  ( -28.80000000000000071, -18.50000000000000000, 12.19999999999999929 ) ) ;
#1837 = VERTEX_POINT ( 'NONE', #2195 ) ;
#1838 = CARTESIAN_POINT ( 'NONE',  ( 30.20000000000000284, -17.39999999999999858, 12.19999999999999929 ) ) ;
#1839 = UNCERTAINTY_MEASURE_WITH_UNIT (LENGTH_MEASURE( 1.000000000000000082E-05 ), #316, 'distance_accuracy_value', 'NONE');
#1840 = VERTEX_POINT ( 'NONE', #4667 ) ;
#1841 = AXIS2_PLACEMENT_3D ( 'NONE', #4422, #2305, #1374 ) ;
#1842 = STYLED_ITEM ( 'NONE', ( #998 ), #5836 ) ;
#1843 = ORIENTED_EDGE ( 'NONE', *, *, #3876, .F. ) ;
#1844 = PRESENTATION_STYLE_ASSIGNMENT (( #820 ) ) ;
#1845 = CARTESIAN_POINT ( 'NONE',  ( -28.19999999999999929, -19.40000000000000213, 12.19999999999999929 ) ) ;
#1846 = EDGE_CURVE ( 'NONE', #753, #5726, #121, .T. ) ;
#1847 = STYLED_ITEM ( 'NONE', ( #1402 ), #5544 ) ;
#1848 = VERTEX_POINT ( 'NONE', #2096 ) ;
#1849 = CARTESIAN_POINT ( 'NONE',  ( -29.30000000000000071, -18.39999999999999858, 12.69999999999999929 ) ) ;
#1850 = FACE_OUTER_BOUND ( 'NONE', #409, .T. ) ;
#1851 = CARTESIAN_POINT ( 'NONE',  ( 30.30000000000000071, 17.39999999999999858, 12.19999999999999929 ) ) ;
#1852 = COLOUR_RGB ( '',1.000000000000000000, 1.000000000000000000, 0.5019607843137254832 ) ;
#1853 = EDGE_LOOP ( 'NONE', ( #1042, #4995, #619, #3776 ) ) ;
#1854 = AXIS2_PLACEMENT_3D ( 'NONE', #542, #6298, #4148 ) ;
#1855 = LINE ( 'NONE', #3894, #177 ) ;
#1856 = AXIS2_PLACEMENT_3D ( 'NONE', #6131, #6580, #2981 ) ;
#1857 = MECHANICAL_DESIGN_GEOMETRIC_PRESENTATION_REPRESENTATION (  '', ( #4434 ), #701 ) ;
#1858 = CYLINDRICAL_SURFACE ( 'NONE', #4089, 0.09999999999999939493 ) ;
#1859 = EDGE_CURVE ( 'NONE', #887, #4064, #4211, .T. ) ;
#1860 = FILL_AREA_STYLE_COLOUR ( '', #4752 ) ;
#1861 = FACE_BOUND ( 'NONE', #6424, .T. ) ;
#1862 = VECTOR ( 'NONE', #5646, 1000.000000000000000 ) ;
#1863 = ORIENTED_EDGE ( 'NONE', *, *, #2004, .T. ) ;
#1864 = CARTESIAN_POINT ( 'NONE',  ( -29.80000000000000071, -17.50000000000000000, 12.19999999999999929 ) ) ;
#1865 = STYLED_ITEM ( 'NONE', ( #1147 ), #3884 ) ;
#1866 =( NAMED_UNIT ( * ) SI_UNIT ( $, .STERADIAN. ) SOLID_ANGLE_UNIT ( ) );
#1867 = FILL_AREA_STYLE_COLOUR ( '', #2345 ) ;
#1868 = EDGE_LOOP ( 'NONE', ( #4595, #2905 ) ) ;
#1869 = DIRECTION ( 'NONE',  ( 1.000000000000000000, 0.000000000000000000, 0.000000000000000000 ) ) ;
#1870 = CARTESIAN_POINT ( 'NONE',  ( 30.20000000000000284, 17.39999999999999858, 12.19999999999999929 ) ) ;
#1871 = EDGE_CURVE ( 'NONE', #5152, #3196, #1597, .T. ) ;
#1872 = CIRCLE ( 'NONE', #5653, 0.3000000000000224709 ) ;
#1873 = AXIS2_PLACEMENT_3D ( 'NONE', #4088, #3183, #1087 ) ;
#1874 = DIRECTION ( 'NONE',  ( -1.000000000000000000, 0.000000000000000000, -0.000000000000000000 ) ) ;
#1875 = EDGE_CURVE ( 'NONE', #4983, #1444, #1665, .T. ) ;
#1876 = ORIENTED_EDGE ( 'NONE', *, *, #5346, .F. ) ;
#1877 = CARTESIAN_POINT ( 'NONE',  ( 28.29999999999999716, -19.00000000000000000, 12.19999999999999929 ) ) ;
#1878 = ORIENTED_EDGE ( 'NONE', *, *, #6597, .F. ) ;
#1879 = FILL_AREA_STYLE ('',( #4429 ) ) ;
#1880 = AXIS2_PLACEMENT_3D ( 'NONE', #1845, #2248, #4267 ) ;
#1881 = ORIENTED_EDGE ( 'NONE', *, *, #2276, .T. ) ;
#1882 = CARTESIAN_POINT ( 'NONE',  ( -29.19999999999999929, 18.39999999999999858, 12.69999999999999929 ) ) ;
#1883 = FILL_AREA_STYLE_COLOUR ( '', #52 ) ;
#1884 = AXIS2_PLACEMENT_3D ( 'NONE', #6349, #1716, #3755 ) ;
#1885 = CARTESIAN_POINT ( 'NONE',  ( -24.64999999999999858, -7.620000000000000107, -0.1999999999999996503 ) ) ;
#1886 = VERTEX_POINT ( 'NONE', #673 ) ;
#1887 = FACE_OUTER_BOUND ( 'NONE', #5758, .T. ) ;
#1888 = ORIENTED_EDGE ( 'NONE', *, *, #2763, .F. ) ;
#1889 = CARTESIAN_POINT ( 'NONE',  ( 25.89999999999999858, 3.810000000000000053, -0.1999999999999996503 ) ) ;
#1890 = COLOUR_RGB ( '',1.000000000000000000, 1.000000000000000000, 0.5019607843137254832 ) ;
#1891 = ADVANCED_FACE ( 'NONE', ( #3732 ), #5814, .T. ) ;
#1892 = VECTOR ( 'NONE', #3049, 1000.000000000000000 ) ;
#1893 = LINE ( 'NONE', #6114, #6490 ) ;
#1894 = VECTOR ( 'NONE', #4400, 1000.000000000000000 ) ;
#1895 = PRESENTATION_STYLE_ASSIGNMENT (( #2426 ) ) ;
#1896 =( LENGTH_UNIT ( ) NAMED_UNIT ( * ) SI_UNIT ( .MILLI., .METRE. ) );
#1897 = VECTOR ( 'NONE', #11, 999.9999999999998863 ) ;
#1898 = VERTEX_POINT ( 'NONE', #3260 ) ;
#1899 = MECHANICAL_DESIGN_GEOMETRIC_PRESENTATION_REPRESENTATION (  '', ( #4819 ), #642 ) ;
#1900 =( LENGTH_UNIT ( ) NAMED_UNIT ( * ) SI_UNIT ( .MILLI., .METRE. ) );
#1901 = CARTESIAN_POINT ( 'NONE',  ( 28.29999999999999716, 19.40000000000000213, 12.69999999999999929 ) ) ;
#1902 = PRESENTATION_LAYER_ASSIGNMENT (  '', '', ( #4707 ) ) ;
#1903 = ORIENTED_EDGE ( 'NONE', *, *, #3701, .F. ) ;
#1904 = DIRECTION ( 'NONE',  ( 1.000000000000000000, 0.000000000000000000, 0.000000000000000000 ) ) ;
#1905 = CARTESIAN_POINT ( 'NONE',  ( -25.39999999999999858, 7.620000000000000107, 0.000000000000000000 ) ) ;
#1906 = ORIENTED_EDGE ( 'NONE', *, *, #1173, .T. ) ;
#1907 = EDGE_CURVE ( 'NONE', #2533, #3933, #3769, .T. ) ;
#1908 = CARTESIAN_POINT ( 'NONE',  ( 30.30000000000000071, 17.39999999999999858, 12.19999999999999929 ) ) ;
#1909 = EDGE_LOOP ( 'NONE', ( #2581, #6266, #5367, #38, #1974, #1843, #4856, #5021, #2034, #3936, #1680 ) ) ;
#1910 = DIRECTION ( 'NONE',  ( -1.000000000000000000, 0.000000000000000000, 0.000000000000000000 ) ) ;
#1911 = VERTEX_POINT ( 'NONE', #709 ) ;
#1912 = DIRECTION ( 'NONE',  ( 0.000000000000000000, -1.000000000000000000, 0.000000000000000000 ) ) ;
#1913 = CARTESIAN_POINT ( 'NONE',  ( 28.29999999999999716, -19.00000000000000000, 12.19999999999999929 ) ) ;
#1914 = CARTESIAN_POINT ( 'NONE',  ( 25.39999999999999858, -7.620000000000000107, -3.999999999999999112 ) ) ;
#1915 = ORIENTED_EDGE ( 'NONE', *, *, #6353, .T. ) ;
#1916 = CARTESIAN_POINT ( 'NONE',  ( 25.39999999999999858, 3.810000000000000053, -0.1999999999999996503 ) ) ;
#1917 = ORIENTED_EDGE ( 'NONE', *, *, #2573, .T. ) ;
#1918 = VECTOR ( 'NONE', #6465, 1000.000000000000000 ) ;
#1919 = SURFACE_SIDE_STYLE ('',( #4971 ) ) ;
#1920 = ORIENTED_EDGE ( 'NONE', *, *, #693, .T. ) ;
#1921 = CARTESIAN_POINT ( 'NONE',  ( 29.80000000000000071, 17.50000000000000000, 12.69999999999999929 ) ) ;
#1922 = EDGE_CURVE ( 'NONE', #809, #753, #5975, .T. ) ;
#1923 = SURFACE_STYLE_USAGE ( .BOTH. , #2454 ) ;
#1924 = FILL_AREA_STYLE_COLOUR ( '', #2799 ) ;
#1925 =( NAMED_UNIT ( * ) PLANE_ANGLE_UNIT ( ) SI_UNIT ( $, .RADIAN. ) );
#1926 =( NAMED_UNIT ( * ) SI_UNIT ( $, .STERADIAN. ) SOLID_ANGLE_UNIT ( ) );
#1927 = ADVANCED_FACE ( 'NONE', ( #5905 ), #5419, .T. ) ;
#1928 = ORIENTED_EDGE ( 'NONE', *, *, #4078, .T. ) ;
#1929 = CARTESIAN_POINT ( 'NONE',  ( -25.10000000000000142, 13.08000000000000007, -17.30000000000000071 ) ) ;
#1930 = DIRECTION ( 'NONE',  ( 1.000000000000000000, -1.145031997344426006E-16, 0.000000000000000000 ) ) ;
#1931 = DIRECTION ( 'NONE',  ( 0.000000000000000000, 0.000000000000000000, 1.000000000000000000 ) ) ;
#1932 = ORIENTED_EDGE ( 'NONE', *, *, #4786, .F. ) ;
#1933 = CARTESIAN_POINT ( 'NONE',  ( 22.10000000000000142, -13.08000000000000007, 0.000000000000000000 ) ) ;
#1934 = LINE ( 'NONE', #2003, #342 ) ;
#1935 = VECTOR ( 'NONE', #4502, 999.9999999999998863 ) ;
#1936 = VECTOR ( 'NONE', #645, 1000.000000000000000 ) ;
#1937 = DIRECTION ( 'NONE',  ( 0.000000000000000000, 0.000000000000000000, 1.000000000000000000 ) ) ;
#1938 = EDGE_LOOP ( 'NONE', ( #5444, #816, #1986, #1730 ) ) ;
#1939 = DIRECTION ( 'NONE',  ( 0.000000000000000000, 0.000000000000000000, 1.000000000000000000 ) ) ;
#1940 = DIRECTION ( 'NONE',  ( 0.000000000000000000, 0.000000000000000000, -1.000000000000000000 ) ) ;
#1941 = VECTOR ( 'NONE', #4824, 1000.000000000000000 ) ;
#1942 = VERTEX_POINT ( 'NONE', #2765 ) ;
#1943 = CARTESIAN_POINT ( 'NONE',  ( -23.59999999999999787, -13.08000000000000007, -17.30000000000000071 ) ) ;
#1944 = DIRECTION ( 'NONE',  ( -1.145031997344426006E-16, -1.000000000000000000, 0.000000000000000000 ) ) ;
#1945 = EDGE_CURVE ( 'NONE', #3838, #5630, #6392, .T. ) ;
#1946 = CYLINDRICAL_SURFACE ( 'NONE', #1424, 0.7500000000000006661 ) ;
#1947 = STYLED_ITEM ( 'NONE', ( #5845 ), #5723 ) ;
#1948 = ADVANCED_FACE ( 'NONE', ( #6400 ), #1858, .F. ) ;
#1949 = CARTESIAN_POINT ( 'NONE',  ( -28.19999999999999929, -19.40000000000000213, 12.69999999999999929 ) ) ;
#1950 = ORIENTED_EDGE ( 'NONE', *, *, #1362, .F. ) ;
#1951 = STYLED_ITEM ( 'NONE', ( #2559 ), #5788 ) ;
#1952 = DIRECTION ( 'NONE',  ( 1.000000000000000000, 0.000000000000000000, 0.000000000000000000 ) ) ;
#1953 = ORIENTED_EDGE ( 'NONE', *, *, #6287, .F. ) ;
#1954 =( NAMED_UNIT ( * ) PLANE_ANGLE_UNIT ( ) SI_UNIT ( $, .RADIAN. ) );
#1955 = DIRECTION ( 'NONE',  ( 0.000000000000000000, 1.000000000000000000, 0.000000000000000000 ) ) ;
#1956 = SURFACE_SIDE_STYLE ('',( #3552 ) ) ;
#1957 = EDGE_CURVE ( 'NONE', #1569, #5365, #4273, .T. ) ;
#1958 = VECTOR ( 'NONE', #537, 1000.000000000000000 ) ;
#1959 = AXIS2_PLACEMENT_3D ( 'NONE', #4744, #2644, #5163 ) ;
#1960 = FILL_AREA_STYLE_COLOUR ( '', #4911 ) ;
#1961 = PRESENTATION_LAYER_ASSIGNMENT (  '', '', ( #4876 ) ) ;
#1962 = DIRECTION ( 'NONE',  ( 0.7071067811865515695, -8.659560562354973534E-17, 0.7071067811865435759 ) ) ;
#1963 =( GEOMETRIC_REPRESENTATION_CONTEXT ( 3 ) GLOBAL_UNCERTAINTY_ASSIGNED_CONTEXT ( ( #6143 ) ) GLOBAL_UNIT_ASSIGNED_CONTEXT ( ( #4832, #3347, #3284 ) ) REPRESENTATION_CONTEXT ( 'NONE', 'WORKASPACE' ) );
#1964 = STYLED_ITEM ( 'NONE', ( #827 ), #2252 ) ;
#1965 = MECHANICAL_DESIGN_GEOMETRIC_PRESENTATION_REPRESENTATION (  '', ( #359 ), #3342 ) ;
#1966 = ORIENTED_EDGE ( 'NONE', *, *, #3457, .F. ) ;
#1967 = CIRCLE ( 'NONE', #3998, 0.5000000000000004441 ) ;
#1968 = CARTESIAN_POINT ( 'NONE',  ( -28.29999999999999716, 19.40000000000000213, 12.69999999999999929 ) ) ;
#1969 = DIRECTION ( 'NONE',  ( 0.000000000000000000, 0.000000000000000000, 1.000000000000000000 ) ) ;
#1970 = COLOUR_RGB ( '',1.000000000000000000, 1.000000000000000000, 1.000000000000000000 ) ;
#1971 = EDGE_LOOP ( 'NONE', ( #3889, #4332, #6330, #2934 ) ) ;
#1972 = CIRCLE ( 'NONE', #5745, 0.09999999999999939493 ) ;
#1973 = CARTESIAN_POINT ( 'NONE',  ( -29.30000000000000071, 18.00000000000000000, 12.19999999999999929 ) ) ;
#1974 = ORIENTED_EDGE ( 'NONE', *, *, #4247, .F. ) ;
#1975 = LINE ( 'NONE', #3011, #4653 ) ;
#1976 = UNCERTAINTY_MEASURE_WITH_UNIT (LENGTH_MEASURE( 1.000000000000000082E-05 ), #3350, 'distance_accuracy_value', 'NONE');
#1977 = FILL_AREA_STYLE ('',( #2469 ) ) ;
#1978 = VERTEX_POINT ( 'NONE', #766 ) ;
#1979 = CARTESIAN_POINT ( 'NONE',  ( 25.10000000000000142, -13.08000000000000007, 12.19999999999999929 ) ) ;
#1980 = DIRECTION ( 'NONE',  ( 1.000000000000000000, 0.000000000000000000, 0.000000000000000000 ) ) ;
#1981 = DIRECTION ( 'NONE',  ( -1.000000000000000000, 0.000000000000000000, 0.000000000000000000 ) ) ;
#1982 = CARTESIAN_POINT ( 'NONE',  ( 25.39999999999999858, -3.810000000000000053, -3.999999999999999112 ) ) ;
#1983 = ORIENTED_EDGE ( 'NONE', *, *, #100, .F. ) ;
#1984 = EDGE_CURVE ( 'NONE', #5332, #6070, #387, .T. ) ;
#1985 = AXIS2_PLACEMENT_3D ( 'NONE', #5257, #5222, #6260 ) ;
#1986 = ORIENTED_EDGE ( 'NONE', *, *, #3110, .T. ) ;
#1987 = FACE_OUTER_BOUND ( 'NONE', #6017, .T. ) ;
#1988 = DIRECTION ( 'NONE',  ( 0.000000000000000000, 0.000000000000000000, -1.000000000000000000 ) ) ;
#1989 =( NAMED_UNIT ( * ) SI_UNIT ( $, .STERADIAN. ) SOLID_ANGLE_UNIT ( ) );
#1990 = AXIS2_PLACEMENT_3D ( 'NONE', #4197, #2555, #145 ) ;
#1991 = CARTESIAN_POINT ( 'NONE',  ( 23.59999999999999787, -13.08000000000000007, -17.30000000000000071 ) ) ;
#1992 = EDGE_CURVE ( 'NONE', #4188, #5984, #2025, .T. ) ;
#1993 = PRESENTATION_LAYER_ASSIGNMENT (  '', '', ( #1675 ) ) ;
#1994 = LINE ( 'NONE', #6218, #5934 ) ;
#1995 = CIRCLE ( 'NONE', #279, 0.5000000000000004441 ) ;
#1996 = EDGE_LOOP ( 'NONE', ( #1734, #230 ) ) ;
#1997 = SURFACE_STYLE_FILL_AREA ( #2897 ) ;
#1998 = CARTESIAN_POINT ( 'NONE',  ( -30.30000000000000071, -17.39999999999999858, 12.69999999999999929 ) ) ;
#1999 = MECHANICAL_DESIGN_GEOMETRIC_PRESENTATION_REPRESENTATION (  '', ( #3598 ), #5881 ) ;
#2000 =( LENGTH_UNIT ( ) NAMED_UNIT ( * ) SI_UNIT ( .MILLI., .METRE. ) );
#2001 = ORIENTED_EDGE ( 'NONE', *, *, #644, .T. ) ;
#2002 = PLANE ( 'NONE',  #1322 ) ;
#2003 = CARTESIAN_POINT ( 'NONE',  ( -28.19999999999999929, 19.50000000000000000, 12.19999999999999929 ) ) ;
#2004 = EDGE_CURVE ( 'NONE', #4739, #1598, #3460, .T. ) ;
#2005 = VECTOR ( 'NONE', #1616, 1000.000000000000000 ) ;
#2006 = EDGE_CURVE ( 'NONE', #5095, #1604, #4310, .T. ) ;
#2007 = LINE ( 'NONE', #5155, #2733 ) ;
#2008 = ORIENTED_EDGE ( 'NONE', *, *, #1033, .F. ) ;
#2009 =( GEOMETRIC_REPRESENTATION_CONTEXT ( 3 ) GLOBAL_UNCERTAINTY_ASSIGNED_CONTEXT ( ( #6356 ) ) GLOBAL_UNIT_ASSIGNED_CONTEXT ( ( #5817, #1171, #124 ) ) REPRESENTATION_CONTEXT ( 'NONE', 'WORKASPACE' ) );
#2010 = FACE_OUTER_BOUND ( 'NONE', #5079, .T. ) ;
#2011 = CARTESIAN_POINT ( 'NONE',  ( 26.14999999999999858, -7.620000000000000107, -3.800000000000000266 ) ) ;
#2012 = AXIS2_PLACEMENT_3D ( 'NONE', #6448, #5437, #1781 ) ;
#2013 = VERTEX_POINT ( 'NONE', #2959 ) ;
#2014 = CARTESIAN_POINT ( 'NONE',  ( -24.89999999999999858, 7.620000000000000107, -0.1999999999999996503 ) ) ;
#2015 = CARTESIAN_POINT ( 'NONE',  ( 28.29999999999999716, -19.00000000000000000, 12.19999999999999929 ) ) ;
#2016 = PRESENTATION_STYLE_ASSIGNMENT (( #1020 ) ) ;
#2017 = FACE_OUTER_BOUND ( 'NONE', #3400, .T. ) ;
#2018 = ORIENTED_EDGE ( 'NONE', *, *, #240, .F. ) ;
#2019 = DIRECTION ( 'NONE',  ( 0.000000000000000000, 0.000000000000000000, -1.000000000000000000 ) ) ;
#2020 = VERTEX_POINT ( 'NONE', #1464 ) ;
#2021 = FILL_AREA_STYLE ('',( #5753 ) ) ;
#2022 = DIRECTION ( 'NONE',  ( 0.000000000000000000, 0.000000000000000000, -1.000000000000000000 ) ) ;
#2023 = CYLINDRICAL_SURFACE ( 'NONE', #720, 0.09999999999999939493 ) ;
#2024 = UNCERTAINTY_MEASURE_WITH_UNIT (LENGTH_MEASURE( 1.000000000000000082E-05 ), #3975, 'distance_accuracy_value', 'NONE');
#2025 = LINE ( 'NONE', #937, #2491 ) ;
#2026 = SURFACE_STYLE_USAGE ( .BOTH. , #17 ) ;
#2027 = EDGE_CURVE ( 'NONE', #2137, #5296, #2812, .T. ) ;
#2028 = CIRCLE ( 'NONE', #2450, 0.7500000000000006661 ) ;
#2029 = EDGE_CURVE ( 'NONE', #3138, #3107, #1000, .T. ) ;
#2030 = VERTEX_POINT ( 'NONE', #4979 ) ;
#2031 = DIRECTION ( 'NONE',  ( 1.000000000000000000, 0.000000000000000000, 0.000000000000000000 ) ) ;
#2032 = DIRECTION ( 'NONE',  ( -0.7071067811865510144, -0.000000000000000000, 0.7071067811865441310 ) ) ;
#2033 = DIRECTION ( 'NONE',  ( -1.000000000000000000, 0.000000000000000000, 0.000000000000000000 ) ) ;
#2034 = ORIENTED_EDGE ( 'NONE', *, *, #343, .F. ) ;
#2035 = DIRECTION ( 'NONE',  ( 0.000000000000000000, 0.000000000000000000, 1.000000000000000000 ) ) ;
#2036 = ORIENTED_EDGE ( 'NONE', *, *, #1341, .T. ) ;
#2037 = UNCERTAINTY_MEASURE_WITH_UNIT (LENGTH_MEASURE( 1.000000000000000082E-05 ), #3734, 'distance_accuracy_value', 'NONE');
#2038 = DIRECTION ( 'NONE',  ( 1.000000000000000000, 0.000000000000000000, 0.000000000000000000 ) ) ;
#2039 = EDGE_LOOP ( 'NONE', ( #5009, #6087 ) ) ;
#2040 = MECHANICAL_DESIGN_GEOMETRIC_PRESENTATION_REPRESENTATION (  '', ( #6361 ), #5609 ) ;
#2041 = CARTESIAN_POINT ( 'NONE',  ( -24.64999999999999858, -9.184850993605191578E-17, -0.1999999999999996503 ) ) ;
#2042 = CARTESIAN_POINT ( 'NONE',  ( -25.39999999999999858, -7.620000000000000107, -3.800000000000000266 ) ) ;
#2043 = ORIENTED_EDGE ( 'NONE', *, *, #1466, .T. ) ;
#2044 = COLOUR_RGB ( '',1.000000000000000000, 1.000000000000000000, 1.000000000000000000 ) ;
#2045 =( GEOMETRIC_REPRESENTATION_CONTEXT ( 3 ) GLOBAL_UNCERTAINTY_ASSIGNED_CONTEXT ( ( #4606 ) ) GLOBAL_UNIT_ASSIGNED_CONTEXT ( ( #4103, #1136, #2534 ) ) REPRESENTATION_CONTEXT ( 'NONE', 'WORKASPACE' ) );
#2046 = ORIENTED_EDGE ( 'NONE', *, *, #1563, .T. ) ;
#2047 = FACE_OUTER_BOUND ( 'NONE', #2723, .T. ) ;
#2048 = EDGE_CURVE ( 'NONE', #4244, #377, #349, .T. ) ;
#2049 = CARTESIAN_POINT ( 'NONE',  ( -28.19999999999999929, 19.40000000000000213, 12.19999999999999929 ) ) ;
#2050 = DIRECTION ( 'NONE',  ( -1.000000000000000000, 0.000000000000000000, 0.000000000000000000 ) ) ;
#2051 = AXIS2_PLACEMENT_3D ( 'NONE', #1773, #2399, #1807 ) ;
#2052 =( GEOMETRIC_REPRESENTATION_CONTEXT ( 3 ) GLOBAL_UNCERTAINTY_ASSIGNED_CONTEXT ( ( #5692 ) ) GLOBAL_UNIT_ASSIGNED_CONTEXT ( ( #5634, #482, #1481 ) ) REPRESENTATION_CONTEXT ( 'NONE', 'WORKASPACE' ) );
#2053 = FILL_AREA_STYLE ('',( #599 ) ) ;
#2054 = CARTESIAN_POINT ( 'NONE',  ( 23.59999999999999787, -13.08000000000000007, -17.30000000000000071 ) ) ;
#2055 = AXIS2_PLACEMENT_3D ( 'NONE', #2593, #2189, #5707 ) ;
#2056 = AXIS2_PLACEMENT_3D ( 'NONE', #1503, #5060, #6608 ) ;
#2057 = PRODUCT_CONTEXT ( 'NONE', #6480, 'mechanical' ) ;
#2058 = CIRCLE ( 'NONE', #5524, 0.5499999999999983791 ) ;
#2059 = EDGE_CURVE ( 'NONE', #5073, #5591, #5842, .T. ) ;
#2060 = CARTESIAN_POINT ( 'NONE',  ( -25.39999999999999858, -7.620000000000000107, 0.000000000000000000 ) ) ;
#2061 = ORIENTED_EDGE ( 'NONE', *, *, #3393, .T. ) ;
#2062 = CARTESIAN_POINT ( 'NONE',  ( -28.29999999999999716, 19.00000000000000000, 12.69999999999999929 ) ) ;
#2063 = SURFACE_SIDE_STYLE ('',( #4600 ) ) ;
#2064 = VECTOR ( 'NONE', #5107, 1000.000000000000000 ) ;
#2065 = AXIS2_PLACEMENT_3D ( 'NONE', #34, #4640, #3576 ) ;
#2066 = ORIENTED_EDGE ( 'NONE', *, *, #1724, .T. ) ;
#2067 = AXIS2_PLACEMENT_3D ( 'NONE', #4559, #3525, #5278 ) ;
#2068 = EDGE_CURVE ( 'NONE', #1741, #4541, #4448, .T. ) ;
#2069 =( LENGTH_UNIT ( ) NAMED_UNIT ( * ) SI_UNIT ( .MILLI., .METRE. ) );
#2070 = ORIENTED_EDGE ( 'NONE', *, *, #3037, .T. ) ;
#2071 = DIRECTION ( 'NONE',  ( 0.000000000000000000, 0.000000000000000000, 1.000000000000000000 ) ) ;
#2072 = DIRECTION ( 'NONE',  ( 0.000000000000000000, 0.000000000000000000, -1.000000000000000000 ) ) ;
#2073 = CARTESIAN_POINT ( 'NONE',  ( -28.80000000000000071, -19.00000000000000000, 12.69999999999999929 ) ) ;
#2074 = AXIS2_PLACEMENT_3D ( 'NONE', #2592, #4656, #2088 ) ;
#2075 = EDGE_CURVE ( 'NONE', #3914, #523, #3929, .T. ) ;
#2076 = CARTESIAN_POINT ( 'NONE',  ( 30.30000000000000071, 17.39999999999999858, 12.69999999999999929 ) ) ;
#2077 = ORIENTED_EDGE ( 'NONE', *, *, #5243, .T. ) ;
#2078 = LINE ( 'NONE', #104, #2425 ) ;
#2079 = ORIENTED_EDGE ( 'NONE', *, *, #3939, .F. ) ;
#2080 = FACE_OUTER_BOUND ( 'NONE', #1469, .T. ) ;
#2081 = ORIENTED_EDGE ( 'NONE', *, *, #2851, .T. ) ;
#2082 = SURFACE_STYLE_FILL_AREA ( #1187 ) ;
#2083 = DIRECTION ( 'NONE',  ( 0.000000000000000000, 0.000000000000000000, -1.000000000000000000 ) ) ;
#2084 = ADVANCED_FACE ( 'NONE', ( #5048 ), #6053, .T. ) ;
#2085 = CIRCLE ( 'NONE', #2940, 0.09999999999999939493 ) ;
#2086 = CARTESIAN_POINT ( 'NONE',  ( 25.39999999999999858, -7.620000000000000107, 0.000000000000000000 ) ) ;
#2087 =( GEOMETRIC_REPRESENTATION_CONTEXT ( 3 ) GLOBAL_UNCERTAINTY_ASSIGNED_CONTEXT ( ( #4093 ) ) GLOBAL_UNIT_ASSIGNED_CONTEXT ( ( #5898, #1257, #3276 ) ) REPRESENTATION_CONTEXT ( 'NONE', 'WORKASPACE' ) );
#2088 = DIRECTION ( 'NONE',  ( 1.000000000000000000, 0.000000000000000000, 0.000000000000000000 ) ) ;
#2089 = EDGE_CURVE ( 'NONE', #3805, #1585, #5523, .T. ) ;
#2090 = VECTOR ( 'NONE', #4368, 1000.000000000000000 ) ;
#2091 = DIRECTION ( 'NONE',  ( 0.000000000000000000, 0.000000000000000000, 1.000000000000000000 ) ) ;
#2092 = DIRECTION ( 'NONE',  ( -1.000000000000000000, 0.000000000000000000, 0.000000000000000000 ) ) ;
#2093 = VECTOR ( 'NONE', #6286, 1000.000000000000000 ) ;
#2094 = SHAPE_DEFINITION_REPRESENTATION ( #2631, #558 ) ;
#2095 =( NAMED_UNIT ( * ) SI_UNIT ( $, .STERADIAN. ) SOLID_ANGLE_UNIT ( ) );
#2096 = CARTESIAN_POINT ( 'NONE',  ( -28.29999999999999716, 19.00000000000000000, 12.69999999999999929 ) ) ;
#2097 = VERTEX_POINT ( 'NONE', #903 ) ;
#2098 = CARTESIAN_POINT ( 'NONE',  ( 28.19999999999999929, -19.40000000000000213, 12.19999999999999929 ) ) ;
#2099 = CYLINDRICAL_SURFACE ( 'NONE', #1370, 0.5000000000000004441 ) ;
#2100 = LINE ( 'NONE', #1501, #2625 ) ;
#2101 = ORIENTED_EDGE ( 'NONE', *, *, #708, .T. ) ;
#2102 = PRESENTATION_LAYER_ASSIGNMENT (  '', '', ( #833 ) ) ;
#2103 =( NAMED_UNIT ( * ) SI_UNIT ( $, .STERADIAN. ) SOLID_ANGLE_UNIT ( ) );
#2104 = UNCERTAINTY_MEASURE_WITH_UNIT (LENGTH_MEASURE( 1.000000000000000082E-05 ), #1398, 'distance_accuracy_value', 'NONE');
#2105 = ORIENTED_EDGE ( 'NONE', *, *, #622, .F. ) ;
#2106 = LINE ( 'NONE', #32, #3554 ) ;
#2107 = CIRCLE ( 'NONE', #3707, 0.3000000000000224709 ) ;
#2108 = EDGE_CURVE ( 'NONE', #4810, #4010, #1893, .T. ) ;
#2109 = VECTOR ( 'NONE', #2261, 1000.000000000000000 ) ;
#2110 = SURFACE_SIDE_STYLE ('',( #4079 ) ) ;
#2111 = VERTEX_POINT ( 'NONE', #5015 ) ;
#2112 = CARTESIAN_POINT ( 'NONE',  ( 30.20000000000000284, -17.50000000000000000, 12.69999999999999929 ) ) ;
#2113 =( GEOMETRIC_REPRESENTATION_CONTEXT ( 3 ) GLOBAL_UNCERTAINTY_ASSIGNED_CONTEXT ( ( #6074 ) ) GLOBAL_UNIT_ASSIGNED_CONTEXT ( ( #1553, #3247, #2656 ) ) REPRESENTATION_CONTEXT ( 'NONE', 'WORKASPACE' ) );
#2114 = ORIENTED_EDGE ( 'NONE', *, *, #2715, .T. ) ;
#2115 = VECTOR ( 'NONE', #2138, 1000.000000000000000 ) ;
#2116 = CARTESIAN_POINT ( 'NONE',  ( 29.80000000000000071, 18.00000000000000000, 12.19999999999999929 ) ) ;
#2117 = STYLED_ITEM ( 'NONE', ( #1430 ), #2970 ) ;
#2118 = VERTEX_POINT ( 'NONE', #1491 ) ;
#2119 = CARTESIAN_POINT ( 'NONE',  ( -28.29999999999999716, -19.40000000000000213, 12.69999999999999929 ) ) ;
#2120 = CARTESIAN_POINT ( 'NONE',  ( -26.14999999999999858, 0.000000000000000000, -0.1999999999999996503 ) ) ;
#2121 = CARTESIAN_POINT ( 'NONE',  ( 28.80000000000000071, -19.00000000000000000, 12.69999999999999929 ) ) ;
#2122 = EDGE_CURVE ( 'NONE', #1639, #4687, #6165, .T. ) ;
#2123 = LINE ( 'NONE', #1070, #3841 ) ;
#2124 = ORIENTED_EDGE ( 'NONE', *, *, #855, .T. ) ;
#2125 = PLANE ( 'NONE',  #455 ) ;
#2126 = FACE_OUTER_BOUND ( 'NONE', #1613, .T. ) ;
#2127 = VECTOR ( 'NONE', #974, 1000.000000000000000 ) ;
#2128 = ADVANCED_FACE ( 'NONE', ( #6216 ), #4621, .F. ) ;
#2129 = CARTESIAN_POINT ( 'NONE',  ( -26.14999999999999858, 7.620000000000000107, 0.000000000000000000 ) ) ;
#2130 = ORIENTED_EDGE ( 'NONE', *, *, #1922, .T. ) ;
#2132 = STYLED_ITEM ( 'NONE', ( #5656 ), #1793 ) ;
#2131 = CARTESIAN_POINT ( 'NONE',  ( 23.59999999999999787, -13.08000000000000007, -17.30000000000000071 ) ) ;
#2133 = DIRECTION ( 'NONE',  ( 1.000000000000000000, 0.000000000000000000, 0.000000000000000000 ) ) ;
#2134 = SURFACE_STYLE_FILL_AREA ( #2235 ) ;
#2135 = ORIENTED_EDGE ( 'NONE', *, *, #1117, .T. ) ;
#2136 = CARTESIAN_POINT ( 'NONE',  ( 25.39999999999999858, 7.620000000000000107, -3.800000000000000266 ) ) ;
#2137 = VERTEX_POINT ( 'NONE', #5147 ) ;
#2138 = DIRECTION ( 'NONE',  ( 0.000000000000000000, 0.000000000000000000, -1.000000000000000000 ) ) ;
#2139 = EDGE_LOOP ( 'NONE', ( #4647, #6336, #2755, #5006 ) ) ;
#2140 = DIRECTION ( 'NONE',  ( 0.000000000000000000, 0.000000000000000000, 1.000000000000000000 ) ) ;
#2141 = ADVANCED_FACE ( 'NONE', ( #6248 ), #1130, .T. ) ;
#2142 = ORIENTED_EDGE ( 'NONE', *, *, #914, .F. ) ;
#2143 = CARTESIAN_POINT ( 'NONE',  ( -25.39999999999999858, 7.620000000000000107, 0.000000000000000000 ) ) ;
#2144 = CARTESIAN_POINT ( 'NONE',  ( 28.80000000000000071, 19.00000000000000000, 12.19999999999999929 ) ) ;
#2145 =( NAMED_UNIT ( * ) PLANE_ANGLE_UNIT ( ) SI_UNIT ( $, .RADIAN. ) );
#2146 = CARTESIAN_POINT ( 'NONE',  ( 28.19999999999999929, -19.40000000000000213, 12.69999999999999929 ) ) ;
#2147 = CIRCLE ( 'NONE', #3641, 0.09999999999999939493 ) ;
#2148 = FILL_AREA_STYLE ('',( #5805 ) ) ;
#2149 = ORIENTED_EDGE ( 'NONE', *, *, #6391, .F. ) ;
#2150 = UNCERTAINTY_MEASURE_WITH_UNIT (LENGTH_MEASURE( 1.000000000000000082E-05 ), #1065, 'distance_accuracy_value', 'NONE');
#2151 = FILL_AREA_STYLE ('',( #5736 ) ) ;
#2152 = AXIS2_PLACEMENT_3D ( 'NONE', #1916, #930, #2855 ) ;
#2153 = LINE ( 'NONE', #5409, #1521 ) ;
#2154 = CARTESIAN_POINT ( 'NONE',  ( -28.29999999999999716, -19.40000000000000213, 12.19999999999999929 ) ) ;
#2155 =( GEOMETRIC_REPRESENTATION_CONTEXT ( 3 ) GLOBAL_UNCERTAINTY_ASSIGNED_CONTEXT ( ( #1049 ) ) GLOBAL_UNIT_ASSIGNED_CONTEXT ( ( #2863, #4003, #3421 ) ) REPRESENTATION_CONTEXT ( 'NONE', 'WORKASPACE' ) );
#2156 = CARTESIAN_POINT ( 'NONE',  ( -0.000000000000000000, 0.000000000000000000, 0.007599999999999999985 ) ) ;
#2157 = CIRCLE ( 'NONE', #237, 0.09999999999999939493 ) ;
#2158 = CARTESIAN_POINT ( 'NONE',  ( 25.89999999999999858, -6.123233995736750012E-17, -3.999999999999999112 ) ) ;
#2159 = DIRECTION ( 'NONE',  ( 0.000000000000000000, 1.000000000000000000, 0.000000000000000000 ) ) ;
#2160 = ORIENTED_EDGE ( 'NONE', *, *, #6496, .F. ) ;
#2161 = DIRECTION ( 'NONE',  ( 0.000000000000000000, 0.000000000000000000, -1.000000000000000000 ) ) ;
#2162 = PLANE ( 'NONE',  #6078 ) ;
#2163 = ORIENTED_EDGE ( 'NONE', *, *, #115, .F. ) ;
#2164 = PRESENTATION_STYLE_ASSIGNMENT (( #1174 ) ) ;
#2165 = LINE ( 'NONE', #3198, #3691 ) ;
#2166 = LINE ( 'NONE', #3677, #1601 ) ;
#2167 = COLOUR_RGB ( '',1.000000000000000000, 1.000000000000000000, 1.000000000000000000 ) ;
#2168 = ORIENTED_EDGE ( 'NONE', *, *, #6028, .T. ) ;
#2169 = DIRECTION ( 'NONE',  ( 0.000000000000000000, 0.000000000000000000, -1.000000000000000000 ) ) ;
#2170 = CARTESIAN_POINT ( 'NONE',  ( 29.19999999999999929, -18.39999999999999858, 12.19999999999999929 ) ) ;
#2171 = AXIS2_PLACEMENT_3D ( 'NONE', #5003, #1944, #5066 ) ;
#2172 = DIRECTION ( 'NONE',  ( 1.000000000000000000, 0.000000000000000000, 0.000000000000000000 ) ) ;
#2173 = VECTOR ( 'NONE', #2523, 1000.000000000000000 ) ;
#2174 = VERTEX_POINT ( 'NONE', #5679 ) ;
#2175 = STYLED_ITEM ( 'NONE', ( #4039 ), #6573 ) ;
#2176 = DIRECTION ( 'NONE',  ( 1.000000000000000000, 0.000000000000000000, 0.000000000000000000 ) ) ;
#2177 = VERTEX_POINT ( 'NONE', #1034 ) ;
#2178 = STYLED_ITEM ( 'NONE', ( #5997 ), #263 ) ;
#2179 = DIRECTION ( 'NONE',  ( 0.000000000000000000, 0.000000000000000000, 1.000000000000000000 ) ) ;
#2180 = ORIENTED_EDGE ( 'NONE', *, *, #1715, .F. ) ;
#2181 = CIRCLE ( 'NONE', #3780, 0.09999999999999939493 ) ;
#2182 = LINE ( 'NONE', #1188, #5252 ) ;
#2183 = CARTESIAN_POINT ( 'NONE',  ( 25.69999999999999929, -3.810000000000000053, -3.999999999999999112 ) ) ;
#2184 = EDGE_CURVE ( 'NONE', #3304, #4916, #1067, .T. ) ;
#2185 = SURFACE_SIDE_STYLE ('',( #4756 ) ) ;
#2186 = CARTESIAN_POINT ( 'NONE',  ( 24.89999999999999858, -3.810000000000000053, -0.1999999999999996503 ) ) ;
#2187 = CIRCLE ( 'NONE', #2727, 1.500000000000001332 ) ;
#2188 = VERTEX_POINT ( 'NONE', #2660 ) ;
#2189 = DIRECTION ( 'NONE',  ( 0.000000000000000000, 1.000000000000000000, 0.000000000000000000 ) ) ;
#2190 = FILL_AREA_STYLE ('',( #2223 ) ) ;
#2191 = SURFACE_SIDE_STYLE ('',( #3594 ) ) ;
#2192 =( GEOMETRIC_REPRESENTATION_CONTEXT ( 3 ) GLOBAL_UNCERTAINTY_ASSIGNED_CONTEXT ( ( #3694 ) ) GLOBAL_UNIT_ASSIGNED_CONTEXT ( ( #2777, #5393, #1180 ) ) REPRESENTATION_CONTEXT ( 'NONE', 'WORKASPACE' ) );
#2193 = CIRCLE ( 'NONE', #3361, 0.3000000000000224709 ) ;
#2194 = EDGE_CURVE ( 'NONE', #5422, #6070, #2496, .T. ) ;
#2195 = CARTESIAN_POINT ( 'NONE',  ( -25.89999999999999858, 7.620000000000000107, -3.800000000000000266 ) ) ;
#2196 = ORIENTED_EDGE ( 'NONE', *, *, #3590, .F. ) ;
#2197 = CARTESIAN_POINT ( 'NONE',  ( -28.80000000000000071, -19.00000000000000000, 12.69999999999999929 ) ) ;
#2198 = CIRCLE ( 'NONE', #5448, 0.09999999999999939493 ) ;
#2199 = DIRECTION ( 'NONE',  ( 1.000000000000000000, 0.000000000000000000, 0.000000000000000000 ) ) ;
#2200 = VERTEX_POINT ( 'NONE', #1657 ) ;
#2201 = DIRECTION ( 'NONE',  ( 0.000000000000000000, 0.000000000000000000, 1.000000000000000000 ) ) ;
#2202 = ADVANCED_FACE ( 'NONE', ( #1163 ), #3189, .T. ) ;
#2203 = DIRECTION ( 'NONE',  ( 0.000000000000000000, 0.000000000000000000, -1.000000000000000000 ) ) ;
#2204 = AXIS2_PLACEMENT_3D ( 'NONE', #6037, #3517, #993 ) ;
#2205 = ORIENTED_EDGE ( 'NONE', *, *, #5602, .F. ) ;
#2206 = DIRECTION ( 'NONE',  ( 1.000000000000000000, 0.000000000000000000, 0.000000000000000000 ) ) ;
#2207 =( NAMED_UNIT ( * ) PLANE_ANGLE_UNIT ( ) SI_UNIT ( $, .RADIAN. ) );
#2208 = EDGE_CURVE ( 'NONE', #5466, #2833, #1263, .T. ) ;
#2209 =( GEOMETRIC_REPRESENTATION_CONTEXT ( 3 ) GLOBAL_UNCERTAINTY_ASSIGNED_CONTEXT ( ( #6229 ) ) GLOBAL_UNIT_ASSIGNED_CONTEXT ( ( #3918, #5132, #5564 ) ) REPRESENTATION_CONTEXT ( 'NONE', 'WORKASPACE' ) );
#2210 = SURFACE_STYLE_USAGE ( .BOTH. , #1310 ) ;
#2211 = ORIENTED_EDGE ( 'NONE', *, *, #1022, .F. ) ;
#2212 = CARTESIAN_POINT ( 'NONE',  ( -24.89999999999999858, -7.620000000000000107, -3.999999999999999112 ) ) ;
#2213 = VERTEX_POINT ( 'NONE', #3285 ) ;
#2214 = CARTESIAN_POINT ( 'NONE',  ( 28.80000000000000071, -19.00000000000000000, 12.69999999999999929 ) ) ;
#2215 = AXIS2_PLACEMENT_3D ( 'NONE', #1356, #2758, #5343 ) ;
#2216 = ORIENTED_EDGE ( 'NONE', *, *, #3676, .F. ) ;
#2217 = CARTESIAN_POINT ( 'NONE',  ( -28.29999999999999716, 19.00000000000000000, 12.19999999999999929 ) ) ;
#2218 = CARTESIAN_POINT ( 'NONE',  ( -30.20000000000000284, 17.50000000000000000, 12.19999999999999929 ) ) ;
#2219 = DIRECTION ( 'NONE',  ( 0.000000000000000000, 0.000000000000000000, 1.000000000000000000 ) ) ;
#2220 = ADVANCED_FACE ( 'NONE', ( #5443 ), #5377, .T. ) ;
#2221 = CARTESIAN_POINT ( 'NONE',  ( 25.69999999999999929, 3.810000000000000053, -3.999999999999999112 ) ) ;
#2222 = ORIENTED_EDGE ( 'NONE', *, *, #5116, .T. ) ;
#2223 = FILL_AREA_STYLE_COLOUR ( '', #4198 ) ;
#2224 = SURFACE_SIDE_STYLE ('',( #4271 ) ) ;
#2225 = UNCERTAINTY_MEASURE_WITH_UNIT (LENGTH_MEASURE( 1.000000000000000082E-05 ), #4095, 'distance_accuracy_value', 'NONE');
#2226 = DIRECTION ( 'NONE',  ( 0.000000000000000000, 1.000000000000000000, 0.000000000000000000 ) ) ;
#2227 =( LENGTH_UNIT ( ) NAMED_UNIT ( * ) SI_UNIT ( .MILLI., .METRE. ) );
#2228 = EDGE_CURVE ( 'NONE', #4194, #4386, #2826, .T. ) ;
#2229 = EDGE_LOOP ( 'NONE', ( #2289, #3323 ) ) ;
#2230 = SURFACE_STYLE_USAGE ( .BOTH. , #1700 ) ;
#2231 = SURFACE_STYLE_FILL_AREA ( #610 ) ;
#2232 = EDGE_CURVE ( 'NONE', #2798, #42, #6398, .T. ) ;
#2233 = PRESENTATION_STYLE_ASSIGNMENT (( #3322 ) ) ;
#2234 = VERTEX_POINT ( 'NONE', #6352 ) ;
#2235 = FILL_AREA_STYLE ('',( #617 ) ) ;
#2236 = ORIENTED_EDGE ( 'NONE', *, *, #6319, .T. ) ;
#2237 = DIRECTION ( 'NONE',  ( 0.000000000000000000, -1.000000000000000000, 0.000000000000000000 ) ) ;
#2238 = ADVANCED_FACE ( 'NONE', ( #3312 ), #182, .F. ) ;
#2239 = FILL_AREA_STYLE ('',( #199 ) ) ;
#2240 = STYLED_ITEM ( 'NONE', ( #2742 ), #1594 ) ;
#2241 = DIRECTION ( 'NONE',  ( 0.000000000000000000, 0.000000000000000000, 1.000000000000000000 ) ) ;
#2242 = VERTEX_POINT ( 'NONE', #1193 ) ;
#2243 = CARTESIAN_POINT ( 'NONE',  ( -22.10000000000000142, 13.08000000000000007, -17.30000000000000071 ) ) ;
#2244 = ORIENTED_EDGE ( 'NONE', *, *, #1577, .T. ) ;
#2245 = SURFACE_STYLE_FILL_AREA ( #5798 ) ;
#2246 = ORIENTED_EDGE ( 'NONE', *, *, #6082, .T. ) ;
#2247 = FILL_AREA_STYLE_COLOUR ( '', #3039 ) ;
#2248 = DIRECTION ( 'NONE',  ( 0.000000000000000000, 0.000000000000000000, 1.000000000000000000 ) ) ;
#2249 =( NAMED_UNIT ( * ) PLANE_ANGLE_UNIT ( ) SI_UNIT ( $, .RADIAN. ) );
#2250 = ORIENTED_EDGE ( 'NONE', *, *, #4813, .T. ) ;
#2251 = DIRECTION ( 'NONE',  ( 0.000000000000000000, 0.000000000000000000, -1.000000000000000000 ) ) ;
#2252 = ADVANCED_FACE ( 'NONE', ( #3218, #1232, #4907, #704, #278 ), #2322, .T. ) ;
#2253 = CYLINDRICAL_SURFACE ( 'NONE', #3221, 1.500000000000001332 ) ;
#2254 = FILL_AREA_STYLE_COLOUR ( '', #5873 ) ;
#2255 = STYLED_ITEM ( 'NONE', ( #3069 ), #972 ) ;
#2256 = AXIS2_PLACEMENT_3D ( 'NONE', #2214, #4229, #627 ) ;
#2257 =( GEOMETRIC_REPRESENTATION_CONTEXT ( 3 ) GLOBAL_UNCERTAINTY_ASSIGNED_CONTEXT ( ( #3555 ) ) GLOBAL_UNIT_ASSIGNED_CONTEXT ( ( #4023, #6107, #4579 ) ) REPRESENTATION_CONTEXT ( 'NONE', 'WORKASPACE' ) );
#2258 = SURFACE_STYLE_FILL_AREA ( #249 ) ;
#2259 = PRESENTATION_LAYER_ASSIGNMENT (  '', '', ( #1414 ) ) ;
#2260 = DIRECTION ( 'NONE',  ( 0.000000000000000000, 0.000000000000000000, 1.000000000000000000 ) ) ;
#2261 = DIRECTION ( 'NONE',  ( 0.000000000000000000, 0.000000000000000000, 1.000000000000000000 ) ) ;
#2262 = DIRECTION ( 'NONE',  ( 0.000000000000000000, 0.000000000000000000, -1.000000000000000000 ) ) ;
#2263 = VERTEX_POINT ( 'NONE', #2953 ) ;
#2264 = EDGE_CURVE ( 'NONE', #3056, #2460, #3130, .T. ) ;
#2265 = AXIS2_PLACEMENT_3D ( 'NONE', #4062, #497, #5810 ) ;
#2266 = CARTESIAN_POINT ( 'NONE',  ( -28.29999999999999716, -19.00000000000000000, 12.19999999999999929 ) ) ;
#2267 =( LENGTH_UNIT ( ) NAMED_UNIT ( * ) SI_UNIT ( .MILLI., .METRE. ) );
#2268 = FACE_OUTER_BOUND ( 'NONE', #290, .T. ) ;
#2269 = ORIENTED_EDGE ( 'NONE', *, *, #3962, .T. ) ;
#2270 = CARTESIAN_POINT ( 'NONE',  ( -25.39999999999999858, 0.000000000000000000, -0.1999999999999996503 ) ) ;
#2271 = VECTOR ( 'NONE', #3938, 1000.000000000000000 ) ;
#2272 = AXIS2_PLACEMENT_3D ( 'NONE', #3016, #5134, #6170 ) ;
#2273 = STYLED_ITEM ( 'NONE', ( #361 ), #5546 ) ;
#2274 = CARTESIAN_POINT ( 'NONE',  ( -25.39999999999999858, 7.620000000000000107, -3.999999999999999112 ) ) ;
#2275 = VERTEX_POINT ( 'NONE', #6004 ) ;
#2276 = EDGE_CURVE ( 'NONE', #3933, #4735, #450, .T. ) ;
#2277 = LINE ( 'NONE', #2243, #2375 ) ;
#2278 = VERTEX_POINT ( 'NONE', #3386 ) ;
#2279 = COLOUR_RGB ( '',1.000000000000000000, 1.000000000000000000, 0.5019607843137254832 ) ;
#2280 = VECTOR ( 'NONE', #3334, 1000.000000000000000 ) ;
#2281 = CIRCLE ( 'NONE', #4768, 0.5000000000000004441 ) ;
#2282 = ORIENTED_EDGE ( 'NONE', *, *, #1375, .T. ) ;
#2283 = EDGE_CURVE ( 'NONE', #5921, #3414, #5606, .T. ) ;
#2284 = CARTESIAN_POINT ( 'NONE',  ( -29.80000000000000071, -17.50000000000000000, 12.69999999999999929 ) ) ;
#2285 = CARTESIAN_POINT ( 'NONE',  ( -28.80000000000000071, 19.00000000000000000, 12.19999999999999929 ) ) ;
#2286 = COLOUR_RGB ( '',1.000000000000000000, 1.000000000000000000, 1.000000000000000000 ) ;
#2287 = FACE_BOUND ( 'NONE', #6261, .T. ) ;
#2288 =( GEOMETRIC_REPRESENTATION_CONTEXT ( 3 ) GLOBAL_UNCERTAINTY_ASSIGNED_CONTEXT ( ( #3353 ) ) GLOBAL_UNIT_ASSIGNED_CONTEXT ( ( #2756, #3275, #1256 ) ) REPRESENTATION_CONTEXT ( 'NONE', 'WORKASPACE' ) );
#2289 = ORIENTED_EDGE ( 'NONE', *, *, #202, .F. ) ;
#2290 = MECHANICAL_DESIGN_GEOMETRIC_PRESENTATION_REPRESENTATION (  '', ( #3246 ), #5007 ) ;
#2291 = VECTOR ( 'NONE', #4065, 1000.000000000000000 ) ;
#2292 = FACE_OUTER_BOUND ( 'NONE', #2623, .T. ) ;
#2293 = EDGE_CURVE ( 'NONE', #1246, #1886, #1751, .T. ) ;
#2294 = SURFACE_SIDE_STYLE ('',( #243 ) ) ;
#2295 = DIRECTION ( 'NONE',  ( -1.000000000000000000, 0.000000000000000000, 0.000000000000000000 ) ) ;
#2296 = ADVANCED_FACE ( 'NONE', ( #862 ), #488, .T. ) ;
#2297 = STYLED_ITEM ( 'NONE', ( #1415 ), #3861 ) ;
#2298 = SURFACE_STYLE_USAGE ( .BOTH. , #4873 ) ;
#2299 = DIRECTION ( 'NONE',  ( 0.000000000000000000, -1.000000000000000000, 0.000000000000000000 ) ) ;
#2300 = FACE_OUTER_BOUND ( 'NONE', #828, .T. ) ;
#2301 = ORIENTED_EDGE ( 'NONE', *, *, #3992, .F. ) ;
#2302 = AXIS2_PLACEMENT_3D ( 'NONE', #1606, #650, #5285 ) ;
#2303 = CARTESIAN_POINT ( 'NONE',  ( 28.19999999999999929, 19.50000000000000000, 12.69999999999999929 ) ) ;
#2304 = VERTEX_POINT ( 'NONE', #6521 ) ;
#2305 = DIRECTION ( 'NONE',  ( 0.000000000000000000, 0.000000000000000000, 1.000000000000000000 ) ) ;
#2306 = STYLED_ITEM ( 'NONE', ( #1688 ), #3738 ) ;
#2307 = CARTESIAN_POINT ( 'NONE',  ( 28.29999999999999716, -19.00000000000000000, 12.69999999999999929 ) ) ;
#2308 = ORIENTED_EDGE ( 'NONE', *, *, #5138, .F. ) ;
#2309 = DIRECTION ( 'NONE',  ( 1.000000000000000000, -8.673617379884240576E-15, 0.000000000000000000 ) ) ;
#2310 = UNCERTAINTY_MEASURE_WITH_UNIT (LENGTH_MEASURE( 1.000000000000000082E-05 ), #925, 'distance_accuracy_value', 'NONE');
#2311 = ORIENTED_EDGE ( 'NONE', *, *, #1300, .F. ) ;
#2312 = STYLED_ITEM ( 'NONE', ( #4908 ), #3063 ) ;
#2313 = ORIENTED_EDGE ( 'NONE', *, *, #4463, .F. ) ;
#2314 = FACE_OUTER_BOUND ( 'NONE', #5491, .T. ) ;
#2315 = LINE ( 'NONE', #3340, #1333 ) ;
#2316 = PRESENTATION_LAYER_ASSIGNMENT (  '', '', ( #628 ) ) ;
#2317 = ADVANCED_FACE ( 'NONE', ( #1887 ), #1388, .T. ) ;
#2318 =( NAMED_UNIT ( * ) PLANE_ANGLE_UNIT ( ) SI_UNIT ( $, .RADIAN. ) );
#2319 = CARTESIAN_POINT ( 'NONE',  ( -29.19999999999999929, -18.50000000000000000, 12.69999999999999929 ) ) ;
#2320 = ORIENTED_EDGE ( 'NONE', *, *, #1235, .F. ) ;
#2321 = AXIS2_PLACEMENT_3D ( 'NONE', #3055, #6030, #5136 ) ;
#2322 = PLANE ( 'NONE',  #3341 ) ;
#2323 = DIRECTION ( 'NONE',  ( 0.000000000000000000, 0.000000000000000000, 1.000000000000000000 ) ) ;
#2324 = MECHANICAL_DESIGN_GEOMETRIC_PRESENTATION_REPRESENTATION (  '', ( #5680 ), #5994 ) ;
#2325 = VECTOR ( 'NONE', #5251, 1000.000000000000000 ) ;
#2326 = CLOSED_SHELL ( 'NONE', ( #2975, #5830, #5939, #5286, #2892, #1509, #5954, #1596, #2317, #6523, #3752, #1704, #4324, #2220, #5255, #5870, #2928, #1100, #3187, #3065, #1523, #3089, #1249, #5676, #2238, #5625, #4240, #5468, #1282, #3720, #3243, #2409, #23, #1948, #1134, #5990, #3298, #1649, #2404, #5686, #565, #5836, #5567, #2770, #3824, #4701, #5172, #5904, #263, #2927, #4096, #2202, #5788, #2141, #2084, #3459, #2898, #5544, #2296, #5723, #4327, #1834, #4968, #1591, #1927, #1891, #1793, #4337, #1539, #2434, #3861, #6003, #5126, #6092, #3121, #6052, #40, #3823, #2328, #1752, #1059, #375, #5425, #1183, #1317, #826, #4477, #3928, #4693, #194, #4436, #6514, #1738, #3855, #3738, #3096, #1097, #3156, #972, #319, #4069, #73, #1631, #2841, #1312, #5684, #2970, #5328, #2801, #4932, #4842, #5589 ) ) ;
#2327 = CIRCLE ( 'NONE', #1269, 0.5000000000000004441 ) ;
#2328 = ADVANCED_FACE ( 'NONE', ( #4546 ), #6623, .F. ) ;
#2329 = SURFACE_STYLE_FILL_AREA ( #1238 ) ;
#2330 = FILL_AREA_STYLE ('',( #2832 ) ) ;
#2331 = EDGE_LOOP ( 'NONE', ( #3431, #5484, #210, #6061 ) ) ;
#2332 = DIRECTION ( 'NONE',  ( -1.000000000000000000, 0.000000000000000000, 0.000000000000000000 ) ) ;
#2333 = DIRECTION ( 'NONE',  ( 1.000000000000000000, 0.000000000000000000, 0.000000000000000000 ) ) ;
#2334 = ORIENTED_EDGE ( 'NONE', *, *, #5161, .F. ) ;
#2335 = PLANE ( 'NONE',  #5632 ) ;
#2336 = DIRECTION ( 'NONE',  ( 0.000000000000000000, 0.000000000000000000, 1.000000000000000000 ) ) ;
#2337 = EDGE_CURVE ( 'NONE', #420, #2460, #4027, .T. ) ;
#2338 = CARTESIAN_POINT ( 'NONE',  ( 23.59999999999999787, -13.08000000000000007, 12.69999999999999929 ) ) ;
#2339 = ORIENTED_EDGE ( 'NONE', *, *, #2293, .F. ) ;
#2340 = LINE ( 'NONE', #5891, #3989 ) ;
#2341 = ORIENTED_EDGE ( 'NONE', *, *, #4760, .F. ) ;
#2342 = DIRECTION ( 'NONE',  ( -8.673617379884240576E-15, 1.000000000000000000, 0.000000000000000000 ) ) ;
#2343 = ORIENTED_EDGE ( 'NONE', *, *, #5184, .F. ) ;
#2344 = FILL_AREA_STYLE_COLOUR ( '', #5669 ) ;
#2345 = COLOUR_RGB ( '',1.000000000000000000, 1.000000000000000000, 0.5019607843137254832 ) ;
#2346 = SURFACE_SIDE_STYLE ('',( #3821 ) ) ;
#2347 = ORIENTED_EDGE ( 'NONE', *, *, #5847, .T. ) ;
#2348 = EDGE_CURVE ( 'NONE', #780, #5073, #893, .T. ) ;
#2349 = FACE_OUTER_BOUND ( 'NONE', #2837, .T. ) ;
#2350 = DIRECTION ( 'NONE',  ( 0.000000000000000000, 0.000000000000000000, 1.000000000000000000 ) ) ;
#2351 =( NAMED_UNIT ( * ) PLANE_ANGLE_UNIT ( ) SI_UNIT ( $, .RADIAN. ) );
#2352 = ORIENTED_EDGE ( 'NONE', *, *, #3257, .T. ) ;
#2353 = DIRECTION ( 'NONE',  ( 0.000000000000000000, 0.000000000000000000, 1.000000000000000000 ) ) ;
#2354 = CIRCLE ( 'NONE', #3639, 1.500000000000001332 ) ;
#2355 = PRESENTATION_STYLE_ASSIGNMENT (( #2931 ) ) ;
#2356 = CARTESIAN_POINT ( 'NONE',  ( -25.39999999999999858, 0.000000000000000000, -3.999999999999999112 ) ) ;
#2357 = DIRECTION ( 'NONE',  ( -1.000000000000000000, 0.000000000000000000, 0.000000000000000000 ) ) ;
#2358 = AXIS2_PLACEMENT_3D ( 'NONE', #2480, #3021, #3548 ) ;
#2359 = ORIENTED_EDGE ( 'NONE', *, *, #2337, .F. ) ;
#2360 = LINE ( 'NONE', #4811, #1646 ) ;
#2361 = COLOUR_RGB ( '',1.000000000000000000, 1.000000000000000000, 0.5019607843137254832 ) ;
#2362 = CARTESIAN_POINT ( 'NONE',  ( -29.80000000000000071, 17.50000000000000000, 12.19999999999999929 ) ) ;
#2363 = ORIENTED_EDGE ( 'NONE', *, *, #399, .T. ) ;
#2364 = FILL_AREA_STYLE ('',( #6051 ) ) ;
#2365 = CARTESIAN_POINT ( 'NONE',  ( -29.19999999999999929, -18.50000000000000000, 12.69999999999999929 ) ) ;
#2366 = EDGE_LOOP ( 'NONE', ( #3239, #4340, #189, #790 ) ) ;
#2367 =( LENGTH_UNIT ( ) NAMED_UNIT ( * ) SI_UNIT ( .MILLI., .METRE. ) );
#2368 = UNCERTAINTY_MEASURE_WITH_UNIT (LENGTH_MEASURE( 1.000000000000000082E-05 ), #3921, 'distance_accuracy_value', 'NONE');
#2369 = ORIENTED_EDGE ( 'NONE', *, *, #767, .T. ) ;
#2370 = CYLINDRICAL_SURFACE ( 'NONE', #988, 0.09999999999999939493 ) ;
#2371 = STYLED_ITEM ( 'NONE', ( #5262 ), #6076 ) ;
#2372 = ORIENTED_EDGE ( 'NONE', *, *, #4474, .T. ) ;
#2373 = FILL_AREA_STYLE ('',( #2247 ) ) ;
#2374 = AXIS2_PLACEMENT_3D ( 'NONE', #4032, #3489, #5477 ) ;
#2375 = VECTOR ( 'NONE', #4925, 1000.000000000000000 ) ;
#2376 = CARTESIAN_POINT ( 'NONE',  ( -29.80000000000000071, -17.50000000000000000, 12.19999999999999929 ) ) ;
#2377 = PRESENTATION_LAYER_ASSIGNMENT (  '', '', ( #2273 ) ) ;
#2378 = ORIENTED_EDGE ( 'NONE', *, *, #2276, .F. ) ;
#2379 =( NAMED_UNIT ( * ) SI_UNIT ( $, .STERADIAN. ) SOLID_ANGLE_UNIT ( ) );
#2380 = CARTESIAN_POINT ( 'NONE',  ( -29.30000000000000071, 18.39999999999999858, 12.19999999999999929 ) ) ;
#2381 = EDGE_CURVE ( 'NONE', #6622, #920, #5011, .T. ) ;
#2382 = ORIENTED_EDGE ( 'NONE', *, *, #4677, .F. ) ;
#2383 = AXIS2_PLACEMENT_3D ( 'NONE', #474, #2508, #4569 ) ;
#2384 = LINE ( 'NONE', #6591, #831 ) ;
#2385 = MECHANICAL_DESIGN_GEOMETRIC_PRESENTATION_REPRESENTATION (  '', ( #5314 ), #797 ) ;
#2386 = CARTESIAN_POINT ( 'NONE',  ( 29.19999999999999929, -18.50000000000000000, 12.69999999999999929 ) ) ;
#2387 = MECHANICAL_DESIGN_GEOMETRIC_PRESENTATION_REPRESENTATION (  '', ( #6498 ), #3996 ) ;
#2388 =( LENGTH_UNIT ( ) NAMED_UNIT ( * ) SI_UNIT ( .MILLI., .METRE. ) );
#2389 =( GEOMETRIC_REPRESENTATION_CONTEXT ( 3 ) GLOBAL_UNCERTAINTY_ASSIGNED_CONTEXT ( ( #3433 ) ) GLOBAL_UNIT_ASSIGNED_CONTEXT ( ( #4236, #6320, #4758 ) ) REPRESENTATION_CONTEXT ( 'NONE', 'WORKASPACE' ) );
#2390 = EDGE_CURVE ( 'NONE', #5526, #473, #382, .T. ) ;
#2391 = CARTESIAN_POINT ( 'NONE',  ( -28.29999999999999716, -19.40000000000000213, 12.69999999999999929 ) ) ;
#2392 = EDGE_LOOP ( 'NONE', ( #2077, #6638 ) ) ;
#2393 = FILL_AREA_STYLE_COLOUR ( '', #3669 ) ;
#2394 =( GEOMETRIC_REPRESENTATION_CONTEXT ( 3 ) GLOBAL_UNCERTAINTY_ASSIGNED_CONTEXT ( ( #4959 ) ) GLOBAL_UNIT_ASSIGNED_CONTEXT ( ( #986, #4435, #2476 ) ) REPRESENTATION_CONTEXT ( 'NONE', 'WORKASPACE' ) );
#2395 = FILL_AREA_STYLE ('',( #942 ) ) ;
#2396 = SURFACE_STYLE_FILL_AREA ( #4844 ) ;
#2397 = EDGE_LOOP ( 'NONE', ( #2895, #1566, #3814, #1449 ) ) ;
#2398 = CARTESIAN_POINT ( 'NONE',  ( 25.39999999999999858, 7.620000000000000107, -3.999999999999999112 ) ) ;
#2399 = DIRECTION ( 'NONE',  ( 0.000000000000000000, 0.000000000000000000, 1.000000000000000000 ) ) ;
#2400 = CIRCLE ( 'NONE', #5967, 0.5000000000000004441 ) ;
#2401 = PRESENTATION_LAYER_ASSIGNMENT (  '', '', ( #1557 ) ) ;
#2402 = VERTEX_POINT ( 'NONE', #525 ) ;
#2404 = ADVANCED_FACE ( 'NONE', ( #6137 ), #4285, .F. ) ;
#2403 = FILL_AREA_STYLE_COLOUR ( '', #4539 ) ;
#2405 = ORIENTED_EDGE ( 'NONE', *, *, #3406, .T. ) ;
#2406 = LINE ( 'NONE', #3847, #13 ) ;
#2407 = VERTEX_POINT ( 'NONE', #719 ) ;
#2408 = CARTESIAN_POINT ( 'NONE',  ( 23.59999999999999787, -13.08000000000000007, 12.19999999999999929 ) ) ;
#2409 = ADVANCED_FACE ( 'NONE', ( #3202 ), #4057, .T. ) ;
#2410 = LINE ( 'NONE', #5493, #909 ) ;
#2411 = PLANE ( 'NONE',  #5215 ) ;
#2412 = CARTESIAN_POINT ( 'NONE',  ( -29.19999999999999929, 18.50000000000000000, 12.19999999999999929 ) ) ;
#2413 = ORIENTED_EDGE ( 'NONE', *, *, #5862, .F. ) ;
#2414 = CYLINDRICAL_SURFACE ( 'NONE', #4191, 1.500000000000001332 ) ;
#2415 = ORIENTED_EDGE ( 'NONE', *, *, #6510, .T. ) ;
#2416 =( NAMED_UNIT ( * ) SI_UNIT ( $, .STERADIAN. ) SOLID_ANGLE_UNIT ( ) );
#2417 = DIRECTION ( 'NONE',  ( 1.000000000000000000, 0.000000000000000000, 0.000000000000000000 ) ) ;
#2418 = ORIENTED_EDGE ( 'NONE', *, *, #402, .F. ) ;
#2419 = DIRECTION ( 'NONE',  ( 1.000000000000000000, 0.000000000000000000, 0.000000000000000000 ) ) ;
#2420 = ADVANCED_FACE ( 'NONE', ( #2745 ), #5854, .F. ) ;
#2421 = DIRECTION ( 'NONE',  ( 0.000000000000000000, 0.000000000000000000, 1.000000000000000000 ) ) ;
#2422 = COLOUR_RGB ( '',1.000000000000000000, 1.000000000000000000, 0.5019607843137254832 ) ;
#2423 = UNCERTAINTY_MEASURE_WITH_UNIT (LENGTH_MEASURE( 1.000000000000000082E-05 ), #2227, 'distance_accuracy_value', 'NONE');
#2424 = CARTESIAN_POINT ( 'NONE',  ( -25.10000000000000142, -7.620000000000000107, -3.999999999999999112 ) ) ;
#2425 = VECTOR ( 'NONE', #4612, 1000.000000000000000 ) ;
#2426 = SURFACE_STYLE_USAGE ( .BOTH. , #2962 ) ;
#2427 = CARTESIAN_POINT ( 'NONE',  ( 28.80000000000000071, 18.50000000000000000, 12.69999999999999929 ) ) ;
#2428 = AXIS2_PLACEMENT_3D ( 'NONE', #2144, #3213, #5301 ) ;
#2429 = LINE ( 'NONE', #3966, #5647 ) ;
#2430 = ORIENTED_EDGE ( 'NONE', *, *, #3676, .T. ) ;
#2431 = PRESENTATION_LAYER_ASSIGNMENT (  '', '', ( #6327 ) ) ;
#2432 = DIRECTION ( 'NONE',  ( 1.000000000000000000, 0.000000000000000000, 0.000000000000000000 ) ) ;
#2433 = LINE ( 'NONE', #6662, #2896 ) ;
#2434 = ADVANCED_FACE ( 'NONE', ( #6304 ), #3982, .T. ) ;
#2435 = COLOUR_RGB ( '',1.000000000000000000, 1.000000000000000000, 0.5019607843137254832 ) ;
#2436 = EDGE_CURVE ( 'NONE', #823, #3134, #5792, .T. ) ;
#2437 = ORIENTED_EDGE ( 'NONE', *, *, #6429, .F. ) ;
#2438 = FILL_AREA_STYLE ('',( #4421 ) ) ;
#2439 = ORIENTED_EDGE ( 'NONE', *, *, #758, .F. ) ;
#2440 = CARTESIAN_POINT ( 'NONE',  ( 25.39999999999999858, 7.620000000000000107, -3.800000000000000266 ) ) ;
#2441 = EDGE_CURVE ( 'NONE', #4679, #523, #1213, .T. ) ;
#2442 = CARTESIAN_POINT ( 'NONE',  ( 30.20000000000000284, 17.50000000000000000, 12.69999999999999929 ) ) ;
#2443 = ORIENTED_EDGE ( 'NONE', *, *, #4161, .T. ) ;
#2444 = DIRECTION ( 'NONE',  ( 0.000000000000000000, 0.000000000000000000, -1.000000000000000000 ) ) ;
#2445 = SURFACE_STYLE_USAGE ( .BOTH. , #6065 ) ;
#2446 = ORIENTED_EDGE ( 'NONE', *, *, #4821, .T. ) ;
#2447 = PLANE ( 'NONE',  #4406 ) ;
#2448 = EDGE_LOOP ( 'NONE', ( #4076, #466, #3632, #451 ) ) ;
#2449 = PRESENTATION_STYLE_ASSIGNMENT (( #6071 ) ) ;
#2450 = AXIS2_PLACEMENT_3D ( 'NONE', #3425, #2969, #6049 ) ;
#2451 = DIRECTION ( 'NONE',  ( 0.000000000000000000, -0.000000000000000000, 1.000000000000000000 ) ) ;
#2452 = DIRECTION ( 'NONE',  ( 0.000000000000000000, -1.000000000000000000, 0.000000000000000000 ) ) ;
#2453 = EDGE_CURVE ( 'NONE', #945, #3304, #6269, .T. ) ;
#2454 = SURFACE_SIDE_STYLE ('',( #3963 ) ) ;
#2455 = SURFACE_SIDE_STYLE ('',( #1429 ) ) ;
#2456 =( LENGTH_UNIT ( ) NAMED_UNIT ( * ) SI_UNIT ( .MILLI., .METRE. ) );
#2457 = EDGE_LOOP ( 'NONE', ( #5890, #4072 ) ) ;
#2458 =( NAMED_UNIT ( * ) SI_UNIT ( $, .STERADIAN. ) SOLID_ANGLE_UNIT ( ) );
#2459 = LINE ( 'NONE', #2899, #6476 ) ;
#2460 = VERTEX_POINT ( 'NONE', #6410 ) ;
#2461 =( NAMED_UNIT ( * ) SI_UNIT ( $, .STERADIAN. ) SOLID_ANGLE_UNIT ( ) );
#2462 = DIRECTION ( 'NONE',  ( -1.000000000000000000, 0.000000000000000000, -0.000000000000000000 ) ) ;
#2463 = PRESENTATION_LAYER_ASSIGNMENT (  '', '', ( #5076 ) ) ;
#2464 = EDGE_CURVE ( 'NONE', #141, #6477, #1833, .T. ) ;
#2465 = VECTOR ( 'NONE', #1530, 1000.000000000000000 ) ;
#2466 = CARTESIAN_POINT ( 'NONE',  ( -26.14999999999999858, 7.620000000000000107, -0.1999999999999996503 ) ) ;
#2467 = ORIENTED_EDGE ( 'NONE', *, *, #87, .F. ) ;
#2468 = CARTESIAN_POINT ( 'NONE',  ( -28.80000000000000071, 18.50000000000000000, 12.19999999999999929 ) ) ;
#2469 = FILL_AREA_STYLE_COLOUR ( '', #1619 ) ;
#2470 =( GEOMETRIC_REPRESENTATION_CONTEXT ( 3 ) GLOBAL_UNCERTAINTY_ASSIGNED_CONTEXT ( ( #2888 ) ) GLOBAL_UNIT_ASSIGNED_CONTEXT ( ( #3597, #4665, #2379 ) ) REPRESENTATION_CONTEXT ( 'NONE', 'WORKASPACE' ) );
#2471 = ORIENTED_EDGE ( 'NONE', *, *, #5806, .T. ) ;
#2472 = CARTESIAN_POINT ( 'NONE',  ( 25.39999999999999858, 0.000000000000000000, -3.800000000000000266 ) ) ;
#2473 = CARTESIAN_POINT ( 'NONE',  ( -30.20000000000000284, 17.39999999999999858, 12.69999999999999929 ) ) ;
#2474 = EDGE_CURVE ( 'NONE', #590, #420, #2594, .T. ) ;
#2475 = EDGE_CURVE ( 'NONE', #4638, #4919, #1314, .T. ) ;
#2476 =( NAMED_UNIT ( * ) SI_UNIT ( $, .STERADIAN. ) SOLID_ANGLE_UNIT ( ) );
#2477 = CARTESIAN_POINT ( 'NONE',  ( 28.80000000000000071, -18.50000000000000000, 12.69999999999999929 ) ) ;
#2478 = ORIENTED_EDGE ( 'NONE', *, *, #6239, .T. ) ;
#2479 = VECTOR ( 'NONE', #4729, 1000.000000000000000 ) ;
#2480 = CARTESIAN_POINT ( 'NONE',  ( -29.80000000000000071, 18.00000000000000000, 12.19999999999999929 ) ) ;
#2481 = VERTEX_POINT ( 'NONE', #224 ) ;
#2482 = CARTESIAN_POINT ( 'NONE',  ( -30.20000000000000284, -17.39999999999999858, 12.69999999999999929 ) ) ;
#2483 = CARTESIAN_POINT ( 'NONE',  ( 25.39999999999999858, 3.810000000000000053, -3.999999999999999112 ) ) ;
#2484 = FILL_AREA_STYLE ('',( #3995 ) ) ;
#2485 = CYLINDRICAL_SURFACE ( 'NONE', #6428, 0.7500000000000006661 ) ;
#2486 = AXIS2_PLACEMENT_3D ( 'NONE', #6505, #3328, #5522 ) ;
#2487 = VECTOR ( 'NONE', #6303, 1000.000000000000000 ) ;
#2488 = FILL_AREA_STYLE ('',( #1960 ) ) ;
#2489 = UNCERTAINTY_MEASURE_WITH_UNIT (LENGTH_MEASURE( 1.000000000000000082E-05 ), #4456, 'distance_accuracy_value', 'NONE');
#2490 = EDGE_CURVE ( 'NONE', #3333, #1401, #6385, .T. ) ;
#2491 = VECTOR ( 'NONE', #6077, 1000.000000000000000 ) ;
#2492 = CIRCLE ( 'NONE', #3336, 0.7500000000000006661 ) ;
#2493 = AXIS2_PLACEMENT_3D ( 'NONE', #480, #2514, #5565 ) ;
#2494 = SURFACE_STYLE_USAGE ( .BOTH. , #6148 ) ;
#2495 = EDGE_CURVE ( 'NONE', #5182, #3469, #5724, .T. ) ;
#2496 = CIRCLE ( 'NONE', #4547, 0.5000000000000004441 ) ;
#2497 = ORIENTED_EDGE ( 'NONE', *, *, #3389, .F. ) ;
#2498 = MECHANICAL_DESIGN_GEOMETRIC_PRESENTATION_REPRESENTATION (  '', ( #2178 ), #477 ) ;
#2499 = CYLINDRICAL_SURFACE ( 'NONE', #1542, 0.5000000000000004441 ) ;
#2500 = FACE_OUTER_BOUND ( 'NONE', #4328, .T. ) ;
#2501 = CARTESIAN_POINT ( 'NONE',  ( 30.20000000000000284, -17.50000000000000000, 12.19999999999999929 ) ) ;
#2502 = VECTOR ( 'NONE', #5675, 1000.000000000000000 ) ;
#2503 = ORIENTED_EDGE ( 'NONE', *, *, #1386, .T. ) ;
#2504 = DIRECTION ( 'NONE',  ( 1.000000000000000000, 0.000000000000000000, 0.000000000000000000 ) ) ;
#2505 = DIRECTION ( 'NONE',  ( 0.000000000000000000, 0.000000000000000000, 1.000000000000000000 ) ) ;
#2506 = DIRECTION ( 'NONE',  ( 0.000000000000000000, 0.000000000000000000, -1.000000000000000000 ) ) ;
#2507 = EDGE_LOOP ( 'NONE', ( #2824, #3188, #1831, #1983 ) ) ;
#2508 = DIRECTION ( 'NONE',  ( 0.000000000000000000, 0.000000000000000000, -1.000000000000000000 ) ) ;
#2509 = UNCERTAINTY_MEASURE_WITH_UNIT (LENGTH_MEASURE( 1.000000000000000082E-05 ), #1145, 'distance_accuracy_value', 'NONE');
#2510 = SURFACE_STYLE_USAGE ( .BOTH. , #4049 ) ;
#2511 = ORIENTED_EDGE ( 'NONE', *, *, #2283, .T. ) ;
#2512 = CARTESIAN_POINT ( 'NONE',  ( -23.59999999999999787, 13.08000000000000007, 12.69999999999999929 ) ) ;
#2513 = MECHANICAL_DESIGN_GEOMETRIC_PRESENTATION_REPRESENTATION (  '', ( #3050 ), #2192 ) ;
#2514 = DIRECTION ( 'NONE',  ( 0.000000000000000000, 0.000000000000000000, 1.000000000000000000 ) ) ;
#2515 = DIRECTION ( 'NONE',  ( 0.000000000000000000, 0.000000000000000000, 1.000000000000000000 ) ) ;
#2516 = SURFACE_SIDE_STYLE ('',( #857 ) ) ;
#2517 = LINE ( 'NONE', #1885, #5987 ) ;
#2518 = EDGE_LOOP ( 'NONE', ( #2847, #5254 ) ) ;
#2519 = AXIS2_PLACEMENT_3D ( 'NONE', #1782, #6450, #207 ) ;
#2520 = PRESENTATION_STYLE_ASSIGNMENT (( #5571 ) ) ;
#2521 = EDGE_CURVE ( 'NONE', #5989, #2976, #3909, .T. ) ;
#2522 = ORIENTED_EDGE ( 'NONE', *, *, #4978, .T. ) ;
#2523 = DIRECTION ( 'NONE',  ( 0.000000000000000000, -1.000000000000000000, 0.000000000000000000 ) ) ;
#2524 = SURFACE_STYLE_USAGE ( .BOTH. , #934 ) ;
#2525 = AXIS2_PLACEMENT_3D ( 'NONE', #492, #3519, #4487 ) ;
#2526 = FILL_AREA_STYLE_COLOUR ( '', #5446 ) ;
#2527 =( GEOMETRIC_REPRESENTATION_CONTEXT ( 3 ) GLOBAL_UNCERTAINTY_ASSIGNED_CONTEXT ( ( #639 ) ) GLOBAL_UNIT_ASSIGNED_CONTEXT ( ( #4973, #962, #1989 ) ) REPRESENTATION_CONTEXT ( 'NONE', 'WORKASPACE' ) );
#2528 = DIRECTION ( 'NONE',  ( 0.000000000000000000, 0.000000000000000000, 1.000000000000000000 ) ) ;
#2529 =( NAMED_UNIT ( * ) PLANE_ANGLE_UNIT ( ) SI_UNIT ( $, .RADIAN. ) );
#2530 = AXIS2_PLACEMENT_3D ( 'NONE', #5896, #5922, #1749 ) ;
#2531 = ORIENTED_EDGE ( 'NONE', *, *, #1173, .F. ) ;
#2532 = FILL_AREA_STYLE_COLOUR ( '', #1392 ) ;
#2533 = VERTEX_POINT ( 'NONE', #5887 ) ;
#2534 =( NAMED_UNIT ( * ) SI_UNIT ( $, .STERADIAN. ) SOLID_ANGLE_UNIT ( ) );
#2535 = FILL_AREA_STYLE_COLOUR ( '', #787 ) ;
#2536 = CIRCLE ( 'NONE', #952, 0.7500000000000006661 ) ;
#2537 = PLANE ( 'NONE',  #3473 ) ;
#2538 = ORIENTED_EDGE ( 'NONE', *, *, #668, .T. ) ;
#2539 =( GEOMETRIC_REPRESENTATION_CONTEXT ( 3 ) GLOBAL_UNCERTAINTY_ASSIGNED_CONTEXT ( ( #2845 ) ) GLOBAL_UNIT_ASSIGNED_CONTEXT ( ( #2388, #6432, #5479 ) ) REPRESENTATION_CONTEXT ( 'NONE', 'WORKASPACE' ) );
#2540 = PLANE ( 'NONE',  #3770 ) ;
#2541 = AXIS2_PLACEMENT_3D ( 'NONE', #1587, #5763, #1713 ) ;
#2542 = DIRECTION ( 'NONE',  ( 0.000000000000000000, 0.000000000000000000, -1.000000000000000000 ) ) ;
#2543 = EDGE_CURVE ( 'NONE', #3018, #1942, #5087, .T. ) ;
#2544 = ORIENTED_EDGE ( 'NONE', *, *, #1602, .F. ) ;
#2545 = CARTESIAN_POINT ( 'NONE',  ( -25.39999999999999858, 0.000000000000000000, -0.1999999999999996503 ) ) ;
#2546 = CARTESIAN_POINT ( 'NONE',  ( 25.39999999999999858, -3.810000000000000053, -0.1999999999999996503 ) ) ;
#2547 = SURFACE_SIDE_STYLE ('',( #1328 ) ) ;
#2548 = DIRECTION ( 'NONE',  ( 0.000000000000000000, 0.000000000000000000, 1.000000000000000000 ) ) ;
#2549 = ORIENTED_EDGE ( 'NONE', *, *, #5315, .F. ) ;
#2550 = FACE_OUTER_BOUND ( 'NONE', #1223, .T. ) ;
#2551 = ORIENTED_EDGE ( 'NONE', *, *, #4624, .T. ) ;
#2552 = DIRECTION ( 'NONE',  ( 0.000000000000000000, 0.000000000000000000, 1.000000000000000000 ) ) ;
#2553 = DIRECTION ( 'NONE',  ( 0.000000000000000000, 0.000000000000000000, 1.000000000000000000 ) ) ;
#2554 = PRESENTATION_STYLE_ASSIGNMENT (( #3061 ) ) ;
#2555 = DIRECTION ( 'NONE',  ( 0.000000000000000000, 0.000000000000000000, -1.000000000000000000 ) ) ;
#2556 = EDGE_CURVE ( 'NONE', #5249, #2407, #5458, .T. ) ;
#2557 = DIRECTION ( 'NONE',  ( 1.000000000000000000, 0.000000000000000000, 0.000000000000000000 ) ) ;
#2558 = UNCERTAINTY_MEASURE_WITH_UNIT (LENGTH_MEASURE( 1.000000000000000082E-05 ), #3017, 'distance_accuracy_value', 'NONE');
#2559 = PRESENTATION_STYLE_ASSIGNMENT (( #5148 ) ) ;
#2560 = SURFACE_STYLE_FILL_AREA ( #1465 ) ;
#2561 = MECHANICAL_DESIGN_GEOMETRIC_PRESENTATION_REPRESENTATION (  '', ( #968 ), #2772 ) ;
#2562 = PLANE ( 'NONE',  #3317 ) ;
#2563 = DIRECTION ( 'NONE',  ( 0.000000000000000000, 0.000000000000000000, -1.000000000000000000 ) ) ;
#2564 = EDGE_CURVE ( 'NONE', #3469, #1898, #846, .T. ) ;
#2565 = ORIENTED_EDGE ( 'NONE', *, *, #6287, .T. ) ;
#2566 = FILL_AREA_STYLE_COLOUR ( '', #574 ) ;
#2567 = CYLINDRICAL_SURFACE ( 'NONE', #6108, 0.5000000000000004441 ) ;
#2568 = EDGE_CURVE ( 'NONE', #1848, #2275, #572, .T. ) ;
#2569 = EDGE_LOOP ( 'NONE', ( #6309, #6031, #2580, #3984 ) ) ;
#2570 =( NAMED_UNIT ( * ) PLANE_ANGLE_UNIT ( ) SI_UNIT ( $, .RADIAN. ) );
#2571 = UNCERTAINTY_MEASURE_WITH_UNIT (LENGTH_MEASURE( 1.000000000000000082E-05 ), #5614, 'distance_accuracy_value', 'NONE');
#2572 = CARTESIAN_POINT ( 'NONE',  ( 28.29999999999999716, -19.40000000000000213, 12.19999999999999929 ) ) ;
#2573 = EDGE_CURVE ( 'NONE', #31, #5220, #2839, .T. ) ;
#2574 = DIRECTION ( 'NONE',  ( 0.000000000000000000, 0.000000000000000000, 1.000000000000000000 ) ) ;
#2575 = VERTEX_POINT ( 'NONE', #4954 ) ;
#2576 = MECHANICAL_DESIGN_GEOMETRIC_PRESENTATION_REPRESENTATION (  '', ( #6032 ), #3210 ) ;
#2577 = CYLINDRICAL_SURFACE ( 'NONE', #1747, 0.5000000000000004441 ) ;
#2578 = DIRECTION ( 'NONE',  ( -1.000000000000000000, 0.000000000000000000, 0.000000000000000000 ) ) ;
#2579 = PLANE ( 'NONE',  #2829 ) ;
#2580 = ORIENTED_EDGE ( 'NONE', *, *, #6593, .T. ) ;
#2581 = ORIENTED_EDGE ( 'NONE', *, *, #4651, .F. ) ;
#2582 = AXIS2_PLACEMENT_3D ( 'NONE', #521, #6069, #5104 ) ;
#2583 = COLOUR_RGB ( '',1.000000000000000000, 1.000000000000000000, 1.000000000000000000 ) ;
#2584 = EDGE_CURVE ( 'NONE', #1367, #5715, #2805, .T. ) ;
#2585 = LINE ( 'NONE', #6650, #5080 ) ;
#2586 = CONICAL_SURFACE ( 'NONE', #6371, 0.3000000000000224709, 0.7853981633974532750 ) ;
#2587 = EDGE_LOOP ( 'NONE', ( #651, #6258, #1135, #1484 ) ) ;
#2588 = LINE ( 'NONE', #6209, #285 ) ;
#2589 = DIRECTION ( 'NONE',  ( -8.673617379884240576E-15, -1.000000000000000000, -0.000000000000000000 ) ) ;
#2590 = CARTESIAN_POINT ( 'NONE',  ( 30.20000000000000284, -17.50000000000000000, 12.19999999999999929 ) ) ;
#2591 =( NAMED_UNIT ( * ) PLANE_ANGLE_UNIT ( ) SI_UNIT ( $, .RADIAN. ) );
#2592 = CARTESIAN_POINT ( 'NONE',  ( -30.20000000000000284, 17.50000000000000000, 12.69999999999999929 ) ) ;
#2593 = CARTESIAN_POINT ( 'NONE',  ( 30.20000000000000284, -17.50000000000000000, 12.69999999999999929 ) ) ;
#2594 = CIRCLE ( 'NONE', #896, 0.7500000000000006661 ) ;
#2595 = AXIS2_PLACEMENT_3D ( 'NONE', #5931, #4536, #5719 ) ;
#2596 = AXIS2_PLACEMENT_3D ( 'NONE', #3667, #3160, #536 ) ;
#2597 =( GEOMETRIC_REPRESENTATION_CONTEXT ( 3 ) GLOBAL_UNCERTAINTY_ASSIGNED_CONTEXT ( ( #6489 ) ) GLOBAL_UNIT_ASSIGNED_CONTEXT ( ( #965, #6659, #456 ) ) REPRESENTATION_CONTEXT ( 'NONE', 'WORKASPACE' ) );
#2598 = VECTOR ( 'NONE', #1742, 1000.000000000000000 ) ;
#2599 =( GEOMETRIC_REPRESENTATION_CONTEXT ( 3 ) GLOBAL_UNCERTAINTY_ASSIGNED_CONTEXT ( ( #510 ) ) GLOBAL_UNIT_ASSIGNED_CONTEXT ( ( #4496, #2972, #2461 ) ) REPRESENTATION_CONTEXT ( 'NONE', 'WORKASPACE' ) );
#2600 = SURFACE_STYLE_USAGE ( .BOTH. , #6252 ) ;
#2601 = AXIS2_PLACEMENT_3D ( 'NONE', #6425, #2251, #1788 ) ;
#2602 = CYLINDRICAL_SURFACE ( 'NONE', #4389, 0.7500000000000006661 ) ;
#2603 = EDGE_CURVE ( 'NONE', #6228, #4480, #1309, .T. ) ;
#2604 = ORIENTED_EDGE ( 'NONE', *, *, #6593, .F. ) ;
#2605 = CARTESIAN_POINT ( 'NONE',  ( -22.10000000000000142, -13.08000000000000007, 12.19999999999999929 ) ) ;
#2606 = DIRECTION ( 'NONE',  ( 1.000000000000000000, 0.000000000000000000, 0.000000000000000000 ) ) ;
#2607 = MECHANICAL_DESIGN_GEOMETRIC_PRESENTATION_REPRESENTATION (  '', ( #5734 ), #1009 ) ;
#2608 = AXIS2_PLACEMENT_3D ( 'NONE', #1686, #1224, #754 ) ;
#2609 = CARTESIAN_POINT ( 'NONE',  ( 28.19999999999999929, -19.50000000000000000, 12.69999999999999929 ) ) ;
#2610 = VERTEX_POINT ( 'NONE', #2365 ) ;
#2611 = SURFACE_SIDE_STYLE ('',( #5786 ) ) ;
#2612 = DIRECTION ( 'NONE',  ( 0.000000000000000000, 0.000000000000000000, 1.000000000000000000 ) ) ;
#2613 = ORIENTED_EDGE ( 'NONE', *, *, #3253, .F. ) ;
#2614 = SURFACE_STYLE_FILL_AREA ( #6262 ) ;
#2615 = AXIS2_PLACEMENT_3D ( 'NONE', #1949, #4537, #6516 ) ;
#2616 = CARTESIAN_POINT ( 'NONE',  ( -28.80000000000000071, 18.50000000000000000, 12.19999999999999929 ) ) ;
#2617 = ORIENTED_EDGE ( 'NONE', *, *, #2228, .F. ) ;
#2618 = FILL_AREA_STYLE_COLOUR ( '', #80 ) ;
#2619 = VERTEX_POINT ( 'NONE', #261 ) ;
#2620 = EDGE_CURVE ( 'NONE', #5761, #317, #3117, .T. ) ;
#2621 = COLOUR_RGB ( '',1.000000000000000000, 1.000000000000000000, 0.5019607843137254832 ) ;
#2622 = DIRECTION ( 'NONE',  ( 1.000000000000000000, 0.000000000000000000, 0.000000000000000000 ) ) ;
#2623 = EDGE_LOOP ( 'NONE', ( #3004, #5283, #5358, #5616 ) ) ;
#2624 = SURFACE_SIDE_STYLE ('',( #6210 ) ) ;
#2625 = VECTOR ( 'NONE', #2638, 1000.000000000000000 ) ;
#2626 = DIRECTION ( 'NONE',  ( 1.000000000000000000, 0.000000000000000000, 0.000000000000000000 ) ) ;
#2627 = CIRCLE ( 'NONE', #5969, 0.5000000000000004441 ) ;
#2628 = DIRECTION ( 'NONE',  ( 0.000000000000000000, 0.000000000000000000, 1.000000000000000000 ) ) ;
#2629 = EDGE_CURVE ( 'NONE', #5630, #3838, #3764, .T. ) ;
#2630 = DIRECTION ( 'NONE',  ( 0.000000000000000000, -1.000000000000000000, 0.000000000000000000 ) ) ;
#2631 = PRODUCT_DEFINITION_SHAPE ( 'NONE', 'NONE',  #4551 ) ;
#2632 = MECHANICAL_DESIGN_GEOMETRIC_PRESENTATION_REPRESENTATION (  '', ( #2312 ), #5765 ) ;
#2633 = CARTESIAN_POINT ( 'NONE',  ( 28.29999999999999716, -19.00000000000000000, 12.69999999999999929 ) ) ;
#2634 = SURFACE_STYLE_USAGE ( .BOTH. , #6289 ) ;
#2635 = DIRECTION ( 'NONE',  ( 0.000000000000000000, 0.000000000000000000, 1.000000000000000000 ) ) ;
#2636 = EDGE_LOOP ( 'NONE', ( #2759, #1711, #3834, #1966 ) ) ;
#2637 = CARTESIAN_POINT ( 'NONE',  ( 29.19999999999999929, 18.50000000000000000, 12.19999999999999929 ) ) ;
#2638 = DIRECTION ( 'NONE',  ( -1.000000000000000000, 0.000000000000000000, -0.000000000000000000 ) ) ;
#2639 = ORIENTED_EDGE ( 'NONE', *, *, #2696, .T. ) ;
#2640 = EDGE_CURVE ( 'NONE', #6228, #4405, #2157, .T. ) ;
#2641 = FACE_OUTER_BOUND ( 'NONE', #3864, .T. ) ;
#2642 =( NAMED_UNIT ( * ) PLANE_ANGLE_UNIT ( ) SI_UNIT ( $, .RADIAN. ) );
#2643 = ORIENTED_EDGE ( 'NONE', *, *, #1588, .T. ) ;
#2644 = DIRECTION ( 'NONE',  ( 0.000000000000000000, 0.000000000000000000, 1.000000000000000000 ) ) ;
#2645 = VECTOR ( 'NONE', #3443, 1000.000000000000000 ) ;
#2646 = PRESENTATION_STYLE_ASSIGNMENT (( #5227 ) ) ;
#2647 = AXIS2_PLACEMENT_3D ( 'NONE', #802, #837, #5976 ) ;
#2648 = EDGE_LOOP ( 'NONE', ( #5695, #2246, #2081, #2236 ) ) ;
#2649 = AXIS2_PLACEMENT_3D ( 'NONE', #4723, #5340, #3724 ) ;
#2650 = EDGE_CURVE ( 'NONE', #1837, #2137, #6468, .T. ) ;
#2651 = VERTEX_POINT ( 'NONE', #872 ) ;
#2652 = CYLINDRICAL_SURFACE ( 'NONE', #3967, 0.5000000000000004441 ) ;
#2653 = CIRCLE ( 'NONE', #6442, 0.3000000000000224709 ) ;
#2654 = ORIENTED_EDGE ( 'NONE', *, *, #3876, .T. ) ;
#2655 = LINE ( 'NONE', #2217, #2005 ) ;
#2656 =( NAMED_UNIT ( * ) SI_UNIT ( $, .STERADIAN. ) SOLID_ANGLE_UNIT ( ) );
#2657 = SURFACE_SIDE_STYLE ('',( #632 ) ) ;
#2658 = DIRECTION ( 'NONE',  ( 1.000000000000000000, 0.000000000000000000, 0.000000000000000000 ) ) ;
#2659 = VERTEX_POINT ( 'NONE', #2902 ) ;
#2660 = CARTESIAN_POINT ( 'NONE',  ( -29.30000000000000071, 18.00000000000000000, 12.69999999999999929 ) ) ;
#2661 = CARTESIAN_POINT ( 'NONE',  ( -29.80000000000000071, -18.00000000000000000, 12.69999999999999929 ) ) ;
#2662 = DIRECTION ( 'NONE',  ( 1.000000000000000000, 0.000000000000000000, 0.000000000000000000 ) ) ;
#2663 = SURFACE_STYLE_FILL_AREA ( #1041 ) ;
#2664 = VERTEX_POINT ( 'NONE', #4990 ) ;
#2665 = LINE ( 'NONE', #5747, #3320 ) ;
#2666 = SURFACE_SIDE_STYLE ('',( #2231 ) ) ;
#2667 = EDGE_LOOP ( 'NONE', ( #2446, #5287, #1001, #744 ) ) ;
#2669 = MECHANICAL_DESIGN_GEOMETRIC_PRESENTATION_REPRESENTATION (  '', ( #3520 ), #4538 ) ;
#2668 =( LENGTH_UNIT ( ) NAMED_UNIT ( * ) SI_UNIT ( .MILLI., .METRE. ) );
#2670 = FACE_OUTER_BOUND ( 'NONE', #354, .T. ) ;
#2671 = DIRECTION ( 'NONE',  ( 1.000000000000000000, 0.000000000000000000, 0.000000000000000000 ) ) ;
#2672 = ORIENTED_EDGE ( 'NONE', *, *, #3416, .T. ) ;
#2673 = PRESENTATION_STYLE_ASSIGNMENT (( #1080 ) ) ;
#2674 = SURFACE_SIDE_STYLE ('',( #1578 ) ) ;
#2675 = DIRECTION ( 'NONE',  ( 0.000000000000000000, 0.000000000000000000, -1.000000000000000000 ) ) ;
#2676 = ORIENTED_EDGE ( 'NONE', *, *, #2948, .F. ) ;
#2677 = CYLINDRICAL_SURFACE ( 'NONE', #739, 1.500000000000001332 ) ;
#2678 = ORIENTED_EDGE ( 'NONE', *, *, #396, .F. ) ;
#2679 = FACE_OUTER_BOUND ( 'NONE', #3843, .T. ) ;
#2680 = AXIS2_PLACEMENT_3D ( 'NONE', #511, #919, #4637 ) ;
#2681 = ORIENTED_EDGE ( 'NONE', *, *, #5651, .T. ) ;
#2682 = CARTESIAN_POINT ( 'NONE',  ( 22.10000000000000142, -13.08000000000000007, -17.30000000000000071 ) ) ;
#2683 = FILL_AREA_STYLE_COLOUR ( '', #6654 ) ;
#2684 = EDGE_CURVE ( 'NONE', #4293, #4420, #3656, .T. ) ;
#2685 =( LENGTH_UNIT ( ) NAMED_UNIT ( * ) SI_UNIT ( .MILLI., .METRE. ) );
#2686 = CARTESIAN_POINT ( 'NONE',  ( 25.69999999999999929, -4.898587196589550510E-17, -3.999999999999999112 ) ) ;
#2687 = AXIS2_PLACEMENT_3D ( 'NONE', #4395, #4998, #6474 ) ;
#2688 = MECHANICAL_DESIGN_GEOMETRIC_PRESENTATION_REPRESENTATION (  '', ( #2795 ), #2470 ) ;
#2689 = LINE ( 'NONE', #1090, #3135 ) ;
#2690 = ORIENTED_EDGE ( 'NONE', *, *, #3729, .F. ) ;
#2691 = UNCERTAINTY_MEASURE_WITH_UNIT (LENGTH_MEASURE( 1.000000000000000082E-05 ), #2685, 'distance_accuracy_value', 'NONE');
#2692 = FILL_AREA_STYLE ('',( #3624 ) ) ;
#2693 = CARTESIAN_POINT ( 'NONE',  ( 30.20000000000000284, 17.39999999999999858, 12.69999999999999929 ) ) ;
#2694 = FACE_BOUND ( 'NONE', #2039, .T. ) ;
#2695 = AXIS2_PLACEMENT_3D ( 'NONE', #5816, #4772, #3703 ) ;
#2696 = EDGE_CURVE ( 'NONE', #3545, #4674, #4645, .T. ) ;
#2697 = LINE ( 'NONE', #116, #2929 ) ;
#2698 = AXIS2_PLACEMENT_3D ( 'NONE', #5658, #1043, #6122 ) ;
#2699 = DIRECTION ( 'NONE',  ( 0.000000000000000000, 0.000000000000000000, 1.000000000000000000 ) ) ;
#2700 = EDGE_CURVE ( 'NONE', #5746, #3267, #3471, .T. ) ;
#2701 = SURFACE_STYLE_FILL_AREA ( #5316 ) ;
#2702 = EDGE_LOOP ( 'NONE', ( #1122, #1728 ) ) ;
#2703 = PLANE ( 'NONE',  #2695 ) ;
#2704 = CYLINDRICAL_SURFACE ( 'NONE', #4594, 0.5000000000000004441 ) ;
#2705 = VECTOR ( 'NONE', #6263, 1000.000000000000000 ) ;
#2706 = FACE_OUTER_BOUND ( 'NONE', #700, .T. ) ;
#2707 = VERTEX_POINT ( 'NONE', #1008 ) ;
#2708 = CARTESIAN_POINT ( 'NONE',  ( 25.10000000000000142, 3.810000000000000053, -3.999999999999999112 ) ) ;
#2709 = FILL_AREA_STYLE ('',( #1176 ) ) ;
#2710 = AXIS2_PLACEMENT_3D ( 'NONE', #4482, #6557, #3515 ) ;
#2711 = VECTOR ( 'NONE', #1407, 1000.000000000000000 ) ;
#2712 = ORIENTED_EDGE ( 'NONE', *, *, #4463, .T. ) ;
#2713 = DIRECTION ( 'NONE',  ( 0.000000000000000000, 0.000000000000000000, -1.000000000000000000 ) ) ;
#2714 = PRESENTATION_STYLE_ASSIGNMENT (( #4583 ) ) ;
#2715 = EDGE_CURVE ( 'NONE', #6351, #4679, #3567, .T. ) ;
#2716 = DIRECTION ( 'NONE',  ( 0.000000000000000000, 0.000000000000000000, 1.000000000000000000 ) ) ;
#2717 = STYLED_ITEM ( 'NONE', ( #4302 ), #596 ) ;
#2718 = DIRECTION ( 'NONE',  ( -1.000000000000000000, 0.000000000000000000, 0.000000000000000000 ) ) ;
#2719 = ORIENTED_EDGE ( 'NONE', *, *, #2584, .F. ) ;
#2720 = DIRECTION ( 'NONE',  ( 0.000000000000000000, 0.000000000000000000, 1.000000000000000000 ) ) ;
#2721 = ORIENTED_EDGE ( 'NONE', *, *, #2543, .F. ) ;
#2722 = FILL_AREA_STYLE ('',( #3178 ) ) ;
#2723 = EDGE_LOOP ( 'NONE', ( #987, #1343, #6176, #4017 ) ) ;
#2724 = DIRECTION ( 'NONE',  ( 0.000000000000000000, 0.000000000000000000, -1.000000000000000000 ) ) ;
#2725 = CARTESIAN_POINT ( 'NONE',  ( 24.64999999999999858, -7.620000000000000107, -3.800000000000000266 ) ) ;
#2726 = DIRECTION ( 'NONE',  ( 0.000000000000000000, 0.000000000000000000, -1.000000000000000000 ) ) ;
#2727 = AXIS2_PLACEMENT_3D ( 'NONE', #4684, #2675, #5 ) ;
#2728 = ORIENTED_EDGE ( 'NONE', *, *, #1362, .T. ) ;
#2729 = EDGE_CURVE ( 'NONE', #1840, #4425, #1423, .T. ) ;
#2730 = ADVANCED_FACE ( 'NONE', ( #4523 ), #6157, .F. ) ;
#2731 = DIRECTION ( 'NONE',  ( -1.000000000000000000, 0.000000000000000000, 0.000000000000000000 ) ) ;
#2732 = DIRECTION ( 'NONE',  ( 0.000000000000000000, 0.000000000000000000, 1.000000000000000000 ) ) ;
#2733 = VECTOR ( 'NONE', #2506, 1000.000000000000000 ) ;
#2734 = MECHANICAL_DESIGN_GEOMETRIC_PRESENTATION_REPRESENTATION (  '', ( #161 ), #5655 ) ;
#2735 = EDGE_CURVE ( 'NONE', #5797, #2481, #6190, .T. ) ;
#2736 = CARTESIAN_POINT ( 'NONE',  ( 29.80000000000000071, -18.00000000000000000, 12.19999999999999929 ) ) ;
#2737 = PRESENTATION_LAYER_ASSIGNMENT (  '', '', ( #2306 ) ) ;
#2738 = DIRECTION ( 'NONE',  ( 0.000000000000000000, 0.000000000000000000, -1.000000000000000000 ) ) ;
#2739 = ORIENTED_EDGE ( 'NONE', *, *, #1602, .T. ) ;
#2740 = STYLED_ITEM ( 'NONE', ( #5004 ), #3829 ) ;
#2741 = ORIENTED_EDGE ( 'NONE', *, *, #3265, .T. ) ;
#2742 = PRESENTATION_STYLE_ASSIGNMENT (( #5324 ) ) ;
#2743 = PRESENTATION_LAYER_ASSIGNMENT (  '', '', ( #3800 ) ) ;
#2744 = ORIENTED_EDGE ( 'NONE', *, *, #2475, .T. ) ;
#2745 = FACE_OUTER_BOUND ( 'NONE', #5050, .T. ) ;
#2746 = SURFACE_STYLE_USAGE ( .BOTH. , #6370 ) ;
#2747 = AXIS2_PLACEMENT_3D ( 'NONE', #1943, #513, #6644 ) ;
#2748 = SURFACE_STYLE_FILL_AREA ( #3332 ) ;
#2749 = ORIENTED_EDGE ( 'NONE', *, *, #248, .F. ) ;
#2750 = DIRECTION ( 'NONE',  ( 0.000000000000000000, 0.000000000000000000, 1.000000000000000000 ) ) ;
#2751 = EDGE_LOOP ( 'NONE', ( #2989, #1495, #6618, #1538 ) ) ;
#2752 = EDGE_CURVE ( 'NONE', #1401, #3333, #4870, .T. ) ;
#2753 = SURFACE_STYLE_USAGE ( .BOTH. , #4720 ) ;
#2754 = STYLED_ITEM ( 'NONE', ( #1230 ), #4602 ) ;
#2755 = ORIENTED_EDGE ( 'NONE', *, *, #5914, .F. ) ;
#2756 =( LENGTH_UNIT ( ) NAMED_UNIT ( * ) SI_UNIT ( .MILLI., .METRE. ) );
#2757 = LINE ( 'NONE', #4857, #5754 ) ;
#2758 = DIRECTION ( 'NONE',  ( 0.000000000000000000, 0.000000000000000000, 1.000000000000000000 ) ) ;
#2759 = ORIENTED_EDGE ( 'NONE', *, *, #4770, .F. ) ;
#2760 = CARTESIAN_POINT ( 'NONE',  ( -25.10000000000000142, -3.673940397442334983E-17, -3.999999999999999112 ) ) ;
#2761 =( NAMED_UNIT ( * ) SI_UNIT ( $, .STERADIAN. ) SOLID_ANGLE_UNIT ( ) );
#2762 = CARTESIAN_POINT ( 'NONE',  ( 24.89999999999999858, -3.810000000000000053, -3.800000000000000266 ) ) ;
#2763 = EDGE_CURVE ( 'NONE', #3914, #1060, #3074, .T. ) ;
#2764 = UNCERTAINTY_MEASURE_WITH_UNIT (LENGTH_MEASURE( 1.000000000000000082E-05 ), #3516, 'distance_accuracy_value', 'NONE');
#2765 = CARTESIAN_POINT ( 'NONE',  ( -28.80000000000000071, 18.50000000000000000, 12.69999999999999929 ) ) ;
#2766 = SURFACE_STYLE_USAGE ( .BOTH. , #1336 ) ;
#2767 = EDGE_CURVE ( 'NONE', #3968, #5761, #1934, .T. ) ;
#2768 = FACE_BOUND ( 'NONE', #5795, .T. ) ;
#2769 = ORIENTED_EDGE ( 'NONE', *, *, #553, .F. ) ;
#2770 = ADVANCED_FACE ( 'NONE', ( #504 ), #2567, .T. ) ;
#2771 = PRESENTATION_STYLE_ASSIGNMENT (( #4384 ) ) ;
#2772 =( GEOMETRIC_REPRESENTATION_CONTEXT ( 3 ) GLOBAL_UNCERTAINTY_ASSIGNED_CONTEXT ( ( #6009 ) ) GLOBAL_UNIT_ASSIGNED_CONTEXT ( ( #843, #6366, #1804 ) ) REPRESENTATION_CONTEXT ( 'NONE', 'WORKASPACE' ) );
#2773 = ORIENTED_EDGE ( 'NONE', *, *, #4135, .F. ) ;
#2774 = DIRECTION ( 'NONE',  ( -1.000000000000000000, 0.000000000000000000, -0.000000000000000000 ) ) ;
#2775 = DIRECTION ( 'NONE',  ( 1.000000000000000000, 0.000000000000000000, 0.000000000000000000 ) ) ;
#2776 = CIRCLE ( 'NONE', #4169, 0.7500000000000006661 ) ;
#2777 =( LENGTH_UNIT ( ) NAMED_UNIT ( * ) SI_UNIT ( .MILLI., .METRE. ) );
#2778 = ORIENTED_EDGE ( 'NONE', *, *, #2029, .T. ) ;
#2780 = EDGE_CURVE ( 'NONE', #4862, #5859, #3704, .T. ) ;
#2779 = DIRECTION ( 'NONE',  ( 1.000000000000000000, 0.000000000000000000, 0.000000000000000000 ) ) ;
#2781 = VERTEX_POINT ( 'NONE', #3735 ) ;
#2782 = FILL_AREA_STYLE_COLOUR ( '', #1722 ) ;
#2783 = ORIENTED_EDGE ( 'NONE', *, *, #5713, .T. ) ;
#2784 = SURFACE_STYLE_FILL_AREA ( #1812 ) ;
#2785 = ADVANCED_FACE ( 'NONE', ( #4276 ), #2099, .F. ) ;
#2786 = DIRECTION ( 'NONE',  ( -1.000000000000000000, 0.000000000000000000, 0.000000000000000000 ) ) ;
#2787 = DIRECTION ( 'NONE',  ( 1.000000000000000000, -1.145031997344426006E-16, 0.000000000000000000 ) ) ;
#2788 = FACE_BOUND ( 'NONE', #3177, .T. ) ;
#2789 = EDGE_LOOP ( 'NONE', ( #6588, #1172 ) ) ;
#2790 = FILL_AREA_STYLE_COLOUR ( '', #471 ) ;
#2791 = CARTESIAN_POINT ( 'NONE',  ( 29.19999999999999929, 18.39999999999999858, 12.19999999999999929 ) ) ;
#2792 =( NAMED_UNIT ( * ) PLANE_ANGLE_UNIT ( ) SI_UNIT ( $, .RADIAN. ) );
#2793 =( LENGTH_UNIT ( ) NAMED_UNIT ( * ) SI_UNIT ( .MILLI., .METRE. ) );
#2794 = CIRCLE ( 'NONE', #5497, 1.500000000000001332 ) ;
#2795 = STYLED_ITEM ( 'NONE', ( #3699 ), #1038 ) ;
#2796 =( GEOMETRIC_REPRESENTATION_CONTEXT ( 3 ) GLOBAL_UNCERTAINTY_ASSIGNED_CONTEXT ( ( #6561 ) ) GLOBAL_UNIT_ASSIGNED_CONTEXT ( ( #6520, #6554, #5539 ) ) REPRESENTATION_CONTEXT ( 'NONE', 'WORKASPACE' ) );
#2797 = PRESENTATION_LAYER_ASSIGNMENT (  '', '', ( #1947 ) ) ;
#2798 = VERTEX_POINT ( 'NONE', #6293 ) ;
#2799 = COLOUR_RGB ( '',1.000000000000000000, 1.000000000000000000, 0.5019607843137254832 ) ;
#2800 =( NAMED_UNIT ( * ) PLANE_ANGLE_UNIT ( ) SI_UNIT ( $, .RADIAN. ) );
#2801 = ADVANCED_FACE ( 'NONE', ( #5178 ), #570, .F. ) ;
#2802 = CARTESIAN_POINT ( 'NONE',  ( -25.39999999999999858, 0.000000000000000000, -3.999999999999999112 ) ) ;
#2803 = ORIENTED_EDGE ( 'NONE', *, *, #5387, .T. ) ;
#2804 = DIRECTION ( 'NONE',  ( 0.000000000000000000, 0.000000000000000000, -1.000000000000000000 ) ) ;
#2805 = LINE ( 'NONE', #4886, #3329 ) ;
#2806 = VECTOR ( 'NONE', #4254, 1000.000000000000000 ) ;
#2807 = COLOUR_RGB ( '',1.000000000000000000, 1.000000000000000000, 1.000000000000000000 ) ;
#2808 = CARTESIAN_POINT ( 'NONE',  ( -28.19999999999999929, 19.50000000000000000, 12.69999999999999929 ) ) ;
#2809 = ORIENTED_EDGE ( 'NONE', *, *, #4981, .F. ) ;
#2810 = LINE ( 'NONE', #779, #4428 ) ;
#2811 = ORIENTED_EDGE ( 'NONE', *, *, #2027, .F. ) ;
#2812 = CIRCLE ( 'NONE', #1219, 0.5000000000000004441 ) ;
#2813 = MECHANICAL_DESIGN_GEOMETRIC_PRESENTATION_REPRESENTATION (  '', ( #6277 ), #245 ) ;
#2814 = DIRECTION ( 'NONE',  ( 1.000000000000000000, 0.000000000000000000, 0.000000000000000000 ) ) ;
#2815 = VECTOR ( 'NONE', #3924, 999.9999999999998863 ) ;
#2816 = ORIENTED_EDGE ( 'NONE', *, *, #5440, .F. ) ;
#2817 = FILL_AREA_STYLE ('',( #1318 ) ) ;
#2818 = CARTESIAN_POINT ( 'NONE',  ( -29.80000000000000071, 17.50000000000000000, 12.69999999999999929 ) ) ;
#2819 = COLOUR_RGB ( '',1.000000000000000000, 1.000000000000000000, 1.000000000000000000 ) ;
#2820 = SURFACE_SIDE_STYLE ('',( #5304 ) ) ;
#2821 = VECTOR ( 'NONE', #5034, 1000.000000000000000 ) ;
#2822 = CARTESIAN_POINT ( 'NONE',  ( 30.30000000000000071, 19.50000000000000000, 12.69999999999999929 ) ) ;
#2823 = EDGE_CURVE ( 'NONE', #2976, #300, #3193, .T. ) ;
#2824 = ORIENTED_EDGE ( 'NONE', *, *, #2700, .F. ) ;
#2825 = LINE ( 'NONE', #307, #2815 ) ;
#2826 = LINE ( 'NONE', #5841, #5206 ) ;
#2827 =( NAMED_UNIT ( * ) SI_UNIT ( $, .STERADIAN. ) SOLID_ANGLE_UNIT ( ) );
#2828 = DIRECTION ( 'NONE',  ( 0.000000000000000000, 1.000000000000000000, 0.000000000000000000 ) ) ;
#2829 = AXIS2_PLACEMENT_3D ( 'NONE', #2076, #5191, #102 ) ;
#2830 = EDGE_CURVE ( 'NONE', #3200, #3079, #1794, .T. ) ;
#2831 = AXIS2_PLACEMENT_3D ( 'NONE', #6093, #848, #4498 ) ;
#2832 = FILL_AREA_STYLE_COLOUR ( '', #3786 ) ;
#2833 = VERTEX_POINT ( 'NONE', #4246 ) ;
#2834 = CIRCLE ( 'NONE', #6627, 0.09999999999999939493 ) ;
#2835 = CARTESIAN_POINT ( 'NONE',  ( 30.30000000000000071, 19.50000000000000000, 12.69999999999999929 ) ) ;
#2836 = DIRECTION ( 'NONE',  ( 0.000000000000000000, -1.000000000000000000, 0.000000000000000000 ) ) ;
#2837 = EDGE_LOOP ( 'NONE', ( #406, #1505, #60, #1808 ) ) ;
#2838 = LINE ( 'NONE', #5912, #4764 ) ;
#2839 = LINE ( 'NONE', #2872, #2271 ) ;
#2840 = VECTOR ( 'NONE', #2219, 1000.000000000000000 ) ;
#2841 = ADVANCED_FACE ( 'NONE', ( #2126 ), #2704, .T. ) ;
#2842 = CYLINDRICAL_SURFACE ( 'NONE', #601, 0.5000000000000004441 ) ;
#2843 = VERTEX_POINT ( 'NONE', #3799 ) ;
#2844 =( NAMED_UNIT ( * ) PLANE_ANGLE_UNIT ( ) SI_UNIT ( $, .RADIAN. ) );
#2845 = UNCERTAINTY_MEASURE_WITH_UNIT (LENGTH_MEASURE( 1.000000000000000082E-05 ), #2388, 'distance_accuracy_value', 'NONE');
#2846 = ORIENTED_EDGE ( 'NONE', *, *, #2348, .F. ) ;
#2847 = ORIENTED_EDGE ( 'NONE', *, *, #2994, .T. ) ;
#2848 = DIRECTION ( 'NONE',  ( 0.000000000000000000, 0.000000000000000000, 1.000000000000000000 ) ) ;
#2849 = CARTESIAN_POINT ( 'NONE',  ( 29.80000000000000071, 18.00000000000000000, 12.19999999999999929 ) ) ;
#2850 = VECTOR ( 'NONE', #440, 1000.000000000000000 ) ;
#2851 = EDGE_CURVE ( 'NONE', #3230, #958, #1241, .T. ) ;
#2852 = FACE_BOUND ( 'NONE', #805, .T. ) ;
#2853 = CARTESIAN_POINT ( 'NONE',  ( 30.30000000000000071, 19.50000000000000000, 12.69999999999999929 ) ) ;
#2854 = ORIENTED_EDGE ( 'NONE', *, *, #2381, .T. ) ;
#2855 = DIRECTION ( 'NONE',  ( 1.000000000000000000, 0.000000000000000000, 0.000000000000000000 ) ) ;
#2856 = DIRECTION ( 'NONE',  ( 0.000000000000000000, 0.000000000000000000, -1.000000000000000000 ) ) ;
#2857 = ORIENTED_EDGE ( 'NONE', *, *, #6220, .F. ) ;
#2858 = COLOUR_RGB ( '',1.000000000000000000, 1.000000000000000000, 0.5019607843137254832 ) ;
#2859 = MECHANICAL_DESIGN_GEOMETRIC_PRESENTATION_REPRESENTATION (  '', ( #5778 ), #2009 ) ;
#2860 = AXIS2_PLACEMENT_3D ( 'NONE', #44, #3113, #77 ) ;
#2861 = COLOUR_RGB ( '',1.000000000000000000, 1.000000000000000000, 1.000000000000000000 ) ;
#2862 = PRESENTATION_LAYER_ASSIGNMENT (  '', '', ( #2117 ) ) ;
#2863 =( LENGTH_UNIT ( ) NAMED_UNIT ( * ) SI_UNIT ( .MILLI., .METRE. ) );
#2864 = SURFACE_SIDE_STYLE ('',( #3860 ) ) ;
#2865 = SURFACE_SIDE_STYLE ('',( #1031 ) ) ;
#2866 = ORIENTED_EDGE ( 'NONE', *, *, #5062, .F. ) ;
#2867 = EDGE_CURVE ( 'NONE', #1585, #1401, #4980, .T. ) ;
#2868 = CARTESIAN_POINT ( 'NONE',  ( 29.30000000000000071, -18.00000000000000000, 12.19999999999999929 ) ) ;
#2869 = DIRECTION ( 'NONE',  ( -1.000000000000000000, 0.000000000000000000, -0.000000000000000000 ) ) ;
#2870 = ORIENTED_EDGE ( 'NONE', *, *, #5384, .T. ) ;
#2871 = DIRECTION ( 'NONE',  ( 0.000000000000000000, 0.000000000000000000, -1.000000000000000000 ) ) ;
#2872 = CARTESIAN_POINT ( 'NONE',  ( 25.10000000000000142, 13.08000000000000007, -17.30000000000000071 ) ) ;
#2873 = LINE ( 'NONE', #2466, #1131 ) ;
#2874 = ORIENTED_EDGE ( 'NONE', *, *, #1022, .T. ) ;
#2875 =( NAMED_UNIT ( * ) PLANE_ANGLE_UNIT ( ) SI_UNIT ( $, .RADIAN. ) );
#2876 = ORIENTED_EDGE ( 'NONE', *, *, #939, .F. ) ;
#2877 = DIRECTION ( 'NONE',  ( 0.000000000000000000, 0.000000000000000000, 1.000000000000000000 ) ) ;
#2878 = ORIENTED_EDGE ( 'NONE', *, *, #4016, .T. ) ;
#2879 = LINE ( 'NONE', #2284, #1650 ) ;
#2880 = STYLED_ITEM ( 'NONE', ( #4457 ), #1738 ) ;
#2881 = FACE_OUTER_BOUND ( 'NONE', #3955, .T. ) ;
#2882 = ORIENTED_EDGE ( 'NONE', *, *, #3665, .T. ) ;
#2883 = DIRECTION ( 'NONE',  ( 0.000000000000000000, 0.000000000000000000, 1.000000000000000000 ) ) ;
#2884 = EDGE_CURVE ( 'NONE', #1251, #6197, #5449, .T. ) ;
#2885 = DIRECTION ( 'NONE',  ( -0.7071067811865510144, -0.000000000000000000, 0.7071067811865441310 ) ) ;
#2886 = DIRECTION ( 'NONE',  ( 0.000000000000000000, 0.000000000000000000, -1.000000000000000000 ) ) ;
#2887 = ORIENTED_EDGE ( 'NONE', *, *, #2830, .T. ) ;
#2888 = UNCERTAINTY_MEASURE_WITH_UNIT (LENGTH_MEASURE( 1.000000000000000082E-05 ), #3597, 'distance_accuracy_value', 'NONE');
#2889 = DIRECTION ( 'NONE',  ( 0.000000000000000000, 0.000000000000000000, -1.000000000000000000 ) ) ;
#2890 = CIRCLE ( 'NONE', #6033, 1.500000000000001332 ) ;
#2891 = DIRECTION ( 'NONE',  ( 0.000000000000000000, 0.000000000000000000, 1.000000000000000000 ) ) ;
#2892 = ADVANCED_FACE ( 'NONE', ( #1765, #3289, #1861, #5877, #2300 ), #1798, .F. ) ;
#2893 =( NAMED_UNIT ( * ) PLANE_ANGLE_UNIT ( ) SI_UNIT ( $, .RADIAN. ) );
#2894 = AXIS2_PLACEMENT_3D ( 'NONE', #6238, #6377, #204 ) ;
#2895 = ORIENTED_EDGE ( 'NONE', *, *, #240, .T. ) ;
#2896 = VECTOR ( 'NONE', #5618, 1000.000000000000000 ) ;
#2897 = FILL_AREA_STYLE ('',( #6046 ) ) ;
#2898 = ADVANCED_FACE ( 'NONE', ( #5906 ), #3261, .T. ) ;
#2899 = CARTESIAN_POINT ( 'NONE',  ( 25.10000000000000142, 13.08000000000000007, -17.30000000000000071 ) ) ;
#2900 =( LENGTH_UNIT ( ) NAMED_UNIT ( * ) SI_UNIT ( .MILLI., .METRE. ) );
#2901 = ORIENTED_EDGE ( 'NONE', *, *, #3895, .F. ) ;
#2902 = CARTESIAN_POINT ( 'NONE',  ( 30.30000000000000071, -17.39999999999999858, 12.69999999999999929 ) ) ;
#2903 = LINE ( 'NONE', #1836, #4116 ) ;
#2904 = ORIENTED_EDGE ( 'NONE', *, *, #5019, .F. ) ;
#2905 = ORIENTED_EDGE ( 'NONE', *, *, #4865, .F. ) ;
#2906 =( LENGTH_UNIT ( ) NAMED_UNIT ( * ) SI_UNIT ( .MILLI., .METRE. ) );
#2907 = EDGE_CURVE ( 'NONE', #5930, #4509, #4913, .T. ) ;
#2908 = VECTOR ( 'NONE', #3807, 1000.000000000000000 ) ;
#2909 = PRESENTATION_LAYER_ASSIGNMENT (  '', '', ( #5516 ) ) ;
#2910 = ORIENTED_EDGE ( 'NONE', *, *, #3393, .F. ) ;
#2911 = DIRECTION ( 'NONE',  ( 1.000000000000000000, 0.000000000000000000, 0.000000000000000000 ) ) ;
#2912 = LINE ( 'NONE', #6026, #2821 ) ;
#2913 = STYLED_ITEM ( 'NONE', ( #6413 ), #6092 ) ;
#2914 = SURFACE_STYLE_FILL_AREA ( #6066 ) ;
#2915 = STYLED_ITEM ( 'NONE', ( #1735 ), #5400 ) ;
#2916 = ORIENTED_EDGE ( 'NONE', *, *, #4152, .F. ) ;
#2917 = CARTESIAN_POINT ( 'NONE',  ( -29.30000000000000071, 18.00000000000000000, 12.69999999999999929 ) ) ;
#2918 = ORIENTED_EDGE ( 'NONE', *, *, #5914, .T. ) ;
#2919 = FACE_BOUND ( 'NONE', #103, .T. ) ;
#2920 = CARTESIAN_POINT ( 'NONE',  ( -29.30000000000000071, -18.39999999999999858, 12.19999999999999929 ) ) ;
#2921 = PRESENTATION_LAYER_ASSIGNMENT (  '', '', ( #1325 ) ) ;
#2922 = ORIENTED_EDGE ( 'NONE', *, *, #4829, .F. ) ;
#2923 = PRESENTATION_LAYER_ASSIGNMENT (  '', '', ( #476 ) ) ;
#2924 = PLANE ( 'NONE',  #3066 ) ;
#2925 = CIRCLE ( 'NONE', #1330, 0.09999999999999939493 ) ;
#2926 = SURFACE_STYLE_USAGE ( .BOTH. , #1391 ) ;
#2927 = ADVANCED_FACE ( 'NONE', ( #282 ), #4479, .T. ) ;
#2928 = ADVANCED_FACE ( 'NONE', ( #904 ), #5049, .F. ) ;
#2929 = VECTOR ( 'NONE', #4733, 1000.000000000000000 ) ;
#2930 = DIRECTION ( 'NONE',  ( 0.000000000000000000, 0.000000000000000000, -1.000000000000000000 ) ) ;
#2931 = SURFACE_STYLE_USAGE ( .BOTH. , #866 ) ;
#2932 = DIRECTION ( 'NONE',  ( 1.000000000000000000, 0.000000000000000000, 0.000000000000000000 ) ) ;
#2933 = ADVANCED_FACE ( 'NONE', ( #5018 ), #5512, .F. ) ;
#2934 = ORIENTED_EDGE ( 'NONE', *, *, #6353, .F. ) ;
#2935 = AXIS2_PLACEMENT_3D ( 'NONE', #4326, #3300, #6372 ) ;
#2936 = CARTESIAN_POINT ( 'NONE',  ( 25.89999999999999858, 3.810000000000000053, -3.800000000000000266 ) ) ;
#2937 = DIRECTION ( 'NONE',  ( 1.000000000000000000, 0.000000000000000000, 0.000000000000000000 ) ) ;
#2938 = VERTEX_POINT ( 'NONE', #967 ) ;
#2939 = CARTESIAN_POINT ( 'NONE',  ( -29.19999999999999929, 18.50000000000000000, 12.19999999999999929 ) ) ;
#2940 = AXIS2_PLACEMENT_3D ( 'NONE', #3044, #1568, #575 ) ;
#2941 = AXIS2_PLACEMENT_3D ( 'NONE', #3850, #755, #4366 ) ;
#2942 = ORIENTED_EDGE ( 'NONE', *, *, #1078, .F. ) ;
#2943 = DIRECTION ( 'NONE',  ( -1.000000000000000000, 0.000000000000000000, 0.000000000000000000 ) ) ;
#2944 = EDGE_LOOP ( 'NONE', ( #1302, #192 ) ) ;
#2945 = PRESENTATION_STYLE_ASSIGNMENT (( #2510 ) ) ;
#2946 = ORIENTED_EDGE ( 'NONE', *, *, #2337, .T. ) ;
#2947 = DIRECTION ( 'NONE',  ( 1.000000000000000000, 0.000000000000000000, 0.000000000000000000 ) ) ;
#2948 = EDGE_CURVE ( 'NONE', #1702, #3301, #2998, .T. ) ;
#2949 = SURFACE_SIDE_STYLE ('',( #3510 ) ) ;
#2950 = ORIENTED_EDGE ( 'NONE', *, *, #6329, .T. ) ;
#2951 = ORIENTED_EDGE ( 'NONE', *, *, #2490, .T. ) ;
#2952 = DIRECTION ( 'NONE',  ( 0.000000000000000000, 0.000000000000000000, 1.000000000000000000 ) ) ;
#2953 = CARTESIAN_POINT ( 'NONE',  ( -29.30000000000000071, -18.00000000000000000, 12.69999999999999929 ) ) ;
#2954 = CARTESIAN_POINT ( 'NONE',  ( -29.19999999999999929, 18.50000000000000000, 12.19999999999999929 ) ) ;
#2955 = DIRECTION ( 'NONE',  ( 0.000000000000000000, 0.000000000000000000, -1.000000000000000000 ) ) ;
#2956 = CARTESIAN_POINT ( 'NONE',  ( 30.30000000000000071, 19.50000000000000000, 12.69999999999999929 ) ) ;
#2957 =( GEOMETRIC_REPRESENTATION_CONTEXT ( 3 ) GLOBAL_UNCERTAINTY_ASSIGNED_CONTEXT ( ( #6096 ) ) GLOBAL_UNIT_ASSIGNED_CONTEXT ( ( #410, #129, #6198 ) ) REPRESENTATION_CONTEXT ( 'NONE', 'WORKASPACE' ) );
#2958 = UNCERTAINTY_MEASURE_WITH_UNIT (LENGTH_MEASURE( 1.000000000000000082E-05 ), #3957, 'distance_accuracy_value', 'NONE');
#2959 = CARTESIAN_POINT ( 'NONE',  ( 25.89999999999999858, -3.810000000000000053, -3.800000000000000266 ) ) ;
#2960 = CIRCLE ( 'NONE', #1792, 0.7500000000000006661 ) ;
#2961 = EDGE_CURVE ( 'NONE', #5422, #3264, #1037, .T. ) ;
#2962 = SURFACE_SIDE_STYLE ('',( #5580 ) ) ;
#2963 =( NAMED_UNIT ( * ) SI_UNIT ( $, .STERADIAN. ) SOLID_ANGLE_UNIT ( ) );
#2964 = COLOUR_RGB ( '',1.000000000000000000, 1.000000000000000000, 0.5019607843137254832 ) ;
#2965 = VERTEX_POINT ( 'NONE', #3523 ) ;
#2966 = CIRCLE ( 'NONE', #84, 0.09999999999999939493 ) ;
#2967 = SURFACE_STYLE_USAGE ( .BOTH. , #1497 ) ;
#2968 = PRESENTATION_LAYER_ASSIGNMENT (  '', '', ( #4141 ) ) ;
#2969 = DIRECTION ( 'NONE',  ( 0.000000000000000000, 0.000000000000000000, -1.000000000000000000 ) ) ;
#2970 = ADVANCED_FACE ( 'NONE', ( #5615 ), #3034, .T. ) ;
#2971 = ORIENTED_EDGE ( 'NONE', *, *, #1957, .F. ) ;
#2972 =( NAMED_UNIT ( * ) PLANE_ANGLE_UNIT ( ) SI_UNIT ( $, .RADIAN. ) );
#2973 = SURFACE_STYLE_USAGE ( .BOTH. , #946 ) ;
#2974 = FACE_OUTER_BOUND ( 'NONE', #724, .T. ) ;
#2975 = ADVANCED_FACE ( 'NONE', ( #6183 ), #4098, .F. ) ;
#2976 = VERTEX_POINT ( 'NONE', #4763 ) ;
#2977 = CARTESIAN_POINT ( 'NONE',  ( -29.80000000000000071, -18.00000000000000000, 12.19999999999999929 ) ) ;
#2978 = UNCERTAINTY_MEASURE_WITH_UNIT (LENGTH_MEASURE( 1.000000000000000082E-05 ), #2668, 'distance_accuracy_value', 'NONE');
#2979 = DIRECTION ( 'NONE',  ( -1.000000000000000000, 0.000000000000000000, 0.000000000000000000 ) ) ;
#2980 = ORIENTED_EDGE ( 'NONE', *, *, #2184, .F. ) ;
#2981 = DIRECTION ( 'NONE',  ( 1.000000000000000000, 0.000000000000000000, 0.000000000000000000 ) ) ;
#2982 = DIRECTION ( 'NONE',  ( -1.000000000000000000, 0.000000000000000000, 0.000000000000000000 ) ) ;
#2983 = EDGE_CURVE ( 'NONE', #5540, #5979, #2653, .T. ) ;
#2984 = FACE_OUTER_BOUND ( 'NONE', #2944, .T. ) ;
#2985 = PRESENTATION_STYLE_ASSIGNMENT (( #4540 ) ) ;
#2986 = ORIENTED_EDGE ( 'NONE', *, *, #4614, .F. ) ;
#2987 = ADVANCED_FACE ( 'NONE', ( #1166, #153, #1659, #2694, #1095 ), #3220, .F. ) ;
#2988 = DIRECTION ( 'NONE',  ( -1.000000000000000000, 0.000000000000000000, -0.000000000000000000 ) ) ;
#2989 = ORIENTED_EDGE ( 'NONE', *, *, #1907, .T. ) ;
#2990 = CYLINDRICAL_SURFACE ( 'NONE', #1368, 0.09999999999999939493 ) ;
#2991 = AXIS2_PLACEMENT_3D ( 'NONE', #358, #5455, #2333 ) ;
#2992 = DIRECTION ( 'NONE',  ( 1.000000000000000000, 0.000000000000000000, 0.000000000000000000 ) ) ;
#2993 = CYLINDRICAL_SURFACE ( 'NONE', #847, 0.7500000000000006661 ) ;
#2994 = EDGE_CURVE ( 'NONE', #2020, #4013, #294, .T. ) ;
#2995 = CARTESIAN_POINT ( 'NONE',  ( 26.14999999999999858, -9.184850993605191578E-17, -0.1999999999999996503 ) ) ;
#2996 = COLOUR_RGB ( '',1.000000000000000000, 1.000000000000000000, 0.5019607843137254832 ) ;
#2997 =( LENGTH_UNIT ( ) NAMED_UNIT ( * ) SI_UNIT ( .MILLI., .METRE. ) );
#2998 = LINE ( 'NONE', #4556, #1796 ) ;
#2999 = EDGE_CURVE ( 'NONE', #5090, #6188, #1167, .T. ) ;
#3000 = EDGE_LOOP ( 'NONE', ( #2036, #1457, #6612, #1389 ) ) ;
#3001 = CARTESIAN_POINT ( 'NONE',  ( -29.80000000000000071, -18.00000000000000000, 12.69999999999999929 ) ) ;
#3002 = CARTESIAN_POINT ( 'NONE',  ( 29.19999999999999929, 18.50000000000000000, 12.69999999999999929 ) ) ;
#3003 = DIRECTION ( 'NONE',  ( -1.000000000000000000, 0.000000000000000000, 0.000000000000000000 ) ) ;
#3004 = ORIENTED_EDGE ( 'NONE', *, *, #6534, .T. ) ;
#3005 = FACE_OUTER_BOUND ( 'NONE', #6254, .T. ) ;
#3006 = CARTESIAN_POINT ( 'NONE',  ( 25.39999999999999858, -7.620000000000000107, -3.800000000000000266 ) ) ;
#3007 = MECHANICAL_DESIGN_GEOMETRIC_PRESENTATION_REPRESENTATION (  '', ( #2255 ), #119 ) ;
#3008 = CARTESIAN_POINT ( 'NONE',  ( -25.39999999999999858, 0.000000000000000000, -3.999999999999999112 ) ) ;
#3009 = VERTEX_POINT ( 'NONE', #4133 ) ;
#3010 = EDGE_CURVE ( 'NONE', #3469, #5182, #6658, .T. ) ;
#3011 = CARTESIAN_POINT ( 'NONE',  ( 25.10000000000000142, -3.810000000000000053, -3.999999999999999112 ) ) ;
#3012 = CARTESIAN_POINT ( 'NONE',  ( 30.20000000000000284, 17.39999999999999858, 12.19999999999999929 ) ) ;
#3013 = ORIENTED_EDGE ( 'NONE', *, *, #2474, .F. ) ;
#3014 = DIRECTION ( 'NONE',  ( 0.000000000000000000, 0.000000000000000000, -1.000000000000000000 ) ) ;
#3015 = LINE ( 'NONE', #984, #355 ) ;
#3016 = CARTESIAN_POINT ( 'NONE',  ( -29.80000000000000071, 18.00000000000000000, 12.19999999999999929 ) ) ;
#3017 =( LENGTH_UNIT ( ) NAMED_UNIT ( * ) SI_UNIT ( .MILLI., .METRE. ) );
#3018 = VERTEX_POINT ( 'NONE', #6250 ) ;
#3019 = VECTOR ( 'NONE', #811, 1000.000000000000000 ) ;
#3020 = CIRCLE ( 'NONE', #4304, 1.500000000000001332 ) ;
#3021 = DIRECTION ( 'NONE',  ( 0.000000000000000000, 0.000000000000000000, -1.000000000000000000 ) ) ;
#3022 = ORIENTED_EDGE ( 'NONE', *, *, #4731, .F. ) ;
#3023 =( NAMED_UNIT ( * ) PLANE_ANGLE_UNIT ( ) SI_UNIT ( $, .RADIAN. ) );
#3024 = CARTESIAN_POINT ( 'NONE',  ( -28.29999999999999716, -19.00000000000000000, 12.69999999999999929 ) ) ;
#3025 = CARTESIAN_POINT ( 'NONE',  ( 25.39999999999999858, 0.000000000000000000, -0.1999999999999996503 ) ) ;
#3026 = VECTOR ( 'NONE', #2738, 1000.000000000000000 ) ;
#3027 = AXIS2_PLACEMENT_3D ( 'NONE', #2170, #3679, #3203 ) ;
#3028 = AXIS2_PLACEMENT_3D ( 'NONE', #3500, #4044, #4459 ) ;
#3029 = EDGE_CURVE ( 'NONE', #5365, #3479, #5450, .T. ) ;
#3030 =( LENGTH_UNIT ( ) NAMED_UNIT ( * ) SI_UNIT ( .MILLI., .METRE. ) );
#3031 = CIRCLE ( 'NONE', #1112, 0.09999999999999939493 ) ;
#3032 = CARTESIAN_POINT ( 'NONE',  ( 29.30000000000000071, -18.00000000000000000, 12.69999999999999929 ) ) ;
#3033 = VECTOR ( 'NONE', #956, 1000.000000000000000 ) ;
#3034 = CYLINDRICAL_SURFACE ( 'NONE', #5577, 0.5000000000000004441 ) ;
#3035 = COLOUR_RGB ( '',1.000000000000000000, 1.000000000000000000, 0.5019607843137254832 ) ;
#3036 = AXIS2_PLACEMENT_3D ( 'NONE', #6436, #5322, #2332 ) ;
#3037 = EDGE_CURVE ( 'NONE', #920, #3335, #4730, .T. ) ;
#3038 = ORIENTED_EDGE ( 'NONE', *, *, #1622, .T. ) ;
#3039 = COLOUR_RGB ( '',1.000000000000000000, 1.000000000000000000, 0.5019607843137254832 ) ;
#3040 = LINE ( 'NONE', #1901, #3316 ) ;
#3041 = DIRECTION ( 'NONE',  ( 1.000000000000000000, 0.000000000000000000, 0.000000000000000000 ) ) ;
#3042 = ORIENTED_EDGE ( 'NONE', *, *, #899, .T. ) ;
#3043 = DIRECTION ( 'NONE',  ( 1.000000000000000000, 0.000000000000000000, 0.000000000000000000 ) ) ;
#3044 = CARTESIAN_POINT ( 'NONE',  ( 28.19999999999999929, 19.40000000000000213, 12.19999999999999929 ) ) ;
#3045 = ORIENTED_EDGE ( 'NONE', *, *, #2027, .T. ) ;
#3046 = UNCERTAINTY_MEASURE_WITH_UNIT (LENGTH_MEASURE( 1.000000000000000082E-05 ), #4132, 'distance_accuracy_value', 'NONE');
#3047 = CARTESIAN_POINT ( 'NONE',  ( -30.30000000000000071, 19.50000000000000000, 0.000000000000000000 ) ) ;
#3048 = ORIENTED_EDGE ( 'NONE', *, *, #6012, .T. ) ;
#3049 = DIRECTION ( 'NONE',  ( 0.000000000000000000, 0.000000000000000000, 1.000000000000000000 ) ) ;
#3050 = STYLED_ITEM ( 'NONE', ( #6411 ), #4069 ) ;
#3051 = DIRECTION ( 'NONE',  ( 0.000000000000000000, 1.000000000000000000, 0.000000000000000000 ) ) ;
#3052 = EDGE_CURVE ( 'NONE', #4581, #2030, #3374, .T. ) ;
#3053 = SURFACE_SIDE_STYLE ('',( #6614 ) ) ;
#3054 = DIRECTION ( 'NONE',  ( -1.000000000000000000, 0.000000000000000000, 0.000000000000000000 ) ) ;
#3055 = CARTESIAN_POINT ( 'NONE',  ( -25.39999999999999858, -7.620000000000000107, -0.1999999999999996503 ) ) ;
#3056 = VERTEX_POINT ( 'NONE', #5771 ) ;
#3057 = CIRCLE ( 'NONE', #1990, 0.3000000000000224709 ) ;
#3058 = ORIENTED_EDGE ( 'NONE', *, *, #5812, .F. ) ;
#3059 = LINE ( 'NONE', #5140, #3280 ) ;
#3060 = SURFACE_STYLE_USAGE ( .BOTH. , #1028 ) ;
#3061 = SURFACE_STYLE_USAGE ( .BOTH. , #1029 ) ;
#3062 = SURFACE_STYLE_USAGE ( .BOTH. , #595 ) ;
#3063 = ADVANCED_FACE ( 'NONE', ( #3190 ), #6394, .F. ) ;
#3064 = SURFACE_STYLE_FILL_AREA ( #898 ) ;
#3065 = ADVANCED_FACE ( 'NONE', ( #5410 ), #3254, .F. ) ;
#3066 = AXIS2_PLACEMENT_3D ( 'NONE', #5013, #384, #2419 ) ;
#3067 = SURFACE_STYLE_FILL_AREA ( #2151 ) ;
#3068 = FACE_OUTER_BOUND ( 'NONE', #3094, .T. ) ;
#3069 = PRESENTATION_STYLE_ASSIGNMENT (( #2600 ) ) ;
#3070 = VECTOR ( 'NONE', #2548, 1000.000000000000000 ) ;
#3071 = CARTESIAN_POINT ( 'NONE',  ( 30.30000000000000071, -19.50000000000000000, 12.69999999999999929 ) ) ;
#3072 = ORIENTED_EDGE ( 'NONE', *, *, #416, .T. ) ;
#3073 = DIRECTION ( 'NONE',  ( 1.000000000000000000, 0.000000000000000000, 0.000000000000000000 ) ) ;
#3074 = LINE ( 'NONE', #4565, #1958 ) ;
#3075 = AXIS2_PLACEMENT_3D ( 'NONE', #5832, #1217, #1708 ) ;
#3076 = DIRECTION ( 'NONE',  ( 0.000000000000000000, 0.000000000000000000, -1.000000000000000000 ) ) ;
#3077 = EDGE_LOOP ( 'NONE', ( #2168, #1903, #1478, #254 ) ) ;
#3078 = CARTESIAN_POINT ( 'NONE',  ( 23.59999999999999787, -13.08000000000000007, 12.69999999999999929 ) ) ;
#3079 = VERTEX_POINT ( 'NONE', #1822 ) ;
#3080 = DIRECTION ( 'NONE',  ( -1.000000000000000000, 0.000000000000000000, 0.000000000000000000 ) ) ;
#3081 = DIRECTION ( 'NONE',  ( 0.000000000000000000, 0.000000000000000000, 1.000000000000000000 ) ) ;
#3082 = LINE ( 'NONE', #2616, #5963 ) ;
#3083 = VERTEX_POINT ( 'NONE', #830 ) ;
#3084 = CARTESIAN_POINT ( 'NONE',  ( -29.30000000000000071, 18.00000000000000000, 12.19999999999999929 ) ) ;
#3085 = EDGE_LOOP ( 'NONE', ( #4988, #1772, #4300, #3270 ) ) ;
#3086 = CARTESIAN_POINT ( 'NONE',  ( 29.30000000000000071, -18.00000000000000000, 12.19999999999999929 ) ) ;
#3087 = CARTESIAN_POINT ( 'NONE',  ( -28.29999999999999716, 19.00000000000000000, 12.69999999999999929 ) ) ;
#3088 = UNCERTAINTY_MEASURE_WITH_UNIT (LENGTH_MEASURE( 1.000000000000000082E-05 ), #4875, 'distance_accuracy_value', 'NONE');
#3089 = ADVANCED_FACE ( 'NONE', ( #796 ), #214, .F. ) ;
#3090 = SURFACE_SIDE_STYLE ('',( #4698 ) ) ;
#3091 = CARTESIAN_POINT ( 'NONE',  ( -30.20000000000000284, 17.50000000000000000, 12.69999999999999929 ) ) ;
#3092 = SURFACE_STYLE_USAGE ( .BOTH. , #2191 ) ;
#3093 = CARTESIAN_POINT ( 'NONE',  ( 25.39999999999999858, 0.000000000000000000, -0.1999999999999996503 ) ) ;
#3094 = EDGE_LOOP ( 'NONE', ( #171, #2874, #608, #3917 ) ) ;
#3095 = PLANE ( 'NONE',  #5509 ) ;
#3096 = ADVANCED_FACE ( 'NONE', ( #3351 ), #1234, .T. ) ;
#3097 =( NAMED_UNIT ( * ) PLANE_ANGLE_UNIT ( ) SI_UNIT ( $, .RADIAN. ) );
#3098 = EDGE_LOOP ( 'NONE', ( #969, #646, #1768, #328 ) ) ;
#3099 =( LENGTH_UNIT ( ) NAMED_UNIT ( * ) SI_UNIT ( .MILLI., .METRE. ) );
#3100 = UNCERTAINTY_MEASURE_WITH_UNIT (LENGTH_MEASURE( 1.000000000000000082E-05 ), #6305, 'distance_accuracy_value', 'NONE');
#3101 = DIRECTION ( 'NONE',  ( 0.000000000000000000, 0.000000000000000000, 1.000000000000000000 ) ) ;
#3102 =( NAMED_UNIT ( * ) PLANE_ANGLE_UNIT ( ) SI_UNIT ( $, .RADIAN. ) );
#3103 = EDGE_LOOP ( 'NONE', ( #5556, #3585, #849, #3614 ) ) ;
#3104 = FACE_OUTER_BOUND ( 'NONE', #4532, .T. ) ;
#3105 = DIRECTION ( 'NONE',  ( 1.000000000000000000, 0.000000000000000000, 0.000000000000000000 ) ) ;
#3106 = CARTESIAN_POINT ( 'NONE',  ( 30.20000000000000284, -17.39999999999999858, 12.69999999999999929 ) ) ;
#3107 = VERTEX_POINT ( 'NONE', #765 ) ;
#3108 = LINE ( 'NONE', #6, #3171 ) ;
#3109 = VERTEX_POINT ( 'NONE', #1791 ) ;
#3110 = EDGE_CURVE ( 'NONE', #844, #638, #1855, .T. ) ;
#3111 = VERTEX_POINT ( 'NONE', #4802 ) ;
#3112 = DIRECTION ( 'NONE',  ( 1.000000000000000000, 0.000000000000000000, 0.000000000000000000 ) ) ;
#3113 = DIRECTION ( 'NONE',  ( 0.000000000000000000, 0.000000000000000000, 1.000000000000000000 ) ) ;
#3114 = DIRECTION ( 'NONE',  ( 0.000000000000000000, 0.000000000000000000, 1.000000000000000000 ) ) ;
#3115 = AXIS2_PLACEMENT_3D ( 'NONE', #1094, #6147, #3118 ) ;
#3116 = CARTESIAN_POINT ( 'NONE',  ( 28.19999999999999929, -19.50000000000000000, 12.69999999999999929 ) ) ;
#3117 = CIRCLE ( 'NONE', #1841, 0.09999999999999939493 ) ;
#3118 = DIRECTION ( 'NONE',  ( -1.000000000000000000, 0.000000000000000000, 0.000000000000000000 ) ) ;
#3119 = VECTOR ( 'NONE', #1247, 1000.000000000000000 ) ;
#3120 = EDGE_CURVE ( 'NONE', #6240, #3600, #184, .T. ) ;
#3121 = ADVANCED_FACE ( 'NONE', ( #4484 ), #2485, .T. ) ;
#3122 = MECHANICAL_DESIGN_GEOMETRIC_PRESENTATION_REPRESENTATION (  '', ( #1744 ), #2597 ) ;
#3123 = PRESENTATION_LAYER_ASSIGNMENT (  '', '', ( #2913 ) ) ;
#3124 = CARTESIAN_POINT ( 'NONE',  ( -28.29999999999999716, -19.00000000000000000, 12.19999999999999929 ) ) ;
#3125 = VECTOR ( 'NONE', #5664, 1000.000000000000000 ) ;
#3126 = CARTESIAN_POINT ( 'NONE',  ( 29.80000000000000071, -17.50000000000000000, 12.19999999999999929 ) ) ;
#3127 = ORIENTED_EDGE ( 'NONE', *, *, #914, .T. ) ;
#3128 = DIRECTION ( 'NONE',  ( 0.000000000000000000, 0.000000000000000000, 1.000000000000000000 ) ) ;
#3129 =( NAMED_UNIT ( * ) PLANE_ANGLE_UNIT ( ) SI_UNIT ( $, .RADIAN. ) );
#3130 = CIRCLE ( 'NONE', #5427, 0.7500000000000006661 ) ;
#3131 = AXIS2_PLACEMENT_3D ( 'NONE', #3465, #5051, #5553 ) ;
#3132 = EDGE_CURVE ( 'NONE', #201, #1809, #2384, .T. ) ;
#3133 = PRESENTATION_STYLE_ASSIGNMENT (( #1105 ) ) ;
#3134 = VERTEX_POINT ( 'NONE', #1889 ) ;
#3135 = VECTOR ( 'NONE', #2726, 1000.000000000000000 ) ;
#3136 = CARTESIAN_POINT ( 'NONE',  ( 22.10000000000000142, -13.08000000000000007, 12.19999999999999929 ) ) ;
#3137 = CARTESIAN_POINT ( 'NONE',  ( -25.10000000000000142, -13.08000000000000007, 0.000000000000000000 ) ) ;
#3138 = VERTEX_POINT ( 'NONE', #5607 ) ;
#3139 = SURFACE_SIDE_STYLE ('',( #1677 ) ) ;
#3140 = ORIENTED_EDGE ( 'NONE', *, *, #6329, .F. ) ;
#3141 = EDGE_LOOP ( 'NONE', ( #6273, #568, #6522, #4713 ) ) ;
#3142 = MECHANICAL_DESIGN_GEOMETRIC_PRESENTATION_REPRESENTATION (  '', ( #6185 ), #4007 ) ;
#3143 = PLANE ( 'NONE',  #5826 ) ;
#3144 = ORIENTED_EDGE ( 'NONE', *, *, #6201, .T. ) ;
#3145 = CARTESIAN_POINT ( 'NONE',  ( 26.14999999999999858, -3.810000000000000053, 0.000000000000000000 ) ) ;
#3146 = CYLINDRICAL_SURFACE ( 'NONE', #2941, 1.500000000000001332 ) ;
#3147 =( GEOMETRIC_REPRESENTATION_CONTEXT ( 3 ) GLOBAL_UNCERTAINTY_ASSIGNED_CONTEXT ( ( #5892 ) ) GLOBAL_UNIT_ASSIGNED_CONTEXT ( ( #3771, #3195, #3263 ) ) REPRESENTATION_CONTEXT ( 'NONE', 'WORKASPACE' ) );
#3148 = CARTESIAN_POINT ( 'NONE',  ( -29.30000000000000071, 18.00000000000000000, 12.19999999999999929 ) ) ;
#3149 = CIRCLE ( 'NONE', #270, 0.5000000000000004441 ) ;
#3150 = ORIENTED_EDGE ( 'NONE', *, *, #529, .T. ) ;
#3151 =( NAMED_UNIT ( * ) PLANE_ANGLE_UNIT ( ) SI_UNIT ( $, .RADIAN. ) );
#3152 = CARTESIAN_POINT ( 'NONE',  ( -25.39999999999999858, -7.620000000000000107, -3.999999999999999112 ) ) ;
#3153 = DIRECTION ( 'NONE',  ( 0.000000000000000000, 1.000000000000000000, 0.000000000000000000 ) ) ;
#3154 = MECHANICAL_DESIGN_GEOMETRIC_PRESENTATION_REPRESENTATION (  '', ( #1777 ), #2527 ) ;
#3155 = FILL_AREA_STYLE ('',( #604 ) ) ;
#3156 = ADVANCED_FACE ( 'NONE', ( #6559 ), #4029, .T. ) ;
#3157 =( NAMED_UNIT ( * ) SI_UNIT ( $, .STERADIAN. ) SOLID_ANGLE_UNIT ( ) );
#3158 = COLOUR_RGB ( '',1.000000000000000000, 1.000000000000000000, 0.5019607843137254832 ) ;
#3159 = ORIENTED_EDGE ( 'NONE', *, *, #3747, .F. ) ;
#3160 = DIRECTION ( 'NONE',  ( 0.000000000000000000, 0.000000000000000000, 1.000000000000000000 ) ) ;
#3161 = CARTESIAN_POINT ( 'NONE',  ( 29.30000000000000071, -18.00000000000000000, 12.19999999999999929 ) ) ;
#3162 = DIRECTION ( 'NONE',  ( 0.000000000000000000, 0.000000000000000000, -1.000000000000000000 ) ) ;
#3163 = ORIENTED_EDGE ( 'NONE', *, *, #4677, .T. ) ;
#3164 = VECTOR ( 'NONE', #3717, 1000.000000000000000 ) ;
#3165 = PRESENTATION_STYLE_ASSIGNMENT (( #4635 ) ) ;
#3166 = CARTESIAN_POINT ( 'NONE',  ( 28.19999999999999929, -19.40000000000000213, 12.19999999999999929 ) ) ;
#3167 = EDGE_CURVE ( 'NONE', #5263, #1210, #895, .T. ) ;
#3168 = LINE ( 'NONE', #196, #6126 ) ;
#3169 = ORIENTED_EDGE ( 'NONE', *, *, #539, .T. ) ;
#3170 = DIRECTION ( 'NONE',  ( 0.000000000000000000, 0.000000000000000000, 1.000000000000000000 ) ) ;
#3171 = VECTOR ( 'NONE', #1612, 1000.000000000000000 ) ;
#3172 =( NAMED_UNIT ( * ) SI_UNIT ( $, .STERADIAN. ) SOLID_ANGLE_UNIT ( ) );
#3173 = SURFACE_STYLE_USAGE ( .BOTH. , #2110 ) ;
#3174 = EDGE_LOOP ( 'NONE', ( #5995, #3426, #3163, #5029, #2061, #675, #4470, #3422 ) ) ;
#3175 = CARTESIAN_POINT ( 'NONE',  ( -30.20000000000000284, 17.50000000000000000, 12.19999999999999929 ) ) ;
#3176 = PRESENTATION_LAYER_ASSIGNMENT (  '', '', ( #3718 ) ) ;
#3177 = EDGE_LOOP ( 'NONE', ( #3403, #2211 ) ) ;
#3178 = FILL_AREA_STYLE_COLOUR ( '', #6251 ) ;
#3179 = AXIS2_PLACEMENT_3D ( 'NONE', #600, #51, #3153 ) ;
#3180 = EDGE_LOOP ( 'NONE', ( #6453, #1272, #723, #2130 ) ) ;
#3181 = DIRECTION ( 'NONE',  ( 0.000000000000000000, 0.000000000000000000, -1.000000000000000000 ) ) ;
#3182 = CARTESIAN_POINT ( 'NONE',  ( 25.39999999999999858, -7.620000000000000107, -6.121320343559641053 ) ) ;
#3183 = DIRECTION ( 'NONE',  ( -1.000000000000000000, 0.000000000000000000, -0.000000000000000000 ) ) ;
#3184 = EDGE_CURVE ( 'NONE', #4674, #3545, #1253, .T. ) ;
#3185 = DIRECTION ( 'NONE',  ( 0.000000000000000000, 0.000000000000000000, -1.000000000000000000 ) ) ;
#3186 = PRESENTATION_STYLE_ASSIGNMENT (( #4725 ) ) ;
#3187 = ADVANCED_FACE ( 'NONE', ( #3415 ), #2924, .F. ) ;
#3188 = ORIENTED_EDGE ( 'NONE', *, *, #5440, .T. ) ;
#3189 = CYLINDRICAL_SURFACE ( 'NONE', #3233, 0.7500000000000006661 ) ;
#3190 = FACE_OUTER_BOUND ( 'NONE', #4269, .T. ) ;
#3191 = DIRECTION ( 'NONE',  ( 0.000000000000000000, 0.000000000000000000, 1.000000000000000000 ) ) ;
#3192 = EDGE_LOOP ( 'NONE', ( #2070, #1380, #2467, #2854 ) ) ;
#3193 = LINE ( 'NONE', #1701, #6215 ) ;
#3194 = PRESENTATION_LAYER_ASSIGNMENT (  '', '', ( #5592 ) ) ;
#3195 =( NAMED_UNIT ( * ) PLANE_ANGLE_UNIT ( ) SI_UNIT ( $, .RADIAN. ) );
#3196 = VERTEX_POINT ( 'NONE', #2590 ) ;
#3197 = SURFACE_STYLE_FILL_AREA ( #162 ) ;
#3198 = CARTESIAN_POINT ( 'NONE',  ( -28.29999999999999716, 19.40000000000000213, 12.19999999999999929 ) ) ;
#3199 = CARTESIAN_POINT ( 'NONE',  ( 25.94999999999999929, -7.620000000000000107, -3.999999999999999112 ) ) ;
#3200 = VERTEX_POINT ( 'NONE', #1687 ) ;
#3201 = CARTESIAN_POINT ( 'NONE',  ( -30.20000000000000284, 17.39999999999999858, 12.19999999999999929 ) ) ;
#3202 = FACE_OUTER_BOUND ( 'NONE', #4331, .T. ) ;
#3203 = DIRECTION ( 'NONE',  ( 1.000000000000000000, 0.000000000000000000, 0.000000000000000000 ) ) ;
#3204 = EDGE_CURVE ( 'NONE', #590, #3056, #4650, .T. ) ;
#3205 = DIRECTION ( 'NONE',  ( 1.000000000000000000, 0.000000000000000000, 0.000000000000000000 ) ) ;
#3206 = VERTEX_POINT ( 'NONE', #6316 ) ;
#3207 = LINE ( 'NONE', #6267, #6217 ) ;
#3208 = ORIENTED_EDGE ( 'NONE', *, *, #4519, .F. ) ;
#3209 = DIRECTION ( 'NONE',  ( -1.000000000000000000, 0.000000000000000000, 0.000000000000000000 ) ) ;
#3210 =( GEOMETRIC_REPRESENTATION_CONTEXT ( 3 ) GLOBAL_UNCERTAINTY_ASSIGNED_CONTEXT ( ( #3961 ) ) GLOBAL_UNIT_ASSIGNED_CONTEXT ( ( #269, #231, #3337 ) ) REPRESENTATION_CONTEXT ( 'NONE', 'WORKASPACE' ) );
#3211 = ORIENTED_EDGE ( 'NONE', *, *, #4282, .F. ) ;
#3212 = FILL_AREA_STYLE_COLOUR ( '', #2861 ) ;
#3213 = DIRECTION ( 'NONE',  ( 0.000000000000000000, 0.000000000000000000, -1.000000000000000000 ) ) ;
#3214 = PRESENTATION_LAYER_ASSIGNMENT (  '', '', ( #6475 ) ) ;
#3215 = FILL_AREA_STYLE ('',( #597 ) ) ;
#3216 = ORIENTED_EDGE ( 'NONE', *, *, #637, .F. ) ;
#3217 = VECTOR ( 'NONE', #123, 1000.000000000000000 ) ;
#3218 = FACE_BOUND ( 'NONE', #990, .T. ) ;
#3219 = CARTESIAN_POINT ( 'NONE',  ( 24.89999999999999858, 3.810000000000000053, -0.1999999999999996503 ) ) ;
#3220 = PLANE ( 'NONE',  #3179 ) ;
#3221 = AXIS2_PLACEMENT_3D ( 'NONE', #1759, #5378, #5871 ) ;
#3222 = VECTOR ( 'NONE', #4630, 1000.000000000000000 ) ;
#3223 = PRESENTATION_STYLE_ASSIGNMENT (( #3765 ) ) ;
#3224 = MECHANICAL_DESIGN_GEOMETRIC_PRESENTATION_REPRESENTATION (  '', ( #2371 ), #4871 ) ;
#3225 = ORIENTED_EDGE ( 'NONE', *, *, #2735, .T. ) ;
#3226 = PRESENTATION_STYLE_ASSIGNMENT (( #6359 ) ) ;
#3227 = ADVANCED_FACE ( 'NONE', ( #3725 ), #1554, .F. ) ;
#3228 =( GEOMETRIC_REPRESENTATION_CONTEXT ( 3 ) GLOBAL_UNCERTAINTY_ASSIGNED_CONTEXT ( ( #3633 ) ) GLOBAL_UNIT_ASSIGNED_CONTEXT ( ( #718, #5429, #3839 ) ) REPRESENTATION_CONTEXT ( 'NONE', 'WORKASPACE' ) );
#3229 = CARTESIAN_POINT ( 'NONE',  ( 25.39999999999999858, 3.810000000000000053, -3.999999999999999112 ) ) ;
#3230 = VERTEX_POINT ( 'NONE', #4128 ) ;
#3231 = DIRECTION ( 'NONE',  ( 0.000000000000000000, 0.000000000000000000, 1.000000000000000000 ) ) ;
#3232 = DIRECTION ( 'NONE',  ( 0.000000000000000000, 0.000000000000000000, 1.000000000000000000 ) ) ;
#3233 = AXIS2_PLACEMENT_3D ( 'NONE', #3348, #5809, #2731 ) ;
#3234 = CIRCLE ( 'NONE', #4658, 0.7500000000000006661 ) ;
#3235 = ORIENTED_EDGE ( 'NONE', *, *, #331, .T. ) ;
#3236 = DIRECTION ( 'NONE',  ( -1.000000000000000000, 0.000000000000000000, -0.000000000000000000 ) ) ;
#3237 =( NAMED_UNIT ( * ) PLANE_ANGLE_UNIT ( ) SI_UNIT ( $, .RADIAN. ) );
#3238 = CARTESIAN_POINT ( 'NONE',  ( 23.59999999999999787, -13.08000000000000007, 0.000000000000000000 ) ) ;
#3239 = ORIENTED_EDGE ( 'NONE', *, *, #1717, .F. ) ;
#3240 = VECTOR ( 'NONE', #5849, 1000.000000000000000 ) ;
#3241 = LINE ( 'NONE', #2212, #520 ) ;
#3242 = ORIENTED_EDGE ( 'NONE', *, *, #2283, .F. ) ;
#3243 = ADVANCED_FACE ( 'NONE', ( #2047 ), #6211, .F. ) ;
#3244 = ORIENTED_EDGE ( 'NONE', *, *, #939, .T. ) ;
#3245 =( NAMED_UNIT ( * ) SI_UNIT ( $, .STERADIAN. ) SOLID_ANGLE_UNIT ( ) );
#3246 = STYLED_ITEM ( 'NONE', ( #3692 ), #4514 ) ;
#3247 =( NAMED_UNIT ( * ) PLANE_ANGLE_UNIT ( ) SI_UNIT ( $, .RADIAN. ) );
#3248 =( NAMED_UNIT ( * ) SI_UNIT ( $, .STERADIAN. ) SOLID_ANGLE_UNIT ( ) );
#3249 = CARTESIAN_POINT ( 'NONE',  ( -29.19999999999999929, -18.50000000000000000, 12.19999999999999929 ) ) ;
#3250 =( NAMED_UNIT ( * ) SI_UNIT ( $, .STERADIAN. ) SOLID_ANGLE_UNIT ( ) );
#3251 = ORIENTED_EDGE ( 'NONE', *, *, #4165, .T. ) ;
#3252 = SURFACE_SIDE_STYLE ('',( #1358 ) ) ;
#3253 = EDGE_CURVE ( 'NONE', #71, #2013, #1589, .T. ) ;
#3254 = CYLINDRICAL_SURFACE ( 'NONE', #1143, 0.09999999999999939493 ) ;
#3255 = CIRCLE ( 'NONE', #4339, 0.7500000000000006661 ) ;
#3256 = PRESENTATION_LAYER_ASSIGNMENT (  '', '', ( #161 ) ) ;
#3257 = EDGE_CURVE ( 'NONE', #4808, #3802, #6306, .T. ) ;
#3258 = LINE ( 'NONE', #5472, #562 ) ;
#3259 = AXIS2_PLACEMENT_3D ( 'NONE', #1618, #1127, #1655 ) ;
#3260 = CARTESIAN_POINT ( 'NONE',  ( 22.10000000000000142, -13.08000000000000007, 12.69999999999999929 ) ) ;
#3261 = CYLINDRICAL_SURFACE ( 'NONE', #1162, 0.7500000000000006661 ) ;
#3262 = EDGE_CURVE ( 'NONE', #6197, #753, #2627, .T. ) ;
#3263 =( NAMED_UNIT ( * ) SI_UNIT ( $, .STERADIAN. ) SOLID_ANGLE_UNIT ( ) );
#3264 = VERTEX_POINT ( 'NONE', #1030 ) ;
#3265 = EDGE_CURVE ( 'NONE', #5917, #4244, #4119, .T. ) ;
#3266 = DIRECTION ( 'NONE',  ( 0.000000000000000000, 0.000000000000000000, -1.000000000000000000 ) ) ;
#3267 = VERTEX_POINT ( 'NONE', #1654 ) ;
#3268 = SURFACE_SIDE_STYLE ('',( #1832 ) ) ;
#3269 = DIRECTION ( 'NONE',  ( 0.000000000000000000, 0.000000000000000000, -1.000000000000000000 ) ) ;
#3270 = ORIENTED_EDGE ( 'NONE', *, *, #5706, .T. ) ;
#3271 = ORIENTED_EDGE ( 'NONE', *, *, #388, .T. ) ;
#3272 = CARTESIAN_POINT ( 'NONE',  ( 24.64999999999999858, -3.810000000000000053, -0.1999999999999996503 ) ) ;
#3273 = ORIENTED_EDGE ( 'NONE', *, *, #273, .F. ) ;
#3274 = CARTESIAN_POINT ( 'NONE',  ( -28.80000000000000071, -18.50000000000000000, 12.69999999999999929 ) ) ;
#3275 =( NAMED_UNIT ( * ) PLANE_ANGLE_UNIT ( ) SI_UNIT ( $, .RADIAN. ) );
#3276 =( NAMED_UNIT ( * ) SI_UNIT ( $, .STERADIAN. ) SOLID_ANGLE_UNIT ( ) );
#3277 = STYLED_ITEM ( 'NONE', ( #1365 ), #2898 ) ;
#3278 = VECTOR ( 'NONE', #2083, 1000.000000000000000 ) ;
#3279 = DIRECTION ( 'NONE',  ( 0.000000000000000000, 0.000000000000000000, 1.000000000000000000 ) ) ;
#3280 = VECTOR ( 'NONE', #4481, 1000.000000000000000 ) ;
#3281 = SURFACE_STYLE_FILL_AREA ( #6387 ) ;
#3282 = ORIENTED_EDGE ( 'NONE', *, *, #306, .T. ) ;
#3283 = COLOUR_RGB ( '',1.000000000000000000, 1.000000000000000000, 1.000000000000000000 ) ;
#3284 =( NAMED_UNIT ( * ) SI_UNIT ( $, .STERADIAN. ) SOLID_ANGLE_UNIT ( ) );
#3285 = CARTESIAN_POINT ( 'NONE',  ( 25.10000000000000142, -13.08000000000000007, 12.19999999999999929 ) ) ;
#3286 = CYLINDRICAL_SURFACE ( 'NONE', #3762, 0.09999999999999939493 ) ;
#3287 = ADVANCED_FACE ( 'NONE', ( #5673 ), #3146, .F. ) ;
#3288 = DIRECTION ( 'NONE',  ( 0.000000000000000000, 0.000000000000000000, 1.000000000000000000 ) ) ;
#3289 = FACE_BOUND ( 'NONE', #4150, .T. ) ;
#3290 = FILL_AREA_STYLE ('',( #1729 ) ) ;
#3291 = VERTEX_POINT ( 'NONE', #2818 ) ;
#3292 = CARTESIAN_POINT ( 'NONE',  ( 29.19999999999999929, -18.50000000000000000, 12.69999999999999929 ) ) ;
#3293 = SURFACE_SIDE_STYLE ('',( #1305 ) ) ;
#3294 = CIRCLE ( 'NONE', #426, 0.5000000000000004441 ) ;
#3295 = VERTEX_POINT ( 'NONE', #785 ) ;
#3296 = FACE_OUTER_BOUND ( 'NONE', #545, .T. ) ;
#3297 = CARTESIAN_POINT ( 'NONE',  ( -30.20000000000000284, -17.50000000000000000, 12.69999999999999929 ) ) ;
#3298 = ADVANCED_FACE ( 'NONE', ( #4266 ), #5402, .F. ) ;
#3299 = VECTOR ( 'NONE', #1698, 1000.000000000000000 ) ;
#3300 = DIRECTION ( 'NONE',  ( 0.000000000000000000, 0.000000000000000000, 1.000000000000000000 ) ) ;
#3301 = VERTEX_POINT ( 'NONE', #2218 ) ;
#3302 = CARTESIAN_POINT ( 'NONE',  ( -29.80000000000000071, -18.00000000000000000, 12.19999999999999929 ) ) ;
#3303 = UNCERTAINTY_MEASURE_WITH_UNIT (LENGTH_MEASURE( 1.000000000000000082E-05 ), #706, 'distance_accuracy_value', 'NONE');
#3304 = VERTEX_POINT ( 'NONE', #5835 ) ;
#3305 = ORIENTED_EDGE ( 'NONE', *, *, #2983, .T. ) ;
#3306 = DIRECTION ( 'NONE',  ( 0.000000000000000000, 0.000000000000000000, -1.000000000000000000 ) ) ;
#3307 = CARTESIAN_POINT ( 'NONE',  ( -25.39999999999999858, 0.000000000000000000, -3.999999999999999112 ) ) ;
#3308 = LINE ( 'NONE', #4338, #2840 ) ;
#3309 = EDGE_CURVE ( 'NONE', #4025, #5761, #2757, .T. ) ;
#3310 = ORIENTED_EDGE ( 'NONE', *, *, #2867, .F. ) ;
#3311 = CARTESIAN_POINT ( 'NONE',  ( -28.80000000000000071, 18.50000000000000000, 12.69999999999999929 ) ) ;
#3312 = FACE_OUTER_BOUND ( 'NONE', #1218, .T. ) ;
#3313 = CARTESIAN_POINT ( 'NONE',  ( 30.20000000000000284, 17.39999999999999858, 12.69999999999999929 ) ) ;
#3314 = FILL_AREA_STYLE ('',( #5872 ) ) ;
#3315 = AXIS2_PLACEMENT_3D ( 'NONE', #879, #2877, #5993 ) ;
#3316 = VECTOR ( 'NONE', #971, 1000.000000000000000 ) ;
#3317 = AXIS2_PLACEMENT_3D ( 'NONE', #1849, #1198, #824 ) ;
#3318 = PRESENTATION_STYLE_ASSIGNMENT (( #2298 ) ) ;
#3319 = EDGE_CURVE ( 'NONE', #2619, #5332, #2193, .T. ) ;
#3320 = VECTOR ( 'NONE', #3073, 1000.000000000000000 ) ;
#3321 = SURFACE_SIDE_STYLE ('',( #3768 ) ) ;
#3322 = SURFACE_STYLE_USAGE ( .BOTH. , #6335 ) ;
#3323 = ORIENTED_EDGE ( 'NONE', *, *, #1066, .F. ) ;
#3324 = AXIS2_PLACEMENT_3D ( 'NONE', #1194, #3696, #5310 ) ;
#3325 = DIRECTION ( 'NONE',  ( 1.000000000000000000, 0.000000000000000000, 0.000000000000000000 ) ) ;
#3326 = EDGE_LOOP ( 'NONE', ( #5604, #5501, #975, #3045 ) ) ;
#3327 = DIRECTION ( 'NONE',  ( 0.000000000000000000, -1.000000000000000000, 0.000000000000000000 ) ) ;
#3328 = DIRECTION ( 'NONE',  ( 0.000000000000000000, 0.000000000000000000, 1.000000000000000000 ) ) ;
#3329 = VECTOR ( 'NONE', #323, 1000.000000000000000 ) ;
#3330 = COLOUR_RGB ( '',1.000000000000000000, 1.000000000000000000, 1.000000000000000000 ) ;
#3331 = MECHANICAL_DESIGN_GEOMETRIC_PRESENTATION_REPRESENTATION (  '', ( #1847 ), #4872 ) ;
#3332 = FILL_AREA_STYLE ('',( #5915 ) ) ;
#3333 = VERTEX_POINT ( 'NONE', #2725 ) ;
#3334 = DIRECTION ( 'NONE',  ( 0.000000000000000000, 0.000000000000000000, 1.000000000000000000 ) ) ;
#3335 = VERTEX_POINT ( 'NONE', #4336 ) ;
#3336 = AXIS2_PLACEMENT_3D ( 'NONE', #2440, #1939, #3432 ) ;
#3337 =( NAMED_UNIT ( * ) SI_UNIT ( $, .STERADIAN. ) SOLID_ANGLE_UNIT ( ) );
#3338 = AXIS2_PLACEMENT_3D ( 'NONE', #547, #4117, #5164 ) ;
#3339 = EDGE_LOOP ( 'NONE', ( #3716, #863 ) ) ;
#3340 = CARTESIAN_POINT ( 'NONE',  ( 28.19999999999999929, -19.50000000000000000, 12.19999999999999929 ) ) ;
#3341 = AXIS2_PLACEMENT_3D ( 'NONE', #5574, #2451, #1359 ) ;
#3342 =( GEOMETRIC_REPRESENTATION_CONTEXT ( 3 ) GLOBAL_UNCERTAINTY_ASSIGNED_CONTEXT ( ( #2978 ) ) GLOBAL_UNIT_ASSIGNED_CONTEXT ( ( #2668, #2800, #4417 ) ) REPRESENTATION_CONTEXT ( 'NONE', 'WORKASPACE' ) );
#3343 =( LENGTH_UNIT ( ) NAMED_UNIT ( * ) SI_UNIT ( .MILLI., .METRE. ) );
#3344 = CARTESIAN_POINT ( 'NONE',  ( -25.10000000000000142, -4.898587196589550510E-17, -3.999999999999999112 ) ) ;
#3345 = ORIENTED_EDGE ( 'NONE', *, *, #6458, .T. ) ;
#3346 = PRESENTATION_LAYER_ASSIGNMENT (  '', '', ( #4325 ) ) ;
#3347 =( NAMED_UNIT ( * ) PLANE_ANGLE_UNIT ( ) SI_UNIT ( $, .RADIAN. ) );
#3348 = CARTESIAN_POINT ( 'NONE',  ( -25.39999999999999858, 7.620000000000000107, -0.1999999999999996503 ) ) ;
#3349 = ORIENTED_EDGE ( 'NONE', *, *, #1268, .T. ) ;
#3350 =( LENGTH_UNIT ( ) NAMED_UNIT ( * ) SI_UNIT ( .MILLI., .METRE. ) );
#3351 = FACE_OUTER_BOUND ( 'NONE', #3365, .T. ) ;
#3352 =( GEOMETRIC_REPRESENTATION_CONTEXT ( 3 ) GLOBAL_UNCERTAINTY_ASSIGNED_CONTEXT ( ( #2310 ) ) GLOBAL_UNIT_ASSIGNED_CONTEXT ( ( #925, #6103, #443 ) ) REPRESENTATION_CONTEXT ( 'NONE', 'WORKASPACE' ) );
#3353 = UNCERTAINTY_MEASURE_WITH_UNIT (LENGTH_MEASURE( 1.000000000000000082E-05 ), #2756, 'distance_accuracy_value', 'NONE');
#3354 = CARTESIAN_POINT ( 'NONE',  ( -29.19999999999999929, 18.39999999999999858, 12.19999999999999929 ) ) ;
#3355 = VECTOR ( 'NONE', #1632, 1000.000000000000000 ) ;
#3356 = AXIS2_PLACEMENT_3D ( 'NONE', #3025, #6006, #1390 ) ;
#3357 = SURFACE_SIDE_STYLE ('',( #1335 ) ) ;
#3358 = CARTESIAN_POINT ( 'NONE',  ( 24.89999999999999858, -3.810000000000000053, -3.999999999999999112 ) ) ;
#3359 = CARTESIAN_POINT ( 'NONE',  ( -26.14999999999999858, -7.620000000000000107, 0.000000000000000000 ) ) ;
#3360 = ORIENTED_EDGE ( 'NONE', *, *, #2752, .T. ) ;
#3361 = AXIS2_PLACEMENT_3D ( 'NONE', #5303, #697, #5802 ) ;
#3362 = DIRECTION ( 'NONE',  ( -1.000000000000000000, 0.000000000000000000, -0.000000000000000000 ) ) ;
#3363 = SURFACE_STYLE_USAGE ( .BOTH. , #3293 ) ;
#3364 = CARTESIAN_POINT ( 'NONE',  ( 29.19999999999999929, 18.50000000000000000, 12.19999999999999929 ) ) ;
#3365 = EDGE_LOOP ( 'NONE', ( #5452, #2643, #1408, #1184 ) ) ;
#3366 = DIRECTION ( 'NONE',  ( 0.000000000000000000, 0.000000000000000000, 1.000000000000000000 ) ) ;
#3367 = VECTOR ( 'NONE', #2452, 1000.000000000000000 ) ;
#3368 = CARTESIAN_POINT ( 'NONE',  ( 25.39999999999999858, 0.000000000000000000, 0.000000000000000000 ) ) ;
#3369 = ORIENTED_EDGE ( 'NONE', *, *, #2830, .F. ) ;
#3370 = ADVANCED_FACE ( 'NONE', ( #1750 ), #3754, .T. ) ;
#3371 = CARTESIAN_POINT ( 'NONE',  ( 28.80000000000000071, 19.00000000000000000, 12.19999999999999929 ) ) ;
#3372 = UNCERTAINTY_MEASURE_WITH_UNIT (LENGTH_MEASURE( 1.000000000000000082E-05 ), #3343, 'distance_accuracy_value', 'NONE');
#3373 = VERTEX_POINT ( 'NONE', #729 ) ;
#3374 = CIRCLE ( 'NONE', #505, 0.3000000000000224709 ) ;
#3375 = CARTESIAN_POINT ( 'NONE',  ( 28.19999999999999929, -19.40000000000000213, 12.69999999999999929 ) ) ;
#3376 = VERTEX_POINT ( 'NONE', #235 ) ;
#3377 = DIRECTION ( 'NONE',  ( 1.000000000000000000, 0.000000000000000000, 0.000000000000000000 ) ) ;
#3378 = PRESENTATION_STYLE_ASSIGNMENT (( #1354 ) ) ;
#3379 = AXIS2_PLACEMENT_3D ( 'NONE', #1544, #620, #5225 ) ;
#3380 = FILL_AREA_STYLE ('',( #1883 ) ) ;
#3381 = ORIENTED_EDGE ( 'NONE', *, *, #4152, .T. ) ;
#3382 = AXIS2_PLACEMENT_3D ( 'NONE', #1816, #3852, #6482 ) ;
#3383 = DIRECTION ( 'NONE',  ( 0.000000000000000000, 0.000000000000000000, -1.000000000000000000 ) ) ;
#3384 = DIRECTION ( 'NONE',  ( 0.000000000000000000, 0.000000000000000000, -1.000000000000000000 ) ) ;
#3385 = EDGE_CURVE ( 'NONE', #473, #439, #5863, .T. ) ;
#3386 = CARTESIAN_POINT ( 'NONE',  ( 29.19999999999999929, 18.50000000000000000, 12.19999999999999929 ) ) ;
#3387 = ORIENTED_EDGE ( 'NONE', *, *, #633, .F. ) ;
#3388 = CARTESIAN_POINT ( 'NONE',  ( -29.30000000000000071, 18.00000000000000000, 12.69999999999999929 ) ) ;
#3389 = EDGE_CURVE ( 'NONE', #3802, #6291, #1286, .T. ) ;
#3390 = DIRECTION ( 'NONE',  ( 0.000000000000000000, 0.000000000000000000, -1.000000000000000000 ) ) ;
#3391 = SURFACE_STYLE_FILL_AREA ( #3832 ) ;
#3392 = SURFACE_STYLE_FILL_AREA ( #2330 ) ;
#3393 = EDGE_CURVE ( 'NONE', #1741, #1684, #163, .T. ) ;
#3394 = ORIENTED_EDGE ( 'NONE', *, *, #2620, .F. ) ;
#3395 =( NAMED_UNIT ( * ) PLANE_ANGLE_UNIT ( ) SI_UNIT ( $, .RADIAN. ) );
#3396 = CARTESIAN_POINT ( 'NONE',  ( -28.19999999999999929, 19.40000000000000213, 12.69999999999999929 ) ) ;
#3397 = ORIENTED_EDGE ( 'NONE', *, *, #6621, .T. ) ;
#3398 = CARTESIAN_POINT ( 'NONE',  ( -25.89999999999999858, 7.620000000000000107, -3.999999999999999112 ) ) ;
#3399 = DIRECTION ( 'NONE',  ( 0.000000000000000000, 0.000000000000000000, -1.000000000000000000 ) ) ;
#3400 = EDGE_LOOP ( 'NONE', ( #3535, #4364 ) ) ;
#3401 = DIRECTION ( 'NONE',  ( 0.000000000000000000, 0.000000000000000000, 1.000000000000000000 ) ) ;
#3402 = ORIENTED_EDGE ( 'NONE', *, *, #4838, .T. ) ;
#3403 = ORIENTED_EDGE ( 'NONE', *, *, #4631, .F. ) ;
#3404 = FACE_OUTER_BOUND ( 'NONE', #4843, .T. ) ;
#3405 = CARTESIAN_POINT ( 'NONE',  ( -29.80000000000000071, -17.50000000000000000, 12.19999999999999929 ) ) ;
#3406 = EDGE_CURVE ( 'NONE', #3196, #4381, #496, .T. ) ;
#3407 = CIRCLE ( 'NONE', #101, 1.500000000000001332 ) ;
#3408 = EDGE_CURVE ( 'NONE', #583, #6050, #5127, .T. ) ;
#3409 = DIRECTION ( 'NONE',  ( 0.000000000000000000, 0.000000000000000000, 1.000000000000000000 ) ) ;
#3410 = ORIENTED_EDGE ( 'NONE', *, *, #2232, .T. ) ;
#3411 = DIRECTION ( 'NONE',  ( -1.000000000000000000, 0.000000000000000000, 0.000000000000000000 ) ) ;
#3412 = ORIENTED_EDGE ( 'NONE', *, *, #5033, .T. ) ;
#3413 = CARTESIAN_POINT ( 'NONE',  ( 0.000000000000000000, 0.000000000000000000, 12.69999999999999929 ) ) ;
#3414 = VERTEX_POINT ( 'NONE', #682 ) ;
#3415 = FACE_OUTER_BOUND ( 'NONE', #6379, .T. ) ;
#3416 = EDGE_CURVE ( 'NONE', #5638, #4221, #1076, .T. ) ;
#3417 = LINE ( 'NONE', #2386, #5342 ) ;
#3418 = UNCERTAINTY_MEASURE_WITH_UNIT (LENGTH_MEASURE( 1.000000000000000082E-05 ), #4220, 'distance_accuracy_value', 'NONE');
#3419 = DIRECTION ( 'NONE',  ( 1.000000000000000000, 0.000000000000000000, 0.000000000000000000 ) ) ;
#3420 = AXIS2_PLACEMENT_3D ( 'NONE', #394, #4597, #1435 ) ;
#3421 =( NAMED_UNIT ( * ) SI_UNIT ( $, .STERADIAN. ) SOLID_ANGLE_UNIT ( ) );
#3422 = ORIENTED_EDGE ( 'NONE', *, *, #4601, .T. ) ;
#3423 = AXIS2_PLACEMENT_3D ( 'NONE', #6001, #5970, #187 ) ;
#3424 = DIRECTION ( 'NONE',  ( 0.000000000000000000, 0.000000000000000000, -1.000000000000000000 ) ) ;
#3425 = CARTESIAN_POINT ( 'NONE',  ( -25.39999999999999858, -7.620000000000000107, -0.1999999999999996503 ) ) ;
#3426 = ORIENTED_EDGE ( 'NONE', *, *, #4450, .F. ) ;
#3427 = CARTESIAN_POINT ( 'NONE',  ( -28.80000000000000071, 19.00000000000000000, 12.69999999999999929 ) ) ;
#3428 = EDGE_CURVE ( 'NONE', #6105, #5000, #714, .T. ) ;
#3429 = CIRCLE ( 'NONE', #3115, 1.500000000000001332 ) ;
#3430 = SURFACE_SIDE_STYLE ('',( #401 ) ) ;
#3431 = ORIENTED_EDGE ( 'NONE', *, *, #3578, .T. ) ;
#3432 = DIRECTION ( 'NONE',  ( 1.000000000000000000, 0.000000000000000000, 0.000000000000000000 ) ) ;
#3433 = UNCERTAINTY_MEASURE_WITH_UNIT (LENGTH_MEASURE( 1.000000000000000082E-05 ), #4236, 'distance_accuracy_value', 'NONE');
#3434 = VERTEX_POINT ( 'NONE', #5821 ) ;
#3435 = PLANE ( 'NONE',  #6585 ) ;
#3436 = VECTOR ( 'NONE', #3366, 1000.000000000000000 ) ;
#3437 = EDGE_LOOP ( 'NONE', ( #1709, #4526, #4054, #6094 ) ) ;
#3438 = CYLINDRICAL_SURFACE ( 'NONE', #3379, 0.5000000000000004441 ) ;
#3439 = CIRCLE ( 'NONE', #1104, 1.500000000000001332 ) ;
#3440 = CARTESIAN_POINT ( 'NONE',  ( 28.29999999999999716, 19.40000000000000213, 12.69999999999999929 ) ) ;
#3441 = PRESENTATION_LAYER_ASSIGNMENT (  '', '', ( #1637 ) ) ;
#3442 = CIRCLE ( 'NONE', #2056, 0.5000000000000004441 ) ;
#3443 = DIRECTION ( 'NONE',  ( 0.000000000000000000, 0.000000000000000000, 1.000000000000000000 ) ) ;
#3444 = ORIENTED_EDGE ( 'NONE', *, *, #6184, .F. ) ;
#3445 = EDGE_CURVE ( 'NONE', #4188, #2651, #4451, .T. ) ;
#3446 = AXIS2_PLACEMENT_3D ( 'NONE', #3825, #6390, #1291 ) ;
#3447 = SURFACE_STYLE_FILL_AREA ( #1697 ) ;
#3448 = VERTEX_POINT ( 'NONE', #2572 ) ;
#3449 = CARTESIAN_POINT ( 'NONE',  ( -30.30000000000000071, -19.50000000000000000, 12.69999999999999929 ) ) ;
#3450 =( GEOMETRIC_REPRESENTATION_CONTEXT ( 3 ) GLOBAL_UNCERTAINTY_ASSIGNED_CONTEXT ( ( #5545 ) ) GLOBAL_UNIT_ASSIGNED_CONTEXT ( ( #5929, #2351, #2761 ) ) REPRESENTATION_CONTEXT ( 'NONE', 'WORKASPACE' ) );
#3451 = SURFACE_SIDE_STYLE ('',( #1063 ) ) ;
#3452 = AXIS2_PLACEMENT_3D ( 'NONE', #1339, #1828, #3866 ) ;
#3453 = DIRECTION ( 'NONE',  ( 0.000000000000000000, 0.000000000000000000, 1.000000000000000000 ) ) ;
#3454 = CIRCLE ( 'NONE', #5737, 0.09999999999999939493 ) ;
#3455 = DIRECTION ( 'NONE',  ( 0.000000000000000000, 0.000000000000000000, -1.000000000000000000 ) ) ;
#3456 = AXIS2_PLACEMENT_3D ( 'NONE', #6462, #5145, #2357 ) ;
#3457 = EDGE_CURVE ( 'NONE', #5095, #2234, #6230, .T. ) ;
#3458 = VECTOR ( 'NONE', #1069, 1000.000000000000000 ) ;
#3459 = ADVANCED_FACE ( 'NONE', ( #2670 ), #6337, .T. ) ;
#3460 = LINE ( 'NONE', #5547, #3872 ) ;
#3461 = DIRECTION ( 'NONE',  ( 0.000000000000000000, -1.000000000000000000, 0.000000000000000000 ) ) ;
#3462 = STYLED_ITEM ( 'NONE', ( #6265 ), #3928 ) ;
#3463 = EDGE_CURVE ( 'NONE', #1569, #2174, #3149, .T. ) ;
#3464 = EDGE_LOOP ( 'NONE', ( #1705, #876, #1024, #5720 ) ) ;
#3465 = CARTESIAN_POINT ( 'NONE',  ( -25.39999999999999858, 0.000000000000000000, -0.1999999999999996503 ) ) ;
#3466 = CIRCLE ( 'NONE', #6518, 1.500000000000001332 ) ;
#3467 = CARTESIAN_POINT ( 'NONE',  ( -29.30000000000000071, -18.00000000000000000, 12.19999999999999929 ) ) ;
#3468 = LINE ( 'NONE', #5054, #2127 ) ;
#3469 = VERTEX_POINT ( 'NONE', #3136 ) ;
#3470 = LINE ( 'NONE', #912, #239 ) ;
#3471 = LINE ( 'NONE', #3531, #131 ) ;
#3472 = EDGE_CURVE ( 'NONE', #4563, #3616, #2834, .T. ) ;
#3473 = AXIS2_PLACEMENT_3D ( 'NONE', #3229, #6360, #679 ) ;
#3474 = EDGE_CURVE ( 'NONE', #5526, #317, #2165, .T. ) ;
#3475 = FILL_AREA_STYLE_COLOUR ( '', #1767 ) ;
#3476 = ORIENTED_EDGE ( 'NONE', *, *, #814, .F. ) ;
#3477 = CYLINDRICAL_SURFACE ( 'NONE', #4516, 0.09999999999999939493 ) ;
#3478 = AXIS2_PLACEMENT_3D ( 'NONE', #527, #5238, #79 ) ;
#3479 = VERTEX_POINT ( 'NONE', #3708 ) ;
#3480 = CARTESIAN_POINT ( 'NONE',  ( 30.20000000000000284, -17.50000000000000000, 12.19999999999999929 ) ) ;
#3481 = ORIENTED_EDGE ( 'NONE', *, *, #5847, .F. ) ;
#3482 = ORIENTED_EDGE ( 'NONE', *, *, #6657, .F. ) ;
#3483 = LINE ( 'NONE', #5573, #6112 ) ;
#3484 = DIRECTION ( 'NONE',  ( 0.000000000000000000, 0.000000000000000000, 1.000000000000000000 ) ) ;
#3485 = DIRECTION ( 'NONE',  ( 1.000000000000000000, 0.000000000000000000, 0.000000000000000000 ) ) ;
#3486 =( NAMED_UNIT ( * ) PLANE_ANGLE_UNIT ( ) SI_UNIT ( $, .RADIAN. ) );
#3487 = AXIS2_PLACEMENT_3D ( 'NONE', #234, #4432, #5865 ) ;
#3488 = UNCERTAINTY_MEASURE_WITH_UNIT (LENGTH_MEASURE( 1.000000000000000082E-05 ), #140, 'distance_accuracy_value', 'NONE');
#3489 = DIRECTION ( 'NONE',  ( 0.000000000000000000, 0.000000000000000000, -1.000000000000000000 ) ) ;
#3490 = STYLED_ITEM ( 'NONE', ( #4437 ), #4625 ) ;
#3491 = FACE_OUTER_BOUND ( 'NONE', #4669, .T. ) ;
#3492 = EDGE_CURVE ( 'NONE', #2030, #1177, #5787, .T. ) ;
#3493 = STYLED_ITEM ( 'NONE', ( #4104 ), #2770 ) ;
#3494 = ORIENTED_EDGE ( 'NONE', *, *, #1164, .F. ) ;
#3495 =( GEOMETRIC_REPRESENTATION_CONTEXT ( 3 ) GLOBAL_UNCERTAINTY_ASSIGNED_CONTEXT ( ( #5092 ) ) GLOBAL_UNIT_ASSIGNED_CONTEXT ( ( #5605, #3023, #5010 ) ) REPRESENTATION_CONTEXT ( 'NONE', 'WORKASPACE' ) );
#3496 = LINE ( 'NONE', #5582, #45 ) ;
#3497 = VECTOR ( 'NONE', #459, 1000.000000000000000 ) ;
#3498 = DIRECTION ( 'NONE',  ( 0.000000000000000000, 0.000000000000000000, -1.000000000000000000 ) ) ;
#3499 = ORIENTED_EDGE ( 'NONE', *, *, #6239, .F. ) ;
#3500 = CARTESIAN_POINT ( 'NONE',  ( 25.39999999999999858, 3.810000000000000053, -0.1999999999999996503 ) ) ;
#3501 = FILL_AREA_STYLE_COLOUR ( '', #5514 ) ;
#3502 = SURFACE_SIDE_STYLE ('',( #433 ) ) ;
#3503 = ORIENTED_EDGE ( 'NONE', *, *, #2568, .T. ) ;
#3504 = SURFACE_SIDE_STYLE ('',( #877 ) ) ;
#3505 = UNCERTAINTY_MEASURE_WITH_UNIT (LENGTH_MEASURE( 1.000000000000000082E-05 ), #1900, 'distance_accuracy_value', 'NONE');
#3506 = EDGE_LOOP ( 'NONE', ( #3251, #4199, #2008, #3551 ) ) ;
#3507 = CARTESIAN_POINT ( 'NONE',  ( 22.10000000000000142, 13.08000000000000007, 0.000000000000000000 ) ) ;
#3508 = EDGE_CURVE ( 'NONE', #727, #3923, #4251, .T. ) ;
#3509 = DIRECTION ( 'NONE',  ( 0.000000000000000000, 0.000000000000000000, -1.000000000000000000 ) ) ;
#3510 = SURFACE_STYLE_FILL_AREA ( #5600 ) ;
#3511 = ORIENTED_EDGE ( 'NONE', *, *, #6130, .T. ) ;
#3512 = LINE ( 'NONE', #5198, #6257 ) ;
#3513 = ORIENTED_EDGE ( 'NONE', *, *, #5053, .F. ) ;
#3514 = AXIS2_PLACEMENT_3D ( 'NONE', #2802, #3837, #5910 ) ;
#3515 = DIRECTION ( 'NONE',  ( 1.000000000000000000, 0.000000000000000000, 0.000000000000000000 ) ) ;
#3516 =( LENGTH_UNIT ( ) NAMED_UNIT ( * ) SI_UNIT ( .MILLI., .METRE. ) );
#3517 = DIRECTION ( 'NONE',  ( 0.000000000000000000, 0.000000000000000000, 1.000000000000000000 ) ) ;
#3518 = ADVANCED_FACE ( 'NONE', ( #5047 ), #5075, .F. ) ;
#3519 = DIRECTION ( 'NONE',  ( 0.000000000000000000, 0.000000000000000000, -1.000000000000000000 ) ) ;
#3520 = STYLED_ITEM ( 'NONE', ( #3318 ), #1891 ) ;
#3521 = DIRECTION ( 'NONE',  ( 0.000000000000000000, 1.000000000000000000, 0.000000000000000000 ) ) ;
#3522 = CARTESIAN_POINT ( 'NONE',  ( 29.30000000000000071, -18.00000000000000000, 12.69999999999999929 ) ) ;
#3523 = CARTESIAN_POINT ( 'NONE',  ( 28.80000000000000071, 18.50000000000000000, 12.69999999999999929 ) ) ;
#3524 = VERTEX_POINT ( 'NONE', #6008 ) ;
#3525 = DIRECTION ( 'NONE',  ( 0.000000000000000000, 0.000000000000000000, 1.000000000000000000 ) ) ;
#3526 = AXIS2_PLACEMENT_3D ( 'NONE', #3709, #1077, #580 ) ;
#3527 = DIRECTION ( 'NONE',  ( 0.000000000000000000, 0.000000000000000000, 1.000000000000000000 ) ) ;
#3528 = EDGE_CURVE ( 'NONE', #5917, #4475, #3417, .T. ) ;
#3529 = FACE_OUTER_BOUND ( 'NONE', #4845, .T. ) ;
#3530 = ORIENTED_EDGE ( 'NONE', *, *, #6152, .F. ) ;
#3531 = CARTESIAN_POINT ( 'NONE',  ( -22.10000000000000142, -13.08000000000000007, -17.30000000000000071 ) ) ;
#3532 = AXIS2_PLACEMENT_3D ( 'NONE', #1746, #692, #2622 ) ;
#3533 = STYLED_ITEM ( 'NONE', ( #5052 ), #905 ) ;
#3534 = FACE_OUTER_BOUND ( 'NONE', #4889, .T. ) ;
#3535 = ORIENTED_EDGE ( 'NONE', *, *, #63, .T. ) ;
#3536 = CARTESIAN_POINT ( 'NONE',  ( -28.29999999999999716, -19.00000000000000000, 12.19999999999999929 ) ) ;
#3537 = EDGE_CURVE ( 'NONE', #1013, #5818, #59, .T. ) ;
#3538 =( NAMED_UNIT ( * ) SI_UNIT ( $, .STERADIAN. ) SOLID_ANGLE_UNIT ( ) );
#3539 = ORIENTED_EDGE ( 'NONE', *, *, #2453, .F. ) ;
#3540 = CARTESIAN_POINT ( 'NONE',  ( -29.80000000000000071, -17.50000000000000000, 12.19999999999999929 ) ) ;
#3541 = CARTESIAN_POINT ( 'NONE',  ( -29.30000000000000071, -18.39999999999999858, 12.69999999999999929 ) ) ;
#3542 = STYLED_ITEM ( 'NONE', ( #4489 ), #5739 ) ;
#3543 =( LENGTH_UNIT ( ) NAMED_UNIT ( * ) SI_UNIT ( .MILLI., .METRE. ) );
#3544 = CARTESIAN_POINT ( 'NONE',  ( 28.29999999999999716, 19.40000000000000213, 12.69999999999999929 ) ) ;
#3545 = VERTEX_POINT ( 'NONE', #2995 ) ;
#3546 =( GEOMETRIC_REPRESENTATION_CONTEXT ( 3 ) GLOBAL_UNCERTAINTY_ASSIGNED_CONTEXT ( ( #494 ) ) GLOBAL_UNIT_ASSIGNED_CONTEXT ( ( #5621, #5125, #6089 ) ) REPRESENTATION_CONTEXT ( 'NONE', 'WORKASPACE' ) );
#3547 =( GEOMETRIC_REPRESENTATION_CONTEXT ( 3 ) GLOBAL_UNCERTAINTY_ASSIGNED_CONTEXT ( ( #437 ) ) GLOBAL_UNIT_ASSIGNED_CONTEXT ( ( #966, #3900, #350 ) ) REPRESENTATION_CONTEXT ( 'NONE', 'WORKASPACE' ) );
#3548 = DIRECTION ( 'NONE',  ( -1.000000000000000000, 0.000000000000000000, 0.000000000000000000 ) ) ;
#3549 = ORIENTED_EDGE ( 'NONE', *, *, #3029, .T. ) ;
#3550 = SURFACE_SIDE_STYLE ('',( #1518 ) ) ;
#3551 = ORIENTED_EDGE ( 'NONE', *, *, #186, .T. ) ;
#3552 = SURFACE_STYLE_FILL_AREA ( #4444 ) ;
#3553 = PRESENTATION_LAYER_ASSIGNMENT (  '', '', ( #2371 ) ) ;
#3554 = VECTOR ( 'NONE', #2071, 1000.000000000000000 ) ;
#3555 = UNCERTAINTY_MEASURE_WITH_UNIT (LENGTH_MEASURE( 1.000000000000000082E-05 ), #4023, 'distance_accuracy_value', 'NONE');
#3556 = STYLED_ITEM ( 'NONE', ( #4833 ), #2202 ) ;
#3557 = MECHANICAL_DESIGN_GEOMETRIC_PRESENTATION_REPRESENTATION (  '', ( #2913 ), #4311 ) ;
#3558 = DIRECTION ( 'NONE',  ( 0.000000000000000000, 0.000000000000000000, -1.000000000000000000 ) ) ;
#3559 = VECTOR ( 'NONE', #2856, 1000.000000000000000 ) ;
#3560 = DIRECTION ( 'NONE',  ( -1.000000000000000000, 0.000000000000000000, -0.000000000000000000 ) ) ;
#3561 = DIRECTION ( 'NONE',  ( 1.000000000000000000, 0.000000000000000000, 0.000000000000000000 ) ) ;
#3562 = CIRCLE ( 'NONE', #5645, 1.500000000000001332 ) ;
#3563 = LINE ( 'NONE', #1595, #1936 ) ;
#3564 = SURFACE_STYLE_USAGE ( .BOTH. , #6154 ) ;
#3565 = AXIS2_PLACEMENT_3D ( 'NONE', #4776, #4278, #1800 ) ;
#3566 = ORIENTED_EDGE ( 'NONE', *, *, #4981, .T. ) ;
#3567 = LINE ( 'NONE', #2939, #4414 ) ;
#3568 = CIRCLE ( 'NONE', #5855, 0.5000000000000004441 ) ;
#3569 = CARTESIAN_POINT ( 'NONE',  ( 30.20000000000000284, 17.39999999999999858, 12.69999999999999929 ) ) ;
#3570 = EDGE_LOOP ( 'NONE', ( #2415, #4599, #3978, #5660 ) ) ;
#3571 = CARTESIAN_POINT ( 'NONE',  ( 25.39999999999999858, 7.620000000000000107, 0.000000000000000000 ) ) ;
#3572 = UNCERTAINTY_MEASURE_WITH_UNIT (LENGTH_MEASURE( 1.000000000000000082E-05 ), #5485, 'distance_accuracy_value', 'NONE');
#3573 =( NAMED_UNIT ( * ) PLANE_ANGLE_UNIT ( ) SI_UNIT ( $, .RADIAN. ) );
#3574 = ORIENTED_EDGE ( 'NONE', *, *, #4848, .F. ) ;
#3575 = PRESENTATION_LAYER_ASSIGNMENT (  '', '', ( #3050 ) ) ;
#3576 = DIRECTION ( 'NONE',  ( -1.000000000000000000, 0.000000000000000000, 0.000000000000000000 ) ) ;
#3577 = DIRECTION ( 'NONE',  ( 0.000000000000000000, 0.000000000000000000, 1.000000000000000000 ) ) ;
#3578 = EDGE_CURVE ( 'NONE', #2275, #4182, #5508, .T. ) ;
#3579 = LINE ( 'NONE', #551, #3164 ) ;
#3580 = ORIENTED_EDGE ( 'NONE', *, *, #5184, .T. ) ;
#3581 = AXIS2_PLACEMENT_3D ( 'NONE', #1288, #178, #3851 ) ;
#3582 =( LENGTH_UNIT ( ) NAMED_UNIT ( * ) SI_UNIT ( .MILLI., .METRE. ) );
#3583 = EDGE_LOOP ( 'NONE', ( #3702, #2986, #5572, #9 ) ) ;
#3584 = DIRECTION ( 'NONE',  ( 0.000000000000000000, 0.000000000000000000, 1.000000000000000000 ) ) ;
#3585 = ORIENTED_EDGE ( 'NONE', *, *, #1463, .T. ) ;
#3586 = FILL_AREA_STYLE_COLOUR ( '', #3899 ) ;
#3587 = PRESENTATION_LAYER_ASSIGNMENT (  '', '', ( #2740 ) ) ;
#3588 = FILL_AREA_STYLE_COLOUR ( '', #5022 ) ;
#3589 = CARTESIAN_POINT ( 'NONE',  ( 29.19999999999999929, -18.50000000000000000, 12.19999999999999929 ) ) ;
#3590 = EDGE_CURVE ( 'NONE', #1809, #2402, #4446, .T. ) ;
#3591 = PRESENTATION_LAYER_ASSIGNMENT (  '', '', ( #1777 ) ) ;
#3592 = SURFACE_STYLE_USAGE ( .BOTH. , #3090 ) ;
#3593 = LINE ( 'NONE', #643, #1099 ) ;
#3594 = SURFACE_STYLE_FILL_AREA ( #4168 ) ;
#3595 = EDGE_CURVE ( 'NONE', #2481, #4475, #6656, .T. ) ;
#3596 = STYLED_ITEM ( 'NONE', ( #6129 ), #5302 ) ;
#3597 =( LENGTH_UNIT ( ) NAMED_UNIT ( * ) SI_UNIT ( .MILLI., .METRE. ) );
#3598 = STYLED_ITEM ( 'NONE', ( #414 ), #4701 ) ;
#3599 =( NAMED_UNIT ( * ) SI_UNIT ( $, .STERADIAN. ) SOLID_ANGLE_UNIT ( ) );
#3600 = VERTEX_POINT ( 'NONE', #936 ) ;
#3601 = AXIS2_PLACEMENT_3D ( 'NONE', #390, #2932, #3461 ) ;
#3602 = SURFACE_STYLE_FILL_AREA ( #4071 ) ;
#3603 = FILL_AREA_STYLE ('',( #2535 ) ) ;
#3604 = EDGE_CURVE ( 'NONE', #2659, #1741, #6524, .T. ) ;
#3605 = DIRECTION ( 'NONE',  ( 0.000000000000000000, -1.000000000000000000, 0.000000000000000000 ) ) ;
#3606 = ORIENTED_EDGE ( 'NONE', *, *, #1984, .F. ) ;
#3607 = PRESENTATION_STYLE_ASSIGNMENT (( #6194 ) ) ;
#3608 =( LENGTH_UNIT ( ) NAMED_UNIT ( * ) SI_UNIT ( .MILLI., .METRE. ) );
#3609 = ORIENTED_EDGE ( 'NONE', *, *, #1386, .F. ) ;
#3610 = FILL_AREA_STYLE_COLOUR ( '', #897 ) ;
#3611 = FACE_OUTER_BOUND ( 'NONE', #4431, .T. ) ;
#3612 = VERTEX_POINT ( 'NONE', #4515 ) ;
#3613 = CARTESIAN_POINT ( 'NONE',  ( -28.19999999999999929, -19.50000000000000000, 12.69999999999999929 ) ) ;
#3614 = ORIENTED_EDGE ( 'NONE', *, *, #3492, .F. ) ;
#3615 = ADVANCED_FACE ( 'NONE', ( #6592 ), #2023, .T. ) ;
#3616 = VERTEX_POINT ( 'NONE', #5731 ) ;
#3617 = SURFACE_STYLE_USAGE ( .BOTH. , #5800 ) ;
#3618 = EDGE_CURVE ( 'NONE', #3733, #2118, #6191, .T. ) ;
#3619 = CARTESIAN_POINT ( 'NONE',  ( 28.29999999999999716, 19.00000000000000000, 12.19999999999999929 ) ) ;
#3620 = CARTESIAN_POINT ( 'NONE',  ( 28.29999999999999716, 19.40000000000000213, 12.69999999999999929 ) ) ;
#3621 = LINE ( 'NONE', #5271, #6084 ) ;
#3622 = UNCERTAINTY_MEASURE_WITH_UNIT (LENGTH_MEASURE( 1.000000000000000082E-05 ), #2456, 'distance_accuracy_value', 'NONE');
#3623 = EDGE_CURVE ( 'NONE', #523, #2707, #5804, .T. ) ;
#3624 = FILL_AREA_STYLE_COLOUR ( '', #1111 ) ;
#3625 = PRESENTATION_STYLE_ASSIGNMENT (( #3092 ) ) ;
#3626 = VECTOR ( 'NONE', #5248, 1000.000000000000000 ) ;
#3627 =( NAMED_UNIT ( * ) PLANE_ANGLE_UNIT ( ) SI_UNIT ( $, .RADIAN. ) );
#3628 = ORIENTED_EDGE ( 'NONE', *, *, #6597, .T. ) ;
#3629 = LINE ( 'NONE', #5711, #674 ) ;
#3630 = FILL_AREA_STYLE ('',( #4176 ) ) ;
#3631 = LINE ( 'NONE', #2609, #3355 ) ;
#3632 = ORIENTED_EDGE ( 'NONE', *, *, #6562, .T. ) ;
#3633 = UNCERTAINTY_MEASURE_WITH_UNIT (LENGTH_MEASURE( 1.000000000000000082E-05 ), #718, 'distance_accuracy_value', 'NONE');
#3634 = CARTESIAN_POINT ( 'NONE',  ( 30.20000000000000284, -17.39999999999999858, 12.19999999999999929 ) ) ;
#3635 = LINE ( 'NONE', #1674, #6015 ) ;
#3636 = EDGE_CURVE ( 'NONE', #2030, #4581, #5552, .T. ) ;
#3637 = ORIENTED_EDGE ( 'NONE', *, *, #3508, .T. ) ;
#3638 =( NAMED_UNIT ( * ) PLANE_ANGLE_UNIT ( ) SI_UNIT ( $, .RADIAN. ) );
#3639 = AXIS2_PLACEMENT_3D ( 'NONE', #3078, #2574, #2979 ) ;
#3640 = CARTESIAN_POINT ( 'NONE',  ( -29.19999999999999929, 18.39999999999999858, 12.69999999999999929 ) ) ;
#3641 = AXIS2_PLACEMENT_3D ( 'NONE', #3396, #1004, #5023 ) ;
#3642 = ORIENTED_EDGE ( 'NONE', *, *, #3904, .T. ) ;
#3643 = DIRECTION ( 'NONE',  ( -1.000000000000000000, -8.673617379884240576E-15, -0.000000000000000000 ) ) ;
#3644 = ORIENTED_EDGE ( 'NONE', *, *, #4666, .F. ) ;
#3645 = AXIS2_PLACEMENT_3D ( 'NONE', #4402, #4242, #890 ) ;
#3646 = DIRECTION ( 'NONE',  ( -1.000000000000000000, 0.000000000000000000, 0.000000000000000000 ) ) ;
#3647 =( GEOMETRIC_REPRESENTATION_CONTEXT ( 3 ) GLOBAL_UNCERTAINTY_ASSIGNED_CONTEXT ( ( #2037 ) ) GLOBAL_UNIT_ASSIGNED_CONTEXT ( ( #3734, #4809, #4275 ) ) REPRESENTATION_CONTEXT ( 'NONE', 'WORKASPACE' ) );
#3648 = ORIENTED_EDGE ( 'NONE', *, *, #5500, .T. ) ;
#3649 = CARTESIAN_POINT ( 'NONE',  ( -30.20000000000000284, -17.39999999999999858, 12.69999999999999929 ) ) ;
#3650 = FILL_AREA_STYLE ('',( #2683 ) ) ;
#3651 = CARTESIAN_POINT ( 'NONE',  ( 29.19999999999999929, -18.39999999999999858, 12.69999999999999929 ) ) ;
#3652 = EDGE_CURVE ( 'NONE', #752, #4957, #4454, .T. ) ;
#3653 = PRESENTATION_LAYER_ASSIGNMENT (  '', '', ( #1951 ) ) ;
#3654 = CARTESIAN_POINT ( 'NONE',  ( 29.30000000000000071, 18.00000000000000000, 12.19999999999999929 ) ) ;
#3655 = ORIENTED_EDGE ( 'NONE', *, *, #6562, .F. ) ;
#3656 = CIRCLE ( 'NONE', #4306, 0.7500000000000006661 ) ;
#3657 = AXIS2_PLACEMENT_3D ( 'NONE', #548, #3081, #2578 ) ;
#3658 = CARTESIAN_POINT ( 'NONE',  ( -28.80000000000000071, -19.00000000000000000, 12.69999999999999929 ) ) ;
#3659 = AXIS2_PLACEMENT_3D ( 'NONE', #5391, #5952, #748 ) ;
#3660 = EDGE_CURVE ( 'NONE', #4182, #5462, #2198, .T. ) ;
#3661 = AXIS2_PLACEMENT_3D ( 'NONE', #4061, #6041, #6144 ) ;
#3662 = VECTOR ( 'NONE', #3913, 1000.000000000000000 ) ;
#3663 = LINE ( 'NONE', #4136, #6404 ) ;
#3664 = CARTESIAN_POINT ( 'NONE',  ( 28.80000000000000071, 18.50000000000000000, 12.69999999999999929 ) ) ;
#3665 = EDGE_CURVE ( 'NONE', #4541, #3109, #5231, .T. ) ;
#3666 = ORIENTED_EDGE ( 'NONE', *, *, #4108, .F. ) ;
#3667 = CARTESIAN_POINT ( 'NONE',  ( -29.19999999999999929, 18.39999999999999858, 12.19999999999999929 ) ) ;
#3668 =( NAMED_UNIT ( * ) SI_UNIT ( $, .STERADIAN. ) SOLID_ANGLE_UNIT ( ) );
#3669 = COLOUR_RGB ( '',1.000000000000000000, 1.000000000000000000, 1.000000000000000000 ) ;
#3670 = AXIS2_PLACEMENT_3D ( 'NONE', #5401, #5596, #373 ) ;
#3671 =( LENGTH_UNIT ( ) NAMED_UNIT ( * ) SI_UNIT ( .MILLI., .METRE. ) );
#3672 = ORIENTED_EDGE ( 'NONE', *, *, #5812, .T. ) ;
#3673 = FILL_AREA_STYLE_COLOUR ( '', #2819 ) ;
#3674 = VECTOR ( 'NONE', #4861, 1000.000000000000000 ) ;
#3675 = DIRECTION ( 'NONE',  ( 0.000000000000000000, 0.000000000000000000, -1.000000000000000000 ) ) ;
#3676 = EDGE_CURVE ( 'NONE', #5332, #2619, #3057, .T. ) ;
#3677 = CARTESIAN_POINT ( 'NONE',  ( 28.29999999999999716, 19.40000000000000213, 12.19999999999999929 ) ) ;
#3678 = EDGE_LOOP ( 'NONE', ( #3530, #5192, #5131, #1928 ) ) ;
#3679 = DIRECTION ( 'NONE',  ( 0.000000000000000000, 0.000000000000000000, 1.000000000000000000 ) ) ;
#3680 = EDGE_CURVE ( 'NONE', #2575, #2664, #4163, .T. ) ;
#3681 = CIRCLE ( 'NONE', #5650, 0.09999999999999939493 ) ;
#3682 = DIRECTION ( 'NONE',  ( 0.000000000000000000, 0.000000000000000000, 1.000000000000000000 ) ) ;
#3683 = ORIENTED_EDGE ( 'NONE', *, *, #3385, .F. ) ;
#3684 =( NAMED_UNIT ( * ) SI_UNIT ( $, .STERADIAN. ) SOLID_ANGLE_UNIT ( ) );
#3685 = ORIENTED_EDGE ( 'NONE', *, *, #49, .F. ) ;
#3686 = VECTOR ( 'NONE', #1937, 1000.000000000000000 ) ;
#3687 = FACE_OUTER_BOUND ( 'NONE', #1051, .T. ) ;
#3688 = ORIENTED_EDGE ( 'NONE', *, *, #6668, .F. ) ;
#3689 =( NAMED_UNIT ( * ) PLANE_ANGLE_UNIT ( ) SI_UNIT ( $, .RADIAN. ) );
#3690 = CARTESIAN_POINT ( 'NONE',  ( 29.30000000000000071, 18.00000000000000000, 12.69999999999999929 ) ) ;
#3691 = VECTOR ( 'NONE', #1673, 1000.000000000000000 ) ;
#3692 = PRESENTATION_STYLE_ASSIGNMENT (( #5205 ) ) ;
#3693 = ORIENTED_EDGE ( 'NONE', *, *, #5519, .T. ) ;
#3694 = UNCERTAINTY_MEASURE_WITH_UNIT (LENGTH_MEASURE( 1.000000000000000082E-05 ), #2777, 'distance_accuracy_value', 'NONE');
#3695 = AXIS2_PLACEMENT_3D ( 'NONE', #236, #4798, #5924 ) ;
#3696 = DIRECTION ( 'NONE',  ( 0.000000000000000000, 0.000000000000000000, 1.000000000000000000 ) ) ;
#3697 = DIRECTION ( 'NONE',  ( 0.000000000000000000, 0.000000000000000000, -1.000000000000000000 ) ) ;
#3698 =( LENGTH_UNIT ( ) NAMED_UNIT ( * ) SI_UNIT ( .MILLI., .METRE. ) );
#3699 = PRESENTATION_STYLE_ASSIGNMENT (( #2634 ) ) ;
#3700 = COLOUR_RGB ( '',1.000000000000000000, 1.000000000000000000, 1.000000000000000000 ) ;
#3701 = EDGE_CURVE ( 'NONE', #3018, #3206, #5766, .T. ) ;
#3702 = ORIENTED_EDGE ( 'NONE', *, *, #2059, .T. ) ;
#3703 = DIRECTION ( 'NONE',  ( 1.000000000000000000, 0.000000000000000000, 0.000000000000000000 ) ) ;
#3704 = LINE ( 'NONE', #3161, #2325 ) ;
#3705 = CARTESIAN_POINT ( 'NONE',  ( -29.19999999999999929, 18.50000000000000000, 12.19999999999999929 ) ) ;
#3706 = ORIENTED_EDGE ( 'NONE', *, *, #5828, .T. ) ;
#3707 = AXIS2_PLACEMENT_3D ( 'NONE', #5667, #135, #4122 ) ;
#3708 = CARTESIAN_POINT ( 'NONE',  ( -28.29999999999999716, -19.00000000000000000, 12.69999999999999929 ) ) ;
#3709 = CARTESIAN_POINT ( 'NONE',  ( 25.39999999999999858, 0.000000000000000000, -3.999999999999999112 ) ) ;
#3710 = ORIENTED_EDGE ( 'NONE', *, *, #693, .F. ) ;
#3711 = CARTESIAN_POINT ( 'NONE',  ( 28.19999999999999929, -19.40000000000000213, 12.69999999999999929 ) ) ;
#3712 = DIRECTION ( 'NONE',  ( 0.000000000000000000, 0.000000000000000000, 1.000000000000000000 ) ) ;
#3713 = LINE ( 'NONE', #166, #2705 ) ;
#3714 = MECHANICAL_DESIGN_GEOMETRIC_PRESENTATION_REPRESENTATION (  '', ( #4707 ), #5150 ) ;
#3715 = LINE ( 'NONE', #2808, #4557 ) ;
#3716 = ORIENTED_EDGE ( 'NONE', *, *, #1045, .F. ) ;
#3717 = DIRECTION ( 'NONE',  ( 0.000000000000000000, 0.000000000000000000, -1.000000000000000000 ) ) ;
#3718 = STYLED_ITEM ( 'NONE', ( #3958 ), #40 ) ;
#3719 = VERTEX_POINT ( 'NONE', #12 ) ;
#3720 = ADVANCED_FACE ( 'NONE', ( #1590 ), #4619, .F. ) ;
#3721 = FACE_OUTER_BOUND ( 'NONE', #2397, .T. ) ;
#3722 = ORIENTED_EDGE ( 'NONE', *, *, #6441, .F. ) ;
#3723 = FACE_OUTER_BOUND ( 'NONE', #4495, .T. ) ;
#3724 = DIRECTION ( 'NONE',  ( 1.000000000000000000, 0.000000000000000000, 0.000000000000000000 ) ) ;
#3725 = FACE_OUTER_BOUND ( 'NONE', #4261, .T. ) ;
#3726 = DIRECTION ( 'NONE',  ( 0.000000000000000000, -1.000000000000000000, 0.000000000000000000 ) ) ;
#3727 = DIRECTION ( 'NONE',  ( 0.000000000000000000, 0.000000000000000000, 1.000000000000000000 ) ) ;
#3728 = VERTEX_POINT ( 'NONE', #1157 ) ;
#3729 = EDGE_CURVE ( 'NONE', #1652, #4687, #3621, .T. ) ;
#3730 = CARTESIAN_POINT ( 'NONE',  ( 25.39999999999999858, 3.810000000000000053, -3.999999999999999112 ) ) ;
#3731 = DIRECTION ( 'NONE',  ( 1.000000000000000000, 0.000000000000000000, 0.000000000000000000 ) ) ;
#3732 = FACE_OUTER_BOUND ( 'NONE', #1811, .T. ) ;
#3733 = VERTEX_POINT ( 'NONE', #2686 ) ;
#3734 =( LENGTH_UNIT ( ) NAMED_UNIT ( * ) SI_UNIT ( .MILLI., .METRE. ) );
#3735 = CARTESIAN_POINT ( 'NONE',  ( 28.29999999999999716, 19.00000000000000000, 12.19999999999999929 ) ) ;
#3736 = SURFACE_STYLE_USAGE ( .BOTH. , #4217 ) ;
#3737 = ORIENTED_EDGE ( 'NONE', *, *, #832, .F. ) ;
#3738 = ADVANCED_FACE ( 'NONE', ( #1556 ), #4695, .T. ) ;
#3739 = DIRECTION ( 'NONE',  ( 0.000000000000000000, 0.000000000000000000, -1.000000000000000000 ) ) ;
#3740 =( NAMED_UNIT ( * ) SI_UNIT ( $, .STERADIAN. ) SOLID_ANGLE_UNIT ( ) );
#3741 = ORIENTED_EDGE ( 'NONE', *, *, #6068, .F. ) ;
#3742 = CARTESIAN_POINT ( 'NONE',  ( 25.39999999999999858, 0.000000000000000000, -3.999999999999999112 ) ) ;
#3743 =( NAMED_UNIT ( * ) SI_UNIT ( $, .STERADIAN. ) SOLID_ANGLE_UNIT ( ) );
#3744 = CARTESIAN_POINT ( 'NONE',  ( -30.30000000000000071, 19.50000000000000000, 12.69999999999999929 ) ) ;
#3745 = ORIENTED_EDGE ( 'NONE', *, *, #481, .F. ) ;
#3746 = DIRECTION ( 'NONE',  ( 0.000000000000000000, 0.000000000000000000, 1.000000000000000000 ) ) ;
#3747 = EDGE_CURVE ( 'NONE', #2020, #3083, #6451, .T. ) ;
#3748 = ORIENTED_EDGE ( 'NONE', *, *, #4697, .F. ) ;
#3749 = CIRCLE ( 'NONE', #2687, 0.7500000000000006661 ) ;
#3750 = EDGE_LOOP ( 'NONE', ( #128, #502, #4823, #4993 ) ) ;
#3751 = SURFACE_STYLE_USAGE ( .BOTH. , #1353 ) ;
#3752 = ADVANCED_FACE ( 'NONE', ( #208 ), #1319, .F. ) ;
#3753 = DIRECTION ( 'NONE',  ( 0.000000000000000000, 0.000000000000000000, 1.000000000000000000 ) ) ;
#3754 = CYLINDRICAL_SURFACE ( 'NONE', #2519, 0.09999999999999939493 ) ;
#3755 = DIRECTION ( 'NONE',  ( -1.000000000000000000, 0.000000000000000000, 0.000000000000000000 ) ) ;
#3756 = CIRCLE ( 'NONE', #5506, 0.5000000000000004441 ) ;
#3757 = CIRCLE ( 'NONE', #3423, 0.5000000000000004441 ) ;
#3758 = EDGE_LOOP ( 'NONE', ( #5338, #1656, #5799, #2604 ) ) ;
#3759 = COLOUR_RGB ( '',1.000000000000000000, 1.000000000000000000, 0.5019607843137254832 ) ;
#3760 = DIRECTION ( 'NONE',  ( 0.000000000000000000, 0.000000000000000000, -1.000000000000000000 ) ) ;
#3761 =( NAMED_UNIT ( * ) SI_UNIT ( $, .STERADIAN. ) SOLID_ANGLE_UNIT ( ) );
#3762 = AXIS2_PLACEMENT_3D ( 'NONE', #764, #3827, #5903 ) ;
#3763 = UNCERTAINTY_MEASURE_WITH_UNIT (LENGTH_MEASURE( 1.000000000000000082E-05 ), #6333, 'distance_accuracy_value', 'NONE');
#3764 = CIRCLE ( 'NONE', #2486, 1.500000000000001332 ) ;
#3765 = SURFACE_STYLE_USAGE ( .BOTH. , #6326 ) ;
#3766 = CARTESIAN_POINT ( 'NONE',  ( -30.20000000000000284, -17.39999999999999858, 12.69999999999999929 ) ) ;
#3767 = ORIENTED_EDGE ( 'NONE', *, *, #5706, .F. ) ;
#3768 = SURFACE_STYLE_FILL_AREA ( #676 ) ;
#3769 = CIRCLE ( 'NONE', #900, 0.09999999999999939493 ) ;
#3770 = AXIS2_PLACEMENT_3D ( 'NONE', #6057, #6095, #3942 ) ;
#3771 =( LENGTH_UNIT ( ) NAMED_UNIT ( * ) SI_UNIT ( .MILLI., .METRE. ) );
#3772 = ORIENTED_EDGE ( 'NONE', *, *, #3652, .T. ) ;
#3773 = CARTESIAN_POINT ( 'NONE',  ( -23.59999999999999787, -13.08000000000000007, 12.69999999999999929 ) ) ;
#3774 = FILL_AREA_STYLE ('',( #5323 ) ) ;
#3775 = AXIS2_PLACEMENT_3D ( 'NONE', #6085, #5482, #6630 ) ;
#3776 = ORIENTED_EDGE ( 'NONE', *, *, #1499, .F. ) ;
#3777 = CARTESIAN_POINT ( 'NONE',  ( -23.59999999999999787, 13.08000000000000007, 0.000000000000000000 ) ) ;
#3778 =( NAMED_UNIT ( * ) SI_UNIT ( $, .STERADIAN. ) SOLID_ANGLE_UNIT ( ) );
#3779 = CIRCLE ( 'NONE', #4430, 0.5000000000000004441 ) ;
#3780 = AXIS2_PLACEMENT_3D ( 'NONE', #1204, #6295, #5320 ) ;
#3781 = DIRECTION ( 'NONE',  ( -1.000000000000000000, 0.000000000000000000, -0.000000000000000000 ) ) ;
#3782 = ORIENTED_EDGE ( 'NONE', *, *, #61, .T. ) ;
#3783 =( NAMED_UNIT ( * ) SI_UNIT ( $, .STERADIAN. ) SOLID_ANGLE_UNIT ( ) );
#3784 = ORIENTED_EDGE ( 'NONE', *, *, #1779, .T. ) ;
#3785 = VERTEX_POINT ( 'NONE', #1228 ) ;
#3786 = COLOUR_RGB ( '',1.000000000000000000, 1.000000000000000000, 0.5019607843137254832 ) ;
#3787 = EDGE_CURVE ( 'NONE', #1702, #3291, #4296, .T. ) ;
#3788 = CARTESIAN_POINT ( 'NONE',  ( 24.85000000000000142, -7.620000000000000107, -3.999999999999999112 ) ) ;
#3789 =( NAMED_UNIT ( * ) SI_UNIT ( $, .STERADIAN. ) SOLID_ANGLE_UNIT ( ) );
#3790 = EDGE_LOOP ( 'NONE', ( #1932, #5064, #713, #2916 ) ) ;
#3791 = CARTESIAN_POINT ( 'NONE',  ( 25.39999999999999858, -3.810000000000000053, -3.800000000000000266 ) ) ;
#3792 = SURFACE_STYLE_FILL_AREA ( #2190 ) ;
#3793 = SURFACE_STYLE_FILL_AREA ( #1760 ) ;
#3794 = STYLED_ITEM ( 'NONE', ( #3133 ), #4327 ) ;
#3795 = STYLED_ITEM ( 'NONE', ( #1462 ), #3615 ) ;
#3796 = EDGE_CURVE ( 'NONE', #5630, #3373, #6384, .T. ) ;
#3797 = DIRECTION ( 'NONE',  ( 0.000000000000000000, 0.000000000000000000, 1.000000000000000000 ) ) ;
#3798 = FILL_AREA_STYLE ('',( #4309 ) ) ;
#3799 = CARTESIAN_POINT ( 'NONE',  ( -29.30000000000000071, -18.39999999999999858, 12.69999999999999929 ) ) ;
#3800 = STYLED_ITEM ( 'NONE', ( #5074 ), #3121 ) ;
#3801 = DIRECTION ( 'NONE',  ( -1.000000000000000000, 0.000000000000000000, -0.000000000000000000 ) ) ;
#3802 = VERTEX_POINT ( 'NONE', #3249 ) ;
#3803 = CARTESIAN_POINT ( 'NONE',  ( -29.30000000000000071, -18.00000000000000000, 12.69999999999999929 ) ) ;
#3804 = LINE ( 'NONE', #4949, #14 ) ;
#3805 = VERTEX_POINT ( 'NONE', #3788 ) ;
#3806 =( NAMED_UNIT ( * ) SI_UNIT ( $, .STERADIAN. ) SOLID_ANGLE_UNIT ( ) );
#3807 = DIRECTION ( 'NONE',  ( 0.000000000000000000, 0.000000000000000000, -1.000000000000000000 ) ) ;
#3808 = EDGE_CURVE ( 'NONE', #4674, #2177, #3308, .T. ) ;
#3809 = AXIS2_PLACEMENT_3D ( 'NONE', #5001, #1912, #2911 ) ;
#3810 = ORIENTED_EDGE ( 'NONE', *, *, #637, .T. ) ;
#3811 = CARTESIAN_POINT ( 'NONE',  ( 25.39999999999999858, 3.810000000000000053, -3.999999999999999112 ) ) ;
#3812 = ORIENTED_EDGE ( 'NONE', *, *, #6334, .T. ) ;
#3813 = CARTESIAN_POINT ( 'NONE',  ( 28.29999999999999716, -19.00000000000000000, 12.19999999999999929 ) ) ;
#3814 = ORIENTED_EDGE ( 'NONE', *, *, #6587, .F. ) ;
#3815 =( NAMED_UNIT ( * ) PLANE_ANGLE_UNIT ( ) SI_UNIT ( $, .RADIAN. ) );
#3816 = DIRECTION ( 'NONE',  ( 1.000000000000000000, 0.000000000000000000, 0.000000000000000000 ) ) ;
#3817 = VECTOR ( 'NONE', #5941, 1000.000000000000000 ) ;
#3818 = COLOUR_RGB ( '',1.000000000000000000, 1.000000000000000000, 0.5019607843137254832 ) ;
#3819 = FACE_OUTER_BOUND ( 'NONE', #3085, .T. ) ;
#3820 = CIRCLE ( 'NONE', #4369, 0.09999999999999939493 ) ;
#3821 = SURFACE_STYLE_FILL_AREA ( #5839 ) ;
#3822 = VERTEX_POINT ( 'NONE', #5341 ) ;
#3823 = ADVANCED_FACE ( 'NONE', ( #1815, #2287, #1753, #4399, #3887, #2852, #1258, #5866, #757, #4935, #2788, #4858, #3819 ), #1783, .T. ) ;
#3824 = ADVANCED_FACE ( 'NONE', ( #6421 ), #5899, .T. ) ;
#3825 = CARTESIAN_POINT ( 'NONE',  ( -29.19999999999999929, 18.50000000000000000, 12.69999999999999929 ) ) ;
#3826 = DIRECTION ( 'NONE',  ( 0.000000000000000000, 0.000000000000000000, -1.000000000000000000 ) ) ;
#3827 = DIRECTION ( 'NONE',  ( 0.000000000000000000, 0.000000000000000000, 1.000000000000000000 ) ) ;
#3828 = UNCERTAINTY_MEASURE_WITH_UNIT (LENGTH_MEASURE( 1.000000000000000082E-05 ), #4243, 'distance_accuracy_value', 'NONE');
#3829 = ADVANCED_FACE ( 'NONE', ( #6647 ), #4507, .T. ) ;
#3830 =( NAMED_UNIT ( * ) PLANE_ANGLE_UNIT ( ) SI_UNIT ( $, .RADIAN. ) );
#3831 = DIRECTION ( 'NONE',  ( -1.000000000000000000, 0.000000000000000000, 0.000000000000000000 ) ) ;
#3832 = FILL_AREA_STYLE ('',( #867 ) ) ;
#3833 = SURFACE_STYLE_FILL_AREA ( #3290 ) ;
#3834 = ORIENTED_EDGE ( 'NONE', *, *, #6391, .T. ) ;
#3835 = DIRECTION ( 'NONE',  ( 0.000000000000000000, 0.000000000000000000, 1.000000000000000000 ) ) ;
#3836 = CIRCLE ( 'NONE', #5274, 0.09999999999999939493 ) ;
#3837 = DIRECTION ( 'NONE',  ( 0.000000000000000000, 0.000000000000000000, 1.000000000000000000 ) ) ;
#3838 = VERTEX_POINT ( 'NONE', #6616 ) ;
#3839 =( NAMED_UNIT ( * ) SI_UNIT ( $, .STERADIAN. ) SOLID_ANGLE_UNIT ( ) );
#3840 = CARTESIAN_POINT ( 'NONE',  ( -28.19999999999999929, -19.40000000000000213, 12.19999999999999929 ) ) ;
#3841 = VECTOR ( 'NONE', #607, 1000.000000000000000 ) ;
#3842 = DIRECTION ( 'NONE',  ( 0.000000000000000000, 0.000000000000000000, 1.000000000000000000 ) ) ;
#3843 = EDGE_LOOP ( 'NONE', ( #3169, #1785, #3273, #1148 ) ) ;
#3844 = SURFACE_STYLE_USAGE ( .BOTH. , #5463 ) ;
#3845 = UNCERTAINTY_MEASURE_WITH_UNIT (LENGTH_MEASURE( 1.000000000000000082E-05 ), #6011, 'distance_accuracy_value', 'NONE');
#3846 = ORIENTED_EDGE ( 'NONE', *, *, #3428, .T. ) ;
#3847 = CARTESIAN_POINT ( 'NONE',  ( -28.29999999999999716, -19.00000000000000000, 12.19999999999999929 ) ) ;
#3848 = ORIENTED_EDGE ( 'NONE', *, *, #1803, .F. ) ;
#3849 = DIRECTION ( 'NONE',  ( 1.000000000000000000, 0.000000000000000000, 0.000000000000000000 ) ) ;
#3850 = CARTESIAN_POINT ( 'NONE',  ( -23.59999999999999787, -13.08000000000000007, -17.30000000000000071 ) ) ;
#3851 = DIRECTION ( 'NONE',  ( -1.000000000000000000, 0.000000000000000000, 0.000000000000000000 ) ) ;
#3852 = DIRECTION ( 'NONE',  ( 0.000000000000000000, 1.000000000000000000, 0.000000000000000000 ) ) ;
#3853 = ORIENTED_EDGE ( 'NONE', *, *, #5002, .F. ) ;
#3854 = DIRECTION ( 'NONE',  ( 0.000000000000000000, 0.000000000000000000, 1.000000000000000000 ) ) ;
#3855 = ADVANCED_FACE ( 'NONE', ( #6133 ), #6408, .T. ) ;
#3856 = DIRECTION ( 'NONE',  ( 1.000000000000000000, 0.000000000000000000, 0.000000000000000000 ) ) ;
#3857 = VECTOR ( 'NONE', #1636, 999.9999999999998863 ) ;
#3858 = FILL_AREA_STYLE_COLOUR ( '', #108 ) ;
#3859 = MECHANICAL_DESIGN_GEOMETRIC_PRESENTATION_REPRESENTATION (  '', ( #1414 ), #2155 ) ;
#3860 = SURFACE_STYLE_FILL_AREA ( #4412 ) ;
#3861 = ADVANCED_FACE ( 'NONE', ( #2984 ), #2411, .T. ) ;
#3862 = DIRECTION ( 'NONE',  ( 0.000000000000000000, 0.000000000000000000, 1.000000000000000000 ) ) ;
#3863 = AXIS2_PLACEMENT_3D ( 'NONE', #1534, #1441, #5086 ) ;
#3864 = EDGE_LOOP ( 'NONE', ( #6083, #3941, #1433, #3706 ) ) ;
#3865 = AXIS2_PLACEMENT_3D ( 'NONE', #50, #1526, #1036 ) ;
#3866 = DIRECTION ( 'NONE',  ( -1.000000000000000000, 0.000000000000000000, 0.000000000000000000 ) ) ;
#3867 = CARTESIAN_POINT ( 'NONE',  ( 30.20000000000000284, 17.39999999999999858, 12.19999999999999929 ) ) ;
#3868 = CYLINDRICAL_SURFACE ( 'NONE', #4950, 0.09999999999999939493 ) ;
#3869 = ORIENTED_EDGE ( 'NONE', *, *, #5002, .T. ) ;
#3870 = DIRECTION ( 'NONE',  ( 0.000000000000000000, 0.000000000000000000, -1.000000000000000000 ) ) ;
#3871 = CARTESIAN_POINT ( 'NONE',  ( 22.10000000000000142, -13.08000000000000007, -17.30000000000000071 ) ) ;
#3872 = VECTOR ( 'NONE', #865, 1000.000000000000000 ) ;
#3873 = AXIS2_PLACEMENT_3D ( 'NONE', #815, #2309, #4958 ) ;
#3874 = EDGE_LOOP ( 'NONE', ( #7, #2308, #3412, #1243 ) ) ;
#3876 = EDGE_CURVE ( 'NONE', #2664, #5435, #3681, .T. ) ;
#3875 = DIRECTION ( 'NONE',  ( 0.7071067811865515695, -8.659560562354973534E-17, 0.7071067811865435759 ) ) ;
#3877 = ORIENTED_EDGE ( 'NONE', *, *, #1062, .T. ) ;
#3878 = VECTOR ( 'NONE', #5474, 1000.000000000000000 ) ;
#3879 = CIRCLE ( 'NONE', #1426, 0.5000000000000004441 ) ;
#3880 = DIRECTION ( 'NONE',  ( 0.000000000000000000, 0.000000000000000000, 1.000000000000000000 ) ) ;
#3881 = AXIS2_PLACEMENT_3D ( 'NONE', #1053, #2072, #3080 ) ;
#3882 = EDGE_LOOP ( 'NONE', ( #3048, #2617, #6566, #882 ) ) ;
#3883 = FILL_AREA_STYLE ('',( #2344 ) ) ;
#3884 = ADVANCED_FACE ( 'NONE', ( #3611 ), #2579, .F. ) ;
#3885 = DIRECTION ( 'NONE',  ( 0.000000000000000000, 0.000000000000000000, 1.000000000000000000 ) ) ;
#3886 = STYLED_ITEM ( 'NONE', ( #5289 ), #2434 ) ;
#3887 = FACE_BOUND ( 'NONE', #6434, .T. ) ;
#3888 = MECHANICAL_DESIGN_GEOMETRIC_PRESENTATION_REPRESENTATION (  '', ( #4323 ), #2288 ) ;
#3889 = ORIENTED_EDGE ( 'NONE', *, *, #120, .F. ) ;
#3890 = AXIS2_PLACEMENT_3D ( 'NONE', #5480, #5943, #2557 ) ;
#3891 = DIRECTION ( 'NONE',  ( 1.000000000000000000, 0.000000000000000000, 0.000000000000000000 ) ) ;
#3892 = CARTESIAN_POINT ( 'NONE',  ( -28.29999999999999716, 19.00000000000000000, 12.19999999999999929 ) ) ;
#3893 = ORIENTED_EDGE ( 'NONE', *, *, #5196, .T. ) ;
#3894 = CARTESIAN_POINT ( 'NONE',  ( -25.89999999999999858, 0.000000000000000000, -3.999999999999999112 ) ) ;
#3895 = EDGE_CURVE ( 'NONE', #439, #2275, #3082, .T. ) ;
#3896 = AXIS2_PLACEMENT_3D ( 'NONE', #4187, #5135, #4287 ) ;
#3897 = UNCERTAINTY_MEASURE_WITH_UNIT (LENGTH_MEASURE( 1.000000000000000082E-05 ), #5851, 'distance_accuracy_value', 'NONE');
#3898 = SURFACE_SIDE_STYLE ('',( #2258 ) ) ;
#3899 = COLOUR_RGB ( '',1.000000000000000000, 1.000000000000000000, 1.000000000000000000 ) ;
#3900 =( NAMED_UNIT ( * ) PLANE_ANGLE_UNIT ( ) SI_UNIT ( $, .RADIAN. ) );
#3901 = DIRECTION ( 'NONE',  ( 0.000000000000000000, 0.000000000000000000, 1.000000000000000000 ) ) ;
#3902 = EDGE_LOOP ( 'NONE', ( #2001, #2497, #1231, #1372 ) ) ;
#3903 = MECHANICAL_DESIGN_GEOMETRIC_PRESENTATION_REPRESENTATION (  '', ( #3795 ), #1461 ) ;
#3904 = EDGE_CURVE ( 'NONE', #4788, #6486, #923, .T. ) ;
#3905 = CARTESIAN_POINT ( 'NONE',  ( -24.89999999999999858, -6.123233995736750012E-17, -3.800000000000000266 ) ) ;
#3906 = EDGE_CURVE ( 'NONE', #5220, #2407, #2187, .T. ) ;
#3907 = EDGE_LOOP ( 'NONE', ( #949, #5551, #4174, #6443 ) ) ;
#3908 = SURFACE_STYLE_FILL_AREA ( #2438 ) ;
#3909 = LINE ( 'NONE', #3297, #2908 ) ;
#3910 = COLOUR_RGB ( '',1.000000000000000000, 1.000000000000000000, 1.000000000000000000 ) ;
#3911 = DIRECTION ( 'NONE',  ( 1.000000000000000000, 0.000000000000000000, 0.000000000000000000 ) ) ;
#3912 = EDGE_LOOP ( 'NONE', ( #4056, #4274 ) ) ;
#3913 = DIRECTION ( 'NONE',  ( 0.000000000000000000, 0.000000000000000000, 1.000000000000000000 ) ) ;
#3914 = VERTEX_POINT ( 'NONE', #624 ) ;
#3915 = VECTOR ( 'NONE', #3114, 1000.000000000000000 ) ;
#3916 =( NAMED_UNIT ( * ) SI_UNIT ( $, .STERADIAN. ) SOLID_ANGLE_UNIT ( ) );
#3917 = ORIENTED_EDGE ( 'NONE', *, *, #3906, .F. ) ;
#3918 =( LENGTH_UNIT ( ) NAMED_UNIT ( * ) SI_UNIT ( .MILLI., .METRE. ) );
#3919 = SURFACE_SIDE_STYLE ('',( #6419 ) ) ;
#3920 = AXIS2_PLACEMENT_3D ( 'NONE', #2545, #983, #6579 ) ;
#3921 =( LENGTH_UNIT ( ) NAMED_UNIT ( * ) SI_UNIT ( .MILLI., .METRE. ) );
#3922 = LINE ( 'NONE', #5999, #6101 ) ;
#3923 = VERTEX_POINT ( 'NONE', #586 ) ;
#3924 = DIRECTION ( 'NONE',  ( 0.7071067811865510144, -8.659560562354980929E-17, 0.7071067811865441310 ) ) ;
#3925 = DIRECTION ( 'NONE',  ( -1.000000000000000000, 0.000000000000000000, 0.000000000000000000 ) ) ;
#3926 = ORIENTED_EDGE ( 'NONE', *, *, #87, .T. ) ;
#3927 = DIRECTION ( 'NONE',  ( -1.000000000000000000, 0.000000000000000000, -0.000000000000000000 ) ) ;
#3928 = ADVANCED_FACE ( 'NONE', ( #549 ), #4717, .T. ) ;
#3929 = LINE ( 'NONE', #4555, #4206 ) ;
#3930 = DIRECTION ( 'NONE',  ( 1.000000000000000000, 0.000000000000000000, 0.000000000000000000 ) ) ;
#3931 = SURFACE_SIDE_STYLE ('',( #4063 ) ) ;
#3932 = CARTESIAN_POINT ( 'NONE',  ( 30.30000000000000071, 17.39999999999999858, 12.19999999999999929 ) ) ;
#3933 = VERTEX_POINT ( 'NONE', #168 ) ;
#3934 = CARTESIAN_POINT ( 'NONE',  ( -28.19999999999999929, 19.50000000000000000, 12.19999999999999929 ) ) ;
#3935 = DIRECTION ( 'NONE',  ( 1.000000000000000000, 0.000000000000000000, 0.000000000000000000 ) ) ;
#3936 = ORIENTED_EDGE ( 'NONE', *, *, #5874, .F. ) ;
#3937 = CARTESIAN_POINT ( 'NONE',  ( -25.10000000000000142, 7.620000000000000107, -3.999999999999999112 ) ) ;
#3938 = DIRECTION ( 'NONE',  ( 0.000000000000000000, 0.000000000000000000, 1.000000000000000000 ) ) ;
#3939 = EDGE_CURVE ( 'NONE', #5296, #2137, #3568, .T. ) ;
#3940 = DIRECTION ( 'NONE',  ( 0.000000000000000000, 0.000000000000000000, -1.000000000000000000 ) ) ;
#3941 = ORIENTED_EDGE ( 'NONE', *, *, #2994, .F. ) ;
#3943 = MECHANICAL_DESIGN_GEOMETRIC_PRESENTATION_REPRESENTATION (  '', ( #2240 ), #4836 ) ;
#3942 = DIRECTION ( 'NONE',  ( 0.000000000000000000, -1.000000000000000000, 0.000000000000000000 ) ) ;
#3944 = ORIENTED_EDGE ( 'NONE', *, *, #4716, .F. ) ;
#3945 = LINE ( 'NONE', #5918, #1196 ) ;
#3946 = ORIENTED_EDGE ( 'NONE', *, *, #3808, .T. ) ;
#3947 = SURFACE_STYLE_USAGE ( .BOTH. , #371 ) ;
#3948 = DIRECTION ( 'NONE',  ( 0.000000000000000000, 1.000000000000000000, 0.000000000000000000 ) ) ;
#3949 = AXIS2_PLACEMENT_3D ( 'NONE', #5357, #2836, #870 ) ;
#3950 = DIRECTION ( 'NONE',  ( 0.000000000000000000, 0.000000000000000000, 1.000000000000000000 ) ) ;
#3951 = DIRECTION ( 'NONE',  ( -1.000000000000000000, 0.000000000000000000, 0.000000000000000000 ) ) ;
#3952 = ORIENTED_EDGE ( 'NONE', *, *, #4006, .T. ) ;
#3953 = DIRECTION ( 'NONE',  ( 0.000000000000000000, -1.000000000000000000, 0.000000000000000000 ) ) ;
#3954 = EDGE_CURVE ( 'NONE', #4884, #6013, #1442, .T. ) ;
#3955 = EDGE_LOOP ( 'NONE', ( #2413, #4146, #1906, #6513 ) ) ;
#3956 = DIRECTION ( 'NONE',  ( 0.000000000000000000, 0.000000000000000000, 1.000000000000000000 ) ) ;
#3957 =( LENGTH_UNIT ( ) NAMED_UNIT ( * ) SI_UNIT ( .MILLI., .METRE. ) );
#3958 = PRESENTATION_STYLE_ASSIGNMENT (( #5575 ) ) ;
#3959 = CARTESIAN_POINT ( 'NONE',  ( 25.39999999999999858, 7.620000000000000107, -6.121320343559641053 ) ) ;
#3960 = PRESENTATION_STYLE_ASSIGNMENT (( #2926 ) ) ;
#3961 = UNCERTAINTY_MEASURE_WITH_UNIT (LENGTH_MEASURE( 1.000000000000000082E-05 ), #269, 'distance_accuracy_value', 'NONE');
#3962 = EDGE_CURVE ( 'NONE', #5537, #4893, #6619, .T. ) ;
#3963 = SURFACE_STYLE_FILL_AREA ( #4590 ) ;
#3964 = AXIS2_PLACEMENT_3D ( 'NONE', #3375, #4853, #6546 ) ;
#3965 = EDGE_CURVE ( 'NONE', #3805, #3333, #1739, .T. ) ;
#3966 = CARTESIAN_POINT ( 'NONE',  ( 29.30000000000000071, 18.39999999999999858, 12.69999999999999929 ) ) ;
#3967 = AXIS2_PLACEMENT_3D ( 'NONE', #2116, #2140, #659 ) ;
#3968 = VERTEX_POINT ( 'NONE', #5433 ) ;
#3969 = AXIS2_PLACEMENT_3D ( 'NONE', #1236, #3891, #3953 ) ;
#3970 = FACE_OUTER_BOUND ( 'NONE', #5307, .T. ) ;
#3971 = CARTESIAN_POINT ( 'NONE',  ( 29.80000000000000071, -17.50000000000000000, 12.69999999999999929 ) ) ;
#3972 = FILL_AREA_STYLE ('',( #2532 ) ) ;
#3973 = ORIENTED_EDGE ( 'NONE', *, *, #1859, .T. ) ;
#3974 = DIRECTION ( 'NONE',  ( 0.000000000000000000, -1.000000000000000000, 0.000000000000000000 ) ) ;
#3975 =( LENGTH_UNIT ( ) NAMED_UNIT ( * ) SI_UNIT ( .MILLI., .METRE. ) );
#3976 = CIRCLE ( 'NONE', #2265, 1.500000000000001332 ) ;
#3977 = CARTESIAN_POINT ( 'NONE',  ( 22.10000000000000142, 13.08000000000000007, 12.19999999999999929 ) ) ;
#3978 = ORIENTED_EDGE ( 'NONE', *, *, #396, .T. ) ;
#3979 =( NAMED_UNIT ( * ) PLANE_ANGLE_UNIT ( ) SI_UNIT ( $, .RADIAN. ) );
#3980 = UNCERTAINTY_MEASURE_WITH_UNIT (LENGTH_MEASURE( 1.000000000000000082E-05 ), #4375, 'distance_accuracy_value', 'NONE');
#3981 = LINE ( 'NONE', #5130, #216 ) ;
#3982 = CONICAL_SURFACE ( 'NONE', #4757, 0.3000000000000224709, 0.7853981633974532750 ) ;
#3983 = CIRCLE ( 'NONE', #4531, 0.5000000000000004441 ) ;
#3984 = ORIENTED_EDGE ( 'NONE', *, *, #6300, .T. ) ;
#3985 = CARTESIAN_POINT ( 'NONE',  ( 30.20000000000000284, 17.50000000000000000, 12.69999999999999929 ) ) ;
#3986 = STYLED_ITEM ( 'NONE', ( #1640 ), #5380 ) ;
#3987 = LINE ( 'NONE', #1913, #3991 ) ;
#3988 = DIRECTION ( 'NONE',  ( 0.000000000000000000, 0.000000000000000000, 1.000000000000000000 ) ) ;
#3989 = VECTOR ( 'NONE', #2750, 1000.000000000000000 ) ;
#3990 = ORIENTED_EDGE ( 'NONE', *, *, #1871, .T. ) ;
#3991 = VECTOR ( 'NONE', #3051, 1000.000000000000000 ) ;
#3992 = EDGE_CURVE ( 'NONE', #1, #1532, #1679, .T. ) ;
#3993 = ORIENTED_EDGE ( 'NONE', *, *, #5141, .T. ) ;
#3994 = DIRECTION ( 'NONE',  ( 0.000000000000000000, 0.000000000000000000, -1.000000000000000000 ) ) ;
#3995 = FILL_AREA_STYLE_COLOUR ( '', #3818 ) ;
#3996 =( GEOMETRIC_REPRESENTATION_CONTEXT ( 3 ) GLOBAL_UNCERTAINTY_ASSIGNED_CONTEXT ( ( #5627 ) ) GLOBAL_UNIT_ASSIGNED_CONTEXT ( ( #3099, #2570, #2103 ) ) REPRESENTATION_CONTEXT ( 'NONE', 'WORKASPACE' ) );
#3997 = DIRECTION ( 'NONE',  ( -1.000000000000000000, 0.000000000000000000, 0.000000000000000000 ) ) ;
#3998 = AXIS2_PLACEMENT_3D ( 'NONE', #2849, #4365, #6382 ) ;
#3999 = SURFACE_STYLE_USAGE ( .BOTH. , #4060 ) ;
#4000 = COLOUR_RGB ( '',1.000000000000000000, 1.000000000000000000, 1.000000000000000000 ) ;
#4001 = AXIS2_PLACEMENT_3D ( 'NONE', #6288, #5652, #1040 ) ;
#4002 = CARTESIAN_POINT ( 'NONE',  ( -25.39999999999999858, 7.620000000000000107, -0.1999999999999996503 ) ) ;
#4003 =( NAMED_UNIT ( * ) PLANE_ANGLE_UNIT ( ) SI_UNIT ( $, .RADIAN. ) );
#4004 = ORIENTED_EDGE ( 'NONE', *, *, #4111, .T. ) ;
#4005 = DIRECTION ( 'NONE',  ( 1.000000000000000000, 0.000000000000000000, 0.000000000000000000 ) ) ;
#4006 = EDGE_CURVE ( 'NONE', #6232, #1367, #3715, .T. ) ;
#4007 =( GEOMETRIC_REPRESENTATION_CONTEXT ( 3 ) GLOBAL_UNCERTAINTY_ASSIGNED_CONTEXT ( ( #1161 ) ) GLOBAL_UNIT_ASSIGNED_CONTEXT ( ( #5058, #4424, #6540 ) ) REPRESENTATION_CONTEXT ( 'NONE', 'WORKASPACE' ) );
#4008 = LINE ( 'NONE', #4067, #770 ) ;
#4009 =( NAMED_UNIT ( * ) PLANE_ANGLE_UNIT ( ) SI_UNIT ( $, .RADIAN. ) );
#4010 = VERTEX_POINT ( 'NONE', #812 ) ;
#4011 = VECTOR ( 'NONE', #3101, 1000.000000000000000 ) ;
#4012 = CARTESIAN_POINT ( 'NONE',  ( 25.39999999999999858, -3.810000000000000053, -3.999999999999999112 ) ) ;
#4013 = VERTEX_POINT ( 'NONE', #722 ) ;
#4014 = LINE ( 'NONE', #3536, #794 ) ;
#4015 = SURFACE_SIDE_STYLE ('',( #4570 ) ) ;
#4016 = EDGE_CURVE ( 'NONE', #2843, #2610, #1972, .T. ) ;
#4017 = ORIENTED_EDGE ( 'NONE', *, *, #3474, .T. ) ;
#4018 = DIRECTION ( 'NONE',  ( 1.000000000000000000, 0.000000000000000000, 0.000000000000000000 ) ) ;
#4019 = CARTESIAN_POINT ( 'NONE',  ( -29.30000000000000071, -18.00000000000000000, 12.69999999999999929 ) ) ;
#4020 = FILL_AREA_STYLE_COLOUR ( '', #4307 ) ;
#4021 = FILL_AREA_STYLE ('',( #5099 ) ) ;
#4022 = ORIENTED_EDGE ( 'NONE', *, *, #2464, .T. ) ;
#4023 =( LENGTH_UNIT ( ) NAMED_UNIT ( * ) SI_UNIT ( .MILLI., .METRE. ) );
#4024 = AXIS2_PLACEMENT_3D ( 'NONE', #2408, #5996, #1383 ) ;
#4025 = VERTEX_POINT ( 'NONE', #3744 ) ;
#4026 = CYLINDRICAL_SURFACE ( 'NONE', #5888, 1.500000000000001332 ) ;
#4027 = LINE ( 'NONE', #5503, #6609 ) ;
#4028 = DIRECTION ( 'NONE',  ( 1.000000000000000000, 0.000000000000000000, 0.000000000000000000 ) ) ;
#4029 = CYLINDRICAL_SURFACE ( 'NONE', #2204, 0.5000000000000004441 ) ;
#4030 = COLOUR_RGB ( '',1.000000000000000000, 1.000000000000000000, 1.000000000000000000 ) ;
#4031 = EDGE_CURVE ( 'NONE', #1397, #5466, #5364, .T. ) ;
#4032 = CARTESIAN_POINT ( 'NONE',  ( 25.39999999999999858, -7.620000000000000107, -3.999999999999999112 ) ) ;
#4033 = CIRCLE ( 'NONE', #4591, 0.5000000000000004441 ) ;
#4034 =( NAMED_UNIT ( * ) SI_UNIT ( $, .STERADIAN. ) SOLID_ANGLE_UNIT ( ) );
#4035 = PRESENTATION_LAYER_ASSIGNMENT (  '', '', ( #950 ) ) ;
#4036 = EDGE_CURVE ( 'NONE', #3376, #6446, #750, .T. ) ;
#4037 = ORIENTED_EDGE ( 'NONE', *, *, #5460, .T. ) ;
#4038 = MECHANICAL_DESIGN_GEOMETRIC_PRESENTATION_REPRESENTATION (  '', ( #293 ), #4936 ) ;
#4039 = PRESENTATION_STYLE_ASSIGNMENT (( #6014 ) ) ;
#4040 = CARTESIAN_POINT ( 'NONE',  ( 25.10000000000000142, 0.000000000000000000, -3.999999999999999112 ) ) ;
#4041 = AXIS2_PLACEMENT_3D ( 'NONE', #85, #1195, #2092 ) ;
#4042 = CARTESIAN_POINT ( 'NONE',  ( -25.39999999999999858, 7.620000000000000107, -3.800000000000000266 ) ) ;
#4043 = ORIENTED_EDGE ( 'NONE', *, *, #1992, .T. ) ;
#4044 = DIRECTION ( 'NONE',  ( 0.000000000000000000, 0.000000000000000000, -1.000000000000000000 ) ) ;
#4045 = DIRECTION ( 'NONE',  ( 0.000000000000000000, 0.000000000000000000, 1.000000000000000000 ) ) ;
#4046 = PLANE ( 'NONE',  #54 ) ;
#4047 = ORIENTED_EDGE ( 'NONE', *, *, #5500, .F. ) ;
#4048 = PRODUCT_DEFINITION_CONTEXT ( 'detailed design', #4977, 'design' ) ;
#4049 = SURFACE_SIDE_STYLE ('',( #4075 ) ) ;
#4050 = ORIENTED_EDGE ( 'NONE', *, *, #2264, .T. ) ;
#4051 = SURFACE_STYLE_FILL_AREA ( #883 ) ;
#4052 = LINE ( 'NONE', #1019, #1120 ) ;
#4053 = CYLINDRICAL_SURFACE ( 'NONE', #2272, 0.5000000000000004441 ) ;
#4054 = ORIENTED_EDGE ( 'NONE', *, *, #3265, .F. ) ;
#4055 = PRESENTATION_STYLE_ASSIGNMENT (( #1084 ) ) ;
#4056 = ORIENTED_EDGE ( 'NONE', *, *, #1945, .T. ) ;
#4057 = CYLINDRICAL_SURFACE ( 'NONE', #4774, 0.5000000000000004441 ) ;
#4058 = LINE ( 'NONE', #961, #1897 ) ;
#4059 =( LENGTH_UNIT ( ) NAMED_UNIT ( * ) SI_UNIT ( .MILLI., .METRE. ) );
#4060 = SURFACE_SIDE_STYLE ('',( #4553 ) ) ;
#4061 = CARTESIAN_POINT ( 'NONE',  ( -25.39999999999999858, 7.620000000000000107, -3.999999999999999112 ) ) ;
#4062 = CARTESIAN_POINT ( 'NONE',  ( 23.59999999999999787, 13.08000000000000007, 12.19999999999999929 ) ) ;
#4063 = SURFACE_STYLE_FILL_AREA ( #4593 ) ;
#4064 = VERTEX_POINT ( 'NONE', #4849 ) ;
#4065 = DIRECTION ( 'NONE',  ( 0.000000000000000000, 1.000000000000000000, 0.000000000000000000 ) ) ;
#4066 =( GEOMETRIC_REPRESENTATION_CONTEXT ( 3 ) GLOBAL_UNCERTAINTY_ASSIGNED_CONTEXT ( ( #344 ) ) GLOBAL_UNIT_ASSIGNED_CONTEXT ( ( #2906, #4469, #3916 ) ) REPRESENTATION_CONTEXT ( 'NONE', 'WORKASPACE' ) );
#4067 = CARTESIAN_POINT ( 'NONE',  ( 30.30000000000000071, 19.50000000000000000, 0.000000000000000000 ) ) ;
#4068 = DIRECTION ( 'NONE',  ( 1.000000000000000000, 0.000000000000000000, 0.000000000000000000 ) ) ;
#4069 = ADVANCED_FACE ( 'NONE', ( #6308 ), #2842, .T. ) ;
#4070 = ORIENTED_EDGE ( 'NONE', *, *, #5964, .F. ) ;
#4071 = FILL_AREA_STYLE ('',( #2566 ) ) ;
#4072 = ORIENTED_EDGE ( 'NONE', *, *, #5175, .F. ) ;
#4073 = MECHANICAL_DESIGN_GEOMETRIC_PRESENTATION_REPRESENTATION (  '', ( #995 ), #2045 ) ;
#4074 = CARTESIAN_POINT ( 'NONE',  ( 28.29999999999999716, -19.40000000000000213, 12.19999999999999929 ) ) ;
#4075 = SURFACE_STYLE_FILL_AREA ( #1879 ) ;
#4076 = ORIENTED_EDGE ( 'NONE', *, *, #6115, .F. ) ;
#4077 = CARTESIAN_POINT ( 'NONE',  ( -29.30000000000000071, 18.39999999999999858, 12.19999999999999929 ) ) ;
#4078 = EDGE_CURVE ( 'NONE', #1898, #1106, #4680, .T. ) ;
#4079 = SURFACE_STYLE_FILL_AREA ( #4611 ) ;
#4080 = CARTESIAN_POINT ( 'NONE',  ( 30.20000000000000284, -17.50000000000000000, 12.69999999999999929 ) ) ;
#4081 = VERTEX_POINT ( 'NONE', #4787 ) ;
#4082 = MECHANICAL_DESIGN_GEOMETRIC_PRESENTATION_REPRESENTATION (  '', ( #3886 ), #457 ) ;
#4083 = CIRCLE ( 'NONE', #6045, 0.09999999999999939493 ) ;
#4084 = EDGE_CURVE ( 'NONE', #4884, #2664, #1216, .T. ) ;
#4085 =( NAMED_UNIT ( * ) PLANE_ANGLE_UNIT ( ) SI_UNIT ( $, .RADIAN. ) );
#4086 = ORIENTED_EDGE ( 'NONE', *, *, #1875, .F. ) ;
#4087 = DIRECTION ( 'NONE',  ( -1.000000000000000000, 0.000000000000000000, 0.000000000000000000 ) ) ;
#4088 = CARTESIAN_POINT ( 'NONE',  ( -28.29999999999999716, 19.00000000000000000, 12.19999999999999929 ) ) ;
#4089 = AXIS2_PLACEMENT_3D ( 'NONE', #3354, #2353, #1270 ) ;
#4090 = AXIS2_PLACEMENT_3D ( 'NONE', #1838, #3401, #1348 ) ;
#4091 = MECHANICAL_DESIGN_GEOMETRIC_PRESENTATION_REPRESENTATION (  '', ( #2273 ), #2599 ) ;
#4092 = DIRECTION ( 'NONE',  ( 0.000000000000000000, 0.000000000000000000, 1.000000000000000000 ) ) ;
#4093 = UNCERTAINTY_MEASURE_WITH_UNIT (LENGTH_MEASURE( 1.000000000000000082E-05 ), #5898, 'distance_accuracy_value', 'NONE');
#4094 = PRESENTATION_LAYER_ASSIGNMENT (  '', '', ( #5735 ) ) ;
#4095 =( LENGTH_UNIT ( ) NAMED_UNIT ( * ) SI_UNIT ( .MILLI., .METRE. ) );
#4096 = ADVANCED_FACE ( 'NONE', ( #2974 ), #4390, .T. ) ;
#4097 = VECTOR ( 'NONE', #5388, 1000.000000000000000 ) ;
#4098 = CYLINDRICAL_SURFACE ( 'NONE', #6221, 1.500000000000001332 ) ;
#4099 = CARTESIAN_POINT ( 'NONE',  ( -25.39999999999999858, 0.000000000000000000, 0.000000000000000000 ) ) ;
#4100 = LINE ( 'NONE', #22, #3626 ) ;
#4101 = PRESENTATION_LAYER_ASSIGNMENT (  '', '', ( #3246 ) ) ;
#4102 = ORIENTED_EDGE ( 'NONE', *, *, #832, .T. ) ;
#4103 =( LENGTH_UNIT ( ) NAMED_UNIT ( * ) SI_UNIT ( .MILLI., .METRE. ) );
#4104 = PRESENTATION_STYLE_ASSIGNMENT (( #25 ) ) ;
#4105 = PRESENTATION_LAYER_ASSIGNMENT (  '', '', ( #3462 ) ) ;
#4106 = CYLINDRICAL_SURFACE ( 'NONE', #5860, 0.5000000000000004441 ) ;
#4107 = ORIENTED_EDGE ( 'NONE', *, *, #1418, .F. ) ;
#4108 = EDGE_CURVE ( 'NONE', #2177, #1780, #1345, .T. ) ;
#4109 = CARTESIAN_POINT ( 'NONE',  ( -26.14999999999999858, -7.620000000000000107, -0.1999999999999996503 ) ) ;
#4110 = UNCERTAINTY_MEASURE_WITH_UNIT (LENGTH_MEASURE( 1.000000000000000082E-05 ), #4256, 'distance_accuracy_value', 'NONE');
#4111 = EDGE_CURVE ( 'NONE', #2833, #2481, #1555, .T. ) ;
#4112 = DIRECTION ( 'NONE',  ( 0.000000000000000000, 0.000000000000000000, -1.000000000000000000 ) ) ;
#4113 = CARTESIAN_POINT ( 'NONE',  ( 25.69999999999999929, 3.810000000000000053, -3.999999999999999112 ) ) ;
#4114 = ORIENTED_EDGE ( 'NONE', *, *, #2884, .T. ) ;
#4115 = DIRECTION ( 'NONE',  ( 0.000000000000000000, 0.000000000000000000, 1.000000000000000000 ) ) ;
#4116 = VECTOR ( 'NONE', #4462, 1000.000000000000000 ) ;
#4117 = DIRECTION ( 'NONE',  ( 0.000000000000000000, 0.000000000000000000, -1.000000000000000000 ) ) ;
#4118 = SURFACE_SIDE_STYLE ('',( #6341 ) ) ;
#4119 = CIRCLE ( 'NONE', #55, 0.09999999999999939493 ) ;
#4120 = FILL_AREA_STYLE_COLOUR ( '', #256 ) ;
#4121 = ORIENTED_EDGE ( 'NONE', *, *, #4589, .T. ) ;
#4122 = DIRECTION ( 'NONE',  ( 1.000000000000000000, 0.000000000000000000, 0.000000000000000000 ) ) ;
#4123 = EDGE_CURVE ( 'NONE', #1780, #2177, #3255, .T. ) ;
#4124 = ORIENTED_EDGE ( 'NONE', *, *, #6363, .T. ) ;
#4125 = SURFACE_STYLE_FILL_AREA ( #485 ) ;
#4126 = ORIENTED_EDGE ( 'NONE', *, *, #273, .T. ) ;
#4127 = CARTESIAN_POINT ( 'NONE',  ( 25.89999999999999858, -6.123233995736750012E-17, -3.800000000000000266 ) ) ;
#4128 = CARTESIAN_POINT ( 'NONE',  ( 24.64999999999999858, 7.620000000000000107, -3.800000000000000266 ) ) ;
#4129 =( GEOMETRIC_REPRESENTATION_CONTEXT ( 3 ) GLOBAL_UNCERTAINTY_ASSIGNED_CONTEXT ( ( #15 ) ) GLOBAL_UNIT_ASSIGNED_CONTEXT ( ( #2793, #5379, #3761 ) ) REPRESENTATION_CONTEXT ( 'NONE', 'WORKASPACE' ) );
#4130 = DIRECTION ( 'NONE',  ( 0.000000000000000000, 0.000000000000000000, 1.000000000000000000 ) ) ;
#4131 = SURFACE_STYLE_FILL_AREA ( #3215 ) ;
#4132 =( LENGTH_UNIT ( ) NAMED_UNIT ( * ) SI_UNIT ( .MILLI., .METRE. ) );
#4133 = CARTESIAN_POINT ( 'NONE',  ( 29.30000000000000071, 18.39999999999999858, 12.69999999999999929 ) ) ;
#4134 =( GEOMETRIC_REPRESENTATION_CONTEXT ( 3 ) GLOBAL_UNCERTAINTY_ASSIGNED_CONTEXT ( ( #1446 ) ) GLOBAL_UNIT_ASSIGNED_CONTEXT ( ( #4222, #3638, #5288 ) ) REPRESENTATION_CONTEXT ( 'NONE', 'WORKASPACE' ) );
#4135 = EDGE_CURVE ( 'NONE', #3206, #6351, #2400, .T. ) ;
#4136 = CARTESIAN_POINT ( 'NONE',  ( -29.30000000000000071, -18.39999999999999858, 12.19999999999999929 ) ) ;
#4137 = DIRECTION ( 'NONE',  ( 0.000000000000000000, 0.000000000000000000, -1.000000000000000000 ) ) ;
#4138 = AXIS2_PLACEMENT_3D ( 'NONE', #1914, #5568, #3951 ) ;
#4139 = SURFACE_STYLE_USAGE ( .BOTH. , #1565 ) ;
#4140 = EDGE_LOOP ( 'NONE', ( #2613, #6634, #1915, #2105 ) ) ;
#4141 = STYLED_ITEM ( 'NONE', ( #4623 ), #2933 ) ;
#4142 = FACE_OUTER_BOUND ( 'NONE', #5040, .T. ) ;
#4143 = COLOUR_RGB ( '',1.000000000000000000, 1.000000000000000000, 0.5019607843137254832 ) ;
#4144 = VECTOR ( 'NONE', #5264, 1000.000000000000000 ) ;
#4145 = FACE_OUTER_BOUND ( 'NONE', #1826, .T. ) ;
#4146 = ORIENTED_EDGE ( 'NONE', *, *, #888, .T. ) ;
#4147 = PRESENTATION_LAYER_ASSIGNMENT (  '', '', ( #4372 ) ) ;
#4148 = DIRECTION ( 'NONE',  ( 1.000000000000000000, 0.000000000000000000, 0.000000000000000000 ) ) ;
#4149 =( LENGTH_UNIT ( ) NAMED_UNIT ( * ) SI_UNIT ( .MILLI., .METRE. ) );
#4150 = EDGE_LOOP ( 'NONE', ( #3410, #336 ) ) ;
#4151 = SURFACE_STYLE_USAGE ( .BOTH. , #2 ) ;
#4152 = EDGE_CURVE ( 'NONE', #583, #4293, #2873, .T. ) ;
#4153 = FILL_AREA_STYLE_COLOUR ( '', #4897 ) ;
#4154 = ORIENTED_EDGE ( 'NONE', *, *, #955, .F. ) ;
#4155 = FACE_OUTER_BOUND ( 'NONE', #3000, .T. ) ;
#4156 = EDGE_LOOP ( 'NONE', ( #4608, #2690, #2343, #1718 ) ) ;
#4157 =( NAMED_UNIT ( * ) SI_UNIT ( $, .STERADIAN. ) SOLID_ANGLE_UNIT ( ) );
#4158 = ORIENTED_EDGE ( 'NONE', *, *, #4683, .T. ) ;
#4159 = PLANE ( 'NONE',  #1477 ) ;
#4160 =( LENGTH_UNIT ( ) NAMED_UNIT ( * ) SI_UNIT ( .MILLI., .METRE. ) );
#4161 = EDGE_CURVE ( 'NONE', #3802, #1569, #2903, .T. ) ;
#4162 = DIRECTION ( 'NONE',  ( 0.000000000000000000, 0.000000000000000000, 1.000000000000000000 ) ) ;
#4163 = LINE ( 'NONE', #3690, #1035 ) ;
#4164 = CARTESIAN_POINT ( 'NONE',  ( 30.30000000000000071, 17.39999999999999858, 12.69999999999999929 ) ) ;
#4165 = EDGE_CURVE ( 'NONE', #2278, #1326, #6574, .T. ) ;
#4166 = UNCERTAINTY_MEASURE_WITH_UNIT (LENGTH_MEASURE( 1.000000000000000082E-05 ), #1896, 'distance_accuracy_value', 'NONE');
#4167 = AXIS2_PLACEMENT_3D ( 'NONE', #1400, #6663, #1468 ) ;
#4168 = FILL_AREA_STYLE ('',( #1623 ) ) ;
#4169 = AXIS2_PLACEMENT_3D ( 'NONE', #2060, #2563, #1199 ) ;
#4170 = EDGE_CURVE ( 'NONE', #4221, #2188, #5028, .T. ) ;
#4171 = DIRECTION ( 'NONE',  ( -1.000000000000000000, 0.000000000000000000, 0.000000000000000000 ) ) ;
#4172 = EDGE_CURVE ( 'NONE', #1013, #1326, #472, .T. ) ;
#4173 = FILL_AREA_STYLE_COLOUR ( '', #4732 ) ;
#4174 = ORIENTED_EDGE ( 'NONE', *, *, #5045, .F. ) ;
#4175 = CARTESIAN_POINT ( 'NONE',  ( 29.30000000000000071, 18.00000000000000000, 12.19999999999999929 ) ) ;
#4176 = FILL_AREA_STYLE_COLOUR ( '', #81 ) ;
#4177 = EDGE_CURVE ( 'NONE', #3434, #71, #1872, .T. ) ;
#4178 = LINE ( 'NONE', #6637, #491 ) ;
#4179 = VERTEX_POINT ( 'NONE', #5558 ) ;
#4180 = DIRECTION ( 'NONE',  ( 0.000000000000000000, 0.000000000000000000, -1.000000000000000000 ) ) ;
#4181 = SURFACE_SIDE_STYLE ('',( #6231 ) ) ;
#4182 = VERTEX_POINT ( 'NONE', #1405 ) ;
#4183 = DIRECTION ( 'NONE',  ( -1.000000000000000000, 0.000000000000000000, 0.000000000000000000 ) ) ;
#4184 = FILL_AREA_STYLE ('',( #6652 ) ) ;
#4185 = CARTESIAN_POINT ( 'NONE',  ( 29.30000000000000071, -18.00000000000000000, 12.19999999999999929 ) ) ;
#4186 = COLOUR_RGB ( '',1.000000000000000000, 1.000000000000000000, 1.000000000000000000 ) ;
#4187 = CARTESIAN_POINT ( 'NONE',  ( 25.39999999999999858, 7.620000000000000107, -6.121320343559641053 ) ) ;
#4188 = VERTEX_POINT ( 'NONE', #3977 ) ;
#4189 =( LENGTH_UNIT ( ) NAMED_UNIT ( * ) SI_UNIT ( .MILLI., .METRE. ) );
#4190 = ORIENTED_EDGE ( 'NONE', *, *, #416, .F. ) ;
#4191 = AXIS2_PLACEMENT_3D ( 'NONE', #1458, #1485, #554 ) ;
#4192 = LINE ( 'NONE', #5861, #1941 ) ;
#4193 = STYLED_ITEM ( 'NONE', ( #1170 ), #5684 ) ;
#4194 = VERTEX_POINT ( 'NONE', #6055 ) ;
#4195 = CARTESIAN_POINT ( 'NONE',  ( -30.30000000000000071, -19.50000000000000000, 0.000000000000000000 ) ) ;
#4196 = DIRECTION ( 'NONE',  ( 0.000000000000000000, 0.000000000000000000, -1.000000000000000000 ) ) ;
#4197 = CARTESIAN_POINT ( 'NONE',  ( -25.39999999999999858, -7.620000000000000107, -3.999999999999999112 ) ) ;
#4198 = COLOUR_RGB ( '',1.000000000000000000, 1.000000000000000000, 0.5019607843137254832 ) ;
#4199 = ORIENTED_EDGE ( 'NONE', *, *, #4172, .F. ) ;
#4200 = ADVANCED_FACE ( 'NONE', ( #1443 ), #948, .T. ) ;
#4201 = DIRECTION ( 'NONE',  ( 0.000000000000000000, 0.000000000000000000, 1.000000000000000000 ) ) ;
#4202 = AXIS2_PLACEMENT_3D ( 'NONE', #362, #1344, #6019 ) ;
#4203 = MECHANICAL_DESIGN_GEOMETRIC_PRESENTATION_REPRESENTATION (  '', ( #6270 ), #138 ) ;
#4204 = CARTESIAN_POINT ( 'NONE',  ( -23.59999999999999787, 13.08000000000000007, 12.19999999999999929 ) ) ;
#4205 = DIRECTION ( 'NONE',  ( 1.000000000000000000, 0.000000000000000000, 0.000000000000000000 ) ) ;
#4206 = VECTOR ( 'NONE', #423, 1000.000000000000000 ) ;
#4207 = CIRCLE ( 'NONE', #6605, 0.7500000000000006661 ) ;
#4208 = CARTESIAN_POINT ( 'NONE',  ( -28.29999999999999716, -19.00000000000000000, 12.69999999999999929 ) ) ;
#4209 = DIRECTION ( 'NONE',  ( 0.000000000000000000, 0.000000000000000000, 1.000000000000000000 ) ) ;
#4210 = CIRCLE ( 'NONE', #4314, 0.5000000000000004441 ) ;
#4211 = LINE ( 'NONE', #6290, #3299 ) ;
#4212 = ORIENTED_EDGE ( 'NONE', *, *, #1448, .T. ) ;
#4213 = CARTESIAN_POINT ( 'NONE',  ( -25.39999999999999858, -7.620000000000000107, -3.999999999999999112 ) ) ;
#4214 = DIRECTION ( 'NONE',  ( 1.000000000000000000, 0.000000000000000000, 0.000000000000000000 ) ) ;
#4215 =( GEOMETRIC_REPRESENTATION_CONTEXT ( 3 ) GLOBAL_UNCERTAINTY_ASSIGNED_CONTEXT ( ( #280 ) ) GLOBAL_UNIT_ASSIGNED_CONTEXT ( ( #4160, #6275, #4265 ) ) REPRESENTATION_CONTEXT ( 'NONE', 'WORKASPACE' ) );
#4216 = EDGE_CURVE ( 'NONE', #1113, #3414, #2007, .T. ) ;
#4217 = SURFACE_SIDE_STYLE ('',( #3833 ) ) ;
#4218 = EDGE_LOOP ( 'NONE', ( #4613, #4777, #6208, #3225 ) ) ;
#4219 = CARTESIAN_POINT ( 'NONE',  ( 30.30000000000000071, -19.50000000000000000, 12.69999999999999929 ) ) ;
#4220 =( LENGTH_UNIT ( ) NAMED_UNIT ( * ) SI_UNIT ( .MILLI., .METRE. ) );
#4221 = VERTEX_POINT ( 'NONE', #4567 ) ;
#4222 =( LENGTH_UNIT ( ) NAMED_UNIT ( * ) SI_UNIT ( .MILLI., .METRE. ) );
#4223 = DIRECTION ( 'NONE',  ( -1.000000000000000000, 0.000000000000000000, 0.000000000000000000 ) ) ;
#4224 = DIRECTION ( 'NONE',  ( 0.000000000000000000, 0.000000000000000000, -1.000000000000000000 ) ) ;
#4225 = ORIENTED_EDGE ( 'NONE', *, *, #5138, .T. ) ;
#4226 = ORIENTED_EDGE ( 'NONE', *, *, #4751, .F. ) ;
#4227 = EDGE_CURVE ( 'NONE', #4711, #4563, #3631, .T. ) ;
#4228 = VECTOR ( 'NONE', #2241, 1000.000000000000000 ) ;
#4229 = DIRECTION ( 'NONE',  ( 0.000000000000000000, 0.000000000000000000, -1.000000000000000000 ) ) ;
#4230 = EDGE_LOOP ( 'NONE', ( #4938, #3737, #2866, #1349 ) ) ;
#4231 = DIRECTION ( 'NONE',  ( 1.000000000000000000, 0.000000000000000000, 0.000000000000000000 ) ) ;
#4232 = DIRECTION ( 'NONE',  ( 0.000000000000000000, 0.000000000000000000, -1.000000000000000000 ) ) ;
#4233 = SURFACE_STYLE_FILL_AREA ( #46 ) ;
#4234 = DIRECTION ( 'NONE',  ( 0.000000000000000000, 0.000000000000000000, 1.000000000000000000 ) ) ;
#4235 = AXIS2_PLACEMENT_3D ( 'NONE', #3634, #1141, #30 ) ;
#4236 =( LENGTH_UNIT ( ) NAMED_UNIT ( * ) SI_UNIT ( .MILLI., .METRE. ) );
#4237 = EDGE_LOOP ( 'NONE', ( #5224, #1876, #2857, #5123 ) ) ;
#4238 = DIRECTION ( 'NONE',  ( 0.000000000000000000, 0.000000000000000000, -1.000000000000000000 ) ) ;
#4239 = CARTESIAN_POINT ( 'NONE',  ( 23.59999999999999787, -13.08000000000000007, 12.19999999999999929 ) ) ;
#4240 = ADVANCED_FACE ( 'NONE', ( #6667 ), #4106, .T. ) ;
#4241 = COLOUR_RGB ( '',1.000000000000000000, 1.000000000000000000, 1.000000000000000000 ) ;
#4242 = DIRECTION ( 'NONE',  ( 0.000000000000000000, 0.000000000000000000, 1.000000000000000000 ) ) ;
#4243 =( LENGTH_UNIT ( ) NAMED_UNIT ( * ) SI_UNIT ( .MILLI., .METRE. ) );
#4244 = VERTEX_POINT ( 'NONE', #5690 ) ;
#4245 = LINE ( 'NONE', #5383, #6040 ) ;
#4246 = CARTESIAN_POINT ( 'NONE',  ( 28.29999999999999716, -19.00000000000000000, 12.19999999999999929 ) ) ;
#4247 = EDGE_CURVE ( 'NONE', #5435, #2965, #2100, .T. ) ;
#4248 = ORIENTED_EDGE ( 'NONE', *, *, #3954, .T. ) ;
#4249 = CIRCLE ( 'NONE', #1054, 1.500000000000001332 ) ;
#4250 = FILL_AREA_STYLE_COLOUR ( '', #2167 ) ;
#4251 = LINE ( 'NONE', #4341, #1664 ) ;
#4252 = CYLINDRICAL_SURFACE ( 'NONE', #2991, 0.5000000000000004441 ) ;
#4253 = EDGE_LOOP ( 'NONE', ( #3038, #197, #6599, #5641 ) ) ;
#4254 = DIRECTION ( 'NONE',  ( 0.000000000000000000, 0.000000000000000000, 1.000000000000000000 ) ) ;
#4255 = VECTOR ( 'NONE', #3994, 1000.000000000000000 ) ;
#4256 =( LENGTH_UNIT ( ) NAMED_UNIT ( * ) SI_UNIT ( .MILLI., .METRE. ) );
#4257 = COLOUR_RGB ( '',1.000000000000000000, 1.000000000000000000, 0.5019607843137254832 ) ;
#4258 = CARTESIAN_POINT ( 'NONE',  ( -25.39999999999999858, 7.620000000000000107, -0.1999999999999996503 ) ) ;
#4259 = ORIENTED_EDGE ( 'NONE', *, *, #3590, .T. ) ;
#4260 = DIRECTION ( 'NONE',  ( 1.000000000000000000, 0.000000000000000000, 0.000000000000000000 ) ) ;
#4261 = EDGE_LOOP ( 'NONE', ( #2347, #3748, #5521, #205 ) ) ;
#4262 = PRESENTATION_STYLE_ASSIGNMENT (( #4750 ) ) ;
#4263 = VERTEX_POINT ( 'NONE', #4710 ) ;
#4264 = DIRECTION ( 'NONE',  ( 0.000000000000000000, 0.000000000000000000, 1.000000000000000000 ) ) ;
#4265 =( NAMED_UNIT ( * ) SI_UNIT ( $, .STERADIAN. ) SOLID_ANGLE_UNIT ( ) );
#4266 = FACE_OUTER_BOUND ( 'NONE', #6346, .T. ) ;
#4267 = DIRECTION ( 'NONE',  ( -1.000000000000000000, 0.000000000000000000, 0.000000000000000000 ) ) ;
#4268 = CARTESIAN_POINT ( 'NONE',  ( -30.30000000000000071, 19.50000000000000000, 12.69999999999999929 ) ) ;
#4269 = EDGE_LOOP ( 'NONE', ( #5951, #3848, #1888, #711 ) ) ;
#4270 = PLANE ( 'NONE',  #4416 ) ;
#4271 = SURFACE_STYLE_FILL_AREA ( #3314 ) ;
#4272 = FILL_AREA_STYLE_COLOUR ( '', #2583 ) ;
#4273 = LINE ( 'NONE', #1727, #4652 ) ;
#4274 = ORIENTED_EDGE ( 'NONE', *, *, #2629, .T. ) ;
#4275 =( NAMED_UNIT ( * ) SI_UNIT ( $, .STERADIAN. ) SOLID_ANGLE_UNIT ( ) );
#4276 = FACE_OUTER_BOUND ( 'NONE', #1129, .T. ) ;
#4277 = VECTOR ( 'NONE', #1969, 1000.000000000000000 ) ;
#4278 = DIRECTION ( 'NONE',  ( 0.000000000000000000, 1.000000000000000000, 0.000000000000000000 ) ) ;
#4279 = ORIENTED_EDGE ( 'NONE', *, *, #4955, .T. ) ;
#4280 = DIRECTION ( 'NONE',  ( 0.000000000000000000, 0.000000000000000000, -1.000000000000000000 ) ) ;
#4281 = DIRECTION ( 'NONE',  ( -1.000000000000000000, 0.000000000000000000, 0.000000000000000000 ) ) ;
#4282 = EDGE_CURVE ( 'NONE', #4893, #5537, #3466, .T. ) ;
#4283 = ORIENTED_EDGE ( 'NONE', *, *, #1434, .F. ) ;
#4284 = DIRECTION ( 'NONE',  ( 0.000000000000000000, 0.000000000000000000, 1.000000000000000000 ) ) ;
#4285 = CYLINDRICAL_SURFACE ( 'NONE', #5312, 0.09999999999999939493 ) ;
#4286 = FACE_OUTER_BOUND ( 'NONE', #3192, .T. ) ;
#4287 = DIRECTION ( 'NONE',  ( -1.000000000000000000, 0.000000000000000000, 0.000000000000000000 ) ) ;
#4288 = EDGE_LOOP ( 'NONE', ( #2244, #6342, #5176, #1382 ) ) ;
#4289 = CARTESIAN_POINT ( 'NONE',  ( 25.10000000000000142, -13.08000000000000007, -17.30000000000000071 ) ) ;
#4290 = VERTEX_POINT ( 'NONE', #1138 ) ;
#4291 = VECTOR ( 'NONE', #6196, 1000.000000000000000 ) ;
#4292 = AXIS2_PLACEMENT_3D ( 'NONE', #4703, #2699, #566 ) ;
#4293 = VERTEX_POINT ( 'NONE', #2129 ) ;
#4294 =( NAMED_UNIT ( * ) PLANE_ANGLE_UNIT ( ) SI_UNIT ( $, .RADIAN. ) );
#4295 = PRESENTATION_STYLE_ASSIGNMENT (( #1814 ) ) ;
#4296 = LINE ( 'NONE', #303, #5659 ) ;
#4297 = CONICAL_SURFACE ( 'NONE', #3645, 0.3000000000000224709, 0.7853981633974532750 ) ;
#4298 =( LENGTH_UNIT ( ) NAMED_UNIT ( * ) SI_UNIT ( .MILLI., .METRE. ) );
#4299 = EDGE_CURVE ( 'NONE', #4263, #5581, #4178, .T. ) ;
#4300 = ORIENTED_EDGE ( 'NONE', *, *, #5599, .T. ) ;
#4301 = VECTOR ( 'NONE', #6189, 1000.000000000000000 ) ;
#4302 = PRESENTATION_STYLE_ASSIGNMENT (( #861 ) ) ;
#4303 = SURFACE_SIDE_STYLE ('',( #3792 ) ) ;
#4304 = AXIS2_PLACEMENT_3D ( 'NONE', #4204, #6324, #2295 ) ;
#4305 = EDGE_CURVE ( 'NONE', #5139, #4739, #2085, .T. ) ;
#4306 = AXIS2_PLACEMENT_3D ( 'NONE', #1905, #6666, #432 ) ;
#4307 = COLOUR_RGB ( '',1.000000000000000000, 1.000000000000000000, 0.5019607843137254832 ) ;
#4308 = AXIS2_PLACEMENT_3D ( 'NONE', #1052, #2169, #1576 ) ;
#4309 = FILL_AREA_STYLE_COLOUR ( '', #2361 ) ;
#4310 = CIRCLE ( 'NONE', #1425, 0.7500000000000006661 ) ;
#4311 =( GEOMETRIC_REPRESENTATION_CONTEXT ( 3 ) GLOBAL_UNCERTAINTY_ASSIGNED_CONTEXT ( ( #980 ) ) GLOBAL_UNIT_ASSIGNED_CONTEXT ( ( #2367, #2844, #6472 ) ) REPRESENTATION_CONTEXT ( 'NONE', 'WORKASPACE' ) );
#4312 = CARTESIAN_POINT ( 'NONE',  ( -22.10000000000000142, 13.08000000000000007, 0.000000000000000000 ) ) ;
#4313 = ORIENTED_EDGE ( 'NONE', *, *, #5803, .T. ) ;
#4314 = AXIS2_PLACEMENT_3D ( 'NONE', #3791, #791, #4940 ) ;
#4315 = DIRECTION ( 'NONE',  ( 0.000000000000000000, 0.000000000000000000, -1.000000000000000000 ) ) ;
#4316 =( NAMED_UNIT ( * ) PLANE_ANGLE_UNIT ( ) SI_UNIT ( $, .RADIAN. ) );
#4317 = SURFACE_STYLE_USAGE ( .BOTH. , #746 ) ;
#4318 =( GEOMETRIC_REPRESENTATION_CONTEXT ( 3 ) GLOBAL_UNCERTAINTY_ASSIGNED_CONTEXT ( ( #1361 ) ) GLOBAL_UNIT_ASSIGNED_CONTEXT ( ( #5207, #4728, #1560 ) ) REPRESENTATION_CONTEXT ( 'NONE', 'WORKASPACE' ) );
#4319 = MECHANICAL_DESIGN_GEOMETRIC_PRESENTATION_REPRESENTATION (  '', ( #5735 ), #6610 ) ;
#4320 = ORIENTED_EDGE ( 'NONE', *, *, #899, .F. ) ;
#4321 =( NAMED_UNIT ( * ) PLANE_ANGLE_UNIT ( ) SI_UNIT ( $, .RADIAN. ) );
#4322 = DIRECTION ( 'NONE',  ( 0.000000000000000000, 0.000000000000000000, -1.000000000000000000 ) ) ;
#4323 = STYLED_ITEM ( 'NONE', ( #3378 ), #319 ) ;
#4324 = ADVANCED_FACE ( 'NONE', ( #4145 ), #4046, .F. ) ;
#4325 = STYLED_ITEM ( 'NONE', ( #5020 ), #4379 ) ;
#4326 = CARTESIAN_POINT ( 'NONE',  ( 29.19999999999999929, 18.39999999999999858, 12.19999999999999929 ) ) ;
#4327 = ADVANCED_FACE ( 'NONE', ( #3534 ), #2537, .T. ) ;
#4328 = EDGE_LOOP ( 'NONE', ( #3869, #1079, #665, #174 ) ) ;
#4329 = PLANE ( 'NONE',  #144 ) ;
#4330 = UNCERTAINTY_MEASURE_WITH_UNIT (LENGTH_MEASURE( 1.000000000000000082E-05 ), #3543, 'distance_accuracy_value', 'NONE');
#4331 = EDGE_LOOP ( 'NONE', ( #3503, #2901, #3683, #2522 ) ) ;
#4332 = ORIENTED_EDGE ( 'NONE', *, *, #3253, .T. ) ;
#4333 = LINE ( 'NONE', #6418, #5982 ) ;
#4334 =( GEOMETRIC_REPRESENTATION_CONTEXT ( 3 ) GLOBAL_UNCERTAINTY_ASSIGNED_CONTEXT ( ( #1559 ) ) GLOBAL_UNIT_ASSIGNED_CONTEXT ( ( #4642, #1055, #656 ) ) REPRESENTATION_CONTEXT ( 'NONE', 'WORKASPACE' ) );
#4335 = DIRECTION ( 'NONE',  ( 1.000000000000000000, 0.000000000000000000, 0.000000000000000000 ) ) ;
#4336 = CARTESIAN_POINT ( 'NONE',  ( -28.29999999999999716, -19.40000000000000213, 12.19999999999999929 ) ) ;
#4337 = ADVANCED_FACE ( 'NONE', ( #2768, #2706 ), #2162, .T. ) ;
#4338 = CARTESIAN_POINT ( 'NONE',  ( 24.64999999999999858, 0.000000000000000000, -0.1999999999999996503 ) ) ;
#4339 = AXIS2_PLACEMENT_3D ( 'NONE', #3368, #6606, #3911 ) ;
#4340 = ORIENTED_EDGE ( 'NONE', *, *, #2867, .T. ) ;
#4341 = CARTESIAN_POINT ( 'NONE',  ( 30.30000000000000071, 19.50000000000000000, 12.69999999999999929 ) ) ;
#4342 = DIRECTION ( 'NONE',  ( -1.000000000000000000, 0.000000000000000000, 0.000000000000000000 ) ) ;
#4343 = DIRECTION ( 'NONE',  ( -1.000000000000000000, 0.000000000000000000, 0.000000000000000000 ) ) ;
#4344 = STYLED_ITEM ( 'NONE', ( #1301 ), #4337 ) ;
#4345 =( GEOMETRIC_REPRESENTATION_CONTEXT ( 3 ) GLOBAL_UNCERTAINTY_ASSIGNED_CONTEXT ( ( #4892 ) ) GLOBAL_UNIT_ASSIGNED_CONTEXT ( ( #1490, #5143, #6039 ) ) REPRESENTATION_CONTEXT ( 'NONE', 'WORKASPACE' ) );
#4346 = SURFACE_STYLE_USAGE ( .BOTH. , #3898 ) ;
#4347 = DIRECTION ( 'NONE',  ( 0.000000000000000000, 0.000000000000000000, 1.000000000000000000 ) ) ;
#4348 = EDGE_CURVE ( 'NONE', #6477, #1532, #2181, .T. ) ;
#4349 = AXIS2_PLACEMENT_3D ( 'NONE', #3388, #734, #6355 ) ;
#4350 = ORIENTED_EDGE ( 'NONE', *, *, #1514, .T. ) ;
#4351 = PRESENTATION_STYLE_ASSIGNMENT (( #4917 ) ) ;
#4352 = CARTESIAN_POINT ( 'NONE',  ( -29.80000000000000071, 18.00000000000000000, 12.69999999999999929 ) ) ;
#4353 = CIRCLE ( 'NONE', #3487, 0.3000000000000224709 ) ;
#4354 = FACE_OUTER_BOUND ( 'NONE', #6281, .T. ) ;
#4355 = ORIENTED_EDGE ( 'NONE', *, *, #115, .T. ) ;
#4356 = DIRECTION ( 'NONE',  ( 0.000000000000000000, 0.000000000000000000, 1.000000000000000000 ) ) ;
#4357 = CIRCLE ( 'NONE', #4024, 1.500000000000001332 ) ;
#4358 = DIRECTION ( 'NONE',  ( 0.000000000000000000, 0.000000000000000000, 1.000000000000000000 ) ) ;
#4359 = VERTEX_POINT ( 'NONE', #4312 ) ;
#4360 = VERTEX_POINT ( 'NONE', #1670 ) ;
#4361 = CYLINDRICAL_SURFACE ( 'NONE', #5612, 0.7500000000000006661 ) ;
#4362 =( GEOMETRIC_REPRESENTATION_CONTEXT ( 3 ) GLOBAL_UNCERTAINTY_ASSIGNED_CONTEXT ( ( #5677 ) ) GLOBAL_UNIT_ASSIGNED_CONTEXT ( ( #6423, #209, #3250 ) ) REPRESENTATION_CONTEXT ( 'NONE', 'WORKASPACE' ) );
#4363 = EDGE_CURVE ( 'NONE', #439, #3719, #6405, .T. ) ;
#4364 = ORIENTED_EDGE ( 'NONE', *, *, #1715, .T. ) ;
#4365 = DIRECTION ( 'NONE',  ( 0.000000000000000000, 0.000000000000000000, -1.000000000000000000 ) ) ;
#4366 = DIRECTION ( 'NONE',  ( -1.000000000000000000, 0.000000000000000000, 0.000000000000000000 ) ) ;
#4367 = CIRCLE ( 'NONE', #2428, 0.5000000000000004441 ) ;
#4368 = DIRECTION ( 'NONE',  ( 0.000000000000000000, 0.000000000000000000, 1.000000000000000000 ) ) ;
#4369 = AXIS2_PLACEMENT_3D ( 'NONE', #3649, #5727, #1123 ) ;
#4370 = LINE ( 'NONE', #2319, #5772 ) ;
#4371 = ORIENTED_EDGE ( 'NONE', *, *, #654, .T. ) ;
#4372 = STYLED_ITEM ( 'NONE', ( #3625 ), #2987 ) ;
#4373 = ADVANCED_FACE ( 'NONE', ( #5879 ), #6433, .F. ) ;
#4374 = FILL_AREA_STYLE ('',( #1719 ) ) ;
#4375 =( LENGTH_UNIT ( ) NAMED_UNIT ( * ) SI_UNIT ( .MILLI., .METRE. ) );
#4376 = DIRECTION ( 'NONE',  ( -1.000000000000000000, 0.000000000000000000, 0.000000000000000000 ) ) ;
#4377 = CYLINDRICAL_SURFACE ( 'NONE', #4521, 0.5000000000000004441 ) ;
#4378 = FILL_AREA_STYLE_COLOUR ( '', #2964 ) ;
#4379 = ADVANCED_FACE ( 'NONE', ( #5783 ), #6565, .F. ) ;
#4380 = FILL_AREA_STYLE_COLOUR ( '', #1970 ) ;
#4381 = VERTEX_POINT ( 'NONE', #391 ) ;
#4382 = CYLINDRICAL_SURFACE ( 'NONE', #3452, 0.5000000000000004441 ) ;
#4383 = EDGE_CURVE ( 'NONE', #2402, #2976, #4439, .T. ) ;
#4384 = SURFACE_STYLE_USAGE ( .BOTH. , #6437 ) ;
#4385 =( NAMED_UNIT ( * ) SI_UNIT ( $, .STERADIAN. ) SOLID_ANGLE_UNIT ( ) );
#4386 = VERTEX_POINT ( 'NONE', #4413 ) ;
#4387 = PLANE ( 'NONE',  #33 ) ;
#4388 = DIRECTION ( 'NONE',  ( 0.000000000000000000, 0.000000000000000000, 1.000000000000000000 ) ) ;
#4389 = AXIS2_PLACEMENT_3D ( 'NONE', #6328, #155, #4734 ) ;
#4390 = PLANE ( 'NONE',  #4791 ) ;
#4391 = EDGE_LOOP ( 'NONE', ( #5259, #660, #6661, #1186 ) ) ;
#4392 = CARTESIAN_POINT ( 'NONE',  ( 29.80000000000000071, 17.50000000000000000, 12.19999999999999929 ) ) ;
#4393 = UNCERTAINTY_MEASURE_WITH_UNIT (LENGTH_MEASURE( 1.000000000000000082E-05 ), #648, 'distance_accuracy_value', 'NONE');
#4394 = ORIENTED_EDGE ( 'NONE', *, *, #5216, .F. ) ;
#4395 = CARTESIAN_POINT ( 'NONE',  ( 25.39999999999999858, -3.810000000000000053, -0.1999999999999996503 ) ) ;
#4396 = ORIENTED_EDGE ( 'NONE', *, *, #774, .T. ) ;
#4397 = CARTESIAN_POINT ( 'NONE',  ( 28.29999999999999716, 19.40000000000000213, 12.19999999999999929 ) ) ;
#4398 = SURFACE_STYLE_FILL_AREA ( #2373 ) ;
#4399 = FACE_BOUND ( 'NONE', #415, .T. ) ;
#4400 = DIRECTION ( 'NONE',  ( 0.000000000000000000, 0.000000000000000000, 1.000000000000000000 ) ) ;
#4401 = ORIENTED_EDGE ( 'NONE', *, *, #3309, .F. ) ;
#4402 = CARTESIAN_POINT ( 'NONE',  ( 25.39999999999999858, 3.810000000000000053, -3.999999999999999112 ) ) ;
#4403 = DIRECTION ( 'NONE',  ( -1.000000000000000000, 0.000000000000000000, 0.000000000000000000 ) ) ;
#4404 =( NAMED_UNIT ( * ) PLANE_ANGLE_UNIT ( ) SI_UNIT ( $, .RADIAN. ) );
#4405 = VERTEX_POINT ( 'NONE', #1337 ) ;
#4406 = AXIS2_PLACEMENT_3D ( 'NONE', #447, #6586, #1952 ) ;
#4407 = COLOUR_RGB ( '',1.000000000000000000, 1.000000000000000000, 0.5019607843137254832 ) ;
#4408 = EDGE_CURVE ( 'NONE', #2938, #2965, #1432, .T. ) ;
#4409 = AXIS2_PLACEMENT_3D ( 'NONE', #2098, #3128, #609 ) ;
#4410 =( NAMED_UNIT ( * ) PLANE_ANGLE_UNIT ( ) SI_UNIT ( $, .RADIAN. ) );
#4411 = AXIS2_PLACEMENT_3D ( 'NONE', #3313, #1658, #4343 ) ;
#4412 = FILL_AREA_STYLE ('',( #4378 ) ) ;
#4413 = CARTESIAN_POINT ( 'NONE',  ( -30.30000000000000071, 17.39999999999999858, 12.69999999999999929 ) ) ;
#4414 = VECTOR ( 'NONE', #2462, 1000.000000000000000 ) ;
#4415 = ORIENTED_EDGE ( 'NONE', *, *, #460, .T. ) ;
#4416 = AXIS2_PLACEMENT_3D ( 'NONE', #795, #4238, #4866 ) ;
#4417 =( NAMED_UNIT ( * ) SI_UNIT ( $, .STERADIAN. ) SOLID_ANGLE_UNIT ( ) );
#4418 =( NAMED_UNIT ( * ) SI_UNIT ( $, .STERADIAN. ) SOLID_ANGLE_UNIT ( ) );
#4419 = LINE ( 'NONE', #1245, #1918 ) ;
#4420 = VERTEX_POINT ( 'NONE', #5451 ) ;
#4421 = FILL_AREA_STYLE_COLOUR ( '', #6492 ) ;
#4422 = CARTESIAN_POINT ( 'NONE',  ( -28.19999999999999929, 19.40000000000000213, 12.69999999999999929 ) ) ;
#4423 = PRESENTATION_LAYER_ASSIGNMENT (  '', '', ( #2915 ) ) ;
#4424 =( NAMED_UNIT ( * ) PLANE_ANGLE_UNIT ( ) SI_UNIT ( $, .RADIAN. ) );
#4425 = VERTEX_POINT ( 'NONE', #3359 ) ;
#4426 = EDGE_LOOP ( 'NONE', ( #4895, #5217, #5959, #2551 ) ) ;
#4427 = VECTOR ( 'NONE', #2237, 1000.000000000000000 ) ;
#4428 = VECTOR ( 'NONE', #3875, 1000.000000000000000 ) ;
#4429 = FILL_AREA_STYLE_COLOUR ( '', #669 ) ;
#4430 = AXIS2_PLACEMENT_3D ( 'NONE', #5376, #5347, #762 ) ;
#4431 = EDGE_LOOP ( 'NONE', ( #2511, #541, #5823, #5240 ) ) ;
#4432 = DIRECTION ( 'NONE',  ( 0.000000000000000000, 0.000000000000000000, -1.000000000000000000 ) ) ;
#4433 =( NAMED_UNIT ( * ) PLANE_ANGLE_UNIT ( ) SI_UNIT ( $, .RADIAN. ) );
#4434 = STYLED_ITEM ( 'NONE', ( #2714 ), #2420 ) ;
#4435 =( NAMED_UNIT ( * ) PLANE_ANGLE_UNIT ( ) SI_UNIT ( $, .RADIAN. ) );
#4436 = ADVANCED_FACE ( 'NONE', ( #5978 ), #4779, .T. ) ;
#4437 = PRESENTATION_STYLE_ASSIGNMENT (( #1784 ) ) ;
#4438 = VERTEX_POINT ( 'NONE', #2391 ) ;
#4439 = CIRCLE ( 'NONE', #3456, 0.09999999999999939493 ) ;
#4440 = FACE_OUTER_BOUND ( 'NONE', #3174, .T. ) ;
#4441 = DIRECTION ( 'NONE',  ( 0.000000000000000000, 0.000000000000000000, 1.000000000000000000 ) ) ;
#4442 = DIRECTION ( 'NONE',  ( -1.000000000000000000, 0.000000000000000000, 0.000000000000000000 ) ) ;
#4443 = ORIENTED_EDGE ( 'NONE', *, *, #913, .T. ) ;
#4444 = FILL_AREA_STYLE ('',( #490 ) ) ;
#4445 = MECHANICAL_DESIGN_GEOMETRIC_PRESENTATION_REPRESENTATION (  '', ( #484 ), #4785 ) ;
#4446 = LINE ( 'NONE', #6560, #6312 ) ;
#4447 = UNCERTAINTY_MEASURE_WITH_UNIT (LENGTH_MEASURE( 1.000000000000000082E-05 ), #4864, 'distance_accuracy_value', 'NONE');
#4448 = LINE ( 'NONE', #6563, #6276 ) ;
#4449 = AXIS2_PLACEMENT_3D ( 'NONE', #6507, #3399, #1376 ) ;
#4450 = EDGE_CURVE ( 'NONE', #4381, #6228, #6529, .T. ) ;
#4451 = CIRCLE ( 'NONE', #2302, 1.500000000000001332 ) ;
#4452 = DIRECTION ( 'NONE',  ( -1.000000000000000000, 0.000000000000000000, 0.000000000000000000 ) ) ;
#4453 = ORIENTED_EDGE ( 'NONE', *, *, #1846, .F. ) ;
#4454 = CIRCLE ( 'NONE', #1561, 0.7500000000000006661 ) ;
#4455 = SURFACE_STYLE_FILL_AREA ( #6531 ) ;
#4456 =( LENGTH_UNIT ( ) NAMED_UNIT ( * ) SI_UNIT ( .MILLI., .METRE. ) );
#4457 = PRESENTATION_STYLE_ASSIGNMENT (( #6633 ) ) ;
#4458 = ORIENTED_EDGE ( 'NONE', *, *, #2715, .F. ) ;
#4459 = DIRECTION ( 'NONE',  ( 1.000000000000000000, 0.000000000000000000, 0.000000000000000000 ) ) ;
#4460 = DIRECTION ( 'NONE',  ( 0.000000000000000000, 0.000000000000000000, 1.000000000000000000 ) ) ;
#4461 = PRODUCT_RELATED_PRODUCT_CATEGORY ( 'part', '', ( #6357 ) ) ;
#4462 = DIRECTION ( 'NONE',  ( 1.000000000000000000, 0.000000000000000000, 0.000000000000000000 ) ) ;
#4463 = EDGE_CURVE ( 'NONE', #5462, #2188, #1396, .T. ) ;
#4464 = ORIENTED_EDGE ( 'NONE', *, *, #4838, .F. ) ;
#4465 = FILL_AREA_STYLE ('',( #2403 ) ) ;
#4466 = UNCERTAINTY_MEASURE_WITH_UNIT (LENGTH_MEASURE( 1.000000000000000082E-05 ), #6583, 'distance_accuracy_value', 'NONE');
#4467 = ORIENTED_EDGE ( 'NONE', *, *, #3262, .T. ) ;
#4468 = MECHANICAL_DESIGN_GEOMETRIC_PRESENTATION_REPRESENTATION (  '', ( #730 ), #386 ) ;
#4469 =( NAMED_UNIT ( * ) PLANE_ANGLE_UNIT ( ) SI_UNIT ( $, .RADIAN. ) );
#4470 = ORIENTED_EDGE ( 'NONE', *, *, #3508, .F. ) ;
#4471 = DIRECTION ( 'NONE',  ( 0.000000000000000000, 0.000000000000000000, -1.000000000000000000 ) ) ;
#4472 = DIRECTION ( 'NONE',  ( 0.000000000000000000, -1.000000000000000000, 0.000000000000000000 ) ) ;
#4473 = MECHANICAL_DESIGN_GEOMETRIC_PRESENTATION_REPRESENTATION (  '', ( #3596 ), #2957 ) ;
#4474 = EDGE_CURVE ( 'NONE', #809, #3009, #2429, .T. ) ;
#4475 = VERTEX_POINT ( 'NONE', #3589 ) ;
#4476 = PRESENTATION_LAYER_ASSIGNMENT (  '', '', ( #3598 ) ) ;
#4477 = ADVANCED_FACE ( 'NONE', ( #6214 ), #5112, .T. ) ;
#4478 = SURFACE_SIDE_STYLE ('',( #5008 ) ) ;
#4479 = CONICAL_SURFACE ( 'NONE', #1579, 0.3000000000000224709, 0.7853981633974532750 ) ;
#4480 = VERTEX_POINT ( 'NONE', #4164 ) ;
#4481 = DIRECTION ( 'NONE',  ( 0.000000000000000000, 1.000000000000000000, 0.000000000000000000 ) ) ;
#4482 = CARTESIAN_POINT ( 'NONE',  ( 25.39999999999999858, 0.000000000000000000, -0.1999999999999996503 ) ) ;
#4483 = CARTESIAN_POINT ( 'NONE',  ( 25.10000000000000142, 13.08000000000000007, 0.000000000000000000 ) ) ;
#4484 = FACE_OUTER_BOUND ( 'NONE', #2648, .T. ) ;
#4485 = PRESENTATION_LAYER_ASSIGNMENT (  '', '', ( #5678 ) ) ;
#4486 = AXIS2_PLACEMENT_3D ( 'NONE', #5333, #170, #1460 ) ;
#4487 = DIRECTION ( 'NONE',  ( -1.000000000000000000, 0.000000000000000000, 0.000000000000000000 ) ) ;
#4488 = CARTESIAN_POINT ( 'NONE',  ( 28.19999999999999929, 19.40000000000000213, 12.19999999999999929 ) ) ;
#4489 = PRESENTATION_STYLE_ASSIGNMENT (( #1825 ) ) ;
#4490 = PRESENTATION_STYLE_ASSIGNMENT (( #4620 ) ) ;
#4491 = ORIENTED_EDGE ( 'NONE', *, *, #4631, .T. ) ;
#4492 = DIRECTION ( 'NONE',  ( 0.000000000000000000, 1.000000000000000000, 0.000000000000000000 ) ) ;
#4493 = CARTESIAN_POINT ( 'NONE',  ( -24.64999999999999858, -7.620000000000000107, -0.1999999999999996503 ) ) ;
#4494 = PLANE ( 'NONE',  #4167 ) ;
#4495 = EDGE_LOOP ( 'NONE', ( #4467, #4790, #2769, #4822 ) ) ;
#4496 =( LENGTH_UNIT ( ) NAMED_UNIT ( * ) SI_UNIT ( .MILLI., .METRE. ) );
#4497 =( NAMED_UNIT ( * ) PLANE_ANGLE_UNIT ( ) SI_UNIT ( $, .RADIAN. ) );
#4498 = DIRECTION ( 'NONE',  ( 1.000000000000000000, 0.000000000000000000, 0.000000000000000000 ) ) ;
#4499 = EDGE_LOOP ( 'NONE', ( #4004, #370, #550, #180 ) ) ;
#4500 = EDGE_CURVE ( 'NONE', #2781, #5139, #699, .T. ) ;
#4501 = DIRECTION ( 'NONE',  ( 1.000000000000000000, 0.000000000000000000, 0.000000000000000000 ) ) ;
#4502 = DIRECTION ( 'NONE',  ( 0.7071067811865510144, -8.659560562354980929E-17, 0.7071067811865441310 ) ) ;
#4503 = EDGE_LOOP ( 'NONE', ( #2180, #4158, #6134, #5194 ) ) ;
#4504 = CYLINDRICAL_SURFACE ( 'NONE', #2747, 1.500000000000001332 ) ;
#4505 = CARTESIAN_POINT ( 'NONE',  ( 28.19999999999999929, 19.50000000000000000, 12.69999999999999929 ) ) ;
#4506 = CARTESIAN_POINT ( 'NONE',  ( -24.89999999999999858, -7.620000000000000107, -0.1999999999999996503 ) ) ;
#4507 = CYLINDRICAL_SURFACE ( 'NONE', #2615, 0.09999999999999939493 ) ;
#4508 = SURFACE_SIDE_STYLE ('',( #2914 ) ) ;
#4509 = VERTEX_POINT ( 'NONE', #2186 ) ;
#4510 = ORIENTED_EDGE ( 'NONE', *, *, #6115, .T. ) ;
#4511 = SURFACE_SIDE_STYLE ('',( #6589 ) ) ;
#4512 = SURFACE_STYLE_USAGE ( .BOTH. , #1919 ) ;
#4513 =( NAMED_UNIT ( * ) PLANE_ANGLE_UNIT ( ) SI_UNIT ( $, .RADIAN. ) );
#4514 = ADVANCED_FACE ( 'NONE', ( #111 ), #559, .F. ) ;
#4515 = CARTESIAN_POINT ( 'NONE',  ( 30.20000000000000284, 17.50000000000000000, 12.69999999999999929 ) ) ;
#4516 = AXIS2_PLACEMENT_3D ( 'NONE', #3012, #5160, #5530 ) ;
#4517 =( GEOMETRIC_REPRESENTATION_CONTEXT ( 3 ) GLOBAL_UNCERTAINTY_ASSIGNED_CONTEXT ( ( #834 ) ) GLOBAL_UNIT_ASSIGNED_CONTEXT ( ( #2267, #4316, #4418 ) ) REPRESENTATION_CONTEXT ( 'NONE', 'WORKASPACE' ) );
#4518 =( NAMED_UNIT ( * ) SI_UNIT ( $, .STERADIAN. ) SOLID_ANGLE_UNIT ( ) );
#4519 = EDGE_CURVE ( 'NONE', #769, #5619, #2689, .T. ) ;
#4520 = ORIENTED_EDGE ( 'NONE', *, *, #4716, .T. ) ;
#4521 = AXIS2_PLACEMENT_3D ( 'NONE', #836, #3390, #3930 ) ;
#4522 = ORIENTED_EDGE ( 'NONE', *, *, #4697, .T. ) ;
#4523 = FACE_OUTER_BOUND ( 'NONE', #3758, .T. ) ;
#4524 =( GEOMETRIC_REPRESENTATION_CONTEXT ( 3 ) GLOBAL_UNCERTAINTY_ASSIGNED_CONTEXT ( ( #2571 ) ) GLOBAL_UNIT_ASSIGNED_CONTEXT ( ( #5614, #2529, #4034 ) ) REPRESENTATION_CONTEXT ( 'NONE', 'WORKASPACE' ) );
#4525 = CARTESIAN_POINT ( 'NONE',  ( 28.80000000000000071, 18.50000000000000000, 12.19999999999999929 ) ) ;
#4526 = ORIENTED_EDGE ( 'NONE', *, *, #605, .F. ) ;
#4527 = DIRECTION ( 'NONE',  ( 0.000000000000000000, 0.000000000000000000, -1.000000000000000000 ) ) ;
#4528 = UNCERTAINTY_MEASURE_WITH_UNIT (LENGTH_MEASURE( 1.000000000000000082E-05 ), #509, 'distance_accuracy_value', 'NONE');
#4529 = CYLINDRICAL_SURFACE ( 'NONE', #3526, 0.5000000000000004441 ) ;
#4530 = VECTOR ( 'NONE', #2336, 1000.000000000000000 ) ;
#4531 = AXIS2_PLACEMENT_3D ( 'NONE', #2073, #585, #3105 ) ;
#4532 = EDGE_LOOP ( 'NONE', ( #2216, #5784, #296, #2544 ) ) ;
#4533 = COLOUR_RGB ( '',1.000000000000000000, 1.000000000000000000, 0.5019607843137254832 ) ;
#4534 = DIRECTION ( 'NONE',  ( 0.000000000000000000, 0.000000000000000000, 1.000000000000000000 ) ) ;
#4535 = EDGE_CURVE ( 'NONE', #5893, #2575, #6245, .T. ) ;
#4536 = DIRECTION ( 'NONE',  ( 0.000000000000000000, 0.000000000000000000, -1.000000000000000000 ) ) ;
#4537 = DIRECTION ( 'NONE',  ( 0.000000000000000000, 0.000000000000000000, -1.000000000000000000 ) ) ;
#4538 =( GEOMETRIC_REPRESENTATION_CONTEXT ( 3 ) GLOBAL_UNCERTAINTY_ASSIGNED_CONTEXT ( ( #2423 ) ) GLOBAL_UNIT_ASSIGNED_CONTEXT ( ( #2227, #3830, #1795 ) ) REPRESENTATION_CONTEXT ( 'NONE', 'WORKASPACE' ) );
#4539 = COLOUR_RGB ( '',1.000000000000000000, 1.000000000000000000, 1.000000000000000000 ) ;
#4540 = SURFACE_STYLE_USAGE ( .BOTH. , #4508 ) ;
#4541 = VERTEX_POINT ( 'NONE', #3116 ) ;
#4542 = COLOUR_RGB ( '',1.000000000000000000, 1.000000000000000000, 1.000000000000000000 ) ;
#4543 = CYLINDRICAL_SURFACE ( 'NONE', #1197, 1.500000000000001332 ) ;
#4544 = ORIENTED_EDGE ( 'NONE', *, *, #571, .F. ) ;
#4545 = CARTESIAN_POINT ( 'NONE',  ( 25.10000000000000142, -13.08000000000000007, 0.000000000000000000 ) ) ;
#4546 = FACE_OUTER_BOUND ( 'NONE', #1119, .T. ) ;
#4547 = AXIS2_PLACEMENT_3D ( 'NONE', #113, #4201, #6284 ) ;
#4548 = DIRECTION ( 'NONE',  ( 0.000000000000000000, 1.000000000000000000, 0.000000000000000000 ) ) ;
#4549 = CIRCLE ( 'NONE', #588, 1.500000000000001332 ) ;
#4550 = PRESENTATION_STYLE_ASSIGNMENT (( #4585 ) ) ;
#4551 = PRODUCT_DEFINITION ( 'ๆ', '', #4663, #4048 ) ;
#4552 = PRESENTATION_LAYER_ASSIGNMENT (  '', '', ( #2178 ) ) ;
#4553 = SURFACE_STYLE_FILL_AREA ( #2488 ) ;
#4554 = VECTOR ( 'NONE', #5513, 1000.000000000000000 ) ;
#4555 = CARTESIAN_POINT ( 'NONE',  ( -29.30000000000000071, 18.39999999999999858, 12.69999999999999929 ) ) ;
#4556 = CARTESIAN_POINT ( 'NONE',  ( -29.80000000000000071, 17.50000000000000000, 12.19999999999999929 ) ) ;
#4557 = VECTOR ( 'NONE', #3781, 1000.000000000000000 ) ;
#4558 = ORIENTED_EDGE ( 'NONE', *, *, #4363, .T. ) ;
#4559 = CARTESIAN_POINT ( 'NONE',  ( 29.19999999999999929, 18.39999999999999858, 12.69999999999999929 ) ) ;
#4560 = VECTOR ( 'NONE', #364, 1000.000000000000000 ) ;
#4561 = CARTESIAN_POINT ( 'NONE',  ( 29.19999999999999929, 18.39999999999999858, 12.69999999999999929 ) ) ;
#4562 = FACE_OUTER_BOUND ( 'NONE', #1621, .T. ) ;
#4563 = VERTEX_POINT ( 'NONE', #636 ) ;
#4564 = PLANE ( 'NONE',  #1630 ) ;
#4565 = CARTESIAN_POINT ( 'NONE',  ( -29.30000000000000071, 18.00000000000000000, 12.69999999999999929 ) ) ;
#4566 = VECTOR ( 'NONE', #4780, 999.9999999999998863 ) ;
#4567 = CARTESIAN_POINT ( 'NONE',  ( -29.30000000000000071, 18.00000000000000000, 12.19999999999999929 ) ) ;
#4568 = EDGE_LOOP ( 'NONE', ( #911, #2301, #5375, #4022 ) ) ;
#4569 = DIRECTION ( 'NONE',  ( 1.000000000000000000, 0.000000000000000000, 0.000000000000000000 ) ) ;
#4570 = SURFACE_STYLE_FILL_AREA ( #1977 ) ;
#4571 = STYLED_ITEM ( 'NONE', ( #5438 ), #3824 ) ;
#4572 = VERTEX_POINT ( 'NONE', #179 ) ;
#4573 = LINE ( 'NONE', #1479, #4807 ) ;
#4574 = DIRECTION ( 'NONE',  ( 0.000000000000000000, 0.000000000000000000, 1.000000000000000000 ) ) ;
#4575 = FILL_AREA_STYLE_COLOUR ( '', #5195 ) ;
#4576 =( NAMED_UNIT ( * ) SI_UNIT ( $, .STERADIAN. ) SOLID_ANGLE_UNIT ( ) );
#4577 =( NAMED_UNIT ( * ) PLANE_ANGLE_UNIT ( ) SI_UNIT ( $, .RADIAN. ) );
#4578 = ORIENTED_EDGE ( 'NONE', *, *, #553, .T. ) ;
#4579 =( NAMED_UNIT ( * ) SI_UNIT ( $, .STERADIAN. ) SOLID_ANGLE_UNIT ( ) );
#4580 = MECHANICAL_DESIGN_GEOMETRIC_PRESENTATION_REPRESENTATION (  '', ( #628 ), #2209 ) ;
#4581 = VERTEX_POINT ( 'NONE', #2221 ) ;
#4582 = DIRECTION ( 'NONE',  ( 0.000000000000000000, 0.000000000000000000, -1.000000000000000000 ) ) ;
#4583 = SURFACE_STYLE_USAGE ( .BOTH. , #3550 ) ;
#4584 = CARTESIAN_POINT ( 'NONE',  ( 25.39999999999999858, 3.810000000000000053, -3.999999999999999112 ) ) ;
#4585 = SURFACE_STYLE_USAGE ( .BOTH. , #1956 ) ;
#4586 = DIRECTION ( 'NONE',  ( 0.000000000000000000, -1.000000000000000000, 0.000000000000000000 ) ) ;
#4587 = MECHANICAL_DESIGN_GEOMETRIC_PRESENTATION_REPRESENTATION (  '', ( #3490 ), #5144 ) ;
#4588 = UNCERTAINTY_MEASURE_WITH_UNIT (LENGTH_MEASURE( 1.000000000000000082E-05 ), #2900, 'distance_accuracy_value', 'NONE');
#4589 = EDGE_CURVE ( 'NONE', #5199, #2533, #6350, .T. ) ;
#4590 = FILL_AREA_STYLE ('',( #6525 ) ) ;
#4591 = AXIS2_PLACEMENT_3D ( 'NONE', #5671, #1061, #4231 ) ;
#4592 = DIRECTION ( 'NONE',  ( -1.000000000000000000, 0.000000000000000000, 0.000000000000000000 ) ) ;
#4593 = FILL_AREA_STYLE ('',( #5115 ) ) ;
#4594 = AXIS2_PLACEMENT_3D ( 'NONE', #6495, #742, #4452 ) ;
#4595 = ORIENTED_EDGE ( 'NONE', *, *, #6319, .F. ) ;
#4596 = VECTOR ( 'NONE', #272, 1000.000000000000000 ) ;
#4597 = DIRECTION ( 'NONE',  ( 0.000000000000000000, 0.000000000000000000, -1.000000000000000000 ) ) ;
#4598 = DIRECTION ( 'NONE',  ( 0.000000000000000000, 0.000000000000000000, 1.000000000000000000 ) ) ;
#4599 = ORIENTED_EDGE ( 'NONE', *, *, #5161, .T. ) ;
#4600 = SURFACE_STYLE_FILL_AREA ( #3603 ) ;
#4601 = EDGE_CURVE ( 'NONE', #727, #4480, #858, .T. ) ;
#4602 = ADVANCED_FACE ( 'NONE', ( #2881 ), #335, .F. ) ;
#4603 = FILL_AREA_STYLE ('',( #6123 ) ) ;
#4604 = ORIENTED_EDGE ( 'NONE', *, *, #6171, .T. ) ;
#4605 = DIRECTION ( 'NONE',  ( 1.000000000000000000, 0.000000000000000000, 0.000000000000000000 ) ) ;
#4606 = UNCERTAINTY_MEASURE_WITH_UNIT (LENGTH_MEASURE( 1.000000000000000082E-05 ), #4103, 'distance_accuracy_value', 'NONE');
#4607 = CARTESIAN_POINT ( 'NONE',  ( 29.19999999999999929, -18.39999999999999858, 12.69999999999999929 ) ) ;
#4608 = ORIENTED_EDGE ( 'NONE', *, *, #2122, .T. ) ;
#4609 = FILL_AREA_STYLE_COLOUR ( '', #2807 ) ;
#4610 = CARTESIAN_POINT ( 'NONE',  ( 25.39999999999999858, -3.810000000000000053, -0.1999999999999996503 ) ) ;
#4611 = FILL_AREA_STYLE ('',( #4120 ) ) ;
#4612 = DIRECTION ( 'NONE',  ( 0.000000000000000000, 0.000000000000000000, -1.000000000000000000 ) ) ;
#4613 = ORIENTED_EDGE ( 'NONE', *, *, #3595, .T. ) ;
#4614 = EDGE_CURVE ( 'NONE', #2610, #5591, #4370, .T. ) ;
#4615 = FILL_AREA_STYLE_COLOUR ( '', #2044 ) ;
#4616 = EDGE_LOOP ( 'NONE', ( #1881, #1645, #1144, #3150 ) ) ;
#4617 =( NAMED_UNIT ( * ) PLANE_ANGLE_UNIT ( ) SI_UNIT ( $, .RADIAN. ) );
#4618 = AXIS2_PLACEMENT_3D ( 'NONE', #5083, #3498, #3935 ) ;
#4619 = CYLINDRICAL_SURFACE ( 'NONE', #1250, 0.09999999999999939493 ) ;
#4620 = SURFACE_STYLE_USAGE ( .BOTH. , #4915 ) ;
#4621 = PLANE ( 'NONE',  #2055 ) ;
#4622 = FACE_OUTER_BOUND ( 'NONE', #486, .T. ) ;
#4623 = PRESENTATION_STYLE_ASSIGNMENT (( #2494 ) ) ;
#4624 = EDGE_CURVE ( 'NONE', #5230, #4735, #5405, .T. ) ;
#4625 = ADVANCED_FACE ( 'NONE', ( #4830 ), #6452, .F. ) ;
#4626 = DIRECTION ( 'NONE',  ( 0.000000000000000000, 0.000000000000000000, 1.000000000000000000 ) ) ;
#4627 = MECHANICAL_DESIGN_GEOMETRIC_PRESENTATION_REPRESENTATION (  '', ( #3533 ), #672 ) ;
#4628 = ORIENTED_EDGE ( 'NONE', *, *, #767, .F. ) ;
#4629 = CARTESIAN_POINT ( 'NONE',  ( 30.30000000000000071, 19.50000000000000000, 0.000000000000000000 ) ) ;
#4630 = DIRECTION ( 'NONE',  ( 0.000000000000000000, 0.000000000000000000, -1.000000000000000000 ) ) ;
#4631 = EDGE_CURVE ( 'NONE', #5249, #31, #4249, .T. ) ;
#4632 = PRESENTATION_LAYER_ASSIGNMENT (  '', '', ( #6369 ) ) ;
#4633 = ORIENTED_EDGE ( 'NONE', *, *, #4108, .T. ) ;
#4634 = AXIS2_PLACEMENT_3D ( 'NONE', #5124, #6255, #5620 ) ;
#4635 = SURFACE_STYLE_USAGE ( .BOTH. , #5284 ) ;
#4636 = SURFACE_STYLE_USAGE ( .BOTH. , #1175 ) ;
#4637 = DIRECTION ( 'NONE',  ( 1.000000000000000000, 0.000000000000000000, 0.000000000000000000 ) ) ;
#4638 = VERTEX_POINT ( 'NONE', #3344 ) ;
#4639 = CARTESIAN_POINT ( 'NONE',  ( -28.80000000000000071, -18.50000000000000000, 12.69999999999999929 ) ) ;
#4640 = DIRECTION ( 'NONE',  ( 0.000000000000000000, 0.000000000000000000, -1.000000000000000000 ) ) ;
#4641 = FILL_AREA_STYLE ('',( #3610 ) ) ;
#4642 =( LENGTH_UNIT ( ) NAMED_UNIT ( * ) SI_UNIT ( .MILLI., .METRE. ) );
#4643 = EDGE_LOOP ( 'NONE', ( #4114, #276, #5434, #4212 ) ) ;
#4644 = ORIENTED_EDGE ( 'NONE', *, *, #4898, .F. ) ;
#4645 = CIRCLE ( 'NONE', #3863, 0.7500000000000006661 ) ;
#4646 = PRESENTATION_LAYER_ASSIGNMENT (  '', '', ( #788 ) ) ;
#4647 = ORIENTED_EDGE ( 'NONE', *, *, #758, .T. ) ;
#4648 = DIRECTION ( 'NONE',  ( 0.000000000000000000, 1.000000000000000000, 0.000000000000000000 ) ) ;
#4649 = LINE ( 'NONE', #2119, #738 ) ;
#4650 = LINE ( 'NONE', #2120, #3915 ) ;
#4651 = EDGE_CURVE ( 'NONE', #1598, #727, #5470, .T. ) ;
#4652 = VECTOR ( 'NONE', #3288, 1000.000000000000000 ) ;
#4653 = VECTOR ( 'NONE', #5091, 1000.000000000000000 ) ;
#4654 = AXIS2_PLACEMENT_3D ( 'NONE', #3201, #684, #4183 ) ;
#4655 = CIRCLE ( 'NONE', #3881, 0.5000000000000004441 ) ;
#4656 = DIRECTION ( 'NONE',  ( 0.000000000000000000, -1.000000000000000000, 0.000000000000000000 ) ) ;
#4657 = AXIS2_PLACEMENT_3D ( 'NONE', #763, #3826, #1292 ) ;
#4658 = AXIS2_PLACEMENT_3D ( 'NONE', #4881, #3739, #3325 ) ;
#4659 = SURFACE_SIDE_STYLE ('',( #3067 ) ) ;
#4660 = CIRCLE ( 'NONE', #2065, 0.5000000000000004441 ) ;
#4661 = CYLINDRICAL_SURFACE ( 'NONE', #889, 1.500000000000001332 ) ;
#4662 =( GEOMETRIC_REPRESENTATION_CONTEXT ( 3 ) GLOBAL_UNCERTAINTY_ASSIGNED_CONTEXT ( ( #1839 ) ) GLOBAL_UNIT_ASSIGNED_CONTEXT ( ( #316, #528, #1558 ) ) REPRESENTATION_CONTEXT ( 'NONE', 'WORKASPACE' ) );
#4663 = PRODUCT_DEFINITION_FORMATION_WITH_SPECIFIED_SOURCE ( 'ไป', '', #6357, .NOT_KNOWN. ) ;
#4664 = LINE ( 'NONE', #2633, #2291 ) ;
#4665 =( NAMED_UNIT ( * ) PLANE_ANGLE_UNIT ( ) SI_UNIT ( $, .RADIAN. ) );
#4666 = EDGE_CURVE ( 'NONE', #4405, #3612, #4937, .T. ) ;
#4667 = CARTESIAN_POINT ( 'NONE',  ( -24.64999999999999858, -7.620000000000000107, 0.000000000000000000 ) ) ;
#4668 = VECTOR ( 'NONE', #4358, 1000.000000000000000 ) ;
#4669 = EDGE_LOOP ( 'NONE', ( #891, #1006 ) ) ;
#4670 = DIRECTION ( 'NONE',  ( 1.000000000000000000, 0.000000000000000000, 0.000000000000000000 ) ) ;
#4671 = SURFACE_STYLE_FILL_AREA ( #3630 ) ;
#4672 = VECTOR ( 'NONE', #264, 1000.000000000000000 ) ;
#4673 = PRESENTATION_STYLE_ASSIGNMENT (( #5590 ) ) ;
#4674 = VERTEX_POINT ( 'NONE', #5637 ) ;
#4675 =( NAMED_UNIT ( * ) SI_UNIT ( $, .STERADIAN. ) SOLID_ANGLE_UNIT ( ) );
#4676 = UNCERTAINTY_MEASURE_WITH_UNIT (LENGTH_MEASURE( 1.000000000000000082E-05 ), #126, 'distance_accuracy_value', 'NONE');
#4677 = EDGE_CURVE ( 'NONE', #4381, #2659, #6104, .T. ) ;
#4678 = DIRECTION ( 'NONE',  ( 0.000000000000000000, 0.000000000000000000, 1.000000000000000000 ) ) ;
#4679 = VERTEX_POINT ( 'NONE', #2412 ) ;
#4680 = CIRCLE ( 'NONE', #6294, 1.500000000000001332 ) ;
#4681 = FILL_AREA_STYLE_COLOUR ( '', #3330 ) ;
#4682 = AXIS2_PLACEMENT_3D ( 'NONE', #5183, #97, #6195 ) ;
#4683 = EDGE_CURVE ( 'NONE', #838, #1840, #2517, .T. ) ;
#4684 = CARTESIAN_POINT ( 'NONE',  ( 23.59999999999999787, 13.08000000000000007, 12.19999999999999929 ) ) ;
#4685 = ORIENTED_EDGE ( 'NONE', *, *, #564, .T. ) ;
#4686 = FILL_AREA_STYLE ('',( #2618 ) ) ;
#4687 = VERTEX_POINT ( 'NONE', #2477 ) ;
#4688 = VECTOR ( 'NONE', #5608, 1000.000000000000000 ) ;
#4689 = LINE ( 'NONE', #3272, #4859 ) ;
#4690 = ORIENTED_EDGE ( 'NONE', *, *, #2684, .F. ) ;
#4691 = DIRECTION ( 'NONE',  ( 0.000000000000000000, 0.000000000000000000, 1.000000000000000000 ) ) ;
#4692 = DIRECTION ( 'NONE',  ( -1.000000000000000000, 8.673617379884240576E-15, 0.000000000000000000 ) ) ;
#4693 = ADVANCED_FACE ( 'NONE', ( #5495 ), #5570, .T. ) ;
#4694 =( GEOMETRIC_REPRESENTATION_CONTEXT ( 3 ) GLOBAL_UNCERTAINTY_ASSIGNED_CONTEXT ( ( #5733 ) ) GLOBAL_UNIT_ASSIGNED_CONTEXT ( ( #4059, #3486, #421 ) ) REPRESENTATION_CONTEXT ( 'NONE', 'WORKASPACE' ) );
#4695 = CYLINDRICAL_SURFACE ( 'NONE', #3581, 0.5000000000000004441 ) ;
#4696 = DIRECTION ( 'NONE',  ( 0.000000000000000000, 1.000000000000000000, 0.000000000000000000 ) ) ;
#4697 = EDGE_CURVE ( 'NONE', #5911, #3138, #886, .T. ) ;
#4698 = SURFACE_STYLE_FILL_AREA ( #2692 ) ;
#4699 = SURFACE_STYLE_FILL_AREA ( #2053 ) ;
#4700 = CARTESIAN_POINT ( 'NONE',  ( 25.39999999999999858, -3.810000000000000053, 0.000000000000000000 ) ) ;
#4701 = ADVANCED_FACE ( 'NONE', ( #1455, #2017 ), #1023, .T. ) ;
#4702 = LINE ( 'NONE', #53, #5846 ) ;
#4703 = CARTESIAN_POINT ( 'NONE',  ( 30.20000000000000284, -17.39999999999999858, 12.69999999999999929 ) ) ;
#4704 = PRESENTATION_LAYER_ASSIGNMENT (  '', '', ( #947 ) ) ;
#4705 = CARTESIAN_POINT ( 'NONE',  ( -30.30000000000000071, 17.39999999999999858, 12.19999999999999929 ) ) ;
#4706 = ORIENTED_EDGE ( 'NONE', *, *, #6441, .T. ) ;
#4707 = STYLED_ITEM ( 'NONE', ( #4773 ), #2841 ) ;
#4708 = FACE_OUTER_BOUND ( 'NONE', #5961, .T. ) ;
#4709 = MECHANICAL_DESIGN_GEOMETRIC_PRESENTATION_REPRESENTATION (  '', ( #950 ), #2113 ) ;
#4710 = CARTESIAN_POINT ( 'NONE',  ( -30.20000000000000284, 17.50000000000000000, 12.69999999999999929 ) ) ;
#4711 = VERTEX_POINT ( 'NONE', #518 ) ;
#4712 = FACE_OUTER_BOUND ( 'NONE', #6174, .T. ) ;
#4713 = ORIENTED_EDGE ( 'NONE', *, *, #4172, .T. ) ;
#4714 = DIRECTION ( 'NONE',  ( -1.000000000000000000, 0.000000000000000000, 0.000000000000000000 ) ) ;
#4715 = DIRECTION ( 'NONE',  ( 0.000000000000000000, 0.000000000000000000, -1.000000000000000000 ) ) ;
#4716 = EDGE_CURVE ( 'NONE', #1401, #752, #3922, .T. ) ;
#4717 = CYLINDRICAL_SURFACE ( 'NONE', #3896, 0.7500000000000006661 ) ;
#4718 = ORIENTED_EDGE ( 'NONE', *, *, #5196, .F. ) ;
#4719 = ORIENTED_EDGE ( 'NONE', *, *, #3965, .T. ) ;
#4720 = SURFACE_SIDE_STYLE ('',( #2245 ) ) ;
#4721 = ORIENTED_EDGE ( 'NONE', *, *, #654, .F. ) ;
#4722 = FILL_AREA_STYLE_COLOUR ( '', #188 ) ;
#4723 = CARTESIAN_POINT ( 'NONE',  ( -23.59999999999999787, -13.08000000000000007, 12.19999999999999929 ) ) ;
#4724 = CARTESIAN_POINT ( 'NONE',  ( -29.19999999999999929, 18.39999999999999858, 12.69999999999999929 ) ) ;
#4725 = SURFACE_STYLE_USAGE ( .BOTH. , #6280 ) ;
#4726 = ORIENTED_EDGE ( 'NONE', *, *, #3110, .F. ) ;
#4727 = UNCERTAINTY_MEASURE_WITH_UNIT (LENGTH_MEASURE( 1.000000000000000082E-05 ), #3030, 'distance_accuracy_value', 'NONE');
#4728 =( NAMED_UNIT ( * ) PLANE_ANGLE_UNIT ( ) SI_UNIT ( $, .RADIAN. ) );
#4729 = DIRECTION ( 'NONE',  ( 0.000000000000000000, 0.000000000000000000, -1.000000000000000000 ) ) ;
#4730 = LINE ( 'NONE', #2154, #2093 ) ;
#4731 = EDGE_CURVE ( 'NONE', #1397, #3616, #3579, .T. ) ;
#4732 = COLOUR_RGB ( '',1.000000000000000000, 1.000000000000000000, 0.5019607843137254832 ) ;
#4733 = DIRECTION ( 'NONE',  ( 0.000000000000000000, 0.000000000000000000, -1.000000000000000000 ) ) ;
#4734 = DIRECTION ( 'NONE',  ( -1.000000000000000000, 0.000000000000000000, 0.000000000000000000 ) ) ;
#4735 = VERTEX_POINT ( 'NONE', #625 ) ;
#4736 = LINE ( 'NONE', #4629, #3217 ) ;
#4737 = EDGE_CURVE ( 'NONE', #3009, #5726, #2078, .T. ) ;
#4738 =( NAMED_UNIT ( * ) SI_UNIT ( $, .STERADIAN. ) SOLID_ANGLE_UNIT ( ) );
#4739 = VERTEX_POINT ( 'NONE', #1056 ) ;
#4740 = FILL_AREA_STYLE ('',( #5221 ) ) ;
#4741 = DIRECTION ( 'NONE',  ( -1.000000000000000000, 0.000000000000000000, 0.000000000000000000 ) ) ;
#4742 = CARTESIAN_POINT ( 'NONE',  ( 25.94999999999999929, 7.620000000000000107, -3.999999999999999112 ) ) ;
#4743 = EDGE_LOOP ( 'NONE', ( #95, #5701, #3893, #3159 ) ) ;
#4744 = CARTESIAN_POINT ( 'NONE',  ( -25.39999999999999858, -7.620000000000000107, -3.999999999999999112 ) ) ;
#4745 = FACE_OUTER_BOUND ( 'NONE', #6136, .T. ) ;
#4746 = COLOUR_RGB ( '',1.000000000000000000, 1.000000000000000000, 1.000000000000000000 ) ;
#4747 = SURFACE_SIDE_STYLE ('',( #5635 ) ) ;
#4748 = CARTESIAN_POINT ( 'NONE',  ( 23.59999999999999787, 13.08000000000000007, -17.30000000000000071 ) ) ;
#4749 = ORIENTED_EDGE ( 'NONE', *, *, #5113, .T. ) ;
#4750 = SURFACE_STYLE_USAGE ( .BOTH. , #5266 ) ;
#4751 = EDGE_CURVE ( 'NONE', #4919, #4638, #2107, .T. ) ;
#4752 = COLOUR_RGB ( '',1.000000000000000000, 1.000000000000000000, 0.5019607843137254832 ) ;
#4753 = ORIENTED_EDGE ( 'NONE', *, *, #3445, .F. ) ;
#4754 = CARTESIAN_POINT ( 'NONE',  ( -25.39999999999999858, 7.620000000000000107, -0.1999999999999996503 ) ) ;
#4755 =( NAMED_UNIT ( * ) PLANE_ANGLE_UNIT ( ) SI_UNIT ( $, .RADIAN. ) );
#4756 = SURFACE_STYLE_FILL_AREA ( #5203 ) ;
#4757 = AXIS2_PLACEMENT_3D ( 'NONE', #3742, #3712, #4223 ) ;
#4758 =( NAMED_UNIT ( * ) SI_UNIT ( $, .STERADIAN. ) SOLID_ANGLE_UNIT ( ) );
#4759 = ORIENTED_EDGE ( 'NONE', *, *, #888, .F. ) ;
#4760 = EDGE_CURVE ( 'NONE', #6240, #4788, #5721, .T. ) ;
#4761 = PRESENTATION_LAYER_ASSIGNMENT (  '', '', ( #1744 ) ) ;
#4762 = CARTESIAN_POINT ( 'NONE',  ( -29.80000000000000071, -17.50000000000000000, 12.69999999999999929 ) ) ;
#4763 = CARTESIAN_POINT ( 'NONE',  ( -30.20000000000000284, -17.50000000000000000, 12.19999999999999929 ) ) ;
#4764 = VECTOR ( 'NONE', #1806, 1000.000000000000000 ) ;
#4765 = PRESENTATION_LAYER_ASSIGNMENT (  '', '', ( #3556 ) ) ;
#4766 = AXIS2_PLACEMENT_3D ( 'NONE', #2131, #62, #5157 ) ;
#4767 = DIRECTION ( 'NONE',  ( 1.000000000000000000, 0.000000000000000000, 0.000000000000000000 ) ) ;
#4768 = AXIS2_PLACEMENT_3D ( 'NONE', #2472, #4574, #1980 ) ;
#4769 =( NAMED_UNIT ( * ) PLANE_ANGLE_UNIT ( ) SI_UNIT ( $, .RADIAN. ) );
#4770 = EDGE_CURVE ( 'NONE', #1604, #5095, #6213, .T. ) ;
#4771 = ORIENTED_EDGE ( 'NONE', *, *, #2004, .F. ) ;
#4772 = DIRECTION ( 'NONE',  ( 0.000000000000000000, -1.000000000000000000, 0.000000000000000000 ) ) ;
#4773 = PRESENTATION_STYLE_ASSIGNMENT (( #6256 ) ) ;
#4774 = AXIS2_PLACEMENT_3D ( 'NONE', #1641, #2553, #4714 ) ;
#4775 = COLOUR_RGB ( '',1.000000000000000000, 1.000000000000000000, 0.5019607843137254832 ) ;
#4776 = CARTESIAN_POINT ( 'NONE',  ( -29.80000000000000071, -17.50000000000000000, 12.69999999999999929 ) ) ;
#4777 = ORIENTED_EDGE ( 'NONE', *, *, #3528, .F. ) ;
#4778 = CYLINDRICAL_SURFACE ( 'NONE', #799, 0.09999999999999939493 ) ;
#4779 = CONICAL_SURFACE ( 'NONE', #5535, 0.3000000000000224709, 0.7853981633974532750 ) ;
#4780 = DIRECTION ( 'NONE',  ( -0.7071067811865510144, -0.000000000000000000, 0.7071067811865441310 ) ) ;
#4781 = ORIENTED_EDGE ( 'NONE', *, *, #399, .F. ) ;
#4782 = CARTESIAN_POINT ( 'NONE',  ( -25.39999999999999858, 7.620000000000000107, -3.800000000000000266 ) ) ;
#4783 = DIRECTION ( 'NONE',  ( 0.000000000000000000, -1.000000000000000000, 0.000000000000000000 ) ) ;
#4784 = DIRECTION ( 'NONE',  ( 1.000000000000000000, 0.000000000000000000, 0.000000000000000000 ) ) ;
#4785 =( GEOMETRIC_REPRESENTATION_CONTEXT ( 3 ) GLOBAL_UNCERTAINTY_ASSIGNED_CONTEXT ( ( #2368 ) ) GLOBAL_UNIT_ASSIGNED_CONTEXT ( ( #3921, #5494, #4576 ) ) REPRESENTATION_CONTEXT ( 'NONE', 'WORKASPACE' ) );
#4786 = EDGE_CURVE ( 'NONE', #6050, #583, #2960, .T. ) ;
#4787 = CARTESIAN_POINT ( 'NONE',  ( 29.80000000000000071, 17.50000000000000000, 12.69999999999999929 ) ) ;
#4788 = VERTEX_POINT ( 'NONE', #2112 ) ;
#4789 = CARTESIAN_POINT ( 'NONE',  ( 29.30000000000000071, 18.39999999999999858, 12.19999999999999929 ) ) ;
#4790 = ORIENTED_EDGE ( 'NONE', *, *, #1922, .F. ) ;
#4791 = AXIS2_PLACEMENT_3D ( 'NONE', #3008, #3940, #977 ) ;
#4792 = SURFACE_STYLE_FILL_AREA ( #2722 ) ;
#4793 = VECTOR ( 'NONE', #615, 1000.000000000000000 ) ;
#4794 = ORIENTED_EDGE ( 'NONE', *, *, #922, .T. ) ;
#4795 = DIRECTION ( 'NONE',  ( 0.000000000000000000, 0.000000000000000000, -1.000000000000000000 ) ) ;
#4796 = CARTESIAN_POINT ( 'NONE',  ( 29.19999999999999929, 18.50000000000000000, 12.69999999999999929 ) ) ;
#4797 = SURFACE_STYLE_FILL_AREA ( #6383 ) ;
#4798 = DIRECTION ( 'NONE',  ( 0.000000000000000000, 0.000000000000000000, -1.000000000000000000 ) ) ;
#4799 = SURFACE_SIDE_STYLE ('',( #1191 ) ) ;
#4800 = ORIENTED_EDGE ( 'NONE', *, *, #6595, .T. ) ;
#4801 = SURFACE_STYLE_USAGE ( .BOTH. , #1820 ) ;
#4802 = CARTESIAN_POINT ( 'NONE',  ( -25.10000000000000142, -13.08000000000000007, 12.19999999999999929 ) ) ;
#4803 = ADVANCED_FACE ( 'NONE', ( #4155 ), #6310, .F. ) ;
#4804 = COLOUR_RGB ( '',1.000000000000000000, 1.000000000000000000, 1.000000000000000000 ) ;
#4805 = FACE_OUTER_BOUND ( 'NONE', #4743, .T. ) ;
#4806 =( LENGTH_UNIT ( ) NAMED_UNIT ( * ) SI_UNIT ( .MILLI., .METRE. ) );
#4807 = VECTOR ( 'NONE', #3014, 1000.000000000000000 ) ;
#4808 = VERTEX_POINT ( 'NONE', #1182 ) ;
#4809 =( NAMED_UNIT ( * ) PLANE_ANGLE_UNIT ( ) SI_UNIT ( $, .RADIAN. ) );
#4810 = VERTEX_POINT ( 'NONE', #3613 ) ;
#4811 = CARTESIAN_POINT ( 'NONE',  ( 29.19999999999999929, 18.50000000000000000, 12.19999999999999929 ) ) ;
#4812 = DIRECTION ( 'NONE',  ( 1.000000000000000000, 0.000000000000000000, 0.000000000000000000 ) ) ;
#4813 = EDGE_CURVE ( 'NONE', #4788, #478, #5699, .T. ) ;
#4814 = DIRECTION ( 'NONE',  ( 0.000000000000000000, 0.000000000000000000, 1.000000000000000000 ) ) ;
#4815 = ORIENTED_EDGE ( 'NONE', *, *, #2543, .T. ) ;
#4816 = LINE ( 'NONE', #1308, #1003 ) ;
#4817 =( NAMED_UNIT ( * ) PLANE_ANGLE_UNIT ( ) SI_UNIT ( $, .RADIAN. ) );
#4818 = AXIS2_PLACEMENT_3D ( 'NONE', #4584, #2022, #3485 ) ;
#4819 = STYLED_ITEM ( 'NONE', ( #661 ), #5055 ) ;
#4820 = PRESENTATION_STYLE_ASSIGNMENT (( #2746 ) ) ;
#4821 = EDGE_CURVE ( 'NONE', #5591, #1411, #3108, .T. ) ;
#4822 = ORIENTED_EDGE ( 'NONE', *, *, #5585, .T. ) ;
#4823 = ORIENTED_EDGE ( 'NONE', *, *, #3939, .T. ) ;
#4824 = DIRECTION ( 'NONE',  ( 0.000000000000000000, 0.000000000000000000, -1.000000000000000000 ) ) ;
#4825 = ORIENTED_EDGE ( 'NONE', *, *, #248, .T. ) ;
#4826 = CARTESIAN_POINT ( 'NONE',  ( 29.80000000000000071, -17.50000000000000000, 12.19999999999999929 ) ) ;
#4827 = DIRECTION ( 'NONE',  ( 0.000000000000000000, 0.000000000000000000, -1.000000000000000000 ) ) ;
#4828 = DIRECTION ( 'NONE',  ( 0.000000000000000000, 0.000000000000000000, 1.000000000000000000 ) ) ;
#4829 = EDGE_CURVE ( 'NONE', #3301, #4572, #3207, .T. ) ;
#4830 = FACE_OUTER_BOUND ( 'NONE', #2667, .T. ) ;
#4831 = ORIENTED_EDGE ( 'NONE', *, *, #955, .T. ) ;
#4832 =( LENGTH_UNIT ( ) NAMED_UNIT ( * ) SI_UNIT ( .MILLI., .METRE. ) );
#4833 = PRESENTATION_STYLE_ASSIGNMENT (( #1694 ) ) ;
#4834 = FACE_OUTER_BOUND ( 'NONE', #2448, .T. ) ;
#4835 =( NAMED_UNIT ( * ) PLANE_ANGLE_UNIT ( ) SI_UNIT ( $, .RADIAN. ) );
#4836 =( GEOMETRIC_REPRESENTATION_CONTEXT ( 3 ) GLOBAL_UNCERTAINTY_ASSIGNED_CONTEXT ( ( #4588 ) ) GLOBAL_UNIT_ASSIGNED_CONTEXT ( ( #2900, #289, #4385 ) ) REPRESENTATION_CONTEXT ( 'NONE', 'WORKASPACE' ) );
#4837 = DIRECTION ( 'NONE',  ( -1.000000000000000000, 0.000000000000000000, 0.000000000000000000 ) ) ;
#4838 = EDGE_CURVE ( 'NONE', #4290, #5581, #589, .T. ) ;
#4839 = FACE_OUTER_BOUND ( 'NONE', #3098, .T. ) ;
#4840 = CARTESIAN_POINT ( 'NONE',  ( 25.39999999999999858, 3.810000000000000053, -0.1999999999999996503 ) ) ;
#4841 = AXIS2_PLACEMENT_3D ( 'NONE', #3093, #2635, #90 ) ;
#4842 = ADVANCED_FACE ( 'NONE', ( #657 ), #2677, .F. ) ;
#4843 = EDGE_LOOP ( 'NONE', ( #6268, #6471, #6116, #5043 ) ) ;
#4844 = FILL_AREA_STYLE ('',( #1867 ) ) ;
#4845 = EDGE_LOOP ( 'NONE', ( #1489, #5168, #3946, #4633 ) ) ;
#4846 = CARTESIAN_POINT ( 'NONE',  ( 29.30000000000000071, 18.39999999999999858, 12.69999999999999929 ) ) ;
#4847 = CARTESIAN_POINT ( 'NONE',  ( -25.39999999999999858, 0.000000000000000000, -3.999999999999999112 ) ) ;
#4848 = EDGE_CURVE ( 'NONE', #6070, #5422, #2327, .T. ) ;
#4849 = CARTESIAN_POINT ( 'NONE',  ( 30.20000000000000284, -17.50000000000000000, 12.69999999999999929 ) ) ;
#4850 = EDGE_LOOP ( 'NONE', ( #2478, #3235, #1252, #1419 ) ) ;
#4851 = FILL_AREA_STYLE_COLOUR ( '', #1215 ) ;
#4852 = ORIENTED_EDGE ( 'NONE', *, *, #3474, .F. ) ;
#4853 = DIRECTION ( 'NONE',  ( 0.000000000000000000, 0.000000000000000000, -1.000000000000000000 ) ) ;
#4854 = CIRCLE ( 'NONE', #2680, 0.7500000000000006661 ) ;
#4855 = VECTOR ( 'NONE', #287, 1000.000000000000000 ) ;
#4856 = ORIENTED_EDGE ( 'NONE', *, *, #3680, .F. ) ;
#4857 = CARTESIAN_POINT ( 'NONE',  ( 30.30000000000000071, 19.50000000000000000, 12.69999999999999929 ) ) ;
#4858 = FACE_BOUND ( 'NONE', #535, .T. ) ;
#4859 = VECTOR ( 'NONE', #592, 1000.000000000000000 ) ;
#4860 = CIRCLE ( 'NONE', #5404, 0.5000000000000004441 ) ;
#4861 = DIRECTION ( 'NONE',  ( 0.000000000000000000, 1.000000000000000000, 0.000000000000000000 ) ) ;
#4862 = VERTEX_POINT ( 'NONE', #6343 ) ;
#4863 = DIRECTION ( 'NONE',  ( -1.000000000000000000, 0.000000000000000000, 0.000000000000000000 ) ) ;
#4864 =( LENGTH_UNIT ( ) NAMED_UNIT ( * ) SI_UNIT ( .MILLI., .METRE. ) );
#4865 = EDGE_CURVE ( 'NONE', #1357, #958, #5774, .T. ) ;
#4866 = DIRECTION ( 'NONE',  ( 1.000000000000000000, 0.000000000000000000, 0.000000000000000000 ) ) ;
#4867 = CARTESIAN_POINT ( 'NONE',  ( 30.20000000000000284, -17.39999999999999858, 12.19999999999999929 ) ) ;
#4868 = COLOUR_RGB ( '',1.000000000000000000, 1.000000000000000000, 0.5019607843137254832 ) ;
#4869 = UNCERTAINTY_MEASURE_WITH_UNIT (LENGTH_MEASURE( 1.000000000000000082E-05 ), #5744, 'distance_accuracy_value', 'NONE');
#4870 = CIRCLE ( 'NONE', #1103, 0.7500000000000006661 ) ;
#4871 =( GEOMETRIC_REPRESENTATION_CONTEXT ( 3 ) GLOBAL_UNCERTAINTY_ASSIGNED_CONTEXT ( ( #3100 ) ) GLOBAL_UNIT_ASSIGNED_CONTEXT ( ( #6305, #2207, #3743 ) ) REPRESENTATION_CONTEXT ( 'NONE', 'WORKASPACE' ) );
#4872 =( GEOMETRIC_REPRESENTATION_CONTEXT ( 3 ) GLOBAL_UNCERTAINTY_ASSIGNED_CONTEXT ( ( #3572 ) ) GLOBAL_UNIT_ASSIGNED_CONTEXT ( ( #5485, #6537, #5587 ) ) REPRESENTATION_CONTEXT ( 'NONE', 'WORKASPACE' ) );
#4873 = SURFACE_SIDE_STYLE ('',( #2329 ) ) ;
#4874 = LINE ( 'NONE', #1764, #5292 ) ;
#4875 =( LENGTH_UNIT ( ) NAMED_UNIT ( * ) SI_UNIT ( .MILLI., .METRE. ) );
#4876 = STYLED_ITEM ( 'NONE', ( #83 ), #2128 ) ;
#4877 = MECHANICAL_DESIGN_GEOMETRIC_PRESENTATION_REPRESENTATION (  '', ( #5843 ), #5730 ) ;
#4878 = ORIENTED_EDGE ( 'NONE', *, *, #2568, .F. ) ;
#4879 = EDGE_CURVE ( 'NONE', #6070, #6021, #3241, .T. ) ;
#4880 = VECTOR ( 'NONE', #2444, 1000.000000000000000 ) ;
#4881 = CARTESIAN_POINT ( 'NONE',  ( 25.39999999999999858, 3.810000000000000053, 0.000000000000000000 ) ) ;
#4882 = FILL_AREA_STYLE_COLOUR ( '', #4542 ) ;
#4883 = AXIS2_PLACEMENT_3D ( 'NONE', #2791, #5408, #792 ) ;
#4884 = VERTEX_POINT ( 'NONE', #4789 ) ;
#4885 = CARTESIAN_POINT ( 'NONE',  ( 29.19999999999999929, 18.50000000000000000, 12.69999999999999929 ) ) ;
#4886 = CARTESIAN_POINT ( 'NONE',  ( -28.19999999999999929, 19.50000000000000000, 12.69999999999999929 ) ) ;
#4887 = CONICAL_SURFACE ( 'NONE', #3670, 0.3000000000000224709, 0.7853981633974532750 ) ;
#4888 = VECTOR ( 'NONE', #3801, 1000.000000000000000 ) ;
#4889 = EDGE_LOOP ( 'NONE', ( #259, #1406 ) ) ;
#4890 = EDGE_CURVE ( 'NONE', #2118, #3733, #1158, .T. ) ;
#4891 = LINE ( 'NONE', #4289, #2280 ) ;
#4892 = UNCERTAINTY_MEASURE_WITH_UNIT (LENGTH_MEASURE( 1.000000000000000082E-05 ), #1490, 'distance_accuracy_value', 'NONE');
#4893 = VERTEX_POINT ( 'NONE', #4545 ) ;
#4894 = SURFACE_STYLE_USAGE ( .BOTH. , #299 ) ;
#4895 = ORIENTED_EDGE ( 'NONE', *, *, #1078, .T. ) ;
#4896 = CARTESIAN_POINT ( 'NONE',  ( 29.19999999999999929, -18.50000000000000000, 12.69999999999999929 ) ) ;
#4897 = COLOUR_RGB ( '',1.000000000000000000, 1.000000000000000000, 1.000000000000000000 ) ;
#4898 = EDGE_CURVE ( 'NONE', #1532, #5859, #3059, .T. ) ;
#4899 = SURFACE_STYLE_USAGE ( .BOTH. , #3919 ) ;
#4900 = CARTESIAN_POINT ( 'NONE',  ( -29.80000000000000071, 17.50000000000000000, 12.19999999999999929 ) ) ;
#4901 = SURFACE_STYLE_USAGE ( .BOTH. , #2820 ) ;
#4902 = DIRECTION ( 'NONE',  ( 0.000000000000000000, -1.000000000000000000, 0.000000000000000000 ) ) ;
#4903 =( GEOMETRIC_REPRESENTATION_CONTEXT ( 3 ) GLOBAL_UNCERTAINTY_ASSIGNED_CONTEXT ( ( #5273 ) ) GLOBAL_UNIT_ASSIGNED_CONTEXT ( ( #3671, #3097, #27 ) ) REPRESENTATION_CONTEXT ( 'NONE', 'WORKASPACE' ) );
#4904 = ORIENTED_EDGE ( 'NONE', *, *, #3652, .F. ) ;
#4905 = DIRECTION ( 'NONE',  ( 0.000000000000000000, 0.000000000000000000, -1.000000000000000000 ) ) ;
#4906 = EDGE_CURVE ( 'NONE', #3719, #4182, #3483, .T. ) ;
#4907 = FACE_BOUND ( 'NONE', #5272, .T. ) ;
#4908 = PRESENTATION_STYLE_ASSIGNMENT (( #5932 ) ) ;
#4909 = VECTOR ( 'NONE', #5693, 1000.000000000000000 ) ;
#4910 = EDGE_CURVE ( 'NONE', #5199, #4983, #5106, .T. ) ;
#4911 = COLOUR_RGB ( '',1.000000000000000000, 1.000000000000000000, 1.000000000000000000 ) ;
#4912 = FACE_OUTER_BOUND ( 'NONE', #3141, .T. ) ;
#4913 = LINE ( 'NONE', #3358, #5885 ) ;
#4914 = PRESENTATION_LAYER_ASSIGNMENT (  '', '', ( #2312 ) ) ;
#4915 = SURFACE_SIDE_STYLE ('',( #3392 ) ) ;
#4916 = VERTEX_POINT ( 'NONE', #381 ) ;
#4917 = SURFACE_STYLE_USAGE ( .BOTH. , #840 ) ;
#4918 = LINE ( 'NONE', #6365, #4855 ) ;
#4919 = VERTEX_POINT ( 'NONE', #524 ) ;
#4920 = FACE_OUTER_BOUND ( 'NONE', #4643, .T. ) ;
#4921 = DIRECTION ( 'NONE',  ( 0.000000000000000000, 0.000000000000000000, -1.000000000000000000 ) ) ;
#4922 = COLOUR_RGB ( '',1.000000000000000000, 1.000000000000000000, 0.5019607843137254832 ) ;
#4923 = DIRECTION ( 'NONE',  ( -1.000000000000000000, 0.000000000000000000, 0.000000000000000000 ) ) ;
#4924 = EDGE_LOOP ( 'NONE', ( #519, #3810, #1205, #6409 ) ) ;
#4925 = DIRECTION ( 'NONE',  ( 0.000000000000000000, 0.000000000000000000, 1.000000000000000000 ) ) ;
#4926 = ORIENTED_EDGE ( 'NONE', *, *, #6247, .F. ) ;
#4927 = CARTESIAN_POINT ( 'NONE',  ( -28.19999999999999929, 19.50000000000000000, 12.69999999999999929 ) ) ;
#4928 = MECHANICAL_DESIGN_GEOMETRIC_PRESENTATION_REPRESENTATION (  '', ( #6327 ), #3495 ) ;
#4929 = ORIENTED_EDGE ( 'NONE', *, *, #4890, .F. ) ;
#4930 = FACE_OUTER_BOUND ( 'NONE', #5895, .T. ) ;
#4931 = DIRECTION ( 'NONE',  ( -1.000000000000000000, 0.000000000000000000, 0.000000000000000000 ) ) ;
#4932 = ADVANCED_FACE ( 'NONE', ( #1987 ), #4026, .F. ) ;
#4933 = STYLED_ITEM ( 'NONE', ( #313 ), #2927 ) ;
#4934 = AXIS2_PLACEMENT_3D ( 'NONE', #594, #4232, #5801 ) ;
#4935 = FACE_BOUND ( 'NONE', #2789, .T. ) ;
#4936 =( GEOMETRIC_REPRESENTATION_CONTEXT ( 3 ) GLOBAL_UNCERTAINTY_ASSIGNED_CONTEXT ( ( #6162 ) ) GLOBAL_UNIT_ASSIGNED_CONTEXT ( ( #783, #4294, #3245 ) ) REPRESENTATION_CONTEXT ( 'NONE', 'WORKASPACE' ) );
#4937 = LINE ( 'NONE', #376, #2645 ) ;
#4938 = ORIENTED_EDGE ( 'NONE', *, *, #1164, .T. ) ;
#4939 = FILL_AREA_STYLE ('',( #4272 ) ) ;
#4940 = DIRECTION ( 'NONE',  ( 1.000000000000000000, 0.000000000000000000, 0.000000000000000000 ) ) ;
#4941 = CARTESIAN_POINT ( 'NONE',  ( 28.80000000000000071, -19.00000000000000000, 12.19999999999999929 ) ) ;
#4942 = ORIENTED_EDGE ( 'NONE', *, *, #2640, .T. ) ;
#4943 = FILL_AREA_STYLE ('',( #4575 ) ) ;
#4944 = ADVANCED_FACE ( 'NONE', ( #1420 ), #2990, .T. ) ;
#4945 = CARTESIAN_POINT ( 'NONE',  ( 24.64999999999999858, 7.620000000000000107, -6.121320343559641053 ) ) ;
#4946 = SURFACE_STYLE_USAGE ( .BOTH. , #2865 ) ;
#4947 = ORIENTED_EDGE ( 'NONE', *, *, #2348, .T. ) ;
#4948 = FACE_OUTER_BOUND ( 'NONE', #5657, .T. ) ;
#4949 = CARTESIAN_POINT ( 'NONE',  ( -29.80000000000000071, 17.50000000000000000, 12.69999999999999929 ) ) ;
#4950 = AXIS2_PLACEMENT_3D ( 'NONE', #5948, #1306, #5426 ) ;
#4951 = CARTESIAN_POINT ( 'NONE',  ( 30.30000000000000071, -19.50000000000000000, 0.000000000000000000 ) ) ;
#4952 = ORIENTED_EDGE ( 'NONE', *, *, #3167, .T. ) ;
#4953 = FACE_OUTER_BOUND ( 'NONE', #3077, .T. ) ;
#4954 = CARTESIAN_POINT ( 'NONE',  ( 29.30000000000000071, 18.00000000000000000, 12.69999999999999929 ) ) ;
#4955 = EDGE_CURVE ( 'NONE', #5715, #5619, #1583, .T. ) ;
#4956 = PRESENTATION_STYLE_ASSIGNMENT (( #5956 ) ) ;
#4957 = VERTEX_POINT ( 'NONE', #1027 ) ;
#4958 = DIRECTION ( 'NONE',  ( -8.673617379884240576E-15, -1.000000000000000000, -0.000000000000000000 ) ) ;
#4959 = UNCERTAINTY_MEASURE_WITH_UNIT (LENGTH_MEASURE( 1.000000000000000082E-05 ), #986, 'distance_accuracy_value', 'NONE');
#4960 = ORIENTED_EDGE ( 'NONE', *, *, #3992, .T. ) ;
#4961 = PRESENTATION_STYLE_ASSIGNMENT (( #4894 ) ) ;
#4962 = ORIENTED_EDGE ( 'NONE', *, *, #4123, .F. ) ;
#4963 = DIRECTION ( 'NONE',  ( 1.000000000000000000, 0.000000000000000000, 0.000000000000000000 ) ) ;
#4964 = CARTESIAN_POINT ( 'NONE',  ( 24.89999999999999858, 3.810000000000000053, -3.999999999999999112 ) ) ;
#4965 = SURFACE_STYLE_FILL_AREA ( #3380 ) ;
#4966 = ORIENTED_EDGE ( 'NONE', *, *, #6621, .F. ) ;
#4967 = CIRCLE ( 'NONE', #3315, 0.09999999999999939493 ) ;
#4968 = ADVANCED_FACE ( 'NONE', ( #2919, #5041 ), #449, .T. ) ;
#4969 = PLANE ( 'NONE',  #3969 ) ;
#4970 = FILL_AREA_STYLE ('',( #2790 ) ) ;
#4971 = SURFACE_STYLE_FILL_AREA ( #1421 ) ;
#4972 = ORIENTED_EDGE ( 'NONE', *, *, #2089, .F. ) ;
#4973 =( LENGTH_UNIT ( ) NAMED_UNIT ( * ) SI_UNIT ( .MILLI., .METRE. ) );
#4974 = CIRCLE ( 'NONE', #2582, 1.500000000000001332 ) ;
#4975 = PRESENTATION_LAYER_ASSIGNMENT (  '', '', ( #1643 ) ) ;
#4976 = AXIS2_PLACEMENT_3D ( 'NONE', #2637, #6665, #5177 ) ;
#4977 = APPLICATION_CONTEXT ( 'automotive_design' ) ;
#4978 = EDGE_CURVE ( 'NONE', #473, #1848, #2655, .T. ) ;
#4979 = CARTESIAN_POINT ( 'NONE',  ( 25.10000000000000142, 3.810000000000000053, -3.999999999999999112 ) ) ;
#4980 = LINE ( 'NONE', #251, #3817 ) ;
#4981 = EDGE_CURVE ( 'NONE', #1886, #1246, #4033, .T. ) ;
#4982 = AXIS2_PLACEMENT_3D ( 'NONE', #5825, #1212, #5327 ) ;
#4983 = VERTEX_POINT ( 'NONE', #4195 ) ;
#4984 = STYLED_ITEM ( 'NONE', ( #6646 ), #6003 ) ;
#4985 = SURFACE_SIDE_STYLE ('',( #1997 ) ) ;
#4986 = CYLINDRICAL_SURFACE ( 'NONE', #6364, 0.09999999999999939493 ) ;
#4987 = CARTESIAN_POINT ( 'NONE',  ( 26.14999999999999858, 3.810000000000000053, -0.1999999999999996503 ) ) ;
#4988 = ORIENTED_EDGE ( 'NONE', *, *, #1875, .T. ) ;
#4989 = SURFACE_STYLE_USAGE ( .BOTH. , #5985 ) ;
#4990 = CARTESIAN_POINT ( 'NONE',  ( 29.30000000000000071, 18.39999999999999858, 12.69999999999999929 ) ) ;
#4991 = AXIS2_PLACEMENT_3D ( 'NONE', #4488, #1394, #3419 ) ;
#4992 = DIRECTION ( 'NONE',  ( 0.000000000000000000, 0.000000000000000000, -1.000000000000000000 ) ) ;
#4993 = ORIENTED_EDGE ( 'NONE', *, *, #2650, .F. ) ;
#4994 = DIRECTION ( 'NONE',  ( 0.000000000000000000, 0.000000000000000000, -1.000000000000000000 ) ) ;
#4995 = ORIENTED_EDGE ( 'NONE', *, *, #4282, .T. ) ;
#4996 = AXIS2_PLACEMENT_3D ( 'NONE', #932, #3484, #3925 ) ;
#4997 = MECHANICAL_DESIGN_GEOMETRIC_PRESENTATION_REPRESENTATION (  '', ( #476 ), #702 ) ;
#4998 = DIRECTION ( 'NONE',  ( 0.000000000000000000, 0.000000000000000000, -1.000000000000000000 ) ) ;
#4999 = AXIS2_PLACEMENT_3D ( 'NONE', #5424, #5454, #1244 ) ;
#5000 = VERTEX_POINT ( 'NONE', #4127 ) ;
#5001 = CARTESIAN_POINT ( 'NONE',  ( 28.80000000000000071, -18.50000000000000000, 12.19999999999999929 ) ) ;
#5002 = EDGE_CURVE ( 'NONE', #5726, #2278, #2966, .T. ) ;
#5003 = CARTESIAN_POINT ( 'NONE',  ( 30.30000000000000071, -19.50000000000000000, 12.69999999999999929 ) ) ;
#5004 = PRESENTATION_STYLE_ASSIGNMENT (( #5469 ) ) ;
#5005 = CARTESIAN_POINT ( 'NONE',  ( 30.30000000000000071, -17.39999999999999858, 12.19999999999999929 ) ) ;
#5006 = ORIENTED_EDGE ( 'NONE', *, *, #4216, .T. ) ;
#5007 =( GEOMETRIC_REPRESENTATION_CONTEXT ( 3 ) GLOBAL_UNCERTAINTY_ASSIGNED_CONTEXT ( ( #5958 ) ) GLOBAL_UNIT_ASSIGNED_CONTEXT ( ( #5173, #1159, #5705 ) ) REPRESENTATION_CONTEXT ( 'NONE', 'WORKASPACE' ) );
#5008 = SURFACE_STYLE_FILL_AREA ( #4939 ) ;
#5009 = ORIENTED_EDGE ( 'NONE', *, *, #3010, .T. ) ;
#5010 =( NAMED_UNIT ( * ) SI_UNIT ( $, .STERADIAN. ) SOLID_ANGLE_UNIT ( ) );
#5011 = LINE ( 'NONE', #3024, #2064 ) ;
#5012 = ORIENTED_EDGE ( 'NONE', *, *, #388, .F. ) ;
#5013 = CARTESIAN_POINT ( 'NONE',  ( 29.80000000000000071, -17.50000000000000000, 12.19999999999999929 ) ) ;
#5014 = UNCERTAINTY_MEASURE_WITH_UNIT (LENGTH_MEASURE( 1.000000000000000082E-05 ), #3582, 'distance_accuracy_value', 'NONE');
#5015 = CARTESIAN_POINT ( 'NONE',  ( -24.89999999999999858, 7.620000000000000107, -3.800000000000000266 ) ) ;
#5016 = PRESENTATION_LAYER_ASSIGNMENT (  '', '', ( #1451 ) ) ;
#5017 = AXIS2_PLACEMENT_3D ( 'NONE', #3620, #4692, #1156 ) ;
#5018 = FACE_OUTER_BOUND ( 'NONE', #3506, .T. ) ;
#5019 = EDGE_CURVE ( 'NONE', #4420, #4293, #2536, .T. ) ;
#5020 = PRESENTATION_STYLE_ASSIGNMENT (( #4946 ) ) ;
#5021 = ORIENTED_EDGE ( 'NONE', *, *, #539, .F. ) ;
#5022 = COLOUR_RGB ( '',1.000000000000000000, 1.000000000000000000, 0.5019607843137254832 ) ;
#5023 = DIRECTION ( 'NONE',  ( -1.000000000000000000, 0.000000000000000000, 0.000000000000000000 ) ) ;
#5024 = LINE ( 'NONE', #2501, #4277 ) ;
#5025 = ORIENTED_EDGE ( 'NONE', *, *, #2767, .T. ) ;
#5026 = CARTESIAN_POINT ( 'NONE',  ( 28.29999999999999716, 19.00000000000000000, 12.19999999999999929 ) ) ;
#5027 = AXIS2_PLACEMENT_3D ( 'NONE', #3658, #114, #2662 ) ;
#5028 = LINE ( 'NONE', #1973, #3686 ) ;
#5029 = ORIENTED_EDGE ( 'NONE', *, *, #3604, .T. ) ;
#5030 = DIRECTION ( 'NONE',  ( -1.000000000000000000, 0.000000000000000000, 0.000000000000000000 ) ) ;
#5031 = EDGE_LOOP ( 'NONE', ( #3944, #3360, #2101, #512 ) ) ;
#5032 = ORIENTED_EDGE ( 'NONE', *, *, #3660, .F. ) ;
#5033 = EDGE_CURVE ( 'NONE', #5979, #1837, #2588, .T. ) ;
#5034 = DIRECTION ( 'NONE',  ( -1.000000000000000000, 0.000000000000000000, -0.000000000000000000 ) ) ;
#5035 = SURFACE_STYLE_USAGE ( .BOTH. , #2949 ) ;
#5036 = EDGE_LOOP ( 'NONE', ( #1748, #6000, #3877, #928 ) ) ;
#5037 = AXIS2_PLACEMENT_3D ( 'NONE', #6204, #72, #2176 ) ;
#5038 = DIRECTION ( 'NONE',  ( 0.000000000000000000, 0.000000000000000000, 1.000000000000000000 ) ) ;
#5039 = PRESENTATION_LAYER_ASSIGNMENT (  '', '', ( #3277 ) ) ;
#5040 = EDGE_LOOP ( 'NONE', ( #1046, #2430 ) ) ;
#5041 = FACE_OUTER_BOUND ( 'NONE', #5807, .T. ) ;
#5042 = PRESENTATION_STYLE_ASSIGNMENT (( #4512 ) ) ;
#5043 = ORIENTED_EDGE ( 'NONE', *, *, #3729, .T. ) ;
#5044 = AXIS2_PLACEMENT_3D ( 'NONE', #6110, #6590, #4028 ) ;
#5045 = EDGE_CURVE ( 'NONE', #1978, #5989, #3820, .T. ) ;
#5046 = AXIS2_PLACEMENT_3D ( 'NONE', #37, #3643, #1581 ) ;
#5047 = FACE_OUTER_BOUND ( 'NONE', #3678, .T. ) ;
#5048 = FACE_OUTER_BOUND ( 'NONE', #3874, .T. ) ;
#5049 = PLANE ( 'NONE',  #3601 ) ;
#5050 = EDGE_LOOP ( 'NONE', ( #3042, #2719, #5396, #1776 ) ) ;
#5051 = DIRECTION ( 'NONE',  ( 0.000000000000000000, 0.000000000000000000, -1.000000000000000000 ) ) ;
#5052 = PRESENTATION_STYLE_ASSIGNMENT (( #2967 ) ) ;
#5053 = EDGE_CURVE ( 'NONE', #5537, #2304, #1586, .T. ) ;
#5054 = CARTESIAN_POINT ( 'NONE',  ( 25.10000000000000142, -13.08000000000000007, -17.30000000000000071 ) ) ;
#5055 = ADVANCED_FACE ( 'NONE', ( #43 ), #4159, .F. ) ;
#5056 = ORIENTED_EDGE ( 'NONE', *, *, #5116, .F. ) ;
#5057 = PRESENTATION_STYLE_ASSIGNMENT (( #2973 ) ) ;
#5058 =( LENGTH_UNIT ( ) NAMED_UNIT ( * ) SI_UNIT ( .MILLI., .METRE. ) );
#5059 = ORIENTED_EDGE ( 'NONE', *, *, #6220, .T. ) ;
#5061 = COLOUR_RGB ( '',1.000000000000000000, 1.000000000000000000, 0.5019607843137254832 ) ;
#5060 = DIRECTION ( 'NONE',  ( 0.000000000000000000, 0.000000000000000000, 1.000000000000000000 ) ) ;
#5062 = EDGE_CURVE ( 'NONE', #1060, #3728, #5253, .T. ) ;
#5063 = CARTESIAN_POINT ( 'NONE',  ( -29.19999999999999929, 18.50000000000000000, 12.69999999999999929 ) ) ;
#5064 = ORIENTED_EDGE ( 'NONE', *, *, #5925, .T. ) ;
#5065 = DIRECTION ( 'NONE',  ( 0.000000000000000000, 0.000000000000000000, -1.000000000000000000 ) ) ;
#5066 = DIRECTION ( 'NONE',  ( 1.000000000000000000, -1.145031997344426006E-16, 0.000000000000000000 ) ) ;
#5067 = LINE ( 'NONE', #1546, #1320 ) ;
#5068 = CIRCLE ( 'NONE', #5277, 0.5000000000000004441 ) ;
#5069 = ORIENTED_EDGE ( 'NONE', *, *, #5531, .F. ) ;
#5070 = CARTESIAN_POINT ( 'NONE',  ( 28.80000000000000071, 19.00000000000000000, 12.69999999999999929 ) ) ;
#5071 = ORIENTED_EDGE ( 'NONE', *, *, #4170, .T. ) ;
#5072 =( LENGTH_UNIT ( ) NAMED_UNIT ( * ) SI_UNIT ( .MILLI., .METRE. ) );
#5073 = VERTEX_POINT ( 'NONE', #142 ) ;
#5074 = PRESENTATION_STYLE_ASSIGNMENT (( #2524 ) ) ;
#5075 = CYLINDRICAL_SURFACE ( 'NONE', #6422, 1.500000000000001332 ) ;
#5076 = STYLED_ITEM ( 'NONE', ( #5093 ), #1539 ) ;
#5077 = CIRCLE ( 'NONE', #5827, 0.09999999999999939493 ) ;
#5078 = DIRECTION ( 'NONE',  ( -1.000000000000000000, 0.000000000000000000, -0.000000000000000000 ) ) ;
#5079 = EDGE_LOOP ( 'NONE', ( #4259, #3482, #3476, #819 ) ) ;
#5080 = VECTOR ( 'NONE', #1025, 1000.000000000000000 ) ;
#5081 = DIRECTION ( 'NONE',  ( 0.000000000000000000, 0.000000000000000000, 1.000000000000000000 ) ) ;
#5082 = CARTESIAN_POINT ( 'NONE',  ( -23.59999999999999787, 13.08000000000000007, 0.000000000000000000 ) ) ;
#5083 = CARTESIAN_POINT ( 'NONE',  ( 25.39999999999999858, -7.620000000000000107, -3.999999999999999112 ) ) ;
#5084 = ORIENTED_EDGE ( 'NONE', *, *, #6007, .T. ) ;
#5085 = SURFACE_STYLE_USAGE ( .BOTH. , #6088 ) ;
#5086 = DIRECTION ( 'NONE',  ( 1.000000000000000000, 0.000000000000000000, 0.000000000000000000 ) ) ;
#5087 = CIRCLE ( 'NONE', #1736, 0.5000000000000004441 ) ;
#5088 = CIRCLE ( 'NONE', #5189, 0.5000000000000004441 ) ;
#5089 = CARTESIAN_POINT ( 'NONE',  ( -28.80000000000000071, 19.00000000000000000, 12.19999999999999929 ) ) ;
#5090 = VERTEX_POINT ( 'NONE', #3145 ) ;
#5091 = DIRECTION ( 'NONE',  ( -0.7071067811865515695, -0.000000000000000000, 0.7071067811865435759 ) ) ;
#5092 = UNCERTAINTY_MEASURE_WITH_UNIT (LENGTH_MEASURE( 1.000000000000000082E-05 ), #5605, 'distance_accuracy_value', 'NONE');
#5093 = PRESENTATION_STYLE_ASSIGNMENT (( #6097 ) ) ;
#5094 = AXIS2_PLACEMENT_3D ( 'NONE', #6010, #2528, #5114 ) ;
#5095 = VERTEX_POINT ( 'NONE', #1685 ) ;
#5096 = DIRECTION ( 'NONE',  ( 0.000000000000000000, 0.000000000000000000, 1.000000000000000000 ) ) ;
#5097 = LINE ( 'NONE', #441, #4880 ) ;
#5098 = ADVANCED_FACE ( 'NONE', ( #3723 ), #6347, .F. ) ;
#5099 = FILL_AREA_STYLE_COLOUR ( '', #372 ) ;
#5100 = VECTOR ( 'NONE', #3521, 1000.000000000000000 ) ;
#5101 = AXIS2_PLACEMENT_3D ( 'NONE', #1672, #2201, #577 ) ;
#5102 = ORIENTED_EDGE ( 'NONE', *, *, #3463, .F. ) ;
#5103 = VECTOR ( 'NONE', #4472, 1000.000000000000000 ) ;
#5104 = DIRECTION ( 'NONE',  ( -1.000000000000000000, 0.000000000000000000, 0.000000000000000000 ) ) ;
#5105 = ORIENTED_EDGE ( 'NONE', *, *, #2068, .F. ) ;
#5106 = LINE ( 'NONE', #3449, #4255 ) ;
#5107 = DIRECTION ( 'NONE',  ( 0.000000000000000000, 0.000000000000000000, -1.000000000000000000 ) ) ;
#5108 = AXIS2_PLACEMENT_3D ( 'NONE', #3413, #1988, #5972 ) ;
#5109 = CARTESIAN_POINT ( 'NONE',  ( 29.30000000000000071, -18.39999999999999858, 12.19999999999999929 ) ) ;
#5110 = FILL_AREA_STYLE_COLOUR ( '', #1890 ) ;
#5111 = AXIS2_PLACEMENT_3D ( 'NONE', #3307, #728, #2786 ) ;
#5112 = CONICAL_SURFACE ( 'NONE', #6506, 0.5499999999999983791, 0.7853981633974560506 ) ;
#5113 = EDGE_CURVE ( 'NONE', #5797, #5917, #853, .T. ) ;
#5114 = DIRECTION ( 'NONE',  ( -1.000000000000000000, 0.000000000000000000, 0.000000000000000000 ) ) ;
#5115 = FILL_AREA_STYLE_COLOUR ( '', #2435 ) ;
#5116 = EDGE_CURVE ( 'NONE', #6291, #5365, #5371, .T. ) ;
#5117 = MECHANICAL_DESIGN_GEOMETRIC_PRESENTATION_REPRESENTATION (  '', ( #2297 ), #3352 ) ;
#5118 = ORIENTED_EDGE ( 'NONE', *, *, #2436, .F. ) ;
#5119 = VECTOR ( 'NONE', #1874, 1000.000000000000000 ) ;
#5120 = LINE ( 'NONE', #4040, #5398 ) ;
#5121 = AXIS2_PLACEMENT_3D ( 'NONE', #2285, #4827, #3816 ) ;
#5122 = FILL_AREA_STYLE_COLOUR ( '', #2996 ) ;
#5123 = ORIENTED_EDGE ( 'NONE', *, *, #4408, .T. ) ;
#5124 = CARTESIAN_POINT ( 'NONE',  ( 23.59999999999999787, -13.08000000000000007, -17.30000000000000071 ) ) ;
#5125 =( NAMED_UNIT ( * ) PLANE_ANGLE_UNIT ( ) SI_UNIT ( $, .RADIAN. ) );
#5126 = ADVANCED_FACE ( 'NONE', ( #2314 ), #732, .T. ) ;
#5127 = CIRCLE ( 'NONE', #1351, 0.7500000000000006661 ) ;
#5128 = CARTESIAN_POINT ( 'NONE',  ( 28.29999999999999716, -19.00000000000000000, 12.19999999999999929 ) ) ;
#5129 = ORIENTED_EDGE ( 'NONE', *, *, #3204, .T. ) ;
#5130 = CARTESIAN_POINT ( 'NONE',  ( 30.20000000000000284, 17.50000000000000000, 12.19999999999999929 ) ) ;
#5131 = ORIENTED_EDGE ( 'NONE', *, *, #2564, .T. ) ;
#5132 =( NAMED_UNIT ( * ) PLANE_ANGLE_UNIT ( ) SI_UNIT ( $, .RADIAN. ) );
#5133 = LINE ( 'NONE', #4019, #3033 ) ;
#5134 = DIRECTION ( 'NONE',  ( 0.000000000000000000, 0.000000000000000000, 1.000000000000000000 ) ) ;
#5135 = DIRECTION ( 'NONE',  ( 0.000000000000000000, 0.000000000000000000, 1.000000000000000000 ) ) ;
#5136 = DIRECTION ( 'NONE',  ( 1.000000000000000000, 0.000000000000000000, 0.000000000000000000 ) ) ;
#5137 = ORIENTED_EDGE ( 'NONE', *, *, #5828, .F. ) ;
#5138 = EDGE_CURVE ( 'NONE', #5979, #5540, #4353, .T. ) ;
#5139 = VERTEX_POINT ( 'NONE', #4397 ) ;
#5140 = CARTESIAN_POINT ( 'NONE',  ( 29.30000000000000071, -18.00000000000000000, 12.69999999999999929 ) ) ;
#5141 = EDGE_CURVE ( 'NONE', #377, #6240, #1995, .T. ) ;
#5142 = FACE_OUTER_BOUND ( 'NONE', #3790, .T. ) ;
#5143 =( NAMED_UNIT ( * ) PLANE_ANGLE_UNIT ( ) SI_UNIT ( $, .RADIAN. ) );
#5144 =( GEOMETRIC_REPRESENTATION_CONTEXT ( 3 ) GLOBAL_UNCERTAINTY_ASSIGNED_CONTEXT ( ( #5146 ) ) GLOBAL_UNIT_ASSIGNED_CONTEXT ( ( #4298, #2249, #3789 ) ) REPRESENTATION_CONTEXT ( 'NONE', 'WORKASPACE' ) );
#5145 = DIRECTION ( 'NONE',  ( 0.000000000000000000, 0.000000000000000000, 1.000000000000000000 ) ) ;
#5146 = UNCERTAINTY_MEASURE_WITH_UNIT (LENGTH_MEASURE( 1.000000000000000082E-05 ), #4298, 'distance_accuracy_value', 'NONE');
#5147 = CARTESIAN_POINT ( 'NONE',  ( -25.89999999999999858, 7.620000000000000107, -0.1999999999999996503 ) ) ;
#5148 = SURFACE_STYLE_USAGE ( .BOTH. , #2455 ) ;
#5149 = FILL_AREA_STYLE_COLOUR ( '', #404 ) ;
#5150 =( GEOMETRIC_REPRESENTATION_CONTEXT ( 3 ) GLOBAL_UNCERTAINTY_ASSIGNED_CONTEXT ( ( #3763 ) ) GLOBAL_UNIT_ASSIGNED_CONTEXT ( ( #6333, #3129, #6460 ) ) REPRESENTATION_CONTEXT ( 'NONE', 'WORKASPACE' ) );
#5151 = CARTESIAN_POINT ( 'NONE',  ( -30.30000000000000071, -17.39999999999999858, 12.19999999999999929 ) ) ;
#5152 = VERTEX_POINT ( 'NONE', #4826 ) ;
#5153 = CARTESIAN_POINT ( 'NONE',  ( -29.19999999999999929, -18.50000000000000000, 12.19999999999999929 ) ) ;
#5154 = CARTESIAN_POINT ( 'NONE',  ( 28.80000000000000071, -18.50000000000000000, 12.69999999999999929 ) ) ;
#5155 = CARTESIAN_POINT ( 'NONE',  ( 30.30000000000000071, 17.39999999999999858, 12.69999999999999929 ) ) ;
#5156 = EDGE_LOOP ( 'NONE', ( #4279, #3208, #6296, #6023 ) ) ;
#5157 = DIRECTION ( 'NONE',  ( -1.000000000000000000, 0.000000000000000000, 0.000000000000000000 ) ) ;
#5158 = UNCERTAINTY_MEASURE_WITH_UNIT (LENGTH_MEASURE( 1.000000000000000082E-05 ), #2997, 'distance_accuracy_value', 'NONE');
#5159 = FILL_AREA_STYLE_COLOUR ( '', #929 ) ;
#5160 = DIRECTION ( 'NONE',  ( 0.000000000000000000, 0.000000000000000000, 1.000000000000000000 ) ) ;
#5161 = EDGE_CURVE ( 'NONE', #2013, #6338, #4333, .T. ) ;
#5162 = ORIENTED_EDGE ( 'NONE', *, *, #622, .T. ) ;
#5163 = DIRECTION ( 'NONE',  ( -1.000000000000000000, 0.000000000000000000, 0.000000000000000000 ) ) ;
#5164 = DIRECTION ( 'NONE',  ( -1.000000000000000000, 0.000000000000000000, 0.000000000000000000 ) ) ;
#5165 = EDGE_LOOP ( 'NONE', ( #3402, #233, #3058, #4102 ) ) ;
#5166 = CARTESIAN_POINT ( 'NONE',  ( -25.39999999999999858, 7.620000000000000107, -0.1999999999999996503 ) ) ;
#5167 = ORIENTED_EDGE ( 'NONE', *, *, #5806, .F. ) ;
#5168 = ORIENTED_EDGE ( 'NONE', *, *, #3184, .F. ) ;
#5169 = ORIENTED_EDGE ( 'NONE', *, *, #6458, .F. ) ;
#5170 = DIRECTION ( 'NONE',  ( 0.7071067811865515695, -8.659560562354973534E-17, 0.7071067811865435759 ) ) ;
#5171 = DIRECTION ( 'NONE',  ( 0.000000000000000000, 0.000000000000000000, -1.000000000000000000 ) ) ;
#5172 = ADVANCED_FACE ( 'NONE', ( #4930 ), #301, .T. ) ;
#5173 =( LENGTH_UNIT ( ) NAMED_UNIT ( * ) SI_UNIT ( .MILLI., .METRE. ) );
#5174 = AXIS2_PLACEMENT_3D ( 'NONE', #4099, #5246, #154 ) ;
#5175 = EDGE_CURVE ( 'NONE', #417, #638, #181, .T. ) ;
#5176 = ORIENTED_EDGE ( 'NONE', *, *, #353, .F. ) ;
#5177 = DIRECTION ( 'NONE',  ( 0.000000000000000000, 0.000000000000000000, 1.000000000000000000 ) ) ;
#5178 = FACE_OUTER_BOUND ( 'NONE', #4288, .T. ) ;
#5179 = CIRCLE ( 'NONE', #2256, 0.5000000000000004441 ) ;
#5180 = STYLED_ITEM ( 'NONE', ( #4055 ), #1109 ) ;
#5181 = DIRECTION ( 'NONE',  ( 1.000000000000000000, 0.000000000000000000, 0.000000000000000000 ) ) ;
#5182 = VERTEX_POINT ( 'NONE', #1979 ) ;
#5183 = CARTESIAN_POINT ( 'NONE',  ( -25.39999999999999858, 7.620000000000000107, -3.999999999999999112 ) ) ;
#5184 = EDGE_CURVE ( 'NONE', #6155, #1652, #6322, .T. ) ;
#5185 =( NAMED_UNIT ( * ) PLANE_ANGLE_UNIT ( ) SI_UNIT ( $, .RADIAN. ) );
#5186 = EDGE_LOOP ( 'NONE', ( #760, #1338 ) ) ;
#5187 = FACE_OUTER_BOUND ( 'NONE', #3180, .T. ) ;
#5188 = SURFACE_STYLE_USAGE ( .BOTH. , #4118 ) ;
#5189 = AXIS2_PLACEMENT_3D ( 'NONE', #2661, #530, #563 ) ;
#5190 = EDGE_CURVE ( 'NONE', #1652, #141, #5631, .T. ) ;
#5191 = DIRECTION ( 'NONE',  ( -1.000000000000000000, 0.000000000000000000, -0.000000000000000000 ) ) ;
#5192 = ORIENTED_EDGE ( 'NONE', *, *, #3010, .F. ) ;
#5193 = DIRECTION ( 'NONE',  ( 0.000000000000000000, 0.000000000000000000, 1.000000000000000000 ) ) ;
#5194 = ORIENTED_EDGE ( 'NONE', *, *, #1062, .F. ) ;
#5195 = COLOUR_RGB ( '',1.000000000000000000, 1.000000000000000000, 1.000000000000000000 ) ;
#5196 = EDGE_CURVE ( 'NONE', #3524, #3083, #1678, .T. ) ;
#5197 = CIRCLE ( 'NONE', #6271, 1.500000000000001332 ) ;
#5198 = CARTESIAN_POINT ( 'NONE',  ( 29.30000000000000071, -18.00000000000000000, 12.69999999999999929 ) ) ;
#5199 = VERTEX_POINT ( 'NONE', #6025 ) ;
#5200 = DIRECTION ( 'NONE',  ( -1.000000000000000000, 0.000000000000000000, 0.000000000000000000 ) ) ;
#5201 = FILL_AREA_STYLE_COLOUR ( '', #4804 ) ;
#5202 =( GEOMETRIC_REPRESENTATION_CONTEXT ( 3 ) GLOBAL_UNCERTAINTY_ASSIGNED_CONTEXT ( ( #1296 ) ) GLOBAL_UNIT_ASSIGNED_CONTEXT ( ( #4806, #4410, #6493 ) ) REPRESENTATION_CONTEXT ( 'NONE', 'WORKASPACE' ) );
#5203 = FILL_AREA_STYLE ('',( #3588 ) ) ;
#5204 = VECTOR ( 'NONE', #212, 999.9999999999998863 ) ;
#5205 = SURFACE_STYLE_USAGE ( .BOTH. , #4799 ) ;
#5206 = VECTOR ( 'NONE', #1789, 1000.000000000000000 ) ;
#5207 =( LENGTH_UNIT ( ) NAMED_UNIT ( * ) SI_UNIT ( .MILLI., .METRE. ) );
#5208 = CARTESIAN_POINT ( 'NONE',  ( 28.80000000000000071, -18.50000000000000000, 12.69999999999999929 ) ) ;
#5209 = DIRECTION ( 'NONE',  ( 0.000000000000000000, 0.000000000000000000, -1.000000000000000000 ) ) ;
#5210 = STYLED_ITEM ( 'NONE', ( #4490 ), #4436 ) ;
#5211 = AXIS2_PLACEMENT_3D ( 'NONE', #2156, #88, #2031 ) ;
#5212 = APPLICATION_PROTOCOL_DEFINITION ( 'draft international standard', 'automotive_design', 1998, #4977 ) ;
#5213 = LINE ( 'NONE', #2158, #5819 ) ;
#5214 = DIRECTION ( 'NONE',  ( 1.000000000000000000, 0.000000000000000000, 0.000000000000000000 ) ) ;
#5215 = AXIS2_PLACEMENT_3D ( 'NONE', #1081, #4224, #517 ) ;
#5216 = EDGE_CURVE ( 'NONE', #6486, #5921, #4573, .T. ) ;
#5217 = ORIENTED_EDGE ( 'NONE', *, *, #4036, .F. ) ;
#5218 = CARTESIAN_POINT ( 'NONE',  ( -29.30000000000000071, 18.39999999999999858, 12.19999999999999929 ) ) ;
#5219 = CARTESIAN_POINT ( 'NONE',  ( -25.39999999999999858, -7.620000000000000107, -3.999999999999999112 ) ) ;
#5220 = VERTEX_POINT ( 'NONE', #1506 ) ;
#5221 = FILL_AREA_STYLE_COLOUR ( '', #347 ) ;
#5222 = DIRECTION ( 'NONE',  ( 0.000000000000000000, 0.000000000000000000, 1.000000000000000000 ) ) ;
#5223 = FACE_OUTER_BOUND ( 'NONE', #322, .T. ) ;
#5224 = ORIENTED_EDGE ( 'NONE', *, *, #1151, .T. ) ;
#5225 = DIRECTION ( 'NONE',  ( 1.000000000000000000, 0.000000000000000000, 0.000000000000000000 ) ) ;
#5226 = MECHANICAL_DESIGN_GEOMETRIC_PRESENTATION_REPRESENTATION (  '', ( #4344 ), #3147 ) ;
#5227 = SURFACE_STYLE_USAGE ( .BOTH. , #2674 ) ;
#5228 = VECTOR ( 'NONE', #4180, 1000.000000000000000 ) ;
#5229 = EDGE_LOOP ( 'NONE', ( #2439, #3242, #6128, #4966, #4544, #747, #1017, #507, #5777, #5944, #1323, #2018, #587, #112, #5317, #5267, #392, #2846, #4926, #360, #271, #2196, #6362, #4464, #3494, #6447, #1387, #4458, #2773, #444, #6578, #4320, #688, #3481, #5334, #978, #3853, #4453, #6313, #6205 ) ) ;
#5230 = VERTEX_POINT ( 'NONE', #3540 ) ;
#5231 = CIRCLE ( 'NONE', #5974, 0.09999999999999939493 ) ;
#5232 = EDGE_CURVE ( 'NONE', #1604, #6607, #1018, .T. ) ;
#5233 = CARTESIAN_POINT ( 'NONE',  ( 28.19999999999999929, -19.50000000000000000, 12.69999999999999929 ) ) ;
#5234 = ORIENTED_EDGE ( 'NONE', *, *, #4170, .F. ) ;
#5235 = SURFACE_STYLE_FILL_AREA ( #5300 ) ;
#5236 = DIRECTION ( 'NONE',  ( 0.000000000000000000, 1.000000000000000000, 0.000000000000000000 ) ) ;
#5237 = FILL_AREA_STYLE ('',( #3586 ) ) ;
#5238 = DIRECTION ( 'NONE',  ( 0.000000000000000000, 0.000000000000000000, -1.000000000000000000 ) ) ;
#5239 = DIRECTION ( 'NONE',  ( 0.000000000000000000, 0.000000000000000000, 1.000000000000000000 ) ) ;
#5240 = ORIENTED_EDGE ( 'NONE', *, *, #5216, .T. ) ;
#5241 = AXIS2_PLACEMENT_3D ( 'NONE', #6549, #5065, #4018 ) ;
#5242 = CARTESIAN_POINT ( 'NONE',  ( -25.39999999999999858, 7.620000000000000107, -3.999999999999999112 ) ) ;
#5243 = EDGE_CURVE ( 'NONE', #2304, #2213, #4357, .T. ) ;
#5244 = DIRECTION ( 'NONE',  ( -1.000000000000000000, 0.000000000000000000, 0.000000000000000000 ) ) ;
#5245 = DIRECTION ( 'NONE',  ( 0.000000000000000000, 0.000000000000000000, -1.000000000000000000 ) ) ;
#5246 = DIRECTION ( 'NONE',  ( 0.000000000000000000, 0.000000000000000000, -1.000000000000000000 ) ) ;
#5247 = VECTOR ( 'NONE', #6173, 1000.000000000000000 ) ;
#5248 = DIRECTION ( 'NONE',  ( 0.000000000000000000, 0.000000000000000000, -1.000000000000000000 ) ) ;
#5249 = VERTEX_POINT ( 'NONE', #3507 ) ;
#5250 = MECHANICAL_DESIGN_GEOMETRIC_PRESENTATION_REPRESENTATION (  '', ( #3277 ), #2539 ) ;
#5251 = DIRECTION ( 'NONE',  ( 0.000000000000000000, 0.000000000000000000, 1.000000000000000000 ) ) ;
#5252 = VECTOR ( 'NONE', #5236, 1000.000000000000000 ) ;
#5253 = CIRCLE ( 'NONE', #6106, 0.5000000000000004441 ) ;
#5254 = ORIENTED_EDGE ( 'NONE', *, *, #5869, .T. ) ;
#5255 = ADVANCED_FACE ( 'NONE', ( #3404 ), #479, .F. ) ;
#5256 = SURFACE_SIDE_STYLE ('',( #5661 ) ) ;
#5257 = CARTESIAN_POINT ( 'NONE',  ( 25.39999999999999858, 0.000000000000000000, -3.800000000000000266 ) ) ;
#5258 = SURFACE_STYLE_USAGE ( .BOTH. , #4181 ) ;
#5259 = ORIENTED_EDGE ( 'NONE', *, *, #4247, .T. ) ;
#5260 = LINE ( 'NONE', #68, #508 ) ;
#5261 =( LENGTH_UNIT ( ) NAMED_UNIT ( * ) SI_UNIT ( .MILLI., .METRE. ) );
#5262 = PRESENTATION_STYLE_ASSIGNMENT (( #5188 ) ) ;
#5263 = VERTEX_POINT ( 'NONE', #3985 ) ;
#5264 = DIRECTION ( 'NONE',  ( -1.000000000000000000, 0.000000000000000000, -0.000000000000000000 ) ) ;
#5265 = ORIENTED_EDGE ( 'NONE', *, *, #5045, .T. ) ;
#5266 = SURFACE_SIDE_STYLE ('',( #4792 ) ) ;
#5267 = ORIENTED_EDGE ( 'NONE', *, *, #4821, .F. ) ;
#5268 = DIRECTION ( 'NONE',  ( -1.000000000000000000, 0.000000000000000000, 0.000000000000000000 ) ) ;
#5269 = DIRECTION ( 'NONE',  ( -1.000000000000000000, 0.000000000000000000, 0.000000000000000000 ) ) ;
#5270 = PRESENTATION_STYLE_ASSIGNMENT (( #3062 ) ) ;
#5271 = CARTESIAN_POINT ( 'NONE',  ( 28.80000000000000071, -18.50000000000000000, 12.19999999999999929 ) ) ;
#5272 = EDGE_LOOP ( 'NONE', ( #3741, #2531 ) ) ;
#5273 = UNCERTAINTY_MEASURE_WITH_UNIT (LENGTH_MEASURE( 1.000000000000000082E-05 ), #3671, 'distance_accuracy_value', 'NONE');
#5274 = AXIS2_PLACEMENT_3D ( 'NONE', #221, #1733, #6501 ) ;
#5275 = LINE ( 'NONE', #4762, #458 ) ;
#5276 =( NAMED_UNIT ( * ) PLANE_ANGLE_UNIT ( ) SI_UNIT ( $, .RADIAN. ) );
#5277 = AXIS2_PLACEMENT_3D ( 'NONE', #5584, #6119, #4068 ) ;
#5278 = DIRECTION ( 'NONE',  ( -1.000000000000000000, 0.000000000000000000, 0.000000000000000000 ) ) ;
#5279 = DIRECTION ( 'NONE',  ( 0.000000000000000000, 1.000000000000000000, 0.000000000000000000 ) ) ;
#5280 = ORIENTED_EDGE ( 'NONE', *, *, #1375, .F. ) ;
#5281 = DIRECTION ( 'NONE',  ( 1.000000000000000000, 0.000000000000000000, 0.000000000000000000 ) ) ;
#5282 = DIRECTION ( 'NONE',  ( 0.000000000000000000, 0.000000000000000000, -1.000000000000000000 ) ) ;
#5283 = ORIENTED_EDGE ( 'NONE', *, *, #1121, .F. ) ;
#5284 = SURFACE_SIDE_STYLE ('',( #3197 ) ) ;
#5285 = DIRECTION ( 'NONE',  ( -1.000000000000000000, 0.000000000000000000, 0.000000000000000000 ) ) ;
#5286 = ADVANCED_FACE ( 'NONE', ( #921 ), #4504, .F. ) ;
#5287 = ORIENTED_EDGE ( 'NONE', *, *, #5883, .F. ) ;
#5288 =( NAMED_UNIT ( * ) SI_UNIT ( $, .STERADIAN. ) SOLID_ANGLE_UNIT ( ) );
#5289 = PRESENTATION_STYLE_ASSIGNMENT (( #3060 ) ) ;
#5290 = MECHANICAL_DESIGN_GEOMETRIC_PRESENTATION_REPRESENTATION (  '', ( #6369 ), #561 ) ;
#5291 = PRESENTATION_LAYER_ASSIGNMENT (  '', '', ( #2255 ) ) ;
#5292 = VECTOR ( 'NONE', #6332, 1000.000000000000000 ) ;
#5293 = DIRECTION ( 'NONE',  ( -1.000000000000000000, 0.000000000000000000, 0.000000000000000000 ) ) ;
#5294 = ORIENTED_EDGE ( 'NONE', *, *, #1300, .T. ) ;
#5295 = DIRECTION ( 'NONE',  ( -1.000000000000000000, 0.000000000000000000, 0.000000000000000000 ) ) ;
#5296 = VERTEX_POINT ( 'NONE', #2014 ) ;
#5297 = CARTESIAN_POINT ( 'NONE',  ( -25.10000000000000142, 13.08000000000000007, 0.000000000000000000 ) ) ;
#5298 = VECTOR ( 'NONE', #3560, 1000.000000000000000 ) ;
#5299 = ORIENTED_EDGE ( 'NONE', *, *, #4589, .F. ) ;
#5300 = FILL_AREA_STYLE ('',( #3212 ) ) ;
#5301 = DIRECTION ( 'NONE',  ( -1.000000000000000000, 0.000000000000000000, 0.000000000000000000 ) ) ;
#5302 = ADVANCED_FACE ( 'NONE', ( #6062 ), #3438, .F. ) ;
#5303 = CARTESIAN_POINT ( 'NONE',  ( -25.39999999999999858, -7.620000000000000107, -3.999999999999999112 ) ) ;
#5304 = SURFACE_STYLE_FILL_AREA ( #786 ) ;
#5305 = PRESENTATION_LAYER_ASSIGNMENT (  '', '', ( #1524 ) ) ;
#5306 = COLOUR_RGB ( '',1.000000000000000000, 1.000000000000000000, 1.000000000000000000 ) ;
#5307 = EDGE_LOOP ( 'NONE', ( #1377, #5496, #5167, #6483 ) ) ;
#5308 = CARTESIAN_POINT ( 'NONE',  ( 28.29999999999999716, -19.00000000000000000, 12.69999999999999929 ) ) ;
#5309 = MECHANICAL_DESIGN_GEOMETRIC_PRESENTATION_REPRESENTATION (  '', ( #5516 ), #1629 ) ;
#5310 = DIRECTION ( 'NONE',  ( -1.000000000000000000, 0.000000000000000000, 0.000000000000000000 ) ) ;
#5311 = EDGE_CURVE ( 'NONE', #4739, #3968, #5260, .T. ) ;
#5312 = AXIS2_PLACEMENT_3D ( 'NONE', #1248, #3170, #685 ) ;
#5313 = CIRCLE ( 'NONE', #6054, 0.5000000000000004441 ) ;
#5314 = STYLED_ITEM ( 'NONE', ( #771 ), #703 ) ;
#5315 = EDGE_CURVE ( 'NONE', #4711, #1397, #1570, .T. ) ;
#5316 = FILL_AREA_STYLE ('',( #4173 ) ) ;
#5317 = ORIENTED_EDGE ( 'NONE', *, *, #1779, .F. ) ;
#5318 = FACE_OUTER_BOUND ( 'NONE', #4503, .T. ) ;
#5319 = CIRCLE ( 'NONE', #3131, 0.5000000000000004441 ) ;
#5320 = DIRECTION ( 'NONE',  ( 1.000000000000000000, 0.000000000000000000, 0.000000000000000000 ) ) ;
#5321 = ORIENTED_EDGE ( 'NONE', *, *, #481, .T. ) ;
#5322 = DIRECTION ( 'NONE',  ( 0.000000000000000000, 0.000000000000000000, 1.000000000000000000 ) ) ;
#5323 = FILL_AREA_STYLE_COLOUR ( '', #1536 ) ;
#5324 = SURFACE_STYLE_USAGE ( .BOTH. , #5822 ) ;
#5325 = ORIENTED_EDGE ( 'NONE', *, *, #6075, .F. ) ;
#5326 = FILL_AREA_STYLE_COLOUR ( '', #5725 ) ;
#5327 = DIRECTION ( 'NONE',  ( -1.000000000000000000, 0.000000000000000000, 0.000000000000000000 ) ) ;
#5328 = ADVANCED_FACE ( 'NONE', ( #3104 ), #623, .T. ) ;
#5329 = SURFACE_STYLE_FILL_AREA ( #2239 ) ;
#5330 = PRESENTATION_LAYER_ASSIGNMENT (  '', '', ( #2297 ) ) ;
#5331 = CARTESIAN_POINT ( 'NONE',  ( 29.30000000000000071, -18.39999999999999858, 12.19999999999999929 ) ) ;
#5332 = VERTEX_POINT ( 'NONE', #99 ) ;
#5333 = CARTESIAN_POINT ( 'NONE',  ( 25.39999999999999858, 0.000000000000000000, -3.999999999999999112 ) ) ;
#5334 = ORIENTED_EDGE ( 'NONE', *, *, #109, .F. ) ;
#5335 = COLOUR_RGB ( '',1.000000000000000000, 1.000000000000000000, 0.5019607843137254832 ) ;
#5336 =( NAMED_UNIT ( * ) PLANE_ANGLE_UNIT ( ) SI_UNIT ( $, .RADIAN. ) );
#5337 = COLOUR_RGB ( '',1.000000000000000000, 1.000000000000000000, 1.000000000000000000 ) ;
#5338 = ORIENTED_EDGE ( 'NONE', *, *, #2629, .F. ) ;
#5339 =( LENGTH_UNIT ( ) NAMED_UNIT ( * ) SI_UNIT ( .MILLI., .METRE. ) );
#5340 = DIRECTION ( 'NONE',  ( 0.000000000000000000, 0.000000000000000000, -1.000000000000000000 ) ) ;
#5341 = CARTESIAN_POINT ( 'NONE',  ( -28.29999999999999716, -19.40000000000000213, 12.69999999999999929 ) ) ;
#5342 = VECTOR ( 'NONE', #3455, 1000.000000000000000 ) ;
#5343 = DIRECTION ( 'NONE',  ( -1.000000000000000000, 0.000000000000000000, 0.000000000000000000 ) ) ;
#5344 = EDGE_LOOP ( 'NONE', ( #894, #427, #5594, #3345 ) ) ;
#5345 = EDGE_CURVE ( 'NONE', #448, #1911, #6168, .T. ) ;
#5346 = EDGE_CURVE ( 'NONE', #2781, #333, #6233, .T. ) ;
#5347 = DIRECTION ( 'NONE',  ( 0.000000000000000000, 0.000000000000000000, 1.000000000000000000 ) ) ;
#5348 = CARTESIAN_POINT ( 'NONE',  ( 29.19999999999999929, -18.50000000000000000, 12.69999999999999929 ) ) ;
#5349 = EDGE_CURVE ( 'NONE', #3301, #4194, #789, .T. ) ;
#5350 = CARTESIAN_POINT ( 'NONE',  ( 29.30000000000000071, -18.39999999999999858, 12.19999999999999929 ) ) ;
#5351 = CARTESIAN_POINT ( 'NONE',  ( 29.30000000000000071, 18.00000000000000000, 12.69999999999999929 ) ) ;
#5352 = AXIS2_PLACEMENT_3D ( 'NONE', #3711, #4115, #1114 ) ;
#5353 = SURFACE_STYLE_USAGE ( .BOTH. , #2864 ) ;
#5354 = ORIENTED_EDGE ( 'NONE', *, *, #4751, .T. ) ;
#5355 = DIRECTION ( 'NONE',  ( -1.000000000000000000, 0.000000000000000000, 0.000000000000000000 ) ) ;
#5356 = COLOUR_RGB ( '',1.000000000000000000, 1.000000000000000000, 1.000000000000000000 ) ;
#5357 = CARTESIAN_POINT ( 'NONE',  ( -28.80000000000000071, -18.50000000000000000, 12.19999999999999929 ) ) ;
#5358 = ORIENTED_EDGE ( 'NONE', *, *, #2048, .F. ) ;
#5359 = DIRECTION ( 'NONE',  ( 1.000000000000000000, 0.000000000000000000, 0.000000000000000000 ) ) ;
#5360 = CARTESIAN_POINT ( 'NONE',  ( -28.19999999999999929, 19.50000000000000000, 12.69999999999999929 ) ) ;
#5361 = CIRCLE ( 'NONE', #2649, 1.500000000000001332 ) ;
#5362 = AXIS2_PLACEMENT_3D ( 'NONE', #5502, #2952, #4087 ) ;
#5363 = MECHANICAL_DESIGN_GEOMETRIC_PRESENTATION_REPRESENTATION (  '', ( #4141 ), #86 ) ;
#5364 = LINE ( 'NONE', #2307, #1763 ) ;
#5365 = VERTEX_POINT ( 'NONE', #4639 ) ;
#5366 = DIRECTION ( 'NONE',  ( 0.000000000000000000, 0.000000000000000000, -1.000000000000000000 ) ) ;
#5367 = ORIENTED_EDGE ( 'NONE', *, *, #345, .F. ) ;
#5368 = EDGE_CURVE ( 'NONE', #1549, #3111, #2106, .T. ) ;
#5369 = PLANE ( 'NONE',  #117 ) ;
#5370 = EDGE_LOOP ( 'NONE', ( #6024, #2816 ) ) ;
#5371 = LINE ( 'NONE', #3274, #5782 ) ;
#5372 = DIRECTION ( 'NONE',  ( 0.000000000000000000, 1.000000000000000000, 0.000000000000000000 ) ) ;
#5373 = CARTESIAN_POINT ( 'NONE',  ( -22.10000000000000142, -13.08000000000000007, -17.30000000000000071 ) ) ;
#5374 = SURFACE_SIDE_STYLE ('',( #3281 ) ) ;
#5375 = ORIENTED_EDGE ( 'NONE', *, *, #6038, .F. ) ;
#5376 = CARTESIAN_POINT ( 'NONE',  ( 25.39999999999999858, 3.810000000000000053, -3.800000000000000266 ) ) ;
#5377 = CYLINDRICAL_SURFACE ( 'NONE', #351, 0.5000000000000004441 ) ;
#5378 = DIRECTION ( 'NONE',  ( 0.000000000000000000, 0.000000000000000000, 1.000000000000000000 ) ) ;
#5379 =( NAMED_UNIT ( * ) PLANE_ANGLE_UNIT ( ) SI_UNIT ( $, .RADIAN. ) );
#5380 = ADVANCED_FACE ( 'NONE', ( #5187 ), #584, .F. ) ;
#5381 = AXIS2_PLACEMENT_3D ( 'NONE', #944, #1931, #3003 ) ;
#5382 = DIRECTION ( 'NONE',  ( 1.000000000000000000, 0.000000000000000000, 0.000000000000000000 ) ) ;
#5383 = CARTESIAN_POINT ( 'NONE',  ( 30.30000000000000071, -19.50000000000000000, 0.000000000000000000 ) ) ;
#5384 = EDGE_CURVE ( 'NONE', #4386, #4025, #6467, .T. ) ;
#5385 = ORIENTED_EDGE ( 'NONE', *, *, #2603, .T. ) ;
#5386 = FILL_AREA_STYLE_COLOUR ( '', #4775 ) ;
#5387 = EDGE_CURVE ( 'NONE', #5911, #6232, #902, .T. ) ;
#5388 = DIRECTION ( 'NONE',  ( 0.000000000000000000, 0.000000000000000000, 1.000000000000000000 ) ) ;
#5389 = PLANE ( 'NONE',  #3949 ) ;
#5390 = ORIENTED_EDGE ( 'NONE', *, *, #6307, .T. ) ;
#5391 = CARTESIAN_POINT ( 'NONE',  ( 28.19999999999999929, 19.40000000000000213, 12.69999999999999929 ) ) ;
#5392 = DIRECTION ( 'NONE',  ( -1.000000000000000000, 0.000000000000000000, 0.000000000000000000 ) ) ;
#5393 =( NAMED_UNIT ( * ) PLANE_ANGLE_UNIT ( ) SI_UNIT ( $, .RADIAN. ) );
#5394 = ORIENTED_EDGE ( 'NONE', *, *, #3408, .F. ) ;
#5395 = EDGE_CURVE ( 'NONE', #1837, #2111, #5937, .T. ) ;
#5396 = ORIENTED_EDGE ( 'NONE', *, *, #4006, .F. ) ;
#5397 = VECTOR ( 'NONE', #2542, 1000.000000000000000 ) ;
#5398 = VECTOR ( 'NONE', #2032, 999.9999999999998863 ) ;
#5399 = ORIENTED_EDGE ( 'NONE', *, *, #1466, .F. ) ;
#5400 = ADVANCED_FACE ( 'NONE', ( #4920 ), #2335, .F. ) ;
#5401 = CARTESIAN_POINT ( 'NONE',  ( -25.39999999999999858, 7.620000000000000107, -3.999999999999999112 ) ) ;
#5402 = PLANE ( 'NONE',  #6416 ) ;
#5403 = FILL_AREA_STYLE_COLOUR ( '', #6629 ) ;
#5404 = AXIS2_PLACEMENT_3D ( 'NONE', #338, #3383, #3731 ) ;
#5405 = LINE ( 'NONE', #2376, #1894 ) ;
#5406 = EDGE_CURVE ( 'NONE', #4359, #1255, #5197, .T. ) ;
#5407 = EDGE_LOOP ( 'NONE', ( #431, #5857, #2311, #6669 ) ) ;
#5408 = DIRECTION ( 'NONE',  ( 0.000000000000000000, 0.000000000000000000, 1.000000000000000000 ) ) ;
#5409 = CARTESIAN_POINT ( 'NONE',  ( -24.64999999999999858, 7.620000000000000107, -0.1999999999999996503 ) ) ;
#5410 = FACE_OUTER_BOUND ( 'NONE', #6664, .T. ) ;
#5411 = AXIS2_PLACEMENT_3D ( 'NONE', #2693, #1233, #6285 ) ;
#5412 = UNCERTAINTY_MEASURE_WITH_UNIT (LENGTH_MEASURE( 1.000000000000000082E-05 ), #4149, 'distance_accuracy_value', 'NONE');
#5413 = AXIS2_PLACEMENT_3D ( 'NONE', #4847, #4322, #2775 ) ;
#5414 = CIRCLE ( 'NONE', #1528, 0.7500000000000006661 ) ;
#5415 = PRESENTATION_LAYER_ASSIGNMENT (  '', '', ( #1847 ) ) ;
#5416 = CARTESIAN_POINT ( 'NONE',  ( 25.39999999999999858, -3.810000000000000053, -3.999999999999999112 ) ) ;
#5417 = CARTESIAN_POINT ( 'NONE',  ( -25.39999999999999858, -7.620000000000000107, -0.1999999999999996503 ) ) ;
#5418 = DIRECTION ( 'NONE',  ( 0.000000000000000000, 0.000000000000000000, 1.000000000000000000 ) ) ;
#5419 = CONICAL_SURFACE ( 'NONE', #1527, 0.3000000000000224709, 0.7853981633974532750 ) ;
#5420 = AXIS2_PLACEMENT_3D ( 'NONE', #2977, #4527, #4605 ) ;
#5421 = FILL_AREA_STYLE ('',( #4380 ) ) ;
#5422 = VERTEX_POINT ( 'NONE', #810 ) ;
#5423 = CIRCLE ( 'NONE', #1754, 0.5000000000000004441 ) ;
#5424 = CARTESIAN_POINT ( 'NONE',  ( 29.30000000000000071, -18.00000000000000000, 12.69999999999999929 ) ) ;
#5425 = ADVANCED_FACE ( 'NONE', ( #3296 ), #4387, .T. ) ;
#5426 = DIRECTION ( 'NONE',  ( -1.000000000000000000, 0.000000000000000000, 0.000000000000000000 ) ) ;
#5427 = AXIS2_PLACEMENT_3D ( 'NONE', #6035, #2886, #2992 ) ;
#5428 = ORIENTED_EDGE ( 'NONE', *, *, #4135, .T. ) ;
#5429 =( NAMED_UNIT ( * ) PLANE_ANGLE_UNIT ( ) SI_UNIT ( $, .RADIAN. ) );
#5430 = CARTESIAN_POINT ( 'NONE',  ( 22.10000000000000142, 13.08000000000000007, -17.30000000000000071 ) ) ;
#5431 = VECTOR ( 'NONE', #6449, 1000.000000000000000 ) ;
#5432 = MECHANICAL_DESIGN_GEOMETRIC_PRESENTATION_REPRESENTATION (  '', ( #707 ), #2389 ) ;
#5433 = CARTESIAN_POINT ( 'NONE',  ( -28.19999999999999929, 19.50000000000000000, 12.19999999999999929 ) ) ;
#5434 = ORIENTED_EDGE ( 'NONE', *, *, #3167, .F. ) ;
#5435 = VERTEX_POINT ( 'NONE', #4885 ) ;
#5436 = ORIENTED_EDGE ( 'NONE', *, *, #3120, .F. ) ;
#5437 = DIRECTION ( 'NONE',  ( 0.000000000000000000, 0.000000000000000000, -1.000000000000000000 ) ) ;
#5438 = PRESENTATION_STYLE_ASSIGNMENT (( #4901 ) ) ;
#5439 = DIRECTION ( 'NONE',  ( 1.000000000000000000, -1.145031997344426006E-16, 0.000000000000000000 ) ) ;
#5440 = EDGE_CURVE ( 'NONE', #5746, #1549, #3439, .T. ) ;
#5441 = ORIENTED_EDGE ( 'NONE', *, *, #1724, .F. ) ;
#5442 = LINE ( 'NONE', #825, #3559 ) ;
#5443 = FACE_OUTER_BOUND ( 'NONE', #4156, .T. ) ;
#5444 = ORIENTED_EDGE ( 'NONE', *, *, #1117, .F. ) ;
#5445 = DIRECTION ( 'NONE',  ( 0.000000000000000000, 0.000000000000000000, 1.000000000000000000 ) ) ;
#5446 = COLOUR_RGB ( '',1.000000000000000000, 1.000000000000000000, 1.000000000000000000 ) ;
#5447 = EDGE_CURVE ( 'NONE', #4916, #5199, #2838, .T. ) ;
#5448 = AXIS2_PLACEMENT_3D ( 'NONE', #4724, #4234, #110 ) ;
#5449 = LINE ( 'NONE', #1299, #1692 ) ;
#5450 = CIRCLE ( 'NONE', #5027, 0.5000000000000004441 ) ;
#5451 = CARTESIAN_POINT ( 'NONE',  ( -24.64999999999999858, 7.620000000000000107, 0.000000000000000000 ) ) ;
#5452 = ORIENTED_EDGE ( 'NONE', *, *, #5345, .F. ) ;
#5453 = LINE ( 'NONE', #2868, #6059 ) ;
#5454 = DIRECTION ( 'NONE',  ( -1.000000000000000000, 0.000000000000000000, -0.000000000000000000 ) ) ;
#5455 = DIRECTION ( 'NONE',  ( 0.000000000000000000, 0.000000000000000000, -1.000000000000000000 ) ) ;
#5456 = EDGE_LOOP ( 'NONE', ( #5569, #3609, #3349, #4124 ) ) ;
#5457 = DIRECTION ( 'NONE',  ( 1.000000000000000000, 0.000000000000000000, 0.000000000000000000 ) ) ;
#5458 = LINE ( 'NONE', #5430, #6598 ) ;
#5459 = COLOUR_RGB ( '',1.000000000000000000, 1.000000000000000000, 1.000000000000000000 ) ;
#5460 = EDGE_CURVE ( 'NONE', #3304, #2200, #4816, .T. ) ;
#5461 = DIRECTION ( 'NONE',  ( 0.000000000000000000, 0.000000000000000000, -1.000000000000000000 ) ) ;
#5462 = VERTEX_POINT ( 'NONE', #198 ) ;
#5463 = SURFACE_SIDE_STYLE ('',( #327 ) ) ;
#5464 = ORIENTED_EDGE ( 'NONE', *, *, #4084, .F. ) ;
#5465 = SURFACE_STYLE_FILL_AREA ( #5894 ) ;
#5466 = VERTEX_POINT ( 'NONE', #6504 ) ;
#5467 = CIRCLE ( 'NONE', #2860, 0.09999999999999939493 ) ;
#5468 = ADVANCED_FACE ( 'NONE', ( #3005 ), #4564, .F. ) ;
#5469 = SURFACE_STYLE_USAGE ( .BOTH. , #2516 ) ;
#5470 = LINE ( 'NONE', #2853, #735 ) ;
#5471 = VERTEX_POINT ( 'NONE', #467 ) ;
#5472 = CARTESIAN_POINT ( 'NONE',  ( 29.30000000000000071, 18.00000000000000000, 12.19999999999999929 ) ) ;
#5473 = LINE ( 'NONE', #3311, #5945 ) ;
#5474 = DIRECTION ( 'NONE',  ( 0.000000000000000000, 1.000000000000000000, 0.000000000000000000 ) ) ;
#5475 = ORIENTED_EDGE ( 'NONE', *, *, #2729, .F. ) ;
#5476 = DIRECTION ( 'NONE',  ( 0.000000000000000000, 0.000000000000000000, 1.000000000000000000 ) ) ;
#5477 = DIRECTION ( 'NONE',  ( 1.000000000000000000, 0.000000000000000000, 0.000000000000000000 ) ) ;
#5478 = SURFACE_STYLE_FILL_AREA ( #6494 ) ;
#5479 =( NAMED_UNIT ( * ) SI_UNIT ( $, .STERADIAN. ) SOLID_ANGLE_UNIT ( ) );
#5480 = CARTESIAN_POINT ( 'NONE',  ( 28.80000000000000071, -19.00000000000000000, 12.69999999999999929 ) ) ;
#5481 = ORIENTED_EDGE ( 'NONE', *, *, #6184, .T. ) ;
#5482 = DIRECTION ( 'NONE',  ( 0.000000000000000000, 0.000000000000000000, -1.000000000000000000 ) ) ;
#5483 = SURFACE_STYLE_FILL_AREA ( #2395 ) ;
#5484 = ORIENTED_EDGE ( 'NONE', *, *, #4906, .F. ) ;
#5485 =( LENGTH_UNIT ( ) NAMED_UNIT ( * ) SI_UNIT ( .MILLI., .METRE. ) );
#5486 = DIRECTION ( 'NONE',  ( 0.000000000000000000, 0.000000000000000000, 1.000000000000000000 ) ) ;
#5487 = DIRECTION ( 'NONE',  ( -1.000000000000000000, 0.000000000000000000, 0.000000000000000000 ) ) ;
#5488 = ORIENTED_EDGE ( 'NONE', *, *, #2048, .T. ) ;
#5489 = PLANE ( 'NONE',  #3873 ) ;
#5490 = UNCERTAINTY_MEASURE_WITH_UNIT (LENGTH_MEASURE( 1.000000000000000082E-05 ), #4189, 'distance_accuracy_value', 'NONE');
#5491 = EDGE_LOOP ( 'NONE', ( #3310, #4972, #4719, #6373 ) ) ;
#5492 = ORIENTED_EDGE ( 'NONE', *, *, #149, .T. ) ;
#5493 = CARTESIAN_POINT ( 'NONE',  ( 24.89999999999999858, 0.000000000000000000, -3.999999999999999112 ) ) ;
#5494 =( NAMED_UNIT ( * ) PLANE_ANGLE_UNIT ( ) SI_UNIT ( $, .RADIAN. ) );
#5495 = FACE_OUTER_BOUND ( 'NONE', #2366, .T. ) ;
#5496 = ORIENTED_EDGE ( 'NONE', *, *, #460, .F. ) ;
#5497 = AXIS2_PLACEMENT_3D ( 'NONE', #6164, #5662, #1050 ) ;
#5498 = AXIS2_PLACEMENT_3D ( 'NONE', #1771, #841, #4281 ) ;
#5499 = LINE ( 'NONE', #1725, #5712 ) ;
#5500 = EDGE_CURVE ( 'NONE', #3079, #3200, #2058, .T. ) ;
#5501 = ORIENTED_EDGE ( 'NONE', *, *, #1740, .T. ) ;
#5502 = CARTESIAN_POINT ( 'NONE',  ( -28.19999999999999929, 19.40000000000000213, 12.19999999999999929 ) ) ;
#5503 = CARTESIAN_POINT ( 'NONE',  ( -24.64999999999999858, -9.184850993605170624E-17, -0.1999999999999996503 ) ) ;
#5504 = ORIENTED_EDGE ( 'NONE', *, *, #3389, .T. ) ;
#5505 = DIRECTION ( 'NONE',  ( 0.000000000000000000, 0.000000000000000000, -1.000000000000000000 ) ) ;
#5506 = AXIS2_PLACEMENT_3D ( 'NONE', #5070, #5640, #5603 ) ;
#5507 = AXIS2_PLACEMENT_3D ( 'NONE', #2736, #5038, #3411 ) ;
#5508 = LINE ( 'NONE', #6141, #935 ) ;
#5509 = AXIS2_PLACEMENT_3D ( 'NONE', #4213, #92, #4670 ) ;
#5510 = STYLED_ITEM ( 'NONE', ( #705 ), #5904 ) ;
#5511 = FACE_BOUND ( 'NONE', #5749, .T. ) ;
#5512 = PLANE ( 'NONE',  #5889 ) ;
#5513 = DIRECTION ( 'NONE',  ( 0.000000000000000000, 1.000000000000000000, 0.000000000000000000 ) ) ;
#5514 = COLOUR_RGB ( '',1.000000000000000000, 1.000000000000000000, 1.000000000000000000 ) ;
#5515 = EDGE_LOOP ( 'NONE', ( #3397, #6571, #2341, #5886 ) ) ;
#5516 = STYLED_ITEM ( 'NONE', ( #2016 ), #6027 ) ;
#5517 =( NAMED_UNIT ( * ) SI_UNIT ( $, .STERADIAN. ) SOLID_ANGLE_UNIT ( ) );
#5518 = CIRCLE ( 'NONE', #2596, 0.09999999999999939493 ) ;
#5519 = EDGE_CURVE ( 'NONE', #3134, #5868, #691, .T. ) ;
#5520 = CYLINDRICAL_SURFACE ( 'NONE', #1287, 0.7500000000000006661 ) ;
#5521 = ORIENTED_EDGE ( 'NONE', *, *, #873, .F. ) ;
#5522 = DIRECTION ( 'NONE',  ( -1.000000000000000000, 0.000000000000000000, 0.000000000000000000 ) ) ;
#5523 = CIRCLE ( 'NONE', #2374, 0.5499999999999983791 ) ;
#5524 = AXIS2_PLACEMENT_3D ( 'NONE', #2398, #6572, #1904 ) ;
#5525 = AXIS2_PLACEMENT_3D ( 'NONE', #4610, #6063, #2947 ) ;
#5526 = VERTEX_POINT ( 'NONE', #1440 ) ;
#5527 = CARTESIAN_POINT ( 'NONE',  ( -29.19999999999999929, -18.50000000000000000, 12.69999999999999929 ) ) ;
#5528 = ORIENTED_EDGE ( 'NONE', *, *, #315, .F. ) ;
#5529 = COLOUR_RGB ( '',1.000000000000000000, 1.000000000000000000, 1.000000000000000000 ) ;
#5530 = DIRECTION ( 'NONE',  ( -1.000000000000000000, 0.000000000000000000, 0.000000000000000000 ) ) ;
#5531 = EDGE_CURVE ( 'NONE', #3376, #4808, #3470, .T. ) ;
#5532 = ORIENTED_EDGE ( 'NONE', *, *, #3808, .F. ) ;
#5533 = DIRECTION ( 'NONE',  ( 1.000000000000000000, 0.000000000000000000, 0.000000000000000000 ) ) ;
#5534 = DIRECTION ( 'NONE',  ( 0.000000000000000000, 0.000000000000000000, 1.000000000000000000 ) ) ;
#5535 = AXIS2_PLACEMENT_3D ( 'NONE', #283, #3862, #1366 ) ;
#5536 = DIRECTION ( 'NONE',  ( 0.000000000000000000, 0.000000000000000000, -1.000000000000000000 ) ) ;
#5537 = VERTEX_POINT ( 'NONE', #1933 ) ;
#5538 = AXIS2_PLACEMENT_3D ( 'NONE', #1982, #3950, #374 ) ;
#5539 =( NAMED_UNIT ( * ) SI_UNIT ( $, .STERADIAN. ) SOLID_ANGLE_UNIT ( ) );
#5540 = VERTEX_POINT ( 'NONE', #3937 ) ;
#5541 = FILL_AREA_STYLE ('',( #487 ) ) ;
#5542 = CARTESIAN_POINT ( 'NONE',  ( 29.80000000000000071, -17.50000000000000000, 12.69999999999999929 ) ) ;
#5543 = DIRECTION ( 'NONE',  ( -1.000000000000000000, 0.000000000000000000, -0.000000000000000000 ) ) ;
#5544 = ADVANCED_FACE ( 'NONE', ( #6018, #845 ), #2002, .T. ) ;
#5545 = UNCERTAINTY_MEASURE_WITH_UNIT (LENGTH_MEASURE( 1.000000000000000082E-05 ), #5929, 'distance_accuracy_value', 'NONE');
#5546 = ADVANCED_FACE ( 'NONE', ( #4953 ), #1470, .F. ) ;
#5547 = CARTESIAN_POINT ( 'NONE',  ( 28.19999999999999929, 19.50000000000000000, 12.19999999999999929 ) ) ;
#5548 = MECHANICAL_DESIGN_GEOMETRIC_PRESENTATION_REPRESENTATION (  '', ( #3794 ), #603 ) ;
#5549 = AXIS2_PLACEMENT_3D ( 'NONE', #78, #4162, #6244 ) ;
#5550 = EDGE_CURVE ( 'NONE', #3719, #5638, #5518, .T. ) ;
#5551 = ORIENTED_EDGE ( 'NONE', *, *, #2521, .F. ) ;
#5552 = CIRCLE ( 'NONE', #3478, 0.3000000000000224709 ) ;
#5553 = DIRECTION ( 'NONE',  ( 1.000000000000000000, 0.000000000000000000, 0.000000000000000000 ) ) ;
#5554 = DIRECTION ( 'NONE',  ( -1.000000000000000000, 0.000000000000000000, -0.000000000000000000 ) ) ;
#5555 = DIRECTION ( 'NONE',  ( 0.000000000000000000, 0.000000000000000000, 1.000000000000000000 ) ) ;
#5556 = ORIENTED_EDGE ( 'NONE', *, *, #3052, .F. ) ;
#5557 = DIRECTION ( 'NONE',  ( 0.000000000000000000, 0.000000000000000000, 1.000000000000000000 ) ) ;
#5558 = CARTESIAN_POINT ( 'NONE',  ( 26.14999999999999858, 7.620000000000000107, -3.800000000000000266 ) ) ;
#5559 = ORIENTED_EDGE ( 'NONE', *, *, #6038, .T. ) ;
#5560 =( NAMED_UNIT ( * ) SI_UNIT ( $, .STERADIAN. ) SOLID_ANGLE_UNIT ( ) );
#5561 = UNCERTAINTY_MEASURE_WITH_UNIT (LENGTH_MEASURE( 1.000000000000000082E-05 ), #741, 'distance_accuracy_value', 'NONE');
#5562 = CARTESIAN_POINT ( 'NONE',  ( 29.30000000000000071, -18.39999999999999858, 12.69999999999999929 ) ) ;
#5563 = ORIENTED_EDGE ( 'NONE', *, *, #6300, .F. ) ;
#5564 =( NAMED_UNIT ( * ) SI_UNIT ( $, .STERADIAN. ) SOLID_ANGLE_UNIT ( ) );
#5565 = DIRECTION ( 'NONE',  ( 1.000000000000000000, 0.000000000000000000, 0.000000000000000000 ) ) ;
#5566 = CARTESIAN_POINT ( 'NONE',  ( 25.39999999999999858, -7.620000000000000107, -6.121320343559641053 ) ) ;
#5567 = ADVANCED_FACE ( 'NONE', ( #4142 ), #3095, .T. ) ;
#5568 = DIRECTION ( 'NONE',  ( 0.000000000000000000, 0.000000000000000000, 1.000000000000000000 ) ) ;
#5569 = ORIENTED_EDGE ( 'NONE', *, *, #1588, .F. ) ;
#5570 = CONICAL_SURFACE ( 'NONE', #4138, 0.5499999999999983791, 0.7853981633974560506 ) ;
#5571 = SURFACE_STYLE_USAGE ( .BOTH. , #8 ) ;
#5572 = ORIENTED_EDGE ( 'NONE', *, *, #4016, .F. ) ;
#5573 = CARTESIAN_POINT ( 'NONE',  ( -29.19999999999999929, 18.50000000000000000, 12.19999999999999929 ) ) ;
#5574 = CARTESIAN_POINT ( 'NONE',  ( 30.20000000000000284, 17.39999999999999858, 12.69999999999999929 ) ) ;
#5575 = SURFACE_STYLE_USAGE ( .BOTH. , #3451 ) ;
#5576 = PRESENTATION_LAYER_ASSIGNMENT (  '', '', ( #4819 ) ) ;
#5577 = AXIS2_PLACEMENT_3D ( 'NONE', #1696, #2732, #1068 ) ;
#5578 = DIRECTION ( 'NONE',  ( 1.000000000000000000, 0.000000000000000000, 0.000000000000000000 ) ) ;
#5579 = EDGE_CURVE ( 'NONE', #2610, #6511, #2665, .T. ) ;
#5580 = SURFACE_STYLE_FILL_AREA ( #5940 ) ;
#5581 = VERTEX_POINT ( 'NONE', #1599 ) ;
#5582 = CARTESIAN_POINT ( 'NONE',  ( -25.10000000000000142, -13.08000000000000007, -17.30000000000000071 ) ) ;
#5583 = DIRECTION ( 'NONE',  ( 0.000000000000000000, 0.000000000000000000, -1.000000000000000000 ) ) ;
#5584 = CARTESIAN_POINT ( 'NONE',  ( -28.80000000000000071, -19.00000000000000000, 12.19999999999999929 ) ) ;
#5585 = EDGE_CURVE ( 'NONE', #1210, #6197, #3629, .T. ) ;
#5586 = ORIENTED_EDGE ( 'NONE', *, *, #413, .T. ) ;
#5587 =( NAMED_UNIT ( * ) SI_UNIT ( $, .STERADIAN. ) SOLID_ANGLE_UNIT ( ) );
#5588 = CARTESIAN_POINT ( 'NONE',  ( -23.59999999999999787, -13.08000000000000007, -17.30000000000000071 ) ) ;
#5589 = ADVANCED_FACE ( 'NONE', ( #569 ), #1567, .F. ) ;
#5590 = SURFACE_STYLE_USAGE ( .BOTH. , #3502 ) ;
#5591 = VERTEX_POINT ( 'NONE', #5153 ) ;
#5592 = STYLED_ITEM ( 'NONE', ( #1574 ), #1591 ) ;
#5593 = CARTESIAN_POINT ( 'NONE',  ( 28.29999999999999716, -19.40000000000000213, 12.69999999999999929 ) ) ;
#5594 = ORIENTED_EDGE ( 'NONE', *, *, #3457, .T. ) ;
#5595 = CARTESIAN_POINT ( 'NONE',  ( -25.39999999999999858, 0.000000000000000000, -0.1999999999999996503 ) ) ;
#5596 = DIRECTION ( 'NONE',  ( 0.000000000000000000, 0.000000000000000000, 1.000000000000000000 ) ) ;
#5597 = CARTESIAN_POINT ( 'NONE',  ( -25.69999999999999929, 7.620000000000000107, -3.999999999999999112 ) ) ;
#5598 = MECHANICAL_DESIGN_GEOMETRIC_PRESENTATION_REPRESENTATION (  '', ( #2132 ), #5907 ) ;
#5599 = EDGE_CURVE ( 'NONE', #3923, #1684, #4736, .T. ) ;
#5600 = FILL_AREA_STYLE ('',( #926 ) ) ;
#5601 = ORIENTED_EDGE ( 'NONE', *, *, #1235, .T. ) ;
#5602 = EDGE_CURVE ( 'NONE', #317, #1848, #6292, .T. ) ;
#5603 = DIRECTION ( 'NONE',  ( -1.000000000000000000, 0.000000000000000000, 0.000000000000000000 ) ) ;
#5604 = ORIENTED_EDGE ( 'NONE', *, *, #1548, .F. ) ;
#5605 =( LENGTH_UNIT ( ) NAMED_UNIT ( * ) SI_UNIT ( .MILLI., .METRE. ) );
#5606 = LINE ( 'NONE', #1851, #3878 ) ;
#5607 = CARTESIAN_POINT ( 'NONE',  ( 28.29999999999999716, 19.40000000000000213, 12.19999999999999929 ) ) ;
#5608 = DIRECTION ( 'NONE',  ( 1.000000000000000000, 0.000000000000000000, 0.000000000000000000 ) ) ;
#5609 =( GEOMETRIC_REPRESENTATION_CONTEXT ( 3 ) GLOBAL_UNCERTAINTY_ASSIGNED_CONTEXT ( ( #1032 ) ) GLOBAL_UNIT_ASSIGNED_CONTEXT ( ( #2069, #3573, #3538 ) ) REPRESENTATION_CONTEXT ( 'NONE', 'WORKASPACE' ) );
#5610 = UNCERTAINTY_MEASURE_WITH_UNIT (LENGTH_MEASURE( 1.000000000000000082E-05 ), #2000, 'distance_accuracy_value', 'NONE');
#5611 = DIRECTION ( 'NONE',  ( -1.000000000000000000, 1.145031997344426006E-16, 0.000000000000000000 ) ) ;
#5612 = AXIS2_PLACEMENT_3D ( 'NONE', #6415, #3880, #1910 ) ;
#5613 = CIRCLE ( 'NONE', #5174, 0.7500000000000006661 ) ;
#5614 =( LENGTH_UNIT ( ) NAMED_UNIT ( * ) SI_UNIT ( .MILLI., .METRE. ) );
#5615 = FACE_OUTER_BOUND ( 'NONE', #2587, .T. ) ;
#5616 = ORIENTED_EDGE ( 'NONE', *, *, #605, .T. ) ;
#5617 = DIRECTION ( 'NONE',  ( 0.000000000000000000, 0.000000000000000000, 1.000000000000000000 ) ) ;
#5618 = DIRECTION ( 'NONE',  ( 0.000000000000000000, 0.000000000000000000, -1.000000000000000000 ) ) ;
#5619 = VERTEX_POINT ( 'NONE', #6225 ) ;
#5620 = DIRECTION ( 'NONE',  ( -1.000000000000000000, 0.000000000000000000, 0.000000000000000000 ) ) ;
#5621 =( LENGTH_UNIT ( ) NAMED_UNIT ( * ) SI_UNIT ( .MILLI., .METRE. ) );
#5622 = VECTOR ( 'NONE', #5486, 1000.000000000000000 ) ;
#5623 =( GEOMETRIC_REPRESENTATION_CONTEXT ( 3 ) GLOBAL_UNCERTAINTY_ASSIGNED_CONTEXT ( ( #1504 ) ) GLOBAL_UNIT_ASSIGNED_CONTEXT ( ( #6393, #2792, #1293 ) ) REPRESENTATION_CONTEXT ( 'NONE', 'WORKASPACE' ) );
#5624 = ORIENTED_EDGE ( 'NONE', *, *, #633, .T. ) ;
#5625 = ADVANCED_FACE ( 'NONE', ( #1007 ), #503, .F. ) ;
#5626 = CARTESIAN_POINT ( 'NONE',  ( 29.80000000000000071, -17.50000000000000000, 12.69999999999999929 ) ) ;
#5627 = UNCERTAINTY_MEASURE_WITH_UNIT (LENGTH_MEASURE( 1.000000000000000082E-05 ), #3099, 'distance_accuracy_value', 'NONE');
#5628 = LINE ( 'NONE', #2442, #5397 ) ;
#5629 = AXIS2_PLACEMENT_3D ( 'NONE', #5416, #835, #5382 ) ;
#5630 = VERTEX_POINT ( 'NONE', #2605 ) ;
#5631 = LINE ( 'NONE', #954, #2850 ) ;
#5632 = AXIS2_PLACEMENT_3D ( 'NONE', #260, #3327, #5359 ) ;
#5633 = CARTESIAN_POINT ( 'NONE',  ( 26.14999999999999858, -3.810000000000000053, -0.1999999999999996503 ) ) ;
#5634 =( LENGTH_UNIT ( ) NAMED_UNIT ( * ) SI_UNIT ( .MILLI., .METRE. ) );
#5635 = SURFACE_STYLE_FILL_AREA ( #5755 ) ;
#5636 = CIRCLE ( 'NONE', #2383, 0.7500000000000006661 ) ;
#5637 = CARTESIAN_POINT ( 'NONE',  ( 24.64999999999999858, 0.000000000000000000, -0.1999999999999996503 ) ) ;
#5638 = VERTEX_POINT ( 'NONE', #5218 ) ;
#5639 = CIRCLE ( 'NONE', #5525, 0.5000000000000004441 ) ;
#5640 = DIRECTION ( 'NONE',  ( 0.000000000000000000, 0.000000000000000000, -1.000000000000000000 ) ) ;
#5641 = ORIENTED_EDGE ( 'NONE', *, *, #616, .T. ) ;
#5642 = DIRECTION ( 'NONE',  ( 1.000000000000000000, 0.000000000000000000, 0.000000000000000000 ) ) ;
#5643 = PRESENTATION_LAYER_ASSIGNMENT (  '', '', ( #4434 ) ) ;
#5644 = CARTESIAN_POINT ( 'NONE',  ( -22.10000000000000142, 13.08000000000000007, 12.19999999999999929 ) ) ;
#5645 = AXIS2_PLACEMENT_3D ( 'NONE', #1207, #4280, #1731 ) ;
#5646 = DIRECTION ( 'NONE',  ( 0.000000000000000000, -1.000000000000000000, 0.000000000000000000 ) ) ;
#5647 = VECTOR ( 'NONE', #4696, 1000.000000000000000 ) ;
#5648 =( NAMED_UNIT ( * ) SI_UNIT ( $, .STERADIAN. ) SOLID_ANGLE_UNIT ( ) );
#5649 = DIRECTION ( 'NONE',  ( 0.000000000000000000, -1.000000000000000000, 0.000000000000000000 ) ) ;
#5650 = AXIS2_PLACEMENT_3D ( 'NONE', #1610, #3682, #2172 ) ;
#5651 = EDGE_CURVE ( 'NONE', #483, #1598, #226, .T. ) ;
#5652 = DIRECTION ( 'NONE',  ( 0.000000000000000000, 0.000000000000000000, 1.000000000000000000 ) ) ;
#5653 = AXIS2_PLACEMENT_3D ( 'NONE', #4012, #4992, #6020 ) ;
#5654 = FILL_AREA_STYLE_COLOUR ( '', #4407 ) ;
#5655 =( GEOMETRIC_REPRESENTATION_CONTEXT ( 3 ) GLOBAL_UNCERTAINTY_ASSIGNED_CONTEXT ( ( #2691 ) ) GLOBAL_UNIT_ASSIGNED_CONTEXT ( ( #2685, #4755, #3248 ) ) REPRESENTATION_CONTEXT ( 'NONE', 'WORKASPACE' ) );
#5656 = PRESENTATION_STYLE_ASSIGNMENT (( #3564 ) ) ;
#5657 = EDGE_LOOP ( 'NONE', ( #3846, #3244, #6541, #5012 ) ) ;
#5658 = CARTESIAN_POINT ( 'NONE',  ( -25.39999999999999858, -7.620000000000000107, 0.000000000000000000 ) ) ;
#5659 = VECTOR ( 'NONE', #3279, 1000.000000000000000 ) ;
#5660 = ORIENTED_EDGE ( 'NONE', *, *, #2907, .F. ) ;
#5661 = SURFACE_STYLE_FILL_AREA ( #5750 ) ;
#5662 = DIRECTION ( 'NONE',  ( 0.000000000000000000, 0.000000000000000000, -1.000000000000000000 ) ) ;
#5663 = ORIENTED_EDGE ( 'NONE', *, *, #768, .F. ) ;
#5664 = DIRECTION ( 'NONE',  ( 0.000000000000000000, 0.000000000000000000, -1.000000000000000000 ) ) ;
#5665 = EDGE_CURVE ( 'NONE', #2200, #3448, #19, .T. ) ;
#5666 = CARTESIAN_POINT ( 'NONE',  ( 29.19999999999999929, 18.50000000000000000, 12.19999999999999929 ) ) ;
#5667 = CARTESIAN_POINT ( 'NONE',  ( -25.39999999999999858, 0.000000000000000000, -3.999999999999999112 ) ) ;
#5668 = ORIENTED_EDGE ( 'NONE', *, *, #644, .F. ) ;
#5669 = COLOUR_RGB ( '',1.000000000000000000, 1.000000000000000000, 0.5019607843137254832 ) ;
#5670 = ORIENTED_EDGE ( 'NONE', *, *, #5874, .T. ) ;
#5671 = CARTESIAN_POINT ( 'NONE',  ( 25.39999999999999858, 0.000000000000000000, -0.1999999999999996503 ) ) ;
#5672 = PLANE ( 'NONE',  #82 ) ;
#5673 = FACE_OUTER_BOUND ( 'NONE', #2569, .T. ) ;
#5674 = VECTOR ( 'NONE', #5536, 1000.000000000000000 ) ;
#5675 = DIRECTION ( 'NONE',  ( 0.000000000000000000, 1.000000000000000000, 0.000000000000000000 ) ) ;
#5676 = ADVANCED_FACE ( 'NONE', ( #4708 ), #2125, .F. ) ;
#5677 = UNCERTAINTY_MEASURE_WITH_UNIT (LENGTH_MEASURE( 1.000000000000000082E-05 ), #6423, 'distance_accuracy_value', 'NONE');
#5678 = STYLED_ITEM ( 'NONE', ( #631 ), #194 ) ;
#5679 = CARTESIAN_POINT ( 'NONE',  ( -28.29999999999999716, -19.00000000000000000, 12.19999999999999929 ) ) ;
#5680 = STYLED_ITEM ( 'NONE', ( #2449 ), #4944 ) ;
#5681 = CARTESIAN_POINT ( 'NONE',  ( 28.29999999999999716, 19.00000000000000000, 12.69999999999999929 ) ) ;
#5682 = CARTESIAN_POINT ( 'NONE',  ( -25.39999999999999858, 7.620000000000000107, -3.999999999999999112 ) ) ;
#5683 = PRESENTATION_LAYER_ASSIGNMENT (  '', '', ( #3493 ) ) ;
#5684 = ADVANCED_FACE ( 'NONE', ( #5318 ), #1240, .T. ) ;
#5685 = DIRECTION ( 'NONE',  ( 0.000000000000000000, 0.000000000000000000, 1.000000000000000000 ) ) ;
#5686 = ADVANCED_FACE ( 'NONE', ( #801 ), #2703, .F. ) ;
#5687 = ORIENTED_EDGE ( 'NONE', *, *, #678, .T. ) ;
#5688 = SURFACE_SIDE_STYLE ('',( #3602 ) ) ;
#5689 = CARTESIAN_POINT ( 'NONE',  ( 25.39999999999999858, 7.620000000000000107, -3.999999999999999112 ) ) ;
#5690 = CARTESIAN_POINT ( 'NONE',  ( 29.30000000000000071, -18.39999999999999858, 12.69999999999999929 ) ) ;
#5691 = ORIENTED_EDGE ( 'NONE', *, *, #2948, .T. ) ;
#5692 = UNCERTAINTY_MEASURE_WITH_UNIT (LENGTH_MEASURE( 1.000000000000000082E-05 ), #5634, 'distance_accuracy_value', 'NONE');
#5693 = DIRECTION ( 'NONE',  ( 0.000000000000000000, 0.000000000000000000, 1.000000000000000000 ) ) ;
#5694 = FACE_OUTER_BOUND ( 'NONE', #683, .T. ) ;
#5695 = ORIENTED_EDGE ( 'NONE', *, *, #331, .F. ) ;
#5696 = CARTESIAN_POINT ( 'NONE',  ( 28.29999999999999716, 19.00000000000000000, 12.19999999999999929 ) ) ;
#5697 = DIRECTION ( 'NONE',  ( 0.000000000000000000, 0.000000000000000000, 1.000000000000000000 ) ) ;
#5698 = ORIENTED_EDGE ( 'NONE', *, *, #5665, .T. ) ;
#5699 = LINE ( 'NONE', #1082, #2115 ) ;
#5700 = EDGE_LOOP ( 'NONE', ( #6643, #6098, #4628, #2320, #2313, #5032, #778, #4878, #2205, #3394, #4401 ) ) ;
#5701 = ORIENTED_EDGE ( 'NONE', *, *, #6163, .T. ) ;
#5702 = AXIS2_PLACEMENT_3D ( 'NONE', #534, #430, #3041 ) ;
#5703 = LINE ( 'NONE', #4796, #3278 ) ;
#5704 =( NAMED_UNIT ( * ) SI_UNIT ( $, .STERADIAN. ) SOLID_ANGLE_UNIT ( ) );
#5705 =( NAMED_UNIT ( * ) SI_UNIT ( $, .STERADIAN. ) SOLID_ANGLE_UNIT ( ) );
#5706 = EDGE_CURVE ( 'NONE', #1684, #4983, #4245, .T. ) ;
#5707 = DIRECTION ( 'NONE',  ( 0.000000000000000000, 0.000000000000000000, 1.000000000000000000 ) ) ;
#5708 = VECTOR ( 'NONE', #2342, 1000.000000000000000 ) ;
#5709 = AXIS2_PLACEMENT_3D ( 'NONE', #1625, #4137, #1663 ) ;
#5710 = ORIENTED_EDGE ( 'NONE', *, *, #4227, .T. ) ;
#5711 = CARTESIAN_POINT ( 'NONE',  ( 29.80000000000000071, 17.50000000000000000, 12.69999999999999929 ) ) ;
#5712 = VECTOR ( 'NONE', #2883, 1000.000000000000000 ) ;
#5713 = EDGE_CURVE ( 'NONE', #2242, #4679, #4874, .T. ) ;
#5714 = DIRECTION ( 'NONE',  ( 0.000000000000000000, 0.000000000000000000, 1.000000000000000000 ) ) ;
#5715 = VERTEX_POINT ( 'NONE', #6431 ) ;
#5716 = PRESENTATION_LAYER_ASSIGNMENT (  '', '', ( #3542 ) ) ;
#5717 = CARTESIAN_POINT ( 'NONE',  ( -28.80000000000000071, -18.50000000000000000, 12.19999999999999929 ) ) ;
#5718 = ORIENTED_EDGE ( 'NONE', *, *, #220, .F. ) ;
#5719 = DIRECTION ( 'NONE',  ( 1.000000000000000000, 0.000000000000000000, 0.000000000000000000 ) ) ;
#5720 = ORIENTED_EDGE ( 'NONE', *, *, #202, .T. ) ;
#5721 = LINE ( 'NONE', #4080, #5247 ) ;
#5722 = ORIENTED_EDGE ( 'NONE', *, *, #3954, .F. ) ;
#5723 = ADVANCED_FACE ( 'NONE', ( #4839 ), #2586, .T. ) ;
#5724 = CIRCLE ( 'NONE', #4202, 1.500000000000001332 ) ;
#5725 = COLOUR_RGB ( '',1.000000000000000000, 1.000000000000000000, 1.000000000000000000 ) ;
#5726 = VERTEX_POINT ( 'NONE', #1298 ) ;
#5727 = DIRECTION ( 'NONE',  ( 0.000000000000000000, 0.000000000000000000, 1.000000000000000000 ) ) ;
#5728 = DIRECTION ( 'NONE',  ( 0.000000000000000000, 0.000000000000000000, 1.000000000000000000 ) ) ;
#5729 = MECHANICAL_DESIGN_GEOMETRIC_PRESENTATION_REPRESENTATION (  '', ( #4876 ), #793 ) ;
#5730 =( GEOMETRIC_REPRESENTATION_CONTEXT ( 3 ) GLOBAL_UNCERTAINTY_ASSIGNED_CONTEXT ( ( #4676 ) ) GLOBAL_UNIT_ASSIGNED_CONTEXT ( ( #126, #1140, #4675 ) ) REPRESENTATION_CONTEXT ( 'NONE', 'WORKASPACE' ) );
#5731 = CARTESIAN_POINT ( 'NONE',  ( 28.29999999999999716, -19.40000000000000213, 12.19999999999999929 ) ) ;
#5732 = ORIENTED_EDGE ( 'NONE', *, *, #2763, .T. ) ;
#5733 = UNCERTAINTY_MEASURE_WITH_UNIT (LENGTH_MEASURE( 1.000000000000000082E-05 ), #4059, 'distance_accuracy_value', 'NONE');
#5734 = STYLED_ITEM ( 'NONE', ( #5042 ), #2296 ) ;
#5735 = STYLED_ITEM ( 'NONE', ( #4351 ), #6514 ) ;
#5736 = FILL_AREA_STYLE_COLOUR ( '', #469 ) ;
#5737 = AXIS2_PLACEMENT_3D ( 'NONE', #1882, #3885, #4931 ) ;
#5738 =( NAMED_UNIT ( * ) SI_UNIT ( $, .STERADIAN. ) SOLID_ANGLE_UNIT ( ) );
#5739 = ADVANCED_FACE ( 'NONE', ( #4912 ), #4377, .F. ) ;
#5740 =( GEOMETRIC_REPRESENTATION_CONTEXT ( 3 ) GLOBAL_UNCERTAINTY_ASSIGNED_CONTEXT ( ( #3845 ) ) GLOBAL_UNIT_ASSIGNED_CONTEXT ( ( #6011, #2893, #1926 ) ) REPRESENTATION_CONTEXT ( 'NONE', 'WORKASPACE' ) );
#5741 =( NAMED_UNIT ( * ) SI_UNIT ( $, .STERADIAN. ) SOLID_ANGLE_UNIT ( ) );
#5742 = FACE_OUTER_BOUND ( 'NONE', #98, .T. ) ;
#5743 = MANIFOLD_SOLID_BREP ( 'NONE', #407 ) ;
#5744 =( LENGTH_UNIT ( ) NAMED_UNIT ( * ) SI_UNIT ( .MILLI., .METRE. ) );
#5745 = AXIS2_PLACEMENT_3D ( 'NONE', #227, #5856, #5293 ) ;
#5746 = VERTEX_POINT ( 'NONE', #6080 ) ;
#5747 = CARTESIAN_POINT ( 'NONE',  ( -28.80000000000000071, -18.50000000000000000, 12.69999999999999929 ) ) ;
#5748 = AXIS2_PLACEMENT_3D ( 'NONE', #3569, #3076, #6192 ) ;
#5749 = EDGE_LOOP ( 'NONE', ( #2811, #2079 ) ) ;
#5750 = FILL_AREA_STYLE ('',( #3673 ) ) ;
#5751 =( NAMED_UNIT ( * ) SI_UNIT ( $, .STERADIAN. ) SOLID_ANGLE_UNIT ( ) );
#5752 = ORIENTED_EDGE ( 'NONE', *, *, #3962, .F. ) ;
#5753 = FILL_AREA_STYLE_COLOUR ( '', #3035 ) ;
#5754 = VECTOR ( 'NONE', #2787, 1000.000000000000000 ) ;
#5755 = FILL_AREA_STYLE ('',( #4153 ) ) ;
#5756 = ORIENTED_EDGE ( 'NONE', *, *, #3904, .F. ) ;
#5757 = DIRECTION ( 'NONE',  ( 1.000000000000000000, 0.000000000000000000, 0.000000000000000000 ) ) ;
#5758 = EDGE_LOOP ( 'NONE', ( #3549, #1671, #5102, #1352 ) ) ;
#5759 = VECTOR ( 'NONE', #4828, 1000.000000000000000 ) ;
#5760 = PRESENTATION_STYLE_ASSIGNMENT (( #2753 ) ) ;
#5761 = VERTEX_POINT ( 'NONE', #424 ) ;
#5762 =( NAMED_UNIT ( * ) SI_UNIT ( $, .STERADIAN. ) SOLID_ANGLE_UNIT ( ) );
#5763 = DIRECTION ( 'NONE',  ( 0.000000000000000000, 0.000000000000000000, -1.000000000000000000 ) ) ;
#5764 =( LENGTH_UNIT ( ) NAMED_UNIT ( * ) SI_UNIT ( .MILLI., .METRE. ) );
#5765 =( GEOMETRIC_REPRESENTATION_CONTEXT ( 3 ) GLOBAL_UNCERTAINTY_ASSIGNED_CONTEXT ( ( #3980 ) ) GLOBAL_UNIT_ASSIGNED_CONTEXT ( ( #4375, #4835, #6456 ) ) REPRESENTATION_CONTEXT ( 'NONE', 'WORKASPACE' ) );
#5766 = LINE ( 'NONE', #3087, #611 ) ;
#5767 = ORIENTED_EDGE ( 'NONE', *, *, #3701, .T. ) ;
#5768 = AXIS2_PLACEMENT_3D ( 'NONE', #5595, #4471, #5533 ) ;
#5769 = DIRECTION ( 'NONE',  ( 0.000000000000000000, 0.000000000000000000, 1.000000000000000000 ) ) ;
#5770 = FACE_BOUND ( 'NONE', #2457, .T. ) ;
#5771 = CARTESIAN_POINT ( 'NONE',  ( -26.14999999999999858, 0.000000000000000000, 0.000000000000000000 ) ) ;
#5772 = VECTOR ( 'NONE', #304, 1000.000000000000000 ) ;
#5773 =( NAMED_UNIT ( * ) PLANE_ANGLE_UNIT ( ) SI_UNIT ( $, .RADIAN. ) );
#5774 = CIRCLE ( 'NONE', #3075, 0.7500000000000006661 ) ;
#5775 = MANIFOLD_SOLID_BREP ( 'NONE', #2326 ) ;
#5776 = CARTESIAN_POINT ( 'NONE',  ( -30.30000000000000071, 19.50000000000000000, 0.000000000000000000 ) ) ;
#5777 = ORIENTED_EDGE ( 'NONE', *, *, #4111, .F. ) ;
#5778 = STYLED_ITEM ( 'NONE', ( #3226 ), #2785 ) ;
#5779 =( NAMED_UNIT ( * ) SI_UNIT ( $, .STERADIAN. ) SOLID_ANGLE_UNIT ( ) );
#5780 = CARTESIAN_POINT ( 'NONE',  ( -23.59999999999999787, -13.08000000000000007, -17.30000000000000071 ) ) ;
#5781 = CIRCLE ( 'NONE', #5044, 0.7500000000000006661 ) ;
#5782 = VECTOR ( 'NONE', #4963, 1000.000000000000000 ) ;
#5783 = FACE_OUTER_BOUND ( 'NONE', #4499, .T. ) ;
#5784 = ORIENTED_EDGE ( 'NONE', *, *, #1984, .T. ) ;
#5785 = AXIS2_PLACEMENT_3D ( 'NONE', #4700, #5245, #4205 ) ;
#5786 = SURFACE_STYLE_FILL_AREA ( #4740 ) ;
#5787 = LINE ( 'NONE', #2708, #4566 ) ;
#5788 = ADVANCED_FACE ( 'NONE', ( #5511, #3491 ), #389, .T. ) ;
#5789 = CARTESIAN_POINT ( 'NONE',  ( -23.59999999999999787, -13.08000000000000007, 0.000000000000000000 ) ) ;
#5790 = EDGE_LOOP ( 'NONE', ( #2712, #5234, #908, #2538 ) ) ;
#5791 = FILL_AREA_STYLE_COLOUR ( '', #2422 ) ;
#5792 = LINE ( 'NONE', #1178, #2806 ) ;
#5793 = DIRECTION ( 'NONE',  ( 1.000000000000000000, 0.000000000000000000, 0.000000000000000000 ) ) ;
#5794 = DIRECTION ( 'NONE',  ( -8.673617379884240576E-15, 1.000000000000000000, 0.000000000000000000 ) ) ;
#5795 = EDGE_LOOP ( 'NONE', ( #2809, #2339 ) ) ;
#5796 = DIRECTION ( 'NONE',  ( 0.000000000000000000, 0.000000000000000000, 1.000000000000000000 ) ) ;
#5797 = VERTEX_POINT ( 'NONE', #5208 ) ;
#5798 = FILL_AREA_STYLE ('',( #75 ) ) ;
#5799 = ORIENTED_EDGE ( 'NONE', *, *, #6454, .T. ) ;
#5800 = SURFACE_SIDE_STYLE ('',( #2082 ) ) ;
#5801 = DIRECTION ( 'NONE',  ( 1.000000000000000000, 0.000000000000000000, 0.000000000000000000 ) ) ;
#5802 = DIRECTION ( 'NONE',  ( 1.000000000000000000, 0.000000000000000000, 0.000000000000000000 ) ) ;
#5803 = EDGE_CURVE ( 'NONE', #769, #3018, #3593, .T. ) ;
#5804 = LINE ( 'NONE', #3148, #385 ) ;
#5805 = FILL_AREA_STYLE_COLOUR ( '', #6180 ) ;
#5806 = EDGE_CURVE ( 'NONE', #5471, #2263, #5088, .T. ) ;
#5807 = EDGE_LOOP ( 'NONE', ( #2503, #782 ) ) ;
#5808 = CIRCLE ( 'NONE', #4618, 0.5499999999999983791 ) ;
#5809 = DIRECTION ( 'NONE',  ( 0.000000000000000000, 0.000000000000000000, 1.000000000000000000 ) ) ;
#5810 = DIRECTION ( 'NONE',  ( -1.000000000000000000, 0.000000000000000000, 0.000000000000000000 ) ) ;
#5811 = DIRECTION ( 'NONE',  ( 1.000000000000000000, 0.000000000000000000, 0.000000000000000000 ) ) ;
#5812 = EDGE_CURVE ( 'NONE', #3728, #4263, #1492, .T. ) ;
#5813 = FACE_OUTER_BOUND ( 'NONE', #3103, .T. ) ;
#5814 = PLANE ( 'NONE',  #5629 ) ;
#5815 = ORIENTED_EDGE ( 'NONE', *, *, #6068, .T. ) ;
#5816 = CARTESIAN_POINT ( 'NONE',  ( -29.80000000000000071, -17.50000000000000000, 12.19999999999999929 ) ) ;
#5817 =( LENGTH_UNIT ( ) NAMED_UNIT ( * ) SI_UNIT ( .MILLI., .METRE. ) );
#5818 = VERTEX_POINT ( 'NONE', #5681 ) ;
#5819 = VECTOR ( 'NONE', #5685, 1000.000000000000000 ) ;
#5820 = CARTESIAN_POINT ( 'NONE',  ( 25.39999999999999858, -3.810000000000000053, -3.800000000000000266 ) ) ;
#5821 = CARTESIAN_POINT ( 'NONE',  ( 25.10000000000000142, -3.810000000000000053, -3.999999999999999112 ) ) ;
#5822 = SURFACE_SIDE_STYLE ('',( #2134 ) ) ;
#5823 = ORIENTED_EDGE ( 'NONE', *, *, #149, .F. ) ;
#5824 = DIRECTION ( 'NONE',  ( 1.000000000000000000, 0.000000000000000000, 0.000000000000000000 ) ) ;
#5825 = CARTESIAN_POINT ( 'NONE',  ( -29.19999999999999929, 18.39999999999999858, 12.19999999999999929 ) ) ;
#5826 = AXIS2_PLACEMENT_3D ( 'NONE', #5233, #1185, #2179 ) ;
#5827 = AXIS2_PLACEMENT_3D ( 'NONE', #3867, #5947, #5355 ) ;
#5828 = EDGE_CURVE ( 'NONE', #3083, #3524, #3429, .T. ) ;
#5829 = DIRECTION ( 'NONE',  ( -0.7071067811865525687, -0.000000000000000000, 0.7071067811865425767 ) ) ;
#5830 = ADVANCED_FACE ( 'NONE', ( #3068 ), #4661, .F. ) ;
#5831 = ORIENTED_EDGE ( 'NONE', *, *, #6152, .T. ) ;
#5832 = CARTESIAN_POINT ( 'NONE',  ( 25.39999999999999858, 7.620000000000000107, 0.000000000000000000 ) ) ;
#5833 = ORIENTED_EDGE ( 'NONE', *, *, #668, .F. ) ;
#5834 = ORIENTED_EDGE ( 'NONE', *, *, #2780, .F. ) ;
#5835 = CARTESIAN_POINT ( 'NONE',  ( -28.19999999999999929, -19.50000000000000000, 12.19999999999999929 ) ) ;
#5836 = ADVANCED_FACE ( 'NONE', ( #4622 ), #781, .T. ) ;
#5837 = CARTESIAN_POINT ( 'NONE',  ( -25.10000000000000142, 13.08000000000000007, -17.30000000000000071 ) ) ;
#5838 = MECHANICAL_DESIGN_GEOMETRIC_PRESENTATION_REPRESENTATION (  '', ( #4984 ), #2052 ) ;
#5839 = FILL_AREA_STYLE ('',( #759 ) ) ;
#5840 = ORIENTED_EDGE ( 'NONE', *, *, #564, .F. ) ;
#5841 = CARTESIAN_POINT ( 'NONE',  ( -30.30000000000000071, 17.39999999999999858, 12.19999999999999929 ) ) ;
#5842 = CIRCLE ( 'NONE', #5094, 0.09999999999999939493 ) ;
#5843 = STYLED_ITEM ( 'NONE', ( #3165 ), #6381 ) ;
#5844 = CIRCLE ( 'NONE', #1856, 1.500000000000001332 ) ;
#5845 = PRESENTATION_STYLE_ASSIGNMENT (( #2230 ) ) ;
#5846 = VECTOR ( 'NONE', #1662, 1000.000000000000000 ) ;
#5847 = EDGE_CURVE ( 'NONE', #122, #3138, #1994, .T. ) ;
#5848 = ORIENTED_EDGE ( 'NONE', *, *, #2122, .F. ) ;
#5849 = DIRECTION ( 'NONE',  ( 0.000000000000000000, -1.000000000000000000, 0.000000000000000000 ) ) ;
#5850 = MECHANICAL_DESIGN_GEOMETRIC_PRESENTATION_REPRESENTATION (  '', ( #48 ), #252 ) ;
#5851 =( LENGTH_UNIT ( ) NAMED_UNIT ( * ) SI_UNIT ( .MILLI., .METRE. ) );
#5852 = ORIENTED_EDGE ( 'NONE', *, *, #1563, .F. ) ;
#5853 = CARTESIAN_POINT ( 'NONE',  ( -30.30000000000000071, 19.50000000000000000, 12.69999999999999929 ) ) ;
#5854 = PLANE ( 'NONE',  #1014 ) ;
#5855 = AXIS2_PLACEMENT_3D ( 'NONE', #4258, #3269, #1278 ) ;
#5856 = DIRECTION ( 'NONE',  ( 0.000000000000000000, 0.000000000000000000, 1.000000000000000000 ) ) ;
#5857 = ORIENTED_EDGE ( 'NONE', *, *, #6642, .F. ) ;
#5858 = CARTESIAN_POINT ( 'NONE',  ( 24.64999999999999858, -3.810000000000000053, 0.000000000000000000 ) ) ;
#5859 = VERTEX_POINT ( 'NONE', #3522 ) ;
#5860 = AXIS2_PLACEMENT_3D ( 'NONE', #612, #5714, #506 ) ;
#5861 = CARTESIAN_POINT ( 'NONE',  ( 28.29999999999999716, 19.00000000000000000, 12.69999999999999929 ) ) ;
#5862 = EDGE_CURVE ( 'NONE', #2651, #4188, #3976, .T. ) ;
#5863 = CIRCLE ( 'NONE', #5121, 0.5000000000000004441 ) ;
#5864 = ORIENTED_EDGE ( 'NONE', *, *, #2006, .T. ) ;
#5865 = DIRECTION ( 'NONE',  ( 1.000000000000000000, 0.000000000000000000, 0.000000000000000000 ) ) ;
#5866 = FACE_BOUND ( 'NONE', #6160, .T. ) ;
#5867 = STYLED_ITEM ( 'NONE', ( #3960 ), #3518 ) ;
#5868 = VERTEX_POINT ( 'NONE', #3219 ) ;
#5869 = EDGE_CURVE ( 'NONE', #4013, #2020, #3020, .T. ) ;
#5870 = ADVANCED_FACE ( 'NONE', ( #667 ), #183, .F. ) ;
#5871 = DIRECTION ( 'NONE',  ( -1.000000000000000000, 0.000000000000000000, 0.000000000000000000 ) ) ;
#5872 = FILL_AREA_STYLE_COLOUR ( '', #4241 ) ;
#5873 = COLOUR_RGB ( '',1.000000000000000000, 1.000000000000000000, 0.5019607843137254832 ) ;
#5874 = EDGE_CURVE ( 'NONE', #4480, #3612, #1626, .T. ) ;
#5875 = UNCERTAINTY_MEASURE_WITH_UNIT (LENGTH_MEASURE( 1.000000000000000082E-05 ), #1168, 'distance_accuracy_value', 'NONE');
#5876 = SURFACE_STYLE_FILL_AREA ( #3798 ) ;
#5877 = FACE_BOUND ( 'NONE', #2392, .T. ) ;
#5878 = EDGE_CURVE ( 'NONE', #5471, #300, #5275, .T. ) ;
#5879 = FACE_OUTER_BOUND ( 'NONE', #91, .T. ) ;
#5880 = EDGE_LOOP ( 'NONE', ( #24, #3511, #326, #878 ) ) ;
#5881 =( GEOMETRIC_REPRESENTATION_CONTEXT ( 3 ) GLOBAL_UNCERTAINTY_ASSIGNED_CONTEXT ( ( #2558 ) ) GLOBAL_UNIT_ASSIGNED_CONTEXT ( ( #3017, #4577, #6648 ) ) REPRESENTATION_CONTEXT ( 'NONE', 'WORKASPACE' ) );
#5882 = DIRECTION ( 'NONE',  ( 0.000000000000000000, 0.000000000000000000, 1.000000000000000000 ) ) ;
#5883 = EDGE_CURVE ( 'NONE', #6511, #1411, #152, .T. ) ;
#5884 = LINE ( 'NONE', #910, #875 ) ;
#5885 = VECTOR ( 'NONE', #5418, 1000.000000000000000 ) ;
#5886 = ORIENTED_EDGE ( 'NONE', *, *, #3120, .T. ) ;
#5887 = CARTESIAN_POINT ( 'NONE',  ( -30.30000000000000071, -17.39999999999999858, 12.69999999999999929 ) ) ;
#5888 = AXIS2_PLACEMENT_3D ( 'NONE', #10, #3956, #960 ) ;
#5889 = AXIS2_PLACEMENT_3D ( 'NONE', #2427, #5649, #3561 ) ;
#5890 = ORIENTED_EDGE ( 'NONE', *, *, #6581, .F. ) ;
#5891 = CARTESIAN_POINT ( 'NONE',  ( -30.30000000000000071, -17.39999999999999858, 12.19999999999999929 ) ) ;
#5892 = UNCERTAINTY_MEASURE_WITH_UNIT (LENGTH_MEASURE( 1.000000000000000082E-05 ), #3771, 'distance_accuracy_value', 'NONE');
#5893 = VERTEX_POINT ( 'NONE', #1790 ) ;
#5894 = FILL_AREA_STYLE ('',( #2782 ) ) ;
#5895 = EDGE_LOOP ( 'NONE', ( #2359, #3013, #5129, #4050 ) ) ;
#5896 = CARTESIAN_POINT ( 'NONE',  ( 25.39999999999999858, -7.620000000000000107, -3.999999999999999112 ) ) ;
#5897 = FACE_OUTER_BOUND ( 'NONE', #5880, .T. ) ;
#5898 =( LENGTH_UNIT ( ) NAMED_UNIT ( * ) SI_UNIT ( .MILLI., .METRE. ) );
#5899 = CYLINDRICAL_SURFACE ( 'NONE', #1884, 0.7500000000000006661 ) ;
#5900 = ORIENTED_EDGE ( 'NONE', *, *, #3787, .F. ) ;
#5901 = CARTESIAN_POINT ( 'NONE',  ( -26.14999999999999858, 0.000000000000000000, -0.1999999999999996503 ) ) ;
#5902 = DIRECTION ( 'NONE',  ( 0.000000000000000000, 0.000000000000000000, -1.000000000000000000 ) ) ;
#5903 = DIRECTION ( 'NONE',  ( -1.000000000000000000, 0.000000000000000000, 0.000000000000000000 ) ) ;
#5904 = ADVANCED_FACE ( 'NONE', ( #5770, #1165 ), #4270, .T. ) ;
#5905 = FACE_OUTER_BOUND ( 'NONE', #4140, .T. ) ;
#5906 = FACE_OUTER_BOUND ( 'NONE', #5344, .T. ) ;
#5907 =( GEOMETRIC_REPRESENTATION_CONTEXT ( 3 ) GLOBAL_UNCERTAINTY_ASSIGNED_CONTEXT ( ( #4869 ) ) GLOBAL_UNIT_ASSIGNED_CONTEXT ( ( #5744, #3627, #3157 ) ) REPRESENTATION_CONTEXT ( 'NONE', 'WORKASPACE' ) );
#5908 = FILL_AREA_STYLE_COLOUR ( '', #4000 ) ;
#5909 = ORIENTED_EDGE ( 'NONE', *, *, #1766, .T. ) ;
#5910 = DIRECTION ( 'NONE',  ( -1.000000000000000000, 0.000000000000000000, 0.000000000000000000 ) ) ;
#5911 = VERTEX_POINT ( 'NONE', #6354 ) ;
#5912 = CARTESIAN_POINT ( 'NONE',  ( 30.30000000000000071, -19.50000000000000000, 12.69999999999999929 ) ) ;
#5913 = CARTESIAN_POINT ( 'NONE',  ( -28.80000000000000071, 19.00000000000000000, 12.69999999999999929 ) ) ;
#5914 = EDGE_CURVE ( 'NONE', #1113, #5263, #681, .T. ) ;
#5915 = FILL_AREA_STYLE_COLOUR ( '', #5335 ) ;
#5916 = EDGE_LOOP ( 'NONE', ( #2876, #3072, #3271, #3566 ) ) ;
#5917 = VERTEX_POINT ( 'NONE', #5348 ) ;
#5918 = CARTESIAN_POINT ( 'NONE',  ( -29.30000000000000071, -18.39999999999999858, 12.69999999999999929 ) ) ;
#5919 =( GEOMETRIC_REPRESENTATION_CONTEXT ( 3 ) GLOBAL_UNCERTAINTY_ASSIGNED_CONTEXT ( ( #5412 ) ) GLOBAL_UNIT_ASSIGNED_CONTEXT ( ( #4149, #5185, #65 ) ) REPRESENTATION_CONTEXT ( 'NONE', 'WORKASPACE' ) );
#5920 = PRESENTATION_LAYER_ASSIGNMENT (  '', '', ( #3533 ) ) ;
#5921 = VERTEX_POINT ( 'NONE', #6426 ) ;
#5922 = DIRECTION ( 'NONE',  ( 0.000000000000000000, 0.000000000000000000, 1.000000000000000000 ) ) ;
#5923 =( LENGTH_UNIT ( ) NAMED_UNIT ( * ) SI_UNIT ( .MILLI., .METRE. ) );
#5924 = DIRECTION ( 'NONE',  ( 1.000000000000000000, 0.000000000000000000, 0.000000000000000000 ) ) ;
#5925 = EDGE_CURVE ( 'NONE', #6050, #4420, #2153, .T. ) ;
#5926 = CARTESIAN_POINT ( 'NONE',  ( 23.59999999999999787, 13.08000000000000007, 0.000000000000000000 ) ) ;
#5927 = EDGE_LOOP ( 'NONE', ( #5137, #4718 ) ) ;
#5928 = CARTESIAN_POINT ( 'NONE',  ( -29.80000000000000071, -18.00000000000000000, 12.19999999999999929 ) ) ;
#5929 =( LENGTH_UNIT ( ) NAMED_UNIT ( * ) SI_UNIT ( .MILLI., .METRE. ) );
#5930 = VERTEX_POINT ( 'NONE', #2762 ) ;
#5931 = CARTESIAN_POINT ( 'NONE',  ( -30.20000000000000284, 17.39999999999999858, 12.69999999999999929 ) ) ;
#5932 = SURFACE_STYLE_USAGE ( .BOTH. , #2224 ) ;
#5933 = AXIS2_PLACEMENT_3D ( 'NONE', #3840, #4460, #5392 ) ;
#5934 = VECTOR ( 'NONE', #1592, 1000.000000000000000 ) ;
#5935 = COLOUR_RGB ( '',1.000000000000000000, 1.000000000000000000, 0.5019607843137254832 ) ;
#5936 = MECHANICAL_DESIGN_GEOMETRIC_PRESENTATION_REPRESENTATION (  '', ( #5678 ), #4215 ) ;
#5937 = CIRCLE ( 'NONE', #348, 0.5000000000000004441 ) ;
#5938 = DIRECTION ( 'NONE',  ( 0.000000000000000000, 0.000000000000000000, 1.000000000000000000 ) ) ;
#5939 = ADVANCED_FACE ( 'NONE', ( #4834 ), #2253, .F. ) ;
#5940 = FILL_AREA_STYLE ('',( #6526 ) ) ;
#5941 = DIRECTION ( 'NONE',  ( 0.7071067811865525687, -8.659560562354993255E-17, 0.7071067811865425767 ) ) ;
#5942 = CIRCLE ( 'NONE', #1854, 0.7500000000000006661 ) ;
#5943 = DIRECTION ( 'NONE',  ( 0.000000000000000000, 0.000000000000000000, -1.000000000000000000 ) ) ;
#5944 = ORIENTED_EDGE ( 'NONE', *, *, #1341, .F. ) ;
#5945 = VECTOR ( 'NONE', #3384, 1000.000000000000000 ) ;
#5946 = CARTESIAN_POINT ( 'NONE',  ( -30.30000000000000071, 17.39999999999999858, 12.19999999999999929 ) ) ;
#5947 = DIRECTION ( 'NONE',  ( 0.000000000000000000, 0.000000000000000000, 1.000000000000000000 ) ) ;
#5948 = CARTESIAN_POINT ( 'NONE',  ( -30.20000000000000284, 17.39999999999999858, 12.19999999999999929 ) ) ;
#5949 = VECTOR ( 'NONE', #5769, 1000.000000000000000 ) ;
#5950 = MECHANICAL_DESIGN_GEOMETRIC_PRESENTATION_REPRESENTATION (  '', ( #2175 ), #1015 ) ;
#5951 = ORIENTED_EDGE ( 'NONE', *, *, #3623, .T. ) ;
#5952 = DIRECTION ( 'NONE',  ( 0.000000000000000000, 0.000000000000000000, 1.000000000000000000 ) ) ;
#5953 = DIRECTION ( 'NONE',  ( 0.000000000000000000, 0.000000000000000000, -1.000000000000000000 ) ) ;
#5954 = ADVANCED_FACE ( 'NONE', ( #1264 ), #3286, .F. ) ;
#5955 = PRESENTATION_LAYER_ASSIGNMENT (  '', '', ( #4323 ) ) ;
#5956 = SURFACE_STYLE_USAGE ( .BOTH. , #3430 ) ;
#5957 = ORIENTED_EDGE ( 'NONE', *, *, #5387, .F. ) ;
#5958 = UNCERTAINTY_MEASURE_WITH_UNIT (LENGTH_MEASURE( 1.000000000000000082E-05 ), #5173, 'distance_accuracy_value', 'NONE');
#5959 = ORIENTED_EDGE ( 'NONE', *, *, #6171, .F. ) ;
#5960 = CARTESIAN_POINT ( 'NONE',  ( 26.14999999999999858, 7.620000000000000107, 0.000000000000000000 ) ) ;
#5961 = EDGE_LOOP ( 'NONE', ( #6073, #5464, #6389, #1315 ) ) ;
#5962 = SURFACE_STYLE_FILL_AREA ( #3883 ) ;
#5963 = VECTOR ( 'NONE', #5697, 1000.000000000000000 ) ;
#5964 = EDGE_CURVE ( 'NONE', #4263, #201, #6153, .T. ) ;
#5965 = LINE ( 'NONE', #4964, #5431 ) ;
#5966 = DIRECTION ( 'NONE',  ( 0.000000000000000000, 0.000000000000000000, -1.000000000000000000 ) ) ;
#5967 = AXIS2_PLACEMENT_3D ( 'NONE', #5089, #5461, #5487 ) ;
#5968 = ORIENTED_EDGE ( 'NONE', *, *, #4299, .T. ) ;
#5969 = AXIS2_PLACEMENT_3D ( 'NONE', #1617, #4196, #6178 ) ;
#5970 = DIRECTION ( 'NONE',  ( 0.000000000000000000, 0.000000000000000000, -1.000000000000000000 ) ) ;
#5971 = CARTESIAN_POINT ( 'NONE',  ( -26.14999999999999858, 7.620000000000000107, -0.1999999999999996503 ) ) ;
#5972 = DIRECTION ( 'NONE',  ( 1.000000000000000000, 0.000000000000000000, 0.000000000000000000 ) ) ;
#5973 = EDGE_LOOP ( 'NONE', ( #1511, #4852, #5280, #5025 ) ) ;
#5974 = AXIS2_PLACEMENT_3D ( 'NONE', #2146, #4130, #2626 ) ;
#5975 = LINE ( 'NONE', #5351, #3026 ) ;
#5976 = DIRECTION ( 'NONE',  ( 1.000000000000000000, 0.000000000000000000, 0.000000000000000000 ) ) ;
#5977 = VECTOR ( 'NONE', #3927, 1000.000000000000000 ) ;
#5978 = FACE_OUTER_BOUND ( 'NONE', #4924, .T. ) ;
#5979 = VERTEX_POINT ( 'NONE', #5597 ) ;
#5980 = LINE ( 'NONE', #1864, #1332 ) ;
#5981 = LINE ( 'NONE', #320, #4097 ) ;
#5982 = VECTOR ( 'NONE', #2848, 1000.000000000000000 ) ;
#5983 = FACE_OUTER_BOUND ( 'NONE', #340, .T. ) ;
#5984 = VERTEX_POINT ( 'NONE', #1453 ) ;
#5985 = SURFACE_SIDE_STYLE ('',( #3908 ) ) ;
#5986 = DIRECTION ( 'NONE',  ( -1.000000000000000000, 0.000000000000000000, 0.000000000000000000 ) ) ;
#5987 = VECTOR ( 'NONE', #1416, 1000.000000000000000 ) ;
#5988 = CARTESIAN_POINT ( 'NONE',  ( 28.80000000000000071, 18.50000000000000000, 12.69999999999999929 ) ) ;
#5989 = VERTEX_POINT ( 'NONE', #442 ) ;
#5990 = ADVANCED_FACE ( 'NONE', ( #985 ), #4053, .T. ) ;
#5991 = FACE_OUTER_BOUND ( 'NONE', #5186, .T. ) ;
#5992 = ORIENTED_EDGE ( 'NONE', *, *, #1859, .F. ) ;
#5993 = DIRECTION ( 'NONE',  ( -1.000000000000000000, 0.000000000000000000, 0.000000000000000000 ) ) ;
#5994 =( GEOMETRIC_REPRESENTATION_CONTEXT ( 3 ) GLOBAL_UNCERTAINTY_ASSIGNED_CONTEXT ( ( #917 ) ) GLOBAL_UNIT_ASSIGNED_CONTEXT ( ( #5072, #4617, #2416 ) ) REPRESENTATION_CONTEXT ( 'NONE', 'WORKASPACE' ) );
#5995 = ORIENTED_EDGE ( 'NONE', *, *, #2603, .F. ) ;
#5996 = DIRECTION ( 'NONE',  ( 0.000000000000000000, 0.000000000000000000, -1.000000000000000000 ) ) ;
#5997 = PRESENTATION_STYLE_ASSIGNMENT (( #4899 ) ) ;
#5998 = FILL_AREA_STYLE_COLOUR ( '', #3910 ) ;
#5999 = CARTESIAN_POINT ( 'NONE',  ( 26.14999999999999858, -7.620000000000000107, -6.121320343559641053 ) ) ;
#6000 = ORIENTED_EDGE ( 'NONE', *, *, #63, .F. ) ;
#6001 = CARTESIAN_POINT ( 'NONE',  ( -29.80000000000000071, -18.00000000000000000, 12.69999999999999929 ) ) ;
#6002 = LINE ( 'NONE', #6484, #1229 ) ;
#6003 = ADVANCED_FACE ( 'NONE', ( #6102 ), #1946, .T. ) ;
#6004 = CARTESIAN_POINT ( 'NONE',  ( -28.80000000000000071, 18.50000000000000000, 12.69999999999999929 ) ) ;
#6005 = ORIENTED_EDGE ( 'NONE', *, *, #3537, .T. ) ;
#6006 = DIRECTION ( 'NONE',  ( 0.000000000000000000, 0.000000000000000000, -1.000000000000000000 ) ) ;
#6007 = EDGE_CURVE ( 'NONE', #5152, #887, #5067, .T. ) ;
#6008 = CARTESIAN_POINT ( 'NONE',  ( -22.10000000000000142, 13.08000000000000007, 12.69999999999999929 ) ) ;
#6009 = UNCERTAINTY_MEASURE_WITH_UNIT (LENGTH_MEASURE( 1.000000000000000082E-05 ), #843, 'distance_accuracy_value', 'NONE');
#6010 = CARTESIAN_POINT ( 'NONE',  ( -29.19999999999999929, -18.39999999999999858, 12.19999999999999929 ) ) ;
#6011 =( LENGTH_UNIT ( ) NAMED_UNIT ( * ) SI_UNIT ( .MILLI., .METRE. ) );
#6012 = EDGE_CURVE ( 'NONE', #4572, #4386, #4083, .T. ) ;
#6013 = VERTEX_POINT ( 'NONE', #5666 ) ;
#6014 = SURFACE_STYLE_USAGE ( .BOTH. , #4985 ) ;
#6015 = VECTOR ( 'NONE', #1142, 1000.000000000000000 ) ;
#6016 = FACE_OUTER_BOUND ( 'NONE', #1384, .T. ) ;
#6017 = EDGE_LOOP ( 'NONE', ( #4443, #4510, #1580, #3655 ) ) ;
#6018 = FACE_BOUND ( 'NONE', #3339, .T. ) ;
#6019 = DIRECTION ( 'NONE',  ( -1.000000000000000000, 0.000000000000000000, 0.000000000000000000 ) ) ;
#6020 = DIRECTION ( 'NONE',  ( 1.000000000000000000, 0.000000000000000000, 0.000000000000000000 ) ) ;
#6021 = VERTEX_POINT ( 'NONE', #4506 ) ;
#6022 = CARTESIAN_POINT ( 'NONE',  ( 26.14999999999999858, -9.184850993605170624E-17, -0.1999999999999996503 ) ) ;
#6023 = ORIENTED_EDGE ( 'NONE', *, *, #2584, .T. ) ;
#6024 = ORIENTED_EDGE ( 'NONE', *, *, #1577, .F. ) ;
#6025 = CARTESIAN_POINT ( 'NONE',  ( -30.30000000000000071, -19.50000000000000000, 12.69999999999999929 ) ) ;
#6026 = CARTESIAN_POINT ( 'NONE',  ( 30.20000000000000284, 17.50000000000000000, 12.69999999999999929 ) ) ;
#6027 = ADVANCED_FACE ( 'NONE', ( #310 ), #1821, .T. ) ;
#6028 = EDGE_CURVE ( 'NONE', #5619, #3206, #3713, .T. ) ;
#6029 = SURFACE_STYLE_FILL_AREA ( #4021 ) ;
#6030 = DIRECTION ( 'NONE',  ( 0.000000000000000000, 0.000000000000000000, -1.000000000000000000 ) ) ;
#6031 = ORIENTED_EDGE ( 'NONE', *, *, #1945, .F. ) ;
#6032 = STYLED_ITEM ( 'NONE', ( #4262 ), #1295 ) ;
#6033 = AXIS2_PLACEMENT_3D ( 'NONE', #5082, #6632, #4767 ) ;
#6034 = ORIENTED_EDGE ( 'NONE', *, *, #5349, .T. ) ;
#6035 = CARTESIAN_POINT ( 'NONE',  ( -25.39999999999999858, 0.000000000000000000, 0.000000000000000000 ) ) ;
#6036 = EDGE_LOOP ( 'NONE', ( #3812, #6120, #3693, #2749 ) ) ;
#6037 = CARTESIAN_POINT ( 'NONE',  ( 25.39999999999999858, 3.810000000000000053, -3.999999999999999112 ) ) ;
#6038 = EDGE_CURVE ( 'NONE', #141, #1, #1737, .T. ) ;
#6039 =( NAMED_UNIT ( * ) SI_UNIT ( $, .STERADIAN. ) SOLID_ANGLE_UNIT ( ) );
#6040 = VECTOR ( 'NONE', #6401, 1000.000000000000000 ) ;
#6041 = DIRECTION ( 'NONE',  ( 0.000000000000000000, 0.000000000000000000, 1.000000000000000000 ) ) ;
#6042 = FILL_AREA_STYLE ('',( #1924 ) ) ;
#6043 = DIRECTION ( 'NONE',  ( 0.000000000000000000, 0.000000000000000000, 1.000000000000000000 ) ) ;
#6044 = VERTEX_POINT ( 'NONE', #4185 ) ;
#6045 = AXIS2_PLACEMENT_3D ( 'NONE', #2473, #3577, #1981 ) ;
#6046 = FILL_AREA_STYLE_COLOUR ( '', #5529 ) ;
#6047 = AXIS2_PLACEMENT_3D ( 'NONE', #398, #1533, #6156 ) ;
#6048 = LINE ( 'NONE', #3934, #332 ) ;
#6049 = DIRECTION ( 'NONE',  ( 1.000000000000000000, 0.000000000000000000, 0.000000000000000000 ) ) ;
#6050 = VERTEX_POINT ( 'NONE', #6200 ) ;
#6051 = FILL_AREA_STYLE_COLOUR ( '', #4533 ) ;
#6052 = ADVANCED_FACE ( 'NONE', ( #1115 ), #6386, .T. ) ;
#6053 = CONICAL_SURFACE ( 'NONE', #3661, 0.3000000000000224709, 0.7853981633974532750 ) ;
#6054 = AXIS2_PLACEMENT_3D ( 'NONE', #3371, #6542, #5030 ) ;
#6055 = CARTESIAN_POINT ( 'NONE',  ( -30.30000000000000071, 17.39999999999999858, 12.19999999999999929 ) ) ;
#6056 = ORIENTED_EDGE ( 'NONE', *, *, #3665, .F. ) ;
#6057 = CARTESIAN_POINT ( 'NONE',  ( -30.30000000000000071, -17.39999999999999858, 12.69999999999999929 ) ) ;
#6058 = PRESENTATION_LAYER_ASSIGNMENT (  '', '', ( #1964 ) ) ;
#6059 = VECTOR ( 'NONE', #4492, 1000.000000000000000 ) ;
#6060 = FACE_OUTER_BOUND ( 'NONE', #241, .T. ) ;
#6061 = ORIENTED_EDGE ( 'NONE', *, *, #3895, .T. ) ;
#6062 = FACE_OUTER_BOUND ( 'NONE', #1169, .T. ) ;
#6063 = DIRECTION ( 'NONE',  ( 0.000000000000000000, 0.000000000000000000, -1.000000000000000000 ) ) ;
#6064 = CARTESIAN_POINT ( 'NONE',  ( -30.20000000000000284, 17.39999999999999858, 12.69999999999999929 ) ) ;
#6065 = SURFACE_SIDE_STYLE ('',( #6029 ) ) ;
#6066 = FILL_AREA_STYLE ('',( #1510 ) ) ;
#6067 = ORIENTED_EDGE ( 'NONE', *, *, #5964, .T. ) ;
#6068 = EDGE_CURVE ( 'NONE', #5984, #6651, #6491, .T. ) ;
#6069 = DIRECTION ( 'NONE',  ( 0.000000000000000000, 0.000000000000000000, 1.000000000000000000 ) ) ;
#6070 = VERTEX_POINT ( 'NONE', #35 ) ;
#6071 = SURFACE_STYLE_USAGE ( .BOTH. , #4511 ) ;
#6072 = DIRECTION ( 'NONE',  ( 0.000000000000000000, 0.000000000000000000, 1.000000000000000000 ) ) ;
#6073 = ORIENTED_EDGE ( 'NONE', *, *, #3680, .T. ) ;
#6074 = UNCERTAINTY_MEASURE_WITH_UNIT (LENGTH_MEASURE( 1.000000000000000082E-05 ), #1553, 'distance_accuracy_value', 'NONE');
#6075 = EDGE_CURVE ( 'NONE', #6511, #6622, #3983, .T. ) ;
#6076 = ADVANCED_FACE ( 'NONE', ( #4745 ), #1609, .T. ) ;
#6077 = DIRECTION ( 'NONE',  ( 0.000000000000000000, 0.000000000000000000, 1.000000000000000000 ) ) ;
#6078 = AXIS2_PLACEMENT_3D ( 'NONE', #215, #2262, #2199 ) ;
#6079 = MECHANICAL_DESIGN_GEOMETRIC_PRESENTATION_REPRESENTATION (  '', ( #1557 ), #378 ) ;
#6080 = CARTESIAN_POINT ( 'NONE',  ( -22.10000000000000142, -13.08000000000000007, 0.000000000000000000 ) ) ;
#6081 =( NAMED_UNIT ( * ) PLANE_ANGLE_UNIT ( ) SI_UNIT ( $, .RADIAN. ) );
#6082 = EDGE_CURVE ( 'NONE', #4179, #3230, #5414, .T. ) ;
#6083 = ORIENTED_EDGE ( 'NONE', *, *, #6163, .F. ) ;
#6084 = VECTOR ( 'NONE', #664, 1000.000000000000000 ) ;
#6085 = CARTESIAN_POINT ( 'NONE',  ( -29.19999999999999929, -18.39999999999999858, 12.69999999999999929 ) ) ;
#6086 =( NAMED_UNIT ( * ) PLANE_ANGLE_UNIT ( ) SI_UNIT ( $, .RADIAN. ) );
#6087 = ORIENTED_EDGE ( 'NONE', *, *, #2495, .T. ) ;
#6088 = SURFACE_SIDE_STYLE ('',( #1373 ) ) ;
#6089 =( NAMED_UNIT ( * ) SI_UNIT ( $, .STERADIAN. ) SOLID_ANGLE_UNIT ( ) );
#6090 = ADVANCED_FACE ( 'NONE', ( #4286 ), #5489, .F. ) ;
#6091 = MECHANICAL_DESIGN_GEOMETRIC_PRESENTATION_REPRESENTATION (  '', ( #3800 ), #4694 ) ;
#6092 = ADVANCED_FACE ( 'NONE', ( #5991 ), #4329, .T. ) ;
#6093 = CARTESIAN_POINT ( 'NONE',  ( 25.39999999999999858, 0.000000000000000000, 0.000000000000000000 ) ) ;
#6094 = ORIENTED_EDGE ( 'NONE', *, *, #3528, .T. ) ;
#6095 = DIRECTION ( 'NONE',  ( 1.000000000000000000, 0.000000000000000000, 0.000000000000000000 ) ) ;
#6096 = UNCERTAINTY_MEASURE_WITH_UNIT (LENGTH_MEASURE( 1.000000000000000082E-05 ), #410, 'distance_accuracy_value', 'NONE');
#6097 = SURFACE_STYLE_USAGE ( .BOTH. , #4015 ) ;
#6098 = ORIENTED_EDGE ( 'NONE', *, *, #6012, .F. ) ;
#6099 = DIRECTION ( 'NONE',  ( -1.000000000000000000, 0.000000000000000000, 0.000000000000000000 ) ) ;
#6100 = FACE_OUTER_BOUND ( 'NONE', #1259, .T. ) ;
#6101 = VECTOR ( 'NONE', #3409, 1000.000000000000000 ) ;
#6102 = FACE_OUTER_BOUND ( 'NONE', #5031, .T. ) ;
#6103 =( NAMED_UNIT ( * ) PLANE_ANGLE_UNIT ( ) SI_UNIT ( $, .RADIAN. ) );
#6104 = LINE ( 'NONE', #5005, #3070 ) ;
#6105 = VERTEX_POINT ( 'NONE', #6509 ) ;
#6106 = AXIS2_PLACEMENT_3D ( 'NONE', #1154, #3181, #5268 ) ;
#6107 =( NAMED_UNIT ( * ) PLANE_ANGLE_UNIT ( ) SI_UNIT ( $, .RADIAN. ) );
#6108 = AXIS2_PLACEMENT_3D ( 'NONE', #5219, #1600, #1137 ) ;
#6109 = ORIENTED_EDGE ( 'NONE', *, *, #49, .T. ) ;
#6110 = CARTESIAN_POINT ( 'NONE',  ( -25.39999999999999858, -7.620000000000000107, -0.1999999999999996503 ) ) ;
#6111 = MECHANICAL_DESIGN_GEOMETRIC_PRESENTATION_REPRESENTATION (  '', ( #3718 ), #6544 ) ;
#6112 = VECTOR ( 'NONE', #2552, 1000.000000000000000 ) ;
#6113 =( GEOMETRIC_REPRESENTATION_CONTEXT ( 3 ) GLOBAL_UNCERTAINTY_ASSIGNED_CONTEXT ( ( #3303 ) ) GLOBAL_UNIT_ASSIGNED_CONTEXT ( ( #706, #5276, #5738 ) ) REPRESENTATION_CONTEXT ( 'NONE', 'WORKASPACE' ) );
#6114 = CARTESIAN_POINT ( 'NONE',  ( -28.19999999999999929, -19.50000000000000000, 12.69999999999999929 ) ) ;
#6115 = EDGE_CURVE ( 'NONE', #4359, #42, #2277, .T. ) ;
#6116 = ORIENTED_EDGE ( 'NONE', *, *, #5190, .F. ) ;
#6117 =( NAMED_UNIT ( * ) PLANE_ANGLE_UNIT ( ) SI_UNIT ( $, .RADIAN. ) );
#6118 = FACE_OUTER_BOUND ( 'NONE', #5700, .T. ) ;
#6119 = DIRECTION ( 'NONE',  ( 0.000000000000000000, 0.000000000000000000, -1.000000000000000000 ) ) ;
#6120 = ORIENTED_EDGE ( 'NONE', *, *, #2436, .T. ) ;
#6121 = CARTESIAN_POINT ( 'NONE',  ( 25.39999999999999858, 3.810000000000000053, -0.1999999999999996503 ) ) ;
#6122 = DIRECTION ( 'NONE',  ( 1.000000000000000000, 0.000000000000000000, 0.000000000000000000 ) ) ;
#6123 = FILL_AREA_STYLE_COLOUR ( '', #2621 ) ;
#6124 = ORIENTED_EDGE ( 'NONE', *, *, #6363, .F. ) ;
#6126 = VECTOR ( 'NONE', #4814, 1000.000000000000000 ) ;
#6125 = CARTESIAN_POINT ( 'NONE',  ( -23.59999999999999787, -13.08000000000000007, 12.69999999999999929 ) ) ;
#6127 = DIRECTION ( 'NONE',  ( -1.000000000000000000, 0.000000000000000000, -0.000000000000000000 ) ) ;
#6128 = ORIENTED_EDGE ( 'NONE', *, *, #6201, .F. ) ;
#6129 = PRESENTATION_STYLE_ASSIGNMENT (( #3947 ) ) ;
#6130 = EDGE_CURVE ( 'NONE', #5540, #2111, #2810, .T. ) ;
#6131 = CARTESIAN_POINT ( 'NONE',  ( -23.59999999999999787, -13.08000000000000007, 12.19999999999999929 ) ) ;
#6132 = VECTOR ( 'NONE', #5279, 1000.000000000000000 ) ;
#6133 = FACE_OUTER_BOUND ( 'NONE', #1971, .T. ) ;
#6134 = ORIENTED_EDGE ( 'NONE', *, *, #2729, .T. ) ;
#6135 = FACE_OUTER_BOUND ( 'NONE', #5790, .T. ) ;
#6136 = EDGE_LOOP ( 'NONE', ( #67, #1775, #1801, #2783 ) ) ;
#6137 = FACE_OUTER_BOUND ( 'NONE', #2751, .T. ) ;
#6138 = CARTESIAN_POINT ( 'NONE',  ( 25.69999999999999929, -3.810000000000000053, -3.999999999999999112 ) ) ;
#6139 = SURFACE_STYLE_FILL_AREA ( #341 ) ;
#6140 = EDGE_CURVE ( 'NONE', #6603, #2533, #2340, .T. ) ;
#6141 = CARTESIAN_POINT ( 'NONE',  ( -29.19999999999999929, 18.50000000000000000, 12.69999999999999929 ) ) ;
#6142 = STYLED_ITEM ( 'NONE', ( #4961 ), #1312 ) ;
#6143 = UNCERTAINTY_MEASURE_WITH_UNIT (LENGTH_MEASURE( 1.000000000000000082E-05 ), #4832, 'distance_accuracy_value', 'NONE');
#6144 = DIRECTION ( 'NONE',  ( -1.000000000000000000, 0.000000000000000000, 0.000000000000000000 ) ) ;
#6145 = MECHANICAL_DESIGN_GEOMETRIC_PRESENTATION_REPRESENTATION (  '', ( #6475 ), #330 ) ;
#6146 = CIRCLE ( 'NONE', #4292, 0.09999999999999939493 ) ;
#6147 = DIRECTION ( 'NONE',  ( 0.000000000000000000, 0.000000000000000000, 1.000000000000000000 ) ) ;
#6148 = SURFACE_SIDE_STYLE ('',( #2560 ) ) ;
#6149 = COLOUR_RGB ( '',1.000000000000000000, 1.000000000000000000, 1.000000000000000000 ) ;
#6150 = LINE ( 'NONE', #1529, #3458 ) ;
#6151 = CARTESIAN_POINT ( 'NONE',  ( 25.39999999999999858, 3.810000000000000053, -0.1999999999999996503 ) ) ;
#6152 = EDGE_CURVE ( 'NONE', #5182, #1106, #4891, .T. ) ;
#6153 = CIRCLE ( 'NONE', #337, 0.09999999999999939493 ) ;
#6154 = SURFACE_SIDE_STYLE ('',( #501 ) ) ;
#6155 = VERTEX_POINT ( 'NONE', #1877 ) ;
#6156 = DIRECTION ( 'NONE',  ( 0.000000000000000000, -1.000000000000000000, 0.000000000000000000 ) ) ;
#6157 = CYLINDRICAL_SURFACE ( 'NONE', #6158, 1.500000000000001332 ) ;
#6158 = AXIS2_PLACEMENT_3D ( 'NONE', #5588, #468, #976 ) ;
#6159 =( NAMED_UNIT ( * ) PLANE_ANGLE_UNIT ( ) SI_UNIT ( $, .RADIAN. ) );
#6160 = EDGE_LOOP ( 'NONE', ( #1691, #5475 ) ) ;
#6161 = SURFACE_STYLE_USAGE ( .BOTH. , #3504 ) ;
#6162 = UNCERTAINTY_MEASURE_WITH_UNIT (LENGTH_MEASURE( 1.000000000000000082E-05 ), #783, 'distance_accuracy_value', 'NONE');
#6163 = EDGE_CURVE ( 'NONE', #4013, #3524, #297, .T. ) ;
#6164 = CARTESIAN_POINT ( 'NONE',  ( 23.59999999999999787, -13.08000000000000007, 12.19999999999999929 ) ) ;
#6165 = CIRCLE ( 'NONE', #244, 0.5000000000000004441 ) ;
#6166 = PRESENTATION_LAYER_ASSIGNMENT (  '', '', ( #5843 ) ) ;
#6167 = ORIENTED_EDGE ( 'NONE', *, *, #5550, .T. ) ;
#6168 = CIRCLE ( 'NONE', #4308, 0.7500000000000006661 ) ;
#6169 = CARTESIAN_POINT ( 'NONE',  ( -30.20000000000000284, -17.50000000000000000, 12.19999999999999929 ) ) ;
#6170 = DIRECTION ( 'NONE',  ( -1.000000000000000000, 0.000000000000000000, 0.000000000000000000 ) ) ;
#6171 = EDGE_CURVE ( 'NONE', #5230, #3376, #3879, .T. ) ;
#6172 = MECHANICAL_DESIGN_GEOMETRIC_PRESENTATION_REPRESENTATION (  '', ( #3556 ), #6497 ) ;
#6173 = DIRECTION ( 'NONE',  ( 1.000000000000000000, 0.000000000000000000, 0.000000000000000000 ) ) ;
#6174 = EDGE_LOOP ( 'NONE', ( #6575, #5831, #4350, #160 ) ) ;
#6175 = PRESENTATION_LAYER_ASSIGNMENT (  '', '', ( #2717 ) ) ;
#6176 = ORIENTED_EDGE ( 'NONE', *, *, #2390, .F. ) ;
#6177 = SURFACE_STYLE_FILL_AREA ( #418 ) ;
#6178 = DIRECTION ( 'NONE',  ( -1.000000000000000000, 0.000000000000000000, 0.000000000000000000 ) ) ;
#6179 = DIRECTION ( 'NONE',  ( 0.000000000000000000, 1.000000000000000000, 0.000000000000000000 ) ) ;
#6180 = COLOUR_RGB ( '',1.000000000000000000, 1.000000000000000000, 1.000000000000000000 ) ;
#6181 = DIRECTION ( 'NONE',  ( 1.000000000000000000, 0.000000000000000000, 0.000000000000000000 ) ) ;
#6182 = DIRECTION ( 'NONE',  ( 0.000000000000000000, 0.000000000000000000, 1.000000000000000000 ) ) ;
#6183 = FACE_OUTER_BOUND ( 'NONE', #1853, .T. ) ;
#6184 = EDGE_CURVE ( 'NONE', #4025, #1444, #6374, .T. ) ;
#6185 = STYLED_ITEM ( 'NONE', ( #4956 ), #4096 ) ;
#6186 = CARTESIAN_POINT ( 'NONE',  ( 28.80000000000000071, 18.50000000000000000, 12.69999999999999929 ) ) ;
#6187 = FACE_OUTER_BOUND ( 'NONE', #5456, .T. ) ;
#6188 = VERTEX_POINT ( 'NONE', #5858 ) ;
#6189 = DIRECTION ( 'NONE',  ( 0.000000000000000000, -1.000000000000000000, 0.000000000000000000 ) ) ;
#6190 = LINE ( 'NONE', #5154, #3222 ) ;
#6191 = CIRCLE ( 'NONE', #3259, 0.3000000000000224709 ) ;
#6192 = DIRECTION ( 'NONE',  ( 1.000000000000000000, 0.000000000000000000, 0.000000000000000000 ) ) ;
#6193 = ORIENTED_EDGE ( 'NONE', *, *, #5175, .T. ) ;
#6194 = SURFACE_STYLE_USAGE ( .BOTH. , #5256 ) ;
#6195 = DIRECTION ( 'NONE',  ( 1.000000000000000000, 0.000000000000000000, 0.000000000000000000 ) ) ;
#6196 = DIRECTION ( 'NONE',  ( -1.000000000000000000, 0.000000000000000000, -0.000000000000000000 ) ) ;
#6197 = VERTEX_POINT ( 'NONE', #4392 ) ;
#6198 =( NAMED_UNIT ( * ) SI_UNIT ( $, .STERADIAN. ) SOLID_ANGLE_UNIT ( ) );
#6199 = FACE_OUTER_BOUND ( 'NONE', #4426, .T. ) ;
#6200 = CARTESIAN_POINT ( 'NONE',  ( -24.64999999999999858, 7.620000000000000107, -0.1999999999999996503 ) ) ;
#6201 = EDGE_CURVE ( 'NONE', #478, #5921, #1535, .T. ) ;
#6202 = SURFACE_STYLE_USAGE ( .BOTH. , #4747 ) ;
#6203 = ORIENTED_EDGE ( 'NONE', *, *, #6642, .T. ) ;
#6204 = CARTESIAN_POINT ( 'NONE',  ( 25.39999999999999858, 3.810000000000000053, -0.1999999999999996503 ) ) ;
#6205 = ORIENTED_EDGE ( 'NONE', *, *, #2884, .F. ) ;
#6206 = PLANE ( 'NONE',  #1512 ) ;
#6207 = STYLED_ITEM ( 'NONE', ( #2673 ), #5328 ) ;
#6208 = ORIENTED_EDGE ( 'NONE', *, *, #5113, .F. ) ;
#6209 = CARTESIAN_POINT ( 'NONE',  ( -25.69999999999999929, 7.620000000000000107, -3.999999999999999112 ) ) ;
#6210 = SURFACE_STYLE_FILL_AREA ( #3650 ) ;
#6211 = PLANE ( 'NONE',  #1873 ) ;
#6212 = DIRECTION ( 'NONE',  ( 1.000000000000000000, 0.000000000000000000, 0.000000000000000000 ) ) ;
#6213 = CIRCLE ( 'NONE', #5037, 0.7500000000000006661 ) ;
#6214 = FACE_OUTER_BOUND ( 'NONE', #106, .T. ) ;
#6215 = VECTOR ( 'NONE', #93, 1000.000000000000000 ) ;
#6216 = FACE_OUTER_BOUND ( 'NONE', #5515, .T. ) ;
#6217 = VECTOR ( 'NONE', #5193, 1000.000000000000000 ) ;
#6218 = CARTESIAN_POINT ( 'NONE',  ( 28.29999999999999716, 19.40000000000000213, 12.19999999999999929 ) ) ;
#6219 = DIRECTION ( 'NONE',  ( 0.000000000000000000, 0.000000000000000000, 1.000000000000000000 ) ) ;
#6220 = EDGE_CURVE ( 'NONE', #2938, #2781, #5313, .T. ) ;
#6221 = AXIS2_PLACEMENT_3D ( 'NONE', #2054, #1562, #18 ) ;
#6222 = DIRECTION ( 'NONE',  ( 1.000000000000000000, 0.000000000000000000, 0.000000000000000000 ) ) ;
#6223 = PRESENTATION_STYLE_ASSIGNMENT (( #4139 ) ) ;
#6224 = ORIENTED_EDGE ( 'NONE', *, *, #120, .T. ) ;
#6225 = CARTESIAN_POINT ( 'NONE',  ( -28.29999999999999716, 19.40000000000000213, 12.19999999999999929 ) ) ;
#6226 = EDGE_CURVE ( 'NONE', #2174, #3479, #4014, .T. ) ;
#6227 = SURFACE_STYLE_FILL_AREA ( #4603 ) ;
#6228 = VERTEX_POINT ( 'NONE', #1908 ) ;
#6229 = UNCERTAINTY_MEASURE_WITH_UNIT (LENGTH_MEASURE( 1.000000000000000082E-05 ), #3918, 'distance_accuracy_value', 'NONE');
#6230 = LINE ( 'NONE', #1208, #4011 ) ;
#6231 = SURFACE_STYLE_FILL_AREA ( #2709 ) ;
#6232 = VERTEX_POINT ( 'NONE', #6576 ) ;
#6233 = LINE ( 'NONE', #5696, #2487 ) ;
#6234 = PRESENTATION_LAYER_ASSIGNMENT (  '', '', ( #2880 ) ) ;
#6235 = ORIENTED_EDGE ( 'NONE', *, *, #5141, .F. ) ;
#6236 = SURFACE_STYLE_FILL_AREA ( #4686 ) ;
#6237 = ORIENTED_EDGE ( 'NONE', *, *, #4177, .T. ) ;
#6238 = CARTESIAN_POINT ( 'NONE',  ( -29.80000000000000071, 18.00000000000000000, 12.69999999999999929 ) ) ;
#6239 = EDGE_CURVE ( 'NONE', #3230, #4179, #2492, .T. ) ;
#6240 = VERTEX_POINT ( 'NONE', #5626 ) ;
#6241 = CARTESIAN_POINT ( 'NONE',  ( 29.19999999999999929, -18.50000000000000000, 12.69999999999999929 ) ) ;
#6242 = CIRCLE ( 'NONE', #5702, 1.500000000000001332 ) ;
#6243 = ADVANCED_FACE ( 'NONE', ( #2010 ), #2540, .F. ) ;
#6244 = DIRECTION ( 'NONE',  ( -1.000000000000000000, 0.000000000000000000, 0.000000000000000000 ) ) ;
#6245 = LINE ( 'NONE', #3654, #6615 ) ;
#6246 = ORIENTED_EDGE ( 'NONE', *, *, #1541, .F. ) ;
#6247 = EDGE_CURVE ( 'NONE', #300, #780, #470, .T. ) ;
#6248 = FACE_OUTER_BOUND ( 'NONE', #3326, .T. ) ;
#6249 =( NAMED_UNIT ( * ) PLANE_ANGLE_UNIT ( ) SI_UNIT ( $, .RADIAN. ) );
#6250 = CARTESIAN_POINT ( 'NONE',  ( -28.29999999999999716, 19.00000000000000000, 12.69999999999999929 ) ) ;
#6251 = COLOUR_RGB ( '',1.000000000000000000, 1.000000000000000000, 1.000000000000000000 ) ;
#6252 = SURFACE_SIDE_STYLE ('',( #2663 ) ) ;
#6253 = VECTOR ( 'NONE', #869, 1000.000000000000000 ) ;
#6254 = EDGE_LOOP ( 'NONE', ( #217, #5852, #1502, #136 ) ) ;
#6255 = DIRECTION ( 'NONE',  ( 0.000000000000000000, 0.000000000000000000, 1.000000000000000000 ) ) ;
#6256 = SURFACE_STYLE_USAGE ( .BOTH. , #190 ) ;
#6257 = VECTOR ( 'NONE', #41, 1000.000000000000000 ) ;
#6258 = ORIENTED_EDGE ( 'NONE', *, *, #4879, .T. ) ;
#6259 = PRESENTATION_LAYER_ASSIGNMENT (  '', '', ( #995 ) ) ;
#6260 = DIRECTION ( 'NONE',  ( 1.000000000000000000, 0.000000000000000000, 0.000000000000000000 ) ) ;
#6261 = EDGE_LOOP ( 'NONE', ( #4283, #4904 ) ) ;
#6262 = FILL_AREA_STYLE ('',( #4609 ) ) ;
#6263 = DIRECTION ( 'NONE',  ( 0.000000000000000000, -1.000000000000000000, 0.000000000000000000 ) ) ;
#6264 = MECHANICAL_DESIGN_GEOMETRIC_PRESENTATION_REPRESENTATION (  '', ( #1842 ), #232 ) ;
#6265 = PRESENTATION_STYLE_ASSIGNMENT (( #3173 ) ) ;
#6266 = ORIENTED_EDGE ( 'NONE', *, *, #5651, .F. ) ;
#6267 = CARTESIAN_POINT ( 'NONE',  ( -30.20000000000000284, 17.50000000000000000, 12.19999999999999929 ) ) ;
#6268 = ORIENTED_EDGE ( 'NONE', *, *, #768, .T. ) ;
#6269 = CIRCLE ( 'NONE', #5933, 0.09999999999999939493 ) ;
#6270 = STYLED_ITEM ( 'NONE', ( #4820 ), #6090 ) ;
#6271 = AXIS2_PLACEMENT_3D ( 'NONE', #3777, #2713, #1276 ) ;
#6272 = FACE_OUTER_BOUND ( 'NONE', #552, .T. ) ;
#6273 = ORIENTED_EDGE ( 'NONE', *, *, #109, .T. ) ;
#6274 = DIRECTION ( 'NONE',  ( 1.000000000000000000, 0.000000000000000000, 0.000000000000000000 ) ) ;
#6275 =( NAMED_UNIT ( * ) PLANE_ANGLE_UNIT ( ) SI_UNIT ( $, .RADIAN. ) );
#6276 = VECTOR ( 'NONE', #5611, 1000.000000000000000 ) ;
#6277 = STYLED_ITEM ( 'NONE', ( #1474 ), #6243 ) ;
#6278 = CARTESIAN_POINT ( 'NONE',  ( 30.20000000000000284, -17.39999999999999858, 12.69999999999999929 ) ) ;
#6279 = VECTOR ( 'NONE', #3, 1000.000000000000000 ) ;
#6280 = SURFACE_SIDE_STYLE ('',( #4131 ) ) ;
#6281 = EDGE_LOOP ( 'NONE', ( #6553, #1920, #2142, #4721 ) ) ;
#6282 = MECHANICAL_DESIGN_GEOMETRIC_PRESENTATION_REPRESENTATION (  '', ( #1964 ), #3450 ) ;
#6283 = AXIS2_PLACEMENT_3D ( 'NONE', #5820, #3835, #6407 ) ;
#6284 = DIRECTION ( 'NONE',  ( 1.000000000000000000, 0.000000000000000000, 0.000000000000000000 ) ) ;
#6285 = DIRECTION ( 'NONE',  ( -1.000000000000000000, 0.000000000000000000, 0.000000000000000000 ) ) ;
#6286 = DIRECTION ( 'NONE',  ( -8.673617379884240576E-15, -1.000000000000000000, -0.000000000000000000 ) ) ;
#6287 = EDGE_CURVE ( 'NONE', #3448, #3109, #6670, .T. ) ;
#6288 = CARTESIAN_POINT ( 'NONE',  ( -25.39999999999999858, 0.000000000000000000, -3.800000000000000266 ) ) ;
#6289 = SURFACE_SIDE_STYLE ('',( #1564 ) ) ;
#6290 = CARTESIAN_POINT ( 'NONE',  ( 29.80000000000000071, -17.50000000000000000, 12.69999999999999929 ) ) ;
#6291 = VERTEX_POINT ( 'NONE', #5527 ) ;
#6292 = LINE ( 'NONE', #2062, #4301 ) ;
#6293 = CARTESIAN_POINT ( 'NONE',  ( -25.10000000000000142, 13.08000000000000007, 12.19999999999999929 ) ) ;
#6294 = AXIS2_PLACEMENT_3D ( 'NONE', #2338, #687, #2718 ) ;
#6295 = DIRECTION ( 'NONE',  ( 0.000000000000000000, 0.000000000000000000, 1.000000000000000000 ) ) ;
#6296 = ORIENTED_EDGE ( 'NONE', *, *, #774, .F. ) ;
#6297 = AXIS2_PLACEMENT_3D ( 'NONE', #6427, #2323, #6487 ) ;
#6298 = DIRECTION ( 'NONE',  ( 0.000000000000000000, 0.000000000000000000, -1.000000000000000000 ) ) ;
#6299 = CARTESIAN_POINT ( 'NONE',  ( -25.39999999999999858, 7.620000000000000107, -0.1999999999999996503 ) ) ;
#6300 = EDGE_CURVE ( 'NONE', #3295, #3373, #1220, .T. ) ;
#6301 = LINE ( 'NONE', #4742, #3857 ) ;
#6302 = ORIENTED_EDGE ( 'NONE', *, *, #5579, .T. ) ;
#6303 = DIRECTION ( 'NONE',  ( 0.000000000000000000, 0.000000000000000000, 1.000000000000000000 ) ) ;
#6304 = FACE_OUTER_BOUND ( 'NONE', #125, .T. ) ;
#6305 =( LENGTH_UNIT ( ) NAMED_UNIT ( * ) SI_UNIT ( .MILLI., .METRE. ) );
#6306 = CIRCLE ( 'NONE', #5549, 0.09999999999999939493 ) ;
#6307 = EDGE_CURVE ( 'NONE', #3545, #1780, #1540, .T. ) ;
#6308 = FACE_OUTER_BOUND ( 'NONE', #3750, .T. ) ;
#6309 = ORIENTED_EDGE ( 'NONE', *, *, #3796, .F. ) ;
#6310 = PLANE ( 'NONE',  #5046 ) ;
#6311 = ORIENTED_EDGE ( 'NONE', *, *, #453, .T. ) ;
#6312 = VECTOR ( 'NONE', #4586, 1000.000000000000000 ) ;
#6313 = ORIENTED_EDGE ( 'NONE', *, *, #3262, .F. ) ;
#6314 =( LENGTH_UNIT ( ) NAMED_UNIT ( * ) SI_UNIT ( .MILLI., .METRE. ) );
#6315 = FACE_OUTER_BOUND ( 'NONE', #28, .T. ) ;
#6316 = CARTESIAN_POINT ( 'NONE',  ( -28.29999999999999716, 19.00000000000000000, 12.19999999999999929 ) ) ;
#6317 = AXIS2_PLACEMENT_3D ( 'NONE', #4239, #6219, #6325 ) ;
#6318 = SURFACE_STYLE_USAGE ( .BOTH. , #2185 ) ;
#6319 = EDGE_CURVE ( 'NONE', #958, #1357, #4207, .T. ) ;
#6320 =( NAMED_UNIT ( * ) PLANE_ANGLE_UNIT ( ) SI_UNIT ( $, .RADIAN. ) );
#6321 = ORIENTED_EDGE ( 'NONE', *, *, #2228, .T. ) ;
#6322 = CIRCLE ( 'NONE', #5241, 0.5000000000000004441 ) ;
#6323 = FILL_AREA_STYLE_COLOUR ( '', #1644 ) ;
#6324 = DIRECTION ( 'NONE',  ( 0.000000000000000000, 0.000000000000000000, 1.000000000000000000 ) ) ;
#6325 = DIRECTION ( 'NONE',  ( -1.000000000000000000, 0.000000000000000000, 0.000000000000000000 ) ) ;
#6326 = SURFACE_SIDE_STYLE ('',( #3447 ) ) ;
#6327 = STYLED_ITEM ( 'NONE', ( #892 ), #4968 ) ;
#6328 = CARTESIAN_POINT ( 'NONE',  ( 25.39999999999999858, -3.810000000000000053, -0.1999999999999996503 ) ) ;
#6329 = EDGE_CURVE ( 'NONE', #4438, #4916, #3031, .T. ) ;
#6330 = ORIENTED_EDGE ( 'NONE', *, *, #6510, .F. ) ;
#6331 = PRESENTATION_LAYER_ASSIGNMENT (  '', '', ( #4933 ) ) ;
#6332 = DIRECTION ( 'NONE',  ( 0.000000000000000000, 0.000000000000000000, -1.000000000000000000 ) ) ;
#6333 =( LENGTH_UNIT ( ) NAMED_UNIT ( * ) SI_UNIT ( .MILLI., .METRE. ) );
#6334 = EDGE_CURVE ( 'NONE', #1177, #823, #3442, .T. ) ;
#6335 = SURFACE_SIDE_STYLE ('',( #191 ) ) ;
#6336 = ORIENTED_EDGE ( 'NONE', *, *, #1448, .F. ) ;
#6337 = PLANE ( 'NONE',  #4682 ) ;
#6338 = VERTEX_POINT ( 'NONE', #436 ) ;
#6339 = DIRECTION ( 'NONE',  ( 0.000000000000000000, 0.000000000000000000, -1.000000000000000000 ) ) ;
#6340 =( LENGTH_UNIT ( ) NAMED_UNIT ( * ) SI_UNIT ( .MILLI., .METRE. ) );
#6341 = SURFACE_STYLE_FILL_AREA ( #69 ) ;
#6342 = ORIENTED_EDGE ( 'NONE', *, *, #2700, .T. ) ;
#6343 = CARTESIAN_POINT ( 'NONE',  ( 29.30000000000000071, -18.00000000000000000, 12.19999999999999929 ) ) ;
#6344 = ORIENTED_EDGE ( 'NONE', *, *, #2767, .F. ) ;
#6345 = DIRECTION ( 'NONE',  ( 0.000000000000000000, 0.000000000000000000, 1.000000000000000000 ) ) ;
#6346 = EDGE_LOOP ( 'NONE', ( #2369, #2922, #2676, #576 ) ) ;
#6347 = CYLINDRICAL_SURFACE ( 'NONE', #2012, 0.5000000000000004441 ) ;
#6348 = FILL_AREA_STYLE_COLOUR ( '', #5337 ) ;
#6349 = CARTESIAN_POINT ( 'NONE',  ( -25.39999999999999858, -7.620000000000000107, -0.1999999999999996503 ) ) ;
#6350 = LINE ( 'NONE', #4268, #3674 ) ;
#6351 = VERTEX_POINT ( 'NONE', #2468 ) ;
#6352 = CARTESIAN_POINT ( 'NONE',  ( 24.64999999999999858, 3.810000000000000053, 0.000000000000000000 ) ) ;
#6353 = EDGE_CURVE ( 'NONE', #3434, #5930, #1975, .T. ) ;
#6354 = CARTESIAN_POINT ( 'NONE',  ( 28.29999999999999716, 19.40000000000000213, 12.69999999999999929 ) ) ;
#6355 = DIRECTION ( 'NONE',  ( 0.000000000000000000, -1.000000000000000000, 0.000000000000000000 ) ) ;
#6356 = UNCERTAINTY_MEASURE_WITH_UNIT (LENGTH_MEASURE( 1.000000000000000082E-05 ), #5817, 'distance_accuracy_value', 'NONE');
#6357 = PRODUCT ( 'WY_DCDC_JDQ150', 'WY_DCDC_JDQ150', '', ( #2057 ) ) ;
#6358 = ORIENTED_EDGE ( 'NONE', *, *, #1541, .T. ) ;
#6359 = SURFACE_STYLE_USAGE ( .BOTH. , #2666 ) ;
#6360 = DIRECTION ( 'NONE',  ( 0.000000000000000000, 0.000000000000000000, -1.000000000000000000 ) ) ;
#6361 = STYLED_ITEM ( 'NONE', ( #2945 ), #1393 ) ;
#6362 = ORIENTED_EDGE ( 'NONE', *, *, #413, .F. ) ;
#6363 = EDGE_CURVE ( 'NONE', #6188, #5090, #5636, .T. ) ;
#6364 = AXIS2_PLACEMENT_3D ( 'NONE', #4561, #5583, #464 ) ;
#6365 = CARTESIAN_POINT ( 'NONE',  ( -28.29999999999999716, -19.00000000000000000, 12.69999999999999929 ) ) ;
#6366 =( NAMED_UNIT ( * ) PLANE_ANGLE_UNIT ( ) SI_UNIT ( $, .RADIAN. ) );
#6367 = ORIENTED_EDGE ( 'NONE', *, *, #873, .T. ) ;
#6368 = CARTESIAN_POINT ( 'NONE',  ( -30.30000000000000071, 19.50000000000000000, 12.69999999999999929 ) ) ;
#6369 = STYLED_ITEM ( 'NONE', ( #2520 ), #1209 ) ;
#6370 = SURFACE_SIDE_STYLE ('',( #5329 ) ) ;
#6371 = AXIS2_PLACEMENT_3D ( 'NONE', #250, #4347, #3831 ) ;
#6372 = DIRECTION ( 'NONE',  ( 1.000000000000000000, 0.000000000000000000, 0.000000000000000000 ) ) ;
#6373 = ORIENTED_EDGE ( 'NONE', *, *, #2752, .F. ) ;
#6374 = LINE ( 'NONE', #1378, #2598 ) ;
#6375 = EDGE_CURVE ( 'NONE', #6603, #3785, #1327, .T. ) ;
#6376 = ORIENTED_EDGE ( 'NONE', *, *, #435, .F. ) ;
#6377 = DIRECTION ( 'NONE',  ( 0.000000000000000000, 0.000000000000000000, -1.000000000000000000 ) ) ;
#6378 = MECHANICAL_DESIGN_GEOMETRIC_PRESENTATION_REPRESENTATION (  '', ( #1835 ), #3547 ) ;
#6379 = EDGE_LOOP ( 'NONE', ( #3973, #5441, #6466, #5084 ) ) ;
#6380 = PRESENTATION_STYLE_ASSIGNMENT (( #630 ) ) ;
#6381 = ADVANCED_FACE ( 'NONE', ( #4712 ), #1571, .F. ) ;
#6382 = DIRECTION ( 'NONE',  ( -1.000000000000000000, 0.000000000000000000, 0.000000000000000000 ) ) ;
#6383 = FILL_AREA_STYLE ('',( #6348 ) ) ;
#6384 = LINE ( 'NONE', #5373, #5759 ) ;
#6385 = CIRCLE ( 'NONE', #2051, 0.7500000000000006661 ) ;
#6386 = CONICAL_SURFACE ( 'NONE', #3657, 0.5499999999999983791, 0.7853981633974560506 ) ;
#6387 = FILL_AREA_STYLE ('',( #1755 ) ) ;
#6388 = AXIS2_PLACEMENT_3D ( 'NONE', #4846, #2774, #3870 ) ;
#6389 = ORIENTED_EDGE ( 'NONE', *, *, #1088, .F. ) ;
#6390 = DIRECTION ( 'NONE',  ( 0.000000000000000000, -1.000000000000000000, 0.000000000000000000 ) ) ;
#6391 = EDGE_CURVE ( 'NONE', #6607, #2234, #5942, .T. ) ;
#6392 = CIRCLE ( 'NONE', #346, 1.500000000000001332 ) ;
#6393 =( LENGTH_UNIT ( ) NAMED_UNIT ( * ) SI_UNIT ( .MILLI., .METRE. ) );
#6394 = PLANE ( 'NONE',  #4349 ) ;
#6395 =( GEOMETRIC_REPRESENTATION_CONTEXT ( 3 ) GLOBAL_UNCERTAINTY_ASSIGNED_CONTEXT ( ( #5158 ) ) GLOBAL_UNIT_ASSIGNED_CONTEXT ( ( #2997, #6596, #4518 ) ) REPRESENTATION_CONTEXT ( 'NONE', 'WORKASPACE' ) );
#6396 = MECHANICAL_DESIGN_GEOMETRIC_PRESENTATION_REPRESENTATION (  '', ( #2717 ), #1963 ) ;
#6397 = ADVANCED_FACE ( 'NONE', ( #1048 ), #4778, .T. ) ;
#6398 = CIRCLE ( 'NONE', #4657, 1.500000000000001332 ) ;
#6399 = COLOUR_RGB ( '',1.000000000000000000, 1.000000000000000000, 0.5019607843137254832 ) ;
#6400 = FACE_OUTER_BOUND ( 'NONE', #1551, .T. ) ;
#6401 = DIRECTION ( 'NONE',  ( -1.000000000000000000, 1.145031997344426006E-16, 0.000000000000000000 ) ) ;
#6402 = DIRECTION ( 'NONE',  ( -1.000000000000000000, 0.000000000000000000, -0.000000000000000000 ) ) ;
#6403 = MECHANICAL_DESIGN_GEOMETRIC_PRESENTATION_REPRESENTATION (  '', ( #4325 ), #4662 ) ;
#6404 = VECTOR ( 'NONE', #3191, 1000.000000000000000 ) ;
#6405 = LINE ( 'NONE', #3705, #4888 ) ;
#6406 = ORIENTED_EDGE ( 'NONE', *, *, #4305, .F. ) ;
#6407 = DIRECTION ( 'NONE',  ( 1.000000000000000000, 0.000000000000000000, 0.000000000000000000 ) ) ;
#6408 = CONICAL_SURFACE ( 'NONE', #5538, 0.3000000000000224709, 0.7853981633974532750 ) ;
#6409 = ORIENTED_EDGE ( 'NONE', *, *, #855, .F. ) ;
#6410 = CARTESIAN_POINT ( 'NONE',  ( -24.64999999999999858, -9.184850993605191578E-17, 0.000000000000000000 ) ) ;
#6411 = PRESENTATION_STYLE_ASSIGNMENT (( #2210 ) ) ;
#6412 = ORIENTED_EDGE ( 'NONE', *, *, #2521, .T. ) ;
#6413 = PRESENTATION_STYLE_ASSIGNMENT (( #3844 ) ) ;
#6414 = VERTEX_POINT ( 'NONE', #4109 ) ;
#6415 = CARTESIAN_POINT ( 'NONE',  ( -25.39999999999999858, 0.000000000000000000, -0.1999999999999996503 ) ) ;
#6416 = AXIS2_PLACEMENT_3D ( 'NONE', #4900, #5372, #1189 ) ;
#6417 = ORIENTED_EDGE ( 'NONE', *, *, #2474, .T. ) ;
#6418 = CARTESIAN_POINT ( 'NONE',  ( 25.89999999999999858, -3.810000000000000053, -3.999999999999999112 ) ) ;
#6419 = SURFACE_STYLE_FILL_AREA ( #2817 ) ;
#6420 = ADVANCED_FACE ( 'NONE', ( #2641 ), #1634, .F. ) ;
#6421 = FACE_OUTER_BOUND ( 'NONE', #5036, .T. ) ;
#6422 = AXIS2_PLACEMENT_3D ( 'NONE', #1991, #2421, #422 ) ;
#6423 =( LENGTH_UNIT ( ) NAMED_UNIT ( * ) SI_UNIT ( .MILLI., .METRE. ) );
#6424 = EDGE_LOOP ( 'NONE', ( #694, #859 ) ) ;
#6425 = CARTESIAN_POINT ( 'NONE',  ( 29.80000000000000071, -18.00000000000000000, 12.19999999999999929 ) ) ;
#6426 = CARTESIAN_POINT ( 'NONE',  ( 30.30000000000000071, -17.39999999999999858, 12.19999999999999929 ) ) ;
#6427 = CARTESIAN_POINT ( 'NONE',  ( 25.39999999999999858, -3.810000000000000053, -0.1999999999999996503 ) ) ;
#6428 = AXIS2_PLACEMENT_3D ( 'NONE', #3959, #3453, #3997 ) ;
#6429 = EDGE_CURVE ( 'NONE', #2407, #5220, #3562, .T. ) ;
#6430 =( GEOMETRIC_REPRESENTATION_CONTEXT ( 3 ) GLOBAL_UNCERTAINTY_ASSIGNED_CONTEXT ( ( #1572 ) ) GLOBAL_UNIT_ASSIGNED_CONTEXT ( ( #5339, #3815, #1316 ) ) REPRESENTATION_CONTEXT ( 'NONE', 'WORKASPACE' ) );
#6431 = CARTESIAN_POINT ( 'NONE',  ( -28.19999999999999929, 19.50000000000000000, 12.19999999999999929 ) ) ;
#6432 =( NAMED_UNIT ( * ) PLANE_ANGLE_UNIT ( ) SI_UNIT ( $, .RADIAN. ) );
#6433 = PLANE ( 'NONE',  #3565 ) ;
#6434 = EDGE_LOOP ( 'NONE', ( #5169, #2149 ) ) ;
#6435 = MECHANICAL_DESIGN_GEOMETRIC_PRESENTATION_REPRESENTATION (  '', ( #947 ), #1058 ) ;
#6436 = CARTESIAN_POINT ( 'NONE',  ( -23.59999999999999787, 13.08000000000000007, -17.30000000000000071 ) ) ;
#6437 = SURFACE_SIDE_STYLE ('',( #807 ) ) ;
#6438 = ORIENTED_EDGE ( 'NONE', *, *, #2390, .T. ) ;
#6439 = CARTESIAN_POINT ( 'NONE',  ( -23.59999999999999787, -13.08000000000000007, 0.000000000000000000 ) ) ;
#6440 = DIRECTION ( 'NONE',  ( 0.000000000000000000, 0.000000000000000000, -1.000000000000000000 ) ) ;
#6441 = EDGE_CURVE ( 'NONE', #4194, #6603, #1802, .T. ) ;
#6442 = AXIS2_PLACEMENT_3D ( 'NONE', #5682, #5209, #1593 ) ;
#6443 = ORIENTED_EDGE ( 'NONE', *, *, #6657, .T. ) ;
#6444 = DIRECTION ( 'NONE',  ( 1.000000000000000000, 0.000000000000000000, 0.000000000000000000 ) ) ;
#6445 = UNCERTAINTY_MEASURE_WITH_UNIT (LENGTH_MEASURE( 1.000000000000000082E-05 ), #1012, 'distance_accuracy_value', 'NONE');
#6446 = VERTEX_POINT ( 'NONE', #3803 ) ;
#6447 = ORIENTED_EDGE ( 'NONE', *, *, #3623, .F. ) ;
#6448 = CARTESIAN_POINT ( 'NONE',  ( 29.80000000000000071, 18.00000000000000000, 12.69999999999999929 ) ) ;
#6449 = DIRECTION ( 'NONE',  ( 0.000000000000000000, 0.000000000000000000, 1.000000000000000000 ) ) ;
#6450 = DIRECTION ( 'NONE',  ( 0.000000000000000000, 0.000000000000000000, -1.000000000000000000 ) ) ;
#6451 = LINE ( 'NONE', #5837, #2090 ) ;
#6452 = PLANE ( 'NONE',  #3382 ) ;
#6453 = ORIENTED_EDGE ( 'NONE', *, *, #1846, .T. ) ;
#6454 = EDGE_CURVE ( 'NONE', #3373, #3295, #4549, .T. ) ;
#6455 = SURFACE_STYLE_FILL_AREA ( #4374 ) ;
#6456 =( NAMED_UNIT ( * ) SI_UNIT ( $, .STERADIAN. ) SOLID_ANGLE_UNIT ( ) );
#6457 =( GEOMETRIC_REPRESENTATION_CONTEXT ( 3 ) GLOBAL_UNCERTAINTY_ASSIGNED_CONTEXT ( ( #3418 ) ) GLOBAL_UNIT_ASSIGNED_CONTEXT ( ( #4220, #3102, #3740 ) ) REPRESENTATION_CONTEXT ( 'NONE', 'WORKASPACE' ) );
#6458 = EDGE_CURVE ( 'NONE', #2234, #6607, #3234, .T. ) ;
#6459 = FILL_AREA_STYLE ('',( #158 ) ) ;
#6460 =( NAMED_UNIT ( * ) SI_UNIT ( $, .STERADIAN. ) SOLID_ANGLE_UNIT ( ) );
#6461 = MECHANICAL_DESIGN_GEOMETRIC_PRESENTATION_REPRESENTATION (  '', ( #761 ), #1818 ) ;
#6462 = CARTESIAN_POINT ( 'NONE',  ( -30.20000000000000284, -17.39999999999999858, 12.19999999999999929 ) ) ;
#6463 = ORIENTED_EDGE ( 'NONE', *, *, #4123, .T. ) ;
#6464 = CYLINDRICAL_SURFACE ( 'NONE', #1303, 0.5000000000000004441 ) ;
#6465 = DIRECTION ( 'NONE',  ( -0.7071067811865515695, -0.000000000000000000, 0.7071067811865435759 ) ) ;
#6466 = ORIENTED_EDGE ( 'NONE', *, *, #1871, .F. ) ;
#6467 = LINE ( 'NONE', #6368, #3119 ) ;
#6468 = LINE ( 'NONE', #3398, #5622 ) ;
#6469 = AXIS2_PLACEMENT_3D ( 'NONE', #1710, #1651, #3646 ) ;
#6470 = DIRECTION ( 'NONE',  ( 0.000000000000000000, 0.000000000000000000, 1.000000000000000000 ) ) ;
#6471 = ORIENTED_EDGE ( 'NONE', *, *, #2464, .F. ) ;
#6472 =( NAMED_UNIT ( * ) SI_UNIT ( $, .STERADIAN. ) SOLID_ANGLE_UNIT ( ) );
#6473 = ORIENTED_EDGE ( 'NONE', *, *, #5925, .F. ) ;
#6474 = DIRECTION ( 'NONE',  ( 1.000000000000000000, 0.000000000000000000, 0.000000000000000000 ) ) ;
#6475 = STYLED_ITEM ( 'NONE', ( #5760 ), #1225 ) ;
#6476 = VECTOR ( 'NONE', #3527, 1000.000000000000000 ) ;
#6477 = VERTEX_POINT ( 'NONE', #3292 ) ;
#6478 = FILL_AREA_STYLE_COLOUR ( '', #3158 ) ;
#6479 = SURFACE_SIDE_STYLE ('',( #4398 ) ) ;
#6480 = APPLICATION_CONTEXT ( 'automotive_design' ) ;
#6481 =( NAMED_UNIT ( * ) SI_UNIT ( $, .STERADIAN. ) SOLID_ANGLE_UNIT ( ) );
#6482 = DIRECTION ( 'NONE',  ( 0.000000000000000000, 0.000000000000000000, 1.000000000000000000 ) ) ;
#6483 = ORIENTED_EDGE ( 'NONE', *, *, #5878, .T. ) ;
#6484 = CARTESIAN_POINT ( 'NONE',  ( -25.69999999999999929, 0.000000000000000000, -3.999999999999999112 ) ) ;
#6485 =( NAMED_UNIT ( * ) SI_UNIT ( $, .STERADIAN. ) SOLID_ANGLE_UNIT ( ) );
#6486 = VERTEX_POINT ( 'NONE', #1273 ) ;
#6487 = DIRECTION ( 'NONE',  ( -1.000000000000000000, 0.000000000000000000, 0.000000000000000000 ) ) ;
#6488 = PRESENTATION_LAYER_ASSIGNMENT (  '', '', ( #1835 ) ) ;
#6489 = UNCERTAINTY_MEASURE_WITH_UNIT (LENGTH_MEASURE( 1.000000000000000082E-05 ), #965, 'distance_accuracy_value', 'NONE');
#6490 = VECTOR ( 'NONE', #2930, 1000.000000000000000 ) ;
#6491 = CIRCLE ( 'NONE', #238, 1.500000000000001332 ) ;
#6492 = COLOUR_RGB ( '',1.000000000000000000, 1.000000000000000000, 1.000000000000000000 ) ;
#6493 =( NAMED_UNIT ( * ) SI_UNIT ( $, .STERADIAN. ) SOLID_ANGLE_UNIT ( ) );
#6494 = FILL_AREA_STYLE ('',( #1860 ) ) ;
#6495 = CARTESIAN_POINT ( 'NONE',  ( -25.39999999999999858, 0.000000000000000000, -3.999999999999999112 ) ) ;
#6496 = EDGE_CURVE ( 'NONE', #6013, #5435, #2360, .T. ) ;
#6497 =( GEOMETRIC_REPRESENTATION_CONTEXT ( 3 ) GLOBAL_UNCERTAINTY_ASSIGNED_CONTEXT ( ( #4447 ) ) GLOBAL_UNIT_ASSIGNED_CONTEXT ( ( #4864, #4404, #1324 ) ) REPRESENTATION_CONTEXT ( 'NONE', 'WORKASPACE' ) );
#6498 = STYLED_ITEM ( 'NONE', ( #2164 ), #6397 ) ;
#6499 = ORIENTED_EDGE ( 'NONE', *, *, #2684, .T. ) ;
#6500 = DIRECTION ( 'NONE',  ( -1.000000000000000000, 0.000000000000000000, 0.000000000000000000 ) ) ;
#6501 = DIRECTION ( 'NONE',  ( -1.000000000000000000, 0.000000000000000000, 0.000000000000000000 ) ) ;
#6502 = PRESENTATION_LAYER_ASSIGNMENT (  '', '', ( #2175 ) ) ;
#6503 = ORIENTED_EDGE ( 'NONE', *, *, #571, .T. ) ;
#6504 = CARTESIAN_POINT ( 'NONE',  ( 28.29999999999999716, -19.00000000000000000, 12.69999999999999929 ) ) ;
#6505 = CARTESIAN_POINT ( 'NONE',  ( -23.59999999999999787, -13.08000000000000007, 12.19999999999999929 ) ) ;
#6506 = AXIS2_PLACEMENT_3D ( 'NONE', #1690, #3727, #1620 ) ;
#6507 = CARTESIAN_POINT ( 'NONE',  ( 28.80000000000000071, -19.00000000000000000, 12.19999999999999929 ) ) ;
#6508 = ORIENTED_EDGE ( 'NONE', *, *, #856, .F. ) ;
#6510 = EDGE_CURVE ( 'NONE', #5930, #2013, #352, .T. ) ;
#6509 = CARTESIAN_POINT ( 'NONE',  ( 24.89999999999999858, 0.000000000000000000, -3.800000000000000266 ) ) ;
#6511 = VERTEX_POINT ( 'NONE', #318 ) ;
#6512 = CARTESIAN_POINT ( 'NONE',  ( 0.000000000000000000, 0.000000000000000000, 12.69999999999999929 ) ) ;
#6513 = ORIENTED_EDGE ( 'NONE', *, *, #1992, .F. ) ;
#6514 = ADVANCED_FACE ( 'NONE', ( #4948 ), #4382, .T. ) ;
#6515 =( NAMED_UNIT ( * ) SI_UNIT ( $, .STERADIAN. ) SOLID_ANGLE_UNIT ( ) );
#6516 = DIRECTION ( 'NONE',  ( 1.000000000000000000, 0.000000000000000000, 0.000000000000000000 ) ) ;
#6517 =( NAMED_UNIT ( * ) SI_UNIT ( $, .STERADIAN. ) SOLID_ANGLE_UNIT ( ) );
#6518 = AXIS2_PLACEMENT_3D ( 'NONE', #94, #540, #5181 ) ;
#6519 = EDGE_LOOP ( 'NONE', ( #813, #1279 ) ) ;
#6520 =( LENGTH_UNIT ( ) NAMED_UNIT ( * ) SI_UNIT ( .MILLI., .METRE. ) );
#6521 = CARTESIAN_POINT ( 'NONE',  ( 22.10000000000000142, -13.08000000000000007, 12.19999999999999929 ) ) ;
#6522 = ORIENTED_EDGE ( 'NONE', *, *, #3537, .F. ) ;
#6523 = ADVANCED_FACE ( 'NONE', ( #219 ), #255, .F. ) ;
#6524 = LINE ( 'NONE', #2956, #3367 ) ;
#6525 = FILL_AREA_STYLE_COLOUR ( '', #2279 ) ;
#6526 = FILL_AREA_STYLE_COLOUR ( '', #1624 ) ;
#6527 = DIRECTION ( 'NONE',  ( -1.000000000000000000, 0.000000000000000000, 0.000000000000000000 ) ) ;
#6528 = COLOUR_RGB ( '',1.000000000000000000, 1.000000000000000000, 0.5019607843137254832 ) ;
#6529 = LINE ( 'NONE', #3932, #4554 ) ;
#6530 = ORIENTED_EDGE ( 'NONE', *, *, #4348, .F. ) ;
#6531 = FILL_AREA_STYLE ('',( #2393 ) ) ;
#6532 = CARTESIAN_POINT ( 'NONE',  ( 29.30000000000000071, 18.00000000000000000, 12.69999999999999929 ) ) ;
#6533 = MECHANICAL_DESIGN_GEOMETRIC_PRESENTATION_REPRESENTATION (  '', ( #833 ), #6430 ) ;
#6534 = EDGE_CURVE ( 'NONE', #1101, #6044, #5453, .T. ) ;
#6535 = EDGE_CURVE ( 'NONE', #3785, #5230, #5980, .T. ) ;
#6536 = ORIENTED_EDGE ( 'NONE', *, *, #4906, .T. ) ;
#6537 =( NAMED_UNIT ( * ) PLANE_ANGLE_UNIT ( ) SI_UNIT ( $, .RADIAN. ) );
#6538 = DIRECTION ( 'NONE',  ( 1.000000000000000000, 0.000000000000000000, 0.000000000000000000 ) ) ;
#6539 = COLOUR_RGB ( '',1.000000000000000000, 1.000000000000000000, 0.5019607843137254832 ) ;
#6540 =( NAMED_UNIT ( * ) SI_UNIT ( $, .STERADIAN. ) SOLID_ANGLE_UNIT ( ) );
#6541 = ORIENTED_EDGE ( 'NONE', *, *, #2293, .T. ) ;
#6542 = DIRECTION ( 'NONE',  ( 0.000000000000000000, 0.000000000000000000, -1.000000000000000000 ) ) ;
#6543 = ORIENTED_EDGE ( 'NONE', *, *, #1418, .T. ) ;
#6544 =( GEOMETRIC_REPRESENTATION_CONTEXT ( 3 ) GLOBAL_UNCERTAINTY_ASSIGNED_CONTEXT ( ( #2764 ) ) GLOBAL_UNIT_ASSIGNED_CONTEXT ( ( #3516, #4513, #489 ) ) REPRESENTATION_CONTEXT ( 'NONE', 'WORKASPACE' ) );
#6545 = ADVANCED_FACE ( 'NONE', ( #393 ), #1496, .T. ) ;
#6546 = DIRECTION ( 'NONE',  ( 1.000000000000000000, 0.000000000000000000, 0.000000000000000000 ) ) ;
#6547 = COLOUR_RGB ( '',1.000000000000000000, 1.000000000000000000, 1.000000000000000000 ) ;
#6548 = ORIENTED_EDGE ( 'NONE', *, *, #5311, .T. ) ;
#6549 = CARTESIAN_POINT ( 'NONE',  ( 28.80000000000000071, -19.00000000000000000, 12.19999999999999929 ) ) ;
#6550 = CARTESIAN_POINT ( 'NONE',  ( -24.89999999999999858, -6.123233995736740151E-17, -0.1999999999999996503 ) ) ;
#6551 = PRESENTATION_LAYER_ASSIGNMENT (  '', '', ( #5778 ) ) ;
#6552 = PRESENTATION_STYLE_ASSIGNMENT (( #1454 ) ) ;
#6553 = ORIENTED_EDGE ( 'NONE', *, *, #2475, .F. ) ;
#6554 =( NAMED_UNIT ( * ) PLANE_ANGLE_UNIT ( ) SI_UNIT ( $, .RADIAN. ) );
#6555 = ORIENTED_EDGE ( 'NONE', *, *, #4036, .T. ) ;
#6556 = FILL_AREA_STYLE_COLOUR ( '', #2858 ) ;
#6557 = DIRECTION ( 'NONE',  ( 0.000000000000000000, 0.000000000000000000, -1.000000000000000000 ) ) ;
#6558 = FILL_AREA_STYLE_COLOUR ( '', #4143 ) ;
#6559 = FACE_OUTER_BOUND ( 'NONE', #6036, .T. ) ;
#6560 = CARTESIAN_POINT ( 'NONE',  ( -30.30000000000000071, -17.39999999999999858, 12.19999999999999929 ) ) ;
#6561 = UNCERTAINTY_MEASURE_WITH_UNIT (LENGTH_MEASURE( 1.000000000000000082E-05 ), #6520, 'distance_accuracy_value', 'NONE');
#6562 = EDGE_CURVE ( 'NONE', #1255, #2798, #6567, .T. ) ;
#6563 = CARTESIAN_POINT ( 'NONE',  ( 30.30000000000000071, -19.50000000000000000, 12.69999999999999929 ) ) ;
#6564 = CONICAL_SURFACE ( 'NONE', #3514, 0.3000000000000224709, 0.7853981633974532750 ) ;
#6565 = CYLINDRICAL_SURFACE ( 'NONE', #3890, 0.5000000000000004441 ) ;
#6566 = ORIENTED_EDGE ( 'NONE', *, *, #5349, .F. ) ;
#6567 = LINE ( 'NONE', #1929, #906 ) ;
#6568 = CARTESIAN_POINT ( 'NONE',  ( -25.89999999999999858, 0.000000000000000000, -3.800000000000000266 ) ) ;
#6569 = PRESENTATION_LAYER_ASSIGNMENT (  '', '', ( #2132 ) ) ;
#6570 = FILL_AREA_STYLE ('',( #5122 ) ) ;
#6571 = ORIENTED_EDGE ( 'NONE', *, *, #4813, .F. ) ;
#6572 = DIRECTION ( 'NONE',  ( 0.000000000000000000, 0.000000000000000000, -1.000000000000000000 ) ) ;
#6573 = ADVANCED_FACE ( 'NONE', ( #3970 ), #2499, .F. ) ;
#6574 = LINE ( 'NONE', #4525, #5119 ) ;
#6575 = ORIENTED_EDGE ( 'NONE', *, *, #2495, .F. ) ;
#6576 = CARTESIAN_POINT ( 'NONE',  ( 28.19999999999999929, 19.50000000000000000, 12.69999999999999929 ) ) ;
#6577 = CARTESIAN_POINT ( 'NONE',  ( -29.30000000000000071, -18.39999999999999858, 12.19999999999999929 ) ) ;
#6578 = ORIENTED_EDGE ( 'NONE', *, *, #4955, .F. ) ;
#6579 = DIRECTION ( 'NONE',  ( -1.000000000000000000, 0.000000000000000000, 0.000000000000000000 ) ) ;
#6580 = DIRECTION ( 'NONE',  ( 0.000000000000000000, 0.000000000000000000, -1.000000000000000000 ) ) ;
#6581 = EDGE_CURVE ( 'NONE', #638, #417, #5319, .T. ) ;
#6582 = FILL_AREA_STYLE ('',( #5998 ) ) ;
#6583 =( LENGTH_UNIT ( ) NAMED_UNIT ( * ) SI_UNIT ( .MILLI., .METRE. ) );
#6584 = ORIENTED_EDGE ( 'NONE', *, *, #749, .F. ) ;
#6585 = AXIS2_PLACEMENT_3D ( 'NONE', #6577, #438, #1940 ) ;
#6586 = DIRECTION ( 'NONE',  ( 0.000000000000000000, 0.000000000000000000, -1.000000000000000000 ) ) ;
#6587 = EDGE_CURVE ( 'NONE', #4810, #4711, #428, .T. ) ;
#6588 = ORIENTED_EDGE ( 'NONE', *, *, #913, .F. ) ;
#6589 = SURFACE_STYLE_FILL_AREA ( #5541 ) ;
#6590 = DIRECTION ( 'NONE',  ( 0.000000000000000000, 0.000000000000000000, -1.000000000000000000 ) ) ;
#6591 = CARTESIAN_POINT ( 'NONE',  ( -30.30000000000000071, 17.39999999999999858, 12.69999999999999929 ) ) ;
#6592 = FACE_OUTER_BOUND ( 'NONE', #1153, .T. ) ;
#6593 = EDGE_CURVE ( 'NONE', #3838, #3295, #3496, .T. ) ;
#6594 = MECHANICAL_DESIGN_GEOMETRIC_PRESENTATION_REPRESENTATION (  '', ( #3542 ), #6395 ) ;
#6595 = EDGE_CURVE ( 'NONE', #3009, #850, #1438, .T. ) ;
#6596 =( NAMED_UNIT ( * ) PLANE_ANGLE_UNIT ( ) SI_UNIT ( $, .RADIAN. ) );
#6597 = EDGE_CURVE ( 'NONE', #3109, #1639, #4664, .T. ) ;
#6598 = VECTOR ( 'NONE', #4356, 1000.000000000000000 ) ;
#6599 = ORIENTED_EDGE ( 'NONE', *, *, #172, .F. ) ;
#6600 = MECHANICAL_DESIGN_GEOMETRIC_PRESENTATION_REPRESENTATION (  '', ( #788 ), #573 ) ;
#6601 = CARTESIAN_POINT ( 'NONE',  ( 28.19999999999999929, -19.50000000000000000, 12.69999999999999929 ) ) ;
#6602 = PRESENTATION_LAYER_ASSIGNMENT (  '', '', ( #3986 ) ) ;
#6603 = VERTEX_POINT ( 'NONE', #5151 ) ;
#6604 = FILL_AREA_STYLE ('',( #3501 ) ) ;
#6605 = AXIS2_PLACEMENT_3D ( 'NONE', #3571, #4994, #4501 ) ;
#6606 = DIRECTION ( 'NONE',  ( 0.000000000000000000, 0.000000000000000000, -1.000000000000000000 ) ) ;
#6607 = VERTEX_POINT ( 'NONE', #602 ) ;
#6608 = DIRECTION ( 'NONE',  ( 1.000000000000000000, 0.000000000000000000, 0.000000000000000000 ) ) ;
#6609 = VECTOR ( 'NONE', #991, 1000.000000000000000 ) ;
#6610 =( GEOMETRIC_REPRESENTATION_CONTEXT ( 3 ) GLOBAL_UNCERTAINTY_ASSIGNED_CONTEXT ( ( #1108 ) ) GLOBAL_UNIT_ASSIGNED_CONTEXT ( ( #1304, #193, #286 ) ) REPRESENTATION_CONTEXT ( 'NONE', 'WORKASPACE' ) );
#6611 = CIRCLE ( 'NONE', #2608, 0.5000000000000004441 ) ;
#6612 = ORIENTED_EDGE ( 'NONE', *, *, #4031, .F. ) ;
#6613 = LINE ( 'NONE', #3541, #5103 ) ;
#6614 = SURFACE_STYLE_FILL_AREA ( #4943 ) ;
#6615 = VECTOR ( 'NONE', #5239, 1000.000000000000000 ) ;
#6616 = CARTESIAN_POINT ( 'NONE',  ( -25.10000000000000142, -13.08000000000000007, 12.19999999999999929 ) ) ;
#6617 =( NAMED_UNIT ( * ) PLANE_ANGLE_UNIT ( ) SI_UNIT ( $, .RADIAN. ) );
#6618 = ORIENTED_EDGE ( 'NONE', *, *, #6375, .F. ) ;
#6619 = CIRCLE ( 'NONE', #806, 1.500000000000001332 ) ;
#6620 = CARTESIAN_POINT ( 'NONE',  ( 24.89999999999999858, 3.810000000000000053, -3.800000000000000266 ) ) ;
#6621 = EDGE_CURVE ( 'NONE', #3600, #478, #6150, .T. ) ;
#6622 = VERTEX_POINT ( 'NONE', #4208 ) ;
#6623 = PLANE ( 'NONE',  #5108 ) ;
#6624 = LINE ( 'NONE', #3086, #292 ) ;
#6625 =( NAMED_UNIT ( * ) PLANE_ANGLE_UNIT ( ) SI_UNIT ( $, .RADIAN. ) );
#6626 = UNCERTAINTY_MEASURE_WITH_UNIT (LENGTH_MEASURE( 1.000000000000000082E-05 ), #6340, 'distance_accuracy_value', 'NONE');
#6627 = AXIS2_PLACEMENT_3D ( 'NONE', #3166, #2612, #4741 ) ;
#6628 = ORIENTED_EDGE ( 'NONE', *, *, #3472, .T. ) ;
#6629 = COLOUR_RGB ( '',1.000000000000000000, 1.000000000000000000, 0.5019607843137254832 ) ;
#6630 = DIRECTION ( 'NONE',  ( 1.000000000000000000, 0.000000000000000000, 0.000000000000000000 ) ) ;
#6631 = EDGE_CURVE ( 'NONE', #1682, #844, #253, .T. ) ;
#6632 = DIRECTION ( 'NONE',  ( 0.000000000000000000, 0.000000000000000000, -1.000000000000000000 ) ) ;
#6633 = SURFACE_STYLE_USAGE ( .BOTH. , #465 ) ;
#6634 = ORIENTED_EDGE ( 'NONE', *, *, #4177, .F. ) ;
#6635 = DIRECTION ( 'NONE',  ( 0.000000000000000000, -1.000000000000000000, 0.000000000000000000 ) ) ;
#6636 = SURFACE_STYLE_FILL_AREA ( #6604 ) ;
#6637 = CARTESIAN_POINT ( 'NONE',  ( -30.20000000000000284, 17.50000000000000000, 12.69999999999999929 ) ) ;
#6638 = ORIENTED_EDGE ( 'NONE', *, *, #1499, .T. ) ;
#6639 = PRESENTATION_LAYER_ASSIGNMENT (  '', '', ( #6207 ) ) ;
#6640 = CARTESIAN_POINT ( 'NONE',  ( -28.19999999999999929, -19.40000000000000213, 12.69999999999999929 ) ) ;
#6641 = UNCERTAINTY_MEASURE_WITH_UNIT (LENGTH_MEASURE( 1.000000000000000082E-05 ), #3698, 'distance_accuracy_value', 'NONE');
#6642 = EDGE_CURVE ( 'NONE', #945, #4438, #4702, .T. ) ;
#6643 = ORIENTED_EDGE ( 'NONE', *, *, #5384, .F. ) ;
#6644 = DIRECTION ( 'NONE',  ( -1.000000000000000000, 0.000000000000000000, 0.000000000000000000 ) ) ;
#6645 = LINE ( 'NONE', #2015, #6279 ) ;
#6646 = PRESENTATION_STYLE_ASSIGNMENT (( #829 ) ) ;
#6647 = FACE_OUTER_BOUND ( 'NONE', #4253, .T. ) ;
#6648 =( NAMED_UNIT ( * ) SI_UNIT ( $, .STERADIAN. ) SOLID_ANGLE_UNIT ( ) );
#6649 = EDGE_LOOP ( 'NONE', ( #5586, #982, #4070, #5968 ) ) ;
#6650 = CARTESIAN_POINT ( 'NONE',  ( -24.89999999999999858, -6.123233995736750012E-17, -3.999999999999999112 ) ) ;
#6651 = VERTEX_POINT ( 'NONE', #1098 ) ;
#6652 = FILL_AREA_STYLE_COLOUR ( '', #150 ) ;
#6653 = EDGE_LOOP ( 'NONE', ( #3666, #4962 ) ) ;
#6654 = COLOUR_RGB ( '',1.000000000000000000, 1.000000000000000000, 0.5019607843137254832 ) ;
#6655 = PRESENTATION_LAYER_ASSIGNMENT (  '', '', ( #293 ) ) ;
#6656 = LINE ( 'NONE', #454, #4688 ) ;
#6657 = EDGE_CURVE ( 'NONE', #1978, #2402, #2697, .T. ) ;
#6658 = CIRCLE ( 'NONE', #6317, 1.500000000000001332 ) ;
#6659 =( NAMED_UNIT ( * ) PLANE_ANGLE_UNIT ( ) SI_UNIT ( $, .RADIAN. ) );
#6660 = CARTESIAN_POINT ( 'NONE',  ( 23.59999999999999787, 13.08000000000000007, -17.30000000000000071 ) ) ;
#6661 = ORIENTED_EDGE ( 'NONE', *, *, #1661, .F. ) ;
#6662 = CARTESIAN_POINT ( 'NONE',  ( -29.80000000000000071, 17.50000000000000000, 12.69999999999999929 ) ) ;
#6663 = DIRECTION ( 'NONE',  ( 1.145031997344426006E-16, 1.000000000000000000, -0.000000000000000000 ) ) ;
#6664 = EDGE_LOOP ( 'NONE', ( #4794, #2382, #649, #2066 ) ) ;
#6665 = DIRECTION ( 'NONE',  ( 0.000000000000000000, 1.000000000000000000, 0.000000000000000000 ) ) ;
#6666 = DIRECTION ( 'NONE',  ( 0.000000000000000000, 0.000000000000000000, -1.000000000000000000 ) ) ;
#6667 = FACE_OUTER_BOUND ( 'NONE', #4237, .T. ) ;
#6668 = EDGE_CURVE ( 'NONE', #4808, #2097, #3663, .T. ) ;
#6669 = ORIENTED_EDGE ( 'NONE', *, *, #6226, .T. ) ;
#6671 = MECHANICAL_DESIGN_GEOMETRIC_PRESENTATION_REPRESENTATION (  '', ( #2880 ), #1707 ) ;
#6670 = LINE ( 'NONE', #4074, #2711 ) ;
#6672 = LINE ( 'NONE', #4113, #1935 ) ;
ENDSEC;
END-ISO-10303-21;
