ISO-10303-21;
HEADER;
FILE_DESCRIPTION (( 'STEP AP214' ),
    '1' );
FILE_NAME ('WY_EMI_TFC.STEP',
    '2026-09-17T00:38:19',
    ( '' ),
    ( '' ),
    'SwSTEP 2.0',
    'SolidWorks 2025',
    '' );
FILE_SCHEMA (( 'AUTOMOTIVE_DESIGN' ));
ENDSEC;

DATA;
#1 = CARTESIAN_POINT ( 'NONE',  ( 12.45000000000000284, 12.44999999999999929, 0.5000000000000000000 ) ) ;
#2 = VECTOR ( 'NONE', #2633, 1000.000000000000000 ) ;
#3 = EDGE_LOOP ( 'NONE', ( #594, #2439 ) ) ;
#4 = CARTESIAN_POINT ( 'NONE',  ( 9.899999999999991473, -9.899999999999998579, 5.200000000000001066 ) ) ;
#5 = COLOUR_RGB ( '',1.000000000000000000, 1.000000000000000000, 1.000000000000000000 ) ;
#6 = CARTESIAN_POINT ( 'NONE',  ( -9.899999999999995026, 9.900000000000016342, 7.200000000000000178 ) ) ;
#7 = SURFACE_STYLE_USAGE ( .BOTH. , #2396 ) ;
#8 = DIRECTION ( 'NONE',  ( 0.000000000000000000, 0.000000000000000000, 1.000000000000000000 ) ) ;
#9 = EDGE_LOOP ( 'NONE', ( #3330, #2518, #3236 ) ) ;
#10 = CYLINDRICAL_SURFACE ( 'NONE', #1856, 0.5000000000002233769 ) ;
#11 = VERTEX_POINT ( 'NONE', #1675 ) ;
#12 = CARTESIAN_POINT ( 'NONE',  ( 12.70000000000000284, 12.69999999999999929, 0.5000000000000000000 ) ) ;
#13 = CYLINDRICAL_SURFACE ( 'NONE', #2297, 0.5500000000000001554 ) ;
#14 = AXIS2_PLACEMENT_3D ( 'NONE', #3176, #1653, #1389 ) ;
#15 = VERTEX_POINT ( 'NONE', #446 ) ;
#16 = CARTESIAN_POINT ( 'NONE',  ( 9.979276376631803558, 10.39367525369251055, 2.199999999999999734 ) ) ;
#17 = DIRECTION ( 'NONE',  ( -0.9873505073845696423, 0.1585527532634897485, 2.775557561561505796E-14 ) ) ;
#18 = ORIENTED_EDGE ( 'NONE', *, *, #1203, .F. ) ;
#19 = DIRECTION ( 'NONE',  ( -1.510440673542344716E-16, 7.013615983403762389E-17, 1.000000000000000000 ) ) ;
#20 = ADVANCED_FACE ( 'NONE', ( #3035 ), #397, .F. ) ;
#21 = EDGE_CURVE ( 'NONE', #2143, #2078, #2317, .T. ) ;
#22 = DIRECTION ( 'NONE',  ( -1.000000000000000000, 0.000000000000000000, 2.775557561561386204E-14 ) ) ;
#23 = DIRECTION ( 'NONE',  ( 0.000000000000000000, 0.000000000000000000, 1.000000000000000000 ) ) ;
#24 = FACE_OUTER_BOUND ( 'NONE', #3300, .T. ) ;
#25 = EDGE_LOOP ( 'NONE', ( #47, #3182, #2539, #2758 ) ) ;
#26 = DIRECTION ( 'NONE',  ( 0.000000000000000000, 0.000000000000000000, 1.000000000000000000 ) ) ;
#27 = DIRECTION ( 'NONE',  ( 3.414809992080321627E-17, 1.000000000000000000, 0.000000000000000000 ) ) ;
#28 = ORIENTED_EDGE ( 'NONE', *, *, #3640, .T. ) ;
#29 = PRESENTATION_STYLE_ASSIGNMENT (( #1229 ) ) ;
#30 = ORIENTED_EDGE ( 'NONE', *, *, #2414, .F. ) ;
#31 = VECTOR ( 'NONE', #3108, 999.9999999999998863 ) ;
#32 = CARTESIAN_POINT ( 'NONE',  ( 12.70000000000000284, 12.20000000000000995, 0.5000000000000000000 ) ) ;
#33 = CARTESIAN_POINT ( 'NONE',  ( 0.000000000000000000, 4.336808689942017736E-15, 0.000000000000000000 ) ) ;
#34 = ORIENTED_EDGE ( 'NONE', *, *, #1529, .T. ) ;
#35 = ADVANCED_FACE ( 'NONE', ( #573 ), #3513, .F. ) ;
#36 = VECTOR ( 'NONE', #1616, 1000.000000000000000 ) ;
#37 = FACE_OUTER_BOUND ( 'NONE', #784, .T. ) ;
#38 = EDGE_CURVE ( 'NONE', #284, #1425, #2585, .T. ) ;
#39 = DIRECTION ( 'NONE',  ( 1.000000000000000000, 0.000000000000000000, 0.000000000000000000 ) ) ;
#40 = PRESENTATION_STYLE_ASSIGNMENT (( #2760 ) ) ;
#41 = VERTEX_POINT ( 'NONE', #810 ) ;
#42 = EDGE_CURVE ( 'NONE', #134, #2472, #305, .T. ) ;
#43 = COLOUR_RGB ( '',1.000000000000000000, 1.000000000000000000, 1.000000000000000000 ) ;
#44 = FACE_OUTER_BOUND ( 'NONE', #901, .T. ) ;
#45 = AXIS2_PLACEMENT_3D ( 'NONE', #2709, #23, #1524 ) ;
#46 = FILL_AREA_STYLE ('',( #2750 ) ) ;
#47 = ORIENTED_EDGE ( 'NONE', *, *, #570, .F. ) ;
#48 = CIRCLE ( 'NONE', #671, 0.5000000000000004441 ) ;
#49 = CIRCLE ( 'NONE', #2236, 0.3000000000001890044 ) ;
#50 =( NAMED_UNIT ( * ) PLANE_ANGLE_UNIT ( ) SI_UNIT ( $, .RADIAN. ) );
#51 = AXIS2_PLACEMENT_3D ( 'NONE', #1822, #1893, #3084 ) ;
#52 = ADVANCED_BREP_SHAPE_REPRESENTATION ( 'WY_EMI_TFC', ( #1975, #1935, #1999, #703, #1962, #623, #2008, #3846 ), #1176 ) ;
#53 = LINE ( 'NONE', #940, #1986 ) ;
#54 = AXIS2_PLACEMENT_3D ( 'NONE', #3673, #352, #3363 ) ;
#55 = VERTEX_POINT ( 'NONE', #2377 ) ;
#56 = CARTESIAN_POINT ( 'NONE',  ( 9.899999999999998579, 9.900000000000000355, 2.199999999999999734 ) ) ;
#57 = FILL_AREA_STYLE ('',( #389 ) ) ;
#58 = ORIENTED_EDGE ( 'NONE', *, *, #1125, .T. ) ;
#59 =( NAMED_UNIT ( * ) PLANE_ANGLE_UNIT ( ) SI_UNIT ( $, .RADIAN. ) );
#60 = DIRECTION ( 'NONE',  ( 1.563451298009324599E-16, -5.871987991305604543E-17, -1.000000000000000000 ) ) ;
#61 = CIRCLE ( 'NONE', #1298, 0.3000000000001893929 ) ;
#62 = CARTESIAN_POINT ( 'NONE',  ( 12.20000000000000284, 12.20000000000000995, 12.20000000000000107 ) ) ;
#63 = VERTEX_POINT ( 'NONE', #1099 ) ;
#64 = ADVANCED_FACE ( 'NONE', ( #237 ), #275, .T. ) ;
#65 = VECTOR ( 'NONE', #3529, 1000.000000000000000 ) ;
#66 = LINE ( 'NONE', #1289, #3607 ) ;
#67 = SURFACE_STYLE_USAGE ( .BOTH. , #970 ) ;
#68 = VERTEX_POINT ( 'NONE', #512 ) ;
#69 = PRESENTATION_LAYER_ASSIGNMENT (  '', '', ( #3130 ) ) ;
#70 = DIRECTION ( 'NONE',  ( -0.9591247405308761520, 0.2829836251474267539, 2.775557561561660097E-14 ) ) ;
#71 = EDGE_CURVE ( 'NONE', #3629, #3433, #2034, .T. ) ;
#72 = VERTEX_POINT ( 'NONE', #3264 ) ;
#73 = CARTESIAN_POINT ( 'NONE',  ( 0.000000000000000000, 11.95000000000000639, 11.70000000000000107 ) ) ;
#74 = CARTESIAN_POINT ( 'NONE',  ( -10.21586518329385385, -10.58024200545321492, 2.199999999999999734 ) ) ;
#75 = SURFACE_STYLE_FILL_AREA ( #330 ) ;
#76 = DIRECTION ( 'NONE',  ( -2.817628020665322285E-16, -1.000000000000000000, 4.345056020036544681E-18 ) ) ;
#77 = ORIENTED_EDGE ( 'NONE', *, *, #71, .T. ) ;
#78 = CARTESIAN_POINT ( 'NONE',  ( -9.899999999999998579, 1.734723475976807094E-15, -3.499999999999999556 ) ) ;
#79 = DIRECTION ( 'NONE',  ( 1.000000000000000000, 0.000000000000000000, 0.000000000000000000 ) ) ;
#80 = CARTESIAN_POINT ( 'NONE',  ( 11.95000000000000284, 12.44999999999999929, 0.5000000000000000000 ) ) ;
#81 = ADVANCED_FACE ( 'NONE', ( #2950 ), #1465, .F. ) ;
#82 = VERTEX_POINT ( 'NONE', #2092 ) ;
#83 = EDGE_CURVE ( 'NONE', #1833, #843, #2462, .T. ) ;
#84 = DIRECTION ( 'NONE',  ( -0.1585527532634905812, -0.9873505073845694202, 0.000000000000000000 ) ) ;
#85 = FACE_OUTER_BOUND ( 'NONE', #773, .T. ) ;
#86 = DIRECTION ( 'NONE',  ( 0.000000000000000000, 0.000000000000000000, 1.000000000000000000 ) ) ;
#87 = EDGE_LOOP ( 'NONE', ( #699, #153 ) ) ;
#88 = CARTESIAN_POINT ( 'NONE',  ( 9.899999999999991473, -10.40000000000021885, -3.299999999999999822 ) ) ;
#89 = ADVANCED_FACE ( 'NONE', ( #2430 ), #1065, .T. ) ;
#90 = DIRECTION ( 'NONE',  ( -2.817628020665322285E-16, -1.000000000000000000, 5.106583311200839310E-17 ) ) ;
#91 =( NAMED_UNIT ( * ) SI_UNIT ( $, .STERADIAN. ) SOLID_ANGLE_UNIT ( ) );
#92 = STYLED_ITEM ( 'NONE', ( #494 ), #1656 ) ;
#93 = DIRECTION ( 'NONE',  ( -1.000000000000000000, 5.971819714150072316E-17, -0.000000000000000000 ) ) ;
#94 = ORIENTED_EDGE ( 'NONE', *, *, #1427, .T. ) ;
#95 = DIRECTION ( 'NONE',  ( -2.684499212375534671E-14, 1.073561914934135011E-14, -1.000000000000000000 ) ) ;
#96 = CARTESIAN_POINT ( 'NONE',  ( -9.900000000000002132, -9.899999999999991473, -3.499999999999999556 ) ) ;
#97 = ORIENTED_EDGE ( 'NONE', *, *, #2553, .F. ) ;
#98 = AXIS2_PLACEMENT_3D ( 'NONE', #2432, #648, #1832 ) ;
#99 =( NAMED_UNIT ( * ) PLANE_ANGLE_UNIT ( ) SI_UNIT ( $, .RADIAN. ) );
#100 = AXIS2_PLACEMENT_3D ( 'NONE', #1232, #3589, #904 ) ;
#101 = VECTOR ( 'NONE', #311, 999.9999999999998863 ) ;
#102 = ORIENTED_EDGE ( 'NONE', *, *, #2245, .T. ) ;
#103 = AXIS2_PLACEMENT_3D ( 'NONE', #1381, #3759, #1094 ) ;
#104 = EDGE_CURVE ( 'NONE', #2072, #3502, #246, .T. ) ;
#105 = CARTESIAN_POINT ( 'NONE',  ( -12.44999999999999574, 12.45000000000000639, 12.20000000000000107 ) ) ;
#106 = AXIS2_PLACEMENT_3D ( 'NONE', #430, #1310, #187 ) ;
#107 = LINE ( 'NONE', #1620, #1420 ) ;
#108 = LINE ( 'NONE', #2513, #1724 ) ;
#109 = ORIENTED_EDGE ( 'NONE', *, *, #1074, .F. ) ;
#110 = DIRECTION ( 'NONE',  ( 0.000000000000000000, 0.000000000000000000, -1.000000000000000000 ) ) ;
#111 = CARTESIAN_POINT ( 'NONE',  ( -9.621634691640647219, 0.6964285714287513640, 2.199999999999949996 ) ) ;
#112 = ADVANCED_FACE ( 'NONE', ( #2167 ), #3356, .T. ) ;
#113 = LINE ( 'NONE', #1320, #2672 ) ;
#114 = AXIS2_PLACEMENT_3D ( 'NONE', #3765, #892, #2079 ) ;
#115 = ORIENTED_EDGE ( 'NONE', *, *, #42, .F. ) ;
#116 = EDGE_LOOP ( 'NONE', ( #2519, #3342, #3582, #2259 ) ) ;
#117 = COLOUR_RGB ( '',1.000000000000000000, 1.000000000000000000, 1.000000000000000000 ) ;
#118 = CARTESIAN_POINT ( 'NONE',  ( 9.899999999999998579, 9.900000000000000355, 5.200000000000001066 ) ) ;
#119 =( LENGTH_UNIT ( ) NAMED_UNIT ( * ) SI_UNIT ( .MILLI., .METRE. ) );
#120 = ORIENTED_EDGE ( 'NONE', *, *, #3601, .T. ) ;
#121 = VECTOR ( 'NONE', #1665, 1000.000000000000000 ) ;
#122 = AXIS2_PLACEMENT_3D ( 'NONE', #3060, #3322, #644 ) ;
#123 = DIRECTION ( 'NONE',  ( 0.000000000000000000, 0.000000000000000000, 1.000000000000000000 ) ) ;
#124 = VERTEX_POINT ( 'NONE', #2688 ) ;
#125 = DIRECTION ( 'NONE',  ( 0.000000000000000000, 0.000000000000000000, 1.000000000000000000 ) ) ;
#126 = CARTESIAN_POINT ( 'NONE',  ( 12.19999999999999574, -12.20000000000000995, 0.5000000000000000000 ) ) ;
#127 = CARTESIAN_POINT ( 'NONE',  ( -12.45000000000000284, -11.94999999999999218, 11.70000000000000107 ) ) ;
#128 = VERTEX_POINT ( 'NONE', #3613 ) ;
#129 = DIRECTION ( 'NONE',  ( -1.506664770967236337E-17, -5.106583311200849171E-17, -1.000000000000000000 ) ) ;
#130 = PRESENTATION_STYLE_ASSIGNMENT (( #149 ) ) ;
#131 = DIRECTION ( 'NONE',  ( 0.000000000000000000, -1.000000000000000000, 0.000000000000000000 ) ) ;
#132 =( NAMED_UNIT ( * ) SI_UNIT ( $, .STERADIAN. ) SOLID_ANGLE_UNIT ( ) );
#133 = EDGE_CURVE ( 'NONE', #1940, #3210, #315, .T. ) ;
#134 = VERTEX_POINT ( 'NONE', #2115 ) ;
#135 = ORIENTED_EDGE ( 'NONE', *, *, #3248, .F. ) ;
#136 = CIRCLE ( 'NONE', #3196, 0.7500000000001952882 ) ;
#137 = EDGE_CURVE ( 'NONE', #3843, #3486, #1432, .T. ) ;
#138 = DIRECTION ( 'NONE',  ( 3.414809992080321627E-17, 1.000000000000000000, 0.000000000000000000 ) ) ;
#139 = DIRECTION ( 'NONE',  ( -0.6981622391796755700, 0.1121137270084209270, -0.7071067811864787389 ) ) ;
#140 = ORIENTED_EDGE ( 'NONE', *, *, #372, .T. ) ;
#141 = DIRECTION ( 'NONE',  ( -0.9873505073845704194, 0.1585527532634852799, 2.891205793292289399E-14 ) ) ;
#142 = ADVANCED_FACE ( 'NONE', ( #3337 ), #3304, .F. ) ;
#143 = CARTESIAN_POINT ( 'NONE',  ( -12.19999999999999574, 12.70000000000000639, 0.5000000000000000000 ) ) ;
#144 = ORIENTED_EDGE ( 'NONE', *, *, #3360, .F. ) ;
#145 = CARTESIAN_POINT ( 'NONE',  ( -9.899999999999998579, 1.734723475976807094E-15, 5.200000000000001066 ) ) ;
#146 = CARTESIAN_POINT ( 'NONE',  ( -12.19999999999995133, -12.20000000000000284, 12.69999999999999929 ) ) ;
#147 = ORIENTED_EDGE ( 'NONE', *, *, #2653, .F. ) ;
#148 = DIRECTION ( 'NONE',  ( 0.000000000000000000, 0.000000000000000000, -1.000000000000000000 ) ) ;
#149 = SURFACE_STYLE_USAGE ( .BOTH. , #3411 ) ;
#150 = DIRECTION ( 'NONE',  ( 0.7071067811865771047, -1.207317650931873442E-16, -0.7071067811865180408 ) ) ;
#151 = FACE_OUTER_BOUND ( 'NONE', #1772, .T. ) ;
#152 = ORIENTED_EDGE ( 'NONE', *, *, #2172, .T. ) ;
#153 = ORIENTED_EDGE ( 'NONE', *, *, #386, .T. ) ;
#154 = EDGE_CURVE ( 'NONE', #3756, #15, #2068, .T. ) ;
#155 = EDGE_CURVE ( 'NONE', #3030, #1440, #2802, .T. ) ;
#156 = AXIS2_PLACEMENT_3D ( 'NONE', #831, #2036, #2952 ) ;
#157 = SURFACE_STYLE_FILL_AREA ( #1631 ) ;
#158 = CARTESIAN_POINT ( 'NONE',  ( 9.899999999999998579, 9.900000000000000355, 2.199999999999999734 ) ) ;
#159 = DIRECTION ( 'NONE',  ( 0.000000000000000000, 0.000000000000000000, -1.000000000000000000 ) ) ;
#160 = EDGE_CURVE ( 'NONE', #1317, #1891, #999, .T. ) ;
#161 = VERTEX_POINT ( 'NONE', #328 ) ;
#162 = AXIS2_PLACEMENT_3D ( 'NONE', #3305, #629, #329 ) ;
#163 = MECHANICAL_DESIGN_GEOMETRIC_PRESENTATION_REPRESENTATION (  '', ( #3464 ), #1477 ) ;
#164 = ORIENTED_EDGE ( 'NONE', *, *, #21, .T. ) ;
#165 = AXIS2_PLACEMENT_3D ( 'NONE', #911, #1430, #3231 ) ;
#166 = CIRCLE ( 'NONE', #3657, 0.5000000000002232659 ) ;
#167 = AXIS2_PLACEMENT_3D ( 'NONE', #1747, #889, #1826 ) ;
#168 = CARTESIAN_POINT ( 'NONE',  ( -9.900000000000002132, -9.899999999999991473, -3.499999999999999556 ) ) ;
#169 = UNCERTAINTY_MEASURE_WITH_UNIT (LENGTH_MEASURE( 1.000000000000000082E-05 ), #649, 'distance_accuracy_value', 'NONE');
#170 = DIRECTION ( 'NONE',  ( -4.420542376578310429E-47, -9.860761315262639904E-32, 1.000000000000000000 ) ) ;
#171 = CIRCLE ( 'NONE', #2363, 0.7500000000001958433 ) ;
#172 = EDGE_LOOP ( 'NONE', ( #179, #2323 ) ) ;
#173 = CARTESIAN_POINT ( 'NONE',  ( 10.40000000000039471, -9.899999999999998579, 7.000000000000000000 ) ) ;
#174 = CONICAL_SURFACE ( 'NONE', #2365, 0.3000000000001893374, 0.7853981633975168908 ) ;
#175 = SURFACE_SIDE_STYLE ('',( #419 ) ) ;
#176 = DIRECTION ( 'NONE',  ( -1.000000000000000000, 0.000000000000000000, 0.000000000000000000 ) ) ;
#177 =( NAMED_UNIT ( * ) SI_UNIT ( $, .STERADIAN. ) SOLID_ANGLE_UNIT ( ) );
#178 = ORIENTED_EDGE ( 'NONE', *, *, #2597, .F. ) ;
#179 = ORIENTED_EDGE ( 'NONE', *, *, #1081, .F. ) ;
#180 = CYLINDRICAL_SURFACE ( 'NONE', #3830, 0.5000000000000004441 ) ;
#181 =( GEOMETRIC_REPRESENTATION_CONTEXT ( 3 ) GLOBAL_UNCERTAINTY_ASSIGNED_CONTEXT ( ( #1644 ) ) GLOBAL_UNIT_ASSIGNED_CONTEXT ( ( #590, #2623, #1445 ) ) REPRESENTATION_CONTEXT ( 'NONE', 'WORKASPACE' ) );
#182 = FILL_AREA_STYLE ('',( #2588 ) ) ;
#183 = LINE ( 'NONE', #2606, #1841 ) ;
#184 = ADVANCED_FACE ( 'NONE', ( #2993 ), #747, .T. ) ;
#185 = ORIENTED_EDGE ( 'NONE', *, *, #1854, .F. ) ;
#186 = CIRCLE ( 'NONE', #3672, 0.5000000000002722267 ) ;
#187 = DIRECTION ( 'NONE',  ( -0.2829836251474255882, -0.9591247405308764851, 0.000000000000000000 ) ) ;
#188 = SURFACE_STYLE_USAGE ( .BOTH. , #431 ) ;
#189 = EDGE_CURVE ( 'NONE', #709, #41, #3666, .T. ) ;
#190 = VERTEX_POINT ( 'NONE', #2561 ) ;
#191 = CIRCLE ( 'NONE', #2385, 0.5000000000002711165 ) ;
#192 = CARTESIAN_POINT ( 'NONE',  ( 9.899999999999998579, 9.900000000000000355, -3.499999999999999556 ) ) ;
#193 = DIRECTION ( 'NONE',  ( 0.000000000000000000, -1.000000000000000000, 0.000000000000000000 ) ) ;
#194 = VERTEX_POINT ( 'NONE', #3062 ) ;
#195 = DIRECTION ( 'NONE',  ( 1.000000000000000000, -5.971819714150072316E-17, 0.000000000000000000 ) ) ;
#196 = CARTESIAN_POINT ( 'NONE',  ( 12.20000000000000284, 12.20000000000000995, 12.20000000000000107 ) ) ;
#197 = DIRECTION ( 'NONE',  ( 0.000000000000000000, 0.000000000000000000, -1.000000000000000000 ) ) ;
#198 = ORIENTED_EDGE ( 'NONE', *, *, #2076, .F. ) ;
#199 = AXIS2_PLACEMENT_3D ( 'NONE', #2714, #2044, #2101 ) ;
#200 =( NAMED_UNIT ( * ) SI_UNIT ( $, .STERADIAN. ) SOLID_ANGLE_UNIT ( ) );
#201 = LINE ( 'NONE', #1977, #3067 ) ;
#202 = CYLINDRICAL_SURFACE ( 'NONE', #2604, 0.5000000000002224887 ) ;
#203 = VECTOR ( 'NONE', #1307, 1000.000000000000000 ) ;
#204 = EDGE_LOOP ( 'NONE', ( #3259, #3585, #2103, #219 ) ) ;
#205 = DIRECTION ( 'NONE',  ( 2.705782887836759613E-17, -4.345056020036572415E-18, -1.000000000000000000 ) ) ;
#206 = ORIENTED_EDGE ( 'NONE', *, *, #1143, .F. ) ;
#207 = EDGE_CURVE ( 'NONE', #3054, #1393, #941, .T. ) ;
#208 = FACE_OUTER_BOUND ( 'NONE', #204, .T. ) ;
#209 = CARTESIAN_POINT ( 'NONE',  ( -10.01134612334379703, -0.2785714285716031635, -3.499999999999999556 ) ) ;
#210 = EDGE_CURVE ( 'NONE', #3375, #3210, #309, .T. ) ;
#211 = EDGE_LOOP ( 'NONE', ( #387, #2417, #3608, #109 ) ) ;
#212 = CARTESIAN_POINT ( 'NONE',  ( 12.44999999999999574, -12.45000000000000995, 11.70000000000000107 ) ) ;
#213 = CARTESIAN_POINT ( 'NONE',  ( 9.899999999999991473, -9.599999999999798916, -3.499999999999999556 ) ) ;
#214 = CARTESIAN_POINT ( 'NONE',  ( 9.349999999999997868, -9.899999999999998579, 0.000000000000000000 ) ) ;
#215 = ORIENTED_EDGE ( 'NONE', *, *, #3274, .T. ) ;
#216 = FILL_AREA_STYLE ('',( #1137 ) ) ;
#217 = DIRECTION ( 'NONE',  ( 0.000000000000000000, 1.000000000000000000, 0.000000000000000000 ) ) ;
#218 = DIRECTION ( 'NONE',  ( 0.000000000000000000, 0.000000000000000000, 1.000000000000000000 ) ) ;
#219 = ORIENTED_EDGE ( 'NONE', *, *, #3172, .F. ) ;
#220 = PRESENTATION_LAYER_ASSIGNMENT (  '', '', ( #3340 ) ) ;
#221 = DIRECTION ( 'NONE',  ( 0.000000000000000000, 0.000000000000000000, -1.000000000000000000 ) ) ;
#222 = CARTESIAN_POINT ( 'NONE',  ( -9.349999999999994316, 9.900000000000005684, 0.5000000000000000000 ) ) ;
#223 = AXIS2_PLACEMENT_3D ( 'NONE', #963, #663, #22 ) ;
#224 = ORIENTED_EDGE ( 'NONE', *, *, #1277, .F. ) ;
#225 = DIRECTION ( 'NONE',  ( -1.000000000000000000, 2.817628020665322285E-16, -0.000000000000000000 ) ) ;
#226 = PRESENTATION_LAYER_ASSIGNMENT (  '', '', ( #1587 ) ) ;
#227 = CARTESIAN_POINT ( 'NONE',  ( 12.70000000000000284, 12.20000000000000995, 12.20000000000000107 ) ) ;
#228 = CARTESIAN_POINT ( 'NONE',  ( -12.69999999999999574, 12.70000000000000639, 0.5000000000000000000 ) ) ;
#229 = EDGE_LOOP ( 'NONE', ( #3185, #627 ) ) ;
#230 = AXIS2_PLACEMENT_3D ( 'NONE', #1717, #2384, #283 ) ;
#231 = PRESENTATION_LAYER_ASSIGNMENT (  '', '', ( #1541 ) ) ;
#232 = PRESENTATION_LAYER_ASSIGNMENT (  '', '', ( #1784 ) ) ;
#233 = CARTESIAN_POINT ( 'NONE',  ( -9.899999999999995026, 9.900000000000016342, 7.200000000000000178 ) ) ;
#234 = DIRECTION ( 'NONE',  ( 0.000000000000000000, 0.000000000000000000, 1.000000000000000000 ) ) ;
#235 = ORIENTED_EDGE ( 'NONE', *, *, #160, .T. ) ;
#236 = VECTOR ( 'NONE', #1865, 1000.000000000000000 ) ;
#237 = FACE_OUTER_BOUND ( 'NONE', #25, .T. ) ;
#238 = CIRCLE ( 'NONE', #2982, 0.5000000000000004441 ) ;
#239 = DIRECTION ( 'NONE',  ( 0.000000000000000000, -1.000000000000000000, 0.000000000000000000 ) ) ;
#240 =( GEOMETRIC_REPRESENTATION_CONTEXT ( 3 ) GLOBAL_UNCERTAINTY_ASSIGNED_CONTEXT ( ( #3443 ) ) GLOBAL_UNIT_ASSIGNED_CONTEXT ( ( #3461, #2026, #1742 ) ) REPRESENTATION_CONTEXT ( 'NONE', 'WORKASPACE' ) );
#241 = AXIS2_PLACEMENT_3D ( 'NONE', #1373, #2284, #3133 ) ;
#242 = VERTEX_POINT ( 'NONE', #1015 ) ;
#243 = CARTESIAN_POINT ( 'NONE',  ( -9.899999999999995026, 9.900000000000005684, -3.299999999999999822 ) ) ;
#244 = MECHANICAL_DESIGN_GEOMETRIC_PRESENTATION_REPRESENTATION (  '', ( #2619 ), #2124 ) ;
#245 = ORIENTED_EDGE ( 'NONE', *, *, #3194, .T. ) ;
#246 = CIRCLE ( 'NONE', #2996, 0.5500000000000001554 ) ;
#247 = SURFACE_STYLE_FILL_AREA ( #3669 ) ;
#248 = UNCERTAINTY_MEASURE_WITH_UNIT (LENGTH_MEASURE( 1.000000000000000082E-05 ), #3331, 'distance_accuracy_value', 'NONE');
#249 = DIRECTION ( 'NONE',  ( 0.000000000000000000, 0.000000000000000000, -1.000000000000000000 ) ) ;
#250 = EDGE_LOOP ( 'NONE', ( #2013, #2698, #961, #1297 ) ) ;
#251 = AXIS2_PLACEMENT_3D ( 'NONE', #1365, #444, #2660 ) ;
#252 = DIRECTION ( 'NONE',  ( -2.955531293105684404E-33, 8.720106199082888138E-34, -1.000000000000000000 ) ) ;
#253 = CARTESIAN_POINT ( 'NONE',  ( 11.94999999999999574, -12.45000000000000995, 11.70000000000000107 ) ) ;
#254 = LINE ( 'NONE', #1118, #3677 ) ;
#255 = ORIENTED_EDGE ( 'NONE', *, *, #3609, .F. ) ;
#256 = DIRECTION ( 'NONE',  ( 0.000000000000000000, 0.000000000000000000, 1.000000000000000000 ) ) ;
#257 = CARTESIAN_POINT ( 'NONE',  ( -9.621634691640647219, 0.6964285714287513640, 2.199999999999949996 ) ) ;
#258 = ADVANCED_FACE ( 'NONE', ( #2480 ), #1929, .T. ) ;
#259 = CARTESIAN_POINT ( 'NONE',  ( 12.69999999999999574, -12.70000000000000995, 0.000000000000000000 ) ) ;
#260 = EDGE_LOOP ( 'NONE', ( #1152, #1028, #950, #635 ) ) ;
#261 = EDGE_CURVE ( 'NONE', #2838, #2526, #3362, .T. ) ;
#262 = DIRECTION ( 'NONE',  ( -0.1585527532634843362, -0.9873505073845704194, 0.000000000000000000 ) ) ;
#263 = MECHANICAL_DESIGN_GEOMETRIC_PRESENTATION_REPRESENTATION (  '', ( #3130 ), #3572 ) ;
#264 = SURFACE_SIDE_STYLE ('',( #1472 ) ) ;
#265 = VERTEX_POINT ( 'NONE', #3746 ) ;
#266 = EDGE_CURVE ( 'NONE', #3486, #3843, #61, .T. ) ;
#267 = DIRECTION ( 'NONE',  ( 0.9873505073845704194, -0.1585527532634852799, -2.891205793292289399E-14 ) ) ;
#268 = DIRECTION ( 'NONE',  ( -0.4211535777250208779, -0.9069893406040751005, 0.000000000000000000 ) ) ;
#269 = EDGE_LOOP ( 'NONE', ( #2491, #390 ) ) ;
#270 = DIRECTION ( 'NONE',  ( -0.2829836251474255882, -0.9591247405308764851, 0.000000000000000000 ) ) ;
#271 = CARTESIAN_POINT ( 'NONE',  ( 9.899999999999991473, -9.599999999999798916, -3.499999999999999556 ) ) ;
#272 = DIRECTION ( 'NONE',  ( 0.000000000000000000, 0.000000000000000000, -1.000000000000000000 ) ) ;
#273 = DIRECTION ( 'NONE',  ( 1.000000000000000000, 0.000000000000000000, 0.000000000000000000 ) ) ;
#274 = ORIENTED_EDGE ( 'NONE', *, *, #3675, .T. ) ;
#275 = CYLINDRICAL_SURFACE ( 'NONE', #3797, 0.5000000000000004441 ) ;
#276 = CARTESIAN_POINT ( 'NONE',  ( 12.69999999999999574, -12.20000000000000995, 0.5000000000000000000 ) ) ;
#277 = CARTESIAN_POINT ( 'NONE',  ( 11.95000000000000284, 12.44999999999999929, 11.70000000000000107 ) ) ;
#278 = LINE ( 'NONE', #3516, #349 ) ;
#279 = EDGE_LOOP ( 'NONE', ( #3517, #3741, #94, #2202 ) ) ;
#280 = EDGE_CURVE ( 'NONE', #2045, #2485, #3245, .T. ) ;
#281 = EDGE_CURVE ( 'NONE', #1882, #2918, #1605, .T. ) ;
#282 = CARTESIAN_POINT ( 'NONE',  ( 12.70000000000000284, 12.19999999999999929, 0.000000000000000000 ) ) ;
#283 = DIRECTION ( 'NONE',  ( -0.9069893406040747674, 0.4211535777250212664, 2.891205793292305807E-14 ) ) ;
#284 = VERTEX_POINT ( 'NONE', #1058 ) ;
#285 = AXIS2_PLACEMENT_3D ( 'NONE', #3017, #95, #3311 ) ;
#286 = CARTESIAN_POINT ( 'NONE',  ( 10.19620515221570578, 9.852434174020920921, 7.200000000000000178 ) ) ;
#287 = VERTEX_POINT ( 'NONE', #2251 ) ;
#288 = CYLINDRICAL_SURFACE ( 'NONE', #3168, 0.5000000000000004441 ) ;
#289 = STYLED_ITEM ( 'NONE', ( #677 ), #2008 ) ;
#290 = DIRECTION ( 'NONE',  ( 2.774533671083824708E-14, -8.130573131218977974E-15, 1.000000000000000000 ) ) ;
#291 = VERTEX_POINT ( 'NONE', #3098 ) ;
#292 = CARTESIAN_POINT ( 'NONE',  ( -9.900000000000002132, -9.899999999999991473, 2.199999999999999734 ) ) ;
#293 = VECTOR ( 'NONE', #1852, 1000.000000000000000 ) ;
#294 = AXIS2_PLACEMENT_3D ( 'NONE', #2410, #3594, #3307 ) ;
#295 = PLANE ( 'NONE',  #531 ) ;
#296 = SURFACE_STYLE_FILL_AREA ( #895 ) ;
#297 = AXIS2_PLACEMENT_3D ( 'NONE', #995, #125, #1557 ) ;
#298 = CARTESIAN_POINT ( 'NONE',  ( -9.900000000000002132, -9.899999999999991473, -3.499999999999999556 ) ) ;
#299 = VERTEX_POINT ( 'NONE', #2846 ) ;
#300 = CIRCLE ( 'NONE', #1242, 0.7500000000001960654 ) ;
#301 = DIRECTION ( 'NONE',  ( 1.510440673542349646E-16, -7.013615983403682270E-17, -1.000000000000000000 ) ) ;
#302 = AXIS2_PLACEMENT_3D ( 'NONE', #2573, #3772, #1026 ) ;
#303 = EDGE_LOOP ( 'NONE', ( #1435, #3107 ) ) ;
#304 = FACE_OUTER_BOUND ( 'NONE', #1767, .T. ) ;
#305 = CIRCLE ( 'NONE', #114, 0.5000000000000004441 ) ;
#306 = ADVANCED_FACE ( 'NONE', ( #1887 ), #1556, .T. ) ;
#307 = SURFACE_SIDE_STYLE ('',( #1515 ) ) ;
#308 = EDGE_LOOP ( 'NONE', ( #2450, #851 ) ) ;
#309 = CIRCLE ( 'NONE', #1928, 0.5000000000000004441 ) ;
#310 = CARTESIAN_POINT ( 'NONE',  ( -12.20000000000000284, -12.20000000000000284, 0.000000000000000000 ) ) ;
#311 = DIRECTION ( 'NONE',  ( 0.6565991539589641768, -0.2624453295839232481, -0.7071067811865181518 ) ) ;
#312 = AXIS2_PLACEMENT_3D ( 'NONE', #2090, #2643, #828 ) ;
#313 = LINE ( 'NONE', #2315, #1005 ) ;
#314 = EDGE_LOOP ( 'NONE', ( #383, #521, #3807, #3287 ) ) ;
#315 = LINE ( 'NONE', #946, #2752 ) ;
#316 = DIRECTION ( 'NONE',  ( -1.000000000000000000, 0.000000000000000000, 2.775557561561502325E-14 ) ) ;
#317 = CARTESIAN_POINT ( 'NONE',  ( -10.17209680218140377, -9.773653926682372983, 7.200000000000000178 ) ) ;
#318 = CARTESIAN_POINT ( 'NONE',  ( 9.900000000000103384, 9.900000000000000355, 7.000000000000000000 ) ) ;
#319 = VERTEX_POINT ( 'NONE', #1606 ) ;
#320 = CARTESIAN_POINT ( 'NONE',  ( -9.899999999999995026, 9.900000000000016342, 5.200000000000001066 ) ) ;
#321 = ORIENTED_EDGE ( 'NONE', *, *, #1397, .F. ) ;
#322 = ORIENTED_EDGE ( 'NONE', *, *, #3623, .F. ) ;
#323 = DIRECTION ( 'NONE',  ( 0.000000000000000000, 0.000000000000000000, -1.000000000000000000 ) ) ;
#324 = CARTESIAN_POINT ( 'NONE',  ( -9.621428571428298326, -0.1113461233438087089, 7.200000000000000178 ) ) ;
#325 = EDGE_CURVE ( 'NONE', #2933, #2581, #2314, .T. ) ;
#326 = CARTESIAN_POINT ( 'NONE',  ( 12.19999999999999574, -12.20000000000000995, 12.20000000000000107 ) ) ;
#327 = EDGE_LOOP ( 'NONE', ( #1338, #657, #1223, #255 ) ) ;
#328 = CARTESIAN_POINT ( 'NONE',  ( 12.19999999999999574, -12.70000000000000995, 12.20000000000000107 ) ) ;
#329 = DIRECTION ( 'NONE',  ( 0.000000000000000000, 0.000000000000000000, 1.000000000000000000 ) ) ;
#330 = FILL_AREA_STYLE ('',( #980 ) ) ;
#331 = FILL_AREA_STYLE ('',( #2500 ) ) ;
#332 = VERTEX_POINT ( 'NONE', #173 ) ;
#333 = EDGE_CURVE ( 'NONE', #3111, #2867, #3739, .T. ) ;
#334 = CARTESIAN_POINT ( 'NONE',  ( -9.899999999999998579, 6.938893903907228378E-15, 0.5000000000000000000 ) ) ;
#335 = CARTESIAN_POINT ( 'NONE',  ( -9.899999999999998579, 1.734723475976807094E-15, 5.200000000000001066 ) ) ;
#336 = ORIENTED_EDGE ( 'NONE', *, *, #1879, .T. ) ;
#337 = FILL_AREA_STYLE_COLOUR ( '', #3089 ) ;
#338 = FILL_AREA_STYLE_COLOUR ( '', #614 ) ;
#339 = VERTEX_POINT ( 'NONE', #88 ) ;
#340 = EDGE_CURVE ( 'NONE', #2938, #1141, #2560, .T. ) ;
#341 = CARTESIAN_POINT ( 'NONE',  ( 9.899999999999991473, -9.899999999999998579, 0.5000000000000000000 ) ) ;
#342 = FACE_OUTER_BOUND ( 'NONE', #493, .T. ) ;
#343 = ORIENTED_EDGE ( 'NONE', *, *, #785, .T. ) ;
#344 = CARTESIAN_POINT ( 'NONE',  ( -9.899999999999995026, 9.900000000000005684, 0.5000000000000000000 ) ) ;
#345 = FACE_BOUND ( 'NONE', #2941, .T. ) ;
#346 = CYLINDRICAL_SURFACE ( 'NONE', #1047, 0.5000000000002517986 ) ;
#347 = DIRECTION ( 'NONE',  ( -5.742996519033948731E-17, 2.295498867382631262E-17, -1.000000000000000000 ) ) ;
#348 = ORIENTED_EDGE ( 'NONE', *, *, #2364, .T. ) ;
#349 = VECTOR ( 'NONE', #896, 1000.000000000000000 ) ;
#350 = PRESENTATION_LAYER_ASSIGNMENT (  '', '', ( #478 ) ) ;
#351 = AXIS2_PLACEMENT_3D ( 'NONE', #62, #1018, #2794 ) ;
#352 = DIRECTION ( 'NONE',  ( 3.251084422416255068E-32, -9.592116818991199360E-33, -1.000000000000000000 ) ) ;
#353 = CIRCLE ( 'NONE', #1594, 0.5000000000000004441 ) ;
#354 = DIRECTION ( 'NONE',  ( 1.000000000000000000, -1.707404996040166237E-16, 0.000000000000000000 ) ) ;
#355 = AXIS2_PLACEMENT_3D ( 'NONE', #146, #507, #1296 ) ;
#356 = VECTOR ( 'NONE', #1012, 1000.000000000000000 ) ;
#357 = AXIS2_PLACEMENT_3D ( 'NONE', #2635, #3198, #562 ) ;
#358 = ORIENTED_EDGE ( 'NONE', *, *, #2294, .F. ) ;
#359 = FACE_BOUND ( 'NONE', #1714, .T. ) ;
#360 = VERTEX_POINT ( 'NONE', #700 ) ;
#361 = DIRECTION ( 'NONE',  ( 0.000000000000000000, 0.000000000000000000, -1.000000000000000000 ) ) ;
#362 = CARTESIAN_POINT ( 'NONE',  ( -9.350000000000001421, -9.899999999999991473, 0.000000000000000000 ) ) ;
#363 = AXIS2_PLACEMENT_3D ( 'NONE', #742, #2497, #2273 ) ;
#364 = EDGE_CURVE ( 'NONE', #938, #3054, #3077, .T. ) ;
#365 = CARTESIAN_POINT ( 'NONE',  ( -9.899999999999947065, 1.734723475976807094E-15, 7.200000000000000178 ) ) ;
#366 = CARTESIAN_POINT ( 'NONE',  ( 9.899999999999998579, -9.149999999999801403, 2.199999999999999734 ) ) ;
#367 = ORIENTED_EDGE ( 'NONE', *, *, #1937, .F. ) ;
#368 = MECHANICAL_DESIGN_GEOMETRIC_PRESENTATION_REPRESENTATION (  '', ( #1070 ), #3310 ) ;
#369 = EDGE_CURVE ( 'NONE', #1973, #128, #186, .T. ) ;
#370 = DIRECTION ( 'NONE',  ( 0.000000000000000000, 0.000000000000000000, -1.000000000000000000 ) ) ;
#371 = CARTESIAN_POINT ( 'NONE',  ( 0.000000000000000000, 12.20000000000000284, 12.20000000000000107 ) ) ;
#372 = EDGE_CURVE ( 'NONE', #511, #1882, #2207, .T. ) ;
#373 = EDGE_CURVE ( 'NONE', #265, #582, #1193, .T. ) ;
#374 = SURFACE_STYLE_FILL_AREA ( #1554 ) ;
#375 = EDGE_LOOP ( 'NONE', ( #3612, #589, #3401 ) ) ;
#376 = AXIS2_PLACEMENT_3D ( 'NONE', #335, #937, #1272 ) ;
#377 = LINE ( 'NONE', #324, #101 ) ;
#378 = ORIENTED_EDGE ( 'NONE', *, *, #1498, .F. ) ;
#379 = DIRECTION ( 'NONE',  ( 0.9873505073845704194, -0.1585527532634852799, -2.891205793292289399E-14 ) ) ;
#380 = CARTESIAN_POINT ( 'NONE',  ( -11.94999999999999574, 11.95000000000000995, 11.70000000000000107 ) ) ;
#381 = DIRECTION ( 'NONE',  ( 2.705782887836759613E-17, -4.345056020036657155E-18, -1.000000000000000000 ) ) ;
#382 = PLANE ( 'NONE',  #1978 ) ;
#383 = ORIENTED_EDGE ( 'NONE', *, *, #3034, .F. ) ;
#384 = CARTESIAN_POINT ( 'NONE',  ( 10.40000000000029168, -9.899999999999998579, 5.200000000000001066 ) ) ;
#385 = FACE_OUTER_BOUND ( 'NONE', #1464, .T. ) ;
#386 = EDGE_CURVE ( 'NONE', #3736, #2814, #2184, .T. ) ;
#387 = ORIENTED_EDGE ( 'NONE', *, *, #3150, .F. ) ;
#388 = DIRECTION ( 'NONE',  ( 2.705782887836759613E-17, -4.345056020036572415E-18, -1.000000000000000000 ) ) ;
#389 = FILL_AREA_STYLE_COLOUR ( '', #3187 ) ;
#390 = ORIENTED_EDGE ( 'NONE', *, *, #2653, .T. ) ;
#391 = CARTESIAN_POINT ( 'NONE',  ( -12.45000000000000284, -11.94999999999999218, 0.5000000000000000000 ) ) ;
#392 = AXIS2_PLACEMENT_3D ( 'NONE', #3435, #1369, #425 ) ;
#393 = CARTESIAN_POINT ( 'NONE',  ( 12.20000000000000284, 12.69999999999999929, 0.5000000000000000000 ) ) ;
#394 = MECHANICAL_DESIGN_GEOMETRIC_PRESENTATION_REPRESENTATION (  '', ( #2098 ), #2908 ) ;
#395 = DIRECTION ( 'NONE',  ( 0.6413383132050827218, -0.2978005507303521093, -0.7071067811865179298 ) ) ;
#396 = ORIENTED_EDGE ( 'NONE', *, *, #468, .F. ) ;
#397 = CYLINDRICAL_SURFACE ( 'NONE', #2928, 0.5000000000000004441 ) ;
#398 = COLOUR_RGB ( '',1.000000000000000000, 1.000000000000000000, 1.000000000000000000 ) ;
#399 = DIRECTION ( 'NONE',  ( -2.621762729764194535E-14, 1.218783291776466969E-14, -1.000000000000000000 ) ) ;
#400 = CARTESIAN_POINT ( 'NONE',  ( 9.599999999999795364, -9.899999999999998579, 7.200000000000000178 ) ) ;
#401 = EDGE_LOOP ( 'NONE', ( #604, #1495, #3120, #2788 ) ) ;
#402 = MECHANICAL_DESIGN_GEOMETRIC_PRESENTATION_REPRESENTATION (  '', ( #2914 ), #1411 ) ;
#403 = AXIS2_PLACEMENT_3D ( 'NONE', #1510, #8, #3848 ) ;
#404 = VECTOR ( 'NONE', #1931, 999.9999999999998863 ) ;
#405 = SURFACE_SIDE_STYLE ('',( #2470 ) ) ;
#406 = AXIS2_PLACEMENT_3D ( 'NONE', #665, #3053, #949 ) ;
#407 = AXIS2_PLACEMENT_3D ( 'NONE', #3642, #3353, #681 ) ;
#408 = ORIENTED_EDGE ( 'NONE', *, *, #133, .T. ) ;
#409 = CIRCLE ( 'NONE', #3235, 0.5000000000002228218 ) ;
#410 = SURFACE_SIDE_STYLE ('',( #1864 ) ) ;
#411 = MECHANICAL_DESIGN_GEOMETRIC_PRESENTATION_REPRESENTATION (  '', ( #2922 ), #240 ) ;
#412 = ADVANCED_FACE ( 'NONE', ( #2014 ), #2371, .F. ) ;
#413 = AXIS2_PLACEMENT_3D ( 'NONE', #2509, #205, #1350 ) ;
#414 = DIRECTION ( 'NONE',  ( -2.817628020665322285E-16, -1.000000000000000000, 4.345056020036544681E-18 ) ) ;
#415 = DIRECTION ( 'NONE',  ( 0.000000000000000000, 0.000000000000000000, 1.000000000000000000 ) ) ;
#416 = EDGE_CURVE ( 'NONE', #2130, #2717, #1687, .T. ) ;
#417 = ORIENTED_EDGE ( 'NONE', *, *, #2755, .T. ) ;
#418 = CARTESIAN_POINT ( 'NONE',  ( -9.899999999999998579, 1.734723475976807094E-15, -3.499999999999999556 ) ) ;
#419 = SURFACE_STYLE_FILL_AREA ( #3102 ) ;
#420 = FILL_AREA_STYLE ('',( #1905 ) ) ;
#421 = COLOUR_RGB ( '',1.000000000000000000, 1.000000000000000000, 1.000000000000000000 ) ;
#422 = ORIENTED_EDGE ( 'NONE', *, *, #1755, .T. ) ;
#423 = ORIENTED_EDGE ( 'NONE', *, *, #3620, .T. ) ;
#424 = ADVANCED_FACE ( 'NONE', ( #3836 ), #1115, .T. ) ;
#425 = DIRECTION ( 'NONE',  ( 4.183552017497453894E-16, 1.000000000000000000, 0.000000000000000000 ) ) ;
#426 = DIRECTION ( 'NONE',  ( -1.000000000000000000, 0.000000000000000000, 0.000000000000000000 ) ) ;
#427 =( NAMED_UNIT ( * ) SI_UNIT ( $, .STERADIAN. ) SOLID_ANGLE_UNIT ( ) );
#428 = ORIENTED_EDGE ( 'NONE', *, *, #2951, .F. ) ;
#429 = STYLED_ITEM ( 'NONE', ( #2060 ), #623 ) ;
#430 = CARTESIAN_POINT ( 'NONE',  ( -9.899999999999995026, 9.900000000000016342, 5.200000000000001066 ) ) ;
#431 = SURFACE_SIDE_STYLE ('',( #2865 ) ) ;
#432 = ORIENTED_EDGE ( 'NONE', *, *, #154, .T. ) ;
#433 = CARTESIAN_POINT ( 'NONE',  ( 9.899999999999991473, -9.899999999999998579, -3.499999999999999556 ) ) ;
#434 = LINE ( 'NONE', #802, #1984 ) ;
#435 = EDGE_CURVE ( 'NONE', #998, #284, #2563, .T. ) ;
#436 = EDGE_LOOP ( 'NONE', ( #906, #3733, #2654, #1868 ) ) ;
#437 = EDGE_CURVE ( 'NONE', #2206, #265, #3162, .T. ) ;
#438 = CARTESIAN_POINT ( 'NONE',  ( -9.899999999999998579, 1.734723475976807094E-15, 2.199999999999949996 ) ) ;
#439 = UNCERTAINTY_MEASURE_WITH_UNIT (LENGTH_MEASURE( 1.000000000000000082E-05 ), #924, 'distance_accuracy_value', 'NONE');
#440 = STYLED_ITEM ( 'NONE', ( #1859 ), #2268 ) ;
#441 = EDGE_CURVE ( 'NONE', #124, #2639, #1174, .T. ) ;
#442 = LINE ( 'NONE', #1334, #2778 ) ;
#443 = DIRECTION ( 'NONE',  ( 0.000000000000000000, 0.000000000000000000, 1.000000000000000000 ) ) ;
#444 = DIRECTION ( 'NONE',  ( 0.000000000000000000, 0.000000000000000000, 1.000000000000000000 ) ) ;
#445 = ORIENTED_EDGE ( 'NONE', *, *, #3827, .F. ) ;
#446 = CARTESIAN_POINT ( 'NONE',  ( -9.350000000000001421, -9.899999999999991473, 0.5000000000000000000 ) ) ;
#447 = MECHANICAL_DESIGN_GEOMETRIC_PRESENTATION_REPRESENTATION (  '', ( #2141 ), #3278 ) ;
#448 = FACE_OUTER_BOUND ( 'NONE', #2218, .T. ) ;
#449 = CARTESIAN_POINT ( 'NONE',  ( 9.899999999999998579, 9.900000000000000355, -3.499999999999999556 ) ) ;
#450 = CARTESIAN_POINT ( 'NONE',  ( -12.69999999999999574, 12.70000000000000639, 0.000000000000000000 ) ) ;
#451 = ORIENTED_EDGE ( 'NONE', *, *, #1825, .T. ) ;
#452 = ADVANCED_FACE ( 'NONE', ( #864, #1745 ), #2555, .F. ) ;
#453 = DIRECTION ( 'NONE',  ( 1.000000000000000000, 0.000000000000000000, 0.000000000000000000 ) ) ;
#454 = SURFACE_SIDE_STYLE ('',( #3480 ) ) ;
#455 = ORIENTED_EDGE ( 'NONE', *, *, #3385, .F. ) ;
#456 = DIRECTION ( 'NONE',  ( 1.000000000000000000, -5.971819714150072316E-17, 0.000000000000000000 ) ) ;
#457 = DIRECTION ( 'NONE',  ( 0.000000000000000000, 0.000000000000000000, -1.000000000000000000 ) ) ;
#458 = ORIENTED_EDGE ( 'NONE', *, *, #104, .T. ) ;
#459 = DIRECTION ( 'NONE',  ( 1.000000000000000000, -5.971819714150072316E-17, 0.000000000000000000 ) ) ;
#460 = EDGE_CURVE ( 'NONE', #1057, #2134, #3503, .T. ) ;
#461 = CARTESIAN_POINT ( 'NONE',  ( -11.95000000000000284, -11.94999999999999218, 12.20000000000000107 ) ) ;
#462 = DIRECTION ( 'NONE',  ( 1.707404996040166237E-16, 1.000000000000000000, 0.000000000000000000 ) ) ;
#463 = SURFACE_STYLE_USAGE ( .BOTH. , #1062 ) ;
#464 = ORIENTED_EDGE ( 'NONE', *, *, #2580, .T. ) ;
#465 = EDGE_LOOP ( 'NONE', ( #2277, #2149, #1089, #2648 ) ) ;
#466 = VECTOR ( 'NONE', #138, 1000.000000000000000 ) ;
#467 = DIRECTION ( 'NONE',  ( 1.000000000000000000, 0.000000000000000000, 0.000000000000000000 ) ) ;
#468 = EDGE_CURVE ( 'NONE', #2485, #3375, #2942, .T. ) ;
#469 = EDGE_CURVE ( 'NONE', #3423, #2398, #838, .T. ) ;
#470 = CARTESIAN_POINT ( 'NONE',  ( 11.94999999999999574, -11.94999999999999929, 11.70000000000000107 ) ) ;
#471 = DIRECTION ( 'NONE',  ( 1.000000000000000000, 0.000000000000000000, 0.000000000000000000 ) ) ;
#472 = EDGE_LOOP ( 'NONE', ( #178, #1520, #1263, #28 ) ) ;
#473 = AXIS2_PLACEMENT_3D ( 'NONE', #2253, #3142, #3372 ) ;
#474 = CARTESIAN_POINT ( 'NONE',  ( -9.584134816706152193, -9.219757994546752045, 5.200000000000001066 ) ) ;
#475 = DIRECTION ( 'NONE',  ( 1.563451298009324599E-16, -5.871987991305593450E-17, -1.000000000000000000 ) ) ;
#476 = EDGE_LOOP ( 'NONE', ( #1291, #3252, #2923, #1033 ) ) ;
#477 = CONICAL_SURFACE ( 'NONE', #983, 0.3000000000001893374, 0.7853981633975168908 ) ;
#478 = STYLED_ITEM ( 'NONE', ( #3285 ), #2501 ) ;
#479 = ADVANCED_FACE ( 'NONE', ( #1436 ), #2753, .T. ) ;
#480 = PRODUCT_DEFINITION_FORMATION_WITH_SPECIFIED_SOURCE ( 'ไป', '', #3813, .NOT_KNOWN. ) ;
#481 = AXIS2_PLACEMENT_3D ( 'NONE', #1689, #1728, #3555 ) ;
#482 = DIRECTION ( 'NONE',  ( 1.510440673542344716E-16, -7.013615983403762389E-17, -1.000000000000000000 ) ) ;
#483 = UNCERTAINTY_MEASURE_WITH_UNIT (LENGTH_MEASURE( 1.000000000000000082E-05 ), #2001, 'distance_accuracy_value', 'NONE');
#484 = LINE ( 'NONE', #1966, #2921 ) ;
#485 = PRESENTATION_LAYER_ASSIGNMENT (  '', '', ( #2171 ) ) ;
#486 = VERTEX_POINT ( 'NONE', #2831 ) ;
#487 = AXIS2_PLACEMENT_3D ( 'NONE', #3484, #824, #2011 ) ;
#488 = CIRCLE ( 'NONE', #2613, 0.5000000000002227107 ) ;
#489 = CARTESIAN_POINT ( 'NONE',  ( -9.899999999999995026, 9.900000000000016342, 7.200000000000000178 ) ) ;
#490 = CIRCLE ( 'NONE', #993, 0.5000000000002233769 ) ;
#491 = DIRECTION ( 'NONE',  ( 1.000000000000000000, -2.817628020665322285E-16, -5.742996519033949964E-17 ) ) ;
#492 = ORIENTED_EDGE ( 'NONE', *, *, #1950, .F. ) ;
#493 = EDGE_LOOP ( 'NONE', ( #2567, #1845, #451, #863 ) ) ;
#494 = PRESENTATION_STYLE_ASSIGNMENT (( #3453 ) ) ;
#495 = DIRECTION ( 'NONE',  ( 0.000000000000000000, 0.000000000000000000, 1.000000000000000000 ) ) ;
#496 = CARTESIAN_POINT ( 'NONE',  ( 9.350000000000004974, 9.900000000000000355, 0.5000000000000000000 ) ) ;
#497 = ORIENTED_EDGE ( 'NONE', *, *, #3333, .T. ) ;
#498 = AXIS2_PLACEMENT_3D ( 'NONE', #2226, #1703, #2582 ) ;
#499 = ADVANCED_FACE ( 'NONE', ( #151 ), #1321, .F. ) ;
#500 = CARTESIAN_POINT ( 'NONE',  ( 9.900000000000103384, 9.900000000000000355, 7.200000000000000178 ) ) ;
#501 = FILL_AREA_STYLE_COLOUR ( '', #856 ) ;
#502 = EDGE_CURVE ( 'NONE', #3565, #709, #1626, .T. ) ;
#503 = VECTOR ( 'NONE', #2312, 1000.000000000000000 ) ;
#504 = EDGE_LOOP ( 'NONE', ( #1530, #3478, #834, #1511, #198, #2861, #492, #1647 ) ) ;
#505 =( GEOMETRIC_REPRESENTATION_CONTEXT ( 3 ) GLOBAL_UNCERTAINTY_ASSIGNED_CONTEXT ( ( #1035 ) ) GLOBAL_UNIT_ASSIGNED_CONTEXT ( ( #2948, #3577, #3262 ) ) REPRESENTATION_CONTEXT ( 'NONE', 'WORKASPACE' ) );
#506 = SURFACE_STYLE_FILL_AREA ( #3256 ) ;
#507 = DIRECTION ( 'NONE',  ( 0.000000000000000000, 0.000000000000000000, -1.000000000000000000 ) ) ;
#508 = ORIENTED_EDGE ( 'NONE', *, *, #1496, .T. ) ;
#509 = CARTESIAN_POINT ( 'NONE',  ( 12.19999999999999574, -12.20000000000000995, 0.000000000000000000 ) ) ;
#510 = SURFACE_STYLE_USAGE ( .BOTH. , #1400 ) ;
#511 = VERTEX_POINT ( 'NONE', #1906 ) ;
#512 = CARTESIAN_POINT ( 'NONE',  ( -10.45000000000000107, -9.899999999999991473, 0.000000000000000000 ) ) ;
#513 =( NAMED_UNIT ( * ) SI_UNIT ( $, .STERADIAN. ) SOLID_ANGLE_UNIT ( ) );
#514 = LINE ( 'NONE', #1044, #3093 ) ;
#515 = AXIS2_PLACEMENT_3D ( 'NONE', #371, #3364, #1553 ) ;
#516 = ORIENTED_EDGE ( 'NONE', *, *, #437, .F. ) ;
#517 = SURFACE_STYLE_USAGE ( .BOTH. , #2264 ) ;
#518 = EDGE_CURVE ( 'NONE', #2085, #319, #1971, .T. ) ;
#519 = PLANE ( 'NONE',  #3161 ) ;
#520 = ADVANCED_FACE ( 'NONE', ( #1385, #3391, #3166, #2894, #2538, #1673 ), #1995, .F. ) ;
#521 = ORIENTED_EDGE ( 'NONE', *, *, #1446, .T. ) ;
#522 = DIRECTION ( 'NONE',  ( 1.000000000000000000, -2.817628020665322285E-16, -1.506664770967234796E-17 ) ) ;
#523 = PRODUCT_CONTEXT ( 'NONE', #1670, 'mechanical' ) ;
#524 = ORIENTED_EDGE ( 'NONE', *, *, #2994, .F. ) ;
#525 = CARTESIAN_POINT ( 'NONE',  ( -11.94999999999999574, 11.95000000000000995, 11.70000000000000107 ) ) ;
#526 = EDGE_LOOP ( 'NONE', ( #2705, #2403, #1576, #2066 ) ) ;
#527 = CARTESIAN_POINT ( 'NONE',  ( 9.899999999999991473, -9.899999999999998579, 5.200000000000001066 ) ) ;
#528 = FACE_OUTER_BOUND ( 'NONE', #982, .T. ) ;
#529 = DIRECTION ( 'NONE',  ( 1.000000000000000000, 0.000000000000000000, 0.000000000000000000 ) ) ;
#530 = ORIENTED_EDGE ( 'NONE', *, *, #3051, .F. ) ;
#531 = AXIS2_PLACEMENT_3D ( 'NONE', #2378, #2896, #3190 ) ;
#532 = CARTESIAN_POINT ( 'NONE',  ( -12.19999999999999574, 12.20000000000000639, 12.69999999999999929 ) ) ;
#533 =( NAMED_UNIT ( * ) SI_UNIT ( $, .STERADIAN. ) SOLID_ANGLE_UNIT ( ) );
#534 = ORIENTED_EDGE ( 'NONE', *, *, #266, .T. ) ;
#535 = MECHANICAL_DESIGN_GEOMETRIC_PRESENTATION_REPRESENTATION (  '', ( #658 ), #2473 ) ;
#536 =( LENGTH_UNIT ( ) NAMED_UNIT ( * ) SI_UNIT ( .MILLI., .METRE. ) );
#537 = CARTESIAN_POINT ( 'NONE',  ( -11.95000000000000284, -11.94999999999999218, 11.70000000000000107 ) ) ;
#538 = DIRECTION ( 'NONE',  ( -0.2624453295839306310, -0.6565991539589828285, 0.7071067811864980568 ) ) ;
#539 = ORIENTED_EDGE ( 'NONE', *, *, #416, .F. ) ;
#540 = CARTESIAN_POINT ( 'NONE',  ( -9.899999999999998579, 6.938893903907228378E-15, 0.000000000000000000 ) ) ;
#541 = ADVANCED_FACE ( 'NONE', ( #3785 ), #3124, .F. ) ;
#542 = MECHANICAL_DESIGN_GEOMETRIC_PRESENTATION_REPRESENTATION (  '', ( #1288 ), #2790 ) ;
#543 = AXIS2_PLACEMENT_3D ( 'NONE', #3515, #3792, #876 ) ;
#544 = CARTESIAN_POINT ( 'NONE',  ( -9.900000000000002132, -9.899999999999991473, 5.200000000000001066 ) ) ;
#545 = EDGE_CURVE ( 'NONE', #2045, #41, #3562, .T. ) ;
#546 = CARTESIAN_POINT ( 'NONE',  ( 9.900000000000096279, -9.899999999999998579, 7.000000000000000000 ) ) ;
#547 = ORIENTED_EDGE ( 'NONE', *, *, #1143, .T. ) ;
#548 = AXIS2_PLACEMENT_3D ( 'NONE', #168, #2556, #2187 ) ;
#549 = SURFACE_SIDE_STYLE ('',( #3493 ) ) ;
#550 = AXIS2_PLACEMENT_3D ( 'NONE', #1417, #2656, #3801 ) ;
#551 = SURFACE_STYLE_USAGE ( .BOTH. , #3226 ) ;
#552 = CONICAL_SURFACE ( 'NONE', #2239, 0.3000000000001890044, 0.7853981633975168908 ) ;
#553 = CIRCLE ( 'NONE', #2116, 0.5500000000000001554 ) ;
#554 = DIRECTION ( 'NONE',  ( -0.2829836251474259212, -0.9591247405308765961, 0.000000000000000000 ) ) ;
#555 = EDGE_CURVE ( 'NONE', #332, #2776, #191, .T. ) ;
#556 = EDGE_CURVE ( 'NONE', #1972, #3502, #1156, .T. ) ;
#557 = DIRECTION ( 'NONE',  ( 0.000000000000000000, 0.000000000000000000, 1.000000000000000000 ) ) ;
#558 = CARTESIAN_POINT ( 'NONE',  ( 9.899999999999998579, 9.900000000000000355, 5.200000000000001066 ) ) ;
#559 = MECHANICAL_DESIGN_GEOMETRIC_PRESENTATION_REPRESENTATION (  '', ( #3859 ), #814 ) ;
#560 = EDGE_LOOP ( 'NONE', ( #1748, #870, #3170, #3446 ) ) ;
#561 = VECTOR ( 'NONE', #761, 1000.000000000000000 ) ;
#562 = DIRECTION ( 'NONE',  ( -0.1585527532634905812, -0.9873505073845694202, 0.000000000000000000 ) ) ;
#563 = UNCERTAINTY_MEASURE_WITH_UNIT (LENGTH_MEASURE( 1.000000000000000082E-05 ), #2602, 'distance_accuracy_value', 'NONE');
#564 = CARTESIAN_POINT ( 'NONE',  ( -9.900000000000002132, -9.899999999999991473, -3.299999999999999822 ) ) ;
#565 = EDGE_LOOP ( 'NONE', ( #3021, #1927 ) ) ;
#566 = AXIS2_PLACEMENT_3D ( 'NONE', #1968, #252, #270 ) ;
#567 = CARTESIAN_POINT ( 'NONE',  ( -9.899999999999995026, 9.900000000000016342, 2.199999999999999734 ) ) ;
#568 = EDGE_CURVE ( 'NONE', #2722, #2715, #254, .T. ) ;
#569 = FACE_OUTER_BOUND ( 'NONE', #436, .T. ) ;
#570 = EDGE_CURVE ( 'NONE', #161, #486, #821, .T. ) ;
#571 = CARTESIAN_POINT ( 'NONE',  ( 11.95000000000000284, 11.95000000000000284, 0.5000000000000000000 ) ) ;
#572 = VERTEX_POINT ( 'NONE', #2686 ) ;
#573 = FACE_OUTER_BOUND ( 'NONE', #751, .T. ) ;
#574 = EDGE_CURVE ( 'NONE', #3433, #741, #3842, .T. ) ;
#575 = DIRECTION ( 'NONE',  ( -0.000000000000000000, 0.000000000000000000, 1.000000000000000000 ) ) ;
#576 = LINE ( 'NONE', #1752, #1110 ) ;
#577 = DIRECTION ( 'NONE',  ( 0.000000000000000000, 0.000000000000000000, 1.000000000000000000 ) ) ;
#578 = ORIENTED_EDGE ( 'NONE', *, *, #2015, .T. ) ;
#579 = DIRECTION ( 'NONE',  ( -1.000000000000000000, 0.000000000000000000, 0.000000000000000000 ) ) ;
#580 = CIRCLE ( 'NONE', #1880, 0.7500000000001952882 ) ;
#581 = CYLINDRICAL_SURFACE ( 'NONE', #2335, 0.5500000000000001554 ) ;
#582 = VERTEX_POINT ( 'NONE', #2990 ) ;
#583 = PRESENTATION_STYLE_ASSIGNMENT (( #3815 ) ) ;
#584 = CARTESIAN_POINT ( 'NONE',  ( -10.35349467030220083, -9.689423211137395242, 7.200000000000000178 ) ) ;
#585 = ORIENTED_EDGE ( 'NONE', *, *, #3144, .T. ) ;
#586 = CARTESIAN_POINT ( 'NONE',  ( 12.45000000000000284, 12.44999999999999929, 12.20000000000000107 ) ) ;
#587 = LINE ( 'NONE', #1483, #3603 ) ;
#588 = FACE_OUTER_BOUND ( 'NONE', #314, .T. ) ;
#589 = ORIENTED_EDGE ( 'NONE', *, *, #1682, .T. ) ;
#590 =( LENGTH_UNIT ( ) NAMED_UNIT ( * ) SI_UNIT ( .MILLI., .METRE. ) );
#591 = DIRECTION ( 'NONE',  ( -2.817628020665322285E-16, -1.000000000000000000, -0.000000000000000000 ) ) ;
#592 = FILL_AREA_STYLE_COLOUR ( '', #3132 ) ;
#593 = FACE_OUTER_BOUND ( 'NONE', #87, .T. ) ;
#594 = ORIENTED_EDGE ( 'NONE', *, *, #933, .T. ) ;
#595 = ADVANCED_FACE ( 'NONE', ( #588 ), #3803, .T. ) ;
#596 = CARTESIAN_POINT ( 'NONE',  ( -9.899999999999950617, -9.899999999999991473, 7.200000000000000178 ) ) ;
#597 = DIRECTION ( 'NONE',  ( 0.000000000000000000, 0.000000000000000000, 1.000000000000000000 ) ) ;
#598 = ORIENTED_EDGE ( 'NONE', *, *, #2007, .F. ) ;
#599 = CONICAL_SURFACE ( 'NONE', #3215, 0.3000000000001893929, 0.7853981633975168908 ) ;
#600 = DIRECTION ( 'NONE',  ( 0.9069893406040747674, -0.4211535777250212664, -2.891205793292305807E-14 ) ) ;
#601 = VERTEX_POINT ( 'NONE', #2621 ) ;
#602 = DIRECTION ( 'NONE',  ( -0.3711537444790476981, -0.9285714285714274929, 0.000000000000000000 ) ) ;
#603 = CIRCLE ( 'NONE', #1041, 0.5000000000000004441 ) ;
#604 = ORIENTED_EDGE ( 'NONE', *, *, #1950, .T. ) ;
#605 = SURFACE_STYLE_USAGE ( .BOTH. , #2135 ) ;
#606 = CIRCLE ( 'NONE', #678, 0.5500000000000001554 ) ;
#607 = AXIS2_PLACEMENT_3D ( 'NONE', #196, #1970, #2877 ) ;
#608 = PLANE ( 'NONE',  #3398 ) ;
#609 = FACE_OUTER_BOUND ( 'NONE', #3323, .T. ) ;
#610 = VECTOR ( 'NONE', #1202, 1000.000000000000000 ) ;
#611 = DIRECTION ( 'NONE',  ( 0.000000000000000000, 0.000000000000000000, 1.000000000000000000 ) ) ;
#612 = ORIENTED_EDGE ( 'NONE', *, *, #2911, .F. ) ;
#613 = AXIS2_PLACEMENT_3D ( 'NONE', #1316, #3698, #3507 ) ;
#614 = COLOUR_RGB ( '',1.000000000000000000, 1.000000000000000000, 1.000000000000000000 ) ;
#615 = LINE ( 'NONE', #2399, #2681 ) ;
#616 = AXIS2_PLACEMENT_3D ( 'NONE', #1162, #2083, #1453 ) ;
#617 =( LENGTH_UNIT ( ) NAMED_UNIT ( * ) SI_UNIT ( .MILLI., .METRE. ) );
#618 = EDGE_CURVE ( 'NONE', #2445, #2455, #2127, .T. ) ;
#619 = ORIENTED_EDGE ( 'NONE', *, *, #636, .T. ) ;
#620 = EDGE_CURVE ( 'NONE', #2134, #3375, #3000, .T. ) ;
#621 = FILL_AREA_STYLE_COLOUR ( '', #3175 ) ;
#622 = DIRECTION ( 'NONE',  ( -0.2829836251474255882, -0.9591247405308764851, 0.000000000000000000 ) ) ;
#623 = MANIFOLD_SOLID_BREP ( 'NONE', #1731 ) ;
#624 = CYLINDRICAL_SURFACE ( 'NONE', #3787, 0.5000000000002499112 ) ;
#625 = VECTOR ( 'NONE', #2031, 1000.000000000000000 ) ;
#626 = SURFACE_STYLE_USAGE ( .BOTH. , #997 ) ;
#627 = ORIENTED_EDGE ( 'NONE', *, *, #3498, .F. ) ;
#628 = CIRCLE ( 'NONE', #3489, 0.5000000000000004441 ) ;
#629 = DIRECTION ( 'NONE',  ( -1.000000000000000000, 5.971819714150072316E-17, -0.000000000000000000 ) ) ;
#630 = CARTESIAN_POINT ( 'NONE',  ( 9.899999999999991473, -10.20000000000017693, -3.499999999999999556 ) ) ;
#631 = DIRECTION ( 'NONE',  ( -2.705782887836759613E-17, 4.345056020036552385E-18, 1.000000000000000000 ) ) ;
#632 = ORIENTED_EDGE ( 'NONE', *, *, #574, .F. ) ;
#633 = CARTESIAN_POINT ( 'NONE',  ( -12.19999999999999574, 12.20000000000000639, 12.20000000000000107 ) ) ;
#634 = PLANE ( 'NONE',  #2201 ) ;
#635 = ORIENTED_EDGE ( 'NONE', *, *, #2703, .F. ) ;
#636 = EDGE_CURVE ( 'NONE', #190, #2003, #628, .T. ) ;
#637 = CIRCLE ( 'NONE', #1618, 0.5000000000002731149 ) ;
#638 = DIRECTION ( 'NONE',  ( -2.854563732286625217E-14, 4.588431443798437864E-15, -1.000000000000000000 ) ) ;
#639 = CARTESIAN_POINT ( 'NONE',  ( 9.781085435052405685, 9.159487119461381610, 2.199999999999999734 ) ) ;
#640 = AXIS2_PLACEMENT_3D ( 'NONE', #3691, #3454, #426 ) ;
#641 = EDGE_LOOP ( 'NONE', ( #3602, #3392, #1726, #2799 ) ) ;
#642 = DIRECTION ( 'NONE',  ( 1.000000000000000000, 0.000000000000000000, 0.000000000000000000 ) ) ;
#643 = CARTESIAN_POINT ( 'NONE',  ( -9.687762281139395526, 10.61934355539836616, 2.199999999999999734 ) ) ;
#644 = DIRECTION ( 'NONE',  ( -0.3711537444790469764, -0.9285714285714278260, 0.000000000000000000 ) ) ;
#645 = ORIENTED_EDGE ( 'NONE', *, *, #1074, .T. ) ;
#646 = DIRECTION ( 'NONE',  ( -5.742996519033948731E-17, 2.295498867382641431E-17, -1.000000000000000000 ) ) ;
#647 = PLANE ( 'NONE',  #2599 ) ;
#648 = DIRECTION ( 'NONE',  ( 1.510440673542349646E-16, -7.013615983403682270E-17, -1.000000000000000000 ) ) ;
#649 =( LENGTH_UNIT ( ) NAMED_UNIT ( * ) SI_UNIT ( .MILLI., .METRE. ) );
#650 = EDGE_LOOP ( 'NONE', ( #768, #3370, #2028, #654 ) ) ;
#651 = CARTESIAN_POINT ( 'NONE',  ( -12.69999999999999574, 12.70000000000000639, 12.69999999999999929 ) ) ;
#652 = VERTEX_POINT ( 'NONE', #1463 ) ;
#653 = CARTESIAN_POINT ( 'NONE',  ( -11.94999999999999574, 11.95000000000000995, 12.20000000000000107 ) ) ;
#654 = ORIENTED_EDGE ( 'NONE', *, *, #1259, .F. ) ;
#655 = AXIS2_PLACEMENT_3D ( 'NONE', #527, #2690, #2645 ) ;
#656 = FACE_OUTER_BOUND ( 'NONE', #3188, .T. ) ;
#657 = ORIENTED_EDGE ( 'NONE', *, *, #133, .F. ) ;
#658 = STYLED_ITEM ( 'NONE', ( #916 ), #1975 ) ;
#659 = CARTESIAN_POINT ( 'NONE',  ( -12.69999999999999574, 12.70000000000000639, 0.000000000000000000 ) ) ;
#660 = EDGE_CURVE ( 'NONE', #2134, #3210, #2806, .T. ) ;
#661 = EDGE_CURVE ( 'NONE', #2503, #3683, #313, .T. ) ;
#662 = PRESENTATION_LAYER_ASSIGNMENT (  '', '', ( #289 ) ) ;
#663 = DIRECTION ( 'NONE',  ( 2.775557561561385258E-14, -3.457101876421153653E-30, 1.000000000000000000 ) ) ;
#664 =( NAMED_UNIT ( * ) PLANE_ANGLE_UNIT ( ) SI_UNIT ( $, .RADIAN. ) );
#665 = CARTESIAN_POINT ( 'NONE',  ( 12.19999999999999574, -12.20000000000000995, 12.20000000000000107 ) ) ;
#666 = EDGE_LOOP ( 'NONE', ( #3048, #3381 ) ) ;
#667 = AXIS2_PLACEMENT_3D ( 'NONE', #298, #1797, #2954 ) ;
#668 = MECHANICAL_DESIGN_GEOMETRIC_PRESENTATION_REPRESENTATION (  '', ( #1784 ), #3844 ) ;
#669 = EDGE_CURVE ( 'NONE', #1972, #1308, #2494, .T. ) ;
#670 = DIRECTION ( 'NONE',  ( 1.000000000000000000, -2.817628020665322285E-16, 0.000000000000000000 ) ) ;
#671 = AXIS2_PLACEMENT_3D ( 'NONE', #1885, #2204, #2221 ) ;
#672 = FACE_OUTER_BOUND ( 'NONE', #2009, .T. ) ;
#673 = CIRCLE ( 'NONE', #613, 0.5000000000002706724 ) ;
#674 = EDGE_CURVE ( 'NONE', #2401, #1940, #2333, .T. ) ;
#675 = CIRCLE ( 'NONE', #1116, 0.3000000000001882827 ) ;
#676 = AXIS2_PLACEMENT_3D ( 'NONE', #596, #3253, #898 ) ;
#677 = PRESENTATION_STYLE_ASSIGNMENT (( #3088 ) ) ;
#678 = AXIS2_PLACEMENT_3D ( 'NONE', #3768, #1324, #471 ) ;
#679 = ORIENTED_EDGE ( 'NONE', *, *, #2929, .T. ) ;
#680 = FILL_AREA_STYLE_COLOUR ( '', #2915 ) ;
#681 = DIRECTION ( 'NONE',  ( 0.000000000000000000, 0.000000000000000000, 1.000000000000000000 ) ) ;
#682 = CARTESIAN_POINT ( 'NONE',  ( 12.44999999999999574, -11.94999999999999929, 11.70000000000000107 ) ) ;
#683 = EDGE_LOOP ( 'NONE', ( #423, #1617, #1386, #2986 ) ) ;
#684 = AXIS2_PLACEMENT_3D ( 'NONE', #659, #2741, #3630 ) ;
#685 =( NAMED_UNIT ( * ) SI_UNIT ( $, .STERADIAN. ) SOLID_ANGLE_UNIT ( ) );
#686 = CARTESIAN_POINT ( 'NONE',  ( -9.584134816706152193, -9.219757994546752045, 2.199999999999999734 ) ) ;
#687 = COLOUR_RGB ( '',1.000000000000000000, 1.000000000000000000, 1.000000000000000000 ) ;
#688 = EDGE_CURVE ( 'NONE', #1679, #3671, #1807, .T. ) ;
#689 = FACE_OUTER_BOUND ( 'NONE', #211, .T. ) ;
#690 = DIRECTION ( 'NONE',  ( 1.506664770967236337E-17, 5.106583311200838694E-17, 1.000000000000000000 ) ) ;
#691 = ORIENTED_EDGE ( 'NONE', *, *, #2056, .F. ) ;
#692 = DIRECTION ( 'NONE',  ( -1.000000000000000000, 2.817628020665322285E-16, 2.577111568626775051E-14 ) ) ;
#693 = LINE ( 'NONE', #400, #3438 ) ;
#694 =( NAMED_UNIT ( * ) PLANE_ANGLE_UNIT ( ) SI_UNIT ( $, .RADIAN. ) );
#695 = ORIENTED_EDGE ( 'NONE', *, *, #2394, .T. ) ;
#696 = CYLINDRICAL_SURFACE ( 'NONE', #2540, 0.5000000000000004441 ) ;
#697 = VECTOR ( 'NONE', #1490, 1000.000000000000000 ) ;
#698 = CARTESIAN_POINT ( 'NONE',  ( 9.899999999999998579, 9.900000000000000355, 0.000000000000000000 ) ) ;
#699 = ORIENTED_EDGE ( 'NONE', *, *, #1163, .T. ) ;
#700 = CARTESIAN_POINT ( 'NONE',  ( -10.21586518329385385, -10.58024200545321492, 5.200000000000001066 ) ) ;
#701 = FACE_OUTER_BOUND ( 'NONE', #476, .T. ) ;
#702 = CARTESIAN_POINT ( 'NONE',  ( -11.95000000000000284, -11.94999999999999218, 11.70000000000000107 ) ) ;
#703 = MANIFOLD_SOLID_BREP ( 'NONE', #3358 ) ;
#704 = CARTESIAN_POINT ( 'NONE',  ( 9.159487119461399374, 10.01891456494766253, 2.200000000000034817 ) ) ;
#705 = ORIENTED_EDGE ( 'NONE', *, *, #1196, .T. ) ;
#706 = DIRECTION ( 'NONE',  ( 3.414809992080326558E-17, -1.000000000000000000, 0.000000000000000000 ) ) ;
#707 = DIRECTION ( 'NONE',  ( 0.000000000000000000, 0.000000000000000000, -1.000000000000000000 ) ) ;
#708 = DIRECTION ( 'NONE',  ( -1.506664770967236337E-17, -5.106583311200849171E-17, -1.000000000000000000 ) ) ;
#709 = VERTEX_POINT ( 'NONE', #682 ) ;
#710 = EDGE_CURVE ( 'NONE', #2266, #2472, #922, .T. ) ;
#711 =( NAMED_UNIT ( * ) SI_UNIT ( $, .STERADIAN. ) SOLID_ANGLE_UNIT ( ) );
#712 = ADVANCED_FACE ( 'NONE', ( #342 ), #2427, .F. ) ;
#713 = ORIENTED_EDGE ( 'NONE', *, *, #2994, .T. ) ;
#714 = DIRECTION ( 'NONE',  ( 0.000000000000000000, 0.000000000000000000, 1.000000000000000000 ) ) ;
#715 = DIRECTION ( 'NONE',  ( 1.000000000000000000, 0.000000000000000000, 0.000000000000000000 ) ) ;
#716 = CARTESIAN_POINT ( 'NONE',  ( -12.19999999999995133, -12.70000000000000284, 12.69999999999999929 ) ) ;
#717 = EDGE_LOOP ( 'NONE', ( #2734, #235, #1286, #1014 ) ) ;
#718 = DIRECTION ( 'NONE',  ( 0.000000000000000000, -1.000000000000000000, 0.000000000000000000 ) ) ;
#719 = CARTESIAN_POINT ( 'NONE',  ( 12.69999999999999574, -12.20000000000000995, 12.69999999999999929 ) ) ;
#720 = AXIS2_PLACEMENT_3D ( 'NONE', #3357, #1523, #3338 ) ;
#721 =( LENGTH_UNIT ( ) NAMED_UNIT ( * ) SI_UNIT ( .MILLI., .METRE. ) );
#722 = ORIENTED_EDGE ( 'NONE', *, *, #1701, .F. ) ;
#723 = ORIENTED_EDGE ( 'NONE', *, *, #1446, .F. ) ;
#724 = COLOUR_RGB ( '',1.000000000000000000, 1.000000000000000000, 1.000000000000000000 ) ;
#725 = DIRECTION ( 'NONE',  ( 2.775557561561500116E-14, -3.457101876421477352E-30, 1.000000000000000000 ) ) ;
#726 = DIRECTION ( 'NONE',  ( 0.000000000000000000, 0.000000000000000000, 1.000000000000000000 ) ) ;
#727 = ORIENTED_EDGE ( 'NONE', *, *, #2453, .F. ) ;
#728 = AXIS2_PLACEMENT_3D ( 'NONE', #1164, #597, #1493 ) ;
#729 = VECTOR ( 'NONE', #714, 1000.000000000000000 ) ;
#730 = CIRCLE ( 'NONE', #984, 0.7500000000001949552 ) ;
#731 = DIRECTION ( 'NONE',  ( 0.000000000000000000, 0.000000000000000000, 1.000000000000000000 ) ) ;
#732 = EDGE_CURVE ( 'NONE', #1325, #486, #238, .T. ) ;
#733 = CIRCLE ( 'NONE', #1239, 0.5500000000000001554 ) ;
#734 = ORIENTED_EDGE ( 'NONE', *, *, #2787, .T. ) ;
#735 = ADVANCED_FACE ( 'NONE', ( #2165, #2721, #3047, #359, #2757, #2478 ), #3664, .T. ) ;
#736 =( NAMED_UNIT ( * ) PLANE_ANGLE_UNIT ( ) SI_UNIT ( $, .RADIAN. ) );
#737 = AXIS2_PLACEMENT_3D ( 'NONE', #1438, #1721, #2615 ) ;
#738 = AXIS2_PLACEMENT_3D ( 'NONE', #1191, #878, #3852 ) ;
#739 = DIRECTION ( 'NONE',  ( -2.705782887836759613E-17, 4.345056020036572415E-18, 1.000000000000000000 ) ) ;
#740 = CARTESIAN_POINT ( 'NONE',  ( -10.11057678886260369, -10.35349467030223458, -3.499999999999999556 ) ) ;
#741 = VERTEX_POINT ( 'NONE', #3074 ) ;
#742 = CARTESIAN_POINT ( 'NONE',  ( -9.900000000000002132, -9.899999999999991473, 5.200000000000001066 ) ) ;
#743 = CARTESIAN_POINT ( 'NONE',  ( 9.899999999999991473, -10.20000000000017693, -3.499999999999999556 ) ) ;
#744 = COLOUR_RGB ( '',1.000000000000000000, 1.000000000000000000, 1.000000000000000000 ) ;
#745 = ORIENTED_EDGE ( 'NONE', *, *, #469, .F. ) ;
#746 = SURFACE_STYLE_USAGE ( .BOTH. , #3416 ) ;
#747 = CONICAL_SURFACE ( 'NONE', #2930, 0.3000000000001894485, 0.7853981633975168908 ) ;
#748 = FACE_OUTER_BOUND ( 'NONE', #526, .T. ) ;
#749 = PRESENTATION_STYLE_ASSIGNMENT (( #1102 ) ) ;
#750 = CARTESIAN_POINT ( 'NONE',  ( -10.17857142857159936, 0.1113461233438022002, 7.200000000000000178 ) ) ;
#751 = EDGE_LOOP ( 'NONE', ( #3689, #3633, #336, #3690 ) ) ;
#752 =( GEOMETRIC_REPRESENTATION_CONTEXT ( 3 ) GLOBAL_UNCERTAINTY_ASSIGNED_CONTEXT ( ( #762 ) ) GLOBAL_UNIT_ASSIGNED_CONTEXT ( ( #2029, #2907, #3780 ) ) REPRESENTATION_CONTEXT ( 'NONE', 'WORKASPACE' ) );
#753 = CYLINDRICAL_SURFACE ( 'NONE', #3177, 0.5500000000000001554 ) ;
#754 = DIRECTION ( 'NONE',  ( -1.000000000000000000, 2.817628020665322285E-16, 2.663612590833484947E-14 ) ) ;
#755 = ORIENTED_EDGE ( 'NONE', *, *, #137, .F. ) ;
#756 = EDGE_CURVE ( 'NONE', #1305, #2779, #434, .T. ) ;
#757 = DIRECTION ( 'NONE',  ( -2.705782887836759613E-17, 4.345056020036552385E-18, 1.000000000000000000 ) ) ;
#758 = UNCERTAINTY_MEASURE_WITH_UNIT (LENGTH_MEASURE( 1.000000000000000082E-05 ), #1558, 'distance_accuracy_value', 'NONE');
#759 = DIRECTION ( 'NONE',  ( 0.000000000000000000, 0.000000000000000000, -1.000000000000000000 ) ) ;
#760 = ORIENTED_EDGE ( 'NONE', *, *, #2242, .F. ) ;
#761 = DIRECTION ( 'NONE',  ( 3.100757185579769905E-16, 1.000000000000000000, 0.000000000000000000 ) ) ;
#762 = UNCERTAINTY_MEASURE_WITH_UNIT (LENGTH_MEASURE( 1.000000000000000082E-05 ), #2029, 'distance_accuracy_value', 'NONE');
#763 = EDGE_CURVE ( 'NONE', #2639, #843, #409, .T. ) ;
#764 = CIRCLE ( 'NONE', #2707, 0.3000000000001894485 ) ;
#765 =( NAMED_UNIT ( * ) PLANE_ANGLE_UNIT ( ) SI_UNIT ( $, .RADIAN. ) );
#766 = CARTESIAN_POINT ( 'NONE',  ( -12.19999999999999574, 12.70000000000000639, 0.000000000000000000 ) ) ;
#767 = DIRECTION ( 'NONE',  ( 0.000000000000000000, 0.000000000000000000, 1.000000000000000000 ) ) ;
#768 = ORIENTED_EDGE ( 'NONE', *, *, #812, .F. ) ;
#769 = ORIENTED_EDGE ( 'NONE', *, *, #2223, .T. ) ;
#770 = FACE_OUTER_BOUND ( 'NONE', #1686, .T. ) ;
#771 = CARTESIAN_POINT ( 'NONE',  ( 11.94999999999999574, -12.45000000000000995, 0.5000000000000000000 ) ) ;
#772 = CYLINDRICAL_SURFACE ( 'NONE', #3163, 0.5000000000002227107 ) ;
#773 = EDGE_LOOP ( 'NONE', ( #2232, #760 ) ) ;
#774 = DIRECTION ( 'NONE',  ( 0.000000000000000000, 0.000000000000000000, 1.000000000000000000 ) ) ;
#775 = LINE ( 'NONE', #1637, #36 ) ;
#776 = ORIENTED_EDGE ( 'NONE', *, *, #3366, .T. ) ;
#777 = DIRECTION ( 'NONE',  ( -0.4211535777250257628, -0.9069893406040727690, 0.000000000000000000 ) ) ;
#778 = DIRECTION ( 'NONE',  ( 0.000000000000000000, 0.000000000000000000, -1.000000000000000000 ) ) ;
#779 = ORIENTED_EDGE ( 'NONE', *, *, #2194, .F. ) ;
#780 = LINE ( 'NONE', #766, #2916 ) ;
#781 = CARTESIAN_POINT ( 'NONE',  ( 264.4503897362974385, -109.6589570999057202, -3.499999999999999556 ) ) ;
#782 = EDGE_CURVE ( 'NONE', #3420, #1419, #3472, .T. ) ;
#783 = ORIENTED_EDGE ( 'NONE', *, *, #1884, .T. ) ;
#784 = EDGE_LOOP ( 'NONE', ( #713, #3232, #3179, #1124 ) ) ;
#785 = EDGE_CURVE ( 'NONE', #3423, #3420, #108, .T. ) ;
#786 = VECTOR ( 'NONE', #3148, 1000.000000000000000 ) ;
#787 = PLANE ( 'NONE',  #392 ) ;
#788 = DIRECTION ( 'NONE',  ( 2.705782887836759613E-17, -4.345056020036487674E-18, -1.000000000000000000 ) ) ;
#789 = CARTESIAN_POINT ( 'NONE',  ( 9.350000000000004974, 9.900000000000000355, 0.000000000000000000 ) ) ;
#790 = ORIENTED_EDGE ( 'NONE', *, *, #1045, .T. ) ;
#791 = VECTOR ( 'NONE', #2409, 1000.000000000000000 ) ;
#792 =( LENGTH_UNIT ( ) NAMED_UNIT ( * ) SI_UNIT ( .MILLI., .METRE. ) );
#793 = EDGE_CURVE ( 'NONE', #3145, #486, #3405, .T. ) ;
#794 = DIRECTION ( 'NONE',  ( 0.000000000000000000, 0.000000000000000000, -1.000000000000000000 ) ) ;
#795 = AXIS2_PLACEMENT_3D ( 'NONE', #3711, #1107, #754 ) ;
#796 = ORIENTED_EDGE ( 'NONE', *, *, #3601, .F. ) ;
#797 = VECTOR ( 'NONE', #93, 1000.000000000000000 ) ;
#798 = AXIS2_PLACEMENT_3D ( 'NONE', #2228, #443, #2830 ) ;
#799 = AXIS2_PLACEMENT_3D ( 'NONE', #2219, #2186, #1313 ) ;
#800 = AXIS2_PLACEMENT_3D ( 'NONE', #827, #2947, #1179 ) ;
#801 = CARTESIAN_POINT ( 'NONE',  ( -10.36428571428589862, 0.1855768722396171355, 7.200000000000000178 ) ) ;
#802 = CARTESIAN_POINT ( 'NONE',  ( 12.70000000000000284, 12.69999999999999929, 0.000000000000000000 ) ) ;
#803 = AXIS2_PLACEMENT_3D ( 'NONE', #33, #2189, #3369 ) ;
#804 = EDGE_LOOP ( 'NONE', ( #2612, #508, #2668 ) ) ;
#805 = CIRCLE ( 'NONE', #357, 0.7500000000001952882 ) ;
#806 = AXIS2_PLACEMENT_3D ( 'NONE', #2631, #1144, #3518 ) ;
#807 = DIRECTION ( 'NONE',  ( -0.9873505073845704194, 0.1585527532634852799, 2.891205793292289399E-14 ) ) ;
#808 = SURFACE_STYLE_FILL_AREA ( #3104 ) ;
#809 = VERTEX_POINT ( 'NONE', #3462 ) ;
#810 = CARTESIAN_POINT ( 'NONE',  ( 12.45000000000000284, 11.95000000000000284, 11.70000000000000107 ) ) ;
#811 = EDGE_CURVE ( 'NONE', #2244, #1763, #2271, .T. ) ;
#812 = EDGE_CURVE ( 'NONE', #3704, #843, #484, .T. ) ;
#813 = DIRECTION ( 'NONE',  ( 0.000000000000000000, -1.000000000000000000, 0.000000000000000000 ) ) ;
#814 =( GEOMETRIC_REPRESENTATION_CONTEXT ( 3 ) GLOBAL_UNCERTAINTY_ASSIGNED_CONTEXT ( ( #3408 ) ) GLOBAL_UNIT_ASSIGNED_CONTEXT ( ( #1708, #2354, #1768 ) ) REPRESENTATION_CONTEXT ( 'NONE', 'WORKASPACE' ) );
#815 = DIRECTION ( 'NONE',  ( -0.1585527532634905812, -0.9873505073845694202, 0.000000000000000000 ) ) ;
#816 = LINE ( 'NONE', #1406, #3655 ) ;
#817 = ORIENTED_EDGE ( 'NONE', *, *, #3270, .F. ) ;
#818 = AXIS2_PLACEMENT_3D ( 'NONE', #2446, #646, #1830 ) ;
#819 = DIRECTION ( 'NONE',  ( 0.000000000000000000, 0.000000000000000000, 1.000000000000000000 ) ) ;
#820 = FILL_AREA_STYLE ('',( #501 ) ) ;
#821 = CIRCLE ( 'NONE', #1195, 0.5000000000000004441 ) ;
#822 = ORIENTED_EDGE ( 'NONE', *, *, #1923, .F. ) ;
#823 = PRESENTATION_LAYER_ASSIGNMENT (  '', '', ( #2188 ) ) ;
#824 = DIRECTION ( 'NONE',  ( 2.577111568625479741E-14, -1.030638640684856979E-14, 1.000000000000000000 ) ) ;
#825 = DIRECTION ( 'NONE',  ( -1.000000000000000000, 0.000000000000000000, 0.000000000000000000 ) ) ;
#826 = ORIENTED_EDGE ( 'NONE', *, *, #2564, .F. ) ;
#827 = CARTESIAN_POINT ( 'NONE',  ( 9.899999999999998579, 9.900000000000000355, 0.000000000000000000 ) ) ;
#828 = DIRECTION ( 'NONE',  ( 0.1585527532634878611, 0.9873505073845699753, 0.000000000000000000 ) ) ;
#829 = EDGE_LOOP ( 'NONE', ( #1987, #1230, #3126, #1564 ) ) ;
#830 = CARTESIAN_POINT ( 'NONE',  ( -11.94999999999999929, 7.806255641895631925E-15, 11.70000000000000107 ) ) ;
#831 = CARTESIAN_POINT ( 'NONE',  ( -9.899999999999947065, 1.734723475976807094E-15, 7.200000000000000178 ) ) ;
#832 = DIRECTION ( 'NONE',  ( 0.000000000000000000, 0.000000000000000000, -1.000000000000000000 ) ) ;
#833 = DIRECTION ( 'NONE',  ( -0.9873505073845697533, 0.1585527532634882775, 2.775557561561662306E-14 ) ) ;
#834 = ORIENTED_EDGE ( 'NONE', *, *, #3856, .F. ) ;
#835 = DIRECTION ( 'NONE',  ( 0.000000000000000000, 0.000000000000000000, 1.000000000000000000 ) ) ;
#836 = ADVANCED_FACE ( 'NONE', ( #1056 ), #2825, .T. ) ;
#837 = ORIENTED_EDGE ( 'NONE', *, *, #2126, .F. ) ;
#838 = LINE ( 'NONE', #3211, #2 ) ;
#839 = ADVANCED_FACE ( 'NONE', ( #1032, #1668 ), #3744, .F. ) ;
#840 =( NAMED_UNIT ( * ) SI_UNIT ( $, .STERADIAN. ) SOLID_ANGLE_UNIT ( ) );
#841 = UNCERTAINTY_MEASURE_WITH_UNIT (LENGTH_MEASURE( 1.000000000000000082E-05 ), #1741, 'distance_accuracy_value', 'NONE');
#842 = CYLINDRICAL_SURFACE ( 'NONE', #3543, 0.5000000000002227107 ) ;
#843 = VERTEX_POINT ( 'NONE', #1603 ) ;
#844 = CARTESIAN_POINT ( 'NONE',  ( 9.899999999999991473, -9.399999999999776534, 2.199999999999999734 ) ) ;
#845 = CARTESIAN_POINT ( 'NONE',  ( 12.19999999999999574, -12.20000000000000995, 12.20000000000000107 ) ) ;
#846 = EDGE_LOOP ( 'NONE', ( #2209, #1354, #3439, #1669 ) ) ;
#847 = DIRECTION ( 'NONE',  ( 3.500590019081388089E-16, 1.000000000000000000, 0.000000000000000000 ) ) ;
#848 = FACE_OUTER_BOUND ( 'NONE', #3679, .T. ) ;
#849 = CARTESIAN_POINT ( 'NONE',  ( -9.612262577840494870, 9.815104912455726804, 7.200000000000000178 ) ) ;
#850 = CYLINDRICAL_SURFACE ( 'NONE', #3715, 0.7500000000001949552 ) ;
#851 = ORIENTED_EDGE ( 'NONE', *, *, #3553, .F. ) ;
#852 = AXIS2_PLACEMENT_3D ( 'NONE', #2625, #3538, #874 ) ;
#853 = CYLINDRICAL_SURFACE ( 'NONE', #676, 0.5000000000002499112 ) ;
#854 = DIRECTION ( 'NONE',  ( 0.000000000000000000, 0.000000000000000000, -1.000000000000000000 ) ) ;
#855 = ORIENTED_EDGE ( 'NONE', *, *, #1582, .F. ) ;
#856 = COLOUR_RGB ( '',1.000000000000000000, 1.000000000000000000, 1.000000000000000000 ) ;
#857 = ADVANCED_FACE ( 'NONE', ( #2205 ), #3721, .T. ) ;
#858 = LINE ( 'NONE', #3382, #1340 ) ;
#859 = DIRECTION ( 'NONE',  ( -0.4211535777250208779, -0.9069893406040751005, 0.000000000000000000 ) ) ;
#860 = MECHANICAL_DESIGN_GEOMETRIC_PRESENTATION_REPRESENTATION (  '', ( #2793 ), #2847 ) ;
#861 = DIRECTION ( 'NONE',  ( -5.742996519033948731E-17, 2.295498867382636192E-17, -1.000000000000000000 ) ) ;
#862 = EDGE_CURVE ( 'NONE', #3704, #124, #2610, .T. ) ;
#863 = ORIENTED_EDGE ( 'NONE', *, *, #2349, .T. ) ;
#864 = FACE_BOUND ( 'NONE', #229, .T. ) ;
#865 = CARTESIAN_POINT ( 'NONE',  ( 10.39367525369259937, 9.820723623368211364, 7.000000000000000000 ) ) ;
#866 = AXIS2_PLACEMENT_3D ( 'NONE', #56, #2735, #84 ) ;
#867 = VECTOR ( 'NONE', #538, 1000.000000000000114 ) ;
#868 = DIRECTION ( 'NONE',  ( 1.510440673542344716E-16, -7.013615983403742667E-17, -1.000000000000000000 ) ) ;
#869 = FILL_AREA_STYLE ('',( #2704 ) ) ;
#870 = ORIENTED_EDGE ( 'NONE', *, *, #3248, .T. ) ;
#871 = CONICAL_SURFACE ( 'NONE', #2114, 0.3000000000001882827, 0.7853981633975168908 ) ;
#872 = DIRECTION ( 'NONE',  ( 0.2000996403065105622, 0.6782036080332174421, 0.7071067811864987229 ) ) ;
#873 = CIRCLE ( 'NONE', #241, 0.5000000000002731149 ) ;
#874 = DIRECTION ( 'NONE',  ( -0.4211535777250244861, -0.9069893406040733241, 0.000000000000000000 ) ) ;
#875 = AXIS2_PLACEMENT_3D ( 'NONE', #1093, #1684, #1457 ) ;
#876 = DIRECTION ( 'NONE',  ( 1.000000000000000000, 0.000000000000000000, 0.000000000000000000 ) ) ;
#877 = ORIENTED_EDGE ( 'NONE', *, *, #785, .F. ) ;
#878 = DIRECTION ( 'NONE',  ( -2.955531293105684404E-33, 8.720106199082888138E-34, -1.000000000000000000 ) ) ;
#879 = FILL_AREA_STYLE_COLOUR ( '', #2418 ) ;
#880 = ORIENTED_EDGE ( 'NONE', *, *, #1427, .F. ) ;
#881 = AXIS2_PLACEMENT_3D ( 'NONE', #1574, #2769, #2191 ) ;
#882 = FILL_AREA_STYLE ('',( #1456 ) ) ;
#883 = DIRECTION ( 'NONE',  ( -0.9591247405308759300, 0.2829836251474276976, 2.775557561561498538E-14 ) ) ;
#884 = LINE ( 'NONE', #2074, #932 ) ;
#885 = EDGE_CURVE ( 'NONE', #2526, #2838, #49, .T. ) ;
#886 = ORIENTED_EDGE ( 'NONE', *, *, #1808, .F. ) ;
#887 = AXIS2_PLACEMENT_3D ( 'NONE', #781, #3449, #491 ) ;
#888 = DIRECTION ( 'NONE',  ( -2.817628020665322285E-16, -1.000000000000000000, -0.000000000000000000 ) ) ;
#889 = DIRECTION ( 'NONE',  ( 5.742996519033948731E-17, -2.295498867382641431E-17, 1.000000000000000000 ) ) ;
#890 = CARTESIAN_POINT ( 'NONE',  ( -9.899999999999995026, 9.900000000000016342, 7.200000000000000178 ) ) ;
#891 = VERTEX_POINT ( 'NONE', #2495 ) ;
#892 = DIRECTION ( 'NONE',  ( 0.000000000000000000, 0.000000000000000000, -1.000000000000000000 ) ) ;
#893 = EDGE_CURVE ( 'NONE', #1932, #1425, #3171, .T. ) ;
#894 = DIRECTION ( 'NONE',  ( -1.000000000000000000, 2.817628020665322285E-16, 0.000000000000000000 ) ) ;
#895 = FILL_AREA_STYLE ('',( #3845 ) ) ;
#896 = DIRECTION ( 'NONE',  ( -1.506664770967236337E-17, -5.106583311200849171E-17, -1.000000000000000000 ) ) ;
#897 = ORIENTED_EDGE ( 'NONE', *, *, #333, .T. ) ;
#898 = DIRECTION ( 'NONE',  ( -0.9069893406040743233, 0.4211535777250222656, 2.775557561561504218E-14 ) ) ;
#899 = CIRCLE ( 'NONE', #640, 0.5000000000000004441 ) ;
#900 = PRESENTATION_STYLE_ASSIGNMENT (( #2070 ) ) ;
#901 = EDGE_LOOP ( 'NONE', ( #722, #1367, #245, #428 ) ) ;
#902 = DIRECTION ( 'NONE',  ( 1.000000000000000000, -2.817628020665322285E-16, 0.000000000000000000 ) ) ;
#903 = ORIENTED_EDGE ( 'NONE', *, *, #2056, .T. ) ;
#904 = DIRECTION ( 'NONE',  ( -0.2829836251474255882, -0.9591247405308764851, 0.000000000000000000 ) ) ;
#905 = DIRECTION ( 'NONE',  ( 3.100757185579769905E-16, 1.000000000000000000, 0.000000000000000000 ) ) ;
#906 = ORIENTED_EDGE ( 'NONE', *, *, #1030, .F. ) ;
#907 = DIRECTION ( 'NONE',  ( 0.000000000000000000, -1.000000000000000000, 0.000000000000000000 ) ) ;
#908 = LINE ( 'NONE', #927, #791 ) ;
#909 = EDGE_CURVE ( 'NONE', #72, #2300, #3682, .T. ) ;
#910 = LINE ( 'NONE', #1138, #1227 ) ;
#911 = CARTESIAN_POINT ( 'NONE',  ( -9.900000000000002132, -9.899999999999991473, 5.200000000000001066 ) ) ;
#912 = ORIENTED_EDGE ( 'NONE', *, *, #2811, .T. ) ;
#913 = ADVANCED_FACE ( 'NONE', ( #1900 ), #1077, .T. ) ;
#914 = DIRECTION ( 'NONE',  ( 3.251084422416255068E-32, -9.592116818991199360E-33, -1.000000000000000000 ) ) ;
#915 = VERTEX_POINT ( 'NONE', #1013 ) ;
#916 = PRESENTATION_STYLE_ASSIGNMENT (( #3523 ) ) ;
#917 = CARTESIAN_POINT ( 'NONE',  ( 12.45000000000000284, 12.44999999999999929, 12.20000000000000107 ) ) ;
#918 = EDGE_LOOP ( 'NONE', ( #3745, #967, #1695, #445 ) ) ;
#919 = VECTOR ( 'NONE', #3440, 1000.000000000000000 ) ;
#920 =( NAMED_UNIT ( * ) PLANE_ANGLE_UNIT ( ) SI_UNIT ( $, .RADIAN. ) );
#921 = DIRECTION ( 'NONE',  ( -0.9069893406040743233, 0.4211535777250222656, 2.775557561561504218E-14 ) ) ;
#922 = LINE ( 'NONE', #1251, #2004 ) ;
#923 = EDGE_LOOP ( 'NONE', ( #2657, #1095, #2388, #855 ) ) ;
#924 =( LENGTH_UNIT ( ) NAMED_UNIT ( * ) SI_UNIT ( .MILLI., .METRE. ) );
#925 = PRESENTATION_LAYER_ASSIGNMENT (  '', '', ( #2793 ) ) ;
#926 = AXIS2_PLACEMENT_3D ( 'NONE', #3326, #2724, #39 ) ;
#927 = CARTESIAN_POINT ( 'NONE',  ( -10.37956237026569539, 10.04149181257380619, 7.200000000000000178 ) ) ;
#928 = AXIS2_PLACEMENT_3D ( 'NONE', #567, #2701, #622 ) ;
#929 =( GEOMETRIC_REPRESENTATION_CONTEXT ( 3 ) GLOBAL_UNCERTAINTY_ASSIGNED_CONTEXT ( ( #758 ) ) GLOBAL_UNIT_ASSIGNED_CONTEXT ( ( #1558, #2132, #2405 ) ) REPRESENTATION_CONTEXT ( 'NONE', 'WORKASPACE' ) );
#930 = CARTESIAN_POINT ( 'NONE',  ( 9.599999999999795364, -9.899999999999979039, 7.200000000000000178 ) ) ;
#931 = ORIENTED_EDGE ( 'NONE', *, *, #966, .F. ) ;
#932 = VECTOR ( 'NONE', #3457, 1000.000000000000000 ) ;
#933 = EDGE_CURVE ( 'NONE', #1469, #3497, #2302, .T. ) ;
#934 = AXIS2_PLACEMENT_3D ( 'NONE', #537, #2073, #1111 ) ;
#935 = DIRECTION ( 'NONE',  ( 5.742996519033948731E-17, -2.295498867382641431E-17, 1.000000000000000000 ) ) ;
#936 = AXIS2_PLACEMENT_3D ( 'NONE', #243, #914, #1800 ) ;
#937 = DIRECTION ( 'NONE',  ( -5.742996519033948731E-17, 2.295498867382626331E-17, -1.000000000000000000 ) ) ;
#938 = VERTEX_POINT ( 'NONE', #127 ) ;
#939 = LINE ( 'NONE', #12, #1105 ) ;
#940 = CARTESIAN_POINT ( 'NONE',  ( -9.758508187426244262, 10.37956237026565631, -3.499999999999999556 ) ) ;
#941 = CIRCLE ( 'NONE', #3615, 0.5000000000000004441 ) ;
#942 = FACE_OUTER_BOUND ( 'NONE', #2967, .T. ) ;
#943 = CARTESIAN_POINT ( 'NONE',  ( 9.900000000000103384, 9.900000000000000355, 7.200000000000000178 ) ) ;
#944 = VECTOR ( 'NONE', #2878, 1000.000000000000000 ) ;
#945 = ORIENTED_EDGE ( 'NONE', *, *, #2394, .F. ) ;
#946 = CARTESIAN_POINT ( 'NONE',  ( -11.94999999999999929, 7.806255641895631925E-15, 12.20000000000000107 ) ) ;
#947 = FACE_OUTER_BOUND ( 'NONE', #1920, .T. ) ;
#948 = DIRECTION ( 'NONE',  ( 2.577111568625479741E-14, -1.030638640684856979E-14, 1.000000000000000000 ) ) ;
#949 = DIRECTION ( 'NONE',  ( 1.000000000000000000, 0.000000000000000000, 0.000000000000000000 ) ) ;
#950 = ORIENTED_EDGE ( 'NONE', *, *, #2634, .F. ) ;
#951 = DIRECTION ( 'NONE',  ( 1.000000000000000000, 0.000000000000000000, 0.000000000000000000 ) ) ;
#952 = ORIENTED_EDGE ( 'NONE', *, *, #2099, .T. ) ;
#953 = PRESENTATION_LAYER_ASSIGNMENT (  '', '', ( #440 ) ) ;
#954 = EDGE_CURVE ( 'NONE', #63, #3683, #673, .T. ) ;
#955 = FACE_OUTER_BOUND ( 'NONE', #2682, .T. ) ;
#956 = AXIS2_PLACEMENT_3D ( 'NONE', #317, #2646, #2080 ) ;
#957 = ORIENTED_EDGE ( 'NONE', *, *, #1651, .F. ) ;
#958 = ADVANCED_FACE ( 'NONE', ( #1172 ), #1459, .T. ) ;
#959 = CYLINDRICAL_SURFACE ( 'NONE', #3040, 0.5000000000000004441 ) ;
#960 =( NAMED_UNIT ( * ) PLANE_ANGLE_UNIT ( ) SI_UNIT ( $, .RADIAN. ) );
#961 = ORIENTED_EDGE ( 'NONE', *, *, #3116, .F. ) ;
#962 = DIRECTION ( 'NONE',  ( 0.000000000000000000, 0.000000000000000000, 1.000000000000000000 ) ) ;
#963 = CARTESIAN_POINT ( 'NONE',  ( 9.900000000000096279, -9.899999999999998579, 7.000000000000000000 ) ) ;
#964 =( LENGTH_UNIT ( ) NAMED_UNIT ( * ) SI_UNIT ( .MILLI., .METRE. ) );
#965 = LINE ( 'NONE', #2745, #2476 ) ;
#966 = EDGE_CURVE ( 'NONE', #3111, #1886, #3527, .T. ) ;
#967 = ORIENTED_EDGE ( 'NONE', *, *, #2242, .T. ) ;
#968 = FACE_OUTER_BOUND ( 'NONE', #3590, .T. ) ;
#969 = CARTESIAN_POINT ( 'NONE',  ( -9.714423127760396071, 0.4642857142859216912, 2.199999999999949996 ) ) ;
#970 = SURFACE_SIDE_STYLE ('',( #374 ) ) ;
#971 = EDGE_LOOP ( 'NONE', ( #2699, #152, #1754, #1539 ) ) ;
#972 = ADVANCED_FACE ( 'NONE', ( #3777 ), #842, .T. ) ;
#973 = PLANE ( 'NONE',  #3469 ) ;
#974 = CIRCLE ( 'NONE', #2777, 0.5000000000000004441 ) ;
#975 = FACE_OUTER_BOUND ( 'NONE', #3441, .T. ) ;
#976 = SURFACE_SIDE_STYLE ('',( #1538 ) ) ;
#977 = EDGE_LOOP ( 'NONE', ( #1907, #2339, #1634, #2250 ) ) ;
#978 = DIRECTION ( 'NONE',  ( 1.000000000000000000, 0.000000000000000000, 0.000000000000000000 ) ) ;
#979 = DIRECTION ( 'NONE',  ( 1.000000000000000000, 0.000000000000000000, 0.000000000000000000 ) ) ;
#980 = FILL_AREA_STYLE_COLOUR ( '', #3348 ) ;
#981 = DIRECTION ( 'NONE',  ( -3.100757185579769905E-16, -1.000000000000000000, -0.000000000000000000 ) ) ;
#982 = EDGE_LOOP ( 'NONE', ( #3625, #2823 ) ) ;
#983 = AXIS2_PLACEMENT_3D ( 'NONE', #2998, #3308, #1255 ) ;
#984 = AXIS2_PLACEMENT_3D ( 'NONE', #2499, #2537, #131 ) ;
#985 = VECTOR ( 'NONE', #1175, 1000.000000000000114 ) ;
#986 = CYLINDRICAL_SURFACE ( 'NONE', #54, 0.5000000000002233769 ) ;
#987 = CIRCLE ( 'NONE', #3470, 0.5000000000002218226 ) ;
#988 = FACE_OUTER_BOUND ( 'NONE', #2746, .T. ) ;
#989 = AXIS2_PLACEMENT_3D ( 'NONE', #3096, #415, #2807 ) ;
#990 = AXIS2_PLACEMENT_3D ( 'NONE', #3606, #3571, #1198 ) ;
#991 = CIRCLE ( 'NONE', #738, 0.7500000000001949552 ) ;
#992 = DIRECTION ( 'NONE',  ( 0.000000000000000000, 0.000000000000000000, 1.000000000000000000 ) ) ;
#993 = AXIS2_PLACEMENT_3D ( 'NONE', #2081, #1139, #554 ) ;
#994 = ORIENTED_EDGE ( 'NONE', *, *, #812, .T. ) ;
#995 = CARTESIAN_POINT ( 'NONE',  ( 9.899999999999991473, -9.899999999999998579, 0.000000000000000000 ) ) ;
#996 = DIRECTION ( 'NONE',  ( 1.707404996040166237E-16, 1.000000000000000000, 0.000000000000000000 ) ) ;
#997 = SURFACE_SIDE_STYLE ('',( #2460 ) ) ;
#998 = VERTEX_POINT ( 'NONE', #1762 ) ;
#999 = CIRCLE ( 'NONE', #1494, 0.7500000000001949552 ) ;
#1000 = DIRECTION ( 'NONE',  ( -0.2829836251474255882, -0.9591247405308764851, 0.000000000000000000 ) ) ;
#1001 = CARTESIAN_POINT ( 'NONE',  ( 9.899999999999991473, -10.65000000000020108, 5.200000000000001066 ) ) ;
#1002 = FACE_OUTER_BOUND ( 'NONE', #1039, .T. ) ;
#1003 = ADVANCED_FACE ( 'NONE', ( #2051, #2926 ), #2616, .F. ) ;
#1004 = EDGE_LOOP ( 'NONE', ( #3703, #2888, #358 ) ) ;
#1005 = VECTOR ( 'NONE', #3203, 1000.000000000000000 ) ;
#1006 = DIRECTION ( 'NONE',  ( 2.663612590832304811E-14, -7.803307572648679205E-15, 1.000000000000000000 ) ) ;
#1007 = DIRECTION ( 'NONE',  ( 1.510440673542344716E-16, -7.013615983403762389E-17, -1.000000000000000000 ) ) ;
#1008 = ORIENTED_EDGE ( 'NONE', *, *, #1376, .T. ) ;
#1009 = ORIENTED_EDGE ( 'NONE', *, *, #862, .F. ) ;
#1010 = DIRECTION ( 'NONE',  ( -1.000000000000000000, 3.100757185579769905E-16, 0.000000000000000000 ) ) ;
#1011 = AXIS2_PLACEMENT_3D ( 'NONE', #3128, #1677, #3109 ) ;
#1012 = DIRECTION ( 'NONE',  ( 0.000000000000000000, 0.000000000000000000, 1.000000000000000000 ) ) ;
#1013 = CARTESIAN_POINT ( 'NONE',  ( 11.94999999999999574, -12.45000000000000995, 0.5000000000000000000 ) ) ;
#1014 = ORIENTED_EDGE ( 'NONE', *, *, #2292, .F. ) ;
#1015 = CARTESIAN_POINT ( 'NONE',  ( -12.19999999999999574, 12.70000000000000639, 12.20000000000000107 ) ) ;
#1016 = DIRECTION ( 'NONE',  ( -2.817628020665322285E-16, -1.000000000000000000, -0.000000000000000000 ) ) ;
#1017 = FACE_OUTER_BOUND ( 'NONE', #250, .T. ) ;
#1018 = DIRECTION ( 'NONE',  ( -1.000000000000000000, 5.971819714150072316E-17, -0.000000000000000000 ) ) ;
#1019 = ORIENTED_EDGE ( 'NONE', *, *, #1636, .T. ) ;
#1020 = ORIENTED_EDGE ( 'NONE', *, *, #1399, .T. ) ;
#1021 = EDGE_CURVE ( 'NONE', #41, #190, #2890, .T. ) ;
#1022 = SURFACE_STYLE_USAGE ( .BOTH. , #2505 ) ;
#1023 = DIRECTION ( 'NONE',  ( 2.516871016324534564E-14, -1.170077625225412652E-14, 1.000000000000000000 ) ) ;
#1024 = ADVANCED_FACE ( 'NONE', ( #1685 ), #1395, .T. ) ;
#1025 = ORIENTED_EDGE ( 'NONE', *, *, #160, .F. ) ;
#1026 = DIRECTION ( 'NONE',  ( 1.000000000000000000, 0.000000000000000000, 0.000000000000000000 ) ) ;
#1027 = CYLINDRICAL_SURFACE ( 'NONE', #1283, 0.5000000000000004441 ) ;
#1028 = ORIENTED_EDGE ( 'NONE', *, *, #2577, .F. ) ;
#1029 =( LENGTH_UNIT ( ) NAMED_UNIT ( * ) SI_UNIT ( .MILLI., .METRE. ) );
#1030 = EDGE_CURVE ( 'NONE', #3843, #582, #3551, .T. ) ;
#1031 = DIRECTION ( 'NONE',  ( 0.000000000000000000, 0.000000000000000000, 1.000000000000000000 ) ) ;
#1032 = FACE_BOUND ( 'NONE', #666, .T. ) ;
#1033 = ORIENTED_EDGE ( 'NONE', *, *, #3377, .F. ) ;
#1034 = DIRECTION ( 'NONE',  ( -5.742996519033948731E-17, 2.295498867382636192E-17, -1.000000000000000000 ) ) ;
#1035 = UNCERTAINTY_MEASURE_WITH_UNIT (LENGTH_MEASURE( 1.000000000000000082E-05 ), #2948, 'distance_accuracy_value', 'NONE');
#1036 = AXIS2_PLACEMENT_3D ( 'NONE', #2356, #1692, #2665 ) ;
#1037 = PRESENTATION_STYLE_ASSIGNMENT (( #3701 ) ) ;
#1038 = VECTOR ( 'NONE', #60, 1000.000000000000000 ) ;
#1039 = EDGE_LOOP ( 'NONE', ( #1213, #2229 ) ) ;
#1040 = ORIENTED_EDGE ( 'NONE', *, *, #793, .T. ) ;
#1041 = AXIS2_PLACEMENT_3D ( 'NONE', #1599, #992, #2441 ) ;
#1042 = CYLINDRICAL_SURFACE ( 'NONE', #3770, 0.5000000000000004441 ) ;
#1043 = DIRECTION ( 'NONE',  ( 0.000000000000000000, 0.000000000000000000, 1.000000000000000000 ) ) ;
#1044 = CARTESIAN_POINT ( 'NONE',  ( -9.984895087544295222, 9.612262577840567701, -3.499999999999999556 ) ) ;
#1045 = EDGE_CURVE ( 'NONE', #72, #1555, #1660, .T. ) ;
#1046 = ORIENTED_EDGE ( 'NONE', *, *, #3501, .F. ) ;
#1047 = AXIS2_PLACEMENT_3D ( 'NONE', #365, #948, #2173 ) ;
#1048 = DIRECTION ( 'NONE',  ( 0.000000000000000000, 0.000000000000000000, -1.000000000000000000 ) ) ;
#1049 = CARTESIAN_POINT ( 'NONE',  ( -12.70000000000000284, -12.20000000000000284, 0.000000000000000000 ) ) ;
#1050 = CIRCLE ( 'NONE', #3658, 0.7500000000001958433 ) ;
#1051 = ORIENTED_EDGE ( 'NONE', *, *, #3274, .F. ) ;
#1052 = CIRCLE ( 'NONE', #2854, 0.3000000000002479017 ) ;
#1053 = COLOUR_RGB ( '',1.000000000000000000, 1.000000000000000000, 1.000000000000000000 ) ;
#1054 = CIRCLE ( 'NONE', #936, 0.5000000000002233769 ) ;
#1055 = DIRECTION ( 'NONE',  ( -1.000000000000000000, 1.707404996040166237E-16, -0.000000000000000000 ) ) ;
#1056 = FACE_OUTER_BOUND ( 'NONE', #1114, .T. ) ;
#1057 = VERTEX_POINT ( 'NONE', #1700 ) ;
#1058 = CARTESIAN_POINT ( 'NONE',  ( -9.815104912455696606, 10.18773742215944722, -3.499999999999999556 ) ) ;
#1059 = DIRECTION ( 'NONE',  ( 0.2624453295839306310, 0.6565991539589828285, 0.7071067811864980568 ) ) ;
#1060 = DIRECTION ( 'NONE',  ( 2.854563732286625217E-14, -4.588431443798437864E-15, 1.000000000000000000 ) ) ;
#1061 = VECTOR ( 'NONE', #847, 1000.000000000000000 ) ;
#1062 = SURFACE_SIDE_STYLE ('',( #1953 ) ) ;
#1063 = EDGE_LOOP ( 'NONE', ( #3568, #1954, #1697, #645 ) ) ;
#1064 = ORIENTED_EDGE ( 'NONE', *, *, #2283, .T. ) ;
#1065 = CONICAL_SURFACE ( 'NONE', #3306, 0.3000000000002445155, 0.7853981633975168908 ) ;
#1066 = DIRECTION ( 'NONE',  ( 0.000000000000000000, 0.000000000000000000, 1.000000000000000000 ) ) ;
#1067 = DIRECTION ( 'NONE',  ( -0.6413383132051179158, 0.2978005507303685961, -0.7071067811864790720 ) ) ;
#1068 = DIRECTION ( 'NONE',  ( 2.775557561562890089E-14, -3.457101876425393982E-30, 1.000000000000000000 ) ) ;
#1069 = ORIENTED_EDGE ( 'NONE', *, *, #3761, .F. ) ;
#1070 = STYLED_ITEM ( 'NONE', ( #1690 ), #541 ) ;
#1071 = CARTESIAN_POINT ( 'NONE',  ( 9.349999999999997868, -9.899999999999998579, 0.000000000000000000 ) ) ;
#1072 = EDGE_CURVE ( 'NONE', #1955, #1763, #3660, .T. ) ;
#1073 = EDGE_LOOP ( 'NONE', ( #2489, #2510, #1019, #2285 ) ) ;
#1074 = EDGE_CURVE ( 'NONE', #2772, #809, #2737, .T. ) ;
#1075 = LINE ( 'NONE', #2785, #356 ) ;
#1076 = UNCERTAINTY_MEASURE_WITH_UNIT (LENGTH_MEASURE( 1.000000000000000082E-05 ), #3373, 'distance_accuracy_value', 'NONE');
#1077 = CYLINDRICAL_SURFACE ( 'NONE', #103, 0.7500000000001952882 ) ;
#1078 = EDGE_CURVE ( 'NONE', #134, #3629, #1151, .T. ) ;
#1079 = ORIENTED_EDGE ( 'NONE', *, *, #1926, .T. ) ;
#1080 = DIRECTION ( 'NONE',  ( -2.854563732286625217E-14, 4.588431443798437864E-15, -1.000000000000000000 ) ) ;
#1081 = EDGE_CURVE ( 'NONE', #360, #1215, #171, .T. ) ;
#1082 = AXIS2_PLACEMENT_3D ( 'NONE', #1192, #3567, #3069 ) ;
#1083 = DIRECTION ( 'NONE',  ( 0.000000000000000000, 0.000000000000000000, 1.000000000000000000 ) ) ;
#1084 = ORIENTED_EDGE ( 'NONE', *, *, #71, .F. ) ;
#1085 = UNCERTAINTY_MEASURE_WITH_UNIT (LENGTH_MEASURE( 1.000000000000000082E-05 ), #3402, 'distance_accuracy_value', 'NONE');
#1086 = EDGE_LOOP ( 'NONE', ( #2554, #2629 ) ) ;
#1087 = FILL_AREA_STYLE ('',( #2569 ) ) ;
#1088 = LINE ( 'NONE', #2524, #1187 ) ;
#1089 = ORIENTED_EDGE ( 'NONE', *, *, #1496, .F. ) ;
#1090 = FACE_OUTER_BOUND ( 'NONE', #1910, .T. ) ;
#1091 =( NAMED_UNIT ( * ) SI_UNIT ( $, .STERADIAN. ) SOLID_ANGLE_UNIT ( ) );
#1092 = ORIENTED_EDGE ( 'NONE', *, *, #2679, .T. ) ;
#1093 = CARTESIAN_POINT ( 'NONE',  ( 0.000000000000000000, 4.336808689942017736E-15, 12.20000000000000107 ) ) ;
#1094 = DIRECTION ( 'NONE',  ( -0.1585527532634905812, -0.9873505073845694202, 0.000000000000000000 ) ) ;
#1095 = ORIENTED_EDGE ( 'NONE', *, *, #1142, .T. ) ;
#1096 = CYLINDRICAL_SURFACE ( 'NONE', #2047, 0.5000000000000004441 ) ;
#1097 = ORIENTED_EDGE ( 'NONE', *, *, #2863, .T. ) ;
#1098 = CIRCLE ( 'NONE', #3648, 0.5000000000000004441 ) ;
#1099 = CARTESIAN_POINT ( 'NONE',  ( 9.406324746307502593, 9.979276376631791123, 7.000000000000000000 ) ) ;
#1100 = EDGE_CURVE ( 'NONE', #3548, #128, #2962, .T. ) ;
#1101 = STYLED_ITEM ( 'NONE', ( #3078 ), #1935 ) ;
#1102 = SURFACE_STYLE_USAGE ( .BOTH. , #3418 ) ;
#1103 = DIRECTION ( 'NONE',  ( -5.551115123125779004E-17, 2.775557561562886421E-17, -1.000000000000000000 ) ) ;
#1104 = ORIENTED_EDGE ( 'NONE', *, *, #2679, .F. ) ;
#1105 = VECTOR ( 'NONE', #902, 1000.000000000000000 ) ;
#1106 = LINE ( 'NONE', #3180, #3850 ) ;
#1107 = DIRECTION ( 'NONE',  ( -2.663612590833484631E-14, 7.803307572652148615E-15, -1.000000000000000000 ) ) ;
#1108 = ORIENTED_EDGE ( 'NONE', *, *, #3360, .T. ) ;
#1109 = VECTOR ( 'NONE', #1103, 1000.000000000000000 ) ;
#1110 = VECTOR ( 'NONE', #2953, 1000.000000000000227 ) ;
#1111 = DIRECTION ( 'NONE',  ( -1.000000000000000000, 0.000000000000000000, 0.000000000000000000 ) ) ;
#1112 = DIRECTION ( 'NONE',  ( -1.563451298009324599E-16, 5.871987991305593450E-17, 1.000000000000000000 ) ) ;
#1113 = AXIS2_PLACEMENT_3D ( 'NONE', #2596, #249, #825 ) ;
#1114 = EDGE_LOOP ( 'NONE', ( #2087, #224, #115, #3468 ) ) ;
#1115 = CYLINDRICAL_SURFACE ( 'NONE', #566, 0.7500000000001949552 ) ;
#1116 = AXIS2_PLACEMENT_3D ( 'NONE', #192, #388, #1379 ) ;
#1117 =( NAMED_UNIT ( * ) PLANE_ANGLE_UNIT ( ) SI_UNIT ( $, .RADIAN. ) );
#1118 = CARTESIAN_POINT ( 'NONE',  ( 9.899999999999991473, -9.399999999999776534, -3.499999999999999556 ) ) ;
#1119 = ORIENTED_EDGE ( 'NONE', *, *, #2751, .F. ) ;
#1120 = AXIS2_PLACEMENT_3D ( 'NONE', #1387, #3560, #1997 ) ;
#1121 = EDGE_CURVE ( 'NONE', #3210, #2045, #884, .T. ) ;
#1122 = DIRECTION ( 'NONE',  ( -1.000000000000000000, 2.817628020665322285E-16, 0.000000000000000000 ) ) ;
#1123 = CARTESIAN_POINT ( 'NONE',  ( -9.446505329697652442, -10.11057678886263389, 7.000000000000000000 ) ) ;
#1124 = ORIENTED_EDGE ( 'NONE', *, *, #3620, .F. ) ;
#1125 = EDGE_CURVE ( 'NONE', #3749, #2266, #1983, .T. ) ;
#1126 = AXIS2_PLACEMENT_3D ( 'NONE', #3371, #148, #718 ) ;
#1127 = DIRECTION ( 'NONE',  ( 1.921095340518694818E-31, -5.668069029403945456E-32, -1.000000000000000000 ) ) ;
#1128 = VECTOR ( 'NONE', #195, 1000.000000000000000 ) ;
#1129 = ORIENTED_EDGE ( 'NONE', *, *, #1277, .T. ) ;
#1130 = DIRECTION ( 'NONE',  ( 2.582854565145809617E-14, -1.032934139552758828E-14, 1.000000000000000000 ) ) ;
#1131 = DIRECTION ( 'NONE',  ( -2.817628020665322285E-16, -1.000000000000000000, 5.871987991305588520E-17 ) ) ;
#1132 = EDGE_LOOP ( 'NONE', ( #826, #3085, #274, #3764 ) ) ;
#1133 = DIRECTION ( 'NONE',  ( 1.510440673542349646E-16, -7.013615983403682270E-17, -1.000000000000000000 ) ) ;
#1134 = DIRECTION ( 'NONE',  ( 0.000000000000000000, 0.000000000000000000, -1.000000000000000000 ) ) ;
#1135 = EDGE_LOOP ( 'NONE', ( #524, #2362, #3573 ) ) ;
#1136 = CIRCLE ( 'NONE', #3320, 0.5000000000000004441 ) ;
#1137 = FILL_AREA_STYLE_COLOUR ( '', #3524 ) ;
#1138 = CARTESIAN_POINT ( 'NONE',  ( 10.40000000000029168, -9.899999999999998579, 7.200000000000000178 ) ) ;
#1139 = DIRECTION ( 'NONE',  ( 3.251084422416255068E-32, -9.592116818991199360E-33, -1.000000000000000000 ) ) ;
#1140 = PRESENTATION_LAYER_ASSIGNMENT (  '', '', ( #2141 ) ) ;
#1141 = VERTEX_POINT ( 'NONE', #2005 ) ;
#1142 = EDGE_CURVE ( 'NONE', #3497, #891, #1106, .T. ) ;
#1143 = EDGE_CURVE ( 'NONE', #1996, #3115, #1052, .T. ) ;
#1144 = DIRECTION ( 'NONE',  ( 0.000000000000000000, 0.000000000000000000, 1.000000000000000000 ) ) ;
#1145 =( NAMED_UNIT ( * ) PLANE_ANGLE_UNIT ( ) SI_UNIT ( $, .RADIAN. ) );
#1146 = ADVANCED_FACE ( 'NONE', ( #1090 ), #753, .F. ) ;
#1147 = ORIENTED_EDGE ( 'NONE', *, *, #1636, .F. ) ;
#1148 = FILL_AREA_STYLE_COLOUR ( '', #2220 ) ;
#1149 = DIRECTION ( 'NONE',  ( 2.582854565145809617E-14, -1.032934139552758828E-14, 1.000000000000000000 ) ) ;
#1150 = UNCERTAINTY_MEASURE_WITH_UNIT (LENGTH_MEASURE( 1.000000000000000082E-05 ), #2233, 'distance_accuracy_value', 'NONE');
#1151 = LINE ( 'NONE', #228, #1848 ) ;
#1152 = ORIENTED_EDGE ( 'NONE', *, *, #2364, .F. ) ;
#1153 = CARTESIAN_POINT ( 'NONE',  ( -9.714423127760396071, 0.4642857142859216912, -3.499999999999999556 ) ) ;
#1154 = FACE_OUTER_BOUND ( 'NONE', #641, .T. ) ;
#1155 = DIRECTION ( 'NONE',  ( -0.4211535777250208779, -0.9069893406040751005, 0.000000000000000000 ) ) ;
#1156 = LINE ( 'NONE', #3558, #1497 ) ;
#1157 = ORIENTED_EDGE ( 'NONE', *, *, #3839, .T. ) ;
#1158 = FILL_AREA_STYLE ('',( #3471 ) ) ;
#1159 = CARTESIAN_POINT ( 'NONE',  ( 9.899999999999991473, -9.899999999999998579, 2.199999999999999734 ) ) ;
#1160 = PRESENTATION_STYLE_ASSIGNMENT (( #3824 ) ) ;
#1161 = EDGE_LOOP ( 'NONE', ( #612, #2022 ) ) ;
#1162 = CARTESIAN_POINT ( 'NONE',  ( 9.899999999999991473, -9.899999999999998579, -3.299999999999999822 ) ) ;
#1163 = EDGE_CURVE ( 'NONE', #2814, #3736, #1794, .T. ) ;
#1164 = CARTESIAN_POINT ( 'NONE',  ( 9.899999999999998579, 9.900000000000000355, 0.000000000000000000 ) ) ;
#1165 = AXIS2_PLACEMENT_3D ( 'NONE', #1269, #1544, #316 ) ;
#1166 = ORIENTED_EDGE ( 'NONE', *, *, #669, .F. ) ;
#1167 =( GEOMETRIC_REPRESENTATION_CONTEXT ( 3 ) GLOBAL_UNCERTAINTY_ASSIGNED_CONTEXT ( ( #3526 ) ) GLOBAL_UNIT_ASSIGNED_CONTEXT ( ( #3773, #3113, #1091 ) ) REPRESENTATION_CONTEXT ( 'NONE', 'WORKASPACE' ) );
#1168 = EDGE_CURVE ( 'NONE', #3497, #1469, #3237, .T. ) ;
#1169 = DIRECTION ( 'NONE',  ( -0.9285714285714289362, 0.3711537444790447005, 2.775557561561369796E-14 ) ) ;
#1170 = CIRCLE ( 'NONE', #3347, 0.5000000000002706724 ) ;
#1171 =( GEOMETRIC_REPRESENTATION_CONTEXT ( 3 ) GLOBAL_UNCERTAINTY_ASSIGNED_CONTEXT ( ( #2248 ) ) GLOBAL_UNIT_ASSIGNED_CONTEXT ( ( #2332, #1117, #3840 ) ) REPRESENTATION_CONTEXT ( 'NONE', 'WORKASPACE' ) );
#1172 = FACE_OUTER_BOUND ( 'NONE', #375, .T. ) ;
#1173 = VERTEX_POINT ( 'NONE', #1960 ) ;
#1174 = LINE ( 'NONE', #2347, #65 ) ;
#1175 = DIRECTION ( 'NONE',  ( 0.6981622391796368232, -0.1121137270084147791, -0.7071067811865179298 ) ) ;
#1176 =( GEOMETRIC_REPRESENTATION_CONTEXT ( 3 ) GLOBAL_UNCERTAINTY_ASSIGNED_CONTEXT ( ( #3451 ) ) GLOBAL_UNIT_ASSIGNED_CONTEXT ( ( #1029, #736, #3043 ) ) REPRESENTATION_CONTEXT ( 'NONE', 'WORKASPACE' ) );
#1177 = AXIS2_PLACEMENT_3D ( 'NONE', #3279, #1503, #1250 ) ;
#1178 = COLOUR_RGB ( '',1.000000000000000000, 1.000000000000000000, 1.000000000000000000 ) ;
#1179 = DIRECTION ( 'NONE',  ( 1.000000000000000000, 0.000000000000000000, 0.000000000000000000 ) ) ;
#1180 = PRODUCT_DEFINITION_SHAPE ( 'NONE', 'NONE',  #3509 ) ;
#1181 = CARTESIAN_POINT ( 'NONE',  ( 11.95000000000000284, 11.95000000000000284, 11.70000000000000107 ) ) ;
#1182 = EDGE_LOOP ( 'NONE', ( #1642, #2342, #408, #2214 ) ) ;
#1183 = PRESENTATION_LAYER_ASSIGNMENT (  '', '', ( #2857 ) ) ;
#1184 = FILL_AREA_STYLE ('',( #2663 ) ) ;
#1185 = CIRCLE ( 'NONE', #616, 0.5000000000002224887 ) ;
#1186 = CARTESIAN_POINT ( 'NONE',  ( 9.406324746307502593, 9.979276376631780465, 5.200000000000001066 ) ) ;
#1187 = VECTOR ( 'NONE', #3735, 1000.000000000000000 ) ;
#1188 =( NAMED_UNIT ( * ) SI_UNIT ( $, .STERADIAN. ) SOLID_ANGLE_UNIT ( ) );
#1189 =( NAMED_UNIT ( * ) SI_UNIT ( $, .STERADIAN. ) SOLID_ANGLE_UNIT ( ) );
#1190 = EDGE_LOOP ( 'NONE', ( #3066, #3023, #2091, #2200 ) ) ;
#1191 = CARTESIAN_POINT ( 'NONE',  ( -9.899999999999995026, 9.900000000000016342, 5.200000000000001066 ) ) ;
#1192 = CARTESIAN_POINT ( 'NONE',  ( 9.899999999999991473, -9.899999999999998579, 2.199999999999999734 ) ) ;
#1193 = CIRCLE ( 'NONE', #1672, 0.5000000000002232659 ) ;
#1194 = EDGE_LOOP ( 'NONE', ( #3015, #1377, #3336, #2334 ) ) ;
#1195 = AXIS2_PLACEMENT_3D ( 'NONE', #845, #1443, #3223 ) ;
#1196 = EDGE_CURVE ( 'NONE', #741, #134, #3153, .T. ) ;
#1197 = SURFACE_STYLE_FILL_AREA ( #1821 ) ;
#1198 = DIRECTION ( 'NONE',  ( -1.000000000000000000, 0.000000000000000000, 0.000000000000000000 ) ) ;
#1199 = ORIENTED_EDGE ( 'NONE', *, *, #1651, .T. ) ;
#1200 = PRESENTATION_LAYER_ASSIGNMENT (  '', '', ( #3678 ) ) ;
#1201 = EDGE_CURVE ( 'NONE', #3786, #511, #1292, .T. ) ;
#1202 = DIRECTION ( 'NONE',  ( 1.000000000000000000, -5.971819714150072316E-17, 0.000000000000000000 ) ) ;
#1203 = EDGE_CURVE ( 'NONE', #1833, #2632, #3853, .T. ) ;
#1204 = DIRECTION ( 'NONE',  ( 0.000000000000000000, 0.000000000000000000, -1.000000000000000000 ) ) ;
#1205 = EDGE_LOOP ( 'NONE', ( #585, #102, #2138, #817 ) ) ;
#1206 = DIRECTION ( 'NONE',  ( 2.775557561561655048E-14, -3.457101876421914558E-30, 1.000000000000000000 ) ) ;
#1207 = LINE ( 'NONE', #2692, #3812 ) ;
#1208 = ORIENTED_EDGE ( 'NONE', *, *, #3005, .T. ) ;
#1209 = CIRCLE ( 'NONE', #2269, 0.5000000000000004441 ) ;
#1210 = CARTESIAN_POINT ( 'NONE',  ( -12.70000000000000284, -12.20000000000000284, 0.000000000000000000 ) ) ;
#1211 = AXIS2_PLACEMENT_3D ( 'NONE', #558, #2940, #1454 ) ;
#1212 = CARTESIAN_POINT ( 'NONE',  ( 12.20000000000000284, 12.70000000000000995, 12.69999999999999929 ) ) ;
#1213 = ORIENTED_EDGE ( 'NONE', *, *, #1374, .T. ) ;
#1214 = DIRECTION ( 'NONE',  ( 0.000000000000000000, 0.000000000000000000, -1.000000000000000000 ) ) ;
#1215 = VERTEX_POINT ( 'NONE', #474 ) ;
#1216 = CYLINDRICAL_SURFACE ( 'NONE', #928, 0.7500000000001949552 ) ;
#1217 = EDGE_CURVE ( 'NONE', #3388, #1886, #873, .T. ) ;
#1218 =( NAMED_UNIT ( * ) SI_UNIT ( $, .STERADIAN. ) SOLID_ANGLE_UNIT ( ) );
#1219 = ORIENTED_EDGE ( 'NONE', *, *, #1895, .F. ) ;
#1220 = DIRECTION ( 'NONE',  ( 0.4211535777250257628, 0.9069893406040727690, 0.000000000000000000 ) ) ;
#1221 = LINE ( 'NONE', #1849, #3221 ) ;
#1222 = FACE_OUTER_BOUND ( 'NONE', #1274, .T. ) ;
#1223 = ORIENTED_EDGE ( 'NONE', *, *, #2935, .F. ) ;
#1224 = CARTESIAN_POINT ( 'NONE',  ( 12.70000000000000284, 12.69999999999999929, 0.000000000000000000 ) ) ;
#1225 = ORIENTED_EDGE ( 'NONE', *, *, #2178, .T. ) ;
#1226 = AXIS2_PLACEMENT_3D ( 'NONE', #1159, #1750, #239 ) ;
#1227 = VECTOR ( 'NONE', #2337, 1000.000000000000000 ) ;
#1228 = AXIS2_PLACEMENT_3D ( 'NONE', #2770, #2151, #1870 ) ;
#1229 = SURFACE_STYLE_USAGE ( .BOTH. , #307 ) ;
#1230 = ORIENTED_EDGE ( 'NONE', *, *, #3667, .T. ) ;
#1231 =( GEOMETRIC_REPRESENTATION_CONTEXT ( 3 ) GLOBAL_UNCERTAINTY_ASSIGNED_CONTEXT ( ( #2050 ) ) GLOBAL_UNIT_ASSIGNED_CONTEXT ( ( #617, #2084, #533 ) ) REPRESENTATION_CONTEXT ( 'NONE', 'WORKASPACE' ) );
#1232 = CARTESIAN_POINT ( 'NONE',  ( -9.899999999999995026, 9.900000000000016342, 2.199999999999999734 ) ) ;
#1233 = SURFACE_STYLE_FILL_AREA ( #2089 ) ;
#1234 = DIRECTION ( 'NONE',  ( -1.000000000000000000, 5.971819714150072316E-17, -0.000000000000000000 ) ) ;
#1235 = VERTEX_POINT ( 'NONE', #3710 ) ;
#1236 = VECTOR ( 'NONE', #1746, 1000.000000000000000 ) ;
#1237 = CYLINDRICAL_SURFACE ( 'NONE', #1165, 0.5000000000002502443 ) ;
#1238 = SPHERICAL_SURFACE ( 'NONE', #2107, 0.5000000000000000000 ) ;
#1239 = AXIS2_PLACEMENT_3D ( 'NONE', #3442, #1031, #3368 ) ;
#1240 = CARTESIAN_POINT ( 'NONE',  ( 12.70000000000000284, 12.69999999999999929, 0.000000000000000000 ) ) ;
#1241 = ORIENTED_EDGE ( 'NONE', *, *, #3352, .F. ) ;
#1242 = AXIS2_PLACEMENT_3D ( 'NONE', #145, #3158, #1667 ) ;
#1243 = EDGE_CURVE ( 'NONE', #287, #1057, #3045, .T. ) ;
#1244 = CARTESIAN_POINT ( 'NONE',  ( -12.19999999999995133, -12.20000000000000284, 12.69999999999999929 ) ) ;
#1245 = AXIS2_PLACEMENT_3D ( 'NONE', #3545, #2609, #3291 ) ;
#1246 = EDGE_CURVE ( 'NONE', #2880, #2085, #1355, .T. ) ;
#1247 = ORIENTED_EDGE ( 'NONE', *, *, #1529, .F. ) ;
#1248 = ORIENTED_EDGE ( 'NONE', *, *, #1504, .F. ) ;
#1249 = EDGE_CURVE ( 'NONE', #709, #2717, #2796, .T. ) ;
#1250 = DIRECTION ( 'NONE',  ( 1.000000000000000000, 0.000000000000000000, -2.891205793292322216E-14 ) ) ;
#1251 = CARTESIAN_POINT ( 'NONE',  ( -12.69999999999999574, 12.70000000000000639, 0.5000000000000000000 ) ) ;
#1252 = ORIENTED_EDGE ( 'NONE', *, *, #1879, .F. ) ;
#1253 = DIRECTION ( 'NONE',  ( 1.000000000000000000, -5.971819714150072316E-17, 0.000000000000000000 ) ) ;
#1254 = SURFACE_STYLE_USAGE ( .BOTH. , #2744 ) ;
#1255 = DIRECTION ( 'NONE',  ( 0.2829836251474292519, 0.9591247405308754859, 0.000000000000000000 ) ) ;
#1256 = ORIENTED_EDGE ( 'NONE', *, *, #909, .F. ) ;
#1257 = LINE ( 'NONE', #1224, #2773 ) ;
#1258 = CARTESIAN_POINT ( 'NONE',  ( -9.584134816706152193, -9.219757994546752045, 2.199999999999999734 ) ) ;
#1259 = EDGE_CURVE ( 'NONE', #843, #2639, #3546, .T. ) ;
#1260 = CIRCLE ( 'NONE', #1082, 0.7500000000001949552 ) ;
#1261 = EDGE_CURVE ( 'NONE', #2166, #3397, #3351, .T. ) ;
#1262 = FACE_OUTER_BOUND ( 'NONE', #1382, .T. ) ;
#1263 = ORIENTED_EDGE ( 'NONE', *, *, #3051, .T. ) ;
#1264 = DIRECTION ( 'NONE',  ( 2.817628020665322285E-16, 1.000000000000000000, 0.000000000000000000 ) ) ;
#1265 = CARTESIAN_POINT ( 'NONE',  ( 12.70000000000000284, 12.19999999999999929, 0.000000000000000000 ) ) ;
#1266 = FILL_AREA_STYLE ('',( #3611 ) ) ;
#1267 = VERTEX_POINT ( 'NONE', #2939 ) ;
#1268 = DIRECTION ( 'NONE',  ( 0.1121137270084182347, 0.6981622391796561411, 0.7071067811864983899 ) ) ;
#1269 = CARTESIAN_POINT ( 'NONE',  ( 9.900000000000096279, -9.899999999999998579, 7.200000000000000178 ) ) ;
#1270 = ORIENTED_EDGE ( 'NONE', *, *, #2751, .T. ) ;
#1271 = FACE_OUTER_BOUND ( 'NONE', #1598, .T. ) ;
#1272 = DIRECTION ( 'NONE',  ( -1.000000000000000000, 2.817628020665322285E-16, 5.742996519033949964E-17 ) ) ;
#1273 = SURFACE_SIDE_STYLE ('',( #1919 ) ) ;
#1274 = EDGE_LOOP ( 'NONE', ( #2727, #547 ) ) ;
#1275 = CARTESIAN_POINT ( 'NONE',  ( 12.69999999999999574, -12.70000000000000995, 0.5000000000000000000 ) ) ;
#1276 = ADVANCED_FACE ( 'NONE', ( #3271 ), #10, .T. ) ;
#1277 = EDGE_CURVE ( 'NONE', #2472, #242, #3499, .T. ) ;
#1278 = PLANE ( 'NONE',  #3100 ) ;
#1279 = CARTESIAN_POINT ( 'NONE',  ( -6.938893903907228378E-15, -11.94999999999999574, 12.20000000000000107 ) ) ;
#1280 = ORIENTED_EDGE ( 'NONE', *, *, #2178, .F. ) ;
#1281 = STYLED_ITEM ( 'NONE', ( #130 ), #1946 ) ;
#1282 = CARTESIAN_POINT ( 'NONE',  ( -9.899999999999995026, 9.900000000000016342, 2.199999999999999734 ) ) ;
#1283 = AXIS2_PLACEMENT_3D ( 'NONE', #653, #2887, #2901 ) ;
#1284 = DIRECTION ( 'NONE',  ( 1.000000000000000000, 0.000000000000000000, 0.000000000000000000 ) ) ;
#1285 = CARTESIAN_POINT ( 'NONE',  ( 273.4774960911689732, -73.70871922112391417, -3.499999999999999556 ) ) ;
#1286 = ORIENTED_EDGE ( 'NONE', *, *, #2453, .T. ) ;
#1287 = EDGE_CURVE ( 'NONE', #2485, #41, #2368, .T. ) ;
#1288 = STYLED_ITEM ( 'NONE', ( #2475 ), #3857 ) ;
#1289 = CARTESIAN_POINT ( 'NONE',  ( 9.852434174021006186, 9.603794847784442368, -3.499999999999999556 ) ) ;
#1290 = COLOUR_RGB ( '',1.000000000000000000, 1.000000000000000000, 1.000000000000000000 ) ;
#1291 = ORIENTED_EDGE ( 'NONE', *, *, #545, .T. ) ;
#1292 = CIRCLE ( 'NONE', #106, 0.7500000000001949552 ) ;
#1293 = ORIENTED_EDGE ( 'NONE', *, *, #1163, .F. ) ;
#1294 = DIRECTION ( 'NONE',  ( -1.000000000000000000, 2.817628020665316368E-16, 0.000000000000000000 ) ) ;
#1295 = DIRECTION ( 'NONE',  ( 0.6782036080331989014, -0.2000996403065051776, -0.7071067811865180408 ) ) ;
#1296 = DIRECTION ( 'NONE',  ( -1.000000000000000000, 0.000000000000000000, 0.000000000000000000 ) ) ;
#1297 = ORIENTED_EDGE ( 'NONE', *, *, #2059, .F. ) ;
#1298 = AXIS2_PLACEMENT_3D ( 'NONE', #418, #2515, #3447 ) ;
#1299 = DIRECTION ( 'NONE',  ( 2.663612590832039753E-14, -7.803307572647879300E-15, 1.000000000000000000 ) ) ;
#1300 = ADVANCED_FACE ( 'NONE', ( #3808 ), #853, .T. ) ;
#1301 = DIRECTION ( 'NONE',  ( 2.774533671083824708E-14, -8.130573131218977974E-15, 1.000000000000000000 ) ) ;
#1302 = COLOUR_RGB ( '',1.000000000000000000, 1.000000000000000000, 1.000000000000000000 ) ;
#1303 = DIRECTION ( 'NONE',  ( 1.000000000000000000, 0.000000000000000000, 0.000000000000000000 ) ) ;
#1304 = CARTESIAN_POINT ( 'NONE',  ( 9.899999999999998579, 9.900000000000000355, -3.499999999999999556 ) ) ;
#1305 = VERTEX_POINT ( 'NONE', #282 ) ;
#1306 = ORIENTED_EDGE ( 'NONE', *, *, #3621, .T. ) ;
#1307 = DIRECTION ( 'NONE',  ( 1.000000000000000000, -5.971819714150072316E-17, 0.000000000000000000 ) ) ;
#1308 = VERTEX_POINT ( 'NONE', #2042 ) ;
#1309 = PRODUCT_RELATED_PRODUCT_CATEGORY ( 'part', '', ( #3813 ) ) ;
#1310 = DIRECTION ( 'NONE',  ( -2.955531293105684404E-33, 8.720106199082888138E-34, -1.000000000000000000 ) ) ;
#1311 = FILL_AREA_STYLE_COLOUR ( '', #398 ) ;
#1312 = ORIENTED_EDGE ( 'NONE', *, *, #954, .T. ) ;
#1313 = DIRECTION ( 'NONE',  ( 1.000000000000000000, 0.000000000000000000, 0.000000000000000000 ) ) ;
#1314 =( GEOMETRIC_REPRESENTATION_CONTEXT ( 3 ) GLOBAL_UNCERTAINTY_ASSIGNED_CONTEXT ( ( #2557 ) ) GLOBAL_UNIT_ASSIGNED_CONTEXT ( ( #1836, #3033, #2142 ) ) REPRESENTATION_CONTEXT ( 'NONE', 'WORKASPACE' ) );
#1315 = FACE_OUTER_BOUND ( 'NONE', #683, .T. ) ;
#1316 = CARTESIAN_POINT ( 'NONE',  ( 9.900000000000103384, 9.900000000000000355, 7.000000000000000000 ) ) ;
#1317 = VERTEX_POINT ( 'NONE', #2023 ) ;
#1318 = CARTESIAN_POINT ( 'NONE',  ( -9.899999999999998579, 1.734723475976807094E-15, -3.300000000000055334 ) ) ;
#1319 = EDGE_CURVE ( 'NONE', #2715, #339, #1185, .T. ) ;
#1320 = CARTESIAN_POINT ( 'NONE',  ( 10.20000000000029239, -9.899999999999998579, 7.200000000000000178 ) ) ;
#1321 = PLANE ( 'NONE',  #887 ) ;
#1322 = ORIENTED_EDGE ( 'NONE', *, *, #3318, .F. ) ;
#1323 = ORIENTED_EDGE ( 'NONE', *, *, #1824, .T. ) ;
#1324 = DIRECTION ( 'NONE',  ( 0.000000000000000000, 0.000000000000000000, 1.000000000000000000 ) ) ;
#1325 = VERTEX_POINT ( 'NONE', #2976 ) ;
#1326 = CARTESIAN_POINT ( 'NONE',  ( 11.94999999999999574, -11.94999999999999929, 11.70000000000000107 ) ) ;
#1327 = FILL_AREA_STYLE_COLOUR ( '', #724 ) ;
#1328 = ORIENTED_EDGE ( 'NONE', *, *, #3036, .F. ) ;
#1329 = DIRECTION ( 'NONE',  ( 0.000000000000000000, 1.000000000000000000, 0.000000000000000000 ) ) ;
#1330 = CARTESIAN_POINT ( 'NONE',  ( 12.69999999999999574, -12.70000000000000995, 12.20000000000000107 ) ) ;
#1331 = VERTEX_POINT ( 'NONE', #3208 ) ;
#1332 = DIRECTION ( 'NONE',  ( -1.000000000000000000, 5.971819714150072316E-17, -0.000000000000000000 ) ) ;
#1333 = VECTOR ( 'NONE', #3127, 1000.000000000000000 ) ;
#1334 = CARTESIAN_POINT ( 'NONE',  ( 12.20000000000000284, 12.69999999999999929, 0.000000000000000000 ) ) ;
#1335 = DIRECTION ( 'NONE',  ( -2.774533671083824708E-14, 8.130573131218977974E-15, -1.000000000000000000 ) ) ;
#1336 = AXIS2_PLACEMENT_3D ( 'NONE', #2708, #2447, #979 ) ;
#1337 = CARTESIAN_POINT ( 'NONE',  ( 12.44999999999999574, -11.94999999999999929, 12.20000000000000107 ) ) ;
#1338 = ORIENTED_EDGE ( 'NONE', *, *, #660, .T. ) ;
#1339 = ORIENTED_EDGE ( 'NONE', *, *, #1347, .F. ) ;
#1340 = VECTOR ( 'NONE', #123, 1000.000000000000000 ) ;
#1341 = FACE_OUTER_BOUND ( 'NONE', #3019, .T. ) ;
#1342 = CARTESIAN_POINT ( 'NONE',  ( 11.94999999999999574, -11.94999999999999929, 12.20000000000000107 ) ) ;
#1343 = CIRCLE ( 'NONE', #165, 0.5000000000002234879 ) ;
#1344 = COLOUR_RGB ( '',1.000000000000000000, 1.000000000000000000, 1.000000000000000000 ) ;
#1345 = FACE_OUTER_BOUND ( 'NONE', #3273, .T. ) ;
#1346 = VERTEX_POINT ( 'NONE', #3796 ) ;
#1347 = EDGE_CURVE ( 'NONE', #511, #3786, #991, .T. ) ;
#1348 = VECTOR ( 'NONE', #323, 1000.000000000000000 ) ;
#1349 = VECTOR ( 'NONE', #456, 1000.000000000000000 ) ;
#1350 = DIRECTION ( 'NONE',  ( -0.1585527532634878611, -0.9873505073845699753, 0.000000000000000000 ) ) ;
#1351 = VECTOR ( 'NONE', #2027, 1000.000000000000000 ) ;
#1352 = DIRECTION ( 'NONE',  ( 1.510440673542344716E-16, -7.013615983403742667E-17, -1.000000000000000000 ) ) ;
#1353 = EDGE_CURVE ( 'NONE', #3724, #3849, #2177, .T. ) ;
#1354 = ORIENTED_EDGE ( 'NONE', *, *, #518, .T. ) ;
#1356 = ADVANCED_FACE ( 'NONE', ( #3583 ), #3826, .T. ) ;
#1355 = CIRCLE ( 'NONE', #2486, 0.5500000000000001554 ) ;
#1357 = VECTOR ( 'NONE', #2860, 1000.000000000000000 ) ;
#1358 = CARTESIAN_POINT ( 'NONE',  ( -12.69999999999995133, -12.70000000000000284, 12.69999999999999929 ) ) ;
#1359 = DIRECTION ( 'NONE',  ( -1.000000000000000000, 2.817628020665322285E-16, 0.000000000000000000 ) ) ;
#1360 = ORIENTED_EDGE ( 'NONE', *, *, #2369, .T. ) ;
#1361 = CARTESIAN_POINT ( 'NONE',  ( 12.45000000000000284, 12.44999999999999929, 11.70000000000000107 ) ) ;
#1362 =( LENGTH_UNIT ( ) NAMED_UNIT ( * ) SI_UNIT ( .MILLI., .METRE. ) );
#1363 = CYLINDRICAL_SURFACE ( 'NONE', #3038, 0.7500000000001960654 ) ;
#1364 = CLOSED_SHELL ( 'NONE', ( #2063, #2829, #3091, #452, #424, #1774, #3219, #1476, #3651, #1276, #3575, #3709, #1711, #2650 ) ) ;
#1365 = CARTESIAN_POINT ( 'NONE',  ( 9.899999999999998579, 9.900000000000000355, 0.000000000000000000 ) ) ;
#1366 = EDGE_LOOP ( 'NONE', ( #723, #18, #2959, #1526 ) ) ;
#1367 = ORIENTED_EDGE ( 'NONE', *, *, #3396, .T. ) ;
#1368 = AXIS2_PLACEMENT_3D ( 'NONE', #292, #1793, #1487 ) ;
#1369 = DIRECTION ( 'NONE',  ( -1.000000000000000000, 4.183552017497453894E-16, 0.000000000000000000 ) ) ;
#1370 = DIRECTION ( 'NONE',  ( 0.000000000000000000, 0.000000000000000000, 1.000000000000000000 ) ) ;
#1371 = DIRECTION ( 'NONE',  ( 0.000000000000000000, 0.000000000000000000, 1.000000000000000000 ) ) ;
#1372 = EDGE_LOOP ( 'NONE', ( #1573, #776, #3463, #880 ) ) ;
#1373 = CARTESIAN_POINT ( 'NONE',  ( -9.899999999999950617, -9.899999999999991473, 7.000000000000000000 ) ) ;
#1374 = EDGE_CURVE ( 'NONE', #284, #998, #2742, .T. ) ;
#1375 = PRESENTATION_STYLE_ASSIGNMENT (( #188 ) ) ;
#1376 = EDGE_CURVE ( 'NONE', #2244, #2025, #488, .T. ) ;
#1377 = ORIENTED_EDGE ( 'NONE', *, *, #1948, .F. ) ;
#1378 = DIRECTION ( 'NONE',  ( 0.9285714285714283811, -0.3711537444790456997, -2.891205793292321585E-14 ) ) ;
#1379 = DIRECTION ( 'NONE',  ( -0.1585527532634878611, -0.9873505073845699753, 0.000000000000000000 ) ) ;
#1380 = UNCERTAINTY_MEASURE_WITH_UNIT (LENGTH_MEASURE( 1.000000000000000082E-05 ), #964, 'distance_accuracy_value', 'NONE');
#1381 = CARTESIAN_POINT ( 'NONE',  ( 9.899999999999998579, 9.900000000000000355, 2.199999999999999734 ) ) ;
#1382 = EDGE_LOOP ( 'NONE', ( #1611, #30, #1648, #3799 ) ) ;
#1383 = SURFACE_STYLE_USAGE ( .BOTH. , #3488 ) ;
#1384 = CYLINDRICAL_SURFACE ( 'NONE', #798, 0.5000000000000004441 ) ;
#1385 = FACE_BOUND ( 'NONE', #3428, .T. ) ;
#1386 = ORIENTED_EDGE ( 'NONE', *, *, #2257, .T. ) ;
#1387 = CARTESIAN_POINT ( 'NONE',  ( 12.44999999999999574, -12.45000000000000995, 12.20000000000000107 ) ) ;
#1388 = LINE ( 'NONE', #1912, #786 ) ;
#1389 = DIRECTION ( 'NONE',  ( -0.9285714285714281591, 0.3711537444790461993, 2.775557561561658204E-14 ) ) ;
#1390 = LINE ( 'NONE', #450, #2783 ) ;
#1391 = ORIENTED_EDGE ( 'NONE', *, *, #2292, .T. ) ;
#1392 = CARTESIAN_POINT ( 'NONE',  ( -9.899999999999998579, 6.938893903907228378E-15, 0.000000000000000000 ) ) ;
#1393 = VERTEX_POINT ( 'NONE', #1471 ) ;
#1394 = CARTESIAN_POINT ( 'NONE',  ( -9.899999999999947065, 1.734723475976807094E-15, 7.000000000000000000 ) ) ;
#1395 = CYLINDRICAL_SURFACE ( 'NONE', #1113, 0.5000000000000004441 ) ;
#1396 = ORIENTED_EDGE ( 'NONE', *, *, #2787, .F. ) ;
#1397 = EDGE_CURVE ( 'NONE', #2398, #11, #2985, .T. ) ;
#1398 = DIRECTION ( 'NONE',  ( 1.000000000000000000, 0.000000000000000000, 0.000000000000000000 ) ) ;
#1399 = EDGE_CURVE ( 'NONE', #2867, #3388, #615, .T. ) ;
#1400 = SURFACE_SIDE_STYLE ('',( #808 ) ) ;
#1401 = VERTEX_POINT ( 'NONE', #532 ) ;
#1402 = CIRCLE ( 'NONE', #1226, 0.5000000000002224887 ) ;
#1403 = COLOUR_RGB ( '',1.000000000000000000, 1.000000000000000000, 1.000000000000000000 ) ;
#1404 = PRESENTATION_STYLE_ASSIGNMENT (( #551 ) ) ;
#1405 = DIRECTION ( 'NONE',  ( 1.000000000000000000, -5.971819714150072316E-17, 0.000000000000000000 ) ) ;
#1406 = CARTESIAN_POINT ( 'NONE',  ( -9.349999999999994316, 9.900000000000005684, 0.000000000000000000 ) ) ;
#1407 = ORIENTED_EDGE ( 'NONE', *, *, #2808, .F. ) ;
#1408 = COLOUR_RGB ( '',0.7921568627450980005, 0.8196078431372548767, 0.9333333333333333481 ) ;
#1409 = CARTESIAN_POINT ( 'NONE',  ( -12.19999999999999574, 12.70000000000000639, 12.69999999999999929 ) ) ;
#1410 = FACE_OUTER_BOUND ( 'NONE', #2125, .T. ) ;
#1411 =( GEOMETRIC_REPRESENTATION_CONTEXT ( 3 ) GLOBAL_UNCERTAINTY_ASSIGNED_CONTEXT ( ( #1640 ) ) GLOBAL_UNIT_ASSIGNED_CONTEXT ( ( #1513, #1145, #3002 ) ) REPRESENTATION_CONTEXT ( 'NONE', 'WORKASPACE' ) );
#1412 = EDGE_LOOP ( 'NONE', ( #3156, #3254, #1480, #1241 ) ) ;
#1413 = CARTESIAN_POINT ( 'NONE',  ( -10.61934355539844610, 10.11223771886067624, 2.200000000000034817 ) ) ;
#1414 = CIRCLE ( 'NONE', #297, 0.5500000000000001554 ) ;
#1415 = CIRCLE ( 'NONE', #1913, 0.5500000000000001554 ) ;
#1416 = CARTESIAN_POINT ( 'NONE',  ( -12.19999999999995133, -12.20000000000000284, 12.20000000000000107 ) ) ;
#1417 = CARTESIAN_POINT ( 'NONE',  ( -12.19999999999999574, 12.20000000000000639, 12.20000000000000107 ) ) ;
#1418 = VECTOR ( 'NONE', #3421, 1000.000000000000000 ) ;
#1419 = VERTEX_POINT ( 'NONE', #1210 ) ;
#1420 = VECTOR ( 'NONE', #1295, 999.9999999999998863 ) ;
#1421 = AXIS2_PLACEMENT_3D ( 'NONE', #320, #1006, #2762 ) ;
#1422 = EDGE_CURVE ( 'NONE', #1425, #1932, #1054, .T. ) ;
#1423 = LINE ( 'NONE', #2620, #2608 ) ;
#1424 = DIRECTION ( 'NONE',  ( 1.000000000000000000, 0.000000000000000000, 0.000000000000000000 ) ) ;
#1425 = VERTEX_POINT ( 'NONE', #1716 ) ;
#1426 = DIRECTION ( 'NONE',  ( -1.000000000000000000, 0.000000000000000000, 0.000000000000000000 ) ) ;
#1427 = EDGE_CURVE ( 'NONE', #1235, #2166, #2920, .T. ) ;
#1428 = CLOSED_SHELL ( 'NONE', ( #3475, #89, #1567, #839, #3556, #1698, #3087, #3289, #3798, #1853, #2343, #1356, #1842, #2873 ) ) ;
#1429 = DIRECTION ( 'NONE',  ( 0.000000000000000000, 0.000000000000000000, -1.000000000000000000 ) ) ;
#1430 = DIRECTION ( 'NONE',  ( 2.516871016324784790E-14, -1.170077625225528773E-14, 1.000000000000000000 ) ) ;
#1431 = EDGE_LOOP ( 'NONE', ( #1064, #1208 ) ) ;
#1432 = CIRCLE ( 'NONE', #818, 0.3000000000001893929 ) ;
#1433 = CARTESIAN_POINT ( 'NONE',  ( -9.899999999999995026, 9.900000000000005684, -3.499999999999999556 ) ) ;
#1434 = CARTESIAN_POINT ( 'NONE',  ( 10.45000000000000107, 9.900000000000000355, 0.5000000000000000000 ) ) ;
#1435 = ORIENTED_EDGE ( 'NONE', *, *, #618, .T. ) ;
#1436 = FACE_OUTER_BOUND ( 'NONE', #1063, .T. ) ;
#1437 = CARTESIAN_POINT ( 'NONE',  ( -10.37956237026569539, 10.04149181257380619, 7.000000000000000000 ) ) ;
#1438 = CARTESIAN_POINT ( 'NONE',  ( -9.899999999999998579, 1.734723475976807094E-15, 2.199999999999949996 ) ) ;
#1439 = CARTESIAN_POINT ( 'NONE',  ( -9.420437629734292884, 9.758508187426237157, 7.200000000000000178 ) ) ;
#1440 = VERTEX_POINT ( 'NONE', #384 ) ;
#1441 = CARTESIAN_POINT ( 'NONE',  ( 12.20000000000000284, 5.637851296924623057E-15, 12.20000000000000107 ) ) ;
#1442 = CARTESIAN_POINT ( 'NONE',  ( 12.69999999999999574, -12.20000000000000995, 0.000000000000000000 ) ) ;
#1443 = DIRECTION ( 'NONE',  ( 0.000000000000000000, 0.000000000000000000, 1.000000000000000000 ) ) ;
#1444 = ORIENTED_EDGE ( 'NONE', *, *, #2474, .T. ) ;
#1445 =( NAMED_UNIT ( * ) SI_UNIT ( $, .STERADIAN. ) SOLID_ANGLE_UNIT ( ) );
#1446 = EDGE_CURVE ( 'NONE', #2632, #2639, #66, .T. ) ;
#1447 = AXIS2_PLACEMENT_3D ( 'NONE', #2468, #2181, #1877 ) ;
#1448 = CARTESIAN_POINT ( 'NONE',  ( -12.19999999999999574, 12.20000000000000639, 12.20000000000000107 ) ) ;
#1449 =( NAMED_UNIT ( * ) PLANE_ANGLE_UNIT ( ) SI_UNIT ( $, .RADIAN. ) );
#1450 = CARTESIAN_POINT ( 'NONE',  ( 12.44999999999999574, -11.94999999999999929, 0.5000000000000000000 ) ) ;
#1451 = ORIENTED_EDGE ( 'NONE', *, *, #574, .T. ) ;
#1452 = ADVANCED_FACE ( 'NONE', ( #1512 ), #3618, .F. ) ;
#1453 = DIRECTION ( 'NONE',  ( 0.000000000000000000, -1.000000000000000000, 0.000000000000000000 ) ) ;
#1454 = DIRECTION ( 'NONE',  ( -0.9873505073845697533, 0.1585527532634882775, 2.775557561561662306E-14 ) ) ;
#1455 = VERTEX_POINT ( 'NONE', #3056 ) ;
#1456 = FILL_AREA_STYLE_COLOUR ( '', #1408 ) ;
#1457 = DIRECTION ( 'NONE',  ( -1.000000000000000000, 2.817628020665322285E-16, 0.000000000000000000 ) ) ;
#1458 = UNCERTAINTY_MEASURE_WITH_UNIT (LENGTH_MEASURE( 1.000000000000000082E-05 ), #3255, 'distance_accuracy_value', 'NONE');
#1459 = SPHERICAL_SURFACE ( 'NONE', #550, 0.5000000000000000000 ) ;
#1460 = EDGE_LOOP ( 'NONE', ( #1247, #1009 ) ) ;
#1461 = FACE_OUTER_BOUND ( 'NONE', #3821, .T. ) ;
#1462 = DIRECTION ( 'NONE',  ( 0.000000000000000000, 0.000000000000000000, 1.000000000000000000 ) ) ;
#1463 = CARTESIAN_POINT ( 'NONE',  ( -10.37956237026564565, 10.04149181257379553, 5.200000000000001066 ) ) ;
#1464 = EDGE_LOOP ( 'NONE', ( #2316, #3224, #2370, #2902 ) ) ;
#1465 = CYLINDRICAL_SURFACE ( 'NONE', #3114, 0.5000000000000004441 ) ;
#1466 = PLANE ( 'NONE',  #655 ) ;
#1467 = FACE_OUTER_BOUND ( 'NONE', #9, .T. ) ;
#1468 = DIRECTION ( 'NONE',  ( -1.000000000000000000, 2.817628020665322285E-16, 2.775557561562890089E-14 ) ) ;
#1469 = VERTEX_POINT ( 'NONE', #2467 ) ;
#1470 = EDGE_CURVE ( 'NONE', #891, #3802, #553, .T. ) ;
#1471 = CARTESIAN_POINT ( 'NONE',  ( -11.95000000000000284, -12.45000000000000284, 0.5000000000000000000 ) ) ;
#1472 = SURFACE_STYLE_FILL_AREA ( #3584 ) ;
#1473 = CIRCLE ( 'NONE', #1336, 0.5000000000000004441 ) ;
#1474 = EDGE_CURVE ( 'NONE', #3548, #652, #3106, .T. ) ;
#1475 = ORIENTED_EDGE ( 'NONE', *, *, #1100, .T. ) ;
#1476 = ADVANCED_FACE ( 'NONE', ( #1876 ), #986, .T. ) ;
#1477 =( GEOMETRIC_REPRESENTATION_CONTEXT ( 3 ) GLOBAL_UNCERTAINTY_ASSIGNED_CONTEXT ( ( #3217 ) ) GLOBAL_UNIT_ASSIGNED_CONTEXT ( ( #2801, #50, #1578 ) ) REPRESENTATION_CONTEXT ( 'NONE', 'WORKASPACE' ) );
#1478 = SURFACE_SIDE_STYLE ('',( #506 ) ) ;
#1479 = AXIS2_PLACEMENT_3D ( 'NONE', #3496, #2281, #833 ) ;
#1480 = ORIENTED_EDGE ( 'NONE', *, *, #1875, .F. ) ;
#1481 = CARTESIAN_POINT ( 'NONE',  ( -9.435714285714096761, -0.1855768722395885195, 5.199999999999939782 ) ) ;
#1482 = ADVANCED_FACE ( 'NONE', ( #2436 ), #2729, .F. ) ;
#1483 = CARTESIAN_POINT ( 'NONE',  ( -12.44999999999999574, 12.45000000000000639, 0.5000000000000000000 ) ) ;
#1484 = SURFACE_SIDE_STYLE ('',( #2017 ) ) ;
#1485 = ORIENTED_EDGE ( 'NONE', *, *, #3385, .T. ) ;
#1486 = AXIS2_PLACEMENT_3D ( 'NONE', #3404, #996, #1585 ) ;
#1487 = DIRECTION ( 'NONE',  ( -0.4211535777250244861, -0.9069893406040733241, 0.000000000000000000 ) ) ;
#1488 = AXIS2_PLACEMENT_3D ( 'NONE', #2180, #2155, #3652 ) ;
#1489 = FACE_OUTER_BOUND ( 'NONE', #3811, .T. ) ;
#1490 = DIRECTION ( 'NONE',  ( 0.000000000000000000, 0.000000000000000000, -1.000000000000000000 ) ) ;
#1491 = ORIENTED_EDGE ( 'NONE', *, *, #756, .T. ) ;
#1492 = DIRECTION ( 'NONE',  ( 3.251084422416255068E-32, -9.592116818991199360E-33, -1.000000000000000000 ) ) ;
#1493 = DIRECTION ( 'NONE',  ( 1.000000000000000000, 0.000000000000000000, 0.000000000000000000 ) ) ;
#1494 = AXIS2_PLACEMENT_3D ( 'NONE', #2393, #3579, #907 ) ;
#1495 = ORIENTED_EDGE ( 'NONE', *, *, #1948, .T. ) ;
#1496 = EDGE_CURVE ( 'NONE', #3145, #3749, #2240, .T. ) ;
#1497 = VECTOR ( 'NONE', #2932, 1000.000000000000000 ) ;
#1498 = EDGE_CURVE ( 'NONE', #1401, #1555, #2749, .T. ) ;
#1499 =( NAMED_UNIT ( * ) SI_UNIT ( $, .STERADIAN. ) SOLID_ANGLE_UNIT ( ) );
#1500 = DIRECTION ( 'NONE',  ( -1.921095340518694818E-31, 5.668069029403945456E-32, 1.000000000000000000 ) ) ;
#1501 = VERTEX_POINT ( 'NONE', #2197 ) ;
#1502 =( NAMED_UNIT ( * ) SI_UNIT ( $, .STERADIAN. ) SOLID_ANGLE_UNIT ( ) );
#1503 = DIRECTION ( 'NONE',  ( -2.891205793292319691E-14, 3.782955574686631991E-30, -1.000000000000000000 ) ) ;
#1504 = EDGE_CURVE ( 'NONE', #2143, #3825, #974, .T. ) ;
#1505 = DIRECTION ( 'NONE',  ( 0.000000000000000000, 0.000000000000000000, -1.000000000000000000 ) ) ;
#1506 = ORIENTED_EDGE ( 'NONE', *, *, #210, .F. ) ;
#1507 = CARTESIAN_POINT ( 'NONE',  ( -9.900000000000002132, -9.899999999999991473, -3.499999999999999556 ) ) ;
#1508 = CYLINDRICAL_SURFACE ( 'NONE', #720, 0.5000000000002224887 ) ;
#1509 = CYLINDRICAL_SURFACE ( 'NONE', #45, 0.5500000000000001554 ) ;
#1510 = CARTESIAN_POINT ( 'NONE',  ( 9.899999999999991473, -9.899999999999998579, 0.5000000000000000000 ) ) ;
#1511 = ORIENTED_EDGE ( 'NONE', *, *, #1397, .T. ) ;
#1512 = FACE_OUTER_BOUND ( 'NONE', #1431, .T. ) ;
#1513 =( LENGTH_UNIT ( ) NAMED_UNIT ( * ) SI_UNIT ( .MILLI., .METRE. ) );
#1514 = EDGE_LOOP ( 'NONE', ( #3220, #2108 ) ) ;
#1515 = SURFACE_STYLE_FILL_AREA ( #1782 ) ;
#1516 = ORIENTED_EDGE ( 'NONE', *, *, #674, .F. ) ;
#1517 = CARTESIAN_POINT ( 'NONE',  ( 9.899999999999998579, -9.149999999999801403, 2.199999999999999734 ) ) ;
#1518 = DIRECTION ( 'NONE',  ( 0.000000000000000000, 0.000000000000000000, 1.000000000000000000 ) ) ;
#1519 = DIRECTION ( 'NONE',  ( 0.000000000000000000, -3.469446951953611033E-15, -1.000000000000000000 ) ) ;
#1520 = ORIENTED_EDGE ( 'NONE', *, *, #618, .F. ) ;
#1521 = EDGE_CURVE ( 'NONE', #194, #55, #1257, .T. ) ;
#1522 = ADVANCED_FACE ( 'NONE', ( #1271 ), #599, .T. ) ;
#1523 = DIRECTION ( 'NONE',  ( 0.000000000000000000, 0.000000000000000000, -1.000000000000000000 ) ) ;
#1524 = DIRECTION ( 'NONE',  ( 1.000000000000000000, 0.000000000000000000, 0.000000000000000000 ) ) ;
#1525 = DIRECTION ( 'NONE',  ( 0.000000000000000000, 0.000000000000000000, 1.000000000000000000 ) ) ;
#1526 = ORIENTED_EDGE ( 'NONE', *, *, #1259, .T. ) ;
#1527 = CARTESIAN_POINT ( 'NONE',  ( -12.20000000000000284, -12.20000000000000284, 0.5000000000000000000 ) ) ;
#1528 = CARTESIAN_POINT ( 'NONE',  ( 12.20000000000000284, 12.70000000000000995, 0.5000000000000000000 ) ) ;
#1529 = EDGE_CURVE ( 'NONE', #124, #3704, #1775, .T. ) ;
#1530 = ORIENTED_EDGE ( 'NONE', *, *, #21, .F. ) ;
#1531 =( GEOMETRIC_REPRESENTATION_CONTEXT ( 3 ) GLOBAL_UNCERTAINTY_ASSIGNED_CONTEXT ( ( #3832 ) ) GLOBAL_UNIT_ASSIGNED_CONTEXT ( ( #2296, #3514, #3249 ) ) REPRESENTATION_CONTEXT ( 'NONE', 'WORKASPACE' ) );
#1532 = VECTOR ( 'NONE', #1624, 1000.000000000000000 ) ;
#1533 =( NAMED_UNIT ( * ) PLANE_ANGLE_UNIT ( ) SI_UNIT ( $, .RADIAN. ) );
#1534 = ORIENTED_EDGE ( 'NONE', *, *, #2341, .T. ) ;
#1535 =( GEOMETRIC_REPRESENTATION_CONTEXT ( 3 ) GLOBAL_UNCERTAINTY_ASSIGNED_CONTEXT ( ( #1722 ) ) GLOBAL_UNIT_ASSIGNED_CONTEXT ( ( #2183, #694, #711 ) ) REPRESENTATION_CONTEXT ( 'NONE', 'WORKASPACE' ) );
#1536 = VECTOR ( 'NONE', #3412, 1000.000000000000000 ) ;
#1537 = DIRECTION ( 'NONE',  ( 2.740378392009104938E-14, -4.405067988288747680E-15, 1.000000000000000000 ) ) ;
#1538 = SURFACE_STYLE_FILL_AREA ( #1266 ) ;
#1539 = ORIENTED_EDGE ( 'NONE', *, *, #1319, .F. ) ;
#1540 = DIRECTION ( 'NONE',  ( 1.000000000000000000, 0.000000000000000000, -2.891205793292322216E-14 ) ) ;
#1541 = STYLED_ITEM ( 'NONE', ( #40 ), #3668 ) ;
#1542 = CONICAL_SURFACE ( 'NONE', #2298, 0.3000000000002453482, 0.7853981633975168908 ) ;
#1543 = ADVANCED_FACE ( 'NONE', ( #3378 ), #2774, .F. ) ;
#1544 = DIRECTION ( 'NONE',  ( 2.775557561561500116E-14, -3.457101876421477352E-30, 1.000000000000000000 ) ) ;
#1545 = FACE_OUTER_BOUND ( 'NONE', #1739, .T. ) ;
#1546 = SPHERICAL_SURFACE ( 'NONE', #406, 0.5000000000000000000 ) ;
#1547 = ORIENTED_EDGE ( 'NONE', *, *, #1701, .T. ) ;
#1548 = AXIS2_PLACEMENT_3D ( 'NONE', #1641, #1925, #3159 ) ;
#1549 = ADVANCED_FACE ( 'NONE', ( #44 ), #2469, .T. ) ;
#1550 = CIRCLE ( 'NONE', #2429, 0.5000000000000004441 ) ;
#1551 = DIRECTION ( 'NONE',  ( -0.1121137270084182347, -0.6981622391796561411, 0.7071067811864983899 ) ) ;
#1552 = AXIS2_PLACEMENT_3D ( 'NONE', #3566, #557, #1736 ) ;
#1553 = DIRECTION ( 'NONE',  ( 0.000000000000000000, 0.000000000000000000, -1.000000000000000000 ) ) ;
#1554 = FILL_AREA_STYLE ('',( #1311 ) ) ;
#1555 = VERTEX_POINT ( 'NONE', #1244 ) ;
#1556 = CONICAL_SURFACE ( 'NONE', #2379, 0.3000000000002479017, 0.7853981633975168908 ) ;
#1557 = DIRECTION ( 'NONE',  ( 1.000000000000000000, 0.000000000000000000, 0.000000000000000000 ) ) ;
#1558 =( LENGTH_UNIT ( ) NAMED_UNIT ( * ) SI_UNIT ( .MILLI., .METRE. ) );
#1559 =( LENGTH_UNIT ( ) NAMED_UNIT ( * ) SI_UNIT ( .MILLI., .METRE. ) );
#1560 = ORIENTED_EDGE ( 'NONE', *, *, #1217, .F. ) ;
#1561 = CARTESIAN_POINT ( 'NONE',  ( -9.899999999999995026, 9.900000000000016342, 5.200000000000001066 ) ) ;
#1562 = PLANE ( 'NONE',  #294 ) ;
#1563 = SURFACE_SIDE_STYLE ('',( #2726 ) ) ;
#1564 = ORIENTED_EDGE ( 'NONE', *, *, #688, .F. ) ;
#1565 = EDGE_CURVE ( 'NONE', #741, #242, #1098, .T. ) ;
#1566 = DIRECTION ( 'NONE',  ( 1.000000000000000000, -2.817628020665327708E-16, 0.000000000000000000 ) ) ;
#1567 = ADVANCED_FACE ( 'NONE', ( #968 ), #3344, .T. ) ;
#1568 = AXIS2_PLACEMENT_3D ( 'NONE', #3379, #707, #2545 ) ;
#1569 = PRESENTATION_STYLE_ASSIGNMENT (( #67 ) ) ;
#1570 = ORIENTED_EDGE ( 'NONE', *, *, #1021, .F. ) ;
#1571 = FACE_BOUND ( 'NONE', #3596, .T. ) ;
#1572 =( NAMED_UNIT ( * ) PLANE_ANGLE_UNIT ( ) SI_UNIT ( $, .RADIAN. ) );
#1573 = ORIENTED_EDGE ( 'NONE', *, *, #2964, .F. ) ;
#1574 = CARTESIAN_POINT ( 'NONE',  ( -9.899999999999950617, -9.899999999999991473, 7.200000000000000178 ) ) ;
#1575 = DIRECTION ( 'NONE',  ( -5.742996519033948731E-17, 2.295498867382636192E-17, -1.000000000000000000 ) ) ;
#1576 = ORIENTED_EDGE ( 'NONE', *, *, #756, .F. ) ;
#1577 = DIRECTION ( 'NONE',  ( 0.000000000000000000, 0.000000000000000000, 1.000000000000000000 ) ) ;
#1578 =( NAMED_UNIT ( * ) SI_UNIT ( $, .STERADIAN. ) SOLID_ANGLE_UNIT ( ) );
#1579 = ADVANCED_FACE ( 'NONE', ( #1341 ), #3705, .T. ) ;
#1580 = AXIS2_PLACEMENT_3D ( 'NONE', #3082, #399, #2835 ) ;
#1581 = VERTEX_POINT ( 'NONE', #2522 ) ;
#1582 = EDGE_CURVE ( 'NONE', #1469, #3802, #3751, .T. ) ;
#1583 = FACE_OUTER_BOUND ( 'NONE', #3361, .T. ) ;
#1584 = AXIS2_PLACEMENT_3D ( 'NONE', #3747, #1301, #2516 ) ;
#1585 = DIRECTION ( 'NONE',  ( 0.000000000000000000, 0.000000000000000000, 1.000000000000000000 ) ) ;
#1586 = ORIENTED_EDGE ( 'NONE', *, *, #364, .T. ) ;
#1587 = STYLED_ITEM ( 'NONE', ( #1375 ), #2102 ) ;
#1588 = DIRECTION ( 'NONE',  ( -1.000000000000000000, 0.000000000000000000, 0.000000000000000000 ) ) ;
#1589 = ADVANCED_FACE ( 'NONE', ( #448 ), #1042, .F. ) ;
#1590 = CARTESIAN_POINT ( 'NONE',  ( -12.19999999999999574, 12.20000000000000639, 0.5000000000000000000 ) ) ;
#1591 = CARTESIAN_POINT ( 'NONE',  ( -9.899999999999998579, 1.734723475976807094E-15, 5.200000000000001066 ) ) ;
#1592 = ORIENTED_EDGE ( 'NONE', *, *, #1246, .F. ) ;
#1593 = FILL_AREA_STYLE_COLOUR ( '', #744 ) ;
#1594 = AXIS2_PLACEMENT_3D ( 'NONE', #1704, #3222, #1462 ) ;
#1595 = CARTESIAN_POINT ( 'NONE',  ( -12.69999999999999574, 12.70000000000000639, 12.69999999999999929 ) ) ;
#1596 = AXIS2_PLACEMENT_3D ( 'NONE', #2905, #3218, #3199 ) ;
#1597 = CARTESIAN_POINT ( 'NONE',  ( -9.899999999999995026, 9.900000000000005684, 0.000000000000000000 ) ) ;
#1598 = EDGE_LOOP ( 'NONE', ( #755, #2851, #2765, #822 ) ) ;
#1599 = CARTESIAN_POINT ( 'NONE',  ( 11.94999999999999574, -11.94999999999999929, 0.5000000000000000000 ) ) ;
#1600 = ORIENTED_EDGE ( 'NONE', *, *, #1217, .T. ) ;
#1601 = VECTOR ( 'NONE', #256, 1000.000000000000000 ) ;
#1602 = FACE_OUTER_BOUND ( 'NONE', #1366, .T. ) ;
#1603 = CARTESIAN_POINT ( 'NONE',  ( 9.979276376631803558, 10.39367525369251055, -3.299999999999999822 ) ) ;
#1604 = EDGE_LOOP ( 'NONE', ( #3452, #952, #164, #2874 ) ) ;
#1605 = CIRCLE ( 'NONE', #1861, 0.7500000000001949552 ) ;
#1606 = CARTESIAN_POINT ( 'NONE',  ( 9.349999999999997868, -9.899999999999998579, 0.5000000000000000000 ) ) ;
#1607 = DIRECTION ( 'NONE',  ( 1.000000000000000000, -2.817628020665320312E-16, 0.000000000000000000 ) ) ;
#1608 = SURFACE_STYLE_FILL_AREA ( #420 ) ;
#1609 =( NAMED_UNIT ( * ) PLANE_ANGLE_UNIT ( ) SI_UNIT ( $, .RADIAN. ) );
#1610 = ORIENTED_EDGE ( 'NONE', *, *, #885, .F. ) ;
#1611 = ORIENTED_EDGE ( 'NONE', *, *, #1243, .F. ) ;
#1612 = FACE_BOUND ( 'NONE', #2326, .T. ) ;
#1613 = DIRECTION ( 'NONE',  ( -0.1585527532634843362, -0.9873505073845704194, 0.000000000000000000 ) ) ;
#1614 = LINE ( 'NONE', #3419, #1109 ) ;
#1615 = DIRECTION ( 'NONE',  ( 1.000000000000000000, 0.000000000000000000, 0.000000000000000000 ) ) ;
#1616 = DIRECTION ( 'NONE',  ( -4.183552017497453894E-16, -1.000000000000000000, -0.000000000000000000 ) ) ;
#1617 = ORIENTED_EDGE ( 'NONE', *, *, #909, .T. ) ;
#1618 = AXIS2_PLACEMENT_3D ( 'NONE', #2261, #1023, #3149 ) ;
#1619 = AXIS2_PLACEMENT_3D ( 'NONE', #259, #2321, #1122 ) ;
#1620 = CARTESIAN_POINT ( 'NONE',  ( -9.612262577840494870, 9.815104912455726804, 7.200000000000000178 ) ) ;
#1621 = DIRECTION ( 'NONE',  ( 1.563451298009324599E-16, -5.871987991305604543E-17, -1.000000000000000000 ) ) ;
#1622 = ORIENTED_EDGE ( 'NONE', *, *, #1582, .T. ) ;
#1623 = DIRECTION ( 'NONE',  ( 0.000000000000000000, 0.000000000000000000, 1.000000000000000000 ) ) ;
#1624 = DIRECTION ( 'NONE',  ( 1.563451298009324599E-16, -5.871987991305604543E-17, -1.000000000000000000 ) ) ;
#1625 = CARTESIAN_POINT ( 'NONE',  ( 9.900000000000103384, 9.900000000000000355, 7.200000000000000178 ) ) ;
#1626 = LINE ( 'NONE', #1337, #1930 ) ;
#1627 = EDGE_CURVE ( 'NONE', #1663, #63, #1388, .T. ) ;
#1628 = ORIENTED_EDGE ( 'NONE', *, *, #2748, .T. ) ;
#1629 = PRESENTATION_STYLE_ASSIGNMENT (( #746 ) ) ;
#1630 = ADVANCED_FACE ( 'NONE', ( #2211 ), #180, .T. ) ;
#1631 = FILL_AREA_STYLE ('',( #3395 ) ) ;
#1632 = DIRECTION ( 'NONE',  ( 2.705782887836759613E-17, -4.345056020036657155E-18, -1.000000000000000000 ) ) ;
#1633 = LINE ( 'NONE', #2837, #1666 ) ;
#1634 = ORIENTED_EDGE ( 'NONE', *, *, #1808, .T. ) ;
#1635 = FILL_AREA_STYLE_COLOUR ( '', #1178 ) ;
#1636 = EDGE_CURVE ( 'NONE', #601, #1955, #2260, .T. ) ;
#1637 = CARTESIAN_POINT ( 'NONE',  ( 12.70000000000000284, 12.69999999999999929, 0.5000000000000000000 ) ) ;
#1638 = ORIENTED_EDGE ( 'NONE', *, *, #2764, .F. ) ;
#1639 = DIRECTION ( 'NONE',  ( 0.1585527532634878611, 0.9873505073845699753, 0.000000000000000000 ) ) ;
#1640 = UNCERTAINTY_MEASURE_WITH_UNIT (LENGTH_MEASURE( 1.000000000000000082E-05 ), #1513, 'distance_accuracy_value', 'NONE');
#1641 = CARTESIAN_POINT ( 'NONE',  ( -12.19999999999999574, 12.20000000000000639, 12.69999999999999929 ) ) ;
#1642 = ORIENTED_EDGE ( 'NONE', *, *, #3377, .T. ) ;
#1643 = CARTESIAN_POINT ( 'NONE',  ( -11.95000000000000284, -11.94999999999999218, 0.5000000000000000000 ) ) ;
#1644 = UNCERTAINTY_MEASURE_WITH_UNIT (LENGTH_MEASURE( 1.000000000000000082E-05 ), #590, 'distance_accuracy_value', 'NONE');
#1645 = CARTESIAN_POINT ( 'NONE',  ( -10.04149181257379553, 9.420437629734356833, -3.299999999999999822 ) ) ;
#1646 = FACE_OUTER_BOUND ( 'NONE', #2593, .T. ) ;
#1647 = ORIENTED_EDGE ( 'NONE', *, *, #2634, .T. ) ;
#1648 = ORIENTED_EDGE ( 'NONE', *, *, #620, .F. ) ;
#1649 = ADVANCED_FACE ( 'NONE', ( #748 ), #787, .F. ) ;
#1650 = STYLED_ITEM ( 'NONE', ( #1569 ), #2024 ) ;
#1651 = EDGE_CURVE ( 'NONE', #1744, #2891, #1892, .T. ) ;
#1652 = CARTESIAN_POINT ( 'NONE',  ( 12.70000000000000284, 12.70000000000000995, 0.5000000000000000000 ) ) ;
#1653 = DIRECTION ( 'NONE',  ( 2.577111568625629940E-14, -1.030638640684918983E-14, 1.000000000000000000 ) ) ;
#1654 = AXIS2_PLACEMENT_3D ( 'NONE', #2850, #462, #1083 ) ;
#1655 = CARTESIAN_POINT ( 'NONE',  ( 9.603794847784508093, 9.947565825979079790, 7.200000000000000178 ) ) ;
#1656 = ADVANCED_FACE ( 'NONE', ( #1612, #770 ), #2816, .F. ) ;
#1657 = ORIENTED_EDGE ( 'NONE', *, *, #441, .F. ) ;
#1658 =( GEOMETRIC_REPRESENTATION_CONTEXT ( 3 ) GLOBAL_UNCERTAINTY_ASSIGNED_CONTEXT ( ( #169 ) ) GLOBAL_UNIT_ASSIGNED_CONTEXT ( ( #649, #920, #1502 ) ) REPRESENTATION_CONTEXT ( 'NONE', 'WORKASPACE' ) );
#1659 = CIRCLE ( 'NONE', #2852, 0.5000000000000004441 ) ;
#1660 = CIRCLE ( 'NONE', #3296, 0.5000000000000004441 ) ;
#1661 = DIRECTION ( 'NONE',  ( 0.000000000000000000, 0.000000000000000000, 1.000000000000000000 ) ) ;
#1662 =( GEOMETRIC_REPRESENTATION_CONTEXT ( 3 ) GLOBAL_UNCERTAINTY_ASSIGNED_CONTEXT ( ( #1965 ) ) GLOBAL_UNIT_ASSIGNED_CONTEXT ( ( #2507, #3587, #2213 ) ) REPRESENTATION_CONTEXT ( 'NONE', 'WORKASPACE' ) );
#1663 = VERTEX_POINT ( 'NONE', #1186 ) ;
#1664 = VECTOR ( 'NONE', #835, 1000.000000000000000 ) ;
#1665 = DIRECTION ( 'NONE',  ( -1.000000000000000000, 5.971819714150072316E-17, -0.000000000000000000 ) ) ;
#1666 = VECTOR ( 'NONE', #159, 1000.000000000000000 ) ;
#1667 = DIRECTION ( 'NONE',  ( -0.3711537444790469764, -0.9285714285714278260, 0.000000000000000000 ) ) ;
#1668 = FACE_OUTER_BOUND ( 'NONE', #1806, .T. ) ;
#1669 = ORIENTED_EDGE ( 'NONE', *, *, #2580, .F. ) ;
#1670 = APPLICATION_CONTEXT ( 'automotive_design' ) ;
#1671 = FACE_OUTER_BOUND ( 'NONE', #804, .T. ) ;
#1672 = AXIS2_PLACEMENT_3D ( 'NONE', #1318, #1034, #3700 ) ;
#1673 = FACE_OUTER_BOUND ( 'NONE', #504, .T. ) ;
#1674 = ORIENTED_EDGE ( 'NONE', *, *, #763, .F. ) ;
#1675 = CARTESIAN_POINT ( 'NONE',  ( 12.69999999999999574, -12.20000000000000995, 0.5000000000000000000 ) ) ;
#1676 = STYLED_ITEM ( 'NONE', ( #2256 ), #520 ) ;
#1677 = DIRECTION ( 'NONE',  ( 1.510440673542344716E-16, -7.013615983403742667E-17, -1.000000000000000000 ) ) ;
#1678 = CARTESIAN_POINT ( 'NONE',  ( 9.899999999999991473, -9.899999999999998579, -3.499999999999999556 ) ) ;
#1679 = VERTEX_POINT ( 'NONE', #257 ) ;
#1680 =( GEOMETRIC_REPRESENTATION_CONTEXT ( 3 ) GLOBAL_UNCERTAINTY_ASSIGNED_CONTEXT ( ( #3726 ) ) GLOBAL_UNIT_ASSIGNED_CONTEXT ( ( #1559, #1572, #1218 ) ) REPRESENTATION_CONTEXT ( 'NONE', 'WORKASPACE' ) );
#1681 = CARTESIAN_POINT ( 'NONE',  ( -9.899999999999995026, 9.900000000000005684, 0.000000000000000000 ) ) ;
#1682 = EDGE_CURVE ( 'NONE', #1401, #242, #2411, .T. ) ;
#1683 = ORIENTED_EDGE ( 'NONE', *, *, #1261, .F. ) ;
#1684 = DIRECTION ( 'NONE',  ( 0.000000000000000000, 0.000000000000000000, -1.000000000000000000 ) ) ;
#1685 = FACE_OUTER_BOUND ( 'NONE', #465, .T. ) ;
#1686 = EDGE_LOOP ( 'NONE', ( #3456, #2693, #2972, #1157, #957, #3192, #1873, #2375 ) ) ;
#1687 = LINE ( 'NONE', #212, #1128 ) ;
#1688 = CIRCLE ( 'NONE', #2820, 0.5500000000000001554 ) ;
#1689 = CARTESIAN_POINT ( 'NONE',  ( -9.899999999999998579, 6.938893903907228378E-15, 0.5000000000000000000 ) ) ;
#1690 = PRESENTATION_STYLE_ASSIGNMENT (( #510 ) ) ;
#1691 = ORIENTED_EDGE ( 'NONE', *, *, #2649, .T. ) ;
#1692 = DIRECTION ( 'NONE',  ( 2.684499212375534671E-14, -1.073561914934135011E-14, 1.000000000000000000 ) ) ;
#1693 = CYLINDRICAL_SURFACE ( 'NONE', #2642, 0.5500000000000001554 ) ;
#1694 = FACE_OUTER_BOUND ( 'NONE', #971, .T. ) ;
#1695 = ORIENTED_EDGE ( 'NONE', *, *, #3270, .T. ) ;
#1696 = DIRECTION ( 'NONE',  ( -1.000000000000000000, 0.000000000000000000, 2.891205793292322216E-14 ) ) ;
#1697 = ORIENTED_EDGE ( 'NONE', *, *, #2951, .T. ) ;
#1698 = ADVANCED_FACE ( 'NONE', ( #3265, #848 ), #1466, .F. ) ;
#1699 = APPLICATION_PROTOCOL_DEFINITION ( 'draft international standard', 'automotive_design', 1998, #1670 ) ;
#1700 = CARTESIAN_POINT ( 'NONE',  ( -12.44999999999999574, 11.95000000000000995, 0.5000000000000000000 ) ) ;
#1701 = EDGE_CURVE ( 'NONE', #1455, #291, #2594, .T. ) ;
#1702 = ORIENTED_EDGE ( 'NONE', *, *, #2553, .T. ) ;
#1703 = DIRECTION ( 'NONE',  ( 2.891205793292319691E-14, -3.782955574686631991E-30, 1.000000000000000000 ) ) ;
#1704 = CARTESIAN_POINT ( 'NONE',  ( -12.19999999999999574, 12.20000000000000639, 12.20000000000000107 ) ) ;
#1705 = DIRECTION ( 'NONE',  ( -1.000000000000000000, 0.000000000000000000, 0.000000000000000000 ) ) ;
#1706 = EDGE_LOOP ( 'NONE', ( #516, #2406, #3659, #3090 ) ) ;
#1707 = COLOUR_RGB ( '',1.000000000000000000, 1.000000000000000000, 1.000000000000000000 ) ;
#1708 =( LENGTH_UNIT ( ) NAMED_UNIT ( * ) SI_UNIT ( .MILLI., .METRE. ) );
#1709 = AXIS2_PLACEMENT_3D ( 'NONE', #2759, #1575, #1831 ) ;
#1710 = CYLINDRICAL_SURFACE ( 'NONE', #3081, 0.5000000000002509104 ) ;
#1711 = ADVANCED_FACE ( 'NONE', ( #1769 ), #1710, .T. ) ;
#1712 = SURFACE_SIDE_STYLE ('',( #2970 ) ) ;
#1713 = LINE ( 'NONE', #3581, #2041 ) ;
#1714 = EDGE_LOOP ( 'NONE', ( #215, #3195 ) ) ;
#1715 = CIRCLE ( 'NONE', #230, 0.3000000000002461809 ) ;
#1716 = CARTESIAN_POINT ( 'NONE',  ( -9.758508187426244262, 10.37956237026565631, -3.299999999999999822 ) ) ;
#1717 = CARTESIAN_POINT ( 'NONE',  ( -9.899999999999950617, -9.899999999999991473, 7.200000000000000178 ) ) ;
#1718 = ORIENTED_EDGE ( 'NONE', *, *, #1246, .T. ) ;
#1719 = AXIS2_PLACEMENT_3D ( 'NONE', #310, #2109, #642 ) ;
#1720 = CONICAL_SURFACE ( 'NONE', #3409, 0.3000000000002453482, 0.7853981633975168908 ) ;
#1721 = DIRECTION ( 'NONE',  ( -5.742996519033948731E-17, 2.295498867382631262E-17, -1.000000000000000000 ) ) ;
#1722 = UNCERTAINTY_MEASURE_WITH_UNIT (LENGTH_MEASURE( 1.000000000000000082E-05 ), #2183, 'distance_accuracy_value', 'NONE');
#1723 = CARTESIAN_POINT ( 'NONE',  ( -9.900000000000002132, -9.899999999999991473, 5.200000000000001066 ) ) ;
#1724 = VECTOR ( 'NONE', #1359, 1000.000000000000000 ) ;
#1725 = EDGE_CURVE ( 'NONE', #1173, #2722, #1402, .T. ) ;
#1726 = ORIENTED_EDGE ( 'NONE', *, *, #281, .F. ) ;
#1727 = AXIS2_PLACEMENT_3D ( 'NONE', #1326, #1048, #2241 ) ;
#1728 = DIRECTION ( 'NONE',  ( 0.000000000000000000, 0.000000000000000000, 1.000000000000000000 ) ) ;
#1729 = DIRECTION ( 'NONE',  ( 2.775557561561385258E-14, -3.457101876421153653E-30, 1.000000000000000000 ) ) ;
#1730 = ORIENTED_EDGE ( 'NONE', *, *, #1081, .T. ) ;
#1731 = CLOSED_SHELL ( 'NONE', ( #836, #958, #3806, #2217, #3141, #2700, #857, #1773, #3686, #1024, #3641, #64, #1589, #2501, #2456, #2712, #20, #1946, #2268, #1760, #2102, #2024, #81, #2909, #3154, #3668, #3227, #35, #3857, #1656, #1751, #2974, #1543, #2215, #3790 ) ) ;
#1732 = LINE ( 'NONE', #3495, #3324 ) ;
#1733 = DIRECTION ( 'NONE',  ( -0.9873505073845696423, 0.1585527532634899983, 2.775557561561388729E-14 ) ) ;
#1734 = ORIENTED_EDGE ( 'NONE', *, *, #207, .F. ) ;
#1735 = AXIS2_PLACEMENT_3D ( 'NONE', #1846, #3011, #3050 ) ;
#1736 = DIRECTION ( 'NONE',  ( -1.000000000000000000, 0.000000000000000000, 0.000000000000000000 ) ) ;
#1737 = LINE ( 'NONE', #1777, #1903 ) ;
#1738 = AXIS2_PLACEMENT_3D ( 'NONE', #1413, #3800, #522 ) ;
#1739 = EDGE_LOOP ( 'NONE', ( #2210, #1592, #464, #679 ) ) ;
#1740 = CARTESIAN_POINT ( 'NONE',  ( -9.899999999999947065, 1.734723475976807094E-15, 7.200000000000000178 ) ) ;
#1741 =( LENGTH_UNIT ( ) NAMED_UNIT ( * ) SI_UNIT ( .MILLI., .METRE. ) );
#1742 =( NAMED_UNIT ( * ) SI_UNIT ( $, .STERADIAN. ) SOLID_ANGLE_UNIT ( ) );
#1743 = DIRECTION ( 'NONE',  ( 2.501766609590484716E-14, -1.163064009242646986E-14, 1.000000000000000000 ) ) ;
#1744 = VERTEX_POINT ( 'NONE', #276 ) ;
#1745 = FACE_OUTER_BOUND ( 'NONE', #1514, .T. ) ;
#1746 = DIRECTION ( 'NONE',  ( 1.563451298009324599E-16, -5.871987991305604543E-17, -1.000000000000000000 ) ) ;
#1747 = CARTESIAN_POINT ( 'NONE',  ( -9.899999999999998579, 1.734723475976807094E-15, -3.499999999999999556 ) ) ;
#1748 = ORIENTED_EDGE ( 'NONE', *, *, #2782, .T. ) ;
#1749 = COLOUR_RGB ( '',1.000000000000000000, 1.000000000000000000, 1.000000000000000000 ) ;
#1750 = DIRECTION ( 'NONE',  ( 0.000000000000000000, 0.000000000000000000, -1.000000000000000000 ) ) ;
#1751 = ADVANCED_FACE ( 'NONE', ( #2019 ), #295, .T. ) ;
#1752 = CARTESIAN_POINT ( 'NONE',  ( -10.02634607331760108, -10.17209680218137180, -3.499999999999999556 ) ) ;
#1753 = CARTESIAN_POINT ( 'NONE',  ( -12.69999999999995133, -12.20000000000000284, 12.20000000000000107 ) ) ;
#1754 = ORIENTED_EDGE ( 'NONE', *, *, #3424, .T. ) ;
#1755 = EDGE_CURVE ( 'NONE', #291, #1455, #2725, .T. ) ;
#1756 = CARTESIAN_POINT ( 'NONE',  ( 9.899999999999998579, 9.900000000000000355, -3.299999999999999822 ) ) ;
#1757 = ADVANCED_FACE ( 'NONE', ( #2320 ), #2336, .T. ) ;
#1758 = DIRECTION ( 'NONE',  ( 0.000000000000000000, 0.000000000000000000, 1.000000000000000000 ) ) ;
#1759 = ORIENTED_EDGE ( 'NONE', *, *, #468, .T. ) ;
#1760 = ADVANCED_FACE ( 'NONE', ( #1489 ), #3580, .F. ) ;
#1761 = FILL_AREA_STYLE ('',( #1148 ) ) ;
#1762 = CARTESIAN_POINT ( 'NONE',  ( -9.984895087544295222, 9.612262577840567701, -3.499999999999999556 ) ) ;
#1763 = VERTEX_POINT ( 'NONE', #3563 ) ;
#1764 = DIRECTION ( 'NONE',  ( 1.707404996040166237E-16, 1.000000000000000000, 0.000000000000000000 ) ) ;
#1765 = CARTESIAN_POINT ( 'NONE',  ( -10.21586518329385385, -10.58024200545321492, 2.199999999999999734 ) ) ;
#1766 = DIRECTION ( 'NONE',  ( 1.707404996040166237E-16, 1.000000000000000000, 0.000000000000000000 ) ) ;
#1767 = EDGE_LOOP ( 'NONE', ( #1322, #3559, #2674, #1901 ) ) ;
#1768 =( NAMED_UNIT ( * ) SI_UNIT ( $, .STERADIAN. ) SOLID_ANGLE_UNIT ( ) );
#1769 = FACE_OUTER_BOUND ( 'NONE', #3699, .T. ) ;
#1770 =( LENGTH_UNIT ( ) NAMED_UNIT ( * ) SI_UNIT ( .MILLI., .METRE. ) );
#1771 =( NAMED_UNIT ( * ) PLANE_ANGLE_UNIT ( ) SI_UNIT ( $, .RADIAN. ) );
#1772 = EDGE_LOOP ( 'NONE', ( #534, #3097 ) ) ;
#1773 = ADVANCED_FACE ( 'NONE', ( #37 ), #2431, .T. ) ;
#1774 = ADVANCED_FACE ( 'NONE', ( #2723, #947 ), #647, .F. ) ;
#1775 = CIRCLE ( 'NONE', #3028, 0.5000000000002228218 ) ;
#1776 = DIRECTION ( 'NONE',  ( 2.577111568625629940E-14, -1.030638640684918983E-14, 1.000000000000000000 ) ) ;
#1777 = CARTESIAN_POINT ( 'NONE',  ( -9.687762281139395526, 10.61934355539836616, 2.199999999999999734 ) ) ;
#1778 = VECTOR ( 'NONE', #3027, 1000.000000000000000 ) ;
#1779 = ORIENTED_EDGE ( 'NONE', *, *, #1827, .T. ) ;
#1780 = MECHANICAL_DESIGN_GEOMETRIC_PRESENTATION_REPRESENTATION (  '', ( #2973 ), #1231 ) ;
#1781 = SURFACE_STYLE_FILL_AREA ( #1761 ) ;
#1782 = FILL_AREA_STYLE ('',( #621 ) ) ;
#1783 = VECTOR ( 'NONE', #2883, 1000.000000000000000 ) ;
#1784 = STYLED_ITEM ( 'NONE', ( #3064 ), #2521 ) ;
#1785 = ORIENTED_EDGE ( 'NONE', *, *, #1374, .F. ) ;
#1786 = DIRECTION ( 'NONE',  ( 2.740378392009104938E-14, -4.405067988288747680E-15, 1.000000000000000000 ) ) ;
#1787 = AXIS2_PLACEMENT_3D ( 'NONE', #3531, #1786, #3574 ) ;
#1788 = CIRCLE ( 'NONE', #407, 0.5000000000000004441 ) ;
#1789 = SURFACE_SIDE_STYLE ('',( #1233 ) ) ;
#1790 = SURFACE_STYLE_USAGE ( .BOTH. , #1484 ) ;
#1791 = ORIENTED_EDGE ( 'NONE', *, *, #556, .T. ) ;
#1792 = CIRCLE ( 'NONE', #51, 0.5500000000000001554 ) ;
#1793 = DIRECTION ( 'NONE',  ( 1.510440673542344716E-16, -7.013615983403742667E-17, -1.000000000000000000 ) ) ;
#1794 = CIRCLE ( 'NONE', #2546, 0.3000000000002445155 ) ;
#1795 = DIRECTION ( 'NONE',  ( 5.742996519033948731E-17, -2.295498867382626331E-17, 1.000000000000000000 ) ) ;
#1796 = CARTESIAN_POINT ( 'NONE',  ( -11.94999999999999574, 12.45000000000000639, 0.5000000000000000000 ) ) ;
#1797 = DIRECTION ( 'NONE',  ( 1.510440673542349646E-16, -7.013615983403682270E-17, -1.000000000000000000 ) ) ;
#1798 = ORIENTED_EDGE ( 'NONE', *, *, #369, .T. ) ;
#1799 = PRESENTATION_LAYER_ASSIGNMENT (  '', '', ( #3859 ) ) ;
#1800 = DIRECTION ( 'NONE',  ( -0.2829836251474259212, -0.9591247405308765961, 0.000000000000000000 ) ) ;
#1801 = ORIENTED_EDGE ( 'NONE', *, *, #893, .T. ) ;
#1802 = COLOUR_RGB ( '',1.000000000000000000, 1.000000000000000000, 1.000000000000000000 ) ;
#1803 = CARTESIAN_POINT ( 'NONE',  ( -10.08557687223959931, -0.4642857142859234121, 2.199999999999949996 ) ) ;
#1804 = EDGE_CURVE ( 'NONE', #1963, #2206, #3343, .T. ) ;
#1805 = FACE_OUTER_BOUND ( 'NONE', #2853, .T. ) ;
#1806 = EDGE_LOOP ( 'NONE', ( #3855, #1391 ) ) ;
#1807 = CIRCLE ( 'NONE', #122, 0.7500000000001960654 ) ;
#1808 = EDGE_CURVE ( 'NONE', #652, #1973, #908, .T. ) ;
#1809 = CARTESIAN_POINT ( 'NONE',  ( 10.19620515221570578, 9.852434174020920921, 7.200000000000000178 ) ) ;
#1810 =( LENGTH_UNIT ( ) NAMED_UNIT ( * ) SI_UNIT ( .MILLI., .METRE. ) );
#1811 = ORIENTED_EDGE ( 'NONE', *, *, #435, .F. ) ;
#1812 = DIRECTION ( 'NONE',  ( -1.000000000000000000, 0.000000000000000000, 2.775557561561656310E-14 ) ) ;
#1813 = DIRECTION ( 'NONE',  ( 0.000000000000000000, 0.000000000000000000, -1.000000000000000000 ) ) ;
#1814 = CYLINDRICAL_SURFACE ( 'NONE', #926, 0.5000000000000004441 ) ;
#1815 = FACE_OUTER_BOUND ( 'NONE', #1135, .T. ) ;
#1816 = EDGE_LOOP ( 'NONE', ( #1306, #3006, #2711, #2293 ) ) ;
#1817 = DIRECTION ( 'NONE',  ( -1.000000000000000000, 0.000000000000000000, 0.000000000000000000 ) ) ;
#1818 = CIRCLE ( 'NONE', #1011, 0.7500000000001958433 ) ;
#1819 = FACE_BOUND ( 'NONE', #2428, .T. ) ;
#1820 = ORIENTED_EDGE ( 'NONE', *, *, #3147, .F. ) ;
#1821 = FILL_AREA_STYLE ('',( #2984 ) ) ;
#1822 = CARTESIAN_POINT ( 'NONE',  ( -9.900000000000002132, -9.899999999999991473, 0.000000000000000000 ) ) ;
#1823 = ORIENTED_EDGE ( 'NONE', *, *, #2564, .T. ) ;
#1824 = EDGE_CURVE ( 'NONE', #339, #2715, #3281, .T. ) ;
#1825 = EDGE_CURVE ( 'NONE', #82, #15, #2093, .T. ) ;
#1826 = DIRECTION ( 'NONE',  ( 0.3711537444790485307, 0.9285714285714271599, 0.000000000000000000 ) ) ;
#1827 = EDGE_CURVE ( 'NONE', #360, #2797, #3631, .T. ) ;
#1828 = PRESENTATION_STYLE_ASSIGNMENT (( #626 ) ) ;
#1829 = ORIENTED_EDGE ( 'NONE', *, *, #210, .T. ) ;
#1830 = DIRECTION ( 'NONE',  ( -0.3711537444790485307, -0.9285714285714271599, 0.000000000000000000 ) ) ;
#1831 = DIRECTION ( 'NONE',  ( -0.3711537444790476981, -0.9285714285714274929, 0.000000000000000000 ) ) ;
#1832 = DIRECTION ( 'NONE',  ( -0.4211535777250208779, -0.9069893406040751005, 0.000000000000000000 ) ) ;
#1833 = VERTEX_POINT ( 'NONE', #3284 ) ;
#1834 = ADVANCED_FACE ( 'NONE', ( #345, #3013 ), #608, .F. ) ;
#1835 = DIRECTION ( 'NONE',  ( 0.000000000000000000, 0.000000000000000000, -1.000000000000000000 ) ) ;
#1836 =( LENGTH_UNIT ( ) NAMED_UNIT ( * ) SI_UNIT ( .MILLI., .METRE. ) );
#1837 = ORIENTED_EDGE ( 'NONE', *, *, #1399, .F. ) ;
#1838 = STYLED_ITEM ( 'NONE', ( #1404 ), #1760 ) ;
#1839 = ORIENTED_EDGE ( 'NONE', *, *, #469, .T. ) ;
#1840 = FACE_OUTER_BOUND ( 'NONE', #2529, .T. ) ;
#1841 = VECTOR ( 'NONE', #1068, 1000.000000000000000 ) ;
#1842 = ADVANCED_FACE ( 'NONE', ( #2995 ), #1237, .T. ) ;
#1843 = FACE_OUTER_BOUND ( 'NONE', #2607, .T. ) ;
#1844 = DIRECTION ( 'NONE',  ( 1.707404996040166237E-16, 1.000000000000000000, -3.469446951953610245E-15 ) ) ;
#1845 = ORIENTED_EDGE ( 'NONE', *, *, #3213, .F. ) ;
#1846 = CARTESIAN_POINT ( 'NONE',  ( -9.900000000000002132, -9.899999999999991473, 0.5000000000000000000 ) ) ;
#1847 = CIRCLE ( 'NONE', #800, 0.5500000000000001554 ) ;
#1848 = VECTOR ( 'NONE', #2329, 1000.000000000000000 ) ;
#1849 = CARTESIAN_POINT ( 'NONE',  ( 12.44999999999999574, -12.45000000000000995, 0.5000000000000000000 ) ) ;
#1850 = FACE_OUTER_BOUND ( 'NONE', #1205, .T. ) ;
#1851 = CONICAL_SURFACE ( 'NONE', #3791, 0.3000000000002461809, 0.7853981633975168908 ) ;
#1852 = DIRECTION ( 'NONE',  ( 0.000000000000000000, 0.000000000000000000, -1.000000000000000000 ) ) ;
#1853 = ADVANCED_FACE ( 'NONE', ( #2743 ), #1508, .T. ) ;
#1854 = EDGE_CURVE ( 'NONE', #2300, #3629, #1473, .T. ) ;
#1855 = ORIENTED_EDGE ( 'NONE', *, *, #555, .F. ) ;
#1856 = AXIS2_PLACEMENT_3D ( 'NONE', #1433, #1492, #2671 ) ;
#1857 = COLOUR_RGB ( '',1.000000000000000000, 1.000000000000000000, 1.000000000000000000 ) ;
#1858 = CARTESIAN_POINT ( 'NONE',  ( 9.900000000000096279, -9.899999999999998579, 7.200000000000000178 ) ) ;
#1859 = PRESENTATION_STYLE_ASSIGNMENT (( #3345 ) ) ;
#1860 = STYLED_ITEM ( 'NONE', ( #1629 ), #20 ) ;
#1861 = AXIS2_PLACEMENT_3D ( 'NONE', #1282, #3407, #1000 ) ;
#1862 = ORIENTED_EDGE ( 'NONE', *, *, #793, .F. ) ;
#1863 = VECTOR ( 'NONE', #110, 1000.000000000000000 ) ;
#1864 = SURFACE_STYLE_FILL_AREA ( #3696 ) ;
#1865 = DIRECTION ( 'NONE',  ( 0.000000000000000000, 0.000000000000000000, 1.000000000000000000 ) ) ;
#1866 = AXIS2_PLACEMENT_3D ( 'NONE', #1181, #1766, #1505 ) ;
#1867 = PRESENTATION_STYLE_ASSIGNMENT (( #2133 ) ) ;
#1868 = ORIENTED_EDGE ( 'NONE', *, *, #373, .T. ) ;
#1869 = CARTESIAN_POINT ( 'NONE',  ( 9.900000000000103384, 9.900000000000000355, 7.200000000000000178 ) ) ;
#1870 = DIRECTION ( 'NONE',  ( 0.000000000000000000, -1.000000000000000000, 0.000000000000000000 ) ) ;
#1871 = DIRECTION ( 'NONE',  ( -0.1585527532634905812, -0.9873505073845694202, 0.000000000000000000 ) ) ;
#1872 = CARTESIAN_POINT ( 'NONE',  ( -12.69999999999995133, -12.20000000000000284, 0.5000000000000000000 ) ) ;
#1873 = ORIENTED_EDGE ( 'NONE', *, *, #2257, .F. ) ;
#1874 = APPLICATION_CONTEXT ( 'automotive_design' ) ;
#1875 = EDGE_CURVE ( 'NONE', #2776, #332, #2159, .T. ) ;
#1876 = FACE_OUTER_BOUND ( 'NONE', #2879, .T. ) ;
#1877 = DIRECTION ( 'NONE',  ( -0.3711537444790476981, -0.9285714285714274929, 0.000000000000000000 ) ) ;
#1878 = CIRCLE ( 'NONE', #199, 0.5000000000002224887 ) ;
#1879 = EDGE_CURVE ( 'NONE', #915, #1393, #1221, .T. ) ;
#1880 = AXIS2_PLACEMENT_3D ( 'NONE', #118, #2452, #3653 ) ;
#1881 = SURFACE_STYLE_USAGE ( .BOTH. , #1273 ) ;
#1882 = VERTEX_POINT ( 'NONE', #2464 ) ;
#1883 = LINE ( 'NONE', #1275, #2980 ) ;
#1884 = EDGE_CURVE ( 'NONE', #1215, #2196, #3646, .T. ) ;
#1885 = CARTESIAN_POINT ( 'NONE',  ( 12.19999999999999574, -12.20000000000000995, 12.20000000000000107 ) ) ;
#1886 = VERTEX_POINT ( 'NONE', #1904 ) ;
#1887 = FACE_OUTER_BOUND ( 'NONE', #1947, .T. ) ;
#1888 = DIRECTION ( 'NONE',  ( -5.551115123125779004E-17, 2.775557561562886421E-17, -1.000000000000000000 ) ) ;
#1889 = CYLINDRICAL_SURFACE ( 'NONE', #3230, 0.7500000000001952882 ) ;
#1890 = LINE ( 'NONE', #3632, #2675 ) ;
#1891 = VERTEX_POINT ( 'NONE', #1001 ) ;
#1892 = LINE ( 'NONE', #1652, #466 ) ;
#1893 = DIRECTION ( 'NONE',  ( 0.000000000000000000, 0.000000000000000000, 1.000000000000000000 ) ) ;
#1894 = ORIENTED_EDGE ( 'NONE', *, *, #3519, .T. ) ;
#1895 = EDGE_CURVE ( 'NONE', #1440, #3030, #1898, .T. ) ;
#1896 = ORIENTED_EDGE ( 'NONE', *, *, #3335, .F. ) ;
#1897 = DIRECTION ( 'NONE',  ( -3.414809992080321627E-17, -1.000000000000000000, 0.000000000000000000 ) ) ;
#1898 = CIRCLE ( 'NONE', #473, 0.5000000000002224887 ) ;
#1899 = CARTESIAN_POINT ( 'NONE',  ( -12.45000000000000284, -11.94999999999999218, 0.5000000000000000000 ) ) ;
#1900 = FACE_OUTER_BOUND ( 'NONE', #918, .T. ) ;
#1901 = ORIENTED_EDGE ( 'NONE', *, *, #3501, .T. ) ;
#1902 = CARTESIAN_POINT ( 'NONE',  ( 11.95000000000000284, 11.95000000000000284, 11.70000000000000107 ) ) ;
#1903 = VECTOR ( 'NONE', #2673, 1000.000000000000000 ) ;
#1904 = CARTESIAN_POINT ( 'NONE',  ( -10.35349467030225235, -9.689423211137373926, 7.000000000000000000 ) ) ;
#1905 = FILL_AREA_STYLE_COLOUR ( '', #1344 ) ;
#1906 = CARTESIAN_POINT ( 'NONE',  ( -10.11223771886064782, 9.180656444601677180, 5.200000000000001066 ) ) ;
#1907 = ORIENTED_EDGE ( 'NONE', *, *, #1100, .F. ) ;
#1908 = AXIS2_PLACEMENT_3D ( 'NONE', #586, #1764, #3554 ) ;
#1909 = AXIS2_PLACEMENT_3D ( 'NONE', #1590, #3728, #176 ) ;
#1910 = EDGE_LOOP ( 'NONE', ( #1166, #1791, #3152, #1896 ) ) ;
#1911 = CIRCLE ( 'NONE', #3229, 0.7500000000001960654 ) ;
#1912 = CARTESIAN_POINT ( 'NONE',  ( 9.406324746307607398, 9.979276376631780465, 7.200000000000000178 ) ) ;
#1913 = AXIS2_PLACEMENT_3D ( 'NONE', #698, #3697, #715 ) ;
#1914 = VECTOR ( 'NONE', #1621, 1000.000000000000000 ) ;
#1915 = DIRECTION ( 'NONE',  ( 0.000000000000000000, 0.000000000000000000, 1.000000000000000000 ) ) ;
#1916 = ORIENTED_EDGE ( 'NONE', *, *, #3434, .T. ) ;
#1917 = VECTOR ( 'NONE', #1130, 1000.000000000000000 ) ;
#1918 = CARTESIAN_POINT ( 'NONE',  ( 9.900000000000096279, -9.899999999999998579, 7.200000000000000178 ) ) ;
#1919 = SURFACE_STYLE_FILL_AREA ( #882 ) ;
#1920 = EDGE_LOOP ( 'NONE', ( #1339, #3835 ) ) ;
#1921 = CARTESIAN_POINT ( 'NONE',  ( -10.36428571428589862, 0.1855768722396071713, 5.200000000000001066 ) ) ;
#1922 = PRESENTATION_LAYER_ASSIGNMENT (  '', '', ( #2619 ) ) ;
#1923 = EDGE_CURVE ( 'NONE', #3486, #265, #2227, .T. ) ;
#1924 = DIRECTION ( 'NONE',  ( 0.000000000000000000, 0.000000000000000000, -1.000000000000000000 ) ) ;
#1925 = DIRECTION ( 'NONE',  ( 0.000000000000000000, 0.000000000000000000, -1.000000000000000000 ) ) ;
#1926 = EDGE_CURVE ( 'NONE', #1555, #1325, #3430, .T. ) ;
#1927 = ORIENTED_EDGE ( 'NONE', *, *, #3434, .F. ) ;
#1928 = AXIS2_PLACEMENT_3D ( 'NONE', #3389, #459, #2534 ) ;
#1929 = CYLINDRICAL_SURFACE ( 'NONE', #1994, 0.7500000000001960654 ) ;
#1930 = VECTOR ( 'NONE', #767, 1000.000000000000000 ) ;
#1931 = DIRECTION ( 'NONE',  ( -0.6782036080332365380, 0.2000996403065161411, -0.7071067811864788499 ) ) ;
#1932 = VERTEX_POINT ( 'NONE', #1645 ) ;
#1933 = ORIENTED_EDGE ( 'NONE', *, *, #3829, .T. ) ;
#1934 = EDGE_CURVE ( 'NONE', #572, #1679, #2193, .T. ) ;
#1935 = MANIFOLD_SOLID_BREP ( 'NONE', #2747 ) ;
#1936 = DIRECTION ( 'NONE',  ( -1.000000000000000000, 0.000000000000000000, 2.775557561561502325E-14 ) ) ;
#1937 = EDGE_CURVE ( 'NONE', #2455, #2445, #3530, .T. ) ;
#1938 =( NAMED_UNIT ( * ) PLANE_ANGLE_UNIT ( ) SI_UNIT ( $, .RADIAN. ) );
#1939 = CARTESIAN_POINT ( 'NONE',  ( -12.20000000000000284, -12.70000000000000284, 0.000000000000000000 ) ) ;
#1940 = VERTEX_POINT ( 'NONE', #461 ) ;
#1941 = CARTESIAN_POINT ( 'NONE',  ( -9.900000000000002132, -9.899999999999991473, 5.200000000000001066 ) ) ;
#1942 = ORIENTED_EDGE ( 'NONE', *, *, #2458, .F. ) ;
#1943 = AXIS2_PLACEMENT_3D ( 'NONE', #449, #788, #1613 ) ;
#1944 = PLANE ( 'NONE',  #3729 ) ;
#1945 = CARTESIAN_POINT ( 'NONE',  ( -9.899999999999995026, 9.900000000000005684, -3.299999999999999822 ) ) ;
#1946 = ADVANCED_FACE ( 'NONE', ( #701 ), #2483, .F. ) ;
#1947 = EDGE_LOOP ( 'NONE', ( #206, #3459, #1312, #1967 ) ) ;
#1948 = EDGE_CURVE ( 'NONE', #2581, #55, #442, .T. ) ;
#1949 = DIRECTION ( 'NONE',  ( 0.000000000000000000, 0.000000000000000000, 1.000000000000000000 ) ) ;
#1950 = EDGE_CURVE ( 'NONE', #2120, #2581, #939, .T. ) ;
#1951 = CARTESIAN_POINT ( 'NONE',  ( -9.788653876656200126, 0.2785714285716013872, -3.499999999999999556 ) ) ;
#1952 = FACE_OUTER_BOUND ( 'NONE', #3275, .T. ) ;
#1953 = SURFACE_STYLE_FILL_AREA ( #3413 ) ;
#1954 = ORIENTED_EDGE ( 'NONE', *, *, #1755, .F. ) ;
#1955 = VERTEX_POINT ( 'NONE', #3238 ) ;
#1956 = DIRECTION ( 'NONE',  ( 0.000000000000000000, 0.000000000000000000, 1.000000000000000000 ) ) ;
#1957 = CARTESIAN_POINT ( 'NONE',  ( 9.350000000000004974, 9.900000000000000355, 0.000000000000000000 ) ) ;
#1958 = DIRECTION ( 'NONE',  ( -5.742996519033948731E-17, 2.295498867382636192E-17, -1.000000000000000000 ) ) ;
#1959 = EDGE_LOOP ( 'NONE', ( #3280, #2032 ) ) ;
#1960 = CARTESIAN_POINT ( 'NONE',  ( 9.899999999999991473, -10.40000000000021885, 2.199999999999999734 ) ) ;
#1961 = LINE ( 'NONE', #1049, #3713 ) ;
#1962 = MANIFOLD_SOLID_BREP ( 'NONE', #1364 ) ;
#1963 = VERTEX_POINT ( 'NONE', #1803 ) ;
#1964 = DIRECTION ( 'NONE',  ( 1.707404996040166237E-16, 1.000000000000000000, 0.000000000000000000 ) ) ;
#1965 = UNCERTAINTY_MEASURE_WITH_UNIT (LENGTH_MEASURE( 1.000000000000000082E-05 ), #2507, 'distance_accuracy_value', 'NONE');
#1966 = CARTESIAN_POINT ( 'NONE',  ( 9.979276376631803558, 10.39367525369251055, -3.499999999999999556 ) ) ;
#1967 = ORIENTED_EDGE ( 'NONE', *, *, #3712, .F. ) ;
#1968 = CARTESIAN_POINT ( 'NONE',  ( -9.899999999999995026, 9.900000000000016342, 2.199999999999999734 ) ) ;
#1969 = MECHANICAL_DESIGN_GEOMETRIC_PRESENTATION_REPRESENTATION (  '', ( #3340 ), #3394 ) ;
#1970 = DIRECTION ( 'NONE',  ( 0.000000000000000000, 0.000000000000000000, -1.000000000000000000 ) ) ;
#1971 = LINE ( 'NONE', #214, #944 ) ;
#1972 = VERTEX_POINT ( 'NONE', #2086 ) ;
#1973 = VERTEX_POINT ( 'NONE', #1437 ) ;
#1974 = MECHANICAL_DESIGN_GEOMETRIC_PRESENTATION_REPRESENTATION (  '', ( #289 ), #2533 ) ;
#1975 = MANIFOLD_SOLID_BREP ( 'NONE', #2246 ) ;
#1976 = ADVANCED_FACE ( 'NONE', ( #304 ), #2225, .T. ) ;
#1977 = CARTESIAN_POINT ( 'NONE',  ( -10.17209680218140377, -9.773653926682394300, 7.200000000000000178 ) ) ;
#1978 = AXIS2_PLACEMENT_3D ( 'NONE', #1240, #3374, #1525 ) ;
#1979 = DIRECTION ( 'NONE',  ( -0.2000996403065112006, -0.6782036080332178862, 0.7071067811864981678 ) ) ;
#1980 = ORIENTED_EDGE ( 'NONE', *, *, #1825, .F. ) ;
#1981 = AXIS2_PLACEMENT_3D ( 'NONE', #3610, #2658, #1897 ) ;
#1982 = CIRCLE ( 'NONE', #3541, 0.5000000000002227107 ) ;
#1983 = LINE ( 'NONE', #2864, #1418 ) ;
#1984 = VECTOR ( 'NONE', #2222, 1000.000000000000000 ) ;
#1985 = DIRECTION ( 'NONE',  ( 1.000000000000000000, 0.000000000000000000, 0.000000000000000000 ) ) ;
#1986 = VECTOR ( 'NONE', #708, 1000.000000000000000 ) ;
#1987 = ORIENTED_EDGE ( 'NONE', *, *, #1934, .F. ) ;
#1988 = MECHANICAL_DESIGN_GEOMETRIC_PRESENTATION_REPRESENTATION (  '', ( #2171 ), #3476 ) ;
#1989 = CYLINDRICAL_SURFACE ( 'NONE', #3474, 0.5000000000002227107 ) ;
#1990 = DIRECTION ( 'NONE',  ( 3.251084422416255068E-32, -9.592116818991199360E-33, -1.000000000000000000 ) ) ;
#1991 = ORIENTED_EDGE ( 'NONE', *, *, #1875, .T. ) ;
#1992 = MECHANICAL_DESIGN_GEOMETRIC_PRESENTATION_REPRESENTATION (  '', ( #1860 ), #181 ) ;
#1993 = LINE ( 'NONE', #3687, #3782 ) ;
#1994 = AXIS2_PLACEMENT_3D ( 'NONE', #438, #3121, #3725 ) ;
#1995 = PLANE ( 'NONE',  #2254 ) ;
#1996 = VERTEX_POINT ( 'NONE', #3814 ) ;
#1997 = DIRECTION ( 'NONE',  ( 1.000000000000000000, -1.707404996040166237E-16, 0.000000000000000000 ) ) ;
#1998 = AXIS2_PLACEMENT_3D ( 'NONE', #890, #290, #3820 ) ;
#1999 = MANIFOLD_SOLID_BREP ( 'NONE', #1428 ) ;
#2000 = SURFACE_STYLE_FILL_AREA ( #216 ) ;
#2001 =( LENGTH_UNIT ( ) NAMED_UNIT ( * ) SI_UNIT ( .MILLI., .METRE. ) );
#2002 = LINE ( 'NONE', #789, #1783 ) ;
#2003 = VERTEX_POINT ( 'NONE', #80 ) ;
#2004 = VECTOR ( 'NONE', #1234, 1000.000000000000000 ) ;
#2005 = CARTESIAN_POINT ( 'NONE',  ( -10.17209680218140377, -9.773653926682394300, 7.200000000000000178 ) ) ;
#2006 = PLANE ( 'NONE',  #795 ) ;
#2007 = EDGE_CURVE ( 'NONE', #2003, #2485, #858, .T. ) ;
#2008 = MANIFOLD_SOLID_BREP ( 'NONE', #3549 ) ;
#2009 = EDGE_LOOP ( 'NONE', ( #2899, #2514 ) ) ;
#2010 = CARTESIAN_POINT ( 'NONE',  ( -0.03862688707617199790, 0.003032196066171354877, 0.0002500000000000000052 ) ) ;
#2011 = DIRECTION ( 'NONE',  ( -0.9285714285714286031, 0.3711537444790449225, 2.775557561561493490E-14 ) ) ;
#2012 = DIRECTION ( 'NONE',  ( 1.510440673542349646E-16, -7.013615983403682270E-17, -1.000000000000000000 ) ) ;
#2013 = ORIENTED_EDGE ( 'NONE', *, *, #3026, .T. ) ;
#2014 = FACE_OUTER_BOUND ( 'NONE', #2508, .T. ) ;
#2015 = EDGE_CURVE ( 'NONE', #915, #3565, #603, .T. ) ;
#2016 = VECTOR ( 'NONE', #2836, 1000.000000000000000 ) ;
#2017 = SURFACE_STYLE_FILL_AREA ( #869 ) ;
#2018 = ORIENTED_EDGE ( 'NONE', *, *, #3335, .T. ) ;
#2019 = FACE_OUTER_BOUND ( 'NONE', #3080, .T. ) ;
#2020 = SURFACE_STYLE_USAGE ( .BOTH. , #1712 ) ;
#2021 = DIRECTION ( 'NONE',  ( 0.000000000000000000, -1.000000000000000000, 0.000000000000000000 ) ) ;
#2022 = ORIENTED_EDGE ( 'NONE', *, *, #1474, .F. ) ;
#2023 = CARTESIAN_POINT ( 'NONE',  ( 9.899999999999998579, -9.149999999999801403, 5.200000000000001066 ) ) ;
#2024 = ADVANCED_FACE ( 'NONE', ( #1262 ), #1027, .F. ) ;
#2025 = VERTEX_POINT ( 'NONE', #3193 ) ;
#2026 =( NAMED_UNIT ( * ) PLANE_ANGLE_UNIT ( ) SI_UNIT ( $, .RADIAN. ) );
#2027 = DIRECTION ( 'NONE',  ( 0.000000000000000000, 0.000000000000000000, -1.000000000000000000 ) ) ;
#2028 = ORIENTED_EDGE ( 'NONE', *, *, #441, .T. ) ;
#2029 =( LENGTH_UNIT ( ) NAMED_UNIT ( * ) SI_UNIT ( .MILLI., .METRE. ) );
#2030 = CARTESIAN_POINT ( 'NONE',  ( 9.399999999999790745, -9.899999999999998579, 7.000000000000000000 ) ) ;
#2031 = DIRECTION ( 'NONE',  ( -3.414809992080326558E-17, 1.000000000000000000, 0.000000000000000000 ) ) ;
#2032 = ORIENTED_EDGE ( 'NONE', *, *, #885, .T. ) ;
#2033 = VECTOR ( 'NONE', #706, 1000.000000000000000 ) ;
#2034 = LINE ( 'NONE', #2934, #1601 ) ;
#2035 = MECHANICAL_DESIGN_GEOMETRIC_PRESENTATION_REPRESENTATION (  '', ( #1281 ), #3460 ) ;
#2036 = DIRECTION ( 'NONE',  ( 2.684499212375534671E-14, -1.073561914934135011E-14, 1.000000000000000000 ) ) ;
#2037 = DIRECTION ( 'NONE',  ( 0.000000000000000000, 0.000000000000000000, -1.000000000000000000 ) ) ;
#2038 = CARTESIAN_POINT ( 'NONE',  ( -9.788653876656200126, 0.2785714285716013872, -3.499999999999999556 ) ) ;
#2039 = ORIENTED_EDGE ( 'NONE', *, *, #1804, .F. ) ;
#2040 = PRESENTATION_LAYER_ASSIGNMENT (  '', '', ( #658 ) ) ;
#2041 = VECTOR ( 'NONE', #611, 1000.000000000000000 ) ;
#2042 = CARTESIAN_POINT ( 'NONE',  ( -9.349999999999994316, 9.900000000000005684, 0.000000000000000000 ) ) ;
#2043 = COLOUR_RGB ( '',1.000000000000000000, 1.000000000000000000, 1.000000000000000000 ) ;
#2044 = DIRECTION ( 'NONE',  ( 0.000000000000000000, 0.000000000000000000, -1.000000000000000000 ) ) ;
#2045 = VERTEX_POINT ( 'NONE', #2574 ) ;
#2046 = MECHANICAL_DESIGN_GEOMETRIC_PRESENTATION_REPRESENTATION (  '', ( #1541 ), #1658 ) ;
#2047 = AXIS2_PLACEMENT_3D ( 'NONE', #2313, #3261, #1398 ) ;
#2048 = VECTOR ( 'NONE', #3426, 1000.000000000000000 ) ;
#2049 = CARTESIAN_POINT ( 'NONE',  ( -9.435714285713999061, -0.1855768722396184400, 7.200000000000000178 ) ) ;
#2050 = UNCERTAINTY_MEASURE_WITH_UNIT (LENGTH_MEASURE( 1.000000000000000082E-05 ), #617, 'distance_accuracy_value', 'NONE');
#2051 = FACE_BOUND ( 'NONE', #2386, .T. ) ;
#2052 = AXIS2_PLACEMENT_3D ( 'NONE', #2558, #778, #3119 ) ;
#2053 = ORIENTED_EDGE ( 'NONE', *, *, #2007, .T. ) ;
#2054 = PRESENTATION_STYLE_ASSIGNMENT (( #1383 ) ) ;
#2055 = AXIS2_PLACEMENT_3D ( 'NONE', #2247, #3425, #883 ) ;
#2056 = EDGE_CURVE ( 'NONE', #2196, #2797, #3779, .T. ) ;
#2057 = AXIS2_PLACEMENT_3D ( 'NONE', #3328, #3001, #951 ) ;
#2058 = DIRECTION ( 'NONE',  ( -0.4211535777250244861, -0.9069893406040733241, 0.000000000000000000 ) ) ;
#2059 = EDGE_CURVE ( 'NONE', #3383, #3671, #2265, .T. ) ;
#2060 = PRESENTATION_STYLE_ASSIGNMENT (( #1790 ) ) ;
#2061 = ORIENTED_EDGE ( 'NONE', *, *, #2911, .T. ) ;
#2062 = CARTESIAN_POINT ( 'NONE',  ( 12.19999999999999574, -12.20000000000000995, 12.69999999999999929 ) ) ;
#2063 = ADVANCED_FACE ( 'NONE', ( #2822 ), #2006, .F. ) ;
#2064 = FILL_AREA_STYLE ('',( #592 ) ) ;
#2065 = FILL_AREA_STYLE_COLOUR ( '', #1857 ) ;
#2066 = ORIENTED_EDGE ( 'NONE', *, *, #2931, .T. ) ;
#2067 = ADVANCED_FACE ( 'NONE', ( #3738, #2528 ), #519, .F. ) ;
#2068 = CIRCLE ( 'NONE', #1735, 0.5500000000000001554 ) ;
#2069 = DIRECTION ( 'NONE',  ( -0.2829836251474292519, -0.9591247405308754859, 0.000000000000000000 ) ) ;
#2070 = SURFACE_STYLE_USAGE ( .BOTH. , #264 ) ;
#2071 = PRESENTATION_LAYER_ASSIGNMENT (  '', '', ( #1070 ) ) ;
#2072 = VERTEX_POINT ( 'NONE', #222 ) ;
#2073 = DIRECTION ( 'NONE',  ( 0.000000000000000000, 0.000000000000000000, -1.000000000000000000 ) ) ;
#2074 = CARTESIAN_POINT ( 'NONE',  ( 0.000000000000000000, 11.95000000000000639, 12.20000000000000107 ) ) ;
#2075 = PLANE ( 'NONE',  #1908 ) ;
#2076 = EDGE_CURVE ( 'NONE', #2933, #11, #775, .T. ) ;
#2077 = DIRECTION ( 'NONE',  ( 3.251084422416255068E-32, -9.592116818991199360E-33, -1.000000000000000000 ) ) ;
#2078 = VERTEX_POINT ( 'NONE', #2552 ) ;
#2079 = DIRECTION ( 'NONE',  ( 1.000000000000000000, 0.000000000000000000, 0.000000000000000000 ) ) ;
#2080 = DIRECTION ( 'NONE',  ( -1.000000000000000000, 2.817628020665322285E-16, 2.501766609590479982E-14 ) ) ;
#2081 = CARTESIAN_POINT ( 'NONE',  ( -9.899999999999995026, 9.900000000000016342, 2.199999999999999734 ) ) ;
#2082 = ORIENTED_EDGE ( 'NONE', *, *, #2719, .F. ) ;
#2083 = DIRECTION ( 'NONE',  ( 0.000000000000000000, 0.000000000000000000, -1.000000000000000000 ) ) ;
#2084 =( NAMED_UNIT ( * ) PLANE_ANGLE_UNIT ( ) SI_UNIT ( $, .RADIAN. ) );
#2085 = VERTEX_POINT ( 'NONE', #1071 ) ;
#2086 = CARTESIAN_POINT ( 'NONE',  ( -10.44999999999999396, 9.900000000000005684, 0.000000000000000000 ) ) ;
#2087 = ORIENTED_EDGE ( 'NONE', *, *, #1565, .T. ) ;
#2088 = CARTESIAN_POINT ( 'NONE',  ( -10.17836530835934639, -0.6964285714287526963, 2.199999999999949996 ) ) ;
#2089 = FILL_AREA_STYLE ('',( #2720 ) ) ;
#2090 = CARTESIAN_POINT ( 'NONE',  ( 9.899999999999998579, 9.900000000000000355, -3.499999999999999556 ) ) ;
#2091 = ORIENTED_EDGE ( 'NONE', *, *, #811, .T. ) ;
#2092 = CARTESIAN_POINT ( 'NONE',  ( -9.350000000000001421, -9.899999999999991473, 0.000000000000000000 ) ) ;
#2093 = LINE ( 'NONE', #362, #1778 ) ;
#2094 = AXIS2_PLACEMENT_3D ( 'NONE', #1858, #725, #1936 ) ;
#2095 = CIRCLE ( 'NONE', #543, 0.5500000000000001554 ) ;
#2096 = CARTESIAN_POINT ( 'NONE',  ( 9.899999999999991473, -9.899999999999998579, 2.199999999999999734 ) ) ;
#2097 = ORIENTED_EDGE ( 'NONE', *, *, #2144, .F. ) ;
#2098 = STYLED_ITEM ( 'NONE', ( #2960 ), #1962 ) ;
#2099 = EDGE_CURVE ( 'NONE', #1419, #2143, #1961, .T. ) ;
#2100 = CARTESIAN_POINT ( 'NONE',  ( 11.95000000000000284, 11.95000000000000284, 11.70000000000000107 ) ) ;
#2101 = DIRECTION ( 'NONE',  ( 0.000000000000000000, -1.000000000000000000, 0.000000000000000000 ) ) ;
#2102 = ADVANCED_FACE ( 'NONE', ( #1410 ), #3458, .F. ) ;
#2103 = ORIENTED_EDGE ( 'NONE', *, *, #3194, .F. ) ;
#2104 = PRESENTATION_LAYER_ASSIGNMENT (  '', '', ( #2914 ) ) ;
#2105 = SURFACE_SIDE_STYLE ('',( #2442 ) ) ;
#2106 = AXIS2_PLACEMENT_3D ( 'NONE', #2917, #577, #529 ) ;
#2107 = AXIS2_PLACEMENT_3D ( 'NONE', #702, #2152, #1284 ) ;
#2108 = ORIENTED_EDGE ( 'NONE', *, *, #3742, .T. ) ;
#2109 = DIRECTION ( 'NONE',  ( 0.000000000000000000, 0.000000000000000000, 1.000000000000000000 ) ) ;
#2110 = AXIS2_PLACEMENT_3D ( 'NONE', #341, #2459, #3663 ) ;
#2111 = VECTOR ( 'NONE', #2637, 1000.000000000000000 ) ;
#2112 = DIRECTION ( 'NONE',  ( 2.663612590832304811E-14, -7.803307572648679205E-15, 1.000000000000000000 ) ) ;
#2113 = ORIENTED_EDGE ( 'NONE', *, *, #1521, .T. ) ;
#2114 = AXIS2_PLACEMENT_3D ( 'NONE', #2805, #739, #1639 ) ;
#2115 = CARTESIAN_POINT ( 'NONE',  ( -12.69999999999999574, 12.20000000000000639, 0.5000000000000000000 ) ) ;
#2116 = AXIS2_PLACEMENT_3D ( 'NONE', #334, #1577, #1566 ) ;
#2117 = DIRECTION ( 'NONE',  ( 1.000000000000000000, -2.817628020665322285E-16, -5.742996519033949964E-17 ) ) ;
#2118 = FACE_OUTER_BOUND ( 'NONE', #260, .T. ) ;
#2119 = DIRECTION ( 'NONE',  ( 0.000000000000000000, -1.000000000000000000, 0.000000000000000000 ) ) ;
#2120 = VERTEX_POINT ( 'NONE', #143 ) ;
#2121 = DIRECTION ( 'NONE',  ( 1.000000000000000000, 3.414809992080326558E-17, 0.000000000000000000 ) ) ;
#2122 = LINE ( 'NONE', #3329, #2576 ) ;
#2123 = ADVANCED_FACE ( 'NONE', ( #3422 ), #3500, .F. ) ;
#2124 =( GEOMETRIC_REPRESENTATION_CONTEXT ( 3 ) GLOBAL_UNCERTAINTY_ASSIGNED_CONTEXT ( ( #439 ) ) GLOBAL_UNIT_ASSIGNED_CONTEXT ( ( #924, #59, #685 ) ) REPRESENTATION_CONTEXT ( 'NONE', 'WORKASPACE' ) );
#2125 = EDGE_LOOP ( 'NONE', ( #2278, #2991, #3406 ) ) ;
#2126 = EDGE_CURVE ( 'NONE', #1141, #2938, #1715, .T. ) ;
#2127 = CIRCLE ( 'NONE', #1998, 0.3000000000002448486 ) ;
#2128 = SURFACE_SIDE_STYLE ('',( #1781 ) ) ;
#2129 = DIRECTION ( 'NONE',  ( 1.000000000000000000, 0.000000000000000000, 0.000000000000000000 ) ) ;
#2130 = VERTEX_POINT ( 'NONE', #2400 ) ;
#2131 = CARTESIAN_POINT ( 'NONE',  ( 12.20000000000000284, 12.70000000000000995, 12.20000000000000107 ) ) ;
#2132 =( NAMED_UNIT ( * ) PLANE_ANGLE_UNIT ( ) SI_UNIT ( $, .RADIAN. ) );
#2133 = SURFACE_STYLE_USAGE ( .BOTH. , #976 ) ;
#2134 = VERTEX_POINT ( 'NONE', #2361 ) ;
#2135 = SURFACE_SIDE_STYLE ('',( #2407 ) ) ;
#2136 = DIRECTION ( 'NONE',  ( -1.506664770967236337E-17, -5.106583311200838694E-17, -1.000000000000000000 ) ) ;
#2137 = CARTESIAN_POINT ( 'NONE',  ( -9.899999999999995026, 9.900000000000016342, 7.000000000000000000 ) ) ;
#2138 = ORIENTED_EDGE ( 'NONE', *, *, #2341, .F. ) ;
#2139 = COLOUR_RGB ( '',1.000000000000000000, 1.000000000000000000, 1.000000000000000000 ) ;
#2140 = CARTESIAN_POINT ( 'NONE',  ( -10.17857142857159936, 0.1113461233438074044, 7.200000000000000178 ) ) ;
#2141 = STYLED_ITEM ( 'NONE', ( #2603 ), #2456 ) ;
#2142 =( NAMED_UNIT ( * ) SI_UNIT ( $, .STERADIAN. ) SOLID_ANGLE_UNIT ( ) );
#2143 = VERTEX_POINT ( 'NONE', #2696 ) ;
#2144 = EDGE_CURVE ( 'NONE', #3786, #2918, #1737, .T. ) ;
#2145 = ORIENTED_EDGE ( 'NONE', *, *, #2223, .F. ) ;
#2146 = CARTESIAN_POINT ( 'NONE',  ( 305.3542658698589776, -9.900000000000041211, -3.499999999999999556 ) ) ;
#2147 = CARTESIAN_POINT ( 'NONE',  ( -9.446505329697748365, -10.11057678886259303, 5.200000000000001066 ) ) ;
#2148 =( NAMED_UNIT ( * ) SI_UNIT ( $, .STERADIAN. ) SOLID_ANGLE_UNIT ( ) );
#2149 = ORIENTED_EDGE ( 'NONE', *, *, #1125, .F. ) ;
#2150 = DIRECTION ( 'NONE',  ( 3.100757185579769905E-16, 1.000000000000000000, 0.000000000000000000 ) ) ;
#2151 = DIRECTION ( 'NONE',  ( 0.000000000000000000, 0.000000000000000000, -1.000000000000000000 ) ) ;
#2152 = DIRECTION ( 'NONE',  ( 0.000000000000000000, 0.000000000000000000, -1.000000000000000000 ) ) ;
#2153 = FACE_OUTER_BOUND ( 'NONE', #401, .T. ) ;
#2154 = ORIENTED_EDGE ( 'NONE', *, *, #207, .T. ) ;
#2155 = DIRECTION ( 'NONE',  ( -1.563451298009324599E-16, 5.871987991305593450E-17, 1.000000000000000000 ) ) ;
#2156 = PLANE ( 'NONE',  #376 ) ;
#2157 = PRESENTATION_LAYER_ASSIGNMENT (  '', '', ( #1838 ) ) ;
#2158 = PRESENTATION_STYLE_ASSIGNMENT (( #1881 ) ) ;
#2159 = CIRCLE ( 'NONE', #223, 0.5000000000002711165 ) ;
#2160 = ORIENTED_EDGE ( 'NONE', *, *, #1824, .F. ) ;
#2161 = ADVANCED_FACE ( 'NONE', ( #3600 ), #581, .F. ) ;
#2162 = PLANE ( 'NONE',  #3099 ) ;
#2163 = AXIS2_PLACEMENT_3D ( 'NONE', #704, #631, #76 ) ;
#2164 = DIRECTION ( 'NONE',  ( 2.516871016324649737E-14, -1.170077625225466768E-14, 1.000000000000000000 ) ) ;
#2165 = FACE_BOUND ( 'NONE', #269, .T. ) ;
#2166 = VERTEX_POINT ( 'NONE', #1434 ) ;
#2167 = FACE_OUTER_BOUND ( 'NONE', #3367, .T. ) ;
#2168 = EDGE_CURVE ( 'NONE', #2130, #1940, #3016, .T. ) ;
#2169 = AXIS2_PLACEMENT_3D ( 'NONE', #1304, #2175, #3341 ) ;
#2170 = CONICAL_SURFACE ( 'NONE', #1177, 0.3000000000002445155, 0.7853981633975168908 ) ;
#2171 = STYLED_ITEM ( 'NONE', ( #2885 ), #1146 ) ;
#2172 = EDGE_CURVE ( 'NONE', #2722, #1173, #1878, .T. ) ;
#2173 = DIRECTION ( 'NONE',  ( -0.9285714285714286031, 0.3711537444790449225, 2.775557561561493490E-14 ) ) ;
#2174 = AXIS2_PLACEMENT_3D ( 'NONE', #1394, #3776, #1169 ) ;
#2175 = DIRECTION ( 'NONE',  ( 2.705782887836759613E-17, -4.345056020036487674E-18, -1.000000000000000000 ) ) ;
#2176 = EDGE_LOOP ( 'NONE', ( #2590, #1219 ) ) ;
#2178 = EDGE_CURVE ( 'NONE', #1325, #1346, #3810, .T. ) ;
#2177 = CIRCLE ( 'NONE', #3299, 0.5000000000002221556 ) ;
#2179 =( GEOMETRIC_REPRESENTATION_CONTEXT ( 3 ) GLOBAL_UNCERTAINTY_ASSIGNED_CONTEXT ( ( #3137 ) ) GLOBAL_UNIT_ASSIGNED_CONTEXT ( ( #2358, #1771, #1189 ) ) REPRESENTATION_CONTEXT ( 'NONE', 'WORKASPACE' ) );
#2180 = CARTESIAN_POINT ( 'NONE',  ( 258.0738697799639567, -134.3316211252111430, -3.499999999999950262 ) ) ;
#2181 = DIRECTION ( 'NONE',  ( -5.742996519033948731E-17, 2.295498867382636192E-17, -1.000000000000000000 ) ) ;
#2182 = EDGE_CURVE ( 'NONE', #3433, #1555, #1209, .T. ) ;
#2183 =( LENGTH_UNIT ( ) NAMED_UNIT ( * ) SI_UNIT ( .MILLI., .METRE. ) );
#2184 = CIRCLE ( 'NONE', #498, 0.3000000000002445155 ) ;
#2185 = ORIENTED_EDGE ( 'NONE', *, *, #38, .F. ) ;
#2186 = DIRECTION ( 'NONE',  ( 0.000000000000000000, 0.000000000000000000, -1.000000000000000000 ) ) ;
#2187 = DIRECTION ( 'NONE',  ( 0.4211535777250257628, 0.9069893406040727690, 0.000000000000000000 ) ) ;
#2188 = STYLED_ITEM ( 'NONE', ( #1867 ), #712 ) ;
#2189 = DIRECTION ( 'NONE',  ( 0.000000000000000000, 0.000000000000000000, -1.000000000000000000 ) ) ;
#2190 = EDGE_LOOP ( 'NONE', ( #2082, #2979 ) ) ;
#2191 = DIRECTION ( 'NONE',  ( -0.9069893406040747674, 0.4211535777250212664, 2.891205793292305807E-14 ) ) ;
#2192 = EDGE_CURVE ( 'NONE', #2503, #1663, #3012, .T. ) ;
#2193 = LINE ( 'NONE', #111, #3031 ) ;
#2194 = EDGE_CURVE ( 'NONE', #1581, #3650, #1260, .T. ) ;
#2195 = CARTESIAN_POINT ( 'NONE',  ( -12.69999999999995133, -12.70000000000000284, 12.20000000000000107 ) ) ;
#2196 = VERTEX_POINT ( 'NONE', #1258 ) ;
#2197 = CARTESIAN_POINT ( 'NONE',  ( 9.781085435052405685, 9.159487119461381610, 5.200000000000001066 ) ) ;
#2198 = DIRECTION ( 'NONE',  ( -0.4211535777250257628, -0.9069893406040727690, 0.000000000000000000 ) ) ;
#2199 = SURFACE_STYLE_USAGE ( .BOTH. , #2105 ) ;
#2200 = ORIENTED_EDGE ( 'NONE', *, *, #1072, .F. ) ;
#2201 = AXIS2_PLACEMENT_3D ( 'NONE', #1595, #2798, #354 ) ;
#2202 = ORIENTED_EDGE ( 'NONE', *, *, #1261, .T. ) ;
#2203 = DIRECTION ( 'NONE',  ( 3.100757185579769905E-16, 1.000000000000000000, 0.000000000000000000 ) ) ;
#2204 = DIRECTION ( 'NONE',  ( -1.000000000000000000, 5.971819714150072316E-17, -0.000000000000000000 ) ) ;
#2205 = FACE_OUTER_BOUND ( 'NONE', #3760, .T. ) ;
#2206 = VERTEX_POINT ( 'NONE', #969 ) ;
#2207 = LINE ( 'NONE', #2810, #2869 ) ;
#2208 = DIRECTION ( 'NONE',  ( 0.000000000000000000, 0.000000000000000000, 1.000000000000000000 ) ) ;
#2209 = ORIENTED_EDGE ( 'NONE', *, *, #3834, .F. ) ;
#2210 = ORIENTED_EDGE ( 'NONE', *, *, #518, .F. ) ;
#2211 = FACE_OUTER_BOUND ( 'NONE', #1194, .T. ) ;
#2212 = FACE_OUTER_BOUND ( 'NONE', #846, .T. ) ;
#2213 =( NAMED_UNIT ( * ) SI_UNIT ( $, .STERADIAN. ) SOLID_ANGLE_UNIT ( ) );
#2214 = ORIENTED_EDGE ( 'NONE', *, *, #1121, .T. ) ;
#2215 = ADVANCED_FACE ( 'NONE', ( #988 ), #634, .F. ) ;
#2216 = DIRECTION ( 'NONE',  ( 2.854563732286625217E-14, -4.588431443798437864E-15, 1.000000000000000000 ) ) ;
#2217 = ADVANCED_FACE ( 'NONE', ( #2488 ), #2506, .T. ) ;
#2218 = EDGE_LOOP ( 'NONE', ( #3450, #539, #2622, #1516 ) ) ;
#2219 = CARTESIAN_POINT ( 'NONE',  ( 12.20000000000000284, 12.20000000000000995, 0.5000000000000000000 ) ) ;
#2220 = COLOUR_RGB ( '',0.7921568627450980005, 0.8196078431372548767, 0.9333333333333333481 ) ;
#2221 = DIRECTION ( 'NONE',  ( 0.000000000000000000, 0.000000000000000000, -1.000000000000000000 ) ) ;
#2222 = DIRECTION ( 'NONE',  ( -4.183552017497453894E-16, -1.000000000000000000, -0.000000000000000000 ) ) ;
#2223 = EDGE_CURVE ( 'NONE', #3736, #2776, #693, .T. ) ;
#2224 = ORIENTED_EDGE ( 'NONE', *, *, #555, .T. ) ;
#2225 = CONICAL_SURFACE ( 'NONE', #2295, 0.3000000000002479017, 0.7853981633975168908 ) ;
#2226 = CARTESIAN_POINT ( 'NONE',  ( 9.900000000000096279, -9.899999999999998579, 7.200000000000000178 ) ) ;
#2227 = LINE ( 'NONE', #1951, #3708 ) ;
#2228 = CARTESIAN_POINT ( 'NONE',  ( 12.19999999999999574, -12.20000000000000995, 0.000000000000000000 ) ) ;
#2229 = ORIENTED_EDGE ( 'NONE', *, *, #435, .T. ) ;
#2230 = PRESENTATION_LAYER_ASSIGNMENT (  '', '', ( #1288 ) ) ;
#2231 = CIRCLE ( 'NONE', #98, 0.5000000000002227107 ) ;
#2232 = ORIENTED_EDGE ( 'NONE', *, *, #3144, .F. ) ;
#2233 =( LENGTH_UNIT ( ) NAMED_UNIT ( * ) SI_UNIT ( .MILLI., .METRE. ) );
#2234 = CIRCLE ( 'NONE', #2736, 0.3000000000001894485 ) ;
#2235 = DIRECTION ( 'NONE',  ( 1.000000000000000000, 0.000000000000000000, 0.000000000000000000 ) ) ;
#2236 = AXIS2_PLACEMENT_3D ( 'NONE', #3387, #759, #193 ) ;
#2237 = LINE ( 'NONE', #750, #3781 ) ;
#2238 = EDGE_LOOP ( 'NONE', ( #1683, #2661 ) ) ;
#2239 = AXIS2_PLACEMENT_3D ( 'NONE', #433, #2843, #1329 ) ;
#2240 = CIRCLE ( 'NONE', #2057, 0.5000000000000004441 ) ;
#2241 = DIRECTION ( 'NONE',  ( -1.000000000000000000, 0.000000000000000000, 0.000000000000000000 ) ) ;
#2242 = EDGE_CURVE ( 'NONE', #299, #1501, #580, .T. ) ;
#2243 = ADVANCED_FACE ( 'NONE', ( #1819, #672 ), #2156, .F. ) ;
#2244 = VERTEX_POINT ( 'NONE', #3619 ) ;
#2245 = EDGE_CURVE ( 'NONE', #299, #2999, #2122, .T. ) ;
#2246 = CLOSED_SHELL ( 'NONE', ( #2435, #3212, #1300, #1003, #1757, #2067, #2978, #3173, #1452, #3445, #184, #112, #2886, #1579 ) ) ;
#2247 = CARTESIAN_POINT ( 'NONE',  ( -9.899999999999995026, 9.900000000000016342, 7.200000000000000178 ) ) ;
#2248 = UNCERTAINTY_MEASURE_WITH_UNIT (LENGTH_MEASURE( 1.000000000000000082E-05 ), #2332, 'distance_accuracy_value', 'NONE');
#2249 = CARTESIAN_POINT ( 'NONE',  ( 9.899999999999998579, 9.900000000000000355, 2.199999999999999734 ) ) ;
#2250 = ORIENTED_EDGE ( 'NONE', *, *, #3640, .F. ) ;
#2251 = CARTESIAN_POINT ( 'NONE',  ( -11.94999999999999574, 12.45000000000000639, 0.5000000000000000000 ) ) ;
#2252 = UNCERTAINTY_MEASURE_WITH_UNIT (LENGTH_MEASURE( 1.000000000000000082E-05 ), #1810, 'distance_accuracy_value', 'NONE');
#2253 = CARTESIAN_POINT ( 'NONE',  ( 9.899999999999991473, -9.899999999999998579, 5.200000000000001066 ) ) ;
#2254 = AXIS2_PLACEMENT_3D ( 'NONE', #2276, #197, #3467 ) ;
#2255 = CARTESIAN_POINT ( 'NONE',  ( -9.900000000000002132, -9.899999999999991473, 0.000000000000000000 ) ) ;
#2256 = PRESENTATION_STYLE_ASSIGNMENT (( #463 ) ) ;
#2257 = EDGE_CURVE ( 'NONE', #2300, #3481, #2775, .T. ) ;
#2258 = EDGE_LOOP ( 'NONE', ( #3041, #769, #1991, #3754 ) ) ;
#2259 = ORIENTED_EDGE ( 'NONE', *, *, #3325, .F. ) ;
#2260 = LINE ( 'NONE', #2587, #31 ) ;
#2261 = CARTESIAN_POINT ( 'NONE',  ( -9.899999999999950617, -9.899999999999991473, 7.000000000000000000 ) ) ;
#2262 = CARTESIAN_POINT ( 'NONE',  ( 9.781085435052405685, 9.159487119461381610, 2.199999999999999734 ) ) ;
#2263 = ORIENTED_EDGE ( 'NONE', *, *, #2099, .F. ) ;
#2264 = SURFACE_SIDE_STYLE ('',( #2527 ) ) ;
#2265 = LINE ( 'NONE', #3181, #919 ) ;
#2266 = VERTEX_POINT ( 'NONE', #1528 ) ;
#2268 = ADVANCED_FACE ( 'NONE', ( #385 ), #3674, .F. ) ;
#2267 = DIRECTION ( 'NONE',  ( -2.684499212375534671E-14, 1.073561914934135011E-14, -1.000000000000000000 ) ) ;
#2269 = AXIS2_PLACEMENT_3D ( 'NONE', #3292, #3520, #854 ) ;
#2270 = CARTESIAN_POINT ( 'NONE',  ( -9.900000000000002132, -9.899999999999991473, -3.499999999999999556 ) ) ;
#2271 = LINE ( 'NONE', #740, #1914 ) ;
#2272 = ORIENTED_EDGE ( 'NONE', *, *, #3352, .T. ) ;
#2273 = DIRECTION ( 'NONE',  ( -0.9069893406040736572, 0.4211535777250236534, 2.775557561561650631E-14 ) ) ;
#2274 = EDGE_CURVE ( 'NONE', #582, #265, #3258, .T. ) ;
#2275 = LINE ( 'NONE', #743, #1536 ) ;
#2276 = CARTESIAN_POINT ( 'NONE',  ( 0.000000000000000000, 4.336808689942017736E-15, 0.5000000000000000000 ) ) ;
#2277 = ORIENTED_EDGE ( 'NONE', *, *, #3839, .F. ) ;
#2278 = ORIENTED_EDGE ( 'NONE', *, *, #280, .T. ) ;
#2279 = SURFACE_STYLE_FILL_AREA ( #1087 ) ;
#2280 = CYLINDRICAL_SURFACE ( 'NONE', #1943, 0.5000000000002228218 ) ;
#2281 = DIRECTION ( 'NONE',  ( 2.740378392009259870E-14, -4.405067988288997749E-15, 1.000000000000000000 ) ) ;
#2282 = ORIENTED_EDGE ( 'NONE', *, *, #1243, .T. ) ;
#2283 = EDGE_CURVE ( 'NONE', #601, #3750, #764, .T. ) ;
#2284 = DIRECTION ( 'NONE',  ( 2.516871016324534564E-14, -1.170077625225412652E-14, 1.000000000000000000 ) ) ;
#2285 = ORIENTED_EDGE ( 'NONE', *, *, #1072, .T. ) ;
#2286 = DIRECTION ( 'NONE',  ( 1.000000000000000000, 0.000000000000000000, 0.000000000000000000 ) ) ;
#2287 = DIRECTION ( 'NONE',  ( -0.1585527532634843362, -0.9873505073845704194, 0.000000000000000000 ) ) ;
#2288 = EDGE_LOOP ( 'NONE', ( #2466, #3076, #2884, #1600 ) ) ;
#2289 = AXIS2_PLACEMENT_3D ( 'NONE', #3494, #575, #591 ) ;
#2290 = LINE ( 'NONE', #3466, #404 ) ;
#2291 = AXIS2_PLACEMENT_3D ( 'NONE', #2498, #1016, #1607 ) ;
#2292 = EDGE_CURVE ( 'NONE', #3650, #1581, #3627, .T. ) ;
#2293 = ORIENTED_EDGE ( 'NONE', *, *, #3380, .F. ) ;
#2294 = EDGE_CURVE ( 'NONE', #2401, #2717, #1136, .T. ) ;
#2295 = AXIS2_PLACEMENT_3D ( 'NONE', #3858, #638, #267 ) ;
#2296 =( LENGTH_UNIT ( ) NAMED_UNIT ( * ) SI_UNIT ( .MILLI., .METRE. ) );
#2297 = AXIS2_PLACEMENT_3D ( 'NONE', #1597, #1915, #2129 ) ;
#2298 = AXIS2_PLACEMENT_3D ( 'NONE', #489, #1335, #3431 ) ;
#2299 = DIRECTION ( 'NONE',  ( 0.000000000000000000, 0.000000000000000000, -1.000000000000000000 ) ) ;
#2300 = VERTEX_POINT ( 'NONE', #2858 ) ;
#2301 = CONICAL_SURFACE ( 'NONE', #167, 0.3000000000001893929, 0.7853981633975168908 ) ;
#2302 = CIRCLE ( 'NONE', #989, 0.5500000000000001554 ) ;
#2303 = EDGE_CURVE ( 'NONE', #2797, #2196, #1818, .T. ) ;
#2304 = DIRECTION ( 'NONE',  ( -1.000000000000000000, 2.817628020665322285E-16, -1.563451298009324845E-16 ) ) ;
#2305 = CIRCLE ( 'NONE', #990, 0.5000000000000004441 ) ;
#2306 = EDGE_CURVE ( 'NONE', #2717, #915, #2897, .T. ) ;
#2307 = ORIENTED_EDGE ( 'NONE', *, *, #620, .T. ) ;
#2308 = AXIS2_PLACEMENT_3D ( 'NONE', #1756, #2695, #262 ) ;
#2309 = CYLINDRICAL_SURFACE ( 'NONE', #487, 0.5000000000002517986 ) ;
#2310 = CARTESIAN_POINT ( 'NONE',  ( -12.19999999999995133, -12.20000000000000284, 12.20000000000000107 ) ) ;
#2311 = ORIENTED_EDGE ( 'NONE', *, *, #732, .T. ) ;
#2312 = DIRECTION ( 'NONE',  ( -5.551115123125779004E-17, 2.775557561562886421E-17, -1.000000000000000000 ) ) ;
#2313 = CARTESIAN_POINT ( 'NONE',  ( -11.95000000000000284, -11.94999999999999218, 12.20000000000000107 ) ) ;
#2314 = CIRCLE ( 'NONE', #3557, 0.5000000000000004441 ) ;
#2315 = CARTESIAN_POINT ( 'NONE',  ( 10.39367525369259937, 9.820723623368222022, 7.200000000000000178 ) ) ;
#2316 = ORIENTED_EDGE ( 'NONE', *, *, #2015, .F. ) ;
#2317 = LINE ( 'NONE', #3822, #1061 ) ;
#2318 = ADVANCED_FACE ( 'NONE', ( #3734 ), #2280, .T. ) ;
#2319 = AXIS2_PLACEMENT_3D ( 'NONE', #1740, #2267, #1378 ) ;
#2320 = FACE_OUTER_BOUND ( 'NONE', #3125, .T. ) ;
#2321 = DIRECTION ( 'NONE',  ( 2.817628020665322285E-16, 1.000000000000000000, 0.000000000000000000 ) ) ;
#2322 = DIRECTION ( 'NONE',  ( -0.3711537444790481421, -0.9285714285714274929, 0.000000000000000000 ) ) ;
#2323 = ORIENTED_EDGE ( 'NONE', *, *, #2863, .F. ) ;
#2324 = CARTESIAN_POINT ( 'NONE',  ( -9.900000000000002132, -9.899999999999991473, 2.199999999999999734 ) ) ;
#2325 = CARTESIAN_POINT ( 'NONE',  ( 11.95000000000000284, 11.95000000000000284, 11.70000000000000107 ) ) ;
#2326 = EDGE_LOOP ( 'NONE', ( #1119, #2282, #1396, #2154, #1252, #578, #2330, #619 ) ) ;
#2327 = SHAPE_DEFINITION_REPRESENTATION ( #1180, #52 ) ;
#2328 = UNCERTAINTY_MEASURE_WITH_UNIT (LENGTH_MEASURE( 1.000000000000000082E-05 ), #792, 'distance_accuracy_value', 'NONE');
#2329 = DIRECTION ( 'NONE',  ( 3.414809992080326558E-17, -1.000000000000000000, 0.000000000000000000 ) ) ;
#2330 = ORIENTED_EDGE ( 'NONE', *, *, #3333, .F. ) ;
#2331 = AXIS2_PLACEMENT_3D ( 'NONE', #3752, #495, #217 ) ;
#2332 =( LENGTH_UNIT ( ) NAMED_UNIT ( * ) SI_UNIT ( .MILLI., .METRE. ) );
#2333 = LINE ( 'NONE', #1279, #3003 ) ;
#2334 = ORIENTED_EDGE ( 'NONE', *, *, #2931, .F. ) ;
#2335 = AXIS2_PLACEMENT_3D ( 'NONE', #3209, #1758, #3854 ) ;
#2336 = CYLINDRICAL_SURFACE ( 'NONE', #852, 0.7500000000001958433 ) ;
#2337 = DIRECTION ( 'NONE',  ( 2.775557561562890089E-14, -3.457101876425393982E-30, 1.000000000000000000 ) ) ;
#2338 = CARTESIAN_POINT ( 'NONE',  ( -12.69999999999999574, 12.20000000000000639, 0.000000000000000000 ) ) ;
#2339 = ORIENTED_EDGE ( 'NONE', *, *, #1474, .T. ) ;
#2340 = CARTESIAN_POINT ( 'NONE',  ( 10.45000000000000107, 9.900000000000000355, 0.000000000000000000 ) ) ;
#2341 = EDGE_CURVE ( 'NONE', #3354, #2999, #136, .T. ) ;
#2342 = ORIENTED_EDGE ( 'NONE', *, *, #674, .T. ) ;
#2343 = ADVANCED_FACE ( 'NONE', ( #3767 ), #3376, .T. ) ;
#2344 = FILL_AREA_STYLE_COLOUR ( '', #1053 ) ;
#2345 = DIRECTION ( 'NONE',  ( -0.3711537444790481421, -0.9285714285714274929, 0.000000000000000000 ) ) ;
#2346 = ORIENTED_EDGE ( 'NONE', *, *, #460, .T. ) ;
#2347 = CARTESIAN_POINT ( 'NONE',  ( 9.820723623368305510, 9.406324746307490159, -3.499999999999999556 ) ) ;
#2348 = LINE ( 'NONE', #1809, #985 ) ;
#2349 = EDGE_CURVE ( 'NONE', #15, #3756, #1688, .T. ) ;
#2350 = DIRECTION ( 'NONE',  ( -1.000000000000000000, 0.000000000000000000, 0.000000000000000000 ) ) ;
#2351 = DIRECTION ( 'NONE',  ( 0.000000000000000000, 0.000000000000000000, -1.000000000000000000 ) ) ;
#2352 = VERTEX_POINT ( 'NONE', #1957 ) ;
#2353 = PRESENTATION_LAYER_ASSIGNMENT (  '', '', ( #92 ) ) ;
#2354 =( NAMED_UNIT ( * ) PLANE_ANGLE_UNIT ( ) SI_UNIT ( $, .RADIAN. ) );
#2355 = COLOUR_RGB ( '',0.7921568627450980005, 0.8196078431372548767, 0.9333333333333333481 ) ;
#2356 = CARTESIAN_POINT ( 'NONE',  ( -9.899999999999947065, 1.734723475976807094E-15, 7.200000000000000178 ) ) ;
#2357 = SPHERICAL_SURFACE ( 'NONE', #3771, 0.5000000000000000000 ) ;
#2358 =( LENGTH_UNIT ( ) NAMED_UNIT ( * ) SI_UNIT ( .MILLI., .METRE. ) );
#2359 = ORIENTED_EDGE ( 'NONE', *, *, #1121, .F. ) ;
#2360 = CARTESIAN_POINT ( 'NONE',  ( -9.899999999999998579, 1.734723475976807094E-15, 5.200000000000001066 ) ) ;
#2361 = CARTESIAN_POINT ( 'NONE',  ( -12.44999999999999574, 11.95000000000000995, 11.70000000000000107 ) ) ;
#2362 = ORIENTED_EDGE ( 'NONE', *, *, #570, .T. ) ;
#2363 = AXIS2_PLACEMENT_3D ( 'NONE', #1723, #3833, #2367 ) ;
#2364 = EDGE_CURVE ( 'NONE', #3512, #194, #899, .T. ) ;
#2365 = AXIS2_PLACEMENT_3D ( 'NONE', #3860, #1500, #2716 ) ;
#2366 = CARTESIAN_POINT ( 'NONE',  ( -9.899999999999950617, -9.899999999999991473, 7.200000000000000178 ) ) ;
#2367 = DIRECTION ( 'NONE',  ( -0.4211535777250244861, -0.9069893406040733241, 0.000000000000000000 ) ) ;
#2368 = CIRCLE ( 'NONE', #3732, 0.5000000000000004441 ) ;
#2369 = EDGE_CURVE ( 'NONE', #1141, #1886, #201, .T. ) ;
#2370 = ORIENTED_EDGE ( 'NONE', *, *, #1249, .F. ) ;
#2371 = CYLINDRICAL_SURFACE ( 'NONE', #2804, 0.5500000000000001554 ) ;
#2372 = CARTESIAN_POINT ( 'NONE',  ( -9.899999999999998579, 1.734723475976807094E-15, 2.199999999999949996 ) ) ;
#2373 = DIRECTION ( 'NONE',  ( 0.9591247405308757079, -0.2829836251474284192, -2.891205793292314012E-14 ) ) ;
#2374 = DIRECTION ( 'NONE',  ( 1.707404996040166237E-16, 1.000000000000000000, 0.000000000000000000 ) ) ;
#2375 = ORIENTED_EDGE ( 'NONE', *, *, #1854, .T. ) ;
#2376 = COLOUR_RGB ( '',1.000000000000000000, 1.000000000000000000, 1.000000000000000000 ) ;
#2377 = CARTESIAN_POINT ( 'NONE',  ( 12.20000000000000284, 12.69999999999999929, 0.000000000000000000 ) ) ;
#2378 = CARTESIAN_POINT ( 'NONE',  ( 0.000000000000000000, 4.336808689942017736E-15, 12.69999999999999929 ) ) ;
#2379 = AXIS2_PLACEMENT_3D ( 'NONE', #1869, #1080, #379 ) ;
#2380 = CARTESIAN_POINT ( 'NONE',  ( -10.18773742215949341, 9.984895087544316539, 7.200000000000000178 ) ) ;
#2381 = CYLINDRICAL_SURFACE ( 'NONE', #667, 0.5000000000002227107 ) ;
#2382 = AXIS2_PLACEMENT_3D ( 'NONE', #2640, #3243, #3818 ) ;
#2383 = DIRECTION ( 'NONE',  ( 2.501766609590484716E-14, -1.163064009242646986E-14, 1.000000000000000000 ) ) ;
#2384 = DIRECTION ( 'NONE',  ( 2.621762729764194535E-14, -1.218783291776466969E-14, 1.000000000000000000 ) ) ;
#2385 = AXIS2_PLACEMENT_3D ( 'NONE', #546, #1729, #3491 ) ;
#2386 = EDGE_LOOP ( 'NONE', ( #3313, #1407 ) ) ;
#2387 = SURFACE_SIDE_STYLE ('',( #1197 ) ) ;
#2388 = ORIENTED_EDGE ( 'NONE', *, *, #1470, .T. ) ;
#2389 = LINE ( 'NONE', #1517, #1348 ) ;
#2390 = VECTOR ( 'NONE', #27, 1000.000000000000000 ) ;
#2391 = FACE_OUTER_BOUND ( 'NONE', #472, .T. ) ;
#2392 = EDGE_LOOP ( 'NONE', ( #2311, #1862, #1328, #1280 ) ) ;
#2393 = CARTESIAN_POINT ( 'NONE',  ( 9.899999999999991473, -9.899999999999998579, 5.200000000000001066 ) ) ;
#2394 = EDGE_CURVE ( 'NONE', #1886, #3388, #637, .T. ) ;
#2395 = EDGE_CURVE ( 'NONE', #3849, #3724, #3809, .T. ) ;
#2396 = SURFACE_SIDE_STYLE ('',( #296 ) ) ;
#2397 = CARTESIAN_POINT ( 'NONE',  ( -9.420437629734344398, 9.758508187426247815, 5.200000000000001066 ) ) ;
#2398 = VERTEX_POINT ( 'NONE', #3436 ) ;
#2399 = CARTESIAN_POINT ( 'NONE',  ( -9.446505329697700404, -10.11057678886261435, 7.200000000000000178 ) ) ;
#2400 = CARTESIAN_POINT ( 'NONE',  ( -11.95000000000000284, -12.45000000000000284, 11.70000000000000107 ) ) ;
#2401 = VERTEX_POINT ( 'NONE', #1342 ) ;
#2402 = LINE ( 'NONE', #639, #3290 ) ;
#2403 = ORIENTED_EDGE ( 'NONE', *, *, #2454, .T. ) ;
#2404 = CYLINDRICAL_SURFACE ( 'NONE', #1787, 0.5000000000002495781 ) ;
#2405 =( NAMED_UNIT ( * ) SI_UNIT ( $, .STERADIAN. ) SOLID_ANGLE_UNIT ( ) );
#2406 = ORIENTED_EDGE ( 'NONE', *, *, #3761, .T. ) ;
#2407 = SURFACE_STYLE_FILL_AREA ( #1184 ) ;
#2408 = ADVANCED_FACE ( 'NONE', ( #2212 ), #1693, .F. ) ;
#2409 = DIRECTION ( 'NONE',  ( 2.663612590833484631E-14, -7.803307572652148615E-15, 1.000000000000000000 ) ) ;
#2410 = CARTESIAN_POINT ( 'NONE',  ( 9.603794847784508093, 9.947565825979099330, 7.200000000000000178 ) ) ;
#2411 = CIRCLE ( 'NONE', #2840, 0.5000000000000004441 ) ;
#2412 = FILL_AREA_STYLE ('',( #2065 ) ) ;
#2413 = EDGE_LOOP ( 'NONE', ( #2955, #1051, #2018, #458 ) ) ;
#2414 = EDGE_CURVE ( 'NONE', #3375, #287, #2997, .T. ) ;
#2415 = DIRECTION ( 'NONE',  ( -0.1585527532634843362, -0.9873505073845704194, 0.000000000000000000 ) ) ;
#2416 = MECHANICAL_DESIGN_GEOMETRIC_PRESENTATION_REPRESENTATION (  '', ( #1587 ), #1167 ) ;
#2417 = ORIENTED_EDGE ( 'NONE', *, *, #1353, .T. ) ;
#2418 = COLOUR_RGB ( '',1.000000000000000000, 1.000000000000000000, 1.000000000000000000 ) ;
#2419 = ADVANCED_FACE ( 'NONE', ( #609 ), #2936, .F. ) ;
#2420 = CIRCLE ( 'NONE', #100, 0.7500000000001949552 ) ;
#2421 = AXIS2_PLACEMENT_3D ( 'NONE', #2255, #2208, #1303 ) ;
#2422 = ORIENTED_EDGE ( 'NONE', *, *, #189, .T. ) ;
#2423 = CARTESIAN_POINT ( 'NONE',  ( -9.687762281139395526, 10.61934355539836616, 5.200000000000001066 ) ) ;
#2424 = AXIS2_PLACEMENT_3D ( 'NONE', #1358, #1964, #1055 ) ;
#2425 = MECHANICAL_DESIGN_GEOMETRIC_PRESENTATION_REPRESENTATION (  '', ( #2188 ), #3604 ) ;
#2426 = SURFACE_STYLE_USAGE ( .BOTH. , #1789 ) ;
#2427 = CYLINDRICAL_SURFACE ( 'NONE', #3789, 0.5500000000000001554 ) ;
#2428 = EDGE_LOOP ( 'NONE', ( #3242, #3293 ) ) ;
#2429 = AXIS2_PLACEMENT_3D ( 'NONE', #126, #1924, #3118 ) ;
#2430 = FACE_OUTER_BOUND ( 'NONE', #3707, .T. ) ;
#2431 = CYLINDRICAL_SURFACE ( 'NONE', #162, 0.5000000000000004441 ) ;
#2432 = CARTESIAN_POINT ( 'NONE',  ( -9.900000000000002132, -9.899999999999991473, -3.299999999999999822 ) ) ;
#2433 = CARTESIAN_POINT ( 'NONE',  ( -12.20000000000000284, -12.70000000000000284, 0.000000000000000000 ) ) ;
#2434 = ORIENTED_EDGE ( 'NONE', *, *, #811, .F. ) ;
#2435 = ADVANCED_FACE ( 'NONE', ( #528 ), #3228, .F. ) ;
#2436 = FACE_OUTER_BOUND ( 'NONE', #2575, .T. ) ;
#2437 = SURFACE_SIDE_STYLE ('',( #3635 ) ) ;
#2438 = VECTOR ( 'NONE', #1268, 1000.000000000000114 ) ;
#2439 = ORIENTED_EDGE ( 'NONE', *, *, #1168, .T. ) ;
#2440 = AXIS2_PLACEMENT_3D ( 'NONE', #3533, #2351, #1705 ) ;
#2441 = DIRECTION ( 'NONE',  ( 1.000000000000000000, 0.000000000000000000, 0.000000000000000000 ) ) ;
#2442 = SURFACE_STYLE_FILL_AREA ( #2680 ) ;
#2443 = ORIENTED_EDGE ( 'NONE', *, *, #3315, .T. ) ;
#2444 = DIRECTION ( 'NONE',  ( 1.000000000000000000, 0.000000000000000000, 0.000000000000000000 ) ) ;
#2445 = VERTEX_POINT ( 'NONE', #849 ) ;
#2446 = CARTESIAN_POINT ( 'NONE',  ( -9.899999999999998579, 1.734723475976807094E-15, -3.499999999999999556 ) ) ;
#2447 = DIRECTION ( 'NONE',  ( 0.000000000000000000, 0.000000000000000000, -1.000000000000000000 ) ) ;
#2448 = CARTESIAN_POINT ( 'NONE',  ( 9.899999999999998579, 9.900000000000000355, 2.199999999999999734 ) ) ;
#2449 = LINE ( 'NONE', #2433, #293 ) ;
#2450 = ORIENTED_EDGE ( 'NONE', *, *, #2929, .F. ) ;
#2451 = DIRECTION ( 'NONE',  ( 0.3711537444790485307, 0.9285714285714271599, 0.000000000000000000 ) ) ;
#2452 = DIRECTION ( 'NONE',  ( 2.705782887836759613E-17, -4.345056020036657155E-18, -1.000000000000000000 ) ) ;
#2453 = EDGE_CURVE ( 'NONE', #1891, #1581, #1732, .T. ) ;
#2454 = EDGE_CURVE ( 'NONE', #11, #2779, #1207, .T. ) ;
#2455 = VERTEX_POINT ( 'NONE', #2380 ) ;
#2456 = ADVANCED_FACE ( 'NONE', ( #3267 ), #2357, .F. ) ;
#2457 = FACE_OUTER_BOUND ( 'NONE', #1959, .T. ) ;
#2458 = EDGE_CURVE ( 'NONE', #1440, #332, #910, .T. ) ;
#2459 = DIRECTION ( 'NONE',  ( 0.000000000000000000, 0.000000000000000000, 1.000000000000000000 ) ) ;
#2460 = SURFACE_STYLE_FILL_AREA ( #57 ) ;
#2461 = ORIENTED_EDGE ( 'NONE', *, *, #369, .F. ) ;
#2462 = LINE ( 'NONE', #3282, #2438 ) ;
#2463 = EDGE_CURVE ( 'NONE', #3397, #2166, #2095, .T. ) ;
#2464 = CARTESIAN_POINT ( 'NONE',  ( -10.11223771886064782, 9.180656444601677180, 2.199999999999999734 ) ) ;
#2465 = PLANE ( 'NONE',  #2163 ) ;
#2466 = ORIENTED_EDGE ( 'NONE', *, *, #2369, .F. ) ;
#2467 = CARTESIAN_POINT ( 'NONE',  ( -9.349999999999997868, 6.938893903907228378E-15, 0.000000000000000000 ) ) ;
#2468 = CARTESIAN_POINT ( 'NONE',  ( -9.899999999999998579, 1.734723475976807094E-15, -3.300000000000055334 ) ) ;
#2469 = CONICAL_SURFACE ( 'NONE', #285, 0.3000000000002445710, 0.7853981633975168908 ) ;
#2470 = SURFACE_STYLE_FILL_AREA ( #3400 ) ;
#2471 =( GEOMETRIC_REPRESENTATION_CONTEXT ( 3 ) GLOBAL_UNCERTAINTY_ASSIGNED_CONTEXT ( ( #2943 ) ) GLOBAL_UNIT_ASSIGNED_CONTEXT ( ( #1362, #765, #3685 ) ) REPRESENTATION_CONTEXT ( 'NONE', 'WORKASPACE' ) );
#2472 = VERTEX_POINT ( 'NONE', #3250 ) ;
#2473 =( GEOMETRIC_REPRESENTATION_CONTEXT ( 3 ) GLOBAL_UNCERTAINTY_ASSIGNED_CONTEXT ( ( #1458 ) ) GLOBAL_UNIT_ASSIGNED_CONTEXT ( ( #3255, #3314, #1499 ) ) REPRESENTATION_CONTEXT ( 'NONE', 'WORKASPACE' ) );
#2474 = EDGE_CURVE ( 'NONE', #3750, #1763, #576, .T. ) ;
#2475 = PRESENTATION_STYLE_ASSIGNMENT (( #2511 ) ) ;
#2476 = VECTOR ( 'NONE', #981, 1000.000000000000000 ) ;
#2477 = CARTESIAN_POINT ( 'NONE',  ( 9.899999999999998579, 9.900000000000000355, 5.200000000000001066 ) ) ;
#2478 = FACE_OUTER_BOUND ( 'NONE', #2795, .T. ) ;
#2479 = ORIENTED_EDGE ( 'NONE', *, *, #1078, .T. ) ;
#2480 = FACE_OUTER_BOUND ( 'NONE', #829, .T. ) ;
#2481 = VECTOR ( 'NONE', #3301, 1000.000000000000000 ) ;
#2482 = PRESENTATION_LAYER_ASSIGNMENT (  '', '', ( #2676 ) ) ;
#2483 = CYLINDRICAL_SURFACE ( 'NONE', #2291, 0.5000000000000004441 ) ;
#2484 = LINE ( 'NONE', #2195, #797 ) ;
#2485 = VERTEX_POINT ( 'NONE', #277 ) ;
#2486 = AXIS2_PLACEMENT_3D ( 'NONE', #3479, #819, #1615 ) ;
#2487 = DIRECTION ( 'NONE',  ( -2.577111568626774735E-14, 1.030638640685374945E-14, -1.000000000000000000 ) ) ;
#2488 = FACE_OUTER_BOUND ( 'NONE', #1816, .T. ) ;
#2489 = ORIENTED_EDGE ( 'NONE', *, *, #2474, .F. ) ;
#2490 = PRESENTATION_LAYER_ASSIGNMENT (  '', '', ( #3183 ) ) ;
#2491 = ORIENTED_EDGE ( 'NONE', *, *, #3213, .T. ) ;
#2492 = CARTESIAN_POINT ( 'NONE',  ( -12.19999999999999929, 2.602085213965210642E-15, 12.20000000000000107 ) ) ;
#2493 = LINE ( 'NONE', #3073, #1349 ) ;
#2494 = CIRCLE ( 'NONE', #2697, 0.5500000000000001554 ) ;
#2495 = CARTESIAN_POINT ( 'NONE',  ( -10.44999999999999751, 7.372574772901430151E-15, 0.5000000000000000000 ) ) ;
#2496 = ORIENTED_EDGE ( 'NONE', *, *, #2414, .T. ) ;
#2497 = DIRECTION ( 'NONE',  ( 2.516871016324784790E-14, -1.170077625225528773E-14, 1.000000000000000000 ) ) ;
#2498 = CARTESIAN_POINT ( 'NONE',  ( 11.95000000000000284, 8.673617379884035472E-16, 11.70000000000000107 ) ) ;
#2499 = CARTESIAN_POINT ( 'NONE',  ( 9.899999999999991473, -9.899999999999998579, 5.200000000000001066 ) ) ;
#2500 = FILL_AREA_STYLE_COLOUR ( '', #43 ) ;
#2501 = ADVANCED_FACE ( 'NONE', ( #1467 ), #1238, .F. ) ;
#2502 = EDGE_LOOP ( 'NONE', ( #2584, #3861 ) ) ;
#2503 = VERTEX_POINT ( 'NONE', #2666 ) ;
#2504 = ADVANCED_FACE ( 'NONE', ( #689 ), #346, .T. ) ;
#2505 = SURFACE_SIDE_STYLE ('',( #157 ) ) ;
#2506 = CYLINDRICAL_SURFACE ( 'NONE', #515, 0.5000000000000004441 ) ;
#2507 =( LENGTH_UNIT ( ) NAMED_UNIT ( * ) SI_UNIT ( .MILLI., .METRE. ) );
#2508 = EDGE_LOOP ( 'NONE', ( #3131, #2927, #1622, #3004 ) ) ;
#2509 = CARTESIAN_POINT ( 'NONE',  ( 9.899999999999998579, 9.900000000000000355, -3.499999999999999556 ) ) ;
#2510 = ORIENTED_EDGE ( 'NONE', *, *, #2283, .F. ) ;
#2511 = SURFACE_STYLE_USAGE ( .BOTH. , #410 ) ;
#2512 = FACE_OUTER_BOUND ( 'NONE', #1132, .T. ) ;
#2513 = CARTESIAN_POINT ( 'NONE',  ( 12.69999999999999574, -12.70000000000000995, 0.000000000000000000 ) ) ;
#2514 = ORIENTED_EDGE ( 'NONE', *, *, #3667, .F. ) ;
#2515 = DIRECTION ( 'NONE',  ( -5.742996519033948731E-17, 2.295498867382641431E-17, -1.000000000000000000 ) ) ;
#2516 = DIRECTION ( 'NONE',  ( -0.9591247405308773732, 0.2829836251474231457, 2.891205793292319060E-14 ) ) ;
#2517 = LINE ( 'NONE', #2583, #2733 ) ;
#2518 = ORIENTED_EDGE ( 'NONE', *, *, #2935, .T. ) ;
#2519 = ORIENTED_EDGE ( 'NONE', *, *, #1804, .T. ) ;
#2520 = ADVANCED_FACE ( 'NONE', ( #1850 ), #1889, .T. ) ;
#2521 = ADVANCED_FACE ( 'NONE', ( #1545 ), #1509, .F. ) ;
#2522 = CARTESIAN_POINT ( 'NONE',  ( 9.899999999999991473, -10.65000000000020108, 2.199999999999999734 ) ) ;
#2523 = DIRECTION ( 'NONE',  ( 1.000000000000000000, 0.000000000000000000, 0.000000000000000000 ) ) ;
#2524 = CARTESIAN_POINT ( 'NONE',  ( -12.69999999999999574, 12.20000000000000639, 12.69999999999999929 ) ) ;
#2525 = ADVANCED_FACE ( 'NONE', ( #1222 ), #1562, .F. ) ;
#2526 = VERTEX_POINT ( 'NONE', #630 ) ;
#2527 = SURFACE_STYLE_FILL_AREA ( #2821 ) ;
#2528 = FACE_OUTER_BOUND ( 'NONE', #172, .T. ) ;
#2529 = EDGE_LOOP ( 'NONE', ( #3207, #1586, #734, #2346 ) ) ;
#2530 = FACE_OUTER_BOUND ( 'NONE', #977, .T. ) ;
#2531 = DIRECTION ( 'NONE',  ( 2.775557561562889810E-17, -5.650062719754271037E-32, -1.000000000000000000 ) ) ;
#2532 = ORIENTED_EDGE ( 'NONE', *, *, #3742, .F. ) ;
#2533 =( GEOMETRIC_REPRESENTATION_CONTEXT ( 3 ) GLOBAL_UNCERTAINTY_ASSIGNED_CONTEXT ( ( #248 ) ) GLOBAL_UNIT_ASSIGNED_CONTEXT ( ( #3331, #99, #3637 ) ) REPRESENTATION_CONTEXT ( 'NONE', 'WORKASPACE' ) );
#2534 = DIRECTION ( 'NONE',  ( 0.000000000000000000, 0.000000000000000000, -1.000000000000000000 ) ) ;
#2535 = CIRCLE ( 'NONE', #403, 0.5500000000000001554 ) ;
#2536 = MECHANICAL_DESIGN_GEOMETRIC_PRESENTATION_REPRESENTATION (  '', ( #478 ), #3719 ) ;
#2537 = DIRECTION ( 'NONE',  ( 0.000000000000000000, 0.000000000000000000, -1.000000000000000000 ) ) ;
#2538 = FACE_BOUND ( 'NONE', #2238, .T. ) ;
#2539 = ORIENTED_EDGE ( 'NONE', *, *, #3075, .F. ) ;
#2540 = AXIS2_PLACEMENT_3D ( 'NONE', #2492, #1264, #1294 ) ;
#2541 = EDGE_LOOP ( 'NONE', ( #3492, #3665, #2160, #3552 ) ) ;
#2542 = AXIS2_PLACEMENT_3D ( 'NONE', #1945, #1990, #3138 ) ;
#2543 =( NAMED_UNIT ( * ) PLANE_ANGLE_UNIT ( ) SI_UNIT ( $, .RADIAN. ) );
#2544 = CIRCLE ( 'NONE', #2174, 0.5000000000002741141 ) ;
#2545 = DIRECTION ( 'NONE',  ( 0.000000000000000000, -1.000000000000000000, 0.000000000000000000 ) ) ;
#2546 = AXIS2_PLACEMENT_3D ( 'NONE', #1918, #3399, #1696 ) ;
#2547 = CYLINDRICAL_SURFACE ( 'NONE', #2106, 0.5500000000000001554 ) ;
#2548 = ADVANCED_FACE ( 'NONE', ( #2118 ), #1814, .T. ) ;
#2549 = EDGE_LOOP ( 'NONE', ( #1451, #705, #2479, #77 ) ) ;
#2550 = CIRCLE ( 'NONE', #934, 0.5000000000000004441 ) ;
#2551 = CARTESIAN_POINT ( 'NONE',  ( -12.69999999999999574, 12.20000000000000639, 12.69999999999999929 ) ) ;
#2552 = CARTESIAN_POINT ( 'NONE',  ( -12.69999999999999574, 12.20000000000000639, 0.5000000000000000000 ) ) ;
#2553 = EDGE_CURVE ( 'NONE', #1763, #1955, #2231, .T. ) ;
#2554 = ORIENTED_EDGE ( 'NONE', *, *, #1203, .T. ) ;
#2555 = PLANE ( 'NONE',  #1738 ) ;
#2556 = DIRECTION ( 'NONE',  ( -1.510440673542344716E-16, 7.013615983403762389E-17, 1.000000000000000000 ) ) ;
#2557 = UNCERTAINTY_MEASURE_WITH_UNIT (LENGTH_MEASURE( 1.000000000000000082E-05 ), #1836, 'distance_accuracy_value', 'NONE');
#2558 = CARTESIAN_POINT ( 'NONE',  ( -12.20000000000000284, -12.20000000000000284, 0.000000000000000000 ) ) ;
#2559 = ORIENTED_EDGE ( 'NONE', *, *, #2303, .F. ) ;
#2560 = CIRCLE ( 'NONE', #881, 0.3000000000002461809 ) ;
#2561 = CARTESIAN_POINT ( 'NONE',  ( 12.45000000000000284, 11.95000000000000284, 0.5000000000000000000 ) ) ;
#2562 = UNCERTAINTY_MEASURE_WITH_UNIT (LENGTH_MEASURE( 1.000000000000000082E-05 ), #3763, 'distance_accuracy_value', 'NONE');
#2563 = CIRCLE ( 'NONE', #2382, 0.3000000000001893374 ) ;
#2564 = EDGE_CURVE ( 'NONE', #2526, #339, #2275, .T. ) ;
#2565 = CARTESIAN_POINT ( 'NONE',  ( 9.820723623368305510, 9.406324746307490159, -3.299999999999999822 ) ) ;
#2566 = FILL_AREA_STYLE_COLOUR ( '', #1302 ) ;
#2567 = ORIENTED_EDGE ( 'NONE', *, *, #2748, .F. ) ;
#2568 = ORIENTED_EDGE ( 'NONE', *, *, #502, .T. ) ;
#2569 = FILL_AREA_STYLE_COLOUR ( '', #1707 ) ;
#2570 = SURFACE_STYLE_FILL_AREA ( #182 ) ;
#2571 = CARTESIAN_POINT ( 'NONE',  ( 11.95000000000000284, 8.673617379884035472E-16, 12.20000000000000107 ) ) ;
#2572 = EDGE_LOOP ( 'NONE', ( #1837, #1916, #3327, #1560 ) ) ;
#2573 = CARTESIAN_POINT ( 'NONE',  ( -11.94999999999999574, 11.95000000000000995, 0.5000000000000000000 ) ) ;
#2574 = CARTESIAN_POINT ( 'NONE',  ( 11.95000000000000284, 11.95000000000000284, 12.20000000000000107 ) ) ;
#2575 = EDGE_LOOP ( 'NONE', ( #422, #1547 ) ) ;
#2576 = VECTOR ( 'NONE', #3312, 1000.000000000000000 ) ;
#2577 = EDGE_CURVE ( 'NONE', #2078, #3512, #1993, .T. ) ;
#2578 = FACE_OUTER_BOUND ( 'NONE', #1073, .T. ) ;
#2579 = CARTESIAN_POINT ( 'NONE',  ( 9.149999999999790745, -9.899999999999998579, 2.200000000000034817 ) ) ;
#2580 = EDGE_CURVE ( 'NONE', #2880, #1331, #2517, .T. ) ;
#2581 = VERTEX_POINT ( 'NONE', #393 ) ;
#2582 = DIRECTION ( 'NONE',  ( -1.000000000000000000, 0.000000000000000000, 2.891205793292322216E-14 ) ) ;
#2583 = CARTESIAN_POINT ( 'NONE',  ( 10.44999999999999396, -9.899999999999998579, 0.000000000000000000 ) ) ;
#2584 = ORIENTED_EDGE ( 'NONE', *, *, #104, .F. ) ;
#2585 = LINE ( 'NONE', #3535, #2800 ) ;
#2586 = ADVANCED_FACE ( 'NONE', ( #1952 ), #1384, .T. ) ;
#2587 = CARTESIAN_POINT ( 'NONE',  ( -9.773653926682401405, -9.627903197818595160, -3.499999999999999556 ) ) ;
#2588 = FILL_AREA_STYLE_COLOUR ( '', #2139 ) ;
#2589 = DIRECTION ( 'NONE',  ( 3.500590019081388089E-16, 1.000000000000000000, 0.000000000000000000 ) ) ;
#2590 = ORIENTED_EDGE ( 'NONE', *, *, #155, .F. ) ;
#2591 = DIRECTION ( 'NONE',  ( 0.000000000000000000, 0.000000000000000000, -1.000000000000000000 ) ) ;
#2592 = SURFACE_STYLE_USAGE ( .BOTH. , #454 ) ;
#2593 = EDGE_LOOP ( 'NONE', ( #367, #2826, #1798, #530 ) ) ;
#2594 = CIRCLE ( 'NONE', #156, 0.3000000000002445710 ) ;
#2595 = FACE_OUTER_BOUND ( 'NONE', #2906, .T. ) ;
#2596 = CARTESIAN_POINT ( 'NONE',  ( 12.20000000000000284, 12.20000000000000995, 12.69999999999999929 ) ) ;
#2597 = EDGE_CURVE ( 'NONE', #2455, #1973, #2290, .T. ) ;
#2598 = ORIENTED_EDGE ( 'NONE', *, *, #2182, .T. ) ;
#2599 = AXIS2_PLACEMENT_3D ( 'NONE', #1561, #2136, #90 ) ;
#2600 = ORIENTED_EDGE ( 'NONE', *, *, #3834, .T. ) ;
#2601 = SURFACE_STYLE_USAGE ( .BOTH. , #549 ) ;
#2602 =( LENGTH_UNIT ( ) NAMED_UNIT ( * ) SI_UNIT ( .MILLI., .METRE. ) );
#2603 = PRESENTATION_STYLE_ASSIGNMENT (( #2020 ) ) ;
#2604 = AXIS2_PLACEMENT_3D ( 'NONE', #1678, #2299, #2021 ) ;
#2605 = CIRCLE ( 'NONE', #1654, 0.5000000000000004441 ) ;
#2606 = CARTESIAN_POINT ( 'NONE',  ( 9.399999999999790745, -9.899999999999998579, 7.200000000000000178 ) ) ;
#2607 = EDGE_LOOP ( 'NONE', ( #2841, #1570, #2754, #598 ) ) ;
#2608 = VECTOR ( 'NONE', #272, 1000.000000000000000 ) ;
#2609 = DIRECTION ( 'NONE',  ( 0.000000000000000000, 0.000000000000000000, -1.000000000000000000 ) ) ;
#2610 = CIRCLE ( 'NONE', #3101, 0.5000000000002228218 ) ;
#2611 = CARTESIAN_POINT ( 'NONE',  ( -9.900000000000002132, -9.899999999999991473, 2.199999999999999734 ) ) ;
#2612 = ORIENTED_EDGE ( 'NONE', *, *, #3036, .T. ) ;
#2613 = AXIS2_PLACEMENT_3D ( 'NONE', #2324, #301, #2957 ) ;
#2614 = CARTESIAN_POINT ( 'NONE',  ( 12.45000000000000284, 12.44999999999999929, 11.70000000000000107 ) ) ;
#2615 = DIRECTION ( 'NONE',  ( -0.3711537444790469764, -0.9285714285714278260, 0.000000000000000000 ) ) ;
#2616 = PLANE ( 'NONE',  #3722 ) ;
#2617 = ORIENTED_EDGE ( 'NONE', *, *, #1895, .T. ) ;
#2618 = FILL_AREA_STYLE ('',( #3201 ) ) ;
#2619 = STYLED_ITEM ( 'NONE', ( #2706 ), #81 ) ;
#2620 = CARTESIAN_POINT ( 'NONE',  ( 12.69999999999999574, -12.20000000000000995, 12.69999999999999929 ) ) ;
#2621 = CARTESIAN_POINT ( 'NONE',  ( -9.773653926682401405, -9.627903197818595160, -3.499999999999999556 ) ) ;
#2622 = ORIENTED_EDGE ( 'NONE', *, *, #2168, .T. ) ;
#2623 =( NAMED_UNIT ( * ) PLANE_ANGLE_UNIT ( ) SI_UNIT ( $, .RADIAN. ) );
#2624 = PRESENTATION_LAYER_ASSIGNMENT (  '', '', ( #429 ) ) ;
#2625 = CARTESIAN_POINT ( 'NONE',  ( -9.900000000000002132, -9.899999999999991473, 2.199999999999999734 ) ) ;
#2626 = EDGE_CURVE ( 'NONE', #2401, #709, #2605, .T. ) ;
#2627 = DIRECTION ( 'NONE',  ( 1.000000000000000000, 0.000000000000000000, 0.000000000000000000 ) ) ;
#2628 = DIRECTION ( 'NONE',  ( 2.740378392008989764E-14, -4.405067988288563086E-15, 1.000000000000000000 ) ) ;
#2629 = ORIENTED_EDGE ( 'NONE', *, *, #3034, .T. ) ;
#2630 = EDGE_CURVE ( 'NONE', #3115, #1996, #3716, .T. ) ;
#2631 = CARTESIAN_POINT ( 'NONE',  ( 9.899999999999998579, 9.900000000000000355, 0.5000000000000000000 ) ) ;
#2632 = VERTEX_POINT ( 'NONE', #2792 ) ;
#2633 = DIRECTION ( 'NONE',  ( 0.000000000000000000, 0.000000000000000000, 1.000000000000000000 ) ) ;
#2634 = EDGE_CURVE ( 'NONE', #2120, #2078, #3094, .T. ) ;
#2635 = CARTESIAN_POINT ( 'NONE',  ( 9.899999999999998579, 9.900000000000000355, 5.200000000000001066 ) ) ;
#2636 = UNCERTAINTY_MEASURE_WITH_UNIT (LENGTH_MEASURE( 1.000000000000000082E-05 ), #536, 'distance_accuracy_value', 'NONE');
#2637 = DIRECTION ( 'NONE',  ( 2.663612590833484631E-14, -7.803307572652148615E-15, 1.000000000000000000 ) ) ;
#2638 = MECHANICAL_DESIGN_GEOMETRIC_PRESENTATION_REPRESENTATION (  '', ( #440 ), #1314 ) ;
#2639 = VERTEX_POINT ( 'NONE', #2565 ) ;
#2640 = CARTESIAN_POINT ( 'NONE',  ( -9.899999999999995026, 9.900000000000005684, -3.499999999999999556 ) ) ;
#2641 = DIRECTION ( 'NONE',  ( 1.000000000000000000, -2.817628020665316368E-16, 0.000000000000000000 ) ) ;
#2642 = AXIS2_PLACEMENT_3D ( 'NONE', #2817, #1043, #2235 ) ;
#2643 = DIRECTION ( 'NONE',  ( -2.705782887836759613E-17, 4.345056020036572415E-18, 1.000000000000000000 ) ) ;
#2644 = ORIENTED_EDGE ( 'NONE', *, *, #3005, .F. ) ;
#2645 = DIRECTION ( 'NONE',  ( -2.817628020665322285E-16, -1.000000000000000000, -9.860761315262639904E-32 ) ) ;
#2646 = DIRECTION ( 'NONE',  ( -2.501766609590479667E-14, 1.163064009242644777E-14, -1.000000000000000000 ) ) ;
#2647 = FACE_OUTER_BOUND ( 'NONE', #3263, .T. ) ;
#2648 = ORIENTED_EDGE ( 'NONE', *, *, #3829, .F. ) ;
#2649 = EDGE_CURVE ( 'NONE', #2814, #332, #113, .T. ) ;
#2650 = ADVANCED_FACE ( 'NONE', ( #1646 ), #1542, .T. ) ;
#2651 = DIRECTION ( 'NONE',  ( -0.9285714285714281591, 0.3711537444790461993, 2.775557561561658204E-14 ) ) ;
#2652 = DIRECTION ( 'NONE',  ( 0.000000000000000000, 0.000000000000000000, -1.000000000000000000 ) ) ;
#2653 = EDGE_CURVE ( 'NONE', #68, #82, #2977, .T. ) ;
#2654 = ORIENTED_EDGE ( 'NONE', *, *, #1923, .T. ) ;
#2655 = LINE ( 'NONE', #2049, #1917 ) ;
#2656 = DIRECTION ( 'NONE',  ( 0.000000000000000000, 0.000000000000000000, -1.000000000000000000 ) ) ;
#2657 = ORIENTED_EDGE ( 'NONE', *, *, #1168, .F. ) ;
#2658 = DIRECTION ( 'NONE',  ( -1.000000000000000000, 3.414809992080321627E-17, 0.000000000000000000 ) ) ;
#2659 = CARTESIAN_POINT ( 'NONE',  ( -9.435714285713999061, -0.1855768722396232140, 7.000000000000000000 ) ) ;
#2660 = DIRECTION ( 'NONE',  ( 1.000000000000000000, 0.000000000000000000, 0.000000000000000000 ) ) ;
#2661 = ORIENTED_EDGE ( 'NONE', *, *, #2463, .F. ) ;
#2662 = MECHANICAL_DESIGN_GEOMETRIC_PRESENTATION_REPRESENTATION (  '', ( #92 ), #1531 ) ;
#2663 = FILL_AREA_STYLE_COLOUR ( '', #421 ) ;
#2664 = VECTOR ( 'NONE', #3214, 1000.000000000000000 ) ;
#2665 = DIRECTION ( 'NONE',  ( -0.9285714285714283811, 0.3711537444790456997, 2.891205793292321585E-14 ) ) ;
#2666 = CARTESIAN_POINT ( 'NONE',  ( 10.39367525369250345, 9.820723623368232680, 5.200000000000001066 ) ) ;
#2667 = CARTESIAN_POINT ( 'NONE',  ( -10.44999999999999396, 9.900000000000005684, 0.5000000000000000000 ) ) ;
#2668 = ORIENTED_EDGE ( 'NONE', *, *, #3621, .F. ) ;
#2669 = AXIS2_PLACEMENT_3D ( 'NONE', #2611, #1352, #3155 ) ;
#2670 = PRESENTATION_LAYER_ASSIGNMENT (  '', '', ( #2975 ) ) ;
#2671 = DIRECTION ( 'NONE',  ( -0.2829836251474259212, -0.9591247405308765961, 0.000000000000000000 ) ) ;
#2672 = VECTOR ( 'NONE', #150, 999.9999999999998863 ) ;
#2673 = DIRECTION ( 'NONE',  ( -1.506664770967236337E-17, -5.106583311200849171E-17, -1.000000000000000000 ) ) ;
#2674 = ORIENTED_EDGE ( 'NONE', *, *, #3712, .T. ) ;
#2675 = VECTOR ( 'NONE', #395, 1000.000000000000114 ) ;
#2676 = STYLED_ITEM ( 'NONE', ( #2702 ), #2909 ) ;
#2677 = VECTOR ( 'NONE', #457, 1000.000000000000000 ) ;
#2678 =( NAMED_UNIT ( * ) PLANE_ANGLE_UNIT ( ) SI_UNIT ( $, .RADIAN. ) );
#2679 = EDGE_CURVE ( 'NONE', #1891, #1317, #730, .T. ) ;
#2680 = FILL_AREA_STYLE ('',( #338 ) ) ;
#2681 = VECTOR ( 'NONE', #2383, 1000.000000000000000 ) ;
#2682 = EDGE_LOOP ( 'NONE', ( #2422, #3432, #497, #2568 ) ) ;
#2683 = VECTOR ( 'NONE', #139, 1000.000000000000114 ) ;
#2684 = CARTESIAN_POINT ( 'NONE',  ( 9.599999999999795364, -9.899999999999998579, 7.200000000000000178 ) ) ;
#2685 = CARTESIAN_POINT ( 'NONE',  ( 10.20000000000029239, -9.899999999999998579, 7.200000000000000178 ) ) ;
#2686 = CARTESIAN_POINT ( 'NONE',  ( -9.621634691640647219, 0.6964285714287513640, 5.200000000000001066 ) ) ;
#2687 = EDGE_LOOP ( 'NONE', ( #2644, #1444, #1702, #1147 ) ) ;
#2688 = CARTESIAN_POINT ( 'NONE',  ( 9.820723623368305510, 9.406324746307490159, 2.199999999999999734 ) ) ;
#2689 = ADVANCED_FACE ( 'NONE', ( #1017 ), #1363, .T. ) ;
#2690 = DIRECTION ( 'NONE',  ( 4.420542376578310429E-47, 9.860761315262639904E-32, -1.000000000000000000 ) ) ;
#2691 = AXIS2_PLACEMENT_3D ( 'NONE', #4, #1206, #1812 ) ;
#2692 = CARTESIAN_POINT ( 'NONE',  ( 12.69999999999999574, -12.20000000000000995, 0.000000000000000000 ) ) ;
#2693 = ORIENTED_EDGE ( 'NONE', *, *, #42, .T. ) ;
#2694 = MECHANICAL_DESIGN_GEOMETRIC_PRESENTATION_REPRESENTATION (  '', ( #1676 ), #2875 ) ;
#2695 = DIRECTION ( 'NONE',  ( 2.705782887836759613E-17, -4.345056020036487674E-18, -1.000000000000000000 ) ) ;
#2696 = CARTESIAN_POINT ( 'NONE',  ( -12.70000000000000284, -12.20000000000000284, 0.5000000000000000000 ) ) ;
#2697 = AXIS2_PLACEMENT_3D ( 'NONE', #2912, #234, #1424 ) ;
#2698 = ORIENTED_EDGE ( 'NONE', *, *, #1934, .T. ) ;
#2699 = ORIENTED_EDGE ( 'NONE', *, *, #568, .F. ) ;
#2700 = ADVANCED_FACE ( 'NONE', ( #1671 ), #3165, .T. ) ;
#2701 = DIRECTION ( 'NONE',  ( -2.955531293105684404E-33, 8.720106199082888138E-34, -1.000000000000000000 ) ) ;
#2702 = PRESENTATION_STYLE_ASSIGNMENT (( #2426 ) ) ;
#2703 = EDGE_CURVE ( 'NONE', #194, #2120, #780, .T. ) ;
#2704 = FILL_AREA_STYLE_COLOUR ( '', #1802 ) ;
#2705 = ORIENTED_EDGE ( 'NONE', *, *, #2076, .T. ) ;
#2706 = PRESENTATION_STYLE_ASSIGNMENT (( #605 ) ) ;
#2707 = AXIS2_PLACEMENT_3D ( 'NONE', #96, #1007, #2198 ) ;
#2708 = CARTESIAN_POINT ( 'NONE',  ( -12.19999999999995133, -12.20000000000000284, 0.5000000000000000000 ) ) ;
#2709 = CARTESIAN_POINT ( 'NONE',  ( 9.899999999999991473, -9.899999999999998579, 0.000000000000000000 ) ) ;
#2710 = CARTESIAN_POINT ( 'NONE',  ( 12.19999999999999574, -12.70000000000000995, 0.5000000000000000000 ) ) ;
#2711 = ORIENTED_EDGE ( 'NONE', *, *, #1682, .F. ) ;
#2712 = ADVANCED_FACE ( 'NONE', ( #3143 ), #1096, .F. ) ;
#2713 = CARTESIAN_POINT ( 'NONE',  ( -12.19999999999995133, -12.70000000000000284, 12.69999999999999929 ) ) ;
#2714 = CARTESIAN_POINT ( 'NONE',  ( 9.899999999999991473, -9.899999999999998579, 2.199999999999999734 ) ) ;
#2715 = VERTEX_POINT ( 'NONE', #3202 ) ;
#2716 = DIRECTION ( 'NONE',  ( 0.2829836251474292519, 0.9591247405308754859, 0.000000000000000000 ) ) ;
#2717 = VERTEX_POINT ( 'NONE', #253 ) ;
#2718 = LINE ( 'NONE', #271, #2481 ) ;
#2719 = EDGE_CURVE ( 'NONE', #3802, #891, #3656, .T. ) ;
#2720 = FILL_AREA_STYLE_COLOUR ( '', #1290 ) ;
#2721 = FACE_BOUND ( 'NONE', #3, .T. ) ;
#2722 = VERTEX_POINT ( 'NONE', #844 ) ;
#2723 = FACE_BOUND ( 'NONE', #1161, .T. ) ;
#2724 = DIRECTION ( 'NONE',  ( 0.000000000000000000, 0.000000000000000000, 1.000000000000000000 ) ) ;
#2725 = CIRCLE ( 'NONE', #1036, 0.3000000000002445710 ) ;
#2726 = SURFACE_STYLE_FILL_AREA ( #331 ) ;
#2727 = ORIENTED_EDGE ( 'NONE', *, *, #2630, .T. ) ;
#2728 = PRESENTATION_LAYER_ASSIGNMENT (  '', '', ( #1101 ) ) ;
#2729 = PLANE ( 'NONE',  #3415 ) ;
#2730 = CARTESIAN_POINT ( 'NONE',  ( 11.94999999999999574, -11.94999999999999929, 12.20000000000000107 ) ) ;
#2731 = EDGE_LOOP ( 'NONE', ( #3061, #796, #1248, #2263 ) ) ;
#2732 = FACE_OUTER_BOUND ( 'NONE', #2413, .T. ) ;
#2733 = VECTOR ( 'NONE', #3123, 1000.000000000000000 ) ;
#2734 = ORIENTED_EDGE ( 'NONE', *, *, #3740, .F. ) ;
#2735 = DIRECTION ( 'NONE',  ( 2.705782887836759613E-17, -4.345056020036657155E-18, -1.000000000000000000 ) ) ;
#2736 = AXIS2_PLACEMENT_3D ( 'NONE', #2270, #482, #777 ) ;
#2737 = CIRCLE ( 'NONE', #1596, 0.5000000000002741141 ) ;
#2738 = CARTESIAN_POINT ( 'NONE',  ( 10.44999999999999396, -9.899999999999998579, 0.000000000000000000 ) ) ;
#2739 = ORIENTED_EDGE ( 'NONE', *, *, #1422, .T. ) ;
#2740 = MECHANICAL_DESIGN_GEOMETRIC_PRESENTATION_REPRESENTATION (  '', ( #2857 ), #1662 ) ;
#2741 = DIRECTION ( 'NONE',  ( 1.000000000000000000, -3.500590019081388089E-16, 0.000000000000000000 ) ) ;
#2742 = CIRCLE ( 'NONE', #2859, 0.3000000000001893374 ) ;
#2743 = FACE_OUTER_BOUND ( 'NONE', #2541, .T. ) ;
#2744 = SURFACE_SIDE_STYLE ('',( #75 ) ) ;
#2745 = CARTESIAN_POINT ( 'NONE',  ( -12.44999999999999574, 12.45000000000000639, 11.70000000000000107 ) ) ;
#2746 = EDGE_LOOP ( 'NONE', ( #3644, #1129, #3010, #58 ) ) ;
#2747 = CLOSED_SHELL ( 'NONE', ( #1482, #479, #2504, #1834, #258, #2243, #2866, #3288, #499, #972, #1522, #2689, #3197, #1549 ) ) ;
#2748 = EDGE_CURVE ( 'NONE', #68, #3756, #3510, .T. ) ;
#2749 = LINE ( 'NONE', #2713, #2033 ) ;
#2750 = FILL_AREA_STYLE_COLOUR ( '', #1749 ) ;
#2751 = EDGE_CURVE ( 'NONE', #287, #2003, #3244, .T. ) ;
#2752 = VECTOR ( 'NONE', #2150, 1000.000000000000000 ) ;
#2753 = CONICAL_SURFACE ( 'NONE', #2319, 0.3000000000002445710, 0.7853981633975168908 ) ;
#2754 = ORIENTED_EDGE ( 'NONE', *, *, #1287, .F. ) ;
#2755 = EDGE_CURVE ( 'NONE', #2779, #3423, #1659, .T. ) ;
#2756 = DIRECTION ( 'NONE',  ( 1.000000000000000000, 0.000000000000000000, 0.000000000000000000 ) ) ;
#2757 = FACE_BOUND ( 'NONE', #3303, .T. ) ;
#2758 = ORIENTED_EDGE ( 'NONE', *, *, #2855, .F. ) ;
#2759 = CARTESIAN_POINT ( 'NONE',  ( -9.899999999999998579, 1.734723475976807094E-15, 2.199999999999949996 ) ) ;
#2760 = SURFACE_STYLE_USAGE ( .BOTH. , #1563 ) ;
#2761 = ORIENTED_EDGE ( 'NONE', *, *, #154, .F. ) ;
#2762 = DIRECTION ( 'NONE',  ( -0.9591247405308761520, 0.2829836251474267539, 2.775557561561660097E-14 ) ) ;
#2763 = DIRECTION ( 'NONE',  ( 0.000000000000000000, 0.000000000000000000, 1.000000000000000000 ) ) ;
#2764 = EDGE_CURVE ( 'NONE', #741, #1401, #353, .T. ) ;
#2765 = ORIENTED_EDGE ( 'NONE', *, *, #2274, .T. ) ;
#2766 = CARTESIAN_POINT ( 'NONE',  ( -12.20000000000000284, -12.70000000000000284, 0.5000000000000000000 ) ) ;
#2767 = CARTESIAN_POINT ( 'NONE',  ( -10.04149181257379553, 9.420437629734365714, 2.199999999999999734 ) ) ;
#2768 = ORIENTED_EDGE ( 'NONE', *, *, #3561, .F. ) ;
#2769 = DIRECTION ( 'NONE',  ( 2.621762729764194535E-14, -1.218783291776466969E-14, 1.000000000000000000 ) ) ;
#2770 = CARTESIAN_POINT ( 'NONE',  ( 9.899999999999991473, -9.899999999999998579, -3.299999999999999822 ) ) ;
#2771 = DIRECTION ( 'NONE',  ( 1.000000000000000000, -2.817628020665322285E-16, -1.506664770967234796E-17 ) ) ;
#2772 = VERTEX_POINT ( 'NONE', #2659 ) ;
#2773 = VECTOR ( 'NONE', #670, 1000.000000000000000 ) ;
#2774 = PLANE ( 'NONE',  #3277 ) ;
#2775 = LINE ( 'NONE', #3018, #203 ) ;
#2776 = VERTEX_POINT ( 'NONE', #2030 ) ;
#2777 = AXIS2_PLACEMENT_3D ( 'NONE', #1527, #26, #1817 ) ;
#2778 = VECTOR ( 'NONE', #1214, 1000.000000000000000 ) ;
#2779 = VERTEX_POINT ( 'NONE', #1442 ) ;
#2780 = MECHANICAL_DESIGN_GEOMETRIC_PRESENTATION_REPRESENTATION (  '', ( #1650 ), #1535 ) ;
#2781 = DIRECTION ( 'NONE',  ( -1.000000000000000000, 2.817628020665322285E-16, 0.000000000000000000 ) ) ;
#2782 = EDGE_CURVE ( 'NONE', #2913, #1267, #3847, .T. ) ;
#2783 = VECTOR ( 'NONE', #2589, 1000.000000000000000 ) ;
#2784 = MECHANICAL_DESIGN_GEOMETRIC_PRESENTATION_REPRESENTATION (  '', ( #2848 ), #1171 ) ;
#2785 = CARTESIAN_POINT ( 'NONE',  ( 12.19999999999999574, -12.70000000000000995, 12.69999999999999929 ) ) ;
#2786 = DIRECTION ( 'NONE',  ( 2.705782887836759613E-17, -4.345056020036487674E-18, -1.000000000000000000 ) ) ;
#2787 = EDGE_CURVE ( 'NONE', #3054, #1057, #587, .T. ) ;
#2788 = ORIENTED_EDGE ( 'NONE', *, *, #2703, .T. ) ;
#2789 = CARTESIAN_POINT ( 'NONE',  ( -9.899999999999995026, 9.900000000000016342, 7.000000000000000000 ) ) ;
#2790 =( GEOMETRIC_REPRESENTATION_CONTEXT ( 3 ) GLOBAL_UNCERTAINTY_ASSIGNED_CONTEXT ( ( #1085 ) ) GLOBAL_UNIT_ASSIGNED_CONTEXT ( ( #3402, #3059, #3072 ) ) REPRESENTATION_CONTEXT ( 'NONE', 'WORKASPACE' ) );
#2791 = VECTOR ( 'NONE', #1743, 1000.000000000000000 ) ;
#2792 = CARTESIAN_POINT ( 'NONE',  ( 9.852434174021006186, 9.603794847784442368, -3.499999999999999556 ) ) ;
#2793 = STYLED_ITEM ( 'NONE', ( #3110 ), #3266 ) ;
#2794 = DIRECTION ( 'NONE',  ( 0.000000000000000000, 0.000000000000000000, -1.000000000000000000 ) ) ;
#2795 = EDGE_LOOP ( 'NONE', ( #343, #3622, #2443, #348, #2113, #3542, #1491, #417 ) ) ;
#2796 = CIRCLE ( 'NONE', #1727, 0.5000000000000004441 ) ;
#2797 = VERTEX_POINT ( 'NONE', #1765 ) ;
#2798 = DIRECTION ( 'NONE',  ( -1.707404996040166237E-16, -1.000000000000000000, 0.000000000000000000 ) ) ;
#2799 = ORIENTED_EDGE ( 'NONE', *, *, #372, .F. ) ;
#2800 = VECTOR ( 'NONE', #872, 1000.000000000000114 ) ;
#2801 =( LENGTH_UNIT ( ) NAMED_UNIT ( * ) SI_UNIT ( .MILLI., .METRE. ) );
#2802 = CIRCLE ( 'NONE', #2691, 0.5000000000002224887 ) ;
#2803 = ORIENTED_EDGE ( 'NONE', *, *, #3116, .T. ) ;
#2804 = AXIS2_PLACEMENT_3D ( 'NONE', #540, #2945, #3465 ) ;
#2805 = CARTESIAN_POINT ( 'NONE',  ( 9.899999999999998579, 9.900000000000000355, -3.499999999999999556 ) ) ;
#2806 = CIRCLE ( 'NONE', #2876, 0.5000000000000004441 ) ;
#2807 = DIRECTION ( 'NONE',  ( 1.000000000000000000, -2.817628020665327708E-16, 0.000000000000000000 ) ) ;
#2808 = EDGE_CURVE ( 'NONE', #2025, #2244, #1982, .T. ) ;
#2809 = ORIENTED_EDGE ( 'NONE', *, *, #3332, .T. ) ;
#2810 = CARTESIAN_POINT ( 'NONE',  ( -10.11223771886064782, 9.180656444601677180, 2.199999999999999734 ) ) ;
#2811 = EDGE_CURVE ( 'NONE', #1235, #2352, #1847, .T. ) ;
#2812 = SURFACE_STYLE_USAGE ( .BOTH. , #175 ) ;
#2813 = SURFACE_SIDE_STYLE ('',( #1608 ) ) ;
#2814 = VERTEX_POINT ( 'NONE', #2685 ) ;
#2815 = SURFACE_STYLE_FILL_AREA ( #3393 ) ;
#2816 = PLANE ( 'NONE',  #2289 ) ;
#2817 = CARTESIAN_POINT ( 'NONE',  ( 9.899999999999991473, -9.899999999999998579, 0.000000000000000000 ) ) ;
#2818 = CARTESIAN_POINT ( 'NONE',  ( -12.19999999999995133, -12.20000000000000284, 12.20000000000000107 ) ) ;
#2819 = ORIENTED_EDGE ( 'NONE', *, *, #3332, .F. ) ;
#2820 = AXIS2_PLACEMENT_3D ( 'NONE', #2882, #726, #2523 ) ;
#2821 = FILL_AREA_STYLE ('',( #1635 ) ) ;
#2822 = FACE_OUTER_BOUND ( 'NONE', #303, .T. ) ;
#2823 = ORIENTED_EDGE ( 'NONE', *, *, #2126, .T. ) ;
#2824 = CARTESIAN_POINT ( 'NONE',  ( 301.6169193155409403, -36.94508731710884319, -3.499999999999999556 ) ) ;
#2825 = CYLINDRICAL_SURFACE ( 'NONE', #1548, 0.5000000000000004441 ) ;
#2826 = ORIENTED_EDGE ( 'NONE', *, *, #2597, .T. ) ;
#2827 = DIRECTION ( 'NONE',  ( 0.000000000000000000, 0.000000000000000000, 1.000000000000000000 ) ) ;
#2828 = UNCERTAINTY_MEASURE_WITH_UNIT (LENGTH_MEASURE( 1.000000000000000082E-05 ), #721, 'distance_accuracy_value', 'NONE');
#2829 = ADVANCED_FACE ( 'NONE', ( #2391 ), #1720, .T. ) ;
#2830 = DIRECTION ( 'NONE',  ( 1.000000000000000000, 0.000000000000000000, 0.000000000000000000 ) ) ;
#2831 = CARTESIAN_POINT ( 'NONE',  ( 12.69999999999999574, -12.20000000000000995, 12.20000000000000107 ) ) ;
#2832 = ORIENTED_EDGE ( 'NONE', *, *, #3856, .T. ) ;
#2833 = PRODUCT_DEFINITION_CONTEXT ( 'detailed design', #1874, 'design' ) ;
#2834 = ORIENTED_EDGE ( 'NONE', *, *, #2182, .F. ) ;
#2835 = DIRECTION ( 'NONE',  ( 0.9069893406040747674, -0.4211535777250212664, -2.891205793292305807E-14 ) ) ;
#2836 = DIRECTION ( 'NONE',  ( 0.000000000000000000, 0.000000000000000000, -1.000000000000000000 ) ) ;
#2837 = CARTESIAN_POINT ( 'NONE',  ( 9.899999999999991473, -10.40000000000021885, -3.499999999999999556 ) ) ;
#2838 = VERTEX_POINT ( 'NONE', #213 ) ;
#2839 = PRESENTATION_STYLE_ASSIGNMENT (( #2592 ) ) ;
#2840 = AXIS2_PLACEMENT_3D ( 'NONE', #1448, #894, #813 ) ;
#2841 = ORIENTED_EDGE ( 'NONE', *, *, #636, .F. ) ;
#2842 = PRESENTATION_LAYER_ASSIGNMENT (  '', '', ( #2098 ) ) ;
#2843 = DIRECTION ( 'NONE',  ( 0.000000000000000000, 0.000000000000000000, 1.000000000000000000 ) ) ;
#2844 = CARTESIAN_POINT ( 'NONE',  ( 9.899999999999998579, 9.900000000000000355, -3.299999999999999822 ) ) ;
#2845 = EDGE_LOOP ( 'NONE', ( #34, #994, #1674, #1657 ) ) ;
#2846 = CARTESIAN_POINT ( 'NONE',  ( 10.01891456494769628, 10.64051288053862088, 5.200000000000001066 ) ) ;
#2847 =( GEOMETRIC_REPRESENTATION_CONTEXT ( 3 ) GLOBAL_UNCERTAINTY_ASSIGNED_CONTEXT ( ( #2871 ) ) GLOBAL_UNIT_ASSIGNED_CONTEXT ( ( #119, #1533, #427 ) ) REPRESENTATION_CONTEXT ( 'NONE', 'WORKASPACE' ) );
#2848 = STYLED_ITEM ( 'NONE', ( #1037 ), #2712 ) ;
#2849 = FILL_AREA_STYLE_COLOUR ( '', #3774 ) ;
#2850 = CARTESIAN_POINT ( 'NONE',  ( 11.94999999999999574, -11.94999999999999929, 11.70000000000000107 ) ) ;
#2851 = ORIENTED_EDGE ( 'NONE', *, *, #1030, .T. ) ;
#2852 = AXIS2_PLACEMENT_3D ( 'NONE', #509, #3490, #2350 ) ;
#2853 = EDGE_LOOP ( 'NONE', ( #455, #1785, #3769, #2739 ) ) ;
#2854 = AXIS2_PLACEMENT_3D ( 'NONE', #500, #2216, #141 ) ;
#2855 = EDGE_CURVE ( 'NONE', #486, #1744, #1423, .T. ) ;
#2856 = CARTESIAN_POINT ( 'NONE',  ( -9.349999999999997868, 6.938893903907228378E-15, 0.000000000000000000 ) ) ;
#2857 = STYLED_ITEM ( 'NONE', ( #29 ), #3227 ) ;
#2858 = CARTESIAN_POINT ( 'NONE',  ( -12.19999999999995133, -12.70000000000000284, 0.5000000000000000000 ) ) ;
#2859 = AXIS2_PLACEMENT_3D ( 'NONE', #3234, #1127, #2069 ) ;
#2860 = DIRECTION ( 'NONE',  ( -3.100757185579769905E-16, -1.000000000000000000, -0.000000000000000000 ) ) ;
#2861 = ORIENTED_EDGE ( 'NONE', *, *, #325, .T. ) ;
#2862 = AXIS2_PLACEMENT_3D ( 'NONE', #2818, #1371, #3455 ) ;
#2863 = EDGE_CURVE ( 'NONE', #1215, #360, #1050, .T. ) ;
#2864 = CARTESIAN_POINT ( 'NONE',  ( 12.20000000000000284, 12.70000000000000995, 12.69999999999999929 ) ) ;
#2865 = SURFACE_STYLE_FILL_AREA ( #820 ) ;
#2866 = ADVANCED_FACE ( 'NONE', ( #569 ), #2301, .T. ) ;
#2867 = VERTEX_POINT ( 'NONE', #2147 ) ;
#2868 = ADVANCED_FACE ( 'NONE', ( #975 ), #3334, .T. ) ;
#2869 = VECTOR ( 'NONE', #129, 1000.000000000000000 ) ;
#2870 = CARTESIAN_POINT ( 'NONE',  ( 9.399999999999790745, -9.899999999999998579, 5.200000000000001066 ) ) ;
#2871 = UNCERTAINTY_MEASURE_WITH_UNIT (LENGTH_MEASURE( 1.000000000000000082E-05 ), #119, 'distance_accuracy_value', 'NONE');
#2872 = DIRECTION ( 'NONE',  ( -2.817628020665322285E-16, -1.000000000000000000, -9.860761315262639904E-32 ) ) ;
#2873 = ADVANCED_FACE ( 'NONE', ( #3628 ), #2170, .T. ) ;
#2874 = ORIENTED_EDGE ( 'NONE', *, *, #2577, .T. ) ;
#2875 =( GEOMETRIC_REPRESENTATION_CONTEXT ( 3 ) GLOBAL_UNCERTAINTY_ASSIGNED_CONTEXT ( ( #2562 ) ) GLOBAL_UNIT_ASSIGNED_CONTEXT ( ( #3763, #3702, #177 ) ) REPRESENTATION_CONTEXT ( 'NONE', 'WORKASPACE' ) );
#2876 = AXIS2_PLACEMENT_3D ( 'NONE', #525, #2374, #1134 ) ;
#2877 = DIRECTION ( 'NONE',  ( 1.000000000000000000, 0.000000000000000000, 0.000000000000000000 ) ) ;
#2878 = DIRECTION ( 'NONE',  ( 0.000000000000000000, 0.000000000000000000, 1.000000000000000000 ) ) ;
#2879 = EDGE_LOOP ( 'NONE', ( #135, #3795, #1894, #3638 ) ) ;
#2880 = VERTEX_POINT ( 'NONE', #2738 ) ;
#2881 = PRESENTATION_STYLE_ASSIGNMENT (( #1022 ) ) ;
#2882 = CARTESIAN_POINT ( 'NONE',  ( -9.900000000000002132, -9.899999999999991473, 0.5000000000000000000 ) ) ;
#2883 = DIRECTION ( 'NONE',  ( 0.000000000000000000, 0.000000000000000000, 1.000000000000000000 ) ) ;
#2884 = ORIENTED_EDGE ( 'NONE', *, *, #3623, .T. ) ;
#2885 = PRESENTATION_STYLE_ASSIGNMENT (( #517 ) ) ;
#2886 = ADVANCED_FACE ( 'NONE', ( #656 ), #624, .T. ) ;
#2887 = DIRECTION ( 'NONE',  ( 0.000000000000000000, 0.000000000000000000, 1.000000000000000000 ) ) ;
#2888 = ORIENTED_EDGE ( 'NONE', *, *, #1249, .T. ) ;
#2889 = DIRECTION ( 'NONE',  ( 1.510440673542349646E-16, -7.013615983403682270E-17, -1.000000000000000000 ) ) ;
#2890 = LINE ( 'NONE', #3816, #1351 ) ;
#2891 = VERTEX_POINT ( 'NONE', #32 ) ;
#2892 = SURFACE_STYLE_FILL_AREA ( #2618 ) ;
#2893 = CARTESIAN_POINT ( 'NONE',  ( -9.900000000000002132, -9.899999999999991473, 2.199999999999999734 ) ) ;
#2894 = FACE_BOUND ( 'NONE', #2502, .T. ) ;
#2895 = EDGE_LOOP ( 'NONE', ( #2803, #3778 ) ) ;
#2896 = DIRECTION ( 'NONE',  ( -0.000000000000000000, 0.000000000000000000, 1.000000000000000000 ) ) ;
#2897 = LINE ( 'NONE', #771, #2016 ) ;
#2898 = LINE ( 'NONE', #3206, #1357 ) ;
#2899 = ORIENTED_EDGE ( 'NONE', *, *, #3026, .F. ) ;
#2900 = DIRECTION ( 'NONE',  ( 1.000000000000000000, -2.817628020665327708E-16, 0.000000000000000000 ) ) ;
#2901 = DIRECTION ( 'NONE',  ( 1.000000000000000000, 0.000000000000000000, 0.000000000000000000 ) ) ;
#2902 = ORIENTED_EDGE ( 'NONE', *, *, #502, .F. ) ;
#2903 = DIRECTION ( 'NONE',  ( 0.000000000000000000, 0.000000000000000000, 1.000000000000000000 ) ) ;
#2904 = CARTESIAN_POINT ( 'NONE',  ( -10.35349467030225235, -9.689423211137373926, 5.200000000000001066 ) ) ;
#2905 = CARTESIAN_POINT ( 'NONE',  ( -9.899999999999947065, 1.734723475976807094E-15, 7.000000000000000000 ) ) ;
#2906 = EDGE_LOOP ( 'NONE', ( #1108, #790, #2834 ) ) ;
#2907 =( NAMED_UNIT ( * ) PLANE_ANGLE_UNIT ( ) SI_UNIT ( $, .RADIAN. ) );
#2908 =( GEOMETRIC_REPRESENTATION_CONTEXT ( 3 ) GLOBAL_UNCERTAINTY_ASSIGNED_CONTEXT ( ( #841 ) ) GLOBAL_UNIT_ASSIGNED_CONTEXT ( ( #1741, #2678, #3586 ) ) REPRESENTATION_CONTEXT ( 'NONE', 'WORKASPACE' ) );
#2909 = ADVANCED_FACE ( 'NONE', ( #1843 ), #959, .F. ) ;
#2910 = DIRECTION ( 'NONE',  ( -0.2829836251474259212, -0.9591247405308765961, 0.000000000000000000 ) ) ;
#2911 = EDGE_CURVE ( 'NONE', #652, #3548, #987, .T. ) ;
#2912 = CARTESIAN_POINT ( 'NONE',  ( -9.899999999999995026, 9.900000000000005684, 0.000000000000000000 ) ) ;
#2913 = VERTEX_POINT ( 'NONE', #2767 ) ;
#2914 = STYLED_ITEM ( 'NONE', ( #900 ), #2161 ) ;
#2915 = COLOUR_RGB ( '',1.000000000000000000, 1.000000000000000000, 1.000000000000000000 ) ;
#2916 = VECTOR ( 'NONE', #3762, 1000.000000000000000 ) ;
#2917 = CARTESIAN_POINT ( 'NONE',  ( -9.900000000000002132, -9.899999999999991473, 0.000000000000000000 ) ) ;
#2918 = VERTEX_POINT ( 'NONE', #643 ) ;
#2919 = CONICAL_SURFACE ( 'NONE', #548, 0.3000000000001894485, 0.7853981633975168908 ) ;
#2920 = LINE ( 'NONE', #2340, #3793 ) ;
#2921 = VECTOR ( 'NONE', #2531, 1000.000000000000000 ) ;
#2922 = STYLED_ITEM ( 'NONE', ( #583 ), #3154 ) ;
#2923 = ORIENTED_EDGE ( 'NONE', *, *, #2626, .F. ) ;
#2924 = VECTOR ( 'NONE', #2591, 1000.000000000000000 ) ;
#2925 = FACE_OUTER_BOUND ( 'NONE', #2288, .T. ) ;
#2926 = FACE_OUTER_BOUND ( 'NONE', #3269, .T. ) ;
#2927 = ORIENTED_EDGE ( 'NONE', *, *, #933, .F. ) ;
#2928 = AXIS2_PLACEMENT_3D ( 'NONE', #830, #3247, #3225 ) ;
#2929 = EDGE_CURVE ( 'NONE', #1331, #319, #3727, .T. ) ;
#2930 = AXIS2_PLACEMENT_3D ( 'NONE', #1507, #19, #1220 ) ;
#2931 = EDGE_CURVE ( 'NONE', #1305, #2933, #3302, .T. ) ;
#2932 = DIRECTION ( 'NONE',  ( 0.000000000000000000, 0.000000000000000000, 1.000000000000000000 ) ) ;
#2933 = VERTEX_POINT ( 'NONE', #2989 ) ;
#2934 = CARTESIAN_POINT ( 'NONE',  ( -12.69999999999995133, -12.20000000000000284, 12.69999999999999929 ) ) ;
#2935 = EDGE_CURVE ( 'NONE', #938, #1940, #1788, .T. ) ;
#2936 = PLANE ( 'NONE',  #1619 ) ;
#2937 = DIRECTION ( 'NONE',  ( -2.775557561562890089E-14, 3.457101876425393982E-30, -1.000000000000000000 ) ) ;
#2938 = VERTEX_POINT ( 'NONE', #3008 ) ;
#2939 = CARTESIAN_POINT ( 'NONE',  ( -9.758508187426244262, 10.37956237026566697, 2.199999999999999734 ) ) ;
#2940 = DIRECTION ( 'NONE',  ( 2.740378392009259870E-14, -4.405067988288997749E-15, 1.000000000000000000 ) ) ;
#2941 = EDGE_LOOP ( 'NONE', ( #2039, #1069 ) ) ;
#2942 = LINE ( 'NONE', #2614, #121 ) ;
#2943 = UNCERTAINTY_MEASURE_WITH_UNIT (LENGTH_MEASURE( 1.000000000000000082E-05 ), #1362, 'distance_accuracy_value', 'NONE');
#2944 = CARTESIAN_POINT ( 'NONE',  ( -10.58024200545325222, -9.584134816706093574, 2.200000000000034817 ) ) ;
#2945 = DIRECTION ( 'NONE',  ( 0.000000000000000000, 0.000000000000000000, 1.000000000000000000 ) ) ;
#2946 = CYLINDRICAL_SURFACE ( 'NONE', #1719, 0.5000000000000004441 ) ;
#2947 = DIRECTION ( 'NONE',  ( 0.000000000000000000, 0.000000000000000000, 1.000000000000000000 ) ) ;
#2948 =( LENGTH_UNIT ( ) NAMED_UNIT ( * ) SI_UNIT ( .MILLI., .METRE. ) );
#2949 = ORIENTED_EDGE ( 'NONE', *, *, #2755, .F. ) ;
#2950 = FACE_OUTER_BOUND ( 'NONE', #3349, .T. ) ;
#2951 = EDGE_CURVE ( 'NONE', #291, #2772, #377, .T. ) ;
#2952 = DIRECTION ( 'NONE',  ( -0.9285714285714283811, 0.3711537444790456997, 2.891205793292321585E-14 ) ) ;
#2953 = DIRECTION ( 'NONE',  ( -0.2978005507303608246, -0.6413383132051001523, 0.7071067811864983899 ) ) ;
#2954 = DIRECTION ( 'NONE',  ( -0.4211535777250208779, -0.9069893406040751005, 0.000000000000000000 ) ) ;
#2955 = ORIENTED_EDGE ( 'NONE', *, *, #556, .F. ) ;
#2956 = ADVANCED_FACE ( 'NONE', ( #1571, #85 ), #1278, .F. ) ;
#2957 = DIRECTION ( 'NONE',  ( -0.4211535777250208779, -0.9069893406040751005, 0.000000000000000000 ) ) ;
#2958 = DIRECTION ( 'NONE',  ( -1.000000000000000000, 5.971819714150072316E-17, -0.000000000000000000 ) ) ;
#2959 = ORIENTED_EDGE ( 'NONE', *, *, #83, .T. ) ;
#2960 = PRESENTATION_STYLE_ASSIGNMENT (( #3570 ) ) ;
#2961 = SPHERICAL_SURFACE ( 'NONE', #3605, 0.5000000000000000000 ) ;
#2962 = LINE ( 'NONE', #1439, #2111 ) ;
#2963 = ORIENTED_EDGE ( 'NONE', *, *, #2192, .T. ) ;
#2964 = EDGE_CURVE ( 'NONE', #2352, #1235, #1415, .T. ) ;
#2965 = CARTESIAN_POINT ( 'NONE',  ( -10.45000000000000107, -9.899999999999991473, 0.5000000000000000000 ) ) ;
#2966 = CARTESIAN_POINT ( 'NONE',  ( -12.69999999999999574, 12.70000000000000639, 12.20000000000000107 ) ) ;
#2967 = EDGE_LOOP ( 'NONE', ( #2809, #3246, #3204, #3693 ) ) ;
#2968 = COLOUR_RGB ( '',1.000000000000000000, 1.000000000000000000, 1.000000000000000000 ) ;
#2969 = DIRECTION ( 'NONE',  ( -0.9591247405308759300, 0.2829836251474276976, 2.775557561561498538E-14 ) ) ;
#2970 = SURFACE_STYLE_FILL_AREA ( #2064 ) ;
#2971 = CARTESIAN_POINT ( 'NONE',  ( -10.44999999999999751, 7.372574772901430151E-15, 0.000000000000000000 ) ) ;
#2972 = ORIENTED_EDGE ( 'NONE', *, *, #710, .F. ) ;
#2973 = STYLED_ITEM ( 'NONE', ( #2839 ), #2123 ) ;
#2974 = ADVANCED_FACE ( 'NONE', ( #1315 ), #3743, .F. ) ;
#2975 = STYLED_ITEM ( 'NONE', ( #1160 ), #3427 ) ;
#2976 = CARTESIAN_POINT ( 'NONE',  ( 12.19999999999999574, -12.20000000000000995, 12.69999999999999929 ) ) ;
#2977 = CIRCLE ( 'NONE', #2421, 0.5500000000000001554 ) ;
#2978 = ADVANCED_FACE ( 'NONE', ( #2578 ), #2919, .T. ) ;
#2979 = ORIENTED_EDGE ( 'NONE', *, *, #1470, .F. ) ;
#2980 = VECTOR ( 'NONE', #2781, 1000.000000000000000 ) ;
#2981 = AXIS2_PLACEMENT_3D ( 'NONE', #943, #1537, #17 ) ;
#2982 = AXIS2_PLACEMENT_3D ( 'NONE', #326, #1844, #1519 ) ;
#2983 = EDGE_CURVE ( 'NONE', #3481, #161, #1075, .T. ) ;
#2984 = FILL_AREA_STYLE_COLOUR ( '', #2355 ) ;
#2985 = CIRCLE ( 'NONE', #1552, 0.5000000000000004441 ) ;
#2986 = ORIENTED_EDGE ( 'NONE', *, *, #2983, .T. ) ;
#2987 = FACE_OUTER_BOUND ( 'NONE', #2392, .T. ) ;
#2988 = EDGE_CURVE ( 'NONE', #3502, #2072, #733, .T. ) ;
#2989 = CARTESIAN_POINT ( 'NONE',  ( 12.70000000000000284, 12.19999999999999929, 0.5000000000000000000 ) ) ;
#2990 = CARTESIAN_POINT ( 'NONE',  ( -10.08557687223959931, -0.4642857142859234121, -3.300000000000055334 ) ) ;
#2991 = ORIENTED_EDGE ( 'NONE', *, *, #1287, .T. ) ;
#2992 = PRESENTATION_LAYER_ASSIGNMENT (  '', '', ( #1860 ) ) ;
#2993 = FACE_OUTER_BOUND ( 'NONE', #2687, .T. ) ;
#2994 = EDGE_CURVE ( 'NONE', #161, #1325, #48, .T. ) ;
#2995 = FACE_OUTER_BOUND ( 'NONE', #1412, .T. ) ;
#2996 = AXIS2_PLACEMENT_3D ( 'NONE', #344, #962, #978 ) ;
#2997 = LINE ( 'NONE', #1796, #697 ) ;
#2998 = CARTESIAN_POINT ( 'NONE',  ( -9.899999999999995026, 9.900000000000005684, -3.499999999999999556 ) ) ;
#2999 = VERTEX_POINT ( 'NONE', #3136 ) ;
#3000 = CIRCLE ( 'NONE', #2440, 0.5000000000000004441 ) ;
#3001 = DIRECTION ( 'NONE',  ( 0.000000000000000000, 0.000000000000000000, 1.000000000000000000 ) ) ;
#3002 =( NAMED_UNIT ( * ) SI_UNIT ( $, .STERADIAN. ) SOLID_ANGLE_UNIT ( ) );
#3003 = VECTOR ( 'NONE', #3643, 1000.000000000000000 ) ;
#3004 = ORIENTED_EDGE ( 'NONE', *, *, #2719, .T. ) ;
#3005 = EDGE_CURVE ( 'NONE', #3750, #601, #2234, .T. ) ;
#3006 = ORIENTED_EDGE ( 'NONE', *, *, #3025, .F. ) ;
#3007 = CARTESIAN_POINT ( 'NONE',  ( -9.689423211137402348, -9.446505329697751918, -3.499999999999999556 ) ) ;
#3008 = CARTESIAN_POINT ( 'NONE',  ( -9.627903197818501013, -10.02634607331761352, 7.200000000000000178 ) ) ;
#3009 = CARTESIAN_POINT ( 'NONE',  ( -9.900000000000002132, -9.899999999999991473, 0.000000000000000000 ) ) ;
#3010 = ORIENTED_EDGE ( 'NONE', *, *, #3025, .T. ) ;
#3011 = DIRECTION ( 'NONE',  ( 0.000000000000000000, 0.000000000000000000, 1.000000000000000000 ) ) ;
#3012 = CIRCLE ( 'NONE', #1211, 0.5000000000002213785 ) ;
#3013 = FACE_OUTER_BOUND ( 'NONE', #2895, .T. ) ;
#3014 = FACE_OUTER_BOUND ( 'NONE', #3414, .T. ) ;
#3015 = ORIENTED_EDGE ( 'NONE', *, *, #3241, .F. ) ;
#3016 = CIRCLE ( 'NONE', #3569, 0.5000000000000004441 ) ;
#3017 = CARTESIAN_POINT ( 'NONE',  ( -9.899999999999947065, 1.734723475976807094E-15, 7.200000000000000178 ) ) ;
#3018 = CARTESIAN_POINT ( 'NONE',  ( -12.69999999999995133, -12.70000000000000284, 0.5000000000000000000 ) ) ;
#3019 = EDGE_LOOP ( 'NONE', ( #837, #1360, #695, #322 ) ) ;
#3020 = DIRECTION ( 'NONE',  ( 2.775557561562889810E-17, -5.650062719754271037E-32, -1.000000000000000000 ) ) ;
#3021 = ORIENTED_EDGE ( 'NONE', *, *, #333, .F. ) ;
#3022 = CARTESIAN_POINT ( 'NONE',  ( -9.899999999999950617, -9.899999999999991473, 7.200000000000000178 ) ) ;
#3023 = ORIENTED_EDGE ( 'NONE', *, *, #2808, .T. ) ;
#3024 = DIRECTION ( 'NONE',  ( -2.891205793292319691E-14, 3.782955574686631991E-30, -1.000000000000000000 ) ) ;
#3025 = EDGE_CURVE ( 'NONE', #242, #3749, #2493, .T. ) ;
#3026 = EDGE_CURVE ( 'NONE', #3383, #572, #300, .T. ) ;
#3027 = DIRECTION ( 'NONE',  ( 0.000000000000000000, 0.000000000000000000, 1.000000000000000000 ) ) ;
#3028 = AXIS2_PLACEMENT_3D ( 'NONE', #3634, #3068, #2415 ) ;
#3029 = FACE_BOUND ( 'NONE', #1460, .T. ) ;
#3030 = VERTEX_POINT ( 'NONE', #2870 ) ;
#3031 = VECTOR ( 'NONE', #1888, 1000.000000000000000 ) ;
#3032 = DIRECTION ( 'NONE',  ( 1.000000000000000000, 0.000000000000000000, 0.000000000000000000 ) ) ;
#3033 =( NAMED_UNIT ( * ) PLANE_ANGLE_UNIT ( ) SI_UNIT ( $, .RADIAN. ) );
#3034 = EDGE_CURVE ( 'NONE', #2632, #1833, #675, .T. ) ;
#3035 = FACE_OUTER_BOUND ( 'NONE', #327, .T. ) ;
#3036 = EDGE_CURVE ( 'NONE', #1346, #3145, #3044, .T. ) ;
#3037 = CIRCLE ( 'NONE', #2862, 0.5000000000000004441 ) ;
#3038 = AXIS2_PLACEMENT_3D ( 'NONE', #3390, #3748, #3448 ) ;
#3039 = CIRCLE ( 'NONE', #799, 0.5000000000000004441 ) ;
#3040 = AXIS2_PLACEMENT_3D ( 'NONE', #3046, #1518, #2756 ) ;
#3041 = ORIENTED_EDGE ( 'NONE', *, *, #386, .F. ) ;
#3042 = AXIS2_PLACEMENT_3D ( 'NONE', #564, #2012, #268 ) ;
#3043 =( NAMED_UNIT ( * ) SI_UNIT ( $, .STERADIAN. ) SOLID_ANGLE_UNIT ( ) );
#3044 = CIRCLE ( 'NONE', #1486, 0.5000000000000004441 ) ;
#3045 = CIRCLE ( 'NONE', #302, 0.5000000000000004441 ) ;
#3046 = CARTESIAN_POINT ( 'NONE',  ( 11.95000000000000284, 11.95000000000000284, 12.20000000000000107 ) ) ;
#3047 = FACE_BOUND ( 'NONE', #3058, .T. ) ;
#3048 = ORIENTED_EDGE ( 'NONE', *, *, #1725, .F. ) ;
#3049 = CIRCLE ( 'NONE', #1479, 0.5000000000002213785 ) ;
#3050 = DIRECTION ( 'NONE',  ( 1.000000000000000000, 0.000000000000000000, 0.000000000000000000 ) ) ;
#3051 = EDGE_CURVE ( 'NONE', #2445, #128, #107, .T. ) ;
#3052 = DIRECTION ( 'NONE',  ( -1.000000000000000000, 5.971819714150072316E-17, -0.000000000000000000 ) ) ;
#3053 = DIRECTION ( 'NONE',  ( 0.000000000000000000, 0.000000000000000000, -1.000000000000000000 ) ) ;
#3054 = VERTEX_POINT ( 'NONE', #1899 ) ;
#3055 = ADVANCED_FACE ( 'NONE', ( #3095 ), #1944, .F. ) ;
#3056 = CARTESIAN_POINT ( 'NONE',  ( -10.17857142857159936, 0.1113461233438022002, 7.200000000000000178 ) ) ;
#3057 = AXIS2_PLACEMENT_3D ( 'NONE', #1902, #1332, #1623 ) ;
#3058 = EDGE_LOOP ( 'NONE', ( #1718, #2600 ) ) ;
#3059 =( NAMED_UNIT ( * ) PLANE_ANGLE_UNIT ( ) SI_UNIT ( $, .RADIAN. ) );
#3060 = CARTESIAN_POINT ( 'NONE',  ( -9.899999999999998579, 1.734723475976807094E-15, 2.199999999999949996 ) ) ;
#3061 = ORIENTED_EDGE ( 'NONE', *, *, #782, .F. ) ;
#3062 = CARTESIAN_POINT ( 'NONE',  ( -12.19999999999999574, 12.70000000000000639, 0.000000000000000000 ) ) ;
#3063 =( NAMED_UNIT ( * ) SI_UNIT ( $, .STERADIAN. ) SOLID_ANGLE_UNIT ( ) );
#3064 = PRESENTATION_STYLE_ASSIGNMENT (( #1254 ) ) ;
#3065 = DIRECTION ( 'NONE',  ( 2.663612590832039753E-14, -7.803307572647879300E-15, 1.000000000000000000 ) ) ;
#3066 = ORIENTED_EDGE ( 'NONE', *, *, #3737, .F. ) ;
#3067 = VECTOR ( 'NONE', #1067, 1000.000000000000114 ) ;
#3068 = DIRECTION ( 'NONE',  ( 2.705782887836759613E-17, -4.345056020036487674E-18, -1.000000000000000000 ) ) ;
#3069 = DIRECTION ( 'NONE',  ( 0.000000000000000000, -1.000000000000000000, 0.000000000000000000 ) ) ;
#3070 = ADVANCED_FACE ( 'NONE', ( #1602 ), #871, .T. ) ;
#3071 = EDGE_LOOP ( 'NONE', ( #1534, #3775 ) ) ;
#3072 =( NAMED_UNIT ( * ) SI_UNIT ( $, .STERADIAN. ) SOLID_ANGLE_UNIT ( ) );
#3073 = CARTESIAN_POINT ( 'NONE',  ( 12.70000000000000284, 12.70000000000000995, 12.20000000000000107 ) ) ;
#3074 = CARTESIAN_POINT ( 'NONE',  ( -12.69999999999999574, 12.20000000000000639, 12.20000000000000107 ) ) ;
#3075 = EDGE_CURVE ( 'NONE', #1744, #3481, #1550, .T. ) ;
#3076 = ORIENTED_EDGE ( 'NONE', *, *, #340, .F. ) ;
#3077 = LINE ( 'NONE', #391, #1863 ) ;
#3078 = PRESENTATION_STYLE_ASSIGNMENT (( #2812 ) ) ;
#3079 = DIRECTION ( 'NONE',  ( -0.9591247405308764851, 0.2829836251474259767, 2.775557561561380209E-14 ) ) ;
#3080 = EDGE_LOOP ( 'NONE', ( #3695, #3817, #1079, #1225 ) ) ;
#3081 = AXIS2_PLACEMENT_3D ( 'NONE', #6, #3823, #2969 ) ;
#3082 = CARTESIAN_POINT ( 'NONE',  ( -9.899999999999950617, -9.899999999999991473, 7.200000000000000178 ) ) ;
#3083 = DIRECTION ( 'NONE',  ( -0.7071067811866159625, 3.413615946963669056E-17, -0.7071067811864790720 ) ) ;
#3084 = DIRECTION ( 'NONE',  ( 1.000000000000000000, 0.000000000000000000, 0.000000000000000000 ) ) ;
#3085 = ORIENTED_EDGE ( 'NONE', *, *, #261, .F. ) ;
#3086 = MECHANICAL_DESIGN_GEOMETRIC_PRESENTATION_REPRESENTATION (  '', ( #1838 ), #3157 ) ;
#3087 = ADVANCED_FACE ( 'NONE', ( #2512 ), #552, .T. ) ;
#3088 = SURFACE_STYLE_USAGE ( .BOTH. , #405 ) ;
#3089 = COLOUR_RGB ( '',1.000000000000000000, 1.000000000000000000, 1.000000000000000000 ) ;
#3090 = ORIENTED_EDGE ( 'NONE', *, *, #373, .F. ) ;
#3091 = ADVANCED_FACE ( 'NONE', ( #2530 ), #3720, .T. ) ;
#3092 = CARTESIAN_POINT ( 'NONE',  ( -10.01134612334379703, -0.2785714285716031635, -3.499999999999999556 ) ) ;
#3093 = VECTOR ( 'NONE', #1979, 1000.000000000000114 ) ;
#3094 = CIRCLE ( 'NONE', #1909, 0.5000000000000004441 ) ;
#3095 = FACE_OUTER_BOUND ( 'NONE', #1086, .T. ) ;
#3096 = CARTESIAN_POINT ( 'NONE',  ( -9.899999999999998579, 6.938893903907228378E-15, 0.000000000000000000 ) ) ;
#3097 = ORIENTED_EDGE ( 'NONE', *, *, #137, .T. ) ;
#3098 = CARTESIAN_POINT ( 'NONE',  ( -9.621428571428298326, -0.1113461233438087089, 7.200000000000000178 ) ) ;
#3099 = AXIS2_PLACEMENT_3D ( 'NONE', #2146, #3639, #3350 ) ;
#3100 = AXIS2_PLACEMENT_3D ( 'NONE', #2477, #3681, #3386 ) ;
#3101 = AXIS2_PLACEMENT_3D ( 'NONE', #2249, #2786, #2287 ) ;
#3102 = FILL_AREA_STYLE ('',( #2849 ) ) ;
#3103 = DIRECTION ( 'NONE',  ( 0.000000000000000000, 0.000000000000000000, -1.000000000000000000 ) ) ;
#3104 = FILL_AREA_STYLE ('',( #2566 ) ) ;
#3105 = EDGE_LOOP ( 'NONE', ( #1092, #3139, #779, #727 ) ) ;
#3106 = CIRCLE ( 'NONE', #1421, 0.5000000000002218226 ) ;
#3107 = ORIENTED_EDGE ( 'NONE', *, *, #1937, .T. ) ;
#3108 = DIRECTION ( 'NONE',  ( 0.2978005507303604360, 0.6413383132051003743, 0.7071067811864985009 ) ) ;
#3109 = DIRECTION ( 'NONE',  ( -0.4211535777250244861, -0.9069893406040733241, 0.000000000000000000 ) ) ;
#3110 = PRESENTATION_STYLE_ASSIGNMENT (( #2199 ) ) ;
#3111 = VERTEX_POINT ( 'NONE', #2904 ) ;
#3112 =( NAMED_UNIT ( * ) SI_UNIT ( $, .STERADIAN. ) SOLID_ANGLE_UNIT ( ) );
#3113 =( NAMED_UNIT ( * ) PLANE_ANGLE_UNIT ( ) SI_UNIT ( $, .RADIAN. ) );
#3114 = AXIS2_PLACEMENT_3D ( 'NONE', #73, #1253, #361 ) ;
#3115 = VERTEX_POINT ( 'NONE', #286 ) ;
#3116 = EDGE_CURVE ( 'NONE', #3671, #1679, #3661, .T. ) ;
#3117 = MECHANICAL_DESIGN_GEOMETRIC_PRESENTATION_REPRESENTATION (  '', ( #429 ), #505 ) ;
#3118 = DIRECTION ( 'NONE',  ( 1.000000000000000000, 0.000000000000000000, 0.000000000000000000 ) ) ;
#3119 = DIRECTION ( 'NONE',  ( -1.000000000000000000, 0.000000000000000000, 0.000000000000000000 ) ) ;
#3120 = ORIENTED_EDGE ( 'NONE', *, *, #1521, .F. ) ;
#3121 = DIRECTION ( 'NONE',  ( -5.742996519033948731E-17, 2.295498867382631262E-17, -1.000000000000000000 ) ) ;
#3122 = FILL_AREA_STYLE_COLOUR ( '', #1403 ) ;
#3123 = DIRECTION ( 'NONE',  ( 0.000000000000000000, 0.000000000000000000, 1.000000000000000000 ) ) ;
#3124 = CYLINDRICAL_SURFACE ( 'NONE', #251, 0.5500000000000001554 ) ;
#3125 = EDGE_LOOP ( 'NONE', ( #3160, #1097, #1779, #691 ) ) ;
#3126 = ORIENTED_EDGE ( 'NONE', *, *, #2059, .T. ) ;
#3127 = DIRECTION ( 'NONE',  ( 0.000000000000000000, 0.000000000000000000, 1.000000000000000000 ) ) ;
#3128 = CARTESIAN_POINT ( 'NONE',  ( -9.900000000000002132, -9.899999999999991473, 2.199999999999999734 ) ) ;
#3129 = CARTESIAN_POINT ( 'NONE',  ( 12.19999999999999574, -12.70000000000000995, 0.000000000000000000 ) ) ;
#3130 = STYLED_ITEM ( 'NONE', ( #749 ), #2408 ) ;
#3131 = ORIENTED_EDGE ( 'NONE', *, *, #1142, .F. ) ;
#3132 = COLOUR_RGB ( '',1.000000000000000000, 1.000000000000000000, 1.000000000000000000 ) ;
#3133 = DIRECTION ( 'NONE',  ( -0.9069893406040738792, 0.4211535777250234869, 2.775557561561375160E-14 ) ) ;
#3134 = FILL_AREA_STYLE ('',( #1327 ) ) ;
#3135 = ORIENTED_EDGE ( 'NONE', *, *, #2454, .F. ) ;
#3136 = CARTESIAN_POINT ( 'NONE',  ( 10.01891456494769628, 10.64051288053862088, 2.199999999999999734 ) ) ;
#3137 = UNCERTAINTY_MEASURE_WITH_UNIT (LENGTH_MEASURE( 1.000000000000000082E-05 ), #2358, 'distance_accuracy_value', 'NONE');
#3138 = DIRECTION ( 'NONE',  ( -0.2829836251474259212, -0.9591247405308765961, 0.000000000000000000 ) ) ;
#3139 = ORIENTED_EDGE ( 'NONE', *, *, #3740, .T. ) ;
#3140 = DIRECTION ( 'NONE',  ( 1.000000000000000000, 0.000000000000000000, 0.000000000000000000 ) ) ;
#3141 = ADVANCED_FACE ( 'NONE', ( #2595 ), #2961, .T. ) ;
#3142 = DIRECTION ( 'NONE',  ( 2.775557561561655048E-14, -3.457101876421914558E-30, 1.000000000000000000 ) ) ;
#3143 = FACE_OUTER_BOUND ( 'NONE', #3731, .T. ) ;
#3144 = EDGE_CURVE ( 'NONE', #1501, #299, #805, .T. ) ;
#3145 = VERTEX_POINT ( 'NONE', #227 ) ;
#3146 = ORIENTED_EDGE ( 'NONE', *, *, #1201, .T. ) ;
#3147 = EDGE_CURVE ( 'NONE', #2130, #938, #2550, .T. ) ;
#3148 = DIRECTION ( 'NONE',  ( 2.737672609122634754E-14, -4.400722932270903070E-15, 1.000000000000000000 ) ) ;
#3149 = DIRECTION ( 'NONE',  ( -0.9069893406040738792, 0.4211535777250234869, 2.775557561561375160E-14 ) ) ;
#3150 = EDGE_CURVE ( 'NONE', #3724, #2772, #2655, .T. ) ;
#3151 = LINE ( 'NONE', #1655, #2683 ) ;
#3152 = ORIENTED_EDGE ( 'NONE', *, *, #2988, .T. ) ;
#3153 = LINE ( 'NONE', #2551, #2924 ) ;
#3154 = ADVANCED_FACE ( 'NONE', ( #3239 ), #3757, .T. ) ;
#3155 = DIRECTION ( 'NONE',  ( -0.4211535777250244861, -0.9069893406040733241, 0.000000000000000000 ) ) ;
#3156 = ORIENTED_EDGE ( 'NONE', *, *, #155, .T. ) ;
#3157 =( GEOMETRIC_REPRESENTATION_CONTEXT ( 3 ) GLOBAL_UNCERTAINTY_ASSIGNED_CONTEXT ( ( #563 ) ) GLOBAL_UNIT_ASSIGNED_CONTEXT ( ( #2602, #3205, #3063 ) ) REPRESENTATION_CONTEXT ( 'NONE', 'WORKASPACE' ) );
#3158 = DIRECTION ( 'NONE',  ( -5.742996519033948731E-17, 2.295498867382631262E-17, -1.000000000000000000 ) ) ;
#3159 = DIRECTION ( 'NONE',  ( -1.000000000000000000, 0.000000000000000000, 0.000000000000000000 ) ) ;
#3160 = ORIENTED_EDGE ( 'NONE', *, *, #1884, .F. ) ;
#3161 = AXIS2_PLACEMENT_3D ( 'NONE', #1941, #475, #2304 ) ;
#3162 = LINE ( 'NONE', #1153, #503 ) ;
#3163 = AXIS2_PLACEMENT_3D ( 'NONE', #3477, #1958, #2322 ) ;
#3164 = AXIS2_PLACEMENT_3D ( 'NONE', #1625, #1060, #807 ) ;
#3165 = SPHERICAL_SURFACE ( 'NONE', #607, 0.5000000000000000000 ) ;
#3166 = FACE_BOUND ( 'NONE', #308, .T. ) ;
#3167 = ORIENTED_EDGE ( 'NONE', *, *, #364, .F. ) ;
#3168 = AXIS2_PLACEMENT_3D ( 'NONE', #1441, #888, #2641 ) ;
#3169 = VECTOR ( 'NONE', #3532, 1000.000000000000000 ) ;
#3170 = ORIENTED_EDGE ( 'NONE', *, *, #893, .F. ) ;
#3171 = CIRCLE ( 'NONE', #2542, 0.5000000000002233769 ) ;
#3172 = EDGE_CURVE ( 'NONE', #3849, #809, #3506, .T. ) ;
#3173 = ADVANCED_FACE ( 'NONE', ( #3831 ), #1989, .T. ) ;
#3174 = DIRECTION ( 'NONE',  ( -1.000000000000000000, 5.971819714150072316E-17, -0.000000000000000000 ) ) ;
#3175 = COLOUR_RGB ( '',1.000000000000000000, 1.000000000000000000, 1.000000000000000000 ) ;
#3176 = CARTESIAN_POINT ( 'NONE',  ( -9.899999999999998579, 1.734723475976807094E-15, 5.200000000000001066 ) ) ;
#3177 = AXIS2_PLACEMENT_3D ( 'NONE', #1681, #731, #453 ) ;
#3178 = DIRECTION ( 'NONE',  ( -0.6565991539590007031, 0.2624453295839375699, -0.7071067811864789610 ) ) ;
#3179 = ORIENTED_EDGE ( 'NONE', *, *, #1045, .F. ) ;
#3180 = CARTESIAN_POINT ( 'NONE',  ( -10.44999999999999751, 7.372574772901430151E-15, 0.000000000000000000 ) ) ;
#3181 = CARTESIAN_POINT ( 'NONE',  ( -10.17836530835934639, -0.6964285714287526963, 2.199999999999949996 ) ) ;
#3182 = ORIENTED_EDGE ( 'NONE', *, *, #2983, .F. ) ;
#3183 = STYLED_ITEM ( 'NONE', ( #2054 ), #412 ) ;
#3184 = DIRECTION ( 'NONE',  ( -0.1585527532634843362, -0.9873505073845704194, 0.000000000000000000 ) ) ;
#3185 = ORIENTED_EDGE ( 'NONE', *, *, #2782, .F. ) ;
#3186 = PRESENTATION_LAYER_ASSIGNMENT (  '', '', ( #1676 ) ) ;
#3187 = COLOUR_RGB ( '',0.7921568627450980005, 0.8196078431372548767, 0.9333333333333333481 ) ;
#3188 = EDGE_LOOP ( 'NONE', ( #897, #1020, #945, #931 ) ) ;
#3189 = DIRECTION ( 'NONE',  ( 0.000000000000000000, 0.000000000000000000, -1.000000000000000000 ) ) ;
#3190 = DIRECTION ( 'NONE',  ( -2.817628020665322285E-16, -1.000000000000000000, -0.000000000000000000 ) ) ;
#3191 = CARTESIAN_POINT ( 'NONE',  ( -11.94999999999999574, 12.45000000000000639, 11.70000000000000107 ) ) ;
#3192 = ORIENTED_EDGE ( 'NONE', *, *, #3075, .T. ) ;
#3193 = CARTESIAN_POINT ( 'NONE',  ( -9.689423211137402348, -9.446505329697751918, 2.199999999999999734 ) ) ;
#3194 = EDGE_CURVE ( 'NONE', #809, #2772, #2544, .T. ) ;
#3195 = ORIENTED_EDGE ( 'NONE', *, *, #669, .T. ) ;
#3196 = AXIS2_PLACEMENT_3D ( 'NONE', #158, #1632, #815 ) ;
#3197 = ADVANCED_FACE ( 'NONE', ( #208 ), #2309, .T. ) ;
#3198 = DIRECTION ( 'NONE',  ( 2.705782887836759613E-17, -4.345056020036657155E-18, -1.000000000000000000 ) ) ;
#3199 = DIRECTION ( 'NONE',  ( -0.9285714285714289362, 0.3711537444790447005, 2.775557561561369796E-14 ) ) ;
#3200 = ORIENTED_EDGE ( 'NONE', *, *, #2964, .T. ) ;
#3201 = FILL_AREA_STYLE_COLOUR ( '', #117 ) ;
#3202 = CARTESIAN_POINT ( 'NONE',  ( 9.899999999999991473, -9.399999999999776534, -3.299999999999999822 ) ) ;
#3203 = DIRECTION ( 'NONE',  ( 2.737672609122634754E-14, -4.400722932270903070E-15, 1.000000000000000000 ) ) ;
#3204 = ORIENTED_EDGE ( 'NONE', *, *, #954, .F. ) ;
#3205 =( NAMED_UNIT ( * ) PLANE_ANGLE_UNIT ( ) SI_UNIT ( $, .RADIAN. ) );
#3206 = CARTESIAN_POINT ( 'NONE',  ( 12.45000000000000284, 12.44999999999999929, 0.5000000000000000000 ) ) ;
#3207 = ORIENTED_EDGE ( 'NONE', *, *, #3609, .T. ) ;
#3208 = CARTESIAN_POINT ( 'NONE',  ( 10.44999999999999396, -9.899999999999998579, 0.5000000000000000000 ) ) ;
#3209 = CARTESIAN_POINT ( 'NONE',  ( -9.899999999999998579, 6.938893903907228378E-15, 0.000000000000000000 ) ) ;
#3210 = VERTEX_POINT ( 'NONE', #3216 ) ;
#3211 = CARTESIAN_POINT ( 'NONE',  ( 12.19999999999999574, -12.70000000000000995, 0.000000000000000000 ) ) ;
#3212 = ADVANCED_FACE ( 'NONE', ( #2925 ), #1851, .T. ) ;
#3213 = EDGE_CURVE ( 'NONE', #82, #68, #1792, .T. ) ;
#3214 = DIRECTION ( 'NONE',  ( 1.000000000000000000, -5.971819714150072316E-17, 0.000000000000000000 ) ) ;
#3215 = AXIS2_PLACEMENT_3D ( 'NONE', #78, #935, #2451 ) ;
#3216 = CARTESIAN_POINT ( 'NONE',  ( -11.94999999999999574, 11.95000000000000995, 12.20000000000000107 ) ) ;
#3217 = UNCERTAINTY_MEASURE_WITH_UNIT (LENGTH_MEASURE( 1.000000000000000082E-05 ), #2801, 'distance_accuracy_value', 'NONE');
#3218 = DIRECTION ( 'NONE',  ( 2.577111568625364883E-14, -1.030638640684810909E-14, 1.000000000000000000 ) ) ;
#3219 = ADVANCED_FACE ( 'NONE', ( #1805 ), #174, .T. ) ;
#3220 = ORIENTED_EDGE ( 'NONE', *, *, #281, .T. ) ;
#3221 = VECTOR ( 'NONE', #3052, 1000.000000000000000 ) ;
#3222 = DIRECTION ( 'NONE',  ( 1.707404996040166237E-16, 1.000000000000000000, 0.000000000000000000 ) ) ;
#3223 = DIRECTION ( 'NONE',  ( 1.000000000000000000, 0.000000000000000000, 0.000000000000000000 ) ) ;
#3224 = ORIENTED_EDGE ( 'NONE', *, *, #2306, .F. ) ;
#3225 = DIRECTION ( 'NONE',  ( -1.000000000000000000, 2.817628020665331652E-16, 0.000000000000000000 ) ) ;
#3226 = SURFACE_SIDE_STYLE ('',( #2000 ) ) ;
#3227 = ADVANCED_FACE ( 'NONE', ( #955 ), #3298, .F. ) ;
#3228 = PLANE ( 'NONE',  #956 ) ;
#3229 = AXIS2_PLACEMENT_3D ( 'NONE', #1591, #347, #3359 ) ;
#3230 = AXIS2_PLACEMENT_3D ( 'NONE', #2448, #381, #1871 ) ;
#3231 = DIRECTION ( 'NONE',  ( -0.9069893406040736572, 0.4211535777250236534, 2.775557561561650631E-14 ) ) ;
#3232 = ORIENTED_EDGE ( 'NONE', *, *, #1926, .F. ) ;
#3233 = MECHANICAL_DESIGN_GEOMETRIC_PRESENTATION_REPRESENTATION (  '', ( #2676 ), #929 ) ;
#3234 = CARTESIAN_POINT ( 'NONE',  ( -9.899999999999995026, 9.900000000000005684, -3.499999999999999556 ) ) ;
#3235 = AXIS2_PLACEMENT_3D ( 'NONE', #2844, #3444, #3184 ) ;
#3236 = ORIENTED_EDGE ( 'NONE', *, *, #2168, .F. ) ;
#3237 = CIRCLE ( 'NONE', #3662, 0.5500000000000001554 ) ;
#3238 = CARTESIAN_POINT ( 'NONE',  ( -9.689423211137402348, -9.446505329697751918, -3.299999999999999822 ) ) ;
#3239 = FACE_OUTER_BOUND ( 'NONE', #1182, .T. ) ;
#3240 = DIRECTION ( 'NONE',  ( 0.000000000000000000, 0.000000000000000000, 1.000000000000000000 ) ) ;
#3241 = EDGE_CURVE ( 'NONE', #55, #1305, #2305, .T. ) ;
#3242 = ORIENTED_EDGE ( 'NONE', *, *, #2395, .F. ) ;
#3243 = DIRECTION ( 'NONE',  ( 1.921095340518694818E-31, -5.668069029403945456E-32, -1.000000000000000000 ) ) ;
#3244 = LINE ( 'NONE', #1, #610 ) ;
#3245 = CIRCLE ( 'NONE', #3057, 0.5000000000000004441 ) ;
#3246 = ORIENTED_EDGE ( 'NONE', *, *, #661, .T. ) ;
#3247 = DIRECTION ( 'NONE',  ( 2.817628020665322285E-16, 1.000000000000000000, 0.000000000000000000 ) ) ;
#3248 = EDGE_CURVE ( 'NONE', #1267, #1425, #53, .T. ) ;
#3249 =( NAMED_UNIT ( * ) SI_UNIT ( $, .STERADIAN. ) SOLID_ANGLE_UNIT ( ) );
#3250 = CARTESIAN_POINT ( 'NONE',  ( -12.19999999999999574, 12.70000000000000639, 0.5000000000000000000 ) ) ;
#3251 = SURFACE_SIDE_STYLE ('',( #3268 ) ) ;
#3252 = ORIENTED_EDGE ( 'NONE', *, *, #189, .F. ) ;
#3253 = DIRECTION ( 'NONE',  ( 2.516871016324649737E-14, -1.170077625225466768E-14, 1.000000000000000000 ) ) ;
#3254 = ORIENTED_EDGE ( 'NONE', *, *, #2458, .T. ) ;
#3255 =( LENGTH_UNIT ( ) NAMED_UNIT ( * ) SI_UNIT ( .MILLI., .METRE. ) );
#3256 = FILL_AREA_STYLE ('',( #2344 ) ) ;
#3257 = DIRECTION ( 'NONE',  ( -1.000000000000000000, 5.971819714150072316E-17, -0.000000000000000000 ) ) ;
#3258 = CIRCLE ( 'NONE', #1447, 0.5000000000002232659 ) ;
#3259 = ORIENTED_EDGE ( 'NONE', *, *, #2395, .T. ) ;
#3260 = LINE ( 'NONE', #3007, #1236 ) ;
#3261 = DIRECTION ( 'NONE',  ( 0.000000000000000000, 0.000000000000000000, 1.000000000000000000 ) ) ;
#3262 =( NAMED_UNIT ( * ) SI_UNIT ( $, .STERADIAN. ) SOLID_ANGLE_UNIT ( ) );
#3263 = EDGE_LOOP ( 'NONE', ( #1811, #1485, #1801, #2185 ) ) ;
#3264 = CARTESIAN_POINT ( 'NONE',  ( -12.19999999999995133, -12.70000000000000284, 12.20000000000000107 ) ) ;
#3265 = FACE_BOUND ( 'NONE', #2176, .T. ) ;
#3266 = ADVANCED_FACE ( 'NONE', ( #2732 ), #13, .F. ) ;
#3267 = FACE_OUTER_BOUND ( 'NONE', #1004, .T. ) ;
#3268 = SURFACE_STYLE_FILL_AREA ( #2412 ) ;
#3269 = EDGE_LOOP ( 'NONE', ( #3805, #903 ) ) ;
#3270 = EDGE_CURVE ( 'NONE', #1501, #3354, #2402, .T. ) ;
#3271 = FACE_OUTER_BOUND ( 'NONE', #560, .T. ) ;
#3272 = CARTESIAN_POINT ( 'NONE',  ( -11.95000000000000284, -11.94999999999999218, 11.70000000000000107 ) ) ;
#3273 = EDGE_LOOP ( 'NONE', ( #147, #1628, #432, #1980 ) ) ;
#3274 = EDGE_CURVE ( 'NONE', #1308, #1972, #606, .T. ) ;
#3275 = EDGE_LOOP ( 'NONE', ( #2949, #3135, #321, #745 ) ) ;
#3276 = DIRECTION ( 'NONE',  ( -5.742996519033948731E-17, 2.295498867382636192E-17, -1.000000000000000000 ) ) ;
#3277 = AXIS2_PLACEMENT_3D ( 'NONE', #651, #2121, #1835 ) ;
#3278 =( GEOMETRIC_REPRESENTATION_CONTEXT ( 3 ) GLOBAL_UNCERTAINTY_ASSIGNED_CONTEXT ( ( #3758 ) ) GLOBAL_UNIT_ASSIGNED_CONTEXT ( ( #1770, #1449, #1188 ) ) REPRESENTATION_CONTEXT ( 'NONE', 'WORKASPACE' ) );
#3279 = CARTESIAN_POINT ( 'NONE',  ( 9.900000000000096279, -9.899999999999998579, 7.200000000000000178 ) ) ;
#3280 = ORIENTED_EDGE ( 'NONE', *, *, #261, .T. ) ;
#3281 = CIRCLE ( 'NONE', #1228, 0.5000000000002224887 ) ;
#3282 = CARTESIAN_POINT ( 'NONE',  ( 9.947565825979102883, 10.19620515221556190, -3.499999999999999556 ) ) ;
#3283 = MECHANICAL_DESIGN_GEOMETRIC_PRESENTATION_REPRESENTATION (  '', ( #1101 ), #2471 ) ;
#3284 = CARTESIAN_POINT ( 'NONE',  ( 9.947565825979102883, 10.19620515221556190, -3.499999999999999556 ) ) ;
#3285 = PRESENTATION_STYLE_ASSIGNMENT (( #7 ) ) ;
#3286 = DIRECTION ( 'NONE',  ( 0.000000000000000000, 0.000000000000000000, -1.000000000000000000 ) ) ;
#3287 = ORIENTED_EDGE ( 'NONE', *, *, #83, .F. ) ;
#3288 = ADVANCED_FACE ( 'NONE', ( #3437 ), #772, .T. ) ;
#3289 = ADVANCED_FACE ( 'NONE', ( #1694 ), #202, .T. ) ;
#3290 = VECTOR ( 'NONE', #3020, 1000.000000000000000 ) ;
#3291 = DIRECTION ( 'NONE',  ( 0.000000000000000000, -1.000000000000000000, 0.000000000000000000 ) ) ;
#3292 = CARTESIAN_POINT ( 'NONE',  ( -12.19999999999995133, -12.20000000000000284, 12.20000000000000107 ) ) ;
#3293 = ORIENTED_EDGE ( 'NONE', *, *, #1353, .F. ) ;
#3294 = AXIS2_PLACEMENT_3D ( 'NONE', #2137, #3065, #3079 ) ;
#3295 = AXIS2_PLACEMENT_3D ( 'NONE', #3819, #2077, #2910 ) ;
#3296 = AXIS2_PLACEMENT_3D ( 'NONE', #2310, #3257, #3240 ) ;
#3297 = PRESENTATION_LAYER_ASSIGNMENT (  '', '', ( #2922 ) ) ;
#3298 = PLANE ( 'NONE',  #3851 ) ;
#3299 = AXIS2_PLACEMENT_3D ( 'NONE', #2360, #1776, #2651 ) ;
#3300 = EDGE_LOOP ( 'NONE', ( #1008, #3714, #97, #2434 ) ) ;
#3301 = DIRECTION ( 'NONE',  ( 3.169933224286730143E-16, 0.7071067811865969777, 0.7071067811864980568 ) ) ;
#3302 = LINE ( 'NONE', #1265, #236 ) ;
#3303 = EDGE_LOOP ( 'NONE', ( #912, #3200 ) ) ;
#3304 = PLANE ( 'NONE',  #684 ) ;
#3305 = CARTESIAN_POINT ( 'NONE',  ( -6.938893903907228378E-15, -12.20000000000000639, 12.20000000000000107 ) ) ;
#3306 = AXIS2_PLACEMENT_3D ( 'NONE', #3645, #3024, #1540 ) ;
#3307 = DIRECTION ( 'NONE',  ( -1.000000000000000000, 2.817628020665322285E-16, 2.740378392010469983E-14 ) ) ;
#3308 = DIRECTION ( 'NONE',  ( -1.921095340518694818E-31, 5.668069029403945456E-32, 1.000000000000000000 ) ) ;
#3309 = ORIENTED_EDGE ( 'NONE', *, *, #2349, .F. ) ;
#3310 =( GEOMETRIC_REPRESENTATION_CONTEXT ( 3 ) GLOBAL_UNCERTAINTY_ASSIGNED_CONTEXT ( ( #2828 ) ) GLOBAL_UNIT_ASSIGNED_CONTEXT ( ( #721, #1609, #132 ) ) REPRESENTATION_CONTEXT ( 'NONE', 'WORKASPACE' ) );
#3311 = DIRECTION ( 'NONE',  ( 0.9285714285714283811, -0.3711537444790456997, -2.891205793292321585E-14 ) ) ;
#3312 = DIRECTION ( 'NONE',  ( 2.775557561562889810E-17, -5.650062719754271037E-32, -1.000000000000000000 ) ) ;
#3313 = ORIENTED_EDGE ( 'NONE', *, *, #1376, .F. ) ;
#3314 =( NAMED_UNIT ( * ) PLANE_ANGLE_UNIT ( ) SI_UNIT ( $, .RADIAN. ) );
#3315 = EDGE_CURVE ( 'NONE', #1419, #3512, #1390, .T. ) ;
#3316 = DIRECTION ( 'NONE',  ( 3.100757185579769905E-16, 1.000000000000000000, 0.000000000000000000 ) ) ;
#3317 = ORIENTED_EDGE ( 'NONE', *, *, #1827, .F. ) ;
#3318 = EDGE_CURVE ( 'NONE', #1996, #63, #3151, .T. ) ;
#3319 = FACE_OUTER_BOUND ( 'NONE', #2731, .T. ) ;
#3320 = AXIS2_PLACEMENT_3D ( 'NONE', #470, #1405, #1370 ) ;
#3321 = CARTESIAN_POINT ( 'NONE',  ( -9.899999999999995026, 9.900000000000016342, 5.200000000000001066 ) ) ;
#3322 = DIRECTION ( 'NONE',  ( -5.742996519033948731E-17, 2.295498867382631262E-17, -1.000000000000000000 ) ) ;
#3323 = EDGE_LOOP ( 'NONE', ( #2832, #120, #877, #1839 ) ) ;
#3324 = VECTOR ( 'NONE', #2037, 1000.000000000000000 ) ;
#3325 = EDGE_CURVE ( 'NONE', #1963, #582, #1614, .T. ) ;
#3326 = CARTESIAN_POINT ( 'NONE',  ( -12.19999999999999574, 12.20000000000000639, 0.000000000000000000 ) ) ;
#3327 = ORIENTED_EDGE ( 'NONE', *, *, #966, .T. ) ;
#3328 = CARTESIAN_POINT ( 'NONE',  ( 12.20000000000000284, 12.20000000000000995, 12.20000000000000107 ) ) ;
#3329 = CARTESIAN_POINT ( 'NONE',  ( 10.01891456494769628, 10.64051288053862088, 2.199999999999999734 ) ) ;
#3330 = ORIENTED_EDGE ( 'NONE', *, *, #3147, .T. ) ;
#3331 =( LENGTH_UNIT ( ) NAMED_UNIT ( * ) SI_UNIT ( .MILLI., .METRE. ) );
#3332 = EDGE_CURVE ( 'NONE', #1663, #2503, #3049, .T. ) ;
#3333 = EDGE_CURVE ( 'NONE', #190, #3565, #2898, .T. ) ;
#3334 = CYLINDRICAL_SURFACE ( 'NONE', #2981, 0.5000000000002495781 ) ;
#3335 = EDGE_CURVE ( 'NONE', #1308, #2072, #816, .T. ) ;
#3336 = ORIENTED_EDGE ( 'NONE', *, *, #325, .F. ) ;
#3337 = FACE_OUTER_BOUND ( 'NONE', #1604, .T. ) ;
#3338 = DIRECTION ( 'NONE',  ( 0.000000000000000000, -1.000000000000000000, 0.000000000000000000 ) ) ;
#3339 =( NAMED_UNIT ( * ) PLANE_ANGLE_UNIT ( ) SI_UNIT ( $, .RADIAN. ) );
#3340 = STYLED_ITEM ( 'NONE', ( #2881 ), #1589 ) ;
#3341 = DIRECTION ( 'NONE',  ( -0.1585527532634843362, -0.9873505073845704194, 0.000000000000000000 ) ) ;
#3342 = ORIENTED_EDGE ( 'NONE', *, *, #437, .T. ) ;
#3343 = CIRCLE ( 'NONE', #1709, 0.5000000000002232659 ) ;
#3344 = CYLINDRICAL_SURFACE ( 'NONE', #2094, 0.5000000000002502443 ) ;
#3345 = SURFACE_STYLE_USAGE ( .BOTH. , #2437 ) ;
#3346 = AXIS2_PLACEMENT_3D ( 'NONE', #2325, #794, #1985 ) ;
#3347 = AXIS2_PLACEMENT_3D ( 'NONE', #318, #2628, #1733 ) ;
#3348 = COLOUR_RGB ( '',1.000000000000000000, 1.000000000000000000, 1.000000000000000000 ) ;
#3349 = EDGE_LOOP ( 'NONE', ( #1506, #396, #3508, #2359 ) ) ;
#3350 = DIRECTION ( 'NONE',  ( -2.817628020665322285E-16, -1.000000000000000000, -9.860761315262639904E-32 ) ) ;
#3351 = CIRCLE ( 'NONE', #806, 0.5500000000000001554 ) ;
#3352 = EDGE_CURVE ( 'NONE', #3030, #2776, #183, .T. ) ;
#3353 = DIRECTION ( 'NONE',  ( 1.707404996040166237E-16, 1.000000000000000000, 0.000000000000000000 ) ) ;
#3354 = VERTEX_POINT ( 'NONE', #2262 ) ;
#3355 = VECTOR ( 'NONE', #3753, 1000.000000000000000 ) ;
#3356 = CYLINDRICAL_SURFACE ( 'NONE', #1368, 0.7500000000001958433 ) ;
#3357 = CARTESIAN_POINT ( 'NONE',  ( 9.899999999999991473, -9.899999999999998579, -3.499999999999999556 ) ) ;
#3358 = CLOSED_SHELL ( 'NONE', ( #2525, #1976, #2868, #3576, #913, #2956, #3070, #2318, #3055, #3636, #595, #2520, #3723, #306 ) ) ;
#3359 = DIRECTION ( 'NONE',  ( -0.3711537444790469764, -0.9285714285714278260, 0.000000000000000000 ) ) ;
#3360 = EDGE_CURVE ( 'NONE', #3433, #72, #3037, .T. ) ;
#3361 = EDGE_LOOP ( 'NONE', ( #2598, #378, #1638, #632 ) ) ;
#3362 = CIRCLE ( 'NONE', #1126, 0.3000000000001890044 ) ;
#3363 = DIRECTION ( 'NONE',  ( -0.2829836251474259212, -0.9591247405308765961, 0.000000000000000000 ) ) ;
#3364 = DIRECTION ( 'NONE',  ( 1.000000000000000000, -5.971819714150072316E-17, 0.000000000000000000 ) ) ;
#3365 = MECHANICAL_DESIGN_GEOMETRIC_PRESENTATION_REPRESENTATION (  '', ( #3678 ), #1680 ) ;
#3366 = EDGE_CURVE ( 'NONE', #2352, #3397, #2002, .T. ) ;
#3367 = EDGE_LOOP ( 'NONE', ( #1730, #783, #2559, #3317 ) ) ;
#3368 = DIRECTION ( 'NONE',  ( 1.000000000000000000, 0.000000000000000000, 0.000000000000000000 ) ) ;
#3369 = DIRECTION ( 'NONE',  ( -1.000000000000000000, 2.817628020665322285E-16, 0.000000000000000000 ) ) ;
#3370 = ORIENTED_EDGE ( 'NONE', *, *, #862, .T. ) ;
#3371 = CARTESIAN_POINT ( 'NONE',  ( 9.899999999999991473, -9.899999999999998579, -3.499999999999999556 ) ) ;
#3372 = DIRECTION ( 'NONE',  ( -1.000000000000000000, 0.000000000000000000, 2.775557561561656310E-14 ) ) ;
#3373 =( LENGTH_UNIT ( ) NAMED_UNIT ( * ) SI_UNIT ( .MILLI., .METRE. ) );
#3374 = DIRECTION ( 'NONE',  ( -2.817628020665322285E-16, -1.000000000000000000, 0.000000000000000000 ) ) ;
#3375 = VERTEX_POINT ( 'NONE', #3191 ) ;
#3376 = CONICAL_SURFACE ( 'NONE', #2331, 0.3000000000001890044, 0.7853981633975168908 ) ;
#3377 = EDGE_CURVE ( 'NONE', #2045, #2401, #3794, .T. ) ;
#3378 = FACE_OUTER_BOUND ( 'NONE', #2549, .T. ) ;
#3379 = CARTESIAN_POINT ( 'NONE',  ( 9.899999999999991473, -9.899999999999998579, 2.199999999999999734 ) ) ;
#3380 = EDGE_CURVE ( 'NONE', #1346, #1401, #1088, .T. ) ;
#3381 = ORIENTED_EDGE ( 'NONE', *, *, #2172, .F. ) ;
#3382 = CARTESIAN_POINT ( 'NONE',  ( 11.95000000000000284, 12.44999999999999929, 12.20000000000000107 ) ) ;
#3383 = VERTEX_POINT ( 'NONE', #3706 ) ;
#3384 = CARTESIAN_POINT ( 'NONE',  ( -9.349999999999997868, 6.938893903907228378E-15, 0.5000000000000000000 ) ) ;
#3385 = EDGE_CURVE ( 'NONE', #998, #1932, #514, .T. ) ;
#3386 = DIRECTION ( 'NONE',  ( -1.000000000000000000, 2.817628020665322285E-16, -2.705782887836759613E-17 ) ) ;
#3387 = CARTESIAN_POINT ( 'NONE',  ( 9.899999999999991473, -9.899999999999998579, -3.499999999999999556 ) ) ;
#3388 = VERTEX_POINT ( 'NONE', #1123 ) ;
#3389 = CARTESIAN_POINT ( 'NONE',  ( -11.94999999999999574, 11.95000000000000995, 11.70000000000000107 ) ) ;
#3390 = CARTESIAN_POINT ( 'NONE',  ( -9.899999999999998579, 1.734723475976807094E-15, 2.199999999999949996 ) ) ;
#3391 = FACE_BOUND ( 'NONE', #2190, .T. ) ;
#3392 = ORIENTED_EDGE ( 'NONE', *, *, #2144, .T. ) ;
#3393 = FILL_AREA_STYLE ('',( #1593 ) ) ;
#3394 =( GEOMETRIC_REPRESENTATION_CONTEXT ( 3 ) GLOBAL_UNCERTAINTY_ASSIGNED_CONTEXT ( ( #1150 ) ) GLOBAL_UNIT_ASSIGNED_CONTEXT ( ( #2233, #2543, #200 ) ) REPRESENTATION_CONTEXT ( 'NONE', 'WORKASPACE' ) );
#3395 = FILL_AREA_STYLE_COLOUR ( '', #2968 ) ;
#3396 = EDGE_CURVE ( 'NONE', #1455, #809, #2237, .T. ) ;
#3397 = VERTEX_POINT ( 'NONE', #496 ) ;
#3398 = AXIS2_PLACEMENT_3D ( 'NONE', #3593, #1795, #2117 ) ;
#3399 = DIRECTION ( 'NONE',  ( 2.891205793292319691E-14, -3.782955574686631991E-30, 1.000000000000000000 ) ) ;
#3400 = FILL_AREA_STYLE ('',( #337 ) ) ;
#3401 = ORIENTED_EDGE ( 'NONE', *, *, #1565, .F. ) ;
#3402 =( LENGTH_UNIT ( ) NAMED_UNIT ( * ) SI_UNIT ( .MILLI., .METRE. ) );
#3403 = CIRCLE ( 'NONE', #351, 0.5000000000000004441 ) ;
#3404 = CARTESIAN_POINT ( 'NONE',  ( 12.20000000000000284, 12.20000000000000995, 12.20000000000000107 ) ) ;
#3405 = LINE ( 'NONE', #1330, #2048 ) ;
#3406 = ORIENTED_EDGE ( 'NONE', *, *, #545, .F. ) ;
#3407 = DIRECTION ( 'NONE',  ( -2.955531293105684404E-33, 8.720106199082888138E-34, -1.000000000000000000 ) ) ;
#3408 = UNCERTAINTY_MEASURE_WITH_UNIT (LENGTH_MEASURE( 1.000000000000000082E-05 ), #1708, 'distance_accuracy_value', 'NONE');
#3409 = AXIS2_PLACEMENT_3D ( 'NONE', #233, #3804, #2373 ) ;
#3410 = AXIS2_PLACEMENT_3D ( 'NONE', #2579, #170, #2872 ) ;
#3411 = SURFACE_SIDE_STYLE ('',( #247 ) ) ;
#3412 = DIRECTION ( 'NONE',  ( -4.035889280522283333E-16, -0.7071067811865969777, 0.7071067811864980568 ) ) ;
#3413 = FILL_AREA_STYLE ('',( #3730 ) ) ;
#3414 = EDGE_LOOP ( 'NONE', ( #1270, #2053, #1759, #2496 ) ) ;
#3415 = AXIS2_PLACEMENT_3D ( 'NONE', #2140, #2487, #692 ) ;
#3416 = SURFACE_SIDE_STYLE ('',( #2815 ) ) ;
#3417 = CARTESIAN_POINT ( 'NONE',  ( -6.938893903907228378E-15, -11.94999999999999574, 11.70000000000000107 ) ) ;
#3418 = SURFACE_SIDE_STYLE ('',( #2570 ) ) ;
#3419 = CARTESIAN_POINT ( 'NONE',  ( -10.08557687223959931, -0.4642857142859234121, -3.499999999999999556 ) ) ;
#3420 = VERTEX_POINT ( 'NONE', #1939 ) ;
#3421 = DIRECTION ( 'NONE',  ( 0.000000000000000000, 0.000000000000000000, -1.000000000000000000 ) ) ;
#3422 = FACE_OUTER_BOUND ( 'NONE', #1372, .T. ) ;
#3423 = VERTEX_POINT ( 'NONE', #3129 ) ;
#3424 = EDGE_CURVE ( 'NONE', #1173, #339, #1633, .T. ) ;
#3425 = DIRECTION ( 'NONE',  ( 2.663612590832154612E-14, -7.803307572648229554E-15, 1.000000000000000000 ) ) ;
#3426 = DIRECTION ( 'NONE',  ( -3.414809992080321627E-17, -1.000000000000000000, 0.000000000000000000 ) ) ;
#3427 = ADVANCED_FACE ( 'NONE', ( #1345 ), #2547, .F. ) ;
#3428 = EDGE_LOOP ( 'NONE', ( #3309, #2761 ) ) ;
#3429 = CARTESIAN_POINT ( 'NONE',  ( 12.20000000000000284, 12.19999999999999929, 0.5000000000000000000 ) ) ;
#3430 = LINE ( 'NONE', #719, #2664 ) ;
#3431 = DIRECTION ( 'NONE',  ( 0.9591247405308757079, -0.2829836251474284192, -2.891205793292314012E-14 ) ) ;
#3432 = ORIENTED_EDGE ( 'NONE', *, *, #1021, .T. ) ;
#3433 = VERTEX_POINT ( 'NONE', #1753 ) ;
#3434 = EDGE_CURVE ( 'NONE', #2867, #3111, #1343, .T. ) ;
#3435 = CARTESIAN_POINT ( 'NONE',  ( 12.70000000000000284, 12.69999999999999929, 0.000000000000000000 ) ) ;
#3436 = CARTESIAN_POINT ( 'NONE',  ( 12.19999999999999574, -12.70000000000000995, 0.5000000000000000000 ) ) ;
#3437 = FACE_OUTER_BOUND ( 'NONE', #1706, .T. ) ;
#3438 = VECTOR ( 'NONE', #3083, 1000.000000000000000 ) ;
#3439 = ORIENTED_EDGE ( 'NONE', *, *, #3553, .T. ) ;
#3440 = DIRECTION ( 'NONE',  ( -5.551115123125779004E-17, 2.775557561562886421E-17, -1.000000000000000000 ) ) ;
#3441 = EDGE_LOOP ( 'NONE', ( #3534, #2963, #3617, #1046 ) ) ;
#3442 = CARTESIAN_POINT ( 'NONE',  ( -9.899999999999995026, 9.900000000000005684, 0.5000000000000000000 ) ) ;
#3443 = UNCERTAINTY_MEASURE_WITH_UNIT (LENGTH_MEASURE( 1.000000000000000082E-05 ), #3461, 'distance_accuracy_value', 'NONE');
#3444 = DIRECTION ( 'NONE',  ( 2.705782887836759613E-17, -4.345056020036487674E-18, -1.000000000000000000 ) ) ;
#3445 = ADVANCED_FACE ( 'NONE', ( #24 ), #2381, .T. ) ;
#3446 = ORIENTED_EDGE ( 'NONE', *, *, #3519, .F. ) ;
#3447 = DIRECTION ( 'NONE',  ( -0.3711537444790485307, -0.9285714285714271599, 0.000000000000000000 ) ) ;
#3448 = DIRECTION ( 'NONE',  ( -0.3711537444790469764, -0.9285714285714278260, 0.000000000000000000 ) ) ;
#3449 = DIRECTION ( 'NONE',  ( 5.742996519033948731E-17, -2.295498867382626331E-17, 1.000000000000000000 ) ) ;
#3450 = ORIENTED_EDGE ( 'NONE', *, *, #2294, .T. ) ;
#3451 = UNCERTAINTY_MEASURE_WITH_UNIT (LENGTH_MEASURE( 1.000000000000000082E-05 ), #1029, 'distance_accuracy_value', 'NONE');
#3452 = ORIENTED_EDGE ( 'NONE', *, *, #3315, .F. ) ;
#3453 = SURFACE_STYLE_USAGE ( .BOTH. , #3766 ) ;
#3454 = DIRECTION ( 'NONE',  ( 0.000000000000000000, 0.000000000000000000, -1.000000000000000000 ) ) ;
#3455 = DIRECTION ( 'NONE',  ( 1.000000000000000000, 0.000000000000000000, 0.000000000000000000 ) ) ;
#3456 = ORIENTED_EDGE ( 'NONE', *, *, #1078, .F. ) ;
#3457 = DIRECTION ( 'NONE',  ( 1.000000000000000000, -5.971819714150072316E-17, 0.000000000000000000 ) ) ;
#3458 = SPHERICAL_SURFACE ( 'NONE', #3346, 0.5000000000000000000 ) ;
#3459 = ORIENTED_EDGE ( 'NONE', *, *, #3318, .T. ) ;
#3460 =( GEOMETRIC_REPRESENTATION_CONTEXT ( 3 ) GLOBAL_UNCERTAINTY_ASSIGNED_CONTEXT ( ( #2636 ) ) GLOBAL_UNIT_ASSIGNED_CONTEXT ( ( #536, #3505, #840 ) ) REPRESENTATION_CONTEXT ( 'NONE', 'WORKASPACE' ) );
#3461 =( LENGTH_UNIT ( ) NAMED_UNIT ( * ) SI_UNIT ( .MILLI., .METRE. ) );
#3462 = CARTESIAN_POINT ( 'NONE',  ( -10.36428571428589862, 0.1855768722396219095, 7.000000000000000000 ) ) ;
#3463 = ORIENTED_EDGE ( 'NONE', *, *, #2463, .T. ) ;
#3464 = STYLED_ITEM ( 'NONE', ( #2158 ), #1999 ) ;
#3465 = DIRECTION ( 'NONE',  ( 1.000000000000000000, -2.817628020665327708E-16, 0.000000000000000000 ) ) ;
#3466 = CARTESIAN_POINT ( 'NONE',  ( -10.18773742215949341, 9.984895087544316539, 7.200000000000000178 ) ) ;
#3467 = DIRECTION ( 'NONE',  ( -1.000000000000000000, 2.817628020665322285E-16, 0.000000000000000000 ) ) ;
#3468 = ORIENTED_EDGE ( 'NONE', *, *, #1196, .F. ) ;
#3469 = AXIS2_PLACEMENT_3D ( 'NONE', #105, #1010, #2203 ) ;
#3470 = AXIS2_PLACEMENT_3D ( 'NONE', #3321, #2112, #70 ) ;
#3471 = FILL_AREA_STYLE_COLOUR ( '', #2376 ) ;
#3472 = CIRCLE ( 'NONE', #2052, 0.5000000000000004441 ) ;
#3473 = CARTESIAN_POINT ( 'NONE',  ( 12.20000000000000284, 12.19999999999999929, 0.000000000000000000 ) ) ;
#3474 = AXIS2_PLACEMENT_3D ( 'NONE', #3525, #2889, #859 ) ;
#3475 = ADVANCED_FACE ( 'NONE', ( #593 ), #3595, .F. ) ;
#3476 =( GEOMETRIC_REPRESENTATION_CONTEXT ( 3 ) GLOBAL_UNCERTAINTY_ASSIGNED_CONTEXT ( ( #2328 ) ) GLOBAL_UNIT_ASSIGNED_CONTEXT ( ( #792, #3694, #3112 ) ) REPRESENTATION_CONTEXT ( 'NONE', 'WORKASPACE' ) );
#3477 = CARTESIAN_POINT ( 'NONE',  ( -9.899999999999998579, 1.734723475976807094E-15, -3.499999999999999556 ) ) ;
#3478 = ORIENTED_EDGE ( 'NONE', *, *, #1504, .T. ) ;
#3479 = CARTESIAN_POINT ( 'NONE',  ( 9.899999999999991473, -9.899999999999998579, 0.000000000000000000 ) ) ;
#3480 = SURFACE_STYLE_FILL_AREA ( #3134 ) ;
#3481 = VERTEX_POINT ( 'NONE', #2710 ) ;
#3482 = DIRECTION ( 'NONE',  ( 0.000000000000000000, -0.000000000000000000, -1.000000000000000000 ) ) ;
#3483 = MECHANICAL_DESIGN_GEOMETRIC_PRESENTATION_REPRESENTATION (  '', ( #3183 ), #752 ) ;
#3484 = CARTESIAN_POINT ( 'NONE',  ( -9.899999999999947065, 1.734723475976807094E-15, 7.200000000000000178 ) ) ;
#3485 = CARTESIAN_POINT ( 'NONE',  ( -9.899999999999998579, 1.734723475976807094E-15, -3.499999999999999556 ) ) ;
#3486 = VERTEX_POINT ( 'NONE', #2038 ) ;
#3487 = VECTOR ( 'NONE', #2903, 1000.000000000000000 ) ;
#3488 = SURFACE_SIDE_STYLE ('',( #2892 ) ) ;
#3489 = AXIS2_PLACEMENT_3D ( 'NONE', #571, #3511, #273 ) ;
#3490 = DIRECTION ( 'NONE',  ( 0.000000000000000000, 0.000000000000000000, -1.000000000000000000 ) ) ;
#3491 = DIRECTION ( 'NONE',  ( -1.000000000000000000, 0.000000000000000000, 2.775557561561386204E-14 ) ) ;
#3492 = ORIENTED_EDGE ( 'NONE', *, *, #1725, .T. ) ;
#3493 = SURFACE_STYLE_FILL_AREA ( #1158 ) ;
#3494 = CARTESIAN_POINT ( 'NONE',  ( 0.000000000000000000, 4.336808689942017736E-15, 0.5000000000000000000 ) ) ;
#3495 = CARTESIAN_POINT ( 'NONE',  ( 9.899999999999991473, -10.65000000000020108, 2.199999999999999734 ) ) ;
#3496 = CARTESIAN_POINT ( 'NONE',  ( 9.899999999999998579, 9.900000000000000355, 5.200000000000001066 ) ) ;
#3497 = VERTEX_POINT ( 'NONE', #2971 ) ;
#3498 = EDGE_CURVE ( 'NONE', #1267, #2913, #490, .T. ) ;
#3499 = LINE ( 'NONE', #1409, #1664 ) ;
#3500 = CYLINDRICAL_SURFACE ( 'NONE', #728, 0.5500000000000001554 ) ;
#3501 = EDGE_CURVE ( 'NONE', #3683, #63, #1170, .T. ) ;
#3502 = VERTEX_POINT ( 'NONE', #2667 ) ;
#3503 = LINE ( 'NONE', #3522, #3487 ) ;
#3504 = AXIS2_PLACEMENT_3D ( 'NONE', #2730, #2763, #79 ) ;
#3505 =( NAMED_UNIT ( * ) PLANE_ANGLE_UNIT ( ) SI_UNIT ( $, .RADIAN. ) );
#3506 = LINE ( 'NONE', #801, #3544 ) ;
#3507 = DIRECTION ( 'NONE',  ( -0.9873505073845696423, 0.1585527532634899983, 2.775557561561388729E-14 ) ) ;
#3508 = ORIENTED_EDGE ( 'NONE', *, *, #280, .F. ) ;
#3509 = PRODUCT_DEFINITION ( 'ๆ', '', #480, #2833 ) ;
#3510 = LINE ( 'NONE', #3784, #3169 ) ;
#3511 = DIRECTION ( 'NONE',  ( 0.000000000000000000, 0.000000000000000000, 1.000000000000000000 ) ) ;
#3512 = VERTEX_POINT ( 'NONE', #2338 ) ;
#3513 = PLANE ( 'NONE',  #1120 ) ;
#3514 =( NAMED_UNIT ( * ) PLANE_ANGLE_UNIT ( ) SI_UNIT ( $, .RADIAN. ) );
#3515 = CARTESIAN_POINT ( 'NONE',  ( 9.899999999999998579, 9.900000000000000355, 0.5000000000000000000 ) ) ;
#3516 = CARTESIAN_POINT ( 'NONE',  ( -10.04149181257379553, 9.420437629734356833, -3.499999999999999556 ) ) ;
#3517 = ORIENTED_EDGE ( 'NONE', *, *, #3366, .F. ) ;
#3518 = DIRECTION ( 'NONE',  ( 1.000000000000000000, 0.000000000000000000, 0.000000000000000000 ) ) ;
#3519 = EDGE_CURVE ( 'NONE', #2913, #1932, #278, .T. ) ;
#3520 = DIRECTION ( 'NONE',  ( 1.707404996040166237E-16, 1.000000000000000000, 0.000000000000000000 ) ) ;
#3521 = ORIENTED_EDGE ( 'NONE', *, *, #2192, .F. ) ;
#3522 = CARTESIAN_POINT ( 'NONE',  ( -12.44999999999999574, 11.95000000000000995, 12.20000000000000107 ) ) ;
#3523 = SURFACE_STYLE_USAGE ( .BOTH. , #2387 ) ;
#3524 = COLOUR_RGB ( '',1.000000000000000000, 1.000000000000000000, 1.000000000000000000 ) ;
#3525 = CARTESIAN_POINT ( 'NONE',  ( -9.900000000000002132, -9.899999999999991473, -3.499999999999999556 ) ) ;
#3526 = UNCERTAINTY_MEASURE_WITH_UNIT (LENGTH_MEASURE( 1.000000000000000082E-05 ), #3773, 'distance_accuracy_value', 'NONE');
#3527 = LINE ( 'NONE', #584, #2791 ) ;
#3528 = ORIENTED_EDGE ( 'NONE', *, *, #3675, .F. ) ;
#3529 = DIRECTION ( 'NONE',  ( 2.775557561562889810E-17, -5.650062719754271037E-32, -1.000000000000000000 ) ) ;
#3530 = CIRCLE ( 'NONE', #1584, 0.3000000000002448486 ) ;
#3531 = CARTESIAN_POINT ( 'NONE',  ( 9.900000000000103384, 9.900000000000000355, 7.200000000000000178 ) ) ;
#3532 = DIRECTION ( 'NONE',  ( 0.000000000000000000, 0.000000000000000000, 1.000000000000000000 ) ) ;
#3533 = CARTESIAN_POINT ( 'NONE',  ( -11.94999999999999574, 11.95000000000000995, 11.70000000000000107 ) ) ;
#3534 = ORIENTED_EDGE ( 'NONE', *, *, #661, .F. ) ;
#3535 = CARTESIAN_POINT ( 'NONE',  ( -9.815104912455696606, 10.18773742215944722, -3.499999999999999556 ) ) ;
#3536 = MECHANICAL_DESIGN_GEOMETRIC_PRESENTATION_REPRESENTATION (  '', ( #2975 ), #2179 ) ;
#3537 = PRESENTATION_LAYER_ASSIGNMENT (  '', '', ( #2848 ) ) ;
#3538 = DIRECTION ( 'NONE',  ( 1.510440673542344716E-16, -7.013615983403742667E-17, -1.000000000000000000 ) ) ;
#3539 = CARTESIAN_POINT ( 'NONE',  ( 11.94999999999999574, -11.94999999999999929, 11.70000000000000107 ) ) ;
#3540 = CIRCLE ( 'NONE', #866, 0.7500000000001952882 ) ;
#3541 = AXIS2_PLACEMENT_3D ( 'NONE', #2893, #1133, #1155 ) ;
#3542 = ORIENTED_EDGE ( 'NONE', *, *, #3241, .T. ) ;
#3543 = AXIS2_PLACEMENT_3D ( 'NONE', #3485, #861, #2345 ) ;
#3544 = VECTOR ( 'NONE', #1149, 1000.000000000000000 ) ;
#3545 = CARTESIAN_POINT ( 'NONE',  ( 9.899999999999991473, -9.899999999999998579, 2.199999999999999734 ) ) ;
#3546 = CIRCLE ( 'NONE', #2308, 0.5000000000002228218 ) ;
#3547 = AXIS2_PLACEMENT_3D ( 'NONE', #930, #2937, #1468 ) ;
#3548 = VERTEX_POINT ( 'NONE', #2397 ) ;
#3549 = CLOSED_SHELL ( 'NONE', ( #541, #3266, #2521, #412, #712, #2548, #1630, #2586, #3783, #520, #735, #2419, #1649, #3597, #142, #3427, #2161, #2408, #1146, #2123 ) ) ;
#3550 = DIRECTION ( 'NONE',  ( 0.000000000000000000, 0.000000000000000000, -1.000000000000000000 ) ) ;
#3551 = LINE ( 'NONE', #209, #867 ) ;
#3552 = ORIENTED_EDGE ( 'NONE', *, *, #3424, .F. ) ;
#3553 = EDGE_CURVE ( 'NONE', #319, #1331, #2535, .T. ) ;
#3554 = DIRECTION ( 'NONE',  ( -1.000000000000000000, 1.707404996040166237E-16, -0.000000000000000000 ) ) ;
#3555 = DIRECTION ( 'NONE',  ( 1.000000000000000000, -2.817628020665327708E-16, 0.000000000000000000 ) ) ;
#3556 = ADVANCED_FACE ( 'NONE', ( #3564 ), #850, .T. ) ;
#3557 = AXIS2_PLACEMENT_3D ( 'NONE', #3429, #1949, #1588 ) ;
#3558 = CARTESIAN_POINT ( 'NONE',  ( -10.44999999999999396, 9.900000000000005684, 0.000000000000000000 ) ) ;
#3559 = ORIENTED_EDGE ( 'NONE', *, *, #2630, .F. ) ;
#3560 = DIRECTION ( 'NONE',  ( -1.707404996040166237E-16, -1.000000000000000000, 0.000000000000000000 ) ) ;
#3561 = EDGE_CURVE ( 'NONE', #1393, #2130, #1713, .T. ) ;
#3562 = CIRCLE ( 'NONE', #1866, 0.5000000000000004441 ) ;
#3563 = CARTESIAN_POINT ( 'NONE',  ( -10.11057678886260369, -10.35349467030223458, -3.299999999999999822 ) ) ;
#3564 = FACE_OUTER_BOUND ( 'NONE', #717, .T. ) ;
#3565 = VERTEX_POINT ( 'NONE', #1450 ) ;
#3566 = CARTESIAN_POINT ( 'NONE',  ( 12.19999999999999574, -12.20000000000000995, 0.5000000000000000000 ) ) ;
#3567 = DIRECTION ( 'NONE',  ( 0.000000000000000000, 0.000000000000000000, -1.000000000000000000 ) ) ;
#3568 = ORIENTED_EDGE ( 'NONE', *, *, #3396, .F. ) ;
#3569 = AXIS2_PLACEMENT_3D ( 'NONE', #3272, #2958, #2652 ) ;
#3570 = SURFACE_STYLE_USAGE ( .BOTH. , #2128 ) ;
#3571 = DIRECTION ( 'NONE',  ( 0.000000000000000000, 0.000000000000000000, -1.000000000000000000 ) ) ;
#3572 =( GEOMETRIC_REPRESENTATION_CONTEXT ( 3 ) GLOBAL_UNCERTAINTY_ASSIGNED_CONTEXT ( ( #483 ) ) GLOBAL_UNIT_ASSIGNED_CONTEXT ( ( #2001, #1938, #513 ) ) REPRESENTATION_CONTEXT ( 'NONE', 'WORKASPACE' ) );
#3573 = ORIENTED_EDGE ( 'NONE', *, *, #732, .F. ) ;
#3574 = DIRECTION ( 'NONE',  ( -0.9873505073845696423, 0.1585527532634897485, 2.775557561561505796E-14 ) ) ;
#3575 = ADVANCED_FACE ( 'NONE', ( #2647 ), #477, .T. ) ;
#3576 = ADVANCED_FACE ( 'NONE', ( #3029, #3688 ), #2465, .F. ) ;
#3577 =( NAMED_UNIT ( * ) PLANE_ANGLE_UNIT ( ) SI_UNIT ( $, .RADIAN. ) );
#3578 = ORIENTED_EDGE ( 'NONE', *, *, #2855, .T. ) ;
#3579 = DIRECTION ( 'NONE',  ( 0.000000000000000000, 0.000000000000000000, -1.000000000000000000 ) ) ;
#3580 = SPHERICAL_SURFACE ( 'NONE', #3837, 0.5000000000000000000 ) ;
#3581 = CARTESIAN_POINT ( 'NONE',  ( -11.95000000000000284, -12.45000000000000284, 12.20000000000000107 ) ) ;
#3582 = ORIENTED_EDGE ( 'NONE', *, *, #2274, .F. ) ;
#3583 = FACE_OUTER_BOUND ( 'NONE', #3105, .T. ) ;
#3584 = FILL_AREA_STYLE ('',( #879 ) ) ;
#3585 = ORIENTED_EDGE ( 'NONE', *, *, #3150, .T. ) ;
#3586 =( NAMED_UNIT ( * ) SI_UNIT ( $, .STERADIAN. ) SOLID_ANGLE_UNIT ( ) );
#3587 =( NAMED_UNIT ( * ) PLANE_ANGLE_UNIT ( ) SI_UNIT ( $, .RADIAN. ) );
#3588 = ORIENTED_EDGE ( 'NONE', *, *, #660, .F. ) ;
#3589 = DIRECTION ( 'NONE',  ( -2.955531293105684404E-33, 8.720106199082888138E-34, -1.000000000000000000 ) ) ;
#3590 = EDGE_LOOP ( 'NONE', ( #1942, #2617, #2272, #1855 ) ) ;
#3591 = PRESENTATION_LAYER_ASSIGNMENT (  '', '', ( #1281 ) ) ;
#3592 = PRESENTATION_LAYER_ASSIGNMENT (  '', '', ( #3464 ) ) ;
#3593 = CARTESIAN_POINT ( 'NONE',  ( -10.59642857142874561, 0.2783653083593971012, 2.199999999999999734 ) ) ;
#3594 = DIRECTION ( 'NONE',  ( -2.740378392010469983E-14, 4.405067988290937558E-15, -1.000000000000000000 ) ) ;
#3595 = PLANE ( 'NONE',  #3547 ) ;
#3596 = EDGE_LOOP ( 'NONE', ( #2819, #3521 ) ) ;
#3597 = ADVANCED_FACE ( 'NONE', ( #2153 ), #382, .F. ) ;
#3598 = CIRCLE ( 'NONE', #3294, 0.5000000000002722267 ) ;
#3599 = DIRECTION ( 'NONE',  ( 0.000000000000000000, 0.000000000000000000, 1.000000000000000000 ) ) ;
#3600 = FACE_OUTER_BOUND ( 'NONE', #923, .T. ) ;
#3601 = EDGE_CURVE ( 'NONE', #3825, #3420, #2449, .T. ) ;
#3602 = ORIENTED_EDGE ( 'NONE', *, *, #1347, .T. ) ;
#3603 = VECTOR ( 'NONE', #905, 1000.000000000000000 ) ;
#3604 =( GEOMETRIC_REPRESENTATION_CONTEXT ( 3 ) GLOBAL_UNCERTAINTY_ASSIGNED_CONTEXT ( ( #2252 ) ) GLOBAL_UNIT_ASSIGNED_CONTEXT ( ( #1810, #960, #2148 ) ) REPRESENTATION_CONTEXT ( 'NONE', 'WORKASPACE' ) );
#3605 = AXIS2_PLACEMENT_3D ( 'NONE', #1416, #3550, #2286 ) ;
#3606 = CARTESIAN_POINT ( 'NONE',  ( 12.20000000000000284, 12.19999999999999929, 0.000000000000000000 ) ) ;
#3607 = VECTOR ( 'NONE', #1551, 1000.000000000000114 ) ;
#3608 = ORIENTED_EDGE ( 'NONE', *, *, #3172, .T. ) ;
#3609 = EDGE_CURVE ( 'NONE', #2134, #938, #965, .T. ) ;
#3610 = CARTESIAN_POINT ( 'NONE',  ( 12.70000000000000284, 12.70000000000000995, 12.69999999999999929 ) ) ;
#3611 = FILL_AREA_STYLE_COLOUR ( '', #5 ) ;
#3612 = ORIENTED_EDGE ( 'NONE', *, *, #2764, .T. ) ;
#3613 = CARTESIAN_POINT ( 'NONE',  ( -9.420437629734292884, 9.758508187426226499, 7.000000000000000000 ) ) ;
#3614 = DIRECTION ( 'NONE',  ( 1.000000000000000000, 0.000000000000000000, 0.000000000000000000 ) ) ;
#3615 = AXIS2_PLACEMENT_3D ( 'NONE', #1643, #2827, #3140 ) ;
#3616 = FACE_OUTER_BOUND ( 'NONE', #2845, .T. ) ;
#3617 = ORIENTED_EDGE ( 'NONE', *, *, #1627, .T. ) ;
#3618 = PLANE ( 'NONE',  #1488 ) ;
#3619 = CARTESIAN_POINT ( 'NONE',  ( -10.11057678886260369, -10.35349467030223458, 2.199999999999999734 ) ) ;
#3620 = EDGE_CURVE ( 'NONE', #161, #72, #2484, .T. ) ;
#3621 = EDGE_CURVE ( 'NONE', #1346, #3749, #3403, .T. ) ;
#3622 = ORIENTED_EDGE ( 'NONE', *, *, #782, .T. ) ;
#3623 = EDGE_CURVE ( 'NONE', #2938, #3388, #1890, .T. ) ;
#3624 = DIRECTION ( 'NONE',  ( 1.000000000000000000, -3.100757185579769905E-16, 0.000000000000000000 ) ) ;
#3625 = ORIENTED_EDGE ( 'NONE', *, *, #340, .T. ) ;
#3626 = LINE ( 'NONE', #3680, #729 ) ;
#3627 = CIRCLE ( 'NONE', #1568, 0.7500000000001949552 ) ;
#3628 = FACE_OUTER_BOUND ( 'NONE', #2258, .T. ) ;
#3629 = VERTEX_POINT ( 'NONE', #1872 ) ;
#3630 = DIRECTION ( 'NONE',  ( 3.500590019081388089E-16, 1.000000000000000000, 0.000000000000000000 ) ) ;
#3631 = LINE ( 'NONE', #74, #1038 ) ;
#3632 = CARTESIAN_POINT ( 'NONE',  ( -9.627903197818501013, -10.02634607331761352, 7.200000000000000178 ) ) ;
#3633 = ORIENTED_EDGE ( 'NONE', *, *, #2306, .T. ) ;
#3634 = CARTESIAN_POINT ( 'NONE',  ( 9.899999999999998579, 9.900000000000000355, 2.199999999999999734 ) ) ;
#3635 = SURFACE_STYLE_FILL_AREA ( #46 ) ;
#3636 = ADVANCED_FACE ( 'NONE', ( #3616 ), #3670, .T. ) ;
#3637 =( NAMED_UNIT ( * ) SI_UNIT ( $, .STERADIAN. ) SOLID_ANGLE_UNIT ( ) );
#3638 = ORIENTED_EDGE ( 'NONE', *, *, #1422, .F. ) ;
#3639 = DIRECTION ( 'NONE',  ( -4.420542376578310429E-47, -9.860761315262639904E-32, 1.000000000000000000 ) ) ;
#3640 = EDGE_CURVE ( 'NONE', #128, #1973, #3598, .T. ) ;
#3641 = ADVANCED_FACE ( 'NONE', ( #1815 ), #1546, .T. ) ;
#3642 = CARTESIAN_POINT ( 'NONE',  ( -11.95000000000000284, -11.94999999999999218, 11.70000000000000107 ) ) ;
#3643 = DIRECTION ( 'NONE',  ( -1.000000000000000000, 5.971819714150072316E-17, -0.000000000000000000 ) ) ;
#3644 = ORIENTED_EDGE ( 'NONE', *, *, #710, .T. ) ;
#3645 = CARTESIAN_POINT ( 'NONE',  ( 9.900000000000096279, -9.899999999999998579, 7.200000000000000178 ) ) ;
#3646 = LINE ( 'NONE', #686, #1532 ) ;
#3647 =( NAMED_UNIT ( * ) SI_UNIT ( $, .STERADIAN. ) SOLID_ANGLE_UNIT ( ) );
#3648 = AXIS2_PLACEMENT_3D ( 'NONE', #633, #370, #3032 ) ;
#3649 = PLANE ( 'NONE',  #3718 ) ;
#3650 = VERTEX_POINT ( 'NONE', #366 ) ;
#3651 = ADVANCED_FACE ( 'NONE', ( #1002 ), #3649, .F. ) ;
#3652 = DIRECTION ( 'NONE',  ( -2.817628020665322285E-16, -1.000000000000000000, 5.871987991305588520E-17 ) ) ;
#3653 = DIRECTION ( 'NONE',  ( -0.1585527532634905812, -0.9873505073845694202, 0.000000000000000000 ) ) ;
#3654 = PRESENTATION_LAYER_ASSIGNMENT (  '', '', ( #1650 ) ) ;
#3655 = VECTOR ( 'NONE', #218, 1000.000000000000000 ) ;
#3656 = CIRCLE ( 'NONE', #481, 0.5500000000000001554 ) ;
#3657 = AXIS2_PLACEMENT_3D ( 'NONE', #2372, #3276, #602 ) ;
#3658 = AXIS2_PLACEMENT_3D ( 'NONE', #544, #868, #2058 ) ;
#3659 = ORIENTED_EDGE ( 'NONE', *, *, #3325, .T. ) ;
#3660 = CIRCLE ( 'NONE', #3042, 0.5000000000002227107 ) ;
#3661 = CIRCLE ( 'NONE', #737, 0.7500000000001960654 ) ;
#3662 = AXIS2_PLACEMENT_3D ( 'NONE', #1392, #774, #2900 ) ;
#3663 = DIRECTION ( 'NONE',  ( 1.000000000000000000, 0.000000000000000000, 0.000000000000000000 ) ) ;
#3664 = PLANE ( 'NONE',  #803 ) ;
#3665 = ORIENTED_EDGE ( 'NONE', *, *, #568, .T. ) ;
#3666 = LINE ( 'NONE', #1361, #561 ) ;
#3667 = EDGE_CURVE ( 'NONE', #572, #3383, #1911, .T. ) ;
#3668 = ADVANCED_FACE ( 'NONE', ( #3014 ), #2075, .F. ) ;
#3669 = FILL_AREA_STYLE ('',( #3122 ) ) ;
#3670 = CYLINDRICAL_SURFACE ( 'NONE', #2169, 0.5000000000002228218 ) ;
#3671 = VERTEX_POINT ( 'NONE', #2088 ) ;
#3672 = AXIS2_PLACEMENT_3D ( 'NONE', #2789, #1299, #3684 ) ;
#3673 = CARTESIAN_POINT ( 'NONE',  ( -9.899999999999995026, 9.900000000000005684, -3.499999999999999556 ) ) ;
#3674 = CYLINDRICAL_SURFACE ( 'NONE', #3504, 0.5000000000000004441 ) ;
#3675 = EDGE_CURVE ( 'NONE', #2838, #2715, #2718, .T. ) ;
#3676 = EDGE_LOOP ( 'NONE', ( #2097, #3146, #140, #2532 ) ) ;
#3677 = VECTOR ( 'NONE', #1204, 1000.000000000000000 ) ;
#3678 = STYLED_ITEM ( 'NONE', ( #1828 ), #703 ) ;
#3679 = EDGE_LOOP ( 'NONE', ( #1104, #1025 ) ) ;
#3680 = CARTESIAN_POINT ( 'NONE',  ( 12.70000000000000284, 12.20000000000000995, 12.69999999999999929 ) ) ;
#3681 = DIRECTION ( 'NONE',  ( 2.705782887836759613E-17, -4.345056020036552385E-18, -1.000000000000000000 ) ) ;
#3682 = LINE ( 'NONE', #716, #2677 ) ;
#3683 = VERTEX_POINT ( 'NONE', #865 ) ;
#3684 = DIRECTION ( 'NONE',  ( -0.9591247405308764851, 0.2829836251474259767, 2.775557561561380209E-14 ) ) ;
#3685 =( NAMED_UNIT ( * ) SI_UNIT ( $, .STERADIAN. ) SOLID_ANGLE_UNIT ( ) );
#3686 = ADVANCED_FACE ( 'NONE', ( #2987 ), #288, .T. ) ;
#3687 = CARTESIAN_POINT ( 'NONE',  ( -12.69999999999999574, 12.20000000000000639, 0.000000000000000000 ) ) ;
#3688 = FACE_OUTER_BOUND ( 'NONE', #3071, .T. ) ;
#3689 = ORIENTED_EDGE ( 'NONE', *, *, #416, .T. ) ;
#3690 = ORIENTED_EDGE ( 'NONE', *, *, #3561, .T. ) ;
#3691 = CARTESIAN_POINT ( 'NONE',  ( -12.19999999999999574, 12.20000000000000639, 0.000000000000000000 ) ) ;
#3692 = DIRECTION ( 'NONE',  ( -2.621762729764194535E-14, 1.218783291776466969E-14, -1.000000000000000000 ) ) ;
#3693 = ORIENTED_EDGE ( 'NONE', *, *, #1627, .F. ) ;
#3694 =( NAMED_UNIT ( * ) PLANE_ANGLE_UNIT ( ) SI_UNIT ( $, .RADIAN. ) );
#3695 = ORIENTED_EDGE ( 'NONE', *, *, #3380, .T. ) ;
#3696 = FILL_AREA_STYLE ('',( #680 ) ) ;
#3697 = DIRECTION ( 'NONE',  ( 0.000000000000000000, 0.000000000000000000, 1.000000000000000000 ) ) ;
#3698 = DIRECTION ( 'NONE',  ( 2.740378392008989764E-14, -4.405067988288563086E-15, 1.000000000000000000 ) ) ;
#3699 = EDGE_LOOP ( 'NONE', ( #2061, #1475, #2461, #886 ) ) ;
#3700 = DIRECTION ( 'NONE',  ( -0.3711537444790476981, -0.9285714285714274929, 0.000000000000000000 ) ) ;
#3701 = SURFACE_STYLE_USAGE ( .BOTH. , #2813 ) ;
#3702 =( NAMED_UNIT ( * ) PLANE_ANGLE_UNIT ( ) SI_UNIT ( $, .RADIAN. ) );
#3703 = ORIENTED_EDGE ( 'NONE', *, *, #2626, .T. ) ;
#3704 = VERTEX_POINT ( 'NONE', #16 ) ;
#3705 = CONICAL_SURFACE ( 'NONE', #1580, 0.3000000000002461809, 0.7853981633975168908 ) ;
#3706 = CARTESIAN_POINT ( 'NONE',  ( -10.17836530835934639, -0.6964285714287526963, 5.200000000000001066 ) ) ;
#3707 = EDGE_LOOP ( 'NONE', ( #2145, #1293, #1691, #2224 ) ) ;
#3708 = VECTOR ( 'NONE', #1059, 1000.000000000000114 ) ;
#3709 = ADVANCED_FACE ( 'NONE', ( #1154 ), #1216, .T. ) ;
#3710 = CARTESIAN_POINT ( 'NONE',  ( 10.45000000000000107, 9.900000000000000355, 0.000000000000000000 ) ) ;
#3711 = CARTESIAN_POINT ( 'NONE',  ( -10.18773742215949341, 9.984895087544316539, 7.200000000000000178 ) ) ;
#3712 = EDGE_CURVE ( 'NONE', #3115, #3683, #2348, .T. ) ;
#3713 = VECTOR ( 'NONE', #1661, 1000.000000000000000 ) ;
#3714 = ORIENTED_EDGE ( 'NONE', *, *, #3737, .T. ) ;
#3715 = AXIS2_PLACEMENT_3D ( 'NONE', #2096, #3286, #2119 ) ;
#3716 = CIRCLE ( 'NONE', #3164, 0.3000000000002479017 ) ;
#3717 = APPLICATION_PROTOCOL_DEFINITION ( 'draft international standard', 'automotive_design', 1998, #1874 ) ;
#3718 = AXIS2_PLACEMENT_3D ( 'NONE', #1285, #690, #2771 ) ;
#3719 =( GEOMETRIC_REPRESENTATION_CONTEXT ( 3 ) GLOBAL_UNCERTAINTY_ASSIGNED_CONTEXT ( ( #1076 ) ) GLOBAL_UNIT_ASSIGNED_CONTEXT ( ( #3373, #3339, #3647 ) ) REPRESENTATION_CONTEXT ( 'NONE', 'WORKASPACE' ) );
#3720 = CYLINDRICAL_SURFACE ( 'NONE', #2055, 0.5000000000002509104 ) ;
#3721 = CYLINDRICAL_SURFACE ( 'NONE', #355, 0.5000000000000004441 ) ;
#3722 = AXIS2_PLACEMENT_3D ( 'NONE', #2944, #1112, #1131 ) ;
#3723 = ADVANCED_FACE ( 'NONE', ( #942 ), #2404, .T. ) ;
#3724 = VERTEX_POINT ( 'NONE', #1481 ) ;
#3725 = DIRECTION ( 'NONE',  ( -0.3711537444790469764, -0.9285714285714278260, 0.000000000000000000 ) ) ;
#3726 = UNCERTAINTY_MEASURE_WITH_UNIT (LENGTH_MEASURE( 1.000000000000000082E-05 ), #1559, 'distance_accuracy_value', 'NONE');
#3727 = CIRCLE ( 'NONE', #2110, 0.5500000000000001554 ) ;
#3728 = DIRECTION ( 'NONE',  ( 0.000000000000000000, 0.000000000000000000, 1.000000000000000000 ) ) ;
#3729 = AXIS2_PLACEMENT_3D ( 'NONE', #2824, #757, #414 ) ;
#3730 = FILL_AREA_STYLE_COLOUR ( '', #687 ) ;
#3731 = EDGE_LOOP ( 'NONE', ( #1734, #3167, #1820, #2768 ) ) ;
#3732 = AXIS2_PLACEMENT_3D ( 'NONE', #2100, #221, #579 ) ;
#3733 = ORIENTED_EDGE ( 'NONE', *, *, #266, .F. ) ;
#3734 = FACE_OUTER_BOUND ( 'NONE', #650, .T. ) ;
#3735 = DIRECTION ( 'NONE',  ( -1.000000000000000000, 5.971819714150072316E-17, -0.000000000000000000 ) ) ;
#3736 = VERTEX_POINT ( 'NONE', #2684 ) ;
#3737 = EDGE_CURVE ( 'NONE', #2025, #1955, #3260, .T. ) ;
#3738 = FACE_BOUND ( 'NONE', #565, .T. ) ;
#3739 = CIRCLE ( 'NONE', #363, 0.5000000000002234879 ) ;
#3740 = EDGE_CURVE ( 'NONE', #1317, #3650, #2389, .T. ) ;
#3741 = ORIENTED_EDGE ( 'NONE', *, *, #2811, .F. ) ;
#3742 = EDGE_CURVE ( 'NONE', #2918, #1882, #2420, .T. ) ;
#3743 = PLANE ( 'NONE',  #2424 ) ;
#3744 = PLANE ( 'NONE',  #3410 ) ;
#3745 = ORIENTED_EDGE ( 'NONE', *, *, #2245, .F. ) ;
#3746 = CARTESIAN_POINT ( 'NONE',  ( -9.714423127760396071, 0.4642857142859216912, -3.300000000000055334 ) ) ;
#3747 = CARTESIAN_POINT ( 'NONE',  ( -9.899999999999995026, 9.900000000000016342, 7.200000000000000178 ) ) ;
#3748 = DIRECTION ( 'NONE',  ( -5.742996519033948731E-17, 2.295498867382631262E-17, -1.000000000000000000 ) ) ;
#3749 = VERTEX_POINT ( 'NONE', #2131 ) ;
#3750 = VERTEX_POINT ( 'NONE', #3862 ) ;
#3751 = LINE ( 'NONE', #2856, #1333 ) ;
#3752 = CARTESIAN_POINT ( 'NONE',  ( 9.899999999999991473, -9.899999999999998579, -3.499999999999999556 ) ) ;
#3753 = DIRECTION ( 'NONE',  ( -3.100757185579769905E-16, -1.000000000000000000, -0.000000000000000000 ) ) ;
#3754 = ORIENTED_EDGE ( 'NONE', *, *, #2649, .F. ) ;
#3755 = DIRECTION ( 'NONE',  ( 0.000000000000000000, 0.000000000000000000, 1.000000000000000000 ) ) ;
#3756 = VERTEX_POINT ( 'NONE', #2965 ) ;
#3757 = PLANE ( 'NONE',  #875 ) ;
#3758 = UNCERTAINTY_MEASURE_WITH_UNIT (LENGTH_MEASURE( 1.000000000000000082E-05 ), #1770, 'distance_accuracy_value', 'NONE');
#3759 = DIRECTION ( 'NONE',  ( 2.705782887836759613E-17, -4.345056020036657155E-18, -1.000000000000000000 ) ) ;
#3760 = EDGE_LOOP ( 'NONE', ( #185, #1256, #144, #1084 ) ) ;
#3761 = EDGE_CURVE ( 'NONE', #2206, #1963, #166, .T. ) ;
#3762 = DIRECTION ( 'NONE',  ( 0.000000000000000000, 0.000000000000000000, 1.000000000000000000 ) ) ;
#3763 =( LENGTH_UNIT ( ) NAMED_UNIT ( * ) SI_UNIT ( .MILLI., .METRE. ) );
#3764 = ORIENTED_EDGE ( 'NONE', *, *, #1319, .T. ) ;
#3765 = CARTESIAN_POINT ( 'NONE',  ( -12.19999999999999574, 12.20000000000000639, 0.5000000000000000000 ) ) ;
#3766 = SURFACE_SIDE_STYLE ('',( #2279 ) ) ;
#3767 = FACE_OUTER_BOUND ( 'NONE', #3828, .T. ) ;
#3768 = CARTESIAN_POINT ( 'NONE',  ( -9.899999999999995026, 9.900000000000005684, 0.000000000000000000 ) ) ;
#3769 = ORIENTED_EDGE ( 'NONE', *, *, #38, .T. ) ;
#3770 = AXIS2_PLACEMENT_3D ( 'NONE', #3417, #3174, #1956 ) ;
#3771 = AXIS2_PLACEMENT_3D ( 'NONE', #3539, #1429, #2627 ) ;
#3772 = DIRECTION ( 'NONE',  ( 0.000000000000000000, 0.000000000000000000, 1.000000000000000000 ) ) ;
#3773 =( LENGTH_UNIT ( ) NAMED_UNIT ( * ) SI_UNIT ( .MILLI., .METRE. ) );
#3774 = COLOUR_RGB ( '',0.7921568627450980005, 0.8196078431372548767, 0.9333333333333333481 ) ;
#3775 = ORIENTED_EDGE ( 'NONE', *, *, #3827, .T. ) ;
#3776 = DIRECTION ( 'NONE',  ( 2.577111568625364883E-14, -1.030638640684810909E-14, 1.000000000000000000 ) ) ;
#3777 = FACE_OUTER_BOUND ( 'NONE', #116, .T. ) ;
#3778 = ORIENTED_EDGE ( 'NONE', *, *, #688, .T. ) ;
#3779 = CIRCLE ( 'NONE', #2669, 0.7500000000001958433 ) ;
#3780 =( NAMED_UNIT ( * ) SI_UNIT ( $, .STERADIAN. ) SOLID_ANGLE_UNIT ( ) );
#3781 = VECTOR ( 'NONE', #3178, 1000.000000000000114 ) ;
#3782 = VECTOR ( 'NONE', #3103, 1000.000000000000000 ) ;
#3783 = ADVANCED_FACE ( 'NONE', ( #3319 ), #2946, .T. ) ;
#3784 = CARTESIAN_POINT ( 'NONE',  ( -10.45000000000000107, -9.899999999999991473, 0.000000000000000000 ) ) ;
#3785 = FACE_OUTER_BOUND ( 'NONE', #279, .T. ) ;
#3786 = VERTEX_POINT ( 'NONE', #2423 ) ;
#3787 = AXIS2_PLACEMENT_3D ( 'NONE', #3022, #2164, #921 ) ;
#3788 = PRESENTATION_STYLE_ASSIGNMENT (( #2601 ) ) ;
#3789 = AXIS2_PLACEMENT_3D ( 'NONE', #3009, #86, #2444 ) ;
#3790 = ADVANCED_FACE ( 'NONE', ( #1461 ), #3838, .F. ) ;
#3791 = AXIS2_PLACEMENT_3D ( 'NONE', #2366, #3692, #600 ) ;
#3792 = DIRECTION ( 'NONE',  ( 0.000000000000000000, 0.000000000000000000, 1.000000000000000000 ) ) ;
#3793 = VECTOR ( 'NONE', #3599, 1000.000000000000000 ) ;
#3794 = LINE ( 'NONE', #2571, #3355 ) ;
#3795 = ORIENTED_EDGE ( 'NONE', *, *, #3498, .T. ) ;
#3796 = CARTESIAN_POINT ( 'NONE',  ( 12.20000000000000284, 12.20000000000000995, 12.69999999999999929 ) ) ;
#3797 = AXIS2_PLACEMENT_3D ( 'NONE', #2062, #3189, #1426 ) ;
#3798 = ADVANCED_FACE ( 'NONE', ( #2457 ), #2162, .F. ) ;
#3799 = ORIENTED_EDGE ( 'NONE', *, *, #460, .F. ) ;
#3800 = DIRECTION ( 'NONE',  ( 1.506664770967236337E-17, 5.106583311200838694E-17, 1.000000000000000000 ) ) ;
#3801 = DIRECTION ( 'NONE',  ( 1.000000000000000000, 0.000000000000000000, 0.000000000000000000 ) ) ;
#3802 = VERTEX_POINT ( 'NONE', #3384 ) ;
#3803 = CONICAL_SURFACE ( 'NONE', #312, 0.3000000000001882827, 0.7853981633975168908 ) ;
#3804 = DIRECTION ( 'NONE',  ( -2.774533671083824708E-14, 8.130573131218977974E-15, -1.000000000000000000 ) ) ;
#3805 = ORIENTED_EDGE ( 'NONE', *, *, #2303, .T. ) ;
#3806 = ADVANCED_FACE ( 'NONE', ( #1583 ), #696, .T. ) ;
#3807 = ORIENTED_EDGE ( 'NONE', *, *, #763, .T. ) ;
#3808 = FACE_OUTER_BOUND ( 'NONE', #2572, .T. ) ;
#3809 = CIRCLE ( 'NONE', #14, 0.5000000000002221556 ) ;
#3810 = LINE ( 'NONE', #1212, #2390 ) ;
#3811 = EDGE_LOOP ( 'NONE', ( #2307, #1829, #3588 ) ) ;
#3812 = VECTOR ( 'NONE', #832, 1000.000000000000000 ) ;
#3813 = PRODUCT ( 'WY_EMI_TFC', 'WY_EMI_TFC', '', ( #523 ) ) ;
#3814 = CARTESIAN_POINT ( 'NONE',  ( 9.603794847784508093, 9.947565825979079790, 7.200000000000000178 ) ) ;
#3815 = SURFACE_STYLE_USAGE ( .BOTH. , #1478 ) ;
#3816 = CARTESIAN_POINT ( 'NONE',  ( 12.45000000000000284, 11.95000000000000284, 0.5000000000000000000 ) ) ;
#3817 = ORIENTED_EDGE ( 'NONE', *, *, #1498, .T. ) ;
#3818 = DIRECTION ( 'NONE',  ( -0.2829836251474292519, -0.9591247405308754859, 0.000000000000000000 ) ) ;
#3819 = CARTESIAN_POINT ( 'NONE',  ( -9.899999999999995026, 9.900000000000016342, 2.199999999999999734 ) ) ;
#3820 = DIRECTION ( 'NONE',  ( -0.9591247405308773732, 0.2829836251474231457, 2.891205793292319060E-14 ) ) ;
#3821 = EDGE_LOOP ( 'NONE', ( #1040, #3578, #1199, #1933 ) ) ;
#3822 = CARTESIAN_POINT ( 'NONE',  ( -12.69999999999999574, 12.70000000000000639, 0.5000000000000000000 ) ) ;
#3823 = DIRECTION ( 'NONE',  ( 2.663612590832154612E-14, -7.803307572648229554E-15, 1.000000000000000000 ) ) ;
#3824 = SURFACE_STYLE_USAGE ( .BOTH. , #3251 ) ;
#3825 = VERTEX_POINT ( 'NONE', #2766 ) ;
#3826 = CYLINDRICAL_SURFACE ( 'NONE', #1245, 0.7500000000001949552 ) ;
#3827 = EDGE_CURVE ( 'NONE', #2999, #3354, #3540, .T. ) ;
#3828 = EDGE_LOOP ( 'NONE', ( #1610, #1823, #1323, #3528 ) ) ;
#3829 = EDGE_CURVE ( 'NONE', #2891, #3145, #3626, .T. ) ;
#3830 = AXIS2_PLACEMENT_3D ( 'NONE', #3473, #1066, #467 ) ;
#3831 = FACE_OUTER_BOUND ( 'NONE', #1190, .T. ) ;
#3832 = UNCERTAINTY_MEASURE_WITH_UNIT (LENGTH_MEASURE( 1.000000000000000082E-05 ), #2296, 'distance_accuracy_value', 'NONE');
#3833 = DIRECTION ( 'NONE',  ( 1.510440673542344716E-16, -7.013615983403742667E-17, -1.000000000000000000 ) ) ;
#3834 = EDGE_CURVE ( 'NONE', #2085, #2880, #1414, .T. ) ;
#3835 = ORIENTED_EDGE ( 'NONE', *, *, #1201, .F. ) ;
#3836 = FACE_OUTER_BOUND ( 'NONE', #3676, .T. ) ;
#3837 = AXIS2_PLACEMENT_3D ( 'NONE', #380, #1813, #3614 ) ;
#3838 = PLANE ( 'NONE',  #1981 ) ;
#3839 = EDGE_CURVE ( 'NONE', #2266, #2891, #3039, .T. ) ;
#3840 =( NAMED_UNIT ( * ) SI_UNIT ( $, .STERADIAN. ) SOLID_ANGLE_UNIT ( ) );
#3841 = PRESENTATION_LAYER_ASSIGNMENT (  '', '', ( #2973 ) ) ;
#3842 = LINE ( 'NONE', #2966, #625 ) ;
#3843 = VERTEX_POINT ( 'NONE', #3092 ) ;
#3844 =( GEOMETRIC_REPRESENTATION_CONTEXT ( 3 ) GLOBAL_UNCERTAINTY_ASSIGNED_CONTEXT ( ( #1380 ) ) GLOBAL_UNIT_ASSIGNED_CONTEXT ( ( #964, #664, #91 ) ) REPRESENTATION_CONTEXT ( 'NONE', 'WORKASPACE' ) );
#3845 = FILL_AREA_STYLE_COLOUR ( '', #2043 ) ;
#3846 = AXIS2_PLACEMENT_3D ( 'NONE', #2010, #3482, #225 ) ;
#3847 = CIRCLE ( 'NONE', #3295, 0.5000000000002233769 ) ;
#3848 = DIRECTION ( 'NONE',  ( 1.000000000000000000, 0.000000000000000000, 0.000000000000000000 ) ) ;
#3849 = VERTEX_POINT ( 'NONE', #1921 ) ;
#3850 = VECTOR ( 'NONE', #3755, 1000.000000000000000 ) ;
#3851 = AXIS2_PLACEMENT_3D ( 'NONE', #917, #3624, #3316 ) ;
#3852 = DIRECTION ( 'NONE',  ( -0.2829836251474255882, -0.9591247405308764851, 0.000000000000000000 ) ) ;
#3853 = CIRCLE ( 'NONE', #413, 0.3000000000001882827 ) ;
#3854 = DIRECTION ( 'NONE',  ( 1.000000000000000000, -2.817628020665327708E-16, 0.000000000000000000 ) ) ;
#3855 = ORIENTED_EDGE ( 'NONE', *, *, #2194, .T. ) ;
#3856 = EDGE_CURVE ( 'NONE', #2398, #3825, #1883, .T. ) ;
#3857 = ADVANCED_FACE ( 'NONE', ( #1840 ), #973, .F. ) ;
#3858 = CARTESIAN_POINT ( 'NONE',  ( 9.900000000000103384, 9.900000000000000355, 7.200000000000000178 ) ) ;
#3859 = STYLED_ITEM ( 'NONE', ( #3788 ), #35 ) ;
#3860 = CARTESIAN_POINT ( 'NONE',  ( -9.899999999999995026, 9.900000000000005684, -3.499999999999999556 ) ) ;
#3861 = ORIENTED_EDGE ( 'NONE', *, *, #2988, .F. ) ;
#3862 = CARTESIAN_POINT ( 'NONE',  ( -10.02634607331760108, -10.17209680218137180, -3.499999999999999556 ) ) ;
ENDSEC;
END-ISO-10303-21;
