ISO-10303-21;
HEADER;
FILE_DESCRIPTION((''),'2;1');
FILE_NAME('H','2018-02-02T',('Administrator'),(''),
'PRO/ENGINEER BY PARAMETRIC TECHNOLOGY CORPORATION, 2010280',
'PRO/ENGINEER BY PARAMETRIC TECHNOLOGY CORPORATION, 2010280','');
FILE_SCHEMA(('AUTOMOTIVE_DESIGN_CC2 { 1 2 10303 214 -1 1 5 2 }'));
ENDSEC;
DATA;
#21=DIRECTION('',(0.E0,0.E0,-1.E0));
#22=VECTOR('',#21,7.E0);
#23=CARTESIAN_POINT('',(-3.E0,0.E0,3.5E0));
#24=LINE('',#23,#22);
#25=DRAUGHTING_PRE_DEFINED_CURVE_FONT('continuous');
#26=CURVE_STYLE('',#25,POSITIVE_LENGTH_MEASURE(2.E-2),#11);
#27=PRESENTATION_STYLE_ASSIGNMENT((#26));
#28=STYLED_ITEM('',(#27),#24);
#29=DIRECTION('',(8.682659386425E-2,9.924325091390E-1,8.682659386425E-2));
#30=VECTOR('',#29,2.972494323629E0);
#31=CARTESIAN_POINT('',(-3.E0,0.E0,-3.5E0));
#32=LINE('',#31,#30);
#33=CURVE_STYLE('',#25,POSITIVE_LENGTH_MEASURE(2.E-2),#11);
#34=PRESENTATION_STYLE_ASSIGNMENT((#33));
#35=STYLED_ITEM('',(#34),#32);
#36=DIRECTION('',(8.682659386425E-2,-9.924325091390E-1,8.682659386425E-2));
#37=VECTOR('',#36,2.922113063906E0);
#38=CARTESIAN_POINT('',(-3.E0,0.E0,-3.5E0));
#39=LINE('',#38,#37);
#40=CURVE_STYLE('',#25,POSITIVE_LENGTH_MEASURE(2.E-2),#11);
#41=PRESENTATION_STYLE_ASSIGNMENT((#40));
#42=STYLED_ITEM('',(#41),#39);
#43=DIRECTION('',(-1.E0,0.E0,0.E0));
#44=VECTOR('',#43,5.2E0);
#45=CARTESIAN_POINT('',(2.6E0,-2.9E0,-2.E0));
#46=LINE('',#45,#44);
#47=CURVE_STYLE('',#25,POSITIVE_LENGTH_MEASURE(2.E-2),#11);
#48=PRESENTATION_STYLE_ASSIGNMENT((#47));
#49=STYLED_ITEM('',(#48),#46);
#50=DIRECTION('',(0.E0,0.E0,1.E0));
#51=VECTOR('',#50,4.E0);
#52=CARTESIAN_POINT('',(2.6E0,-2.9E0,-2.E0));
#53=LINE('',#52,#51);
#54=CURVE_STYLE('',#25,POSITIVE_LENGTH_MEASURE(2.E-2),#11);
#55=PRESENTATION_STYLE_ASSIGNMENT((#54));
#56=STYLED_ITEM('',(#55),#53);
#57=DIRECTION('',(-1.E0,0.E0,0.E0));
#58=VECTOR('',#57,5.2E0);
#59=CARTESIAN_POINT('',(2.6E0,-2.9E0,2.E0));
#60=LINE('',#59,#58);
#61=CURVE_STYLE('',#25,POSITIVE_LENGTH_MEASURE(2.E-2),#11);
#62=PRESENTATION_STYLE_ASSIGNMENT((#61));
#63=STYLED_ITEM('',(#62),#60);
#64=DIRECTION('',(0.E0,0.E0,1.E0));
#65=VECTOR('',#64,4.E0);
#66=CARTESIAN_POINT('',(-2.6E0,-2.9E0,-2.E0));
#67=LINE('',#66,#65);
#68=CURVE_STYLE('',#25,POSITIVE_LENGTH_MEASURE(2.E-2),#11);
#69=PRESENTATION_STYLE_ASSIGNMENT((#68));
#70=STYLED_ITEM('',(#69),#67);
#71=DIRECTION('',(0.E0,0.E0,-1.E0));
#72=VECTOR('',#71,6.492565751550E0);
#73=CARTESIAN_POINT('',(2.746282875775E0,-2.9E0,3.246282875775E0));
#74=LINE('',#73,#72);
#75=CURVE_STYLE('',#25,POSITIVE_LENGTH_MEASURE(2.E-2),#11);
#76=PRESENTATION_STYLE_ASSIGNMENT((#75));
#77=STYLED_ITEM('',(#76),#74);
#78=DIRECTION('',(0.E0,0.E0,1.E0));
#79=VECTOR('',#78,8.962828757748E-1);
#80=CARTESIAN_POINT('',(2.E0,-2.9E0,-3.246282875775E0));
#81=LINE('',#80,#79);
#82=CURVE_STYLE('',#25,POSITIVE_LENGTH_MEASURE(2.E-2),#11);
#83=PRESENTATION_STYLE_ASSIGNMENT((#82));
#84=STYLED_ITEM('',(#83),#81);
#85=DIRECTION('',(-1.E0,0.E0,0.E0));
#86=VECTOR('',#85,4.E0);
#87=CARTESIAN_POINT('',(2.E0,-2.9E0,-2.35E0));
#88=LINE('',#87,#86);
#89=CURVE_STYLE('',#25,POSITIVE_LENGTH_MEASURE(2.E-2),#11);
#90=PRESENTATION_STYLE_ASSIGNMENT((#89));
#91=STYLED_ITEM('',(#90),#88);
#92=DIRECTION('',(0.E0,0.E0,1.E0));
#93=VECTOR('',#92,8.962828757748E-1);
#94=CARTESIAN_POINT('',(-2.E0,-2.9E0,-3.246282875775E0));
#95=LINE('',#94,#93);
#96=CURVE_STYLE('',#25,POSITIVE_LENGTH_MEASURE(2.E-2),#11);
#97=PRESENTATION_STYLE_ASSIGNMENT((#96));
#98=STYLED_ITEM('',(#97),#95);
#99=DIRECTION('',(0.E0,0.E0,1.E0));
#100=VECTOR('',#99,6.492565751550E0);
#101=CARTESIAN_POINT('',(-2.746282875775E0,-2.9E0,-3.246282875775E0));
#102=LINE('',#101,#100);
#103=CURVE_STYLE('',#25,POSITIVE_LENGTH_MEASURE(2.E-2),#11);
#104=PRESENTATION_STYLE_ASSIGNMENT((#103));
#105=STYLED_ITEM('',(#104),#102);
#106=DIRECTION('',(0.E0,0.E0,-1.E0));
#107=VECTOR('',#106,8.962828757748E-1);
#108=CARTESIAN_POINT('',(-2.E0,-2.9E0,3.246282875775E0));
#109=LINE('',#108,#107);
#110=CURVE_STYLE('',#25,POSITIVE_LENGTH_MEASURE(2.E-2),#11);
#111=PRESENTATION_STYLE_ASSIGNMENT((#110));
#112=STYLED_ITEM('',(#111),#109);
#113=DIRECTION('',(-1.E0,0.E0,0.E0));
#114=VECTOR('',#113,4.E0);
#115=CARTESIAN_POINT('',(2.E0,-2.9E0,2.35E0));
#116=LINE('',#115,#114);
#117=CURVE_STYLE('',#25,POSITIVE_LENGTH_MEASURE(2.E-2),#11);
#118=PRESENTATION_STYLE_ASSIGNMENT((#117));
#119=STYLED_ITEM('',(#118),#116);
#120=DIRECTION('',(0.E0,0.E0,-1.E0));
#121=VECTOR('',#120,8.962828757748E-1);
#122=CARTESIAN_POINT('',(2.E0,-2.9E0,3.246282875775E0));
#123=LINE('',#122,#121);
#124=CURVE_STYLE('',#25,POSITIVE_LENGTH_MEASURE(2.E-2),#11);
#125=PRESENTATION_STYLE_ASSIGNMENT((#124));
#126=STYLED_ITEM('',(#125),#123);
#127=DIRECTION('',(0.E0,-1.E0,0.E0));
#128=VECTOR('',#127,1.5E-1);
#129=CARTESIAN_POINT('',(2.6E0,-2.9E0,-2.E0));
#130=LINE('',#129,#128);
#131=CURVE_STYLE('',#25,POSITIVE_LENGTH_MEASURE(2.E-2),#11);
#132=PRESENTATION_STYLE_ASSIGNMENT((#131));
#133=STYLED_ITEM('',(#132),#130);
#134=DIRECTION('',(0.E0,-1.E0,0.E0));
#135=VECTOR('',#134,1.5E-1);
#136=CARTESIAN_POINT('',(-2.6E0,-2.9E0,-2.E0));
#137=LINE('',#136,#135);
#138=CURVE_STYLE('',#25,POSITIVE_LENGTH_MEASURE(2.E-2),#11);
#139=PRESENTATION_STYLE_ASSIGNMENT((#138));
#140=STYLED_ITEM('',(#139),#137);
#141=DIRECTION('',(0.E0,0.E0,-1.E0));
#142=VECTOR('',#141,4.E0);
#143=CARTESIAN_POINT('',(2.6E0,-3.05E0,2.E0));
#144=LINE('',#143,#142);
#145=CURVE_STYLE('',#25,POSITIVE_LENGTH_MEASURE(2.E-2),#11);
#146=PRESENTATION_STYLE_ASSIGNMENT((#145));
#147=STYLED_ITEM('',(#146),#144);
#148=DIRECTION('',(1.E0,0.E0,0.E0));
#149=VECTOR('',#148,5.2E0);
#150=CARTESIAN_POINT('',(-2.6E0,-3.05E0,-2.E0));
#151=LINE('',#150,#149);
#152=CURVE_STYLE('',#25,POSITIVE_LENGTH_MEASURE(2.E-2),#11);
#153=PRESENTATION_STYLE_ASSIGNMENT((#152));
#154=STYLED_ITEM('',(#153),#151);
#155=DIRECTION('',(0.E0,0.E0,-1.E0));
#156=VECTOR('',#155,4.E0);
#157=CARTESIAN_POINT('',(-2.6E0,-3.05E0,2.E0));
#158=LINE('',#157,#156);
#159=CURVE_STYLE('',#25,POSITIVE_LENGTH_MEASURE(2.E-2),#11);
#160=PRESENTATION_STYLE_ASSIGNMENT((#159));
#161=STYLED_ITEM('',(#160),#158);
#162=DIRECTION('',(1.E0,0.E0,0.E0));
#163=VECTOR('',#162,5.2E0);
#164=CARTESIAN_POINT('',(-2.6E0,-3.05E0,2.E0));
#165=LINE('',#164,#163);
#166=CURVE_STYLE('',#25,POSITIVE_LENGTH_MEASURE(2.E-2),#11);
#167=PRESENTATION_STYLE_ASSIGNMENT((#166));
#168=STYLED_ITEM('',(#167),#165);
#169=DIRECTION('',(0.E0,-1.E0,0.E0));
#170=VECTOR('',#169,1.5E-1);
#171=CARTESIAN_POINT('',(2.6E0,-2.9E0,2.E0));
#172=LINE('',#171,#170);
#173=CURVE_STYLE('',#25,POSITIVE_LENGTH_MEASURE(2.E-2),#11);
#174=PRESENTATION_STYLE_ASSIGNMENT((#173));
#175=STYLED_ITEM('',(#174),#172);
#176=DIRECTION('',(0.E0,-1.E0,0.E0));
#177=VECTOR('',#176,1.5E-1);
#178=CARTESIAN_POINT('',(-2.6E0,-2.9E0,2.E0));
#179=LINE('',#178,#177);
#180=CURVE_STYLE('',#25,POSITIVE_LENGTH_MEASURE(2.E-2),#11);
#181=PRESENTATION_STYLE_ASSIGNMENT((#180));
#182=STYLED_ITEM('',(#181),#179);
#183=DIRECTION('',(-8.682659386425E-2,-9.924325091390E-1,-8.682659386425E-2));
#184=VECTOR('',#183,2.922113063906E0);
#185=CARTESIAN_POINT('',(3.E0,0.E0,3.5E0));
#186=LINE('',#185,#184);
#187=CURVE_STYLE('',#25,POSITIVE_LENGTH_MEASURE(2.E-2),#11);
#188=PRESENTATION_STYLE_ASSIGNMENT((#187));
#189=STYLED_ITEM('',(#188),#186);
#190=DIRECTION('',(-1.E0,0.E0,0.E0));
#191=VECTOR('',#190,4.E0);
#192=CARTESIAN_POINT('',(2.E0,-2.9E0,3.246282875775E0));
#193=LINE('',#192,#191);
#194=CURVE_STYLE('',#25,POSITIVE_LENGTH_MEASURE(2.E-2),#11);
#195=PRESENTATION_STYLE_ASSIGNMENT((#194));
#196=STYLED_ITEM('',(#195),#193);
#197=DIRECTION('',(-1.E0,0.E0,0.E0));
#198=VECTOR('',#197,7.462828757748E-1);
#199=CARTESIAN_POINT('',(-2.E0,-2.9E0,3.246282875775E0));
#200=LINE('',#199,#198);
#201=CURVE_STYLE('',#25,POSITIVE_LENGTH_MEASURE(2.E-2),#11);
#202=PRESENTATION_STYLE_ASSIGNMENT((#201));
#203=STYLED_ITEM('',(#202),#200);
#204=DIRECTION('',(8.682659386425E-2,-9.924325091390E-1,-8.682659386425E-2));
#205=VECTOR('',#204,2.922113063906E0);
#206=CARTESIAN_POINT('',(-3.E0,0.E0,3.5E0));
#207=LINE('',#206,#205);
#208=CURVE_STYLE('',#25,POSITIVE_LENGTH_MEASURE(2.E-2),#11);
#209=PRESENTATION_STYLE_ASSIGNMENT((#208));
#210=STYLED_ITEM('',(#209),#207);
#211=DIRECTION('',(-1.E0,0.E0,0.E0));
#212=VECTOR('',#211,7.462828757748E-1);
#213=CARTESIAN_POINT('',(2.746282875775E0,-2.9E0,3.246282875775E0));
#214=LINE('',#213,#212);
#215=CURVE_STYLE('',#25,POSITIVE_LENGTH_MEASURE(2.E-2),#11);
#216=PRESENTATION_STYLE_ASSIGNMENT((#215));
#217=STYLED_ITEM('',(#216),#214);
#218=DIRECTION('',(-1.E0,0.E0,0.E0));
#219=VECTOR('',#218,4.E0);
#220=CARTESIAN_POINT('',(2.E0,-2.9E0,3.5E0));
#221=LINE('',#220,#219);
#222=CURVE_STYLE('',#25,POSITIVE_LENGTH_MEASURE(2.E-2),#11);
#223=PRESENTATION_STYLE_ASSIGNMENT((#222));
#224=STYLED_ITEM('',(#223),#221);
#225=DIRECTION('',(0.E0,0.E0,1.E0));
#226=VECTOR('',#225,2.537171242252E-1);
#227=CARTESIAN_POINT('',(-2.E0,-2.9E0,3.246282875775E0));
#228=LINE('',#227,#226);
#229=CURVE_STYLE('',#25,POSITIVE_LENGTH_MEASURE(2.E-2),#11);
#230=PRESENTATION_STYLE_ASSIGNMENT((#229));
#231=STYLED_ITEM('',(#230),#228);
#232=DIRECTION('',(0.E0,0.E0,-1.E0));
#233=VECTOR('',#232,2.537171242252E-1);
#234=CARTESIAN_POINT('',(2.E0,-2.9E0,3.5E0));
#235=LINE('',#234,#233);
#236=CURVE_STYLE('',#25,POSITIVE_LENGTH_MEASURE(2.E-2),#11);
#237=PRESENTATION_STYLE_ASSIGNMENT((#236));
#238=STYLED_ITEM('',(#237),#235);
#239=DIRECTION('',(0.E0,1.E0,0.E0));
#240=VECTOR('',#239,2.9E0);
#241=CARTESIAN_POINT('',(2.E0,-2.9E0,3.5E0));
#242=LINE('',#241,#240);
#243=CURVE_STYLE('',#25,POSITIVE_LENGTH_MEASURE(2.E-2),#11);
#244=PRESENTATION_STYLE_ASSIGNMENT((#243));
#245=STYLED_ITEM('',(#244),#242);
#246=DIRECTION('',(0.E0,1.E0,0.E0));
#247=VECTOR('',#246,2.9E0);
#248=CARTESIAN_POINT('',(-2.E0,-2.9E0,3.5E0));
#249=LINE('',#248,#247);
#250=CURVE_STYLE('',#25,POSITIVE_LENGTH_MEASURE(2.E-2),#11);
#251=PRESENTATION_STYLE_ASSIGNMENT((#250));
#252=STYLED_ITEM('',(#251),#249);
#253=DIRECTION('',(0.E0,0.E0,-1.E0));
#254=VECTOR('',#253,1.3E0);
#255=CARTESIAN_POINT('',(-2.E0,-3.05E0,3.65E0));
#256=LINE('',#255,#254);
#257=CURVE_STYLE('',#25,POSITIVE_LENGTH_MEASURE(2.E-2),#11);
#258=PRESENTATION_STYLE_ASSIGNMENT((#257));
#259=STYLED_ITEM('',(#258),#256);
#260=DIRECTION('',(0.E0,-1.E0,0.E0));
#261=VECTOR('',#260,1.5E-1);
#262=CARTESIAN_POINT('',(-2.E0,-2.9E0,2.35E0));
#263=LINE('',#262,#261);
#264=CURVE_STYLE('',#25,POSITIVE_LENGTH_MEASURE(2.E-2),#11);
#265=PRESENTATION_STYLE_ASSIGNMENT((#264));
#266=STYLED_ITEM('',(#265),#263);
#267=DIRECTION('',(0.E0,0.E0,1.E0));
#268=VECTOR('',#267,1.5E-1);
#269=CARTESIAN_POINT('',(-2.E0,0.E0,3.5E0));
#270=LINE('',#269,#268);
#271=CURVE_STYLE('',#25,POSITIVE_LENGTH_MEASURE(2.E-2),#11);
#272=PRESENTATION_STYLE_ASSIGNMENT((#271));
#273=STYLED_ITEM('',(#272),#270);
#274=DIRECTION('',(-1.E0,0.E0,0.E0));
#275=VECTOR('',#274,4.E0);
#276=CARTESIAN_POINT('',(2.E0,0.E0,3.5E0));
#277=LINE('',#276,#275);
#278=CURVE_STYLE('',#25,POSITIVE_LENGTH_MEASURE(2.E-2),#11);
#279=PRESENTATION_STYLE_ASSIGNMENT((#278));
#280=STYLED_ITEM('',(#279),#277);
#281=DIRECTION('',(0.E0,0.E0,-1.E0));
#282=VECTOR('',#281,1.5E-1);
#283=CARTESIAN_POINT('',(2.E0,0.E0,3.65E0));
#284=LINE('',#283,#282);
#285=CURVE_STYLE('',#25,POSITIVE_LENGTH_MEASURE(2.E-2),#11);
#286=PRESENTATION_STYLE_ASSIGNMENT((#285));
#287=STYLED_ITEM('',(#286),#284);
#288=DIRECTION('',(1.E0,0.E0,0.E0));
#289=VECTOR('',#288,4.E0);
#290=CARTESIAN_POINT('',(-2.E0,0.E0,3.65E0));
#291=LINE('',#290,#289);
#292=CURVE_STYLE('',#25,POSITIVE_LENGTH_MEASURE(2.E-2),#11);
#293=PRESENTATION_STYLE_ASSIGNMENT((#292));
#294=STYLED_ITEM('',(#293),#291);
#295=DIRECTION('',(0.E0,0.E0,1.E0));
#296=VECTOR('',#295,1.3E0);
#297=CARTESIAN_POINT('',(2.E0,-3.05E0,2.35E0));
#298=LINE('',#297,#296);
#299=CURVE_STYLE('',#25,POSITIVE_LENGTH_MEASURE(2.E-2),#11);
#300=PRESENTATION_STYLE_ASSIGNMENT((#299));
#301=STYLED_ITEM('',(#300),#298);
#302=DIRECTION('',(0.E0,1.E0,0.E0));
#303=VECTOR('',#302,3.05E0);
#304=CARTESIAN_POINT('',(2.E0,-3.05E0,3.65E0));
#305=LINE('',#304,#303);
#306=CURVE_STYLE('',#25,POSITIVE_LENGTH_MEASURE(2.E-2),#11);
#307=PRESENTATION_STYLE_ASSIGNMENT((#306));
#308=STYLED_ITEM('',(#307),#305);
#309=DIRECTION('',(1.E0,0.E0,0.E0));
#310=VECTOR('',#309,4.E0);
#311=CARTESIAN_POINT('',(-2.E0,-3.05E0,3.65E0));
#312=LINE('',#311,#310);
#313=CURVE_STYLE('',#25,POSITIVE_LENGTH_MEASURE(2.E-2),#11);
#314=PRESENTATION_STYLE_ASSIGNMENT((#313));
#315=STYLED_ITEM('',(#314),#312);
#316=DIRECTION('',(-1.E0,0.E0,0.E0));
#317=VECTOR('',#316,4.E0);
#318=CARTESIAN_POINT('',(2.E0,-3.05E0,2.35E0));
#319=LINE('',#318,#317);
#320=CURVE_STYLE('',#25,POSITIVE_LENGTH_MEASURE(2.E-2),#11);
#321=PRESENTATION_STYLE_ASSIGNMENT((#320));
#322=STYLED_ITEM('',(#321),#319);
#323=DIRECTION('',(0.E0,1.E0,0.E0));
#324=VECTOR('',#323,3.05E0);
#325=CARTESIAN_POINT('',(-2.E0,-3.05E0,3.65E0));
#326=LINE('',#325,#324);
#327=CURVE_STYLE('',#25,POSITIVE_LENGTH_MEASURE(2.E-2),#11);
#328=PRESENTATION_STYLE_ASSIGNMENT((#327));
#329=STYLED_ITEM('',(#328),#326);
#330=DIRECTION('',(0.E0,-1.E0,0.E0));
#331=VECTOR('',#330,1.5E-1);
#332=CARTESIAN_POINT('',(2.E0,-2.9E0,2.35E0));
#333=LINE('',#332,#331);
#334=CURVE_STYLE('',#25,POSITIVE_LENGTH_MEASURE(2.E-2),#11);
#335=PRESENTATION_STYLE_ASSIGNMENT((#334));
#336=STYLED_ITEM('',(#335),#333);
#337=DIRECTION('',(1.E0,0.E0,0.E0));
#338=VECTOR('',#337,6.E0);
#339=CARTESIAN_POINT('',(-3.E0,0.E0,3.5E0));
#340=LINE('',#339,#338);
#341=CURVE_STYLE('',#25,POSITIVE_LENGTH_MEASURE(2.E-2),#11);
#342=PRESENTATION_STYLE_ASSIGNMENT((#341));
#343=STYLED_ITEM('',(#342),#340);
#344=DIRECTION('',(8.682659386425E-2,9.924325091390E-1,-8.682659386425E-2));
#345=VECTOR('',#344,2.972494323629E0);
#346=CARTESIAN_POINT('',(-3.E0,0.E0,3.5E0));
#347=LINE('',#346,#345);
#348=CURVE_STYLE('',#25,POSITIVE_LENGTH_MEASURE(2.E-2),#11);
#349=PRESENTATION_STYLE_ASSIGNMENT((#348));
#350=STYLED_ITEM('',(#349),#347);
#351=DIRECTION('',(0.E0,0.E0,1.E0));
#352=VECTOR('',#351,6.483816885197E0);
#353=CARTESIAN_POINT('',(-2.741908442599E0,2.95E0,-3.241908442599E0));
#354=LINE('',#353,#352);
#355=CURVE_STYLE('',#25,POSITIVE_LENGTH_MEASURE(2.E-2),#11);
#356=PRESENTATION_STYLE_ASSIGNMENT((#355));
#357=STYLED_ITEM('',(#356),#354);
#358=DIRECTION('',(-1.E0,0.E0,0.E0));
#359=VECTOR('',#358,5.483816885197E0);
#360=CARTESIAN_POINT('',(2.741908442599E0,2.95E0,-3.241908442599E0));
#361=LINE('',#360,#359);
#362=CURVE_STYLE('',#25,POSITIVE_LENGTH_MEASURE(2.E-2),#11);
#363=PRESENTATION_STYLE_ASSIGNMENT((#362));
#364=STYLED_ITEM('',(#363),#361);
#365=DIRECTION('',(0.E0,0.E0,-1.E0));
#366=VECTOR('',#365,6.483816885197E0);
#367=CARTESIAN_POINT('',(2.741908442599E0,2.95E0,3.241908442599E0));
#368=LINE('',#367,#366);
#369=CURVE_STYLE('',#25,POSITIVE_LENGTH_MEASURE(2.E-2),#11);
#370=PRESENTATION_STYLE_ASSIGNMENT((#369));
#371=STYLED_ITEM('',(#370),#368);
#372=DIRECTION('',(1.E0,0.E0,0.E0));
#373=VECTOR('',#372,5.483816885197E0);
#374=CARTESIAN_POINT('',(-2.741908442599E0,2.95E0,3.241908442599E0));
#375=LINE('',#374,#373);
#376=CURVE_STYLE('',#25,POSITIVE_LENGTH_MEASURE(2.E-2),#11);
#377=PRESENTATION_STYLE_ASSIGNMENT((#376));
#378=STYLED_ITEM('',(#377),#375);
#379=DIRECTION('',(1.E0,0.E0,0.E0));
#380=VECTOR('',#379,5.32E0);
#381=CARTESIAN_POINT('',(-2.66E0,2.95E0,-2.85E0));
#382=LINE('',#381,#380);
#383=CURVE_STYLE('',#25,POSITIVE_LENGTH_MEASURE(2.E-2),#11);
#384=PRESENTATION_STYLE_ASSIGNMENT((#383));
#385=STYLED_ITEM('',(#384),#382);
#386=DIRECTION('',(0.E0,0.E0,-1.E0));
#387=VECTOR('',#386,3.E-1);
#388=CARTESIAN_POINT('',(2.66E0,2.95E0,-2.85E0));
#389=LINE('',#388,#387);
#390=CURVE_STYLE('',#25,POSITIVE_LENGTH_MEASURE(2.E-2),#11);
#391=PRESENTATION_STYLE_ASSIGNMENT((#390));
#392=STYLED_ITEM('',(#391),#389);
#393=DIRECTION('',(-1.E0,0.E0,0.E0));
#394=VECTOR('',#393,5.32E0);
#395=CARTESIAN_POINT('',(2.66E0,2.95E0,-3.15E0));
#396=LINE('',#395,#394);
#397=CURVE_STYLE('',#25,POSITIVE_LENGTH_MEASURE(2.E-2),#11);
#398=PRESENTATION_STYLE_ASSIGNMENT((#397));
#399=STYLED_ITEM('',(#398),#396);
#400=DIRECTION('',(0.E0,0.E0,1.E0));
#401=VECTOR('',#400,3.E-1);
#402=CARTESIAN_POINT('',(-2.66E0,2.95E0,-3.15E0));
#403=LINE('',#402,#401);
#404=CURVE_STYLE('',#25,POSITIVE_LENGTH_MEASURE(2.E-2),#11);
#405=PRESENTATION_STYLE_ASSIGNMENT((#404));
#406=STYLED_ITEM('',(#405),#403);
#407=DIRECTION('',(0.E0,0.E0,1.E0));
#408=VECTOR('',#407,6.333333492279E-1);
#409=CARTESIAN_POINT('',(-4.3E-1,2.95E0,1.626666650772E0));
#410=LINE('',#409,#408);
#411=CURVE_STYLE('',#25,POSITIVE_LENGTH_MEASURE(2.E-2),#11);
#412=PRESENTATION_STYLE_ASSIGNMENT((#411));
#413=STYLED_ITEM('',(#412),#410);
#414=DIRECTION('',(1.E0,0.E0,0.E0));
#415=VECTOR('',#414,8.510637283325E-2);
#416=CARTESIAN_POINT('',(-4.3E-1,2.95E0,2.26E0));
#417=LINE('',#416,#415);
#418=CURVE_STYLE('',#25,POSITIVE_LENGTH_MEASURE(2.E-2),#11);
#419=PRESENTATION_STYLE_ASSIGNMENT((#418));
#420=STYLED_ITEM('',(#419),#417);
#421=DIRECTION('',(0.E0,0.E0,-1.E0));
#422=VECTOR('',#421,2.666666746140E-1);
#423=CARTESIAN_POINT('',(-3.448936271667E-1,2.95E0,2.26E0));
#424=LINE('',#423,#422);
#425=CURVE_STYLE('',#25,POSITIVE_LENGTH_MEASURE(2.E-2),#11);
#426=PRESENTATION_STYLE_ASSIGNMENT((#425));
#427=STYLED_ITEM('',(#426),#424);
#428=DIRECTION('',(1.E0,0.E0,0.E0));
#429=VECTOR('',#428,7.148936271667E-1);
#430=CARTESIAN_POINT('',(-3.448936271667E-1,2.95E0,1.993333325386E0));
#431=LINE('',#430,#429);
#432=CURVE_STYLE('',#25,POSITIVE_LENGTH_MEASURE(2.E-2),#11);
#433=PRESENTATION_STYLE_ASSIGNMENT((#432));
#434=STYLED_ITEM('',(#433),#431);
#435=DIRECTION('',(0.E0,0.E0,-1.E0));
#436=VECTOR('',#435,1.E-1);
#437=CARTESIAN_POINT('',(3.7E-1,2.95E0,1.993333325386E0));
#438=LINE('',#437,#436);
#439=CURVE_STYLE('',#25,POSITIVE_LENGTH_MEASURE(2.E-2),#11);
#440=PRESENTATION_STYLE_ASSIGNMENT((#439));
#441=STYLED_ITEM('',(#440),#438);
#442=DIRECTION('',(-1.E0,0.E0,0.E0));
#443=VECTOR('',#442,7.148936271667E-1);
#444=CARTESIAN_POINT('',(3.7E-1,2.95E0,1.893333325386E0));
#445=LINE('',#444,#443);
#446=CURVE_STYLE('',#25,POSITIVE_LENGTH_MEASURE(2.E-2),#11);
#447=PRESENTATION_STYLE_ASSIGNMENT((#446));
#448=STYLED_ITEM('',(#447),#445);
#449=DIRECTION('',(0.E0,0.E0,-1.E0));
#450=VECTOR('',#449,2.666666746140E-1);
#451=CARTESIAN_POINT('',(-3.448936271667E-1,2.95E0,1.893333325386E0));
#452=LINE('',#451,#450);
#453=CURVE_STYLE('',#25,POSITIVE_LENGTH_MEASURE(2.E-2),#11);
#454=PRESENTATION_STYLE_ASSIGNMENT((#453));
#455=STYLED_ITEM('',(#454),#452);
#456=DIRECTION('',(-1.E0,0.E0,0.E0));
#457=VECTOR('',#456,8.510637283325E-2);
#458=CARTESIAN_POINT('',(-3.448936271667E-1,2.95E0,1.626666650772E0));
#459=LINE('',#458,#457);
#460=CURVE_STYLE('',#25,POSITIVE_LENGTH_MEASURE(2.E-2),#11);
#461=PRESENTATION_STYLE_ASSIGNMENT((#460));
#462=STYLED_ITEM('',(#461),#459);
#463=DIRECTION('',(2.001234283435E-1,0.E0,9.797706943097E-1));
#464=VECTOR('',#463,8.505388253412E-2);
#465=CARTESIAN_POINT('',(-4.3E-1,2.95E0,1.226666698456E0));
#466=LINE('',#465,#464);
#467=CURVE_STYLE('',#25,POSITIVE_LENGTH_MEASURE(2.E-2),#11);
#468=PRESENTATION_STYLE_ASSIGNMENT((#467));
#469=STYLED_ITEM('',(#468),#466);
#470=DIRECTION('',(4.547769415434E-1,0.E0,8.906053746977E-1));
#471=VECTOR('',#470,7.485548633528E-2);
#472=CARTESIAN_POINT('',(-4.129787254333E-1,2.95E0,1.31E0));
#473=LINE('',#472,#471);
#474=CURVE_STYLE('',#25,POSITIVE_LENGTH_MEASURE(2.E-2),#11);
#475=PRESENTATION_STYLE_ASSIGNMENT((#474));
#476=STYLED_ITEM('',(#475),#473);
#477=DIRECTION('',(7.145107183351E-1,0.E0,6.996244945571E-1));
#478=VECTOR('',#477,9.528912095993E-2);
#479=CARTESIAN_POINT('',(-3.789361763E-1,2.95E0,1.376666698456E0));
#480=LINE('',#479,#478);
#481=CURVE_STYLE('',#25,POSITIVE_LENGTH_MEASURE(2.E-2),#11);
#482=PRESENTATION_STYLE_ASSIGNMENT((#481));
#483=STYLED_ITEM('',(#482),#480);
#484=DIRECTION('',(8.981380143666E-1,0.E0,4.397136649566E-1));
#485=VECTOR('',#484,7.580694411940E-2);
#486=CARTESIAN_POINT('',(-3.108510780334E-1,2.95E0,1.443333301544E0));
#487=LINE('',#486,#485);
#488=CURVE_STYLE('',#25,POSITIVE_LENGTH_MEASURE(2.E-2),#11);
#489=PRESENTATION_STYLE_ASSIGNMENT((#488));
#490=STYLED_ITEM('',(#489),#487);
#491=DIRECTION('',(9.813590856678E-1,0.E0,1.921831027359E-1));
#492=VECTOR('',#491,8.672301684459E-2);
#493=CARTESIAN_POINT('',(-2.427659797668E-1,2.95E0,1.476666650772E0));
#494=LINE('',#493,#492);
#495=CURVE_STYLE('',#25,POSITIVE_LENGTH_MEASURE(2.E-2),#11);
#496=PRESENTATION_STYLE_ASSIGNMENT((#495));
#497=STYLED_ITEM('',(#496),#494);
#498=DIRECTION('',(1.E0,0.E0,0.E0));
#499=VECTOR('',#498,2.553191423416E-1);
#500=CARTESIAN_POINT('',(-1.576595592499E-1,2.95E0,1.493333349228E0));
#501=LINE('',#500,#499);
#502=CURVE_STYLE('',#25,POSITIVE_LENGTH_MEASURE(2.E-2),#11);
#503=PRESENTATION_STYLE_ASSIGNMENT((#502));
#504=STYLED_ITEM('',(#503),#501);
#505=DIRECTION('',(9.813590653599E-1,0.E0,-1.921832064360E-1));
#506=VECTOR('',#505,8.672297004975E-2);
#507=CARTESIAN_POINT('',(9.765958309174E-2,2.95E0,1.493333349228E0));
#508=LINE('',#507,#506);
#509=CURVE_STYLE('',#25,POSITIVE_LENGTH_MEASURE(2.E-2),#11);
#510=PRESENTATION_STYLE_ASSIGNMENT((#509));
#511=STYLED_ITEM('',(#510),#508);
#512=DIRECTION('',(8.981380447713E-1,0.E0,-4.397136028534E-1));
#513=VECTOR('',#512,7.580695482604E-2);
#514=CARTESIAN_POINT('',(1.827659559250E-1,2.95E0,1.476666650772E0));
#515=LINE('',#514,#513);
#516=CURVE_STYLE('',#25,POSITIVE_LENGTH_MEASURE(2.E-2),#11);
#517=PRESENTATION_STYLE_ASSIGNMENT((#516));
#518=STYLED_ITEM('',(#517),#515);
#519=DIRECTION('',(7.145107489524E-1,0.E0,-6.996244632883E-1));
#520=VECTOR('',#519,9.528912521875E-2);
#521=CARTESIAN_POINT('',(2.508510661125E-1,2.95E0,1.443333301544E0));
#522=LINE('',#521,#520);
#523=CURVE_STYLE('',#25,POSITIVE_LENGTH_MEASURE(2.E-2),#11);
#524=PRESENTATION_STYLE_ASSIGNMENT((#523));
#525=STYLED_ITEM('',(#524),#522);
#526=DIRECTION('',(4.547769889117E-1,0.E0,-8.906053505096E-1));
#527=VECTOR('',#526,7.485548836829E-2);
#528=CARTESIAN_POINT('',(3.189361703396E-1,2.95E0,1.376666698456E0));
#529=LINE('',#528,#527);
#530=CURVE_STYLE('',#25,POSITIVE_LENGTH_MEASURE(2.E-2),#11);
#531=PRESENTATION_STYLE_ASSIGNMENT((#530));
#532=STYLED_ITEM('',(#531),#529);
#533=DIRECTION('',(2.001234451615E-1,0.E0,-9.797706908745E-1));
#534=VECTOR('',#533,8.505388283233E-2);
#535=CARTESIAN_POINT('',(3.529787239432E-1,2.95E0,1.31E0));
#536=LINE('',#535,#534);
#537=CURVE_STYLE('',#25,POSITIVE_LENGTH_MEASURE(2.E-2),#11);
#538=PRESENTATION_STYLE_ASSIGNMENT((#537));
#539=STYLED_ITEM('',(#538),#536);
#540=DIRECTION('',(0.E0,0.E0,-1.E0));
#541=VECTOR('',#540,1.333333969116E-1);
#542=CARTESIAN_POINT('',(3.7E-1,2.95E0,1.226666698456E0));
#543=LINE('',#542,#541);
#544=CURVE_STYLE('',#25,POSITIVE_LENGTH_MEASURE(2.E-2),#11);
#545=PRESENTATION_STYLE_ASSIGNMENT((#544));
#546=STYLED_ITEM('',(#545),#543);
#547=DIRECTION('',(-2.001234451615E-1,0.E0,-9.797706908745E-1));
#548=VECTOR('',#547,8.505388283233E-2);
#549=CARTESIAN_POINT('',(3.7E-1,2.95E0,1.093333301544E0));
#550=LINE('',#549,#548);
#551=CURVE_STYLE('',#25,POSITIVE_LENGTH_MEASURE(2.E-2),#11);
#552=PRESENTATION_STYLE_ASSIGNMENT((#551));
#553=STYLED_ITEM('',(#552),#550);
#554=DIRECTION('',(-4.547769889117E-1,0.E0,-8.906053505096E-1));
#555=VECTOR('',#554,7.485548836829E-2);
#556=CARTESIAN_POINT('',(3.529787239432E-1,2.95E0,1.01E0));
#557=LINE('',#556,#555);
#558=CURVE_STYLE('',#25,POSITIVE_LENGTH_MEASURE(2.E-2),#11);
#559=PRESENTATION_STYLE_ASSIGNMENT((#558));
#560=STYLED_ITEM('',(#559),#557);
#561=DIRECTION('',(-7.145107489524E-1,0.E0,-6.996244632883E-1));
#562=VECTOR('',#561,9.528912521875E-2);
#563=CARTESIAN_POINT('',(3.189361703396E-1,2.95E0,9.433333015442E-1));
#564=LINE('',#563,#562);
#565=CURVE_STYLE('',#25,POSITIVE_LENGTH_MEASURE(2.E-2),#11);
#566=PRESENTATION_STYLE_ASSIGNMENT((#565));
#567=STYLED_ITEM('',(#566),#564);
#568=DIRECTION('',(-8.981377963584E-1,0.E0,-4.397141102494E-1));
#569=VECTOR('',#568,7.580697579323E-2);
#570=CARTESIAN_POINT('',(2.508510661125E-1,2.95E0,8.766666984558E-1));
#571=LINE('',#570,#569);
#572=CURVE_STYLE('',#25,POSITIVE_LENGTH_MEASURE(2.E-2),#11);
#573=PRESENTATION_STYLE_ASSIGNMENT((#572));
#574=STYLED_ITEM('',(#573),#571);
#575=DIRECTION('',(-9.813592727596E-1,0.E0,-1.921821473726E-1));
#576=VECTOR('',#575,8.672295172178E-2);
#577=CARTESIAN_POINT('',(1.827659559250E-1,2.95E0,8.433333015442E-1));
#578=LINE('',#577,#576);
#579=CURVE_STYLE('',#25,POSITIVE_LENGTH_MEASURE(2.E-2),#11);
#580=PRESENTATION_STYLE_ASSIGNMENT((#579));
#581=STYLED_ITEM('',(#580),#578);
#582=DIRECTION('',(-1.E0,0.E0,0.E0));
#583=VECTOR('',#582,2.553191423416E-1);
#584=CARTESIAN_POINT('',(9.765958309174E-2,2.95E0,8.266666984558E-1));
#585=LINE('',#584,#583);
#586=CURVE_STYLE('',#25,POSITIVE_LENGTH_MEASURE(2.E-2),#11);
#587=PRESENTATION_STYLE_ASSIGNMENT((#586));
#588=STYLED_ITEM('',(#587),#585);
#589=DIRECTION('',(-9.813592930674E-1,0.E0,1.921820436730E-1));
#590=VECTOR('',#589,8.672299851664E-2);
#591=CARTESIAN_POINT('',(-1.576595592499E-1,2.95E0,8.266666984558E-1));
#592=LINE('',#591,#590);
#593=CURVE_STYLE('',#25,POSITIVE_LENGTH_MEASURE(2.E-2),#11);
#594=PRESENTATION_STYLE_ASSIGNMENT((#593));
#595=STYLED_ITEM('',(#594),#592);
#596=DIRECTION('',(-8.981377659536E-1,0.E0,4.397141723527E-1));
#597=VECTOR('',#596,7.580696508660E-2);
#598=CARTESIAN_POINT('',(-2.427659797668E-1,2.95E0,8.433333015442E-1));
#599=LINE('',#598,#597);
#600=CURVE_STYLE('',#25,POSITIVE_LENGTH_MEASURE(2.E-2),#11);
#601=PRESENTATION_STYLE_ASSIGNMENT((#600));
#602=STYLED_ITEM('',(#601),#599);
#603=DIRECTION('',(-7.145107183351E-1,0.E0,6.996244945571E-1));
#604=VECTOR('',#603,9.528912095993E-2);
#605=CARTESIAN_POINT('',(-3.108510780334E-1,2.95E0,8.766666984558E-1));
#606=LINE('',#605,#604);
#607=CURVE_STYLE('',#25,POSITIVE_LENGTH_MEASURE(2.E-2),#11);
#608=PRESENTATION_STYLE_ASSIGNMENT((#607));
#609=STYLED_ITEM('',(#608),#606);
#610=DIRECTION('',(-4.547769415434E-1,0.E0,8.906053746977E-1));
#611=VECTOR('',#610,7.485548633528E-2);
#612=CARTESIAN_POINT('',(-3.789361763E-1,2.95E0,9.433333015442E-1));
#613=LINE('',#612,#611);
#614=CURVE_STYLE('',#25,POSITIVE_LENGTH_MEASURE(2.E-2),#11);
#615=PRESENTATION_STYLE_ASSIGNMENT((#614));
#616=STYLED_ITEM('',(#615),#613);
#617=DIRECTION('',(-2.001234283435E-1,0.E0,9.797706943097E-1));
#618=VECTOR('',#617,8.505388253412E-2);
#619=CARTESIAN_POINT('',(-4.129787254333E-1,2.95E0,1.01E0));
#620=LINE('',#619,#618);
#621=CURVE_STYLE('',#25,POSITIVE_LENGTH_MEASURE(2.E-2),#11);
#622=PRESENTATION_STYLE_ASSIGNMENT((#621));
#623=STYLED_ITEM('',(#622),#620);
#624=DIRECTION('',(0.E0,0.E0,1.E0));
#625=VECTOR('',#624,1.333333969116E-1);
#626=CARTESIAN_POINT('',(-4.3E-1,2.95E0,1.093333301544E0));
#627=LINE('',#626,#625);
#628=CURVE_STYLE('',#25,POSITIVE_LENGTH_MEASURE(2.E-2),#11);
#629=PRESENTATION_STYLE_ASSIGNMENT((#628));
#630=STYLED_ITEM('',(#629),#627);
#631=DIRECTION('',(0.E0,0.E0,-1.E0));
#632=VECTOR('',#631,1.333333969116E-1);
#633=CARTESIAN_POINT('',(-3.278723526001E-1,2.95E0,1.226666698456E0));
#634=LINE('',#633,#632);
#635=CURVE_STYLE('',#25,POSITIVE_LENGTH_MEASURE(2.E-2),#11);
#636=PRESENTATION_STYLE_ASSIGNMENT((#635));
#637=STYLED_ITEM('',(#636),#634);
#638=DIRECTION('',(2.473834390653E-1,0.E0,-9.689176611437E-1));
#639=VECTOR('',#638,6.880523058036E-2);
#640=CARTESIAN_POINT('',(-3.278723526001E-1,2.95E0,1.093333301544E0));
#641=LINE('',#640,#639);
#642=CURVE_STYLE('',#25,POSITIVE_LENGTH_MEASURE(2.E-2),#11);
#643=PRESENTATION_STYLE_ASSIGNMENT((#642));
#644=STYLED_ITEM('',(#643),#641);
#645=DIRECTION('',(5.627909312417E-1,0.E0,-8.265992787996E-1));
#646=VECTOR('',#645,6.048880186855E-2);
#647=CARTESIAN_POINT('',(-3.108510780334E-1,2.95E0,1.026666698456E0));
#648=LINE('',#647,#646);
#649=CURVE_STYLE('',#25,POSITIVE_LENGTH_MEASURE(2.E-2),#11);
#650=PRESENTATION_STYLE_ASSIGNMENT((#649));
#651=STYLED_ITEM('',(#650),#648);
#652=DIRECTION('',(8.373788769559E-1,0.E0,-5.466229197794E-1));
#653=VECTOR('',#652,6.098060601827E-2);
#654=CARTESIAN_POINT('',(-2.768085289001E-1,2.95E0,9.766666984558E-1));
#655=LINE('',#654,#653);
#656=CURVE_STYLE('',#25,POSITIVE_LENGTH_MEASURE(2.E-2),#11);
#657=PRESENTATION_STYLE_ASSIGNMENT((#656));
#658=STYLED_ITEM('',(#657),#655);
#659=DIRECTION('',(9.713213633444E-1,0.E0,-2.377704967207E-1));
#660=VECTOR('',#659,7.009533696672E-2);
#661=CARTESIAN_POINT('',(-2.257446575165E-1,2.95E0,9.433333015442E-1));
#662=LINE('',#661,#660);
#663=CURVE_STYLE('',#25,POSITIVE_LENGTH_MEASURE(2.E-2),#11);
#664=PRESENTATION_STYLE_ASSIGNMENT((#663));
#665=STYLED_ITEM('',(#664),#662);
#666=DIRECTION('',(1.E0,0.E0,0.E0));
#667=VECTOR('',#666,2.553191423416E-1);
#668=CARTESIAN_POINT('',(-1.576595592499E-1,2.95E0,9.266666984558E-1));
#669=LINE('',#668,#667);
#670=CURVE_STYLE('',#25,POSITIVE_LENGTH_MEASURE(2.E-2),#11);
#671=PRESENTATION_STYLE_ASSIGNMENT((#670));
#672=STYLED_ITEM('',(#671),#669);
#673=DIRECTION('',(9.713213633444E-1,0.E0,2.377704967207E-1));
#674=VECTOR('',#673,7.009533696672E-2);
#675=CARTESIAN_POINT('',(9.765958309174E-2,2.95E0,9.266666984558E-1));
#676=LINE('',#675,#674);
#677=CURVE_STYLE('',#25,POSITIVE_LENGTH_MEASURE(2.E-2),#11);
#678=PRESENTATION_STYLE_ASSIGNMENT((#677));
#679=STYLED_ITEM('',(#678),#676);
#680=DIRECTION('',(8.373786433120E-1,0.E0,5.466232777014E-1));
#681=VECTOR('',#680,6.098056608894E-2);
#682=CARTESIAN_POINT('',(1.657446813583E-1,2.95E0,9.433333015442E-1));
#683=LINE('',#682,#681);
#684=CURVE_STYLE('',#25,POSITIVE_LENGTH_MEASURE(2.E-2),#11);
#685=PRESENTATION_STYLE_ASSIGNMENT((#684));
#686=STYLED_ITEM('',(#685),#683);
#687=DIRECTION('',(5.627910658976E-1,0.E0,8.265991871191E-1));
#688=VECTOR('',#687,6.048880857755E-2);
#689=CARTESIAN_POINT('',(2.168085050583E-1,2.95E0,9.766666984558E-1));
#690=LINE('',#689,#688);
#691=CURVE_STYLE('',#25,POSITIVE_LENGTH_MEASURE(2.E-2),#11);
#692=PRESENTATION_STYLE_ASSIGNMENT((#691));
#693=STYLED_ITEM('',(#692),#690);
#694=DIRECTION('',(2.473834390653E-1,0.E0,9.689176611437E-1));
#695=VECTOR('',#694,6.880523058036E-2);
#696=CARTESIAN_POINT('',(2.508510661125E-1,2.95E0,1.026666698456E0));
#697=LINE('',#696,#695);
#698=CURVE_STYLE('',#25,POSITIVE_LENGTH_MEASURE(2.E-2),#11);
#699=PRESENTATION_STYLE_ASSIGNMENT((#698));
#700=STYLED_ITEM('',(#699),#697);
#701=DIRECTION('',(0.E0,0.E0,1.E0));
#702=VECTOR('',#701,1.333333969116E-1);
#703=CARTESIAN_POINT('',(2.678723406792E-1,2.95E0,1.093333301544E0));
#704=LINE('',#703,#702);
#705=CURVE_STYLE('',#25,POSITIVE_LENGTH_MEASURE(2.E-2),#11);
#706=PRESENTATION_STYLE_ASSIGNMENT((#705));
#707=STYLED_ITEM('',(#706),#704);
#708=DIRECTION('',(-2.473834390653E-1,0.E0,9.689176611437E-1));
#709=VECTOR('',#708,6.880523058036E-2);
#710=CARTESIAN_POINT('',(2.678723406792E-1,2.95E0,1.226666698456E0));
#711=LINE('',#710,#709);
#712=CURVE_STYLE('',#25,POSITIVE_LENGTH_MEASURE(2.E-2),#11);
#713=PRESENTATION_STYLE_ASSIGNMENT((#712));
#714=STYLED_ITEM('',(#713),#711);
#715=DIRECTION('',(-5.627910658975E-1,0.E0,8.265991871191E-1));
#716=VECTOR('',#715,6.048880857755E-2);
#717=CARTESIAN_POINT('',(2.508510661125E-1,2.95E0,1.293333301544E0));
#718=LINE('',#717,#716);
#719=CURVE_STYLE('',#25,POSITIVE_LENGTH_MEASURE(2.E-2),#11);
#720=PRESENTATION_STYLE_ASSIGNMENT((#719));
#721=STYLED_ITEM('',(#720),#718);
#722=DIRECTION('',(-8.373786433120E-1,0.E0,5.466232777014E-1));
#723=VECTOR('',#722,6.098056608894E-2);
#724=CARTESIAN_POINT('',(2.168085050583E-1,2.95E0,1.343333301544E0));
#725=LINE('',#724,#723);
#726=CURVE_STYLE('',#25,POSITIVE_LENGTH_MEASURE(2.E-2),#11);
#727=PRESENTATION_STYLE_ASSIGNMENT((#726));
#728=STYLED_ITEM('',(#727),#725);
#729=DIRECTION('',(-9.713213633444E-1,0.E0,2.377704967206E-1));
#730=VECTOR('',#729,7.009533696672E-2);
#731=CARTESIAN_POINT('',(1.657446813583E-1,2.95E0,1.376666698456E0));
#732=LINE('',#731,#730);
#733=CURVE_STYLE('',#25,POSITIVE_LENGTH_MEASURE(2.E-2),#11);
#734=PRESENTATION_STYLE_ASSIGNMENT((#733));
#735=STYLED_ITEM('',(#734),#732);
#736=DIRECTION('',(-1.E0,0.E0,0.E0));
#737=VECTOR('',#736,2.553191423416E-1);
#738=CARTESIAN_POINT('',(9.765958309174E-2,2.95E0,1.393333301544E0));
#739=LINE('',#738,#737);
#740=CURVE_STYLE('',#25,POSITIVE_LENGTH_MEASURE(2.E-2),#11);
#741=PRESENTATION_STYLE_ASSIGNMENT((#740));
#742=STYLED_ITEM('',(#741),#739);
#743=DIRECTION('',(-9.713213633444E-1,0.E0,-2.377704967206E-1));
#744=VECTOR('',#743,7.009533696672E-2);
#745=CARTESIAN_POINT('',(-1.576595592499E-1,2.95E0,1.393333301544E0));
#746=LINE('',#745,#744);
#747=CURVE_STYLE('',#25,POSITIVE_LENGTH_MEASURE(2.E-2),#11);
#748=PRESENTATION_STYLE_ASSIGNMENT((#747));
#749=STYLED_ITEM('',(#748),#746);
#750=DIRECTION('',(-8.373788769559E-1,0.E0,-5.466229197794E-1));
#751=VECTOR('',#750,6.098060601827E-2);
#752=CARTESIAN_POINT('',(-2.257446575165E-1,2.95E0,1.376666698456E0));
#753=LINE('',#752,#751);
#754=CURVE_STYLE('',#25,POSITIVE_LENGTH_MEASURE(2.E-2),#11);
#755=PRESENTATION_STYLE_ASSIGNMENT((#754));
#756=STYLED_ITEM('',(#755),#753);
#757=DIRECTION('',(-5.627909312417E-1,0.E0,-8.265992787996E-1));
#758=VECTOR('',#757,6.048880186855E-2);
#759=CARTESIAN_POINT('',(-2.768085289001E-1,2.95E0,1.343333301544E0));
#760=LINE('',#759,#758);
#761=CURVE_STYLE('',#25,POSITIVE_LENGTH_MEASURE(2.E-2),#11);
#762=PRESENTATION_STYLE_ASSIGNMENT((#761));
#763=STYLED_ITEM('',(#762),#760);
#764=DIRECTION('',(-2.473834390653E-1,0.E0,-9.689176611437E-1));
#765=VECTOR('',#764,6.880523058036E-2);
#766=CARTESIAN_POINT('',(-3.108510780334E-1,2.95E0,1.293333301544E0));
#767=LINE('',#766,#765);
#768=CURVE_STYLE('',#25,POSITIVE_LENGTH_MEASURE(2.E-2),#11);
#769=PRESENTATION_STYLE_ASSIGNMENT((#768));
#770=STYLED_ITEM('',(#769),#767);
#771=DIRECTION('',(0.E0,0.E0,-1.E0));
#772=VECTOR('',#771,2.833333969116E-1);
#773=CARTESIAN_POINT('',(1.255318641663E-2,2.95E0,5.933333969116E-1));
#774=LINE('',#773,#772);
#775=CURVE_STYLE('',#25,POSITIVE_LENGTH_MEASURE(2.E-2),#11);
#776=PRESENTATION_STYLE_ASSIGNMENT((#775));
#777=STYLED_ITEM('',(#776),#774);
#778=DIRECTION('',(9.369388861606E-1,0.E0,-3.494932382752E-1));
#779=VECTOR('',#778,3.815049400373E-1);
#780=CARTESIAN_POINT('',(1.255318641663E-2,2.95E0,3.1E-1));
#781=LINE('',#780,#779);
#782=CURVE_STYLE('',#25,POSITIVE_LENGTH_MEASURE(2.E-2),#11);
#783=PRESENTATION_STYLE_ASSIGNMENT((#782));
#784=STYLED_ITEM('',(#783),#781);
#785=DIRECTION('',(0.E0,0.E0,-1.E0));
#786=VECTOR('',#785,1.166666030884E-1);
#787=CARTESIAN_POINT('',(3.7E-1,2.95E0,1.766666030884E-1));
#788=LINE('',#787,#786);
#789=CURVE_STYLE('',#25,POSITIVE_LENGTH_MEASURE(2.E-2),#11);
#790=PRESENTATION_STYLE_ASSIGNMENT((#789));
#791=STYLED_ITEM('',(#790),#788);
#792=DIRECTION('',(-9.338026452366E-1,0.E0,3.577885126009E-1));
#793=VECTOR('',#792,4.192420793769E-1);
#794=CARTESIAN_POINT('',(3.7E-1,2.95E0,6.E-2));
#795=LINE('',#794,#793);
#796=CURVE_STYLE('',#25,POSITIVE_LENGTH_MEASURE(2.E-2),#11);
#797=PRESENTATION_STYLE_ASSIGNMENT((#796));
#798=STYLED_ITEM('',(#797),#795);
#799=DIRECTION('',(-4.547774575564E-1,0.E0,-8.906051112017E-1));
#800=VECTOR('',#799,7.485540140054E-2);
#801=CARTESIAN_POINT('',(-2.148936271667E-2,2.95E0,2.1E-1));
#802=LINE('',#801,#800);
#803=CURVE_STYLE('',#25,POSITIVE_LENGTH_MEASURE(2.E-2),#11);
#804=PRESENTATION_STYLE_ASSIGNMENT((#803));
#805=STYLED_ITEM('',(#804),#802);
#806=DIRECTION('',(-8.060043958311E-1,0.E0,-5.919095487496E-1));
#807=VECTOR('',#806,8.447236593095E-2);
#808=CARTESIAN_POINT('',(-5.553191184998E-2,2.95E0,1.433333969116E-1));
#809=LINE('',#808,#807);
#810=CURVE_STYLE('',#25,POSITIVE_LENGTH_MEASURE(2.E-2),#11);
#811=PRESENTATION_STYLE_ASSIGNMENT((#810));
#812=STYLED_ITEM('',(#811),#809);
#813=DIRECTION('',(-9.506444938501E-1,0.E0,-3.102822043116E-1));
#814=VECTOR('',#813,5.371495236157E-2);
#815=CARTESIAN_POINT('',(-1.236170101166E-1,2.95E0,9.333339691162E-2));
#816=LINE('',#815,#814);
#817=CURVE_STYLE('',#25,POSITIVE_LENGTH_MEASURE(2.E-2),#11);
#818=PRESENTATION_STYLE_ASSIGNMENT((#817));
#819=STYLED_ITEM('',(#818),#816);
#820=DIRECTION('',(-1.E0,0.E0,0.E0));
#821=VECTOR('',#820,6.808514595032E-2);
#822=CARTESIAN_POINT('',(-1.746808338165E-1,2.95E0,7.666660308838E-2));
#823=LINE('',#822,#821);
#824=CURVE_STYLE('',#25,POSITIVE_LENGTH_MEASURE(2.E-2),#11);
#825=PRESENTATION_STYLE_ASSIGNMENT((#824));
#826=STYLED_ITEM('',(#825),#823);
#827=DIRECTION('',(-9.506444938501E-1,0.E0,3.102822043116E-1));
#828=VECTOR('',#827,5.371495236157E-2);
#829=CARTESIAN_POINT('',(-2.427659797668E-1,2.95E0,7.666660308838E-2));
#830=LINE('',#829,#828);
#831=CURVE_STYLE('',#25,POSITIVE_LENGTH_MEASURE(2.E-2),#11);
#832=PRESENTATION_STYLE_ASSIGNMENT((#831));
#833=STYLED_ITEM('',(#832),#830);
#834=DIRECTION('',(-8.060043958311E-1,0.E0,5.919095487496E-1));
#835=VECTOR('',#834,8.447236593095E-2);
#836=CARTESIAN_POINT('',(-2.938298034668E-1,2.95E0,9.333339691162E-2));
#837=LINE('',#836,#835);
#838=CURVE_STYLE('',#25,POSITIVE_LENGTH_MEASURE(2.E-2),#11);
#839=PRESENTATION_STYLE_ASSIGNMENT((#838));
#840=STYLED_ITEM('',(#839),#837);
#841=DIRECTION('',(-6.080771975856E-1,0.E0,7.938779010506E-1));
#842=VECTOR('',#841,8.397588974344E-2);
#843=CARTESIAN_POINT('',(-3.619149017334E-1,2.95E0,1.433333969116E-1));
#844=LINE('',#843,#842);
#845=CURVE_STYLE('',#25,POSITIVE_LENGTH_MEASURE(2.E-2),#11);
#846=PRESENTATION_STYLE_ASSIGNMENT((#845));
#847=STYLED_ITEM('',(#846),#844);
#848=DIRECTION('',(-2.001232084928E-1,0.E0,9.797707392153E-1));
#849=VECTOR('',#848,8.505397597234E-2);
#850=CARTESIAN_POINT('',(-4.129787254333E-1,2.95E0,2.1E-1));
#851=LINE('',#850,#849);
#852=CURVE_STYLE('',#25,POSITIVE_LENGTH_MEASURE(2.E-2),#11);
#853=PRESENTATION_STYLE_ASSIGNMENT((#852));
#854=STYLED_ITEM('',(#853),#851);
#855=DIRECTION('',(0.E0,0.E0,1.E0));
#856=VECTOR('',#855,3.999999046326E-1);
#857=CARTESIAN_POINT('',(-4.3E-1,2.95E0,2.933333969116E-1));
#858=LINE('',#857,#856);
#859=CURVE_STYLE('',#25,POSITIVE_LENGTH_MEASURE(2.E-2),#11);
#860=PRESENTATION_STYLE_ASSIGNMENT((#859));
#861=STYLED_ITEM('',(#860),#858);
#862=DIRECTION('',(1.E0,0.E0,0.E0));
#863=VECTOR('',#862,8.E-1);
#864=CARTESIAN_POINT('',(-4.3E-1,2.95E0,6.933333015442E-1));
#865=LINE('',#864,#863);
#866=CURVE_STYLE('',#25,POSITIVE_LENGTH_MEASURE(2.E-2),#11);
#867=PRESENTATION_STYLE_ASSIGNMENT((#866));
#868=STYLED_ITEM('',(#867),#865);
#869=DIRECTION('',(0.E0,0.E0,-1.E0));
#870=VECTOR('',#869,9.999990463257E-2);
#871=CARTESIAN_POINT('',(3.7E-1,2.95E0,6.933333015442E-1));
#872=LINE('',#871,#870);
#873=CURVE_STYLE('',#25,POSITIVE_LENGTH_MEASURE(2.E-2),#11);
#874=PRESENTATION_STYLE_ASSIGNMENT((#873));
#875=STYLED_ITEM('',(#874),#872);
#876=DIRECTION('',(-1.E0,0.E0,0.E0));
#877=VECTOR('',#876,3.574468135834E-1);
#878=CARTESIAN_POINT('',(3.7E-1,2.95E0,5.933333969116E-1));
#879=LINE('',#878,#877);
#880=CURVE_STYLE('',#25,POSITIVE_LENGTH_MEASURE(2.E-2),#11);
#881=PRESENTATION_STYLE_ASSIGNMENT((#880));
#882=STYLED_ITEM('',(#881),#879);
#883=DIRECTION('',(0.E0,0.E0,1.E0));
#884=VECTOR('',#883,3.166667938232E-1);
#885=CARTESIAN_POINT('',(-8.957446098328E-2,2.95E0,2.766666030884E-1));
#886=LINE('',#885,#884);
#887=CURVE_STYLE('',#25,POSITIVE_LENGTH_MEASURE(2.E-2),#11);
#888=PRESENTATION_STYLE_ASSIGNMENT((#887));
#889=STYLED_ITEM('',(#888),#886);
#890=DIRECTION('',(-1.E0,0.E0,0.E0));
#891=VECTOR('',#890,2.553191661835E-1);
#892=CARTESIAN_POINT('',(-8.957446098328E-2,2.95E0,5.933333969116E-1));
#893=LINE('',#892,#891);
#894=CURVE_STYLE('',#25,POSITIVE_LENGTH_MEASURE(2.E-2),#11);
#895=PRESENTATION_STYLE_ASSIGNMENT((#894));
#896=STYLED_ITEM('',(#895),#893);
#897=DIRECTION('',(0.E0,0.E0,-1.E0));
#898=VECTOR('',#897,3.166667938232E-1);
#899=CARTESIAN_POINT('',(-3.448936271667E-1,2.95E0,5.933333969116E-1));
#900=LINE('',#899,#898);
#901=CURVE_STYLE('',#25,POSITIVE_LENGTH_MEASURE(2.E-2),#11);
#902=PRESENTATION_STYLE_ASSIGNMENT((#901));
#903=STYLED_ITEM('',(#902),#900);
#904=DIRECTION('',(3.222637633772E-1,0.E0,-9.466499177700E-1));
#905=VECTOR('',#904,5.281783588783E-2);
#906=CARTESIAN_POINT('',(-3.448936271667E-1,2.95E0,2.766666030884E-1));
#907=LINE('',#906,#905);
#908=CURVE_STYLE('',#25,POSITIVE_LENGTH_MEASURE(2.E-2),#11);
#909=PRESENTATION_STYLE_ASSIGNMENT((#908));
#910=STYLED_ITEM('',(#909),#907);
#911=DIRECTION('',(7.145117189358E-1,0.E0,-6.996234726647E-1));
#912=VECTOR('',#911,4.764449375862E-2);
#913=CARTESIAN_POINT('',(-3.278723526001E-1,2.95E0,2.266666030884E-1));
#914=LINE('',#913,#912);
#915=CURVE_STYLE('',#25,POSITIVE_LENGTH_MEASURE(2.E-2),#11);
#916=PRESENTATION_STYLE_ASSIGNMENT((#915));
#917=STYLED_ITEM('',(#916),#914);
#918=DIRECTION('',(9.506444938501E-1,0.E0,-3.102822043116E-1));
#919=VECTOR('',#918,5.371495236157E-2);
#920=CARTESIAN_POINT('',(-2.938298034668E-1,2.95E0,1.933333969116E-1));
#921=LINE('',#920,#919);
#922=CURVE_STYLE('',#25,POSITIVE_LENGTH_MEASURE(2.E-2),#11);
#923=PRESENTATION_STYLE_ASSIGNMENT((#922));
#924=STYLED_ITEM('',(#923),#921);
#925=DIRECTION('',(1.E0,0.E0,0.E0));
#926=VECTOR('',#925,5.106387138367E-2);
#927=CARTESIAN_POINT('',(-2.427659797668E-1,2.95E0,1.766666030884E-1));
#928=LINE('',#927,#926);
#929=CURVE_STYLE('',#25,POSITIVE_LENGTH_MEASURE(2.E-2),#11);
#930=PRESENTATION_STYLE_ASSIGNMENT((#929));
#931=STYLED_ITEM('',(#930),#928);
#932=DIRECTION('',(9.506444938501E-1,0.E0,3.102822043116E-1));
#933=VECTOR('',#932,5.371495236157E-2);
#934=CARTESIAN_POINT('',(-1.917021083832E-1,2.95E0,1.766666030884E-1));
#935=LINE('',#934,#933);
#936=CURVE_STYLE('',#25,POSITIVE_LENGTH_MEASURE(2.E-2),#11);
#937=PRESENTATION_STYLE_ASSIGNMENT((#936));
#938=STYLED_ITEM('',(#937),#935);
#939=DIRECTION('',(7.145117189358E-1,0.E0,6.996234726647E-1));
#940=VECTOR('',#939,4.764449375862E-2);
#941=CARTESIAN_POINT('',(-1.406382846832E-1,2.95E0,1.933333969116E-1));
#942=LINE('',#941,#940);
#943=CURVE_STYLE('',#25,POSITIVE_LENGTH_MEASURE(2.E-2),#11);
#944=PRESENTATION_STYLE_ASSIGNMENT((#943));
#945=STYLED_ITEM('',(#944),#942);
#946=DIRECTION('',(3.222637633772E-1,0.E0,9.466499177700E-1));
#947=VECTOR('',#946,5.281783588783E-2);
#948=CARTESIAN_POINT('',(-1.065957355499E-1,2.95E0,2.266666030884E-1));
#949=LINE('',#948,#947);
#950=CURVE_STYLE('',#25,POSITIVE_LENGTH_MEASURE(2.E-2),#11);
#951=PRESENTATION_STYLE_ASSIGNMENT((#950));
#952=STYLED_ITEM('',(#951),#949);
#953=DIRECTION('',(0.E0,0.E0,1.E0));
#954=VECTOR('',#953,1.E-1);
#955=CARTESIAN_POINT('',(1.657446813583E-1,2.95E0,-7.233333969116E-1));
#956=LINE('',#955,#954);
#957=CURVE_STYLE('',#25,POSITIVE_LENGTH_MEASURE(2.E-2),#11);
#958=PRESENTATION_STYLE_ASSIGNMENT((#957));
#959=STYLED_ITEM('',(#958),#956);
#960=DIRECTION('',(9.506444938501E-1,0.E0,3.102822043116E-1));
#961=VECTOR('',#960,5.371495236157E-2);
#962=CARTESIAN_POINT('',(1.657446813583E-1,2.95E0,-6.233333969116E-1));
#963=LINE('',#962,#961);
#964=CURVE_STYLE('',#25,POSITIVE_LENGTH_MEASURE(2.E-2),#11);
#965=PRESENTATION_STYLE_ASSIGNMENT((#964));
#966=STYLED_ITEM('',(#965),#963);
#967=DIRECTION('',(5.627910658975E-1,0.E0,8.265991871191E-1));
#968=VECTOR('',#967,6.048880857755E-2);
#969=CARTESIAN_POINT('',(2.168085050583E-1,2.95E0,-6.066666030884E-1));
#970=LINE('',#969,#968);
#971=CURVE_STYLE('',#25,POSITIVE_LENGTH_MEASURE(2.E-2),#11);
#972=PRESENTATION_STYLE_ASSIGNMENT((#971));
#973=STYLED_ITEM('',(#972),#970);
#974=DIRECTION('',(2.473834390653E-1,0.E0,9.689176611437E-1));
#975=VECTOR('',#974,6.880523058036E-2);
#976=CARTESIAN_POINT('',(2.508510661125E-1,2.95E0,-5.566666030884E-1));
#977=LINE('',#976,#975);
#978=CURVE_STYLE('',#25,POSITIVE_LENGTH_MEASURE(2.E-2),#11);
#979=PRESENTATION_STYLE_ASSIGNMENT((#978));
#980=STYLED_ITEM('',(#979),#977);
#981=DIRECTION('',(0.E0,0.E0,1.E0));
#982=VECTOR('',#981,1.5E-1);
#983=CARTESIAN_POINT('',(2.678723406792E-1,2.95E0,-4.9E-1));
#984=LINE('',#983,#982);
#985=CURVE_STYLE('',#25,POSITIVE_LENGTH_MEASURE(2.E-2),#11);
#986=PRESENTATION_STYLE_ASSIGNMENT((#985));
#987=STYLED_ITEM('',(#986),#984);
#988=DIRECTION('',(-2.473834390653E-1,0.E0,9.689176611437E-1));
#989=VECTOR('',#988,6.880523058036E-2);
#990=CARTESIAN_POINT('',(2.678723406792E-1,2.95E0,-3.4E-1));
#991=LINE('',#990,#989);
#992=CURVE_STYLE('',#25,POSITIVE_LENGTH_MEASURE(2.E-2),#11);
#993=PRESENTATION_STYLE_ASSIGNMENT((#992));
#994=STYLED_ITEM('',(#993),#991);
#995=DIRECTION('',(-5.627910658975E-1,0.E0,8.265991871191E-1));
#996=VECTOR('',#995,6.048880857755E-2);
#997=CARTESIAN_POINT('',(2.508510661125E-1,2.95E0,-2.733333969116E-1));
#998=LINE('',#997,#996);
#999=CURVE_STYLE('',#25,POSITIVE_LENGTH_MEASURE(2.E-2),#11);
#1000=PRESENTATION_STYLE_ASSIGNMENT((#999));
#1001=STYLED_ITEM('',(#1000),#998);
#1002=DIRECTION('',(-8.373786433120E-1,0.E0,5.466232777014E-1));
#1003=VECTOR('',#1002,6.098056608894E-2);
#1004=CARTESIAN_POINT('',(2.168085050583E-1,2.95E0,-2.233333969116E-1));
#1005=LINE('',#1004,#1003);
#1006=CURVE_STYLE('',#25,POSITIVE_LENGTH_MEASURE(2.E-2),#11);
#1007=PRESENTATION_STYLE_ASSIGNMENT((#1006));
#1008=STYLED_ITEM('',(#1007),#1005);
#1009=DIRECTION('',(-9.713213633444E-1,0.E0,2.377704967207E-1));
#1010=VECTOR('',#1009,7.009533696672E-2);
#1011=CARTESIAN_POINT('',(1.657446813583E-1,2.95E0,-1.9E-1));
#1012=LINE('',#1011,#1010);
#1013=CURVE_STYLE('',#25,POSITIVE_LENGTH_MEASURE(2.E-2),#11);
#1014=PRESENTATION_STYLE_ASSIGNMENT((#1013));
#1015=STYLED_ITEM('',(#1014),#1012);
#1016=DIRECTION('',(-1.E0,0.E0,0.E0));
#1017=VECTOR('',#1016,2.553191423416E-1);
#1018=CARTESIAN_POINT('',(9.765958309174E-2,2.95E0,-1.733333969116E-1));
#1019=LINE('',#1018,#1017);
#1020=CURVE_STYLE('',#25,POSITIVE_LENGTH_MEASURE(2.E-2),#11);
#1021=PRESENTATION_STYLE_ASSIGNMENT((#1020));
#1022=STYLED_ITEM('',(#1021),#1019);
#1023=DIRECTION('',(-9.713213633444E-1,0.E0,-2.377704967207E-1));
#1024=VECTOR('',#1023,7.009533696672E-2);
#1025=CARTESIAN_POINT('',(-1.576595592499E-1,2.95E0,-1.733333969116E-1));
#1026=LINE('',#1025,#1024);
#1027=CURVE_STYLE('',#25,POSITIVE_LENGTH_MEASURE(2.E-2),#11);
#1028=PRESENTATION_STYLE_ASSIGNMENT((#1027));
#1029=STYLED_ITEM('',(#1028),#1026);
#1030=DIRECTION('',(-8.373788769559E-1,0.E0,-5.466229197794E-1));
#1031=VECTOR('',#1030,6.098060601827E-2);
#1032=CARTESIAN_POINT('',(-2.257446575165E-1,2.95E0,-1.9E-1));
#1033=LINE('',#1032,#1031);
#1034=CURVE_STYLE('',#25,POSITIVE_LENGTH_MEASURE(2.E-2),#11);
#1035=PRESENTATION_STYLE_ASSIGNMENT((#1034));
#1036=STYLED_ITEM('',(#1035),#1033);
#1037=DIRECTION('',(-5.627909312417E-1,0.E0,-8.265992787996E-1));
#1038=VECTOR('',#1037,6.048880186855E-2);
#1039=CARTESIAN_POINT('',(-2.768085289001E-1,2.95E0,-2.233333969116E-1));
#1040=LINE('',#1039,#1038);
#1041=CURVE_STYLE('',#25,POSITIVE_LENGTH_MEASURE(2.E-2),#11);
#1042=PRESENTATION_STYLE_ASSIGNMENT((#1041));
#1043=STYLED_ITEM('',(#1042),#1040);
#1044=DIRECTION('',(-2.473834390653E-1,0.E0,-9.689176611437E-1));
#1045=VECTOR('',#1044,6.880523058036E-2);
#1046=CARTESIAN_POINT('',(-3.108510780334E-1,2.95E0,-2.733333969116E-1));
#1047=LINE('',#1046,#1045);
#1048=CURVE_STYLE('',#25,POSITIVE_LENGTH_MEASURE(2.E-2),#11);
#1049=PRESENTATION_STYLE_ASSIGNMENT((#1048));
#1050=STYLED_ITEM('',(#1049),#1047);
#1051=DIRECTION('',(0.E0,0.E0,-1.E0));
#1052=VECTOR('',#1051,1.5E-1);
#1053=CARTESIAN_POINT('',(-3.278723526001E-1,2.95E0,-3.4E-1));
#1054=LINE('',#1053,#1052);
#1055=CURVE_STYLE('',#25,POSITIVE_LENGTH_MEASURE(2.E-2),#11);
#1056=PRESENTATION_STYLE_ASSIGNMENT((#1055));
#1057=STYLED_ITEM('',(#1056),#1054);
#1058=DIRECTION('',(2.473834390653E-1,0.E0,-9.689176611437E-1));
#1059=VECTOR('',#1058,6.880523058036E-2);
#1060=CARTESIAN_POINT('',(-3.278723526001E-1,2.95E0,-4.9E-1));
#1061=LINE('',#1060,#1059);
#1062=CURVE_STYLE('',#25,POSITIVE_LENGTH_MEASURE(2.E-2),#11);
#1063=PRESENTATION_STYLE_ASSIGNMENT((#1062));
#1064=STYLED_ITEM('',(#1063),#1061);
#1065=DIRECTION('',(5.627909312417E-1,0.E0,-8.265992787996E-1));
#1066=VECTOR('',#1065,6.048880186855E-2);
#1067=CARTESIAN_POINT('',(-3.108510780334E-1,2.95E0,-5.566666030884E-1));
#1068=LINE('',#1067,#1066);
#1069=CURVE_STYLE('',#25,POSITIVE_LENGTH_MEASURE(2.E-2),#11);
#1070=PRESENTATION_STYLE_ASSIGNMENT((#1069));
#1071=STYLED_ITEM('',(#1070),#1068);
#1072=DIRECTION('',(9.506445793151E-1,0.E0,-3.102819424634E-1));
#1073=VECTOR('',#1072,5.371499769184E-2);
#1074=CARTESIAN_POINT('',(-2.768085289001E-1,2.95E0,-6.066666030884E-1));
#1075=LINE('',#1074,#1073);
#1076=CURVE_STYLE('',#25,POSITIVE_LENGTH_MEASURE(2.E-2),#11);
#1077=PRESENTATION_STYLE_ASSIGNMENT((#1076));
#1078=STYLED_ITEM('',(#1077),#1075);
#1079=DIRECTION('',(0.E0,0.E0,-1.E0));
#1080=VECTOR('',#1079,1.E-1);
#1081=CARTESIAN_POINT('',(-2.257446575165E-1,2.95E0,-6.233333969116E-1));
#1082=LINE('',#1081,#1080);
#1083=CURVE_STYLE('',#25,POSITIVE_LENGTH_MEASURE(2.E-2),#11);
#1084=PRESENTATION_STYLE_ASSIGNMENT((#1083));
#1085=STYLED_ITEM('',(#1084),#1082);
#1086=DIRECTION('',(-9.813588782673E-1,0.E0,1.921841617981E-1));
#1087=VECTOR('',#1086,8.672303517265E-2);
#1088=CARTESIAN_POINT('',(-2.257446575165E-1,2.95E0,-7.233333969116E-1));
#1089=LINE('',#1088,#1087);
#1090=CURVE_STYLE('',#25,POSITIVE_LENGTH_MEASURE(2.E-2),#11);
#1091=PRESENTATION_STYLE_ASSIGNMENT((#1090));
#1092=STYLED_ITEM('',(#1091),#1089);
#1093=DIRECTION('',(-7.145107183351E-1,0.E0,6.996244945571E-1));
#1094=VECTOR('',#1093,9.528912095993E-2);
#1095=CARTESIAN_POINT('',(-3.108510780334E-1,2.95E0,-7.066666030884E-1));
#1096=LINE('',#1095,#1094);
#1097=CURVE_STYLE('',#25,POSITIVE_LENGTH_MEASURE(2.E-2),#11);
#1098=PRESENTATION_STYLE_ASSIGNMENT((#1097));
#1099=STYLED_ITEM('',(#1098),#1096);
#1100=DIRECTION('',(-4.547774575564E-1,0.E0,8.906051112017E-1));
#1101=VECTOR('',#1100,7.485540140054E-2);
#1102=CARTESIAN_POINT('',(-3.789361763E-1,2.95E0,-6.4E-1));
#1103=LINE('',#1102,#1101);
#1104=CURVE_STYLE('',#25,POSITIVE_LENGTH_MEASURE(2.E-2),#11);
#1105=PRESENTATION_STYLE_ASSIGNMENT((#1104));
#1106=STYLED_ITEM('',(#1105),#1103);
#1107=DIRECTION('',(-2.001232084928E-1,0.E0,9.797707392153E-1));
#1108=VECTOR('',#1107,8.505397597234E-2);
#1109=CARTESIAN_POINT('',(-4.129787254333E-1,2.95E0,-5.733333969116E-1));
#1110=LINE('',#1109,#1108);
#1111=CURVE_STYLE('',#25,POSITIVE_LENGTH_MEASURE(2.E-2),#11);
#1112=PRESENTATION_STYLE_ASSIGNMENT((#1111));
#1113=STYLED_ITEM('',(#1112),#1110);
#1114=DIRECTION('',(0.E0,0.E0,1.E0));
#1115=VECTOR('',#1114,1.5E-1);
#1116=CARTESIAN_POINT('',(-4.3E-1,2.95E0,-4.9E-1));
#1117=LINE('',#1116,#1115);
#1118=CURVE_STYLE('',#25,POSITIVE_LENGTH_MEASURE(2.E-2),#11);
#1119=PRESENTATION_STYLE_ASSIGNMENT((#1118));
#1120=STYLED_ITEM('',(#1119),#1117);
#1121=DIRECTION('',(2.001232084928E-1,0.E0,9.797707392153E-1));
#1122=VECTOR('',#1121,8.505397597234E-2);
#1123=CARTESIAN_POINT('',(-4.3E-1,2.95E0,-3.4E-1));
#1124=LINE('',#1123,#1122);
#1125=CURVE_STYLE('',#25,POSITIVE_LENGTH_MEASURE(2.E-2),#11);
#1126=PRESENTATION_STYLE_ASSIGNMENT((#1125));
#1127=STYLED_ITEM('',(#1126),#1124);
#1128=DIRECTION('',(4.547774575564E-1,0.E0,8.906051112017E-1));
#1129=VECTOR('',#1128,7.485540140054E-2);
#1130=CARTESIAN_POINT('',(-4.129787254333E-1,2.95E0,-2.566666030884E-1));
#1131=LINE('',#1130,#1129);
#1132=CURVE_STYLE('',#25,POSITIVE_LENGTH_MEASURE(2.E-2),#11);
#1133=PRESENTATION_STYLE_ASSIGNMENT((#1132));
#1134=STYLED_ITEM('',(#1133),#1131);
#1135=DIRECTION('',(7.145107183351E-1,0.E0,6.996244945571E-1));
#1136=VECTOR('',#1135,9.528912095993E-2);
#1137=CARTESIAN_POINT('',(-3.789361763E-1,2.95E0,-1.9E-1));
#1138=LINE('',#1137,#1136);
#1139=CURVE_STYLE('',#25,POSITIVE_LENGTH_MEASURE(2.E-2),#11);
#1140=PRESENTATION_STYLE_ASSIGNMENT((#1139));
#1141=STYLED_ITEM('',(#1140),#1138);
#1142=DIRECTION('',(8.981377659536E-1,0.E0,4.397141723527E-1));
#1143=VECTOR('',#1142,7.580696508660E-2);
#1144=CARTESIAN_POINT('',(-3.108510780334E-1,2.95E0,-1.233333969116E-1));
#1145=LINE('',#1144,#1143);
#1146=CURVE_STYLE('',#25,POSITIVE_LENGTH_MEASURE(2.E-2),#11);
#1147=PRESENTATION_STYLE_ASSIGNMENT((#1146));
#1148=STYLED_ITEM('',(#1147),#1145);
#1149=DIRECTION('',(9.813592930674E-1,0.E0,1.921820436730E-1));
#1150=VECTOR('',#1149,8.672299851664E-2);
#1151=CARTESIAN_POINT('',(-2.427659797668E-1,2.95E0,-9.E-2));
#1152=LINE('',#1151,#1150);
#1153=CURVE_STYLE('',#25,POSITIVE_LENGTH_MEASURE(2.E-2),#11);
#1154=PRESENTATION_STYLE_ASSIGNMENT((#1153));
#1155=STYLED_ITEM('',(#1154),#1152);
#1156=DIRECTION('',(1.E0,0.E0,0.E0));
#1157=VECTOR('',#1156,2.553191423416E-1);
#1158=CARTESIAN_POINT('',(-1.576595592499E-1,2.95E0,-7.333339691162E-2));
#1159=LINE('',#1158,#1157);
#1160=CURVE_STYLE('',#25,POSITIVE_LENGTH_MEASURE(2.E-2),#11);
#1161=PRESENTATION_STYLE_ASSIGNMENT((#1160));
#1162=STYLED_ITEM('',(#1161),#1159);
#1163=DIRECTION('',(9.813592727596E-1,0.E0,-1.921821473726E-1));
#1164=VECTOR('',#1163,8.672295172178E-2);
#1165=CARTESIAN_POINT('',(9.765958309174E-2,2.95E0,-7.333339691162E-2));
#1166=LINE('',#1165,#1164);
#1167=CURVE_STYLE('',#25,POSITIVE_LENGTH_MEASURE(2.E-2),#11);
#1168=PRESENTATION_STYLE_ASSIGNMENT((#1167));
#1169=STYLED_ITEM('',(#1168),#1166);
#1170=DIRECTION('',(8.981377963584E-1,0.E0,-4.397141102494E-1));
#1171=VECTOR('',#1170,7.580697579323E-2);
#1172=CARTESIAN_POINT('',(1.827659559250E-1,2.95E0,-9.E-2));
#1173=LINE('',#1172,#1171);
#1174=CURVE_STYLE('',#25,POSITIVE_LENGTH_MEASURE(2.E-2),#11);
#1175=PRESENTATION_STYLE_ASSIGNMENT((#1174));
#1176=STYLED_ITEM('',(#1175),#1173);
#1177=DIRECTION('',(7.145107489524E-1,0.E0,-6.996244632883E-1));
#1178=VECTOR('',#1177,9.528912521875E-2);
#1179=CARTESIAN_POINT('',(2.508510661125E-1,2.95E0,-1.233333969116E-1));
#1180=LINE('',#1179,#1178);
#1181=CURVE_STYLE('',#25,POSITIVE_LENGTH_MEASURE(2.E-2),#11);
#1182=PRESENTATION_STYLE_ASSIGNMENT((#1181));
#1183=STYLED_ITEM('',(#1182),#1180);
#1184=DIRECTION('',(4.547775049248E-1,0.E0,-8.906050870136E-1));
#1185=VECTOR('',#1184,7.485540343356E-2);
#1186=CARTESIAN_POINT('',(3.189361703396E-1,2.95E0,-1.9E-1));
#1187=LINE('',#1186,#1185);
#1188=CURVE_STYLE('',#25,POSITIVE_LENGTH_MEASURE(2.E-2),#11);
#1189=PRESENTATION_STYLE_ASSIGNMENT((#1188));
#1190=STYLED_ITEM('',(#1189),#1187);
#1191=DIRECTION('',(2.001232253108E-1,0.E0,-9.797707357802E-1));
#1192=VECTOR('',#1191,8.505397627054E-2);
#1193=CARTESIAN_POINT('',(3.529787239432E-1,2.95E0,-2.566666030884E-1));
#1194=LINE('',#1193,#1192);
#1195=CURVE_STYLE('',#25,POSITIVE_LENGTH_MEASURE(2.E-2),#11);
#1196=PRESENTATION_STYLE_ASSIGNMENT((#1195));
#1197=STYLED_ITEM('',(#1196),#1194);
#1198=DIRECTION('',(0.E0,0.E0,-1.E0));
#1199=VECTOR('',#1198,1.5E-1);
#1200=CARTESIAN_POINT('',(3.7E-1,2.95E0,-3.4E-1));
#1201=LINE('',#1200,#1199);
#1202=CURVE_STYLE('',#25,POSITIVE_LENGTH_MEASURE(2.E-2),#11);
#1203=PRESENTATION_STYLE_ASSIGNMENT((#1202));
#1204=STYLED_ITEM('',(#1203),#1201);
#1205=DIRECTION('',(-2.001232253108E-1,0.E0,-9.797707357802E-1));
#1206=VECTOR('',#1205,8.505397627055E-2);
#1207=CARTESIAN_POINT('',(3.7E-1,2.95E0,-4.9E-1));
#1208=LINE('',#1207,#1206);
#1209=CURVE_STYLE('',#25,POSITIVE_LENGTH_MEASURE(2.E-2),#11);
#1210=PRESENTATION_STYLE_ASSIGNMENT((#1209));
#1211=STYLED_ITEM('',(#1210),#1208);
#1212=DIRECTION('',(-4.547775049247E-1,0.E0,-8.906050870136E-1));
#1213=VECTOR('',#1212,7.485540343356E-2);
#1214=CARTESIAN_POINT('',(3.529787239432E-1,2.95E0,-5.733333969116E-1));
#1215=LINE('',#1214,#1213);
#1216=CURVE_STYLE('',#25,POSITIVE_LENGTH_MEASURE(2.E-2),#11);
#1217=PRESENTATION_STYLE_ASSIGNMENT((#1216));
#1218=STYLED_ITEM('',(#1217),#1215);
#1219=DIRECTION('',(-7.145107489524E-1,0.E0,-6.996244632883E-1));
#1220=VECTOR('',#1219,9.528912521875E-2);
#1221=CARTESIAN_POINT('',(3.189361703396E-1,2.95E0,-6.4E-1));
#1222=LINE('',#1221,#1220);
#1223=CURVE_STYLE('',#25,POSITIVE_LENGTH_MEASURE(2.E-2),#11);
#1224=PRESENTATION_STYLE_ASSIGNMENT((#1223));
#1225=STYLED_ITEM('',(#1224),#1222);
#1226=DIRECTION('',(-9.813588630361E-1,0.E0,-1.921842395735E-1));
#1227=VECTOR('',#1226,8.672300007653E-2);
#1228=CARTESIAN_POINT('',(2.508510661125E-1,2.95E0,-7.066666030884E-1));
#1229=LINE('',#1228,#1227);
#1230=CURVE_STYLE('',#25,POSITIVE_LENGTH_MEASURE(2.E-2),#11);
#1231=PRESENTATION_STYLE_ASSIGNMENT((#1230));
#1232=STYLED_ITEM('',(#1231),#1229);
#1233=DIRECTION('',(-1.E0,0.E0,0.E0));
#1234=VECTOR('',#1233,3.744680881500E-1);
#1235=CARTESIAN_POINT('',(3.7E-1,2.95E0,-9.566667938232E-1));
#1236=LINE('',#1235,#1234);
#1237=CURVE_STYLE('',#25,POSITIVE_LENGTH_MEASURE(2.E-2),#11);
#1238=PRESENTATION_STYLE_ASSIGNMENT((#1237));
#1239=STYLED_ITEM('',(#1238),#1236);
#1240=DIRECTION('',(0.E0,0.E0,-1.E0));
#1241=VECTOR('',#1240,4.666664123535E-1);
#1242=CARTESIAN_POINT('',(-4.468088150024E-3,2.95E0,-9.566667938232E-1));
#1243=LINE('',#1242,#1241);
#1244=CURVE_STYLE('',#25,POSITIVE_LENGTH_MEASURE(2.E-2),#11);
#1245=PRESENTATION_STYLE_ASSIGNMENT((#1244));
#1246=STYLED_ITEM('',(#1245),#1243);
#1247=DIRECTION('',(1.E0,0.E0,0.E0));
#1248=VECTOR('',#1247,3.744680881500E-1);
#1249=CARTESIAN_POINT('',(-4.468088150024E-3,2.95E0,-1.423333206177E0));
#1250=LINE('',#1249,#1248);
#1251=CURVE_STYLE('',#25,POSITIVE_LENGTH_MEASURE(2.E-2),#11);
#1252=PRESENTATION_STYLE_ASSIGNMENT((#1251));
#1253=STYLED_ITEM('',(#1252),#1250);
#1254=DIRECTION('',(0.E0,0.E0,-1.E0));
#1255=VECTOR('',#1254,1.E-1);
#1256=CARTESIAN_POINT('',(3.7E-1,2.95E0,-1.423333206177E0));
#1257=LINE('',#1256,#1255);
#1258=CURVE_STYLE('',#25,POSITIVE_LENGTH_MEASURE(2.E-2),#11);
#1259=PRESENTATION_STYLE_ASSIGNMENT((#1258));
#1260=STYLED_ITEM('',(#1259),#1257);
#1261=DIRECTION('',(-1.E0,0.E0,0.E0));
#1262=VECTOR('',#1261,8.E-1);
#1263=CARTESIAN_POINT('',(3.7E-1,2.95E0,-1.523333206177E0));
#1264=LINE('',#1263,#1262);
#1265=CURVE_STYLE('',#25,POSITIVE_LENGTH_MEASURE(2.E-2),#11);
#1266=PRESENTATION_STYLE_ASSIGNMENT((#1265));
#1267=STYLED_ITEM('',(#1266),#1264);
#1268=DIRECTION('',(0.E0,0.E0,1.E0));
#1269=VECTOR('',#1268,1.E-1);
#1270=CARTESIAN_POINT('',(-4.3E-1,2.95E0,-1.523333206177E0));
#1271=LINE('',#1270,#1269);
#1272=CURVE_STYLE('',#25,POSITIVE_LENGTH_MEASURE(2.E-2),#11);
#1273=PRESENTATION_STYLE_ASSIGNMENT((#1272));
#1274=STYLED_ITEM('',(#1273),#1271);
#1275=DIRECTION('',(1.E0,0.E0,0.E0));
#1276=VECTOR('',#1275,3.234042644501E-1);
#1277=CARTESIAN_POINT('',(-4.3E-1,2.95E0,-1.423333206177E0));
#1278=LINE('',#1277,#1276);
#1279=CURVE_STYLE('',#25,POSITIVE_LENGTH_MEASURE(2.E-2),#11);
#1280=PRESENTATION_STYLE_ASSIGNMENT((#1279));
#1281=STYLED_ITEM('',(#1280),#1278);
#1282=DIRECTION('',(0.E0,0.E0,1.E0));
#1283=VECTOR('',#1282,4.666664123535E-1);
#1284=CARTESIAN_POINT('',(-1.065957355499E-1,2.95E0,-1.423333206177E0));
#1285=LINE('',#1284,#1283);
#1286=CURVE_STYLE('',#25,POSITIVE_LENGTH_MEASURE(2.E-2),#11);
#1287=PRESENTATION_STYLE_ASSIGNMENT((#1286));
#1288=STYLED_ITEM('',(#1287),#1285);
#1289=DIRECTION('',(-1.E0,0.E0,0.E0));
#1290=VECTOR('',#1289,3.234042644501E-1);
#1291=CARTESIAN_POINT('',(-1.065957355499E-1,2.95E0,-9.566667938232E-1));
#1292=LINE('',#1291,#1290);
#1293=CURVE_STYLE('',#25,POSITIVE_LENGTH_MEASURE(2.E-2),#11);
#1294=PRESENTATION_STYLE_ASSIGNMENT((#1293));
#1295=STYLED_ITEM('',(#1294),#1292);
#1296=DIRECTION('',(0.E0,0.E0,1.E0));
#1297=VECTOR('',#1296,1.000001907349E-1);
#1298=CARTESIAN_POINT('',(-4.3E-1,2.95E0,-9.566667938232E-1));
#1299=LINE('',#1298,#1297);
#1300=CURVE_STYLE('',#25,POSITIVE_LENGTH_MEASURE(2.E-2),#11);
#1301=PRESENTATION_STYLE_ASSIGNMENT((#1300));
#1302=STYLED_ITEM('',(#1301),#1299);
#1303=DIRECTION('',(1.E0,0.E0,0.E0));
#1304=VECTOR('',#1303,8.E-1);
#1305=CARTESIAN_POINT('',(-4.3E-1,2.95E0,-8.566666030884E-1));
#1306=LINE('',#1305,#1304);
#1307=CURVE_STYLE('',#25,POSITIVE_LENGTH_MEASURE(2.E-2),#11);
#1308=PRESENTATION_STYLE_ASSIGNMENT((#1307));
#1309=STYLED_ITEM('',(#1308),#1306);
#1310=DIRECTION('',(0.E0,0.E0,-1.E0));
#1311=VECTOR('',#1310,1.000001907349E-1);
#1312=CARTESIAN_POINT('',(3.7E-1,2.95E0,-8.566666030884E-1));
#1313=LINE('',#1312,#1311);
#1314=CURVE_STYLE('',#25,POSITIVE_LENGTH_MEASURE(2.E-2),#11);
#1315=PRESENTATION_STYLE_ASSIGNMENT((#1314));
#1316=STYLED_ITEM('',(#1315),#1313);
#1317=DIRECTION('',(1.E0,0.E0,0.E0));
#1318=VECTOR('',#1317,6.E0);
#1319=CARTESIAN_POINT('',(-3.E0,0.E0,-3.5E0));
#1320=LINE('',#1319,#1318);
#1321=CURVE_STYLE('',#25,POSITIVE_LENGTH_MEASURE(2.E-2),#11);
#1322=PRESENTATION_STYLE_ASSIGNMENT((#1321));
#1323=STYLED_ITEM('',(#1322),#1320);
#1324=DIRECTION('',(-8.682659386425E-2,9.924325091390E-1,8.682659386425E-2));
#1325=VECTOR('',#1324,2.972494323629E0);
#1326=CARTESIAN_POINT('',(3.E0,0.E0,-3.5E0));
#1327=LINE('',#1326,#1325);
#1328=CURVE_STYLE('',#25,POSITIVE_LENGTH_MEASURE(2.E-2),#11);
#1329=PRESENTATION_STYLE_ASSIGNMENT((#1328));
#1330=STYLED_ITEM('',(#1329),#1327);
#1331=DIRECTION('',(-1.E0,0.E0,0.E0));
#1332=VECTOR('',#1331,4.E0);
#1333=CARTESIAN_POINT('',(2.E0,-2.9E0,-3.246282875775E0));
#1334=LINE('',#1333,#1332);
#1335=CURVE_STYLE('',#25,POSITIVE_LENGTH_MEASURE(2.E-2),#11);
#1336=PRESENTATION_STYLE_ASSIGNMENT((#1335));
#1337=STYLED_ITEM('',(#1336),#1334);
#1338=DIRECTION('',(1.E0,0.E0,0.E0));
#1339=VECTOR('',#1338,7.462828757748E-1);
#1340=CARTESIAN_POINT('',(2.E0,-2.9E0,-3.246282875775E0));
#1341=LINE('',#1340,#1339);
#1342=CURVE_STYLE('',#25,POSITIVE_LENGTH_MEASURE(2.E-2),#11);
#1343=PRESENTATION_STYLE_ASSIGNMENT((#1342));
#1344=STYLED_ITEM('',(#1343),#1341);
#1345=DIRECTION('',(-8.682659386425E-2,-9.924325091390E-1,8.682659386425E-2));
#1346=VECTOR('',#1345,2.922113063906E0);
#1347=CARTESIAN_POINT('',(3.E0,0.E0,-3.5E0));
#1348=LINE('',#1347,#1346);
#1349=CURVE_STYLE('',#25,POSITIVE_LENGTH_MEASURE(2.E-2),#11);
#1350=PRESENTATION_STYLE_ASSIGNMENT((#1349));
#1351=STYLED_ITEM('',(#1350),#1348);
#1352=DIRECTION('',(1.E0,0.E0,0.E0));
#1353=VECTOR('',#1352,7.462828757748E-1);
#1354=CARTESIAN_POINT('',(-2.746282875775E0,-2.9E0,-3.246282875775E0));
#1355=LINE('',#1354,#1353);
#1356=CURVE_STYLE('',#25,POSITIVE_LENGTH_MEASURE(2.E-2),#11);
#1357=PRESENTATION_STYLE_ASSIGNMENT((#1356));
#1358=STYLED_ITEM('',(#1357),#1355);
#1359=DIRECTION('',(-1.E0,0.E0,0.E0));
#1360=VECTOR('',#1359,4.E0);
#1361=CARTESIAN_POINT('',(2.E0,-2.9E0,-3.5E0));
#1362=LINE('',#1361,#1360);
#1363=CURVE_STYLE('',#25,POSITIVE_LENGTH_MEASURE(2.E-2),#11);
#1364=PRESENTATION_STYLE_ASSIGNMENT((#1363));
#1365=STYLED_ITEM('',(#1364),#1362);
#1366=DIRECTION('',(0.E0,0.E0,1.E0));
#1367=VECTOR('',#1366,2.537171242252E-1);
#1368=CARTESIAN_POINT('',(2.E0,-2.9E0,-3.5E0));
#1369=LINE('',#1368,#1367);
#1370=CURVE_STYLE('',#25,POSITIVE_LENGTH_MEASURE(2.E-2),#11);
#1371=PRESENTATION_STYLE_ASSIGNMENT((#1370));
#1372=STYLED_ITEM('',(#1371),#1369);
#1373=DIRECTION('',(0.E0,0.E0,-1.E0));
#1374=VECTOR('',#1373,2.537171242252E-1);
#1375=CARTESIAN_POINT('',(-2.E0,-2.9E0,-3.246282875775E0));
#1376=LINE('',#1375,#1374);
#1377=CURVE_STYLE('',#25,POSITIVE_LENGTH_MEASURE(2.E-2),#11);
#1378=PRESENTATION_STYLE_ASSIGNMENT((#1377));
#1379=STYLED_ITEM('',(#1378),#1376);
#1380=DIRECTION('',(0.E0,1.E0,0.E0));
#1381=VECTOR('',#1380,2.9E0);
#1382=CARTESIAN_POINT('',(2.E0,-2.9E0,-3.5E0));
#1383=LINE('',#1382,#1381);
#1384=CURVE_STYLE('',#25,POSITIVE_LENGTH_MEASURE(2.E-2),#11);
#1385=PRESENTATION_STYLE_ASSIGNMENT((#1384));
#1386=STYLED_ITEM('',(#1385),#1383);
#1387=DIRECTION('',(0.E0,0.E0,-1.E0));
#1388=VECTOR('',#1387,1.3E0);
#1389=CARTESIAN_POINT('',(-2.E0,-3.05E0,-2.35E0));
#1390=LINE('',#1389,#1388);
#1391=CURVE_STYLE('',#25,POSITIVE_LENGTH_MEASURE(2.E-2),#11);
#1392=PRESENTATION_STYLE_ASSIGNMENT((#1391));
#1393=STYLED_ITEM('',(#1392),#1390);
#1394=DIRECTION('',(0.E0,1.E0,0.E0));
#1395=VECTOR('',#1394,2.9E0);
#1396=CARTESIAN_POINT('',(-2.E0,-2.9E0,-3.5E0));
#1397=LINE('',#1396,#1395);
#1398=CURVE_STYLE('',#25,POSITIVE_LENGTH_MEASURE(2.E-2),#11);
#1399=PRESENTATION_STYLE_ASSIGNMENT((#1398));
#1400=STYLED_ITEM('',(#1399),#1397);
#1401=DIRECTION('',(0.E0,-1.E0,0.E0));
#1402=VECTOR('',#1401,1.5E-1);
#1403=CARTESIAN_POINT('',(-2.E0,-2.9E0,-2.35E0));
#1404=LINE('',#1403,#1402);
#1405=CURVE_STYLE('',#25,POSITIVE_LENGTH_MEASURE(2.E-2),#11);
#1406=PRESENTATION_STYLE_ASSIGNMENT((#1405));
#1407=STYLED_ITEM('',(#1406),#1404);
#1408=DIRECTION('',(1.E0,0.E0,0.E0));
#1409=VECTOR('',#1408,4.E0);
#1410=CARTESIAN_POINT('',(-2.E0,-3.05E0,-3.65E0));
#1411=LINE('',#1410,#1409);
#1412=CURVE_STYLE('',#25,POSITIVE_LENGTH_MEASURE(2.E-2),#11);
#1413=PRESENTATION_STYLE_ASSIGNMENT((#1412));
#1414=STYLED_ITEM('',(#1413),#1411);
#1415=DIRECTION('',(-1.E0,0.E0,0.E0));
#1416=VECTOR('',#1415,4.E0);
#1417=CARTESIAN_POINT('',(2.E0,-3.05E0,-2.35E0));
#1418=LINE('',#1417,#1416);
#1419=CURVE_STYLE('',#25,POSITIVE_LENGTH_MEASURE(2.E-2),#11);
#1420=PRESENTATION_STYLE_ASSIGNMENT((#1419));
#1421=STYLED_ITEM('',(#1420),#1418);
#1422=DIRECTION('',(0.E0,1.E0,0.E0));
#1423=VECTOR('',#1422,3.05E0);
#1424=CARTESIAN_POINT('',(2.E0,-3.05E0,-3.65E0));
#1425=LINE('',#1424,#1423);
#1426=CURVE_STYLE('',#25,POSITIVE_LENGTH_MEASURE(2.E-2),#11);
#1427=PRESENTATION_STYLE_ASSIGNMENT((#1426));
#1428=STYLED_ITEM('',(#1427),#1425);
#1429=DIRECTION('',(0.E0,0.E0,1.E0));
#1430=VECTOR('',#1429,1.3E0);
#1431=CARTESIAN_POINT('',(2.E0,-3.05E0,-3.65E0));
#1432=LINE('',#1431,#1430);
#1433=CURVE_STYLE('',#25,POSITIVE_LENGTH_MEASURE(2.E-2),#11);
#1434=PRESENTATION_STYLE_ASSIGNMENT((#1433));
#1435=STYLED_ITEM('',(#1434),#1432);
#1436=DIRECTION('',(0.E0,0.E0,-1.E0));
#1437=VECTOR('',#1436,1.5E-1);
#1438=CARTESIAN_POINT('',(-2.E0,0.E0,-3.5E0));
#1439=LINE('',#1438,#1437);
#1440=CURVE_STYLE('',#25,POSITIVE_LENGTH_MEASURE(2.E-2),#11);
#1441=PRESENTATION_STYLE_ASSIGNMENT((#1440));
#1442=STYLED_ITEM('',(#1441),#1439);
#1443=DIRECTION('',(1.E0,0.E0,0.E0));
#1444=VECTOR('',#1443,4.E0);
#1445=CARTESIAN_POINT('',(-2.E0,0.E0,-3.65E0));
#1446=LINE('',#1445,#1444);
#1447=CURVE_STYLE('',#25,POSITIVE_LENGTH_MEASURE(2.E-2),#11);
#1448=PRESENTATION_STYLE_ASSIGNMENT((#1447));
#1449=STYLED_ITEM('',(#1448),#1446);
#1450=DIRECTION('',(0.E0,0.E0,1.E0));
#1451=VECTOR('',#1450,1.5E-1);
#1452=CARTESIAN_POINT('',(2.E0,0.E0,-3.65E0));
#1453=LINE('',#1452,#1451);
#1454=CURVE_STYLE('',#25,POSITIVE_LENGTH_MEASURE(2.E-2),#11);
#1455=PRESENTATION_STYLE_ASSIGNMENT((#1454));
#1456=STYLED_ITEM('',(#1455),#1453);
#1457=DIRECTION('',(-1.E0,0.E0,0.E0));
#1458=VECTOR('',#1457,4.E0);
#1459=CARTESIAN_POINT('',(2.E0,0.E0,-3.5E0));
#1460=LINE('',#1459,#1458);
#1461=CURVE_STYLE('',#25,POSITIVE_LENGTH_MEASURE(2.E-2),#11);
#1462=PRESENTATION_STYLE_ASSIGNMENT((#1461));
#1463=STYLED_ITEM('',(#1462),#1460);
#1464=DIRECTION('',(0.E0,1.E0,0.E0));
#1465=VECTOR('',#1464,3.05E0);
#1466=CARTESIAN_POINT('',(-2.E0,-3.05E0,-3.65E0));
#1467=LINE('',#1466,#1465);
#1468=CURVE_STYLE('',#25,POSITIVE_LENGTH_MEASURE(2.E-2),#11);
#1469=PRESENTATION_STYLE_ASSIGNMENT((#1468));
#1470=STYLED_ITEM('',(#1469),#1467);
#1471=DIRECTION('',(0.E0,-1.E0,0.E0));
#1472=VECTOR('',#1471,1.5E-1);
#1473=CARTESIAN_POINT('',(2.E0,-2.9E0,-2.35E0));
#1474=LINE('',#1473,#1472);
#1475=CURVE_STYLE('',#25,POSITIVE_LENGTH_MEASURE(2.E-2),#11);
#1476=PRESENTATION_STYLE_ASSIGNMENT((#1475));
#1477=STYLED_ITEM('',(#1476),#1474);
#1478=DIRECTION('',(0.E0,0.E0,-1.E0));
#1479=VECTOR('',#1478,7.E0);
#1480=CARTESIAN_POINT('',(3.E0,0.E0,3.5E0));
#1481=LINE('',#1480,#1479);
#1482=CURVE_STYLE('',#25,POSITIVE_LENGTH_MEASURE(2.E-2),#11);
#1483=PRESENTATION_STYLE_ASSIGNMENT((#1482));
#1484=STYLED_ITEM('',(#1483),#1481);
#1485=DIRECTION('',(-8.682659386425E-2,9.924325091390E-1,-8.682659386425E-2));
#1486=VECTOR('',#1485,2.972494323629E0);
#1487=CARTESIAN_POINT('',(3.E0,0.E0,3.5E0));
#1488=LINE('',#1487,#1486);
#1489=CURVE_STYLE('',#25,POSITIVE_LENGTH_MEASURE(2.E-2),#11);
#1490=PRESENTATION_STYLE_ASSIGNMENT((#1489));
#1491=STYLED_ITEM('',(#1490),#1488);
#1492=DIRECTION('',(0.E0,-1.E0,0.E0));
#1493=VECTOR('',#1492,1.E-2);
#1494=CARTESIAN_POINT('',(-2.66E0,2.95E0,-2.85E0));
#1495=LINE('',#1494,#1493);
#1496=CURVE_STYLE('',#25,POSITIVE_LENGTH_MEASURE(2.E-2),#11);
#1497=PRESENTATION_STYLE_ASSIGNMENT((#1496));
#1498=STYLED_ITEM('',(#1497),#1495);
#1499=DIRECTION('',(0.E0,-1.E0,0.E0));
#1500=VECTOR('',#1499,1.E-2);
#1501=CARTESIAN_POINT('',(-2.66E0,2.95E0,-3.15E0));
#1502=LINE('',#1501,#1500);
#1503=CURVE_STYLE('',#25,POSITIVE_LENGTH_MEASURE(2.E-2),#11);
#1504=PRESENTATION_STYLE_ASSIGNMENT((#1503));
#1505=STYLED_ITEM('',(#1504),#1502);
#1506=DIRECTION('',(0.E0,-1.E0,0.E0));
#1507=VECTOR('',#1506,1.E-2);
#1508=CARTESIAN_POINT('',(2.66E0,2.95E0,-3.15E0));
#1509=LINE('',#1508,#1507);
#1510=CURVE_STYLE('',#25,POSITIVE_LENGTH_MEASURE(2.E-2),#11);
#1511=PRESENTATION_STYLE_ASSIGNMENT((#1510));
#1512=STYLED_ITEM('',(#1511),#1509);
#1513=DIRECTION('',(0.E0,-1.E0,0.E0));
#1514=VECTOR('',#1513,1.E-2);
#1515=CARTESIAN_POINT('',(2.66E0,2.95E0,-2.85E0));
#1516=LINE('',#1515,#1514);
#1517=CURVE_STYLE('',#25,POSITIVE_LENGTH_MEASURE(2.E-2),#11);
#1518=PRESENTATION_STYLE_ASSIGNMENT((#1517));
#1519=STYLED_ITEM('',(#1518),#1516);
#1520=DIRECTION('',(1.E0,0.E0,0.E0));
#1521=VECTOR('',#1520,5.32E0);
#1522=CARTESIAN_POINT('',(-2.66E0,2.94E0,-2.85E0));
#1523=LINE('',#1522,#1521);
#1524=CURVE_STYLE('',#25,POSITIVE_LENGTH_MEASURE(2.E-2),#11);
#1525=PRESENTATION_STYLE_ASSIGNMENT((#1524));
#1526=STYLED_ITEM('',(#1525),#1523);
#1527=DIRECTION('',(0.E0,0.E0,1.E0));
#1528=VECTOR('',#1527,3.E-1);
#1529=CARTESIAN_POINT('',(-2.66E0,2.94E0,-3.15E0));
#1530=LINE('',#1529,#1528);
#1531=CURVE_STYLE('',#25,POSITIVE_LENGTH_MEASURE(2.E-2),#11);
#1532=PRESENTATION_STYLE_ASSIGNMENT((#1531));
#1533=STYLED_ITEM('',(#1532),#1530);
#1534=DIRECTION('',(-1.E0,0.E0,0.E0));
#1535=VECTOR('',#1534,5.32E0);
#1536=CARTESIAN_POINT('',(2.66E0,2.94E0,-3.15E0));
#1537=LINE('',#1536,#1535);
#1538=CURVE_STYLE('',#25,POSITIVE_LENGTH_MEASURE(2.E-2),#11);
#1539=PRESENTATION_STYLE_ASSIGNMENT((#1538));
#1540=STYLED_ITEM('',(#1539),#1537);
#1541=DIRECTION('',(0.E0,0.E0,-1.E0));
#1542=VECTOR('',#1541,3.E-1);
#1543=CARTESIAN_POINT('',(2.66E0,2.94E0,-2.85E0));
#1544=LINE('',#1543,#1542);
#1545=CURVE_STYLE('',#25,POSITIVE_LENGTH_MEASURE(2.E-2),#11);
#1546=PRESENTATION_STYLE_ASSIGNMENT((#1545));
#1547=STYLED_ITEM('',(#1546),#1544);
#1548=DIRECTION('',(0.E0,-1.E0,0.E0));
#1549=VECTOR('',#1548,1.E-2);
#1550=CARTESIAN_POINT('',(-4.3E-1,2.95E0,1.626666650772E0));
#1551=LINE('',#1550,#1549);
#1552=CURVE_STYLE('',#25,POSITIVE_LENGTH_MEASURE(2.E-2),#11);
#1553=PRESENTATION_STYLE_ASSIGNMENT((#1552));
#1554=STYLED_ITEM('',(#1553),#1551);
#1555=DIRECTION('',(0.E0,-1.E0,0.E0));
#1556=VECTOR('',#1555,1.E-2);
#1557=CARTESIAN_POINT('',(-3.448936271667E-1,2.95E0,1.626666650772E0));
#1558=LINE('',#1557,#1556);
#1559=CURVE_STYLE('',#25,POSITIVE_LENGTH_MEASURE(2.E-2),#11);
#1560=PRESENTATION_STYLE_ASSIGNMENT((#1559));
#1561=STYLED_ITEM('',(#1560),#1558);
#1562=DIRECTION('',(0.E0,-1.E0,0.E0));
#1563=VECTOR('',#1562,1.E-2);
#1564=CARTESIAN_POINT('',(-3.448936271667E-1,2.95E0,1.893333325386E0));
#1565=LINE('',#1564,#1563);
#1566=CURVE_STYLE('',#25,POSITIVE_LENGTH_MEASURE(2.E-2),#11);
#1567=PRESENTATION_STYLE_ASSIGNMENT((#1566));
#1568=STYLED_ITEM('',(#1567),#1565);
#1569=DIRECTION('',(0.E0,-1.E0,0.E0));
#1570=VECTOR('',#1569,1.E-2);
#1571=CARTESIAN_POINT('',(3.7E-1,2.95E0,1.893333325386E0));
#1572=LINE('',#1571,#1570);
#1573=CURVE_STYLE('',#25,POSITIVE_LENGTH_MEASURE(2.E-2),#11);
#1574=PRESENTATION_STYLE_ASSIGNMENT((#1573));
#1575=STYLED_ITEM('',(#1574),#1572);
#1576=DIRECTION('',(0.E0,-1.E0,0.E0));
#1577=VECTOR('',#1576,1.E-2);
#1578=CARTESIAN_POINT('',(3.7E-1,2.95E0,1.993333325386E0));
#1579=LINE('',#1578,#1577);
#1580=CURVE_STYLE('',#25,POSITIVE_LENGTH_MEASURE(2.E-2),#11);
#1581=PRESENTATION_STYLE_ASSIGNMENT((#1580));
#1582=STYLED_ITEM('',(#1581),#1579);
#1583=DIRECTION('',(0.E0,-1.E0,0.E0));
#1584=VECTOR('',#1583,1.E-2);
#1585=CARTESIAN_POINT('',(-3.448936271667E-1,2.95E0,1.993333325386E0));
#1586=LINE('',#1585,#1584);
#1587=CURVE_STYLE('',#25,POSITIVE_LENGTH_MEASURE(2.E-2),#11);
#1588=PRESENTATION_STYLE_ASSIGNMENT((#1587));
#1589=STYLED_ITEM('',(#1588),#1586);
#1590=DIRECTION('',(0.E0,-1.E0,0.E0));
#1591=VECTOR('',#1590,1.E-2);
#1592=CARTESIAN_POINT('',(-3.448936271667E-1,2.95E0,2.26E0));
#1593=LINE('',#1592,#1591);
#1594=CURVE_STYLE('',#25,POSITIVE_LENGTH_MEASURE(2.E-2),#11);
#1595=PRESENTATION_STYLE_ASSIGNMENT((#1594));
#1596=STYLED_ITEM('',(#1595),#1593);
#1597=DIRECTION('',(0.E0,-1.E0,0.E0));
#1598=VECTOR('',#1597,1.E-2);
#1599=CARTESIAN_POINT('',(-4.3E-1,2.95E0,2.26E0));
#1600=LINE('',#1599,#1598);
#1601=CURVE_STYLE('',#25,POSITIVE_LENGTH_MEASURE(2.E-2),#11);
#1602=PRESENTATION_STYLE_ASSIGNMENT((#1601));
#1603=STYLED_ITEM('',(#1602),#1600);
#1604=DIRECTION('',(0.E0,0.E0,1.E0));
#1605=VECTOR('',#1604,6.333333492279E-1);
#1606=CARTESIAN_POINT('',(-4.3E-1,2.94E0,1.626666650772E0));
#1607=LINE('',#1606,#1605);
#1608=CURVE_STYLE('',#25,POSITIVE_LENGTH_MEASURE(2.E-2),#11);
#1609=PRESENTATION_STYLE_ASSIGNMENT((#1608));
#1610=STYLED_ITEM('',(#1609),#1607);
#1611=DIRECTION('',(-1.E0,0.E0,0.E0));
#1612=VECTOR('',#1611,8.510637283325E-2);
#1613=CARTESIAN_POINT('',(-3.448936271667E-1,2.94E0,1.626666650772E0));
#1614=LINE('',#1613,#1612);
#1615=CURVE_STYLE('',#25,POSITIVE_LENGTH_MEASURE(2.E-2),#11);
#1616=PRESENTATION_STYLE_ASSIGNMENT((#1615));
#1617=STYLED_ITEM('',(#1616),#1614);
#1618=DIRECTION('',(0.E0,0.E0,-1.E0));
#1619=VECTOR('',#1618,2.666666746140E-1);
#1620=CARTESIAN_POINT('',(-3.448936271667E-1,2.94E0,1.893333325386E0));
#1621=LINE('',#1620,#1619);
#1622=CURVE_STYLE('',#25,POSITIVE_LENGTH_MEASURE(2.E-2),#11);
#1623=PRESENTATION_STYLE_ASSIGNMENT((#1622));
#1624=STYLED_ITEM('',(#1623),#1621);
#1625=DIRECTION('',(-1.E0,0.E0,0.E0));
#1626=VECTOR('',#1625,7.148936271667E-1);
#1627=CARTESIAN_POINT('',(3.7E-1,2.94E0,1.893333325386E0));
#1628=LINE('',#1627,#1626);
#1629=CURVE_STYLE('',#25,POSITIVE_LENGTH_MEASURE(2.E-2),#11);
#1630=PRESENTATION_STYLE_ASSIGNMENT((#1629));
#1631=STYLED_ITEM('',(#1630),#1628);
#1632=DIRECTION('',(0.E0,0.E0,-1.E0));
#1633=VECTOR('',#1632,1.E-1);
#1634=CARTESIAN_POINT('',(3.7E-1,2.94E0,1.993333325386E0));
#1635=LINE('',#1634,#1633);
#1636=CURVE_STYLE('',#25,POSITIVE_LENGTH_MEASURE(2.E-2),#11);
#1637=PRESENTATION_STYLE_ASSIGNMENT((#1636));
#1638=STYLED_ITEM('',(#1637),#1635);
#1639=DIRECTION('',(1.E0,0.E0,0.E0));
#1640=VECTOR('',#1639,7.148936271667E-1);
#1641=CARTESIAN_POINT('',(-3.448936271667E-1,2.94E0,1.993333325386E0));
#1642=LINE('',#1641,#1640);
#1643=CURVE_STYLE('',#25,POSITIVE_LENGTH_MEASURE(2.E-2),#11);
#1644=PRESENTATION_STYLE_ASSIGNMENT((#1643));
#1645=STYLED_ITEM('',(#1644),#1642);
#1646=DIRECTION('',(0.E0,0.E0,-1.E0));
#1647=VECTOR('',#1646,2.666666746140E-1);
#1648=CARTESIAN_POINT('',(-3.448936271667E-1,2.94E0,2.26E0));
#1649=LINE('',#1648,#1647);
#1650=CURVE_STYLE('',#25,POSITIVE_LENGTH_MEASURE(2.E-2),#11);
#1651=PRESENTATION_STYLE_ASSIGNMENT((#1650));
#1652=STYLED_ITEM('',(#1651),#1649);
#1653=DIRECTION('',(1.E0,0.E0,0.E0));
#1654=VECTOR('',#1653,8.510637283325E-2);
#1655=CARTESIAN_POINT('',(-4.3E-1,2.94E0,2.26E0));
#1656=LINE('',#1655,#1654);
#1657=CURVE_STYLE('',#25,POSITIVE_LENGTH_MEASURE(2.E-2),#11);
#1658=PRESENTATION_STYLE_ASSIGNMENT((#1657));
#1659=STYLED_ITEM('',(#1658),#1656);
#1660=DIRECTION('',(2.001234283435E-1,0.E0,9.797706943097E-1));
#1661=VECTOR('',#1660,8.505388253412E-2);
#1662=CARTESIAN_POINT('',(-4.3E-1,2.94E0,1.226666698456E0));
#1663=LINE('',#1662,#1661);
#1664=CURVE_STYLE('',#25,POSITIVE_LENGTH_MEASURE(2.E-2),#11);
#1665=PRESENTATION_STYLE_ASSIGNMENT((#1664));
#1666=STYLED_ITEM('',(#1665),#1663);
#1667=DIRECTION('',(0.E0,0.E0,1.E0));
#1668=VECTOR('',#1667,1.333333969116E-1);
#1669=CARTESIAN_POINT('',(-4.3E-1,2.94E0,1.093333301544E0));
#1670=LINE('',#1669,#1668);
#1671=CURVE_STYLE('',#25,POSITIVE_LENGTH_MEASURE(2.E-2),#11);
#1672=PRESENTATION_STYLE_ASSIGNMENT((#1671));
#1673=STYLED_ITEM('',(#1672),#1670);
#1674=DIRECTION('',(-2.001234283435E-1,0.E0,9.797706943097E-1));
#1675=VECTOR('',#1674,8.505388253412E-2);
#1676=CARTESIAN_POINT('',(-4.129787254333E-1,2.94E0,1.01E0));
#1677=LINE('',#1676,#1675);
#1678=CURVE_STYLE('',#25,POSITIVE_LENGTH_MEASURE(2.E-2),#11);
#1679=PRESENTATION_STYLE_ASSIGNMENT((#1678));
#1680=STYLED_ITEM('',(#1679),#1677);
#1681=DIRECTION('',(-4.547769415434E-1,0.E0,8.906053746977E-1));
#1682=VECTOR('',#1681,7.485548633528E-2);
#1683=CARTESIAN_POINT('',(-3.789361763E-1,2.94E0,9.433333015442E-1));
#1684=LINE('',#1683,#1682);
#1685=CURVE_STYLE('',#25,POSITIVE_LENGTH_MEASURE(2.E-2),#11);
#1686=PRESENTATION_STYLE_ASSIGNMENT((#1685));
#1687=STYLED_ITEM('',(#1686),#1684);
#1688=DIRECTION('',(-7.145107183351E-1,0.E0,6.996244945571E-1));
#1689=VECTOR('',#1688,9.528912095993E-2);
#1690=CARTESIAN_POINT('',(-3.108510780334E-1,2.94E0,8.766666984558E-1));
#1691=LINE('',#1690,#1689);
#1692=CURVE_STYLE('',#25,POSITIVE_LENGTH_MEASURE(2.E-2),#11);
#1693=PRESENTATION_STYLE_ASSIGNMENT((#1692));
#1694=STYLED_ITEM('',(#1693),#1691);
#1695=DIRECTION('',(-8.981377659536E-1,0.E0,4.397141723527E-1));
#1696=VECTOR('',#1695,7.580696508660E-2);
#1697=CARTESIAN_POINT('',(-2.427659797668E-1,2.94E0,8.433333015442E-1));
#1698=LINE('',#1697,#1696);
#1699=CURVE_STYLE('',#25,POSITIVE_LENGTH_MEASURE(2.E-2),#11);
#1700=PRESENTATION_STYLE_ASSIGNMENT((#1699));
#1701=STYLED_ITEM('',(#1700),#1698);
#1702=DIRECTION('',(-9.813592930674E-1,0.E0,1.921820436730E-1));
#1703=VECTOR('',#1702,8.672299851664E-2);
#1704=CARTESIAN_POINT('',(-1.576595592499E-1,2.94E0,8.266666984558E-1));
#1705=LINE('',#1704,#1703);
#1706=CURVE_STYLE('',#25,POSITIVE_LENGTH_MEASURE(2.E-2),#11);
#1707=PRESENTATION_STYLE_ASSIGNMENT((#1706));
#1708=STYLED_ITEM('',(#1707),#1705);
#1709=DIRECTION('',(-1.E0,0.E0,0.E0));
#1710=VECTOR('',#1709,2.553191423416E-1);
#1711=CARTESIAN_POINT('',(9.765958309174E-2,2.94E0,8.266666984558E-1));
#1712=LINE('',#1711,#1710);
#1713=CURVE_STYLE('',#25,POSITIVE_LENGTH_MEASURE(2.E-2),#11);
#1714=PRESENTATION_STYLE_ASSIGNMENT((#1713));
#1715=STYLED_ITEM('',(#1714),#1712);
#1716=DIRECTION('',(-9.813592727596E-1,0.E0,-1.921821473726E-1));
#1717=VECTOR('',#1716,8.672295172178E-2);
#1718=CARTESIAN_POINT('',(1.827659559250E-1,2.94E0,8.433333015442E-1));
#1719=LINE('',#1718,#1717);
#1720=CURVE_STYLE('',#25,POSITIVE_LENGTH_MEASURE(2.E-2),#11);
#1721=PRESENTATION_STYLE_ASSIGNMENT((#1720));
#1722=STYLED_ITEM('',(#1721),#1719);
#1723=DIRECTION('',(-8.981377963584E-1,0.E0,-4.397141102494E-1));
#1724=VECTOR('',#1723,7.580697579323E-2);
#1725=CARTESIAN_POINT('',(2.508510661125E-1,2.94E0,8.766666984558E-1));
#1726=LINE('',#1725,#1724);
#1727=CURVE_STYLE('',#25,POSITIVE_LENGTH_MEASURE(2.E-2),#11);
#1728=PRESENTATION_STYLE_ASSIGNMENT((#1727));
#1729=STYLED_ITEM('',(#1728),#1726);
#1730=DIRECTION('',(-7.145107489524E-1,0.E0,-6.996244632883E-1));
#1731=VECTOR('',#1730,9.528912521875E-2);
#1732=CARTESIAN_POINT('',(3.189361703396E-1,2.94E0,9.433333015442E-1));
#1733=LINE('',#1732,#1731);
#1734=CURVE_STYLE('',#25,POSITIVE_LENGTH_MEASURE(2.E-2),#11);
#1735=PRESENTATION_STYLE_ASSIGNMENT((#1734));
#1736=STYLED_ITEM('',(#1735),#1733);
#1737=DIRECTION('',(-4.547769889117E-1,0.E0,-8.906053505096E-1));
#1738=VECTOR('',#1737,7.485548836829E-2);
#1739=CARTESIAN_POINT('',(3.529787239432E-1,2.94E0,1.01E0));
#1740=LINE('',#1739,#1738);
#1741=CURVE_STYLE('',#25,POSITIVE_LENGTH_MEASURE(2.E-2),#11);
#1742=PRESENTATION_STYLE_ASSIGNMENT((#1741));
#1743=STYLED_ITEM('',(#1742),#1740);
#1744=DIRECTION('',(-2.001234451615E-1,0.E0,-9.797706908745E-1));
#1745=VECTOR('',#1744,8.505388283233E-2);
#1746=CARTESIAN_POINT('',(3.7E-1,2.94E0,1.093333301544E0));
#1747=LINE('',#1746,#1745);
#1748=CURVE_STYLE('',#25,POSITIVE_LENGTH_MEASURE(2.E-2),#11);
#1749=PRESENTATION_STYLE_ASSIGNMENT((#1748));
#1750=STYLED_ITEM('',(#1749),#1747);
#1751=DIRECTION('',(0.E0,0.E0,-1.E0));
#1752=VECTOR('',#1751,1.333333969116E-1);
#1753=CARTESIAN_POINT('',(3.7E-1,2.94E0,1.226666698456E0));
#1754=LINE('',#1753,#1752);
#1755=CURVE_STYLE('',#25,POSITIVE_LENGTH_MEASURE(2.E-2),#11);
#1756=PRESENTATION_STYLE_ASSIGNMENT((#1755));
#1757=STYLED_ITEM('',(#1756),#1754);
#1758=DIRECTION('',(2.001234451615E-1,0.E0,-9.797706908745E-1));
#1759=VECTOR('',#1758,8.505388283233E-2);
#1760=CARTESIAN_POINT('',(3.529787239432E-1,2.94E0,1.31E0));
#1761=LINE('',#1760,#1759);
#1762=CURVE_STYLE('',#25,POSITIVE_LENGTH_MEASURE(2.E-2),#11);
#1763=PRESENTATION_STYLE_ASSIGNMENT((#1762));
#1764=STYLED_ITEM('',(#1763),#1761);
#1765=DIRECTION('',(4.547769889117E-1,0.E0,-8.906053505096E-1));
#1766=VECTOR('',#1765,7.485548836829E-2);
#1767=CARTESIAN_POINT('',(3.189361703396E-1,2.94E0,1.376666698456E0));
#1768=LINE('',#1767,#1766);
#1769=CURVE_STYLE('',#25,POSITIVE_LENGTH_MEASURE(2.E-2),#11);
#1770=PRESENTATION_STYLE_ASSIGNMENT((#1769));
#1771=STYLED_ITEM('',(#1770),#1768);
#1772=DIRECTION('',(7.145107489524E-1,0.E0,-6.996244632883E-1));
#1773=VECTOR('',#1772,9.528912521875E-2);
#1774=CARTESIAN_POINT('',(2.508510661125E-1,2.94E0,1.443333301544E0));
#1775=LINE('',#1774,#1773);
#1776=CURVE_STYLE('',#25,POSITIVE_LENGTH_MEASURE(2.E-2),#11);
#1777=PRESENTATION_STYLE_ASSIGNMENT((#1776));
#1778=STYLED_ITEM('',(#1777),#1775);
#1779=DIRECTION('',(8.981380447713E-1,0.E0,-4.397136028534E-1));
#1780=VECTOR('',#1779,7.580695482604E-2);
#1781=CARTESIAN_POINT('',(1.827659559250E-1,2.94E0,1.476666650772E0));
#1782=LINE('',#1781,#1780);
#1783=CURVE_STYLE('',#25,POSITIVE_LENGTH_MEASURE(2.E-2),#11);
#1784=PRESENTATION_STYLE_ASSIGNMENT((#1783));
#1785=STYLED_ITEM('',(#1784),#1782);
#1786=DIRECTION('',(9.813590653599E-1,0.E0,-1.921832064360E-1));
#1787=VECTOR('',#1786,8.672297004975E-2);
#1788=CARTESIAN_POINT('',(9.765958309174E-2,2.94E0,1.493333349228E0));
#1789=LINE('',#1788,#1787);
#1790=CURVE_STYLE('',#25,POSITIVE_LENGTH_MEASURE(2.E-2),#11);
#1791=PRESENTATION_STYLE_ASSIGNMENT((#1790));
#1792=STYLED_ITEM('',(#1791),#1789);
#1793=DIRECTION('',(1.E0,0.E0,0.E0));
#1794=VECTOR('',#1793,2.553191423416E-1);
#1795=CARTESIAN_POINT('',(-1.576595592499E-1,2.94E0,1.493333349228E0));
#1796=LINE('',#1795,#1794);
#1797=CURVE_STYLE('',#25,POSITIVE_LENGTH_MEASURE(2.E-2),#11);
#1798=PRESENTATION_STYLE_ASSIGNMENT((#1797));
#1799=STYLED_ITEM('',(#1798),#1796);
#1800=DIRECTION('',(9.813590856678E-1,0.E0,1.921831027359E-1));
#1801=VECTOR('',#1800,8.672301684459E-2);
#1802=CARTESIAN_POINT('',(-2.427659797668E-1,2.94E0,1.476666650772E0));
#1803=LINE('',#1802,#1801);
#1804=CURVE_STYLE('',#25,POSITIVE_LENGTH_MEASURE(2.E-2),#11);
#1805=PRESENTATION_STYLE_ASSIGNMENT((#1804));
#1806=STYLED_ITEM('',(#1805),#1803);
#1807=DIRECTION('',(8.981380143666E-1,0.E0,4.397136649566E-1));
#1808=VECTOR('',#1807,7.580694411940E-2);
#1809=CARTESIAN_POINT('',(-3.108510780334E-1,2.94E0,1.443333301544E0));
#1810=LINE('',#1809,#1808);
#1811=CURVE_STYLE('',#25,POSITIVE_LENGTH_MEASURE(2.E-2),#11);
#1812=PRESENTATION_STYLE_ASSIGNMENT((#1811));
#1813=STYLED_ITEM('',(#1812),#1810);
#1814=DIRECTION('',(7.145107183351E-1,0.E0,6.996244945571E-1));
#1815=VECTOR('',#1814,9.528912095993E-2);
#1816=CARTESIAN_POINT('',(-3.789361763E-1,2.94E0,1.376666698456E0));
#1817=LINE('',#1816,#1815);
#1818=CURVE_STYLE('',#25,POSITIVE_LENGTH_MEASURE(2.E-2),#11);
#1819=PRESENTATION_STYLE_ASSIGNMENT((#1818));
#1820=STYLED_ITEM('',(#1819),#1817);
#1821=DIRECTION('',(4.547769415434E-1,0.E0,8.906053746977E-1));
#1822=VECTOR('',#1821,7.485548633528E-2);
#1823=CARTESIAN_POINT('',(-4.129787254333E-1,2.94E0,1.31E0));
#1824=LINE('',#1823,#1822);
#1825=CURVE_STYLE('',#25,POSITIVE_LENGTH_MEASURE(2.E-2),#11);
#1826=PRESENTATION_STYLE_ASSIGNMENT((#1825));
#1827=STYLED_ITEM('',(#1826),#1824);
#1828=DIRECTION('',(0.E0,0.E0,-1.E0));
#1829=VECTOR('',#1828,1.333333969116E-1);
#1830=CARTESIAN_POINT('',(-3.278723526001E-1,2.94E0,1.226666698456E0));
#1831=LINE('',#1830,#1829);
#1832=CURVE_STYLE('',#25,POSITIVE_LENGTH_MEASURE(2.E-2),#11);
#1833=PRESENTATION_STYLE_ASSIGNMENT((#1832));
#1834=STYLED_ITEM('',(#1833),#1831);
#1835=DIRECTION('',(-2.473834390653E-1,0.E0,-9.689176611437E-1));
#1836=VECTOR('',#1835,6.880523058036E-2);
#1837=CARTESIAN_POINT('',(-3.108510780334E-1,2.94E0,1.293333301544E0));
#1838=LINE('',#1837,#1836);
#1839=CURVE_STYLE('',#25,POSITIVE_LENGTH_MEASURE(2.E-2),#11);
#1840=PRESENTATION_STYLE_ASSIGNMENT((#1839));
#1841=STYLED_ITEM('',(#1840),#1838);
#1842=DIRECTION('',(-5.627909312417E-1,0.E0,-8.265992787996E-1));
#1843=VECTOR('',#1842,6.048880186855E-2);
#1844=CARTESIAN_POINT('',(-2.768085289001E-1,2.94E0,1.343333301544E0));
#1845=LINE('',#1844,#1843);
#1846=CURVE_STYLE('',#25,POSITIVE_LENGTH_MEASURE(2.E-2),#11);
#1847=PRESENTATION_STYLE_ASSIGNMENT((#1846));
#1848=STYLED_ITEM('',(#1847),#1845);
#1849=DIRECTION('',(-8.373788769559E-1,0.E0,-5.466229197794E-1));
#1850=VECTOR('',#1849,6.098060601827E-2);
#1851=CARTESIAN_POINT('',(-2.257446575165E-1,2.94E0,1.376666698456E0));
#1852=LINE('',#1851,#1850);
#1853=CURVE_STYLE('',#25,POSITIVE_LENGTH_MEASURE(2.E-2),#11);
#1854=PRESENTATION_STYLE_ASSIGNMENT((#1853));
#1855=STYLED_ITEM('',(#1854),#1852);
#1856=DIRECTION('',(-9.713213633444E-1,0.E0,-2.377704967206E-1));
#1857=VECTOR('',#1856,7.009533696672E-2);
#1858=CARTESIAN_POINT('',(-1.576595592499E-1,2.94E0,1.393333301544E0));
#1859=LINE('',#1858,#1857);
#1860=CURVE_STYLE('',#25,POSITIVE_LENGTH_MEASURE(2.E-2),#11);
#1861=PRESENTATION_STYLE_ASSIGNMENT((#1860));
#1862=STYLED_ITEM('',(#1861),#1859);
#1863=DIRECTION('',(-1.E0,0.E0,0.E0));
#1864=VECTOR('',#1863,2.553191423416E-1);
#1865=CARTESIAN_POINT('',(9.765958309174E-2,2.94E0,1.393333301544E0));
#1866=LINE('',#1865,#1864);
#1867=CURVE_STYLE('',#25,POSITIVE_LENGTH_MEASURE(2.E-2),#11);
#1868=PRESENTATION_STYLE_ASSIGNMENT((#1867));
#1869=STYLED_ITEM('',(#1868),#1866);
#1870=DIRECTION('',(-9.713213633444E-1,0.E0,2.377704967206E-1));
#1871=VECTOR('',#1870,7.009533696672E-2);
#1872=CARTESIAN_POINT('',(1.657446813583E-1,2.94E0,1.376666698456E0));
#1873=LINE('',#1872,#1871);
#1874=CURVE_STYLE('',#25,POSITIVE_LENGTH_MEASURE(2.E-2),#11);
#1875=PRESENTATION_STYLE_ASSIGNMENT((#1874));
#1876=STYLED_ITEM('',(#1875),#1873);
#1877=DIRECTION('',(-8.373786433120E-1,0.E0,5.466232777014E-1));
#1878=VECTOR('',#1877,6.098056608894E-2);
#1879=CARTESIAN_POINT('',(2.168085050583E-1,2.94E0,1.343333301544E0));
#1880=LINE('',#1879,#1878);
#1881=CURVE_STYLE('',#25,POSITIVE_LENGTH_MEASURE(2.E-2),#11);
#1882=PRESENTATION_STYLE_ASSIGNMENT((#1881));
#1883=STYLED_ITEM('',(#1882),#1880);
#1884=DIRECTION('',(-5.627910658976E-1,0.E0,8.265991871191E-1));
#1885=VECTOR('',#1884,6.048880857755E-2);
#1886=CARTESIAN_POINT('',(2.508510661125E-1,2.94E0,1.293333301544E0));
#1887=LINE('',#1886,#1885);
#1888=CURVE_STYLE('',#25,POSITIVE_LENGTH_MEASURE(2.E-2),#11);
#1889=PRESENTATION_STYLE_ASSIGNMENT((#1888));
#1890=STYLED_ITEM('',(#1889),#1887);
#1891=DIRECTION('',(-2.473834390653E-1,0.E0,9.689176611437E-1));
#1892=VECTOR('',#1891,6.880523058036E-2);
#1893=CARTESIAN_POINT('',(2.678723406792E-1,2.94E0,1.226666698456E0));
#1894=LINE('',#1893,#1892);
#1895=CURVE_STYLE('',#25,POSITIVE_LENGTH_MEASURE(2.E-2),#11);
#1896=PRESENTATION_STYLE_ASSIGNMENT((#1895));
#1897=STYLED_ITEM('',(#1896),#1894);
#1898=DIRECTION('',(0.E0,0.E0,1.E0));
#1899=VECTOR('',#1898,1.333333969116E-1);
#1900=CARTESIAN_POINT('',(2.678723406792E-1,2.94E0,1.093333301544E0));
#1901=LINE('',#1900,#1899);
#1902=CURVE_STYLE('',#25,POSITIVE_LENGTH_MEASURE(2.E-2),#11);
#1903=PRESENTATION_STYLE_ASSIGNMENT((#1902));
#1904=STYLED_ITEM('',(#1903),#1901);
#1905=DIRECTION('',(2.473834390653E-1,0.E0,9.689176611437E-1));
#1906=VECTOR('',#1905,6.880523058036E-2);
#1907=CARTESIAN_POINT('',(2.508510661125E-1,2.94E0,1.026666698456E0));
#1908=LINE('',#1907,#1906);
#1909=CURVE_STYLE('',#25,POSITIVE_LENGTH_MEASURE(2.E-2),#11);
#1910=PRESENTATION_STYLE_ASSIGNMENT((#1909));
#1911=STYLED_ITEM('',(#1910),#1908);
#1912=DIRECTION('',(5.627910658976E-1,0.E0,8.265991871191E-1));
#1913=VECTOR('',#1912,6.048880857755E-2);
#1914=CARTESIAN_POINT('',(2.168085050583E-1,2.94E0,9.766666984558E-1));
#1915=LINE('',#1914,#1913);
#1916=CURVE_STYLE('',#25,POSITIVE_LENGTH_MEASURE(2.E-2),#11);
#1917=PRESENTATION_STYLE_ASSIGNMENT((#1916));
#1918=STYLED_ITEM('',(#1917),#1915);
#1919=DIRECTION('',(8.373786433120E-1,0.E0,5.466232777014E-1));
#1920=VECTOR('',#1919,6.098056608894E-2);
#1921=CARTESIAN_POINT('',(1.657446813583E-1,2.94E0,9.433333015442E-1));
#1922=LINE('',#1921,#1920);
#1923=CURVE_STYLE('',#25,POSITIVE_LENGTH_MEASURE(2.E-2),#11);
#1924=PRESENTATION_STYLE_ASSIGNMENT((#1923));
#1925=STYLED_ITEM('',(#1924),#1922);
#1926=DIRECTION('',(9.713213633444E-1,0.E0,2.377704967207E-1));
#1927=VECTOR('',#1926,7.009533696672E-2);
#1928=CARTESIAN_POINT('',(9.765958309174E-2,2.94E0,9.266666984558E-1));
#1929=LINE('',#1928,#1927);
#1930=CURVE_STYLE('',#25,POSITIVE_LENGTH_MEASURE(2.E-2),#11);
#1931=PRESENTATION_STYLE_ASSIGNMENT((#1930));
#1932=STYLED_ITEM('',(#1931),#1929);
#1933=DIRECTION('',(1.E0,0.E0,0.E0));
#1934=VECTOR('',#1933,2.553191423416E-1);
#1935=CARTESIAN_POINT('',(-1.576595592499E-1,2.94E0,9.266666984558E-1));
#1936=LINE('',#1935,#1934);
#1937=CURVE_STYLE('',#25,POSITIVE_LENGTH_MEASURE(2.E-2),#11);
#1938=PRESENTATION_STYLE_ASSIGNMENT((#1937));
#1939=STYLED_ITEM('',(#1938),#1936);
#1940=DIRECTION('',(9.713213633444E-1,0.E0,-2.377704967207E-1));
#1941=VECTOR('',#1940,7.009533696672E-2);
#1942=CARTESIAN_POINT('',(-2.257446575165E-1,2.94E0,9.433333015442E-1));
#1943=LINE('',#1942,#1941);
#1944=CURVE_STYLE('',#25,POSITIVE_LENGTH_MEASURE(2.E-2),#11);
#1945=PRESENTATION_STYLE_ASSIGNMENT((#1944));
#1946=STYLED_ITEM('',(#1945),#1943);
#1947=DIRECTION('',(8.373788769559E-1,0.E0,-5.466229197794E-1));
#1948=VECTOR('',#1947,6.098060601827E-2);
#1949=CARTESIAN_POINT('',(-2.768085289001E-1,2.94E0,9.766666984558E-1));
#1950=LINE('',#1949,#1948);
#1951=CURVE_STYLE('',#25,POSITIVE_LENGTH_MEASURE(2.E-2),#11);
#1952=PRESENTATION_STYLE_ASSIGNMENT((#1951));
#1953=STYLED_ITEM('',(#1952),#1950);
#1954=DIRECTION('',(5.627909312417E-1,0.E0,-8.265992787996E-1));
#1955=VECTOR('',#1954,6.048880186855E-2);
#1956=CARTESIAN_POINT('',(-3.108510780334E-1,2.94E0,1.026666698456E0));
#1957=LINE('',#1956,#1955);
#1958=CURVE_STYLE('',#25,POSITIVE_LENGTH_MEASURE(2.E-2),#11);
#1959=PRESENTATION_STYLE_ASSIGNMENT((#1958));
#1960=STYLED_ITEM('',(#1959),#1957);
#1961=DIRECTION('',(2.473834390653E-1,0.E0,-9.689176611437E-1));
#1962=VECTOR('',#1961,6.880523058036E-2);
#1963=CARTESIAN_POINT('',(-3.278723526001E-1,2.94E0,1.093333301544E0));
#1964=LINE('',#1963,#1962);
#1965=CURVE_STYLE('',#25,POSITIVE_LENGTH_MEASURE(2.E-2),#11);
#1966=PRESENTATION_STYLE_ASSIGNMENT((#1965));
#1967=STYLED_ITEM('',(#1966),#1964);
#1968=DIRECTION('',(0.E0,0.E0,-1.E0));
#1969=VECTOR('',#1968,2.833333969116E-1);
#1970=CARTESIAN_POINT('',(1.255318641663E-2,2.94E0,5.933333969116E-1));
#1971=LINE('',#1970,#1969);
#1972=CURVE_STYLE('',#25,POSITIVE_LENGTH_MEASURE(2.E-2),#11);
#1973=PRESENTATION_STYLE_ASSIGNMENT((#1972));
#1974=STYLED_ITEM('',(#1973),#1971);
#1975=DIRECTION('',(-1.E0,0.E0,0.E0));
#1976=VECTOR('',#1975,3.574468135834E-1);
#1977=CARTESIAN_POINT('',(3.7E-1,2.94E0,5.933333969116E-1));
#1978=LINE('',#1977,#1976);
#1979=CURVE_STYLE('',#25,POSITIVE_LENGTH_MEASURE(2.E-2),#11);
#1980=PRESENTATION_STYLE_ASSIGNMENT((#1979));
#1981=STYLED_ITEM('',(#1980),#1978);
#1982=DIRECTION('',(0.E0,0.E0,-1.E0));
#1983=VECTOR('',#1982,9.999990463257E-2);
#1984=CARTESIAN_POINT('',(3.7E-1,2.94E0,6.933333015442E-1));
#1985=LINE('',#1984,#1983);
#1986=CURVE_STYLE('',#25,POSITIVE_LENGTH_MEASURE(2.E-2),#11);
#1987=PRESENTATION_STYLE_ASSIGNMENT((#1986));
#1988=STYLED_ITEM('',(#1987),#1985);
#1989=DIRECTION('',(1.E0,0.E0,0.E0));
#1990=VECTOR('',#1989,8.E-1);
#1991=CARTESIAN_POINT('',(-4.3E-1,2.94E0,6.933333015442E-1));
#1992=LINE('',#1991,#1990);
#1993=CURVE_STYLE('',#25,POSITIVE_LENGTH_MEASURE(2.E-2),#11);
#1994=PRESENTATION_STYLE_ASSIGNMENT((#1993));
#1995=STYLED_ITEM('',(#1994),#1992);
#1996=DIRECTION('',(0.E0,0.E0,1.E0));
#1997=VECTOR('',#1996,3.999999046326E-1);
#1998=CARTESIAN_POINT('',(-4.3E-1,2.94E0,2.933333969116E-1));
#1999=LINE('',#1998,#1997);
#2000=CURVE_STYLE('',#25,POSITIVE_LENGTH_MEASURE(2.E-2),#11);
#2001=PRESENTATION_STYLE_ASSIGNMENT((#2000));
#2002=STYLED_ITEM('',(#2001),#1999);
#2003=DIRECTION('',(-2.001232084928E-1,0.E0,9.797707392153E-1));
#2004=VECTOR('',#2003,8.505397597234E-2);
#2005=CARTESIAN_POINT('',(-4.129787254333E-1,2.94E0,2.1E-1));
#2006=LINE('',#2005,#2004);
#2007=CURVE_STYLE('',#25,POSITIVE_LENGTH_MEASURE(2.E-2),#11);
#2008=PRESENTATION_STYLE_ASSIGNMENT((#2007));
#2009=STYLED_ITEM('',(#2008),#2006);
#2010=DIRECTION('',(-6.080771975856E-1,0.E0,7.938779010506E-1));
#2011=VECTOR('',#2010,8.397588974344E-2);
#2012=CARTESIAN_POINT('',(-3.619149017334E-1,2.94E0,1.433333969116E-1));
#2013=LINE('',#2012,#2011);
#2014=CURVE_STYLE('',#25,POSITIVE_LENGTH_MEASURE(2.E-2),#11);
#2015=PRESENTATION_STYLE_ASSIGNMENT((#2014));
#2016=STYLED_ITEM('',(#2015),#2013);
#2017=DIRECTION('',(-8.060043958311E-1,0.E0,5.919095487496E-1));
#2018=VECTOR('',#2017,8.447236593095E-2);
#2019=CARTESIAN_POINT('',(-2.938298034668E-1,2.94E0,9.333339691162E-2));
#2020=LINE('',#2019,#2018);
#2021=CURVE_STYLE('',#25,POSITIVE_LENGTH_MEASURE(2.E-2),#11);
#2022=PRESENTATION_STYLE_ASSIGNMENT((#2021));
#2023=STYLED_ITEM('',(#2022),#2020);
#2024=DIRECTION('',(-9.506444938501E-1,0.E0,3.102822043116E-1));
#2025=VECTOR('',#2024,5.371495236157E-2);
#2026=CARTESIAN_POINT('',(-2.427659797668E-1,2.94E0,7.666660308838E-2));
#2027=LINE('',#2026,#2025);
#2028=CURVE_STYLE('',#25,POSITIVE_LENGTH_MEASURE(2.E-2),#11);
#2029=PRESENTATION_STYLE_ASSIGNMENT((#2028));
#2030=STYLED_ITEM('',(#2029),#2027);
#2031=DIRECTION('',(-1.E0,0.E0,0.E0));
#2032=VECTOR('',#2031,6.808514595032E-2);
#2033=CARTESIAN_POINT('',(-1.746808338165E-1,2.94E0,7.666660308838E-2));
#2034=LINE('',#2033,#2032);
#2035=CURVE_STYLE('',#25,POSITIVE_LENGTH_MEASURE(2.E-2),#11);
#2036=PRESENTATION_STYLE_ASSIGNMENT((#2035));
#2037=STYLED_ITEM('',(#2036),#2034);
#2038=DIRECTION('',(-9.506444938501E-1,0.E0,-3.102822043116E-1));
#2039=VECTOR('',#2038,5.371495236157E-2);
#2040=CARTESIAN_POINT('',(-1.236170101166E-1,2.94E0,9.333339691162E-2));
#2041=LINE('',#2040,#2039);
#2042=CURVE_STYLE('',#25,POSITIVE_LENGTH_MEASURE(2.E-2),#11);
#2043=PRESENTATION_STYLE_ASSIGNMENT((#2042));
#2044=STYLED_ITEM('',(#2043),#2041);
#2045=DIRECTION('',(-8.060043958311E-1,0.E0,-5.919095487496E-1));
#2046=VECTOR('',#2045,8.447236593095E-2);
#2047=CARTESIAN_POINT('',(-5.553191184998E-2,2.94E0,1.433333969116E-1));
#2048=LINE('',#2047,#2046);
#2049=CURVE_STYLE('',#25,POSITIVE_LENGTH_MEASURE(2.E-2),#11);
#2050=PRESENTATION_STYLE_ASSIGNMENT((#2049));
#2051=STYLED_ITEM('',(#2050),#2048);
#2052=DIRECTION('',(-4.547774575564E-1,0.E0,-8.906051112017E-1));
#2053=VECTOR('',#2052,7.485540140054E-2);
#2054=CARTESIAN_POINT('',(-2.148936271667E-2,2.94E0,2.1E-1));
#2055=LINE('',#2054,#2053);
#2056=CURVE_STYLE('',#25,POSITIVE_LENGTH_MEASURE(2.E-2),#11);
#2057=PRESENTATION_STYLE_ASSIGNMENT((#2056));
#2058=STYLED_ITEM('',(#2057),#2055);
#2059=DIRECTION('',(-9.338026452366E-1,0.E0,3.577885126009E-1));
#2060=VECTOR('',#2059,4.192420793769E-1);
#2061=CARTESIAN_POINT('',(3.7E-1,2.94E0,6.E-2));
#2062=LINE('',#2061,#2060);
#2063=CURVE_STYLE('',#25,POSITIVE_LENGTH_MEASURE(2.E-2),#11);
#2064=PRESENTATION_STYLE_ASSIGNMENT((#2063));
#2065=STYLED_ITEM('',(#2064),#2062);
#2066=DIRECTION('',(0.E0,0.E0,-1.E0));
#2067=VECTOR('',#2066,1.166666030884E-1);
#2068=CARTESIAN_POINT('',(3.7E-1,2.94E0,1.766666030884E-1));
#2069=LINE('',#2068,#2067);
#2070=CURVE_STYLE('',#25,POSITIVE_LENGTH_MEASURE(2.E-2),#11);
#2071=PRESENTATION_STYLE_ASSIGNMENT((#2070));
#2072=STYLED_ITEM('',(#2071),#2069);
#2073=DIRECTION('',(9.369388861606E-1,0.E0,-3.494932382752E-1));
#2074=VECTOR('',#2073,3.815049400373E-1);
#2075=CARTESIAN_POINT('',(1.255318641663E-2,2.94E0,3.1E-1));
#2076=LINE('',#2075,#2074);
#2077=CURVE_STYLE('',#25,POSITIVE_LENGTH_MEASURE(2.E-2),#11);
#2078=PRESENTATION_STYLE_ASSIGNMENT((#2077));
#2079=STYLED_ITEM('',(#2078),#2076);
#2080=DIRECTION('',(0.E0,0.E0,1.E0));
#2081=VECTOR('',#2080,3.166667938232E-1);
#2082=CARTESIAN_POINT('',(-8.957446098328E-2,2.94E0,2.766666030884E-1));
#2083=LINE('',#2082,#2081);
#2084=CURVE_STYLE('',#25,POSITIVE_LENGTH_MEASURE(2.E-2),#11);
#2085=PRESENTATION_STYLE_ASSIGNMENT((#2084));
#2086=STYLED_ITEM('',(#2085),#2083);
#2087=DIRECTION('',(3.222637633772E-1,0.E0,9.466499177700E-1));
#2088=VECTOR('',#2087,5.281783588783E-2);
#2089=CARTESIAN_POINT('',(-1.065957355499E-1,2.94E0,2.266666030884E-1));
#2090=LINE('',#2089,#2088);
#2091=CURVE_STYLE('',#25,POSITIVE_LENGTH_MEASURE(2.E-2),#11);
#2092=PRESENTATION_STYLE_ASSIGNMENT((#2091));
#2093=STYLED_ITEM('',(#2092),#2090);
#2094=DIRECTION('',(7.145117189358E-1,0.E0,6.996234726647E-1));
#2095=VECTOR('',#2094,4.764449375862E-2);
#2096=CARTESIAN_POINT('',(-1.406382846832E-1,2.94E0,1.933333969116E-1));
#2097=LINE('',#2096,#2095);
#2098=CURVE_STYLE('',#25,POSITIVE_LENGTH_MEASURE(2.E-2),#11);
#2099=PRESENTATION_STYLE_ASSIGNMENT((#2098));
#2100=STYLED_ITEM('',(#2099),#2097);
#2101=DIRECTION('',(9.506444938501E-1,0.E0,3.102822043116E-1));
#2102=VECTOR('',#2101,5.371495236157E-2);
#2103=CARTESIAN_POINT('',(-1.917021083832E-1,2.94E0,1.766666030884E-1));
#2104=LINE('',#2103,#2102);
#2105=CURVE_STYLE('',#25,POSITIVE_LENGTH_MEASURE(2.E-2),#11);
#2106=PRESENTATION_STYLE_ASSIGNMENT((#2105));
#2107=STYLED_ITEM('',(#2106),#2104);
#2108=DIRECTION('',(1.E0,0.E0,0.E0));
#2109=VECTOR('',#2108,5.106387138367E-2);
#2110=CARTESIAN_POINT('',(-2.427659797668E-1,2.94E0,1.766666030884E-1));
#2111=LINE('',#2110,#2109);
#2112=CURVE_STYLE('',#25,POSITIVE_LENGTH_MEASURE(2.E-2),#11);
#2113=PRESENTATION_STYLE_ASSIGNMENT((#2112));
#2114=STYLED_ITEM('',(#2113),#2111);
#2115=DIRECTION('',(9.506444938501E-1,0.E0,-3.102822043116E-1));
#2116=VECTOR('',#2115,5.371495236157E-2);
#2117=CARTESIAN_POINT('',(-2.938298034668E-1,2.94E0,1.933333969116E-1));
#2118=LINE('',#2117,#2116);
#2119=CURVE_STYLE('',#25,POSITIVE_LENGTH_MEASURE(2.E-2),#11);
#2120=PRESENTATION_STYLE_ASSIGNMENT((#2119));
#2121=STYLED_ITEM('',(#2120),#2118);
#2122=DIRECTION('',(7.145117189358E-1,0.E0,-6.996234726647E-1));
#2123=VECTOR('',#2122,4.764449375862E-2);
#2124=CARTESIAN_POINT('',(-3.278723526001E-1,2.94E0,2.266666030884E-1));
#2125=LINE('',#2124,#2123);
#2126=CURVE_STYLE('',#25,POSITIVE_LENGTH_MEASURE(2.E-2),#11);
#2127=PRESENTATION_STYLE_ASSIGNMENT((#2126));
#2128=STYLED_ITEM('',(#2127),#2125);
#2129=DIRECTION('',(3.222637633772E-1,0.E0,-9.466499177700E-1));
#2130=VECTOR('',#2129,5.281783588783E-2);
#2131=CARTESIAN_POINT('',(-3.448936271667E-1,2.94E0,2.766666030884E-1));
#2132=LINE('',#2131,#2130);
#2133=CURVE_STYLE('',#25,POSITIVE_LENGTH_MEASURE(2.E-2),#11);
#2134=PRESENTATION_STYLE_ASSIGNMENT((#2133));
#2135=STYLED_ITEM('',(#2134),#2132);
#2136=DIRECTION('',(0.E0,0.E0,-1.E0));
#2137=VECTOR('',#2136,3.166667938232E-1);
#2138=CARTESIAN_POINT('',(-3.448936271667E-1,2.94E0,5.933333969116E-1));
#2139=LINE('',#2138,#2137);
#2140=CURVE_STYLE('',#25,POSITIVE_LENGTH_MEASURE(2.E-2),#11);
#2141=PRESENTATION_STYLE_ASSIGNMENT((#2140));
#2142=STYLED_ITEM('',(#2141),#2139);
#2143=DIRECTION('',(-1.E0,0.E0,0.E0));
#2144=VECTOR('',#2143,2.553191661835E-1);
#2145=CARTESIAN_POINT('',(-8.957446098328E-2,2.94E0,5.933333969116E-1));
#2146=LINE('',#2145,#2144);
#2147=CURVE_STYLE('',#25,POSITIVE_LENGTH_MEASURE(2.E-2),#11);
#2148=PRESENTATION_STYLE_ASSIGNMENT((#2147));
#2149=STYLED_ITEM('',(#2148),#2146);
#2150=DIRECTION('',(0.E0,0.E0,1.E0));
#2151=VECTOR('',#2150,1.E-1);
#2152=CARTESIAN_POINT('',(1.657446813583E-1,2.94E0,-7.233333969116E-1));
#2153=LINE('',#2152,#2151);
#2154=CURVE_STYLE('',#25,POSITIVE_LENGTH_MEASURE(2.E-2),#11);
#2155=PRESENTATION_STYLE_ASSIGNMENT((#2154));
#2156=STYLED_ITEM('',(#2155),#2153);
#2157=DIRECTION('',(-9.813588630361E-1,0.E0,-1.921842395735E-1));
#2158=VECTOR('',#2157,8.672300007653E-2);
#2159=CARTESIAN_POINT('',(2.508510661125E-1,2.94E0,-7.066666030884E-1));
#2160=LINE('',#2159,#2158);
#2161=CURVE_STYLE('',#25,POSITIVE_LENGTH_MEASURE(2.E-2),#11);
#2162=PRESENTATION_STYLE_ASSIGNMENT((#2161));
#2163=STYLED_ITEM('',(#2162),#2160);
#2164=DIRECTION('',(-7.145107489524E-1,0.E0,-6.996244632883E-1));
#2165=VECTOR('',#2164,9.528912521875E-2);
#2166=CARTESIAN_POINT('',(3.189361703396E-1,2.94E0,-6.4E-1));
#2167=LINE('',#2166,#2165);
#2168=CURVE_STYLE('',#25,POSITIVE_LENGTH_MEASURE(2.E-2),#11);
#2169=PRESENTATION_STYLE_ASSIGNMENT((#2168));
#2170=STYLED_ITEM('',(#2169),#2167);
#2171=DIRECTION('',(-4.547775049247E-1,0.E0,-8.906050870136E-1));
#2172=VECTOR('',#2171,7.485540343356E-2);
#2173=CARTESIAN_POINT('',(3.529787239432E-1,2.94E0,-5.733333969116E-1));
#2174=LINE('',#2173,#2172);
#2175=CURVE_STYLE('',#25,POSITIVE_LENGTH_MEASURE(2.E-2),#11);
#2176=PRESENTATION_STYLE_ASSIGNMENT((#2175));
#2177=STYLED_ITEM('',(#2176),#2174);
#2178=DIRECTION('',(-2.001232253108E-1,0.E0,-9.797707357802E-1));
#2179=VECTOR('',#2178,8.505397627055E-2);
#2180=CARTESIAN_POINT('',(3.7E-1,2.94E0,-4.9E-1));
#2181=LINE('',#2180,#2179);
#2182=CURVE_STYLE('',#25,POSITIVE_LENGTH_MEASURE(2.E-2),#11);
#2183=PRESENTATION_STYLE_ASSIGNMENT((#2182));
#2184=STYLED_ITEM('',(#2183),#2181);
#2185=DIRECTION('',(0.E0,0.E0,-1.E0));
#2186=VECTOR('',#2185,1.5E-1);
#2187=CARTESIAN_POINT('',(3.7E-1,2.94E0,-3.4E-1));
#2188=LINE('',#2187,#2186);
#2189=CURVE_STYLE('',#25,POSITIVE_LENGTH_MEASURE(2.E-2),#11);
#2190=PRESENTATION_STYLE_ASSIGNMENT((#2189));
#2191=STYLED_ITEM('',(#2190),#2188);
#2192=DIRECTION('',(2.001232253108E-1,0.E0,-9.797707357802E-1));
#2193=VECTOR('',#2192,8.505397627054E-2);
#2194=CARTESIAN_POINT('',(3.529787239432E-1,2.94E0,-2.566666030884E-1));
#2195=LINE('',#2194,#2193);
#2196=CURVE_STYLE('',#25,POSITIVE_LENGTH_MEASURE(2.E-2),#11);
#2197=PRESENTATION_STYLE_ASSIGNMENT((#2196));
#2198=STYLED_ITEM('',(#2197),#2195);
#2199=DIRECTION('',(4.547775049247E-1,0.E0,-8.906050870136E-1));
#2200=VECTOR('',#2199,7.485540343356E-2);
#2201=CARTESIAN_POINT('',(3.189361703396E-1,2.94E0,-1.9E-1));
#2202=LINE('',#2201,#2200);
#2203=CURVE_STYLE('',#25,POSITIVE_LENGTH_MEASURE(2.E-2),#11);
#2204=PRESENTATION_STYLE_ASSIGNMENT((#2203));
#2205=STYLED_ITEM('',(#2204),#2202);
#2206=DIRECTION('',(7.145107489524E-1,0.E0,-6.996244632883E-1));
#2207=VECTOR('',#2206,9.528912521875E-2);
#2208=CARTESIAN_POINT('',(2.508510661125E-1,2.94E0,-1.233333969116E-1));
#2209=LINE('',#2208,#2207);
#2210=CURVE_STYLE('',#25,POSITIVE_LENGTH_MEASURE(2.E-2),#11);
#2211=PRESENTATION_STYLE_ASSIGNMENT((#2210));
#2212=STYLED_ITEM('',(#2211),#2209);
#2213=DIRECTION('',(8.981377963584E-1,0.E0,-4.397141102494E-1));
#2214=VECTOR('',#2213,7.580697579323E-2);
#2215=CARTESIAN_POINT('',(1.827659559250E-1,2.94E0,-9.E-2));
#2216=LINE('',#2215,#2214);
#2217=CURVE_STYLE('',#25,POSITIVE_LENGTH_MEASURE(2.E-2),#11);
#2218=PRESENTATION_STYLE_ASSIGNMENT((#2217));
#2219=STYLED_ITEM('',(#2218),#2216);
#2220=DIRECTION('',(9.813592727596E-1,0.E0,-1.921821473726E-1));
#2221=VECTOR('',#2220,8.672295172178E-2);
#2222=CARTESIAN_POINT('',(9.765958309174E-2,2.94E0,-7.333339691162E-2));
#2223=LINE('',#2222,#2221);
#2224=CURVE_STYLE('',#25,POSITIVE_LENGTH_MEASURE(2.E-2),#11);
#2225=PRESENTATION_STYLE_ASSIGNMENT((#2224));
#2226=STYLED_ITEM('',(#2225),#2223);
#2227=DIRECTION('',(1.E0,0.E0,0.E0));
#2228=VECTOR('',#2227,2.553191423416E-1);
#2229=CARTESIAN_POINT('',(-1.576595592499E-1,2.94E0,-7.333339691162E-2));
#2230=LINE('',#2229,#2228);
#2231=CURVE_STYLE('',#25,POSITIVE_LENGTH_MEASURE(2.E-2),#11);
#2232=PRESENTATION_STYLE_ASSIGNMENT((#2231));
#2233=STYLED_ITEM('',(#2232),#2230);
#2234=DIRECTION('',(9.813592930674E-1,0.E0,1.921820436730E-1));
#2235=VECTOR('',#2234,8.672299851664E-2);
#2236=CARTESIAN_POINT('',(-2.427659797668E-1,2.94E0,-9.E-2));
#2237=LINE('',#2236,#2235);
#2238=CURVE_STYLE('',#25,POSITIVE_LENGTH_MEASURE(2.E-2),#11);
#2239=PRESENTATION_STYLE_ASSIGNMENT((#2238));
#2240=STYLED_ITEM('',(#2239),#2237);
#2241=DIRECTION('',(8.981377659536E-1,0.E0,4.397141723527E-1));
#2242=VECTOR('',#2241,7.580696508660E-2);
#2243=CARTESIAN_POINT('',(-3.108510780334E-1,2.94E0,-1.233333969116E-1));
#2244=LINE('',#2243,#2242);
#2245=CURVE_STYLE('',#25,POSITIVE_LENGTH_MEASURE(2.E-2),#11);
#2246=PRESENTATION_STYLE_ASSIGNMENT((#2245));
#2247=STYLED_ITEM('',(#2246),#2244);
#2248=DIRECTION('',(7.145107183351E-1,0.E0,6.996244945571E-1));
#2249=VECTOR('',#2248,9.528912095993E-2);
#2250=CARTESIAN_POINT('',(-3.789361763E-1,2.94E0,-1.9E-1));
#2251=LINE('',#2250,#2249);
#2252=CURVE_STYLE('',#25,POSITIVE_LENGTH_MEASURE(2.E-2),#11);
#2253=PRESENTATION_STYLE_ASSIGNMENT((#2252));
#2254=STYLED_ITEM('',(#2253),#2251);
#2255=DIRECTION('',(4.547774575564E-1,0.E0,8.906051112017E-1));
#2256=VECTOR('',#2255,7.485540140054E-2);
#2257=CARTESIAN_POINT('',(-4.129787254333E-1,2.94E0,-2.566666030884E-1));
#2258=LINE('',#2257,#2256);
#2259=CURVE_STYLE('',#25,POSITIVE_LENGTH_MEASURE(2.E-2),#11);
#2260=PRESENTATION_STYLE_ASSIGNMENT((#2259));
#2261=STYLED_ITEM('',(#2260),#2258);
#2262=DIRECTION('',(2.001232084928E-1,0.E0,9.797707392153E-1));
#2263=VECTOR('',#2262,8.505397597234E-2);
#2264=CARTESIAN_POINT('',(-4.3E-1,2.94E0,-3.4E-1));
#2265=LINE('',#2264,#2263);
#2266=CURVE_STYLE('',#25,POSITIVE_LENGTH_MEASURE(2.E-2),#11);
#2267=PRESENTATION_STYLE_ASSIGNMENT((#2266));
#2268=STYLED_ITEM('',(#2267),#2265);
#2269=DIRECTION('',(0.E0,0.E0,1.E0));
#2270=VECTOR('',#2269,1.5E-1);
#2271=CARTESIAN_POINT('',(-4.3E-1,2.94E0,-4.9E-1));
#2272=LINE('',#2271,#2270);
#2273=CURVE_STYLE('',#25,POSITIVE_LENGTH_MEASURE(2.E-2),#11);
#2274=PRESENTATION_STYLE_ASSIGNMENT((#2273));
#2275=STYLED_ITEM('',(#2274),#2272);
#2276=DIRECTION('',(-2.001232084928E-1,0.E0,9.797707392153E-1));
#2277=VECTOR('',#2276,8.505397597234E-2);
#2278=CARTESIAN_POINT('',(-4.129787254333E-1,2.94E0,-5.733333969116E-1));
#2279=LINE('',#2278,#2277);
#2280=CURVE_STYLE('',#25,POSITIVE_LENGTH_MEASURE(2.E-2),#11);
#2281=PRESENTATION_STYLE_ASSIGNMENT((#2280));
#2282=STYLED_ITEM('',(#2281),#2279);
#2283=DIRECTION('',(-4.547774575564E-1,0.E0,8.906051112017E-1));
#2284=VECTOR('',#2283,7.485540140054E-2);
#2285=CARTESIAN_POINT('',(-3.789361763E-1,2.94E0,-6.4E-1));
#2286=LINE('',#2285,#2284);
#2287=CURVE_STYLE('',#25,POSITIVE_LENGTH_MEASURE(2.E-2),#11);
#2288=PRESENTATION_STYLE_ASSIGNMENT((#2287));
#2289=STYLED_ITEM('',(#2288),#2286);
#2290=DIRECTION('',(-7.145107183351E-1,0.E0,6.996244945571E-1));
#2291=VECTOR('',#2290,9.528912095993E-2);
#2292=CARTESIAN_POINT('',(-3.108510780334E-1,2.94E0,-7.066666030884E-1));
#2293=LINE('',#2292,#2291);
#2294=CURVE_STYLE('',#25,POSITIVE_LENGTH_MEASURE(2.E-2),#11);
#2295=PRESENTATION_STYLE_ASSIGNMENT((#2294));
#2296=STYLED_ITEM('',(#2295),#2293);
#2297=DIRECTION('',(-9.813588782673E-1,0.E0,1.921841617981E-1));
#2298=VECTOR('',#2297,8.672303517265E-2);
#2299=CARTESIAN_POINT('',(-2.257446575165E-1,2.94E0,-7.233333969116E-1));
#2300=LINE('',#2299,#2298);
#2301=CURVE_STYLE('',#25,POSITIVE_LENGTH_MEASURE(2.E-2),#11);
#2302=PRESENTATION_STYLE_ASSIGNMENT((#2301));
#2303=STYLED_ITEM('',(#2302),#2300);
#2304=DIRECTION('',(0.E0,0.E0,-1.E0));
#2305=VECTOR('',#2304,1.E-1);
#2306=CARTESIAN_POINT('',(-2.257446575165E-1,2.94E0,-6.233333969116E-1));
#2307=LINE('',#2306,#2305);
#2308=CURVE_STYLE('',#25,POSITIVE_LENGTH_MEASURE(2.E-2),#11);
#2309=PRESENTATION_STYLE_ASSIGNMENT((#2308));
#2310=STYLED_ITEM('',(#2309),#2307);
#2311=DIRECTION('',(9.506445793151E-1,0.E0,-3.102819424634E-1));
#2312=VECTOR('',#2311,5.371499769184E-2);
#2313=CARTESIAN_POINT('',(-2.768085289001E-1,2.94E0,-6.066666030884E-1));
#2314=LINE('',#2313,#2312);
#2315=CURVE_STYLE('',#25,POSITIVE_LENGTH_MEASURE(2.E-2),#11);
#2316=PRESENTATION_STYLE_ASSIGNMENT((#2315));
#2317=STYLED_ITEM('',(#2316),#2314);
#2318=DIRECTION('',(5.627909312417E-1,0.E0,-8.265992787996E-1));
#2319=VECTOR('',#2318,6.048880186855E-2);
#2320=CARTESIAN_POINT('',(-3.108510780334E-1,2.94E0,-5.566666030884E-1));
#2321=LINE('',#2320,#2319);
#2322=CURVE_STYLE('',#25,POSITIVE_LENGTH_MEASURE(2.E-2),#11);
#2323=PRESENTATION_STYLE_ASSIGNMENT((#2322));
#2324=STYLED_ITEM('',(#2323),#2321);
#2325=DIRECTION('',(2.473834390653E-1,0.E0,-9.689176611437E-1));
#2326=VECTOR('',#2325,6.880523058036E-2);
#2327=CARTESIAN_POINT('',(-3.278723526001E-1,2.94E0,-4.9E-1));
#2328=LINE('',#2327,#2326);
#2329=CURVE_STYLE('',#25,POSITIVE_LENGTH_MEASURE(2.E-2),#11);
#2330=PRESENTATION_STYLE_ASSIGNMENT((#2329));
#2331=STYLED_ITEM('',(#2330),#2328);
#2332=DIRECTION('',(0.E0,0.E0,-1.E0));
#2333=VECTOR('',#2332,1.5E-1);
#2334=CARTESIAN_POINT('',(-3.278723526001E-1,2.94E0,-3.4E-1));
#2335=LINE('',#2334,#2333);
#2336=CURVE_STYLE('',#25,POSITIVE_LENGTH_MEASURE(2.E-2),#11);
#2337=PRESENTATION_STYLE_ASSIGNMENT((#2336));
#2338=STYLED_ITEM('',(#2337),#2335);
#2339=DIRECTION('',(-2.473834390653E-1,0.E0,-9.689176611437E-1));
#2340=VECTOR('',#2339,6.880523058036E-2);
#2341=CARTESIAN_POINT('',(-3.108510780334E-1,2.94E0,-2.733333969116E-1));
#2342=LINE('',#2341,#2340);
#2343=CURVE_STYLE('',#25,POSITIVE_LENGTH_MEASURE(2.E-2),#11);
#2344=PRESENTATION_STYLE_ASSIGNMENT((#2343));
#2345=STYLED_ITEM('',(#2344),#2342);
#2346=DIRECTION('',(-5.627909312417E-1,0.E0,-8.265992787996E-1));
#2347=VECTOR('',#2346,6.048880186855E-2);
#2348=CARTESIAN_POINT('',(-2.768085289001E-1,2.94E0,-2.233333969116E-1));
#2349=LINE('',#2348,#2347);
#2350=CURVE_STYLE('',#25,POSITIVE_LENGTH_MEASURE(2.E-2),#11);
#2351=PRESENTATION_STYLE_ASSIGNMENT((#2350));
#2352=STYLED_ITEM('',(#2351),#2349);
#2353=DIRECTION('',(-8.373788769559E-1,0.E0,-5.466229197794E-1));
#2354=VECTOR('',#2353,6.098060601827E-2);
#2355=CARTESIAN_POINT('',(-2.257446575165E-1,2.94E0,-1.9E-1));
#2356=LINE('',#2355,#2354);
#2357=CURVE_STYLE('',#25,POSITIVE_LENGTH_MEASURE(2.E-2),#11);
#2358=PRESENTATION_STYLE_ASSIGNMENT((#2357));
#2359=STYLED_ITEM('',(#2358),#2356);
#2360=DIRECTION('',(-9.713213633444E-1,0.E0,-2.377704967207E-1));
#2361=VECTOR('',#2360,7.009533696672E-2);
#2362=CARTESIAN_POINT('',(-1.576595592499E-1,2.94E0,-1.733333969116E-1));
#2363=LINE('',#2362,#2361);
#2364=CURVE_STYLE('',#25,POSITIVE_LENGTH_MEASURE(2.E-2),#11);
#2365=PRESENTATION_STYLE_ASSIGNMENT((#2364));
#2366=STYLED_ITEM('',(#2365),#2363);
#2367=DIRECTION('',(-1.E0,0.E0,0.E0));
#2368=VECTOR('',#2367,2.553191423416E-1);
#2369=CARTESIAN_POINT('',(9.765958309174E-2,2.94E0,-1.733333969116E-1));
#2370=LINE('',#2369,#2368);
#2371=CURVE_STYLE('',#25,POSITIVE_LENGTH_MEASURE(2.E-2),#11);
#2372=PRESENTATION_STYLE_ASSIGNMENT((#2371));
#2373=STYLED_ITEM('',(#2372),#2370);
#2374=DIRECTION('',(-9.713213633444E-1,0.E0,2.377704967207E-1));
#2375=VECTOR('',#2374,7.009533696672E-2);
#2376=CARTESIAN_POINT('',(1.657446813583E-1,2.94E0,-1.9E-1));
#2377=LINE('',#2376,#2375);
#2378=CURVE_STYLE('',#25,POSITIVE_LENGTH_MEASURE(2.E-2),#11);
#2379=PRESENTATION_STYLE_ASSIGNMENT((#2378));
#2380=STYLED_ITEM('',(#2379),#2377);
#2381=DIRECTION('',(-8.373786433120E-1,0.E0,5.466232777014E-1));
#2382=VECTOR('',#2381,6.098056608894E-2);
#2383=CARTESIAN_POINT('',(2.168085050583E-1,2.94E0,-2.233333969116E-1));
#2384=LINE('',#2383,#2382);
#2385=CURVE_STYLE('',#25,POSITIVE_LENGTH_MEASURE(2.E-2),#11);
#2386=PRESENTATION_STYLE_ASSIGNMENT((#2385));
#2387=STYLED_ITEM('',(#2386),#2384);
#2388=DIRECTION('',(-5.627910658976E-1,0.E0,8.265991871191E-1));
#2389=VECTOR('',#2388,6.048880857755E-2);
#2390=CARTESIAN_POINT('',(2.508510661125E-1,2.94E0,-2.733333969116E-1));
#2391=LINE('',#2390,#2389);
#2392=CURVE_STYLE('',#25,POSITIVE_LENGTH_MEASURE(2.E-2),#11);
#2393=PRESENTATION_STYLE_ASSIGNMENT((#2392));
#2394=STYLED_ITEM('',(#2393),#2391);
#2395=DIRECTION('',(-2.473834390653E-1,0.E0,9.689176611437E-1));
#2396=VECTOR('',#2395,6.880523058036E-2);
#2397=CARTESIAN_POINT('',(2.678723406792E-1,2.94E0,-3.4E-1));
#2398=LINE('',#2397,#2396);
#2399=CURVE_STYLE('',#25,POSITIVE_LENGTH_MEASURE(2.E-2),#11);
#2400=PRESENTATION_STYLE_ASSIGNMENT((#2399));
#2401=STYLED_ITEM('',(#2400),#2398);
#2402=DIRECTION('',(0.E0,0.E0,1.E0));
#2403=VECTOR('',#2402,1.5E-1);
#2404=CARTESIAN_POINT('',(2.678723406792E-1,2.94E0,-4.9E-1));
#2405=LINE('',#2404,#2403);
#2406=CURVE_STYLE('',#25,POSITIVE_LENGTH_MEASURE(2.E-2),#11);
#2407=PRESENTATION_STYLE_ASSIGNMENT((#2406));
#2408=STYLED_ITEM('',(#2407),#2405);
#2409=DIRECTION('',(2.473834390653E-1,0.E0,9.689176611437E-1));
#2410=VECTOR('',#2409,6.880523058036E-2);
#2411=CARTESIAN_POINT('',(2.508510661125E-1,2.94E0,-5.566666030884E-1));
#2412=LINE('',#2411,#2410);
#2413=CURVE_STYLE('',#25,POSITIVE_LENGTH_MEASURE(2.E-2),#11);
#2414=PRESENTATION_STYLE_ASSIGNMENT((#2413));
#2415=STYLED_ITEM('',(#2414),#2412);
#2416=DIRECTION('',(5.627910658975E-1,0.E0,8.265991871191E-1));
#2417=VECTOR('',#2416,6.048880857755E-2);
#2418=CARTESIAN_POINT('',(2.168085050583E-1,2.94E0,-6.066666030884E-1));
#2419=LINE('',#2418,#2417);
#2420=CURVE_STYLE('',#25,POSITIVE_LENGTH_MEASURE(2.E-2),#11);
#2421=PRESENTATION_STYLE_ASSIGNMENT((#2420));
#2422=STYLED_ITEM('',(#2421),#2419);
#2423=DIRECTION('',(9.506444938501E-1,0.E0,3.102822043116E-1));
#2424=VECTOR('',#2423,5.371495236157E-2);
#2425=CARTESIAN_POINT('',(1.657446813583E-1,2.94E0,-6.233333969116E-1));
#2426=LINE('',#2425,#2424);
#2427=CURVE_STYLE('',#25,POSITIVE_LENGTH_MEASURE(2.E-2),#11);
#2428=PRESENTATION_STYLE_ASSIGNMENT((#2427));
#2429=STYLED_ITEM('',(#2428),#2426);
#2430=DIRECTION('',(-1.E0,0.E0,0.E0));
#2431=VECTOR('',#2430,3.744680881500E-1);
#2432=CARTESIAN_POINT('',(3.7E-1,2.94E0,-9.566667938232E-1));
#2433=LINE('',#2432,#2431);
#2434=CURVE_STYLE('',#25,POSITIVE_LENGTH_MEASURE(2.E-2),#11);
#2435=PRESENTATION_STYLE_ASSIGNMENT((#2434));
#2436=STYLED_ITEM('',(#2435),#2433);
#2437=DIRECTION('',(0.E0,0.E0,-1.E0));
#2438=VECTOR('',#2437,1.000001907349E-1);
#2439=CARTESIAN_POINT('',(3.7E-1,2.94E0,-8.566666030884E-1));
#2440=LINE('',#2439,#2438);
#2441=CURVE_STYLE('',#25,POSITIVE_LENGTH_MEASURE(2.E-2),#11);
#2442=PRESENTATION_STYLE_ASSIGNMENT((#2441));
#2443=STYLED_ITEM('',(#2442),#2440);
#2444=DIRECTION('',(1.E0,0.E0,0.E0));
#2445=VECTOR('',#2444,8.E-1);
#2446=CARTESIAN_POINT('',(-4.3E-1,2.94E0,-8.566666030884E-1));
#2447=LINE('',#2446,#2445);
#2448=CURVE_STYLE('',#25,POSITIVE_LENGTH_MEASURE(2.E-2),#11);
#2449=PRESENTATION_STYLE_ASSIGNMENT((#2448));
#2450=STYLED_ITEM('',(#2449),#2447);
#2451=DIRECTION('',(0.E0,0.E0,1.E0));
#2452=VECTOR('',#2451,1.000001907349E-1);
#2453=CARTESIAN_POINT('',(-4.3E-1,2.94E0,-9.566667938232E-1));
#2454=LINE('',#2453,#2452);
#2455=CURVE_STYLE('',#25,POSITIVE_LENGTH_MEASURE(2.E-2),#11);
#2456=PRESENTATION_STYLE_ASSIGNMENT((#2455));
#2457=STYLED_ITEM('',(#2456),#2454);
#2458=DIRECTION('',(-1.E0,0.E0,0.E0));
#2459=VECTOR('',#2458,3.234042644501E-1);
#2460=CARTESIAN_POINT('',(-1.065957355499E-1,2.94E0,-9.566667938232E-1));
#2461=LINE('',#2460,#2459);
#2462=CURVE_STYLE('',#25,POSITIVE_LENGTH_MEASURE(2.E-2),#11);
#2463=PRESENTATION_STYLE_ASSIGNMENT((#2462));
#2464=STYLED_ITEM('',(#2463),#2461);
#2465=DIRECTION('',(0.E0,0.E0,1.E0));
#2466=VECTOR('',#2465,4.666664123535E-1);
#2467=CARTESIAN_POINT('',(-1.065957355499E-1,2.94E0,-1.423333206177E0));
#2468=LINE('',#2467,#2466);
#2469=CURVE_STYLE('',#25,POSITIVE_LENGTH_MEASURE(2.E-2),#11);
#2470=PRESENTATION_STYLE_ASSIGNMENT((#2469));
#2471=STYLED_ITEM('',(#2470),#2468);
#2472=DIRECTION('',(1.E0,0.E0,0.E0));
#2473=VECTOR('',#2472,3.234042644501E-1);
#2474=CARTESIAN_POINT('',(-4.3E-1,2.94E0,-1.423333206177E0));
#2475=LINE('',#2474,#2473);
#2476=CURVE_STYLE('',#25,POSITIVE_LENGTH_MEASURE(2.E-2),#11);
#2477=PRESENTATION_STYLE_ASSIGNMENT((#2476));
#2478=STYLED_ITEM('',(#2477),#2475);
#2479=DIRECTION('',(0.E0,0.E0,1.E0));
#2480=VECTOR('',#2479,1.E-1);
#2481=CARTESIAN_POINT('',(-4.3E-1,2.94E0,-1.523333206177E0));
#2482=LINE('',#2481,#2480);
#2483=CURVE_STYLE('',#25,POSITIVE_LENGTH_MEASURE(2.E-2),#11);
#2484=PRESENTATION_STYLE_ASSIGNMENT((#2483));
#2485=STYLED_ITEM('',(#2484),#2482);
#2486=DIRECTION('',(-1.E0,0.E0,0.E0));
#2487=VECTOR('',#2486,8.E-1);
#2488=CARTESIAN_POINT('',(3.7E-1,2.94E0,-1.523333206177E0));
#2489=LINE('',#2488,#2487);
#2490=CURVE_STYLE('',#25,POSITIVE_LENGTH_MEASURE(2.E-2),#11);
#2491=PRESENTATION_STYLE_ASSIGNMENT((#2490));
#2492=STYLED_ITEM('',(#2491),#2489);
#2493=DIRECTION('',(0.E0,0.E0,-1.E0));
#2494=VECTOR('',#2493,1.E-1);
#2495=CARTESIAN_POINT('',(3.7E-1,2.94E0,-1.423333206177E0));
#2496=LINE('',#2495,#2494);
#2497=CURVE_STYLE('',#25,POSITIVE_LENGTH_MEASURE(2.E-2),#11);
#2498=PRESENTATION_STYLE_ASSIGNMENT((#2497));
#2499=STYLED_ITEM('',(#2498),#2496);
#2500=DIRECTION('',(1.E0,0.E0,0.E0));
#2501=VECTOR('',#2500,3.744680881500E-1);
#2502=CARTESIAN_POINT('',(-4.468088150024E-3,2.94E0,-1.423333206177E0));
#2503=LINE('',#2502,#2501);
#2504=CURVE_STYLE('',#25,POSITIVE_LENGTH_MEASURE(2.E-2),#11);
#2505=PRESENTATION_STYLE_ASSIGNMENT((#2504));
#2506=STYLED_ITEM('',(#2505),#2503);
#2507=DIRECTION('',(0.E0,0.E0,-1.E0));
#2508=VECTOR('',#2507,4.666664123535E-1);
#2509=CARTESIAN_POINT('',(-4.468088150024E-3,2.94E0,-9.566667938232E-1));
#2510=LINE('',#2509,#2508);
#2511=CURVE_STYLE('',#25,POSITIVE_LENGTH_MEASURE(2.E-2),#11);
#2512=PRESENTATION_STYLE_ASSIGNMENT((#2511));
#2513=STYLED_ITEM('',(#2512),#2510);
#2514=DIRECTION('',(0.E0,-1.E0,0.E0));
#2515=VECTOR('',#2514,1.E-2);
#2516=CARTESIAN_POINT('',(-4.3E-1,2.95E0,1.226666698456E0));
#2517=LINE('',#2516,#2515);
#2518=CURVE_STYLE('',#25,POSITIVE_LENGTH_MEASURE(2.E-2),#11);
#2519=PRESENTATION_STYLE_ASSIGNMENT((#2518));
#2520=STYLED_ITEM('',(#2519),#2517);
#2521=DIRECTION('',(0.E0,-1.E0,0.E0));
#2522=VECTOR('',#2521,1.E-2);
#2523=CARTESIAN_POINT('',(-4.3E-1,2.95E0,1.093333301544E0));
#2524=LINE('',#2523,#2522);
#2525=CURVE_STYLE('',#25,POSITIVE_LENGTH_MEASURE(2.E-2),#11);
#2526=PRESENTATION_STYLE_ASSIGNMENT((#2525));
#2527=STYLED_ITEM('',(#2526),#2524);
#2528=DIRECTION('',(0.E0,-1.E0,0.E0));
#2529=VECTOR('',#2528,1.E-2);
#2530=CARTESIAN_POINT('',(-4.129787254333E-1,2.95E0,1.01E0));
#2531=LINE('',#2530,#2529);
#2532=CURVE_STYLE('',#25,POSITIVE_LENGTH_MEASURE(2.E-2),#11);
#2533=PRESENTATION_STYLE_ASSIGNMENT((#2532));
#2534=STYLED_ITEM('',(#2533),#2531);
#2535=DIRECTION('',(0.E0,-1.E0,0.E0));
#2536=VECTOR('',#2535,1.E-2);
#2537=CARTESIAN_POINT('',(-3.789361763E-1,2.95E0,9.433333015442E-1));
#2538=LINE('',#2537,#2536);
#2539=CURVE_STYLE('',#25,POSITIVE_LENGTH_MEASURE(2.E-2),#11);
#2540=PRESENTATION_STYLE_ASSIGNMENT((#2539));
#2541=STYLED_ITEM('',(#2540),#2538);
#2542=DIRECTION('',(0.E0,-1.E0,3.330669073876E-14));
#2543=VECTOR('',#2542,1.E-2);
#2544=CARTESIAN_POINT('',(-3.108510780334E-1,2.95E0,8.766666984558E-1));
#2545=LINE('',#2544,#2543);
#2546=CURVE_STYLE('',#25,POSITIVE_LENGTH_MEASURE(2.E-2),#11);
#2547=PRESENTATION_STYLE_ASSIGNMENT((#2546));
#2548=STYLED_ITEM('',(#2547),#2545);
#2549=DIRECTION('',(0.E0,-1.E0,0.E0));
#2550=VECTOR('',#2549,1.E-2);
#2551=CARTESIAN_POINT('',(-2.427659797668E-1,2.95E0,8.433333015442E-1));
#2552=LINE('',#2551,#2550);
#2553=CURVE_STYLE('',#25,POSITIVE_LENGTH_MEASURE(2.E-2),#11);
#2554=PRESENTATION_STYLE_ASSIGNMENT((#2553));
#2555=STYLED_ITEM('',(#2554),#2552);
#2556=DIRECTION('',(0.E0,-1.E0,0.E0));
#2557=VECTOR('',#2556,1.E-2);
#2558=CARTESIAN_POINT('',(-1.576595592499E-1,2.95E0,8.266666984558E-1));
#2559=LINE('',#2558,#2557);
#2560=CURVE_STYLE('',#25,POSITIVE_LENGTH_MEASURE(2.E-2),#11);
#2561=PRESENTATION_STYLE_ASSIGNMENT((#2560));
#2562=STYLED_ITEM('',(#2561),#2559);
#2563=DIRECTION('',(0.E0,-1.E0,0.E0));
#2564=VECTOR('',#2563,1.E-2);
#2565=CARTESIAN_POINT('',(9.765958309174E-2,2.95E0,8.266666984558E-1));
#2566=LINE('',#2565,#2564);
#2567=CURVE_STYLE('',#25,POSITIVE_LENGTH_MEASURE(2.E-2),#11);
#2568=PRESENTATION_STYLE_ASSIGNMENT((#2567));
#2569=STYLED_ITEM('',(#2568),#2566);
#2570=DIRECTION('',(0.E0,-1.E0,0.E0));
#2571=VECTOR('',#2570,1.E-2);
#2572=CARTESIAN_POINT('',(1.827659559250E-1,2.95E0,8.433333015442E-1));
#2573=LINE('',#2572,#2571);
#2574=CURVE_STYLE('',#25,POSITIVE_LENGTH_MEASURE(2.E-2),#11);
#2575=PRESENTATION_STYLE_ASSIGNMENT((#2574));
#2576=STYLED_ITEM('',(#2575),#2573);
#2577=DIRECTION('',(0.E0,-1.E0,0.E0));
#2578=VECTOR('',#2577,1.E-2);
#2579=CARTESIAN_POINT('',(2.508510661125E-1,2.95E0,8.766666984558E-1));
#2580=LINE('',#2579,#2578);
#2581=CURVE_STYLE('',#25,POSITIVE_LENGTH_MEASURE(2.E-2),#11);
#2582=PRESENTATION_STYLE_ASSIGNMENT((#2581));
#2583=STYLED_ITEM('',(#2582),#2580);
#2584=DIRECTION('',(0.E0,-1.E0,0.E0));
#2585=VECTOR('',#2584,1.E-2);
#2586=CARTESIAN_POINT('',(3.189361703396E-1,2.95E0,9.433333015442E-1));
#2587=LINE('',#2586,#2585);
#2588=CURVE_STYLE('',#25,POSITIVE_LENGTH_MEASURE(2.E-2),#11);
#2589=PRESENTATION_STYLE_ASSIGNMENT((#2588));
#2590=STYLED_ITEM('',(#2589),#2587);
#2591=DIRECTION('',(0.E0,-1.E0,0.E0));
#2592=VECTOR('',#2591,1.E-2);
#2593=CARTESIAN_POINT('',(3.529787239432E-1,2.95E0,1.01E0));
#2594=LINE('',#2593,#2592);
#2595=CURVE_STYLE('',#25,POSITIVE_LENGTH_MEASURE(2.E-2),#11);
#2596=PRESENTATION_STYLE_ASSIGNMENT((#2595));
#2597=STYLED_ITEM('',(#2596),#2594);
#2598=DIRECTION('',(0.E0,-1.E0,0.E0));
#2599=VECTOR('',#2598,1.E-2);
#2600=CARTESIAN_POINT('',(3.7E-1,2.95E0,1.093333301544E0));
#2601=LINE('',#2600,#2599);
#2602=CURVE_STYLE('',#25,POSITIVE_LENGTH_MEASURE(2.E-2),#11);
#2603=PRESENTATION_STYLE_ASSIGNMENT((#2602));
#2604=STYLED_ITEM('',(#2603),#2601);
#2605=DIRECTION('',(0.E0,-1.E0,0.E0));
#2606=VECTOR('',#2605,1.E-2);
#2607=CARTESIAN_POINT('',(3.7E-1,2.95E0,1.226666698456E0));
#2608=LINE('',#2607,#2606);
#2609=CURVE_STYLE('',#25,POSITIVE_LENGTH_MEASURE(2.E-2),#11);
#2610=PRESENTATION_STYLE_ASSIGNMENT((#2609));
#2611=STYLED_ITEM('',(#2610),#2608);
#2612=DIRECTION('',(0.E0,-1.E0,0.E0));
#2613=VECTOR('',#2612,1.E-2);
#2614=CARTESIAN_POINT('',(3.529787239432E-1,2.95E0,1.31E0));
#2615=LINE('',#2614,#2613);
#2616=CURVE_STYLE('',#25,POSITIVE_LENGTH_MEASURE(2.E-2),#11);
#2617=PRESENTATION_STYLE_ASSIGNMENT((#2616));
#2618=STYLED_ITEM('',(#2617),#2615);
#2619=DIRECTION('',(0.E0,-1.E0,0.E0));
#2620=VECTOR('',#2619,1.E-2);
#2621=CARTESIAN_POINT('',(3.189361703396E-1,2.95E0,1.376666698456E0));
#2622=LINE('',#2621,#2620);
#2623=CURVE_STYLE('',#25,POSITIVE_LENGTH_MEASURE(2.E-2),#11);
#2624=PRESENTATION_STYLE_ASSIGNMENT((#2623));
#2625=STYLED_ITEM('',(#2624),#2622);
#2626=DIRECTION('',(0.E0,-1.E0,0.E0));
#2627=VECTOR('',#2626,1.E-2);
#2628=CARTESIAN_POINT('',(2.508510661125E-1,2.95E0,1.443333301544E0));
#2629=LINE('',#2628,#2627);
#2630=CURVE_STYLE('',#25,POSITIVE_LENGTH_MEASURE(2.E-2),#11);
#2631=PRESENTATION_STYLE_ASSIGNMENT((#2630));
#2632=STYLED_ITEM('',(#2631),#2629);
#2633=DIRECTION('',(0.E0,-1.E0,0.E0));
#2634=VECTOR('',#2633,1.E-2);
#2635=CARTESIAN_POINT('',(1.827659559250E-1,2.95E0,1.476666650772E0));
#2636=LINE('',#2635,#2634);
#2637=CURVE_STYLE('',#25,POSITIVE_LENGTH_MEASURE(2.E-2),#11);
#2638=PRESENTATION_STYLE_ASSIGNMENT((#2637));
#2639=STYLED_ITEM('',(#2638),#2636);
#2640=DIRECTION('',(0.E0,-1.E0,0.E0));
#2641=VECTOR('',#2640,1.E-2);
#2642=CARTESIAN_POINT('',(9.765958309174E-2,2.95E0,1.493333349228E0));
#2643=LINE('',#2642,#2641);
#2644=CURVE_STYLE('',#25,POSITIVE_LENGTH_MEASURE(2.E-2),#11);
#2645=PRESENTATION_STYLE_ASSIGNMENT((#2644));
#2646=STYLED_ITEM('',(#2645),#2643);
#2647=DIRECTION('',(0.E0,-1.E0,0.E0));
#2648=VECTOR('',#2647,1.E-2);
#2649=CARTESIAN_POINT('',(-1.576595592499E-1,2.95E0,1.493333349228E0));
#2650=LINE('',#2649,#2648);
#2651=CURVE_STYLE('',#25,POSITIVE_LENGTH_MEASURE(2.E-2),#11);
#2652=PRESENTATION_STYLE_ASSIGNMENT((#2651));
#2653=STYLED_ITEM('',(#2652),#2650);
#2654=DIRECTION('',(0.E0,-1.E0,0.E0));
#2655=VECTOR('',#2654,1.E-2);
#2656=CARTESIAN_POINT('',(-2.427659797668E-1,2.95E0,1.476666650772E0));
#2657=LINE('',#2656,#2655);
#2658=CURVE_STYLE('',#25,POSITIVE_LENGTH_MEASURE(2.E-2),#11);
#2659=PRESENTATION_STYLE_ASSIGNMENT((#2658));
#2660=STYLED_ITEM('',(#2659),#2657);
#2661=DIRECTION('',(0.E0,-1.E0,0.E0));
#2662=VECTOR('',#2661,1.E-2);
#2663=CARTESIAN_POINT('',(-3.108510780334E-1,2.95E0,1.443333301544E0));
#2664=LINE('',#2663,#2662);
#2665=CURVE_STYLE('',#25,POSITIVE_LENGTH_MEASURE(2.E-2),#11);
#2666=PRESENTATION_STYLE_ASSIGNMENT((#2665));
#2667=STYLED_ITEM('',(#2666),#2664);
#2668=DIRECTION('',(0.E0,-1.E0,0.E0));
#2669=VECTOR('',#2668,1.E-2);
#2670=CARTESIAN_POINT('',(-3.789361763E-1,2.95E0,1.376666698456E0));
#2671=LINE('',#2670,#2669);
#2672=CURVE_STYLE('',#25,POSITIVE_LENGTH_MEASURE(2.E-2),#11);
#2673=PRESENTATION_STYLE_ASSIGNMENT((#2672));
#2674=STYLED_ITEM('',(#2673),#2671);
#2675=DIRECTION('',(0.E0,-1.E0,0.E0));
#2676=VECTOR('',#2675,1.E-2);
#2677=CARTESIAN_POINT('',(-4.129787254333E-1,2.95E0,1.31E0));
#2678=LINE('',#2677,#2676);
#2679=CURVE_STYLE('',#25,POSITIVE_LENGTH_MEASURE(2.E-2),#11);
#2680=PRESENTATION_STYLE_ASSIGNMENT((#2679));
#2681=STYLED_ITEM('',(#2680),#2678);
#2682=DIRECTION('',(0.E0,-1.E0,0.E0));
#2683=VECTOR('',#2682,1.E-2);
#2684=CARTESIAN_POINT('',(-3.278723526001E-1,2.95E0,1.226666698456E0));
#2685=LINE('',#2684,#2683);
#2686=CURVE_STYLE('',#25,POSITIVE_LENGTH_MEASURE(2.E-2),#11);
#2687=PRESENTATION_STYLE_ASSIGNMENT((#2686));
#2688=STYLED_ITEM('',(#2687),#2685);
#2689=DIRECTION('',(0.E0,-1.E0,0.E0));
#2690=VECTOR('',#2689,1.E-2);
#2691=CARTESIAN_POINT('',(-3.108510780334E-1,2.95E0,1.293333301544E0));
#2692=LINE('',#2691,#2690);
#2693=CURVE_STYLE('',#25,POSITIVE_LENGTH_MEASURE(2.E-2),#11);
#2694=PRESENTATION_STYLE_ASSIGNMENT((#2693));
#2695=STYLED_ITEM('',(#2694),#2692);
#2696=DIRECTION('',(0.E0,-1.E0,0.E0));
#2697=VECTOR('',#2696,1.E-2);
#2698=CARTESIAN_POINT('',(-2.768085289001E-1,2.95E0,1.343333301544E0));
#2699=LINE('',#2698,#2697);
#2700=CURVE_STYLE('',#25,POSITIVE_LENGTH_MEASURE(2.E-2),#11);
#2701=PRESENTATION_STYLE_ASSIGNMENT((#2700));
#2702=STYLED_ITEM('',(#2701),#2699);
#2703=DIRECTION('',(0.E0,-1.E0,0.E0));
#2704=VECTOR('',#2703,1.E-2);
#2705=CARTESIAN_POINT('',(-2.257446575165E-1,2.95E0,1.376666698456E0));
#2706=LINE('',#2705,#2704);
#2707=CURVE_STYLE('',#25,POSITIVE_LENGTH_MEASURE(2.E-2),#11);
#2708=PRESENTATION_STYLE_ASSIGNMENT((#2707));
#2709=STYLED_ITEM('',(#2708),#2706);
#2710=DIRECTION('',(0.E0,-1.E0,0.E0));
#2711=VECTOR('',#2710,1.E-2);
#2712=CARTESIAN_POINT('',(-1.576595592499E-1,2.95E0,1.393333301544E0));
#2713=LINE('',#2712,#2711);
#2714=CURVE_STYLE('',#25,POSITIVE_LENGTH_MEASURE(2.E-2),#11);
#2715=PRESENTATION_STYLE_ASSIGNMENT((#2714));
#2716=STYLED_ITEM('',(#2715),#2713);
#2717=DIRECTION('',(0.E0,-1.E0,0.E0));
#2718=VECTOR('',#2717,1.E-2);
#2719=CARTESIAN_POINT('',(9.765958309174E-2,2.95E0,1.393333301544E0));
#2720=LINE('',#2719,#2718);
#2721=CURVE_STYLE('',#25,POSITIVE_LENGTH_MEASURE(2.E-2),#11);
#2722=PRESENTATION_STYLE_ASSIGNMENT((#2721));
#2723=STYLED_ITEM('',(#2722),#2720);
#2724=DIRECTION('',(0.E0,-1.E0,0.E0));
#2725=VECTOR('',#2724,1.E-2);
#2726=CARTESIAN_POINT('',(1.657446813583E-1,2.95E0,1.376666698456E0));
#2727=LINE('',#2726,#2725);
#2728=CURVE_STYLE('',#25,POSITIVE_LENGTH_MEASURE(2.E-2),#11);
#2729=PRESENTATION_STYLE_ASSIGNMENT((#2728));
#2730=STYLED_ITEM('',(#2729),#2727);
#2731=DIRECTION('',(0.E0,-1.E0,0.E0));
#2732=VECTOR('',#2731,1.E-2);
#2733=CARTESIAN_POINT('',(2.168085050583E-1,2.95E0,1.343333301544E0));
#2734=LINE('',#2733,#2732);
#2735=CURVE_STYLE('',#25,POSITIVE_LENGTH_MEASURE(2.E-2),#11);
#2736=PRESENTATION_STYLE_ASSIGNMENT((#2735));
#2737=STYLED_ITEM('',(#2736),#2734);
#2738=DIRECTION('',(0.E0,-1.E0,0.E0));
#2739=VECTOR('',#2738,1.E-2);
#2740=CARTESIAN_POINT('',(2.508510661125E-1,2.95E0,1.293333301544E0));
#2741=LINE('',#2740,#2739);
#2742=CURVE_STYLE('',#25,POSITIVE_LENGTH_MEASURE(2.E-2),#11);
#2743=PRESENTATION_STYLE_ASSIGNMENT((#2742));
#2744=STYLED_ITEM('',(#2743),#2741);
#2745=DIRECTION('',(0.E0,-1.E0,0.E0));
#2746=VECTOR('',#2745,1.E-2);
#2747=CARTESIAN_POINT('',(2.678723406792E-1,2.95E0,1.226666698456E0));
#2748=LINE('',#2747,#2746);
#2749=CURVE_STYLE('',#25,POSITIVE_LENGTH_MEASURE(2.E-2),#11);
#2750=PRESENTATION_STYLE_ASSIGNMENT((#2749));
#2751=STYLED_ITEM('',(#2750),#2748);
#2752=DIRECTION('',(0.E0,-1.E0,0.E0));
#2753=VECTOR('',#2752,1.E-2);
#2754=CARTESIAN_POINT('',(2.678723406792E-1,2.95E0,1.093333301544E0));
#2755=LINE('',#2754,#2753);
#2756=CURVE_STYLE('',#25,POSITIVE_LENGTH_MEASURE(2.E-2),#11);
#2757=PRESENTATION_STYLE_ASSIGNMENT((#2756));
#2758=STYLED_ITEM('',(#2757),#2755);
#2759=DIRECTION('',(0.E0,-1.E0,0.E0));
#2760=VECTOR('',#2759,1.E-2);
#2761=CARTESIAN_POINT('',(2.508510661125E-1,2.95E0,1.026666698456E0));
#2762=LINE('',#2761,#2760);
#2763=CURVE_STYLE('',#25,POSITIVE_LENGTH_MEASURE(2.E-2),#11);
#2764=PRESENTATION_STYLE_ASSIGNMENT((#2763));
#2765=STYLED_ITEM('',(#2764),#2762);
#2766=DIRECTION('',(0.E0,-1.E0,0.E0));
#2767=VECTOR('',#2766,1.E-2);
#2768=CARTESIAN_POINT('',(2.168085050583E-1,2.95E0,9.766666984558E-1));
#2769=LINE('',#2768,#2767);
#2770=CURVE_STYLE('',#25,POSITIVE_LENGTH_MEASURE(2.E-2),#11);
#2771=PRESENTATION_STYLE_ASSIGNMENT((#2770));
#2772=STYLED_ITEM('',(#2771),#2769);
#2773=DIRECTION('',(0.E0,-1.E0,0.E0));
#2774=VECTOR('',#2773,1.E-2);
#2775=CARTESIAN_POINT('',(1.657446813583E-1,2.95E0,9.433333015442E-1));
#2776=LINE('',#2775,#2774);
#2777=CURVE_STYLE('',#25,POSITIVE_LENGTH_MEASURE(2.E-2),#11);
#2778=PRESENTATION_STYLE_ASSIGNMENT((#2777));
#2779=STYLED_ITEM('',(#2778),#2776);
#2780=DIRECTION('',(0.E0,-1.E0,0.E0));
#2781=VECTOR('',#2780,1.E-2);
#2782=CARTESIAN_POINT('',(9.765958309174E-2,2.95E0,9.266666984558E-1));
#2783=LINE('',#2782,#2781);
#2784=CURVE_STYLE('',#25,POSITIVE_LENGTH_MEASURE(2.E-2),#11);
#2785=PRESENTATION_STYLE_ASSIGNMENT((#2784));
#2786=STYLED_ITEM('',(#2785),#2783);
#2787=DIRECTION('',(0.E0,-1.E0,0.E0));
#2788=VECTOR('',#2787,1.E-2);
#2789=CARTESIAN_POINT('',(-1.576595592499E-1,2.95E0,9.266666984558E-1));
#2790=LINE('',#2789,#2788);
#2791=CURVE_STYLE('',#25,POSITIVE_LENGTH_MEASURE(2.E-2),#11);
#2792=PRESENTATION_STYLE_ASSIGNMENT((#2791));
#2793=STYLED_ITEM('',(#2792),#2790);
#2794=DIRECTION('',(0.E0,-1.E0,0.E0));
#2795=VECTOR('',#2794,1.E-2);
#2796=CARTESIAN_POINT('',(-2.257446575165E-1,2.95E0,9.433333015442E-1));
#2797=LINE('',#2796,#2795);
#2798=CURVE_STYLE('',#25,POSITIVE_LENGTH_MEASURE(2.E-2),#11);
#2799=PRESENTATION_STYLE_ASSIGNMENT((#2798));
#2800=STYLED_ITEM('',(#2799),#2797);
#2801=DIRECTION('',(0.E0,-1.E0,0.E0));
#2802=VECTOR('',#2801,1.E-2);
#2803=CARTESIAN_POINT('',(-2.768085289001E-1,2.95E0,9.766666984558E-1));
#2804=LINE('',#2803,#2802);
#2805=CURVE_STYLE('',#25,POSITIVE_LENGTH_MEASURE(2.E-2),#11);
#2806=PRESENTATION_STYLE_ASSIGNMENT((#2805));
#2807=STYLED_ITEM('',(#2806),#2804);
#2808=DIRECTION('',(0.E0,-1.E0,0.E0));
#2809=VECTOR('',#2808,1.E-2);
#2810=CARTESIAN_POINT('',(-3.108510780334E-1,2.95E0,1.026666698456E0));
#2811=LINE('',#2810,#2809);
#2812=CURVE_STYLE('',#25,POSITIVE_LENGTH_MEASURE(2.E-2),#11);
#2813=PRESENTATION_STYLE_ASSIGNMENT((#2812));
#2814=STYLED_ITEM('',(#2813),#2811);
#2815=DIRECTION('',(0.E0,-1.E0,0.E0));
#2816=VECTOR('',#2815,1.E-2);
#2817=CARTESIAN_POINT('',(-3.278723526001E-1,2.95E0,1.093333301544E0));
#2818=LINE('',#2817,#2816);
#2819=CURVE_STYLE('',#25,POSITIVE_LENGTH_MEASURE(2.E-2),#11);
#2820=PRESENTATION_STYLE_ASSIGNMENT((#2819));
#2821=STYLED_ITEM('',(#2820),#2818);
#2822=DIRECTION('',(0.E0,-1.E0,0.E0));
#2823=VECTOR('',#2822,1.E-2);
#2824=CARTESIAN_POINT('',(1.255318641663E-2,2.95E0,5.933333969116E-1));
#2825=LINE('',#2824,#2823);
#2826=CURVE_STYLE('',#25,POSITIVE_LENGTH_MEASURE(2.E-2),#11);
#2827=PRESENTATION_STYLE_ASSIGNMENT((#2826));
#2828=STYLED_ITEM('',(#2827),#2825);
#2829=DIRECTION('',(0.E0,-1.E0,0.E0));
#2830=VECTOR('',#2829,1.E-2);
#2831=CARTESIAN_POINT('',(3.7E-1,2.95E0,5.933333969116E-1));
#2832=LINE('',#2831,#2830);
#2833=CURVE_STYLE('',#25,POSITIVE_LENGTH_MEASURE(2.E-2),#11);
#2834=PRESENTATION_STYLE_ASSIGNMENT((#2833));
#2835=STYLED_ITEM('',(#2834),#2832);
#2836=DIRECTION('',(0.E0,-1.E0,0.E0));
#2837=VECTOR('',#2836,1.E-2);
#2838=CARTESIAN_POINT('',(3.7E-1,2.95E0,6.933333015442E-1));
#2839=LINE('',#2838,#2837);
#2840=CURVE_STYLE('',#25,POSITIVE_LENGTH_MEASURE(2.E-2),#11);
#2841=PRESENTATION_STYLE_ASSIGNMENT((#2840));
#2842=STYLED_ITEM('',(#2841),#2839);
#2843=DIRECTION('',(0.E0,-1.E0,0.E0));
#2844=VECTOR('',#2843,1.E-2);
#2845=CARTESIAN_POINT('',(-4.3E-1,2.95E0,6.933333015442E-1));
#2846=LINE('',#2845,#2844);
#2847=CURVE_STYLE('',#25,POSITIVE_LENGTH_MEASURE(2.E-2),#11);
#2848=PRESENTATION_STYLE_ASSIGNMENT((#2847));
#2849=STYLED_ITEM('',(#2848),#2846);
#2850=DIRECTION('',(0.E0,-1.E0,0.E0));
#2851=VECTOR('',#2850,1.E-2);
#2852=CARTESIAN_POINT('',(-4.3E-1,2.95E0,2.933333969116E-1));
#2853=LINE('',#2852,#2851);
#2854=CURVE_STYLE('',#25,POSITIVE_LENGTH_MEASURE(2.E-2),#11);
#2855=PRESENTATION_STYLE_ASSIGNMENT((#2854));
#2856=STYLED_ITEM('',(#2855),#2853);
#2857=DIRECTION('',(0.E0,-1.E0,0.E0));
#2858=VECTOR('',#2857,1.E-2);
#2859=CARTESIAN_POINT('',(-4.129787254333E-1,2.95E0,2.1E-1));
#2860=LINE('',#2859,#2858);
#2861=CURVE_STYLE('',#25,POSITIVE_LENGTH_MEASURE(2.E-2),#11);
#2862=PRESENTATION_STYLE_ASSIGNMENT((#2861));
#2863=STYLED_ITEM('',(#2862),#2860);
#2864=DIRECTION('',(0.E0,-1.E0,0.E0));
#2865=VECTOR('',#2864,1.E-2);
#2866=CARTESIAN_POINT('',(-3.619149017334E-1,2.95E0,1.433333969116E-1));
#2867=LINE('',#2866,#2865);
#2868=CURVE_STYLE('',#25,POSITIVE_LENGTH_MEASURE(2.E-2),#11);
#2869=PRESENTATION_STYLE_ASSIGNMENT((#2868));
#2870=STYLED_ITEM('',(#2869),#2867);
#2871=DIRECTION('',(0.E0,-1.E0,0.E0));
#2872=VECTOR('',#2871,1.E-2);
#2873=CARTESIAN_POINT('',(-2.938298034668E-1,2.95E0,9.333339691162E-2));
#2874=LINE('',#2873,#2872);
#2875=CURVE_STYLE('',#25,POSITIVE_LENGTH_MEASURE(2.E-2),#11);
#2876=PRESENTATION_STYLE_ASSIGNMENT((#2875));
#2877=STYLED_ITEM('',(#2876),#2874);
#2878=DIRECTION('',(0.E0,-1.E0,0.E0));
#2879=VECTOR('',#2878,1.E-2);
#2880=CARTESIAN_POINT('',(-2.427659797668E-1,2.95E0,7.666660308838E-2));
#2881=LINE('',#2880,#2879);
#2882=CURVE_STYLE('',#25,POSITIVE_LENGTH_MEASURE(2.E-2),#11);
#2883=PRESENTATION_STYLE_ASSIGNMENT((#2882));
#2884=STYLED_ITEM('',(#2883),#2881);
#2885=DIRECTION('',(0.E0,-1.E0,0.E0));
#2886=VECTOR('',#2885,1.E-2);
#2887=CARTESIAN_POINT('',(-1.746808338165E-1,2.95E0,7.666660308838E-2));
#2888=LINE('',#2887,#2886);
#2889=CURVE_STYLE('',#25,POSITIVE_LENGTH_MEASURE(2.E-2),#11);
#2890=PRESENTATION_STYLE_ASSIGNMENT((#2889));
#2891=STYLED_ITEM('',(#2890),#2888);
#2892=DIRECTION('',(0.E0,-1.E0,0.E0));
#2893=VECTOR('',#2892,1.E-2);
#2894=CARTESIAN_POINT('',(-1.236170101166E-1,2.95E0,9.333339691162E-2));
#2895=LINE('',#2894,#2893);
#2896=CURVE_STYLE('',#25,POSITIVE_LENGTH_MEASURE(2.E-2),#11);
#2897=PRESENTATION_STYLE_ASSIGNMENT((#2896));
#2898=STYLED_ITEM('',(#2897),#2895);
#2899=DIRECTION('',(0.E0,-1.E0,0.E0));
#2900=VECTOR('',#2899,1.E-2);
#2901=CARTESIAN_POINT('',(-5.553191184998E-2,2.95E0,1.433333969116E-1));
#2902=LINE('',#2901,#2900);
#2903=CURVE_STYLE('',#25,POSITIVE_LENGTH_MEASURE(2.E-2),#11);
#2904=PRESENTATION_STYLE_ASSIGNMENT((#2903));
#2905=STYLED_ITEM('',(#2904),#2902);
#2906=DIRECTION('',(0.E0,-1.E0,0.E0));
#2907=VECTOR('',#2906,1.E-2);
#2908=CARTESIAN_POINT('',(-2.148936271667E-2,2.95E0,2.1E-1));
#2909=LINE('',#2908,#2907);
#2910=CURVE_STYLE('',#25,POSITIVE_LENGTH_MEASURE(2.E-2),#11);
#2911=PRESENTATION_STYLE_ASSIGNMENT((#2910));
#2912=STYLED_ITEM('',(#2911),#2909);
#2913=DIRECTION('',(0.E0,-1.E0,0.E0));
#2914=VECTOR('',#2913,1.E-2);
#2915=CARTESIAN_POINT('',(3.7E-1,2.95E0,6.E-2));
#2916=LINE('',#2915,#2914);
#2917=CURVE_STYLE('',#25,POSITIVE_LENGTH_MEASURE(2.E-2),#11);
#2918=PRESENTATION_STYLE_ASSIGNMENT((#2917));
#2919=STYLED_ITEM('',(#2918),#2916);
#2920=DIRECTION('',(0.E0,-1.E0,0.E0));
#2921=VECTOR('',#2920,1.E-2);
#2922=CARTESIAN_POINT('',(3.7E-1,2.95E0,1.766666030884E-1));
#2923=LINE('',#2922,#2921);
#2924=CURVE_STYLE('',#25,POSITIVE_LENGTH_MEASURE(2.E-2),#11);
#2925=PRESENTATION_STYLE_ASSIGNMENT((#2924));
#2926=STYLED_ITEM('',(#2925),#2923);
#2927=DIRECTION('',(0.E0,-1.E0,0.E0));
#2928=VECTOR('',#2927,1.E-2);
#2929=CARTESIAN_POINT('',(1.255318641663E-2,2.95E0,3.1E-1));
#2930=LINE('',#2929,#2928);
#2931=CURVE_STYLE('',#25,POSITIVE_LENGTH_MEASURE(2.E-2),#11);
#2932=PRESENTATION_STYLE_ASSIGNMENT((#2931));
#2933=STYLED_ITEM('',(#2932),#2930);
#2934=DIRECTION('',(0.E0,-1.E0,0.E0));
#2935=VECTOR('',#2934,1.E-2);
#2936=CARTESIAN_POINT('',(-8.957446098328E-2,2.95E0,2.766666030884E-1));
#2937=LINE('',#2936,#2935);
#2938=CURVE_STYLE('',#25,POSITIVE_LENGTH_MEASURE(2.E-2),#11);
#2939=PRESENTATION_STYLE_ASSIGNMENT((#2938));
#2940=STYLED_ITEM('',(#2939),#2937);
#2941=DIRECTION('',(0.E0,-1.E0,0.E0));
#2942=VECTOR('',#2941,1.E-2);
#2943=CARTESIAN_POINT('',(-1.065957355499E-1,2.95E0,2.266666030884E-1));
#2944=LINE('',#2943,#2942);
#2945=CURVE_STYLE('',#25,POSITIVE_LENGTH_MEASURE(2.E-2),#11);
#2946=PRESENTATION_STYLE_ASSIGNMENT((#2945));
#2947=STYLED_ITEM('',(#2946),#2944);
#2948=DIRECTION('',(0.E0,-1.E0,0.E0));
#2949=VECTOR('',#2948,1.E-2);
#2950=CARTESIAN_POINT('',(-1.406382846832E-1,2.95E0,1.933333969116E-1));
#2951=LINE('',#2950,#2949);
#2952=CURVE_STYLE('',#25,POSITIVE_LENGTH_MEASURE(2.E-2),#11);
#2953=PRESENTATION_STYLE_ASSIGNMENT((#2952));
#2954=STYLED_ITEM('',(#2953),#2951);
#2955=DIRECTION('',(0.E0,-1.E0,0.E0));
#2956=VECTOR('',#2955,1.E-2);
#2957=CARTESIAN_POINT('',(-1.917021083832E-1,2.95E0,1.766666030884E-1));
#2958=LINE('',#2957,#2956);
#2959=CURVE_STYLE('',#25,POSITIVE_LENGTH_MEASURE(2.E-2),#11);
#2960=PRESENTATION_STYLE_ASSIGNMENT((#2959));
#2961=STYLED_ITEM('',(#2960),#2958);
#2962=DIRECTION('',(0.E0,-1.E0,0.E0));
#2963=VECTOR('',#2962,1.E-2);
#2964=CARTESIAN_POINT('',(-2.427659797668E-1,2.95E0,1.766666030884E-1));
#2965=LINE('',#2964,#2963);
#2966=CURVE_STYLE('',#25,POSITIVE_LENGTH_MEASURE(2.E-2),#11);
#2967=PRESENTATION_STYLE_ASSIGNMENT((#2966));
#2968=STYLED_ITEM('',(#2967),#2965);
#2969=DIRECTION('',(0.E0,-1.E0,0.E0));
#2970=VECTOR('',#2969,1.E-2);
#2971=CARTESIAN_POINT('',(-2.938298034668E-1,2.95E0,1.933333969116E-1));
#2972=LINE('',#2971,#2970);
#2973=CURVE_STYLE('',#25,POSITIVE_LENGTH_MEASURE(2.E-2),#11);
#2974=PRESENTATION_STYLE_ASSIGNMENT((#2973));
#2975=STYLED_ITEM('',(#2974),#2972);
#2976=DIRECTION('',(0.E0,-1.E0,0.E0));
#2977=VECTOR('',#2976,1.E-2);
#2978=CARTESIAN_POINT('',(-3.278723526001E-1,2.95E0,2.266666030884E-1));
#2979=LINE('',#2978,#2977);
#2980=CURVE_STYLE('',#25,POSITIVE_LENGTH_MEASURE(2.E-2),#11);
#2981=PRESENTATION_STYLE_ASSIGNMENT((#2980));
#2982=STYLED_ITEM('',(#2981),#2979);
#2983=DIRECTION('',(0.E0,-1.E0,0.E0));
#2984=VECTOR('',#2983,1.E-2);
#2985=CARTESIAN_POINT('',(-3.448936271667E-1,2.95E0,2.766666030884E-1));
#2986=LINE('',#2985,#2984);
#2987=CURVE_STYLE('',#25,POSITIVE_LENGTH_MEASURE(2.E-2),#11);
#2988=PRESENTATION_STYLE_ASSIGNMENT((#2987));
#2989=STYLED_ITEM('',(#2988),#2986);
#2990=DIRECTION('',(0.E0,-1.E0,0.E0));
#2991=VECTOR('',#2990,1.E-2);
#2992=CARTESIAN_POINT('',(-3.448936271667E-1,2.95E0,5.933333969116E-1));
#2993=LINE('',#2992,#2991);
#2994=CURVE_STYLE('',#25,POSITIVE_LENGTH_MEASURE(2.E-2),#11);
#2995=PRESENTATION_STYLE_ASSIGNMENT((#2994));
#2996=STYLED_ITEM('',(#2995),#2993);
#2997=DIRECTION('',(0.E0,-1.E0,0.E0));
#2998=VECTOR('',#2997,1.E-2);
#2999=CARTESIAN_POINT('',(-8.957446098328E-2,2.95E0,5.933333969116E-1));
#3000=LINE('',#2999,#2998);
#3001=CURVE_STYLE('',#25,POSITIVE_LENGTH_MEASURE(2.E-2),#11);
#3002=PRESENTATION_STYLE_ASSIGNMENT((#3001));
#3003=STYLED_ITEM('',(#3002),#3000);
#3004=DIRECTION('',(0.E0,-1.E0,0.E0));
#3005=VECTOR('',#3004,1.E-2);
#3006=CARTESIAN_POINT('',(1.657446813583E-1,2.95E0,-7.233333969116E-1));
#3007=LINE('',#3006,#3005);
#3008=CURVE_STYLE('',#25,POSITIVE_LENGTH_MEASURE(2.E-2),#11);
#3009=PRESENTATION_STYLE_ASSIGNMENT((#3008));
#3010=STYLED_ITEM('',(#3009),#3007);
#3011=DIRECTION('',(1.665334536938E-14,-1.E0,1.110223024625E-14));
#3012=VECTOR('',#3011,1.E-2);
#3013=CARTESIAN_POINT('',(2.508510661125E-1,2.95E0,-7.066666030884E-1));
#3014=LINE('',#3013,#3012);
#3015=CURVE_STYLE('',#25,POSITIVE_LENGTH_MEASURE(2.E-2),#11);
#3016=PRESENTATION_STYLE_ASSIGNMENT((#3015));
#3017=STYLED_ITEM('',(#3016),#3014);
#3018=DIRECTION('',(0.E0,-1.E0,0.E0));
#3019=VECTOR('',#3018,1.E-2);
#3020=CARTESIAN_POINT('',(3.189361703396E-1,2.95E0,-6.4E-1));
#3021=LINE('',#3020,#3019);
#3022=CURVE_STYLE('',#25,POSITIVE_LENGTH_MEASURE(2.E-2),#11);
#3023=PRESENTATION_STYLE_ASSIGNMENT((#3022));
#3024=STYLED_ITEM('',(#3023),#3021);
#3025=DIRECTION('',(0.E0,-1.E0,0.E0));
#3026=VECTOR('',#3025,1.E-2);
#3027=CARTESIAN_POINT('',(3.529787239432E-1,2.95E0,-5.733333969116E-1));
#3028=LINE('',#3027,#3026);
#3029=CURVE_STYLE('',#25,POSITIVE_LENGTH_MEASURE(2.E-2),#11);
#3030=PRESENTATION_STYLE_ASSIGNMENT((#3029));
#3031=STYLED_ITEM('',(#3030),#3028);
#3032=DIRECTION('',(0.E0,-1.E0,0.E0));
#3033=VECTOR('',#3032,1.E-2);
#3034=CARTESIAN_POINT('',(3.7E-1,2.95E0,-4.9E-1));
#3035=LINE('',#3034,#3033);
#3036=CURVE_STYLE('',#25,POSITIVE_LENGTH_MEASURE(2.E-2),#11);
#3037=PRESENTATION_STYLE_ASSIGNMENT((#3036));
#3038=STYLED_ITEM('',(#3037),#3035);
#3039=DIRECTION('',(0.E0,-1.E0,0.E0));
#3040=VECTOR('',#3039,1.E-2);
#3041=CARTESIAN_POINT('',(3.7E-1,2.95E0,-3.4E-1));
#3042=LINE('',#3041,#3040);
#3043=CURVE_STYLE('',#25,POSITIVE_LENGTH_MEASURE(2.E-2),#11);
#3044=PRESENTATION_STYLE_ASSIGNMENT((#3043));
#3045=STYLED_ITEM('',(#3044),#3042);
#3046=DIRECTION('',(-1.110223024625E-14,-1.E0,0.E0));
#3047=VECTOR('',#3046,1.E-2);
#3048=CARTESIAN_POINT('',(3.529787239432E-1,2.95E0,-2.566666030884E-1));
#3049=LINE('',#3048,#3047);
#3050=CURVE_STYLE('',#25,POSITIVE_LENGTH_MEASURE(2.E-2),#11);
#3051=PRESENTATION_STYLE_ASSIGNMENT((#3050));
#3052=STYLED_ITEM('',(#3051),#3049);
#3053=DIRECTION('',(0.E0,-1.E0,0.E0));
#3054=VECTOR('',#3053,1.E-2);
#3055=CARTESIAN_POINT('',(3.189361703396E-1,2.95E0,-1.9E-1));
#3056=LINE('',#3055,#3054);
#3057=CURVE_STYLE('',#25,POSITIVE_LENGTH_MEASURE(2.E-2),#11);
#3058=PRESENTATION_STYLE_ASSIGNMENT((#3057));
#3059=STYLED_ITEM('',(#3058),#3056);
#3060=DIRECTION('',(0.E0,-1.E0,0.E0));
#3061=VECTOR('',#3060,1.E-2);
#3062=CARTESIAN_POINT('',(2.508510661125E-1,2.95E0,-1.233333969116E-1));
#3063=LINE('',#3062,#3061);
#3064=CURVE_STYLE('',#25,POSITIVE_LENGTH_MEASURE(2.E-2),#11);
#3065=PRESENTATION_STYLE_ASSIGNMENT((#3064));
#3066=STYLED_ITEM('',(#3065),#3063);
#3067=DIRECTION('',(0.E0,-1.E0,0.E0));
#3068=VECTOR('',#3067,1.E-2);
#3069=CARTESIAN_POINT('',(1.827659559250E-1,2.95E0,-9.E-2));
#3070=LINE('',#3069,#3068);
#3071=CURVE_STYLE('',#25,POSITIVE_LENGTH_MEASURE(2.E-2),#11);
#3072=PRESENTATION_STYLE_ASSIGNMENT((#3071));
#3073=STYLED_ITEM('',(#3072),#3070);
#3074=DIRECTION('',(0.E0,-1.E0,0.E0));
#3075=VECTOR('',#3074,1.E-2);
#3076=CARTESIAN_POINT('',(9.765958309174E-2,2.95E0,-7.333339691162E-2));
#3077=LINE('',#3076,#3075);
#3078=CURVE_STYLE('',#25,POSITIVE_LENGTH_MEASURE(2.E-2),#11);
#3079=PRESENTATION_STYLE_ASSIGNMENT((#3078));
#3080=STYLED_ITEM('',(#3079),#3077);
#3081=DIRECTION('',(0.E0,-1.E0,0.E0));
#3082=VECTOR('',#3081,1.E-2);
#3083=CARTESIAN_POINT('',(-1.576595592499E-1,2.95E0,-7.333339691162E-2));
#3084=LINE('',#3083,#3082);
#3085=CURVE_STYLE('',#25,POSITIVE_LENGTH_MEASURE(2.E-2),#11);
#3086=PRESENTATION_STYLE_ASSIGNMENT((#3085));
#3087=STYLED_ITEM('',(#3086),#3084);
#3088=DIRECTION('',(0.E0,-1.E0,0.E0));
#3089=VECTOR('',#3088,1.E-2);
#3090=CARTESIAN_POINT('',(-2.427659797668E-1,2.95E0,-9.E-2));
#3091=LINE('',#3090,#3089);
#3092=CURVE_STYLE('',#25,POSITIVE_LENGTH_MEASURE(2.E-2),#11);
#3093=PRESENTATION_STYLE_ASSIGNMENT((#3092));
#3094=STYLED_ITEM('',(#3093),#3091);
#3095=DIRECTION('',(0.E0,-1.E0,0.E0));
#3096=VECTOR('',#3095,1.E-2);
#3097=CARTESIAN_POINT('',(-3.108510780334E-1,2.95E0,-1.233333969116E-1));
#3098=LINE('',#3097,#3096);
#3099=CURVE_STYLE('',#25,POSITIVE_LENGTH_MEASURE(2.E-2),#11);
#3100=PRESENTATION_STYLE_ASSIGNMENT((#3099));
#3101=STYLED_ITEM('',(#3100),#3098);
#3102=DIRECTION('',(0.E0,-1.E0,0.E0));
#3103=VECTOR('',#3102,1.E-2);
#3104=CARTESIAN_POINT('',(-3.789361763E-1,2.95E0,-1.9E-1));
#3105=LINE('',#3104,#3103);
#3106=CURVE_STYLE('',#25,POSITIVE_LENGTH_MEASURE(2.E-2),#11);
#3107=PRESENTATION_STYLE_ASSIGNMENT((#3106));
#3108=STYLED_ITEM('',(#3107),#3105);
#3109=DIRECTION('',(0.E0,-1.E0,0.E0));
#3110=VECTOR('',#3109,1.E-2);
#3111=CARTESIAN_POINT('',(-4.129787254333E-1,2.95E0,-2.566666030884E-1));
#3112=LINE('',#3111,#3110);
#3113=CURVE_STYLE('',#25,POSITIVE_LENGTH_MEASURE(2.E-2),#11);
#3114=PRESENTATION_STYLE_ASSIGNMENT((#3113));
#3115=STYLED_ITEM('',(#3114),#3112);
#3116=DIRECTION('',(0.E0,-1.E0,0.E0));
#3117=VECTOR('',#3116,1.E-2);
#3118=CARTESIAN_POINT('',(-4.3E-1,2.95E0,-3.4E-1));
#3119=LINE('',#3118,#3117);
#3120=CURVE_STYLE('',#25,POSITIVE_LENGTH_MEASURE(2.E-2),#11);
#3121=PRESENTATION_STYLE_ASSIGNMENT((#3120));
#3122=STYLED_ITEM('',(#3121),#3119);
#3123=DIRECTION('',(0.E0,-1.E0,0.E0));
#3124=VECTOR('',#3123,1.E-2);
#3125=CARTESIAN_POINT('',(-4.3E-1,2.95E0,-4.9E-1));
#3126=LINE('',#3125,#3124);
#3127=CURVE_STYLE('',#25,POSITIVE_LENGTH_MEASURE(2.E-2),#11);
#3128=PRESENTATION_STYLE_ASSIGNMENT((#3127));
#3129=STYLED_ITEM('',(#3128),#3126);
#3130=DIRECTION('',(1.110223024625E-14,-1.E0,0.E0));
#3131=VECTOR('',#3130,1.E-2);
#3132=CARTESIAN_POINT('',(-4.129787254333E-1,2.95E0,-5.733333969116E-1));
#3133=LINE('',#3132,#3131);
#3134=CURVE_STYLE('',#25,POSITIVE_LENGTH_MEASURE(2.E-2),#11);
#3135=PRESENTATION_STYLE_ASSIGNMENT((#3134));
#3136=STYLED_ITEM('',(#3135),#3133);
#3137=DIRECTION('',(0.E0,-1.E0,0.E0));
#3138=VECTOR('',#3137,1.E-2);
#3139=CARTESIAN_POINT('',(-3.789361763E-1,2.95E0,-6.4E-1));
#3140=LINE('',#3139,#3138);
#3141=CURVE_STYLE('',#25,POSITIVE_LENGTH_MEASURE(2.E-2),#11);
#3142=PRESENTATION_STYLE_ASSIGNMENT((#3141));
#3143=STYLED_ITEM('',(#3142),#3140);
#3144=DIRECTION('',(0.E0,-1.E0,0.E0));
#3145=VECTOR('',#3144,1.E-2);
#3146=CARTESIAN_POINT('',(-3.108510780334E-1,2.95E0,-7.066666030884E-1));
#3147=LINE('',#3146,#3145);
#3148=CURVE_STYLE('',#25,POSITIVE_LENGTH_MEASURE(2.E-2),#11);
#3149=PRESENTATION_STYLE_ASSIGNMENT((#3148));
#3150=STYLED_ITEM('',(#3149),#3147);
#3151=DIRECTION('',(0.E0,-1.E0,0.E0));
#3152=VECTOR('',#3151,1.E-2);
#3153=CARTESIAN_POINT('',(-2.257446575165E-1,2.95E0,-7.233333969116E-1));
#3154=LINE('',#3153,#3152);
#3155=CURVE_STYLE('',#25,POSITIVE_LENGTH_MEASURE(2.E-2),#11);
#3156=PRESENTATION_STYLE_ASSIGNMENT((#3155));
#3157=STYLED_ITEM('',(#3156),#3154);
#3158=DIRECTION('',(0.E0,-1.E0,0.E0));
#3159=VECTOR('',#3158,1.E-2);
#3160=CARTESIAN_POINT('',(-2.257446575165E-1,2.95E0,-6.233333969116E-1));
#3161=LINE('',#3160,#3159);
#3162=CURVE_STYLE('',#25,POSITIVE_LENGTH_MEASURE(2.E-2),#11);
#3163=PRESENTATION_STYLE_ASSIGNMENT((#3162));
#3164=STYLED_ITEM('',(#3163),#3161);
#3165=DIRECTION('',(0.E0,-1.E0,0.E0));
#3166=VECTOR('',#3165,1.E-2);
#3167=CARTESIAN_POINT('',(-2.768085289001E-1,2.95E0,-6.066666030884E-1));
#3168=LINE('',#3167,#3166);
#3169=CURVE_STYLE('',#25,POSITIVE_LENGTH_MEASURE(2.E-2),#11);
#3170=PRESENTATION_STYLE_ASSIGNMENT((#3169));
#3171=STYLED_ITEM('',(#3170),#3168);
#3172=DIRECTION('',(0.E0,-1.E0,0.E0));
#3173=VECTOR('',#3172,1.E-2);
#3174=CARTESIAN_POINT('',(-3.108510780334E-1,2.95E0,-5.566666030884E-1));
#3175=LINE('',#3174,#3173);
#3176=CURVE_STYLE('',#25,POSITIVE_LENGTH_MEASURE(2.E-2),#11);
#3177=PRESENTATION_STYLE_ASSIGNMENT((#3176));
#3178=STYLED_ITEM('',(#3177),#3175);
#3179=DIRECTION('',(0.E0,-1.E0,0.E0));
#3180=VECTOR('',#3179,1.E-2);
#3181=CARTESIAN_POINT('',(-3.278723526001E-1,2.95E0,-4.9E-1));
#3182=LINE('',#3181,#3180);
#3183=CURVE_STYLE('',#25,POSITIVE_LENGTH_MEASURE(2.E-2),#11);
#3184=PRESENTATION_STYLE_ASSIGNMENT((#3183));
#3185=STYLED_ITEM('',(#3184),#3182);
#3186=DIRECTION('',(0.E0,-1.E0,0.E0));
#3187=VECTOR('',#3186,1.E-2);
#3188=CARTESIAN_POINT('',(-3.278723526001E-1,2.95E0,-3.4E-1));
#3189=LINE('',#3188,#3187);
#3190=CURVE_STYLE('',#25,POSITIVE_LENGTH_MEASURE(2.E-2),#11);
#3191=PRESENTATION_STYLE_ASSIGNMENT((#3190));
#3192=STYLED_ITEM('',(#3191),#3189);
#3193=DIRECTION('',(0.E0,-1.E0,0.E0));
#3194=VECTOR('',#3193,1.E-2);
#3195=CARTESIAN_POINT('',(-3.108510780334E-1,2.95E0,-2.733333969116E-1));
#3196=LINE('',#3195,#3194);
#3197=CURVE_STYLE('',#25,POSITIVE_LENGTH_MEASURE(2.E-2),#11);
#3198=PRESENTATION_STYLE_ASSIGNMENT((#3197));
#3199=STYLED_ITEM('',(#3198),#3196);
#3200=DIRECTION('',(0.E0,-1.E0,0.E0));
#3201=VECTOR('',#3200,1.E-2);
#3202=CARTESIAN_POINT('',(-2.768085289001E-1,2.95E0,-2.233333969116E-1));
#3203=LINE('',#3202,#3201);
#3204=CURVE_STYLE('',#25,POSITIVE_LENGTH_MEASURE(2.E-2),#11);
#3205=PRESENTATION_STYLE_ASSIGNMENT((#3204));
#3206=STYLED_ITEM('',(#3205),#3203);
#3207=DIRECTION('',(0.E0,-1.E0,0.E0));
#3208=VECTOR('',#3207,1.E-2);
#3209=CARTESIAN_POINT('',(-2.257446575165E-1,2.95E0,-1.9E-1));
#3210=LINE('',#3209,#3208);
#3211=CURVE_STYLE('',#25,POSITIVE_LENGTH_MEASURE(2.E-2),#11);
#3212=PRESENTATION_STYLE_ASSIGNMENT((#3211));
#3213=STYLED_ITEM('',(#3212),#3210);
#3214=DIRECTION('',(0.E0,-1.E0,0.E0));
#3215=VECTOR('',#3214,1.E-2);
#3216=CARTESIAN_POINT('',(-1.576595592499E-1,2.95E0,-1.733333969116E-1));
#3217=LINE('',#3216,#3215);
#3218=CURVE_STYLE('',#25,POSITIVE_LENGTH_MEASURE(2.E-2),#11);
#3219=PRESENTATION_STYLE_ASSIGNMENT((#3218));
#3220=STYLED_ITEM('',(#3219),#3217);
#3221=DIRECTION('',(0.E0,-1.E0,0.E0));
#3222=VECTOR('',#3221,1.E-2);
#3223=CARTESIAN_POINT('',(9.765958309174E-2,2.95E0,-1.733333969116E-1));
#3224=LINE('',#3223,#3222);
#3225=CURVE_STYLE('',#25,POSITIVE_LENGTH_MEASURE(2.E-2),#11);
#3226=PRESENTATION_STYLE_ASSIGNMENT((#3225));
#3227=STYLED_ITEM('',(#3226),#3224);
#3228=DIRECTION('',(0.E0,-1.E0,0.E0));
#3229=VECTOR('',#3228,1.E-2);
#3230=CARTESIAN_POINT('',(1.657446813583E-1,2.95E0,-1.9E-1));
#3231=LINE('',#3230,#3229);
#3232=CURVE_STYLE('',#25,POSITIVE_LENGTH_MEASURE(2.E-2),#11);
#3233=PRESENTATION_STYLE_ASSIGNMENT((#3232));
#3234=STYLED_ITEM('',(#3233),#3231);
#3235=DIRECTION('',(0.E0,-1.E0,0.E0));
#3236=VECTOR('',#3235,1.E-2);
#3237=CARTESIAN_POINT('',(2.168085050583E-1,2.95E0,-2.233333969116E-1));
#3238=LINE('',#3237,#3236);
#3239=CURVE_STYLE('',#25,POSITIVE_LENGTH_MEASURE(2.E-2),#11);
#3240=PRESENTATION_STYLE_ASSIGNMENT((#3239));
#3241=STYLED_ITEM('',(#3240),#3238);
#3242=DIRECTION('',(0.E0,-1.E0,0.E0));
#3243=VECTOR('',#3242,1.E-2);
#3244=CARTESIAN_POINT('',(2.508510661125E-1,2.95E0,-2.733333969116E-1));
#3245=LINE('',#3244,#3243);
#3246=CURVE_STYLE('',#25,POSITIVE_LENGTH_MEASURE(2.E-2),#11);
#3247=PRESENTATION_STYLE_ASSIGNMENT((#3246));
#3248=STYLED_ITEM('',(#3247),#3245);
#3249=DIRECTION('',(0.E0,-1.E0,0.E0));
#3250=VECTOR('',#3249,1.E-2);
#3251=CARTESIAN_POINT('',(2.678723406792E-1,2.95E0,-3.4E-1));
#3252=LINE('',#3251,#3250);
#3253=CURVE_STYLE('',#25,POSITIVE_LENGTH_MEASURE(2.E-2),#11);
#3254=PRESENTATION_STYLE_ASSIGNMENT((#3253));
#3255=STYLED_ITEM('',(#3254),#3252);
#3256=DIRECTION('',(0.E0,-1.E0,0.E0));
#3257=VECTOR('',#3256,1.E-2);
#3258=CARTESIAN_POINT('',(2.678723406792E-1,2.95E0,-4.9E-1));
#3259=LINE('',#3258,#3257);
#3260=CURVE_STYLE('',#25,POSITIVE_LENGTH_MEASURE(2.E-2),#11);
#3261=PRESENTATION_STYLE_ASSIGNMENT((#3260));
#3262=STYLED_ITEM('',(#3261),#3259);
#3263=DIRECTION('',(0.E0,-1.E0,0.E0));
#3264=VECTOR('',#3263,1.E-2);
#3265=CARTESIAN_POINT('',(2.508510661125E-1,2.95E0,-5.566666030884E-1));
#3266=LINE('',#3265,#3264);
#3267=CURVE_STYLE('',#25,POSITIVE_LENGTH_MEASURE(2.E-2),#11);
#3268=PRESENTATION_STYLE_ASSIGNMENT((#3267));
#3269=STYLED_ITEM('',(#3268),#3266);
#3270=DIRECTION('',(0.E0,-1.E0,0.E0));
#3271=VECTOR('',#3270,1.E-2);
#3272=CARTESIAN_POINT('',(2.168085050583E-1,2.95E0,-6.066666030884E-1));
#3273=LINE('',#3272,#3271);
#3274=CURVE_STYLE('',#25,POSITIVE_LENGTH_MEASURE(2.E-2),#11);
#3275=PRESENTATION_STYLE_ASSIGNMENT((#3274));
#3276=STYLED_ITEM('',(#3275),#3273);
#3277=DIRECTION('',(0.E0,-1.E0,0.E0));
#3278=VECTOR('',#3277,1.E-2);
#3279=CARTESIAN_POINT('',(1.657446813583E-1,2.95E0,-6.233333969116E-1));
#3280=LINE('',#3279,#3278);
#3281=CURVE_STYLE('',#25,POSITIVE_LENGTH_MEASURE(2.E-2),#11);
#3282=PRESENTATION_STYLE_ASSIGNMENT((#3281));
#3283=STYLED_ITEM('',(#3282),#3280);
#3284=DIRECTION('',(0.E0,-1.E0,0.E0));
#3285=VECTOR('',#3284,1.E-2);
#3286=CARTESIAN_POINT('',(3.7E-1,2.95E0,-9.566667938232E-1));
#3287=LINE('',#3286,#3285);
#3288=CURVE_STYLE('',#25,POSITIVE_LENGTH_MEASURE(2.E-2),#11);
#3289=PRESENTATION_STYLE_ASSIGNMENT((#3288));
#3290=STYLED_ITEM('',(#3289),#3287);
#3291=DIRECTION('',(0.E0,-1.E0,0.E0));
#3292=VECTOR('',#3291,1.E-2);
#3293=CARTESIAN_POINT('',(3.7E-1,2.95E0,-8.566666030884E-1));
#3294=LINE('',#3293,#3292);
#3295=CURVE_STYLE('',#25,POSITIVE_LENGTH_MEASURE(2.E-2),#11);
#3296=PRESENTATION_STYLE_ASSIGNMENT((#3295));
#3297=STYLED_ITEM('',(#3296),#3294);
#3298=DIRECTION('',(0.E0,-1.E0,0.E0));
#3299=VECTOR('',#3298,1.E-2);
#3300=CARTESIAN_POINT('',(-4.3E-1,2.95E0,-8.566666030884E-1));
#3301=LINE('',#3300,#3299);
#3302=CURVE_STYLE('',#25,POSITIVE_LENGTH_MEASURE(2.E-2),#11);
#3303=PRESENTATION_STYLE_ASSIGNMENT((#3302));
#3304=STYLED_ITEM('',(#3303),#3301);
#3305=DIRECTION('',(0.E0,-1.E0,0.E0));
#3306=VECTOR('',#3305,1.E-2);
#3307=CARTESIAN_POINT('',(-4.3E-1,2.95E0,-9.566667938232E-1));
#3308=LINE('',#3307,#3306);
#3309=CURVE_STYLE('',#25,POSITIVE_LENGTH_MEASURE(2.E-2),#11);
#3310=PRESENTATION_STYLE_ASSIGNMENT((#3309));
#3311=STYLED_ITEM('',(#3310),#3308);
#3312=DIRECTION('',(0.E0,-1.E0,0.E0));
#3313=VECTOR('',#3312,1.E-2);
#3314=CARTESIAN_POINT('',(-1.065957355499E-1,2.95E0,-9.566667938232E-1));
#3315=LINE('',#3314,#3313);
#3316=CURVE_STYLE('',#25,POSITIVE_LENGTH_MEASURE(2.E-2),#11);
#3317=PRESENTATION_STYLE_ASSIGNMENT((#3316));
#3318=STYLED_ITEM('',(#3317),#3315);
#3319=DIRECTION('',(0.E0,-1.E0,0.E0));
#3320=VECTOR('',#3319,1.E-2);
#3321=CARTESIAN_POINT('',(-1.065957355499E-1,2.95E0,-1.423333206177E0));
#3322=LINE('',#3321,#3320);
#3323=CURVE_STYLE('',#25,POSITIVE_LENGTH_MEASURE(2.E-2),#11);
#3324=PRESENTATION_STYLE_ASSIGNMENT((#3323));
#3325=STYLED_ITEM('',(#3324),#3322);
#3326=DIRECTION('',(0.E0,-1.E0,0.E0));
#3327=VECTOR('',#3326,1.E-2);
#3328=CARTESIAN_POINT('',(-4.3E-1,2.95E0,-1.423333206177E0));
#3329=LINE('',#3328,#3327);
#3330=CURVE_STYLE('',#25,POSITIVE_LENGTH_MEASURE(2.E-2),#11);
#3331=PRESENTATION_STYLE_ASSIGNMENT((#3330));
#3332=STYLED_ITEM('',(#3331),#3329);
#3333=DIRECTION('',(0.E0,-1.E0,0.E0));
#3334=VECTOR('',#3333,1.E-2);
#3335=CARTESIAN_POINT('',(-4.3E-1,2.95E0,-1.523333206177E0));
#3336=LINE('',#3335,#3334);
#3337=CURVE_STYLE('',#25,POSITIVE_LENGTH_MEASURE(2.E-2),#11);
#3338=PRESENTATION_STYLE_ASSIGNMENT((#3337));
#3339=STYLED_ITEM('',(#3338),#3336);
#3340=DIRECTION('',(0.E0,-1.E0,0.E0));
#3341=VECTOR('',#3340,1.E-2);
#3342=CARTESIAN_POINT('',(3.7E-1,2.95E0,-1.523333206177E0));
#3343=LINE('',#3342,#3341);
#3344=CURVE_STYLE('',#25,POSITIVE_LENGTH_MEASURE(2.E-2),#11);
#3345=PRESENTATION_STYLE_ASSIGNMENT((#3344));
#3346=STYLED_ITEM('',(#3345),#3343);
#3347=DIRECTION('',(0.E0,-1.E0,0.E0));
#3348=VECTOR('',#3347,1.E-2);
#3349=CARTESIAN_POINT('',(3.7E-1,2.95E0,-1.423333206177E0));
#3350=LINE('',#3349,#3348);
#3351=CURVE_STYLE('',#25,POSITIVE_LENGTH_MEASURE(2.E-2),#11);
#3352=PRESENTATION_STYLE_ASSIGNMENT((#3351));
#3353=STYLED_ITEM('',(#3352),#3350);
#3354=DIRECTION('',(0.E0,-1.E0,0.E0));
#3355=VECTOR('',#3354,1.E-2);
#3356=CARTESIAN_POINT('',(-4.468088150024E-3,2.95E0,-1.423333206177E0));
#3357=LINE('',#3356,#3355);
#3358=CURVE_STYLE('',#25,POSITIVE_LENGTH_MEASURE(2.E-2),#11);
#3359=PRESENTATION_STYLE_ASSIGNMENT((#3358));
#3360=STYLED_ITEM('',(#3359),#3357);
#3361=DIRECTION('',(0.E0,-1.E0,0.E0));
#3362=VECTOR('',#3361,1.E-2);
#3363=CARTESIAN_POINT('',(-4.468088150024E-3,2.95E0,-9.566667938232E-1));
#3364=LINE('',#3363,#3362);
#3365=CURVE_STYLE('',#25,POSITIVE_LENGTH_MEASURE(2.E-2),#11);
#3366=PRESENTATION_STYLE_ASSIGNMENT((#3365));
#3367=STYLED_ITEM('',(#3366),#3364);
#3368=CARTESIAN_POINT('',(-3.E0,0.E0,3.5E0));
#3369=CARTESIAN_POINT('',(-3.E0,0.E0,-3.5E0));
#3370=VERTEX_POINT('',#3368);
#3371=VERTEX_POINT('',#3369);
#3372=CARTESIAN_POINT('',(3.E0,0.E0,3.5E0));
#3373=VERTEX_POINT('',#3372);
#3374=CARTESIAN_POINT('',(3.E0,0.E0,-3.5E0));
#3375=VERTEX_POINT('',#3374);
#3376=CARTESIAN_POINT('',(-2.746282875775E0,-2.9E0,-3.246282875775E0));
#3377=VERTEX_POINT('',#3376);
#3378=CARTESIAN_POINT('',(2.746282875775E0,-2.9E0,-3.246282875775E0));
#3379=VERTEX_POINT('',#3378);
#3380=CARTESIAN_POINT('',(-2.746282875775E0,-2.9E0,3.246282875775E0));
#3381=VERTEX_POINT('',#3380);
#3382=CARTESIAN_POINT('',(2.746282875775E0,-2.9E0,3.246282875775E0));
#3383=VERTEX_POINT('',#3382);
#3384=CARTESIAN_POINT('',(2.E0,-3.05E0,-2.35E0));
#3385=CARTESIAN_POINT('',(-2.E0,-3.05E0,-2.35E0));
#3386=VERTEX_POINT('',#3384);
#3387=VERTEX_POINT('',#3385);
#3388=CARTESIAN_POINT('',(2.E0,-2.9E0,-3.246282875775E0));
#3389=CARTESIAN_POINT('',(-2.E0,-2.9E0,-3.246282875775E0));
#3390=VERTEX_POINT('',#3388);
#3391=VERTEX_POINT('',#3389);
#3392=CARTESIAN_POINT('',(2.E0,-2.9E0,-2.35E0));
#3393=VERTEX_POINT('',#3392);
#3394=CARTESIAN_POINT('',(-2.E0,-2.9E0,-2.35E0));
#3395=VERTEX_POINT('',#3394);
#3396=CARTESIAN_POINT('',(-2.E0,-3.05E0,-3.65E0));
#3397=CARTESIAN_POINT('',(2.E0,-3.05E0,-3.65E0));
#3398=VERTEX_POINT('',#3396);
#3399=VERTEX_POINT('',#3397);
#3400=CARTESIAN_POINT('',(-2.E0,0.E0,-3.5E0));
#3401=CARTESIAN_POINT('',(-2.E0,0.E0,-3.65E0));
#3402=VERTEX_POINT('',#3400);
#3403=VERTEX_POINT('',#3401);
#3404=CARTESIAN_POINT('',(2.E0,0.E0,-3.65E0));
#3405=VERTEX_POINT('',#3404);
#3406=CARTESIAN_POINT('',(2.E0,0.E0,-3.5E0));
#3407=VERTEX_POINT('',#3406);
#3408=CARTESIAN_POINT('',(2.E0,-2.9E0,-3.5E0));
#3409=CARTESIAN_POINT('',(-2.E0,-2.9E0,-3.5E0));
#3410=VERTEX_POINT('',#3408);
#3411=VERTEX_POINT('',#3409);
#3412=CARTESIAN_POINT('',(2.E0,-3.05E0,2.35E0));
#3413=CARTESIAN_POINT('',(-2.E0,-3.05E0,2.35E0));
#3414=VERTEX_POINT('',#3412);
#3415=VERTEX_POINT('',#3413);
#3416=CARTESIAN_POINT('',(2.E0,-2.9E0,2.35E0));
#3417=VERTEX_POINT('',#3416);
#3418=CARTESIAN_POINT('',(-2.E0,-2.9E0,2.35E0));
#3419=VERTEX_POINT('',#3418);
#3420=CARTESIAN_POINT('',(2.E0,-2.9E0,3.246282875775E0));
#3421=CARTESIAN_POINT('',(-2.E0,-2.9E0,3.246282875775E0));
#3422=VERTEX_POINT('',#3420);
#3423=VERTEX_POINT('',#3421);
#3424=CARTESIAN_POINT('',(-2.E0,-3.05E0,3.65E0));
#3425=CARTESIAN_POINT('',(2.E0,-3.05E0,3.65E0));
#3426=VERTEX_POINT('',#3424);
#3427=VERTEX_POINT('',#3425);
#3428=CARTESIAN_POINT('',(-2.E0,0.E0,3.5E0));
#3429=CARTESIAN_POINT('',(-2.E0,0.E0,3.65E0));
#3430=VERTEX_POINT('',#3428);
#3431=VERTEX_POINT('',#3429);
#3432=CARTESIAN_POINT('',(2.E0,0.E0,3.65E0));
#3433=VERTEX_POINT('',#3432);
#3434=CARTESIAN_POINT('',(2.E0,0.E0,3.5E0));
#3435=VERTEX_POINT('',#3434);
#3436=CARTESIAN_POINT('',(-2.E0,-2.9E0,3.5E0));
#3437=VERTEX_POINT('',#3436);
#3438=CARTESIAN_POINT('',(2.E0,-2.9E0,3.5E0));
#3439=VERTEX_POINT('',#3438);
#3440=CARTESIAN_POINT('',(-2.741908442599E0,2.95E0,-3.241908442599E0));
#3441=CARTESIAN_POINT('',(-2.741908442599E0,2.95E0,3.241908442599E0));
#3442=VERTEX_POINT('',#3440);
#3443=VERTEX_POINT('',#3441);
#3444=CARTESIAN_POINT('',(2.741908442599E0,2.95E0,3.241908442599E0));
#3445=VERTEX_POINT('',#3444);
#3446=CARTESIAN_POINT('',(2.741908442599E0,2.95E0,-3.241908442599E0));
#3447=VERTEX_POINT('',#3446);
#3448=CARTESIAN_POINT('',(-2.6E0,-2.9E0,-2.E0));
#3449=CARTESIAN_POINT('',(-2.6E0,-2.9E0,2.E0));
#3450=VERTEX_POINT('',#3448);
#3451=VERTEX_POINT('',#3449);
#3452=CARTESIAN_POINT('',(2.6E0,-2.9E0,-2.E0));
#3453=CARTESIAN_POINT('',(2.6E0,-2.9E0,2.E0));
#3454=VERTEX_POINT('',#3452);
#3455=VERTEX_POINT('',#3453);
#3456=CARTESIAN_POINT('',(-2.6E0,-3.05E0,2.E0));
#3457=CARTESIAN_POINT('',(-2.6E0,-3.05E0,-2.E0));
#3458=VERTEX_POINT('',#3456);
#3459=VERTEX_POINT('',#3457);
#3460=CARTESIAN_POINT('',(2.6E0,-3.05E0,2.E0));
#3461=CARTESIAN_POINT('',(2.6E0,-3.05E0,-2.E0));
#3462=VERTEX_POINT('',#3460);
#3463=VERTEX_POINT('',#3461);
#3464=CARTESIAN_POINT('',(-2.66E0,2.94E0,-2.85E0));
#3465=CARTESIAN_POINT('',(2.66E0,2.94E0,-2.85E0));
#3466=VERTEX_POINT('',#3464);
#3467=VERTEX_POINT('',#3465);
#3468=CARTESIAN_POINT('',(2.66E0,2.94E0,-3.15E0));
#3469=VERTEX_POINT('',#3468);
#3470=CARTESIAN_POINT('',(-2.66E0,2.94E0,-3.15E0));
#3471=VERTEX_POINT('',#3470);
#3472=CARTESIAN_POINT('',(-2.66E0,2.95E0,-2.85E0));
#3473=CARTESIAN_POINT('',(2.66E0,2.95E0,-2.85E0));
#3474=VERTEX_POINT('',#3472);
#3475=VERTEX_POINT('',#3473);
#3476=CARTESIAN_POINT('',(2.66E0,2.95E0,-3.15E0));
#3477=VERTEX_POINT('',#3476);
#3478=CARTESIAN_POINT('',(-2.66E0,2.95E0,-3.15E0));
#3479=VERTEX_POINT('',#3478);
#3480=CARTESIAN_POINT('',(-4.3E-1,2.94E0,1.626666650772E0));
#3481=CARTESIAN_POINT('',(-4.3E-1,2.94E0,2.26E0));
#3482=VERTEX_POINT('',#3480);
#3483=VERTEX_POINT('',#3481);
#3484=CARTESIAN_POINT('',(-3.448936271667E-1,2.94E0,2.26E0));
#3485=VERTEX_POINT('',#3484);
#3486=CARTESIAN_POINT('',(-3.448936271667E-1,2.94E0,1.993333325386E0));
#3487=VERTEX_POINT('',#3486);
#3488=CARTESIAN_POINT('',(3.7E-1,2.94E0,1.993333325386E0));
#3489=VERTEX_POINT('',#3488);
#3490=CARTESIAN_POINT('',(3.7E-1,2.94E0,1.893333325386E0));
#3491=VERTEX_POINT('',#3490);
#3492=CARTESIAN_POINT('',(-3.448936271667E-1,2.94E0,1.893333325386E0));
#3493=VERTEX_POINT('',#3492);
#3494=CARTESIAN_POINT('',(-3.448936271667E-1,2.94E0,1.626666650772E0));
#3495=VERTEX_POINT('',#3494);
#3496=CARTESIAN_POINT('',(-4.3E-1,2.94E0,1.226666698456E0));
#3497=CARTESIAN_POINT('',(-4.129787254333E-1,2.94E0,1.31E0));
#3498=VERTEX_POINT('',#3496);
#3499=VERTEX_POINT('',#3497);
#3500=CARTESIAN_POINT('',(-3.789361763E-1,2.94E0,1.376666698456E0));
#3501=VERTEX_POINT('',#3500);
#3502=CARTESIAN_POINT('',(-3.108510780334E-1,2.94E0,1.443333301544E0));
#3503=VERTEX_POINT('',#3502);
#3504=CARTESIAN_POINT('',(-2.427659797668E-1,2.94E0,1.476666650772E0));
#3505=VERTEX_POINT('',#3504);
#3506=CARTESIAN_POINT('',(-1.576595592499E-1,2.94E0,1.493333349228E0));
#3507=VERTEX_POINT('',#3506);
#3508=CARTESIAN_POINT('',(9.765958309174E-2,2.94E0,1.493333349228E0));
#3509=VERTEX_POINT('',#3508);
#3510=CARTESIAN_POINT('',(1.827659559250E-1,2.94E0,1.476666650772E0));
#3511=VERTEX_POINT('',#3510);
#3512=CARTESIAN_POINT('',(2.508510661125E-1,2.94E0,1.443333301544E0));
#3513=VERTEX_POINT('',#3512);
#3514=CARTESIAN_POINT('',(3.189361703396E-1,2.94E0,1.376666698456E0));
#3515=VERTEX_POINT('',#3514);
#3516=CARTESIAN_POINT('',(3.529787239432E-1,2.94E0,1.31E0));
#3517=VERTEX_POINT('',#3516);
#3518=CARTESIAN_POINT('',(3.7E-1,2.94E0,1.226666698456E0));
#3519=VERTEX_POINT('',#3518);
#3520=CARTESIAN_POINT('',(3.7E-1,2.94E0,1.093333301544E0));
#3521=VERTEX_POINT('',#3520);
#3522=CARTESIAN_POINT('',(3.529787239432E-1,2.94E0,1.01E0));
#3523=VERTEX_POINT('',#3522);
#3524=CARTESIAN_POINT('',(3.189361703396E-1,2.94E0,9.433333015442E-1));
#3525=VERTEX_POINT('',#3524);
#3526=CARTESIAN_POINT('',(2.508510661125E-1,2.94E0,8.766666984558E-1));
#3527=VERTEX_POINT('',#3526);
#3528=CARTESIAN_POINT('',(1.827659559250E-1,2.94E0,8.433333015442E-1));
#3529=VERTEX_POINT('',#3528);
#3530=CARTESIAN_POINT('',(9.765958309174E-2,2.94E0,8.266666984558E-1));
#3531=VERTEX_POINT('',#3530);
#3532=CARTESIAN_POINT('',(-1.576595592499E-1,2.94E0,8.266666984558E-1));
#3533=VERTEX_POINT('',#3532);
#3534=CARTESIAN_POINT('',(-2.427659797668E-1,2.94E0,8.433333015442E-1));
#3535=VERTEX_POINT('',#3534);
#3536=CARTESIAN_POINT('',(-3.108510780334E-1,2.94E0,8.766666984558E-1));
#3537=VERTEX_POINT('',#3536);
#3538=CARTESIAN_POINT('',(-3.789361763E-1,2.94E0,9.433333015442E-1));
#3539=VERTEX_POINT('',#3538);
#3540=CARTESIAN_POINT('',(-4.129787254333E-1,2.94E0,1.01E0));
#3541=VERTEX_POINT('',#3540);
#3542=CARTESIAN_POINT('',(-4.3E-1,2.94E0,1.093333301544E0));
#3543=VERTEX_POINT('',#3542);
#3544=CARTESIAN_POINT('',(-3.278723526001E-1,2.94E0,1.226666698456E0));
#3545=CARTESIAN_POINT('',(-3.278723526001E-1,2.94E0,1.093333301544E0));
#3546=VERTEX_POINT('',#3544);
#3547=VERTEX_POINT('',#3545);
#3548=CARTESIAN_POINT('',(-3.108510780334E-1,2.94E0,1.026666698456E0));
#3549=VERTEX_POINT('',#3548);
#3550=CARTESIAN_POINT('',(-2.768085289001E-1,2.94E0,9.766666984558E-1));
#3551=VERTEX_POINT('',#3550);
#3552=CARTESIAN_POINT('',(-2.257446575165E-1,2.94E0,9.433333015442E-1));
#3553=VERTEX_POINT('',#3552);
#3554=CARTESIAN_POINT('',(-1.576595592499E-1,2.94E0,9.266666984558E-1));
#3555=VERTEX_POINT('',#3554);
#3556=CARTESIAN_POINT('',(9.765958309174E-2,2.94E0,9.266666984558E-1));
#3557=VERTEX_POINT('',#3556);
#3558=CARTESIAN_POINT('',(1.657446813583E-1,2.94E0,9.433333015442E-1));
#3559=VERTEX_POINT('',#3558);
#3560=CARTESIAN_POINT('',(2.168085050583E-1,2.94E0,9.766666984558E-1));
#3561=VERTEX_POINT('',#3560);
#3562=CARTESIAN_POINT('',(2.508510661125E-1,2.94E0,1.026666698456E0));
#3563=VERTEX_POINT('',#3562);
#3564=CARTESIAN_POINT('',(2.678723406792E-1,2.94E0,1.093333301544E0));
#3565=VERTEX_POINT('',#3564);
#3566=CARTESIAN_POINT('',(2.678723406792E-1,2.94E0,1.226666698456E0));
#3567=VERTEX_POINT('',#3566);
#3568=CARTESIAN_POINT('',(2.508510661125E-1,2.94E0,1.293333301544E0));
#3569=VERTEX_POINT('',#3568);
#3570=CARTESIAN_POINT('',(2.168085050583E-1,2.94E0,1.343333301544E0));
#3571=VERTEX_POINT('',#3570);
#3572=CARTESIAN_POINT('',(1.657446813583E-1,2.94E0,1.376666698456E0));
#3573=VERTEX_POINT('',#3572);
#3574=CARTESIAN_POINT('',(9.765958309174E-2,2.94E0,1.393333301544E0));
#3575=VERTEX_POINT('',#3574);
#3576=CARTESIAN_POINT('',(-1.576595592499E-1,2.94E0,1.393333301544E0));
#3577=VERTEX_POINT('',#3576);
#3578=CARTESIAN_POINT('',(-2.257446575165E-1,2.94E0,1.376666698456E0));
#3579=VERTEX_POINT('',#3578);
#3580=CARTESIAN_POINT('',(-2.768085289001E-1,2.94E0,1.343333301544E0));
#3581=VERTEX_POINT('',#3580);
#3582=CARTESIAN_POINT('',(-3.108510780334E-1,2.94E0,1.293333301544E0));
#3583=VERTEX_POINT('',#3582);
#3584=CARTESIAN_POINT('',(1.255318641663E-2,2.94E0,5.933333969116E-1));
#3585=CARTESIAN_POINT('',(1.255318641663E-2,2.94E0,3.1E-1));
#3586=VERTEX_POINT('',#3584);
#3587=VERTEX_POINT('',#3585);
#3588=CARTESIAN_POINT('',(3.7E-1,2.94E0,1.766666030884E-1));
#3589=VERTEX_POINT('',#3588);
#3590=CARTESIAN_POINT('',(3.7E-1,2.94E0,6.E-2));
#3591=VERTEX_POINT('',#3590);
#3592=CARTESIAN_POINT('',(-2.148936271667E-2,2.94E0,2.1E-1));
#3593=VERTEX_POINT('',#3592);
#3594=CARTESIAN_POINT('',(-5.553191184998E-2,2.94E0,1.433333969116E-1));
#3595=VERTEX_POINT('',#3594);
#3596=CARTESIAN_POINT('',(-1.236170101166E-1,2.94E0,9.333339691162E-2));
#3597=VERTEX_POINT('',#3596);
#3598=CARTESIAN_POINT('',(-1.746808338165E-1,2.94E0,7.666660308838E-2));
#3599=VERTEX_POINT('',#3598);
#3600=CARTESIAN_POINT('',(-2.427659797668E-1,2.94E0,7.666660308838E-2));
#3601=VERTEX_POINT('',#3600);
#3602=CARTESIAN_POINT('',(-2.938298034668E-1,2.94E0,9.333339691162E-2));
#3603=VERTEX_POINT('',#3602);
#3604=CARTESIAN_POINT('',(-3.619149017334E-1,2.94E0,1.433333969116E-1));
#3605=VERTEX_POINT('',#3604);
#3606=CARTESIAN_POINT('',(-4.129787254333E-1,2.94E0,2.1E-1));
#3607=VERTEX_POINT('',#3606);
#3608=CARTESIAN_POINT('',(-4.3E-1,2.94E0,2.933333969116E-1));
#3609=VERTEX_POINT('',#3608);
#3610=CARTESIAN_POINT('',(-4.3E-1,2.94E0,6.933333015442E-1));
#3611=VERTEX_POINT('',#3610);
#3612=CARTESIAN_POINT('',(3.7E-1,2.94E0,6.933333015442E-1));
#3613=VERTEX_POINT('',#3612);
#3614=CARTESIAN_POINT('',(3.7E-1,2.94E0,5.933333969116E-1));
#3615=VERTEX_POINT('',#3614);
#3616=CARTESIAN_POINT('',(-8.957446098328E-2,2.94E0,2.766666030884E-1));
#3617=CARTESIAN_POINT('',(-8.957446098328E-2,2.94E0,5.933333969116E-1));
#3618=VERTEX_POINT('',#3616);
#3619=VERTEX_POINT('',#3617);
#3620=CARTESIAN_POINT('',(-3.448936271667E-1,2.94E0,5.933333969116E-1));
#3621=VERTEX_POINT('',#3620);
#3622=CARTESIAN_POINT('',(-3.448936271667E-1,2.94E0,2.766666030884E-1));
#3623=VERTEX_POINT('',#3622);
#3624=CARTESIAN_POINT('',(-3.278723526001E-1,2.94E0,2.266666030884E-1));
#3625=VERTEX_POINT('',#3624);
#3626=CARTESIAN_POINT('',(-2.938298034668E-1,2.94E0,1.933333969116E-1));
#3627=VERTEX_POINT('',#3626);
#3628=CARTESIAN_POINT('',(-2.427659797668E-1,2.94E0,1.766666030884E-1));
#3629=VERTEX_POINT('',#3628);
#3630=CARTESIAN_POINT('',(-1.917021083832E-1,2.94E0,1.766666030884E-1));
#3631=VERTEX_POINT('',#3630);
#3632=CARTESIAN_POINT('',(-1.406382846832E-1,2.94E0,1.933333969116E-1));
#3633=VERTEX_POINT('',#3632);
#3634=CARTESIAN_POINT('',(-1.065957355499E-1,2.94E0,2.266666030884E-1));
#3635=VERTEX_POINT('',#3634);
#3636=CARTESIAN_POINT('',(1.657446813583E-1,2.94E0,-7.233333969116E-1));
#3637=CARTESIAN_POINT('',(1.657446813583E-1,2.94E0,-6.233333969116E-1));
#3638=VERTEX_POINT('',#3636);
#3639=VERTEX_POINT('',#3637);
#3640=CARTESIAN_POINT('',(2.168085050583E-1,2.94E0,-6.066666030884E-1));
#3641=VERTEX_POINT('',#3640);
#3642=CARTESIAN_POINT('',(2.508510661125E-1,2.94E0,-5.566666030884E-1));
#3643=VERTEX_POINT('',#3642);
#3644=CARTESIAN_POINT('',(2.678723406792E-1,2.94E0,-4.9E-1));
#3645=VERTEX_POINT('',#3644);
#3646=CARTESIAN_POINT('',(2.678723406792E-1,2.94E0,-3.4E-1));
#3647=VERTEX_POINT('',#3646);
#3648=CARTESIAN_POINT('',(2.508510661125E-1,2.94E0,-2.733333969116E-1));
#3649=VERTEX_POINT('',#3648);
#3650=CARTESIAN_POINT('',(2.168085050583E-1,2.94E0,-2.233333969116E-1));
#3651=VERTEX_POINT('',#3650);
#3652=CARTESIAN_POINT('',(1.657446813583E-1,2.94E0,-1.9E-1));
#3653=VERTEX_POINT('',#3652);
#3654=CARTESIAN_POINT('',(9.765958309174E-2,2.94E0,-1.733333969116E-1));
#3655=VERTEX_POINT('',#3654);
#3656=CARTESIAN_POINT('',(-1.576595592499E-1,2.94E0,-1.733333969116E-1));
#3657=VERTEX_POINT('',#3656);
#3658=CARTESIAN_POINT('',(-2.257446575165E-1,2.94E0,-1.9E-1));
#3659=VERTEX_POINT('',#3658);
#3660=CARTESIAN_POINT('',(-2.768085289001E-1,2.94E0,-2.233333969116E-1));
#3661=VERTEX_POINT('',#3660);
#3662=CARTESIAN_POINT('',(-3.108510780334E-1,2.94E0,-2.733333969116E-1));
#3663=VERTEX_POINT('',#3662);
#3664=CARTESIAN_POINT('',(-3.278723526001E-1,2.94E0,-3.4E-1));
#3665=VERTEX_POINT('',#3664);
#3666=CARTESIAN_POINT('',(-3.278723526001E-1,2.94E0,-4.9E-1));
#3667=VERTEX_POINT('',#3666);
#3668=CARTESIAN_POINT('',(-3.108510780334E-1,2.94E0,-5.566666030884E-1));
#3669=VERTEX_POINT('',#3668);
#3670=CARTESIAN_POINT('',(-2.768085289001E-1,2.94E0,-6.066666030884E-1));
#3671=VERTEX_POINT('',#3670);
#3672=CARTESIAN_POINT('',(-2.257446575165E-1,2.94E0,-6.233333969116E-1));
#3673=VERTEX_POINT('',#3672);
#3674=CARTESIAN_POINT('',(-2.257446575165E-1,2.94E0,-7.233333969116E-1));
#3675=VERTEX_POINT('',#3674);
#3676=CARTESIAN_POINT('',(-3.108510780334E-1,2.94E0,-7.066666030884E-1));
#3677=VERTEX_POINT('',#3676);
#3678=CARTESIAN_POINT('',(-3.789361763E-1,2.94E0,-6.4E-1));
#3679=VERTEX_POINT('',#3678);
#3680=CARTESIAN_POINT('',(-4.129787254333E-1,2.94E0,-5.733333969116E-1));
#3681=VERTEX_POINT('',#3680);
#3682=CARTESIAN_POINT('',(-4.3E-1,2.94E0,-4.9E-1));
#3683=VERTEX_POINT('',#3682);
#3684=CARTESIAN_POINT('',(-4.3E-1,2.94E0,-3.4E-1));
#3685=VERTEX_POINT('',#3684);
#3686=CARTESIAN_POINT('',(-4.129787254333E-1,2.94E0,-2.566666030884E-1));
#3687=VERTEX_POINT('',#3686);
#3688=CARTESIAN_POINT('',(-3.789361763E-1,2.94E0,-1.9E-1));
#3689=VERTEX_POINT('',#3688);
#3690=CARTESIAN_POINT('',(-3.108510780334E-1,2.94E0,-1.233333969116E-1));
#3691=VERTEX_POINT('',#3690);
#3692=CARTESIAN_POINT('',(-2.427659797668E-1,2.94E0,-9.E-2));
#3693=VERTEX_POINT('',#3692);
#3694=CARTESIAN_POINT('',(-1.576595592499E-1,2.94E0,-7.333339691162E-2));
#3695=VERTEX_POINT('',#3694);
#3696=CARTESIAN_POINT('',(9.765958309174E-2,2.94E0,-7.333339691162E-2));
#3697=VERTEX_POINT('',#3696);
#3698=CARTESIAN_POINT('',(1.827659559250E-1,2.94E0,-9.E-2));
#3699=VERTEX_POINT('',#3698);
#3700=CARTESIAN_POINT('',(2.508510661125E-1,2.94E0,-1.233333969116E-1));
#3701=VERTEX_POINT('',#3700);
#3702=CARTESIAN_POINT('',(3.189361703396E-1,2.94E0,-1.9E-1));
#3703=VERTEX_POINT('',#3702);
#3704=CARTESIAN_POINT('',(3.529787239432E-1,2.94E0,-2.566666030884E-1));
#3705=VERTEX_POINT('',#3704);
#3706=CARTESIAN_POINT('',(3.7E-1,2.94E0,-3.4E-1));
#3707=VERTEX_POINT('',#3706);
#3708=CARTESIAN_POINT('',(3.7E-1,2.94E0,-4.9E-1));
#3709=VERTEX_POINT('',#3708);
#3710=CARTESIAN_POINT('',(3.529787239432E-1,2.94E0,-5.733333969116E-1));
#3711=VERTEX_POINT('',#3710);
#3712=CARTESIAN_POINT('',(3.189361703396E-1,2.94E0,-6.4E-1));
#3713=VERTEX_POINT('',#3712);
#3714=CARTESIAN_POINT('',(2.508510661125E-1,2.94E0,-7.066666030884E-1));
#3715=VERTEX_POINT('',#3714);
#3716=CARTESIAN_POINT('',(3.7E-1,2.94E0,-9.566667938232E-1));
#3717=CARTESIAN_POINT('',(-4.468088150024E-3,2.94E0,-9.566667938232E-1));
#3718=VERTEX_POINT('',#3716);
#3719=VERTEX_POINT('',#3717);
#3720=CARTESIAN_POINT('',(-4.468088150024E-3,2.94E0,-1.423333206177E0));
#3721=VERTEX_POINT('',#3720);
#3722=CARTESIAN_POINT('',(3.7E-1,2.94E0,-1.423333206177E0));
#3723=VERTEX_POINT('',#3722);
#3724=CARTESIAN_POINT('',(3.7E-1,2.94E0,-1.523333206177E0));
#3725=VERTEX_POINT('',#3724);
#3726=CARTESIAN_POINT('',(-4.3E-1,2.94E0,-1.523333206177E0));
#3727=VERTEX_POINT('',#3726);
#3728=CARTESIAN_POINT('',(-4.3E-1,2.94E0,-1.423333206177E0));
#3729=VERTEX_POINT('',#3728);
#3730=CARTESIAN_POINT('',(-1.065957355499E-1,2.94E0,-1.423333206177E0));
#3731=VERTEX_POINT('',#3730);
#3732=CARTESIAN_POINT('',(-1.065957355499E-1,2.94E0,-9.566667938232E-1));
#3733=VERTEX_POINT('',#3732);
#3734=CARTESIAN_POINT('',(-4.3E-1,2.94E0,-9.566667938232E-1));
#3735=VERTEX_POINT('',#3734);
#3736=CARTESIAN_POINT('',(-4.3E-1,2.94E0,-8.566666030884E-1));
#3737=VERTEX_POINT('',#3736);
#3738=CARTESIAN_POINT('',(3.7E-1,2.94E0,-8.566666030884E-1));
#3739=VERTEX_POINT('',#3738);
#3740=CARTESIAN_POINT('',(-4.3E-1,2.95E0,1.626666650772E0));
#3741=CARTESIAN_POINT('',(-4.3E-1,2.95E0,2.26E0));
#3742=VERTEX_POINT('',#3740);
#3743=VERTEX_POINT('',#3741);
#3744=CARTESIAN_POINT('',(-3.448936271667E-1,2.95E0,2.26E0));
#3745=VERTEX_POINT('',#3744);
#3746=CARTESIAN_POINT('',(-3.448936271667E-1,2.95E0,1.993333325386E0));
#3747=VERTEX_POINT('',#3746);
#3748=CARTESIAN_POINT('',(3.7E-1,2.95E0,1.993333325386E0));
#3749=VERTEX_POINT('',#3748);
#3750=CARTESIAN_POINT('',(3.7E-1,2.95E0,1.893333325386E0));
#3751=VERTEX_POINT('',#3750);
#3752=CARTESIAN_POINT('',(-3.448936271667E-1,2.95E0,1.893333325386E0));
#3753=VERTEX_POINT('',#3752);
#3754=CARTESIAN_POINT('',(-3.448936271667E-1,2.95E0,1.626666650772E0));
#3755=VERTEX_POINT('',#3754);
#3756=CARTESIAN_POINT('',(-4.3E-1,2.95E0,1.226666698456E0));
#3757=CARTESIAN_POINT('',(-4.129787254333E-1,2.95E0,1.31E0));
#3758=VERTEX_POINT('',#3756);
#3759=VERTEX_POINT('',#3757);
#3760=CARTESIAN_POINT('',(-3.789361763E-1,2.95E0,1.376666698456E0));
#3761=VERTEX_POINT('',#3760);
#3762=CARTESIAN_POINT('',(-3.108510780334E-1,2.95E0,1.443333301544E0));
#3763=VERTEX_POINT('',#3762);
#3764=CARTESIAN_POINT('',(-2.427659797668E-1,2.95E0,1.476666650772E0));
#3765=VERTEX_POINT('',#3764);
#3766=CARTESIAN_POINT('',(-1.576595592499E-1,2.95E0,1.493333349228E0));
#3767=VERTEX_POINT('',#3766);
#3768=CARTESIAN_POINT('',(9.765958309174E-2,2.95E0,1.493333349228E0));
#3769=VERTEX_POINT('',#3768);
#3770=CARTESIAN_POINT('',(1.827659559250E-1,2.95E0,1.476666650772E0));
#3771=VERTEX_POINT('',#3770);
#3772=CARTESIAN_POINT('',(2.508510661125E-1,2.95E0,1.443333301544E0));
#3773=VERTEX_POINT('',#3772);
#3774=CARTESIAN_POINT('',(3.189361703396E-1,2.95E0,1.376666698456E0));
#3775=VERTEX_POINT('',#3774);
#3776=CARTESIAN_POINT('',(3.529787239432E-1,2.95E0,1.31E0));
#3777=VERTEX_POINT('',#3776);
#3778=CARTESIAN_POINT('',(3.7E-1,2.95E0,1.226666698456E0));
#3779=VERTEX_POINT('',#3778);
#3780=CARTESIAN_POINT('',(3.7E-1,2.95E0,1.093333301544E0));
#3781=VERTEX_POINT('',#3780);
#3782=CARTESIAN_POINT('',(3.529787239432E-1,2.95E0,1.01E0));
#3783=VERTEX_POINT('',#3782);
#3784=CARTESIAN_POINT('',(3.189361703396E-1,2.95E0,9.433333015442E-1));
#3785=VERTEX_POINT('',#3784);
#3786=CARTESIAN_POINT('',(2.508510661125E-1,2.95E0,8.766666984558E-1));
#3787=VERTEX_POINT('',#3786);
#3788=CARTESIAN_POINT('',(1.827659559250E-1,2.95E0,8.433333015442E-1));
#3789=VERTEX_POINT('',#3788);
#3790=CARTESIAN_POINT('',(9.765958309174E-2,2.95E0,8.266666984558E-1));
#3791=VERTEX_POINT('',#3790);
#3792=CARTESIAN_POINT('',(-1.576595592499E-1,2.95E0,8.266666984558E-1));
#3793=VERTEX_POINT('',#3792);
#3794=CARTESIAN_POINT('',(-2.427659797668E-1,2.95E0,8.433333015442E-1));
#3795=VERTEX_POINT('',#3794);
#3796=CARTESIAN_POINT('',(-3.108510780334E-1,2.95E0,8.766666984558E-1));
#3797=VERTEX_POINT('',#3796);
#3798=CARTESIAN_POINT('',(-3.789361763E-1,2.95E0,9.433333015442E-1));
#3799=VERTEX_POINT('',#3798);
#3800=CARTESIAN_POINT('',(-4.129787254333E-1,2.95E0,1.01E0));
#3801=VERTEX_POINT('',#3800);
#3802=CARTESIAN_POINT('',(-4.3E-1,2.95E0,1.093333301544E0));
#3803=VERTEX_POINT('',#3802);
#3804=CARTESIAN_POINT('',(-3.278723526001E-1,2.95E0,1.226666698456E0));
#3805=CARTESIAN_POINT('',(-3.278723526001E-1,2.95E0,1.093333301544E0));
#3806=VERTEX_POINT('',#3804);
#3807=VERTEX_POINT('',#3805);
#3808=CARTESIAN_POINT('',(-3.108510780334E-1,2.95E0,1.026666698456E0));
#3809=VERTEX_POINT('',#3808);
#3810=CARTESIAN_POINT('',(-2.768085289001E-1,2.95E0,9.766666984558E-1));
#3811=VERTEX_POINT('',#3810);
#3812=CARTESIAN_POINT('',(-2.257446575165E-1,2.95E0,9.433333015442E-1));
#3813=VERTEX_POINT('',#3812);
#3814=CARTESIAN_POINT('',(-1.576595592499E-1,2.95E0,9.266666984558E-1));
#3815=VERTEX_POINT('',#3814);
#3816=CARTESIAN_POINT('',(9.765958309174E-2,2.95E0,9.266666984558E-1));
#3817=VERTEX_POINT('',#3816);
#3818=CARTESIAN_POINT('',(1.657446813583E-1,2.95E0,9.433333015442E-1));
#3819=VERTEX_POINT('',#3818);
#3820=CARTESIAN_POINT('',(2.168085050583E-1,2.95E0,9.766666984558E-1));
#3821=VERTEX_POINT('',#3820);
#3822=CARTESIAN_POINT('',(2.508510661125E-1,2.95E0,1.026666698456E0));
#3823=VERTEX_POINT('',#3822);
#3824=CARTESIAN_POINT('',(2.678723406792E-1,2.95E0,1.093333301544E0));
#3825=VERTEX_POINT('',#3824);
#3826=CARTESIAN_POINT('',(2.678723406792E-1,2.95E0,1.226666698456E0));
#3827=VERTEX_POINT('',#3826);
#3828=CARTESIAN_POINT('',(2.508510661125E-1,2.95E0,1.293333301544E0));
#3829=VERTEX_POINT('',#3828);
#3830=CARTESIAN_POINT('',(2.168085050583E-1,2.95E0,1.343333301544E0));
#3831=VERTEX_POINT('',#3830);
#3832=CARTESIAN_POINT('',(1.657446813583E-1,2.95E0,1.376666698456E0));
#3833=VERTEX_POINT('',#3832);
#3834=CARTESIAN_POINT('',(9.765958309174E-2,2.95E0,1.393333301544E0));
#3835=VERTEX_POINT('',#3834);
#3836=CARTESIAN_POINT('',(-1.576595592499E-1,2.95E0,1.393333301544E0));
#3837=VERTEX_POINT('',#3836);
#3838=CARTESIAN_POINT('',(-2.257446575165E-1,2.95E0,1.376666698456E0));
#3839=VERTEX_POINT('',#3838);
#3840=CARTESIAN_POINT('',(-2.768085289001E-1,2.95E0,1.343333301544E0));
#3841=VERTEX_POINT('',#3840);
#3842=CARTESIAN_POINT('',(-3.108510780334E-1,2.95E0,1.293333301544E0));
#3843=VERTEX_POINT('',#3842);
#3844=CARTESIAN_POINT('',(1.255318641663E-2,2.95E0,5.933333969116E-1));
#3845=CARTESIAN_POINT('',(1.255318641663E-2,2.95E0,3.1E-1));
#3846=VERTEX_POINT('',#3844);
#3847=VERTEX_POINT('',#3845);
#3848=CARTESIAN_POINT('',(3.7E-1,2.95E0,1.766666030884E-1));
#3849=VERTEX_POINT('',#3848);
#3850=CARTESIAN_POINT('',(3.7E-1,2.95E0,6.E-2));
#3851=VERTEX_POINT('',#3850);
#3852=CARTESIAN_POINT('',(-2.148936271667E-2,2.95E0,2.1E-1));
#3853=VERTEX_POINT('',#3852);
#3854=CARTESIAN_POINT('',(-5.553191184998E-2,2.95E0,1.433333969116E-1));
#3855=VERTEX_POINT('',#3854);
#3856=CARTESIAN_POINT('',(-1.236170101166E-1,2.95E0,9.333339691162E-2));
#3857=VERTEX_POINT('',#3856);
#3858=CARTESIAN_POINT('',(-1.746808338165E-1,2.95E0,7.666660308838E-2));
#3859=VERTEX_POINT('',#3858);
#3860=CARTESIAN_POINT('',(-2.427659797668E-1,2.95E0,7.666660308838E-2));
#3861=VERTEX_POINT('',#3860);
#3862=CARTESIAN_POINT('',(-2.938298034668E-1,2.95E0,9.333339691162E-2));
#3863=VERTEX_POINT('',#3862);
#3864=CARTESIAN_POINT('',(-3.619149017334E-1,2.95E0,1.433333969116E-1));
#3865=VERTEX_POINT('',#3864);
#3866=CARTESIAN_POINT('',(-4.129787254333E-1,2.95E0,2.1E-1));
#3867=VERTEX_POINT('',#3866);
#3868=CARTESIAN_POINT('',(-4.3E-1,2.95E0,2.933333969116E-1));
#3869=VERTEX_POINT('',#3868);
#3870=CARTESIAN_POINT('',(-4.3E-1,2.95E0,6.933333015442E-1));
#3871=VERTEX_POINT('',#3870);
#3872=CARTESIAN_POINT('',(3.7E-1,2.95E0,6.933333015442E-1));
#3873=VERTEX_POINT('',#3872);
#3874=CARTESIAN_POINT('',(3.7E-1,2.95E0,5.933333969116E-1));
#3875=VERTEX_POINT('',#3874);
#3876=CARTESIAN_POINT('',(-8.957446098328E-2,2.95E0,2.766666030884E-1));
#3877=CARTESIAN_POINT('',(-8.957446098328E-2,2.95E0,5.933333969116E-1));
#3878=VERTEX_POINT('',#3876);
#3879=VERTEX_POINT('',#3877);
#3880=CARTESIAN_POINT('',(-3.448936271667E-1,2.95E0,5.933333969116E-1));
#3881=VERTEX_POINT('',#3880);
#3882=CARTESIAN_POINT('',(-3.448936271667E-1,2.95E0,2.766666030884E-1));
#3883=VERTEX_POINT('',#3882);
#3884=CARTESIAN_POINT('',(-3.278723526001E-1,2.95E0,2.266666030884E-1));
#3885=VERTEX_POINT('',#3884);
#3886=CARTESIAN_POINT('',(-2.938298034668E-1,2.95E0,1.933333969116E-1));
#3887=VERTEX_POINT('',#3886);
#3888=CARTESIAN_POINT('',(-2.427659797668E-1,2.95E0,1.766666030884E-1));
#3889=VERTEX_POINT('',#3888);
#3890=CARTESIAN_POINT('',(-1.917021083832E-1,2.95E0,1.766666030884E-1));
#3891=VERTEX_POINT('',#3890);
#3892=CARTESIAN_POINT('',(-1.406382846832E-1,2.95E0,1.933333969116E-1));
#3893=VERTEX_POINT('',#3892);
#3894=CARTESIAN_POINT('',(-1.065957355499E-1,2.95E0,2.266666030884E-1));
#3895=VERTEX_POINT('',#3894);
#3896=CARTESIAN_POINT('',(1.657446813583E-1,2.95E0,-7.233333969116E-1));
#3897=CARTESIAN_POINT('',(1.657446813583E-1,2.95E0,-6.233333969116E-1));
#3898=VERTEX_POINT('',#3896);
#3899=VERTEX_POINT('',#3897);
#3900=CARTESIAN_POINT('',(2.168085050583E-1,2.95E0,-6.066666030884E-1));
#3901=VERTEX_POINT('',#3900);
#3902=CARTESIAN_POINT('',(2.508510661125E-1,2.95E0,-5.566666030884E-1));
#3903=VERTEX_POINT('',#3902);
#3904=CARTESIAN_POINT('',(2.678723406792E-1,2.95E0,-4.9E-1));
#3905=VERTEX_POINT('',#3904);
#3906=CARTESIAN_POINT('',(2.678723406792E-1,2.95E0,-3.4E-1));
#3907=VERTEX_POINT('',#3906);
#3908=CARTESIAN_POINT('',(2.508510661125E-1,2.95E0,-2.733333969116E-1));
#3909=VERTEX_POINT('',#3908);
#3910=CARTESIAN_POINT('',(2.168085050583E-1,2.95E0,-2.233333969116E-1));
#3911=VERTEX_POINT('',#3910);
#3912=CARTESIAN_POINT('',(1.657446813583E-1,2.95E0,-1.9E-1));
#3913=VERTEX_POINT('',#3912);
#3914=CARTESIAN_POINT('',(9.765958309174E-2,2.95E0,-1.733333969116E-1));
#3915=VERTEX_POINT('',#3914);
#3916=CARTESIAN_POINT('',(-1.576595592499E-1,2.95E0,-1.733333969116E-1));
#3917=VERTEX_POINT('',#3916);
#3918=CARTESIAN_POINT('',(-2.257446575165E-1,2.95E0,-1.9E-1));
#3919=VERTEX_POINT('',#3918);
#3920=CARTESIAN_POINT('',(-2.768085289001E-1,2.95E0,-2.233333969116E-1));
#3921=VERTEX_POINT('',#3920);
#3922=CARTESIAN_POINT('',(-3.108510780334E-1,2.95E0,-2.733333969116E-1));
#3923=VERTEX_POINT('',#3922);
#3924=CARTESIAN_POINT('',(-3.278723526001E-1,2.95E0,-3.4E-1));
#3925=VERTEX_POINT('',#3924);
#3926=CARTESIAN_POINT('',(-3.278723526001E-1,2.95E0,-4.9E-1));
#3927=VERTEX_POINT('',#3926);
#3928=CARTESIAN_POINT('',(-3.108510780334E-1,2.95E0,-5.566666030884E-1));
#3929=VERTEX_POINT('',#3928);
#3930=CARTESIAN_POINT('',(-2.768085289001E-1,2.95E0,-6.066666030884E-1));
#3931=VERTEX_POINT('',#3930);
#3932=CARTESIAN_POINT('',(-2.257446575165E-1,2.95E0,-6.233333969116E-1));
#3933=VERTEX_POINT('',#3932);
#3934=CARTESIAN_POINT('',(-2.257446575165E-1,2.95E0,-7.233333969116E-1));
#3935=VERTEX_POINT('',#3934);
#3936=CARTESIAN_POINT('',(-3.108510780334E-1,2.95E0,-7.066666030884E-1));
#3937=VERTEX_POINT('',#3936);
#3938=CARTESIAN_POINT('',(-3.789361763E-1,2.95E0,-6.4E-1));
#3939=VERTEX_POINT('',#3938);
#3940=CARTESIAN_POINT('',(-4.129787254333E-1,2.95E0,-5.733333969116E-1));
#3941=VERTEX_POINT('',#3940);
#3942=CARTESIAN_POINT('',(-4.3E-1,2.95E0,-4.9E-1));
#3943=VERTEX_POINT('',#3942);
#3944=CARTESIAN_POINT('',(-4.3E-1,2.95E0,-3.4E-1));
#3945=VERTEX_POINT('',#3944);
#3946=CARTESIAN_POINT('',(-4.129787254333E-1,2.95E0,-2.566666030884E-1));
#3947=VERTEX_POINT('',#3946);
#3948=CARTESIAN_POINT('',(-3.789361763E-1,2.95E0,-1.9E-1));
#3949=VERTEX_POINT('',#3948);
#3950=CARTESIAN_POINT('',(-3.108510780334E-1,2.95E0,-1.233333969116E-1));
#3951=VERTEX_POINT('',#3950);
#3952=CARTESIAN_POINT('',(-2.427659797668E-1,2.95E0,-9.E-2));
#3953=VERTEX_POINT('',#3952);
#3954=CARTESIAN_POINT('',(-1.576595592499E-1,2.95E0,-7.333339691162E-2));
#3955=VERTEX_POINT('',#3954);
#3956=CARTESIAN_POINT('',(9.765958309174E-2,2.95E0,-7.333339691162E-2));
#3957=VERTEX_POINT('',#3956);
#3958=CARTESIAN_POINT('',(1.827659559250E-1,2.95E0,-9.E-2));
#3959=VERTEX_POINT('',#3958);
#3960=CARTESIAN_POINT('',(2.508510661125E-1,2.95E0,-1.233333969116E-1));
#3961=VERTEX_POINT('',#3960);
#3962=CARTESIAN_POINT('',(3.189361703396E-1,2.95E0,-1.9E-1));
#3963=VERTEX_POINT('',#3962);
#3964=CARTESIAN_POINT('',(3.529787239432E-1,2.95E0,-2.566666030884E-1));
#3965=VERTEX_POINT('',#3964);
#3966=CARTESIAN_POINT('',(3.7E-1,2.95E0,-3.4E-1));
#3967=VERTEX_POINT('',#3966);
#3968=CARTESIAN_POINT('',(3.7E-1,2.95E0,-4.9E-1));
#3969=VERTEX_POINT('',#3968);
#3970=CARTESIAN_POINT('',(3.529787239432E-1,2.95E0,-5.733333969116E-1));
#3971=VERTEX_POINT('',#3970);
#3972=CARTESIAN_POINT('',(3.189361703396E-1,2.95E0,-6.4E-1));
#3973=VERTEX_POINT('',#3972);
#3974=CARTESIAN_POINT('',(2.508510661125E-1,2.95E0,-7.066666030884E-1));
#3975=VERTEX_POINT('',#3974);
#3976=CARTESIAN_POINT('',(3.7E-1,2.95E0,-9.566667938232E-1));
#3977=CARTESIAN_POINT('',(-4.468088150024E-3,2.95E0,-9.566667938232E-1));
#3978=VERTEX_POINT('',#3976);
#3979=VERTEX_POINT('',#3977);
#3980=CARTESIAN_POINT('',(-4.468088150024E-3,2.95E0,-1.423333206177E0));
#3981=VERTEX_POINT('',#3980);
#3982=CARTESIAN_POINT('',(3.7E-1,2.95E0,-1.423333206177E0));
#3983=VERTEX_POINT('',#3982);
#3984=CARTESIAN_POINT('',(3.7E-1,2.95E0,-1.523333206177E0));
#3985=VERTEX_POINT('',#3984);
#3986=CARTESIAN_POINT('',(-4.3E-1,2.95E0,-1.523333206177E0));
#3987=VERTEX_POINT('',#3986);
#3988=CARTESIAN_POINT('',(-4.3E-1,2.95E0,-1.423333206177E0));
#3989=VERTEX_POINT('',#3988);
#3990=CARTESIAN_POINT('',(-1.065957355499E-1,2.95E0,-1.423333206177E0));
#3991=VERTEX_POINT('',#3990);
#3992=CARTESIAN_POINT('',(-1.065957355499E-1,2.95E0,-9.566667938232E-1));
#3993=VERTEX_POINT('',#3992);
#3994=CARTESIAN_POINT('',(-4.3E-1,2.95E0,-9.566667938232E-1));
#3995=VERTEX_POINT('',#3994);
#3996=CARTESIAN_POINT('',(-4.3E-1,2.95E0,-8.566666030884E-1));
#3997=VERTEX_POINT('',#3996);
#3998=CARTESIAN_POINT('',(3.7E-1,2.95E0,-8.566666030884E-1));
#3999=VERTEX_POINT('',#3998);
#4000=CARTESIAN_POINT('',(-3.E0,0.E0,-4.621697986836E0));
#4001=DIRECTION('',(-9.961946980917E-1,8.715574274766E-2,0.E0));
#4002=DIRECTION('',(0.E0,0.E0,-1.E0));
#4003=AXIS2_PLACEMENT_3D('',#4000,#4001,#4002);
#4004=PLANE('',#4003);
#4006=ORIENTED_EDGE('',*,*,#4005,.T.);
#4008=ORIENTED_EDGE('',*,*,#4007,.T.);
#4010=ORIENTED_EDGE('',*,*,#4009,.T.);
#4012=ORIENTED_EDGE('',*,*,#4011,.F.);
#4013=EDGE_LOOP('',(#4006,#4008,#4010,#4012));
#4014=FACE_OUTER_BOUND('',#4013,.F.);
#4016=CARTESIAN_POINT('',(-3.E0,0.E0,-3.632E0));
#4017=DIRECTION('',(9.961946980917E-1,8.715574274766E-2,0.E0));
#4018=DIRECTION('',(0.E0,0.E0,-1.E0));
#4019=AXIS2_PLACEMENT_3D('',#4016,#4017,#4018);
#4020=PLANE('',#4019);
#4022=ORIENTED_EDGE('',*,*,#4021,.F.);
#4024=ORIENTED_EDGE('',*,*,#4023,.F.);
#4025=ORIENTED_EDGE('',*,*,#4005,.F.);
#4027=ORIENTED_EDGE('',*,*,#4026,.T.);
#4028=EDGE_LOOP('',(#4022,#4024,#4025,#4027));
#4029=FACE_OUTER_BOUND('',#4028,.F.);
#4031=CARTESIAN_POINT('',(0.E0,-2.9E0,0.E0));
#4032=DIRECTION('',(0.E0,-1.E0,0.E0));
#4033=DIRECTION('',(0.E0,0.E0,1.E0));
#4034=AXIS2_PLACEMENT_3D('',#4031,#4032,#4033);
#4035=PLANE('',#4034);
#4037=ORIENTED_EDGE('',*,*,#4036,.T.);
#4039=ORIENTED_EDGE('',*,*,#4038,.F.);
#4041=ORIENTED_EDGE('',*,*,#4040,.T.);
#4043=ORIENTED_EDGE('',*,*,#4042,.T.);
#4045=ORIENTED_EDGE('',*,*,#4044,.F.);
#4047=ORIENTED_EDGE('',*,*,#4046,.F.);
#4048=ORIENTED_EDGE('',*,*,#4021,.T.);
#4050=ORIENTED_EDGE('',*,*,#4049,.F.);
#4052=ORIENTED_EDGE('',*,*,#4051,.T.);
#4054=ORIENTED_EDGE('',*,*,#4053,.F.);
#4056=ORIENTED_EDGE('',*,*,#4055,.F.);
#4058=ORIENTED_EDGE('',*,*,#4057,.F.);
#4059=EDGE_LOOP('',(#4037,#4039,#4041,#4043,#4045,#4047,#4048,#4050,#4052,#4054,
#4056,#4058));
#4060=FACE_OUTER_BOUND('',#4059,.F.);
#4062=ORIENTED_EDGE('',*,*,#4061,.F.);
#4064=ORIENTED_EDGE('',*,*,#4063,.T.);
#4066=ORIENTED_EDGE('',*,*,#4065,.T.);
#4068=ORIENTED_EDGE('',*,*,#4067,.F.);
#4069=EDGE_LOOP('',(#4062,#4064,#4066,#4068));
#4070=FACE_BOUND('',#4069,.F.);
#4072=CARTESIAN_POINT('',(3.5E0,-3.E0,-2.E0));
#4073=DIRECTION('',(0.E0,0.E0,1.E0));
#4074=DIRECTION('',(-1.E0,0.E0,0.E0));
#4075=AXIS2_PLACEMENT_3D('',#4072,#4073,#4074);
#4076=PLANE('',#4075);
#4078=ORIENTED_EDGE('',*,*,#4077,.F.);
#4079=ORIENTED_EDGE('',*,*,#4061,.T.);
#4081=ORIENTED_EDGE('',*,*,#4080,.T.);
#4083=ORIENTED_EDGE('',*,*,#4082,.T.);
#4084=EDGE_LOOP('',(#4078,#4079,#4081,#4083));
#4085=FACE_OUTER_BOUND('',#4084,.F.);
#4087=CARTESIAN_POINT('',(2.6E0,-2.9E0,-3.03E0));
#4088=DIRECTION('',(1.E0,0.E0,0.E0));
#4089=DIRECTION('',(0.E0,0.E0,1.E0));
#4090=AXIS2_PLACEMENT_3D('',#4087,#4088,#4089);
#4091=PLANE('',#4090);
#4092=ORIENTED_EDGE('',*,*,#4063,.F.);
#4093=ORIENTED_EDGE('',*,*,#4077,.T.);
#4095=ORIENTED_EDGE('',*,*,#4094,.F.);
#4097=ORIENTED_EDGE('',*,*,#4096,.F.);
#4098=EDGE_LOOP('',(#4092,#4093,#4095,#4097));
#4099=FACE_OUTER_BOUND('',#4098,.F.);
#4101=CARTESIAN_POINT('',(0.E0,-3.05E0,0.E0));
#4102=DIRECTION('',(0.E0,1.E0,0.E0));
#4103=DIRECTION('',(1.E0,0.E0,0.E0));
#4104=AXIS2_PLACEMENT_3D('',#4101,#4102,#4103);
#4105=PLANE('',#4104);
#4106=ORIENTED_EDGE('',*,*,#4094,.T.);
#4107=ORIENTED_EDGE('',*,*,#4082,.F.);
#4109=ORIENTED_EDGE('',*,*,#4108,.F.);
#4111=ORIENTED_EDGE('',*,*,#4110,.T.);
#4112=EDGE_LOOP('',(#4106,#4107,#4109,#4111));
#4113=FACE_OUTER_BOUND('',#4112,.F.);
#4115=CARTESIAN_POINT('',(-2.6E0,-2.9E0,-3.03E0));
#4116=DIRECTION('',(1.E0,0.E0,0.E0));
#4117=DIRECTION('',(0.E0,0.E0,1.E0));
#4118=AXIS2_PLACEMENT_3D('',#4115,#4116,#4117);
#4119=PLANE('',#4118);
#4120=ORIENTED_EDGE('',*,*,#4108,.T.);
#4121=ORIENTED_EDGE('',*,*,#4080,.F.);
#4122=ORIENTED_EDGE('',*,*,#4067,.T.);
#4124=ORIENTED_EDGE('',*,*,#4123,.T.);
#4125=EDGE_LOOP('',(#4120,#4121,#4122,#4124));
#4126=FACE_OUTER_BOUND('',#4125,.F.);
#4128=CARTESIAN_POINT('',(3.5E0,-3.E0,2.E0));
#4129=DIRECTION('',(0.E0,0.E0,1.E0));
#4130=DIRECTION('',(-1.E0,0.E0,0.E0));
#4131=AXIS2_PLACEMENT_3D('',#4128,#4129,#4130);
#4132=PLANE('',#4131);
#4133=ORIENTED_EDGE('',*,*,#4096,.T.);
#4134=ORIENTED_EDGE('',*,*,#4110,.F.);
#4135=ORIENTED_EDGE('',*,*,#4123,.F.);
#4136=ORIENTED_EDGE('',*,*,#4065,.F.);
#4137=EDGE_LOOP('',(#4133,#4134,#4135,#4136));
#4138=FACE_OUTER_BOUND('',#4137,.F.);
#4140=CARTESIAN_POINT('',(3.E0,0.E0,3.632E0));
#4141=DIRECTION('',(-9.961946980917E-1,8.715574274766E-2,0.E0));
#4142=DIRECTION('',(0.E0,0.E0,1.E0));
#4143=AXIS2_PLACEMENT_3D('',#4140,#4141,#4142);
#4144=PLANE('',#4143);
#4145=ORIENTED_EDGE('',*,*,#4036,.F.);
#4147=ORIENTED_EDGE('',*,*,#4146,.F.);
#4149=ORIENTED_EDGE('',*,*,#4148,.T.);
#4151=ORIENTED_EDGE('',*,*,#4150,.T.);
#4152=EDGE_LOOP('',(#4145,#4147,#4149,#4151));
#4153=FACE_OUTER_BOUND('',#4152,.F.);
#4155=CARTESIAN_POINT('',(-3.132E0,0.E0,3.5E0));
#4156=DIRECTION('',(0.E0,8.715574274766E-2,-9.961946980917E-1));
#4157=DIRECTION('',(-1.E0,0.E0,0.E0));
#4158=AXIS2_PLACEMENT_3D('',#4155,#4156,#4157);
#4159=PLANE('',#4158);
#4161=ORIENTED_EDGE('',*,*,#4160,.T.);
#4162=ORIENTED_EDGE('',*,*,#4049,.T.);
#4163=ORIENTED_EDGE('',*,*,#4026,.F.);
#4165=ORIENTED_EDGE('',*,*,#4164,.T.);
#4166=ORIENTED_EDGE('',*,*,#4146,.T.);
#4167=ORIENTED_EDGE('',*,*,#4057,.T.);
#4168=EDGE_LOOP('',(#4161,#4162,#4163,#4165,#4166,#4167));
#4169=FACE_OUTER_BOUND('',#4168,.F.);
#4171=CARTESIAN_POINT('',(0.E0,-2.9E0,0.E0));
#4172=DIRECTION('',(0.E0,1.E0,0.E0));
#4173=DIRECTION('',(0.E0,0.E0,-1.E0));
#4174=AXIS2_PLACEMENT_3D('',#4171,#4172,#4173);
#4175=PLANE('',#4174);
#4177=ORIENTED_EDGE('',*,*,#4176,.T.);
#4179=ORIENTED_EDGE('',*,*,#4178,.F.);
#4180=ORIENTED_EDGE('',*,*,#4160,.F.);
#4182=ORIENTED_EDGE('',*,*,#4181,.F.);
#4183=EDGE_LOOP('',(#4177,#4179,#4180,#4182));
#4184=FACE_OUTER_BOUND('',#4183,.F.);
#4186=CARTESIAN_POINT('',(2.E0,-3.05E0,3.5E0));
#4187=DIRECTION('',(0.E0,0.E0,1.E0));
#4188=DIRECTION('',(-1.E0,0.E0,0.E0));
#4189=AXIS2_PLACEMENT_3D('',#4186,#4187,#4188);
#4190=PLANE('',#4189);
#4192=ORIENTED_EDGE('',*,*,#4191,.F.);
#4193=ORIENTED_EDGE('',*,*,#4176,.F.);
#4195=ORIENTED_EDGE('',*,*,#4194,.T.);
#4197=ORIENTED_EDGE('',*,*,#4196,.T.);
#4198=EDGE_LOOP('',(#4192,#4193,#4195,#4197));
#4199=FACE_OUTER_BOUND('',#4198,.F.);
#4201=CARTESIAN_POINT('',(-2.E0,-2.9E0,2.35E0));
#4202=DIRECTION('',(1.E0,0.E0,0.E0));
#4203=DIRECTION('',(0.E0,0.E0,1.E0));
#4204=AXIS2_PLACEMENT_3D('',#4201,#4202,#4203);
#4205=PLANE('',#4204);
#4206=ORIENTED_EDGE('',*,*,#4178,.T.);
#4207=ORIENTED_EDGE('',*,*,#4191,.T.);
#4209=ORIENTED_EDGE('',*,*,#4208,.T.);
#4211=ORIENTED_EDGE('',*,*,#4210,.F.);
#4213=ORIENTED_EDGE('',*,*,#4212,.T.);
#4215=ORIENTED_EDGE('',*,*,#4214,.F.);
#4216=ORIENTED_EDGE('',*,*,#4051,.F.);
#4217=EDGE_LOOP('',(#4206,#4207,#4209,#4211,#4213,#4215,#4216));
#4218=FACE_OUTER_BOUND('',#4217,.F.);
#4220=FILL_AREA_STYLE_COLOUR('',#8);
#4221=FILL_AREA_STYLE('',(#4220));
#4222=SURFACE_STYLE_FILL_AREA(#4221);
#4223=SURFACE_SIDE_STYLE('',(#4222));
#4224=SURFACE_STYLE_USAGE(.POSITIVE.,#4223);
#4225=FILL_AREA_STYLE_COLOUR('',#11);
#4226=FILL_AREA_STYLE('',(#4225));
#4227=SURFACE_STYLE_FILL_AREA(#4226);
#4228=SURFACE_SIDE_STYLE('',(#4227));
#4229=SURFACE_STYLE_USAGE(.NEGATIVE.,#4228);
#4230=PRESENTATION_STYLE_ASSIGNMENT((#4224,#4229));
#4231=OVER_RIDING_STYLED_ITEM('',(#4230),#4219,#20);
#4232=CARTESIAN_POINT('',(0.E0,0.E0,0.E0));
#4233=DIRECTION('',(0.E0,-1.E0,0.E0));
#4234=DIRECTION('',(0.E0,0.E0,-1.E0));
#4235=AXIS2_PLACEMENT_3D('',#4232,#4233,#4234);
#4236=PLANE('',#4235);
#4237=ORIENTED_EDGE('',*,*,#4208,.F.);
#4238=ORIENTED_EDGE('',*,*,#4196,.F.);
#4240=ORIENTED_EDGE('',*,*,#4239,.F.);
#4242=ORIENTED_EDGE('',*,*,#4241,.F.);
#4243=EDGE_LOOP('',(#4237,#4238,#4240,#4242));
#4244=FACE_OUTER_BOUND('',#4243,.F.);
#4246=FILL_AREA_STYLE_COLOUR('',#8);
#4247=FILL_AREA_STYLE('',(#4246));
#4248=SURFACE_STYLE_FILL_AREA(#4247);
#4249=SURFACE_SIDE_STYLE('',(#4248));
#4250=SURFACE_STYLE_USAGE(.POSITIVE.,#4249);
#4251=FILL_AREA_STYLE_COLOUR('',#11);
#4252=FILL_AREA_STYLE('',(#4251));
#4253=SURFACE_STYLE_FILL_AREA(#4252);
#4254=SURFACE_SIDE_STYLE('',(#4253));
#4255=SURFACE_STYLE_USAGE(.NEGATIVE.,#4254);
#4256=PRESENTATION_STYLE_ASSIGNMENT((#4250,#4255));
#4257=OVER_RIDING_STYLED_ITEM('',(#4256),#4245,#20);
#4258=CARTESIAN_POINT('',(2.E0,-2.9E0,3.5E0));
#4259=DIRECTION('',(-1.E0,0.E0,0.E0));
#4260=DIRECTION('',(0.E0,0.E0,-1.E0));
#4261=AXIS2_PLACEMENT_3D('',#4258,#4259,#4260);
#4262=PLANE('',#4261);
#4264=ORIENTED_EDGE('',*,*,#4263,.T.);
#4266=ORIENTED_EDGE('',*,*,#4265,.T.);
#4267=ORIENTED_EDGE('',*,*,#4239,.T.);
#4268=ORIENTED_EDGE('',*,*,#4194,.F.);
#4269=ORIENTED_EDGE('',*,*,#4181,.T.);
#4270=ORIENTED_EDGE('',*,*,#4055,.T.);
#4272=ORIENTED_EDGE('',*,*,#4271,.T.);
#4273=EDGE_LOOP('',(#4264,#4266,#4267,#4268,#4269,#4270,#4272));
#4274=FACE_OUTER_BOUND('',#4273,.F.);
#4276=FILL_AREA_STYLE_COLOUR('',#8);
#4277=FILL_AREA_STYLE('',(#4276));
#4278=SURFACE_STYLE_FILL_AREA(#4277);
#4279=SURFACE_SIDE_STYLE('',(#4278));
#4280=SURFACE_STYLE_USAGE(.POSITIVE.,#4279);
#4281=FILL_AREA_STYLE_COLOUR('',#11);
#4282=FILL_AREA_STYLE('',(#4281));
#4283=SURFACE_STYLE_FILL_AREA(#4282);
#4284=SURFACE_SIDE_STYLE('',(#4283));
#4285=SURFACE_STYLE_USAGE(.NEGATIVE.,#4284);
#4286=PRESENTATION_STYLE_ASSIGNMENT((#4280,#4285));
#4287=OVER_RIDING_STYLED_ITEM('',(#4286),#4275,#20);
#4288=CARTESIAN_POINT('',(0.E0,-3.05E0,0.E0));
#4289=DIRECTION('',(0.E0,1.E0,0.E0));
#4290=DIRECTION('',(0.E0,0.E0,-1.E0));
#4291=AXIS2_PLACEMENT_3D('',#4288,#4289,#4290);
#4292=PLANE('',#4291);
#4293=ORIENTED_EDGE('',*,*,#4212,.F.);
#4295=ORIENTED_EDGE('',*,*,#4294,.T.);
#4296=ORIENTED_EDGE('',*,*,#4263,.F.);
#4298=ORIENTED_EDGE('',*,*,#4297,.T.);
#4299=EDGE_LOOP('',(#4293,#4295,#4296,#4298));
#4300=FACE_OUTER_BOUND('',#4299,.F.);
#4302=FILL_AREA_STYLE_COLOUR('',#8);
#4303=FILL_AREA_STYLE('',(#4302));
#4304=SURFACE_STYLE_FILL_AREA(#4303);
#4305=SURFACE_SIDE_STYLE('',(#4304));
#4306=SURFACE_STYLE_USAGE(.POSITIVE.,#4305);
#4307=FILL_AREA_STYLE_COLOUR('',#11);
#4308=FILL_AREA_STYLE('',(#4307));
#4309=SURFACE_STYLE_FILL_AREA(#4308);
#4310=SURFACE_SIDE_STYLE('',(#4309));
#4311=SURFACE_STYLE_USAGE(.NEGATIVE.,#4310);
#4312=PRESENTATION_STYLE_ASSIGNMENT((#4306,#4311));
#4313=OVER_RIDING_STYLED_ITEM('',(#4312),#4301,#20);
#4314=CARTESIAN_POINT('',(-2.E0,-3.05E0,3.65E0));
#4315=DIRECTION('',(0.E0,0.E0,-1.E0));
#4316=DIRECTION('',(1.E0,0.E0,0.E0));
#4317=AXIS2_PLACEMENT_3D('',#4314,#4315,#4316);
#4318=PLANE('',#4317);
#4319=ORIENTED_EDGE('',*,*,#4294,.F.);
#4320=ORIENTED_EDGE('',*,*,#4210,.T.);
#4321=ORIENTED_EDGE('',*,*,#4241,.T.);
#4322=ORIENTED_EDGE('',*,*,#4265,.F.);
#4323=EDGE_LOOP('',(#4319,#4320,#4321,#4322));
#4324=FACE_OUTER_BOUND('',#4323,.F.);
#4326=FILL_AREA_STYLE_COLOUR('',#8);
#4327=FILL_AREA_STYLE('',(#4326));
#4328=SURFACE_STYLE_FILL_AREA(#4327);
#4329=SURFACE_SIDE_STYLE('',(#4328));
#4330=SURFACE_STYLE_USAGE(.POSITIVE.,#4329);
#4331=FILL_AREA_STYLE_COLOUR('',#11);
#4332=FILL_AREA_STYLE('',(#4331));
#4333=SURFACE_STYLE_FILL_AREA(#4332);
#4334=SURFACE_SIDE_STYLE('',(#4333));
#4335=SURFACE_STYLE_USAGE(.NEGATIVE.,#4334);
#4336=PRESENTATION_STYLE_ASSIGNMENT((#4330,#4335));
#4337=OVER_RIDING_STYLED_ITEM('',(#4336),#4325,#20);
#4338=CARTESIAN_POINT('',(2.E0,-2.9E0,2.35E0));
#4339=DIRECTION('',(0.E0,0.E0,1.E0));
#4340=DIRECTION('',(-1.E0,0.E0,0.E0));
#4341=AXIS2_PLACEMENT_3D('',#4338,#4339,#4340);
#4342=PLANE('',#4341);
#4343=ORIENTED_EDGE('',*,*,#4271,.F.);
#4344=ORIENTED_EDGE('',*,*,#4053,.T.);
#4345=ORIENTED_EDGE('',*,*,#4214,.T.);
#4346=ORIENTED_EDGE('',*,*,#4297,.F.);
#4347=EDGE_LOOP('',(#4343,#4344,#4345,#4346));
#4348=FACE_OUTER_BOUND('',#4347,.F.);
#4350=FILL_AREA_STYLE_COLOUR('',#8);
#4351=FILL_AREA_STYLE('',(#4350));
#4352=SURFACE_STYLE_FILL_AREA(#4351);
#4353=SURFACE_SIDE_STYLE('',(#4352));
#4354=SURFACE_STYLE_USAGE(.POSITIVE.,#4353);
#4355=FILL_AREA_STYLE_COLOUR('',#11);
#4356=FILL_AREA_STYLE('',(#4355));
#4357=SURFACE_STYLE_FILL_AREA(#4356);
#4358=SURFACE_SIDE_STYLE('',(#4357));
#4359=SURFACE_STYLE_USAGE(.NEGATIVE.,#4358);
#4360=PRESENTATION_STYLE_ASSIGNMENT((#4354,#4359));
#4361=OVER_RIDING_STYLED_ITEM('',(#4360),#4349,#20);
#4362=CARTESIAN_POINT('',(-4.121697986836E0,0.E0,3.5E0));
#4363=DIRECTION('',(0.E0,8.715574274766E-2,9.961946980917E-1));
#4364=DIRECTION('',(-1.E0,0.E0,0.E0));
#4365=AXIS2_PLACEMENT_3D('',#4362,#4363,#4364);
#4366=PLANE('',#4365);
#4367=ORIENTED_EDGE('',*,*,#4164,.F.);
#4368=ORIENTED_EDGE('',*,*,#4011,.T.);
#4370=ORIENTED_EDGE('',*,*,#4369,.T.);
#4372=ORIENTED_EDGE('',*,*,#4371,.F.);
#4373=EDGE_LOOP('',(#4367,#4368,#4370,#4372));
#4374=FACE_OUTER_BOUND('',#4373,.F.);
#4376=CARTESIAN_POINT('',(0.E0,2.95E0,0.E0));
#4377=DIRECTION('',(0.E0,1.E0,0.E0));
#4378=DIRECTION('',(1.E0,0.E0,0.E0));
#4379=AXIS2_PLACEMENT_3D('',#4376,#4377,#4378);
#4380=PLANE('',#4379);
#4381=ORIENTED_EDGE('',*,*,#4009,.F.);
#4383=ORIENTED_EDGE('',*,*,#4382,.F.);
#4385=ORIENTED_EDGE('',*,*,#4384,.F.);
#4386=ORIENTED_EDGE('',*,*,#4369,.F.);
#4387=EDGE_LOOP('',(#4381,#4383,#4385,#4386));
#4388=FACE_OUTER_BOUND('',#4387,.F.);
#4390=ORIENTED_EDGE('',*,*,#4389,.T.);
#4392=ORIENTED_EDGE('',*,*,#4391,.T.);
#4394=ORIENTED_EDGE('',*,*,#4393,.T.);
#4396=ORIENTED_EDGE('',*,*,#4395,.T.);
#4397=EDGE_LOOP('',(#4390,#4392,#4394,#4396));
#4398=FACE_BOUND('',#4397,.F.);
#4400=ORIENTED_EDGE('',*,*,#4399,.T.);
#4402=ORIENTED_EDGE('',*,*,#4401,.T.);
#4404=ORIENTED_EDGE('',*,*,#4403,.T.);
#4406=ORIENTED_EDGE('',*,*,#4405,.T.);
#4408=ORIENTED_EDGE('',*,*,#4407,.T.);
#4410=ORIENTED_EDGE('',*,*,#4409,.T.);
#4412=ORIENTED_EDGE('',*,*,#4411,.T.);
#4414=ORIENTED_EDGE('',*,*,#4413,.T.);
#4415=EDGE_LOOP('',(#4400,#4402,#4404,#4406,#4408,#4410,#4412,#4414));
#4416=FACE_BOUND('',#4415,.F.);
#4418=ORIENTED_EDGE('',*,*,#4417,.T.);
#4420=ORIENTED_EDGE('',*,*,#4419,.T.);
#4422=ORIENTED_EDGE('',*,*,#4421,.T.);
#4424=ORIENTED_EDGE('',*,*,#4423,.T.);
#4426=ORIENTED_EDGE('',*,*,#4425,.T.);
#4428=ORIENTED_EDGE('',*,*,#4427,.T.);
#4430=ORIENTED_EDGE('',*,*,#4429,.T.);
#4432=ORIENTED_EDGE('',*,*,#4431,.T.);
#4434=ORIENTED_EDGE('',*,*,#4433,.T.);
#4436=ORIENTED_EDGE('',*,*,#4435,.T.);
#4438=ORIENTED_EDGE('',*,*,#4437,.T.);
#4440=ORIENTED_EDGE('',*,*,#4439,.T.);
#4442=ORIENTED_EDGE('',*,*,#4441,.T.);
#4444=ORIENTED_EDGE('',*,*,#4443,.T.);
#4446=ORIENTED_EDGE('',*,*,#4445,.T.);
#4448=ORIENTED_EDGE('',*,*,#4447,.T.);
#4450=ORIENTED_EDGE('',*,*,#4449,.T.);
#4452=ORIENTED_EDGE('',*,*,#4451,.T.);
#4454=ORIENTED_EDGE('',*,*,#4453,.T.);
#4456=ORIENTED_EDGE('',*,*,#4455,.T.);
#4458=ORIENTED_EDGE('',*,*,#4457,.T.);
#4460=ORIENTED_EDGE('',*,*,#4459,.T.);
#4462=ORIENTED_EDGE('',*,*,#4461,.T.);
#4464=ORIENTED_EDGE('',*,*,#4463,.T.);
#4465=EDGE_LOOP('',(#4418,#4420,#4422,#4424,#4426,#4428,#4430,#4432,#4434,#4436,
#4438,#4440,#4442,#4444,#4446,#4448,#4450,#4452,#4454,#4456,#4458,#4460,#4462,
#4464));
#4466=FACE_BOUND('',#4465,.F.);
#4468=ORIENTED_EDGE('',*,*,#4467,.T.);
#4470=ORIENTED_EDGE('',*,*,#4469,.T.);
#4472=ORIENTED_EDGE('',*,*,#4471,.T.);
#4474=ORIENTED_EDGE('',*,*,#4473,.T.);
#4476=ORIENTED_EDGE('',*,*,#4475,.T.);
#4478=ORIENTED_EDGE('',*,*,#4477,.T.);
#4480=ORIENTED_EDGE('',*,*,#4479,.T.);
#4482=ORIENTED_EDGE('',*,*,#4481,.T.);
#4484=ORIENTED_EDGE('',*,*,#4483,.T.);
#4486=ORIENTED_EDGE('',*,*,#4485,.T.);
#4488=ORIENTED_EDGE('',*,*,#4487,.T.);
#4490=ORIENTED_EDGE('',*,*,#4489,.T.);
#4492=ORIENTED_EDGE('',*,*,#4491,.T.);
#4494=ORIENTED_EDGE('',*,*,#4493,.T.);
#4496=ORIENTED_EDGE('',*,*,#4495,.T.);
#4498=ORIENTED_EDGE('',*,*,#4497,.T.);
#4499=EDGE_LOOP('',(#4468,#4470,#4472,#4474,#4476,#4478,#4480,#4482,#4484,#4486,
#4488,#4490,#4492,#4494,#4496,#4498));
#4500=FACE_BOUND('',#4499,.F.);
#4502=ORIENTED_EDGE('',*,*,#4501,.T.);
#4504=ORIENTED_EDGE('',*,*,#4503,.T.);
#4506=ORIENTED_EDGE('',*,*,#4505,.T.);
#4508=ORIENTED_EDGE('',*,*,#4507,.T.);
#4510=ORIENTED_EDGE('',*,*,#4509,.T.);
#4512=ORIENTED_EDGE('',*,*,#4511,.T.);
#4514=ORIENTED_EDGE('',*,*,#4513,.T.);
#4516=ORIENTED_EDGE('',*,*,#4515,.T.);
#4518=ORIENTED_EDGE('',*,*,#4517,.T.);
#4520=ORIENTED_EDGE('',*,*,#4519,.T.);
#4522=ORIENTED_EDGE('',*,*,#4521,.T.);
#4524=ORIENTED_EDGE('',*,*,#4523,.T.);
#4526=ORIENTED_EDGE('',*,*,#4525,.T.);
#4528=ORIENTED_EDGE('',*,*,#4527,.T.);
#4530=ORIENTED_EDGE('',*,*,#4529,.T.);
#4532=ORIENTED_EDGE('',*,*,#4531,.T.);
#4534=ORIENTED_EDGE('',*,*,#4533,.T.);
#4536=ORIENTED_EDGE('',*,*,#4535,.T.);
#4538=ORIENTED_EDGE('',*,*,#4537,.T.);
#4540=ORIENTED_EDGE('',*,*,#4539,.T.);
#4542=ORIENTED_EDGE('',*,*,#4541,.T.);
#4544=ORIENTED_EDGE('',*,*,#4543,.T.);
#4546=ORIENTED_EDGE('',*,*,#4545,.T.);
#4548=ORIENTED_EDGE('',*,*,#4547,.T.);
#4550=ORIENTED_EDGE('',*,*,#4549,.T.);
#4552=ORIENTED_EDGE('',*,*,#4551,.T.);
#4554=ORIENTED_EDGE('',*,*,#4553,.T.);
#4556=ORIENTED_EDGE('',*,*,#4555,.T.);
#4558=ORIENTED_EDGE('',*,*,#4557,.T.);
#4560=ORIENTED_EDGE('',*,*,#4559,.T.);
#4562=ORIENTED_EDGE('',*,*,#4561,.T.);
#4564=ORIENTED_EDGE('',*,*,#4563,.T.);
#4566=ORIENTED_EDGE('',*,*,#4565,.T.);
#4568=ORIENTED_EDGE('',*,*,#4567,.T.);
#4570=ORIENTED_EDGE('',*,*,#4569,.T.);
#4572=ORIENTED_EDGE('',*,*,#4571,.T.);
#4574=ORIENTED_EDGE('',*,*,#4573,.T.);
#4576=ORIENTED_EDGE('',*,*,#4575,.T.);
#4578=ORIENTED_EDGE('',*,*,#4577,.T.);
#4580=ORIENTED_EDGE('',*,*,#4579,.T.);
#4581=EDGE_LOOP('',(#4502,#4504,#4506,#4508,#4510,#4512,#4514,#4516,#4518,#4520,
#4522,#4524,#4526,#4528,#4530,#4532,#4534,#4536,#4538,#4540,#4542,#4544,#4546,
#4548,#4550,#4552,#4554,#4556,#4558,#4560,#4562,#4564,#4566,#4568,#4570,#4572,
#4574,#4576,#4578,#4580));
#4582=FACE_BOUND('',#4581,.F.);
#4584=ORIENTED_EDGE('',*,*,#4583,.T.);
#4586=ORIENTED_EDGE('',*,*,#4585,.T.);
#4588=ORIENTED_EDGE('',*,*,#4587,.T.);
#4590=ORIENTED_EDGE('',*,*,#4589,.T.);
#4592=ORIENTED_EDGE('',*,*,#4591,.T.);
#4594=ORIENTED_EDGE('',*,*,#4593,.T.);
#4596=ORIENTED_EDGE('',*,*,#4595,.T.);
#4598=ORIENTED_EDGE('',*,*,#4597,.T.);
#4600=ORIENTED_EDGE('',*,*,#4599,.T.);
#4602=ORIENTED_EDGE('',*,*,#4601,.T.);
#4604=ORIENTED_EDGE('',*,*,#4603,.T.);
#4606=ORIENTED_EDGE('',*,*,#4605,.T.);
#4607=EDGE_LOOP('',(#4584,#4586,#4588,#4590,#4592,#4594,#4596,#4598,#4600,#4602,
#4604,#4606));
#4608=FACE_BOUND('',#4607,.F.);
#4610=CARTESIAN_POINT('',(0.E0,2.95E0,0.E0));
#4611=DIRECTION('',(0.E0,1.E0,0.E0));
#4612=DIRECTION('',(1.E0,0.E0,0.E0));
#4613=AXIS2_PLACEMENT_3D('',#4610,#4611,#4612);
#4614=PLANE('',#4613);
#4616=ORIENTED_EDGE('',*,*,#4615,.T.);
#4618=ORIENTED_EDGE('',*,*,#4617,.T.);
#4620=ORIENTED_EDGE('',*,*,#4619,.T.);
#4622=ORIENTED_EDGE('',*,*,#4621,.T.);
#4624=ORIENTED_EDGE('',*,*,#4623,.T.);
#4626=ORIENTED_EDGE('',*,*,#4625,.T.);
#4628=ORIENTED_EDGE('',*,*,#4627,.T.);
#4630=ORIENTED_EDGE('',*,*,#4629,.T.);
#4632=ORIENTED_EDGE('',*,*,#4631,.T.);
#4634=ORIENTED_EDGE('',*,*,#4633,.T.);
#4636=ORIENTED_EDGE('',*,*,#4635,.T.);
#4638=ORIENTED_EDGE('',*,*,#4637,.T.);
#4640=ORIENTED_EDGE('',*,*,#4639,.T.);
#4642=ORIENTED_EDGE('',*,*,#4641,.T.);
#4644=ORIENTED_EDGE('',*,*,#4643,.T.);
#4646=ORIENTED_EDGE('',*,*,#4645,.T.);
#4648=ORIENTED_EDGE('',*,*,#4647,.T.);
#4650=ORIENTED_EDGE('',*,*,#4649,.T.);
#4652=ORIENTED_EDGE('',*,*,#4651,.T.);
#4654=ORIENTED_EDGE('',*,*,#4653,.T.);
#4655=EDGE_LOOP('',(#4616,#4618,#4620,#4622,#4624,#4626,#4628,#4630,#4632,#4634,
#4636,#4638,#4640,#4642,#4644,#4646,#4648,#4650,#4652,#4654));
#4656=FACE_OUTER_BOUND('',#4655,.F.);
#4658=CARTESIAN_POINT('',(0.E0,2.95E0,0.E0));
#4659=DIRECTION('',(0.E0,1.E0,0.E0));
#4660=DIRECTION('',(1.E0,0.E0,0.E0));
#4661=AXIS2_PLACEMENT_3D('',#4658,#4659,#4660);
#4662=PLANE('',#4661);
#4664=ORIENTED_EDGE('',*,*,#4663,.T.);
#4666=ORIENTED_EDGE('',*,*,#4665,.T.);
#4668=ORIENTED_EDGE('',*,*,#4667,.T.);
#4670=ORIENTED_EDGE('',*,*,#4669,.T.);
#4672=ORIENTED_EDGE('',*,*,#4671,.T.);
#4674=ORIENTED_EDGE('',*,*,#4673,.T.);
#4676=ORIENTED_EDGE('',*,*,#4675,.T.);
#4678=ORIENTED_EDGE('',*,*,#4677,.T.);
#4680=ORIENTED_EDGE('',*,*,#4679,.T.);
#4682=ORIENTED_EDGE('',*,*,#4681,.T.);
#4683=EDGE_LOOP('',(#4664,#4666,#4668,#4670,#4672,#4674,#4676,#4678,#4680,
#4682));
#4684=FACE_OUTER_BOUND('',#4683,.F.);
#4686=CARTESIAN_POINT('',(4.121697986836E0,0.E0,-3.5E0));
#4687=DIRECTION('',(0.E0,8.715574274766E-2,-9.961946980917E-1));
#4688=DIRECTION('',(1.E0,0.E0,0.E0));
#4689=AXIS2_PLACEMENT_3D('',#4686,#4687,#4688);
#4690=PLANE('',#4689);
#4692=ORIENTED_EDGE('',*,*,#4691,.T.);
#4694=ORIENTED_EDGE('',*,*,#4693,.T.);
#4695=ORIENTED_EDGE('',*,*,#4382,.T.);
#4696=ORIENTED_EDGE('',*,*,#4007,.F.);
#4697=EDGE_LOOP('',(#4692,#4694,#4695,#4696));
#4698=FACE_OUTER_BOUND('',#4697,.F.);
#4700=CARTESIAN_POINT('',(3.132E0,0.E0,-3.5E0));
#4701=DIRECTION('',(0.E0,8.715574274766E-2,9.961946980917E-1));
#4702=DIRECTION('',(1.E0,0.E0,0.E0));
#4703=AXIS2_PLACEMENT_3D('',#4700,#4701,#4702);
#4704=PLANE('',#4703);
#4706=ORIENTED_EDGE('',*,*,#4705,.F.);
#4707=ORIENTED_EDGE('',*,*,#4038,.T.);
#4708=ORIENTED_EDGE('',*,*,#4150,.F.);
#4709=ORIENTED_EDGE('',*,*,#4691,.F.);
#4710=ORIENTED_EDGE('',*,*,#4023,.T.);
#4711=ORIENTED_EDGE('',*,*,#4046,.T.);
#4712=EDGE_LOOP('',(#4706,#4707,#4708,#4709,#4710,#4711));
#4713=FACE_OUTER_BOUND('',#4712,.F.);
#4715=CARTESIAN_POINT('',(0.E0,-2.9E0,0.E0));
#4716=DIRECTION('',(0.E0,-1.E0,0.E0));
#4717=DIRECTION('',(0.E0,0.E0,1.E0));
#4718=AXIS2_PLACEMENT_3D('',#4715,#4716,#4717);
#4719=PLANE('',#4718);
#4721=ORIENTED_EDGE('',*,*,#4720,.F.);
#4723=ORIENTED_EDGE('',*,*,#4722,.T.);
#4724=ORIENTED_EDGE('',*,*,#4705,.T.);
#4726=ORIENTED_EDGE('',*,*,#4725,.T.);
#4727=EDGE_LOOP('',(#4721,#4723,#4724,#4726));
#4728=FACE_OUTER_BOUND('',#4727,.F.);
#4730=CARTESIAN_POINT('',(2.E0,-3.05E0,-3.5E0));
#4731=DIRECTION('',(0.E0,0.E0,1.E0));
#4732=DIRECTION('',(-1.E0,0.E0,0.E0));
#4733=AXIS2_PLACEMENT_3D('',#4730,#4731,#4732);
#4734=PLANE('',#4733);
#4735=ORIENTED_EDGE('',*,*,#4720,.T.);
#4737=ORIENTED_EDGE('',*,*,#4736,.T.);
#4739=ORIENTED_EDGE('',*,*,#4738,.F.);
#4741=ORIENTED_EDGE('',*,*,#4740,.F.);
#4742=EDGE_LOOP('',(#4735,#4737,#4739,#4741));
#4743=FACE_OUTER_BOUND('',#4742,.F.);
#4745=CARTESIAN_POINT('',(-2.E0,-2.9E0,-2.35E0));
#4746=DIRECTION('',(-1.E0,0.E0,0.E0));
#4747=DIRECTION('',(0.E0,0.E0,-1.E0));
#4748=AXIS2_PLACEMENT_3D('',#4745,#4746,#4747);
#4749=PLANE('',#4748);
#4751=ORIENTED_EDGE('',*,*,#4750,.T.);
#4753=ORIENTED_EDGE('',*,*,#4752,.T.);
#4755=ORIENTED_EDGE('',*,*,#4754,.F.);
#4756=ORIENTED_EDGE('',*,*,#4736,.F.);
#4757=ORIENTED_EDGE('',*,*,#4725,.F.);
#4758=ORIENTED_EDGE('',*,*,#4044,.T.);
#4760=ORIENTED_EDGE('',*,*,#4759,.T.);
#4761=EDGE_LOOP('',(#4751,#4753,#4755,#4756,#4757,#4758,#4760));
#4762=FACE_OUTER_BOUND('',#4761,.F.);
#4764=FILL_AREA_STYLE_COLOUR('',#8);
#4765=FILL_AREA_STYLE('',(#4764));
#4766=SURFACE_STYLE_FILL_AREA(#4765);
#4767=SURFACE_SIDE_STYLE('',(#4766));
#4768=SURFACE_STYLE_USAGE(.POSITIVE.,#4767);
#4769=FILL_AREA_STYLE_COLOUR('',#11);
#4770=FILL_AREA_STYLE('',(#4769));
#4771=SURFACE_STYLE_FILL_AREA(#4770);
#4772=SURFACE_SIDE_STYLE('',(#4771));
#4773=SURFACE_STYLE_USAGE(.NEGATIVE.,#4772);
#4774=PRESENTATION_STYLE_ASSIGNMENT((#4768,#4773));
#4775=OVER_RIDING_STYLED_ITEM('',(#4774),#4763,#20);
#4776=CARTESIAN_POINT('',(0.E0,-3.05E0,0.E0));
#4777=DIRECTION('',(0.E0,-1.E0,0.E0));
#4778=DIRECTION('',(0.E0,0.E0,1.E0));
#4779=AXIS2_PLACEMENT_3D('',#4776,#4777,#4778);
#4780=PLANE('',#4779);
#4782=ORIENTED_EDGE('',*,*,#4781,.F.);
#4784=ORIENTED_EDGE('',*,*,#4783,.F.);
#4785=ORIENTED_EDGE('',*,*,#4750,.F.);
#4787=ORIENTED_EDGE('',*,*,#4786,.F.);
#4788=EDGE_LOOP('',(#4782,#4784,#4785,#4787));
#4789=FACE_OUTER_BOUND('',#4788,.F.);
#4791=FILL_AREA_STYLE_COLOUR('',#8);
#4792=FILL_AREA_STYLE('',(#4791));
#4793=SURFACE_STYLE_FILL_AREA(#4792);
#4794=SURFACE_SIDE_STYLE('',(#4793));
#4795=SURFACE_STYLE_USAGE(.POSITIVE.,#4794);
#4796=FILL_AREA_STYLE_COLOUR('',#11);
#4797=FILL_AREA_STYLE('',(#4796));
#4798=SURFACE_STYLE_FILL_AREA(#4797);
#4799=SURFACE_SIDE_STYLE('',(#4798));
#4800=SURFACE_STYLE_USAGE(.NEGATIVE.,#4799);
#4801=PRESENTATION_STYLE_ASSIGNMENT((#4795,#4800));
#4802=OVER_RIDING_STYLED_ITEM('',(#4801),#4790,#20);
#4803=CARTESIAN_POINT('',(2.E0,-2.9E0,-3.5E0));
#4804=DIRECTION('',(1.E0,0.E0,0.E0));
#4805=DIRECTION('',(0.E0,0.E0,1.E0));
#4806=AXIS2_PLACEMENT_3D('',#4803,#4804,#4805);
#4807=PLANE('',#4806);
#4808=ORIENTED_EDGE('',*,*,#4722,.F.);
#4809=ORIENTED_EDGE('',*,*,#4740,.T.);
#4811=ORIENTED_EDGE('',*,*,#4810,.F.);
#4813=ORIENTED_EDGE('',*,*,#4812,.F.);
#4814=ORIENTED_EDGE('',*,*,#4781,.T.);
#4816=ORIENTED_EDGE('',*,*,#4815,.F.);
#4817=ORIENTED_EDGE('',*,*,#4040,.F.);
#4818=EDGE_LOOP('',(#4808,#4809,#4811,#4813,#4814,#4816,#4817));
#4819=FACE_OUTER_BOUND('',#4818,.F.);
#4821=FILL_AREA_STYLE_COLOUR('',#8);
#4822=FILL_AREA_STYLE('',(#4821));
#4823=SURFACE_STYLE_FILL_AREA(#4822);
#4824=SURFACE_SIDE_STYLE('',(#4823));
#4825=SURFACE_STYLE_USAGE(.POSITIVE.,#4824);
#4826=FILL_AREA_STYLE_COLOUR('',#11);
#4827=FILL_AREA_STYLE('',(#4826));
#4828=SURFACE_STYLE_FILL_AREA(#4827);
#4829=SURFACE_SIDE_STYLE('',(#4828));
#4830=SURFACE_STYLE_USAGE(.NEGATIVE.,#4829);
#4831=PRESENTATION_STYLE_ASSIGNMENT((#4825,#4830));
#4832=OVER_RIDING_STYLED_ITEM('',(#4831),#4820,#20);
#4833=CARTESIAN_POINT('',(0.E0,0.E0,0.E0));
#4834=DIRECTION('',(0.E0,1.E0,0.E0));
#4835=DIRECTION('',(0.E0,0.E0,1.E0));
#4836=AXIS2_PLACEMENT_3D('',#4833,#4834,#4835);
#4837=PLANE('',#4836);
#4838=ORIENTED_EDGE('',*,*,#4754,.T.);
#4840=ORIENTED_EDGE('',*,*,#4839,.T.);
#4841=ORIENTED_EDGE('',*,*,#4810,.T.);
#4842=ORIENTED_EDGE('',*,*,#4738,.T.);
#4843=EDGE_LOOP('',(#4838,#4840,#4841,#4842));
#4844=FACE_OUTER_BOUND('',#4843,.F.);
#4846=FILL_AREA_STYLE_COLOUR('',#8);
#4847=FILL_AREA_STYLE('',(#4846));
#4848=SURFACE_STYLE_FILL_AREA(#4847);
#4849=SURFACE_SIDE_STYLE('',(#4848));
#4850=SURFACE_STYLE_USAGE(.POSITIVE.,#4849);
#4851=FILL_AREA_STYLE_COLOUR('',#11);
#4852=FILL_AREA_STYLE('',(#4851));
#4853=SURFACE_STYLE_FILL_AREA(#4852);
#4854=SURFACE_SIDE_STYLE('',(#4853));
#4855=SURFACE_STYLE_USAGE(.NEGATIVE.,#4854);
#4856=PRESENTATION_STYLE_ASSIGNMENT((#4850,#4855));
#4857=OVER_RIDING_STYLED_ITEM('',(#4856),#4845,#20);
#4858=CARTESIAN_POINT('',(-2.E0,-3.05E0,-3.65E0));
#4859=DIRECTION('',(0.E0,0.E0,-1.E0));
#4860=DIRECTION('',(1.E0,0.E0,0.E0));
#4861=AXIS2_PLACEMENT_3D('',#4858,#4859,#4860);
#4862=PLANE('',#4861);
#4863=ORIENTED_EDGE('',*,*,#4783,.T.);
#4864=ORIENTED_EDGE('',*,*,#4812,.T.);
#4865=ORIENTED_EDGE('',*,*,#4839,.F.);
#4866=ORIENTED_EDGE('',*,*,#4752,.F.);
#4867=EDGE_LOOP('',(#4863,#4864,#4865,#4866));
#4868=FACE_OUTER_BOUND('',#4867,.F.);
#4870=FILL_AREA_STYLE_COLOUR('',#8);
#4871=FILL_AREA_STYLE('',(#4870));
#4872=SURFACE_STYLE_FILL_AREA(#4871);
#4873=SURFACE_SIDE_STYLE('',(#4872));
#4874=SURFACE_STYLE_USAGE(.POSITIVE.,#4873);
#4875=FILL_AREA_STYLE_COLOUR('',#11);
#4876=FILL_AREA_STYLE('',(#4875));
#4877=SURFACE_STYLE_FILL_AREA(#4876);
#4878=SURFACE_SIDE_STYLE('',(#4877));
#4879=SURFACE_STYLE_USAGE(.NEGATIVE.,#4878);
#4880=PRESENTATION_STYLE_ASSIGNMENT((#4874,#4879));
#4881=OVER_RIDING_STYLED_ITEM('',(#4880),#4869,#20);
#4882=CARTESIAN_POINT('',(2.E0,-2.9E0,-2.35E0));
#4883=DIRECTION('',(0.E0,0.E0,1.E0));
#4884=DIRECTION('',(-1.E0,0.E0,0.E0));
#4885=AXIS2_PLACEMENT_3D('',#4882,#4883,#4884);
#4886=PLANE('',#4885);
#4887=ORIENTED_EDGE('',*,*,#4042,.F.);
#4888=ORIENTED_EDGE('',*,*,#4815,.T.);
#4889=ORIENTED_EDGE('',*,*,#4786,.T.);
#4890=ORIENTED_EDGE('',*,*,#4759,.F.);
#4891=EDGE_LOOP('',(#4887,#4888,#4889,#4890));
#4892=FACE_OUTER_BOUND('',#4891,.F.);
#4894=FILL_AREA_STYLE_COLOUR('',#8);
#4895=FILL_AREA_STYLE('',(#4894));
#4896=SURFACE_STYLE_FILL_AREA(#4895);
#4897=SURFACE_SIDE_STYLE('',(#4896));
#4898=SURFACE_STYLE_USAGE(.POSITIVE.,#4897);
#4899=FILL_AREA_STYLE_COLOUR('',#11);
#4900=FILL_AREA_STYLE('',(#4899));
#4901=SURFACE_STYLE_FILL_AREA(#4900);
#4902=SURFACE_SIDE_STYLE('',(#4901));
#4903=SURFACE_STYLE_USAGE(.NEGATIVE.,#4902);
#4904=PRESENTATION_STYLE_ASSIGNMENT((#4898,#4903));
#4905=OVER_RIDING_STYLED_ITEM('',(#4904),#4893,#20);
#4906=CARTESIAN_POINT('',(3.E0,0.E0,4.621697986836E0));
#4907=DIRECTION('',(9.961946980917E-1,8.715574274766E-2,0.E0));
#4908=DIRECTION('',(0.E0,0.E0,1.E0));
#4909=AXIS2_PLACEMENT_3D('',#4906,#4907,#4908);
#4910=PLANE('',#4909);
#4911=ORIENTED_EDGE('',*,*,#4148,.F.);
#4912=ORIENTED_EDGE('',*,*,#4371,.T.);
#4913=ORIENTED_EDGE('',*,*,#4384,.T.);
#4914=ORIENTED_EDGE('',*,*,#4693,.F.);
#4915=EDGE_LOOP('',(#4911,#4912,#4913,#4914));
#4916=FACE_OUTER_BOUND('',#4915,.F.);
#4918=CARTESIAN_POINT('',(-2.66E0,2.95E0,-2.85E0));
#4919=DIRECTION('',(0.E0,0.E0,1.E0));
#4920=DIRECTION('',(1.E0,0.E0,0.E0));
#4921=AXIS2_PLACEMENT_3D('',#4918,#4919,#4920);
#4922=PLANE('',#4921);
#4923=ORIENTED_EDGE('',*,*,#4389,.F.);
#4925=ORIENTED_EDGE('',*,*,#4924,.T.);
#4927=ORIENTED_EDGE('',*,*,#4926,.T.);
#4929=ORIENTED_EDGE('',*,*,#4928,.F.);
#4930=EDGE_LOOP('',(#4923,#4925,#4927,#4929));
#4931=FACE_OUTER_BOUND('',#4930,.F.);
#4933=CARTESIAN_POINT('',(-2.66E0,2.95E0,-3.15E0));
#4934=DIRECTION('',(-1.E0,0.E0,0.E0));
#4935=DIRECTION('',(0.E0,0.E0,1.E0));
#4936=AXIS2_PLACEMENT_3D('',#4933,#4934,#4935);
#4937=PLANE('',#4936);
#4938=ORIENTED_EDGE('',*,*,#4395,.F.);
#4940=ORIENTED_EDGE('',*,*,#4939,.T.);
#4942=ORIENTED_EDGE('',*,*,#4941,.T.);
#4943=ORIENTED_EDGE('',*,*,#4924,.F.);
#4944=EDGE_LOOP('',(#4938,#4940,#4942,#4943));
#4945=FACE_OUTER_BOUND('',#4944,.F.);
#4947=CARTESIAN_POINT('',(2.66E0,2.95E0,-3.15E0));
#4948=DIRECTION('',(0.E0,0.E0,-1.E0));
#4949=DIRECTION('',(-1.E0,0.E0,0.E0));
#4950=AXIS2_PLACEMENT_3D('',#4947,#4948,#4949);
#4951=PLANE('',#4950);
#4952=ORIENTED_EDGE('',*,*,#4393,.F.);
#4954=ORIENTED_EDGE('',*,*,#4953,.T.);
#4956=ORIENTED_EDGE('',*,*,#4955,.T.);
#4957=ORIENTED_EDGE('',*,*,#4939,.F.);
#4958=EDGE_LOOP('',(#4952,#4954,#4956,#4957));
#4959=FACE_OUTER_BOUND('',#4958,.F.);
#4961=CARTESIAN_POINT('',(2.66E0,2.95E0,-2.85E0));
#4962=DIRECTION('',(1.E0,0.E0,0.E0));
#4963=DIRECTION('',(0.E0,0.E0,-1.E0));
#4964=AXIS2_PLACEMENT_3D('',#4961,#4962,#4963);
#4965=PLANE('',#4964);
#4966=ORIENTED_EDGE('',*,*,#4391,.F.);
#4967=ORIENTED_EDGE('',*,*,#4928,.T.);
#4969=ORIENTED_EDGE('',*,*,#4968,.T.);
#4970=ORIENTED_EDGE('',*,*,#4953,.F.);
#4971=EDGE_LOOP('',(#4966,#4967,#4969,#4970));
#4972=FACE_OUTER_BOUND('',#4971,.F.);
#4974=CARTESIAN_POINT('',(0.E0,2.94E0,0.E0));
#4975=DIRECTION('',(0.E0,1.E0,0.E0));
#4976=DIRECTION('',(0.E0,0.E0,-1.E0));
#4977=AXIS2_PLACEMENT_3D('',#4974,#4975,#4976);
#4978=PLANE('',#4977);
#4979=ORIENTED_EDGE('',*,*,#4926,.F.);
#4980=ORIENTED_EDGE('',*,*,#4941,.F.);
#4981=ORIENTED_EDGE('',*,*,#4955,.F.);
#4982=ORIENTED_EDGE('',*,*,#4968,.F.);
#4983=EDGE_LOOP('',(#4979,#4980,#4981,#4982));
#4984=FACE_OUTER_BOUND('',#4983,.F.);
#4986=FILL_AREA_STYLE_COLOUR('',#14);
#4987=FILL_AREA_STYLE('',(#4986));
#4988=SURFACE_STYLE_FILL_AREA(#4987);
#4989=SURFACE_SIDE_STYLE('',(#4988));
#4990=SURFACE_STYLE_USAGE(.POSITIVE.,#4989);
#4991=FILL_AREA_STYLE_COLOUR('',#11);
#4992=FILL_AREA_STYLE('',(#4991));
#4993=SURFACE_STYLE_FILL_AREA(#4992);
#4994=SURFACE_SIDE_STYLE('',(#4993));
#4995=SURFACE_STYLE_USAGE(.NEGATIVE.,#4994);
#4996=PRESENTATION_STYLE_ASSIGNMENT((#4990,#4995));
#4997=OVER_RIDING_STYLED_ITEM('',(#4996),#4985,#20);
#4998=CARTESIAN_POINT('',(-4.3E-1,2.95E0,1.626666650772E0));
#4999=DIRECTION('',(-1.E0,0.E0,0.E0));
#5000=DIRECTION('',(0.E0,0.E0,1.E0));
#5001=AXIS2_PLACEMENT_3D('',#4998,#4999,#5000);
#5002=PLANE('',#5001);
#5003=ORIENTED_EDGE('',*,*,#4399,.F.);
#5005=ORIENTED_EDGE('',*,*,#5004,.T.);
#5007=ORIENTED_EDGE('',*,*,#5006,.T.);
#5009=ORIENTED_EDGE('',*,*,#5008,.F.);
#5010=EDGE_LOOP('',(#5003,#5005,#5007,#5009));
#5011=FACE_OUTER_BOUND('',#5010,.F.);
#5013=CARTESIAN_POINT('',(-3.448936271667E-1,2.95E0,1.626666650772E0));
#5014=DIRECTION('',(0.E0,0.E0,-1.E0));
#5015=DIRECTION('',(-1.E0,0.E0,0.E0));
#5016=AXIS2_PLACEMENT_3D('',#5013,#5014,#5015);
#5017=PLANE('',#5016);
#5018=ORIENTED_EDGE('',*,*,#4413,.F.);
#5020=ORIENTED_EDGE('',*,*,#5019,.T.);
#5022=ORIENTED_EDGE('',*,*,#5021,.T.);
#5023=ORIENTED_EDGE('',*,*,#5004,.F.);
#5024=EDGE_LOOP('',(#5018,#5020,#5022,#5023));
#5025=FACE_OUTER_BOUND('',#5024,.F.);
#5027=CARTESIAN_POINT('',(-3.448936271667E-1,2.95E0,1.893333325386E0));
#5028=DIRECTION('',(1.E0,0.E0,0.E0));
#5029=DIRECTION('',(0.E0,0.E0,-1.E0));
#5030=AXIS2_PLACEMENT_3D('',#5027,#5028,#5029);
#5031=PLANE('',#5030);
#5032=ORIENTED_EDGE('',*,*,#4411,.F.);
#5034=ORIENTED_EDGE('',*,*,#5033,.T.);
#5036=ORIENTED_EDGE('',*,*,#5035,.T.);
#5037=ORIENTED_EDGE('',*,*,#5019,.F.);
#5038=EDGE_LOOP('',(#5032,#5034,#5036,#5037));
#5039=FACE_OUTER_BOUND('',#5038,.F.);
#5041=CARTESIAN_POINT('',(3.7E-1,2.95E0,1.893333325386E0));
#5042=DIRECTION('',(0.E0,0.E0,-1.E0));
#5043=DIRECTION('',(-1.E0,0.E0,0.E0));
#5044=AXIS2_PLACEMENT_3D('',#5041,#5042,#5043);
#5045=PLANE('',#5044);
#5046=ORIENTED_EDGE('',*,*,#4409,.F.);
#5048=ORIENTED_EDGE('',*,*,#5047,.T.);
#5050=ORIENTED_EDGE('',*,*,#5049,.T.);
#5051=ORIENTED_EDGE('',*,*,#5033,.F.);
#5052=EDGE_LOOP('',(#5046,#5048,#5050,#5051));
#5053=FACE_OUTER_BOUND('',#5052,.F.);
#5055=CARTESIAN_POINT('',(3.7E-1,2.95E0,1.993333325386E0));
#5056=DIRECTION('',(1.E0,0.E0,0.E0));
#5057=DIRECTION('',(0.E0,0.E0,-1.E0));
#5058=AXIS2_PLACEMENT_3D('',#5055,#5056,#5057);
#5059=PLANE('',#5058);
#5060=ORIENTED_EDGE('',*,*,#4407,.F.);
#5062=ORIENTED_EDGE('',*,*,#5061,.T.);
#5064=ORIENTED_EDGE('',*,*,#5063,.T.);
#5065=ORIENTED_EDGE('',*,*,#5047,.F.);
#5066=EDGE_LOOP('',(#5060,#5062,#5064,#5065));
#5067=FACE_OUTER_BOUND('',#5066,.F.);
#5069=CARTESIAN_POINT('',(-3.448936271667E-1,2.95E0,1.993333325386E0));
#5070=DIRECTION('',(0.E0,0.E0,1.E0));
#5071=DIRECTION('',(1.E0,0.E0,0.E0));
#5072=AXIS2_PLACEMENT_3D('',#5069,#5070,#5071);
#5073=PLANE('',#5072);
#5074=ORIENTED_EDGE('',*,*,#4405,.F.);
#5076=ORIENTED_EDGE('',*,*,#5075,.T.);
#5078=ORIENTED_EDGE('',*,*,#5077,.T.);
#5079=ORIENTED_EDGE('',*,*,#5061,.F.);
#5080=EDGE_LOOP('',(#5074,#5076,#5078,#5079));
#5081=FACE_OUTER_BOUND('',#5080,.F.);
#5083=CARTESIAN_POINT('',(-3.448936271667E-1,2.95E0,2.26E0));
#5084=DIRECTION('',(1.E0,0.E0,0.E0));
#5085=DIRECTION('',(0.E0,0.E0,-1.E0));
#5086=AXIS2_PLACEMENT_3D('',#5083,#5084,#5085);
#5087=PLANE('',#5086);
#5088=ORIENTED_EDGE('',*,*,#4403,.F.);
#5090=ORIENTED_EDGE('',*,*,#5089,.T.);
#5092=ORIENTED_EDGE('',*,*,#5091,.T.);
#5093=ORIENTED_EDGE('',*,*,#5075,.F.);
#5094=EDGE_LOOP('',(#5088,#5090,#5092,#5093));
#5095=FACE_OUTER_BOUND('',#5094,.F.);
#5097=CARTESIAN_POINT('',(-4.3E-1,2.95E0,2.26E0));
#5098=DIRECTION('',(0.E0,0.E0,1.E0));
#5099=DIRECTION('',(1.E0,0.E0,0.E0));
#5100=AXIS2_PLACEMENT_3D('',#5097,#5098,#5099);
#5101=PLANE('',#5100);
#5102=ORIENTED_EDGE('',*,*,#4401,.F.);
#5103=ORIENTED_EDGE('',*,*,#5008,.T.);
#5105=ORIENTED_EDGE('',*,*,#5104,.T.);
#5106=ORIENTED_EDGE('',*,*,#5089,.F.);
#5107=EDGE_LOOP('',(#5102,#5103,#5105,#5106));
#5108=FACE_OUTER_BOUND('',#5107,.F.);
#5110=CARTESIAN_POINT('',(0.E0,2.94E0,0.E0));
#5111=DIRECTION('',(0.E0,1.E0,0.E0));
#5112=DIRECTION('',(0.E0,0.E0,-1.E0));
#5113=AXIS2_PLACEMENT_3D('',#5110,#5111,#5112);
#5114=PLANE('',#5113);
#5115=ORIENTED_EDGE('',*,*,#5006,.F.);
#5116=ORIENTED_EDGE('',*,*,#5021,.F.);
#5117=ORIENTED_EDGE('',*,*,#5035,.F.);
#5118=ORIENTED_EDGE('',*,*,#5049,.F.);
#5119=ORIENTED_EDGE('',*,*,#5063,.F.);
#5120=ORIENTED_EDGE('',*,*,#5077,.F.);
#5121=ORIENTED_EDGE('',*,*,#5091,.F.);
#5122=ORIENTED_EDGE('',*,*,#5104,.F.);
#5123=EDGE_LOOP('',(#5115,#5116,#5117,#5118,#5119,#5120,#5121,#5122));
#5124=FACE_OUTER_BOUND('',#5123,.F.);
#5126=FILL_AREA_STYLE_COLOUR('',#6);
#5127=FILL_AREA_STYLE('',(#5126));
#5128=SURFACE_STYLE_FILL_AREA(#5127);
#5129=SURFACE_SIDE_STYLE('',(#5128));
#5130=SURFACE_STYLE_USAGE(.POSITIVE.,#5129);
#5131=FILL_AREA_STYLE_COLOUR('',#11);
#5132=FILL_AREA_STYLE('',(#5131));
#5133=SURFACE_STYLE_FILL_AREA(#5132);
#5134=SURFACE_SIDE_STYLE('',(#5133));
#5135=SURFACE_STYLE_USAGE(.NEGATIVE.,#5134);
#5136=PRESENTATION_STYLE_ASSIGNMENT((#5130,#5135));
#5137=OVER_RIDING_STYLED_ITEM('',(#5136),#5125,#20);
#5138=CARTESIAN_POINT('',(0.E0,2.94E0,0.E0));
#5139=DIRECTION('',(0.E0,1.E0,0.E0));
#5140=DIRECTION('',(0.E0,0.E0,-1.E0));
#5141=AXIS2_PLACEMENT_3D('',#5138,#5139,#5140);
#5142=PLANE('',#5141);
#5144=ORIENTED_EDGE('',*,*,#5143,.F.);
#5146=ORIENTED_EDGE('',*,*,#5145,.F.);
#5148=ORIENTED_EDGE('',*,*,#5147,.F.);
#5150=ORIENTED_EDGE('',*,*,#5149,.F.);
#5152=ORIENTED_EDGE('',*,*,#5151,.F.);
#5154=ORIENTED_EDGE('',*,*,#5153,.F.);
#5156=ORIENTED_EDGE('',*,*,#5155,.F.);
#5158=ORIENTED_EDGE('',*,*,#5157,.F.);
#5160=ORIENTED_EDGE('',*,*,#5159,.F.);
#5162=ORIENTED_EDGE('',*,*,#5161,.F.);
#5164=ORIENTED_EDGE('',*,*,#5163,.F.);
#5166=ORIENTED_EDGE('',*,*,#5165,.F.);
#5168=ORIENTED_EDGE('',*,*,#5167,.F.);
#5170=ORIENTED_EDGE('',*,*,#5169,.F.);
#5172=ORIENTED_EDGE('',*,*,#5171,.F.);
#5174=ORIENTED_EDGE('',*,*,#5173,.F.);
#5176=ORIENTED_EDGE('',*,*,#5175,.F.);
#5178=ORIENTED_EDGE('',*,*,#5177,.F.);
#5180=ORIENTED_EDGE('',*,*,#5179,.F.);
#5182=ORIENTED_EDGE('',*,*,#5181,.F.);
#5184=ORIENTED_EDGE('',*,*,#5183,.F.);
#5186=ORIENTED_EDGE('',*,*,#5185,.F.);
#5188=ORIENTED_EDGE('',*,*,#5187,.F.);
#5190=ORIENTED_EDGE('',*,*,#5189,.F.);
#5191=EDGE_LOOP('',(#5144,#5146,#5148,#5150,#5152,#5154,#5156,#5158,#5160,#5162,
#5164,#5166,#5168,#5170,#5172,#5174,#5176,#5178,#5180,#5182,#5184,#5186,#5188,
#5190));
#5192=FACE_OUTER_BOUND('',#5191,.F.);
#5194=ORIENTED_EDGE('',*,*,#5193,.F.);
#5196=ORIENTED_EDGE('',*,*,#5195,.F.);
#5198=ORIENTED_EDGE('',*,*,#5197,.F.);
#5200=ORIENTED_EDGE('',*,*,#5199,.F.);
#5202=ORIENTED_EDGE('',*,*,#5201,.F.);
#5204=ORIENTED_EDGE('',*,*,#5203,.F.);
#5206=ORIENTED_EDGE('',*,*,#5205,.F.);
#5208=ORIENTED_EDGE('',*,*,#5207,.F.);
#5210=ORIENTED_EDGE('',*,*,#5209,.F.);
#5212=ORIENTED_EDGE('',*,*,#5211,.F.);
#5214=ORIENTED_EDGE('',*,*,#5213,.F.);
#5216=ORIENTED_EDGE('',*,*,#5215,.F.);
#5218=ORIENTED_EDGE('',*,*,#5217,.F.);
#5220=ORIENTED_EDGE('',*,*,#5219,.F.);
#5222=ORIENTED_EDGE('',*,*,#5221,.F.);
#5224=ORIENTED_EDGE('',*,*,#5223,.F.);
#5226=ORIENTED_EDGE('',*,*,#5225,.F.);
#5228=ORIENTED_EDGE('',*,*,#5227,.F.);
#5230=ORIENTED_EDGE('',*,*,#5229,.F.);
#5232=ORIENTED_EDGE('',*,*,#5231,.F.);
#5233=EDGE_LOOP('',(#5194,#5196,#5198,#5200,#5202,#5204,#5206,#5208,#5210,#5212,
#5214,#5216,#5218,#5220,#5222,#5224,#5226,#5228,#5230,#5232));
#5234=FACE_BOUND('',#5233,.F.);
#5236=FILL_AREA_STYLE_COLOUR('',#6);
#5237=FILL_AREA_STYLE('',(#5236));
#5238=SURFACE_STYLE_FILL_AREA(#5237);
#5239=SURFACE_SIDE_STYLE('',(#5238));
#5240=SURFACE_STYLE_USAGE(.POSITIVE.,#5239);
#5241=FILL_AREA_STYLE_COLOUR('',#11);
#5242=FILL_AREA_STYLE('',(#5241));
#5243=SURFACE_STYLE_FILL_AREA(#5242);
#5244=SURFACE_SIDE_STYLE('',(#5243));
#5245=SURFACE_STYLE_USAGE(.NEGATIVE.,#5244);
#5246=PRESENTATION_STYLE_ASSIGNMENT((#5240,#5245));
#5247=OVER_RIDING_STYLED_ITEM('',(#5246),#5235,#20);
#5248=CARTESIAN_POINT('',(0.E0,2.94E0,0.E0));
#5249=DIRECTION('',(0.E0,1.E0,0.E0));
#5250=DIRECTION('',(0.E0,0.E0,-1.E0));
#5251=AXIS2_PLACEMENT_3D('',#5248,#5249,#5250);
#5252=PLANE('',#5251);
#5254=ORIENTED_EDGE('',*,*,#5253,.F.);
#5256=ORIENTED_EDGE('',*,*,#5255,.F.);
#5258=ORIENTED_EDGE('',*,*,#5257,.F.);
#5260=ORIENTED_EDGE('',*,*,#5259,.F.);
#5262=ORIENTED_EDGE('',*,*,#5261,.F.);
#5264=ORIENTED_EDGE('',*,*,#5263,.F.);
#5266=ORIENTED_EDGE('',*,*,#5265,.F.);
#5268=ORIENTED_EDGE('',*,*,#5267,.F.);
#5270=ORIENTED_EDGE('',*,*,#5269,.F.);
#5272=ORIENTED_EDGE('',*,*,#5271,.F.);
#5274=ORIENTED_EDGE('',*,*,#5273,.F.);
#5276=ORIENTED_EDGE('',*,*,#5275,.F.);
#5278=ORIENTED_EDGE('',*,*,#5277,.F.);
#5280=ORIENTED_EDGE('',*,*,#5279,.F.);
#5282=ORIENTED_EDGE('',*,*,#5281,.F.);
#5284=ORIENTED_EDGE('',*,*,#5283,.F.);
#5285=EDGE_LOOP('',(#5254,#5256,#5258,#5260,#5262,#5264,#5266,#5268,#5270,#5272,
#5274,#5276,#5278,#5280,#5282,#5284));
#5286=FACE_OUTER_BOUND('',#5285,.F.);
#5288=ORIENTED_EDGE('',*,*,#5287,.F.);
#5290=ORIENTED_EDGE('',*,*,#5289,.F.);
#5292=ORIENTED_EDGE('',*,*,#5291,.F.);
#5294=ORIENTED_EDGE('',*,*,#5293,.F.);
#5296=ORIENTED_EDGE('',*,*,#5295,.F.);
#5298=ORIENTED_EDGE('',*,*,#5297,.F.);
#5300=ORIENTED_EDGE('',*,*,#5299,.F.);
#5302=ORIENTED_EDGE('',*,*,#5301,.F.);
#5304=ORIENTED_EDGE('',*,*,#5303,.F.);
#5306=ORIENTED_EDGE('',*,*,#5305,.F.);
#5307=EDGE_LOOP('',(#5288,#5290,#5292,#5294,#5296,#5298,#5300,#5302,#5304,
#5306));
#5308=FACE_BOUND('',#5307,.F.);
#5310=FILL_AREA_STYLE_COLOUR('',#6);
#5311=FILL_AREA_STYLE('',(#5310));
#5312=SURFACE_STYLE_FILL_AREA(#5311);
#5313=SURFACE_SIDE_STYLE('',(#5312));
#5314=SURFACE_STYLE_USAGE(.POSITIVE.,#5313);
#5315=FILL_AREA_STYLE_COLOUR('',#11);
#5316=FILL_AREA_STYLE('',(#5315));
#5317=SURFACE_STYLE_FILL_AREA(#5316);
#5318=SURFACE_SIDE_STYLE('',(#5317));
#5319=SURFACE_STYLE_USAGE(.NEGATIVE.,#5318);
#5320=PRESENTATION_STYLE_ASSIGNMENT((#5314,#5319));
#5321=OVER_RIDING_STYLED_ITEM('',(#5320),#5309,#20);
#5322=CARTESIAN_POINT('',(0.E0,2.94E0,0.E0));
#5323=DIRECTION('',(0.E0,1.E0,0.E0));
#5324=DIRECTION('',(0.E0,0.E0,-1.E0));
#5325=AXIS2_PLACEMENT_3D('',#5322,#5323,#5324);
#5326=PLANE('',#5325);
#5328=ORIENTED_EDGE('',*,*,#5327,.F.);
#5330=ORIENTED_EDGE('',*,*,#5329,.F.);
#5332=ORIENTED_EDGE('',*,*,#5331,.F.);
#5334=ORIENTED_EDGE('',*,*,#5333,.F.);
#5336=ORIENTED_EDGE('',*,*,#5335,.F.);
#5338=ORIENTED_EDGE('',*,*,#5337,.F.);
#5340=ORIENTED_EDGE('',*,*,#5339,.F.);
#5342=ORIENTED_EDGE('',*,*,#5341,.F.);
#5344=ORIENTED_EDGE('',*,*,#5343,.F.);
#5346=ORIENTED_EDGE('',*,*,#5345,.F.);
#5348=ORIENTED_EDGE('',*,*,#5347,.F.);
#5350=ORIENTED_EDGE('',*,*,#5349,.F.);
#5352=ORIENTED_EDGE('',*,*,#5351,.F.);
#5354=ORIENTED_EDGE('',*,*,#5353,.F.);
#5356=ORIENTED_EDGE('',*,*,#5355,.F.);
#5358=ORIENTED_EDGE('',*,*,#5357,.F.);
#5360=ORIENTED_EDGE('',*,*,#5359,.F.);
#5362=ORIENTED_EDGE('',*,*,#5361,.F.);
#5364=ORIENTED_EDGE('',*,*,#5363,.F.);
#5366=ORIENTED_EDGE('',*,*,#5365,.F.);
#5368=ORIENTED_EDGE('',*,*,#5367,.F.);
#5370=ORIENTED_EDGE('',*,*,#5369,.F.);
#5372=ORIENTED_EDGE('',*,*,#5371,.F.);
#5374=ORIENTED_EDGE('',*,*,#5373,.F.);
#5376=ORIENTED_EDGE('',*,*,#5375,.F.);
#5378=ORIENTED_EDGE('',*,*,#5377,.F.);
#5380=ORIENTED_EDGE('',*,*,#5379,.F.);
#5382=ORIENTED_EDGE('',*,*,#5381,.F.);
#5384=ORIENTED_EDGE('',*,*,#5383,.F.);
#5386=ORIENTED_EDGE('',*,*,#5385,.F.);
#5388=ORIENTED_EDGE('',*,*,#5387,.F.);
#5390=ORIENTED_EDGE('',*,*,#5389,.F.);
#5392=ORIENTED_EDGE('',*,*,#5391,.F.);
#5394=ORIENTED_EDGE('',*,*,#5393,.F.);
#5396=ORIENTED_EDGE('',*,*,#5395,.F.);
#5398=ORIENTED_EDGE('',*,*,#5397,.F.);
#5400=ORIENTED_EDGE('',*,*,#5399,.F.);
#5402=ORIENTED_EDGE('',*,*,#5401,.F.);
#5404=ORIENTED_EDGE('',*,*,#5403,.F.);
#5406=ORIENTED_EDGE('',*,*,#5405,.F.);
#5407=EDGE_LOOP('',(#5328,#5330,#5332,#5334,#5336,#5338,#5340,#5342,#5344,#5346,
#5348,#5350,#5352,#5354,#5356,#5358,#5360,#5362,#5364,#5366,#5368,#5370,#5372,
#5374,#5376,#5378,#5380,#5382,#5384,#5386,#5388,#5390,#5392,#5394,#5396,#5398,
#5400,#5402,#5404,#5406));
#5408=FACE_OUTER_BOUND('',#5407,.F.);
#5410=FILL_AREA_STYLE_COLOUR('',#6);
#5411=FILL_AREA_STYLE('',(#5410));
#5412=SURFACE_STYLE_FILL_AREA(#5411);
#5413=SURFACE_SIDE_STYLE('',(#5412));
#5414=SURFACE_STYLE_USAGE(.POSITIVE.,#5413);
#5415=FILL_AREA_STYLE_COLOUR('',#11);
#5416=FILL_AREA_STYLE('',(#5415));
#5417=SURFACE_STYLE_FILL_AREA(#5416);
#5418=SURFACE_SIDE_STYLE('',(#5417));
#5419=SURFACE_STYLE_USAGE(.NEGATIVE.,#5418);
#5420=PRESENTATION_STYLE_ASSIGNMENT((#5414,#5419));
#5421=OVER_RIDING_STYLED_ITEM('',(#5420),#5409,#20);
#5422=CARTESIAN_POINT('',(0.E0,2.94E0,0.E0));
#5423=DIRECTION('',(0.E0,1.E0,0.E0));
#5424=DIRECTION('',(0.E0,0.E0,-1.E0));
#5425=AXIS2_PLACEMENT_3D('',#5422,#5423,#5424);
#5426=PLANE('',#5425);
#5428=ORIENTED_EDGE('',*,*,#5427,.F.);
#5430=ORIENTED_EDGE('',*,*,#5429,.F.);
#5432=ORIENTED_EDGE('',*,*,#5431,.F.);
#5434=ORIENTED_EDGE('',*,*,#5433,.F.);
#5436=ORIENTED_EDGE('',*,*,#5435,.F.);
#5438=ORIENTED_EDGE('',*,*,#5437,.F.);
#5440=ORIENTED_EDGE('',*,*,#5439,.F.);
#5442=ORIENTED_EDGE('',*,*,#5441,.F.);
#5444=ORIENTED_EDGE('',*,*,#5443,.F.);
#5446=ORIENTED_EDGE('',*,*,#5445,.F.);
#5448=ORIENTED_EDGE('',*,*,#5447,.F.);
#5450=ORIENTED_EDGE('',*,*,#5449,.F.);
#5451=EDGE_LOOP('',(#5428,#5430,#5432,#5434,#5436,#5438,#5440,#5442,#5444,#5446,
#5448,#5450));
#5452=FACE_OUTER_BOUND('',#5451,.F.);
#5454=FILL_AREA_STYLE_COLOUR('',#6);
#5455=FILL_AREA_STYLE('',(#5454));
#5456=SURFACE_STYLE_FILL_AREA(#5455);
#5457=SURFACE_SIDE_STYLE('',(#5456));
#5458=SURFACE_STYLE_USAGE(.POSITIVE.,#5457);
#5459=FILL_AREA_STYLE_COLOUR('',#11);
#5460=FILL_AREA_STYLE('',(#5459));
#5461=SURFACE_STYLE_FILL_AREA(#5460);
#5462=SURFACE_SIDE_STYLE('',(#5461));
#5463=SURFACE_STYLE_USAGE(.NEGATIVE.,#5462);
#5464=PRESENTATION_STYLE_ASSIGNMENT((#5458,#5463));
#5465=OVER_RIDING_STYLED_ITEM('',(#5464),#5453,#20);
#5466=CARTESIAN_POINT('',(-4.3E-1,2.95E0,1.226666698456E0));
#5467=DIRECTION('',(-9.797706943097E-1,0.E0,2.001234283435E-1));
#5468=DIRECTION('',(2.001234283435E-1,0.E0,9.797706943097E-1));
#5469=AXIS2_PLACEMENT_3D('',#5466,#5467,#5468);
#5470=PLANE('',#5469);
#5471=ORIENTED_EDGE('',*,*,#4417,.F.);
#5473=ORIENTED_EDGE('',*,*,#5472,.T.);
#5474=ORIENTED_EDGE('',*,*,#5143,.T.);
#5476=ORIENTED_EDGE('',*,*,#5475,.F.);
#5477=EDGE_LOOP('',(#5471,#5473,#5474,#5476));
#5478=FACE_OUTER_BOUND('',#5477,.F.);
#5480=CARTESIAN_POINT('',(-4.3E-1,2.95E0,1.093333301544E0));
#5481=DIRECTION('',(-1.E0,0.E0,0.E0));
#5482=DIRECTION('',(0.E0,0.E0,1.E0));
#5483=AXIS2_PLACEMENT_3D('',#5480,#5481,#5482);
#5484=PLANE('',#5483);
#5485=ORIENTED_EDGE('',*,*,#4463,.F.);
#5487=ORIENTED_EDGE('',*,*,#5486,.T.);
#5488=ORIENTED_EDGE('',*,*,#5145,.T.);
#5489=ORIENTED_EDGE('',*,*,#5472,.F.);
#5490=EDGE_LOOP('',(#5485,#5487,#5488,#5489));
#5491=FACE_OUTER_BOUND('',#5490,.F.);
#5493=CARTESIAN_POINT('',(-4.129787254333E-1,2.95E0,1.01E0));
#5494=DIRECTION('',(-9.797706943097E-1,0.E0,-2.001234283435E-1));
#5495=DIRECTION('',(-2.001234283435E-1,0.E0,9.797706943097E-1));
#5496=AXIS2_PLACEMENT_3D('',#5493,#5494,#5495);
#5497=PLANE('',#5496);
#5498=ORIENTED_EDGE('',*,*,#4461,.F.);
#5500=ORIENTED_EDGE('',*,*,#5499,.T.);
#5501=ORIENTED_EDGE('',*,*,#5147,.T.);
#5502=ORIENTED_EDGE('',*,*,#5486,.F.);
#5503=EDGE_LOOP('',(#5498,#5500,#5501,#5502));
#5504=FACE_OUTER_BOUND('',#5503,.F.);
#5506=CARTESIAN_POINT('',(-3.789361763E-1,2.95E0,9.433333015442E-1));
#5507=DIRECTION('',(-8.906053746977E-1,0.E0,-4.547769415434E-1));
#5508=DIRECTION('',(-4.547769415434E-1,0.E0,8.906053746977E-1));
#5509=AXIS2_PLACEMENT_3D('',#5506,#5507,#5508);
#5510=PLANE('',#5509);
#5511=ORIENTED_EDGE('',*,*,#4459,.F.);
#5513=ORIENTED_EDGE('',*,*,#5512,.T.);
#5514=ORIENTED_EDGE('',*,*,#5149,.T.);
#5515=ORIENTED_EDGE('',*,*,#5499,.F.);
#5516=EDGE_LOOP('',(#5511,#5513,#5514,#5515));
#5517=FACE_OUTER_BOUND('',#5516,.F.);
#5519=CARTESIAN_POINT('',(-3.108510780334E-1,2.95E0,8.766666984558E-1));
#5520=DIRECTION('',(-6.996244945571E-1,0.E0,-7.145107183351E-1));
#5521=DIRECTION('',(-7.145107183351E-1,0.E0,6.996244945571E-1));
#5522=AXIS2_PLACEMENT_3D('',#5519,#5520,#5521);
#5523=PLANE('',#5522);
#5524=ORIENTED_EDGE('',*,*,#4457,.F.);
#5526=ORIENTED_EDGE('',*,*,#5525,.T.);
#5527=ORIENTED_EDGE('',*,*,#5151,.T.);
#5528=ORIENTED_EDGE('',*,*,#5512,.F.);
#5529=EDGE_LOOP('',(#5524,#5526,#5527,#5528));
#5530=FACE_OUTER_BOUND('',#5529,.F.);
#5532=CARTESIAN_POINT('',(-2.427659797668E-1,2.95E0,8.433333015442E-1));
#5533=DIRECTION('',(-4.397141723527E-1,0.E0,-8.981377659536E-1));
#5534=DIRECTION('',(-8.981377659536E-1,0.E0,4.397141723527E-1));
#5535=AXIS2_PLACEMENT_3D('',#5532,#5533,#5534);
#5536=PLANE('',#5535);
#5537=ORIENTED_EDGE('',*,*,#4455,.F.);
#5539=ORIENTED_EDGE('',*,*,#5538,.T.);
#5540=ORIENTED_EDGE('',*,*,#5153,.T.);
#5541=ORIENTED_EDGE('',*,*,#5525,.F.);
#5542=EDGE_LOOP('',(#5537,#5539,#5540,#5541));
#5543=FACE_OUTER_BOUND('',#5542,.F.);
#5545=CARTESIAN_POINT('',(-1.576595592499E-1,2.95E0,8.266666984558E-1));
#5546=DIRECTION('',(-1.921820436730E-1,0.E0,-9.813592930674E-1));
#5547=DIRECTION('',(-9.813592930674E-1,0.E0,1.921820436730E-1));
#5548=AXIS2_PLACEMENT_3D('',#5545,#5546,#5547);
#5549=PLANE('',#5548);
#5550=ORIENTED_EDGE('',*,*,#4453,.F.);
#5552=ORIENTED_EDGE('',*,*,#5551,.T.);
#5553=ORIENTED_EDGE('',*,*,#5155,.T.);
#5554=ORIENTED_EDGE('',*,*,#5538,.F.);
#5555=EDGE_LOOP('',(#5550,#5552,#5553,#5554));
#5556=FACE_OUTER_BOUND('',#5555,.F.);
#5558=CARTESIAN_POINT('',(9.765958309174E-2,2.95E0,8.266666984558E-1));
#5559=DIRECTION('',(0.E0,0.E0,-1.E0));
#5560=DIRECTION('',(-1.E0,0.E0,0.E0));
#5561=AXIS2_PLACEMENT_3D('',#5558,#5559,#5560);
#5562=PLANE('',#5561);
#5563=ORIENTED_EDGE('',*,*,#4451,.F.);
#5565=ORIENTED_EDGE('',*,*,#5564,.T.);
#5566=ORIENTED_EDGE('',*,*,#5157,.T.);
#5567=ORIENTED_EDGE('',*,*,#5551,.F.);
#5568=EDGE_LOOP('',(#5563,#5565,#5566,#5567));
#5569=FACE_OUTER_BOUND('',#5568,.F.);
#5571=CARTESIAN_POINT('',(1.827659559250E-1,2.95E0,8.433333015442E-1));
#5572=DIRECTION('',(1.921821473726E-1,0.E0,-9.813592727596E-1));
#5573=DIRECTION('',(-9.813592727596E-1,0.E0,-1.921821473726E-1));
#5574=AXIS2_PLACEMENT_3D('',#5571,#5572,#5573);
#5575=PLANE('',#5574);
#5576=ORIENTED_EDGE('',*,*,#4449,.F.);
#5578=ORIENTED_EDGE('',*,*,#5577,.T.);
#5579=ORIENTED_EDGE('',*,*,#5159,.T.);
#5580=ORIENTED_EDGE('',*,*,#5564,.F.);
#5581=EDGE_LOOP('',(#5576,#5578,#5579,#5580));
#5582=FACE_OUTER_BOUND('',#5581,.F.);
#5584=CARTESIAN_POINT('',(2.508510661125E-1,2.95E0,8.766666984558E-1));
#5585=DIRECTION('',(4.397141102494E-1,0.E0,-8.981377963584E-1));
#5586=DIRECTION('',(-8.981377963584E-1,0.E0,-4.397141102494E-1));
#5587=AXIS2_PLACEMENT_3D('',#5584,#5585,#5586);
#5588=PLANE('',#5587);
#5589=ORIENTED_EDGE('',*,*,#4447,.F.);
#5591=ORIENTED_EDGE('',*,*,#5590,.T.);
#5592=ORIENTED_EDGE('',*,*,#5161,.T.);
#5593=ORIENTED_EDGE('',*,*,#5577,.F.);
#5594=EDGE_LOOP('',(#5589,#5591,#5592,#5593));
#5595=FACE_OUTER_BOUND('',#5594,.F.);
#5597=CARTESIAN_POINT('',(3.189361703396E-1,2.95E0,9.433333015442E-1));
#5598=DIRECTION('',(6.996244632883E-1,0.E0,-7.145107489524E-1));
#5599=DIRECTION('',(-7.145107489524E-1,0.E0,-6.996244632883E-1));
#5600=AXIS2_PLACEMENT_3D('',#5597,#5598,#5599);
#5601=PLANE('',#5600);
#5602=ORIENTED_EDGE('',*,*,#4445,.F.);
#5604=ORIENTED_EDGE('',*,*,#5603,.T.);
#5605=ORIENTED_EDGE('',*,*,#5163,.T.);
#5606=ORIENTED_EDGE('',*,*,#5590,.F.);
#5607=EDGE_LOOP('',(#5602,#5604,#5605,#5606));
#5608=FACE_OUTER_BOUND('',#5607,.F.);
#5610=CARTESIAN_POINT('',(3.529787239432E-1,2.95E0,1.01E0));
#5611=DIRECTION('',(8.906053505096E-1,0.E0,-4.547769889117E-1));
#5612=DIRECTION('',(-4.547769889117E-1,0.E0,-8.906053505096E-1));
#5613=AXIS2_PLACEMENT_3D('',#5610,#5611,#5612);
#5614=PLANE('',#5613);
#5615=ORIENTED_EDGE('',*,*,#4443,.F.);
#5617=ORIENTED_EDGE('',*,*,#5616,.T.);
#5618=ORIENTED_EDGE('',*,*,#5165,.T.);
#5619=ORIENTED_EDGE('',*,*,#5603,.F.);
#5620=EDGE_LOOP('',(#5615,#5617,#5618,#5619));
#5621=FACE_OUTER_BOUND('',#5620,.F.);
#5623=CARTESIAN_POINT('',(3.7E-1,2.95E0,1.093333301544E0));
#5624=DIRECTION('',(9.797706908745E-1,0.E0,-2.001234451615E-1));
#5625=DIRECTION('',(-2.001234451615E-1,0.E0,-9.797706908745E-1));
#5626=AXIS2_PLACEMENT_3D('',#5623,#5624,#5625);
#5627=PLANE('',#5626);
#5628=ORIENTED_EDGE('',*,*,#4441,.F.);
#5630=ORIENTED_EDGE('',*,*,#5629,.T.);
#5631=ORIENTED_EDGE('',*,*,#5167,.T.);
#5632=ORIENTED_EDGE('',*,*,#5616,.F.);
#5633=EDGE_LOOP('',(#5628,#5630,#5631,#5632));
#5634=FACE_OUTER_BOUND('',#5633,.F.);
#5636=CARTESIAN_POINT('',(3.7E-1,2.95E0,1.226666698456E0));
#5637=DIRECTION('',(1.E0,0.E0,0.E0));
#5638=DIRECTION('',(0.E0,0.E0,-1.E0));
#5639=AXIS2_PLACEMENT_3D('',#5636,#5637,#5638);
#5640=PLANE('',#5639);
#5641=ORIENTED_EDGE('',*,*,#4439,.F.);
#5643=ORIENTED_EDGE('',*,*,#5642,.T.);
#5644=ORIENTED_EDGE('',*,*,#5169,.T.);
#5645=ORIENTED_EDGE('',*,*,#5629,.F.);
#5646=EDGE_LOOP('',(#5641,#5643,#5644,#5645));
#5647=FACE_OUTER_BOUND('',#5646,.F.);
#5649=CARTESIAN_POINT('',(3.529787239432E-1,2.95E0,1.31E0));
#5650=DIRECTION('',(9.797706908745E-1,0.E0,2.001234451615E-1));
#5651=DIRECTION('',(2.001234451615E-1,0.E0,-9.797706908745E-1));
#5652=AXIS2_PLACEMENT_3D('',#5649,#5650,#5651);
#5653=PLANE('',#5652);
#5654=ORIENTED_EDGE('',*,*,#4437,.F.);
#5656=ORIENTED_EDGE('',*,*,#5655,.T.);
#5657=ORIENTED_EDGE('',*,*,#5171,.T.);
#5658=ORIENTED_EDGE('',*,*,#5642,.F.);
#5659=EDGE_LOOP('',(#5654,#5656,#5657,#5658));
#5660=FACE_OUTER_BOUND('',#5659,.F.);
#5662=CARTESIAN_POINT('',(3.189361703396E-1,2.95E0,1.376666698456E0));
#5663=DIRECTION('',(8.906053505096E-1,0.E0,4.547769889117E-1));
#5664=DIRECTION('',(4.547769889117E-1,0.E0,-8.906053505096E-1));
#5665=AXIS2_PLACEMENT_3D('',#5662,#5663,#5664);
#5666=PLANE('',#5665);
#5667=ORIENTED_EDGE('',*,*,#4435,.F.);
#5669=ORIENTED_EDGE('',*,*,#5668,.T.);
#5670=ORIENTED_EDGE('',*,*,#5173,.T.);
#5671=ORIENTED_EDGE('',*,*,#5655,.F.);
#5672=EDGE_LOOP('',(#5667,#5669,#5670,#5671));
#5673=FACE_OUTER_BOUND('',#5672,.F.);
#5675=CARTESIAN_POINT('',(2.508510661125E-1,2.95E0,1.443333301544E0));
#5676=DIRECTION('',(6.996244632883E-1,0.E0,7.145107489524E-1));
#5677=DIRECTION('',(7.145107489524E-1,0.E0,-6.996244632883E-1));
#5678=AXIS2_PLACEMENT_3D('',#5675,#5676,#5677);
#5679=PLANE('',#5678);
#5680=ORIENTED_EDGE('',*,*,#4433,.F.);
#5682=ORIENTED_EDGE('',*,*,#5681,.T.);
#5683=ORIENTED_EDGE('',*,*,#5175,.T.);
#5684=ORIENTED_EDGE('',*,*,#5668,.F.);
#5685=EDGE_LOOP('',(#5680,#5682,#5683,#5684));
#5686=FACE_OUTER_BOUND('',#5685,.F.);
#5688=CARTESIAN_POINT('',(1.827659559250E-1,2.95E0,1.476666650772E0));
#5689=DIRECTION('',(4.397136028534E-1,0.E0,8.981380447713E-1));
#5690=DIRECTION('',(8.981380447713E-1,0.E0,-4.397136028534E-1));
#5691=AXIS2_PLACEMENT_3D('',#5688,#5689,#5690);
#5692=PLANE('',#5691);
#5693=ORIENTED_EDGE('',*,*,#4431,.F.);
#5695=ORIENTED_EDGE('',*,*,#5694,.T.);
#5696=ORIENTED_EDGE('',*,*,#5177,.T.);
#5697=ORIENTED_EDGE('',*,*,#5681,.F.);
#5698=EDGE_LOOP('',(#5693,#5695,#5696,#5697));
#5699=FACE_OUTER_BOUND('',#5698,.F.);
#5701=CARTESIAN_POINT('',(9.765958309174E-2,2.95E0,1.493333349228E0));
#5702=DIRECTION('',(1.921832064360E-1,0.E0,9.813590653599E-1));
#5703=DIRECTION('',(9.813590653599E-1,0.E0,-1.921832064360E-1));
#5704=AXIS2_PLACEMENT_3D('',#5701,#5702,#5703);
#5705=PLANE('',#5704);
#5706=ORIENTED_EDGE('',*,*,#4429,.F.);
#5708=ORIENTED_EDGE('',*,*,#5707,.T.);
#5709=ORIENTED_EDGE('',*,*,#5179,.T.);
#5710=ORIENTED_EDGE('',*,*,#5694,.F.);
#5711=EDGE_LOOP('',(#5706,#5708,#5709,#5710));
#5712=FACE_OUTER_BOUND('',#5711,.F.);
#5714=CARTESIAN_POINT('',(-1.576595592499E-1,2.95E0,1.493333349228E0));
#5715=DIRECTION('',(0.E0,0.E0,1.E0));
#5716=DIRECTION('',(1.E0,0.E0,0.E0));
#5717=AXIS2_PLACEMENT_3D('',#5714,#5715,#5716);
#5718=PLANE('',#5717);
#5719=ORIENTED_EDGE('',*,*,#4427,.F.);
#5721=ORIENTED_EDGE('',*,*,#5720,.T.);
#5722=ORIENTED_EDGE('',*,*,#5181,.T.);
#5723=ORIENTED_EDGE('',*,*,#5707,.F.);
#5724=EDGE_LOOP('',(#5719,#5721,#5722,#5723));
#5725=FACE_OUTER_BOUND('',#5724,.F.);
#5727=CARTESIAN_POINT('',(-2.427659797668E-1,2.95E0,1.476666650772E0));
#5728=DIRECTION('',(-1.921831027359E-1,0.E0,9.813590856678E-1));
#5729=DIRECTION('',(9.813590856678E-1,0.E0,1.921831027359E-1));
#5730=AXIS2_PLACEMENT_3D('',#5727,#5728,#5729);
#5731=PLANE('',#5730);
#5732=ORIENTED_EDGE('',*,*,#4425,.F.);
#5734=ORIENTED_EDGE('',*,*,#5733,.T.);
#5735=ORIENTED_EDGE('',*,*,#5183,.T.);
#5736=ORIENTED_EDGE('',*,*,#5720,.F.);
#5737=EDGE_LOOP('',(#5732,#5734,#5735,#5736));
#5738=FACE_OUTER_BOUND('',#5737,.F.);
#5740=CARTESIAN_POINT('',(-3.108510780334E-1,2.95E0,1.443333301544E0));
#5741=DIRECTION('',(-4.397136649566E-1,0.E0,8.981380143666E-1));
#5742=DIRECTION('',(8.981380143666E-1,0.E0,4.397136649566E-1));
#5743=AXIS2_PLACEMENT_3D('',#5740,#5741,#5742);
#5744=PLANE('',#5743);
#5745=ORIENTED_EDGE('',*,*,#4423,.F.);
#5747=ORIENTED_EDGE('',*,*,#5746,.T.);
#5748=ORIENTED_EDGE('',*,*,#5185,.T.);
#5749=ORIENTED_EDGE('',*,*,#5733,.F.);
#5750=EDGE_LOOP('',(#5745,#5747,#5748,#5749));
#5751=FACE_OUTER_BOUND('',#5750,.F.);
#5753=CARTESIAN_POINT('',(-3.789361763E-1,2.95E0,1.376666698456E0));
#5754=DIRECTION('',(-6.996244945571E-1,0.E0,7.145107183351E-1));
#5755=DIRECTION('',(7.145107183351E-1,0.E0,6.996244945571E-1));
#5756=AXIS2_PLACEMENT_3D('',#5753,#5754,#5755);
#5757=PLANE('',#5756);
#5758=ORIENTED_EDGE('',*,*,#4421,.F.);
#5760=ORIENTED_EDGE('',*,*,#5759,.T.);
#5761=ORIENTED_EDGE('',*,*,#5187,.T.);
#5762=ORIENTED_EDGE('',*,*,#5746,.F.);
#5763=EDGE_LOOP('',(#5758,#5760,#5761,#5762));
#5764=FACE_OUTER_BOUND('',#5763,.F.);
#5766=CARTESIAN_POINT('',(-4.129787254333E-1,2.95E0,1.31E0));
#5767=DIRECTION('',(-8.906053746977E-1,0.E0,4.547769415434E-1));
#5768=DIRECTION('',(4.547769415434E-1,0.E0,8.906053746977E-1));
#5769=AXIS2_PLACEMENT_3D('',#5766,#5767,#5768);
#5770=PLANE('',#5769);
#5771=ORIENTED_EDGE('',*,*,#4419,.F.);
#5772=ORIENTED_EDGE('',*,*,#5475,.T.);
#5773=ORIENTED_EDGE('',*,*,#5189,.T.);
#5774=ORIENTED_EDGE('',*,*,#5759,.F.);
#5775=EDGE_LOOP('',(#5771,#5772,#5773,#5774));
#5776=FACE_OUTER_BOUND('',#5775,.F.);
#5778=CARTESIAN_POINT('',(-3.278723526001E-1,2.95E0,1.226666698456E0));
#5779=DIRECTION('',(1.E0,0.E0,0.E0));
#5780=DIRECTION('',(0.E0,0.E0,-1.E0));
#5781=AXIS2_PLACEMENT_3D('',#5778,#5779,#5780);
#5782=PLANE('',#5781);
#5783=ORIENTED_EDGE('',*,*,#4615,.F.);
#5785=ORIENTED_EDGE('',*,*,#5784,.T.);
#5786=ORIENTED_EDGE('',*,*,#5193,.T.);
#5788=ORIENTED_EDGE('',*,*,#5787,.F.);
#5789=EDGE_LOOP('',(#5783,#5785,#5786,#5788));
#5790=FACE_OUTER_BOUND('',#5789,.F.);
#5792=CARTESIAN_POINT('',(-3.108510780334E-1,2.95E0,1.293333301544E0));
#5793=DIRECTION('',(9.689176611437E-1,0.E0,-2.473834390653E-1));
#5794=DIRECTION('',(-2.473834390653E-1,0.E0,-9.689176611437E-1));
#5795=AXIS2_PLACEMENT_3D('',#5792,#5793,#5794);
#5796=PLANE('',#5795);
#5797=ORIENTED_EDGE('',*,*,#4653,.F.);
#5799=ORIENTED_EDGE('',*,*,#5798,.T.);
#5800=ORIENTED_EDGE('',*,*,#5195,.T.);
#5801=ORIENTED_EDGE('',*,*,#5784,.F.);
#5802=EDGE_LOOP('',(#5797,#5799,#5800,#5801));
#5803=FACE_OUTER_BOUND('',#5802,.F.);
#5805=CARTESIAN_POINT('',(-2.768085289001E-1,2.95E0,1.343333301544E0));
#5806=DIRECTION('',(8.265992787996E-1,0.E0,-5.627909312417E-1));
#5807=DIRECTION('',(-5.627909312417E-1,0.E0,-8.265992787996E-1));
#5808=AXIS2_PLACEMENT_3D('',#5805,#5806,#5807);
#5809=PLANE('',#5808);
#5810=ORIENTED_EDGE('',*,*,#4651,.F.);
#5812=ORIENTED_EDGE('',*,*,#5811,.T.);
#5813=ORIENTED_EDGE('',*,*,#5197,.T.);
#5814=ORIENTED_EDGE('',*,*,#5798,.F.);
#5815=EDGE_LOOP('',(#5810,#5812,#5813,#5814));
#5816=FACE_OUTER_BOUND('',#5815,.F.);
#5818=CARTESIAN_POINT('',(-2.257446575165E-1,2.95E0,1.376666698456E0));
#5819=DIRECTION('',(5.466229197794E-1,0.E0,-8.373788769559E-1));
#5820=DIRECTION('',(-8.373788769559E-1,0.E0,-5.466229197794E-1));
#5821=AXIS2_PLACEMENT_3D('',#5818,#5819,#5820);
#5822=PLANE('',#5821);
#5823=ORIENTED_EDGE('',*,*,#4649,.F.);
#5825=ORIENTED_EDGE('',*,*,#5824,.T.);
#5826=ORIENTED_EDGE('',*,*,#5199,.T.);
#5827=ORIENTED_EDGE('',*,*,#5811,.F.);
#5828=EDGE_LOOP('',(#5823,#5825,#5826,#5827));
#5829=FACE_OUTER_BOUND('',#5828,.F.);
#5831=CARTESIAN_POINT('',(-1.576595592499E-1,2.95E0,1.393333301544E0));
#5832=DIRECTION('',(2.377704967207E-1,0.E0,-9.713213633444E-1));
#5833=DIRECTION('',(-9.713213633444E-1,0.E0,-2.377704967207E-1));
#5834=AXIS2_PLACEMENT_3D('',#5831,#5832,#5833);
#5835=PLANE('',#5834);
#5836=ORIENTED_EDGE('',*,*,#4647,.F.);
#5838=ORIENTED_EDGE('',*,*,#5837,.T.);
#5839=ORIENTED_EDGE('',*,*,#5201,.T.);
#5840=ORIENTED_EDGE('',*,*,#5824,.F.);
#5841=EDGE_LOOP('',(#5836,#5838,#5839,#5840));
#5842=FACE_OUTER_BOUND('',#5841,.F.);
#5844=CARTESIAN_POINT('',(9.765958309174E-2,2.95E0,1.393333301544E0));
#5845=DIRECTION('',(0.E0,0.E0,-1.E0));
#5846=DIRECTION('',(-1.E0,0.E0,0.E0));
#5847=AXIS2_PLACEMENT_3D('',#5844,#5845,#5846);
#5848=PLANE('',#5847);
#5849=ORIENTED_EDGE('',*,*,#4645,.F.);
#5851=ORIENTED_EDGE('',*,*,#5850,.T.);
#5852=ORIENTED_EDGE('',*,*,#5203,.T.);
#5853=ORIENTED_EDGE('',*,*,#5837,.F.);
#5854=EDGE_LOOP('',(#5849,#5851,#5852,#5853));
#5855=FACE_OUTER_BOUND('',#5854,.F.);
#5857=CARTESIAN_POINT('',(1.657446813583E-1,2.95E0,1.376666698456E0));
#5858=DIRECTION('',(-2.377704967207E-1,0.E0,-9.713213633444E-1));
#5859=DIRECTION('',(-9.713213633444E-1,0.E0,2.377704967207E-1));
#5860=AXIS2_PLACEMENT_3D('',#5857,#5858,#5859);
#5861=PLANE('',#5860);
#5862=ORIENTED_EDGE('',*,*,#4643,.F.);
#5864=ORIENTED_EDGE('',*,*,#5863,.T.);
#5865=ORIENTED_EDGE('',*,*,#5205,.T.);
#5866=ORIENTED_EDGE('',*,*,#5850,.F.);
#5867=EDGE_LOOP('',(#5862,#5864,#5865,#5866));
#5868=FACE_OUTER_BOUND('',#5867,.F.);
#5870=CARTESIAN_POINT('',(2.168085050583E-1,2.95E0,1.343333301544E0));
#5871=DIRECTION('',(-5.466232777014E-1,0.E0,-8.373786433120E-1));
#5872=DIRECTION('',(-8.373786433120E-1,0.E0,5.466232777014E-1));
#5873=AXIS2_PLACEMENT_3D('',#5870,#5871,#5872);
#5874=PLANE('',#5873);
#5875=ORIENTED_EDGE('',*,*,#4641,.F.);
#5877=ORIENTED_EDGE('',*,*,#5876,.T.);
#5878=ORIENTED_EDGE('',*,*,#5207,.T.);
#5879=ORIENTED_EDGE('',*,*,#5863,.F.);
#5880=EDGE_LOOP('',(#5875,#5877,#5878,#5879));
#5881=FACE_OUTER_BOUND('',#5880,.F.);
#5883=CARTESIAN_POINT('',(2.508510661125E-1,2.95E0,1.293333301544E0));
#5884=DIRECTION('',(-8.265991871191E-1,0.E0,-5.627910658976E-1));
#5885=DIRECTION('',(-5.627910658976E-1,0.E0,8.265991871191E-1));
#5886=AXIS2_PLACEMENT_3D('',#5883,#5884,#5885);
#5887=PLANE('',#5886);
#5888=ORIENTED_EDGE('',*,*,#4639,.F.);
#5890=ORIENTED_EDGE('',*,*,#5889,.T.);
#5891=ORIENTED_EDGE('',*,*,#5209,.T.);
#5892=ORIENTED_EDGE('',*,*,#5876,.F.);
#5893=EDGE_LOOP('',(#5888,#5890,#5891,#5892));
#5894=FACE_OUTER_BOUND('',#5893,.F.);
#5896=CARTESIAN_POINT('',(2.678723406792E-1,2.95E0,1.226666698456E0));
#5897=DIRECTION('',(-9.689176611437E-1,0.E0,-2.473834390653E-1));
#5898=DIRECTION('',(-2.473834390653E-1,0.E0,9.689176611437E-1));
#5899=AXIS2_PLACEMENT_3D('',#5896,#5897,#5898);
#5900=PLANE('',#5899);
#5901=ORIENTED_EDGE('',*,*,#4637,.F.);
#5903=ORIENTED_EDGE('',*,*,#5902,.T.);
#5904=ORIENTED_EDGE('',*,*,#5211,.T.);
#5905=ORIENTED_EDGE('',*,*,#5889,.F.);
#5906=EDGE_LOOP('',(#5901,#5903,#5904,#5905));
#5907=FACE_OUTER_BOUND('',#5906,.F.);
#5909=CARTESIAN_POINT('',(2.678723406792E-1,2.95E0,1.093333301544E0));
#5910=DIRECTION('',(-1.E0,0.E0,0.E0));
#5911=DIRECTION('',(0.E0,0.E0,1.E0));
#5912=AXIS2_PLACEMENT_3D('',#5909,#5910,#5911);
#5913=PLANE('',#5912);
#5914=ORIENTED_EDGE('',*,*,#4635,.F.);
#5916=ORIENTED_EDGE('',*,*,#5915,.T.);
#5917=ORIENTED_EDGE('',*,*,#5213,.T.);
#5918=ORIENTED_EDGE('',*,*,#5902,.F.);
#5919=EDGE_LOOP('',(#5914,#5916,#5917,#5918));
#5920=FACE_OUTER_BOUND('',#5919,.F.);
#5922=CARTESIAN_POINT('',(2.508510661125E-1,2.95E0,1.026666698456E0));
#5923=DIRECTION('',(-9.689176611437E-1,0.E0,2.473834390653E-1));
#5924=DIRECTION('',(2.473834390653E-1,0.E0,9.689176611437E-1));
#5925=AXIS2_PLACEMENT_3D('',#5922,#5923,#5924);
#5926=PLANE('',#5925);
#5927=ORIENTED_EDGE('',*,*,#4633,.F.);
#5929=ORIENTED_EDGE('',*,*,#5928,.T.);
#5930=ORIENTED_EDGE('',*,*,#5215,.T.);
#5931=ORIENTED_EDGE('',*,*,#5915,.F.);
#5932=EDGE_LOOP('',(#5927,#5929,#5930,#5931));
#5933=FACE_OUTER_BOUND('',#5932,.F.);
#5935=CARTESIAN_POINT('',(2.168085050583E-1,2.95E0,9.766666984558E-1));
#5936=DIRECTION('',(-8.265991871191E-1,0.E0,5.627910658976E-1));
#5937=DIRECTION('',(5.627910658976E-1,0.E0,8.265991871191E-1));
#5938=AXIS2_PLACEMENT_3D('',#5935,#5936,#5937);
#5939=PLANE('',#5938);
#5940=ORIENTED_EDGE('',*,*,#4631,.F.);
#5942=ORIENTED_EDGE('',*,*,#5941,.T.);
#5943=ORIENTED_EDGE('',*,*,#5217,.T.);
#5944=ORIENTED_EDGE('',*,*,#5928,.F.);
#5945=EDGE_LOOP('',(#5940,#5942,#5943,#5944));
#5946=FACE_OUTER_BOUND('',#5945,.F.);
#5948=CARTESIAN_POINT('',(1.657446813583E-1,2.95E0,9.433333015442E-1));
#5949=DIRECTION('',(-5.466232777014E-1,0.E0,8.373786433120E-1));
#5950=DIRECTION('',(8.373786433120E-1,0.E0,5.466232777014E-1));
#5951=AXIS2_PLACEMENT_3D('',#5948,#5949,#5950);
#5952=PLANE('',#5951);
#5953=ORIENTED_EDGE('',*,*,#4629,.F.);
#5955=ORIENTED_EDGE('',*,*,#5954,.T.);
#5956=ORIENTED_EDGE('',*,*,#5219,.T.);
#5957=ORIENTED_EDGE('',*,*,#5941,.F.);
#5958=EDGE_LOOP('',(#5953,#5955,#5956,#5957));
#5959=FACE_OUTER_BOUND('',#5958,.F.);
#5961=CARTESIAN_POINT('',(9.765958309174E-2,2.95E0,9.266666984558E-1));
#5962=DIRECTION('',(-2.377704967206E-1,0.E0,9.713213633444E-1));
#5963=DIRECTION('',(9.713213633444E-1,0.E0,2.377704967206E-1));
#5964=AXIS2_PLACEMENT_3D('',#5961,#5962,#5963);
#5965=PLANE('',#5964);
#5966=ORIENTED_EDGE('',*,*,#4627,.F.);
#5968=ORIENTED_EDGE('',*,*,#5967,.T.);
#5969=ORIENTED_EDGE('',*,*,#5221,.T.);
#5970=ORIENTED_EDGE('',*,*,#5954,.F.);
#5971=EDGE_LOOP('',(#5966,#5968,#5969,#5970));
#5972=FACE_OUTER_BOUND('',#5971,.F.);
#5974=CARTESIAN_POINT('',(-1.576595592499E-1,2.95E0,9.266666984558E-1));
#5975=DIRECTION('',(0.E0,0.E0,1.E0));
#5976=DIRECTION('',(1.E0,0.E0,0.E0));
#5977=AXIS2_PLACEMENT_3D('',#5974,#5975,#5976);
#5978=PLANE('',#5977);
#5979=ORIENTED_EDGE('',*,*,#4625,.F.);
#5981=ORIENTED_EDGE('',*,*,#5980,.T.);
#5982=ORIENTED_EDGE('',*,*,#5223,.T.);
#5983=ORIENTED_EDGE('',*,*,#5967,.F.);
#5984=EDGE_LOOP('',(#5979,#5981,#5982,#5983));
#5985=FACE_OUTER_BOUND('',#5984,.F.);
#5987=CARTESIAN_POINT('',(-2.257446575165E-1,2.95E0,9.433333015442E-1));
#5988=DIRECTION('',(2.377704967206E-1,0.E0,9.713213633444E-1));
#5989=DIRECTION('',(9.713213633444E-1,0.E0,-2.377704967206E-1));
#5990=AXIS2_PLACEMENT_3D('',#5987,#5988,#5989);
#5991=PLANE('',#5990);
#5992=ORIENTED_EDGE('',*,*,#4623,.F.);
#5994=ORIENTED_EDGE('',*,*,#5993,.T.);
#5995=ORIENTED_EDGE('',*,*,#5225,.T.);
#5996=ORIENTED_EDGE('',*,*,#5980,.F.);
#5997=EDGE_LOOP('',(#5992,#5994,#5995,#5996));
#5998=FACE_OUTER_BOUND('',#5997,.F.);
#6000=CARTESIAN_POINT('',(-2.768085289001E-1,2.95E0,9.766666984558E-1));
#6001=DIRECTION('',(5.466229197794E-1,0.E0,8.373788769559E-1));
#6002=DIRECTION('',(8.373788769559E-1,0.E0,-5.466229197794E-1));
#6003=AXIS2_PLACEMENT_3D('',#6000,#6001,#6002);
#6004=PLANE('',#6003);
#6005=ORIENTED_EDGE('',*,*,#4621,.F.);
#6007=ORIENTED_EDGE('',*,*,#6006,.T.);
#6008=ORIENTED_EDGE('',*,*,#5227,.T.);
#6009=ORIENTED_EDGE('',*,*,#5993,.F.);
#6010=EDGE_LOOP('',(#6005,#6007,#6008,#6009));
#6011=FACE_OUTER_BOUND('',#6010,.F.);
#6013=CARTESIAN_POINT('',(-3.108510780334E-1,2.95E0,1.026666698456E0));
#6014=DIRECTION('',(8.265992787996E-1,0.E0,5.627909312417E-1));
#6015=DIRECTION('',(5.627909312417E-1,0.E0,-8.265992787996E-1));
#6016=AXIS2_PLACEMENT_3D('',#6013,#6014,#6015);
#6017=PLANE('',#6016);
#6018=ORIENTED_EDGE('',*,*,#4619,.F.);
#6020=ORIENTED_EDGE('',*,*,#6019,.T.);
#6021=ORIENTED_EDGE('',*,*,#5229,.T.);
#6022=ORIENTED_EDGE('',*,*,#6006,.F.);
#6023=EDGE_LOOP('',(#6018,#6020,#6021,#6022));
#6024=FACE_OUTER_BOUND('',#6023,.F.);
#6026=CARTESIAN_POINT('',(-3.278723526001E-1,2.95E0,1.093333301544E0));
#6027=DIRECTION('',(9.689176611437E-1,0.E0,2.473834390653E-1));
#6028=DIRECTION('',(2.473834390653E-1,0.E0,-9.689176611437E-1));
#6029=AXIS2_PLACEMENT_3D('',#6026,#6027,#6028);
#6030=PLANE('',#6029);
#6031=ORIENTED_EDGE('',*,*,#4617,.F.);
#6032=ORIENTED_EDGE('',*,*,#5787,.T.);
#6033=ORIENTED_EDGE('',*,*,#5231,.T.);
#6034=ORIENTED_EDGE('',*,*,#6019,.F.);
#6035=EDGE_LOOP('',(#6031,#6032,#6033,#6034));
#6036=FACE_OUTER_BOUND('',#6035,.F.);
#6038=CARTESIAN_POINT('',(1.255318641663E-2,2.95E0,5.933333969116E-1));
#6039=DIRECTION('',(1.E0,0.E0,0.E0));
#6040=DIRECTION('',(0.E0,0.E0,-1.E0));
#6041=AXIS2_PLACEMENT_3D('',#6038,#6039,#6040);
#6042=PLANE('',#6041);
#6043=ORIENTED_EDGE('',*,*,#4467,.F.);
#6045=ORIENTED_EDGE('',*,*,#6044,.T.);
#6046=ORIENTED_EDGE('',*,*,#5253,.T.);
#6048=ORIENTED_EDGE('',*,*,#6047,.F.);
#6049=EDGE_LOOP('',(#6043,#6045,#6046,#6048));
#6050=FACE_OUTER_BOUND('',#6049,.F.);
#6052=CARTESIAN_POINT('',(3.7E-1,2.95E0,5.933333969116E-1));
#6053=DIRECTION('',(0.E0,0.E0,-1.E0));
#6054=DIRECTION('',(-1.E0,0.E0,0.E0));
#6055=AXIS2_PLACEMENT_3D('',#6052,#6053,#6054);
#6056=PLANE('',#6055);
#6057=ORIENTED_EDGE('',*,*,#4497,.F.);
#6059=ORIENTED_EDGE('',*,*,#6058,.T.);
#6060=ORIENTED_EDGE('',*,*,#5255,.T.);
#6061=ORIENTED_EDGE('',*,*,#6044,.F.);
#6062=EDGE_LOOP('',(#6057,#6059,#6060,#6061));
#6063=FACE_OUTER_BOUND('',#6062,.F.);
#6065=CARTESIAN_POINT('',(3.7E-1,2.95E0,6.933333015442E-1));
#6066=DIRECTION('',(1.E0,0.E0,0.E0));
#6067=DIRECTION('',(0.E0,0.E0,-1.E0));
#6068=AXIS2_PLACEMENT_3D('',#6065,#6066,#6067);
#6069=PLANE('',#6068);
#6070=ORIENTED_EDGE('',*,*,#4495,.F.);
#6072=ORIENTED_EDGE('',*,*,#6071,.T.);
#6073=ORIENTED_EDGE('',*,*,#5257,.T.);
#6074=ORIENTED_EDGE('',*,*,#6058,.F.);
#6075=EDGE_LOOP('',(#6070,#6072,#6073,#6074));
#6076=FACE_OUTER_BOUND('',#6075,.F.);
#6078=CARTESIAN_POINT('',(-4.3E-1,2.95E0,6.933333015442E-1));
#6079=DIRECTION('',(0.E0,0.E0,1.E0));
#6080=DIRECTION('',(1.E0,0.E0,0.E0));
#6081=AXIS2_PLACEMENT_3D('',#6078,#6079,#6080);
#6082=PLANE('',#6081);
#6083=ORIENTED_EDGE('',*,*,#4493,.F.);
#6085=ORIENTED_EDGE('',*,*,#6084,.T.);
#6086=ORIENTED_EDGE('',*,*,#5259,.T.);
#6087=ORIENTED_EDGE('',*,*,#6071,.F.);
#6088=EDGE_LOOP('',(#6083,#6085,#6086,#6087));
#6089=FACE_OUTER_BOUND('',#6088,.F.);
#6091=CARTESIAN_POINT('',(-4.3E-1,2.95E0,2.933333969116E-1));
#6092=DIRECTION('',(-1.E0,0.E0,0.E0));
#6093=DIRECTION('',(0.E0,0.E0,1.E0));
#6094=AXIS2_PLACEMENT_3D('',#6091,#6092,#6093);
#6095=PLANE('',#6094);
#6096=ORIENTED_EDGE('',*,*,#4491,.F.);
#6098=ORIENTED_EDGE('',*,*,#6097,.T.);
#6099=ORIENTED_EDGE('',*,*,#5261,.T.);
#6100=ORIENTED_EDGE('',*,*,#6084,.F.);
#6101=EDGE_LOOP('',(#6096,#6098,#6099,#6100));
#6102=FACE_OUTER_BOUND('',#6101,.F.);
#6104=CARTESIAN_POINT('',(-4.129787254333E-1,2.95E0,2.1E-1));
#6105=DIRECTION('',(-9.797707392153E-1,0.E0,-2.001232084928E-1));
#6106=DIRECTION('',(-2.001232084928E-1,0.E0,9.797707392153E-1));
#6107=AXIS2_PLACEMENT_3D('',#6104,#6105,#6106);
#6108=PLANE('',#6107);
#6109=ORIENTED_EDGE('',*,*,#4489,.F.);
#6111=ORIENTED_EDGE('',*,*,#6110,.T.);
#6112=ORIENTED_EDGE('',*,*,#5263,.T.);
#6113=ORIENTED_EDGE('',*,*,#6097,.F.);
#6114=EDGE_LOOP('',(#6109,#6111,#6112,#6113));
#6115=FACE_OUTER_BOUND('',#6114,.F.);
#6117=CARTESIAN_POINT('',(-3.619149017334E-1,2.95E0,1.433333969116E-1));
#6118=DIRECTION('',(-7.938779010506E-1,0.E0,-6.080771975856E-1));
#6119=DIRECTION('',(-6.080771975856E-1,0.E0,7.938779010506E-1));
#6120=AXIS2_PLACEMENT_3D('',#6117,#6118,#6119);
#6121=PLANE('',#6120);
#6122=ORIENTED_EDGE('',*,*,#4487,.F.);
#6124=ORIENTED_EDGE('',*,*,#6123,.T.);
#6125=ORIENTED_EDGE('',*,*,#5265,.T.);
#6126=ORIENTED_EDGE('',*,*,#6110,.F.);
#6127=EDGE_LOOP('',(#6122,#6124,#6125,#6126));
#6128=FACE_OUTER_BOUND('',#6127,.F.);
#6130=CARTESIAN_POINT('',(-2.938298034668E-1,2.95E0,9.333339691162E-2));
#6131=DIRECTION('',(-5.919095487496E-1,0.E0,-8.060043958311E-1));
#6132=DIRECTION('',(-8.060043958311E-1,0.E0,5.919095487496E-1));
#6133=AXIS2_PLACEMENT_3D('',#6130,#6131,#6132);
#6134=PLANE('',#6133);
#6135=ORIENTED_EDGE('',*,*,#4485,.F.);
#6137=ORIENTED_EDGE('',*,*,#6136,.T.);
#6138=ORIENTED_EDGE('',*,*,#5267,.T.);
#6139=ORIENTED_EDGE('',*,*,#6123,.F.);
#6140=EDGE_LOOP('',(#6135,#6137,#6138,#6139));
#6141=FACE_OUTER_BOUND('',#6140,.F.);
#6143=CARTESIAN_POINT('',(-2.427659797668E-1,2.95E0,7.666660308838E-2));
#6144=DIRECTION('',(-3.102822043116E-1,0.E0,-9.506444938501E-1));
#6145=DIRECTION('',(-9.506444938501E-1,0.E0,3.102822043116E-1));
#6146=AXIS2_PLACEMENT_3D('',#6143,#6144,#6145);
#6147=PLANE('',#6146);
#6148=ORIENTED_EDGE('',*,*,#4483,.F.);
#6150=ORIENTED_EDGE('',*,*,#6149,.T.);
#6151=ORIENTED_EDGE('',*,*,#5269,.T.);
#6152=ORIENTED_EDGE('',*,*,#6136,.F.);
#6153=EDGE_LOOP('',(#6148,#6150,#6151,#6152));
#6154=FACE_OUTER_BOUND('',#6153,.F.);
#6156=CARTESIAN_POINT('',(-1.746808338165E-1,2.95E0,7.666660308838E-2));
#6157=DIRECTION('',(0.E0,0.E0,-1.E0));
#6158=DIRECTION('',(-1.E0,0.E0,0.E0));
#6159=AXIS2_PLACEMENT_3D('',#6156,#6157,#6158);
#6160=PLANE('',#6159);
#6161=ORIENTED_EDGE('',*,*,#4481,.F.);
#6163=ORIENTED_EDGE('',*,*,#6162,.T.);
#6164=ORIENTED_EDGE('',*,*,#5271,.T.);
#6165=ORIENTED_EDGE('',*,*,#6149,.F.);
#6166=EDGE_LOOP('',(#6161,#6163,#6164,#6165));
#6167=FACE_OUTER_BOUND('',#6166,.F.);
#6169=CARTESIAN_POINT('',(-1.236170101166E-1,2.95E0,9.333339691162E-2));
#6170=DIRECTION('',(3.102822043116E-1,0.E0,-9.506444938501E-1));
#6171=DIRECTION('',(-9.506444938501E-1,0.E0,-3.102822043116E-1));
#6172=AXIS2_PLACEMENT_3D('',#6169,#6170,#6171);
#6173=PLANE('',#6172);
#6174=ORIENTED_EDGE('',*,*,#4479,.F.);
#6176=ORIENTED_EDGE('',*,*,#6175,.T.);
#6177=ORIENTED_EDGE('',*,*,#5273,.T.);
#6178=ORIENTED_EDGE('',*,*,#6162,.F.);
#6179=EDGE_LOOP('',(#6174,#6176,#6177,#6178));
#6180=FACE_OUTER_BOUND('',#6179,.F.);
#6182=CARTESIAN_POINT('',(-5.553191184998E-2,2.95E0,1.433333969116E-1));
#6183=DIRECTION('',(5.919095487496E-1,0.E0,-8.060043958311E-1));
#6184=DIRECTION('',(-8.060043958311E-1,0.E0,-5.919095487496E-1));
#6185=AXIS2_PLACEMENT_3D('',#6182,#6183,#6184);
#6186=PLANE('',#6185);
#6187=ORIENTED_EDGE('',*,*,#4477,.F.);
#6189=ORIENTED_EDGE('',*,*,#6188,.T.);
#6190=ORIENTED_EDGE('',*,*,#5275,.T.);
#6191=ORIENTED_EDGE('',*,*,#6175,.F.);
#6192=EDGE_LOOP('',(#6187,#6189,#6190,#6191));
#6193=FACE_OUTER_BOUND('',#6192,.F.);
#6195=CARTESIAN_POINT('',(-2.148936271667E-2,2.95E0,2.1E-1));
#6196=DIRECTION('',(8.906051112017E-1,0.E0,-4.547774575564E-1));
#6197=DIRECTION('',(-4.547774575564E-1,0.E0,-8.906051112017E-1));
#6198=AXIS2_PLACEMENT_3D('',#6195,#6196,#6197);
#6199=PLANE('',#6198);
#6200=ORIENTED_EDGE('',*,*,#4475,.F.);
#6202=ORIENTED_EDGE('',*,*,#6201,.T.);
#6203=ORIENTED_EDGE('',*,*,#5277,.T.);
#6204=ORIENTED_EDGE('',*,*,#6188,.F.);
#6205=EDGE_LOOP('',(#6200,#6202,#6203,#6204));
#6206=FACE_OUTER_BOUND('',#6205,.F.);
#6208=CARTESIAN_POINT('',(3.7E-1,2.95E0,6.E-2));
#6209=DIRECTION('',(-3.577885126009E-1,0.E0,-9.338026452366E-1));
#6210=DIRECTION('',(-9.338026452366E-1,0.E0,3.577885126009E-1));
#6211=AXIS2_PLACEMENT_3D('',#6208,#6209,#6210);
#6212=PLANE('',#6211);
#6213=ORIENTED_EDGE('',*,*,#4473,.F.);
#6215=ORIENTED_EDGE('',*,*,#6214,.T.);
#6216=ORIENTED_EDGE('',*,*,#5279,.T.);
#6217=ORIENTED_EDGE('',*,*,#6201,.F.);
#6218=EDGE_LOOP('',(#6213,#6215,#6216,#6217));
#6219=FACE_OUTER_BOUND('',#6218,.F.);
#6221=CARTESIAN_POINT('',(3.7E-1,2.95E0,1.766666030884E-1));
#6222=DIRECTION('',(1.E0,0.E0,0.E0));
#6223=DIRECTION('',(0.E0,0.E0,-1.E0));
#6224=AXIS2_PLACEMENT_3D('',#6221,#6222,#6223);
#6225=PLANE('',#6224);
#6226=ORIENTED_EDGE('',*,*,#4471,.F.);
#6228=ORIENTED_EDGE('',*,*,#6227,.T.);
#6229=ORIENTED_EDGE('',*,*,#5281,.T.);
#6230=ORIENTED_EDGE('',*,*,#6214,.F.);
#6231=EDGE_LOOP('',(#6226,#6228,#6229,#6230));
#6232=FACE_OUTER_BOUND('',#6231,.F.);
#6234=CARTESIAN_POINT('',(1.255318641663E-2,2.95E0,3.1E-1));
#6235=DIRECTION('',(3.494932382752E-1,0.E0,9.369388861606E-1));
#6236=DIRECTION('',(9.369388861606E-1,0.E0,-3.494932382752E-1));
#6237=AXIS2_PLACEMENT_3D('',#6234,#6235,#6236);
#6238=PLANE('',#6237);
#6239=ORIENTED_EDGE('',*,*,#4469,.F.);
#6240=ORIENTED_EDGE('',*,*,#6047,.T.);
#6241=ORIENTED_EDGE('',*,*,#5283,.T.);
#6242=ORIENTED_EDGE('',*,*,#6227,.F.);
#6243=EDGE_LOOP('',(#6239,#6240,#6241,#6242));
#6244=FACE_OUTER_BOUND('',#6243,.F.);
#6246=CARTESIAN_POINT('',(-8.957446098328E-2,2.95E0,2.766666030884E-1));
#6247=DIRECTION('',(-1.E0,0.E0,0.E0));
#6248=DIRECTION('',(0.E0,0.E0,1.E0));
#6249=AXIS2_PLACEMENT_3D('',#6246,#6247,#6248);
#6250=PLANE('',#6249);
#6251=ORIENTED_EDGE('',*,*,#4663,.F.);
#6253=ORIENTED_EDGE('',*,*,#6252,.T.);
#6254=ORIENTED_EDGE('',*,*,#5287,.T.);
#6256=ORIENTED_EDGE('',*,*,#6255,.F.);
#6257=EDGE_LOOP('',(#6251,#6253,#6254,#6256));
#6258=FACE_OUTER_BOUND('',#6257,.F.);
#6260=CARTESIAN_POINT('',(-1.065957355499E-1,2.95E0,2.266666030884E-1));
#6261=DIRECTION('',(-9.466499177700E-1,0.E0,3.222637633772E-1));
#6262=DIRECTION('',(3.222637633772E-1,0.E0,9.466499177700E-1));
#6263=AXIS2_PLACEMENT_3D('',#6260,#6261,#6262);
#6264=PLANE('',#6263);
#6265=ORIENTED_EDGE('',*,*,#4681,.F.);
#6267=ORIENTED_EDGE('',*,*,#6266,.T.);
#6268=ORIENTED_EDGE('',*,*,#5289,.T.);
#6269=ORIENTED_EDGE('',*,*,#6252,.F.);
#6270=EDGE_LOOP('',(#6265,#6267,#6268,#6269));
#6271=FACE_OUTER_BOUND('',#6270,.F.);
#6273=CARTESIAN_POINT('',(-1.406382846832E-1,2.95E0,1.933333969116E-1));
#6274=DIRECTION('',(-6.996234726647E-1,0.E0,7.145117189358E-1));
#6275=DIRECTION('',(7.145117189358E-1,0.E0,6.996234726647E-1));
#6276=AXIS2_PLACEMENT_3D('',#6273,#6274,#6275);
#6277=PLANE('',#6276);
#6278=ORIENTED_EDGE('',*,*,#4679,.F.);
#6280=ORIENTED_EDGE('',*,*,#6279,.T.);
#6281=ORIENTED_EDGE('',*,*,#5291,.T.);
#6282=ORIENTED_EDGE('',*,*,#6266,.F.);
#6283=EDGE_LOOP('',(#6278,#6280,#6281,#6282));
#6284=FACE_OUTER_BOUND('',#6283,.F.);
#6286=CARTESIAN_POINT('',(-1.917021083832E-1,2.95E0,1.766666030884E-1));
#6287=DIRECTION('',(-3.102822043116E-1,0.E0,9.506444938501E-1));
#6288=DIRECTION('',(9.506444938501E-1,0.E0,3.102822043116E-1));
#6289=AXIS2_PLACEMENT_3D('',#6286,#6287,#6288);
#6290=PLANE('',#6289);
#6291=ORIENTED_EDGE('',*,*,#4677,.F.);
#6293=ORIENTED_EDGE('',*,*,#6292,.T.);
#6294=ORIENTED_EDGE('',*,*,#5293,.T.);
#6295=ORIENTED_EDGE('',*,*,#6279,.F.);
#6296=EDGE_LOOP('',(#6291,#6293,#6294,#6295));
#6297=FACE_OUTER_BOUND('',#6296,.F.);
#6299=CARTESIAN_POINT('',(-2.427659797668E-1,2.95E0,1.766666030884E-1));
#6300=DIRECTION('',(0.E0,0.E0,1.E0));
#6301=DIRECTION('',(1.E0,0.E0,0.E0));
#6302=AXIS2_PLACEMENT_3D('',#6299,#6300,#6301);
#6303=PLANE('',#6302);
#6304=ORIENTED_EDGE('',*,*,#4675,.F.);
#6306=ORIENTED_EDGE('',*,*,#6305,.T.);
#6307=ORIENTED_EDGE('',*,*,#5295,.T.);
#6308=ORIENTED_EDGE('',*,*,#6292,.F.);
#6309=EDGE_LOOP('',(#6304,#6306,#6307,#6308));
#6310=FACE_OUTER_BOUND('',#6309,.F.);
#6312=CARTESIAN_POINT('',(-2.938298034668E-1,2.95E0,1.933333969116E-1));
#6313=DIRECTION('',(3.102822043116E-1,0.E0,9.506444938501E-1));
#6314=DIRECTION('',(9.506444938501E-1,0.E0,-3.102822043116E-1));
#6315=AXIS2_PLACEMENT_3D('',#6312,#6313,#6314);
#6316=PLANE('',#6315);
#6317=ORIENTED_EDGE('',*,*,#4673,.F.);
#6319=ORIENTED_EDGE('',*,*,#6318,.T.);
#6320=ORIENTED_EDGE('',*,*,#5297,.T.);
#6321=ORIENTED_EDGE('',*,*,#6305,.F.);
#6322=EDGE_LOOP('',(#6317,#6319,#6320,#6321));
#6323=FACE_OUTER_BOUND('',#6322,.F.);
#6325=CARTESIAN_POINT('',(-3.278723526001E-1,2.95E0,2.266666030884E-1));
#6326=DIRECTION('',(6.996234726647E-1,0.E0,7.145117189358E-1));
#6327=DIRECTION('',(7.145117189358E-1,0.E0,-6.996234726647E-1));
#6328=AXIS2_PLACEMENT_3D('',#6325,#6326,#6327);
#6329=PLANE('',#6328);
#6330=ORIENTED_EDGE('',*,*,#4671,.F.);
#6332=ORIENTED_EDGE('',*,*,#6331,.T.);
#6333=ORIENTED_EDGE('',*,*,#5299,.T.);
#6334=ORIENTED_EDGE('',*,*,#6318,.F.);
#6335=EDGE_LOOP('',(#6330,#6332,#6333,#6334));
#6336=FACE_OUTER_BOUND('',#6335,.F.);
#6338=CARTESIAN_POINT('',(-3.448936271667E-1,2.95E0,2.766666030884E-1));
#6339=DIRECTION('',(9.466499177700E-1,0.E0,3.222637633772E-1));
#6340=DIRECTION('',(3.222637633772E-1,0.E0,-9.466499177700E-1));
#6341=AXIS2_PLACEMENT_3D('',#6338,#6339,#6340);
#6342=PLANE('',#6341);
#6343=ORIENTED_EDGE('',*,*,#4669,.F.);
#6345=ORIENTED_EDGE('',*,*,#6344,.T.);
#6346=ORIENTED_EDGE('',*,*,#5301,.T.);
#6347=ORIENTED_EDGE('',*,*,#6331,.F.);
#6348=EDGE_LOOP('',(#6343,#6345,#6346,#6347));
#6349=FACE_OUTER_BOUND('',#6348,.F.);
#6351=CARTESIAN_POINT('',(-3.448936271667E-1,2.95E0,5.933333969116E-1));
#6352=DIRECTION('',(1.E0,0.E0,0.E0));
#6353=DIRECTION('',(0.E0,0.E0,-1.E0));
#6354=AXIS2_PLACEMENT_3D('',#6351,#6352,#6353);
#6355=PLANE('',#6354);
#6356=ORIENTED_EDGE('',*,*,#4667,.F.);
#6358=ORIENTED_EDGE('',*,*,#6357,.T.);
#6359=ORIENTED_EDGE('',*,*,#5303,.T.);
#6360=ORIENTED_EDGE('',*,*,#6344,.F.);
#6361=EDGE_LOOP('',(#6356,#6358,#6359,#6360));
#6362=FACE_OUTER_BOUND('',#6361,.F.);
#6364=CARTESIAN_POINT('',(-8.957446098328E-2,2.95E0,5.933333969116E-1));
#6365=DIRECTION('',(0.E0,0.E0,-1.E0));
#6366=DIRECTION('',(-1.E0,0.E0,0.E0));
#6367=AXIS2_PLACEMENT_3D('',#6364,#6365,#6366);
#6368=PLANE('',#6367);
#6369=ORIENTED_EDGE('',*,*,#4665,.F.);
#6370=ORIENTED_EDGE('',*,*,#6255,.T.);
#6371=ORIENTED_EDGE('',*,*,#5305,.T.);
#6372=ORIENTED_EDGE('',*,*,#6357,.F.);
#6373=EDGE_LOOP('',(#6369,#6370,#6371,#6372));
#6374=FACE_OUTER_BOUND('',#6373,.F.);
#6376=CARTESIAN_POINT('',(1.657446813583E-1,2.95E0,-7.233333969116E-1));
#6377=DIRECTION('',(-1.E0,0.E0,0.E0));
#6378=DIRECTION('',(0.E0,0.E0,1.E0));
#6379=AXIS2_PLACEMENT_3D('',#6376,#6377,#6378);
#6380=PLANE('',#6379);
#6381=ORIENTED_EDGE('',*,*,#4501,.F.);
#6383=ORIENTED_EDGE('',*,*,#6382,.T.);
#6384=ORIENTED_EDGE('',*,*,#5327,.T.);
#6386=ORIENTED_EDGE('',*,*,#6385,.F.);
#6387=EDGE_LOOP('',(#6381,#6383,#6384,#6386));
#6388=FACE_OUTER_BOUND('',#6387,.F.);
#6390=CARTESIAN_POINT('',(2.508510661125E-1,2.95E0,-7.066666030884E-1));
#6391=DIRECTION('',(1.921842395735E-1,0.E0,-9.813588630361E-1));
#6392=DIRECTION('',(-9.813588630361E-1,0.E0,-1.921842395735E-1));
#6393=AXIS2_PLACEMENT_3D('',#6390,#6391,#6392);
#6394=PLANE('',#6393);
#6395=ORIENTED_EDGE('',*,*,#4579,.F.);
#6397=ORIENTED_EDGE('',*,*,#6396,.T.);
#6398=ORIENTED_EDGE('',*,*,#5329,.T.);
#6399=ORIENTED_EDGE('',*,*,#6382,.F.);
#6400=EDGE_LOOP('',(#6395,#6397,#6398,#6399));
#6401=FACE_OUTER_BOUND('',#6400,.F.);
#6403=CARTESIAN_POINT('',(3.189361703396E-1,2.95E0,-6.4E-1));
#6404=DIRECTION('',(6.996244632883E-1,0.E0,-7.145107489524E-1));
#6405=DIRECTION('',(-7.145107489524E-1,0.E0,-6.996244632883E-1));
#6406=AXIS2_PLACEMENT_3D('',#6403,#6404,#6405);
#6407=PLANE('',#6406);
#6408=ORIENTED_EDGE('',*,*,#4577,.F.);
#6410=ORIENTED_EDGE('',*,*,#6409,.T.);
#6411=ORIENTED_EDGE('',*,*,#5331,.T.);
#6412=ORIENTED_EDGE('',*,*,#6396,.F.);
#6413=EDGE_LOOP('',(#6408,#6410,#6411,#6412));
#6414=FACE_OUTER_BOUND('',#6413,.F.);
#6416=CARTESIAN_POINT('',(3.529787239432E-1,2.95E0,-5.733333969116E-1));
#6417=DIRECTION('',(8.906050870136E-1,0.E0,-4.547775049247E-1));
#6418=DIRECTION('',(-4.547775049247E-1,0.E0,-8.906050870136E-1));
#6419=AXIS2_PLACEMENT_3D('',#6416,#6417,#6418);
#6420=PLANE('',#6419);
#6421=ORIENTED_EDGE('',*,*,#4575,.F.);
#6423=ORIENTED_EDGE('',*,*,#6422,.T.);
#6424=ORIENTED_EDGE('',*,*,#5333,.T.);
#6425=ORIENTED_EDGE('',*,*,#6409,.F.);
#6426=EDGE_LOOP('',(#6421,#6423,#6424,#6425));
#6427=FACE_OUTER_BOUND('',#6426,.F.);
#6429=CARTESIAN_POINT('',(3.7E-1,2.95E0,-4.9E-1));
#6430=DIRECTION('',(9.797707357802E-1,0.E0,-2.001232253108E-1));
#6431=DIRECTION('',(-2.001232253108E-1,0.E0,-9.797707357802E-1));
#6432=AXIS2_PLACEMENT_3D('',#6429,#6430,#6431);
#6433=PLANE('',#6432);
#6434=ORIENTED_EDGE('',*,*,#4573,.F.);
#6436=ORIENTED_EDGE('',*,*,#6435,.T.);
#6437=ORIENTED_EDGE('',*,*,#5335,.T.);
#6438=ORIENTED_EDGE('',*,*,#6422,.F.);
#6439=EDGE_LOOP('',(#6434,#6436,#6437,#6438));
#6440=FACE_OUTER_BOUND('',#6439,.F.);
#6442=CARTESIAN_POINT('',(3.7E-1,2.95E0,-3.4E-1));
#6443=DIRECTION('',(1.E0,0.E0,0.E0));
#6444=DIRECTION('',(0.E0,0.E0,-1.E0));
#6445=AXIS2_PLACEMENT_3D('',#6442,#6443,#6444);
#6446=PLANE('',#6445);
#6447=ORIENTED_EDGE('',*,*,#4571,.F.);
#6449=ORIENTED_EDGE('',*,*,#6448,.T.);
#6450=ORIENTED_EDGE('',*,*,#5337,.T.);
#6451=ORIENTED_EDGE('',*,*,#6435,.F.);
#6452=EDGE_LOOP('',(#6447,#6449,#6450,#6451));
#6453=FACE_OUTER_BOUND('',#6452,.F.);
#6455=CARTESIAN_POINT('',(3.529787239432E-1,2.95E0,-2.566666030884E-1));
#6456=DIRECTION('',(9.797707357802E-1,0.E0,2.001232253108E-1));
#6457=DIRECTION('',(2.001232253108E-1,0.E0,-9.797707357802E-1));
#6458=AXIS2_PLACEMENT_3D('',#6455,#6456,#6457);
#6459=PLANE('',#6458);
#6460=ORIENTED_EDGE('',*,*,#4569,.F.);
#6462=ORIENTED_EDGE('',*,*,#6461,.T.);
#6463=ORIENTED_EDGE('',*,*,#5339,.T.);
#6464=ORIENTED_EDGE('',*,*,#6448,.F.);
#6465=EDGE_LOOP('',(#6460,#6462,#6463,#6464));
#6466=FACE_OUTER_BOUND('',#6465,.F.);
#6468=CARTESIAN_POINT('',(3.189361703396E-1,2.95E0,-1.9E-1));
#6469=DIRECTION('',(8.906050870136E-1,0.E0,4.547775049247E-1));
#6470=DIRECTION('',(4.547775049247E-1,0.E0,-8.906050870136E-1));
#6471=AXIS2_PLACEMENT_3D('',#6468,#6469,#6470);
#6472=PLANE('',#6471);
#6473=ORIENTED_EDGE('',*,*,#4567,.F.);
#6475=ORIENTED_EDGE('',*,*,#6474,.T.);
#6476=ORIENTED_EDGE('',*,*,#5341,.T.);
#6477=ORIENTED_EDGE('',*,*,#6461,.F.);
#6478=EDGE_LOOP('',(#6473,#6475,#6476,#6477));
#6479=FACE_OUTER_BOUND('',#6478,.F.);
#6481=CARTESIAN_POINT('',(2.508510661125E-1,2.95E0,-1.233333969116E-1));
#6482=DIRECTION('',(6.996244632883E-1,0.E0,7.145107489524E-1));
#6483=DIRECTION('',(7.145107489524E-1,0.E0,-6.996244632883E-1));
#6484=AXIS2_PLACEMENT_3D('',#6481,#6482,#6483);
#6485=PLANE('',#6484);
#6486=ORIENTED_EDGE('',*,*,#4565,.F.);
#6488=ORIENTED_EDGE('',*,*,#6487,.T.);
#6489=ORIENTED_EDGE('',*,*,#5343,.T.);
#6490=ORIENTED_EDGE('',*,*,#6474,.F.);
#6491=EDGE_LOOP('',(#6486,#6488,#6489,#6490));
#6492=FACE_OUTER_BOUND('',#6491,.F.);
#6494=CARTESIAN_POINT('',(1.827659559250E-1,2.95E0,-9.E-2));
#6495=DIRECTION('',(4.397141102494E-1,0.E0,8.981377963584E-1));
#6496=DIRECTION('',(8.981377963584E-1,0.E0,-4.397141102494E-1));
#6497=AXIS2_PLACEMENT_3D('',#6494,#6495,#6496);
#6498=PLANE('',#6497);
#6499=ORIENTED_EDGE('',*,*,#4563,.F.);
#6501=ORIENTED_EDGE('',*,*,#6500,.T.);
#6502=ORIENTED_EDGE('',*,*,#5345,.T.);
#6503=ORIENTED_EDGE('',*,*,#6487,.F.);
#6504=EDGE_LOOP('',(#6499,#6501,#6502,#6503));
#6505=FACE_OUTER_BOUND('',#6504,.F.);
#6507=CARTESIAN_POINT('',(9.765958309174E-2,2.95E0,-7.333339691162E-2));
#6508=DIRECTION('',(1.921821473726E-1,0.E0,9.813592727596E-1));
#6509=DIRECTION('',(9.813592727596E-1,0.E0,-1.921821473726E-1));
#6510=AXIS2_PLACEMENT_3D('',#6507,#6508,#6509);
#6511=PLANE('',#6510);
#6512=ORIENTED_EDGE('',*,*,#4561,.F.);
#6514=ORIENTED_EDGE('',*,*,#6513,.T.);
#6515=ORIENTED_EDGE('',*,*,#5347,.T.);
#6516=ORIENTED_EDGE('',*,*,#6500,.F.);
#6517=EDGE_LOOP('',(#6512,#6514,#6515,#6516));
#6518=FACE_OUTER_BOUND('',#6517,.F.);
#6520=CARTESIAN_POINT('',(-1.576595592499E-1,2.95E0,-7.333339691162E-2));
#6521=DIRECTION('',(0.E0,0.E0,1.E0));
#6522=DIRECTION('',(1.E0,0.E0,0.E0));
#6523=AXIS2_PLACEMENT_3D('',#6520,#6521,#6522);
#6524=PLANE('',#6523);
#6525=ORIENTED_EDGE('',*,*,#4559,.F.);
#6527=ORIENTED_EDGE('',*,*,#6526,.T.);
#6528=ORIENTED_EDGE('',*,*,#5349,.T.);
#6529=ORIENTED_EDGE('',*,*,#6513,.F.);
#6530=EDGE_LOOP('',(#6525,#6527,#6528,#6529));
#6531=FACE_OUTER_BOUND('',#6530,.F.);
#6533=CARTESIAN_POINT('',(-2.427659797668E-1,2.95E0,-9.E-2));
#6534=DIRECTION('',(-1.921820436730E-1,0.E0,9.813592930674E-1));
#6535=DIRECTION('',(9.813592930674E-1,0.E0,1.921820436730E-1));
#6536=AXIS2_PLACEMENT_3D('',#6533,#6534,#6535);
#6537=PLANE('',#6536);
#6538=ORIENTED_EDGE('',*,*,#4557,.F.);
#6540=ORIENTED_EDGE('',*,*,#6539,.T.);
#6541=ORIENTED_EDGE('',*,*,#5351,.T.);
#6542=ORIENTED_EDGE('',*,*,#6526,.F.);
#6543=EDGE_LOOP('',(#6538,#6540,#6541,#6542));
#6544=FACE_OUTER_BOUND('',#6543,.F.);
#6546=CARTESIAN_POINT('',(-3.108510780334E-1,2.95E0,-1.233333969116E-1));
#6547=DIRECTION('',(-4.397141723527E-1,0.E0,8.981377659536E-1));
#6548=DIRECTION('',(8.981377659536E-1,0.E0,4.397141723527E-1));
#6549=AXIS2_PLACEMENT_3D('',#6546,#6547,#6548);
#6550=PLANE('',#6549);
#6551=ORIENTED_EDGE('',*,*,#4555,.F.);
#6553=ORIENTED_EDGE('',*,*,#6552,.T.);
#6554=ORIENTED_EDGE('',*,*,#5353,.T.);
#6555=ORIENTED_EDGE('',*,*,#6539,.F.);
#6556=EDGE_LOOP('',(#6551,#6553,#6554,#6555));
#6557=FACE_OUTER_BOUND('',#6556,.F.);
#6559=CARTESIAN_POINT('',(-3.789361763E-1,2.95E0,-1.9E-1));
#6560=DIRECTION('',(-6.996244945571E-1,0.E0,7.145107183351E-1));
#6561=DIRECTION('',(7.145107183351E-1,0.E0,6.996244945571E-1));
#6562=AXIS2_PLACEMENT_3D('',#6559,#6560,#6561);
#6563=PLANE('',#6562);
#6564=ORIENTED_EDGE('',*,*,#4553,.F.);
#6566=ORIENTED_EDGE('',*,*,#6565,.T.);
#6567=ORIENTED_EDGE('',*,*,#5355,.T.);
#6568=ORIENTED_EDGE('',*,*,#6552,.F.);
#6569=EDGE_LOOP('',(#6564,#6566,#6567,#6568));
#6570=FACE_OUTER_BOUND('',#6569,.F.);
#6572=CARTESIAN_POINT('',(-4.129787254333E-1,2.95E0,-2.566666030884E-1));
#6573=DIRECTION('',(-8.906051112017E-1,0.E0,4.547774575564E-1));
#6574=DIRECTION('',(4.547774575564E-1,0.E0,8.906051112017E-1));
#6575=AXIS2_PLACEMENT_3D('',#6572,#6573,#6574);
#6576=PLANE('',#6575);
#6577=ORIENTED_EDGE('',*,*,#4551,.F.);
#6579=ORIENTED_EDGE('',*,*,#6578,.T.);
#6580=ORIENTED_EDGE('',*,*,#5357,.T.);
#6581=ORIENTED_EDGE('',*,*,#6565,.F.);
#6582=EDGE_LOOP('',(#6577,#6579,#6580,#6581));
#6583=FACE_OUTER_BOUND('',#6582,.F.);
#6585=CARTESIAN_POINT('',(-4.3E-1,2.95E0,-3.4E-1));
#6586=DIRECTION('',(-9.797707392153E-1,0.E0,2.001232084928E-1));
#6587=DIRECTION('',(2.001232084928E-1,0.E0,9.797707392153E-1));
#6588=AXIS2_PLACEMENT_3D('',#6585,#6586,#6587);
#6589=PLANE('',#6588);
#6590=ORIENTED_EDGE('',*,*,#4549,.F.);
#6592=ORIENTED_EDGE('',*,*,#6591,.T.);
#6593=ORIENTED_EDGE('',*,*,#5359,.T.);
#6594=ORIENTED_EDGE('',*,*,#6578,.F.);
#6595=EDGE_LOOP('',(#6590,#6592,#6593,#6594));
#6596=FACE_OUTER_BOUND('',#6595,.F.);
#6598=CARTESIAN_POINT('',(-4.3E-1,2.95E0,-4.9E-1));
#6599=DIRECTION('',(-1.E0,0.E0,0.E0));
#6600=DIRECTION('',(0.E0,0.E0,1.E0));
#6601=AXIS2_PLACEMENT_3D('',#6598,#6599,#6600);
#6602=PLANE('',#6601);
#6603=ORIENTED_EDGE('',*,*,#4547,.F.);
#6605=ORIENTED_EDGE('',*,*,#6604,.T.);
#6606=ORIENTED_EDGE('',*,*,#5361,.T.);
#6607=ORIENTED_EDGE('',*,*,#6591,.F.);
#6608=EDGE_LOOP('',(#6603,#6605,#6606,#6607));
#6609=FACE_OUTER_BOUND('',#6608,.F.);
#6611=CARTESIAN_POINT('',(-4.129787254333E-1,2.95E0,-5.733333969116E-1));
#6612=DIRECTION('',(-9.797707392153E-1,0.E0,-2.001232084928E-1));
#6613=DIRECTION('',(-2.001232084928E-1,0.E0,9.797707392153E-1));
#6614=AXIS2_PLACEMENT_3D('',#6611,#6612,#6613);
#6615=PLANE('',#6614);
#6616=ORIENTED_EDGE('',*,*,#4545,.F.);
#6618=ORIENTED_EDGE('',*,*,#6617,.T.);
#6619=ORIENTED_EDGE('',*,*,#5363,.T.);
#6620=ORIENTED_EDGE('',*,*,#6604,.F.);
#6621=EDGE_LOOP('',(#6616,#6618,#6619,#6620));
#6622=FACE_OUTER_BOUND('',#6621,.F.);
#6624=CARTESIAN_POINT('',(-3.789361763E-1,2.95E0,-6.4E-1));
#6625=DIRECTION('',(-8.906051112017E-1,0.E0,-4.547774575564E-1));
#6626=DIRECTION('',(-4.547774575564E-1,0.E0,8.906051112017E-1));
#6627=AXIS2_PLACEMENT_3D('',#6624,#6625,#6626);
#6628=PLANE('',#6627);
#6629=ORIENTED_EDGE('',*,*,#4543,.F.);
#6631=ORIENTED_EDGE('',*,*,#6630,.T.);
#6632=ORIENTED_EDGE('',*,*,#5365,.T.);
#6633=ORIENTED_EDGE('',*,*,#6617,.F.);
#6634=EDGE_LOOP('',(#6629,#6631,#6632,#6633));
#6635=FACE_OUTER_BOUND('',#6634,.F.);
#6637=CARTESIAN_POINT('',(-3.108510780334E-1,2.95E0,-7.066666030884E-1));
#6638=DIRECTION('',(-6.996244945571E-1,0.E0,-7.145107183351E-1));
#6639=DIRECTION('',(-7.145107183351E-1,0.E0,6.996244945571E-1));
#6640=AXIS2_PLACEMENT_3D('',#6637,#6638,#6639);
#6641=PLANE('',#6640);
#6642=ORIENTED_EDGE('',*,*,#4541,.F.);
#6644=ORIENTED_EDGE('',*,*,#6643,.T.);
#6645=ORIENTED_EDGE('',*,*,#5367,.T.);
#6646=ORIENTED_EDGE('',*,*,#6630,.F.);
#6647=EDGE_LOOP('',(#6642,#6644,#6645,#6646));
#6648=FACE_OUTER_BOUND('',#6647,.F.);
#6650=CARTESIAN_POINT('',(-2.257446575165E-1,2.95E0,-7.233333969116E-1));
#6651=DIRECTION('',(-1.921841617981E-1,0.E0,-9.813588782673E-1));
#6652=DIRECTION('',(-9.813588782673E-1,0.E0,1.921841617981E-1));
#6653=AXIS2_PLACEMENT_3D('',#6650,#6651,#6652);
#6654=PLANE('',#6653);
#6655=ORIENTED_EDGE('',*,*,#4539,.F.);
#6657=ORIENTED_EDGE('',*,*,#6656,.T.);
#6658=ORIENTED_EDGE('',*,*,#5369,.T.);
#6659=ORIENTED_EDGE('',*,*,#6643,.F.);
#6660=EDGE_LOOP('',(#6655,#6657,#6658,#6659));
#6661=FACE_OUTER_BOUND('',#6660,.F.);
#6663=CARTESIAN_POINT('',(-2.257446575165E-1,2.95E0,-6.233333969116E-1));
#6664=DIRECTION('',(1.E0,0.E0,0.E0));
#6665=DIRECTION('',(0.E0,0.E0,-1.E0));
#6666=AXIS2_PLACEMENT_3D('',#6663,#6664,#6665);
#6667=PLANE('',#6666);
#6668=ORIENTED_EDGE('',*,*,#4537,.F.);
#6670=ORIENTED_EDGE('',*,*,#6669,.T.);
#6671=ORIENTED_EDGE('',*,*,#5371,.T.);
#6672=ORIENTED_EDGE('',*,*,#6656,.F.);
#6673=EDGE_LOOP('',(#6668,#6670,#6671,#6672));
#6674=FACE_OUTER_BOUND('',#6673,.F.);
#6676=CARTESIAN_POINT('',(-2.768085289001E-1,2.95E0,-6.066666030884E-1));
#6677=DIRECTION('',(3.102819424634E-1,0.E0,9.506445793151E-1));
#6678=DIRECTION('',(9.506445793151E-1,0.E0,-3.102819424634E-1));
#6679=AXIS2_PLACEMENT_3D('',#6676,#6677,#6678);
#6680=PLANE('',#6679);
#6681=ORIENTED_EDGE('',*,*,#4535,.F.);
#6683=ORIENTED_EDGE('',*,*,#6682,.T.);
#6684=ORIENTED_EDGE('',*,*,#5373,.T.);
#6685=ORIENTED_EDGE('',*,*,#6669,.F.);
#6686=EDGE_LOOP('',(#6681,#6683,#6684,#6685));
#6687=FACE_OUTER_BOUND('',#6686,.F.);
#6689=CARTESIAN_POINT('',(-3.108510780334E-1,2.95E0,-5.566666030884E-1));
#6690=DIRECTION('',(8.265992787996E-1,0.E0,5.627909312417E-1));
#6691=DIRECTION('',(5.627909312417E-1,0.E0,-8.265992787996E-1));
#6692=AXIS2_PLACEMENT_3D('',#6689,#6690,#6691);
#6693=PLANE('',#6692);
#6694=ORIENTED_EDGE('',*,*,#4533,.F.);
#6696=ORIENTED_EDGE('',*,*,#6695,.T.);
#6697=ORIENTED_EDGE('',*,*,#5375,.T.);
#6698=ORIENTED_EDGE('',*,*,#6682,.F.);
#6699=EDGE_LOOP('',(#6694,#6696,#6697,#6698));
#6700=FACE_OUTER_BOUND('',#6699,.F.);
#6702=CARTESIAN_POINT('',(-3.278723526001E-1,2.95E0,-4.9E-1));
#6703=DIRECTION('',(9.689176611437E-1,0.E0,2.473834390653E-1));
#6704=DIRECTION('',(2.473834390653E-1,0.E0,-9.689176611437E-1));
#6705=AXIS2_PLACEMENT_3D('',#6702,#6703,#6704);
#6706=PLANE('',#6705);
#6707=ORIENTED_EDGE('',*,*,#4531,.F.);
#6709=ORIENTED_EDGE('',*,*,#6708,.T.);
#6710=ORIENTED_EDGE('',*,*,#5377,.T.);
#6711=ORIENTED_EDGE('',*,*,#6695,.F.);
#6712=EDGE_LOOP('',(#6707,#6709,#6710,#6711));
#6713=FACE_OUTER_BOUND('',#6712,.F.);
#6715=CARTESIAN_POINT('',(-3.278723526001E-1,2.95E0,-3.4E-1));
#6716=DIRECTION('',(1.E0,0.E0,0.E0));
#6717=DIRECTION('',(0.E0,0.E0,-1.E0));
#6718=AXIS2_PLACEMENT_3D('',#6715,#6716,#6717);
#6719=PLANE('',#6718);
#6720=ORIENTED_EDGE('',*,*,#4529,.F.);
#6722=ORIENTED_EDGE('',*,*,#6721,.T.);
#6723=ORIENTED_EDGE('',*,*,#5379,.T.);
#6724=ORIENTED_EDGE('',*,*,#6708,.F.);
#6725=EDGE_LOOP('',(#6720,#6722,#6723,#6724));
#6726=FACE_OUTER_BOUND('',#6725,.F.);
#6728=CARTESIAN_POINT('',(-3.108510780334E-1,2.95E0,-2.733333969116E-1));
#6729=DIRECTION('',(9.689176611437E-1,0.E0,-2.473834390653E-1));
#6730=DIRECTION('',(-2.473834390653E-1,0.E0,-9.689176611437E-1));
#6731=AXIS2_PLACEMENT_3D('',#6728,#6729,#6730);
#6732=PLANE('',#6731);
#6733=ORIENTED_EDGE('',*,*,#4527,.F.);
#6735=ORIENTED_EDGE('',*,*,#6734,.T.);
#6736=ORIENTED_EDGE('',*,*,#5381,.T.);
#6737=ORIENTED_EDGE('',*,*,#6721,.F.);
#6738=EDGE_LOOP('',(#6733,#6735,#6736,#6737));
#6739=FACE_OUTER_BOUND('',#6738,.F.);
#6741=CARTESIAN_POINT('',(-2.768085289001E-1,2.95E0,-2.233333969116E-1));
#6742=DIRECTION('',(8.265992787996E-1,0.E0,-5.627909312417E-1));
#6743=DIRECTION('',(-5.627909312417E-1,0.E0,-8.265992787996E-1));
#6744=AXIS2_PLACEMENT_3D('',#6741,#6742,#6743);
#6745=PLANE('',#6744);
#6746=ORIENTED_EDGE('',*,*,#4525,.F.);
#6748=ORIENTED_EDGE('',*,*,#6747,.T.);
#6749=ORIENTED_EDGE('',*,*,#5383,.T.);
#6750=ORIENTED_EDGE('',*,*,#6734,.F.);
#6751=EDGE_LOOP('',(#6746,#6748,#6749,#6750));
#6752=FACE_OUTER_BOUND('',#6751,.F.);
#6754=CARTESIAN_POINT('',(-2.257446575165E-1,2.95E0,-1.9E-1));
#6755=DIRECTION('',(5.466229197794E-1,0.E0,-8.373788769559E-1));
#6756=DIRECTION('',(-8.373788769559E-1,0.E0,-5.466229197794E-1));
#6757=AXIS2_PLACEMENT_3D('',#6754,#6755,#6756);
#6758=PLANE('',#6757);
#6759=ORIENTED_EDGE('',*,*,#4523,.F.);
#6761=ORIENTED_EDGE('',*,*,#6760,.T.);
#6762=ORIENTED_EDGE('',*,*,#5385,.T.);
#6763=ORIENTED_EDGE('',*,*,#6747,.F.);
#6764=EDGE_LOOP('',(#6759,#6761,#6762,#6763));
#6765=FACE_OUTER_BOUND('',#6764,.F.);
#6767=CARTESIAN_POINT('',(-1.576595592499E-1,2.95E0,-1.733333969116E-1));
#6768=DIRECTION('',(2.377704967207E-1,0.E0,-9.713213633444E-1));
#6769=DIRECTION('',(-9.713213633444E-1,0.E0,-2.377704967207E-1));
#6770=AXIS2_PLACEMENT_3D('',#6767,#6768,#6769);
#6771=PLANE('',#6770);
#6772=ORIENTED_EDGE('',*,*,#4521,.F.);
#6774=ORIENTED_EDGE('',*,*,#6773,.T.);
#6775=ORIENTED_EDGE('',*,*,#5387,.T.);
#6776=ORIENTED_EDGE('',*,*,#6760,.F.);
#6777=EDGE_LOOP('',(#6772,#6774,#6775,#6776));
#6778=FACE_OUTER_BOUND('',#6777,.F.);
#6780=CARTESIAN_POINT('',(9.765958309174E-2,2.95E0,-1.733333969116E-1));
#6781=DIRECTION('',(0.E0,0.E0,-1.E0));
#6782=DIRECTION('',(-1.E0,0.E0,0.E0));
#6783=AXIS2_PLACEMENT_3D('',#6780,#6781,#6782);
#6784=PLANE('',#6783);
#6785=ORIENTED_EDGE('',*,*,#4519,.F.);
#6787=ORIENTED_EDGE('',*,*,#6786,.T.);
#6788=ORIENTED_EDGE('',*,*,#5389,.T.);
#6789=ORIENTED_EDGE('',*,*,#6773,.F.);
#6790=EDGE_LOOP('',(#6785,#6787,#6788,#6789));
#6791=FACE_OUTER_BOUND('',#6790,.F.);
#6793=CARTESIAN_POINT('',(1.657446813583E-1,2.95E0,-1.9E-1));
#6794=DIRECTION('',(-2.377704967207E-1,0.E0,-9.713213633444E-1));
#6795=DIRECTION('',(-9.713213633444E-1,0.E0,2.377704967207E-1));
#6796=AXIS2_PLACEMENT_3D('',#6793,#6794,#6795);
#6797=PLANE('',#6796);
#6798=ORIENTED_EDGE('',*,*,#4517,.F.);
#6800=ORIENTED_EDGE('',*,*,#6799,.T.);
#6801=ORIENTED_EDGE('',*,*,#5391,.T.);
#6802=ORIENTED_EDGE('',*,*,#6786,.F.);
#6803=EDGE_LOOP('',(#6798,#6800,#6801,#6802));
#6804=FACE_OUTER_BOUND('',#6803,.F.);
#6806=CARTESIAN_POINT('',(2.168085050583E-1,2.95E0,-2.233333969116E-1));
#6807=DIRECTION('',(-5.466232777014E-1,0.E0,-8.373786433120E-1));
#6808=DIRECTION('',(-8.373786433120E-1,0.E0,5.466232777014E-1));
#6809=AXIS2_PLACEMENT_3D('',#6806,#6807,#6808);
#6810=PLANE('',#6809);
#6811=ORIENTED_EDGE('',*,*,#4515,.F.);
#6813=ORIENTED_EDGE('',*,*,#6812,.T.);
#6814=ORIENTED_EDGE('',*,*,#5393,.T.);
#6815=ORIENTED_EDGE('',*,*,#6799,.F.);
#6816=EDGE_LOOP('',(#6811,#6813,#6814,#6815));
#6817=FACE_OUTER_BOUND('',#6816,.F.);
#6819=CARTESIAN_POINT('',(2.508510661125E-1,2.95E0,-2.733333969116E-1));
#6820=DIRECTION('',(-8.265991871191E-1,0.E0,-5.627910658976E-1));
#6821=DIRECTION('',(-5.627910658976E-1,0.E0,8.265991871191E-1));
#6822=AXIS2_PLACEMENT_3D('',#6819,#6820,#6821);
#6823=PLANE('',#6822);
#6824=ORIENTED_EDGE('',*,*,#4513,.F.);
#6826=ORIENTED_EDGE('',*,*,#6825,.T.);
#6827=ORIENTED_EDGE('',*,*,#5395,.T.);
#6828=ORIENTED_EDGE('',*,*,#6812,.F.);
#6829=EDGE_LOOP('',(#6824,#6826,#6827,#6828));
#6830=FACE_OUTER_BOUND('',#6829,.F.);
#6832=CARTESIAN_POINT('',(2.678723406792E-1,2.95E0,-3.4E-1));
#6833=DIRECTION('',(-9.689176611437E-1,0.E0,-2.473834390653E-1));
#6834=DIRECTION('',(-2.473834390653E-1,0.E0,9.689176611437E-1));
#6835=AXIS2_PLACEMENT_3D('',#6832,#6833,#6834);
#6836=PLANE('',#6835);
#6837=ORIENTED_EDGE('',*,*,#4511,.F.);
#6839=ORIENTED_EDGE('',*,*,#6838,.T.);
#6840=ORIENTED_EDGE('',*,*,#5397,.T.);
#6841=ORIENTED_EDGE('',*,*,#6825,.F.);
#6842=EDGE_LOOP('',(#6837,#6839,#6840,#6841));
#6843=FACE_OUTER_BOUND('',#6842,.F.);
#6845=CARTESIAN_POINT('',(2.678723406792E-1,2.95E0,-4.9E-1));
#6846=DIRECTION('',(-1.E0,0.E0,0.E0));
#6847=DIRECTION('',(0.E0,0.E0,1.E0));
#6848=AXIS2_PLACEMENT_3D('',#6845,#6846,#6847);
#6849=PLANE('',#6848);
#6850=ORIENTED_EDGE('',*,*,#4509,.F.);
#6852=ORIENTED_EDGE('',*,*,#6851,.T.);
#6853=ORIENTED_EDGE('',*,*,#5399,.T.);
#6854=ORIENTED_EDGE('',*,*,#6838,.F.);
#6855=EDGE_LOOP('',(#6850,#6852,#6853,#6854));
#6856=FACE_OUTER_BOUND('',#6855,.F.);
#6858=CARTESIAN_POINT('',(2.508510661125E-1,2.95E0,-5.566666030884E-1));
#6859=DIRECTION('',(-9.689176611437E-1,0.E0,2.473834390653E-1));
#6860=DIRECTION('',(2.473834390653E-1,0.E0,9.689176611437E-1));
#6861=AXIS2_PLACEMENT_3D('',#6858,#6859,#6860);
#6862=PLANE('',#6861);
#6863=ORIENTED_EDGE('',*,*,#4507,.F.);
#6865=ORIENTED_EDGE('',*,*,#6864,.T.);
#6866=ORIENTED_EDGE('',*,*,#5401,.T.);
#6867=ORIENTED_EDGE('',*,*,#6851,.F.);
#6868=EDGE_LOOP('',(#6863,#6865,#6866,#6867));
#6869=FACE_OUTER_BOUND('',#6868,.F.);
#6871=CARTESIAN_POINT('',(2.168085050583E-1,2.95E0,-6.066666030884E-1));
#6872=DIRECTION('',(-8.265991871191E-1,0.E0,5.627910658975E-1));
#6873=DIRECTION('',(5.627910658975E-1,0.E0,8.265991871191E-1));
#6874=AXIS2_PLACEMENT_3D('',#6871,#6872,#6873);
#6875=PLANE('',#6874);
#6876=ORIENTED_EDGE('',*,*,#4505,.F.);
#6878=ORIENTED_EDGE('',*,*,#6877,.T.);
#6879=ORIENTED_EDGE('',*,*,#5403,.T.);
#6880=ORIENTED_EDGE('',*,*,#6864,.F.);
#6881=EDGE_LOOP('',(#6876,#6878,#6879,#6880));
#6882=FACE_OUTER_BOUND('',#6881,.F.);
#6884=CARTESIAN_POINT('',(1.657446813583E-1,2.95E0,-6.233333969116E-1));
#6885=DIRECTION('',(-3.102822043116E-1,0.E0,9.506444938501E-1));
#6886=DIRECTION('',(9.506444938501E-1,0.E0,3.102822043116E-1));
#6887=AXIS2_PLACEMENT_3D('',#6884,#6885,#6886);
#6888=PLANE('',#6887);
#6889=ORIENTED_EDGE('',*,*,#4503,.F.);
#6890=ORIENTED_EDGE('',*,*,#6385,.T.);
#6891=ORIENTED_EDGE('',*,*,#5405,.T.);
#6892=ORIENTED_EDGE('',*,*,#6877,.F.);
#6893=EDGE_LOOP('',(#6889,#6890,#6891,#6892));
#6894=FACE_OUTER_BOUND('',#6893,.F.);
#6896=CARTESIAN_POINT('',(3.7E-1,2.95E0,-9.566667938232E-1));
#6897=DIRECTION('',(0.E0,0.E0,-1.E0));
#6898=DIRECTION('',(-1.E0,0.E0,0.E0));
#6899=AXIS2_PLACEMENT_3D('',#6896,#6897,#6898);
#6900=PLANE('',#6899);
#6901=ORIENTED_EDGE('',*,*,#4583,.F.);
#6903=ORIENTED_EDGE('',*,*,#6902,.T.);
#6904=ORIENTED_EDGE('',*,*,#5427,.T.);
#6906=ORIENTED_EDGE('',*,*,#6905,.F.);
#6907=EDGE_LOOP('',(#6901,#6903,#6904,#6906));
#6908=FACE_OUTER_BOUND('',#6907,.F.);
#6910=CARTESIAN_POINT('',(3.7E-1,2.95E0,-8.566666030884E-1));
#6911=DIRECTION('',(1.E0,0.E0,0.E0));
#6912=DIRECTION('',(0.E0,0.E0,-1.E0));
#6913=AXIS2_PLACEMENT_3D('',#6910,#6911,#6912);
#6914=PLANE('',#6913);
#6915=ORIENTED_EDGE('',*,*,#4605,.F.);
#6917=ORIENTED_EDGE('',*,*,#6916,.T.);
#6918=ORIENTED_EDGE('',*,*,#5429,.T.);
#6919=ORIENTED_EDGE('',*,*,#6902,.F.);
#6920=EDGE_LOOP('',(#6915,#6917,#6918,#6919));
#6921=FACE_OUTER_BOUND('',#6920,.F.);
#6923=CARTESIAN_POINT('',(-4.3E-1,2.95E0,-8.566666030884E-1));
#6924=DIRECTION('',(0.E0,0.E0,1.E0));
#6925=DIRECTION('',(1.E0,0.E0,0.E0));
#6926=AXIS2_PLACEMENT_3D('',#6923,#6924,#6925);
#6927=PLANE('',#6926);
#6928=ORIENTED_EDGE('',*,*,#4603,.F.);
#6930=ORIENTED_EDGE('',*,*,#6929,.T.);
#6931=ORIENTED_EDGE('',*,*,#5431,.T.);
#6932=ORIENTED_EDGE('',*,*,#6916,.F.);
#6933=EDGE_LOOP('',(#6928,#6930,#6931,#6932));
#6934=FACE_OUTER_BOUND('',#6933,.F.);
#6936=CARTESIAN_POINT('',(-4.3E-1,2.95E0,-9.566667938232E-1));
#6937=DIRECTION('',(-1.E0,0.E0,0.E0));
#6938=DIRECTION('',(0.E0,0.E0,1.E0));
#6939=AXIS2_PLACEMENT_3D('',#6936,#6937,#6938);
#6940=PLANE('',#6939);
#6941=ORIENTED_EDGE('',*,*,#4601,.F.);
#6943=ORIENTED_EDGE('',*,*,#6942,.T.);
#6944=ORIENTED_EDGE('',*,*,#5433,.T.);
#6945=ORIENTED_EDGE('',*,*,#6929,.F.);
#6946=EDGE_LOOP('',(#6941,#6943,#6944,#6945));
#6947=FACE_OUTER_BOUND('',#6946,.F.);
#6949=CARTESIAN_POINT('',(-1.065957355499E-1,2.95E0,-9.566667938232E-1));
#6950=DIRECTION('',(0.E0,0.E0,-1.E0));
#6951=DIRECTION('',(-1.E0,0.E0,0.E0));
#6952=AXIS2_PLACEMENT_3D('',#6949,#6950,#6951);
#6953=PLANE('',#6952);
#6954=ORIENTED_EDGE('',*,*,#4599,.F.);
#6956=ORIENTED_EDGE('',*,*,#6955,.T.);
#6957=ORIENTED_EDGE('',*,*,#5435,.T.);
#6958=ORIENTED_EDGE('',*,*,#6942,.F.);
#6959=EDGE_LOOP('',(#6954,#6956,#6957,#6958));
#6960=FACE_OUTER_BOUND('',#6959,.F.);
#6962=CARTESIAN_POINT('',(-1.065957355499E-1,2.95E0,-1.423333206177E0));
#6963=DIRECTION('',(-1.E0,0.E0,0.E0));
#6964=DIRECTION('',(0.E0,0.E0,1.E0));
#6965=AXIS2_PLACEMENT_3D('',#6962,#6963,#6964);
#6966=PLANE('',#6965);
#6967=ORIENTED_EDGE('',*,*,#4597,.F.);
#6969=ORIENTED_EDGE('',*,*,#6968,.T.);
#6970=ORIENTED_EDGE('',*,*,#5437,.T.);
#6971=ORIENTED_EDGE('',*,*,#6955,.F.);
#6972=EDGE_LOOP('',(#6967,#6969,#6970,#6971));
#6973=FACE_OUTER_BOUND('',#6972,.F.);
#6975=CARTESIAN_POINT('',(-4.3E-1,2.95E0,-1.423333206177E0));
#6976=DIRECTION('',(0.E0,0.E0,1.E0));
#6977=DIRECTION('',(1.E0,0.E0,0.E0));
#6978=AXIS2_PLACEMENT_3D('',#6975,#6976,#6977);
#6979=PLANE('',#6978);
#6980=ORIENTED_EDGE('',*,*,#4595,.F.);
#6982=ORIENTED_EDGE('',*,*,#6981,.T.);
#6983=ORIENTED_EDGE('',*,*,#5439,.T.);
#6984=ORIENTED_EDGE('',*,*,#6968,.F.);
#6985=EDGE_LOOP('',(#6980,#6982,#6983,#6984));
#6986=FACE_OUTER_BOUND('',#6985,.F.);
#6988=CARTESIAN_POINT('',(-4.3E-1,2.95E0,-1.523333206177E0));
#6989=DIRECTION('',(-1.E0,0.E0,0.E0));
#6990=DIRECTION('',(0.E0,0.E0,1.E0));
#6991=AXIS2_PLACEMENT_3D('',#6988,#6989,#6990);
#6992=PLANE('',#6991);
#6993=ORIENTED_EDGE('',*,*,#4593,.F.);
#6995=ORIENTED_EDGE('',*,*,#6994,.T.);
#6996=ORIENTED_EDGE('',*,*,#5441,.T.);
#6997=ORIENTED_EDGE('',*,*,#6981,.F.);
#6998=EDGE_LOOP('',(#6993,#6995,#6996,#6997));
#6999=FACE_OUTER_BOUND('',#6998,.F.);
#7001=CARTESIAN_POINT('',(3.7E-1,2.95E0,-1.523333206177E0));
#7002=DIRECTION('',(0.E0,0.E0,-1.E0));
#7003=DIRECTION('',(-1.E0,0.E0,0.E0));
#7004=AXIS2_PLACEMENT_3D('',#7001,#7002,#7003);
#7005=PLANE('',#7004);
#7006=ORIENTED_EDGE('',*,*,#4591,.F.);
#7008=ORIENTED_EDGE('',*,*,#7007,.T.);
#7009=ORIENTED_EDGE('',*,*,#5443,.T.);
#7010=ORIENTED_EDGE('',*,*,#6994,.F.);
#7011=EDGE_LOOP('',(#7006,#7008,#7009,#7010));
#7012=FACE_OUTER_BOUND('',#7011,.F.);
#7014=CARTESIAN_POINT('',(3.7E-1,2.95E0,-1.423333206177E0));
#7015=DIRECTION('',(1.E0,0.E0,0.E0));
#7016=DIRECTION('',(0.E0,0.E0,-1.E0));
#7017=AXIS2_PLACEMENT_3D('',#7014,#7015,#7016);
#7018=PLANE('',#7017);
#7019=ORIENTED_EDGE('',*,*,#4589,.F.);
#7021=ORIENTED_EDGE('',*,*,#7020,.T.);
#7022=ORIENTED_EDGE('',*,*,#5445,.T.);
#7023=ORIENTED_EDGE('',*,*,#7007,.F.);
#7024=EDGE_LOOP('',(#7019,#7021,#7022,#7023));
#7025=FACE_OUTER_BOUND('',#7024,.F.);
#7027=CARTESIAN_POINT('',(-4.468088150024E-3,2.95E0,-1.423333206177E0));
#7028=DIRECTION('',(0.E0,0.E0,1.E0));
#7029=DIRECTION('',(1.E0,0.E0,0.E0));
#7030=AXIS2_PLACEMENT_3D('',#7027,#7028,#7029);
#7031=PLANE('',#7030);
#7032=ORIENTED_EDGE('',*,*,#4587,.F.);
#7034=ORIENTED_EDGE('',*,*,#7033,.T.);
#7035=ORIENTED_EDGE('',*,*,#5447,.T.);
#7036=ORIENTED_EDGE('',*,*,#7020,.F.);
#7037=EDGE_LOOP('',(#7032,#7034,#7035,#7036));
#7038=FACE_OUTER_BOUND('',#7037,.F.);
#7040=CARTESIAN_POINT('',(-4.468088150024E-3,2.95E0,-9.566667938232E-1));
#7041=DIRECTION('',(1.E0,0.E0,0.E0));
#7042=DIRECTION('',(0.E0,0.E0,-1.E0));
#7043=AXIS2_PLACEMENT_3D('',#7040,#7041,#7042);
#7044=PLANE('',#7043);
#7045=ORIENTED_EDGE('',*,*,#4585,.F.);
#7046=ORIENTED_EDGE('',*,*,#6905,.T.);
#7047=ORIENTED_EDGE('',*,*,#5449,.T.);
#7048=ORIENTED_EDGE('',*,*,#7033,.F.);
#7049=EDGE_LOOP('',(#7045,#7046,#7047,#7048));
#7050=FACE_OUTER_BOUND('',#7049,.F.);
#7052=CLOSED_SHELL('',(#4015,#4030,#4071,#4086,#4100,#4114,#4127,#4139,#4154,
#4170,#4185,#4200,#4219,#4245,#4275,#4301,#4325,#4349,#4375,#4609,#4657,#4685,
#4699,#4714,#4729,#4744,#4763,#4790,#4820,#4845,#4869,#4893,#4917,#4932,#4946,
#4960,#4973,#4985,#5012,#5026,#5040,#5054,#5068,#5082,#5096,#5109,#5125,#5235,
#5309,#5409,#5453,#5479,#5492,#5505,#5518,#5531,#5544,#5557,#5570,#5583,#5596,
#5609,#5622,#5635,#5648,#5661,#5674,#5687,#5700,#5713,#5726,#5739,#5752,#5765,
#5777,#5791,#5804,#5817,#5830,#5843,#5856,#5869,#5882,#5895,#5908,#5921,#5934,
#5947,#5960,#5973,#5986,#5999,#6012,#6025,#6037,#6051,#6064,#6077,#6090,#6103,
#6116,#6129,#6142,#6155,#6168,#6181,#6194,#6207,#6220,#6233,#6245,#6259,#6272,
#6285,#6298,#6311,#6324,#6337,#6350,#6363,#6375,#6389,#6402,#6415,#6428,#6441,
#6454,#6467,#6480,#6493,#6506,#6519,#6532,#6545,#6558,#6571,#6584,#6597,#6610,
#6623,#6636,#6649,#6662,#6675,#6688,#6701,#6714,#6727,#6740,#6753,#6766,#6779,
#6792,#6805,#6818,#6831,#6844,#6857,#6870,#6883,#6895,#6909,#6922,#6935,#6948,
#6961,#6974,#6987,#7000,#7013,#7026,#7039,#7051));
#7053=MANIFOLD_SOLID_BREP('',#7052);
#7054=FILL_AREA_STYLE_COLOUR('',#11);
#7055=FILL_AREA_STYLE('',(#7054));
#7056=SURFACE_STYLE_FILL_AREA(#7055);
#7057=SURFACE_SIDE_STYLE('',(#7056));
#7058=SURFACE_STYLE_USAGE(.BOTH.,#7057);
#7059=PRESENTATION_STYLE_ASSIGNMENT((#7058));
#20=STYLED_ITEM('',(#7059),#7053);
#7060=CARTESIAN_POINT('',(0.E0,0.E0,0.E0));
#7061=DIRECTION('',(0.E0,0.E0,1.E0));
#7062=DIRECTION('',(1.E0,0.E0,0.E0));
#7063=AXIS2_PLACEMENT_3D('PRT_CSYS_DEF',#7060,#7061,#7062);
#7064=CURVE_STYLE('',#25,POSITIVE_LENGTH_MEASURE(2.E-2),#17);
#7065=PRESENTATION_STYLE_ASSIGNMENT((#7064));
#7066=STYLED_ITEM('',(#7065),#7063);
#7067=PRESENTATION_LAYER_ASSIGNMENT('05___PRT_ALL_DTM_CSYS','',(#7063));
#7068=PRESENTATION_LAYER_ASSIGNMENT('05___PRT_DEF_DTM_CSYS','',(#7063));
#7070=DIMENSIONAL_EXPONENTS(0.E0,0.E0,0.E0,0.E0,0.E0,0.E0,0.E0);
#7072=PLANE_ANGLE_MEASURE_WITH_UNIT(PLANE_ANGLE_MEASURE(1.745329251994E-2),
#7071);
#7073=(CONVERSION_BASED_UNIT('DEGREE',#7072)NAMED_UNIT(*)PLANE_ANGLE_UNIT());
#7075=UNCERTAINTY_MEASURE_WITH_UNIT(LENGTH_MEASURE(1.121973390065E-3),#7069,
'distance_accuracy_value',
'Maximum model space distance between geometric entities at asserted connectivities');
#7078=MECHANICAL_DESIGN_GEOMETRIC_PRESENTATION_REPRESENTATION('',(#28,#35,#42,
#49,#56,#63,#70,#77,#84,#91,#98,#105,#112,#119,#126,#133,#140,#147,#154,#161,
#168,#175,#182,#189,#196,#203,#210,#217,#224,#231,#238,#245,#252,#259,#266,#273,
#280,#287,#294,#301,#308,#315,#322,#329,#336,#343,#350,#357,#364,#371,#378,#385,
#392,#399,#406,#413,#420,#427,#434,#441,#448,#455,#462,#469,#476,#483,#490,#497,
#504,#511,#518,#525,#532,#539,#546,#553,#560,#567,#574,#581,#588,#595,#602,#609,
#616,#623,#630,#637,#644,#651,#658,#665,#672,#679,#686,#693,#700,#707,#714,#721,
#728,#735,#742,#749,#756,#763,#770,#777,#784,#791,#798,#805,#812,#819,#826,#833,
#840,#847,#854,#861,#868,#875,#882,#889,#896,#903,#910,#917,#924,#931,#938,#945,
#952,#959,#966,#973,#980,#987,#994,#1001,#1008,#1015,#1022,#1029,#1036,#1043,
#1050,#1057,#1064,#1071,#1078,#1085,#1092,#1099,#1106,#1113,#1120,#1127,#1134,
#1141,#1148,#1155,#1162,#1169,#1176,#1183,#1190,#1197,#1204,#1211,#1218,#1225,
#1232,#1239,#1246,#1253,#1260,#1267,#1274,#1281,#1288,#1295,#1302,#1309,#1316,
#1323,#1330,#1337,#1344,#1351,#1358,#1365,#1372,#1379,#1386,#1393,#1400,#1407,
#1414,#1421,#1428,#1435,#1442,#1449,#1456,#1463,#1470,#1477,#1484,#1491,#1498,
#1505,#1512,#1519,#1526,#1533,#1540,#1547,#1554,#1561,#1568,#1575,#1582,#1589,
#1596,#1603,#1610,#1617,#1624,#1631,#1638,#1645,#1652,#1659,#1666,#1673,#1680,
#1687,#1694,#1701,#1708,#1715,#1722,#1729,#1736,#1743,#1750,#1757,#1764,#1771,
#1778,#1785,#1792,#1799,#1806,#1813,#1820,#1827,#1834,#1841,#1848,#1855,#1862,
#1869,#1876,#1883,#1890,#1897,#1904,#1911,#1918,#1925,#1932,#1939,#1946,#1953,
#1960,#1967,#1974,#1981,#1988,#1995,#2002,#2009,#2016,#2023,#2030,#2037,#2044,
#2051,#2058,#2065,#2072,#2079,#2086,#2093,#2100,#2107,#2114,#2121,#2128,#2135,
#2142,#2149,#2156,#2163,#2170,#2177,#2184,#2191,#2198,#2205,#2212,#2219,#2226,
#2233,#2240,#2247,#2254,#2261,#2268,#2275,#2282,#2289,#2296,#2303,#2310,#2317,
#2324,#2331,#2338,#2345,#2352,#2359,#2366,#2373,#2380,#2387,#2394,#2401,#2408,
#2415,#2422,#2429,#2436,#2443,#2450,#2457,#2464,#2471,#2478,#2485,#2492,#2499,
#2506,#2513,#2520,#2527,#2534,#2541,#2548,#2555,#2562,#2569,#2576,#2583,#2590,
#2597,#2604,#2611,#2618,#2625,#2632,#2639,#2646,#2653,#2660,#2667,#2674,#2681,
#2688,#2695,#2702,#2709,#2716,#2723,#2730,#2737,#2744,#2751,#2758,#2765,#2772,
#2779,#2786,#2793,#2800,#2807,#2814,#2821,#2828,#2835,#2842,#2849,#2856,#2863,
#2870,#2877,#2884,#2891,#2898,#2905,#2912,#2919,#2926,#2933,#2940,#2947,#2954,
#2961,#2968,#2975,#2982,#2989,#2996,#3003,#3010,#3017,#3024,#3031,#3038,#3045,
#3052,#3059,#3066,#3073,#3080,#3087,#3094,#3101,#3108,#3115,#3122,#3129,#3136,
#3143,#3150,#3157,#3164,#3171,#3178,#3185,#3192,#3199,#3206,#3213,#3220,#3227,
#3234,#3241,#3248,#3255,#3262,#3269,#3276,#3283,#3290,#3297,#3304,#3311,#3318,
#3325,#3332,#3339,#3346,#3353,#3360,#3367,#4231,#4257,#4287,#4313,#4337,#4361,
#4775,#4802,#4832,#4857,#4881,#4905,#4997,#5137,#5247,#5321,#5421,#5465,#20,
#7066),#7076);
#7079=APPLICATION_CONTEXT('automotive_design');
#7080=APPLICATION_PROTOCOL_DEFINITION('draft international standard',
'automotive_design',1998,#7079);
#7081=PRODUCT_DEFINITION_CONTEXT('part definition',#7079,'design');
#7082=PRODUCT_CONTEXT('',#7079,'mechanical');
#7083=PRODUCT('H','H','NOT SPECIFIED',(#7082));
#7084=PRODUCT_DEFINITION_FORMATION_WITH_SPECIFIED_SOURCE('4','LAST_VERSION',
#7083,.MADE.);
#7088=PRODUCT_TYPE('part','',(#7083));
#1=DRAUGHTING_PRE_DEFINED_COLOUR('green');
#2=COLOUR_RGB('',1.1E-2,1.2E-2,1.E0);
#3=COLOUR_RGB('',1.568627450980E-2,1.E0,4.549019607843E-1);
#4=COLOUR_RGB('',1.1E-1,1.1E-1,1.1E-1);
#5=COLOUR_RGB('',1.803921568627E-1,1.E0,4.980392156863E-1);
#6=COLOUR_RGB('',3.92E-1,1.2E-2,1.2E-2);
#7=COLOUR_RGB('',4.1E-1,0.E0,2.2E-1);
#8=COLOUR_RGB('',6.58824E-1,6.58824E-1,6.58824E-1);
#9=COLOUR_RGB('',8.470588235294E-1,8.470588235294E-1,8.470588235294E-1);
#10=COLOUR_RGB('',8.784E-1,9.49E-1,1.E0);
#11=COLOUR_RGB('',9.4902E-1,7.56863E-1,1.76471E-1);
#12=COLOUR_RGB('',9.6E-1,9.6E-1,9.6E-1);
#13=COLOUR_RGB('',9.803921568627E-1,4.549019607843E-1,1.568627450980E-2);
#14=COLOUR_RGB('',9.8E-1,6.27E-1,0.E0);
#15=COLOUR_RGB('',9.803921568627E-1,9.725490196078E-1,4.549019607843E-1);
#16=DRAUGHTING_PRE_DEFINED_COLOUR('red');
#17=DRAUGHTING_PRE_DEFINED_COLOUR('yellow');
#18=COLOUR_RGB('',1.E0,1.E0,9.49E-1);
#19=DRAUGHTING_PRE_DEFINED_COLOUR('white');
#4005=EDGE_CURVE('',#3370,#3371,#24,.T.);
#4007=EDGE_CURVE('',#3371,#3442,#32,.T.);
#4009=EDGE_CURVE('',#3442,#3443,#354,.T.);
#4011=EDGE_CURVE('',#3370,#3443,#347,.T.);
#4015=ADVANCED_FACE('',(#4014),#4004,.T.);
#4021=EDGE_CURVE('',#3377,#3381,#102,.T.);
#4023=EDGE_CURVE('',#3371,#3377,#39,.T.);
#4026=EDGE_CURVE('',#3370,#3381,#207,.T.);
#4030=ADVANCED_FACE('',(#4029),#4020,.F.);
#4036=EDGE_CURVE('',#3383,#3379,#74,.T.);
#4038=EDGE_CURVE('',#3390,#3379,#1341,.T.);
#4040=EDGE_CURVE('',#3390,#3393,#81,.T.);
#4042=EDGE_CURVE('',#3393,#3395,#88,.T.);
#4044=EDGE_CURVE('',#3391,#3395,#95,.T.);
#4046=EDGE_CURVE('',#3377,#3391,#1355,.T.);
#4049=EDGE_CURVE('',#3423,#3381,#200,.T.);
#4051=EDGE_CURVE('',#3423,#3419,#109,.T.);
#4053=EDGE_CURVE('',#3417,#3419,#116,.T.);
#4055=EDGE_CURVE('',#3422,#3417,#123,.T.);
#4057=EDGE_CURVE('',#3383,#3422,#214,.T.);
#4061=EDGE_CURVE('',#3454,#3450,#46,.T.);
#4063=EDGE_CURVE('',#3454,#3455,#53,.T.);
#4065=EDGE_CURVE('',#3455,#3451,#60,.T.);
#4067=EDGE_CURVE('',#3450,#3451,#67,.T.);
#4071=ADVANCED_FACE('',(#4060,#4070),#4035,.T.);
#4077=EDGE_CURVE('',#3454,#3463,#130,.T.);
#4080=EDGE_CURVE('',#3450,#3459,#137,.T.);
#4082=EDGE_CURVE('',#3459,#3463,#151,.T.);
#4086=ADVANCED_FACE('',(#4085),#4076,.F.);
#4094=EDGE_CURVE('',#3462,#3463,#144,.T.);
#4096=EDGE_CURVE('',#3455,#3462,#172,.T.);
#4100=ADVANCED_FACE('',(#4099),#4091,.T.);
#4108=EDGE_CURVE('',#3458,#3459,#158,.T.);
#4110=EDGE_CURVE('',#3458,#3462,#165,.T.);
#4114=ADVANCED_FACE('',(#4113),#4105,.F.);
#4123=EDGE_CURVE('',#3451,#3458,#179,.T.);
#4127=ADVANCED_FACE('',(#4126),#4119,.F.);
#4139=ADVANCED_FACE('',(#4138),#4132,.T.);
#4146=EDGE_CURVE('',#3373,#3383,#186,.T.);
#4148=EDGE_CURVE('',#3373,#3375,#1481,.T.);
#4150=EDGE_CURVE('',#3375,#3379,#1348,.T.);
#4154=ADVANCED_FACE('',(#4153),#4144,.F.);
#4160=EDGE_CURVE('',#3422,#3423,#193,.T.);
#4164=EDGE_CURVE('',#3370,#3373,#340,.T.);
#4170=ADVANCED_FACE('',(#4169),#4159,.F.);
#4176=EDGE_CURVE('',#3439,#3437,#221,.T.);
#4178=EDGE_CURVE('',#3423,#3437,#228,.T.);
#4181=EDGE_CURVE('',#3439,#3422,#235,.T.);
#4185=ADVANCED_FACE('',(#4184),#4175,.T.);
#4191=EDGE_CURVE('',#3437,#3430,#249,.T.);
#4194=EDGE_CURVE('',#3439,#3435,#242,.T.);
#4196=EDGE_CURVE('',#3435,#3430,#277,.T.);
#4200=ADVANCED_FACE('',(#4199),#4190,.F.);
#4208=EDGE_CURVE('',#3430,#3431,#270,.T.);
#4210=EDGE_CURVE('',#3426,#3431,#326,.T.);
#4212=EDGE_CURVE('',#3426,#3415,#256,.T.);
#4214=EDGE_CURVE('',#3419,#3415,#263,.T.);
#4219=ADVANCED_FACE('',(#4218),#4205,.F.);
#4239=EDGE_CURVE('',#3433,#3435,#284,.T.);
#4241=EDGE_CURVE('',#3431,#3433,#291,.T.);
#4245=ADVANCED_FACE('',(#4244),#4236,.F.);
#4263=EDGE_CURVE('',#3414,#3427,#298,.T.);
#4265=EDGE_CURVE('',#3427,#3433,#305,.T.);
#4271=EDGE_CURVE('',#3417,#3414,#333,.T.);
#4275=ADVANCED_FACE('',(#4274),#4262,.F.);
#4294=EDGE_CURVE('',#3426,#3427,#312,.T.);
#4297=EDGE_CURVE('',#3414,#3415,#319,.T.);
#4301=ADVANCED_FACE('',(#4300),#4292,.F.);
#4325=ADVANCED_FACE('',(#4324),#4318,.F.);
#4349=ADVANCED_FACE('',(#4348),#4342,.F.);
#4369=EDGE_CURVE('',#3443,#3445,#375,.T.);
#4371=EDGE_CURVE('',#3373,#3445,#1488,.T.);
#4375=ADVANCED_FACE('',(#4374),#4366,.T.);
#4382=EDGE_CURVE('',#3447,#3442,#361,.T.);
#4384=EDGE_CURVE('',#3445,#3447,#368,.T.);
#4389=EDGE_CURVE('',#3474,#3475,#382,.T.);
#4391=EDGE_CURVE('',#3475,#3477,#389,.T.);
#4393=EDGE_CURVE('',#3477,#3479,#396,.T.);
#4395=EDGE_CURVE('',#3479,#3474,#403,.T.);
#4399=EDGE_CURVE('',#3742,#3743,#410,.T.);
#4401=EDGE_CURVE('',#3743,#3745,#417,.T.);
#4403=EDGE_CURVE('',#3745,#3747,#424,.T.);
#4405=EDGE_CURVE('',#3747,#3749,#431,.T.);
#4407=EDGE_CURVE('',#3749,#3751,#438,.T.);
#4409=EDGE_CURVE('',#3751,#3753,#445,.T.);
#4411=EDGE_CURVE('',#3753,#3755,#452,.T.);
#4413=EDGE_CURVE('',#3755,#3742,#459,.T.);
#4417=EDGE_CURVE('',#3758,#3759,#466,.T.);
#4419=EDGE_CURVE('',#3759,#3761,#473,.T.);
#4421=EDGE_CURVE('',#3761,#3763,#480,.T.);
#4423=EDGE_CURVE('',#3763,#3765,#487,.T.);
#4425=EDGE_CURVE('',#3765,#3767,#494,.T.);
#4427=EDGE_CURVE('',#3767,#3769,#501,.T.);
#4429=EDGE_CURVE('',#3769,#3771,#508,.T.);
#4431=EDGE_CURVE('',#3771,#3773,#515,.T.);
#4433=EDGE_CURVE('',#3773,#3775,#522,.T.);
#4435=EDGE_CURVE('',#3775,#3777,#529,.T.);
#4437=EDGE_CURVE('',#3777,#3779,#536,.T.);
#4439=EDGE_CURVE('',#3779,#3781,#543,.T.);
#4441=EDGE_CURVE('',#3781,#3783,#550,.T.);
#4443=EDGE_CURVE('',#3783,#3785,#557,.T.);
#4445=EDGE_CURVE('',#3785,#3787,#564,.T.);
#4447=EDGE_CURVE('',#3787,#3789,#571,.T.);
#4449=EDGE_CURVE('',#3789,#3791,#578,.T.);
#4451=EDGE_CURVE('',#3791,#3793,#585,.T.);
#4453=EDGE_CURVE('',#3793,#3795,#592,.T.);
#4455=EDGE_CURVE('',#3795,#3797,#599,.T.);
#4457=EDGE_CURVE('',#3797,#3799,#606,.T.);
#4459=EDGE_CURVE('',#3799,#3801,#613,.T.);
#4461=EDGE_CURVE('',#3801,#3803,#620,.T.);
#4463=EDGE_CURVE('',#3803,#3758,#627,.T.);
#4467=EDGE_CURVE('',#3846,#3847,#774,.T.);
#4469=EDGE_CURVE('',#3847,#3849,#781,.T.);
#4471=EDGE_CURVE('',#3849,#3851,#788,.T.);
#4473=EDGE_CURVE('',#3851,#3853,#795,.T.);
#4475=EDGE_CURVE('',#3853,#3855,#802,.T.);
#4477=EDGE_CURVE('',#3855,#3857,#809,.T.);
#4479=EDGE_CURVE('',#3857,#3859,#816,.T.);
#4481=EDGE_CURVE('',#3859,#3861,#823,.T.);
#4483=EDGE_CURVE('',#3861,#3863,#830,.T.);
#4485=EDGE_CURVE('',#3863,#3865,#837,.T.);
#4487=EDGE_CURVE('',#3865,#3867,#844,.T.);
#4489=EDGE_CURVE('',#3867,#3869,#851,.T.);
#4491=EDGE_CURVE('',#3869,#3871,#858,.T.);
#4493=EDGE_CURVE('',#3871,#3873,#865,.T.);
#4495=EDGE_CURVE('',#3873,#3875,#872,.T.);
#4497=EDGE_CURVE('',#3875,#3846,#879,.T.);
#4501=EDGE_CURVE('',#3898,#3899,#956,.T.);
#4503=EDGE_CURVE('',#3899,#3901,#963,.T.);
#4505=EDGE_CURVE('',#3901,#3903,#970,.T.);
#4507=EDGE_CURVE('',#3903,#3905,#977,.T.);
#4509=EDGE_CURVE('',#3905,#3907,#984,.T.);
#4511=EDGE_CURVE('',#3907,#3909,#991,.T.);
#4513=EDGE_CURVE('',#3909,#3911,#998,.T.);
#4515=EDGE_CURVE('',#3911,#3913,#1005,.T.);
#4517=EDGE_CURVE('',#3913,#3915,#1012,.T.);
#4519=EDGE_CURVE('',#3915,#3917,#1019,.T.);
#4521=EDGE_CURVE('',#3917,#3919,#1026,.T.);
#4523=EDGE_CURVE('',#3919,#3921,#1033,.T.);
#4525=EDGE_CURVE('',#3921,#3923,#1040,.T.);
#4527=EDGE_CURVE('',#3923,#3925,#1047,.T.);
#4529=EDGE_CURVE('',#3925,#3927,#1054,.T.);
#4531=EDGE_CURVE('',#3927,#3929,#1061,.T.);
#4533=EDGE_CURVE('',#3929,#3931,#1068,.T.);
#4535=EDGE_CURVE('',#3931,#3933,#1075,.T.);
#4537=EDGE_CURVE('',#3933,#3935,#1082,.T.);
#4539=EDGE_CURVE('',#3935,#3937,#1089,.T.);
#4541=EDGE_CURVE('',#3937,#3939,#1096,.T.);
#4543=EDGE_CURVE('',#3939,#3941,#1103,.T.);
#4545=EDGE_CURVE('',#3941,#3943,#1110,.T.);
#4547=EDGE_CURVE('',#3943,#3945,#1117,.T.);
#4549=EDGE_CURVE('',#3945,#3947,#1124,.T.);
#4551=EDGE_CURVE('',#3947,#3949,#1131,.T.);
#4553=EDGE_CURVE('',#3949,#3951,#1138,.T.);
#4555=EDGE_CURVE('',#3951,#3953,#1145,.T.);
#4557=EDGE_CURVE('',#3953,#3955,#1152,.T.);
#4559=EDGE_CURVE('',#3955,#3957,#1159,.T.);
#4561=EDGE_CURVE('',#3957,#3959,#1166,.T.);
#4563=EDGE_CURVE('',#3959,#3961,#1173,.T.);
#4565=EDGE_CURVE('',#3961,#3963,#1180,.T.);
#4567=EDGE_CURVE('',#3963,#3965,#1187,.T.);
#4569=EDGE_CURVE('',#3965,#3967,#1194,.T.);
#4571=EDGE_CURVE('',#3967,#3969,#1201,.T.);
#4573=EDGE_CURVE('',#3969,#3971,#1208,.T.);
#4575=EDGE_CURVE('',#3971,#3973,#1215,.T.);
#4577=EDGE_CURVE('',#3973,#3975,#1222,.T.);
#4579=EDGE_CURVE('',#3975,#3898,#1229,.T.);
#4583=EDGE_CURVE('',#3978,#3979,#1236,.T.);
#4585=EDGE_CURVE('',#3979,#3981,#1243,.T.);
#4587=EDGE_CURVE('',#3981,#3983,#1250,.T.);
#4589=EDGE_CURVE('',#3983,#3985,#1257,.T.);
#4591=EDGE_CURVE('',#3985,#3987,#1264,.T.);
#4593=EDGE_CURVE('',#3987,#3989,#1271,.T.);
#4595=EDGE_CURVE('',#3989,#3991,#1278,.T.);
#4597=EDGE_CURVE('',#3991,#3993,#1285,.T.);
#4599=EDGE_CURVE('',#3993,#3995,#1292,.T.);
#4601=EDGE_CURVE('',#3995,#3997,#1299,.T.);
#4603=EDGE_CURVE('',#3997,#3999,#1306,.T.);
#4605=EDGE_CURVE('',#3999,#3978,#1313,.T.);
#4609=ADVANCED_FACE('',(#4388,#4398,#4416,#4466,#4500,#4582,#4608),#4380,.T.);
#4615=EDGE_CURVE('',#3806,#3807,#634,.T.);
#4617=EDGE_CURVE('',#3807,#3809,#641,.T.);
#4619=EDGE_CURVE('',#3809,#3811,#648,.T.);
#4621=EDGE_CURVE('',#3811,#3813,#655,.T.);
#4623=EDGE_CURVE('',#3813,#3815,#662,.T.);
#4625=EDGE_CURVE('',#3815,#3817,#669,.T.);
#4627=EDGE_CURVE('',#3817,#3819,#676,.T.);
#4629=EDGE_CURVE('',#3819,#3821,#683,.T.);
#4631=EDGE_CURVE('',#3821,#3823,#690,.T.);
#4633=EDGE_CURVE('',#3823,#3825,#697,.T.);
#4635=EDGE_CURVE('',#3825,#3827,#704,.T.);
#4637=EDGE_CURVE('',#3827,#3829,#711,.T.);
#4639=EDGE_CURVE('',#3829,#3831,#718,.T.);
#4641=EDGE_CURVE('',#3831,#3833,#725,.T.);
#4643=EDGE_CURVE('',#3833,#3835,#732,.T.);
#4645=EDGE_CURVE('',#3835,#3837,#739,.T.);
#4647=EDGE_CURVE('',#3837,#3839,#746,.T.);
#4649=EDGE_CURVE('',#3839,#3841,#753,.T.);
#4651=EDGE_CURVE('',#3841,#3843,#760,.T.);
#4653=EDGE_CURVE('',#3843,#3806,#767,.T.);
#4657=ADVANCED_FACE('',(#4656),#4614,.T.);
#4663=EDGE_CURVE('',#3878,#3879,#886,.T.);
#4665=EDGE_CURVE('',#3879,#3881,#893,.T.);
#4667=EDGE_CURVE('',#3881,#3883,#900,.T.);
#4669=EDGE_CURVE('',#3883,#3885,#907,.T.);
#4671=EDGE_CURVE('',#3885,#3887,#914,.T.);
#4673=EDGE_CURVE('',#3887,#3889,#921,.T.);
#4675=EDGE_CURVE('',#3889,#3891,#928,.T.);
#4677=EDGE_CURVE('',#3891,#3893,#935,.T.);
#4679=EDGE_CURVE('',#3893,#3895,#942,.T.);
#4681=EDGE_CURVE('',#3895,#3878,#949,.T.);
#4685=ADVANCED_FACE('',(#4684),#4662,.T.);
#4691=EDGE_CURVE('',#3371,#3375,#1320,.T.);
#4693=EDGE_CURVE('',#3375,#3447,#1327,.T.);
#4699=ADVANCED_FACE('',(#4698),#4690,.T.);
#4705=EDGE_CURVE('',#3390,#3391,#1334,.T.);
#4714=ADVANCED_FACE('',(#4713),#4704,.F.);
#4720=EDGE_CURVE('',#3410,#3411,#1362,.T.);
#4722=EDGE_CURVE('',#3410,#3390,#1369,.T.);
#4725=EDGE_CURVE('',#3391,#3411,#1376,.T.);
#4729=ADVANCED_FACE('',(#4728),#4719,.F.);
#4736=EDGE_CURVE('',#3411,#3402,#1397,.T.);
#4738=EDGE_CURVE('',#3407,#3402,#1460,.T.);
#4740=EDGE_CURVE('',#3410,#3407,#1383,.T.);
#4744=ADVANCED_FACE('',(#4743),#4734,.T.);
#4750=EDGE_CURVE('',#3387,#3398,#1390,.T.);
#4752=EDGE_CURVE('',#3398,#3403,#1467,.T.);
#4754=EDGE_CURVE('',#3402,#3403,#1439,.T.);
#4759=EDGE_CURVE('',#3395,#3387,#1404,.T.);
#4763=ADVANCED_FACE('',(#4762),#4749,.T.);
#4781=EDGE_CURVE('',#3399,#3386,#1432,.T.);
#4783=EDGE_CURVE('',#3398,#3399,#1411,.T.);
#4786=EDGE_CURVE('',#3386,#3387,#1418,.T.);
#4790=ADVANCED_FACE('',(#4789),#4780,.T.);
#4810=EDGE_CURVE('',#3405,#3407,#1453,.T.);
#4812=EDGE_CURVE('',#3399,#3405,#1425,.T.);
#4815=EDGE_CURVE('',#3393,#3386,#1474,.T.);
#4820=ADVANCED_FACE('',(#4819),#4807,.T.);
#4839=EDGE_CURVE('',#3403,#3405,#1446,.T.);
#4845=ADVANCED_FACE('',(#4844),#4837,.T.);
#4869=ADVANCED_FACE('',(#4868),#4862,.T.);
#4893=ADVANCED_FACE('',(#4892),#4886,.T.);
#4917=ADVANCED_FACE('',(#4916),#4910,.T.);
#4924=EDGE_CURVE('',#3474,#3466,#1495,.T.);
#4926=EDGE_CURVE('',#3466,#3467,#1523,.T.);
#4928=EDGE_CURVE('',#3475,#3467,#1516,.T.);
#4932=ADVANCED_FACE('',(#4931),#4922,.F.);
#4939=EDGE_CURVE('',#3479,#3471,#1502,.T.);
#4941=EDGE_CURVE('',#3471,#3466,#1530,.T.);
#4946=ADVANCED_FACE('',(#4945),#4937,.F.);
#4953=EDGE_CURVE('',#3477,#3469,#1509,.T.);
#4955=EDGE_CURVE('',#3469,#3471,#1537,.T.);
#4960=ADVANCED_FACE('',(#4959),#4951,.F.);
#4968=EDGE_CURVE('',#3467,#3469,#1544,.T.);
#4973=ADVANCED_FACE('',(#4972),#4965,.F.);
#4985=ADVANCED_FACE('',(#4984),#4978,.T.);
#5004=EDGE_CURVE('',#3742,#3482,#1551,.T.);
#5006=EDGE_CURVE('',#3482,#3483,#1607,.T.);
#5008=EDGE_CURVE('',#3743,#3483,#1600,.T.);
#5012=ADVANCED_FACE('',(#5011),#5002,.F.);
#5019=EDGE_CURVE('',#3755,#3495,#1558,.T.);
#5021=EDGE_CURVE('',#3495,#3482,#1614,.T.);
#5026=ADVANCED_FACE('',(#5025),#5017,.F.);
#5033=EDGE_CURVE('',#3753,#3493,#1565,.T.);
#5035=EDGE_CURVE('',#3493,#3495,#1621,.T.);
#5040=ADVANCED_FACE('',(#5039),#5031,.F.);
#5047=EDGE_CURVE('',#3751,#3491,#1572,.T.);
#5049=EDGE_CURVE('',#3491,#3493,#1628,.T.);
#5054=ADVANCED_FACE('',(#5053),#5045,.F.);
#5061=EDGE_CURVE('',#3749,#3489,#1579,.T.);
#5063=EDGE_CURVE('',#3489,#3491,#1635,.T.);
#5068=ADVANCED_FACE('',(#5067),#5059,.F.);
#5075=EDGE_CURVE('',#3747,#3487,#1586,.T.);
#5077=EDGE_CURVE('',#3487,#3489,#1642,.T.);
#5082=ADVANCED_FACE('',(#5081),#5073,.F.);
#5089=EDGE_CURVE('',#3745,#3485,#1593,.T.);
#5091=EDGE_CURVE('',#3485,#3487,#1649,.T.);
#5096=ADVANCED_FACE('',(#5095),#5087,.F.);
#5104=EDGE_CURVE('',#3483,#3485,#1656,.T.);
#5109=ADVANCED_FACE('',(#5108),#5101,.F.);
#5125=ADVANCED_FACE('',(#5124),#5114,.T.);
#5143=EDGE_CURVE('',#3498,#3499,#1663,.T.);
#5145=EDGE_CURVE('',#3543,#3498,#1670,.T.);
#5147=EDGE_CURVE('',#3541,#3543,#1677,.T.);
#5149=EDGE_CURVE('',#3539,#3541,#1684,.T.);
#5151=EDGE_CURVE('',#3537,#3539,#1691,.T.);
#5153=EDGE_CURVE('',#3535,#3537,#1698,.T.);
#5155=EDGE_CURVE('',#3533,#3535,#1705,.T.);
#5157=EDGE_CURVE('',#3531,#3533,#1712,.T.);
#5159=EDGE_CURVE('',#3529,#3531,#1719,.T.);
#5161=EDGE_CURVE('',#3527,#3529,#1726,.T.);
#5163=EDGE_CURVE('',#3525,#3527,#1733,.T.);
#5165=EDGE_CURVE('',#3523,#3525,#1740,.T.);
#5167=EDGE_CURVE('',#3521,#3523,#1747,.T.);
#5169=EDGE_CURVE('',#3519,#3521,#1754,.T.);
#5171=EDGE_CURVE('',#3517,#3519,#1761,.T.);
#5173=EDGE_CURVE('',#3515,#3517,#1768,.T.);
#5175=EDGE_CURVE('',#3513,#3515,#1775,.T.);
#5177=EDGE_CURVE('',#3511,#3513,#1782,.T.);
#5179=EDGE_CURVE('',#3509,#3511,#1789,.T.);
#5181=EDGE_CURVE('',#3507,#3509,#1796,.T.);
#5183=EDGE_CURVE('',#3505,#3507,#1803,.T.);
#5185=EDGE_CURVE('',#3503,#3505,#1810,.T.);
#5187=EDGE_CURVE('',#3501,#3503,#1817,.T.);
#5189=EDGE_CURVE('',#3499,#3501,#1824,.T.);
#5193=EDGE_CURVE('',#3546,#3547,#1831,.T.);
#5195=EDGE_CURVE('',#3583,#3546,#1838,.T.);
#5197=EDGE_CURVE('',#3581,#3583,#1845,.T.);
#5199=EDGE_CURVE('',#3579,#3581,#1852,.T.);
#5201=EDGE_CURVE('',#3577,#3579,#1859,.T.);
#5203=EDGE_CURVE('',#3575,#3577,#1866,.T.);
#5205=EDGE_CURVE('',#3573,#3575,#1873,.T.);
#5207=EDGE_CURVE('',#3571,#3573,#1880,.T.);
#5209=EDGE_CURVE('',#3569,#3571,#1887,.T.);
#5211=EDGE_CURVE('',#3567,#3569,#1894,.T.);
#5213=EDGE_CURVE('',#3565,#3567,#1901,.T.);
#5215=EDGE_CURVE('',#3563,#3565,#1908,.T.);
#5217=EDGE_CURVE('',#3561,#3563,#1915,.T.);
#5219=EDGE_CURVE('',#3559,#3561,#1922,.T.);
#5221=EDGE_CURVE('',#3557,#3559,#1929,.T.);
#5223=EDGE_CURVE('',#3555,#3557,#1936,.T.);
#5225=EDGE_CURVE('',#3553,#3555,#1943,.T.);
#5227=EDGE_CURVE('',#3551,#3553,#1950,.T.);
#5229=EDGE_CURVE('',#3549,#3551,#1957,.T.);
#5231=EDGE_CURVE('',#3547,#3549,#1964,.T.);
#5235=ADVANCED_FACE('',(#5192,#5234),#5142,.T.);
#5253=EDGE_CURVE('',#3586,#3587,#1971,.T.);
#5255=EDGE_CURVE('',#3615,#3586,#1978,.T.);
#5257=EDGE_CURVE('',#3613,#3615,#1985,.T.);
#5259=EDGE_CURVE('',#3611,#3613,#1992,.T.);
#5261=EDGE_CURVE('',#3609,#3611,#1999,.T.);
#5263=EDGE_CURVE('',#3607,#3609,#2006,.T.);
#5265=EDGE_CURVE('',#3605,#3607,#2013,.T.);
#5267=EDGE_CURVE('',#3603,#3605,#2020,.T.);
#5269=EDGE_CURVE('',#3601,#3603,#2027,.T.);
#5271=EDGE_CURVE('',#3599,#3601,#2034,.T.);
#5273=EDGE_CURVE('',#3597,#3599,#2041,.T.);
#5275=EDGE_CURVE('',#3595,#3597,#2048,.T.);
#5277=EDGE_CURVE('',#3593,#3595,#2055,.T.);
#5279=EDGE_CURVE('',#3591,#3593,#2062,.T.);
#5281=EDGE_CURVE('',#3589,#3591,#2069,.T.);
#5283=EDGE_CURVE('',#3587,#3589,#2076,.T.);
#5287=EDGE_CURVE('',#3618,#3619,#2083,.T.);
#5289=EDGE_CURVE('',#3635,#3618,#2090,.T.);
#5291=EDGE_CURVE('',#3633,#3635,#2097,.T.);
#5293=EDGE_CURVE('',#3631,#3633,#2104,.T.);
#5295=EDGE_CURVE('',#3629,#3631,#2111,.T.);
#5297=EDGE_CURVE('',#3627,#3629,#2118,.T.);
#5299=EDGE_CURVE('',#3625,#3627,#2125,.T.);
#5301=EDGE_CURVE('',#3623,#3625,#2132,.T.);
#5303=EDGE_CURVE('',#3621,#3623,#2139,.T.);
#5305=EDGE_CURVE('',#3619,#3621,#2146,.T.);
#5309=ADVANCED_FACE('',(#5286,#5308),#5252,.T.);
#5327=EDGE_CURVE('',#3638,#3639,#2153,.T.);
#5329=EDGE_CURVE('',#3715,#3638,#2160,.T.);
#5331=EDGE_CURVE('',#3713,#3715,#2167,.T.);
#5333=EDGE_CURVE('',#3711,#3713,#2174,.T.);
#5335=EDGE_CURVE('',#3709,#3711,#2181,.T.);
#5337=EDGE_CURVE('',#3707,#3709,#2188,.T.);
#5339=EDGE_CURVE('',#3705,#3707,#2195,.T.);
#5341=EDGE_CURVE('',#3703,#3705,#2202,.T.);
#5343=EDGE_CURVE('',#3701,#3703,#2209,.T.);
#5345=EDGE_CURVE('',#3699,#3701,#2216,.T.);
#5347=EDGE_CURVE('',#3697,#3699,#2223,.T.);
#5349=EDGE_CURVE('',#3695,#3697,#2230,.T.);
#5351=EDGE_CURVE('',#3693,#3695,#2237,.T.);
#5353=EDGE_CURVE('',#3691,#3693,#2244,.T.);
#5355=EDGE_CURVE('',#3689,#3691,#2251,.T.);
#5357=EDGE_CURVE('',#3687,#3689,#2258,.T.);
#5359=EDGE_CURVE('',#3685,#3687,#2265,.T.);
#5361=EDGE_CURVE('',#3683,#3685,#2272,.T.);
#5363=EDGE_CURVE('',#3681,#3683,#2279,.T.);
#5365=EDGE_CURVE('',#3679,#3681,#2286,.T.);
#5367=EDGE_CURVE('',#3677,#3679,#2293,.T.);
#5369=EDGE_CURVE('',#3675,#3677,#2300,.T.);
#5371=EDGE_CURVE('',#3673,#3675,#2307,.T.);
#5373=EDGE_CURVE('',#3671,#3673,#2314,.T.);
#5375=EDGE_CURVE('',#3669,#3671,#2321,.T.);
#5377=EDGE_CURVE('',#3667,#3669,#2328,.T.);
#5379=EDGE_CURVE('',#3665,#3667,#2335,.T.);
#5381=EDGE_CURVE('',#3663,#3665,#2342,.T.);
#5383=EDGE_CURVE('',#3661,#3663,#2349,.T.);
#5385=EDGE_CURVE('',#3659,#3661,#2356,.T.);
#5387=EDGE_CURVE('',#3657,#3659,#2363,.T.);
#5389=EDGE_CURVE('',#3655,#3657,#2370,.T.);
#5391=EDGE_CURVE('',#3653,#3655,#2377,.T.);
#5393=EDGE_CURVE('',#3651,#3653,#2384,.T.);
#5395=EDGE_CURVE('',#3649,#3651,#2391,.T.);
#5397=EDGE_CURVE('',#3647,#3649,#2398,.T.);
#5399=EDGE_CURVE('',#3645,#3647,#2405,.T.);
#5401=EDGE_CURVE('',#3643,#3645,#2412,.T.);
#5403=EDGE_CURVE('',#3641,#3643,#2419,.T.);
#5405=EDGE_CURVE('',#3639,#3641,#2426,.T.);
#5409=ADVANCED_FACE('',(#5408),#5326,.T.);
#5427=EDGE_CURVE('',#3718,#3719,#2433,.T.);
#5429=EDGE_CURVE('',#3739,#3718,#2440,.T.);
#5431=EDGE_CURVE('',#3737,#3739,#2447,.T.);
#5433=EDGE_CURVE('',#3735,#3737,#2454,.T.);
#5435=EDGE_CURVE('',#3733,#3735,#2461,.T.);
#5437=EDGE_CURVE('',#3731,#3733,#2468,.T.);
#5439=EDGE_CURVE('',#3729,#3731,#2475,.T.);
#5441=EDGE_CURVE('',#3727,#3729,#2482,.T.);
#5443=EDGE_CURVE('',#3725,#3727,#2489,.T.);
#5445=EDGE_CURVE('',#3723,#3725,#2496,.T.);
#5447=EDGE_CURVE('',#3721,#3723,#2503,.T.);
#5449=EDGE_CURVE('',#3719,#3721,#2510,.T.);
#5453=ADVANCED_FACE('',(#5452),#5426,.T.);
#5472=EDGE_CURVE('',#3758,#3498,#2517,.T.);
#5475=EDGE_CURVE('',#3759,#3499,#2678,.T.);
#5479=ADVANCED_FACE('',(#5478),#5470,.F.);
#5486=EDGE_CURVE('',#3803,#3543,#2524,.T.);
#5492=ADVANCED_FACE('',(#5491),#5484,.F.);
#5499=EDGE_CURVE('',#3801,#3541,#2531,.T.);
#5505=ADVANCED_FACE('',(#5504),#5497,.F.);
#5512=EDGE_CURVE('',#3799,#3539,#2538,.T.);
#5518=ADVANCED_FACE('',(#5517),#5510,.F.);
#5525=EDGE_CURVE('',#3797,#3537,#2545,.T.);
#5531=ADVANCED_FACE('',(#5530),#5523,.F.);
#5538=EDGE_CURVE('',#3795,#3535,#2552,.T.);
#5544=ADVANCED_FACE('',(#5543),#5536,.F.);
#5551=EDGE_CURVE('',#3793,#3533,#2559,.T.);
#5557=ADVANCED_FACE('',(#5556),#5549,.F.);
#5564=EDGE_CURVE('',#3791,#3531,#2566,.T.);
#5570=ADVANCED_FACE('',(#5569),#5562,.F.);
#5577=EDGE_CURVE('',#3789,#3529,#2573,.T.);
#5583=ADVANCED_FACE('',(#5582),#5575,.F.);
#5590=EDGE_CURVE('',#3787,#3527,#2580,.T.);
#5596=ADVANCED_FACE('',(#5595),#5588,.F.);
#5603=EDGE_CURVE('',#3785,#3525,#2587,.T.);
#5609=ADVANCED_FACE('',(#5608),#5601,.F.);
#5616=EDGE_CURVE('',#3783,#3523,#2594,.T.);
#5622=ADVANCED_FACE('',(#5621),#5614,.F.);
#5629=EDGE_CURVE('',#3781,#3521,#2601,.T.);
#5635=ADVANCED_FACE('',(#5634),#5627,.F.);
#5642=EDGE_CURVE('',#3779,#3519,#2608,.T.);
#5648=ADVANCED_FACE('',(#5647),#5640,.F.);
#5655=EDGE_CURVE('',#3777,#3517,#2615,.T.);
#5661=ADVANCED_FACE('',(#5660),#5653,.F.);
#5668=EDGE_CURVE('',#3775,#3515,#2622,.T.);
#5674=ADVANCED_FACE('',(#5673),#5666,.F.);
#5681=EDGE_CURVE('',#3773,#3513,#2629,.T.);
#5687=ADVANCED_FACE('',(#5686),#5679,.F.);
#5694=EDGE_CURVE('',#3771,#3511,#2636,.T.);
#5700=ADVANCED_FACE('',(#5699),#5692,.F.);
#5707=EDGE_CURVE('',#3769,#3509,#2643,.T.);
#5713=ADVANCED_FACE('',(#5712),#5705,.F.);
#5720=EDGE_CURVE('',#3767,#3507,#2650,.T.);
#5726=ADVANCED_FACE('',(#5725),#5718,.F.);
#5733=EDGE_CURVE('',#3765,#3505,#2657,.T.);
#5739=ADVANCED_FACE('',(#5738),#5731,.F.);
#5746=EDGE_CURVE('',#3763,#3503,#2664,.T.);
#5752=ADVANCED_FACE('',(#5751),#5744,.F.);
#5759=EDGE_CURVE('',#3761,#3501,#2671,.T.);
#5765=ADVANCED_FACE('',(#5764),#5757,.F.);
#5777=ADVANCED_FACE('',(#5776),#5770,.F.);
#5784=EDGE_CURVE('',#3806,#3546,#2685,.T.);
#5787=EDGE_CURVE('',#3807,#3547,#2818,.T.);
#5791=ADVANCED_FACE('',(#5790),#5782,.F.);
#5798=EDGE_CURVE('',#3843,#3583,#2692,.T.);
#5804=ADVANCED_FACE('',(#5803),#5796,.F.);
#5811=EDGE_CURVE('',#3841,#3581,#2699,.T.);
#5817=ADVANCED_FACE('',(#5816),#5809,.F.);
#5824=EDGE_CURVE('',#3839,#3579,#2706,.T.);
#5830=ADVANCED_FACE('',(#5829),#5822,.F.);
#5837=EDGE_CURVE('',#3837,#3577,#2713,.T.);
#5843=ADVANCED_FACE('',(#5842),#5835,.F.);
#5850=EDGE_CURVE('',#3835,#3575,#2720,.T.);
#5856=ADVANCED_FACE('',(#5855),#5848,.F.);
#5863=EDGE_CURVE('',#3833,#3573,#2727,.T.);
#5869=ADVANCED_FACE('',(#5868),#5861,.F.);
#5876=EDGE_CURVE('',#3831,#3571,#2734,.T.);
#5882=ADVANCED_FACE('',(#5881),#5874,.F.);
#5889=EDGE_CURVE('',#3829,#3569,#2741,.T.);
#5895=ADVANCED_FACE('',(#5894),#5887,.F.);
#5902=EDGE_CURVE('',#3827,#3567,#2748,.T.);
#5908=ADVANCED_FACE('',(#5907),#5900,.F.);
#5915=EDGE_CURVE('',#3825,#3565,#2755,.T.);
#5921=ADVANCED_FACE('',(#5920),#5913,.F.);
#5928=EDGE_CURVE('',#3823,#3563,#2762,.T.);
#5934=ADVANCED_FACE('',(#5933),#5926,.F.);
#5941=EDGE_CURVE('',#3821,#3561,#2769,.T.);
#5947=ADVANCED_FACE('',(#5946),#5939,.F.);
#5954=EDGE_CURVE('',#3819,#3559,#2776,.T.);
#5960=ADVANCED_FACE('',(#5959),#5952,.F.);
#5967=EDGE_CURVE('',#3817,#3557,#2783,.T.);
#5973=ADVANCED_FACE('',(#5972),#5965,.F.);
#5980=EDGE_CURVE('',#3815,#3555,#2790,.T.);
#5986=ADVANCED_FACE('',(#5985),#5978,.F.);
#5993=EDGE_CURVE('',#3813,#3553,#2797,.T.);
#5999=ADVANCED_FACE('',(#5998),#5991,.F.);
#6006=EDGE_CURVE('',#3811,#3551,#2804,.T.);
#6012=ADVANCED_FACE('',(#6011),#6004,.F.);
#6019=EDGE_CURVE('',#3809,#3549,#2811,.T.);
#6025=ADVANCED_FACE('',(#6024),#6017,.F.);
#6037=ADVANCED_FACE('',(#6036),#6030,.F.);
#6044=EDGE_CURVE('',#3846,#3586,#2825,.T.);
#6047=EDGE_CURVE('',#3847,#3587,#2930,.T.);
#6051=ADVANCED_FACE('',(#6050),#6042,.F.);
#6058=EDGE_CURVE('',#3875,#3615,#2832,.T.);
#6064=ADVANCED_FACE('',(#6063),#6056,.F.);
#6071=EDGE_CURVE('',#3873,#3613,#2839,.T.);
#6077=ADVANCED_FACE('',(#6076),#6069,.F.);
#6084=EDGE_CURVE('',#3871,#3611,#2846,.T.);
#6090=ADVANCED_FACE('',(#6089),#6082,.F.);
#6097=EDGE_CURVE('',#3869,#3609,#2853,.T.);
#6103=ADVANCED_FACE('',(#6102),#6095,.F.);
#6110=EDGE_CURVE('',#3867,#3607,#2860,.T.);
#6116=ADVANCED_FACE('',(#6115),#6108,.F.);
#6123=EDGE_CURVE('',#3865,#3605,#2867,.T.);
#6129=ADVANCED_FACE('',(#6128),#6121,.F.);
#6136=EDGE_CURVE('',#3863,#3603,#2874,.T.);
#6142=ADVANCED_FACE('',(#6141),#6134,.F.);
#6149=EDGE_CURVE('',#3861,#3601,#2881,.T.);
#6155=ADVANCED_FACE('',(#6154),#6147,.F.);
#6162=EDGE_CURVE('',#3859,#3599,#2888,.T.);
#6168=ADVANCED_FACE('',(#6167),#6160,.F.);
#6175=EDGE_CURVE('',#3857,#3597,#2895,.T.);
#6181=ADVANCED_FACE('',(#6180),#6173,.F.);
#6188=EDGE_CURVE('',#3855,#3595,#2902,.T.);
#6194=ADVANCED_FACE('',(#6193),#6186,.F.);
#6201=EDGE_CURVE('',#3853,#3593,#2909,.T.);
#6207=ADVANCED_FACE('',(#6206),#6199,.F.);
#6214=EDGE_CURVE('',#3851,#3591,#2916,.T.);
#6220=ADVANCED_FACE('',(#6219),#6212,.F.);
#6227=EDGE_CURVE('',#3849,#3589,#2923,.T.);
#6233=ADVANCED_FACE('',(#6232),#6225,.F.);
#6245=ADVANCED_FACE('',(#6244),#6238,.F.);
#6252=EDGE_CURVE('',#3878,#3618,#2937,.T.);
#6255=EDGE_CURVE('',#3879,#3619,#3000,.T.);
#6259=ADVANCED_FACE('',(#6258),#6250,.F.);
#6266=EDGE_CURVE('',#3895,#3635,#2944,.T.);
#6272=ADVANCED_FACE('',(#6271),#6264,.F.);
#6279=EDGE_CURVE('',#3893,#3633,#2951,.T.);
#6285=ADVANCED_FACE('',(#6284),#6277,.F.);
#6292=EDGE_CURVE('',#3891,#3631,#2958,.T.);
#6298=ADVANCED_FACE('',(#6297),#6290,.F.);
#6305=EDGE_CURVE('',#3889,#3629,#2965,.T.);
#6311=ADVANCED_FACE('',(#6310),#6303,.F.);
#6318=EDGE_CURVE('',#3887,#3627,#2972,.T.);
#6324=ADVANCED_FACE('',(#6323),#6316,.F.);
#6331=EDGE_CURVE('',#3885,#3625,#2979,.T.);
#6337=ADVANCED_FACE('',(#6336),#6329,.F.);
#6344=EDGE_CURVE('',#3883,#3623,#2986,.T.);
#6350=ADVANCED_FACE('',(#6349),#6342,.F.);
#6357=EDGE_CURVE('',#3881,#3621,#2993,.T.);
#6363=ADVANCED_FACE('',(#6362),#6355,.F.);
#6375=ADVANCED_FACE('',(#6374),#6368,.F.);
#6382=EDGE_CURVE('',#3898,#3638,#3007,.T.);
#6385=EDGE_CURVE('',#3899,#3639,#3280,.T.);
#6389=ADVANCED_FACE('',(#6388),#6380,.F.);
#6396=EDGE_CURVE('',#3975,#3715,#3014,.T.);
#6402=ADVANCED_FACE('',(#6401),#6394,.F.);
#6409=EDGE_CURVE('',#3973,#3713,#3021,.T.);
#6415=ADVANCED_FACE('',(#6414),#6407,.F.);
#6422=EDGE_CURVE('',#3971,#3711,#3028,.T.);
#6428=ADVANCED_FACE('',(#6427),#6420,.F.);
#6435=EDGE_CURVE('',#3969,#3709,#3035,.T.);
#6441=ADVANCED_FACE('',(#6440),#6433,.F.);
#6448=EDGE_CURVE('',#3967,#3707,#3042,.T.);
#6454=ADVANCED_FACE('',(#6453),#6446,.F.);
#6461=EDGE_CURVE('',#3965,#3705,#3049,.T.);
#6467=ADVANCED_FACE('',(#6466),#6459,.F.);
#6474=EDGE_CURVE('',#3963,#3703,#3056,.T.);
#6480=ADVANCED_FACE('',(#6479),#6472,.F.);
#6487=EDGE_CURVE('',#3961,#3701,#3063,.T.);
#6493=ADVANCED_FACE('',(#6492),#6485,.F.);
#6500=EDGE_CURVE('',#3959,#3699,#3070,.T.);
#6506=ADVANCED_FACE('',(#6505),#6498,.F.);
#6513=EDGE_CURVE('',#3957,#3697,#3077,.T.);
#6519=ADVANCED_FACE('',(#6518),#6511,.F.);
#6526=EDGE_CURVE('',#3955,#3695,#3084,.T.);
#6532=ADVANCED_FACE('',(#6531),#6524,.F.);
#6539=EDGE_CURVE('',#3953,#3693,#3091,.T.);
#6545=ADVANCED_FACE('',(#6544),#6537,.F.);
#6552=EDGE_CURVE('',#3951,#3691,#3098,.T.);
#6558=ADVANCED_FACE('',(#6557),#6550,.F.);
#6565=EDGE_CURVE('',#3949,#3689,#3105,.T.);
#6571=ADVANCED_FACE('',(#6570),#6563,.F.);
#6578=EDGE_CURVE('',#3947,#3687,#3112,.T.);
#6584=ADVANCED_FACE('',(#6583),#6576,.F.);
#6591=EDGE_CURVE('',#3945,#3685,#3119,.T.);
#6597=ADVANCED_FACE('',(#6596),#6589,.F.);
#6604=EDGE_CURVE('',#3943,#3683,#3126,.T.);
#6610=ADVANCED_FACE('',(#6609),#6602,.F.);
#6617=EDGE_CURVE('',#3941,#3681,#3133,.T.);
#6623=ADVANCED_FACE('',(#6622),#6615,.F.);
#6630=EDGE_CURVE('',#3939,#3679,#3140,.T.);
#6636=ADVANCED_FACE('',(#6635),#6628,.F.);
#6643=EDGE_CURVE('',#3937,#3677,#3147,.T.);
#6649=ADVANCED_FACE('',(#6648),#6641,.F.);
#6656=EDGE_CURVE('',#3935,#3675,#3154,.T.);
#6662=ADVANCED_FACE('',(#6661),#6654,.F.);
#6669=EDGE_CURVE('',#3933,#3673,#3161,.T.);
#6675=ADVANCED_FACE('',(#6674),#6667,.F.);
#6682=EDGE_CURVE('',#3931,#3671,#3168,.T.);
#6688=ADVANCED_FACE('',(#6687),#6680,.F.);
#6695=EDGE_CURVE('',#3929,#3669,#3175,.T.);
#6701=ADVANCED_FACE('',(#6700),#6693,.F.);
#6708=EDGE_CURVE('',#3927,#3667,#3182,.T.);
#6714=ADVANCED_FACE('',(#6713),#6706,.F.);
#6721=EDGE_CURVE('',#3925,#3665,#3189,.T.);
#6727=ADVANCED_FACE('',(#6726),#6719,.F.);
#6734=EDGE_CURVE('',#3923,#3663,#3196,.T.);
#6740=ADVANCED_FACE('',(#6739),#6732,.F.);
#6747=EDGE_CURVE('',#3921,#3661,#3203,.T.);
#6753=ADVANCED_FACE('',(#6752),#6745,.F.);
#6760=EDGE_CURVE('',#3919,#3659,#3210,.T.);
#6766=ADVANCED_FACE('',(#6765),#6758,.F.);
#6773=EDGE_CURVE('',#3917,#3657,#3217,.T.);
#6779=ADVANCED_FACE('',(#6778),#6771,.F.);
#6786=EDGE_CURVE('',#3915,#3655,#3224,.T.);
#6792=ADVANCED_FACE('',(#6791),#6784,.F.);
#6799=EDGE_CURVE('',#3913,#3653,#3231,.T.);
#6805=ADVANCED_FACE('',(#6804),#6797,.F.);
#6812=EDGE_CURVE('',#3911,#3651,#3238,.T.);
#6818=ADVANCED_FACE('',(#6817),#6810,.F.);
#6825=EDGE_CURVE('',#3909,#3649,#3245,.T.);
#6831=ADVANCED_FACE('',(#6830),#6823,.F.);
#6838=EDGE_CURVE('',#3907,#3647,#3252,.T.);
#6844=ADVANCED_FACE('',(#6843),#6836,.F.);
#6851=EDGE_CURVE('',#3905,#3645,#3259,.T.);
#6857=ADVANCED_FACE('',(#6856),#6849,.F.);
#6864=EDGE_CURVE('',#3903,#3643,#3266,.T.);
#6870=ADVANCED_FACE('',(#6869),#6862,.F.);
#6877=EDGE_CURVE('',#3901,#3641,#3273,.T.);
#6883=ADVANCED_FACE('',(#6882),#6875,.F.);
#6895=ADVANCED_FACE('',(#6894),#6888,.F.);
#6902=EDGE_CURVE('',#3978,#3718,#3287,.T.);
#6905=EDGE_CURVE('',#3979,#3719,#3364,.T.);
#6909=ADVANCED_FACE('',(#6908),#6900,.F.);
#6916=EDGE_CURVE('',#3999,#3739,#3294,.T.);
#6922=ADVANCED_FACE('',(#6921),#6914,.F.);
#6929=EDGE_CURVE('',#3997,#3737,#3301,.T.);
#6935=ADVANCED_FACE('',(#6934),#6927,.F.);
#6942=EDGE_CURVE('',#3995,#3735,#3308,.T.);
#6948=ADVANCED_FACE('',(#6947),#6940,.F.);
#6955=EDGE_CURVE('',#3993,#3733,#3315,.T.);
#6961=ADVANCED_FACE('',(#6960),#6953,.F.);
#6968=EDGE_CURVE('',#3991,#3731,#3322,.T.);
#6974=ADVANCED_FACE('',(#6973),#6966,.F.);
#6981=EDGE_CURVE('',#3989,#3729,#3329,.T.);
#6987=ADVANCED_FACE('',(#6986),#6979,.F.);
#6994=EDGE_CURVE('',#3987,#3727,#3336,.T.);
#7000=ADVANCED_FACE('',(#6999),#6992,.F.);
#7007=EDGE_CURVE('',#3985,#3725,#3343,.T.);
#7013=ADVANCED_FACE('',(#7012),#7005,.F.);
#7020=EDGE_CURVE('',#3983,#3723,#3350,.T.);
#7026=ADVANCED_FACE('',(#7025),#7018,.F.);
#7033=EDGE_CURVE('',#3981,#3721,#3357,.T.);
#7039=ADVANCED_FACE('',(#7038),#7031,.F.);
#7051=ADVANCED_FACE('',(#7050),#7044,.F.);
#7069=(LENGTH_UNIT()NAMED_UNIT(*)SI_UNIT(.MILLI.,.METRE.));
#7071=(NAMED_UNIT(*)PLANE_ANGLE_UNIT()SI_UNIT($,.RADIAN.));
#7074=(NAMED_UNIT(*)SI_UNIT($,.STERADIAN.)SOLID_ANGLE_UNIT());
#7076=(GEOMETRIC_REPRESENTATION_CONTEXT(3)GLOBAL_UNCERTAINTY_ASSIGNED_CONTEXT((
#7075))GLOBAL_UNIT_ASSIGNED_CONTEXT((#7069,#7073,#7074))REPRESENTATION_CONTEXT(
'ID1','3'));
#7077=ADVANCED_BREP_SHAPE_REPRESENTATION('',(#7053),#7076);
#7085=PRODUCT_DEFINITION('part definition','',#7084,#7081);
#7086=PRODUCT_DEFINITION_SHAPE('','SHAPE FOR H.',#7085);
#7087=SHAPE_DEFINITION_REPRESENTATION(#7086,#7077);
ENDSEC;
END-ISO-10303-21;
