ISO-10303-21;
HEADER;
FILE_DESCRIPTION (( 'STEP AP214' ),
    '1' );
FILE_NAME ('ACT45.step',
    '2026-09-18T07:55:49',
    ( '' ),
    ( '' ),
    'SwSTEP 2.0',
    'SolidWorks 2025',
    '' );
FILE_SCHEMA (( 'AUTOMOTIVE_DESIGN' ));
ENDSEC;

DATA;
#1 = CARTESIAN_POINT ( 'NONE',  ( 2.200000000000000178, 1.575000000000000178, 1.979999999999999982 ) ) ;
#2 = ORIENTED_EDGE ( 'NONE', *, *, #71, .F. ) ;
#3 = FILL_AREA_STYLE_COLOUR ( '', #1826 ) ;
#4 =( NAMED_UNIT ( * ) PLANE_ANGLE_UNIT ( ) SI_UNIT ( $, .RADIAN. ) );
#5 = PRESENTATION_STYLE_ASSIGNMENT (( #2284 ) ) ;
#6 = ORIENTED_EDGE ( 'NONE', *, *, #2349, .F. ) ;
#7 =( LENGTH_UNIT ( ) NAMED_UNIT ( * ) SI_UNIT ( .MILLI., .METRE. ) );
#8 = VECTOR ( 'NONE', #656, 1000.000000000000000 ) ;
#9 =( LENGTH_UNIT ( ) NAMED_UNIT ( * ) SI_UNIT ( .MILLI., .METRE. ) );
#10 = CARTESIAN_POINT ( 'NONE',  ( 1.500000000000000000, -0.9249999999999996003, 0.000000000000000000 ) ) ;
#11 = STYLED_ITEM ( 'NONE', ( #462 ), #1274 ) ;
#12 = MECHANICAL_DESIGN_GEOMETRIC_PRESENTATION_REPRESENTATION (  '', ( #762 ), #2223 ) ;
#13 = CARTESIAN_POINT ( 'NONE',  ( -2.200000000000000178, -1.574999999999999512, 1.979999999999999982 ) ) ;
#14 = PRESENTATION_LAYER_ASSIGNMENT (  '', '', ( #1095 ) ) ;
#15 =( GEOMETRIC_REPRESENTATION_CONTEXT ( 3 ) GLOBAL_UNCERTAINTY_ASSIGNED_CONTEXT ( ( #1248 ) ) GLOBAL_UNIT_ASSIGNED_CONTEXT ( ( #46, #637, #808 ) ) REPRESENTATION_CONTEXT ( 'NONE', 'WORKASPACE' ) );
#16 = ORIENTED_EDGE ( 'NONE', *, *, #249, .F. ) ;
#17 = UNCERTAINTY_MEASURE_WITH_UNIT (LENGTH_MEASURE( 1.000000000000000082E-05 ), #2569, 'distance_accuracy_value', 'NONE');
#18 = ORIENTED_EDGE ( 'NONE', *, *, #2289, .T. ) ;
#19 = STYLED_ITEM ( 'NONE', ( #2407 ), #2368 ) ;
#20 = FILL_AREA_STYLE ('',( #1250 ) ) ;
#21 =( NAMED_UNIT ( * ) SI_UNIT ( $, .STERADIAN. ) SOLID_ANGLE_UNIT ( ) );
#22 =( LENGTH_UNIT ( ) NAMED_UNIT ( * ) SI_UNIT ( .MILLI., .METRE. ) );
#23 = SURFACE_SIDE_STYLE ('',( #668 ) ) ;
#24 = DIRECTION ( 'NONE',  ( 1.000000000000000000, 0.000000000000000000, 0.000000000000000000 ) ) ;
#25 = STYLED_ITEM ( 'NONE', ( #390 ), #528 ) ;
#26 = DIRECTION ( 'NONE',  ( 0.000000000000000000, 1.000000000000000000, 0.000000000000000000 ) ) ;
#27 = VECTOR ( 'NONE', #2156, 1000.000000000000000 ) ;
#28 = CARTESIAN_POINT ( 'NONE',  ( -2.250000000000000000, 0.8500000000000003109, 0.09999999999999982514 ) ) ;
#29 = ORIENTED_EDGE ( 'NONE', *, *, #370, .F. ) ;
#30 = DIRECTION ( 'NONE',  ( 1.000000000000000000, 0.000000000000000000, 0.000000000000000000 ) ) ;
#31 = MECHANICAL_DESIGN_GEOMETRIC_PRESENTATION_REPRESENTATION (  '', ( #1450 ), #195 ) ;
#32 = SURFACE_SIDE_STYLE ('',( #2448 ) ) ;
#33 = VERTEX_POINT ( 'NONE', #2211 ) ;
#34 = LINE ( 'NONE', #244, #825 ) ;
#35 = CARTESIAN_POINT ( 'NONE',  ( -2.100000000000000089, -1.574999999999999512, 0.1000000000000002554 ) ) ;
#36 = EDGE_CURVE ( 'NONE', #1351, #704, #1345, .T. ) ;
#37 = ADVANCED_FACE ( 'NONE', ( #1950 ), #1119, .F. ) ;
#38 = DIRECTION ( 'NONE',  ( -1.000000000000000000, 0.000000000000000000, 0.000000000000000000 ) ) ;
#39 = ORIENTED_EDGE ( 'NONE', *, *, #969, .T. ) ;
#40 = CARTESIAN_POINT ( 'NONE',  ( -2.100000000000000089, -1.600000000000000089, 0.09999999999999982514 ) ) ;
#41 = PLANE ( 'NONE',  #1816 ) ;
#42 = UNCERTAINTY_MEASURE_WITH_UNIT (LENGTH_MEASURE( 1.000000000000000082E-05 ), #1557, 'distance_accuracy_value', 'NONE');
#43 = ORIENTED_EDGE ( 'NONE', *, *, #1510, .F. ) ;
#44 = CARTESIAN_POINT ( 'NONE',  ( -2.100000000000000089, -1.629999999999999671, 0.09999999999999982514 ) ) ;
#45 = CARTESIAN_POINT ( 'NONE',  ( -1.500000000000000000, 0.9250000000000004885, 1.979999999999999982 ) ) ;
#46 =( LENGTH_UNIT ( ) NAMED_UNIT ( * ) SI_UNIT ( .MILLI., .METRE. ) );
#47 = CARTESIAN_POINT ( 'NONE',  ( -2.250000000000000000, -1.600000000000000089, 0.09999999999999982514 ) ) ;
#48 = UNCERTAINTY_MEASURE_WITH_UNIT (LENGTH_MEASURE( 1.000000000000000082E-05 ), #1158, 'distance_accuracy_value', 'NONE');
#49 = LINE ( 'NONE', #1716, #660 ) ;
#50 = PRESENTATION_STYLE_ASSIGNMENT (( #238 ) ) ;
#51 = PRESENTATION_LAYER_ASSIGNMENT (  '', '', ( #1717 ) ) ;
#52 = ORIENTED_EDGE ( 'NONE', *, *, #852, .T. ) ;
#53 = AXIS2_PLACEMENT_3D ( 'NONE', #803, #1610, #1805 ) ;
#54 = AXIS2_PLACEMENT_3D ( 'NONE', #1556, #2389, #1938 ) ;
#55 = ORIENTED_EDGE ( 'NONE', *, *, #2236, .F. ) ;
#56 = SURFACE_SIDE_STYLE ('',( #1445 ) ) ;
#57 =( GEOMETRIC_REPRESENTATION_CONTEXT ( 3 ) GLOBAL_UNCERTAINTY_ASSIGNED_CONTEXT ( ( #121 ) ) GLOBAL_UNIT_ASSIGNED_CONTEXT ( ( #582, #187, #2364 ) ) REPRESENTATION_CONTEXT ( 'NONE', 'WORKASPACE' ) );
#58 = VECTOR ( 'NONE', #2437, 1000.000000000000000 ) ;
#59 = SURFACE_SIDE_STYLE ('',( #1862 ) ) ;
#60 = MECHANICAL_DESIGN_GEOMETRIC_PRESENTATION_REPRESENTATION (  '', ( #2276 ), #2230 ) ;
#61 = STYLED_ITEM ( 'NONE', ( #1627 ), #1988 ) ;
#62 = COLOUR_RGB ( '',1.000000000000000000, 1.000000000000000000, 1.000000000000000000 ) ;
#63 = LINE ( 'NONE', #658, #313 ) ;
#64 = EDGE_CURVE ( 'NONE', #33, #1646, #599, .T. ) ;
#65 = AXIS2_PLACEMENT_3D ( 'NONE', #1325, #496, #880 ) ;
#66 = ORIENTED_EDGE ( 'NONE', *, *, #138, .F. ) ;
#67 = FACE_OUTER_BOUND ( 'NONE', #2474, .T. ) ;
#68 = ADVANCED_FACE ( 'NONE', ( #1388 ), #1630, .F. ) ;
#69 = PLANE ( 'NONE',  #508 ) ;
#70 = VERTEX_POINT ( 'NONE', #402 ) ;
#71 = EDGE_CURVE ( 'NONE', #1030, #1516, #589, .T. ) ;
#72 = EDGE_CURVE ( 'NONE', #197, #1457, #1190, .T. ) ;
#73 = SURFACE_STYLE_USAGE ( .BOTH. , #1531 ) ;
#74 = CARTESIAN_POINT ( 'NONE',  ( 1.500000000000000444, -0.9249999999999996003, 1.879999999999999671 ) ) ;
#75 = DIRECTION ( 'NONE',  ( 1.000000000000000000, 0.000000000000000000, 0.000000000000000000 ) ) ;
#76 = ORIENTED_EDGE ( 'NONE', *, *, #996, .T. ) ;
#77 = FILL_AREA_STYLE ('',( #1668 ) ) ;
#78 = LINE ( 'NONE', #1260, #2227 ) ;
#79 = ORIENTED_EDGE ( 'NONE', *, *, #2522, .F. ) ;
#80 = DIRECTION ( 'NONE',  ( -1.000000000000000000, 0.000000000000000000, 0.000000000000000000 ) ) ;
#81 = ORIENTED_EDGE ( 'NONE', *, *, #329, .T. ) ;
#82 = ADVANCED_FACE ( 'NONE', ( #2467 ), #2633, .F. ) ;
#83 = LINE ( 'NONE', #2523, #856 ) ;
#84 = CARTESIAN_POINT ( 'NONE',  ( 1.500000000000000000, 0.9250000000000002665, 0.1000000000000002554 ) ) ;
#85 = VERTEX_POINT ( 'NONE', #1241 ) ;
#86 = STYLED_ITEM ( 'NONE', ( #1115 ), #1189 ) ;
#87 = DIRECTION ( 'NONE',  ( 0.000000000000000000, 0.000000000000000000, -1.000000000000000000 ) ) ;
#88 = STYLED_ITEM ( 'NONE', ( #2310 ), #1318 ) ;
#89 = ORIENTED_EDGE ( 'NONE', *, *, #1234, .T. ) ;
#90 = COLOUR_RGB ( '',1.000000000000000000, 1.000000000000000000, 1.000000000000000000 ) ;
#91 = CARTESIAN_POINT ( 'NONE',  ( 2.100000000000000089, 0.9250000000000002665, 0.1000000000000002554 ) ) ;
#92 =( LENGTH_UNIT ( ) NAMED_UNIT ( * ) SI_UNIT ( .MILLI., .METRE. ) );
#93 =( GEOMETRIC_REPRESENTATION_CONTEXT ( 3 ) GLOBAL_UNCERTAINTY_ASSIGNED_CONTEXT ( ( #2060 ) ) GLOBAL_UNIT_ASSIGNED_CONTEXT ( ( #836, #1841, #271 ) ) REPRESENTATION_CONTEXT ( 'NONE', 'WORKASPACE' ) );
#94 = VECTOR ( 'NONE', #590, 1000.000000000000000 ) ;
#95 = SURFACE_STYLE_FILL_AREA ( #478 ) ;
#96 = PRESENTATION_LAYER_ASSIGNMENT (  '', '', ( #2052 ) ) ;
#97 = FILL_AREA_STYLE ('',( #1683 ) ) ;
#98 = CARTESIAN_POINT ( 'NONE',  ( -1.500000000000000000, 1.575000000000000400, 1.979999999999999982 ) ) ;
#99 = EDGE_CURVE ( 'NONE', #285, #504, #2071, .T. ) ;
#100 = VERTEX_POINT ( 'NONE', #810 ) ;
#101 = DIRECTION ( 'NONE',  ( -1.218204688185959817E-16, 0.000000000000000000, -1.000000000000000000 ) ) ;
#102 = EDGE_LOOP ( 'NONE', ( #2175, #550, #973, #2026 ) ) ;
#103 = SURFACE_STYLE_FILL_AREA ( #2558 ) ;
#104 = STYLED_ITEM ( 'NONE', ( #1563 ), #798 ) ;
#105 = PRESENTATION_STYLE_ASSIGNMENT (( #1101 ) ) ;
#106 = CARTESIAN_POINT ( 'NONE',  ( 1.500000000000000000, -0.9249999999999996003, 0.000000000000000000 ) ) ;
#107 = FILL_AREA_STYLE ('',( #725 ) ) ;
#108 = CARTESIAN_POINT ( 'NONE',  ( -1.500000000000000000, 0.9250000000000004885, 0.000000000000000000 ) ) ;
#109 = EDGE_CURVE ( 'NONE', #1279, #1969, #1414, .T. ) ;
#110 = EDGE_CURVE ( 'NONE', #1114, #1703, #865, .T. ) ;
#111 = CARTESIAN_POINT ( 'NONE',  ( 2.250000000000000000, -1.600000000000000089, 2.799999999999999378 ) ) ;
#112 = ORIENTED_EDGE ( 'NONE', *, *, #2114, .F. ) ;
#113 = SURFACE_STYLE_USAGE ( .BOTH. , #2116 ) ;
#114 = FACE_OUTER_BOUND ( 'NONE', #1681, .T. ) ;
#115 = VERTEX_POINT ( 'NONE', #1482 ) ;
#116 = CARTESIAN_POINT ( 'NONE',  ( 1.500000000000000000, 0.9250000000000002665, 0.000000000000000000 ) ) ;
#117 = PLANE ( 'NONE',  #2580 ) ;
#118 = VERTEX_POINT ( 'NONE', #1735 ) ;
#119 = DIRECTION ( 'NONE',  ( 0.000000000000000000, 0.000000000000000000, 1.000000000000000000 ) ) ;
#120 =( NAMED_UNIT ( * ) PLANE_ANGLE_UNIT ( ) SI_UNIT ( $, .RADIAN. ) );
#121 = UNCERTAINTY_MEASURE_WITH_UNIT (LENGTH_MEASURE( 1.000000000000000082E-05 ), #582, 'distance_accuracy_value', 'NONE');
#122 =( NAMED_UNIT ( * ) SI_UNIT ( $, .STERADIAN. ) SOLID_ANGLE_UNIT ( ) );
#123 = ORIENTED_EDGE ( 'NONE', *, *, #1385, .T. ) ;
#124 = FACE_OUTER_BOUND ( 'NONE', #2379, .T. ) ;
#125 = FILL_AREA_STYLE_COLOUR ( '', #2319 ) ;
#126 =( GEOMETRIC_REPRESENTATION_CONTEXT ( 3 ) GLOBAL_UNCERTAINTY_ASSIGNED_CONTEXT ( ( #406 ) ) GLOBAL_UNIT_ASSIGNED_CONTEXT ( ( #2226, #4, #2637 ) ) REPRESENTATION_CONTEXT ( 'NONE', 'WORKASPACE' ) );
#127 = ORIENTED_EDGE ( 'NONE', *, *, #2025, .T. ) ;
#128 = LINE ( 'NONE', #1267, #698 ) ;
#129 = LINE ( 'NONE', #1182, #1358 ) ;
#130 = COLOUR_RGB ( '',1.000000000000000000, 1.000000000000000000, 1.000000000000000000 ) ;
#131 = PRESENTATION_LAYER_ASSIGNMENT (  '', '', ( #809 ) ) ;
#132 = DIRECTION ( 'NONE',  ( 0.000000000000000000, 0.000000000000000000, -1.000000000000000000 ) ) ;
#133 = CARTESIAN_POINT ( 'NONE',  ( 2.200000000000000178, 1.575000000000000178, 1.979999999999999982 ) ) ;
#134 = LINE ( 'NONE', #971, #1105 ) ;
#135 = MECHANICAL_DESIGN_GEOMETRIC_PRESENTATION_REPRESENTATION (  '', ( #182 ), #1953 ) ;
#136 = ORIENTED_EDGE ( 'NONE', *, *, #1385, .F. ) ;
#137 = FILL_AREA_STYLE ('',( #1724 ) ) ;
#138 = EDGE_CURVE ( 'NONE', #1418, #2271, #128, .T. ) ;
#139 = EDGE_LOOP ( 'NONE', ( #1872, #2429, #1888, #273 ) ) ;
#140 = EDGE_CURVE ( 'NONE', #775, #255, #1328, .T. ) ;
#141 = CARTESIAN_POINT ( 'NONE',  ( 2.100000000000000089, 1.575000000000000178, 0.1000000000000002554 ) ) ;
#142 = EDGE_CURVE ( 'NONE', #1166, #1161, #323, .T. ) ;
#143 = DIRECTION ( 'NONE',  ( 0.000000000000000000, 0.000000000000000000, 1.000000000000000000 ) ) ;
#144 = FACE_OUTER_BOUND ( 'NONE', #2598, .T. ) ;
#145 = EDGE_CURVE ( 'NONE', #1161, #1894, #1125, .T. ) ;
#146 = ORIENTED_EDGE ( 'NONE', *, *, #1588, .F. ) ;
#147 = LINE ( 'NONE', #1359, #523 ) ;
#148 = CARTESIAN_POINT ( 'NONE',  ( -1.500000000000000000, -0.9249999999999996003, 0.1000000000000002554 ) ) ;
#149 = DIRECTION ( 'NONE',  ( 0.000000000000000000, 1.000000000000000000, 0.000000000000000000 ) ) ;
#150 = CARTESIAN_POINT ( 'NONE',  ( 1.500000000000000000, -1.574999999999999512, 0.000000000000000000 ) ) ;
#151 = FACE_OUTER_BOUND ( 'NONE', #1526, .T. ) ;
#152 = SURFACE_STYLE_USAGE ( .BOTH. , #1933 ) ;
#153 = DIRECTION ( 'NONE',  ( 0.000000000000000000, -1.000000000000000000, 0.000000000000000000 ) ) ;
#154 = ORIENTED_EDGE ( 'NONE', *, *, #1836, .F. ) ;
#155 =( NAMED_UNIT ( * ) PLANE_ANGLE_UNIT ( ) SI_UNIT ( $, .RADIAN. ) );
#156 = FILL_AREA_STYLE_COLOUR ( '', #802 ) ;
#157 = DIRECTION ( 'NONE',  ( 1.000000000000000000, 0.000000000000000000, 0.000000000000000000 ) ) ;
#158 = ORIENTED_EDGE ( 'NONE', *, *, #1425, .F. ) ;
#159 = LINE ( 'NONE', #1776, #485 ) ;
#160 = CARTESIAN_POINT ( 'NONE',  ( -2.200000000000000178, 1.575000000000000400, 0.000000000000000000 ) ) ;
#161 = LINE ( 'NONE', #2588, #928 ) ;
#162 = EDGE_CURVE ( 'NONE', #1925, #2163, #2112, .T. ) ;
#163 =( NAMED_UNIT ( * ) PLANE_ANGLE_UNIT ( ) SI_UNIT ( $, .RADIAN. ) );
#164 = ORIENTED_EDGE ( 'NONE', *, *, #1688, .F. ) ;
#165 = SURFACE_SIDE_STYLE ('',( #1120 ) ) ;
#166 = VERTEX_POINT ( 'NONE', #741 ) ;
#167 = SURFACE_SIDE_STYLE ('',( #563 ) ) ;
#168 = DIRECTION ( 'NONE',  ( -1.000000000000000000, 0.000000000000000000, 0.000000000000000000 ) ) ;
#169 = LINE ( 'NONE', #750, #1693 ) ;
#170 = EDGE_LOOP ( 'NONE', ( #1261, #828, #234, #545, #2184, #1802, #947, #933 ) ) ;
#171 = DIRECTION ( 'NONE',  ( 0.000000000000000000, -2.436409376371920126E-16, 1.000000000000000000 ) ) ;
#172 =( GEOMETRIC_REPRESENTATION_CONTEXT ( 3 ) GLOBAL_UNCERTAINTY_ASSIGNED_CONTEXT ( ( #199 ) ) GLOBAL_UNIT_ASSIGNED_CONTEXT ( ( #2562, #1561, #727 ) ) REPRESENTATION_CONTEXT ( 'NONE', 'WORKASPACE' ) );
#173 = DIRECTION ( 'NONE',  ( 0.000000000000000000, -1.000000000000000000, 0.000000000000000000 ) ) ;
#174 = STYLED_ITEM ( 'NONE', ( #1421 ), #1232 ) ;
#175 = LINE ( 'NONE', #150, #722 ) ;
#176 = MECHANICAL_DESIGN_GEOMETRIC_PRESENTATION_REPRESENTATION (  '', ( #1350 ), #1650 ) ;
#177 = LINE ( 'NONE', #558, #1918 ) ;
#178 = SURFACE_STYLE_FILL_AREA ( #1142 ) ;
#179 = PRESENTATION_LAYER_ASSIGNMENT (  '', '', ( #387 ) ) ;
#180 = ADVANCED_FACE ( 'NONE', ( #1883 ), #940, .F. ) ;
#181 = DIRECTION ( 'NONE',  ( 0.000000000000000000, 0.000000000000000000, 1.000000000000000000 ) ) ;
#182 = STYLED_ITEM ( 'NONE', ( #2381 ), #2151 ) ;
#183 = EDGE_LOOP ( 'NONE', ( #777, #2145, #1020, #858, #2640, #1045, #1667, #2385 ) ) ;
#184 = CARTESIAN_POINT ( 'NONE',  ( -2.250000000000000000, 1.600000000000000089, 2.799999999999999378 ) ) ;
#185 = PRESENTATION_LAYER_ASSIGNMENT (  '', '', ( #2053 ) ) ;
#186 = APPLICATION_CONTEXT ( 'automotive_design' ) ;
#187 =( NAMED_UNIT ( * ) PLANE_ANGLE_UNIT ( ) SI_UNIT ( $, .RADIAN. ) );
#188 = VERTEX_POINT ( 'NONE', #2176 ) ;
#189 =( NAMED_UNIT ( * ) SI_UNIT ( $, .STERADIAN. ) SOLID_ANGLE_UNIT ( ) );
#190 = FILL_AREA_STYLE_COLOUR ( '', #2618 ) ;
#191 = VECTOR ( 'NONE', #470, 1000.000000000000000 ) ;
#192 = CARTESIAN_POINT ( 'NONE',  ( -2.100000000000000089, 0.9250000000000004885, 1.879999999999999671 ) ) ;
#193 = CARTESIAN_POINT ( 'NONE',  ( 1.500000000000000000, -0.9249999999999996003, 1.979999999999999982 ) ) ;
#194 =( NAMED_UNIT ( * ) PLANE_ANGLE_UNIT ( ) SI_UNIT ( $, .RADIAN. ) );
#195 =( GEOMETRIC_REPRESENTATION_CONTEXT ( 3 ) GLOBAL_UNCERTAINTY_ASSIGNED_CONTEXT ( ( #2511 ) ) GLOBAL_UNIT_ASSIGNED_CONTEXT ( ( #1545, #2380, #1927 ) ) REPRESENTATION_CONTEXT ( 'NONE', 'WORKASPACE' ) );
#196 = CARTESIAN_POINT ( 'NONE',  ( -2.100000000000000089, -0.9249999999999996003, 0.1000000000000002554 ) ) ;
#197 = VERTEX_POINT ( 'NONE', #251 ) ;
#198 =( LENGTH_UNIT ( ) NAMED_UNIT ( * ) SI_UNIT ( .MILLI., .METRE. ) );
#199 = UNCERTAINTY_MEASURE_WITH_UNIT (LENGTH_MEASURE( 1.000000000000000082E-05 ), #2562, 'distance_accuracy_value', 'NONE');
#200 = PRESENTATION_STYLE_ASSIGNMENT (( #2229 ) ) ;
#201 = VERTEX_POINT ( 'NONE', #1044 ) ;
#202 = PRESENTATION_STYLE_ASSIGNMENT (( #1002 ) ) ;
#203 = LINE ( 'NONE', #1201, #859 ) ;
#204 =( NAMED_UNIT ( * ) SI_UNIT ( $, .STERADIAN. ) SOLID_ANGLE_UNIT ( ) );
#205 = FILL_AREA_STYLE ('',( #541 ) ) ;
#206 = SURFACE_STYLE_FILL_AREA ( #1638 ) ;
#207 = SURFACE_STYLE_FILL_AREA ( #1639 ) ;
#208 = PRESENTATION_STYLE_ASSIGNMENT (( #1231 ) ) ;
#209 =( NAMED_UNIT ( * ) SI_UNIT ( $, .STERADIAN. ) SOLID_ANGLE_UNIT ( ) );
#210 = ORIENTED_EDGE ( 'NONE', *, *, #1546, .T. ) ;
#211 = PRESENTATION_STYLE_ASSIGNMENT (( #2050 ) ) ;
#212 = MECHANICAL_DESIGN_GEOMETRIC_PRESENTATION_REPRESENTATION (  '', ( #1717 ), #1858 ) ;
#213 = CARTESIAN_POINT ( 'NONE',  ( -1.500000000000000000, -0.9249999999999996003, 1.979999999999999982 ) ) ;
#214 = PRESENTATION_STYLE_ASSIGNMENT (( #2255 ) ) ;
#215 = PRESENTATION_STYLE_ASSIGNMENT (( #2037 ) ) ;
#216 = DIRECTION ( 'NONE',  ( -1.000000000000000000, 0.000000000000000000, 0.000000000000000000 ) ) ;
#217 = LINE ( 'NONE', #13, #94 ) ;
#218 = ORIENTED_EDGE ( 'NONE', *, *, #1144, .T. ) ;
#219 = EDGE_CURVE ( 'NONE', #1712, #2391, #49, .T. ) ;
#220 =( GEOMETRIC_REPRESENTATION_CONTEXT ( 3 ) GLOBAL_UNCERTAINTY_ASSIGNED_CONTEXT ( ( #857 ) ) GLOBAL_UNIT_ASSIGNED_CONTEXT ( ( #1027, #1665, #411 ) ) REPRESENTATION_CONTEXT ( 'NONE', 'WORKASPACE' ) );
#221 = EDGE_CURVE ( 'NONE', #115, #166, #2573, .T. ) ;
#222 = EDGE_LOOP ( 'NONE', ( #2426, #1110, #2515, #2567 ) ) ;
#223 = SURFACE_STYLE_USAGE ( .BOTH. , #56 ) ;
#224 = EDGE_CURVE ( 'NONE', #100, #1658, #847, .T. ) ;
#225 = DIRECTION ( 'NONE',  ( 0.000000000000000000, 0.000000000000000000, 1.000000000000000000 ) ) ;
#226 = SURFACE_STYLE_FILL_AREA ( #1435 ) ;
#227 = UNCERTAINTY_MEASURE_WITH_UNIT (LENGTH_MEASURE( 1.000000000000000082E-05 ), #1147, 'distance_accuracy_value', 'NONE');
#228 = FILL_AREA_STYLE ('',( #626 ) ) ;
#229 =( LENGTH_UNIT ( ) NAMED_UNIT ( * ) SI_UNIT ( .MILLI., .METRE. ) );
#230 = VERTEX_POINT ( 'NONE', #2366 ) ;
#231 =( NAMED_UNIT ( * ) PLANE_ANGLE_UNIT ( ) SI_UNIT ( $, .RADIAN. ) );
#232 = AXIS2_PLACEMENT_3D ( 'NONE', #840, #30, #1046 ) ;
#233 = CARTESIAN_POINT ( 'NONE',  ( 2.250000000000000000, -1.600000000000000311, 1.879999999999999671 ) ) ;
#234 = ORIENTED_EDGE ( 'NONE', *, *, #1990, .F. ) ;
#235 = DIRECTION ( 'NONE',  ( 0.000000000000000000, 0.000000000000000000, 1.000000000000000000 ) ) ;
#236 = DIRECTION ( 'NONE',  ( 0.000000000000000000, 0.000000000000000000, 1.000000000000000000 ) ) ;
#237 = LINE ( 'NONE', #1629, #1092 ) ;
#238 = SURFACE_STYLE_USAGE ( .BOTH. , #2513 ) ;
#239 = EDGE_LOOP ( 'NONE', ( #1992, #2170, #1136, #39 ) ) ;
#240 = SURFACE_STYLE_FILL_AREA ( #1616 ) ;
#241 = FILL_AREA_STYLE_COLOUR ( '', #130 ) ;
#242 = UNCERTAINTY_MEASURE_WITH_UNIT (LENGTH_MEASURE( 1.000000000000000082E-05 ), #2378, 'distance_accuracy_value', 'NONE');
#243 = ORIENTED_EDGE ( 'NONE', *, *, #1550, .F. ) ;
#244 = CARTESIAN_POINT ( 'NONE',  ( 2.250000000000000000, -1.600000000000000311, 1.879999999999999671 ) ) ;
#245 = LINE ( 'NONE', #437, #1911 ) ;
#246 = UNCERTAINTY_MEASURE_WITH_UNIT (LENGTH_MEASURE( 1.000000000000000082E-05 ), #1377, 'distance_accuracy_value', 'NONE');
#247 = PRESENTATION_STYLE_ASSIGNMENT (( #424 ) ) ;
#248 = DIRECTION ( 'NONE',  ( 1.000000000000000000, 0.000000000000000000, 0.000000000000000000 ) ) ;
#249 = EDGE_CURVE ( 'NONE', #1646, #287, #63, .T. ) ;
#250 = VECTOR ( 'NONE', #540, 1000.000000000000000 ) ;
#251 = CARTESIAN_POINT ( 'NONE',  ( 2.250000000000000000, -0.8499999999999997558, 0.09999999999999982514 ) ) ;
#252 = CARTESIAN_POINT ( 'NONE',  ( -2.250000000000000000, -1.600000000000000089, 2.799999999999999378 ) ) ;
#253 = VECTOR ( 'NONE', #1977, 1000.000000000000000 ) ;
#254 = ADVANCED_FACE ( 'NONE', ( #2294 ), #456, .F. ) ;
#255 = VERTEX_POINT ( 'NONE', #2194 ) ;
#256 = MECHANICAL_DESIGN_GEOMETRIC_PRESENTATION_REPRESENTATION (  '', ( #2574 ), #126 ) ;
#257 = EDGE_CURVE ( 'NONE', #1694, #1197, #147, .T. ) ;
#258 = DIRECTION ( 'NONE',  ( 0.000000000000000000, 1.000000000000000000, 0.000000000000000000 ) ) ;
#259 = FILL_AREA_STYLE ('',( #1912 ) ) ;
#260 = COLOUR_RGB ( '',1.000000000000000000, 1.000000000000000000, 1.000000000000000000 ) ;
#261 = EDGE_LOOP ( 'NONE', ( #2536, #1084, #2141, #1590 ) ) ;
#262 = DIRECTION ( 'NONE',  ( 0.000000000000000000, 0.000000000000000000, -1.000000000000000000 ) ) ;
#263 = COLOUR_RGB ( '',1.000000000000000000, 1.000000000000000000, 1.000000000000000000 ) ;
#264 = VECTOR ( 'NONE', #1906, 1000.000000000000000 ) ;
#265 = CARTESIAN_POINT ( 'NONE',  ( -2.250000000000000000, 1.600000000000000089, 2.799999999999999378 ) ) ;
#266 = DIRECTION ( 'NONE',  ( 0.000000000000000000, 0.000000000000000000, 1.000000000000000000 ) ) ;
#267 = VECTOR ( 'NONE', #1356, 1000.000000000000000 ) ;
#268 = PLANE ( 'NONE',  #304 ) ;
#269 = DIRECTION ( 'NONE',  ( 0.000000000000000000, 0.000000000000000000, -1.000000000000000000 ) ) ;
#270 = FILL_AREA_STYLE ('',( #2096 ) ) ;
#271 =( NAMED_UNIT ( * ) SI_UNIT ( $, .STERADIAN. ) SOLID_ANGLE_UNIT ( ) );
#272 = VECTOR ( 'NONE', #2239, 1000.000000000000000 ) ;
#273 = ORIENTED_EDGE ( 'NONE', *, *, #2599, .T. ) ;
#274 = FACE_OUTER_BOUND ( 'NONE', #2231, .T. ) ;
#275 = CARTESIAN_POINT ( 'NONE',  ( -1.500000000000000000, -1.574999999999999512, 1.979999999999999982 ) ) ;
#276 =( GEOMETRIC_REPRESENTATION_CONTEXT ( 3 ) GLOBAL_UNCERTAINTY_ASSIGNED_CONTEXT ( ( #246 ) ) GLOBAL_UNIT_ASSIGNED_CONTEXT ( ( #1377, #1171, #1322 ) ) REPRESENTATION_CONTEXT ( 'NONE', 'WORKASPACE' ) );
#277 = EDGE_CURVE ( 'NONE', #2553, #1712, #1180, .T. ) ;
#278 = ORIENTED_EDGE ( 'NONE', *, *, #2427, .F. ) ;
#279 = PLANE ( 'NONE',  #65 ) ;
#280 = COLOUR_RGB ( '',1.000000000000000000, 1.000000000000000000, 1.000000000000000000 ) ;
#281 = DIRECTION ( 'NONE',  ( 0.000000000000000000, 0.000000000000000000, -1.000000000000000000 ) ) ;
#282 = ORIENTED_EDGE ( 'NONE', *, *, #693, .F. ) ;
#283 = LINE ( 'NONE', #1083, #1436 ) ;
#284 = DIRECTION ( 'NONE',  ( 0.000000000000000000, 0.000000000000000000, 1.000000000000000000 ) ) ;
#285 = VERTEX_POINT ( 'NONE', #2210 ) ;
#286 =( NAMED_UNIT ( * ) SI_UNIT ( $, .STERADIAN. ) SOLID_ANGLE_UNIT ( ) );
#287 = VERTEX_POINT ( 'NONE', #368 ) ;
#288 = SURFACE_STYLE_USAGE ( .BOTH. , #2120 ) ;
#289 =( LENGTH_UNIT ( ) NAMED_UNIT ( * ) SI_UNIT ( .MILLI., .METRE. ) );
#290 = CARTESIAN_POINT ( 'NONE',  ( 2.250000000000000000, -1.600000000000000089, 0.09999999999999982514 ) ) ;
#291 = EDGE_CURVE ( 'NONE', #1540, #1922, #595, .T. ) ;
#292 = DIRECTION ( 'NONE',  ( 0.000000000000000000, 1.000000000000000000, 0.000000000000000000 ) ) ;
#293 = PRESENTATION_STYLE_ASSIGNMENT (( #2126 ) ) ;
#294 = VERTEX_POINT ( 'NONE', #341 ) ;
#295 = DIRECTION ( 'NONE',  ( -1.000000000000000000, 0.000000000000000000, 0.000000000000000000 ) ) ;
#296 = VECTOR ( 'NONE', #500, 1000.000000000000000 ) ;
#297 = ORIENTED_EDGE ( 'NONE', *, *, #839, .T. ) ;
#298 = EDGE_CURVE ( 'NONE', #85, #287, #159, .T. ) ;
#299 = SURFACE_SIDE_STYLE ('',( #2131 ) ) ;
#300 = CARTESIAN_POINT ( 'NONE',  ( 1.500000000000000444, 0.9250000000000002665, 1.879999999999999671 ) ) ;
#301 = STYLED_ITEM ( 'NONE', ( #503 ), #2455 ) ;
#302 = ADVANCED_FACE ( 'NONE', ( #978 ), #1396, .T. ) ;
#303 = MECHANICAL_DESIGN_GEOMETRIC_PRESENTATION_REPRESENTATION (  '', ( #2357 ), #941 ) ;
#304 = AXIS2_PLACEMENT_3D ( 'NONE', #314, #2354, #1507 ) ;
#305 = LINE ( 'NONE', #47, #2039 ) ;
#306 = MECHANICAL_DESIGN_GEOMETRIC_PRESENTATION_REPRESENTATION (  '', ( #1441 ), #2498 ) ;
#307 =( LENGTH_UNIT ( ) NAMED_UNIT ( * ) SI_UNIT ( .MILLI., .METRE. ) );
#308 = VERTEX_POINT ( 'NONE', #2451 ) ;
#309 =( GEOMETRIC_REPRESENTATION_CONTEXT ( 3 ) GLOBAL_UNCERTAINTY_ASSIGNED_CONTEXT ( ( #1224 ) ) GLOBAL_UNIT_ASSIGNED_CONTEXT ( ( #198, #155, #2608 ) ) REPRESENTATION_CONTEXT ( 'NONE', 'WORKASPACE' ) );
#310 = ORIENTED_EDGE ( 'NONE', *, *, #333, .F. ) ;
#311 = CARTESIAN_POINT ( 'NONE',  ( -2.100000000000000089, -1.600000000000000089, 0.09999999999999982514 ) ) ;
#312 = APPLICATION_CONTEXT ( 'automotive_design' ) ;
#313 = VECTOR ( 'NONE', #525, 1000.000000000000000 ) ;
#314 = CARTESIAN_POINT ( 'NONE',  ( -2.100000000000000089, -1.629999999999999671, 0.09999999999999982514 ) ) ;
#315 = PLANE ( 'NONE',  #53 ) ;
#316 = SURFACE_STYLE_USAGE ( .BOTH. , #1710 ) ;
#317 = DIRECTION ( 'NONE',  ( 0.000000000000000000, 0.000000000000000000, -1.000000000000000000 ) ) ;
#318 = PRESENTATION_STYLE_ASSIGNMENT (( #516 ) ) ;
#319 = ORIENTED_EDGE ( 'NONE', *, *, #64, .T. ) ;
#320 = CARTESIAN_POINT ( 'NONE',  ( 1.500000000000000000, 0.9250000000000002665, 0.1000000000000002554 ) ) ;
#321 = SURFACE_STYLE_FILL_AREA ( #1773 ) ;
#322 = CARTESIAN_POINT ( 'NONE',  ( -2.100000000000000089, -0.8499999999999997558, 0.09999999999999982514 ) ) ;
#323 = LINE ( 'NONE', #1674, #2059 ) ;
#324 = CARTESIAN_POINT ( 'NONE',  ( -1.500000000000000000, -1.574999999999999512, 0.000000000000000000 ) ) ;
#325 = EDGE_CURVE ( 'NONE', #2399, #230, #607, .T. ) ;
#326 =( NAMED_UNIT ( * ) SI_UNIT ( $, .STERADIAN. ) SOLID_ANGLE_UNIT ( ) );
#327 = UNCERTAINTY_MEASURE_WITH_UNIT (LENGTH_MEASURE( 1.000000000000000082E-05 ), #1247, 'distance_accuracy_value', 'NONE');
#328 = CARTESIAN_POINT ( 'NONE',  ( -2.250000000000000000, -0.8499999999999997558, 0.09999999999999982514 ) ) ;
#329 = EDGE_CURVE ( 'NONE', #100, #484, #1749, .T. ) ;
#330 = EDGE_LOOP ( 'NONE', ( #987, #55, #2115, #1537, #2206, #1363, #1996, #16 ) ) ;
#331 = EDGE_CURVE ( 'NONE', #2460, #2621, #1815, .T. ) ;
#332 =( NAMED_UNIT ( * ) SI_UNIT ( $, .STERADIAN. ) SOLID_ANGLE_UNIT ( ) );
#333 = EDGE_CURVE ( 'NONE', #1457, #2391, #34, .T. ) ;
#334 = ORIENTED_EDGE ( 'NONE', *, *, #1733, .F. ) ;
#335 =( GEOMETRIC_REPRESENTATION_CONTEXT ( 3 ) GLOBAL_UNCERTAINTY_ASSIGNED_CONTEXT ( ( #2258 ) ) GLOBAL_UNIT_ASSIGNED_CONTEXT ( ( #782, #439, #1203 ) ) REPRESENTATION_CONTEXT ( 'NONE', 'WORKASPACE' ) );
#336 = CARTESIAN_POINT ( 'NONE',  ( 1.500000000000000000, 0.9250000000000002665, 0.1000000000000002554 ) ) ;
#337 = SURFACE_SIDE_STYLE ('',( #758 ) ) ;
#338 = CARTESIAN_POINT ( 'NONE',  ( 1.500000000000000000, -0.9249999999999996003, 0.000000000000000000 ) ) ;
#339 = SURFACE_STYLE_USAGE ( .BOTH. , #2626 ) ;
#340 = VERTEX_POINT ( 'NONE', #2062 ) ;
#341 = CARTESIAN_POINT ( 'NONE',  ( -1.500000000000000000, -1.574999999999999512, 0.000000000000000000 ) ) ;
#342 = LINE ( 'NONE', #108, #1304 ) ;
#343 = MECHANICAL_DESIGN_GEOMETRIC_PRESENTATION_REPRESENTATION (  '', ( #2398 ), #807 ) ;
#344 = AXIS2_PLACEMENT_3D ( 'NONE', #1881, #438, #2079 ) ;
#345 = PRESENTATION_LAYER_ASSIGNMENT (  '', '', ( #2357 ) ) ;
#346 = DIRECTION ( 'NONE',  ( 1.000000000000000000, 0.000000000000000000, 0.000000000000000000 ) ) ;
#347 = CARTESIAN_POINT ( 'NONE',  ( -2.200000000000000178, 1.575000000000000400, 1.979999999999999982 ) ) ;
#348 = MECHANICAL_DESIGN_GEOMETRIC_PRESENTATION_REPRESENTATION (  '', ( #19 ), #1021 ) ;
#349 = VERTEX_POINT ( 'NONE', #2491 ) ;
#350 = VERTEX_POINT ( 'NONE', #1049 ) ;
#351 = PLANE ( 'NONE',  #598 ) ;
#352 = MECHANICAL_DESIGN_GEOMETRIC_PRESENTATION_REPRESENTATION (  '', ( #2587 ), #910 ) ;
#353 = DIRECTION ( 'NONE',  ( -1.218204688185959817E-16, 0.000000000000000000, -1.000000000000000000 ) ) ;
#354 = ORIENTED_EDGE ( 'NONE', *, *, #1978, .F. ) ;
#355 =( GEOMETRIC_REPRESENTATION_CONTEXT ( 3 ) GLOBAL_UNCERTAINTY_ASSIGNED_CONTEXT ( ( #2479 ) ) GLOBAL_UNIT_ASSIGNED_CONTEXT ( ( #2324, #1677, #286 ) ) REPRESENTATION_CONTEXT ( 'NONE', 'WORKASPACE' ) );
#356 = DIRECTION ( 'NONE',  ( 0.000000000000000000, -0.000000000000000000, 1.000000000000000000 ) ) ;
#357 = DIRECTION ( 'NONE',  ( 0.000000000000000000, 0.000000000000000000, 1.000000000000000000 ) ) ;
#358 = AXIS2_PLACEMENT_3D ( 'NONE', #1602, #442, #26 ) ;
#359 = AXIS2_PLACEMENT_3D ( 'NONE', #2614, #2409, #551 ) ;
#360 =( NAMED_UNIT ( * ) SI_UNIT ( $, .STERADIAN. ) SOLID_ANGLE_UNIT ( ) );
#361 = ORIENTED_EDGE ( 'NONE', *, *, #2481, .F. ) ;
#362 = DIRECTION ( 'NONE',  ( 0.000000000000000000, 0.000000000000000000, 1.000000000000000000 ) ) ;
#363 = ORIENTED_EDGE ( 'NONE', *, *, #249, .T. ) ;
#364 = PRESENTATION_STYLE_ASSIGNMENT (( #1955 ) ) ;
#365 = FILL_AREA_STYLE ('',( #1757 ) ) ;
#366 = CARTESIAN_POINT ( 'NONE',  ( 2.200000000000000178, 0.9250000000000002665, 1.979999999999999982 ) ) ;
#367 = ORIENTED_EDGE ( 'NONE', *, *, #800, .F. ) ;
#368 = CARTESIAN_POINT ( 'NONE',  ( -2.250000000000000000, 0.8500000000000003109, 1.879999999999999671 ) ) ;
#369 = FILL_AREA_STYLE_COLOUR ( '', #1314 ) ;
#370 = EDGE_CURVE ( 'NONE', #2581, #785, #2475, .T. ) ;
#371 = LINE ( 'NONE', #770, #1652 ) ;
#372 = SURFACE_STYLE_FILL_AREA ( #1966 ) ;
#373 = VERTEX_POINT ( 'NONE', #461 ) ;
#374 = CARTESIAN_POINT ( 'NONE',  ( -1.500000000000000444, 1.575000000000000400, 1.879999999999999671 ) ) ;
#375 = ORIENTED_EDGE ( 'NONE', *, *, #769, .T. ) ;
#376 = FILL_AREA_STYLE ('',( #2207 ) ) ;
#377 =( LENGTH_UNIT ( ) NAMED_UNIT ( * ) SI_UNIT ( .MILLI., .METRE. ) );
#378 = VERTEX_POINT ( 'NONE', #408 ) ;
#379 =( LENGTH_UNIT ( ) NAMED_UNIT ( * ) SI_UNIT ( .MILLI., .METRE. ) );
#380 = EDGE_CURVE ( 'NONE', #960, #1030, #1860, .T. ) ;
#381 = STYLED_ITEM ( 'NONE', ( #2148 ), #1348 ) ;
#382 = DIRECTION ( 'NONE',  ( 0.000000000000000000, 0.000000000000000000, 1.000000000000000000 ) ) ;
#383 = STYLED_ITEM ( 'NONE', ( #535 ), #1464 ) ;
#384 = DIRECTION ( 'NONE',  ( 0.000000000000000000, 1.000000000000000000, 0.000000000000000000 ) ) ;
#385 = AXIS2_PLACEMENT_3D ( 'NONE', #2336, #1060, #1705 ) ;
#386 = CARTESIAN_POINT ( 'NONE',  ( -1.500000000000000000, -1.574999999999999512, 1.979999999999999982 ) ) ;
#387 = STYLED_ITEM ( 'NONE', ( #293 ), #1818 ) ;
#388 = AXIS2_PLACEMENT_3D ( 'NONE', #2278, #1239, #624 ) ;
#389 = ORIENTED_EDGE ( 'NONE', *, *, #331, .F. ) ;
#390 = PRESENTATION_STYLE_ASSIGNMENT (( #1369 ) ) ;
#391 = MECHANICAL_DESIGN_GEOMETRIC_PRESENTATION_REPRESENTATION (  '', ( #1532 ), #1062 ) ;
#392 = DIRECTION ( 'NONE',  ( 1.000000000000000000, 0.000000000000000000, 0.000000000000000000 ) ) ;
#393 = DIRECTION ( 'NONE',  ( 1.000000000000000000, 0.000000000000000000, 0.000000000000000000 ) ) ;
#394 = VERTEX_POINT ( 'NONE', #2033 ) ;
#395 = SURFACE_SIDE_STYLE ('',( #966 ) ) ;
#396 =( NAMED_UNIT ( * ) PLANE_ANGLE_UNIT ( ) SI_UNIT ( $, .RADIAN. ) );
#397 = SURFACE_STYLE_USAGE ( .BOTH. , #2235 ) ;
#398 = MECHANICAL_DESIGN_GEOMETRIC_PRESENTATION_REPRESENTATION (  '', ( #1364 ), #1582 ) ;
#399 = MECHANICAL_DESIGN_GEOMETRIC_PRESENTATION_REPRESENTATION (  '', ( #1538 ), #1879 ) ;
#400 = SURFACE_STYLE_FILL_AREA ( #1781 ) ;
#401 = CARTESIAN_POINT ( 'NONE',  ( 1.500000000000000000, 1.575000000000000178, 0.000000000000000000 ) ) ;
#402 = CARTESIAN_POINT ( 'NONE',  ( -1.500000000000000000, -1.574999999999999512, 0.1000000000000002554 ) ) ;
#403 =( GEOMETRIC_REPRESENTATION_CONTEXT ( 3 ) GLOBAL_UNCERTAINTY_ASSIGNED_CONTEXT ( ( #1865 ) ) GLOBAL_UNIT_ASSIGNED_CONTEXT ( ( #778, #2233, #1803 ) ) REPRESENTATION_CONTEXT ( 'NONE', 'WORKASPACE' ) );
#404 = ORIENTED_EDGE ( 'NONE', *, *, #996, .F. ) ;
#405 = SURFACE_STYLE_USAGE ( .BOTH. , #2248 ) ;
#406 = UNCERTAINTY_MEASURE_WITH_UNIT (LENGTH_MEASURE( 1.000000000000000082E-05 ), #2226, 'distance_accuracy_value', 'NONE');
#407 = ORIENTED_EDGE ( 'NONE', *, *, #1768, .F. ) ;
#408 = CARTESIAN_POINT ( 'NONE',  ( 2.100000000000000089, 0.8500000000000003109, 1.879999999999999671 ) ) ;
#409 = DIRECTION ( 'NONE',  ( 1.000000000000000000, 0.000000000000000000, 0.000000000000000000 ) ) ;
#410 = SURFACE_STYLE_USAGE ( .BOTH. , #1820 ) ;
#411 =( NAMED_UNIT ( * ) SI_UNIT ( $, .STERADIAN. ) SOLID_ANGLE_UNIT ( ) );
#412 = FACE_OUTER_BOUND ( 'NONE', #222, .T. ) ;
#413 = CARTESIAN_POINT ( 'NONE',  ( 2.250000000000000000, -0.8499999999999997558, 0.09999999999999982514 ) ) ;
#414 = ADVANCED_FACE ( 'NONE', ( #818 ), #1011, .F. ) ;
#415 = SURFACE_SIDE_STYLE ('',( #1415 ) ) ;
#416 = SURFACE_STYLE_FILL_AREA ( #1640 ) ;
#417 = EDGE_CURVE ( 'NONE', #2108, #118, #1637, .T. ) ;
#418 = ORIENTED_EDGE ( 'NONE', *, *, #1783, .T. ) ;
#419 = SURFACE_SIDE_STYLE ('',( #240 ) ) ;
#420 = ORIENTED_EDGE ( 'NONE', *, *, #142, .T. ) ;
#421 = CARTESIAN_POINT ( 'NONE',  ( 1.500000000000000000, -0.9249999999999996003, 1.979999999999999982 ) ) ;
#422 = CARTESIAN_POINT ( 'NONE',  ( -2.250000000000000000, -1.600000000000000089, 2.799999999999999378 ) ) ;
#423 = PRESENTATION_LAYER_ASSIGNMENT (  '', '', ( #86 ) ) ;
#424 = SURFACE_STYLE_USAGE ( .BOTH. , #1263 ) ;
#425 = VECTOR ( 'NONE', #1462, 1000.000000000000000 ) ;
#426 =( GEOMETRIC_REPRESENTATION_CONTEXT ( 3 ) GLOBAL_UNCERTAINTY_ASSIGNED_CONTEXT ( ( #17 ) ) GLOBAL_UNIT_ASSIGNED_CONTEXT ( ( #2569, #2362, #1123 ) ) REPRESENTATION_CONTEXT ( 'NONE', 'WORKASPACE' ) );
#427 = LINE ( 'NONE', #1641, #1774 ) ;
#428 = COLOUR_RGB ( '',1.000000000000000000, 1.000000000000000000, 1.000000000000000000 ) ;
#429 = AXIS2_PLACEMENT_3D ( 'NONE', #98, #1126, #2563 ) ;
#430 = PRESENTATION_STYLE_ASSIGNMENT (( #1176 ) ) ;
#431 = AXIS2_PLACEMENT_3D ( 'NONE', #997, #2024, #1842 ) ;
#432 = MECHANICAL_DESIGN_GEOMETRIC_PRESENTATION_REPRESENTATION (  '', ( #2232 ), #983 ) ;
#433 = PRESENTATION_STYLE_ASSIGNMENT (( #1443 ) ) ;
#434 = UNCERTAINTY_MEASURE_WITH_UNIT (LENGTH_MEASURE( 1.000000000000000082E-05 ), #1064, 'distance_accuracy_value', 'NONE');
#435 = ORIENTED_EDGE ( 'NONE', *, *, #99, .F. ) ;
#436 = AXIS2_PLACEMENT_3D ( 'NONE', #666, #2274, #225 ) ;
#437 = CARTESIAN_POINT ( 'NONE',  ( -2.250000000000000000, -0.8499999999999997558, 0.09999999999999982514 ) ) ;
#438 = DIRECTION ( 'NONE',  ( 0.000000000000000000, 0.000000000000000000, 1.000000000000000000 ) ) ;
#439 =( NAMED_UNIT ( * ) PLANE_ANGLE_UNIT ( ) SI_UNIT ( $, .RADIAN. ) );
#440 = PRESENTATION_LAYER_ASSIGNMENT (  '', '', ( #25 ) ) ;
#441 = UNCERTAINTY_MEASURE_WITH_UNIT (LENGTH_MEASURE( 1.000000000000000082E-05 ), #2442, 'distance_accuracy_value', 'NONE');
#442 = DIRECTION ( 'NONE',  ( 0.000000000000000000, -0.000000000000000000, 1.000000000000000000 ) ) ;
#443 = LINE ( 'NONE', #2243, #1222 ) ;
#444 = DIRECTION ( 'NONE',  ( 0.000000000000000000, 0.000000000000000000, 1.000000000000000000 ) ) ;
#445 = LINE ( 'NONE', #1, #2449 ) ;
#446 = STYLED_ITEM ( 'NONE', ( #568 ), #254 ) ;
#447 = ORIENTED_EDGE ( 'NONE', *, *, #1768, .T. ) ;
#448 = PLANE ( 'NONE',  #1739 ) ;
#449 = PRESENTATION_LAYER_ASSIGNMENT (  '', '', ( #1589 ) ) ;
#450 = EDGE_LOOP ( 'NONE', ( #2215, #675, #6, #218 ) ) ;
#451 = CARTESIAN_POINT ( 'NONE',  ( -2.100000000000000089, -0.8799999999999996714, 1.879999999999999671 ) ) ;
#452 = ADVANCED_FACE ( 'NONE', ( #1036 ), #1875, .F. ) ;
#453 = LINE ( 'NONE', #2477, #2187 ) ;
#454 = CARTESIAN_POINT ( 'NONE',  ( -1.500000000000000000, -1.574999999999999512, 1.979999999999999982 ) ) ;
#455 = ADVANCED_FACE ( 'NONE', ( #701 ), #2568, .F. ) ;
#456 = PLANE ( 'NONE',  #359 ) ;
#457 = PLANE ( 'NONE',  #2138 ) ;
#458 = EDGE_LOOP ( 'NONE', ( #908, #2081, #1671, #831 ) ) ;
#459 = CARTESIAN_POINT ( 'NONE',  ( -1.500000000000000000, 0.9250000000000004885, 0.000000000000000000 ) ) ;
#460 = ORIENTED_EDGE ( 'NONE', *, *, #800, .T. ) ;
#461 = CARTESIAN_POINT ( 'NONE',  ( -1.500000000000000000, 1.575000000000000400, 0.1000000000000002554 ) ) ;
#462 = PRESENTATION_STYLE_ASSIGNMENT (( #678 ) ) ;
#463 = SURFACE_STYLE_USAGE ( .BOTH. , #23 ) ;
#464 = LINE ( 'NONE', #454, #2482 ) ;
#465 = MECHANICAL_DESIGN_GEOMETRIC_PRESENTATION_REPRESENTATION (  '', ( #86 ), #172 ) ;
#466 = FILL_AREA_STYLE ('',( #2303 ) ) ;
#467 = SURFACE_SIDE_STYLE ('',( #1256 ) ) ;
#468 =( GEOMETRIC_REPRESENTATION_CONTEXT ( 3 ) GLOBAL_UNCERTAINTY_ASSIGNED_CONTEXT ( ( #1008 ) ) GLOBAL_UNIT_ASSIGNED_CONTEXT ( ( #92, #1863, #1663 ) ) REPRESENTATION_CONTEXT ( 'NONE', 'WORKASPACE' ) );
#469 = ORIENTED_EDGE ( 'NONE', *, *, #1544, .T. ) ;
#470 = DIRECTION ( 'NONE',  ( -1.000000000000000000, 0.000000000000000000, 0.000000000000000000 ) ) ;
#471 =( GEOMETRIC_REPRESENTATION_CONTEXT ( 3 ) GLOBAL_UNCERTAINTY_ASSIGNED_CONTEXT ( ( #1721 ) ) GLOBAL_UNIT_ASSIGNED_CONTEXT ( ( #1410, #2030, #209 ) ) REPRESENTATION_CONTEXT ( 'NONE', 'WORKASPACE' ) );
#472 = VERTEX_POINT ( 'NONE', #1679 ) ;
#473 =( NAMED_UNIT ( * ) SI_UNIT ( $, .STERADIAN. ) SOLID_ANGLE_UNIT ( ) );
#474 = FILL_AREA_STYLE_COLOUR ( '', #1521 ) ;
#475 = VECTOR ( 'NONE', #975, 1000.000000000000000 ) ;
#476 = ORIENTED_EDGE ( 'NONE', *, *, #1342, .T. ) ;
#477 = PRESENTATION_LAYER_ASSIGNMENT (  '', '', ( #1532 ) ) ;
#478 = FILL_AREA_STYLE ('',( #1319 ) ) ;
#479 = DIRECTION ( 'NONE',  ( 0.000000000000000000, 0.000000000000000000, 1.000000000000000000 ) ) ;
#480 = AXIS2_PLACEMENT_3D ( 'NONE', #2128, #295, #1895 ) ;
#481 = ORIENTED_EDGE ( 'NONE', *, *, #2008, .T. ) ;
#482 = UNCERTAINTY_MEASURE_WITH_UNIT (LENGTH_MEASURE( 1.000000000000000082E-05 ), #229, 'distance_accuracy_value', 'NONE');
#483 = FACE_OUTER_BOUND ( 'NONE', #918, .T. ) ;
#484 = VERTEX_POINT ( 'NONE', #116 ) ;
#485 = VECTOR ( 'NONE', #1591, 1000.000000000000000 ) ;
#486 = SURFACE_SIDE_STYLE ('',( #845 ) ) ;
#487 = ORIENTED_EDGE ( 'NONE', *, *, #2484, .F. ) ;
#488 = SURFACE_SIDE_STYLE ('',( #95 ) ) ;
#489 =( NAMED_UNIT ( * ) PLANE_ANGLE_UNIT ( ) SI_UNIT ( $, .RADIAN. ) );
#490 = LINE ( 'NONE', #111, #2228 ) ;
#491 = ADVANCED_FACE ( 'NONE', ( #2547 ), #279, .F. ) ;
#492 = ORIENTED_EDGE ( 'NONE', *, *, #1821, .T. ) ;
#493 =( NAMED_UNIT ( * ) PLANE_ANGLE_UNIT ( ) SI_UNIT ( $, .RADIAN. ) );
#494 = EDGE_CURVE ( 'NONE', #1809, #1658, #2159, .T. ) ;
#495 = ORIENTED_EDGE ( 'NONE', *, *, #1191, .T. ) ;
#496 = DIRECTION ( 'NONE',  ( 1.000000000000000000, 0.000000000000000000, 0.000000000000000000 ) ) ;
#497 = FILL_AREA_STYLE_COLOUR ( '', #1613 ) ;
#498 =( NAMED_UNIT ( * ) PLANE_ANGLE_UNIT ( ) SI_UNIT ( $, .RADIAN. ) );
#499 = FACE_OUTER_BOUND ( 'NONE', #1121, .T. ) ;
#500 = DIRECTION ( 'NONE',  ( 0.000000000000000000, 1.000000000000000000, 0.000000000000000000 ) ) ;
#501 = DIRECTION ( 'NONE',  ( 0.000000000000000000, 0.000000000000000000, 1.000000000000000000 ) ) ;
#502 = EDGE_LOOP ( 'NONE', ( #2201, #435, #853, #1726, #870, #2011, #127, #1846 ) ) ;
#503 = PRESENTATION_STYLE_ASSIGNMENT (( #2346 ) ) ;
#504 = VERTEX_POINT ( 'NONE', #1122 ) ;
#505 = FILL_AREA_STYLE_COLOUR ( '', #1242 ) ;
#506 = AXIS2_PLACEMENT_3D ( 'NONE', #1530, #1371, #157 ) ;
#507 = SURFACE_STYLE_FILL_AREA ( #1079 ) ;
#508 = AXIS2_PLACEMENT_3D ( 'NONE', #275, #1096, #2298 ) ;
#509 = MECHANICAL_DESIGN_GEOMETRIC_PRESENTATION_REPRESENTATION (  '', ( #894 ), #93 ) ;
#510 = DIRECTION ( 'NONE',  ( 1.000000000000000000, 0.000000000000000000, 0.000000000000000000 ) ) ;
#511 =( GEOMETRIC_REPRESENTATION_CONTEXT ( 3 ) GLOBAL_UNCERTAINTY_ASSIGNED_CONTEXT ( ( #513 ) ) GLOBAL_UNIT_ASSIGNED_CONTEXT ( ( #1877, #1292, #1680 ) ) REPRESENTATION_CONTEXT ( 'NONE', 'WORKASPACE' ) );
#512 = FILL_AREA_STYLE ('',( #1687 ) ) ;
#513 = UNCERTAINTY_MEASURE_WITH_UNIT (LENGTH_MEASURE( 1.000000000000000082E-05 ), #1877, 'distance_accuracy_value', 'NONE');
#514 = CARTESIAN_POINT ( 'NONE',  ( -1.500000000000000444, -0.9249999999999996003, 1.879999999999999671 ) ) ;
#515 = EDGE_LOOP ( 'NONE', ( #18, #1678, #2061, #629 ) ) ;
#516 = SURFACE_STYLE_USAGE ( .BOTH. , #714 ) ;
#517 =( GEOMETRIC_REPRESENTATION_CONTEXT ( 3 ) GLOBAL_UNCERTAINTY_ASSIGNED_CONTEXT ( ( #1838 ) ) GLOBAL_UNIT_ASSIGNED_CONTEXT ( ( #2082, #231, #1844 ) ) REPRESENTATION_CONTEXT ( 'NONE', 'WORKASPACE' ) );
#518 = ORIENTED_EDGE ( 'NONE', *, *, #1783, .F. ) ;
#519 =( NAMED_UNIT ( * ) SI_UNIT ( $, .STERADIAN. ) SOLID_ANGLE_UNIT ( ) );
#520 = VECTOR ( 'NONE', #771, 1000.000000000000000 ) ;
#521 =( NAMED_UNIT ( * ) SI_UNIT ( $, .STERADIAN. ) SOLID_ANGLE_UNIT ( ) );
#522 = DIRECTION ( 'NONE',  ( 1.000000000000000000, 0.000000000000000000, -1.218204688185959817E-16 ) ) ;
#523 = VECTOR ( 'NONE', #2430, 1000.000000000000000 ) ;
#524 = ADVANCED_FACE ( 'NONE', ( #124 ), #689, .F. ) ;
#525 = DIRECTION ( 'NONE',  ( 0.000000000000000000, 0.000000000000000000, 1.000000000000000000 ) ) ;
#526 = ADVANCED_FACE ( 'NONE', ( #1745 ), #2225, .F. ) ;
#527 = CARTESIAN_POINT ( 'NONE',  ( -1.500000000000000000, 0.9250000000000004885, 1.979999999999999982 ) ) ;
#528 = ADVANCED_FACE ( 'NONE', ( #2171 ), #1541, .F. ) ;
#529 = SURFACE_STYLE_FILL_AREA ( #1931 ) ;
#530 = EDGE_CURVE ( 'NONE', #85, #1975, #1175, .T. ) ;
#531 = SURFACE_SIDE_STYLE ('',( #372 ) ) ;
#532 = VERTEX_POINT ( 'NONE', #1031 ) ;
#533 = ORIENTED_EDGE ( 'NONE', *, *, #2522, .T. ) ;
#534 = CARTESIAN_POINT ( 'NONE',  ( -2.100000000000000089, 1.600000000000000089, 1.879999999999999671 ) ) ;
#535 = PRESENTATION_STYLE_ASSIGNMENT (( #2377 ) ) ;
#536 = FILL_AREA_STYLE ('',( #1542 ) ) ;
#537 = LINE ( 'NONE', #962, #1732 ) ;
#538 = ORIENTED_EDGE ( 'NONE', *, *, #1854, .T. ) ;
#539 = DIRECTION ( 'NONE',  ( -1.000000000000000000, 0.000000000000000000, 0.000000000000000000 ) ) ;
#540 = DIRECTION ( 'NONE',  ( 0.000000000000000000, 0.000000000000000000, -1.000000000000000000 ) ) ;
#541 = FILL_AREA_STYLE_COLOUR ( '', #1272 ) ;
#542 = ORIENTED_EDGE ( 'NONE', *, *, #1039, .F. ) ;
#543 = ADVANCED_FACE ( 'NONE', ( #1855 ), #662, .F. ) ;
#544 = PLANE ( 'NONE',  #1099 ) ;
#545 = ORIENTED_EDGE ( 'NONE', *, *, #1544, .F. ) ;
#546 = AXIS2_PLACEMENT_3D ( 'NONE', #902, #2342, #248 ) ;
#547 =( NAMED_UNIT ( * ) SI_UNIT ( $, .STERADIAN. ) SOLID_ANGLE_UNIT ( ) );
#548 = LINE ( 'NONE', #1326, #1864 ) ;
#549 = VECTOR ( 'NONE', #992, 1000.000000000000000 ) ;
#550 = ORIENTED_EDGE ( 'NONE', *, *, #769, .F. ) ;
#551 = DIRECTION ( 'NONE',  ( 0.000000000000000000, -1.000000000000000000, 0.000000000000000000 ) ) ;
#552 = CARTESIAN_POINT ( 'NONE',  ( -1.500000000000000000, -0.9249999999999996003, 0.1000000000000002554 ) ) ;
#553 = DIRECTION ( 'NONE',  ( 0.000000000000000000, -1.000000000000000000, 0.000000000000000000 ) ) ;
#554 =( GEOMETRIC_REPRESENTATION_CONTEXT ( 3 ) GLOBAL_UNCERTAINTY_ASSIGNED_CONTEXT ( ( #913 ) ) GLOBAL_UNIT_ASSIGNED_CONTEXT ( ( #1456, #2144, #1887 ) ) REPRESENTATION_CONTEXT ( 'NONE', 'WORKASPACE' ) );
#555 =( GEOMETRIC_REPRESENTATION_CONTEXT ( 3 ) GLOBAL_UNCERTAINTY_ASSIGNED_CONTEXT ( ( #2473 ) ) GLOBAL_UNIT_ASSIGNED_CONTEXT ( ( #1427, #1453, #1439 ) ) REPRESENTATION_CONTEXT ( 'NONE', 'WORKASPACE' ) );
#556 = VECTOR ( 'NONE', #2245, 1000.000000000000000 ) ;
#557 = AXIS2_PLACEMENT_3D ( 'NONE', #1976, #2641, #1383 ) ;
#558 = CARTESIAN_POINT ( 'NONE',  ( -1.500000000000000000, 1.575000000000000400, 1.979999999999999982 ) ) ;
#559 = STYLED_ITEM ( 'NONE', ( #211 ), #2237 ) ;
#560 = ORIENTED_EDGE ( 'NONE', *, *, #1959, .F. ) ;
#561 = PRESENTATION_STYLE_ASSIGNMENT (( #1365 ) ) ;
#562 = ORIENTED_EDGE ( 'NONE', *, *, #1485, .T. ) ;
#563 = SURFACE_STYLE_FILL_AREA ( #1789 ) ;
#564 = DIRECTION ( 'NONE',  ( 0.000000000000000000, 1.000000000000000000, 0.000000000000000000 ) ) ;
#565 = CARTESIAN_POINT ( 'NONE',  ( -2.200000000000000178, -1.574999999999999512, 0.000000000000000000 ) ) ;
#566 = EDGE_CURVE ( 'NONE', #801, #1694, #829, .T. ) ;
#567 = ORIENTED_EDGE ( 'NONE', *, *, #1661, .T. ) ;
#568 = PRESENTATION_STYLE_ASSIGNMENT (( #1198 ) ) ;
#569 = STYLED_ITEM ( 'NONE', ( #2246 ), #694 ) ;
#570 = COLOUR_RGB ( '',1.000000000000000000, 1.000000000000000000, 1.000000000000000000 ) ;
#571 =( LENGTH_UNIT ( ) NAMED_UNIT ( * ) SI_UNIT ( .MILLI., .METRE. ) );
#572 = AXIS2_PLACEMENT_3D ( 'NONE', #421, #676, #235 ) ;
#573 = MANIFOLD_SOLID_BREP ( 'NONE', #1149 ) ;
#574 = COLOUR_RGB ( '',1.000000000000000000, 1.000000000000000000, 1.000000000000000000 ) ;
#575 = CARTESIAN_POINT ( 'NONE',  ( -1.500000000000000000, 0.9250000000000004885, 1.979999999999999982 ) ) ;
#576 = FILL_AREA_STYLE_COLOUR ( '', #1787 ) ;
#577 =( LENGTH_UNIT ( ) NAMED_UNIT ( * ) SI_UNIT ( .MILLI., .METRE. ) );
#578 = EDGE_CURVE ( 'NONE', #1351, #472, #2505, .T. ) ;
#579 = VERTEX_POINT ( 'NONE', #459 ) ;
#580 = PRESENTATION_STYLE_ASSIGNMENT (( #718 ) ) ;
#581 = DIRECTION ( 'NONE',  ( 0.000000000000000000, 1.000000000000000000, 0.000000000000000000 ) ) ;
#582 =( LENGTH_UNIT ( ) NAMED_UNIT ( * ) SI_UNIT ( .MILLI., .METRE. ) );
#583 = ORIENTED_EDGE ( 'NONE', *, *, #1661, .F. ) ;
#584 = SURFACE_SIDE_STYLE ('',( #956 ) ) ;
#585 =( NAMED_UNIT ( * ) SI_UNIT ( $, .STERADIAN. ) SOLID_ANGLE_UNIT ( ) );
#586 = DIRECTION ( 'NONE',  ( 0.000000000000000000, -1.000000000000000000, 0.000000000000000000 ) ) ;
#587 = DIRECTION ( 'NONE',  ( -1.000000000000000000, 0.000000000000000000, 0.000000000000000000 ) ) ;
#588 = SURFACE_STYLE_USAGE ( .BOTH. , #793 ) ;
#589 = LINE ( 'NONE', #640, #736 ) ;
#590 = DIRECTION ( 'NONE',  ( 0.000000000000000000, 0.000000000000000000, -1.000000000000000000 ) ) ;
#591 = VERTEX_POINT ( 'NONE', #2027 ) ;
#592 =( LENGTH_UNIT ( ) NAMED_UNIT ( * ) SI_UNIT ( .MILLI., .METRE. ) );
#593 = DIRECTION ( 'NONE',  ( 0.000000000000000000, 1.218204688185959817E-16, -1.000000000000000000 ) ) ;
#594 = ORIENTED_EDGE ( 'NONE', *, *, #885, .T. ) ;
#595 = LINE ( 'NONE', #1167, #1152 ) ;
#596 = ADVANCED_BREP_SHAPE_REPRESENTATION ( 'ACT45', ( #2397, #573, #1467, #2368, #2386, #1611 ), #646 ) ;
#597 = FACE_OUTER_BOUND ( 'NONE', #2338, .T. ) ;
#598 = AXIS2_PLACEMENT_3D ( 'NONE', #1069, #1657, #641 ) ;
#599 = LINE ( 'NONE', #2440, #1622 ) ;
#600 = CARTESIAN_POINT ( 'NONE',  ( 2.250000000000000000, 1.600000000000000089, 2.799999999999999378 ) ) ;
#601 = LINE ( 'NONE', #784, #556 ) ;
#602 = MECHANICAL_DESIGN_GEOMETRIC_PRESENTATION_REPRESENTATION (  '', ( #61 ), #1100 ) ;
#603 = EDGE_LOOP ( 'NONE', ( #1444, #1258, #1094, #1311 ) ) ;
#604 = DIRECTION ( 'NONE',  ( -1.000000000000000000, 0.000000000000000000, 0.000000000000000000 ) ) ;
#605 = COLOUR_RGB ( '',1.000000000000000000, 1.000000000000000000, 1.000000000000000000 ) ;
#606 = ORIENTED_EDGE ( 'NONE', *, *, #1346, .F. ) ;
#607 = LINE ( 'NONE', #1138, #1968 ) ;
#608 = PLANE ( 'NONE',  #2180 ) ;
#609 = EDGE_CURVE ( 'NONE', #1703, #373, #1643, .T. ) ;
#610 = PRESENTATION_LAYER_ASSIGNMENT (  '', '', ( #1786 ) ) ;
#611 = EDGE_CURVE ( 'NONE', #1925, #1516, #1811, .T. ) ;
#612 = AXIS2_PLACEMENT_3D ( 'NONE', #386, #2241, #1595 ) ;
#613 = ADVANCED_FACE ( 'NONE', ( #2445 ), #448, .F. ) ;
#614 = LINE ( 'NONE', #822, #2570 ) ;
#615 = EDGE_CURVE ( 'NONE', #1660, #2399, #1923, .T. ) ;
#616 = PRESENTATION_LAYER_ASSIGNMENT (  '', '', ( #1743 ) ) ;
#617 = SURFACE_SIDE_STYLE ('',( #1785 ) ) ;
#618 = EDGE_LOOP ( 'NONE', ( #1874, #164, #1173, #644, #567, #2127, #955, #1333 ) ) ;
#619 = PLANE ( 'NONE',  #1606 ) ;
#620 = UNCERTAINTY_MEASURE_WITH_UNIT (LENGTH_MEASURE( 1.000000000000000082E-05 ), #2275, 'distance_accuracy_value', 'NONE');
#621 = FILL_AREA_STYLE ('',( #2463 ) ) ;
#622 = VERTEX_POINT ( 'NONE', #2529 ) ;
#623 = DIRECTION ( 'NONE',  ( -1.000000000000000000, 0.000000000000000000, 0.000000000000000000 ) ) ;
#624 = DIRECTION ( 'NONE',  ( 0.000000000000000000, 0.000000000000000000, -1.000000000000000000 ) ) ;
#625 = DIRECTION ( 'NONE',  ( 0.000000000000000000, -1.000000000000000000, 0.000000000000000000 ) ) ;
#626 = FILL_AREA_STYLE_COLOUR ( '', #570 ) ;
#627 = SURFACE_STYLE_USAGE ( .BOTH. , #467 ) ;
#628 = ADVANCED_FACE ( 'NONE', ( #274 ), #1308, .F. ) ;
#629 = ORIENTED_EDGE ( 'NONE', *, *, #787, .T. ) ;
#630 = SURFACE_SIDE_STYLE ('',( #2487 ) ) ;
#631 = FILL_AREA_STYLE ('',( #2462 ) ) ;
#632 = CARTESIAN_POINT ( 'NONE',  ( 2.100000000000000089, -1.600000000000000089, 0.09999999999999982514 ) ) ;
#633 = ORIENTED_EDGE ( 'NONE', *, *, #380, .F. ) ;
#634 = CARTESIAN_POINT ( 'NONE',  ( -2.200000000000000178, -0.9249999999999996003, 1.979999999999999982 ) ) ;
#635 =( LENGTH_UNIT ( ) NAMED_UNIT ( * ) SI_UNIT ( .MILLI., .METRE. ) );
#636 = MECHANICAL_DESIGN_GEOMETRIC_PRESENTATION_REPRESENTATION (  '', ( #1431 ), #2042 ) ;
#637 =( NAMED_UNIT ( * ) PLANE_ANGLE_UNIT ( ) SI_UNIT ( $, .RADIAN. ) );
#638 = DIRECTION ( 'NONE',  ( 0.000000000000000000, 0.000000000000000000, 1.000000000000000000 ) ) ;
#639 = VECTOR ( 'NONE', #1063, 1000.000000000000000 ) ;
#640 = CARTESIAN_POINT ( 'NONE',  ( 1.500000000000000444, -0.9249999999999996003, 1.879999999999999671 ) ) ;
#641 = DIRECTION ( 'NONE',  ( 0.000000000000000000, 1.000000000000000000, 0.000000000000000000 ) ) ;
#642 = FACE_OUTER_BOUND ( 'NONE', #1471, .T. ) ;
#643 =( GEOMETRIC_REPRESENTATION_CONTEXT ( 3 ) GLOBAL_UNCERTAINTY_ASSIGNED_CONTEXT ( ( #1910 ) ) GLOBAL_UNIT_ASSIGNED_CONTEXT ( ( #1378, #1349, #332 ) ) REPRESENTATION_CONTEXT ( 'NONE', 'WORKASPACE' ) );
#644 = ORIENTED_EDGE ( 'NONE', *, *, #2521, .F. ) ;
#645 = PRESENTATION_STYLE_ASSIGNMENT (( #1216 ) ) ;
#646 =( GEOMETRIC_REPRESENTATION_CONTEXT ( 3 ) GLOBAL_UNCERTAINTY_ASSIGNED_CONTEXT ( ( #1085 ) ) GLOBAL_UNIT_ASSIGNED_CONTEXT ( ( #1257, #1470, #2296 ) ) REPRESENTATION_CONTEXT ( 'NONE', 'WORKASPACE' ) );
#647 = VECTOR ( 'NONE', #173, 1000.000000000000000 ) ;
#648 = SURFACE_SIDE_STYLE ('',( #1393 ) ) ;
#649 = UNCERTAINTY_MEASURE_WITH_UNIT (LENGTH_MEASURE( 1.000000000000000082E-05 ), #1376, 'distance_accuracy_value', 'NONE');
#650 = EDGE_LOOP ( 'NONE', ( #964, #712, #43, #2613 ) ) ;
#651 = DIRECTION ( 'NONE',  ( 0.000000000000000000, 1.000000000000000000, 0.000000000000000000 ) ) ;
#652 = EDGE_CURVE ( 'NONE', #1179, #1565, #2142, .T. ) ;
#653 = PLANE ( 'NONE',  #436 ) ;
#654 = CARTESIAN_POINT ( 'NONE',  ( -2.200000000000000178, 0.9250000000000004885, 0.000000000000000000 ) ) ;
#655 = FACE_OUTER_BOUND ( 'NONE', #1455, .T. ) ;
#656 = DIRECTION ( 'NONE',  ( 0.000000000000000000, 1.000000000000000000, 0.000000000000000000 ) ) ;
#657 = UNCERTAINTY_MEASURE_WITH_UNIT (LENGTH_MEASURE( 1.000000000000000082E-05 ), #2260, 'distance_accuracy_value', 'NONE');
#658 = CARTESIAN_POINT ( 'NONE',  ( -2.250000000000000000, 0.8500000000000003109, 0.09999999999999982514 ) ) ;
#659 = FACE_OUTER_BOUND ( 'NONE', #102, .T. ) ;
#660 = VECTOR ( 'NONE', #75, 1000.000000000000000 ) ;
#661 = VERTEX_POINT ( 'NONE', #906 ) ;
#662 = PLANE ( 'NONE',  #232 ) ;
#663 = PRESENTATION_STYLE_ASSIGNMENT (( #1288 ) ) ;
#664 = ORIENTED_EDGE ( 'NONE', *, *, #917, .F. ) ;
#665 = PRESENTATION_STYLE_ASSIGNMENT (( #2046 ) ) ;
#666 = CARTESIAN_POINT ( 'NONE',  ( -1.500000000000000000, -0.9249999999999996003, 1.979999999999999982 ) ) ;
#667 = CARTESIAN_POINT ( 'NONE',  ( -2.100000000000000089, -1.599999999999999645, 1.879999999999999671 ) ) ;
#668 = SURFACE_STYLE_FILL_AREA ( #2035 ) ;
#669 = DIRECTION ( 'NONE',  ( 0.000000000000000000, 0.000000000000000000, -1.000000000000000000 ) ) ;
#670 = DIRECTION ( 'NONE',  ( 0.000000000000000000, 0.000000000000000000, 1.000000000000000000 ) ) ;
#671 = FILL_AREA_STYLE_COLOUR ( '', #2048 ) ;
#672 = ORIENTED_EDGE ( 'NONE', *, *, #1428, .T. ) ;
#673 = LINE ( 'NONE', #1275, #191 ) ;
#674 = FACE_OUTER_BOUND ( 'NONE', #2041, .T. ) ;
#675 = ORIENTED_EDGE ( 'NONE', *, *, #1342, .F. ) ;
#676 = DIRECTION ( 'NONE',  ( 0.000000000000000000, -1.000000000000000000, 0.000000000000000000 ) ) ;
#677 = PLANE ( 'NONE',  #2359 ) ;
#678 = SURFACE_STYLE_USAGE ( .BOTH. , #1262 ) ;
#679 = ORIENTED_EDGE ( 'NONE', *, *, #1012, .T. ) ;
#680 = PRESENTATION_STYLE_ASSIGNMENT (( #1302 ) ) ;
#681 = CARTESIAN_POINT ( 'NONE',  ( -2.100000000000000089, -1.574999999999999512, 1.879999999999999671 ) ) ;
#682 = VECTOR ( 'NONE', #38, 1000.000000000000000 ) ;
#683 = DIRECTION ( 'NONE',  ( 1.000000000000000000, 0.000000000000000000, 0.000000000000000000 ) ) ;
#684 =( GEOMETRIC_REPRESENTATION_CONTEXT ( 3 ) GLOBAL_UNCERTAINTY_ASSIGNED_CONTEXT ( ( #1800 ) ) GLOBAL_UNIT_ASSIGNED_CONTEXT ( ( #2162, #498, #2560 ) ) REPRESENTATION_CONTEXT ( 'NONE', 'WORKASPACE' ) );
#685 = EDGE_LOOP ( 'NONE', ( #363, #1006, #334, #319 ) ) ;
#686 = COLOUR_RGB ( '',1.000000000000000000, 1.000000000000000000, 1.000000000000000000 ) ;
#687 = PRESENTATION_LAYER_ASSIGNMENT (  '', '', ( #2443 ) ) ;
#688 = VERTEX_POINT ( 'NONE', #1873 ) ;
#689 = PLANE ( 'NONE',  #1446 ) ;
#690 = AXIS2_PLACEMENT_3D ( 'NONE', #1518, #1928, #924 ) ;
#691 = PLANE ( 'NONE',  #1317 ) ;
#692 = FACE_OUTER_BOUND ( 'NONE', #515, .T. ) ;
#693 = EDGE_CURVE ( 'NONE', #1492, #2247, #673, .T. ) ;
#694 = ADVANCED_FACE ( 'NONE', ( #67 ), #1127, .F. ) ;
#695 =( GEOMETRIC_REPRESENTATION_CONTEXT ( 3 ) GLOBAL_UNCERTAINTY_ASSIGNED_CONTEXT ( ( #2263 ) ) GLOBAL_UNIT_ASSIGNED_CONTEXT ( ( #1504, #1493, #473 ) ) REPRESENTATION_CONTEXT ( 'NONE', 'WORKASPACE' ) );
#696 = LINE ( 'NONE', #945, #1772 ) ;
#697 = EDGE_LOOP ( 'NONE', ( #2403, #1474, #1500, #1799 ) ) ;
#698 = VECTOR ( 'NONE', #479, 1000.000000000000000 ) ;
#699 = PRESENTATION_STYLE_ASSIGNMENT (( #113 ) ) ;
#700 = ORIENTED_EDGE ( 'NONE', *, *, #2192, .T. ) ;
#701 = FACE_OUTER_BOUND ( 'NONE', #2594, .T. ) ;
#702 =( GEOMETRIC_REPRESENTATION_CONTEXT ( 3 ) GLOBAL_UNCERTAINTY_ASSIGNED_CONTEXT ( ( #657 ) ) GLOBAL_UNIT_ASSIGNED_CONTEXT ( ( #2260, #2076, #860 ) ) REPRESENTATION_CONTEXT ( 'NONE', 'WORKASPACE' ) );
#703 = LINE ( 'NONE', #2343, #264 ) ;
#704 = VERTEX_POINT ( 'NONE', #328 ) ;
#705 =( LENGTH_UNIT ( ) NAMED_UNIT ( * ) SI_UNIT ( .MILLI., .METRE. ) );
#706 = ORIENTED_EDGE ( 'NONE', *, *, #2155, .T. ) ;
#707 = SURFACE_SIDE_STYLE ('',( #103 ) ) ;
#708 = PLANE ( 'NONE',  #690 ) ;
#709 = CARTESIAN_POINT ( 'NONE',  ( -2.250000000000000000, -1.600000000000000089, 2.799999999999999378 ) ) ;
#710 = CARTESIAN_POINT ( 'NONE',  ( 2.200000000000000178, -1.574999999999999512, 0.000000000000000000 ) ) ;
#711 = LINE ( 'NONE', #1949, #2506 ) ;
#712 = ORIENTED_EDGE ( 'NONE', *, *, #36, .F. ) ;
#713 = VECTOR ( 'NONE', #2438, 1000.000000000000000 ) ;
#714 = SURFACE_SIDE_STYLE ('',( #2566 ) ) ;
#715 = MECHANICAL_DESIGN_GEOMETRIC_PRESENTATION_REPRESENTATION (  '', ( #174 ), #1093 ) ;
#716 = ORIENTED_EDGE ( 'NONE', *, *, #1078, .T. ) ;
#717 = CARTESIAN_POINT ( 'NONE',  ( -2.100000000000000089, -0.8499999999999997558, 0.09999999999999982514 ) ) ;
#718 = SURFACE_STYLE_USAGE ( .BOTH. , #974 ) ;
#719 = VECTOR ( 'NONE', #1731, 1000.000000000000000 ) ;
#720 = EDGE_CURVE ( 'NONE', #1636, #1022, #745, .T. ) ;
#721 = ORIENTED_EDGE ( 'NONE', *, *, #1301, .F. ) ;
#722 = VECTOR ( 'NONE', #1579, 1000.000000000000000 ) ;
#723 = DIRECTION ( 'NONE',  ( 0.000000000000000000, 0.000000000000000000, -1.000000000000000000 ) ) ;
#724 = EDGE_CURVE ( 'NONE', #378, #2520, #134, .T. ) ;
#725 = FILL_AREA_STYLE_COLOUR ( '', #1577 ) ;
#726 = PRESENTATION_LAYER_ASSIGNMENT (  '', '', ( #2358 ) ) ;
#727 =( NAMED_UNIT ( * ) SI_UNIT ( $, .STERADIAN. ) SOLID_ANGLE_UNIT ( ) );
#728 = PLANE ( 'NONE',  #429 ) ;
#729 = UNCERTAINTY_MEASURE_WITH_UNIT (LENGTH_MEASURE( 1.000000000000000082E-05 ), #635, 'distance_accuracy_value', 'NONE');
#730 = DIRECTION ( 'NONE',  ( 0.000000000000000000, 0.000000000000000000, 1.000000000000000000 ) ) ;
#731 = DIRECTION ( 'NONE',  ( 0.000000000000000000, 0.000000000000000000, -1.000000000000000000 ) ) ;
#732 = AXIS2_PLACEMENT_3D ( 'NONE', #1527, #80, #1937 ) ;
#733 = ORIENTED_EDGE ( 'NONE', *, *, #1384, .T. ) ;
#734 = FILL_AREA_STYLE_COLOUR ( '', #1876 ) ;
#735 = FACE_OUTER_BOUND ( 'NONE', #2546, .T. ) ;
#736 = VECTOR ( 'NONE', #1823, 1000.000000000000000 ) ;
#737 = LINE ( 'NONE', #366, #1481 ) ;
#738 =( NAMED_UNIT ( * ) SI_UNIT ( $, .STERADIAN. ) SOLID_ANGLE_UNIT ( ) );
#739 = VECTOR ( 'NONE', #2087, 1000.000000000000000 ) ;
#740 = ORIENTED_EDGE ( 'NONE', *, *, #773, .T. ) ;
#741 = CARTESIAN_POINT ( 'NONE',  ( 2.200000000000000178, -0.9249999999999996003, 0.000000000000000000 ) ) ;
#742 = LINE ( 'NONE', #709, #2436 ) ;
#743 = EDGE_CURVE ( 'NONE', #622, #1809, #1979, .T. ) ;
#744 = CARTESIAN_POINT ( 'NONE',  ( -2.100000000000000089, 1.575000000000000400, 0.1000000000000002554 ) ) ;
#745 = LINE ( 'NONE', #1552, #27 ) ;
#746 = ORIENTED_EDGE ( 'NONE', *, *, #142, .F. ) ;
#747 = ORIENTED_EDGE ( 'NONE', *, *, #1071, .F. ) ;
#748 =( NAMED_UNIT ( * ) SI_UNIT ( $, .STERADIAN. ) SOLID_ANGLE_UNIT ( ) );
#749 = CARTESIAN_POINT ( 'NONE',  ( -2.250000000000000000, 1.600000000000000089, 0.09999999999999982514 ) ) ;
#750 = CARTESIAN_POINT ( 'NONE',  ( -2.200000000000000178, 0.9250000000000004885, 1.979999999999999982 ) ) ;
#751 = ORIENTED_EDGE ( 'NONE', *, *, #2481, .T. ) ;
#752 = CARTESIAN_POINT ( 'NONE',  ( 1.500000000000000000, 1.575000000000000178, 0.000000000000000000 ) ) ;
#753 =( NAMED_UNIT ( * ) PLANE_ANGLE_UNIT ( ) SI_UNIT ( $, .RADIAN. ) );
#754 = DIRECTION ( 'NONE',  ( 1.000000000000000000, 0.000000000000000000, 0.000000000000000000 ) ) ;
#755 = EDGE_CURVE ( 'NONE', #1166, #2581, #177, .T. ) ;
#756 = ORIENTED_EDGE ( 'NONE', *, *, #2192, .F. ) ;
#757 = AXIS2_PLACEMENT_3D ( 'NONE', #1929, #553, #1361 ) ;
#758 = SURFACE_STYLE_FILL_AREA ( #1746 ) ;
#759 = FILL_AREA_STYLE_COLOUR ( '', #260 ) ;
#760 = SURFACE_STYLE_FILL_AREA ( #1165 ) ;
#761 = ORIENTED_EDGE ( 'NONE', *, *, #1090, .F. ) ;
#762 = STYLED_ITEM ( 'NONE', ( #215 ), #1502 ) ;
#763 = DIRECTION ( 'NONE',  ( 0.000000000000000000, 1.000000000000000000, 0.000000000000000000 ) ) ;
#764 = CARTESIAN_POINT ( 'NONE',  ( -1.500000000000000000, -1.574999999999999512, 1.979999999999999982 ) ) ;
#765 = MECHANICAL_DESIGN_GEOMETRIC_PRESENTATION_REPRESENTATION (  '', ( #301 ), #2183 ) ;
#766 = VECTOR ( 'NONE', #1720, 1000.000000000000000 ) ;
#767 = COLOUR_RGB ( '',1.000000000000000000, 1.000000000000000000, 1.000000000000000000 ) ;
#768 = MECHANICAL_DESIGN_GEOMETRIC_PRESENTATION_REPRESENTATION (  '', ( #1529 ), #220 ) ;
#769 = EDGE_CURVE ( 'NONE', #504, #2271, #927, .T. ) ;
#770 = CARTESIAN_POINT ( 'NONE',  ( -1.500000000000000000, 0.9250000000000004885, 1.979999999999999982 ) ) ;
#771 = DIRECTION ( 'NONE',  ( 0.000000000000000000, -1.000000000000000000, 0.000000000000000000 ) ) ;
#772 = ORIENTED_EDGE ( 'NONE', *, *, #878, .T. ) ;
#773 = EDGE_CURVE ( 'NONE', #1703, #350, #946, .T. ) ;
#774 = CARTESIAN_POINT ( 'NONE',  ( -2.100000000000000089, -1.599999999999999645, 1.879999999999999671 ) ) ;
#775 = VERTEX_POINT ( 'NONE', #575 ) ;
#776 = SURFACE_SIDE_STYLE ('',( #1728 ) ) ;
#777 = ORIENTED_EDGE ( 'NONE', *, *, #1725, .T. ) ;
#778 =( LENGTH_UNIT ( ) NAMED_UNIT ( * ) SI_UNIT ( .MILLI., .METRE. ) );
#779 =( GEOMETRIC_REPRESENTATION_CONTEXT ( 3 ) GLOBAL_UNCERTAINTY_ASSIGNED_CONTEXT ( ( #48 ) ) GLOBAL_UNIT_ASSIGNED_CONTEXT ( ( #1158, #2200, #2412 ) ) REPRESENTATION_CONTEXT ( 'NONE', 'WORKASPACE' ) );
#780 = VECTOR ( 'NONE', #923, 1000.000000000000000 ) ;
#781 = LINE ( 'NONE', #2422, #2486 ) ;
#782 =( LENGTH_UNIT ( ) NAMED_UNIT ( * ) SI_UNIT ( .MILLI., .METRE. ) );
#783 =( NAMED_UNIT ( * ) SI_UNIT ( $, .STERADIAN. ) SOLID_ANGLE_UNIT ( ) );
#784 = CARTESIAN_POINT ( 'NONE',  ( 1.500000000000000444, 1.575000000000000178, 1.879999999999999671 ) ) ;
#785 = VERTEX_POINT ( 'NONE', #347 ) ;
#786 = SURFACE_STYLE_FILL_AREA ( #376 ) ;
#787 = EDGE_CURVE ( 'NONE', #1581, #118, #1523, .T. ) ;
#788 = ORIENTED_EDGE ( 'NONE', *, *, #2603, .F. ) ;
#789 = DIRECTION ( 'NONE',  ( 0.000000000000000000, 0.000000000000000000, 1.000000000000000000 ) ) ;
#790 = CARTESIAN_POINT ( 'NONE',  ( 2.100000000000000089, 0.9250000000000002665, 1.879999999999999671 ) ) ;
#791 = SURFACE_STYLE_FILL_AREA ( #1025 ) ;
#792 = PLANE ( 'NONE',  #2446 ) ;
#793 = SURFACE_SIDE_STYLE ('',( #1387 ) ) ;
#794 =( LENGTH_UNIT ( ) NAMED_UNIT ( * ) SI_UNIT ( .MILLI., .METRE. ) );
#795 = ORIENTED_EDGE ( 'NONE', *, *, #36, .T. ) ;
#796 = FILL_AREA_STYLE ('',( #3 ) ) ;
#797 = UNCERTAINTY_MEASURE_WITH_UNIT (LENGTH_MEASURE( 1.000000000000000082E-05 ), #2433, 'distance_accuracy_value', 'NONE');
#798 = ADVANCED_FACE ( 'NONE', ( #151 ), #2373, .F. ) ;
#799 = VECTOR ( 'NONE', #24, 1000.000000000000000 ) ;
#800 = EDGE_CURVE ( 'NONE', #1615, #115, #711, .T. ) ;
#801 = VERTEX_POINT ( 'NONE', #514 ) ;
#802 = COLOUR_RGB ( '',1.000000000000000000, 1.000000000000000000, 1.000000000000000000 ) ;
#803 = CARTESIAN_POINT ( 'NONE',  ( -2.250000000000000000, -1.629999999999999671, 0.09999999999999982514 ) ) ;
#804 = EDGE_CURVE ( 'NONE', #2520, #1338, #2019, .T. ) ;
#805 = COLOUR_RGB ( '',1.000000000000000000, 1.000000000000000000, 1.000000000000000000 ) ;
#806 = ADVANCED_FACE ( 'NONE', ( #412 ), #1835, .F. ) ;
#807 =( GEOMETRIC_REPRESENTATION_CONTEXT ( 3 ) GLOBAL_UNCERTAINTY_ASSIGNED_CONTEXT ( ( #327 ) ) GLOBAL_UNIT_ASSIGNED_CONTEXT ( ( #1247, #1856, #1196 ) ) REPRESENTATION_CONTEXT ( 'NONE', 'WORKASPACE' ) );
#808 =( NAMED_UNIT ( * ) SI_UNIT ( $, .STERADIAN. ) SOLID_ANGLE_UNIT ( ) );
#809 = STYLED_ITEM ( 'NONE', ( #1509 ), #1698 ) ;
#810 = CARTESIAN_POINT ( 'NONE',  ( 1.500000000000000000, 1.575000000000000178, 0.000000000000000000 ) ) ;
#811 = AXIS2_PLACEMENT_3D ( 'NONE', #148, #957, #1750 ) ;
#812 = FILL_AREA_STYLE ('',( #2457 ) ) ;
#813 = CARTESIAN_POINT ( 'NONE',  ( -1.500000000000000000, -0.9249999999999996003, 1.979999999999999982 ) ) ;
#814 = VECTOR ( 'NONE', #143, 1000.000000000000000 ) ;
#815 = ORIENTED_EDGE ( 'NONE', *, *, #2240, .T. ) ;
#816 = DIRECTION ( 'NONE',  ( 0.000000000000000000, -1.000000000000000000, 1.273632671113245748E-16 ) ) ;
#817 = ORIENTED_EDGE ( 'NONE', *, *, #109, .F. ) ;
#818 = FACE_OUTER_BOUND ( 'NONE', #2557, .T. ) ;
#819 = VECTOR ( 'NONE', #816, 1000.000000000000000 ) ;
#820 = PRESENTATION_STYLE_ASSIGNMENT (( #397 ) ) ;
#821 = PRESENTATION_LAYER_ASSIGNMENT (  '', '', ( #1538 ) ) ;
#822 = CARTESIAN_POINT ( 'NONE',  ( 2.100000000000000089, -1.574999999999999512, 0.1000000000000002554 ) ) ;
#823 = EDGE_CURVE ( 'NONE', #2333, #1405, #2454, .T. ) ;
#824 = SURFACE_STYLE_FILL_AREA ( #228 ) ;
#825 = VECTOR ( 'NONE', #843, 1000.000000000000000 ) ;
#826 =( LENGTH_UNIT ( ) NAMED_UNIT ( * ) SI_UNIT ( .MILLI., .METRE. ) );
#827 = CARTESIAN_POINT ( 'NONE',  ( 2.100000000000000089, 0.8500000000000003109, 0.09999999999999982514 ) ) ;
#828 = ORIENTED_EDGE ( 'NONE', *, *, #1821, .F. ) ;
#829 = LINE ( 'NONE', #1634, #2326 ) ;
#830 = DIRECTION ( 'NONE',  ( -1.000000000000000000, 0.000000000000000000, 0.000000000000000000 ) ) ;
#831 = ORIENTED_EDGE ( 'NONE', *, *, #2021, .T. ) ;
#832 = SURFACE_STYLE_USAGE ( .BOTH. , #1014 ) ;
#833 = FILL_AREA_STYLE_COLOUR ( '', #2402 ) ;
#834 = SURFACE_STYLE_USAGE ( .BOTH. , #2466 ) ;
#835 = UNCERTAINTY_MEASURE_WITH_UNIT (LENGTH_MEASURE( 1.000000000000000082E-05 ), #871, 'distance_accuracy_value', 'NONE');
#836 =( LENGTH_UNIT ( ) NAMED_UNIT ( * ) SI_UNIT ( .MILLI., .METRE. ) );
#837 = CARTESIAN_POINT ( 'NONE',  ( 2.200000000000000178, 0.9250000000000002665, 0.000000000000000000 ) ) ;
#838 = ORIENTED_EDGE ( 'NONE', *, *, #1301, .T. ) ;
#839 = EDGE_CURVE ( 'NONE', #2259, #2108, #1601, .T. ) ;
#840 = CARTESIAN_POINT ( 'NONE',  ( -2.200000000000000178, 0.9250000000000004885, 1.979999999999999982 ) ) ;
#841 = FACE_OUTER_BOUND ( 'NONE', #1788, .T. ) ;
#842 = ORIENTED_EDGE ( 'NONE', *, *, #2353, .F. ) ;
#843 = DIRECTION ( 'NONE',  ( 0.000000000000000000, -1.000000000000000000, 0.000000000000000000 ) ) ;
#844 = PRESENTATION_STYLE_ASSIGNMENT (( #832 ) ) ;
#845 = SURFACE_STYLE_FILL_AREA ( #2330 ) ;
#846 = MECHANICAL_DESIGN_GEOMETRIC_PRESENTATION_REPRESENTATION (  '', ( #381 ), #684 ) ;
#847 = LINE ( 'NONE', #1655, #2331 ) ;
#848 = PRESENTATION_LAYER_ASSIGNMENT (  '', '', ( #762 ) ) ;
#849 = CARTESIAN_POINT ( 'NONE',  ( -1.500000000000000444, -1.574999999999999512, 1.879999999999999671 ) ) ;
#850 = PRESENTATION_LAYER_ASSIGNMENT (  '', '', ( #2104 ) ) ;
#851 = PRESENTATION_LAYER_ASSIGNMENT (  '', '', ( #894 ) ) ;
#852 = EDGE_CURVE ( 'NONE', #1922, #2413, #1612, .T. ) ;
#853 = ORIENTED_EDGE ( 'NONE', *, *, #1898, .F. ) ;
#854 = FILL_AREA_STYLE_COLOUR ( '', #989 ) ;
#855 = VECTOR ( 'NONE', #1614, 1000.000000000000000 ) ;
#856 = VECTOR ( 'NONE', #2341, 1000.000000000000000 ) ;
#857 = UNCERTAINTY_MEASURE_WITH_UNIT (LENGTH_MEASURE( 1.000000000000000082E-05 ), #1027, 'distance_accuracy_value', 'NONE');
#858 = ORIENTED_EDGE ( 'NONE', *, *, #417, .F. ) ;
#859 = VECTOR ( 'NONE', #1609, 1000.000000000000000 ) ;
#860 =( NAMED_UNIT ( * ) SI_UNIT ( $, .STERADIAN. ) SOLID_ANGLE_UNIT ( ) );
#861 = LINE ( 'NONE', #667, #1767 ) ;
#862 = UNCERTAINTY_MEASURE_WITH_UNIT (LENGTH_MEASURE( 1.000000000000000082E-05 ), #794, 'distance_accuracy_value', 'NONE');
#863 =( LENGTH_UNIT ( ) NAMED_UNIT ( * ) SI_UNIT ( .MILLI., .METRE. ) );
#864 =( GEOMETRIC_REPRESENTATION_CONTEXT ( 3 ) GLOBAL_UNCERTAINTY_ASSIGNED_CONTEXT ( ( #1654 ) ) GLOBAL_UNIT_ASSIGNED_CONTEXT ( ( #909, #1926, #919 ) ) REPRESENTATION_CONTEXT ( 'NONE', 'WORKASPACE' ) );
#865 = LINE ( 'NONE', #1067, #1830 ) ;
#866 = CLOSED_SHELL ( 'NONE', ( #1988, #2541, #452, #2237, #2244, #1818, #628, #1930, #1189, #1502, #1549, #1318, #1220, #254, #524, #2031, #1463, #1626 ) ) ;
#867 = CARTESIAN_POINT ( 'NONE',  ( 1.500000000000000000, 1.575000000000000178, 1.979999999999999982 ) ) ;
#868 = APPLICATION_PROTOCOL_DEFINITION ( 'draft international standard', 'automotive_design', 1998, #186 ) ;
#869 = ORIENTED_EDGE ( 'NONE', *, *, #2322, .F. ) ;
#870 = ORIENTED_EDGE ( 'NONE', *, *, #2337, .F. ) ;
#871 =( LENGTH_UNIT ( ) NAMED_UNIT ( * ) SI_UNIT ( .MILLI., .METRE. ) );
#872 = CARTESIAN_POINT ( 'NONE',  ( 2.100000000000000089, -1.600000000000000311, 1.879999999999999671 ) ) ;
#873 = CARTESIAN_POINT ( 'NONE',  ( -1.500000000000000000, -1.574999999999999512, 0.000000000000000000 ) ) ;
#874 = CARTESIAN_POINT ( 'NONE',  ( 2.100000000000000089, -0.8499999999999997558, 0.09999999999999982514 ) ) ;
#875 = PRESENTATION_STYLE_ASSIGNMENT (( #1943 ) ) ;
#876 = EDGE_LOOP ( 'NONE', ( #1488, #89, #2592, #1982 ) ) ;
#877 = SURFACE_STYLE_FILL_AREA ( #2084 ) ;
#878 = EDGE_CURVE ( 'NONE', #1418, #285, #2478, .T. ) ;
#879 = ORIENTED_EDGE ( 'NONE', *, *, #224, .F. ) ;
#880 = DIRECTION ( 'NONE',  ( 0.000000000000000000, 0.000000000000000000, -1.000000000000000000 ) ) ;
#881 = EDGE_CURVE ( 'NONE', #2163, #1814, #614, .T. ) ;
#882 = CARTESIAN_POINT ( 'NONE',  ( 1.500000000000000000, -0.9249999999999996003, 0.1000000000000002554 ) ) ;
#883 = FILL_AREA_STYLE_COLOUR ( '', #889 ) ;
#884 = ORIENTED_EDGE ( 'NONE', *, *, #291, .F. ) ;
#885 = EDGE_CURVE ( 'NONE', #2520, #1540, #237, .T. ) ;
#886 =( NAMED_UNIT ( * ) PLANE_ANGLE_UNIT ( ) SI_UNIT ( $, .RADIAN. ) );
#887 = VECTOR ( 'NONE', #1341, 1000.000000000000000 ) ;
#888 = CARTESIAN_POINT ( 'NONE',  ( 2.100000000000000089, -0.9249999999999996003, 0.1000000000000002554 ) ) ;
#889 = COLOUR_RGB ( '',1.000000000000000000, 1.000000000000000000, 1.000000000000000000 ) ;
#890 = EDGE_LOOP ( 'NONE', ( #795, #487, #2304, #1411, #1131, #1987, #1273, #1076, #1598, #1086, #1417, #1293 ) ) ;
#891 = VECTOR ( 'NONE', #2173, 1000.000000000000000 ) ;
#892 = FILL_AREA_STYLE ('',( #1472 ) ) ;
#893 = SURFACE_SIDE_STYLE ('',( #1491 ) ) ;
#894 = STYLED_ITEM ( 'NONE', ( #1469 ), #1662 ) ;
#895 = ORIENTED_EDGE ( 'NONE', *, *, #2521, .T. ) ;
#896 = SURFACE_STYLE_USAGE ( .BOTH. , #1713 ) ;
#897 = PRODUCT_DEFINITION_FORMATION_WITH_SPECIFIED_SOURCE ( 'ไป', '', #1837, .NOT_KNOWN. ) ;
#898 = COLOUR_RGB ( '',1.000000000000000000, 1.000000000000000000, 1.000000000000000000 ) ;
#899 = FILL_AREA_STYLE ('',( #2121 ) ) ;
#900 = DIRECTION ( 'NONE',  ( 0.000000000000000000, 1.000000000000000000, 0.000000000000000000 ) ) ;
#901 = SURFACE_SIDE_STYLE ('',( #2561 ) ) ;
#902 = CARTESIAN_POINT ( 'NONE',  ( 1.500000000000000000, -0.9249999999999996003, 1.979999999999999982 ) ) ;
#903 = VECTOR ( 'NONE', #2396, 1000.000000000000000 ) ;
#904 = ORIENTED_EDGE ( 'NONE', *, *, #2556, .F. ) ;
#905 = STYLED_ITEM ( 'NONE', ( #1839 ), #82 ) ;
#906 = CARTESIAN_POINT ( 'NONE',  ( -1.500000000000000000, -1.574999999999999512, 1.979999999999999982 ) ) ;
#907 = MECHANICAL_DESIGN_GEOMETRIC_PRESENTATION_REPRESENTATION (  '', ( #1451 ), #695 ) ;
#908 = ORIENTED_EDGE ( 'NONE', *, *, #1688, .T. ) ;
#909 =( LENGTH_UNIT ( ) NAMED_UNIT ( * ) SI_UNIT ( .MILLI., .METRE. ) );
#910 =( GEOMETRIC_REPRESENTATION_CONTEXT ( 3 ) GLOBAL_UNCERTAINTY_ASSIGNED_CONTEXT ( ( #2070 ) ) GLOBAL_UNIT_ASSIGNED_CONTEXT ( ( #2461, #2043, #1828 ) ) REPRESENTATION_CONTEXT ( 'NONE', 'WORKASPACE' ) );
#911 = CARTESIAN_POINT ( 'NONE',  ( -2.100000000000000089, 0.8500000000000003109, 0.09999999999999982514 ) ) ;
#912 = FACE_OUTER_BOUND ( 'NONE', #1153, .T. ) ;
#913 = UNCERTAINTY_MEASURE_WITH_UNIT (LENGTH_MEASURE( 1.000000000000000082E-05 ), #1456, 'distance_accuracy_value', 'NONE');
#914 = ORIENTED_EDGE ( 'NONE', *, *, #1725, .F. ) ;
#915 = EDGE_CURVE ( 'NONE', #1615, #1543, #1413, .T. ) ;
#916 = FILL_AREA_STYLE ('',( #2157 ) ) ;
#917 = EDGE_CURVE ( 'NONE', #1382, #2391, #1423, .T. ) ;
#918 = EDGE_LOOP ( 'NONE', ( #679, #2323, #154, #2075, #2504, #1954, #533, #716 ) ) ;
#919 =( NAMED_UNIT ( * ) SI_UNIT ( $, .STERADIAN. ) SOLID_ANGLE_UNIT ( ) );
#920 = PRESENTATION_STYLE_ASSIGNMENT (( #1528 ) ) ;
#921 =( NAMED_UNIT ( * ) PLANE_ANGLE_UNIT ( ) SI_UNIT ( $, .RADIAN. ) );
#922 = DIRECTION ( 'NONE',  ( -1.218204688185959817E-16, 0.000000000000000000, -1.000000000000000000 ) ) ;
#923 = DIRECTION ( 'NONE',  ( -1.218204688185959817E-16, 0.000000000000000000, -1.000000000000000000 ) ) ;
#924 = DIRECTION ( 'NONE',  ( 0.000000000000000000, 0.000000000000000000, -1.000000000000000000 ) ) ;
#925 = CARTESIAN_POINT ( 'NONE',  ( -2.100000000000000089, 0.9250000000000004885, 0.1000000000000002554 ) ) ;
#926 = LINE ( 'NONE', #1330, #1998 ) ;
#927 = LINE ( 'NONE', #1722, #2057 ) ;
#928 = VECTOR ( 'NONE', #1578, 1000.000000000000000 ) ;
#929 = CARTESIAN_POINT ( 'NONE',  ( 1.500000000000000000, 1.575000000000000178, 1.979999999999999982 ) ) ;
#930 = VECTOR ( 'NONE', #830, 1000.000000000000000 ) ;
#931 = DIRECTION ( 'NONE',  ( -1.000000000000000000, 0.000000000000000000, 0.000000000000000000 ) ) ;
#932 = MECHANICAL_DESIGN_GEOMETRIC_PRESENTATION_REPRESENTATION (  '', ( #935 ), #555 ) ;
#933 = ORIENTED_EDGE ( 'NONE', *, *, #1934, .T. ) ;
#934 = SURFACE_STYLE_USAGE ( .BOTH. , #707 ) ;
#935 = STYLED_ITEM ( 'NONE', ( #50 ), #1628 ) ;
#936 = CARTESIAN_POINT ( 'NONE',  ( -2.200000000000000178, -1.574999999999999512, 1.979999999999999982 ) ) ;
#937 = CARTESIAN_POINT ( 'NONE',  ( -2.250000000000000000, 1.600000000000000089, 1.879999999999999671 ) ) ;
#938 = SURFACE_SIDE_STYLE ('',( #963 ) ) ;
#939 = PRESENTATION_LAYER_ASSIGNMENT (  '', '', ( #2092 ) ) ;
#940 = PLANE ( 'NONE',  #2152 ) ;
#941 =( GEOMETRIC_REPRESENTATION_CONTEXT ( 3 ) GLOBAL_UNCERTAINTY_ASSIGNED_CONTEXT ( ( #482 ) ) GLOBAL_UNIT_ASSIGNED_CONTEXT ( ( #229, #1029, #2009 ) ) REPRESENTATION_CONTEXT ( 'NONE', 'WORKASPACE' ) );
#942 = SURFACE_STYLE_FILL_AREA ( #1547 ) ;
#943 = LINE ( 'NONE', #764, #887 ) ;
#944 = LINE ( 'NONE', #2234, #1946 ) ;
#945 = CARTESIAN_POINT ( 'NONE',  ( 2.250000000000000000, 1.600000000000000089, 2.799999999999999378 ) ) ;
#946 = LINE ( 'NONE', #2182, #520 ) ;
#947 = ORIENTED_EDGE ( 'NONE', *, *, #1074, .T. ) ;
#948 = DIRECTION ( 'NONE',  ( 0.000000000000000000, -0.000000000000000000, 1.000000000000000000 ) ) ;
#949 = STYLED_ITEM ( 'NONE', ( #699 ), #628 ) ;
#950 = ORIENTED_EDGE ( 'NONE', *, *, #615, .F. ) ;
#951 = SURFACE_SIDE_STYLE ('',( #1958 ) ) ;
#952 = CARTESIAN_POINT ( 'NONE',  ( -1.500000000000000000, 1.575000000000000400, 1.979999999999999982 ) ) ;
#953 = FILL_AREA_STYLE_COLOUR ( '', #2134 ) ;
#954 = MECHANICAL_DESIGN_GEOMETRIC_PRESENTATION_REPRESENTATION (  '', ( #2014 ), #702 ) ;
#955 = ORIENTED_EDGE ( 'NONE', *, *, #2434, .T. ) ;
#956 = SURFACE_STYLE_FILL_AREA ( #1154 ) ;
#957 = DIRECTION ( 'NONE',  ( 0.000000000000000000, 0.000000000000000000, -1.000000000000000000 ) ) ;
#958 = CARTESIAN_POINT ( 'NONE',  ( -1.500000000000000444, 0.9250000000000004885, 1.879999999999999671 ) ) ;
#959 = DIRECTION ( 'NONE',  ( 0.000000000000000000, 0.000000000000000000, -1.000000000000000000 ) ) ;
#960 = VERTEX_POINT ( 'NONE', #1223 ) ;
#961 = DIRECTION ( 'NONE',  ( -1.000000000000000000, 0.000000000000000000, 0.000000000000000000 ) ) ;
#962 = CARTESIAN_POINT ( 'NONE',  ( 1.500000000000000000, 1.575000000000000178, 1.979999999999999982 ) ) ;
#963 = SURFACE_STYLE_FILL_AREA ( #2365 ) ;
#964 = ORIENTED_EDGE ( 'NONE', *, *, #2236, .T. ) ;
#965 = ADVANCED_FACE ( 'NONE', ( #2055 ), #993, .F. ) ;
#966 = SURFACE_STYLE_FILL_AREA ( #466 ) ;
#967 = FILL_AREA_STYLE ('',( #369 ) ) ;
#968 = CARTESIAN_POINT ( 'NONE',  ( 2.100000000000000089, -0.8499999999999997558, 0.09999999999999982514 ) ) ;
#969 = EDGE_CURVE ( 'NONE', #1114, #1894, #2111, .T. ) ;
#970 = CARTESIAN_POINT ( 'NONE',  ( -2.100000000000000089, 1.600000000000000089, 1.879999999999999671 ) ) ;
#971 = CARTESIAN_POINT ( 'NONE',  ( 2.100000000000000089, 0.8500000000000003109, 0.09999999999999982514 ) ) ;
#972 = ORIENTED_EDGE ( 'NONE', *, *, #162, .F. ) ;
#973 = ORIENTED_EDGE ( 'NONE', *, *, #1266, .F. ) ;
#974 = SURFACE_SIDE_STYLE ('',( #1163 ) ) ;
#975 = DIRECTION ( 'NONE',  ( 0.000000000000000000, -1.000000000000000000, 0.000000000000000000 ) ) ;
#976 = PRESENTATION_LAYER_ASSIGNMENT (  '', '', ( #11 ) ) ;
#977 = ORIENTED_EDGE ( 'NONE', *, *, #652, .T. ) ;
#978 = FACE_OUTER_BOUND ( 'NONE', #170, .T. ) ;
#979 = MECHANICAL_DESIGN_GEOMETRIC_PRESENTATION_REPRESENTATION (  '', ( #383 ), #1055 ) ;
#980 = DIRECTION ( 'NONE',  ( -1.000000000000000000, 0.000000000000000000, -1.218204688185959817E-16 ) ) ;
#981 = VECTOR ( 'NONE', #153, 1000.000000000000000 ) ;
#982 = PRESENTATION_LAYER_ASSIGNMENT (  '', '', ( #2276 ) ) ;
#983 =( GEOMETRIC_REPRESENTATION_CONTEXT ( 3 ) GLOBAL_UNCERTAINTY_ASSIGNED_CONTEXT ( ( #2285 ) ) GLOBAL_UNIT_ASSIGNED_CONTEXT ( ( #1497, #1697, #1329 ) ) REPRESENTATION_CONTEXT ( 'NONE', 'WORKASPACE' ) );
#984 =( NAMED_UNIT ( * ) SI_UNIT ( $, .STERADIAN. ) SOLID_ANGLE_UNIT ( ) );
#985 = DIRECTION ( 'NONE',  ( 0.000000000000000000, -1.000000000000000000, 0.000000000000000000 ) ) ;
#986 = DIRECTION ( 'NONE',  ( 0.000000000000000000, 1.000000000000000000, 0.000000000000000000 ) ) ;
#987 = ORIENTED_EDGE ( 'NONE', *, *, #2484, .T. ) ;
#988 =( NAMED_UNIT ( * ) PLANE_ANGLE_UNIT ( ) SI_UNIT ( $, .RADIAN. ) );
#989 = COLOUR_RGB ( '',1.000000000000000000, 1.000000000000000000, 1.000000000000000000 ) ;
#990 = ORIENTED_EDGE ( 'NONE', *, *, #804, .F. ) ;
#991 = SURFACE_SIDE_STYLE ('',( #942 ) ) ;
#992 = DIRECTION ( 'NONE',  ( 0.000000000000000000, -1.000000000000000000, 0.000000000000000000 ) ) ;
#993 = PLANE ( 'NONE',  #1519 ) ;
#994 = DIRECTION ( 'NONE',  ( 0.000000000000000000, 0.000000000000000000, 1.000000000000000000 ) ) ;
#995 = ADVANCED_FACE ( 'NONE', ( #2293 ), #2302, .F. ) ;
#996 = EDGE_CURVE ( 'NONE', #308, #201, #2080, .T. ) ;
#997 = CARTESIAN_POINT ( 'NONE',  ( -2.100000000000000089, -1.599999999999999645, 1.879999999999999671 ) ) ;
#998 = EDGE_LOOP ( 'NONE', ( #2485, #560, #1843, #2308, #838, #1089, #1734, #2508 ) ) ;
#999 = EDGE_CURVE ( 'NONE', #472, #349, #305, .T. ) ;
#1000 = EDGE_CURVE ( 'NONE', #349, #188, #1480, .T. ) ;
#1001 = ORIENTED_EDGE ( 'NONE', *, *, #1959, .T. ) ;
#1002 = SURFACE_STYLE_USAGE ( .BOTH. , #584 ) ;
#1003 = DIRECTION ( 'NONE',  ( 1.000000000000000000, 0.000000000000000000, 0.000000000000000000 ) ) ;
#1004 = CARTESIAN_POINT ( 'NONE',  ( 2.100000000000000089, 0.9250000000000002665, 1.879999999999999671 ) ) ;
#1005 = FILL_AREA_STYLE_COLOUR ( '', #1321 ) ;
#1006 = ORIENTED_EDGE ( 'NONE', *, *, #298, .F. ) ;
#1007 = LINE ( 'NONE', #1407, #930 ) ;
#1008 = UNCERTAINTY_MEASURE_WITH_UNIT (LENGTH_MEASURE( 1.000000000000000082E-05 ), #92, 'distance_accuracy_value', 'NONE');
#1009 = DIRECTION ( 'NONE',  ( 1.000000000000000000, 0.000000000000000000, 0.000000000000000000 ) ) ;
#1010 = ORIENTED_EDGE ( 'NONE', *, *, #2603, .T. ) ;
#1011 = PLANE ( 'NONE',  #572 ) ;
#1012 = EDGE_CURVE ( 'NONE', #294, #70, #464, .T. ) ;
#1013 = MECHANICAL_DESIGN_GEOMETRIC_PRESENTATION_REPRESENTATION (  '', ( #2307 ), #2270 ) ;
#1014 = SURFACE_SIDE_STYLE ('',( #2034 ) ) ;
#1015 = STYLED_ITEM ( 'NONE', ( #318 ), #2518 ) ;
#1016 = FILL_AREA_STYLE_COLOUR ( '', #1199 ) ;
#1017 = CARTESIAN_POINT ( 'NONE',  ( -2.100000000000000089, -0.9249999999999996003, 1.879999999999999671 ) ) ;
#1018 = CARTESIAN_POINT ( 'NONE',  ( -1.500000000000000000, 0.9250000000000004885, 1.979999999999999982 ) ) ;
#1019 = COLOUR_RGB ( '',1.000000000000000000, 1.000000000000000000, 1.000000000000000000 ) ;
#1020 = ORIENTED_EDGE ( 'NONE', *, *, #2289, .F. ) ;
#1021 =( GEOMETRIC_REPRESENTATION_CONTEXT ( 3 ) GLOBAL_UNCERTAINTY_ASSIGNED_CONTEXT ( ( #1117 ) ) GLOBAL_UNIT_ASSIGNED_CONTEXT ( ( #1327, #1372, #2161 ) ) REPRESENTATION_CONTEXT ( 'NONE', 'WORKASPACE' ) );
#1022 = VERTEX_POINT ( 'NONE', #681 ) ;
#1023 = STYLED_ITEM ( 'NONE', ( #1207 ), #613 ) ;
#1024 =( NAMED_UNIT ( * ) PLANE_ANGLE_UNIT ( ) SI_UNIT ( $, .RADIAN. ) );
#1025 = FILL_AREA_STYLE ('',( #2253 ) ) ;
#1026 = CLOSED_SHELL ( 'NONE', ( #2517, #1232, #1901, #1698, #1274, #82, #543, #1459, #2470, #526 ) ) ;
#1027 =( LENGTH_UNIT ( ) NAMED_UNIT ( * ) SI_UNIT ( .MILLI., .METRE. ) );
#1028 = EDGE_CURVE ( 'NONE', #2247, #591, #1869, .T. ) ;
#1029 =( NAMED_UNIT ( * ) PLANE_ANGLE_UNIT ( ) SI_UNIT ( $, .RADIAN. ) );
#1030 = VERTEX_POINT ( 'NONE', #74 ) ;
#1031 = CARTESIAN_POINT ( 'NONE',  ( 2.200000000000000178, -1.574999999999999512, 1.979999999999999982 ) ) ;
#1032 = FACE_OUTER_BOUND ( 'NONE', #139, .T. ) ;
#1033 = CARTESIAN_POINT ( 'NONE',  ( -1.500000000000000000, 1.575000000000000400, 0.000000000000000000 ) ) ;
#1034 = UNCERTAINTY_MEASURE_WITH_UNIT (LENGTH_MEASURE( 1.000000000000000082E-05 ), #1479, 'distance_accuracy_value', 'NONE');
#1035 = EDGE_LOOP ( 'NONE', ( #1707, #1208, #2251, #2130 ) ) ;
#1036 = FACE_OUTER_BOUND ( 'NONE', #650, .T. ) ;
#1037 = CARTESIAN_POINT ( 'NONE',  ( 2.100000000000000089, -1.574999999999999512, 0.1000000000000002554 ) ) ;
#1038 = DIRECTION ( 'NONE',  ( 0.000000000000000000, 1.000000000000000000, 0.000000000000000000 ) ) ;
#1039 = EDGE_CURVE ( 'NONE', #188, #2553, #1465, .T. ) ;
#1040 = DIRECTION ( 'NONE',  ( 1.000000000000000000, 0.000000000000000000, 0.000000000000000000 ) ) ;
#1041 = PRODUCT_RELATED_PRODUCT_CATEGORY ( 'part', '', ( #1837 ) ) ;
#1042 = DIRECTION ( 'NONE',  ( 0.000000000000000000, 1.000000000000000000, 1.224646799147353947E-16 ) ) ;
#1043 = UNCERTAINTY_MEASURE_WITH_UNIT (LENGTH_MEASURE( 1.000000000000000082E-05 ), #592, 'distance_accuracy_value', 'NONE');
#1044 = CARTESIAN_POINT ( 'NONE',  ( 1.500000000000000444, 1.575000000000000178, 1.879999999999999671 ) ) ;
#1045 = ORIENTED_EDGE ( 'NONE', *, *, #2525, .F. ) ;
#1046 = DIRECTION ( 'NONE',  ( 0.000000000000000000, -1.000000000000000000, 0.000000000000000000 ) ) ;
#1047 = SURFACE_SIDE_STYLE ('',( #1813 ) ) ;
#1048 = EDGE_LOOP ( 'NONE', ( #1001, #1306, #1106, #740 ) ) ;
#1049 = CARTESIAN_POINT ( 'NONE',  ( -2.100000000000000089, 0.9250000000000004885, 0.1000000000000002554 ) ) ;
#1050 = VECTOR ( 'NONE', #2094, 1000.000000000000227 ) ;
#1051 = LINE ( 'NONE', #1651, #1730 ) ;
#1052 = DIRECTION ( 'NONE',  ( 0.000000000000000000, 0.000000000000000000, 1.000000000000000000 ) ) ;
#1053 = VECTOR ( 'NONE', #1113, 1000.000000000000000 ) ;
#1054 = CARTESIAN_POINT ( 'NONE',  ( 1.500000000000000000, -0.9249999999999996003, 0.000000000000000000 ) ) ;
#1055 =( GEOMETRIC_REPRESENTATION_CONTEXT ( 3 ) GLOBAL_UNCERTAINTY_ASSIGNED_CONTEXT ( ( #2029 ) ) GLOBAL_UNIT_ASSIGNED_CONTEXT ( ( #377, #2189, #748 ) ) REPRESENTATION_CONTEXT ( 'NONE', 'WORKASPACE' ) );
#1056 = STYLED_ITEM ( 'NONE', ( #433 ), #2394 ) ;
#1057 = COLOUR_RGB ( '',1.000000000000000000, 1.000000000000000000, 1.000000000000000000 ) ;
#1058 = VERTEX_POINT ( 'NONE', #2524 ) ;
#1059 = MECHANICAL_DESIGN_GEOMETRIC_PRESENTATION_REPRESENTATION (  '', ( #2358 ), #2140 ) ;
#1060 = DIRECTION ( 'NONE',  ( -1.000000000000000000, 0.000000000000000000, -1.218204688185959817E-16 ) ) ;
#1061 = ORIENTED_EDGE ( 'NONE', *, *, #72, .F. ) ;
#1062 =( GEOMETRIC_REPRESENTATION_CONTEXT ( 3 ) GLOBAL_UNCERTAINTY_ASSIGNED_CONTEXT ( ( #2154 ) ) GLOBAL_UNIT_ASSIGNED_CONTEXT ( ( #1517, #1973, #738 ) ) REPRESENTATION_CONTEXT ( 'NONE', 'WORKASPACE' ) );
#1063 = DIRECTION ( 'NONE',  ( 0.000000000000000000, 0.000000000000000000, 1.000000000000000000 ) ) ;
#1064 =( LENGTH_UNIT ( ) NAMED_UNIT ( * ) SI_UNIT ( .MILLI., .METRE. ) );
#1065 = SURFACE_STYLE_USAGE ( .BOTH. , #2540 ) ;
#1066 = STYLED_ITEM ( 'NONE', ( #1087 ), #524 ) ;
#1067 = CARTESIAN_POINT ( 'NONE',  ( -2.100000000000000089, 1.575000000000000400, 0.1000000000000002554 ) ) ;
#1068 =( GEOMETRIC_REPRESENTATION_CONTEXT ( 3 ) GLOBAL_UNCERTAINTY_ASSIGNED_CONTEXT ( ( #862 ) ) GLOBAL_UNIT_ASSIGNED_CONTEXT ( ( #794, #194, #1797 ) ) REPRESENTATION_CONTEXT ( 'NONE', 'WORKASPACE' ) );
#1069 = CARTESIAN_POINT ( 'NONE',  ( -2.250000000000000000, -1.600000000000000089, 2.799999999999999378 ) ) ;
#1070 = STYLED_ITEM ( 'NONE', ( #202 ), #302 ) ;
#1071 = EDGE_CURVE ( 'NONE', #579, #394, #342, .T. ) ;
#1072 = ORIENTED_EDGE ( 'NONE', *, *, #1090, .T. ) ;
#1073 =( NAMED_UNIT ( * ) SI_UNIT ( $, .STERADIAN. ) SOLID_ANGLE_UNIT ( ) );
#1074 = EDGE_CURVE ( 'NONE', #308, #2123, #1535, .T. ) ;
#1075 = EDGE_CURVE ( 'NONE', #661, #1559, #943, .T. ) ;
#1076 = ORIENTED_EDGE ( 'NONE', *, *, #1271, .F. ) ;
#1077 = FILL_AREA_STYLE ('',( #2102 ) ) ;
#1078 = EDGE_CURVE ( 'NONE', #1581, #294, #2166, .T. ) ;
#1079 = FILL_AREA_STYLE ('',( #1890 ) ) ;
#1080 = FACE_OUTER_BOUND ( 'NONE', #697, .T. ) ;
#1081 = EDGE_LOOP ( 'NONE', ( #1245, #2119, #1249, #420 ) ) ;
#1082 = CARTESIAN_POINT ( 'NONE',  ( -2.100000000000000089, 1.575000000000000400, 1.879999999999999671 ) ) ;
#1083 = CARTESIAN_POINT ( 'NONE',  ( -2.100000000000000089, 1.600000000000000089, 1.879999999999999671 ) ) ;
#1084 = ORIENTED_EDGE ( 'NONE', *, *, #611, .F. ) ;
#1085 = UNCERTAINTY_MEASURE_WITH_UNIT (LENGTH_MEASURE( 1.000000000000000082E-05 ), #1257, 'distance_accuracy_value', 'NONE');
#1086 = ORIENTED_EDGE ( 'NONE', *, *, #1000, .F. ) ;
#1087 = PRESENTATION_STYLE_ASSIGNMENT (( #288 ) ) ;
#1088 = FACE_OUTER_BOUND ( 'NONE', #998, .T. ) ;
#1089 = ORIENTED_EDGE ( 'NONE', *, *, #140, .T. ) ;
#1090 = EDGE_CURVE ( 'NONE', #1058, #1338, #1738, .T. ) ;
#1091 =( NAMED_UNIT ( * ) SI_UNIT ( $, .STERADIAN. ) SOLID_ANGLE_UNIT ( ) );
#1092 = VECTOR ( 'NONE', #1042, 1000.000000000000000 ) ;
#1093 =( GEOMETRIC_REPRESENTATION_CONTEXT ( 3 ) GLOBAL_UNCERTAINTY_ASSIGNED_CONTEXT ( ( #2447 ) ) GLOBAL_UNIT_ASSIGNED_CONTEXT ( ( #22, #1624, #2476 ) ) REPRESENTATION_CONTEXT ( 'NONE', 'WORKASPACE' ) );
#1094 = ORIENTED_EDGE ( 'NONE', *, *, #566, .F. ) ;
#1095 = STYLED_ITEM ( 'NONE', ( #561 ), #2470 ) ;
#1096 = DIRECTION ( 'NONE',  ( 0.000000000000000000, 1.000000000000000000, 0.000000000000000000 ) ) ;
#1097 = VECTOR ( 'NONE', #216, 1000.000000000000000 ) ;
#1098 = ORIENTED_EDGE ( 'NONE', *, *, #1289, .T. ) ;
#1099 = AXIS2_PLACEMENT_3D ( 'NONE', #374, #948, #1172 ) ;
#1100 =( GEOMETRIC_REPRESENTATION_CONTEXT ( 3 ) GLOBAL_UNCERTAINTY_ASSIGNED_CONTEXT ( ( #434 ) ) GLOBAL_UNIT_ASSIGNED_CONTEXT ( ( #1064, #1422, #2575 ) ) REPRESENTATION_CONTEXT ( 'NONE', 'WORKASPACE' ) );
#1101 = SURFACE_STYLE_USAGE ( .BOTH. , #299 ) ;
#1102 =( GEOMETRIC_REPRESENTATION_CONTEXT ( 3 ) GLOBAL_UNCERTAINTY_ASSIGNED_CONTEXT ( ( #2564 ) ) GLOBAL_UNIT_ASSIGNED_CONTEXT ( ( #7, #1024, #1848 ) ) REPRESENTATION_CONTEXT ( 'NONE', 'WORKASPACE' ) );
#1103 = CARTESIAN_POINT ( 'NONE',  ( 1.500000000000000444, -1.574999999999999512, 1.879999999999999671 ) ) ;
#1104 = EDGE_CURVE ( 'NONE', #960, #1543, #2602, .T. ) ;
#1105 = VECTOR ( 'NONE', #959, 1000.000000000000000 ) ;
#1106 = ORIENTED_EDGE ( 'NONE', *, *, #609, .F. ) ;
#1107 = COLOUR_RGB ( '',1.000000000000000000, 1.000000000000000000, 1.000000000000000000 ) ;
#1108 = FACE_OUTER_BOUND ( 'NONE', #1775, .T. ) ;
#1109 = PRESENTATION_LAYER_ASSIGNMENT (  '', '', ( #1070 ) ) ;
#1110 = ORIENTED_EDGE ( 'NONE', *, *, #329, .F. ) ;
#1111 = FILL_AREA_STYLE ('',( #759 ) ) ;
#1112 = LINE ( 'NONE', #1914, #1188 ) ;
#1113 = DIRECTION ( 'NONE',  ( 0.000000000000000000, -1.000000000000000000, 0.000000000000000000 ) ) ;
#1114 = VERTEX_POINT ( 'NONE', #1140 ) ;
#1115 = PRESENTATION_STYLE_ASSIGNMENT (( #1751 ) ) ;
#1116 = CARTESIAN_POINT ( 'NONE',  ( 2.100000000000000089, -0.8799999999999996714, 1.879999999999999671 ) ) ;
#1117 = UNCERTAINTY_MEASURE_WITH_UNIT (LENGTH_MEASURE( 1.000000000000000082E-05 ), #1327, 'distance_accuracy_value', 'NONE');
#1118 = CARTESIAN_POINT ( 'NONE',  ( 1.500000000000000000, 0.9250000000000002665, 0.1000000000000002554 ) ) ;
#1119 = PLANE ( 'NONE',  #2549 ) ;
#1120 = SURFACE_STYLE_FILL_AREA ( #2203 ) ;
#1121 = EDGE_LOOP ( 'NONE', ( #1391, #375, #66, #772 ) ) ;
#1122 = CARTESIAN_POINT ( 'NONE',  ( 1.500000000000000000, -1.574999999999999512, 0.1000000000000002554 ) ) ;
#1123 =( NAMED_UNIT ( * ) SI_UNIT ( $, .STERADIAN. ) SOLID_ANGLE_UNIT ( ) );
#1124 = CARTESIAN_POINT ( 'NONE',  ( 2.100000000000000089, -0.9249999999999996003, 1.879999999999999671 ) ) ;
#1125 = LINE ( 'NONE', #2164, #1919 ) ;
#1126 = DIRECTION ( 'NONE',  ( 0.000000000000000000, 1.000000000000000000, 0.000000000000000000 ) ) ;
#1127 = PLANE ( 'NONE',  #1664 ) ;
#1128 = DIRECTION ( 'NONE',  ( -1.000000000000000000, 0.000000000000000000, 0.000000000000000000 ) ) ;
#1129 = PRESENTATION_LAYER_ASSIGNMENT (  '', '', ( #2307 ) ) ;
#1130 = AXIS2_PLACEMENT_3D ( 'NONE', #1570, #2404, #1714 ) ;
#1131 = ORIENTED_EDGE ( 'NONE', *, *, #1566, .F. ) ;
#1132 = FILL_AREA_STYLE_COLOUR ( '', #805 ) ;
#1133 = PRESENTATION_LAYER_ASSIGNMENT (  '', '', ( #301 ) ) ;
#1134 = LINE ( 'NONE', #1747, #891 ) ;
#1135 = DIRECTION ( 'NONE',  ( 1.000000000000000000, 0.000000000000000000, 0.000000000000000000 ) ) ;
#1136 = ORIENTED_EDGE ( 'NONE', *, *, #110, .F. ) ;
#1137 = PRESENTATION_LAYER_ASSIGNMENT (  '', '', ( #1529 ) ) ;
#1138 = CARTESIAN_POINT ( 'NONE',  ( 1.500000000000000000, 0.9250000000000002665, 1.979999999999999982 ) ) ;
#1139 = VECTOR ( 'NONE', #1434, 1000.000000000000000 ) ;
#1140 = CARTESIAN_POINT ( 'NONE',  ( -2.100000000000000089, 1.575000000000000400, 1.879999999999999671 ) ) ;
#1141 = FILL_AREA_STYLE_COLOUR ( '', #1238 ) ;
#1142 = FILL_AREA_STYLE ('',( #576 ) ) ;
#1143 = VECTOR ( 'NONE', #1442, 1000.000000000000000 ) ;
#1144 = EDGE_CURVE ( 'NONE', #255, #785, #161, .T. ) ;
#1145 = VECTOR ( 'NONE', #2554, 1000.000000000000000 ) ;
#1146 = ORIENTED_EDGE ( 'NONE', *, *, #72, .T. ) ;
#1147 =( LENGTH_UNIT ( ) NAMED_UNIT ( * ) SI_UNIT ( .MILLI., .METRE. ) );
#1148 = PLANE ( 'NONE',  #54 ) ;
#1149 = CLOSED_SHELL ( 'NONE', ( #1628, #2316, #1662, #2431, #414, #180, #455, #995, #491, #2023 ) ) ;
#1150 = SURFACE_STYLE_FILL_AREA ( #1111 ) ;
#1151 = EDGE_CURVE ( 'NONE', #1642, #1382, #742, .T. ) ;
#1152 = VECTOR ( 'NONE', #171, 1000.000000000000000 ) ;
#1153 = EDGE_LOOP ( 'NONE', ( #1072, #990, #1553, #1900 ) ) ;
#1154 = FILL_AREA_STYLE ('',( #2628 ) ) ;
#1155 = FILL_AREA_STYLE_COLOUR ( '', #1438 ) ;
#1156 = DIRECTION ( 'NONE',  ( 1.000000000000000000, 0.000000000000000000, 0.000000000000000000 ) ) ;
#1157 = PRESENTATION_STYLE_ASSIGNMENT (( #2423 ) ) ;
#1158 =( LENGTH_UNIT ( ) NAMED_UNIT ( * ) SI_UNIT ( .MILLI., .METRE. ) );
#1159 = ORIENTED_EDGE ( 'NONE', *, *, #219, .T. ) ;
#1160 = FACE_OUTER_BOUND ( 'NONE', #1081, .T. ) ;
#1161 = VERTEX_POINT ( 'NONE', #958 ) ;
#1162 = SURFACE_SIDE_STYLE ('',( #786 ) ) ;
#1163 = SURFACE_STYLE_FILL_AREA ( #365 ) ;
#1164 = CARTESIAN_POINT ( 'NONE',  ( 2.100000000000000089, 1.600000000000000089, 0.09999999999999982514 ) ) ;
#1165 = FILL_AREA_STYLE ('',( #125 ) ) ;
#1166 = VERTEX_POINT ( 'NONE', #1548 ) ;
#1167 = CARTESIAN_POINT ( 'NONE',  ( 2.100000000000000089, 1.600000000000000089, 0.09999999999999982514 ) ) ;
#1168 = SURFACE_STYLE_USAGE ( .BOTH. , #991 ) ;
#1169 = CARTESIAN_POINT ( 'NONE',  ( -2.100000000000000089, 1.575000000000000400, 0.1000000000000002554 ) ) ;
#1170 = DIRECTION ( 'NONE',  ( 0.000000000000000000, 1.000000000000000000, 0.000000000000000000 ) ) ;
#1171 =( NAMED_UNIT ( * ) PLANE_ANGLE_UNIT ( ) SI_UNIT ( $, .RADIAN. ) );
#1172 = DIRECTION ( 'NONE',  ( 0.000000000000000000, 1.000000000000000000, 0.000000000000000000 ) ) ;
#1173 = ORIENTED_EDGE ( 'NONE', *, *, #652, .F. ) ;
#1174 = VECTOR ( 'NONE', #2262, 1000.000000000000000 ) ;
#1175 = LINE ( 'NONE', #534, #1409 ) ;
#1176 = SURFACE_STYLE_USAGE ( .BOTH. , #1790 ) ;
#1177 = LINE ( 'NONE', #1960, #1957 ) ;
#1178 = CARTESIAN_POINT ( 'NONE',  ( 2.100000000000000089, -1.629999999999999671, 0.09999999999999982514 ) ) ;
#1179 = VERTEX_POINT ( 'NONE', #2382 ) ;
#1180 = LINE ( 'NONE', #1599, #1625 ) ;
#1181 = PRESENTATION_LAYER_ASSIGNMENT (  '', '', ( #1350 ) ) ;
#1182 = CARTESIAN_POINT ( 'NONE',  ( 1.500000000000000000, 1.575000000000000178, 0.000000000000000000 ) ) ;
#1183 = CARTESIAN_POINT ( 'NONE',  ( -2.100000000000000089, 1.600000000000000089, 0.09999999999999982514 ) ) ;
#1184 = STYLED_ITEM ( 'NONE', ( #663 ), #2435 ) ;
#1185 = AXIS2_PLACEMENT_3D ( 'NONE', #970, #1186, #346 ) ;
#1186 = DIRECTION ( 'NONE',  ( 0.000000000000000000, 0.000000000000000000, 1.000000000000000000 ) ) ;
#1187 = CARTESIAN_POINT ( 'NONE',  ( 2.100000000000000089, 0.8500000000000003109, 0.09999999999999982514 ) ) ;
#1188 = VECTOR ( 'NONE', #2339, 1000.000000000000000 ) ;
#1189 = ADVANCED_FACE ( 'NONE', ( #912 ), #2393, .F. ) ;
#1190 = LINE ( 'NONE', #413, #1367 ) ;
#1191 = EDGE_CURVE ( 'NONE', #188, #197, #2195, .T. ) ;
#1192 = DIRECTION ( 'NONE',  ( -1.000000000000000000, 0.000000000000000000, 0.000000000000000000 ) ) ;
#1193 = ORIENTED_EDGE ( 'NONE', *, *, #2317, .T. ) ;
#1194 = UNCERTAINTY_MEASURE_WITH_UNIT (LENGTH_MEASURE( 1.000000000000000082E-05 ), #2609, 'distance_accuracy_value', 'NONE');
#1195 = AXIS2_PLACEMENT_3D ( 'NONE', #1983, #961, #1352 ) ;
#1196 =( NAMED_UNIT ( * ) SI_UNIT ( $, .STERADIAN. ) SOLID_ANGLE_UNIT ( ) );
#1197 = VERTEX_POINT ( 'NONE', #1375 ) ;
#1198 = SURFACE_STYLE_USAGE ( .BOTH. , #395 ) ;
#1199 = COLOUR_RGB ( '',1.000000000000000000, 1.000000000000000000, 1.000000000000000000 ) ;
#1200 = FACE_OUTER_BOUND ( 'NONE', #1357, .T. ) ;
#1201 = CARTESIAN_POINT ( 'NONE',  ( -2.200000000000000178, -1.574999999999999512, 1.979999999999999982 ) ) ;
#1202 = MECHANICAL_DESIGN_GEOMETRIC_PRESENTATION_REPRESENTATION (  '', ( #446 ), #403 ) ;
#1203 =( NAMED_UNIT ( * ) SI_UNIT ( $, .STERADIAN. ) SOLID_ANGLE_UNIT ( ) );
#1204 = PLANE ( 'NONE',  #431 ) ;
#1205 = EDGE_CURVE ( 'NONE', #1894, #350, #1917, .T. ) ;
#1206 = ORIENTED_EDGE ( 'NONE', *, *, #1546, .F. ) ;
#1207 = PRESENTATION_STYLE_ASSIGNMENT (( #405 ) ) ;
#1208 = ORIENTED_EDGE ( 'NONE', *, *, #1733, .T. ) ;
#1209 = CARTESIAN_POINT ( 'NONE',  ( 2.200000000000000178, 1.575000000000000178, 0.000000000000000000 ) ) ;
#1210 = CARTESIAN_POINT ( 'NONE',  ( -1.500000000000000000, 0.9250000000000004885, 0.1000000000000002554 ) ) ;
#1211 = DIRECTION ( 'NONE',  ( 0.000000000000000000, -1.000000000000000000, 0.000000000000000000 ) ) ;
#1212 = SURFACE_STYLE_USAGE ( .BOTH. , #1782 ) ;
#1213 = FILL_AREA_STYLE ('',( #671 ) ) ;
#1214 = DIRECTION ( 'NONE',  ( 0.000000000000000000, -1.000000000000000000, 0.000000000000000000 ) ) ;
#1215 = ORIENTED_EDGE ( 'NONE', *, *, #1028, .F. ) ;
#1216 = SURFACE_STYLE_USAGE ( .BOTH. , #419 ) ;
#1217 = VECTOR ( 'NONE', #669, 1000.000000000000000 ) ;
#1218 = ORIENTED_EDGE ( 'NONE', *, *, #2118, .T. ) ;
#1219 = AXIS2_PLACEMENT_3D ( 'NONE', #2519, #1038, #266 ) ;
#1220 = ADVANCED_FACE ( 'NONE', ( #2149 ), #315, .T. ) ;
#1221 =( NAMED_UNIT ( * ) PLANE_ANGLE_UNIT ( ) SI_UNIT ( $, .RADIAN. ) );
#1222 = VECTOR ( 'NONE', #1840, 1000.000000000000000 ) ;
#1223 = CARTESIAN_POINT ( 'NONE',  ( 1.500000000000000444, -1.574999999999999512, 1.879999999999999671 ) ) ;
#1224 = UNCERTAINTY_MEASURE_WITH_UNIT (LENGTH_MEASURE( 1.000000000000000082E-05 ), #198, 'distance_accuracy_value', 'NONE');
#1225 = MECHANICAL_DESIGN_GEOMETRIC_PRESENTATION_REPRESENTATION (  '', ( #1015 ), #1729 ) ;
#1226 =( LENGTH_UNIT ( ) NAMED_UNIT ( * ) SI_UNIT ( .MILLI., .METRE. ) );
#1227 = PRESENTATION_LAYER_ASSIGNMENT (  '', '', ( #61 ) ) ;
#1228 = FILL_AREA_STYLE_COLOUR ( '', #2091 ) ;
#1229 = FILL_AREA_STYLE_COLOUR ( '', #1270 ) ;
#1230 = MECHANICAL_DESIGN_GEOMETRIC_PRESENTATION_REPRESENTATION (  '', ( #1403 ), #1871 ) ;
#1231 = SURFACE_STYLE_USAGE ( .BOTH. , #630 ) ;
#1232 = ADVANCED_FACE ( 'NONE', ( #2004 ), #608, .F. ) ;
#1233 = ORIENTED_EDGE ( 'NONE', *, *, #2434, .F. ) ;
#1234 = EDGE_CURVE ( 'NONE', #373, #2188, #781, .T. ) ;
#1235 = COLOUR_RGB ( '',1.000000000000000000, 1.000000000000000000, 1.000000000000000000 ) ;
#1236 = CARTESIAN_POINT ( 'NONE',  ( -1.500000000000000000, 0.9250000000000004885, 0.000000000000000000 ) ) ;
#1237 = PLANE ( 'NONE',  #1810 ) ;
#1238 = COLOUR_RGB ( '',1.000000000000000000, 1.000000000000000000, 1.000000000000000000 ) ;
#1239 = DIRECTION ( 'NONE',  ( -1.000000000000000000, 0.000000000000000000, 0.000000000000000000 ) ) ;
#1240 = CARTESIAN_POINT ( 'NONE',  ( -1.500000000000000000, -0.9249999999999996003, 1.979999999999999982 ) ) ;
#1241 = CARTESIAN_POINT ( 'NONE',  ( -2.100000000000000089, 0.8500000000000003109, 1.879999999999999671 ) ) ;
#1242 = COLOUR_RGB ( '',1.000000000000000000, 1.000000000000000000, 1.000000000000000000 ) ;
#1243 = DIRECTION ( 'NONE',  ( 0.000000000000000000, -1.000000000000000000, 0.000000000000000000 ) ) ;
#1244 = CARTESIAN_POINT ( 'NONE',  ( -2.646927566099998783E-05, -0.0001782852729149996592, -0.003000000000000000062 ) ) ;
#1245 = ORIENTED_EDGE ( 'NONE', *, *, #145, .T. ) ;
#1246 = FILL_AREA_STYLE_COLOUR ( '', #574 ) ;
#1247 =( LENGTH_UNIT ( ) NAMED_UNIT ( * ) SI_UNIT ( .MILLI., .METRE. ) );
#1248 = UNCERTAINTY_MEASURE_WITH_UNIT (LENGTH_MEASURE( 1.000000000000000082E-05 ), #46, 'distance_accuracy_value', 'NONE');
#1249 = ORIENTED_EDGE ( 'NONE', *, *, #1428, .F. ) ;
#1250 = FILL_AREA_STYLE_COLOUR ( '', #280 ) ;
#1251 = FACE_OUTER_BOUND ( 'NONE', #183, .T. ) ;
#1252 = UNCERTAINTY_MEASURE_WITH_UNIT (LENGTH_MEASURE( 1.000000000000000082E-05 ), #1226, 'distance_accuracy_value', 'NONE');
#1253 = LINE ( 'NONE', #1834, #2185 ) ;
#1254 =( NAMED_UNIT ( * ) SI_UNIT ( $, .STERADIAN. ) SOLID_ANGLE_UNIT ( ) );
#1255 = DIRECTION ( 'NONE',  ( -1.000000000000000000, 0.000000000000000000, 0.000000000000000000 ) ) ;
#1256 = SURFACE_STYLE_FILL_AREA ( #1213 ) ;
#1257 =( LENGTH_UNIT ( ) NAMED_UNIT ( * ) SI_UNIT ( .MILLI., .METRE. ) );
#1258 = ORIENTED_EDGE ( 'NONE', *, *, #1727, .F. ) ;
#1259 = CARTESIAN_POINT ( 'NONE',  ( -1.500000000000000000, 1.575000000000000400, 0.1000000000000002554 ) ) ;
#1260 = CARTESIAN_POINT ( 'NONE',  ( 2.200000000000000178, 1.575000000000000178, 1.979999999999999982 ) ) ;
#1261 = ORIENTED_EDGE ( 'NONE', *, *, #743, .T. ) ;
#1262 = SURFACE_SIDE_STYLE ('',( #1495 ) ) ;
#1263 = SURFACE_SIDE_STYLE ('',( #226 ) ) ;
#1264 = EDGE_CURVE ( 'NONE', #340, #33, #2217, .T. ) ;
#1265 = STYLED_ITEM ( 'NONE', ( #2363 ), #1626 ) ;
#1266 = EDGE_CURVE ( 'NONE', #2163, #504, #2106, .T. ) ;
#1267 = CARTESIAN_POINT ( 'NONE',  ( 1.500000000000000000, -0.9249999999999996003, 1.979999999999999982 ) ) ;
#1268 = MECHANICAL_DESIGN_GEOMETRIC_PRESENTATION_REPRESENTATION (  '', ( #2443 ), #15 ) ;
#1269 = PRODUCT_CONTEXT ( 'NONE', #312, 'mechanical' ) ;
#1270 = COLOUR_RGB ( '',1.000000000000000000, 1.000000000000000000, 1.000000000000000000 ) ;
#1271 = EDGE_CURVE ( 'NONE', #197, #1338, #1282, .T. ) ;
#1272 = COLOUR_RGB ( '',1.000000000000000000, 1.000000000000000000, 1.000000000000000000 ) ;
#1273 = ORIENTED_EDGE ( 'NONE', *, *, #804, .T. ) ;
#1274 = ADVANCED_FACE ( 'NONE', ( #1088 ), #2078, .F. ) ;
#1275 = CARTESIAN_POINT ( 'NONE',  ( -2.250000000000000000, 1.600000000000000089, 2.799999999999999378 ) ) ;
#1276 = VECTOR ( 'NONE', #181, 1000.000000000000000 ) ;
#1277 = VECTOR ( 'NONE', #1944, 1000.000000000000000 ) ;
#1278 = DIRECTION ( 'NONE',  ( 0.000000000000000000, 0.000000000000000000, 1.000000000000000000 ) ) ;
#1279 = VERTEX_POINT ( 'NONE', #451 ) ;
#1280 = AXIS2_PLACEMENT_3D ( 'NONE', #44, #2494, #2252 ) ;
#1281 = PRESENTATION_STYLE_ASSIGNMENT (( #1494 ) ) ;
#1282 = LINE ( 'NONE', #290, #2530 ) ;
#1283 = PRESENTATION_STYLE_ASSIGNMENT (( #2110 ) ) ;
#1284 = VECTOR ( 'NONE', #1128, 1000.000000000000000 ) ;
#1285 =( GEOMETRIC_REPRESENTATION_CONTEXT ( 3 ) GLOBAL_UNCERTAINTY_ASSIGNED_CONTEXT ( ( #2291 ) ) GLOBAL_UNIT_ASSIGNED_CONTEXT ( ( #2420, #2600, #189 ) ) REPRESENTATION_CONTEXT ( 'NONE', 'WORKASPACE' ) );
#1286 = ORIENTED_EDGE ( 'NONE', *, *, #1550, .T. ) ;
#1287 = SURFACE_STYLE_FILL_AREA ( #892 ) ;
#1288 = SURFACE_STYLE_USAGE ( .BOTH. , #2100 ) ;
#1289 = EDGE_CURVE ( 'NONE', #688, #1279, #861, .T. ) ;
#1290 = ORIENTED_EDGE ( 'NONE', *, *, #611, .T. ) ;
#1291 = DIRECTION ( 'NONE',  ( 0.000000000000000000, 1.000000000000000000, 0.000000000000000000 ) ) ;
#1292 =( NAMED_UNIT ( * ) PLANE_ANGLE_UNIT ( ) SI_UNIT ( $, .RADIAN. ) );
#1293 = ORIENTED_EDGE ( 'NONE', *, *, #578, .F. ) ;
#1294 =( NAMED_UNIT ( * ) PLANE_ANGLE_UNIT ( ) SI_UNIT ( $, .RADIAN. ) );
#1295 = SURFACE_SIDE_STYLE ('',( #2542 ) ) ;
#1296 = ORIENTED_EDGE ( 'NONE', *, *, #1346, .T. ) ;
#1297 = PRODUCT_DEFINITION_CONTEXT ( 'detailed design', #186, 'design' ) ;
#1298 = ORIENTED_EDGE ( 'NONE', *, *, #257, .F. ) ;
#1299 = FILL_AREA_STYLE ('',( #497 ) ) ;
#1300 = DIRECTION ( 'NONE',  ( 0.000000000000000000, -1.000000000000000000, 0.000000000000000000 ) ) ;
#1301 = EDGE_CURVE ( 'NONE', #1161, #775, #2090, .T. ) ;
#1302 = SURFACE_STYLE_USAGE ( .BOTH. , #488 ) ;
#1303 = DIRECTION ( 'NONE',  ( -1.000000000000000000, 0.000000000000000000, 0.000000000000000000 ) ) ;
#1304 = VECTOR ( 'NONE', #149, 1000.000000000000000 ) ;
#1305 = DIRECTION ( 'NONE',  ( -1.000000000000000000, 0.000000000000000000, 0.000000000000000000 ) ) ;
#1306 = ORIENTED_EDGE ( 'NONE', *, *, #1234, .F. ) ;
#1307 = COLOUR_RGB ( '',1.000000000000000000, 1.000000000000000000, 1.000000000000000000 ) ;
#1308 = PLANE ( 'NONE',  #480 ) ;
#1309 = MECHANICAL_DESIGN_GEOMETRIC_PRESENTATION_REPRESENTATION (  '', ( #2092 ), #1525 ) ;
#1310 =( GEOMETRIC_REPRESENTATION_CONTEXT ( 3 ) GLOBAL_UNCERTAINTY_ASSIGNED_CONTEXT ( ( #1644 ) ) GLOBAL_UNIT_ASSIGNED_CONTEXT ( ( #9, #163, #360 ) ) REPRESENTATION_CONTEXT ( 'NONE', 'WORKASPACE' ) );
#1311 = ORIENTED_EDGE ( 'NONE', *, *, #2638, .T. ) ;
#1312 = PRESENTATION_STYLE_ASSIGNMENT (( #934 ) ) ;
#1313 = VECTOR ( 'NONE', #986, 1000.000000000000000 ) ;
#1314 = COLOUR_RGB ( '',1.000000000000000000, 1.000000000000000000, 1.000000000000000000 ) ;
#1315 = SURFACE_STYLE_FILL_AREA ( #899 ) ;
#1316 = CARTESIAN_POINT ( 'NONE',  ( 2.200000000000000178, -0.9249999999999996003, 1.979999999999999982 ) ) ;
#1317 = AXIS2_PLACEMENT_3D ( 'NONE', #911, #2350, #281 ) ;
#1318 = ADVANCED_FACE ( 'NONE', ( #1080 ), #1237, .F. ) ;
#1319 = FILL_AREA_STYLE_COLOUR ( '', #2277 ) ;
#1320 = DIRECTION ( 'NONE',  ( 1.218204688185959817E-16, 0.000000000000000000, -1.000000000000000000 ) ) ;
#1321 = COLOUR_RGB ( '',1.000000000000000000, 1.000000000000000000, 1.000000000000000000 ) ;
#1322 =( NAMED_UNIT ( * ) SI_UNIT ( $, .STERADIAN. ) SOLID_ANGLE_UNIT ( ) );
#1323 = STYLED_ITEM ( 'NONE', ( #2605 ), #37 ) ;
#1324 = ORIENTED_EDGE ( 'NONE', *, *, #2337, .T. ) ;
#1325 = CARTESIAN_POINT ( 'NONE',  ( 1.500000000000000000, -0.9249999999999996003, 1.979999999999999982 ) ) ;
#1326 = CARTESIAN_POINT ( 'NONE',  ( 2.200000000000000178, -1.574999999999999512, 1.979999999999999982 ) ) ;
#1327 =( LENGTH_UNIT ( ) NAMED_UNIT ( * ) SI_UNIT ( .MILLI., .METRE. ) );
#1328 = LINE ( 'NONE', #1468, #2198 ) ;
#1329 =( NAMED_UNIT ( * ) SI_UNIT ( $, .STERADIAN. ) SOLID_ANGLE_UNIT ( ) );
#1330 = CARTESIAN_POINT ( 'NONE',  ( -2.100000000000000089, 0.8500000000000003109, 0.09999999999999982514 ) ) ;
#1331 = UNCERTAINTY_MEASURE_WITH_UNIT (LENGTH_MEASURE( 1.000000000000000082E-05 ), #571, 'distance_accuracy_value', 'NONE');
#1332 = DIRECTION ( 'NONE',  ( 1.000000000000000000, 0.000000000000000000, 0.000000000000000000 ) ) ;
#1333 = ORIENTED_EDGE ( 'NONE', *, *, #2069, .T. ) ;
#1334 = LINE ( 'NONE', #2212, #981 ) ;
#1335 = ORIENTED_EDGE ( 'NONE', *, *, #2049, .T. ) ;
#1336 = SURFACE_STYLE_USAGE ( .BOTH. , #951 ) ;
#1337 = CARTESIAN_POINT ( 'NONE',  ( 2.100000000000000089, 1.600000000000000089, 1.879999999999999671 ) ) ;
#1338 = VERTEX_POINT ( 'NONE', #2495 ) ;
#1339 = DIRECTION ( 'NONE',  ( 0.000000000000000000, -1.000000000000000000, 0.000000000000000000 ) ) ;
#1340 = CARTESIAN_POINT ( 'NONE',  ( -2.250000000000000000, -1.600000000000000089, 2.799999999999999378 ) ) ;
#1341 = DIRECTION ( 'NONE',  ( -1.000000000000000000, 0.000000000000000000, 0.000000000000000000 ) ) ;
#1342 = EDGE_CURVE ( 'NONE', #1980, #2032, #1448, .T. ) ;
#1343 = DIRECTION ( 'NONE',  ( 0.000000000000000000, 1.000000000000000000, 0.000000000000000000 ) ) ;
#1344 = COLOUR_RGB ( '',1.000000000000000000, 1.000000000000000000, 1.000000000000000000 ) ;
#1345 = LINE ( 'NONE', #1524, #1284 ) ;
#1346 = EDGE_CURVE ( 'NONE', #1516, #1814, #1673, .T. ) ;
#1347 = MECHANICAL_DESIGN_GEOMETRIC_PRESENTATION_REPRESENTATION (  '', ( #11 ), #1902 ) ;
#1348 = ADVANCED_FACE ( 'NONE', ( #144 ), #1974, .F. ) ;
#1349 =( NAMED_UNIT ( * ) PLANE_ANGLE_UNIT ( ) SI_UNIT ( $, .RADIAN. ) );
#1350 = STYLED_ITEM ( 'NONE', ( #1587 ), #1549 ) ;
#1351 = VERTEX_POINT ( 'NONE', #322 ) ;
#1352 = DIRECTION ( 'NONE',  ( 0.000000000000000000, 0.000000000000000000, -1.000000000000000000 ) ) ;
#1353 = MECHANICAL_DESIGN_GEOMETRIC_PRESENTATION_REPRESENTATION (  '', ( #1056 ), #471 ) ;
#1354 =( GEOMETRIC_REPRESENTATION_CONTEXT ( 3 ) GLOBAL_UNCERTAINTY_ASSIGNED_CONTEXT ( ( #1857 ) ) GLOBAL_UNIT_ASSIGNED_CONTEXT ( ( #307, #120, #326 ) ) REPRESENTATION_CONTEXT ( 'NONE', 'WORKASPACE' ) );
#1355 = CARTESIAN_POINT ( 'NONE',  ( 1.500000000000000000, -0.9249999999999996003, 1.979999999999999982 ) ) ;
#1356 = DIRECTION ( 'NONE',  ( 0.000000000000000000, 1.000000000000000000, 0.000000000000000000 ) ) ;
#1357 = EDGE_LOOP ( 'NONE', ( #706, #361, #1936, #1676, #1897, #1159, #664, #2464 ) ) ;
#1358 = VECTOR ( 'NONE', #539, 1000.000000000000000 ) ;
#1359 = CARTESIAN_POINT ( 'NONE',  ( -2.100000000000000089, -0.9249999999999996003, 0.1000000000000002554 ) ) ;
#1360 = CARTESIAN_POINT ( 'NONE',  ( -2.200000000000000178, -0.9249999999999996003, 1.979999999999999982 ) ) ;
#1361 = DIRECTION ( 'NONE',  ( 0.000000000000000000, 0.000000000000000000, -1.000000000000000000 ) ) ;
#1362 = CARTESIAN_POINT ( 'NONE',  ( -2.100000000000000089, -1.574999999999999512, 0.1000000000000002554 ) ) ;
#1363 = ORIENTED_EDGE ( 'NONE', *, *, #1028, .T. ) ;
#1364 = STYLED_ITEM ( 'NONE', ( #364 ), #526 ) ;
#1365 = SURFACE_STYLE_USAGE ( .BOTH. , #165 ) ;
#1366 = VECTOR ( 'NONE', #1754, 1000.000000000000000 ) ;
#1367 = VECTOR ( 'NONE', #2006, 1000.000000000000227 ) ;
#1368 = EDGE_LOOP ( 'NONE', ( #977, #1766, #2045, #538 ) ) ;
#1369 = SURFACE_STYLE_USAGE ( .BOTH. , #167 ) ;
#1370 = PRESENTATION_LAYER_ASSIGNMENT (  '', '', ( #1451 ) ) ;
#1371 = DIRECTION ( 'NONE',  ( -0.000000000000000000, 0.9998580027287873317, 0.01685153937183330938 ) ) ;
#1372 =( NAMED_UNIT ( * ) PLANE_ANGLE_UNIT ( ) SI_UNIT ( $, .RADIAN. ) );
#1373 = ORIENTED_EDGE ( 'NONE', *, *, #2400, .T. ) ;
#1374 = DIRECTION ( 'NONE',  ( 0.000000000000000000, -1.000000000000000000, 0.000000000000000000 ) ) ;
#1375 = CARTESIAN_POINT ( 'NONE',  ( -2.100000000000000089, -0.9249999999999996003, 0.1000000000000002554 ) ) ;
#1376 =( LENGTH_UNIT ( ) NAMED_UNIT ( * ) SI_UNIT ( .MILLI., .METRE. ) );
#1377 =( LENGTH_UNIT ( ) NAMED_UNIT ( * ) SI_UNIT ( .MILLI., .METRE. ) );
#1378 =( LENGTH_UNIT ( ) NAMED_UNIT ( * ) SI_UNIT ( .MILLI., .METRE. ) );
#1379 = ORIENTED_EDGE ( 'NONE', *, *, #1000, .T. ) ;
#1380 = DIRECTION ( 'NONE',  ( 0.000000000000000000, 0.000000000000000000, -1.000000000000000000 ) ) ;
#1381 = DIRECTION ( 'NONE',  ( 0.000000000000000000, 0.000000000000000000, -1.000000000000000000 ) ) ;
#1382 = VERTEX_POINT ( 'NONE', #2612 ) ;
#1383 = DIRECTION ( 'NONE',  ( 0.000000000000000000, 0.000000000000000000, 1.000000000000000000 ) ) ;
#1384 = EDGE_CURVE ( 'NONE', #472, #688, #2571, .T. ) ;
#1385 = EDGE_CURVE ( 'NONE', #166, #1792, #2340, .T. ) ;
#1386 = CARTESIAN_POINT ( 'NONE',  ( 2.100000000000000089, 1.600000000000000089, 1.879999999999999671 ) ) ;
#1387 = SURFACE_STYLE_FILL_AREA ( #2424 ) ;
#1388 = FACE_OUTER_BOUND ( 'NONE', #2444, .T. ) ;
#1389 = VECTOR ( 'NONE', #2125, 1000.000000000000000 ) ;
#1390 = CARTESIAN_POINT ( 'NONE',  ( 2.200000000000000178, 1.575000000000000178, 1.979999999999999982 ) ) ;
#1391 = ORIENTED_EDGE ( 'NONE', *, *, #99, .T. ) ;
#1392 = VECTOR ( 'NONE', #1156, 1000.000000000000000 ) ;
#1393 = SURFACE_STYLE_FILL_AREA ( #2488 ) ;
#1394 = PRESENTATION_LAYER_ASSIGNMENT (  '', '', ( #2574 ) ) ;
#1395 = ORIENTED_EDGE ( 'NONE', *, *, #2427, .T. ) ;
#1396 = PLANE ( 'NONE',  #2063 ) ;
#1397 = SURFACE_SIDE_STYLE ('',( #2432 ) ) ;
#1398 = AXIS2_PLACEMENT_3D ( 'NONE', #2472, #1009, #1619 ) ;
#1399 = MECHANICAL_DESIGN_GEOMETRIC_PRESENTATION_REPRESENTATION (  '', ( #2578 ), #2093 ) ;
#1400 = VECTOR ( 'NONE', #1916, 1000.000000000000000 ) ;
#1401 = SURFACE_SIDE_STYLE ('',( #400 ) ) ;
#1402 =( LENGTH_UNIT ( ) NAMED_UNIT ( * ) SI_UNIT ( .MILLI., .METRE. ) );
#1403 = STYLED_ITEM ( 'NONE', ( #844 ), #2208 ) ;
#1404 = SURFACE_STYLE_USAGE ( .BOTH. , #1670 ) ;
#1405 = VERTEX_POINT ( 'NONE', #2133 ) ;
#1406 = SURFACE_STYLE_FILL_AREA ( #796 ) ;
#1407 = CARTESIAN_POINT ( 'NONE',  ( -1.500000000000000444, 1.575000000000000400, 1.879999999999999671 ) ) ;
#1408 = UNCERTAINTY_MEASURE_WITH_UNIT (LENGTH_MEASURE( 1.000000000000000082E-05 ), #1402, 'distance_accuracy_value', 'NONE');
#1409 = VECTOR ( 'NONE', #1970, 1000.000000000000000 ) ;
#1410 =( LENGTH_UNIT ( ) NAMED_UNIT ( * ) SI_UNIT ( .MILLI., .METRE. ) );
#1411 = ORIENTED_EDGE ( 'NONE', *, *, #1264, .F. ) ;
#1412 =( NAMED_UNIT ( * ) PLANE_ANGLE_UNIT ( ) SI_UNIT ( $, .RADIAN. ) );
#1413 = LINE ( 'NONE', #193, #2351 ) ;
#1414 = LINE ( 'NONE', #1424, #1832 ) ;
#1415 = SURFACE_STYLE_FILL_AREA ( #812 ) ;
#1416 = PRESENTATION_STYLE_ASSIGNMENT (( #2266 ) ) ;
#1417 = ORIENTED_EDGE ( 'NONE', *, *, #999, .F. ) ;
#1418 = VERTEX_POINT ( 'NONE', #106 ) ;
#1419 = CARTESIAN_POINT ( 'NONE',  ( -1.500000000000000000, 1.575000000000000400, 1.979999999999999982 ) ) ;
#1420 = DIRECTION ( 'NONE',  ( 0.000000000000000000, 0.01685153937183330244, -0.9998580027287872207 ) ) ;
#1421 = PRESENTATION_STYLE_ASSIGNMENT (( #410 ) ) ;
#1422 =( NAMED_UNIT ( * ) PLANE_ANGLE_UNIT ( ) SI_UNIT ( $, .RADIAN. ) );
#1423 = LINE ( 'NONE', #2632, #1174 ) ;
#1424 = CARTESIAN_POINT ( 'NONE',  ( -2.100000000000000089, -0.8799999999999996714, 1.879999999999999671 ) ) ;
#1425 = EDGE_CURVE ( 'NONE', #115, #532, #2352, .T. ) ;
#1426 =( NAMED_UNIT ( * ) PLANE_ANGLE_UNIT ( ) SI_UNIT ( $, .RADIAN. ) );
#1427 =( LENGTH_UNIT ( ) NAMED_UNIT ( * ) SI_UNIT ( .MILLI., .METRE. ) );
#1428 = EDGE_CURVE ( 'NONE', #1166, #1114, #1007, .T. ) ;
#1429 = EDGE_LOOP ( 'NONE', ( #1146, #1432, #542, #495 ) ) ;
#1430 = UNCERTAINTY_MEASURE_WITH_UNIT (LENGTH_MEASURE( 1.000000000000000082E-05 ), #826, 'distance_accuracy_value', 'NONE');
#1431 = STYLED_ITEM ( 'NONE', ( #820 ), #1220 ) ;
#1432 = ORIENTED_EDGE ( 'NONE', *, *, #1701, .F. ) ;
#1433 = FILL_AREA_STYLE_COLOUR ( '', #2249 ) ;
#1434 = DIRECTION ( 'NONE',  ( 0.000000000000000000, 0.000000000000000000, -1.000000000000000000 ) ) ;
#1435 = FILL_AREA_STYLE ('',( #833 ) ) ;
#1436 = VECTOR ( 'NONE', #1893, 1000.000000000000000 ) ;
#1437 = UNCERTAINTY_MEASURE_WITH_UNIT (LENGTH_MEASURE( 1.000000000000000082E-05 ), #2334, 'distance_accuracy_value', 'NONE');
#1438 = COLOUR_RGB ( '',1.000000000000000000, 1.000000000000000000, 1.000000000000000000 ) ;
#1439 =( NAMED_UNIT ( * ) SI_UNIT ( $, .STERADIAN. ) SOLID_ANGLE_UNIT ( ) );
#1440 = DIRECTION ( 'NONE',  ( 0.000000000000000000, -1.000000000000000000, 0.000000000000000000 ) ) ;
#1441 = STYLED_ITEM ( 'NONE', ( #2105 ), #2244 ) ;
#1442 = DIRECTION ( 'NONE',  ( 1.000000000000000000, 0.000000000000000000, 0.000000000000000000 ) ) ;
#1443 = SURFACE_STYLE_USAGE ( .BOTH. , #1047 ) ;
#1444 = ORIENTED_EDGE ( 'NONE', *, *, #720, .T. ) ;
#1445 = SURFACE_STYLE_FILL_AREA ( #2516 ) ;
#1446 = AXIS2_PLACEMENT_3D ( 'NONE', #184, #2636, #1771 ) ;
#1447 = LINE ( 'NONE', #1460, #2625 ) ;
#1448 = LINE ( 'NONE', #654, #425 ) ;
#1449 = AXIS2_PLACEMENT_3D ( 'NONE', #1991, #1332, #985 ) ;
#1450 = STYLED_ITEM ( 'NONE', ( #875 ), #180 ) ;
#1451 = STYLED_ITEM ( 'NONE', ( #1312 ), #455 ) ;
#1452 = PRESENTATION_STYLE_ASSIGNMENT (( #1065 ) ) ;
#1453 =( NAMED_UNIT ( * ) PLANE_ANGLE_UNIT ( ) SI_UNIT ( $, .RADIAN. ) );
#1454 =( NAMED_UNIT ( * ) SI_UNIT ( $, .STERADIAN. ) SOLID_ANGLE_UNIT ( ) );
#1455 = EDGE_LOOP ( 'NONE', ( #2017, #733, #1098, #1711 ) ) ;
#1456 =( LENGTH_UNIT ( ) NAMED_UNIT ( * ) SI_UNIT ( .MILLI., .METRE. ) );
#1457 = VERTEX_POINT ( 'NONE', #1635 ) ;
#1458 = SURFACE_STYLE_FILL_AREA ( #20 ) ;
#1459 = ADVANCED_FACE ( 'NONE', ( #1032 ), #619, .F. ) ;
#1460 = CARTESIAN_POINT ( 'NONE',  ( -1.500000000000000000, -1.574999999999999512, 0.1000000000000002554 ) ) ;
#1461 = EDGE_CURVE ( 'NONE', #1975, #340, #944, .T. ) ;
#1462 = DIRECTION ( 'NONE',  ( 0.000000000000000000, 1.000000000000000000, 0.000000000000000000 ) ) ;
#1463 = ADVANCED_FACE ( 'NONE', ( #1200 ), #1984, .F. ) ;
#1464 = ADVANCED_FACE ( 'NONE', ( #735 ), #1148, .F. ) ;
#1465 = LINE ( 'NONE', #874, #1050 ) ;
#1466 = EDGE_CURVE ( 'NONE', #532, #1792, #548, .T. ) ;
#1467 = MANIFOLD_SOLID_BREP ( 'NONE', #2589 ) ;
#1468 = CARTESIAN_POINT ( 'NONE',  ( -1.500000000000000000, 0.9250000000000004885, 1.979999999999999982 ) ) ;
#1469 = PRESENTATION_STYLE_ASSIGNMENT (( #627 ) ) ;
#1470 =( NAMED_UNIT ( * ) PLANE_ANGLE_UNIT ( ) SI_UNIT ( $, .RADIAN. ) );
#1471 = EDGE_LOOP ( 'NONE', ( #481, #817, #2286, #751 ) ) ;
#1472 = FILL_AREA_STYLE_COLOUR ( '', #2328 ) ;
#1473 = PLANE ( 'NONE',  #1608 ) ;
#1474 = ORIENTED_EDGE ( 'NONE', *, *, #219, .F. ) ;
#1475 =( NAMED_UNIT ( * ) SI_UNIT ( $, .STERADIAN. ) SOLID_ANGLE_UNIT ( ) );
#1476 = MECHANICAL_DESIGN_GEOMETRIC_PRESENTATION_REPRESENTATION (  '', ( #1645 ), #2220 ) ;
#1477 = CARTESIAN_POINT ( 'NONE',  ( 1.500000000000000000, -1.574999999999999512, 0.1000000000000002554 ) ) ;
#1478 = PRESENTATION_LAYER_ASSIGNMENT (  '', '', ( #88 ) ) ;
#1479 =( LENGTH_UNIT ( ) NAMED_UNIT ( * ) SI_UNIT ( .MILLI., .METRE. ) );
#1480 = LINE ( 'NONE', #2500, #8 ) ;
#1481 = VECTOR ( 'NONE', #1381, 1000.000000000000000 ) ;
#1482 = CARTESIAN_POINT ( 'NONE',  ( 2.200000000000000178, -0.9249999999999996003, 1.979999999999999982 ) ) ;
#1483 = PRESENTATION_LAYER_ASSIGNMENT (  '', '', ( #1184 ) ) ;
#1484 = MECHANICAL_DESIGN_GEOMETRIC_PRESENTATION_REPRESENTATION (  '', ( #387 ), #1310 ) ;
#1485 = EDGE_CURVE ( 'NONE', #2413, #1058, #443, .T. ) ;
#1486 = FACE_OUTER_BOUND ( 'NONE', #261, .T. ) ;
#1487 =( GEOMETRIC_REPRESENTATION_CONTEXT ( 3 ) GLOBAL_UNCERTAINTY_ASSIGNED_CONTEXT ( ( #2372 ) ) GLOBAL_UNIT_ASSIGNED_CONTEXT ( ( #379, #2421, #585 ) ) REPRESENTATION_CONTEXT ( 'NONE', 'WORKASPACE' ) );
#1488 = ORIENTED_EDGE ( 'NONE', *, *, #2353, .T. ) ;
#1489 = DIRECTION ( 'NONE',  ( 0.000000000000000000, 1.000000000000000000, 0.000000000000000000 ) ) ;
#1490 = PRESENTATION_LAYER_ASSIGNMENT (  '', '', ( #19 ) ) ;
#1491 = SURFACE_STYLE_FILL_AREA ( #259 ) ;
#1492 = VERTEX_POINT ( 'NONE', #600 ) ;
#1493 =( NAMED_UNIT ( * ) PLANE_ANGLE_UNIT ( ) SI_UNIT ( $, .RADIAN. ) );
#1494 = SURFACE_STYLE_USAGE ( .BOTH. , #2147 ) ;
#1495 = SURFACE_STYLE_FILL_AREA ( #1849 ) ;
#1496 = VECTOR ( 'NONE', #258, 1000.000000000000000 ) ;
#1497 =( LENGTH_UNIT ( ) NAMED_UNIT ( * ) SI_UNIT ( .MILLI., .METRE. ) );
#1498 = LINE ( 'NONE', #1116, #1905 ) ;
#1499 = VECTOR ( 'NONE', #623, 1000.000000000000000 ) ;
#1500 = ORIENTED_EDGE ( 'NONE', *, *, #277, .F. ) ;
#1501 = PLANE ( 'NONE',  #385 ) ;
#1502 = ADVANCED_FACE ( 'NONE', ( #1824 ), #2016, .T. ) ;
#1503 = ORIENTED_EDGE ( 'NONE', *, *, #1461, .F. ) ;
#1504 =( LENGTH_UNIT ( ) NAMED_UNIT ( * ) SI_UNIT ( .MILLI., .METRE. ) );
#1505 = DIRECTION ( 'NONE',  ( 1.000000000000000000, 0.000000000000000000, -1.218204688185959817E-16 ) ) ;
#1506 = DIRECTION ( 'NONE',  ( 0.000000000000000000, 1.218204688185959817E-16, 1.000000000000000000 ) ) ;
#1507 = DIRECTION ( 'NONE',  ( 0.000000000000000000, 1.000000000000000000, 0.000000000000000000 ) ) ;
#1508 = DIRECTION ( 'NONE',  ( -1.000000000000000000, 0.000000000000000000, 0.000000000000000000 ) ) ;
#1509 = PRESENTATION_STYLE_ASSIGNMENT (( #316 ) ) ;
#1510 = EDGE_CURVE ( 'NONE', #1279, #1351, #2022, .T. ) ;
#1511 = ORIENTED_EDGE ( 'NONE', *, *, #1485, .F. ) ;
#1512 = CARTESIAN_POINT ( 'NONE',  ( -1.500000000000000444, -0.9249999999999996003, 1.879999999999999671 ) ) ;
#1513 = UNCERTAINTY_MEASURE_WITH_UNIT (LENGTH_MEASURE( 1.000000000000000082E-05 ), #577, 'distance_accuracy_value', 'NONE');
#1514 = CARTESIAN_POINT ( 'NONE',  ( 1.500000000000000000, -1.574999999999999512, 1.979999999999999982 ) ) ;
#1515 = PRODUCT_DEFINITION ( 'ๆ', '', #897, #1297 ) ;
#1516 = VERTEX_POINT ( 'NONE', #1124 ) ;
#1517 =( LENGTH_UNIT ( ) NAMED_UNIT ( * ) SI_UNIT ( .MILLI., .METRE. ) );
#1518 = CARTESIAN_POINT ( 'NONE',  ( 1.500000000000000000, -0.9249999999999996003, 1.979999999999999982 ) ) ;
#1519 = AXIS2_PLACEMENT_3D ( 'NONE', #2315, #269, #1303 ) ;
#1520 = DIRECTION ( 'NONE',  ( 0.000000000000000000, 1.000000000000000000, 0.000000000000000000 ) ) ;
#1521 = COLOUR_RGB ( '',1.000000000000000000, 1.000000000000000000, 1.000000000000000000 ) ;
#1522 = UNCERTAINTY_MEASURE_WITH_UNIT (LENGTH_MEASURE( 1.000000000000000082E-05 ), #289, 'distance_accuracy_value', 'NONE');
#1523 = LINE ( 'NONE', #1580, #903 ) ;
#1524 = CARTESIAN_POINT ( 'NONE',  ( -2.100000000000000089, -0.8499999999999997558, 0.09999999999999982514 ) ) ;
#1525 =( GEOMETRIC_REPRESENTATION_CONTEXT ( 3 ) GLOBAL_UNCERTAINTY_ASSIGNED_CONTEXT ( ( #1948 ) ) GLOBAL_UNIT_ASSIGNED_CONTEXT ( ( #2250, #493, #2555 ) ) REPRESENTATION_CONTEXT ( 'NONE', 'WORKASPACE' ) );
#1526 = EDGE_LOOP ( 'NONE', ( #1831, #2297, #79, #700 ) ) ;
#1527 = CARTESIAN_POINT ( 'NONE',  ( 2.200000000000000178, -0.9249999999999996003, 1.979999999999999982 ) ) ;
#1528 = SURFACE_STYLE_USAGE ( .BOTH. , #337 ) ;
#1529 = STYLED_ITEM ( 'NONE', ( #247 ), #1935 ) ;
#1530 = CARTESIAN_POINT ( 'NONE',  ( 2.100000000000000089, -0.8499999999999997558, 0.09999999999999982514 ) ) ;
#1531 = SURFACE_SIDE_STYLE ('',( #1315 ) ) ;
#1532 = STYLED_ITEM ( 'NONE', ( #105 ), #2316 ) ;
#1533 = ORIENTED_EDGE ( 'NONE', *, *, #291, .T. ) ;
#1534 = SURFACE_STYLE_FILL_AREA ( #270 ) ;
#1535 = LINE ( 'NONE', #2369, #1392 ) ;
#1536 = STYLED_ITEM ( 'NONE', ( #2146 ), #491 ) ;
#1537 = ORIENTED_EDGE ( 'NONE', *, *, #2155, .F. ) ;
#1538 = STYLED_ITEM ( 'NONE', ( #214 ), #68 ) ;
#1539 = VECTOR ( 'NONE', #2287, 1000.000000000000000 ) ;
#1540 = VERTEX_POINT ( 'NONE', #1164 ) ;
#1541 = PLANE ( 'NONE',  #1784 ) ;
#1542 = FILL_AREA_STYLE_COLOUR ( '', #1307 ) ;
#1543 = VERTEX_POINT ( 'NONE', #1985 ) ;
#1544 = EDGE_CURVE ( 'NONE', #230, #2621, #737, .T. ) ;
#1545 =( LENGTH_UNIT ( ) NAMED_UNIT ( * ) SI_UNIT ( .MILLI., .METRE. ) );
#1546 = EDGE_CURVE ( 'NONE', #1030, #1615, #1134, .T. ) ;
#1547 = FILL_AREA_STYLE ('',( #1155 ) ) ;
#1548 = CARTESIAN_POINT ( 'NONE',  ( -1.500000000000000444, 1.575000000000000400, 1.879999999999999671 ) ) ;
#1549 = ADVANCED_FACE ( 'NONE', ( #2160 ), #1573, .F. ) ;
#1550 = EDGE_CURVE ( 'NONE', #166, #1418, #1758, .T. ) ;
#1551 = SURFACE_SIDE_STYLE ('',( #1806 ) ) ;
#1552 = CARTESIAN_POINT ( 'NONE',  ( -1.500000000000000444, -1.574999999999999512, 1.879999999999999671 ) ) ;
#1553 = ORIENTED_EDGE ( 'NONE', *, *, #724, .F. ) ;
#1554 =( LENGTH_UNIT ( ) NAMED_UNIT ( * ) SI_UNIT ( .MILLI., .METRE. ) );
#1555 = ORIENTED_EDGE ( 'NONE', *, *, #881, .F. ) ;
#1556 = CARTESIAN_POINT ( 'NONE',  ( 1.500000000000000000, 1.575000000000000178, 1.979999999999999982 ) ) ;
#1557 =( LENGTH_UNIT ( ) NAMED_UNIT ( * ) SI_UNIT ( .MILLI., .METRE. ) );
#1558 = CARTESIAN_POINT ( 'NONE',  ( 2.100000000000000089, -1.574999999999999512, 0.1000000000000002554 ) ) ;
#1559 = VERTEX_POINT ( 'NONE', #936 ) ;
#1560 = LINE ( 'NONE', #1340, #647 ) ;
#1561 =( NAMED_UNIT ( * ) PLANE_ANGLE_UNIT ( ) SI_UNIT ( $, .RADIAN. ) );
#1562 = LINE ( 'NONE', #1362, #58 ) ;
#1563 = PRESENTATION_STYLE_ASSIGNMENT (( #2604 ) ) ;
#1564 = VECTOR ( 'NONE', #2068, 1000.000000000000000 ) ;
#1565 = VERTEX_POINT ( 'NONE', #141 ) ;
#1566 = EDGE_CURVE ( 'NONE', #1540, #340, #2610, .T. ) ;
#1567 = MECHANICAL_DESIGN_GEOMETRIC_PRESENTATION_REPRESENTATION (  '', ( #88 ), #468 ) ;
#1568 =( GEOMETRIC_REPRESENTATION_CONTEXT ( 3 ) GLOBAL_UNCERTAINTY_ASSIGNED_CONTEXT ( ( #242 ) ) GLOBAL_UNIT_ASSIGNED_CONTEXT ( ( #2378, #921, #521 ) ) REPRESENTATION_CONTEXT ( 'NONE', 'WORKASPACE' ) );
#1569 = ORIENTED_EDGE ( 'NONE', *, *, #138, .T. ) ;
#1570 = CARTESIAN_POINT ( 'NONE',  ( -2.250000000000000000, -1.600000000000000089, 2.799999999999999378 ) ) ;
#1571 = MECHANICAL_DESIGN_GEOMETRIC_PRESENTATION_REPRESENTATION (  '', ( #1184 ), #554 ) ;
#1572 = COLOUR_RGB ( '',1.000000000000000000, 1.000000000000000000, 1.000000000000000000 ) ;
#1573 = PLANE ( 'NONE',  #506 ) ;
#1574 = SURFACE_STYLE_USAGE ( .BOTH. , #2214 ) ;
#1575 = VECTOR ( 'NONE', #362, 1000.000000000000000 ) ;
#1576 = ORIENTED_EDGE ( 'NONE', *, *, #878, .F. ) ;
#1577 = COLOUR_RGB ( '',1.000000000000000000, 1.000000000000000000, 1.000000000000000000 ) ;
#1578 = DIRECTION ( 'NONE',  ( 0.000000000000000000, 1.000000000000000000, 0.000000000000000000 ) ) ;
#1579 = DIRECTION ( 'NONE',  ( -1.000000000000000000, 0.000000000000000000, 0.000000000000000000 ) ) ;
#1580 = CARTESIAN_POINT ( 'NONE',  ( -2.200000000000000178, -1.574999999999999512, 0.000000000000000000 ) ) ;
#1581 = VERTEX_POINT ( 'NONE', #565 ) ;
#1582 =( GEOMETRIC_REPRESENTATION_CONTEXT ( 3 ) GLOBAL_UNCERTAINTY_ASSIGNED_CONTEXT ( ( #1043 ) ) GLOBAL_UNIT_ASSIGNED_CONTEXT ( ( #592, #988, #547 ) ) REPRESENTATION_CONTEXT ( 'NONE', 'WORKASPACE' ) );
#1583 = LINE ( 'NONE', #2375, #1575 ) ;
#1584 = MECHANICAL_DESIGN_GEOMETRIC_PRESENTATION_REPRESENTATION (  '', ( #1323 ), #276 ) ;
#1585 = ORIENTED_EDGE ( 'NONE', *, *, #615, .T. ) ;
#1586 =( NAMED_UNIT ( * ) SI_UNIT ( $, .STERADIAN. ) SOLID_ANGLE_UNIT ( ) );
#1587 = PRESENTATION_STYLE_ASSIGNMENT (( #1336 ) ) ;
#1588 = EDGE_CURVE ( 'NONE', #661, #2259, #2595, .T. ) ;
#1589 = STYLED_ITEM ( 'NONE', ( #208 ), #573 ) ;
#1590 = ORIENTED_EDGE ( 'NONE', *, *, #380, .T. ) ;
#1591 = DIRECTION ( 'NONE',  ( -1.000000000000000000, 0.000000000000000000, 0.000000000000000000 ) ) ;
#1592 = LINE ( 'NONE', #552, #2539 ) ;
#1593 = DIRECTION ( 'NONE',  ( 0.000000000000000000, 0.000000000000000000, -1.000000000000000000 ) ) ;
#1594 = FILL_AREA_STYLE_COLOUR ( '', #1808 ) ;
#1595 = DIRECTION ( 'NONE',  ( 0.000000000000000000, 0.000000000000000000, -1.000000000000000000 ) ) ;
#1596 =( NAMED_UNIT ( * ) SI_UNIT ( $, .STERADIAN. ) SOLID_ANGLE_UNIT ( ) );
#1597 = ORIENTED_EDGE ( 'NONE', *, *, #1425, .T. ) ;
#1598 = ORIENTED_EDGE ( 'NONE', *, *, #1191, .F. ) ;
#1599 = CARTESIAN_POINT ( 'NONE',  ( 2.100000000000000089, -1.600000000000000311, 1.879999999999999671 ) ) ;
#1600 = PLANE ( 'NONE',  #557 ) ;
#1601 = LINE ( 'NONE', #1240, #682 ) ;
#1602 = CARTESIAN_POINT ( 'NONE',  ( -1.500000000000000000, 0.9250000000000004885, 0.000000000000000000 ) ) ;
#1603 = COLOUR_RGB ( '',1.000000000000000000, 1.000000000000000000, 1.000000000000000000 ) ;
#1604 = FILL_AREA_STYLE ('',( #1229 ) ) ;
#1605 = EDGE_LOOP ( 'NONE', ( #815, #2387, #914, #2408 ) ) ;
#1606 = AXIS2_PLACEMENT_3D ( 'NONE', #527, #132, #1508 ) ;
#1607 = ORIENTED_EDGE ( 'NONE', *, *, #2599, .F. ) ;
#1608 = AXIS2_PLACEMENT_3D ( 'NONE', #2186, #1952, #731 ) ;
#1609 = DIRECTION ( 'NONE',  ( 0.000000000000000000, 1.000000000000000000, 0.000000000000000000 ) ) ;
#1610 = DIRECTION ( 'NONE',  ( 0.000000000000000000, 0.000000000000000000, -1.000000000000000000 ) ) ;
#1611 = AXIS2_PLACEMENT_3D ( 'NONE', #1244, #284, #2321 ) ;
#1612 = LINE ( 'NONE', #2219, #799 ) ;
#1613 = COLOUR_RGB ( '',1.000000000000000000, 1.000000000000000000, 1.000000000000000000 ) ;
#1614 = DIRECTION ( 'NONE',  ( 0.000000000000000000, 0.000000000000000000, 1.000000000000000000 ) ) ;
#1615 = VERTEX_POINT ( 'NONE', #1355 ) ;
#1616 = FILL_AREA_STYLE ('',( #1246 ) ) ;
#1617 = UNCERTAINTY_MEASURE_WITH_UNIT (LENGTH_MEASURE( 1.000000000000000082E-05 ), #863, 'distance_accuracy_value', 'NONE');
#1618 = MECHANICAL_DESIGN_GEOMETRIC_PRESENTATION_REPRESENTATION (  '', ( #949 ), #2283 ) ;
#1619 = DIRECTION ( 'NONE',  ( 0.000000000000000000, 0.000000000000000000, -1.000000000000000000 ) ) ;
#1620 = ORIENTED_EDGE ( 'NONE', *, *, #1566, .T. ) ;
#1621 =( NAMED_UNIT ( * ) PLANE_ANGLE_UNIT ( ) SI_UNIT ( $, .RADIAN. ) );
#1622 = VECTOR ( 'NONE', #2020, 1000.000000000000000 ) ;
#1623 = FILL_AREA_STYLE_COLOUR ( '', #605 ) ;
#1624 =( NAMED_UNIT ( * ) PLANE_ANGLE_UNIT ( ) SI_UNIT ( $, .RADIAN. ) );
#1625 = VECTOR ( 'NONE', #1989, 1000.000000000000000 ) ;
#1626 = ADVANCED_FACE ( 'NONE', ( #2256 ), #351, .F. ) ;
#1627 = PRESENTATION_STYLE_ASSIGNMENT (( #463 ) ) ;
#1628 = ADVANCED_FACE ( 'NONE', ( #1486 ), #2295, .F. ) ;
#1629 = CARTESIAN_POINT ( 'NONE',  ( 2.100000000000000089, 1.600000000000000089, 0.09999999999999982514 ) ) ;
#1630 = PLANE ( 'NONE',  #612 ) ;
#1631 = FACE_OUTER_BOUND ( 'NONE', #2607, .T. ) ;
#1632 = CARTESIAN_POINT ( 'NONE',  ( 2.100000000000000089, -0.8799999999999996714, 1.879999999999999671 ) ) ;
#1633 = ORIENTED_EDGE ( 'NONE', *, *, #325, .T. ) ;
#1634 = CARTESIAN_POINT ( 'NONE',  ( -1.500000000000000444, -0.9249999999999996003, 1.879999999999999671 ) ) ;
#1635 = CARTESIAN_POINT ( 'NONE',  ( 2.250000000000000000, -0.8799999999999996714, 1.879999999999999671 ) ) ;
#1636 = VERTEX_POINT ( 'NONE', #849 ) ;
#1637 = LINE ( 'NONE', #634, #2204 ) ;
#1638 = FILL_AREA_STYLE ('',( #1005 ) ) ;
#1639 = FILL_AREA_STYLE ('',( #1016 ) ) ;
#1640 = FILL_AREA_STYLE ('',( #1228 ) ) ;
#1641 = CARTESIAN_POINT ( 'NONE',  ( -1.500000000000000444, -0.9249999999999996003, 1.879999999999999671 ) ) ;
#1642 = VERTEX_POINT ( 'NONE', #252 ) ;
#1643 = LINE ( 'NONE', #1259, #1143 ) ;
#1644 = UNCERTAINTY_MEASURE_WITH_UNIT (LENGTH_MEASURE( 1.000000000000000082E-05 ), #9, 'distance_accuracy_value', 'NONE');
#1645 = STYLED_ITEM ( 'NONE', ( #1796 ), #965 ) ;
#1646 = VERTEX_POINT ( 'NONE', #28 ) ;
#1647 = CARTESIAN_POINT ( 'NONE',  ( 1.500000000000000444, -1.574999999999999512, 1.879999999999999671 ) ) ;
#1648 = PRESENTATION_LAYER_ASSIGNMENT (  '', '', ( #174 ) ) ;
#1649 = DIRECTION ( 'NONE',  ( 1.000000000000000000, 0.000000000000000000, 0.000000000000000000 ) ) ;
#1650 =( GEOMETRIC_REPRESENTATION_CONTEXT ( 3 ) GLOBAL_UNCERTAINTY_ASSIGNED_CONTEXT ( ( #42 ) ) GLOBAL_UNIT_ASSIGNED_CONTEXT ( ( #1557, #1939, #2191 ) ) REPRESENTATION_CONTEXT ( 'NONE', 'WORKASPACE' ) );
#1651 = CARTESIAN_POINT ( 'NONE',  ( -2.200000000000000178, 1.575000000000000400, 1.979999999999999982 ) ) ;
#1652 = VECTOR ( 'NONE', #2395, 1000.000000000000000 ) ;
#1653 = DIRECTION ( 'NONE',  ( 1.000000000000000000, 0.000000000000000000, 0.000000000000000000 ) ) ;
#1654 = UNCERTAINTY_MEASURE_WITH_UNIT (LENGTH_MEASURE( 1.000000000000000082E-05 ), #909, 'distance_accuracy_value', 'NONE');
#1655 = CARTESIAN_POINT ( 'NONE',  ( 1.500000000000000000, 1.575000000000000178, 1.979999999999999982 ) ) ;
#1656 = PRESENTATION_LAYER_ASSIGNMENT (  '', '', ( #182 ) ) ;
#1657 = DIRECTION ( 'NONE',  ( 1.000000000000000000, 0.000000000000000000, 0.000000000000000000 ) ) ;
#1658 = VERTEX_POINT ( 'NONE', #1884 ) ;
#1659 = CARTESIAN_POINT ( 'NONE',  ( 2.200000000000000178, 1.575000000000000178, 0.000000000000000000 ) ) ;
#1660 = VERTEX_POINT ( 'NONE', #867 ) ;
#1661 = EDGE_CURVE ( 'NONE', #201, #1660, #2072, .T. ) ;
#1662 = ADVANCED_FACE ( 'NONE', ( #659 ), #457, .F. ) ;
#1663 =( NAMED_UNIT ( * ) SI_UNIT ( $, .STERADIAN. ) SOLID_ANGLE_UNIT ( ) );
#1664 = AXIS2_PLACEMENT_3D ( 'NONE', #1932, #754, #317 ) ;
#1665 =( NAMED_UNIT ( * ) PLANE_ANGLE_UNIT ( ) SI_UNIT ( $, .RADIAN. ) );
#1666 = CARTESIAN_POINT ( 'NONE',  ( 1.500000000000000000, 1.575000000000000178, 1.979999999999999982 ) ) ;
#1667 = ORIENTED_EDGE ( 'NONE', *, *, #566, .T. ) ;
#1668 = FILL_AREA_STYLE_COLOUR ( '', #1829 ) ;
#1669 = CARTESIAN_POINT ( 'NONE',  ( -2.250000000000000000, -1.599999999999999645, 1.879999999999999671 ) ) ;
#1670 = SURFACE_SIDE_STYLE ('',( #1706 ) ) ;
#1671 = ORIENTED_EDGE ( 'NONE', *, *, #743, .F. ) ;
#1672 =( NAMED_UNIT ( * ) SI_UNIT ( $, .STERADIAN. ) SOLID_ANGLE_UNIT ( ) );
#1673 = LINE ( 'NONE', #1941, #2268 ) ;
#1674 = CARTESIAN_POINT ( 'NONE',  ( -1.500000000000000444, 1.575000000000000400, 1.879999999999999671 ) ) ;
#1675 = CARTESIAN_POINT ( 'NONE',  ( 1.500000000000000000, -1.574999999999999512, 0.1000000000000002554 ) ) ;
#1676 = ORIENTED_EDGE ( 'NONE', *, *, #999, .T. ) ;
#1677 =( NAMED_UNIT ( * ) PLANE_ANGLE_UNIT ( ) SI_UNIT ( $, .RADIAN. ) );
#1678 = ORIENTED_EDGE ( 'NONE', *, *, #1736, .F. ) ;
#1679 = CARTESIAN_POINT ( 'NONE',  ( -2.100000000000000089, -1.600000000000000089, 0.09999999999999982514 ) ) ;
#1680 =( NAMED_UNIT ( * ) SI_UNIT ( $, .STERADIAN. ) SOLID_ANGLE_UNIT ( ) );
#1681 = EDGE_LOOP ( 'NONE', ( #469, #389, #1233, #1010 ) ) ;
#1682 = VECTOR ( 'NONE', #2122, 1000.000000000000000 ) ;
#1683 = FILL_AREA_STYLE_COLOUR ( '', #1344 ) ;
#1684 = COLOUR_RGB ( '',1.000000000000000000, 1.000000000000000000, 1.000000000000000000 ) ;
#1685 = MECHANICAL_DESIGN_GEOMETRIC_PRESENTATION_REPRESENTATION (  '', ( #2104 ), #57 ) ;
#1686 = MECHANICAL_DESIGN_GEOMETRIC_PRESENTATION_REPRESENTATION (  '', ( #809 ), #1354 ) ;
#1687 = FILL_AREA_STYLE_COLOUR ( '', #2493 ) ;
#1688 = EDGE_CURVE ( 'NONE', #1565, #1658, #2038, .T. ) ;
#1689 = SHAPE_DEFINITION_REPRESENTATION ( #1885, #596 ) ;
#1690 = AXIS2_PLACEMENT_3D ( 'NONE', #1390, #1192, #2056 ) ;
#1691 = VECTOR ( 'NONE', #1718, 1000.000000000000000 ) ;
#1692 = ORIENTED_EDGE ( 'NONE', *, *, #1898, .T. ) ;
#1693 = VECTOR ( 'NONE', #1999, 1000.000000000000000 ) ;
#1694 = VERTEX_POINT ( 'NONE', #1017 ) ;
#1695 =( NAMED_UNIT ( * ) PLANE_ANGLE_UNIT ( ) SI_UNIT ( $, .RADIAN. ) );
#1696 = PRESENTATION_LAYER_ASSIGNMENT (  '', '', ( #1536 ) ) ;
#1697 =( NAMED_UNIT ( * ) PLANE_ANGLE_UNIT ( ) SI_UNIT ( $, .RADIAN. ) );
#1698 = ADVANCED_FACE ( 'NONE', ( #1631 ), #728, .T. ) ;
#1699 =( GEOMETRIC_REPRESENTATION_CONTEXT ( 3 ) GLOBAL_UNCERTAINTY_ASSIGNED_CONTEXT ( ( #441 ) ) GLOBAL_UNIT_ASSIGNED_CONTEXT ( ( #2442, #2591, #122 ) ) REPRESENTATION_CONTEXT ( 'NONE', 'WORKASPACE' ) );
#1700 = PRESENTATION_LAYER_ASSIGNMENT (  '', '', ( #1323 ) ) ;
#1701 = EDGE_CURVE ( 'NONE', #2553, #1457, #1498, .T. ) ;
#1702 = CARTESIAN_POINT ( 'NONE',  ( -2.100000000000000089, -0.9249999999999996003, 1.879999999999999671 ) ) ;
#1703 = VERTEX_POINT ( 'NONE', #744 ) ;
#1704 = CARTESIAN_POINT ( 'NONE',  ( -2.100000000000000089, -0.8499999999999997558, 0.09999999999999982514 ) ) ;
#1705 = DIRECTION ( 'NONE',  ( 1.218204688185959817E-16, 0.000000000000000000, -1.000000000000000000 ) ) ;
#1706 = SURFACE_STYLE_FILL_AREA ( #77 ) ;
#1707 = ORIENTED_EDGE ( 'NONE', *, *, #1264, .T. ) ;
#1708 = DIRECTION ( 'NONE',  ( -0.000000000000000000, 0.9998580027287873317, 0.01685153937183330938 ) ) ;
#1709 = LINE ( 'NONE', #2538, #2314 ) ;
#1710 = SURFACE_SIDE_STYLE ('',( #529 ) ) ;
#1711 = ORIENTED_EDGE ( 'NONE', *, *, #1510, .T. ) ;
#1712 = VERTEX_POINT ( 'NONE', #2552 ) ;
#1713 = SURFACE_SIDE_STYLE ('',( #2348 ) ) ;
#1714 = DIRECTION ( 'NONE',  ( 1.000000000000000000, 0.000000000000000000, 0.000000000000000000 ) ) ;
#1715 = DIRECTION ( 'NONE',  ( 0.000000000000000000, 0.000000000000000000, 1.000000000000000000 ) ) ;
#1716 = CARTESIAN_POINT ( 'NONE',  ( 2.100000000000000089, -1.600000000000000311, 1.879999999999999671 ) ) ;
#1717 = STYLED_ITEM ( 'NONE', ( #1452 ), #995 ) ;
#1718 = DIRECTION ( 'NONE',  ( 1.000000000000000000, 0.000000000000000000, 0.000000000000000000 ) ) ;
#1719 = FILL_AREA_STYLE ('',( #2576 ) ) ;
#1720 = DIRECTION ( 'NONE',  ( 0.000000000000000000, -1.000000000000000000, 0.000000000000000000 ) ) ;
#1721 = UNCERTAINTY_MEASURE_WITH_UNIT (LENGTH_MEASURE( 1.000000000000000082E-05 ), #1410, 'distance_accuracy_value', 'NONE');
#1722 = CARTESIAN_POINT ( 'NONE',  ( 1.500000000000000000, -1.574999999999999512, 0.1000000000000002554 ) ) ;
#1723 = PRESENTATION_LAYER_ASSIGNMENT (  '', '', ( #1265 ) ) ;
#1724 = FILL_AREA_STYLE_COLOUR ( '', #767 ) ;
#1725 = EDGE_CURVE ( 'NONE', #1197, #1405, #703, .T. ) ;
#1726 = ORIENTED_EDGE ( 'NONE', *, *, #1466, .F. ) ;
#1727 = EDGE_CURVE ( 'NONE', #1694, #1022, #1921, .T. ) ;
#1728 = SURFACE_STYLE_FILL_AREA ( #1956 ) ;
#1729 =( GEOMETRIC_REPRESENTATION_CONTEXT ( 3 ) GLOBAL_UNCERTAINTY_ASSIGNED_CONTEXT ( ( #2335 ) ) GLOBAL_UNIT_ASSIGNED_CONTEXT ( ( #1554, #1825, #1596 ) ) REPRESENTATION_CONTEXT ( 'NONE', 'WORKASPACE' ) );
#1730 = VECTOR ( 'NONE', #2499, 1000.000000000000000 ) ;
#1731 = DIRECTION ( 'NONE',  ( -1.000000000000000000, 0.000000000000000000, 0.000000000000000000 ) ) ;
#1732 = VECTOR ( 'NONE', #1759, 1000.000000000000000 ) ;
#1733 = EDGE_CURVE ( 'NONE', #33, #85, #926, .T. ) ;
#1734 = ORIENTED_EDGE ( 'NONE', *, *, #2349, .T. ) ;
#1735 = CARTESIAN_POINT ( 'NONE',  ( -2.200000000000000178, -0.9249999999999996003, 0.000000000000000000 ) ) ;
#1736 = EDGE_CURVE ( 'NONE', #294, #2333, #2113, .T. ) ;
#1737 = LINE ( 'NONE', #1777, #1277 ) ;
#1738 = LINE ( 'NONE', #2179, #250 ) ;
#1739 = AXIS2_PLACEMENT_3D ( 'NONE', #1512, #2345, #1489 ) ;
#1740 = DIRECTION ( 'NONE',  ( 1.000000000000000000, 0.000000000000000000, 0.000000000000000000 ) ) ;
#1741 = ORIENTED_EDGE ( 'NONE', *, *, #1466, .T. ) ;
#1742 = PRESENTATION_LAYER_ASSIGNMENT (  '', '', ( #905 ) ) ;
#1743 = STYLED_ITEM ( 'NONE', ( #665 ), #452 ) ;
#1744 = ORIENTED_EDGE ( 'NONE', *, *, #1836, .T. ) ;
#1745 = FACE_OUTER_BOUND ( 'NONE', #876, .T. ) ;
#1746 = FILL_AREA_STYLE ('',( #156 ) ) ;
#1747 = CARTESIAN_POINT ( 'NONE',  ( 1.500000000000000000, -0.9249999999999996003, 1.979999999999999982 ) ) ;
#1748 = ORIENTED_EDGE ( 'NONE', *, *, #2322, .T. ) ;
#1749 = LINE ( 'NONE', #752, #1539 ) ;
#1750 = DIRECTION ( 'NONE',  ( -1.000000000000000000, 0.000000000000000000, 0.000000000000000000 ) ) ;
#1751 = SURFACE_STYLE_USAGE ( .BOTH. , #2617 ) ;
#1752 = EDGE_CURVE ( 'NONE', #1814, #2271, #2153, .T. ) ;
#1753 = CARTESIAN_POINT ( 'NONE',  ( 1.500000000000000000, 0.9250000000000002665, 1.979999999999999982 ) ) ;
#1754 = DIRECTION ( 'NONE',  ( -1.000000000000000000, 0.000000000000000000, 0.000000000000000000 ) ) ;
#1755 = LINE ( 'NONE', #774, #2137 ) ;
#1756 = ORIENTED_EDGE ( 'NONE', *, *, #2497, .F. ) ;
#1757 = FILL_AREA_STYLE_COLOUR ( '', #90 ) ;
#1758 = LINE ( 'NONE', #338, #2441 ) ;
#1759 = DIRECTION ( 'NONE',  ( 1.000000000000000000, 0.000000000000000000, 0.000000000000000000 ) ) ;
#1760 = DIRECTION ( 'NONE',  ( 0.000000000000000000, -1.000000000000000000, 0.000000000000000000 ) ) ;
#1761 = ORIENTED_EDGE ( 'NONE', *, *, #755, .F. ) ;
#1762 = DIRECTION ( 'NONE',  ( 1.000000000000000000, 0.000000000000000000, 0.000000000000000000 ) ) ;
#1763 = FACE_OUTER_BOUND ( 'NONE', #2281, .T. ) ;
#1764 = SURFACE_STYLE_FILL_AREA ( #1719 ) ;
#1765 = PRESENTATION_LAYER_ASSIGNMENT (  '', '', ( #1431 ) ) ;
#1766 = ORIENTED_EDGE ( 'NONE', *, *, #2021, .F. ) ;
#1767 = VECTOR ( 'NONE', #1899, 1000.000000000000000 ) ;
#1768 = EDGE_CURVE ( 'NONE', #1975, #591, #283, .T. ) ;
#1769 = STYLED_ITEM ( 'NONE', ( #580 ), #1467 ) ;
#1770 = VERTEX_POINT ( 'NONE', #133 ) ;
#1771 = DIRECTION ( 'NONE',  ( 0.000000000000000000, 0.000000000000000000, -1.000000000000000000 ) ) ;
#1772 = VECTOR ( 'NONE', #2332, 1000.000000000000000 ) ;
#1773 = FILL_AREA_STYLE ('',( #2596 ) ) ;
#1774 = VECTOR ( 'NONE', #2483, 1000.000000000000000 ) ;
#1775 = EDGE_LOOP ( 'NONE', ( #1744, #904, #1298, #2572 ) ) ;
#1776 = CARTESIAN_POINT ( 'NONE',  ( -2.100000000000000089, 0.8500000000000003109, 1.879999999999999671 ) ) ;
#1777 = CARTESIAN_POINT ( 'NONE',  ( 2.100000000000000089, 0.8500000000000003109, 1.879999999999999671 ) ) ;
#1778 = PRESENTATION_LAYER_ASSIGNMENT (  '', '', ( #559 ) ) ;
#1779 = DIRECTION ( 'NONE',  ( 1.218204688185959817E-16, 0.000000000000000000, -1.000000000000000000 ) ) ;
#1780 = COLOUR_RGB ( '',1.000000000000000000, 1.000000000000000000, 1.000000000000000000 ) ;
#1781 = FILL_AREA_STYLE ('',( #2181 ) ) ;
#1782 = SURFACE_SIDE_STYLE ('',( #824 ) ) ;
#1783 = EDGE_CURVE ( 'NONE', #1492, #2413, #696, .T. ) ;
#1784 = AXIS2_PLACEMENT_3D ( 'NONE', #336, #1380, #2388 ) ;
#1785 = SURFACE_STYLE_FILL_AREA ( #1604 ) ;
#1786 = STYLED_ITEM ( 'NONE', ( #2036 ), #806 ) ;
#1787 = COLOUR_RGB ( '',1.000000000000000000, 1.000000000000000000, 1.000000000000000000 ) ;
#1788 = EDGE_LOOP ( 'NONE', ( #492, #2000, #879, #81 ) ) ;
#1789 = FILL_AREA_STYLE ('',( #734 ) ) ;
#1790 = SURFACE_SIDE_STYLE ('',( #2013 ) ) ;
#1791 = LINE ( 'NONE', #937, #267 ) ;
#1792 = VERTEX_POINT ( 'NONE', #710 ) ;
#1793 = DIRECTION ( 'NONE',  ( 0.000000000000000000, -1.000000000000000000, 0.000000000000000000 ) ) ;
#1794 = DIRECTION ( 'NONE',  ( 0.000000000000000000, 0.000000000000000000, -1.000000000000000000 ) ) ;
#1795 = PRESENTATION_STYLE_ASSIGNMENT (( #1168 ) ) ;
#1796 = PRESENTATION_STYLE_ASSIGNMENT (( #588 ) ) ;
#1797 =( NAMED_UNIT ( * ) SI_UNIT ( $, .STERADIAN. ) SOLID_ANGLE_UNIT ( ) );
#1798 = LINE ( 'NONE', #1018, #1313 ) ;
#1799 = ORIENTED_EDGE ( 'NONE', *, *, #1701, .T. ) ;
#1800 = UNCERTAINTY_MEASURE_WITH_UNIT (LENGTH_MEASURE( 1.000000000000000082E-05 ), #2162, 'distance_accuracy_value', 'NONE');
#1801 = CARTESIAN_POINT ( 'NONE',  ( 1.500000000000000000, 0.9250000000000002665, 1.979999999999999982 ) ) ;
#1802 = ORIENTED_EDGE ( 'NONE', *, *, #2639, .F. ) ;
#1803 =( NAMED_UNIT ( * ) SI_UNIT ( $, .STERADIAN. ) SOLID_ANGLE_UNIT ( ) );
#1804 = FACE_OUTER_BOUND ( 'NONE', #1035, .T. ) ;
#1805 = DIRECTION ( 'NONE',  ( 0.000000000000000000, -1.000000000000000000, 0.000000000000000000 ) ) ;
#1806 = SURFACE_STYLE_FILL_AREA ( #205 ) ;
#1807 =( NAMED_UNIT ( * ) PLANE_ANGLE_UNIT ( ) SI_UNIT ( $, .RADIAN. ) );
#1808 = COLOUR_RGB ( '',1.000000000000000000, 1.000000000000000000, 1.000000000000000000 ) ;
#1809 = VERTEX_POINT ( 'NONE', #84 ) ;
#1810 = AXIS2_PLACEMENT_3D ( 'NONE', #872, #236, #1649 ) ;
#1811 = LINE ( 'NONE', #2282, #1496 ) ;
#1812 = EDGE_CURVE ( 'NONE', #1382, #1492, #490, .T. ) ;
#1813 = SURFACE_STYLE_FILL_AREA ( #2074 ) ;
#1814 = VERTEX_POINT ( 'NONE', #888 ) ;
#1815 = LINE ( 'NONE', #1209, #739 ) ;
#1816 = AXIS2_PLACEMENT_3D ( 'NONE', #1514, #1896, #1278 ) ;
#1817 = VECTOR ( 'NONE', #382, 1000.000000000000000 ) ;
#1818 = ADVANCED_FACE ( 'NONE', ( #2590 ), #2355, .F. ) ;
#1819 = FILL_AREA_STYLE ('',( #1623 ) ) ;
#1820 = SURFACE_SIDE_STYLE ('',( #2453 ) ) ;
#1821 = EDGE_CURVE ( 'NONE', #484, #1809, #2005, .T. ) ;
#1822 = MECHANICAL_DESIGN_GEOMETRIC_PRESENTATION_REPRESENTATION (  '', ( #559 ), #1102 ) ;
#1823 = DIRECTION ( 'NONE',  ( 1.000000000000000000, 0.000000000000000000, 0.000000000000000000 ) ) ;
#1824 = FACE_OUTER_BOUND ( 'NONE', #2585, .T. ) ;
#1825 =( NAMED_UNIT ( * ) PLANE_ANGLE_UNIT ( ) SI_UNIT ( $, .RADIAN. ) );
#1826 = COLOUR_RGB ( '',1.000000000000000000, 1.000000000000000000, 1.000000000000000000 ) ;
#1827 = EDGE_LOOP ( 'NONE', ( #297, #756, #2624, #2565 ) ) ;
#1828 =( NAMED_UNIT ( * ) SI_UNIT ( $, .STERADIAN. ) SOLID_ANGLE_UNIT ( ) );
#1829 = COLOUR_RGB ( '',1.000000000000000000, 1.000000000000000000, 1.000000000000000000 ) ;
#1830 = VECTOR ( 'NONE', #2501, 1000.000000000000000 ) ;
#1831 = ORIENTED_EDGE ( 'NONE', *, *, #417, .T. ) ;
#1832 = VECTOR ( 'NONE', #2264, 1000.000000000000000 ) ;
#1833 = MECHANICAL_DESIGN_GEOMETRIC_PRESENTATION_REPRESENTATION (  '', ( #1070 ), #1285 ) ;
#1834 = CARTESIAN_POINT ( 'NONE',  ( 2.100000000000000089, 0.9250000000000002665, 0.1000000000000002554 ) ) ;
#1835 = PLANE ( 'NONE',  #2177 ) ;
#1836 = EDGE_CURVE ( 'NONE', #1022, #2158, #1562, .T. ) ;
#1837 = PRODUCT ( 'ACT45', 'ACT45', '', ( #1269 ) ) ;
#1838 = UNCERTAINTY_MEASURE_WITH_UNIT (LENGTH_MEASURE( 1.000000000000000082E-05 ), #2082, 'distance_accuracy_value', 'NONE');
#1839 = PRESENTATION_STYLE_ASSIGNMENT (( #1212 ) ) ;
#1840 = DIRECTION ( 'NONE',  ( 0.000000000000000000, -1.000000000000000000, 0.000000000000000000 ) ) ;
#1841 =( NAMED_UNIT ( * ) PLANE_ANGLE_UNIT ( ) SI_UNIT ( $, .RADIAN. ) );
#1842 = DIRECTION ( 'NONE',  ( 1.000000000000000000, 0.000000000000000000, 0.000000000000000000 ) ) ;
#1843 = ORIENTED_EDGE ( 'NONE', *, *, #1205, .F. ) ;
#1844 =( NAMED_UNIT ( * ) SI_UNIT ( $, .STERADIAN. ) SOLID_ANGLE_UNIT ( ) );
#1845 = FILL_AREA_STYLE_COLOUR ( '', #2535 ) ;
#1846 = ORIENTED_EDGE ( 'NONE', *, *, #162, .T. ) ;
#1847 = SURFACE_SIDE_STYLE ('',( #1458 ) ) ;
#1848 =( NAMED_UNIT ( * ) SI_UNIT ( $, .STERADIAN. ) SOLID_ANGLE_UNIT ( ) );
#1849 = FILL_AREA_STYLE ('',( #883 ) ) ;
#1850 = CARTESIAN_POINT ( 'NONE',  ( -2.100000000000000089, 1.600000000000000089, 1.879999999999999671 ) ) ;
#1851 = SURFACE_SIDE_STYLE ('',( #1534 ) ) ;
#1852 = EDGE_CURVE ( 'NONE', #579, #2188, #371, .T. ) ;
#1853 = ORIENTED_EDGE ( 'NONE', *, *, #1039, .T. ) ;
#1854 = EDGE_CURVE ( 'NONE', #2123, #1179, #2238, .T. ) ;
#1855 = FACE_OUTER_BOUND ( 'NONE', #450, .T. ) ;
#1856 =( NAMED_UNIT ( * ) PLANE_ANGLE_UNIT ( ) SI_UNIT ( $, .RADIAN. ) );
#1857 = UNCERTAINTY_MEASURE_WITH_UNIT (LENGTH_MEASURE( 1.000000000000000082E-05 ), #307, 'distance_accuracy_value', 'NONE');
#1858 =( GEOMETRIC_REPRESENTATION_CONTEXT ( 3 ) GLOBAL_UNCERTAINTY_ASSIGNED_CONTEXT ( ( #1617 ) ) GLOBAL_UNIT_ASSIGNED_CONTEXT ( ( #863, #886, #1882 ) ) REPRESENTATION_CONTEXT ( 'NONE', 'WORKASPACE' ) );
#1859 = EDGE_LOOP ( 'NONE', ( #1891, #1335, #2344, #2543 ) ) ;
#1860 = LINE ( 'NONE', #1647, #1880 ) ;
#1861 = VECTOR ( 'NONE', #1506, 1000.000000000000000 ) ;
#1862 = SURFACE_STYLE_FILL_AREA ( #1819 ) ;
#1863 =( NAMED_UNIT ( * ) PLANE_ANGLE_UNIT ( ) SI_UNIT ( $, .RADIAN. ) );
#1864 = VECTOR ( 'NONE', #1971, 1000.000000000000000 ) ;
#1865 = UNCERTAINTY_MEASURE_WITH_UNIT (LENGTH_MEASURE( 1.000000000000000082E-05 ), #778, 'distance_accuracy_value', 'NONE');
#1866 = COLOUR_RGB ( '',1.000000000000000000, 1.000000000000000000, 1.000000000000000000 ) ;
#1867 = FILL_AREA_STYLE_COLOUR ( '', #898 ) ;
#1868 = VECTOR ( 'NONE', #2502, 1000.000000000000000 ) ;
#1869 = LINE ( 'NONE', #2512, #1217 ) ;
#1870 = CARTESIAN_POINT ( 'NONE',  ( 2.200000000000000178, -0.9249999999999996003, 1.979999999999999982 ) ) ;
#1871 =( GEOMETRIC_REPRESENTATION_CONTEXT ( 3 ) GLOBAL_UNCERTAINTY_ASSIGNED_CONTEXT ( ( #729 ) ) GLOBAL_UNIT_ASSIGNED_CONTEXT ( ( #635, #1221, #21 ) ) REPRESENTATION_CONTEXT ( 'NONE', 'WORKASPACE' ) );
#1872 = ORIENTED_EDGE ( 'NONE', *, *, #370, .T. ) ;
#1873 = CARTESIAN_POINT ( 'NONE',  ( -2.100000000000000089, -1.599999999999999645, 1.879999999999999671 ) ) ;
#1874 = ORIENTED_EDGE ( 'NONE', *, *, #224, .T. ) ;
#1875 = PLANE ( 'NONE',  #2550 ) ;
#1876 = COLOUR_RGB ( '',1.000000000000000000, 1.000000000000000000, 1.000000000000000000 ) ;
#1877 =( LENGTH_UNIT ( ) NAMED_UNIT ( * ) SI_UNIT ( .MILLI., .METRE. ) );
#1878 = SURFACE_STYLE_USAGE ( .BOTH. , #486 ) ;
#1879 =( GEOMETRIC_REPRESENTATION_CONTEXT ( 3 ) GLOBAL_UNCERTAINTY_ASSIGNED_CONTEXT ( ( #1252 ) ) GLOBAL_UNIT_ASSIGNED_CONTEXT ( ( #1226, #1807, #783 ) ) REPRESENTATION_CONTEXT ( 'NONE', 'WORKASPACE' ) );
#1880 = VECTOR ( 'NONE', #651, 1000.000000000000000 ) ;
#1881 = CARTESIAN_POINT ( 'NONE',  ( 2.100000000000000089, 1.600000000000000089, 1.879999999999999671 ) ) ;
#1882 =( NAMED_UNIT ( * ) SI_UNIT ( $, .STERADIAN. ) SOLID_ANGLE_UNIT ( ) );
#1883 = FACE_OUTER_BOUND ( 'NONE', #2635, .T. ) ;
#1884 = CARTESIAN_POINT ( 'NONE',  ( 1.500000000000000000, 1.575000000000000178, 0.1000000000000002554 ) ) ;
#1885 = PRODUCT_DEFINITION_SHAPE ( 'NONE', 'NONE',  #1515 ) ;
#1886 = ORIENTED_EDGE ( 'NONE', *, *, #2639, .T. ) ;
#1887 =( NAMED_UNIT ( * ) SI_UNIT ( $, .STERADIAN. ) SOLID_ANGLE_UNIT ( ) );
#1888 = ORIENTED_EDGE ( 'NONE', *, *, #140, .F. ) ;
#1889 = FILL_AREA_STYLE ('',( #505 ) ) ;
#1890 = FILL_AREA_STYLE_COLOUR ( '', #2452 ) ;
#1891 = ORIENTED_EDGE ( 'NONE', *, *, #823, .T. ) ;
#1892 = SURFACE_STYLE_FILL_AREA ( #97 ) ;
#1893 = DIRECTION ( 'NONE',  ( -1.000000000000000000, 0.000000000000000000, 0.000000000000000000 ) ) ;
#1894 = VERTEX_POINT ( 'NONE', #192 ) ;
#1895 = DIRECTION ( 'NONE',  ( 0.000000000000000000, 0.000000000000000000, 1.000000000000000000 ) ) ;
#1896 = DIRECTION ( 'NONE',  ( 0.000000000000000000, -1.000000000000000000, 0.000000000000000000 ) ) ;
#1897 = ORIENTED_EDGE ( 'NONE', *, *, #2400, .F. ) ;
#1898 = EDGE_CURVE ( 'NONE', #1792, #285, #175, .T. ) ;
#1899 = DIRECTION ( 'NONE',  ( 0.000000000000000000, 1.000000000000000000, 0.000000000000000000 ) ) ;
#1900 = ORIENTED_EDGE ( 'NONE', *, *, #2114, .T. ) ;
#1901 = ADVANCED_FACE ( 'NONE', ( #2199 ), #792, .F. ) ;
#1902 =( GEOMETRIC_REPRESENTATION_CONTEXT ( 3 ) GLOBAL_UNCERTAINTY_ASSIGNED_CONTEXT ( ( #620 ) ) GLOBAL_UNIT_ASSIGNED_CONTEXT ( ( #2275, #2065, #2534 ) ) REPRESENTATION_CONTEXT ( 'NONE', 'WORKASPACE' ) );
#1903 = LINE ( 'NONE', #2313, #1400 ) ;
#1904 = PRESENTATION_LAYER_ASSIGNMENT (  '', '', ( #2398 ) ) ;
#1905 = VECTOR ( 'NONE', #1740, 1000.000000000000000 ) ;
#1906 = DIRECTION ( 'NONE',  ( 1.000000000000000000, 0.000000000000000000, 0.000000000000000000 ) ) ;
#1907 = PRESENTATION_LAYER_ASSIGNMENT (  '', '', ( #2232 ) ) ;
#1908 = ORIENTED_EDGE ( 'NONE', *, *, #852, .F. ) ;
#1909 = CARTESIAN_POINT ( 'NONE',  ( 2.100000000000000089, 1.575000000000000178, 0.1000000000000002554 ) ) ;
#1910 = UNCERTAINTY_MEASURE_WITH_UNIT (LENGTH_MEASURE( 1.000000000000000082E-05 ), #1378, 'distance_accuracy_value', 'NONE');
#1911 = VECTOR ( 'NONE', #1420, 1000.000000000000227 ) ;
#1912 = FILL_AREA_STYLE_COLOUR ( '', #686 ) ;
#1913 = ORIENTED_EDGE ( 'NONE', *, *, #1752, .F. ) ;
#1914 = CARTESIAN_POINT ( 'NONE',  ( -1.500000000000000000, -0.9249999999999996003, 0.000000000000000000 ) ) ;
#1915 = ORIENTED_EDGE ( 'NONE', *, *, #1854, .F. ) ;
#1916 = DIRECTION ( 'NONE',  ( 0.000000000000000000, 1.000000000000000000, 0.000000000000000000 ) ) ;
#1917 = LINE ( 'NONE', #925, #2615 ) ;
#1918 = VECTOR ( 'NONE', #2384, 1000.000000000000000 ) ;
#1919 = VECTOR ( 'NONE', #1255, 1000.000000000000000 ) ;
#1920 = PRESENTATION_LAYER_ASSIGNMENT (  '', '', ( #2014 ) ) ;
#1921 = LINE ( 'NONE', #1702, #766 ) ;
#1922 = VERTEX_POINT ( 'NONE', #1386 ) ;
#1923 = LINE ( 'NONE', #2544, #1145 ) ;
#1924 =( NAMED_UNIT ( * ) SI_UNIT ( $, .STERADIAN. ) SOLID_ANGLE_UNIT ( ) );
#1925 = VERTEX_POINT ( 'NONE', #2218 ) ;
#1926 =( NAMED_UNIT ( * ) PLANE_ANGLE_UNIT ( ) SI_UNIT ( $, .RADIAN. ) );
#1927 =( NAMED_UNIT ( * ) SI_UNIT ( $, .STERADIAN. ) SOLID_ANGLE_UNIT ( ) );
#1928 = DIRECTION ( 'NONE',  ( 1.000000000000000000, 0.000000000000000000, 0.000000000000000000 ) ) ;
#1929 = CARTESIAN_POINT ( 'NONE',  ( 2.100000000000000089, 0.8500000000000003109, 0.09999999999999982514 ) ) ;
#1930 = ADVANCED_FACE ( 'NONE', ( #597 ), #2018, .F. ) ;
#1931 = FILL_AREA_STYLE ('',( #2139 ) ) ;
#1932 = CARTESIAN_POINT ( 'NONE',  ( 1.500000000000000000, 1.575000000000000178, 1.979999999999999982 ) ) ;
#1933 = SURFACE_SIDE_STYLE ('',( #178 ) ) ;
#1934 = EDGE_CURVE ( 'NONE', #2123, #622, #1253, .T. ) ;
#1935 = ADVANCED_FACE ( 'NONE', ( #2054 ), #2254, .F. ) ;
#1936 = ORIENTED_EDGE ( 'NONE', *, *, #1384, .F. ) ;
#1937 = DIRECTION ( 'NONE',  ( 0.000000000000000000, 1.000000000000000000, 0.000000000000000000 ) ) ;
#1938 = DIRECTION ( 'NONE',  ( 1.000000000000000000, 0.000000000000000000, 0.000000000000000000 ) ) ;
#1939 =( NAMED_UNIT ( * ) PLANE_ANGLE_UNIT ( ) SI_UNIT ( $, .RADIAN. ) );
#1940 = LINE ( 'NONE', #1337, #475 ) ;
#1941 = CARTESIAN_POINT ( 'NONE',  ( 2.100000000000000089, -0.9249999999999996003, 0.1000000000000002554 ) ) ;
#1942 = ORIENTED_EDGE ( 'NONE', *, *, #724, .T. ) ;
#1943 = SURFACE_STYLE_USAGE ( .BOTH. , #1851 ) ;
#1944 = DIRECTION ( 'NONE',  ( 1.000000000000000000, 0.000000000000000000, 0.000000000000000000 ) ) ;
#1945 = CARTESIAN_POINT ( 'NONE',  ( 1.500000000000000000, -1.574999999999999512, 1.979999999999999982 ) ) ;
#1946 = VECTOR ( 'NONE', #1794, 1000.000000000000000 ) ;
#1947 = DIRECTION ( 'NONE',  ( 0.000000000000000000, 1.000000000000000000, 0.000000000000000000 ) ) ;
#1948 = UNCERTAINTY_MEASURE_WITH_UNIT (LENGTH_MEASURE( 1.000000000000000082E-05 ), #2250, 'distance_accuracy_value', 'NONE');
#1949 = CARTESIAN_POINT ( 'NONE',  ( 1.500000000000000000, -0.9249999999999996003, 1.979999999999999982 ) ) ;
#1950 = FACE_OUTER_BOUND ( 'NONE', #618, .T. ) ;
#1951 = PRESENTATION_LAYER_ASSIGNMENT (  '', '', ( #2578 ) ) ;
#1952 = DIRECTION ( 'NONE',  ( -1.000000000000000000, 0.000000000000000000, 0.000000000000000000 ) ) ;
#1953 =( GEOMETRIC_REPRESENTATION_CONTEXT ( 3 ) GLOBAL_UNCERTAINTY_ASSIGNED_CONTEXT ( ( #1331 ) ) GLOBAL_UNIT_ASSIGNED_CONTEXT ( ( #571, #396, #2178 ) ) REPRESENTATION_CONTEXT ( 'NONE', 'WORKASPACE' ) );
#1954 = ORIENTED_EDGE ( 'NONE', *, *, #1075, .T. ) ;
#1955 = SURFACE_STYLE_USAGE ( .BOTH. , #1162 ) ;
#1956 = FILL_AREA_STYLE ('',( #1132 ) ) ;
#1957 = VECTOR ( 'NONE', #1135, 1000.000000000000000 ) ;
#1958 = SURFACE_STYLE_FILL_AREA ( #536 ) ;
#1959 = EDGE_CURVE ( 'NONE', #350, #2188, #453, .T. ) ;
#1960 = CARTESIAN_POINT ( 'NONE',  ( 1.500000000000000000, -1.574999999999999512, 1.979999999999999982 ) ) ;
#1961 = DIRECTION ( 'NONE',  ( -1.218204688185959817E-16, 0.000000000000000000, -1.000000000000000000 ) ) ;
#1962 = EDGE_LOOP ( 'NONE', ( #1395, #747, #2450, #476 ) ) ;
#1963 = DIRECTION ( 'NONE',  ( 1.000000000000000000, 0.000000000000000000, 0.000000000000000000 ) ) ;
#1964 = PRESENTATION_LAYER_ASSIGNMENT (  '', '', ( #569 ) ) ;
#1965 = PRESENTATION_STYLE_ASSIGNMENT (( #2383 ) ) ;
#1966 = FILL_AREA_STYLE ('',( #1141 ) ) ;
#1967 = ORIENTED_EDGE ( 'NONE', *, *, #1812, .T. ) ;
#1968 = VECTOR ( 'NONE', #1762, 1000.000000000000000 ) ;
#1969 = VERTEX_POINT ( 'NONE', #2067 ) ;
#1970 = DIRECTION ( 'NONE',  ( 0.000000000000000000, 1.000000000000000000, 0.000000000000000000 ) ) ;
#1971 = DIRECTION ( 'NONE',  ( 0.000000000000000000, 0.000000000000000000, -1.000000000000000000 ) ) ;
#1972 = SURFACE_STYLE_USAGE ( .BOTH. , #2406 ) ;
#1973 =( NAMED_UNIT ( * ) PLANE_ANGLE_UNIT ( ) SI_UNIT ( $, .RADIAN. ) );
#1974 = PLANE ( 'NONE',  #2085 ) ;
#1975 = VERTEX_POINT ( 'NONE', #1850 ) ;
#1976 = CARTESIAN_POINT ( 'NONE',  ( 2.250000000000000000, -1.600000000000000089, 2.799999999999999378 ) ) ;
#1977 = DIRECTION ( 'NONE',  ( 1.000000000000000000, 0.000000000000000000, 0.000000000000000000 ) ) ;
#1978 = EDGE_CURVE ( 'NONE', #785, #2032, #1051, .T. ) ;
#1979 = LINE ( 'NONE', #1118, #1366 ) ;
#1980 = VERTEX_POINT ( 'NONE', #2292 ) ;
#1981 = SURFACE_SIDE_STYLE ('',( #2606 ) ) ;
#1982 = ORIENTED_EDGE ( 'NONE', *, *, #1071, .T. ) ;
#1983 = CARTESIAN_POINT ( 'NONE',  ( -1.500000000000000000, 0.9250000000000004885, 1.979999999999999982 ) ) ;
#1984 = PLANE ( 'NONE',  #1130 ) ;
#1985 = CARTESIAN_POINT ( 'NONE',  ( 1.500000000000000000, -1.574999999999999512, 1.979999999999999982 ) ) ;
#1986 = PLANE ( 'NONE',  #1398 ) ;
#1987 = ORIENTED_EDGE ( 'NONE', *, *, #885, .F. ) ;
#1988 = ADVANCED_FACE ( 'NONE', ( #655 ), #268, .F. ) ;
#1989 = DIRECTION ( 'NONE',  ( 0.000000000000000000, -1.000000000000000000, 0.000000000000000000 ) ) ;
#1990 = EDGE_CURVE ( 'NONE', #2621, #484, #83, .T. ) ;
#1991 = CARTESIAN_POINT ( 'NONE',  ( -2.200000000000000178, -1.574999999999999512, 1.979999999999999982 ) ) ;
#1992 = ORIENTED_EDGE ( 'NONE', *, *, #1205, .T. ) ;
#1993 = PRESENTATION_LAYER_ASSIGNMENT (  '', '', ( #381 ) ) ;
#1994 = CARTESIAN_POINT ( 'NONE',  ( 1.500000000000000000, 0.9250000000000002665, 1.979999999999999982 ) ) ;
#1995 = VECTOR ( 'NONE', #581, 1000.000000000000000 ) ;
#1996 = ORIENTED_EDGE ( 'NONE', *, *, #2317, .F. ) ;
#1997 = VECTOR ( 'NONE', #392, 1000.000000000000000 ) ;
#1998 = VECTOR ( 'NONE', #501, 1000.000000000000000 ) ;
#1999 = DIRECTION ( 'NONE',  ( 0.000000000000000000, 0.000000000000000000, -1.000000000000000000 ) ) ;
#2000 = ORIENTED_EDGE ( 'NONE', *, *, #494, .T. ) ;
#2001 = CARTESIAN_POINT ( 'NONE',  ( 1.500000000000000000, 0.9250000000000002665, 1.979999999999999982 ) ) ;
#2002 = PLANE ( 'NONE',  #811 ) ;
#2003 = PRESENTATION_LAYER_ASSIGNMENT (  '', '', ( #1441 ) ) ;
#2004 = FACE_OUTER_BOUND ( 'NONE', #239, .T. ) ;
#2005 = LINE ( 'NONE', #1753, #1817 ) ;
#2006 = DIRECTION ( 'NONE',  ( 0.000000000000000000, -0.01685153937183330244, 0.9998580027287872207 ) ) ;
#2007 = MECHANICAL_DESIGN_GEOMETRIC_PRESENTATION_REPRESENTATION (  '', ( #25 ), #2629 ) ;
#2008 = EDGE_CURVE ( 'NONE', #2469, #1969, #1709, .T. ) ;
#2009 =( NAMED_UNIT ( * ) SI_UNIT ( $, .STERADIAN. ) SOLID_ANGLE_UNIT ( ) );
#2010 = MECHANICAL_DESIGN_GEOMETRIC_PRESENTATION_REPRESENTATION (  '', ( #569 ), #1699 ) ;
#2011 = ORIENTED_EDGE ( 'NONE', *, *, #1104, .F. ) ;
#2012 =( NAMED_UNIT ( * ) PLANE_ANGLE_UNIT ( ) SI_UNIT ( $, .RADIAN. ) );
#2013 = SURFACE_STYLE_FILL_AREA ( #631 ) ;
#2014 = STYLED_ITEM ( 'NONE', ( #2300 ), #414 ) ;
#2015 = LINE ( 'NONE', #632, #2620 ) ;
#2016 = PLANE ( 'NONE',  #2619 ) ;
#2017 = ORIENTED_EDGE ( 'NONE', *, *, #578, .T. ) ;
#2018 = PLANE ( 'NONE',  #344 ) ;
#2019 = LINE ( 'NONE', #1187, #272 ) ;
#2020 = DIRECTION ( 'NONE',  ( -1.000000000000000000, 0.000000000000000000, 0.000000000000000000 ) ) ;
#2021 = EDGE_CURVE ( 'NONE', #622, #1565, #1903, .T. ) ;
#2022 = LINE ( 'NONE', #1704, #2136 ) ;
#2023 = ADVANCED_FACE ( 'NONE', ( #499 ), #708, .F. ) ;
#2024 = DIRECTION ( 'NONE',  ( 0.000000000000000000, 0.000000000000000000, 1.000000000000000000 ) ) ;
#2025 = EDGE_CURVE ( 'NONE', #960, #1925, #2165, .T. ) ;
#2026 = ORIENTED_EDGE ( 'NONE', *, *, #881, .T. ) ;
#2027 = CARTESIAN_POINT ( 'NONE',  ( -2.250000000000000000, 1.600000000000000089, 1.879999999999999671 ) ) ;
#2028 = ADVANCED_FACE ( 'NONE', ( #692 ), #2124, .F. ) ;
#2029 = UNCERTAINTY_MEASURE_WITH_UNIT (LENGTH_MEASURE( 1.000000000000000082E-05 ), #377, 'distance_accuracy_value', 'NONE');
#2030 =( NAMED_UNIT ( * ) PLANE_ANGLE_UNIT ( ) SI_UNIT ( $, .RADIAN. ) );
#2031 = ADVANCED_FACE ( 'NONE', ( #1763 ), #1600, .F. ) ;
#2032 = VERTEX_POINT ( 'NONE', #160 ) ;
#2033 = CARTESIAN_POINT ( 'NONE',  ( -1.500000000000000000, 1.575000000000000400, 0.000000000000000000 ) ) ;
#2034 = SURFACE_STYLE_FILL_AREA ( #2261 ) ;
#2035 = FILL_AREA_STYLE ('',( #1867 ) ) ;
#2036 = PRESENTATION_STYLE_ASSIGNMENT (( #834 ) ) ;
#2037 = SURFACE_STYLE_USAGE ( .BOTH. , #415 ) ;
#2038 = LINE ( 'NONE', #2468, #1097 ) ;
#2039 = VECTOR ( 'NONE', #1653, 1000.000000000000000 ) ;
#2040 = CARTESIAN_POINT ( 'NONE',  ( -1.500000000000000000, 1.575000000000000400, 1.979999999999999982 ) ) ;
#2041 = EDGE_LOOP ( 'NONE', ( #721, #746, #2209, #1607 ) ) ;
#2042 =( GEOMETRIC_REPRESENTATION_CONTEXT ( 3 ) GLOBAL_UNCERTAINTY_ASSIGNED_CONTEXT ( ( #797 ) ) GLOBAL_UNIT_ASSIGNED_CONTEXT ( ( #2433, #1412, #204 ) ) REPRESENTATION_CONTEXT ( 'NONE', 'WORKASPACE' ) );
#2043 =( NAMED_UNIT ( * ) PLANE_ANGLE_UNIT ( ) SI_UNIT ( $, .RADIAN. ) );
#2044 = MECHANICAL_DESIGN_GEOMETRIC_PRESENTATION_REPRESENTATION (  '', ( #1265 ), #1568 ) ;
#2045 = ORIENTED_EDGE ( 'NONE', *, *, #1934, .F. ) ;
#2046 = SURFACE_STYLE_USAGE ( .BOTH. , #1847 ) ;
#2047 = MECHANICAL_DESIGN_GEOMETRIC_PRESENTATION_REPRESENTATION (  '', ( #1095 ), #643 ) ;
#2048 = COLOUR_RGB ( '',1.000000000000000000, 1.000000000000000000, 1.000000000000000000 ) ;
#2049 = EDGE_CURVE ( 'NONE', #1405, #70, #1592, .T. ) ;
#2050 = SURFACE_STYLE_USAGE ( .BOTH. , #59 ) ;
#2051 = VECTOR ( 'NONE', #1214, 1000.000000000000000 ) ;
#2052 = STYLED_ITEM ( 'NONE', ( #1795 ), #2031 ) ;
#2053 = STYLED_ITEM ( 'NONE', ( #1281 ), #2273 ) ;
#2054 = FACE_OUTER_BOUND ( 'NONE', #1859, .T. ) ;
#2055 = FACE_OUTER_BOUND ( 'NONE', #1827, .T. ) ;
#2056 = DIRECTION ( 'NONE',  ( 0.000000000000000000, 1.000000000000000000, 0.000000000000000000 ) ) ;
#2057 = VECTOR ( 'NONE', #1343, 1000.000000000000000 ) ;
#2058 = LINE ( 'NONE', #1033, #1997 ) ;
#2059 = VECTOR ( 'NONE', #2526, 1000.000000000000000 ) ;
#2060 = UNCERTAINTY_MEASURE_WITH_UNIT (LENGTH_MEASURE( 1.000000000000000082E-05 ), #836, 'distance_accuracy_value', 'NONE');
#2061 = ORIENTED_EDGE ( 'NONE', *, *, #1078, .F. ) ;
#2062 = CARTESIAN_POINT ( 'NONE',  ( -2.100000000000000089, 1.600000000000000089, 0.09999999999999982514 ) ) ;
#2063 = AXIS2_PLACEMENT_3D ( 'NONE', #2001, #1793, #789 ) ;
#2064 = PLANE ( 'NONE',  #1280 ) ;
#2065 =( NAMED_UNIT ( * ) PLANE_ANGLE_UNIT ( ) SI_UNIT ( $, .RADIAN. ) );
#2066 = VECTOR ( 'NONE', #1291, 1000.000000000000000 ) ;
#2067 = CARTESIAN_POINT ( 'NONE',  ( -2.250000000000000000, -0.8799999999999996714, 1.879999999999999671 ) ) ;
#2068 = DIRECTION ( 'NONE',  ( 0.000000000000000000, -1.000000000000000000, 0.000000000000000000 ) ) ;
#2069 = EDGE_CURVE ( 'NONE', #2460, #100, #129, .T. ) ;
#2070 = UNCERTAINTY_MEASURE_WITH_UNIT (LENGTH_MEASURE( 1.000000000000000082E-05 ), #2461, 'distance_accuracy_value', 'NONE');
#2071 = LINE ( 'NONE', #2425, #2459 ) ;
#2072 = LINE ( 'NONE', #1666, #1868 ) ;
#2073 = ORIENTED_EDGE ( 'NONE', *, *, #110, .T. ) ;
#2074 = FILL_AREA_STYLE ('',( #241 ) ) ;
#2075 = ORIENTED_EDGE ( 'NONE', *, *, #720, .F. ) ;
#2076 =( NAMED_UNIT ( * ) PLANE_ANGLE_UNIT ( ) SI_UNIT ( $, .RADIAN. ) );
#2077 = FILL_AREA_STYLE_COLOUR ( '', #1019 ) ;
#2078 = PLANE ( 'NONE',  #1219 ) ;
#2079 = DIRECTION ( 'NONE',  ( 1.000000000000000000, 0.000000000000000000, 0.000000000000000000 ) ) ;
#2080 = LINE ( 'NONE', #2135, #296 ) ;
#2081 = ORIENTED_EDGE ( 'NONE', *, *, #494, .F. ) ;
#2082 =( LENGTH_UNIT ( ) NAMED_UNIT ( * ) SI_UNIT ( .MILLI., .METRE. ) );
#2083 = VECTOR ( 'NONE', #357, 1000.000000000000000 ) ;
#2084 = FILL_AREA_STYLE ('',( #2129 ) ) ;
#2085 = AXIS2_PLACEMENT_3D ( 'NONE', #300, #1715, #1760 ) ;
#2086 = ORIENTED_EDGE ( 'NONE', *, *, #2525, .T. ) ;
#2087 = DIRECTION ( 'NONE',  ( 0.000000000000000000, -1.000000000000000000, 0.000000000000000000 ) ) ;
#2088 = PRESENTATION_LAYER_ASSIGNMENT (  '', '', ( #935 ) ) ;
#2089 = FACE_OUTER_BOUND ( 'NONE', #1368, .T. ) ;
#2090 = LINE ( 'NONE', #45, #639 ) ;
#2091 = COLOUR_RGB ( '',1.000000000000000000, 1.000000000000000000, 1.000000000000000000 ) ;
#2092 = STYLED_ITEM ( 'NONE', ( #200 ), #2431 ) ;
#2093 =( GEOMETRIC_REPRESENTATION_CONTEXT ( 3 ) GLOBAL_UNCERTAINTY_ASSIGNED_CONTEXT ( ( #649 ) ) GLOBAL_UNIT_ASSIGNED_CONTEXT ( ( #1376, #753, #984 ) ) REPRESENTATION_CONTEXT ( 'NONE', 'WORKASPACE' ) );
#2094 = DIRECTION ( 'NONE',  ( 0.000000000000000000, -0.01685153937183330244, 0.9998580027287872207 ) ) ;
#2095 = COLOUR_RGB ( '',1.000000000000000000, 1.000000000000000000, 1.000000000000000000 ) ;
#2096 = FILL_AREA_STYLE_COLOUR ( '', #1107 ) ;
#2097 = MECHANICAL_DESIGN_GEOMETRIC_PRESENTATION_REPRESENTATION (  '', ( #2052 ), #1487 ) ;
#2098 = APPLICATION_PROTOCOL_DEFINITION ( 'draft international standard', 'automotive_design', 1998, #312 ) ;
#2099 = ORIENTED_EDGE ( 'NONE', *, *, #2638, .F. ) ;
#2100 = SURFACE_SIDE_STYLE ('',( #877 ) ) ;
#2101 = ORIENTED_EDGE ( 'NONE', *, *, #915, .T. ) ;
#2102 = FILL_AREA_STYLE_COLOUR ( '', #1235 ) ;
#2103 = MECHANICAL_DESIGN_GEOMETRIC_PRESENTATION_REPRESENTATION (  '', ( #1786 ), #335 ) ;
#2104 = STYLED_ITEM ( 'NONE', ( #2418 ), #2386 ) ;
#2105 = PRESENTATION_STYLE_ASSIGNMENT (( #73 ) ) ;
#2106 = LINE ( 'NONE', #1477, #1682 ) ;
#2107 = MECHANICAL_DESIGN_GEOMETRIC_PRESENTATION_REPRESENTATION (  '', ( #905 ), #1068 ) ;
#2108 = VERTEX_POINT ( 'NONE', #1360 ) ;
#2109 = MECHANICAL_DESIGN_GEOMETRIC_PRESENTATION_REPRESENTATION (  '', ( #1743 ), #2202 ) ;
#2110 = SURFACE_STYLE_USAGE ( .BOTH. , #901 ) ;
#2111 = LINE ( 'NONE', #1082, #1389 ) ;
#2112 = LINE ( 'NONE', #2318, #780 ) ;
#2113 = LINE ( 'NONE', #2371, #2272 ) ;
#2114 = EDGE_CURVE ( 'NONE', #378, #1058, #1737, .T. ) ;
#2115 = ORIENTED_EDGE ( 'NONE', *, *, #2008, .F. ) ;
#2116 = SURFACE_SIDE_STYLE ('',( #1287 ) ) ;
#2117 = UNCERTAINTY_MEASURE_WITH_UNIT (LENGTH_MEASURE( 1.000000000000000082E-05 ), #705, 'distance_accuracy_value', 'NONE');
#2118 = EDGE_CURVE ( 'NONE', #2247, #1642, #1560, .T. ) ;
#2119 = ORIENTED_EDGE ( 'NONE', *, *, #969, .F. ) ;
#2120 = SURFACE_SIDE_STYLE ('',( #2532 ) ) ;
#2121 = FILL_AREA_STYLE_COLOUR ( '', #62 ) ;
#2122 = DIRECTION ( 'NONE',  ( -1.000000000000000000, 0.000000000000000000, 0.000000000000000000 ) ) ;
#2123 = VERTEX_POINT ( 'NONE', #790 ) ;
#2124 = PLANE ( 'NONE',  #2496 ) ;
#2125 = DIRECTION ( 'NONE',  ( 0.000000000000000000, -1.000000000000000000, 0.000000000000000000 ) ) ;
#2126 = SURFACE_STYLE_USAGE ( .BOTH. , #1295 ) ;
#2127 = ORIENTED_EDGE ( 'NONE', *, *, #2320, .T. ) ;
#2128 = CARTESIAN_POINT ( 'NONE',  ( 2.100000000000000089, -1.629999999999999671, 0.09999999999999982514 ) ) ;
#2129 = FILL_AREA_STYLE_COLOUR ( '', #428 ) ;
#2130 = ORIENTED_EDGE ( 'NONE', *, *, #1461, .T. ) ;
#2131 = SURFACE_STYLE_FILL_AREA ( #1299 ) ;
#2132 = COLOUR_RGB ( '',1.000000000000000000, 1.000000000000000000, 1.000000000000000000 ) ;
#2133 = CARTESIAN_POINT ( 'NONE',  ( -1.500000000000000000, -0.9249999999999996003, 0.1000000000000002554 ) ) ;
#2134 = COLOUR_RGB ( '',1.000000000000000000, 1.000000000000000000, 1.000000000000000000 ) ;
#2135 = CARTESIAN_POINT ( 'NONE',  ( 1.500000000000000444, 0.9250000000000002665, 1.879999999999999671 ) ) ;
#2136 = VECTOR ( 'NONE', #2390, 1000.000000000000227 ) ;
#2137 = VECTOR ( 'NONE', #931, 1000.000000000000000 ) ;
#2138 = AXIS2_PLACEMENT_3D ( 'NONE', #1675, #2527, #683 ) ;
#2139 = FILL_AREA_STYLE_COLOUR ( '', #1572 ) ;
#2140 =( GEOMETRIC_REPRESENTATION_CONTEXT ( 3 ) GLOBAL_UNCERTAINTY_ASSIGNED_CONTEXT ( ( #1034 ) ) GLOBAL_UNIT_ASSIGNED_CONTEXT ( ( #1479, #1294, #1091 ) ) REPRESENTATION_CONTEXT ( 'NONE', 'WORKASPACE' ) );
#2141 = ORIENTED_EDGE ( 'NONE', *, *, #2025, .F. ) ;
#2142 = LINE ( 'NONE', #1909, #2197 ) ;
#2143 = PRESENTATION_LAYER_ASSIGNMENT (  '', '', ( #1403 ) ) ;
#2144 =( NAMED_UNIT ( * ) PLANE_ANGLE_UNIT ( ) SI_UNIT ( $, .RADIAN. ) );
#2145 = ORIENTED_EDGE ( 'NONE', *, *, #823, .F. ) ;
#2146 = PRESENTATION_STYLE_ASSIGNMENT (( #896 ) ) ;
#2147 = SURFACE_SIDE_STYLE ('',( #507 ) ) ;
#2148 = PRESENTATION_STYLE_ASSIGNMENT (( #2597 ) ) ;
#2149 = FACE_OUTER_BOUND ( 'NONE', #890, .T. ) ;
#2150 = PRESENTATION_LAYER_ASSIGNMENT (  '', '', ( #949 ) ) ;
#2151 = ADVANCED_FACE ( 'NONE', ( #2216 ), #2002, .F. ) ;
#2152 = AXIS2_PLACEMENT_3D ( 'NONE', #1054, #119, #1339 ) ;
#2153 = LINE ( 'NONE', #2167, #2622 ) ;
#2154 = UNCERTAINTY_MEASURE_WITH_UNIT (LENGTH_MEASURE( 1.000000000000000082E-05 ), #1517, 'distance_accuracy_value', 'NONE');
#2155 = EDGE_CURVE ( 'NONE', #1642, #2469, #2601, .T. ) ;
#2156 = DIRECTION ( 'NONE',  ( -1.000000000000000000, 0.000000000000000000, 0.000000000000000000 ) ) ;
#2157 = FILL_AREA_STYLE_COLOUR ( '', #2095 ) ;
#2158 = VERTEX_POINT ( 'NONE', #35 ) ;
#2159 = LINE ( 'NONE', #320, #2066 ) ;
#2160 = FACE_OUTER_BOUND ( 'NONE', #1429, .T. ) ;
#2161 =( NAMED_UNIT ( * ) SI_UNIT ( $, .STERADIAN. ) SOLID_ANGLE_UNIT ( ) );
#2162 =( LENGTH_UNIT ( ) NAMED_UNIT ( * ) SI_UNIT ( .MILLI., .METRE. ) );
#2163 = VERTEX_POINT ( 'NONE', #1037 ) ;
#2164 = CARTESIAN_POINT ( 'NONE',  ( -1.500000000000000444, 0.9250000000000004885, 1.879999999999999671 ) ) ;
#2165 = LINE ( 'NONE', #1103, #1691 ) ;
#2166 = LINE ( 'NONE', #324, #253 ) ;
#2167 = CARTESIAN_POINT ( 'NONE',  ( 1.500000000000000000, -0.9249999999999996003, 0.1000000000000002554 ) ) ;
#2168 = ORIENTED_EDGE ( 'NONE', *, *, #530, .F. ) ;
#2169 =( NAMED_UNIT ( * ) PLANE_ANGLE_UNIT ( ) SI_UNIT ( $, .RADIAN. ) );
#2170 = ORIENTED_EDGE ( 'NONE', *, *, #773, .F. ) ;
#2171 = FACE_OUTER_BOUND ( 'NONE', #458, .T. ) ;
#2172 =( NAMED_UNIT ( * ) PLANE_ANGLE_UNIT ( ) SI_UNIT ( $, .RADIAN. ) );
#2173 = DIRECTION ( 'NONE',  ( 0.000000000000000000, 0.000000000000000000, 1.000000000000000000 ) ) ;
#2174 = LINE ( 'NONE', #952, #814 ) ;
#2175 = ORIENTED_EDGE ( 'NONE', *, *, #1752, .T. ) ;
#2176 = CARTESIAN_POINT ( 'NONE',  ( 2.100000000000000089, -0.8499999999999997558, 0.09999999999999982514 ) ) ;
#2177 = AXIS2_PLACEMENT_3D ( 'NONE', #401, #638, #1211 ) ;
#2178 =( NAMED_UNIT ( * ) SI_UNIT ( $, .STERADIAN. ) SOLID_ANGLE_UNIT ( ) );
#2179 = CARTESIAN_POINT ( 'NONE',  ( 2.250000000000000000, 0.8500000000000003109, 0.09999999999999982514 ) ) ;
#2180 = AXIS2_PLACEMENT_3D ( 'NONE', #1169, #980, #1779 ) ;
#2181 = FILL_AREA_STYLE_COLOUR ( '', #1057 ) ;
#2182 = CARTESIAN_POINT ( 'NONE',  ( -2.100000000000000089, 1.575000000000000400, 0.1000000000000002554 ) ) ;
#2183 =( GEOMETRIC_REPRESENTATION_CONTEXT ( 3 ) GLOBAL_UNCERTAINTY_ASSIGNED_CONTEXT ( ( #2117 ) ) GLOBAL_UNIT_ASSIGNED_CONTEXT ( ( #705, #2325, #1924 ) ) REPRESENTATION_CONTEXT ( 'NONE', 'WORKASPACE' ) );
#2184 = ORIENTED_EDGE ( 'NONE', *, *, #325, .F. ) ;
#2185 = VECTOR ( 'NONE', #2301, 1000.000000000000000 ) ;
#2186 = CARTESIAN_POINT ( 'NONE',  ( -1.500000000000000000, 0.9250000000000004885, 1.979999999999999982 ) ) ;
#2187 = VECTOR ( 'NONE', #1040, 1000.000000000000000 ) ;
#2188 = VERTEX_POINT ( 'NONE', #1210 ) ;
#2189 =( NAMED_UNIT ( * ) PLANE_ANGLE_UNIT ( ) SI_UNIT ( $, .RADIAN. ) );
#2190 = MECHANICAL_DESIGN_GEOMETRIC_PRESENTATION_REPRESENTATION (  '', ( #2053 ), #511 ) ;
#2191 =( NAMED_UNIT ( * ) SI_UNIT ( $, .STERADIAN. ) SOLID_ANGLE_UNIT ( ) );
#2192 = EDGE_CURVE ( 'NONE', #1559, #2108, #203, .T. ) ;
#2193 = ORIENTED_EDGE ( 'NONE', *, *, #693, .T. ) ;
#2194 = CARTESIAN_POINT ( 'NONE',  ( -2.200000000000000178, 0.9250000000000004885, 1.979999999999999982 ) ) ;
#2195 = LINE ( 'NONE', #968, #2265 ) ;
#2196 = PRESENTATION_LAYER_ASSIGNMENT (  '', '', ( #1364 ) ) ;
#2197 = VECTOR ( 'NONE', #101, 1000.000000000000000 ) ;
#2198 = VECTOR ( 'NONE', #2586, 1000.000000000000000 ) ;
#2199 = FACE_OUTER_BOUND ( 'NONE', #1048, .T. ) ;
#2200 =( NAMED_UNIT ( * ) PLANE_ANGLE_UNIT ( ) SI_UNIT ( $, .RADIAN. ) );
#2201 = ORIENTED_EDGE ( 'NONE', *, *, #1266, .T. ) ;
#2202 =( GEOMETRIC_REPRESENTATION_CONTEXT ( 3 ) GLOBAL_UNCERTAINTY_ASSIGNED_CONTEXT ( ( #835 ) ) GLOBAL_UNIT_ASSIGNED_CONTEXT ( ( #871, #1621, #1672 ) ) REPRESENTATION_CONTEXT ( 'NONE', 'WORKASPACE' ) );
#2203 = FILL_AREA_STYLE ('',( #2306 ) ) ;
#2204 = VECTOR ( 'NONE', #262, 1000.000000000000000 ) ;
#2205 = EDGE_CURVE ( 'NONE', #1980, #579, #2510, .T. ) ;
#2206 = ORIENTED_EDGE ( 'NONE', *, *, #2118, .F. ) ;
#2207 = FILL_AREA_STYLE_COLOUR ( '', #2367 ) ;
#2208 = ADVANCED_FACE ( 'NONE', ( #1251 ), #653, .T. ) ;
#2209 = ORIENTED_EDGE ( 'NONE', *, *, #755, .T. ) ;
#2210 = CARTESIAN_POINT ( 'NONE',  ( 1.500000000000000000, -1.574999999999999512, 0.000000000000000000 ) ) ;
#2211 = CARTESIAN_POINT ( 'NONE',  ( -2.100000000000000089, 0.8500000000000003109, 0.09999999999999982514 ) ) ;
#2212 = CARTESIAN_POINT ( 'NONE',  ( -2.250000000000000000, -1.600000000000000089, 0.09999999999999982514 ) ) ;
#2213 = ORIENTED_EDGE ( 'NONE', *, *, #609, .T. ) ;
#2214 = SURFACE_SIDE_STYLE ('',( #760 ) ) ;
#2215 = ORIENTED_EDGE ( 'NONE', *, *, #1978, .T. ) ;
#2216 = FACE_OUTER_BOUND ( 'NONE', #1605, .T. ) ;
#2217 = LINE ( 'NONE', #1183, #549 ) ;
#2218 = CARTESIAN_POINT ( 'NONE',  ( 2.100000000000000089, -1.574999999999999512, 1.879999999999999671 ) ) ;
#2219 = CARTESIAN_POINT ( 'NONE',  ( 2.100000000000000089, 1.600000000000000089, 1.879999999999999671 ) ) ;
#2220 =( GEOMETRIC_REPRESENTATION_CONTEXT ( 3 ) GLOBAL_UNCERTAINTY_ASSIGNED_CONTEXT ( ( #1408 ) ) GLOBAL_UNIT_ASSIGNED_CONTEXT ( ( #1402, #489, #1254 ) ) REPRESENTATION_CONTEXT ( 'NONE', 'WORKASPACE' ) );
#2221 = VECTOR ( 'NONE', #1300, 1000.000000000000000 ) ;
#2222 = LINE ( 'NONE', #813, #855 ) ;
#2223 =( GEOMETRIC_REPRESENTATION_CONTEXT ( 3 ) GLOBAL_UNCERTAINTY_ASSIGNED_CONTEXT ( ( #1430 ) ) GLOBAL_UNIT_ASSIGNED_CONTEXT ( ( #826, #1426, #1454 ) ) REPRESENTATION_CONTEXT ( 'NONE', 'WORKASPACE' ) );
#2224 = ORIENTED_EDGE ( 'NONE', *, *, #298, .T. ) ;
#2225 = PLANE ( 'NONE',  #1195 ) ;
#2226 =( LENGTH_UNIT ( ) NAMED_UNIT ( * ) SI_UNIT ( .MILLI., .METRE. ) );
#2227 = VECTOR ( 'NONE', #87, 1000.000000000000000 ) ;
#2228 = VECTOR ( 'NONE', #1520, 1000.000000000000000 ) ;
#2229 = SURFACE_STYLE_USAGE ( .BOTH. , #648 ) ;
#2230 =( GEOMETRIC_REPRESENTATION_CONTEXT ( 3 ) GLOBAL_UNCERTAINTY_ASSIGNED_CONTEXT ( ( #1513 ) ) GLOBAL_UNIT_ASSIGNED_CONTEXT ( ( #577, #2169, #2401 ) ) REPRESENTATION_CONTEXT ( 'NONE', 'WORKASPACE' ) );
#2231 = EDGE_LOOP ( 'NONE', ( #594, #1533, #1748, #1942 ) ) ;
#2232 = STYLED_ITEM ( 'NONE', ( #1283 ), #2028 ) ;
#2233 =( NAMED_UNIT ( * ) PLANE_ANGLE_UNIT ( ) SI_UNIT ( $, .RADIAN. ) );
#2234 = CARTESIAN_POINT ( 'NONE',  ( -2.100000000000000089, 1.600000000000000089, 0.09999999999999982514 ) ) ;
#2235 = SURFACE_SIDE_STYLE ('',( #791 ) ) ;
#2236 = EDGE_CURVE ( 'NONE', #1969, #704, #245, .T. ) ;
#2237 = ADVANCED_FACE ( 'NONE', ( #1804 ), #2064, .T. ) ;
#2238 = LINE ( 'NONE', #1004, #2312 ) ;
#2239 = DIRECTION ( 'NONE',  ( 1.000000000000000000, 0.000000000000000000, 0.000000000000000000 ) ) ;
#2240 = EDGE_CURVE ( 'NONE', #2158, #70, #1447, .T. ) ;
#2241 = DIRECTION ( 'NONE',  ( -1.000000000000000000, 0.000000000000000000, 0.000000000000000000 ) ) ;
#2242 = MECHANICAL_DESIGN_GEOMETRIC_PRESENTATION_REPRESENTATION (  '', ( #1536 ), #864 ) ;
#2243 = CARTESIAN_POINT ( 'NONE',  ( 2.250000000000000000, 1.600000000000000089, 1.879999999999999671 ) ) ;
#2244 = ADVANCED_FACE ( 'NONE', ( #2290 ), #691, .F. ) ;
#2245 = DIRECTION ( 'NONE',  ( 1.000000000000000000, 0.000000000000000000, 0.000000000000000000 ) ) ;
#2246 = PRESENTATION_STYLE_ASSIGNMENT (( #1404 ) ) ;
#2247 = VERTEX_POINT ( 'NONE', #265 ) ;
#2248 = SURFACE_SIDE_STYLE ('',( #1406 ) ) ;
#2249 = COLOUR_RGB ( '',1.000000000000000000, 1.000000000000000000, 1.000000000000000000 ) ;
#2250 =( LENGTH_UNIT ( ) NAMED_UNIT ( * ) SI_UNIT ( .MILLI., .METRE. ) );
#2251 = ORIENTED_EDGE ( 'NONE', *, *, #530, .T. ) ;
#2252 = DIRECTION ( 'NONE',  ( 0.000000000000000000, 0.000000000000000000, 1.000000000000000000 ) ) ;
#2253 = FILL_AREA_STYLE_COLOUR ( '', #2132 ) ;
#2254 = PLANE ( 'NONE',  #388 ) ;
#2255 = SURFACE_STYLE_USAGE ( .BOTH. , #2480 ) ;
#2256 = FACE_OUTER_BOUND ( 'NONE', #330, .T. ) ;
#2257 = ORIENTED_EDGE ( 'NONE', *, *, #1151, .T. ) ;
#2258 = UNCERTAINTY_MEASURE_WITH_UNIT (LENGTH_MEASURE( 1.000000000000000082E-05 ), #782, 'distance_accuracy_value', 'NONE');
#2259 = VERTEX_POINT ( 'NONE', #2329 ) ;
#2260 =( LENGTH_UNIT ( ) NAMED_UNIT ( * ) SI_UNIT ( .MILLI., .METRE. ) );
#2261 = FILL_AREA_STYLE ('',( #2077 ) ) ;
#2262 = DIRECTION ( 'NONE',  ( 0.000000000000000000, 0.000000000000000000, -1.000000000000000000 ) ) ;
#2263 = UNCERTAINTY_MEASURE_WITH_UNIT (LENGTH_MEASURE( 1.000000000000000082E-05 ), #1504, 'distance_accuracy_value', 'NONE');
#2264 = DIRECTION ( 'NONE',  ( -1.000000000000000000, 0.000000000000000000, 0.000000000000000000 ) ) ;
#2265 = VECTOR ( 'NONE', #510, 1000.000000000000000 ) ;
#2266 = SURFACE_STYLE_USAGE ( .BOTH. , #617 ) ;
#2267 = ORIENTED_EDGE ( 'NONE', *, *, #1812, .F. ) ;
#2268 = VECTOR ( 'NONE', #1961, 1000.000000000000000 ) ;
#2269 = CARTESIAN_POINT ( 'NONE',  ( 2.250000000000000000, 1.600000000000000089, 1.879999999999999671 ) ) ;
#2270 =( GEOMETRIC_REPRESENTATION_CONTEXT ( 3 ) GLOBAL_UNCERTAINTY_ASSIGNED_CONTEXT ( ( #1194 ) ) GLOBAL_UNIT_ASSIGNED_CONTEXT ( ( #2609, #2172, #519 ) ) REPRESENTATION_CONTEXT ( 'NONE', 'WORKASPACE' ) );
#2271 = VERTEX_POINT ( 'NONE', #882 ) ;
#2272 = VECTOR ( 'NONE', #1947, 1000.000000000000000 ) ;
#2273 = ADVANCED_FACE ( 'NONE', ( #2089 ), #677, .F. ) ;
#2274 = DIRECTION ( 'NONE',  ( 0.000000000000000000, 1.000000000000000000, 0.000000000000000000 ) ) ;
#2275 =( LENGTH_UNIT ( ) NAMED_UNIT ( * ) SI_UNIT ( .MILLI., .METRE. ) );
#2276 = STYLED_ITEM ( 'NONE', ( #2415 ), #2517 ) ;
#2277 = COLOUR_RGB ( '',1.000000000000000000, 1.000000000000000000, 1.000000000000000000 ) ;
#2278 = CARTESIAN_POINT ( 'NONE',  ( -1.500000000000000000, -1.574999999999999512, 1.979999999999999982 ) ) ;
#2279 = CARTESIAN_POINT ( 'NONE',  ( 1.500000000000000444, -1.574999999999999512, 1.879999999999999671 ) ) ;
#2280 = LINE ( 'NONE', #1994, #1276 ) ;
#2281 = EDGE_LOOP ( 'NONE', ( #2627, #761, #1511, #518, #2267, #2327, #310, #1061 ) ) ;
#2282 = CARTESIAN_POINT ( 'NONE',  ( 2.100000000000000089, -1.574999999999999512, 1.879999999999999671 ) ) ;
#2283 =( GEOMETRIC_REPRESENTATION_CONTEXT ( 3 ) GLOBAL_UNCERTAINTY_ASSIGNED_CONTEXT ( ( #1437 ) ) GLOBAL_UNIT_ASSIGNED_CONTEXT ( ( #2334, #2305, #1073 ) ) REPRESENTATION_CONTEXT ( 'NONE', 'WORKASPACE' ) );
#2284 = SURFACE_STYLE_USAGE ( .BOTH. , #32 ) ;
#2285 = UNCERTAINTY_MEASURE_WITH_UNIT (LENGTH_MEASURE( 1.000000000000000082E-05 ), #1497, 'distance_accuracy_value', 'NONE');
#2286 = ORIENTED_EDGE ( 'NONE', *, *, #1289, .F. ) ;
#2287 = DIRECTION ( 'NONE',  ( 0.000000000000000000, -1.000000000000000000, 0.000000000000000000 ) ) ;
#2288 = PRESENTATION_LAYER_ASSIGNMENT (  '', '', ( #446 ) ) ;
#2289 = EDGE_CURVE ( 'NONE', #118, #2333, #1112, .T. ) ;
#2290 = FACE_OUTER_BOUND ( 'NONE', #685, .T. ) ;
#2291 = UNCERTAINTY_MEASURE_WITH_UNIT (LENGTH_MEASURE( 1.000000000000000082E-05 ), #2420, 'distance_accuracy_value', 'NONE');
#2292 = CARTESIAN_POINT ( 'NONE',  ( -2.200000000000000178, 0.9250000000000004885, 0.000000000000000000 ) ) ;
#2293 = FACE_OUTER_BOUND ( 'NONE', #2347, .T. ) ;
#2294 = FACE_OUTER_BOUND ( 'NONE', #2531, .T. ) ;
#2295 = PLANE ( 'NONE',  #2537 ) ;
#2296 =( NAMED_UNIT ( * ) SI_UNIT ( $, .STERADIAN. ) SOLID_ANGLE_UNIT ( ) );
#2297 = ORIENTED_EDGE ( 'NONE', *, *, #787, .F. ) ;
#2298 = DIRECTION ( 'NONE',  ( 0.000000000000000000, 0.000000000000000000, 1.000000000000000000 ) ) ;
#2299 = EDGE_LOOP ( 'NONE', ( #1296, #1555, #972, #1290 ) ) ;
#2300 = PRESENTATION_STYLE_ASSIGNMENT (( #223 ) ) ;
#2301 = DIRECTION ( 'NONE',  ( -1.218204688185959817E-16, 0.000000000000000000, -1.000000000000000000 ) ) ;
#2302 = PLANE ( 'NONE',  #546 ) ;
#2303 = FILL_AREA_STYLE_COLOUR ( '', #2370 ) ;
#2304 = ORIENTED_EDGE ( 'NONE', *, *, #64, .F. ) ;
#2305 =( NAMED_UNIT ( * ) PLANE_ANGLE_UNIT ( ) SI_UNIT ( $, .RADIAN. ) );
#2306 = FILL_AREA_STYLE_COLOUR ( '', #1866 ) ;
#2307 = STYLED_ITEM ( 'NONE', ( #920 ), #1463 ) ;
#2308 = ORIENTED_EDGE ( 'NONE', *, *, #145, .F. ) ;
#2309 = FILL_AREA_STYLE_COLOUR ( '', #2634 ) ;
#2310 = PRESENTATION_STYLE_ASSIGNMENT (( #1878 ) ) ;
#2311 = EDGE_LOOP ( 'NONE', ( #1206, #633, #2514, #2419 ) ) ;
#2312 = VECTOR ( 'NONE', #1170, 1000.000000000000000 ) ;
#2313 = CARTESIAN_POINT ( 'NONE',  ( 2.100000000000000089, 0.9250000000000002665, 0.1000000000000002554 ) ) ;
#2314 = VECTOR ( 'NONE', #292, 1000.000000000000000 ) ;
#2315 = CARTESIAN_POINT ( 'NONE',  ( -1.500000000000000000, -1.574999999999999512, 1.979999999999999982 ) ) ;
#2316 = ADVANCED_FACE ( 'NONE', ( #2559 ), #117, .F. ) ;
#2317 = EDGE_CURVE ( 'NONE', #287, #591, #1791, .T. ) ;
#2318 = CARTESIAN_POINT ( 'NONE',  ( 2.100000000000000089, -1.574999999999999512, 0.1000000000000002554 ) ) ;
#2319 = COLOUR_RGB ( '',1.000000000000000000, 1.000000000000000000, 1.000000000000000000 ) ;
#2320 = EDGE_CURVE ( 'NONE', #1660, #1770, #537, .T. ) ;
#2321 = DIRECTION ( 'NONE',  ( 1.000000000000000000, 0.000000000000000000, 0.000000000000000000 ) ) ;
#2322 = EDGE_CURVE ( 'NONE', #1922, #378, #1940, .T. ) ;
#2323 = ORIENTED_EDGE ( 'NONE', *, *, #2240, .F. ) ;
#2324 =( LENGTH_UNIT ( ) NAMED_UNIT ( * ) SI_UNIT ( .MILLI., .METRE. ) );
#2325 =( NAMED_UNIT ( * ) PLANE_ANGLE_UNIT ( ) SI_UNIT ( $, .RADIAN. ) );
#2326 = VECTOR ( 'NONE', #604, 1000.000000000000000 ) ;
#2327 = ORIENTED_EDGE ( 'NONE', *, *, #917, .T. ) ;
#2328 = COLOUR_RGB ( '',1.000000000000000000, 1.000000000000000000, 1.000000000000000000 ) ;
#2329 = CARTESIAN_POINT ( 'NONE',  ( -1.500000000000000000, -0.9249999999999996003, 1.979999999999999982 ) ) ;
#2330 = FILL_AREA_STYLE ('',( #474 ) ) ;
#2331 = VECTOR ( 'NONE', #670, 1000.000000000000000 ) ;
#2332 = DIRECTION ( 'NONE',  ( 0.000000000000000000, 0.000000000000000000, -1.000000000000000000 ) ) ;
#2333 = VERTEX_POINT ( 'NONE', #2611 ) ;
#2334 =( LENGTH_UNIT ( ) NAMED_UNIT ( * ) SI_UNIT ( .MILLI., .METRE. ) );
#2335 = UNCERTAINTY_MEASURE_WITH_UNIT (LENGTH_MEASURE( 1.000000000000000082E-05 ), #1554, 'distance_accuracy_value', 'NONE');
#2336 = CARTESIAN_POINT ( 'NONE',  ( -2.100000000000000089, -0.9249999999999996003, 0.1000000000000002554 ) ) ;
#2337 = EDGE_CURVE ( 'NONE', #1543, #532, #1177, .T. ) ;
#2338 = EDGE_LOOP ( 'NONE', ( #562, #112, #869, #52 ) ) ;
#2339 = DIRECTION ( 'NONE',  ( 1.000000000000000000, 0.000000000000000000, 0.000000000000000000 ) ) ;
#2340 = LINE ( 'NONE', #2584, #2221 ) ;
#2341 = DIRECTION ( 'NONE',  ( -1.000000000000000000, 0.000000000000000000, 0.000000000000000000 ) ) ;
#2342 = DIRECTION ( 'NONE',  ( 0.000000000000000000, 0.000000000000000000, -1.000000000000000000 ) ) ;
#2343 = CARTESIAN_POINT ( 'NONE',  ( -1.500000000000000000, -0.9249999999999996003, 0.1000000000000002554 ) ) ;
#2344 = ORIENTED_EDGE ( 'NONE', *, *, #1012, .F. ) ;
#2345 = DIRECTION ( 'NONE',  ( 0.000000000000000000, -0.000000000000000000, 1.000000000000000000 ) ) ;
#2346 = SURFACE_STYLE_USAGE ( .BOTH. , #893 ) ;
#2347 = EDGE_LOOP ( 'NONE', ( #1324, #158, #367, #2101 ) ) ;
#2348 = SURFACE_STYLE_FILL_AREA ( #1889 ) ;
#2349 = EDGE_CURVE ( 'NONE', #255, #1980, #169, .T. ) ;
#2350 = DIRECTION ( 'NONE',  ( 0.000000000000000000, -1.000000000000000000, 0.000000000000000000 ) ) ;
#2351 = VECTOR ( 'NONE', #625, 1000.000000000000000 ) ;
#2352 = LINE ( 'NONE', #1316, #1053 ) ;
#2353 = EDGE_CURVE ( 'NONE', #394, #373, #2174, .T. ) ;
#2354 = DIRECTION ( 'NONE',  ( 1.000000000000000000, 0.000000000000000000, 0.000000000000000000 ) ) ;
#2355 = PLANE ( 'NONE',  #1185 ) ;
#2356 = DIRECTION ( 'NONE',  ( 1.000000000000000000, 0.000000000000000000, 0.000000000000000000 ) ) ;
#2357 = STYLED_ITEM ( 'NONE', ( #1416 ), #2541 ) ;
#2358 = STYLED_ITEM ( 'NONE', ( #680 ), #2023 ) ;
#2359 = AXIS2_PLACEMENT_3D ( 'NONE', #91, #1505, #922 ) ;
#2360 = SURFACE_STYLE_USAGE ( .BOTH. , #1981 ) ;
#2361 = ORIENTED_EDGE ( 'NONE', *, *, #1074, .F. ) ;
#2362 =( NAMED_UNIT ( * ) PLANE_ANGLE_UNIT ( ) SI_UNIT ( $, .RADIAN. ) );
#2363 = PRESENTATION_STYLE_ASSIGNMENT (( #1972 ) ) ;
#2364 =( NAMED_UNIT ( * ) SI_UNIT ( $, .STERADIAN. ) SOLID_ANGLE_UNIT ( ) );
#2365 = FILL_AREA_STYLE ('',( #953 ) ) ;
#2366 = CARTESIAN_POINT ( 'NONE',  ( 2.200000000000000178, 0.9250000000000002665, 1.979999999999999982 ) ) ;
#2367 = COLOUR_RGB ( '',1.000000000000000000, 1.000000000000000000, 1.000000000000000000 ) ;
#2368 = MANIFOLD_SOLID_BREP ( 'NONE', #1026 ) ;
#2369 = CARTESIAN_POINT ( 'NONE',  ( 1.500000000000000444, 0.9250000000000002665, 1.879999999999999671 ) ) ;
#2370 = COLOUR_RGB ( '',1.000000000000000000, 1.000000000000000000, 1.000000000000000000 ) ;
#2371 = CARTESIAN_POINT ( 'NONE',  ( -1.500000000000000000, -1.574999999999999512, 0.000000000000000000 ) ) ;
#2372 = UNCERTAINTY_MEASURE_WITH_UNIT (LENGTH_MEASURE( 1.000000000000000082E-05 ), #379, 'distance_accuracy_value', 'NONE');
#2373 = PLANE ( 'NONE',  #1449 ) ;
#2374 = ORIENTED_EDGE ( 'NONE', *, *, #221, .F. ) ;
#2375 = CARTESIAN_POINT ( 'NONE',  ( -1.500000000000000000, -1.574999999999999512, 1.979999999999999982 ) ) ;
#2376 = ORIENTED_EDGE ( 'NONE', *, *, #2320, .F. ) ;
#2377 = SURFACE_STYLE_USAGE ( .BOTH. , #776 ) ;
#2378 =( LENGTH_UNIT ( ) NAMED_UNIT ( * ) SI_UNIT ( .MILLI., .METRE. ) );
#2379 = EDGE_LOOP ( 'NONE', ( #1503, #447, #1215, #282, #418, #1908, #884, #1620 ) ) ;
#2380 =( NAMED_UNIT ( * ) PLANE_ANGLE_UNIT ( ) SI_UNIT ( $, .RADIAN. ) );
#2381 = PRESENTATION_STYLE_ASSIGNMENT (( #2616 ) ) ;
#2382 = CARTESIAN_POINT ( 'NONE',  ( 2.100000000000000089, 1.575000000000000178, 1.879999999999999671 ) ) ;
#2383 = SURFACE_STYLE_USAGE ( .BOTH. , #1551 ) ;
#2384 = DIRECTION ( 'NONE',  ( 0.000000000000000000, 0.000000000000000000, 1.000000000000000000 ) ) ;
#2385 = ORIENTED_EDGE ( 'NONE', *, *, #257, .T. ) ;
#2386 = MANIFOLD_SOLID_BREP ( 'NONE', #2507 ) ;
#2387 = ORIENTED_EDGE ( 'NONE', *, *, #2049, .F. ) ;
#2388 = DIRECTION ( 'NONE',  ( 1.000000000000000000, 0.000000000000000000, 0.000000000000000000 ) ) ;
#2389 = DIRECTION ( 'NONE',  ( 0.000000000000000000, 0.000000000000000000, -1.000000000000000000 ) ) ;
#2390 = DIRECTION ( 'NONE',  ( 0.000000000000000000, 0.01685153937183330244, -0.9998580027287872207 ) ) ;
#2391 = VERTEX_POINT ( 'NONE', #233 ) ;
#2392 = PRESENTATION_LAYER_ASSIGNMENT (  '', '', ( #1645 ) ) ;
#2393 = PLANE ( 'NONE',  #757 ) ;
#2394 = ADVANCED_FACE ( 'NONE', ( #841 ), #1986, .F. ) ;
#2395 = DIRECTION ( 'NONE',  ( 0.000000000000000000, 0.000000000000000000, 1.000000000000000000 ) ) ;
#2396 = DIRECTION ( 'NONE',  ( 0.000000000000000000, 1.000000000000000000, 0.000000000000000000 ) ) ;
#2397 = MANIFOLD_SOLID_BREP ( 'NONE', #866 ) ;
#2398 = STYLED_ITEM ( 'NONE', ( #5 ), #2397 ) ;
#2399 = VERTEX_POINT ( 'NONE', #1801 ) ;
#2400 = EDGE_CURVE ( 'NONE', #1712, #349, #2015, .T. ) ;
#2401 =( NAMED_UNIT ( * ) SI_UNIT ( $, .STERADIAN. ) SOLID_ANGLE_UNIT ( ) );
#2402 = COLOUR_RGB ( '',1.000000000000000000, 1.000000000000000000, 1.000000000000000000 ) ;
#2403 = ORIENTED_EDGE ( 'NONE', *, *, #333, .T. ) ;
#2404 = DIRECTION ( 'NONE',  ( -0.000000000000000000, 1.000000000000000000, 0.000000000000000000 ) ) ;
#2405 = VECTOR ( 'NONE', #1003, 1000.000000000000000 ) ;
#2406 = SURFACE_SIDE_STYLE ('',( #1150 ) ) ;
#2407 = PRESENTATION_STYLE_ASSIGNMENT (( #1574 ) ) ;
#2408 = ORIENTED_EDGE ( 'NONE', *, *, #2556, .T. ) ;
#2409 = DIRECTION ( 'NONE',  ( 0.000000000000000000, 0.000000000000000000, -1.000000000000000000 ) ) ;
#2410 = MECHANICAL_DESIGN_GEOMETRIC_PRESENTATION_REPRESENTATION (  '', ( #1023 ), #355 ) ;
#2411 = CARTESIAN_POINT ( 'NONE',  ( -1.500000000000000000, 1.575000000000000400, 0.1000000000000002554 ) ) ;
#2412 =( NAMED_UNIT ( * ) SI_UNIT ( $, .STERADIAN. ) SOLID_ANGLE_UNIT ( ) );
#2413 = VERTEX_POINT ( 'NONE', #2269 ) ;
#2414 = COLOUR_RGB ( '',1.000000000000000000, 1.000000000000000000, 1.000000000000000000 ) ;
#2415 = PRESENTATION_STYLE_ASSIGNMENT (( #2360 ) ) ;
#2416 = PRESENTATION_LAYER_ASSIGNMENT (  '', '', ( #1066 ) ) ;
#2417 = ORIENTED_EDGE ( 'NONE', *, *, #221, .T. ) ;
#2418 = PRESENTATION_STYLE_ASSIGNMENT (( #339 ) ) ;
#2419 = ORIENTED_EDGE ( 'NONE', *, *, #915, .F. ) ;
#2420 =( LENGTH_UNIT ( ) NAMED_UNIT ( * ) SI_UNIT ( .MILLI., .METRE. ) );
#2421 =( NAMED_UNIT ( * ) PLANE_ANGLE_UNIT ( ) SI_UNIT ( $, .RADIAN. ) );
#2422 = CARTESIAN_POINT ( 'NONE',  ( -1.500000000000000000, 1.575000000000000400, 0.1000000000000002554 ) ) ;
#2423 = SURFACE_STYLE_USAGE ( .BOTH. , #1401 ) ;
#2424 = FILL_AREA_STYLE ('',( #1594 ) ) ;
#2425 = CARTESIAN_POINT ( 'NONE',  ( 1.500000000000000000, -1.574999999999999512, 1.979999999999999982 ) ) ;
#2426 = ORIENTED_EDGE ( 'NONE', *, *, #1990, .T. ) ;
#2427 = EDGE_CURVE ( 'NONE', #2032, #394, #2058, .T. ) ;
#2428 = FACE_OUTER_BOUND ( 'NONE', #502, .T. ) ;
#2429 = ORIENTED_EDGE ( 'NONE', *, *, #1144, .F. ) ;
#2430 = DIRECTION ( 'NONE',  ( 1.218204688185959817E-16, 0.000000000000000000, -1.000000000000000000 ) ) ;
#2431 = ADVANCED_FACE ( 'NONE', ( #2428 ), #41, .T. ) ;
#2432 = SURFACE_STYLE_FILL_AREA ( #967 ) ;
#2433 =( LENGTH_UNIT ( ) NAMED_UNIT ( * ) SI_UNIT ( .MILLI., .METRE. ) );
#2434 = EDGE_CURVE ( 'NONE', #1770, #2460, #78, .T. ) ;
#2435 = ADVANCED_FACE ( 'NONE', ( #483 ), #69, .F. ) ;
#2436 = VECTOR ( 'NONE', #1963, 1000.000000000000000 ) ;
#2437 = DIRECTION ( 'NONE',  ( 1.218204688185959817E-16, 0.000000000000000000, -1.000000000000000000 ) ) ;
#2438 = DIRECTION ( 'NONE',  ( 0.000000000000000000, 0.000000000000000000, 1.000000000000000000 ) ) ;
#2439 = COLOUR_RGB ( '',1.000000000000000000, 1.000000000000000000, 1.000000000000000000 ) ;
#2440 = CARTESIAN_POINT ( 'NONE',  ( -2.100000000000000089, 0.8500000000000003109, 0.09999999999999982514 ) ) ;
#2441 = VECTOR ( 'NONE', #168, 1000.000000000000000 ) ;
#2442 =( LENGTH_UNIT ( ) NAMED_UNIT ( * ) SI_UNIT ( .MILLI., .METRE. ) );
#2443 = STYLED_ITEM ( 'NONE', ( #1965 ), #1930 ) ;
#2444 = EDGE_LOOP ( 'NONE', ( #1756, #2099, #2086, #146 ) ) ;
#2445 = FACE_OUTER_BOUND ( 'NONE', #603, .T. ) ;
#2446 = AXIS2_PLACEMENT_3D ( 'NONE', #2411, #1593, #587 ) ;
#2447 = UNCERTAINTY_MEASURE_WITH_UNIT (LENGTH_MEASURE( 1.000000000000000082E-05 ), #22, 'distance_accuracy_value', 'NONE');
#2448 = SURFACE_STYLE_FILL_AREA ( #621 ) ;
#2449 = VECTOR ( 'NONE', #1440, 1000.000000000000000 ) ;
#2450 = ORIENTED_EDGE ( 'NONE', *, *, #2205, .F. ) ;
#2451 = CARTESIAN_POINT ( 'NONE',  ( 1.500000000000000444, 0.9250000000000002665, 1.879999999999999671 ) ) ;
#2452 = COLOUR_RGB ( '',1.000000000000000000, 1.000000000000000000, 1.000000000000000000 ) ;
#2453 = SURFACE_STYLE_FILL_AREA ( #2465 ) ;
#2454 = LINE ( 'NONE', #213, #713 ) ;
#2455 = ADVANCED_FACE ( 'NONE', ( #1108 ), #1501, .F. ) ;
#2456 = PRESENTATION_LAYER_ASSIGNMENT (  '', '', ( #104 ) ) ;
#2457 = FILL_AREA_STYLE_COLOUR ( '', #1684 ) ;
#2458 = LINE ( 'NONE', #196, #2051 ) ;
#2459 = VECTOR ( 'NONE', #994, 1000.000000000000000 ) ;
#2460 = VERTEX_POINT ( 'NONE', #1659 ) ;
#2461 =( LENGTH_UNIT ( ) NAMED_UNIT ( * ) SI_UNIT ( .MILLI., .METRE. ) );
#2462 = FILL_AREA_STYLE_COLOUR ( '', #2439 ) ;
#2463 = FILL_AREA_STYLE_COLOUR ( '', #263 ) ;
#2464 = ORIENTED_EDGE ( 'NONE', *, *, #1151, .F. ) ;
#2465 = FILL_AREA_STYLE ('',( #190 ) ) ;
#2466 = SURFACE_SIDE_STYLE ('',( #206 ) ) ;
#2467 = FACE_OUTER_BOUND ( 'NONE', #1962, .T. ) ;
#2468 = CARTESIAN_POINT ( 'NONE',  ( 1.500000000000000000, 1.575000000000000178, 0.1000000000000002554 ) ) ;
#2469 = VERTEX_POINT ( 'NONE', #1669 ) ;
#2470 = ADVANCED_FACE ( 'NONE', ( #674 ), #1473, .F. ) ;
#2471 = FILL_AREA_STYLE ('',( #854 ) ) ;
#2472 = CARTESIAN_POINT ( 'NONE',  ( 1.500000000000000000, 1.575000000000000178, 1.979999999999999982 ) ) ;
#2473 = UNCERTAINTY_MEASURE_WITH_UNIT (LENGTH_MEASURE( 1.000000000000000082E-05 ), #1427, 'distance_accuracy_value', 'NONE');
#2474 = EDGE_LOOP ( 'NONE', ( #583, #404, #1886, #950 ) ) ;
#2475 = LINE ( 'NONE', #1419, #1499 ) ;
#2476 =( NAMED_UNIT ( * ) SI_UNIT ( $, .STERADIAN. ) SOLID_ANGLE_UNIT ( ) );
#2477 = CARTESIAN_POINT ( 'NONE',  ( -1.500000000000000000, 0.9250000000000004885, 0.1000000000000002554 ) ) ;
#2478 = LINE ( 'NONE', #10, #1564 ) ;
#2479 = UNCERTAINTY_MEASURE_WITH_UNIT (LENGTH_MEASURE( 1.000000000000000082E-05 ), #2324, 'distance_accuracy_value', 'NONE');
#2480 = SURFACE_SIDE_STYLE ('',( #207 ) ) ;
#2481 = EDGE_CURVE ( 'NONE', #688, #2469, #1755, .T. ) ;
#2482 = VECTOR ( 'NONE', #1052, 1000.000000000000000 ) ;
#2483 = DIRECTION ( 'NONE',  ( 0.000000000000000000, -1.000000000000000000, 0.000000000000000000 ) ) ;
#2484 = EDGE_CURVE ( 'NONE', #1646, #704, #1334, .T. ) ;
#2485 = ORIENTED_EDGE ( 'NONE', *, *, #1852, .T. ) ;
#2486 = VECTOR ( 'NONE', #586, 1000.000000000000000 ) ;
#2487 = SURFACE_STYLE_FILL_AREA ( #2471 ) ;
#2488 = FILL_AREA_STYLE ('',( #1845 ) ) ;
#2489 = MECHANICAL_DESIGN_GEOMETRIC_PRESENTATION_REPRESENTATION (  '', ( #1769 ), #426 ) ;
#2490 = ORIENTED_EDGE ( 'NONE', *, *, #277, .T. ) ;
#2491 = CARTESIAN_POINT ( 'NONE',  ( 2.100000000000000089, -1.600000000000000089, 0.09999999999999982514 ) ) ;
#2492 = PRESENTATION_LAYER_ASSIGNMENT (  '', '', ( #1056 ) ) ;
#2493 = COLOUR_RGB ( '',1.000000000000000000, 1.000000000000000000, 1.000000000000000000 ) ;
#2494 = DIRECTION ( 'NONE',  ( -1.000000000000000000, 0.000000000000000000, 0.000000000000000000 ) ) ;
#2495 = CARTESIAN_POINT ( 'NONE',  ( 2.250000000000000000, 0.8500000000000003109, 0.09999999999999982514 ) ) ;
#2496 = AXIS2_PLACEMENT_3D ( 'NONE', #873, #356, #763 ) ;
#2497 = EDGE_CURVE ( 'NONE', #1636, #661, #1583, .T. ) ;
#2498 =( GEOMETRIC_REPRESENTATION_CONTEXT ( 3 ) GLOBAL_UNCERTAINTY_ASSIGNED_CONTEXT ( ( #1522 ) ) GLOBAL_UNIT_ASSIGNED_CONTEXT ( ( #289, #1695, #1475 ) ) REPRESENTATION_CONTEXT ( 'NONE', 'WORKASPACE' ) );
#2499 = DIRECTION ( 'NONE',  ( 0.000000000000000000, 0.000000000000000000, -1.000000000000000000 ) ) ;
#2500 = CARTESIAN_POINT ( 'NONE',  ( 2.100000000000000089, -1.600000000000000089, 0.09999999999999982514 ) ) ;
#2501 = DIRECTION ( 'NONE',  ( 1.218204688185959817E-16, 0.000000000000000000, -1.000000000000000000 ) ) ;
#2502 = DIRECTION ( 'NONE',  ( 0.000000000000000000, 0.000000000000000000, 1.000000000000000000 ) ) ;
#2503 = MECHANICAL_DESIGN_GEOMETRIC_PRESENTATION_REPRESENTATION (  '', ( #1589 ), #517 ) ;
#2504 = ORIENTED_EDGE ( 'NONE', *, *, #2497, .T. ) ;
#2505 = LINE ( 'NONE', #40, #819 ) ;
#2506 = VECTOR ( 'NONE', #2356, 1000.000000000000000 ) ;
#2507 = CLOSED_SHELL ( 'NONE', ( #613, #2455, #2151, #2208, #2435, #2028, #798, #965, #68, #1935 ) ) ;
#2508 = ORIENTED_EDGE ( 'NONE', *, *, #2205, .T. ) ;
#2509 = VECTOR ( 'NONE', #723, 1000.000000000000000 ) ;
#2510 = LINE ( 'NONE', #1236, #2405 ) ;
#2511 = UNCERTAINTY_MEASURE_WITH_UNIT (LENGTH_MEASURE( 1.000000000000000082E-05 ), #1545, 'distance_accuracy_value', 'NONE');
#2512 = CARTESIAN_POINT ( 'NONE',  ( -2.250000000000000000, 1.600000000000000089, 2.799999999999999378 ) ) ;
#2513 = SURFACE_SIDE_STYLE ('',( #416 ) ) ;
#2514 = ORIENTED_EDGE ( 'NONE', *, *, #1104, .T. ) ;
#2515 = ORIENTED_EDGE ( 'NONE', *, *, #2069, .F. ) ;
#2516 = FILL_AREA_STYLE ('',( #1433 ) ) ;
#2517 = ADVANCED_FACE ( 'NONE', ( #1160 ), #544, .F. ) ;
#2518 = ADVANCED_FACE ( 'NONE', ( #114 ), #2593, .F. ) ;
#2519 = CARTESIAN_POINT ( 'NONE',  ( -1.500000000000000000, 0.9250000000000004885, 1.979999999999999982 ) ) ;
#2520 = VERTEX_POINT ( 'NONE', #827 ) ;
#2521 = EDGE_CURVE ( 'NONE', #201, #1179, #601, .T. ) ;
#2522 = EDGE_CURVE ( 'NONE', #1559, #1581, #217, .T. ) ;
#2523 = CARTESIAN_POINT ( 'NONE',  ( 1.500000000000000000, 0.9250000000000002665, 0.000000000000000000 ) ) ;
#2524 = CARTESIAN_POINT ( 'NONE',  ( 2.250000000000000000, 0.8500000000000003109, 1.879999999999999671 ) ) ;
#2525 = EDGE_CURVE ( 'NONE', #801, #2259, #2222, .T. ) ;
#2526 = DIRECTION ( 'NONE',  ( 0.000000000000000000, -1.000000000000000000, 0.000000000000000000 ) ) ;
#2527 = DIRECTION ( 'NONE',  ( 0.000000000000000000, 0.000000000000000000, -1.000000000000000000 ) ) ;
#2528 = EDGE_LOOP ( 'NONE', ( #1193, #407, #2168, #2224 ) ) ;
#2529 = CARTESIAN_POINT ( 'NONE',  ( 2.100000000000000089, 0.9250000000000002665, 0.1000000000000002554 ) ) ;
#2530 = VECTOR ( 'NONE', #900, 1000.000000000000000 ) ;
#2531 = EDGE_LOOP ( 'NONE', ( #1218, #2257, #1967, #2193 ) ) ;
#2532 = SURFACE_STYLE_FILL_AREA ( #1077 ) ;
#2533 = PRESENTATION_LAYER_ASSIGNMENT (  '', '', ( #383 ) ) ;
#2534 =( NAMED_UNIT ( * ) SI_UNIT ( $, .STERADIAN. ) SOLID_ANGLE_UNIT ( ) );
#2535 = COLOUR_RGB ( '',1.000000000000000000, 1.000000000000000000, 1.000000000000000000 ) ;
#2536 = ORIENTED_EDGE ( 'NONE', *, *, #71, .T. ) ;
#2537 = AXIS2_PLACEMENT_3D ( 'NONE', #2279, #444, #1243 ) ;
#2538 = CARTESIAN_POINT ( 'NONE',  ( -2.250000000000000000, -1.599999999999999645, 1.879999999999999671 ) ) ;
#2539 = VECTOR ( 'NONE', #1374, 1000.000000000000000 ) ;
#2540 = SURFACE_SIDE_STYLE ('',( #1892 ) ) ;
#2541 = ADVANCED_FACE ( 'NONE', ( #642 ), #1204, .F. ) ;
#2542 = SURFACE_STYLE_FILL_AREA ( #512 ) ;
#2543 = ORIENTED_EDGE ( 'NONE', *, *, #1736, .T. ) ;
#2544 = CARTESIAN_POINT ( 'NONE',  ( 1.500000000000000000, 1.575000000000000178, 1.979999999999999982 ) ) ;
#2545 = MECHANICAL_DESIGN_GEOMETRIC_PRESENTATION_REPRESENTATION (  '', ( #1066 ), #309 ) ;
#2546 = EDGE_LOOP ( 'NONE', ( #1633, #788, #2376, #1585 ) ) ;
#2547 = FACE_OUTER_BOUND ( 'NONE', #2311, .T. ) ;
#2548 = PRESENTATION_LAYER_ASSIGNMENT (  '', '', ( #1023 ) ) ;
#2549 = AXIS2_PLACEMENT_3D ( 'NONE', #929, #2579, #730 ) ;
#2550 = AXIS2_PLACEMENT_3D ( 'NONE', #717, #1708, #2582 ) ;
#2551 = PRESENTATION_LAYER_ASSIGNMENT (  '', '', ( #2587 ) ) ;
#2552 = CARTESIAN_POINT ( 'NONE',  ( 2.100000000000000089, -1.600000000000000311, 1.879999999999999671 ) ) ;
#2553 = VERTEX_POINT ( 'NONE', #1632 ) ;
#2554 = DIRECTION ( 'NONE',  ( 0.000000000000000000, -1.000000000000000000, 0.000000000000000000 ) ) ;
#2555 =( NAMED_UNIT ( * ) SI_UNIT ( $, .STERADIAN. ) SOLID_ANGLE_UNIT ( ) );
#2556 = EDGE_CURVE ( 'NONE', #1197, #2158, #2458, .T. ) ;
#2557 = EDGE_LOOP ( 'NONE', ( #1569, #1913, #606, #2, #210, #460, #2417, #1286 ) ) ;
#2558 = FILL_AREA_STYLE ('',( #2309 ) ) ;
#2559 = FACE_OUTER_BOUND ( 'NONE', #2299, .T. ) ;
#2560 =( NAMED_UNIT ( * ) SI_UNIT ( $, .STERADIAN. ) SOLID_ANGLE_UNIT ( ) );
#2561 = SURFACE_STYLE_FILL_AREA ( #107 ) ;
#2562 =( LENGTH_UNIT ( ) NAMED_UNIT ( * ) SI_UNIT ( .MILLI., .METRE. ) );
#2563 = DIRECTION ( 'NONE',  ( 0.000000000000000000, 0.000000000000000000, 1.000000000000000000 ) ) ;
#2564 = UNCERTAINTY_MEASURE_WITH_UNIT (LENGTH_MEASURE( 1.000000000000000082E-05 ), #7, 'distance_accuracy_value', 'NONE');
#2565 = ORIENTED_EDGE ( 'NONE', *, *, #1588, .T. ) ;
#2566 = SURFACE_STYLE_FILL_AREA ( #916 ) ;
#2567 = ORIENTED_EDGE ( 'NONE', *, *, #331, .T. ) ;
#2568 = PLANE ( 'NONE',  #732 ) ;
#2569 =( LENGTH_UNIT ( ) NAMED_UNIT ( * ) SI_UNIT ( .MILLI., .METRE. ) );
#2570 = VECTOR ( 'NONE', #384, 1000.000000000000000 ) ;
#2571 = LINE ( 'NONE', #311, #1861 ) ;
#2572 = ORIENTED_EDGE ( 'NONE', *, *, #1727, .T. ) ;
#2573 = LINE ( 'NONE', #1870, #2509 ) ;
#2574 = STYLED_ITEM ( 'NONE', ( #430 ), #1459 ) ;
#2575 =( NAMED_UNIT ( * ) SI_UNIT ( $, .STERADIAN. ) SOLID_ANGLE_UNIT ( ) );
#2576 = FILL_AREA_STYLE_COLOUR ( '', #1603 ) ;
#2577 = PRESENTATION_LAYER_ASSIGNMENT (  '', '', ( #1769 ) ) ;
#2578 = STYLED_ITEM ( 'NONE', ( #1157 ), #1901 ) ;
#2579 = DIRECTION ( 'NONE',  ( 0.000000000000000000, -1.000000000000000000, 0.000000000000000000 ) ) ;
#2580 = AXIS2_PLACEMENT_3D ( 'NONE', #1558, #522, #353 ) ;
#2581 = VERTEX_POINT ( 'NONE', #2040 ) ;
#2582 = DIRECTION ( 'NONE',  ( 1.000000000000000000, 0.000000000000000000, 0.000000000000000000 ) ) ;
#2583 = CARTESIAN_POINT ( 'NONE',  ( -1.500000000000000000, -1.574999999999999512, 1.979999999999999982 ) ) ;
#2584 = CARTESIAN_POINT ( 'NONE',  ( 2.200000000000000178, -0.9249999999999996003, 0.000000000000000000 ) ) ;
#2585 = EDGE_LOOP ( 'NONE', ( #1379, #1853, #2490, #1373 ) ) ;
#2586 = DIRECTION ( 'NONE',  ( -1.000000000000000000, 0.000000000000000000, 0.000000000000000000 ) ) ;
#2587 = STYLED_ITEM ( 'NONE', ( #645 ), #543 ) ;
#2588 = CARTESIAN_POINT ( 'NONE',  ( -2.200000000000000178, 0.9250000000000004885, 1.979999999999999982 ) ) ;
#2589 = CLOSED_SHELL ( 'NONE', ( #1348, #2273, #528, #302, #37, #806, #2518, #1464, #694, #2394 ) ) ;
#2590 = FACE_OUTER_BOUND ( 'NONE', #2528, .T. ) ;
#2591 =( NAMED_UNIT ( * ) PLANE_ANGLE_UNIT ( ) SI_UNIT ( $, .RADIAN. ) );
#2592 = ORIENTED_EDGE ( 'NONE', *, *, #1852, .F. ) ;
#2593 = PLANE ( 'NONE',  #1690 ) ;
#2594 = EDGE_LOOP ( 'NONE', ( #1741, #136, #2374, #1597 ) ) ;
#2595 = LINE ( 'NONE', #2583, #1995 ) ;
#2596 = FILL_AREA_STYLE_COLOUR ( '', #1780 ) ;
#2597 = SURFACE_STYLE_USAGE ( .BOTH. , #938 ) ;
#2598 = EDGE_LOOP ( 'NONE', ( #895, #1915, #2361, #76 ) ) ;
#2599 = EDGE_CURVE ( 'NONE', #775, #2581, #1798, .T. ) ;
#2600 =( NAMED_UNIT ( * ) PLANE_ANGLE_UNIT ( ) SI_UNIT ( $, .RADIAN. ) );
#2601 = LINE ( 'NONE', #422, #1139 ) ;
#2602 = LINE ( 'NONE', #1945, #2083 ) ;
#2603 = EDGE_CURVE ( 'NONE', #1770, #230, #445, .T. ) ;
#2604 = SURFACE_STYLE_USAGE ( .BOTH. , #531 ) ;
#2605 = PRESENTATION_STYLE_ASSIGNMENT (( #152 ) ) ;
#2606 = SURFACE_STYLE_FILL_AREA ( #137 ) ;
#2607 = EDGE_LOOP ( 'NONE', ( #2213, #842, #278, #354, #29, #1761, #672, #2073 ) ) ;
#2608 =( NAMED_UNIT ( * ) SI_UNIT ( $, .STERADIAN. ) SOLID_ANGLE_UNIT ( ) );
#2609 =( LENGTH_UNIT ( ) NAMED_UNIT ( * ) SI_UNIT ( .MILLI., .METRE. ) );
#2610 = LINE ( 'NONE', #749, #719 ) ;
#2611 = CARTESIAN_POINT ( 'NONE',  ( -1.500000000000000000, -0.9249999999999996003, 0.000000000000000000 ) ) ;
#2612 = CARTESIAN_POINT ( 'NONE',  ( 2.250000000000000000, -1.600000000000000089, 2.799999999999999378 ) ) ;
#2613 = ORIENTED_EDGE ( 'NONE', *, *, #109, .T. ) ;
#2614 = CARTESIAN_POINT ( 'NONE',  ( -2.250000000000000000, -1.629999999999999671, 2.799999999999999378 ) ) ;
#2615 = VECTOR ( 'NONE', #1320, 1000.000000000000000 ) ;
#2616 = SURFACE_STYLE_USAGE ( .BOTH. , #1397 ) ;
#2617 = SURFACE_SIDE_STYLE ('',( #1764 ) ) ;
#2618 = COLOUR_RGB ( '',1.000000000000000000, 1.000000000000000000, 1.000000000000000000 ) ;
#2619 = AXIS2_PLACEMENT_3D ( 'NONE', #1178, #393, #564 ) ;
#2620 = VECTOR ( 'NONE', #593, 1000.000000000000000 ) ;
#2621 = VERTEX_POINT ( 'NONE', #837 ) ;
#2622 = VECTOR ( 'NONE', #1305, 1000.000000000000000 ) ;
#2623 = PRESENTATION_LAYER_ASSIGNMENT (  '', '', ( #1015 ) ) ;
#2624 = ORIENTED_EDGE ( 'NONE', *, *, #1075, .F. ) ;
#2625 = VECTOR ( 'NONE', #409, 1000.000000000000000 ) ;
#2626 = SURFACE_SIDE_STYLE ('',( #321 ) ) ;
#2627 = ORIENTED_EDGE ( 'NONE', *, *, #1271, .T. ) ;
#2628 = FILL_AREA_STYLE_COLOUR ( '', #2414 ) ;
#2629 =( GEOMETRIC_REPRESENTATION_CONTEXT ( 3 ) GLOBAL_UNCERTAINTY_ASSIGNED_CONTEXT ( ( #227 ) ) GLOBAL_UNIT_ASSIGNED_CONTEXT ( ( #1147, #2012, #1586 ) ) REPRESENTATION_CONTEXT ( 'NONE', 'WORKASPACE' ) );
#2630 = MECHANICAL_DESIGN_GEOMETRIC_PRESENTATION_REPRESENTATION (  '', ( #104 ), #779 ) ;
#2631 = PRESENTATION_LAYER_ASSIGNMENT (  '', '', ( #1450 ) ) ;
#2632 = CARTESIAN_POINT ( 'NONE',  ( 2.250000000000000000, -1.600000000000000089, 2.799999999999999378 ) ) ;
#2633 = PLANE ( 'NONE',  #358 ) ;
#2634 = COLOUR_RGB ( '',1.000000000000000000, 1.000000000000000000, 1.000000000000000000 ) ;
#2635 = EDGE_LOOP ( 'NONE', ( #1692, #1576, #243, #123 ) ) ;
#2636 = DIRECTION ( 'NONE',  ( 0.000000000000000000, -1.000000000000000000, 0.000000000000000000 ) ) ;
#2637 =( NAMED_UNIT ( * ) SI_UNIT ( $, .STERADIAN. ) SOLID_ANGLE_UNIT ( ) );
#2638 = EDGE_CURVE ( 'NONE', #801, #1636, #427, .T. ) ;
#2639 = EDGE_CURVE ( 'NONE', #308, #2399, #2280, .T. ) ;
#2640 = ORIENTED_EDGE ( 'NONE', *, *, #839, .F. ) ;
#2641 = DIRECTION ( 'NONE',  ( -1.000000000000000000, 0.000000000000000000, 0.000000000000000000 ) ) ;
ENDSEC;
END-ISO-10303-21;
