ISO-10303-21;
HEADER;
FILE_DESCRIPTION (( 'STEP AP214' ),
    '1' );
FILE_NAME ('URB24xxN-xWR3G.step',
    '2026-09-18T06:32:33',
    ( '' ),
    ( '' ),
    'SwSTEP 2.0',
    'SolidWorks 2025',
    '' );
FILE_SCHEMA (( 'AUTOMOTIVE_DESIGN' ));
ENDSEC;

DATA;
#1 = AXIS2_PLACEMENT_3D ( 'NONE', #2600, #2313, #261 ) ;
#2 = MANIFOLD_SOLID_BREP ( '0-------6W_ASM[7]', #2801 ) ;
#3 = ORIENTED_EDGE ( 'NONE', *, *, #1878, .F. ) ;
#4 = AXIS2_PLACEMENT_3D ( 'NONE', #277, #782, #1446 ) ;
#5 = ADVANCED_FACE ( 'NONE', ( #3018 ), #1531, .T. ) ;
#6 = VERTEX_POINT ( 'NONE', #1287 ) ;
#7 = ORIENTED_EDGE ( 'NONE', *, *, #2601, .T. ) ;
#8 = EDGE_CURVE ( 'NONE', #1693, #2967, #501, .T. ) ;
#9 = DIRECTION ( 'NONE',  ( 0.000000000000000000, 0.000000000000000000, -1.000000000000000000 ) ) ;
#10 = VECTOR ( 'NONE', #2264, 1000.000000000000000 ) ;
#11 = ORIENTED_EDGE ( 'NONE', *, *, #3001, .F. ) ;
#12 = EDGE_CURVE ( 'NONE', #1184, #3334, #1285, .T. ) ;
#13 = DIRECTION ( 'NONE',  ( 0.000000000000000000, 0.000000000000000000, -1.000000000000000000 ) ) ;
#14 = DIRECTION ( 'NONE',  ( 1.000000000000000000, 0.000000000000000000, 0.000000000000000000 ) ) ;
#15 = AXIS2_PLACEMENT_3D ( 'NONE', #638, #3284, #51 ) ;
#16 = CARTESIAN_POINT ( 'NONE',  ( -5.590477403570000448, -4.959508586421000231, 1.549520199999999681 ) ) ;
#17 = AXIS2_PLACEMENT_3D ( 'NONE', #241, #1692, #486 ) ;
#18 = AXIS2_PLACEMENT_3D ( 'NONE', #3481, #1516, #886 ) ;
#19 = CARTESIAN_POINT ( 'NONE',  ( -5.448128219357999846, 3.240491764373999661, 1.749760300000000157 ) ) ;
#20 = DIRECTION ( 'NONE',  ( 0.000000000000000000, 0.000000000000000000, 1.000000000000000000 ) ) ;
#21 = AXIS2_PLACEMENT_3D ( 'NONE', #1511, #1216, #80 ) ;
#22 = AXIS2_PLACEMENT_3D ( 'NONE', #416, #2887, #284 ) ;
#23 = CARTESIAN_POINT ( 'NONE',  ( -4.950000000000000178, 4.950000000000000178, 0.000000000000000000 ) ) ;
#24 = CARTESIAN_POINT ( 'NONE',  ( -4.948128219357998958, 3.240491764373999661, 9.549760299999999091 ) ) ;
#25 = EDGE_LOOP ( 'NONE', ( #2551, #3241, #543, #1944 ) ) ;
#26 = CIRCLE ( 'NONE', #1800, 0.3999999999994997002 ) ;
#27 = AXIS2_PLACEMENT_3D ( 'NONE', #662, #2935, #3508 ) ;
#28 = CYLINDRICAL_SURFACE ( 'NONE', #3674, 0.6499999999999995781 ) ;
#29 = CIRCLE ( 'NONE', #1199, 0.4000000000000001887 ) ;
#30 = ORIENTED_EDGE ( 'NONE', *, *, #1725, .T. ) ;
#31 = EDGE_LOOP ( 'NONE', ( #1770, #1161, #2663, #69 ) ) ;
#32 = DIRECTION ( 'NONE',  ( 0.000000000000000000, 0.000000000000000000, 1.000000000000000000 ) ) ;
#33 = CARTESIAN_POINT ( 'NONE',  ( -5.246542076182000081, 1.540493364330000059, 10.24976029999999838 ) ) ;
#34 = CARTESIAN_POINT ( 'NONE',  ( 4.959523887267001108, -4.950271625087000693, -4.844239700000001037 ) ) ;
#35 = ORIENTED_EDGE ( 'NONE', *, *, #3718, .F. ) ;
#36 = DIRECTION ( 'NONE',  ( 1.000000000000000000, 0.000000000000000000, 0.000000000000000000 ) ) ;
#37 = CIRCLE ( 'NONE', #3697, 0.6499999999999995781 ) ;
#38 = PLANE ( 'NONE',  #1673 ) ;
#39 = EDGE_CURVE ( 'NONE', #2124, #1847, #120, .T. ) ;
#40 = ADVANCED_FACE ( 'NONE', ( #3330 ), #3626, .T. ) ;
#41 = LINE ( 'NONE', #1211, #2648 ) ;
#42 = ORIENTED_EDGE ( 'NONE', *, *, #12, .F. ) ;
#43 = DIRECTION ( 'NONE',  ( 0.000000000000000000, 0.000000000000000000, -1.000000000000000000 ) ) ;
#44 = FACE_OUTER_BOUND ( 'NONE', #1204, .T. ) ;
#45 = CARTESIAN_POINT ( 'NONE',  ( -5.400000000000000355, -4.950000000000000178, 0.3999999999999993006 ) ) ;
#46 = ORIENTED_EDGE ( 'NONE', *, *, #2861, .T. ) ;
#47 = CARTESIAN_POINT ( 'NONE',  ( -5.349714364903999986, 4.940492704416000080, 2.049520199999999903 ) ) ;
#48 = EDGE_LOOP ( 'NONE', ( #1978, #864, #1080, #2848 ) ) ;
#49 = VERTEX_POINT ( 'NONE', #1657 ) ;
#50 = FACE_OUTER_BOUND ( 'NONE', #1602, .T. ) ;
#51 = DIRECTION ( 'NONE',  ( 1.000000000000000000, 0.000000000000000000, 0.000000000000000000 ) ) ;
#52 = EDGE_CURVE ( 'NONE', #859, #781, #3043, .T. ) ;
#53 = ORIENTED_EDGE ( 'NONE', *, *, #1885, .F. ) ;
#54 = LINE ( 'NONE', #3560, #3171 ) ;
#55 = EDGE_CURVE ( 'NONE', #2838, #3554, #2749, .T. ) ;
#56 = EDGE_CURVE ( 'NONE', #844, #215, #3229, .T. ) ;
#57 =( GEOMETRIC_REPRESENTATION_CONTEXT ( 3 ) GLOBAL_UNCERTAINTY_ASSIGNED_CONTEXT ( ( #3629 ) ) GLOBAL_UNIT_ASSIGNED_CONTEXT ( ( #2424, #183, #1918 ) ) REPRESENTATION_CONTEXT ( 'NONE', 'WORKASPACE' ) );
#58 = DIRECTION ( 'NONE',  ( 0.000000000000000000, 0.000000000000000000, -1.000000000000000000 ) ) ;
#59 = CARTESIAN_POINT ( 'NONE',  ( 6.349999999999999645, 5.349999999999999645, 10.30000000000000071 ) ) ;
#60 = CARTESIAN_POINT ( 'NONE',  ( -4.946542076182000258, 1.540493364330000059, 1.549520199999999681 ) ) ;
#61 =( GEOMETRIC_REPRESENTATION_CONTEXT ( 3 ) GLOBAL_UNCERTAINTY_ASSIGNED_CONTEXT ( ( #2178 ) ) GLOBAL_UNIT_ASSIGNED_CONTEXT ( ( #3760, #1993, #3692 ) ) REPRESENTATION_CONTEXT ( 'NONE', 'WORKASPACE' ) );
#62 = CARTESIAN_POINT ( 'NONE',  ( 4.309523887267000752, -4.950271625087000693, 1.549520199999999681 ) ) ;
#63 = CIRCLE ( 'NONE', #565, 0.5000000000000004441 ) ;
#64 = ADVANCED_FACE ( 'NONE', ( #1597 ), #3365, .T. ) ;
#65 = ORIENTED_EDGE ( 'NONE', *, *, #3358, .F. ) ;
#66 = PLANE ( 'NONE',  #694 ) ;
#67 = DIRECTION ( 'NONE',  ( 0.000000000000000000, 0.000000000000000000, 1.000000000000000000 ) ) ;
#68 = ORIENTED_EDGE ( 'NONE', *, *, #8, .F. ) ;
#69 = ORIENTED_EDGE ( 'NONE', *, *, #2878, .T. ) ;
#70 = AXIS2_PLACEMENT_3D ( 'NONE', #851, #2858, #1100 ) ;
#71 = DIRECTION ( 'NONE',  ( 0.000000000000000000, 0.000000000000000000, -1.000000000000000000 ) ) ;
#72 = CARTESIAN_POINT ( 'NONE',  ( -5.599714364903999986, 4.940492704416000080, 1.549520199999999681 ) ) ;
#73 =( LENGTH_UNIT ( ) NAMED_UNIT ( * ) SI_UNIT ( .MILLI., .METRE. ) );
#74 = ORIENTED_EDGE ( 'NONE', *, *, #3401, .T. ) ;
#75 = CARTESIAN_POINT ( 'NONE',  ( -4.948128219357998958, 3.240491764373999661, 2.059863843933000371 ) ) ;
#76 = PRODUCT_DEFINITION_SHAPE ( 'NONE', 'NONE',  #3407 ) ;
#77 = AXIS2_PLACEMENT_3D ( 'NONE', #738, #2532, #803 ) ;
#78 = DIRECTION ( 'NONE',  ( -1.000000000000000000, 0.000000000000000000, 0.000000000000000000 ) ) ;
#79 = FACE_OUTER_BOUND ( 'NONE', #2404, .T. ) ;
#80 = DIRECTION ( 'NONE',  ( 1.000000000000000000, -4.770489558936703555E-14, 0.000000000000000000 ) ) ;
#81 = VECTOR ( 'NONE', #3290, 1000.000000000000000 ) ;
#82 = CIRCLE ( 'NONE', #1921, 0.2500000000000002220 ) ;
#83 = DIRECTION ( 'NONE',  ( -1.000000000000000000, 0.000000000000000000, 0.000000000000000000 ) ) ;
#84 = EDGE_CURVE ( 'NONE', #904, #2665, #255, .T. ) ;
#85 = DIRECTION ( 'NONE',  ( -1.000000000000000000, 1.517883041479705577E-14, 0.000000000000000000 ) ) ;
#86 = ADVANCED_FACE ( 'NONE', ( #1027 ), #2176, .T. ) ;
#87 = AXIS2_PLACEMENT_3D ( 'NONE', #2772, #1309, #3363 ) ;
#88 = ORIENTED_EDGE ( 'NONE', *, *, #2717, .T. ) ;
#89 = FACE_BOUND ( 'NONE', #1418, .T. ) ;
#90 = CARTESIAN_POINT ( 'NONE',  ( -4.948128219357998958, 3.240491764373999661, 1.749760300000000157 ) ) ;
#91 = ADVANCED_FACE ( 'NONE', ( #856 ), #2582, .F. ) ;
#92 = ORIENTED_EDGE ( 'NONE', *, *, #352, .F. ) ;
#93 = ORIENTED_EDGE ( 'NONE', *, *, #3571, .F. ) ;
#94 = CARTESIAN_POINT ( 'NONE',  ( -4.940477403570000092, -4.959508586421000231, 1.549520199999999681 ) ) ;
#95 = CARTESIAN_POINT ( 'NONE',  ( -4.540477403570000625, -4.959508586421000231, 1.549520199999999681 ) ) ;
#96 = MANIFOLD_SOLID_BREP ( '0-------6W_ASM[9]', #431 ) ;
#97 = CARTESIAN_POINT ( 'NONE',  ( -6.139822264006996377, -5.305166238729998263, 10.81732865143269962 ) ) ;
#98 = ORIENTED_EDGE ( 'NONE', *, *, #1082, .F. ) ;
#99 = LINE ( 'NONE', #3077, #1119 ) ;
#100 = FACE_OUTER_BOUND ( 'NONE', #3677, .T. ) ;
#101 = CARTESIAN_POINT ( 'NONE',  ( -6.349999999999999645, 5.349999987168999382, 10.30000000000000071 ) ) ;
#102 = MANIFOLD_SOLID_BREP ( '0-------6W_ASM[6]', #189 ) ;
#103 = CARTESIAN_POINT ( 'NONE',  ( -4.850000000000000533, -4.850000000000000533, 10.26999999999999957 ) ) ;
#104 = FACE_BOUND ( 'NONE', #1095, .T. ) ;
#105 = EDGE_LOOP ( 'NONE', ( #2341, #2654, #982, #347 ) ) ;
#106 = CARTESIAN_POINT ( 'NONE',  ( -5.950000000000000178, 0.000000000000000000, 5.399999999999999467 ) ) ;
#107 = EDGE_CURVE ( 'NONE', #573, #525, #2503, .T. ) ;
#108 = ADVANCED_FACE ( 'NONE', ( #1448 ), #875, .T. ) ;
#109 = VERTEX_POINT ( 'NONE', #1109 ) ;
#110 = VERTEX_POINT ( 'NONE', #1974 ) ;
#111 = DIRECTION ( 'NONE',  ( -1.000000000000000000, 0.000000000000000000, 0.000000000000000000 ) ) ;
#112 = CARTESIAN_POINT ( 'NONE',  ( 4.550286925934000415, 4.949729665750000507, -4.550239699999999665 ) ) ;
#113 = DIRECTION ( 'NONE',  ( 1.000000000000000000, 0.000000000000000000, 0.000000000000000000 ) ) ;
#114 = ORIENTED_EDGE ( 'NONE', *, *, #2493, .T. ) ;
#115 = CARTESIAN_POINT ( 'NONE',  ( -5.350000000044999204, -5.850000000000000533, 10.80000000000010019 ) ) ;
#116 = DIRECTION ( 'NONE',  ( 1.000000000000000000, 0.000000000000000000, 0.000000000000000000 ) ) ;
#117 = AXIS2_PLACEMENT_3D ( 'NONE', #1005, #2194, #2219 ) ;
#118 = ORIENTED_EDGE ( 'NONE', *, *, #541, .T. ) ;
#119 = DIRECTION ( 'NONE',  ( 1.000000000000000000, 0.000000000000000000, 0.000000000000000000 ) ) ;
#120 = CIRCLE ( 'NONE', #3225, 1.000000000000000000 ) ;
#121 = CARTESIAN_POINT ( 'NONE',  ( -4.940477403570000092, -4.959508586421000231, 10.14976029999999874 ) ) ;
#122 = EDGE_LOOP ( 'NONE', ( #3203, #2867, #2207, #562 ) ) ;
#123 = VERTEX_POINT ( 'NONE', #228 ) ;
#124 = PLANE ( 'NONE',  #1305 ) ;
#125 = DIRECTION ( 'NONE',  ( 0.000000000000000000, 0.000000000000000000, 1.000000000000000000 ) ) ;
#126 = EDGE_CURVE ( 'NONE', #3075, #1963, #1710, .T. ) ;
#127 = AXIS2_PLACEMENT_3D ( 'NONE', #3509, #964, #1802 ) ;
#128 = ADVANCED_FACE ( 'NONE', ( #2852 ), #2549, .F. ) ;
#129 = ORIENTED_EDGE ( 'NONE', *, *, #743, .T. ) ;
#130 = VERTEX_POINT ( 'NONE', #842 ) ;
#131 = CARTESIAN_POINT ( 'NONE',  ( -4.975491360460999601, -0.3260661585560999387, 1.901760299999999404 ) ) ;
#132 = CARTESIAN_POINT ( 'NONE',  ( -4.946542076182000258, 1.540493364330000059, 2.049520199999999903 ) ) ;
#133 = AXIS2_PLACEMENT_3D ( 'NONE', #2561, #3167, #2863 ) ;
#134 = CARTESIAN_POINT ( 'NONE',  ( -6.402586518619003186, -5.942275964563004109, 10.59109372066169996 ) ) ;
#135 = EDGE_CURVE ( 'NONE', #172, #775, #1663, .T. ) ;
#136 = AXIS2_PLACEMENT_3D ( 'NONE', #3106, #2574, #3414 ) ;
#137 = ORIENTED_EDGE ( 'NONE', *, *, #498, .T. ) ;
#138 = DIRECTION ( 'NONE',  ( 1.000000000000000000, 0.000000000000000000, 0.000000000000000000 ) ) ;
#139 = DIRECTION ( 'NONE',  ( 0.000000000000000000, 0.000000000000000000, -1.000000000000000000 ) ) ;
#140 = EDGE_CURVE ( 'NONE', #3150, #368, #3049, .T. ) ;
#141 = FILL_AREA_STYLE_COLOUR ( '', #1892 ) ;
#142 = CIRCLE ( 'NONE', #762, 0.4000000000000001887 ) ;
#143 = LINE ( 'NONE', #1318, #2035 ) ;
#144 = CARTESIAN_POINT ( 'NONE',  ( 5.931719591511003031, 6.383825845177003799, 10.27166343247400171 ) ) ;
#145 = ORIENTED_EDGE ( 'NONE', *, *, #754, .T. ) ;
#146 = AXIS2_PLACEMENT_3D ( 'NONE', #2602, #3761, #1160 ) ;
#147 = CIRCLE ( 'NONE', #3676, 0.2500000000005995759 ) ;
#148 = CARTESIAN_POINT ( 'NONE',  ( -4.940477403570000092, -4.959482462170000439, -4.550239699999999665 ) ) ;
#149 = DIRECTION ( 'NONE',  ( 1.000000000000000000, 0.000000000000000000, 0.000000000000000000 ) ) ;
#150 = VECTOR ( 'NONE', #245, 1000.000000000000000 ) ;
#151 = AXIS2_PLACEMENT_3D ( 'NONE', #2027, #3118, #1544 ) ;
#152 = VERTEX_POINT ( 'NONE', #1779 ) ;
#153 = VERTEX_POINT ( 'NONE', #1483 ) ;
#154 = DIRECTION ( 'NONE',  ( -4.551914400964000096E-14, -1.000000000000000000, 0.000000000000000000 ) ) ;
#155 = CIRCLE ( 'NONE', #3497, 0.6500000000000003553 ) ;
#156 = DIRECTION ( 'NONE',  ( 0.000000000000000000, 0.000000000000000000, -1.000000000000000000 ) ) ;
#157 = STYLED_ITEM ( 'NONE', ( #2687 ), #2622 ) ;
#158 = CARTESIAN_POINT ( 'NONE',  ( -6.168510895333997546, -5.810564829079002180, 10.81732865143270139 ) ) ;
#159 = AXIS2_PLACEMENT_3D ( 'NONE', #798, #2860, #836 ) ;
#160 = DIRECTION ( 'NONE',  ( 0.000000000000000000, 1.000000000000000000, 0.000000000000000000 ) ) ;
#161 = EDGE_CURVE ( 'NONE', #3002, #990, #3537, .T. ) ;
#162 = LINE ( 'NONE', #2481, #1687 ) ;
#163 = DIRECTION ( 'NONE',  ( 0.000000000000000000, 0.000000000000000000, -1.000000000000000000 ) ) ;
#164 = LINE ( 'NONE', #3208, #3371 ) ;
#165 = CIRCLE ( 'NONE', #1809, 0.9999999999999003020 ) ;
#166 = UNCERTAINTY_MEASURE_WITH_UNIT (LENGTH_MEASURE( 1.000000000000000082E-05 ), #73, 'distance_accuracy_value', 'NONE');
#167 = CYLINDRICAL_SURFACE ( 'NONE', #773, 0.4000000000000001887 ) ;
#168 = CARTESIAN_POINT ( 'NONE',  ( -4.973541558323000267, -2.415827388947999754, 2.049760299999999980 ) ) ;
#169 = ORIENTED_EDGE ( 'NONE', *, *, #1457, .T. ) ;
#170 = SURFACE_STYLE_USAGE ( .BOTH. , #2553 ) ;
#171 = CARTESIAN_POINT ( 'NONE',  ( -4.950000000000000178, -4.950000000000000178, 0.000000000000000000 ) ) ;
#172 = VERTEX_POINT ( 'NONE', #2048 ) ;
#173 = ORIENTED_EDGE ( 'NONE', *, *, #3750, .F. ) ;
#174 = CARTESIAN_POINT ( 'NONE',  ( 4.559523887267000752, -4.950271625087000693, 1.549520199999999681 ) ) ;
#175 = CARTESIAN_POINT ( 'NONE',  ( -6.349999999999999645, -5.349999999999999645, 10.30000000000000071 ) ) ;
#176 = DIRECTION ( 'NONE',  ( 0.000000000000000000, 0.000000000000000000, 1.000000000000000000 ) ) ;
#177 = EDGE_LOOP ( 'NONE', ( #1951, #791 ) ) ;
#178 = DIRECTION ( 'NONE',  ( 0.000000000000000000, 0.000000000000000000, -1.000000000000000000 ) ) ;
#179 = DIRECTION ( 'NONE',  ( -2.272487753529615274E-13, 0.000000000000000000, 1.000000000000000000 ) ) ;
#180 = ADVANCED_FACE ( 'NONE', ( #945 ), #1523, .T. ) ;
#181 = FACE_OUTER_BOUND ( 'NONE', #1407, .T. ) ;
#182 = ADVANCED_FACE ( 'NONE', ( #3491 ), #2978, .T. ) ;
#183 =( NAMED_UNIT ( * ) PLANE_ANGLE_UNIT ( ) SI_UNIT ( $, .RADIAN. ) );
#184 = CARTESIAN_POINT ( 'NONE',  ( -5.400000000000000355, 4.950000000000000178, 0.000000000000000000 ) ) ;
#185 = DIRECTION ( 'NONE',  ( -1.000000000000000000, 0.000000000000000000, 0.000000000000000000 ) ) ;
#186 = CARTESIAN_POINT ( 'NONE',  ( -4.823541558323000800, -2.415827388947999754, 9.549760299999999091 ) ) ;
#187 = VERTEX_POINT ( 'NONE', #373 ) ;
#188 = FACE_OUTER_BOUND ( 'NONE', #1820, .T. ) ;
#189 = CLOSED_SHELL ( 'NONE', ( #1303, #2837, #3465, #1254, #1336, #1860, #3212, #2287, #1102, #1906, #302, #2650 ) ) ;
#190 = CARTESIAN_POINT ( 'NONE',  ( -5.596542076182000613, 1.540493364330000059, 1.549520199999999681 ) ) ;
#191 = ADVANCED_FACE ( 'NONE', ( #3224 ), #644, .F. ) ;
#192 = VERTEX_POINT ( 'NONE', #2330 ) ;
#193 = ORIENTED_EDGE ( 'NONE', *, *, #3466, .F. ) ;
#194 = FACE_OUTER_BOUND ( 'NONE', #1680, .T. ) ;
#195 = DIRECTION ( 'NONE',  ( 0.000000000000000000, 0.000000000000000000, -1.000000000000000000 ) ) ;
#196 = VECTOR ( 'NONE', #1142, 1000.000000000000000 ) ;
#197 = CARTESIAN_POINT ( 'NONE',  ( 4.500000000000000000, 4.950000000000000178, 0.3999999999999993006 ) ) ;
#198 = EDGE_LOOP ( 'NONE', ( #1111, #1574, #3265, #928 ) ) ;
#199 = AXIS2_PLACEMENT_3D ( 'NONE', #2460, #2173, #563 ) ;
#200 = LINE ( 'NONE', #257, #2323 ) ;
#201 = AXIS2_PLACEMENT_3D ( 'NONE', #94, #2110, #732 ) ;
#202 = DIRECTION ( 'NONE',  ( 1.000000000000000000, 0.000000000000000000, 0.000000000000000000 ) ) ;
#203 = SURFACE_STYLE_USAGE ( .BOTH. , #3115 ) ;
#204 = DIRECTION ( 'NONE',  ( 1.000000000000000000, 0.000000000000000000, 0.000000000000000000 ) ) ;
#205 = CARTESIAN_POINT ( 'NONE',  ( -4.940477403570000092, -4.959508586421000231, 2.049520199999999903 ) ) ;
#206 = CARTESIAN_POINT ( 'NONE',  ( 5.293372407867001250, 6.347590471038000892, 10.27166343247399993 ) ) ;
#207 = VECTOR ( 'NONE', #3260, 1000.000000000000000 ) ;
#208 = ORIENTED_EDGE ( 'NONE', *, *, #743, .F. ) ;
#209 = ORIENTED_EDGE ( 'NONE', *, *, #282, .T. ) ;
#210 = PRESENTATION_STYLE_ASSIGNMENT (( #170 ) ) ;
#211 = AXIS2_PLACEMENT_3D ( 'NONE', #2812, #3628, #204 ) ;
#212 = DIRECTION ( 'NONE',  ( -1.000000000000000000, 1.517883041479705577E-14, 0.000000000000000000 ) ) ;
#213 = ADVANCED_FACE ( 'NONE', ( #334 ), #3657, .T. ) ;
#214 = CIRCLE ( 'NONE', #3312, 0.2999999999999999334 ) ;
#215 = VERTEX_POINT ( 'NONE', #2655 ) ;
#216 = ORIENTED_EDGE ( 'NONE', *, *, #1082, .T. ) ;
#217 = PLANE ( 'NONE',  #2870 ) ;
#218 = CARTESIAN_POINT ( 'NONE',  ( -4.949714364904000519, 4.940492704416000080, -4.844239700000001037 ) ) ;
#219 = EDGE_CURVE ( 'NONE', #1774, #362, #54, .T. ) ;
#220 = CIRCLE ( 'NONE', #705, 0.4000000000000001887 ) ;
#221 = AXIS2_PLACEMENT_3D ( 'NONE', #1289, #3367, #2775 ) ;
#222 = CARTESIAN_POINT ( 'NONE',  ( -5.473541558323000267, -2.415827388947999754, 1.749760300000000157 ) ) ;
#223 = EDGE_LOOP ( 'NONE', ( #386, #46 ) ) ;
#224 = CIRCLE ( 'NONE', #2647, 1.000000000000000000 ) ;
#225 = PRESENTATION_LAYER_ASSIGNMENT (  '', '', ( #3012 ) ) ;
#226 = DIRECTION ( 'NONE',  ( 0.000000000000000000, 0.000000000000000000, 1.000000000000000000 ) ) ;
#227 = VECTOR ( 'NONE', #2698, 1000.000000000000000 ) ;
#228 = CARTESIAN_POINT ( 'NONE',  ( -4.473541558323000267, -2.415827388947999754, 2.049760299999999980 ) ) ;
#229 = DIRECTION ( 'NONE',  ( 0.000000000000000000, 0.000000000000000000, 1.000000000000000000 ) ) ;
#230 = VERTEX_POINT ( 'NONE', #1541 ) ;
#231 = AXIS2_PLACEMENT_3D ( 'NONE', #2302, #668, #2696 ) ;
#232 = VERTEX_POINT ( 'NONE', #1213 ) ;
#233 = DIRECTION ( 'NONE',  ( -1.000000000000000000, 0.000000000000000000, 0.000000000000000000 ) ) ;
#234 = CARTESIAN_POINT ( 'NONE',  ( 5.450000000000000178, -5.950000000000000178, 10.40000000000000036 ) ) ;
#235 = ORIENTED_EDGE ( 'NONE', *, *, #1499, .F. ) ;
#236 = EDGE_CURVE ( 'NONE', #2091, #1227, #2263, .T. ) ;
#237 = VERTEX_POINT ( 'NONE', #2114 ) ;
#238 = EDGE_CURVE ( 'NONE', #250, #1517, #813, .T. ) ;
#239 = DIRECTION ( 'NONE',  ( 0.000000000000000000, 0.000000000000000000, 1.000000000000000000 ) ) ;
#240 = DIRECTION ( 'NONE',  ( 1.000000000000000000, 0.000000000000000000, 0.000000000000000000 ) ) ;
#241 = CARTESIAN_POINT ( 'NONE',  ( 4.959523887267001108, -4.950271625087000693, 10.14976029999999874 ) ) ;
#242 = ORIENTED_EDGE ( 'NONE', *, *, #3483, .T. ) ;
#243 = CARTESIAN_POINT ( 'NONE',  ( 4.959523887267001108, -4.950271625087000693, 10.24976029999999838 ) ) ;
#244 = CARTESIAN_POINT ( 'NONE',  ( 0.000000000000000000, -5.850000000000000533, 10.33499999999999908 ) ) ;
#245 = DIRECTION ( 'NONE',  ( 0.000000000000000000, 0.000000000000000000, -1.000000000000000000 ) ) ;
#246 = ORIENTED_EDGE ( 'NONE', *, *, #2861, .F. ) ;
#247 = VERTEX_POINT ( 'NONE', #2634 ) ;
#248 = PRESENTATION_STYLE_ASSIGNMENT (( #3651 ) ) ;
#249 = ORIENTED_EDGE ( 'NONE', *, *, #2543, .T. ) ;
#250 = VERTEX_POINT ( 'NONE', #3272 ) ;
#251 = DIRECTION ( 'NONE',  ( 1.000000000000000000, 0.000000000000000000, 0.000000000000000000 ) ) ;
#252 = CARTESIAN_POINT ( 'NONE',  ( -4.823541558322000711, -2.415827388947999754, 9.449760299999999447 ) ) ;
#253 = EDGE_CURVE ( 'NONE', #247, #1564, #665, .T. ) ;
#254 = FACE_OUTER_BOUND ( 'NONE', #883, .T. ) ;
#255 = CIRCLE ( 'NONE', #3169, 0.5000000000000004441 ) ;
#256 = ORIENTED_EDGE ( 'NONE', *, *, #3160, .F. ) ;
#257 = CARTESIAN_POINT ( 'NONE',  ( 5.349999999999999645, 6.349999999999999645, 0.000000000000000000 ) ) ;
#258 = AXIS2_PLACEMENT_3D ( 'NONE', #1247, #3774, #2405 ) ;
#259 = EDGE_CURVE ( 'NONE', #3285, #3126, #2961, .T. ) ;
#260 = AXIS2_PLACEMENT_3D ( 'NONE', #2684, #71, #2310 ) ;
#261 = DIRECTION ( 'NONE',  ( -1.000000000000000000, 0.000000000000000000, 0.000000000000000000 ) ) ;
#262 = CIRCLE ( 'NONE', #201, 0.4000000000000001887 ) ;
#263 = EDGE_CURVE ( 'NONE', #1548, #232, #1748, .T. ) ;
#264 = CARTESIAN_POINT ( 'NONE',  ( 5.950000000000000178, 5.450000000000000178, 0.3999999999999993006 ) ) ;
#265 = EDGE_LOOP ( 'NONE', ( #1630, #2016 ) ) ;
#266 = ORIENTED_EDGE ( 'NONE', *, *, #498, .F. ) ;
#267 = DIRECTION ( 'NONE',  ( 0.000000000000000000, -1.000000000000000000, -0.000000000000000000 ) ) ;
#268 = AXIS2_PLACEMENT_3D ( 'NONE', #3710, #1982, #2491 ) ;
#269 = EDGE_LOOP ( 'NONE', ( #2711, #1133 ) ) ;
#270 = ORIENTED_EDGE ( 'NONE', *, *, #2240, .T. ) ;
#271 = CIRCLE ( 'NONE', #3131, 0.4999999999999995559 ) ;
#272 = CARTESIAN_POINT ( 'NONE',  ( -5.450000000000000178, -5.950000000000000178, 0.3999999999999993006 ) ) ;
#273 = DIRECTION ( 'NONE',  ( 0.000000000000000000, 0.000000000000000000, -1.000000000000000000 ) ) ;
#274 = DIRECTION ( 'NONE',  ( 0.000000000000000000, 0.000000000000000000, -1.000000000000000000 ) ) ;
#275 = CIRCLE ( 'NONE', #1070, 0.09999999999999072131 ) ;
#276 = ORIENTED_EDGE ( 'NONE', *, *, #2429, .T. ) ;
#277 = CARTESIAN_POINT ( 'NONE',  ( -5.349999999999999645, 5.349999999999999645, 10.30000000000000071 ) ) ;
#278 = AXIS2_PLACEMENT_3D ( 'NONE', #381, #1256, #1461 ) ;
#279 = CIRCLE ( 'NONE', #2344, 0.4999999999999995559 ) ;
#280 = CIRCLE ( 'NONE', #1503, 0.5000000000000004441 ) ;
#281 = EDGE_CURVE ( 'NONE', #2289, #1693, #2903, .T. ) ;
#282 = EDGE_CURVE ( 'NONE', #3616, #2908, #622, .T. ) ;
#283 = COLOUR_RGB ( '',1.000000000000000000, 1.000000000000000000, 1.000000000000000000 ) ;
#284 = DIRECTION ( 'NONE',  ( 1.000000000000000000, 0.000000000000000000, 0.000000000000000000 ) ) ;
#285 = CYLINDRICAL_SURFACE ( 'NONE', #397, 0.2500000000000002220 ) ;
#286 = ORIENTED_EDGE ( 'NONE', *, *, #2202, .T. ) ;
#287 = DIRECTION ( 'NONE',  ( 0.000000000000000000, 0.000000000000000000, 1.000000000000000000 ) ) ;
#288 = DIRECTION ( 'NONE',  ( 1.000000000000000000, 0.000000000000000000, 0.000000000000000000 ) ) ;
#289 = ORIENTED_EDGE ( 'NONE', *, *, #1451, .F. ) ;
#290 = VERTEX_POINT ( 'NONE', #115 ) ;
#291 = CARTESIAN_POINT ( 'NONE',  ( -4.296542076182000791, 1.540493364330000059, 2.049520199999999903 ) ) ;
#292 = AXIS2_PLACEMENT_3D ( 'NONE', #1014, #1665, #149 ) ;
#293 = LINE ( 'NONE', #2966, #768 ) ;
#294 = EDGE_LOOP ( 'NONE', ( #826, #3435 ) ) ;
#295 = DIRECTION ( 'NONE',  ( -1.000000000000000000, 6.938893903907932673E-14, 0.000000000000000000 ) ) ;
#296 = CARTESIAN_POINT ( 'NONE',  ( -4.940477403570000092, -4.959508586421000231, 10.24976029999999838 ) ) ;
#297 = FACE_OUTER_BOUND ( 'NONE', #2434, .T. ) ;
#298 = CARTESIAN_POINT ( 'NONE',  ( -4.946542076182000258, 1.540493364330000059, 10.14976029999999874 ) ) ;
#299 = EDGE_CURVE ( 'NONE', #3503, #630, #99, .T. ) ;
#300 = DIRECTION ( 'NONE',  ( 0.000000000000000000, 0.000000000000000000, 1.000000000000000000 ) ) ;
#301 = FACE_OUTER_BOUND ( 'NONE', #2782, .T. ) ;
#302 = ADVANCED_FACE ( 'NONE', ( #2421 ), #3599, .T. ) ;
#303 = ORIENTED_EDGE ( 'NONE', *, *, #238, .F. ) ;
#304 = SURFACE_STYLE_USAGE ( .BOTH. , #1755 ) ;
#305 = EDGE_LOOP ( 'NONE', ( #1866, #2375, #3105, #996 ) ) ;
#306 = ORIENTED_EDGE ( 'NONE', *, *, #1107, .F. ) ;
#307 = LINE ( 'NONE', #2342, #325 ) ;
#308 = EDGE_CURVE ( 'NONE', #3578, #1548, #2741, .T. ) ;
#309 = EDGE_LOOP ( 'NONE', ( #1713, #2055 ) ) ;
#310 = CARTESIAN_POINT ( 'NONE',  ( -5.596542076182000613, 1.540493364330000059, 2.049520199999999903 ) ) ;
#311 = DIRECTION ( 'NONE',  ( 0.000000000000000000, -4.232725281382568195E-13, 1.000000000000000000 ) ) ;
#312 = DIRECTION ( 'NONE',  ( 1.000000000000000000, 0.000000000000000000, 0.000000000000000000 ) ) ;
#313 = CARTESIAN_POINT ( 'NONE',  ( -4.950002800000000036, 1.550004779999999860, 0.000000000000000000 ) ) ;
#314 = DIRECTION ( 'NONE',  ( 0.000000000000000000, 0.000000000000000000, -1.000000000000000000 ) ) ;
#315 = PRESENTATION_LAYER_ASSIGNMENT (  '', '', ( #1596 ) ) ;
#316 = CARTESIAN_POINT ( 'NONE',  ( -4.940477403570000092, -4.959508586421000231, 2.049520199999999903 ) ) ;
#317 = ORIENTED_EDGE ( 'NONE', *, *, #3240, .F. ) ;
#318 = CARTESIAN_POINT ( 'NONE',  ( 0.000000000000000000, -5.950000000000000178, 5.399999999999999467 ) ) ;
#319 = AXIS2_PLACEMENT_3D ( 'NONE', #1871, #3297, #3029 ) ;
#320 = EDGE_LOOP ( 'NONE', ( #1360, #2246 ) ) ;
#321 = ORIENTED_EDGE ( 'NONE', *, *, #1814, .T. ) ;
#322 = CARTESIAN_POINT ( 'NONE',  ( 5.350286925933999349, 4.949729665750000507, 1.549520199999999681 ) ) ;
#323 = EDGE_CURVE ( 'NONE', #1963, #2629, #3232, .T. ) ;
#324 = ADVANCED_FACE ( 'NONE', ( #2712 ), #1835, .F. ) ;
#325 = VECTOR ( 'NONE', #2018, 1000.000000000000000 ) ;
#326 = ORIENTED_EDGE ( 'NONE', *, *, #2649, .T. ) ;
#327 = PLANE ( 'NONE',  #2075 ) ;
#328 = CARTESIAN_POINT ( 'NONE',  ( 4.300286925934000415, 4.949729665750000507, 2.049520199999999903 ) ) ;
#329 = CIRCLE ( 'NONE', #3065, 0.5000000000000004441 ) ;
#330 = DIRECTION ( 'NONE',  ( 0.9978655496214109411, -0.06530195156930168610, 0.000000000000000000 ) ) ;
#331 = ORIENTED_EDGE ( 'NONE', *, *, #1278, .T. ) ;
#332 = AXIS2_PLACEMENT_3D ( 'NONE', #2992, #176, #1910 ) ;
#333 = AXIS2_PLACEMENT_3D ( 'NONE', #3262, #2343, #906 ) ;
#334 = FACE_OUTER_BOUND ( 'NONE', #854, .T. ) ;
#335 = CARTESIAN_POINT ( 'NONE',  ( -4.950002800000000036, 1.550004779999999860, 0.000000000000000000 ) ) ;
#336 = AXIS2_PLACEMENT_3D ( 'NONE', #3139, #2028, #902 ) ;
#337 = AXIS2_PLACEMENT_3D ( 'NONE', #376, #300, #2406 ) ;
#338 = FACE_BOUND ( 'NONE', #2760, .T. ) ;
#339 = DIRECTION ( 'NONE',  ( 1.000000000000000000, 0.000000000000000000, 0.000000000000000000 ) ) ;
#340 = ORIENTED_EDGE ( 'NONE', *, *, #1189, .T. ) ;
#341 = CIRCLE ( 'NONE', #2533, 0.4499999999999999001 ) ;
#342 = AXIS2_PLACEMENT_3D ( 'NONE', #722, #429, #1595 ) ;
#343 = LINE ( 'NONE', #2661, #3434 ) ;
#344 = PRODUCT_CONTEXT ( 'NONE', #1752, 'mechanical' ) ;
#345 = DIRECTION ( 'NONE',  ( 1.000000000000000000, 0.000000000000000000, 0.000000000000000000 ) ) ;
#346 = ORIENTED_EDGE ( 'NONE', *, *, #1053, .F. ) ;
#347 = ORIENTED_EDGE ( 'NONE', *, *, #3483, .F. ) ;
#348 = DIRECTION ( 'NONE',  ( 0.000000000000000000, 0.000000000000000000, 1.000000000000000000 ) ) ;
#349 = DIRECTION ( 'NONE',  ( 1.000000000000000000, 0.000000000000000000, 0.000000000000000000 ) ) ;
#350 = EDGE_CURVE ( 'NONE', #1098, #1693, #1637, .T. ) ;
#351 = EDGE_CURVE ( 'NONE', #2753, #3126, #3235, .T. ) ;
#352 = EDGE_CURVE ( 'NONE', #744, #689, #3579, .T. ) ;
#353 = EDGE_LOOP ( 'NONE', ( #751, #1660 ) ) ;
#354 = CARTESIAN_POINT ( 'NONE',  ( 6.349999999999999645, -2.556749878480000047E-08, 5.349999999999999645 ) ) ;
#355 = AXIS2_PLACEMENT_3D ( 'NONE', #171, #1389, #2492 ) ;
#356 = DIRECTION ( 'NONE',  ( 0.000000000000000000, 0.000000000000000000, -1.000000000000000000 ) ) ;
#357 = VERTEX_POINT ( 'NONE', #3362 ) ;
#358 = DIRECTION ( 'NONE',  ( 0.000000000000000000, 0.000000000000000000, 1.000000000000000000 ) ) ;
#359 = CARTESIAN_POINT ( 'NONE',  ( 5.350000000015000090, -5.849999999998000355, 10.79999999999999893 ) ) ;
#360 = ADVANCED_FACE ( 'NONE', ( #1875, #680 ), #2436, .F. ) ;
#361 = DIRECTION ( 'NONE',  ( 0.000000000000000000, 0.000000000000000000, -1.000000000000000000 ) ) ;
#362 = VERTEX_POINT ( 'NONE', #2151 ) ;
#363 = DIRECTION ( 'NONE',  ( 0.000000000000000000, 0.000000000000000000, 1.000000000000000000 ) ) ;
#364 = DIRECTION ( 'NONE',  ( 0.000000000000000000, 0.000000000000000000, -1.000000000000000000 ) ) ;
#365 = EDGE_LOOP ( 'NONE', ( #2589, #2988, #3028, #1372 ) ) ;
#366 = CARTESIAN_POINT ( 'NONE',  ( -4.949714364904000519, 4.940492704416000080, 10.24976029999999838 ) ) ;
#367 = EDGE_LOOP ( 'NONE', ( #463, #1345 ) ) ;
#368 = VERTEX_POINT ( 'NONE', #2480 ) ;
#369 = CYLINDRICAL_SURFACE ( 'NONE', #3239, 0.6500000000000003553 ) ;
#370 = CARTESIAN_POINT ( 'NONE',  ( -5.349999999999999645, -5.850000000000000533, 10.30000000000000071 ) ) ;
#371 = SURFACE_STYLE_USAGE ( .BOTH. , #2379 ) ;
#372 = ORIENTED_EDGE ( 'NONE', *, *, #3633, .T. ) ;
#373 = CARTESIAN_POINT ( 'NONE',  ( -5.225491360461000490, -0.3260661584422999693, 9.449760299999999447 ) ) ;
#374 = EDGE_CURVE ( 'NONE', #130, #2037, #2132, .T. ) ;
#375 = EDGE_CURVE ( 'NONE', #1702, #3155, #1421, .T. ) ;
#376 = CARTESIAN_POINT ( 'NONE',  ( -4.940477403570000092, -4.959508586421000231, -4.844239700000001037 ) ) ;
#377 = CYLINDRICAL_SURFACE ( 'NONE', #1617, 0.4000000000000001887 ) ;
#378 = EDGE_CURVE ( 'NONE', #2983, #187, #1559, .T. ) ;
#379 = CLOSED_SHELL ( 'NONE', ( #1904, #3112, #2880, #128, #182, #2007, #1388, #865, #1435, #1411, #1547, #1333, #91, #191, #1765, #1357, #3288, #1146, #2906, #2321, #324, #2483, #2152, #724, #3577, #3064, #663, #213, #396, #2108, #2725, #3443, #3228, #862, #591, #1521, #2565, #971, #2694, #40, #1472, #2112, #2974, #930, #2066, #1167, #1998 ) ) ;
#380 = DIRECTION ( 'NONE',  ( 0.000000000000000000, 0.000000000000000000, -1.000000000000000000 ) ) ;
#381 = CARTESIAN_POINT ( 'NONE',  ( 4.950000000000000178, -4.950000000000000178, 0.000000000000000000 ) ) ;
#382 = AXIS2_PLACEMENT_3D ( 'NONE', #243, #226, #3758 ) ;
#383 = ORIENTED_EDGE ( 'NONE', *, *, #3444, .T. ) ;
#384 = DIRECTION ( 'NONE',  ( 1.000000000000000000, 0.000000000000000000, 0.000000000000000000 ) ) ;
#385 = ORIENTED_EDGE ( 'NONE', *, *, #2627, .F. ) ;
#386 = ORIENTED_EDGE ( 'NONE', *, *, #3670, .T. ) ;
#387 = DIRECTION ( 'NONE',  ( 0.9986594744492363063, -0.05176151169329212126, 0.000000000000000000 ) ) ;
#388 = CARTESIAN_POINT ( 'NONE',  ( 5.450000000000000178, -5.450000000000000178, 0.1999999999999987899 ) ) ;
#389 = CARTESIAN_POINT ( 'NONE',  ( -5.240477403568999826, -4.959508586421000231, 10.14976029999999874 ) ) ;
#390 = CIRCLE ( 'NONE', #1236, 0.4000000000000001887 ) ;
#391 = ORIENTED_EDGE ( 'NONE', *, *, #1264, .T. ) ;
#392 = DIRECTION ( 'NONE',  ( 0.000000000000000000, 0.000000000000000000, -1.000000000000000000 ) ) ;
#393 = DIRECTION ( 'NONE',  ( 1.000000000000000000, 0.000000000000000000, 0.000000000000000000 ) ) ;
#394 = DIRECTION ( 'NONE',  ( -1.000000000000000000, 0.000000000000000000, 0.000000000000000000 ) ) ;
#395 = VECTOR ( 'NONE', #2823, 1000.000000000000000 ) ;
#396 = ADVANCED_FACE ( 'NONE', ( #1267 ), #925, .T. ) ;
#397 = AXIS2_PLACEMENT_3D ( 'NONE', #2280, #1711, #1732 ) ;
#398 = CARTESIAN_POINT ( 'NONE',  ( -4.940477403570000092, -4.959508586421000231, 1.549520199999999681 ) ) ;
#399 = AXIS2_PLACEMENT_3D ( 'NONE', #3263, #688, #1275 ) ;
#400 = ORIENTED_EDGE ( 'NONE', *, *, #695, .T. ) ;
#401 = CIRCLE ( 'NONE', #1561, 0.6499999999999995781 ) ;
#402 = ORIENTED_EDGE ( 'NONE', *, *, #604, .T. ) ;
#403 = CARTESIAN_POINT ( 'NONE',  ( 4.950286925933999882, 4.949729665750000507, -4.550239699999999665 ) ) ;
#404 = DIRECTION ( 'NONE',  ( 0.000000000000000000, 1.000000000000000000, 0.000000000000000000 ) ) ;
#405 = AXIS2_PLACEMENT_3D ( 'NONE', #1670, #2824, #3402 ) ;
#406 = ORIENTED_EDGE ( 'NONE', *, *, #3042, .F. ) ;
#407 = ORIENTED_EDGE ( 'NONE', *, *, #2413, .F. ) ;
#408 = FACE_OUTER_BOUND ( 'NONE', #2877, .T. ) ;
#409 = CARTESIAN_POINT ( 'NONE',  ( -5.125491360462000046, -0.3260661585560999387, 9.449760299999999447 ) ) ;
#410 = CARTESIAN_POINT ( 'NONE',  ( -5.810564829079002180, -6.168510895333997546, 10.81732865143270139 ) ) ;
#411 = EDGE_LOOP ( 'NONE', ( #1534, #3589, #2250, #435 ) ) ;
#412 = CARTESIAN_POINT ( 'NONE',  ( -5.225491360461000490, -0.3260661584802999613, 2.049760299999999980 ) ) ;
#413 = CARTESIAN_POINT ( 'NONE',  ( -4.949714364904000519, 4.940492704416000080, 2.049520199999999903 ) ) ;
#414 = ADVANCED_FACE ( 'NONE', ( #1351, #2500 ), #979, .T. ) ;
#415 = EDGE_CURVE ( 'NONE', #1032, #2289, #1777, .T. ) ;
#416 = CARTESIAN_POINT ( 'NONE',  ( 4.950000000000000178, -4.950000000000000178, 0.3999999999999993006 ) ) ;
#417 = DIRECTION ( 'NONE',  ( 4.782499183001000018E-14, 0.000000000000000000, 1.000000000000000000 ) ) ;
#418 = VERTEX_POINT ( 'NONE', #2745 ) ;
#419 = CARTESIAN_POINT ( 'NONE',  ( -4.948128219357998958, 3.240491764373999661, 2.049760299999999980 ) ) ;
#420 = CARTESIAN_POINT ( 'NONE',  ( 4.950286925933999882, 4.949729665750000507, -4.844239700000001037 ) ) ;
#421 = EDGE_CURVE ( 'NONE', #2037, #130, #1175, .T. ) ;
#422 = VERTEX_POINT ( 'NONE', #3110 ) ;
#423 = ORIENTED_EDGE ( 'NONE', *, *, #3647, .F. ) ;
#424 = DIRECTION ( 'NONE',  ( -4.579669976579195629E-12, 0.000000000000000000, 1.000000000000000000 ) ) ;
#425 = EDGE_CURVE ( 'NONE', #3757, #1874, #3458, .T. ) ;
#426 = FACE_OUTER_BOUND ( 'NONE', #2474, .T. ) ;
#427 = ORIENTED_EDGE ( 'NONE', *, *, #374, .T. ) ;
#428 = CARTESIAN_POINT ( 'NONE',  ( 4.850000000000000533, -4.850000000000000533, 10.26999999999999957 ) ) ;
#429 = DIRECTION ( 'NONE',  ( -1.000000000000000000, 0.000000000000000000, 0.000000000000000000 ) ) ;
#430 = DIRECTION ( 'NONE',  ( 1.000000000000000000, 0.000000000000000000, 0.000000000000000000 ) ) ;
#431 = CLOSED_SHELL ( 'NONE', ( #955, #180, #1655, #1638, #1219, #3168, #711, #1750, #3281 ) ) ;
#432 = DIRECTION ( 'NONE',  ( 0.000000000000000000, -1.000000000000000000, -0.000000000000000000 ) ) ;
#433 = CARTESIAN_POINT ( 'NONE',  ( -4.649714364905000785, 4.940492704416000080, 10.14976029999999874 ) ) ;
#434 = DIRECTION ( 'NONE',  ( 1.000000000000000000, 0.000000000000000000, 0.000000000000000000 ) ) ;
#435 = ORIENTED_EDGE ( 'NONE', *, *, #2214, .T. ) ;
#436 = AXIS2_PLACEMENT_3D ( 'NONE', #619, #358, #1821 ) ;
#437 = PLANE ( 'NONE',  #1785 ) ;
#438 = DIRECTION ( 'NONE',  ( 5.412337245048140582E-12, 0.000000000000000000, 1.000000000000000000 ) ) ;
#439 = AXIS2_PLACEMENT_3D ( 'NONE', #3344, #721, #2771 ) ;
#440 = VERTEX_POINT ( 'NONE', #1425 ) ;
#441 = EDGE_CURVE ( 'NONE', #2719, #916, #1708, .T. ) ;
#442 = EDGE_LOOP ( 'NONE', ( #1459, #3496, #276, #578 ) ) ;
#443 = EDGE_CURVE ( 'NONE', #1434, #2540, #200, .T. ) ;
#444 = CARTESIAN_POINT ( 'NONE',  ( -5.223541558323000267, -2.415827388833999834, 9.449760299999999447 ) ) ;
#445 = DIRECTION ( 'NONE',  ( -0.9978655496215753651, 0.06530195156678848811, 0.000000000000000000 ) ) ;
#446 = CIRCLE ( 'NONE', #1780, 0.09999999999998984701 ) ;
#447 = DIRECTION ( 'NONE',  ( 0.000000000000000000, 0.000000000000000000, 1.000000000000000000 ) ) ;
#448 = ORIENTED_EDGE ( 'NONE', *, *, #3419, .F. ) ;
#449 = CARTESIAN_POINT ( 'NONE',  ( 5.349999999999999645, -5.349999999999999645, 0.000000000000000000 ) ) ;
#450 = DIRECTION ( 'NONE',  ( -1.000000000000000000, 0.000000000000000000, 0.000000000000000000 ) ) ;
#451 = CIRCLE ( 'NONE', #268, 0.09999999999999072131 ) ;
#452 = DIRECTION ( 'NONE',  ( 0.000000000000000000, 0.000000000000000000, -1.000000000000000000 ) ) ;
#453 = CARTESIAN_POINT ( 'NONE',  ( 5.359523887267998887, -4.950271625087000693, 10.14976029999999874 ) ) ;
#454 = VECTOR ( 'NONE', #156, 1000.000000000000000 ) ;
#455 = DIRECTION ( 'NONE',  ( -1.000000000000000000, 0.000000000000000000, 0.000000000000000000 ) ) ;
#456 = CARTESIAN_POINT ( 'NONE',  ( 5.810564829079002180, 6.168510895333997546, 10.81732865143270139 ) ) ;
#457 = EDGE_LOOP ( 'NONE', ( #2300, #321 ) ) ;
#458 = VECTOR ( 'NONE', #684, 1000.000000000000000 ) ;
#459 = DIRECTION ( 'NONE',  ( -1.000000000000000000, 0.000000000000000000, 0.000000000000000000 ) ) ;
#460 = CARTESIAN_POINT ( 'NONE',  ( 4.950286925933999882, 4.949729665750000507, 2.049520199999999903 ) ) ;
#461 = VECTOR ( 'NONE', #2393, 1000.000000000000000 ) ;
#462 = AXIS2_PLACEMENT_3D ( 'NONE', #2443, #2160, #707 ) ;
#463 = ORIENTED_EDGE ( 'NONE', *, *, #3557, .T. ) ;
#464 = VERTEX_POINT ( 'NONE', #2295 ) ;
#465 = CARTESIAN_POINT ( 'NONE',  ( 5.400000000000000355, -4.950000000000000178, 0.000000000000000000 ) ) ;
#466 = FACE_OUTER_BOUND ( 'NONE', #2651, .T. ) ;
#467 = EDGE_CURVE ( 'NONE', #3578, #1433, #3093, .T. ) ;
#468 = ADVANCED_FACE ( 'NONE', ( #855 ), #817, .T. ) ;
#469 = EDGE_CURVE ( 'NONE', #1533, #109, #1724, .T. ) ;
#470 = CARTESIAN_POINT ( 'NONE',  ( 5.850000000000000533, 4.850000000000000533, 10.26999999999999957 ) ) ;
#471 = EDGE_LOOP ( 'NONE', ( #553, #249, #1063, #3566 ) ) ;
#472 = CARTESIAN_POINT ( 'NONE',  ( 5.349999999999999645, -5.349999999999999645, 10.30000000000000071 ) ) ;
#473 = FACE_OUTER_BOUND ( 'NONE', #3632, .T. ) ;
#474 = DIRECTION ( 'NONE',  ( -1.000000000000000000, 0.000000000000000000, 0.000000000000000000 ) ) ;
#475 = LINE ( 'NONE', #764, #1436 ) ;
#476 = AXIS2_PLACEMENT_3D ( 'NONE', #460, #2819, #212 ) ;
#477 = ADVANCED_FACE ( 'NONE', ( #488 ), #549, .T. ) ;
#478 = DIRECTION ( 'NONE',  ( -1.000000000000000000, 0.000000000000000000, 0.000000000000000000 ) ) ;
#479 = CARTESIAN_POINT ( 'NONE',  ( 5.450000000000000178, 5.950000000000000178, 10.40000000000000036 ) ) ;
#480 = ORIENTED_EDGE ( 'NONE', *, *, #1232, .F. ) ;
#481 = CARTESIAN_POINT ( 'NONE',  ( 4.950286925933999882, 4.949729665750000507, 1.549520199999999681 ) ) ;
#482 = EDGE_LOOP ( 'NONE', ( #3479, #65 ) ) ;
#483 = EDGE_LOOP ( 'NONE', ( #3159, #2854, #1946, #1943 ) ) ;
#484 = FACE_OUTER_BOUND ( 'NONE', #1578, .T. ) ;
#485 = DIRECTION ( 'NONE',  ( 0.000000000000000000, 0.000000000000000000, 1.000000000000000000 ) ) ;
#486 = DIRECTION ( 'NONE',  ( 1.000000000000000000, 0.000000000000000000, 0.000000000000000000 ) ) ;
#487 = VERTEX_POINT ( 'NONE', #2272 ) ;
#488 = FACE_OUTER_BOUND ( 'NONE', #2523, .T. ) ;
#489 = CYLINDRICAL_SURFACE ( 'NONE', #951, 0.4499999999999999001 ) ;
#490 = DIRECTION ( 'NONE',  ( 0.000000000000000000, 0.000000000000000000, 1.000000000000000000 ) ) ;
#491 = DIRECTION ( 'NONE',  ( 0.000000000000000000, 0.000000000000000000, 1.000000000000000000 ) ) ;
#492 = EDGE_CURVE ( 'NONE', #1487, #192, #685, .T. ) ;
#493 = ADVANCED_FACE ( 'NONE', ( #534 ), #3660, .T. ) ;
#494 = CARTESIAN_POINT ( 'NONE',  ( -4.948128219357998958, 3.240491764373999661, 1.749760300000000157 ) ) ;
#495 = DIRECTION ( 'NONE',  ( -1.000000000000000000, 0.000000000000000000, 0.000000000000000000 ) ) ;
#496 = DIRECTION ( 'NONE',  ( 1.000000000000000000, 0.000000000000000000, 0.000000000000000000 ) ) ;
#497 = ORIENTED_EDGE ( 'NONE', *, *, #259, .T. ) ;
#498 = EDGE_CURVE ( 'NONE', #3334, #1184, #2813, .T. ) ;
#499 = EDGE_LOOP ( 'NONE', ( #256, #3140, #2072, #2736 ) ) ;
#500 = CARTESIAN_POINT ( 'NONE',  ( 5.359523887266999687, -4.950271625087000693, -4.550239699999999665 ) ) ;
#501 = CIRCLE ( 'NONE', #1475, 1.000000000000000000 ) ;
#502 = DIRECTION ( 'NONE',  ( -1.000000000000000000, 1.517883041479705577E-14, 0.000000000000000000 ) ) ;
#503 = ORIENTED_EDGE ( 'NONE', *, *, #3706, .F. ) ;
#504 = VERTEX_POINT ( 'NONE', #2006 ) ;
#505 = PLANE ( 'NONE',  #136 ) ;
#506 = DIRECTION ( 'NONE',  ( 0.000000000000000000, 0.000000000000000000, 1.000000000000000000 ) ) ;
#507 = AXIS2_PLACEMENT_3D ( 'NONE', #2938, #2671, #2689 ) ;
#508 = DIRECTION ( 'NONE',  ( 0.000000000000000000, 0.000000000000000000, 1.000000000000000000 ) ) ;
#509 = ORIENTED_EDGE ( 'NONE', *, *, #2676, .F. ) ;
#510 = AXIS2_PLACEMENT_3D ( 'NONE', #428, #1579, #1594 ) ;
#511 = CARTESIAN_POINT ( 'NONE',  ( 4.550286925934000415, 4.949729665750000507, 1.549520199999999681 ) ) ;
#512 = DIRECTION ( 'NONE',  ( 0.000000000000000000, 0.000000000000000000, -1.000000000000000000 ) ) ;
#513 = AXIS2_PLACEMENT_3D ( 'NONE', #2556, #1394, #1117 ) ;
#514 = CARTESIAN_POINT ( 'NONE',  ( 5.349999999999999645, 6.349999999999999645, 0.000000000000000000 ) ) ;
#515 = DIRECTION ( 'NONE',  ( -1.000000000000000000, 0.000000000000000000, 0.000000000000000000 ) ) ;
#516 = EDGE_CURVE ( 'NONE', #3751, #1667, #1952, .T. ) ;
#517 = MECHANICAL_DESIGN_GEOMETRIC_PRESENTATION_REPRESENTATION (  '', ( #1972 ), #2580 ) ;
#518 = ORIENTED_EDGE ( 'NONE', *, *, #3189, .F. ) ;
#519 = ORIENTED_EDGE ( 'NONE', *, *, #3545, .T. ) ;
#520 = CARTESIAN_POINT ( 'NONE',  ( 4.959523887267001108, -4.950271625087000693, 1.549520199999999681 ) ) ;
#521 = CARTESIAN_POINT ( 'NONE',  ( -5.349999999999999645, -5.349999999999999645, 10.30000000000000071 ) ) ;
#522 = VECTOR ( 'NONE', #3165, 1000.000000000000000 ) ;
#523 = CIRCLE ( 'NONE', #2090, 1.000000000000000000 ) ;
#524 = EDGE_LOOP ( 'NONE', ( #1626, #3428, #1757, #266 ) ) ;
#525 = VERTEX_POINT ( 'NONE', #2255 ) ;
#526 = DIRECTION ( 'NONE',  ( -1.000000000000000000, 0.000000000000000000, 0.000000000000000000 ) ) ;
#527 = CARTESIAN_POINT ( 'NONE',  ( 4.950286925933999882, 4.949729665750000507, 2.049520199999999903 ) ) ;
#528 = CIRCLE ( 'NONE', #2528, 0.4499999999999999001 ) ;
#529 = AXIS2_PLACEMENT_3D ( 'NONE', #3287, #681, #393 ) ;
#530 = CYLINDRICAL_SURFACE ( 'NONE', #405, 0.4000000000000001887 ) ;
#531 = EDGE_LOOP ( 'NONE', ( #3374, #2722, #2738, #2560 ) ) ;
#532 = CIRCLE ( 'NONE', #2399, 0.4499999999999999001 ) ;
#533 = CIRCLE ( 'NONE', #778, 1.000000000000000000 ) ;
#534 = FACE_OUTER_BOUND ( 'NONE', #1870, .T. ) ;
#535 = VECTOR ( 'NONE', #1555, 1000.000000000000000 ) ;
#536 = CARTESIAN_POINT ( 'NONE',  ( -5.448128219357999846, 3.240491764373999661, 2.049760299999999980 ) ) ;
#537 = VERTEX_POINT ( 'NONE', #1935 ) ;
#538 = AXIS2_PLACEMENT_3D ( 'NONE', #2014, #2606, #880 ) ;
#539 = ORIENTED_EDGE ( 'NONE', *, *, #2514, .F. ) ;
#540 = SURFACE_STYLE_FILL_AREA ( #3143 ) ;
#541 = EDGE_CURVE ( 'NONE', #2113, #1234, #3528, .T. ) ;
#542 = VERTEX_POINT ( 'NONE', #1106 ) ;
#543 = ORIENTED_EDGE ( 'NONE', *, *, #2387, .F. ) ;
#544 = DIRECTION ( 'NONE',  ( 0.000000000000000000, 1.000000000000000000, 0.000000000000000000 ) ) ;
#545 = ADVANCED_FACE ( 'NONE', ( #1992 ), #2849, .T. ) ;
#546 = CARTESIAN_POINT ( 'NONE',  ( -5.950000000000000178, -5.450000000000000178, 0.3999999999999993006 ) ) ;
#547 = CARTESIAN_POINT ( 'NONE',  ( 6.349999999999999645, 5.349999974384999746, 10.30000000000000071 ) ) ;
#548 = ORIENTED_EDGE ( 'NONE', *, *, #2925, .T. ) ;
#549 = CYLINDRICAL_SURFACE ( 'NONE', #3720, 0.4000000000000001887 ) ;
#550 = EDGE_CURVE ( 'NONE', #2238, #3616, #2806, .T. ) ;
#551 = SURFACE_SIDE_STYLE ('',( #3153 ) ) ;
#552 = DIRECTION ( 'NONE',  ( 0.000000000000000000, 0.000000000000000000, 1.000000000000000000 ) ) ;
#553 = ORIENTED_EDGE ( 'NONE', *, *, #1666, .F. ) ;
#554 = VERTEX_POINT ( 'NONE', #1141 ) ;
#555 = APPLICATION_PROTOCOL_DEFINITION ( 'draft international standard', 'automotive_design', 1998, #1752 ) ;
#556 = EDGE_LOOP ( 'NONE', ( #3734, #3014, #1893, #2994 ) ) ;
#557 = EDGE_LOOP ( 'NONE', ( #2954, #2554, #2911, #670 ) ) ;
#558 = CARTESIAN_POINT ( 'NONE',  ( -5.590477403570000448, -4.959508586421000231, 1.549520199999999681 ) ) ;
#559 = FACE_OUTER_BOUND ( 'NONE', #442, .T. ) ;
#560 = CARTESIAN_POINT ( 'NONE',  ( -5.223541558323000267, -2.415827388947999754, 2.049760299999999980 ) ) ;
#561 = EDGE_CURVE ( 'NONE', #3292, #357, #2747, .T. ) ;
#562 = ORIENTED_EDGE ( 'NONE', *, *, #1977, .F. ) ;
#563 = DIRECTION ( 'NONE',  ( -1.000000000000000000, 0.000000000000000000, 0.000000000000000000 ) ) ;
#564 = CARTESIAN_POINT ( 'NONE',  ( 5.350000005563999572, 6.349999999999999645, 10.30000000000000071 ) ) ;
#565 = AXIS2_PLACEMENT_3D ( 'NONE', #3486, #3639, #717 ) ;
#566 = FACE_BOUND ( 'NONE', #2416, .T. ) ;
#567 = AXIS2_PLACEMENT_3D ( 'NONE', #3655, #1057, #2209 ) ;
#568 = ORIENTED_EDGE ( 'NONE', *, *, #1977, .T. ) ;
#569 = FACE_OUTER_BOUND ( 'NONE', #3024, .T. ) ;
#570 = CARTESIAN_POINT ( 'NONE',  ( 5.400000000000000355, 4.950000000000000178, 0.3999999999999993006 ) ) ;
#571 = AXIS2_PLACEMENT_3D ( 'NONE', #3748, #3231, #606 ) ;
#572 = VERTEX_POINT ( 'NONE', #598 ) ;
#573 = VERTEX_POINT ( 'NONE', #310 ) ;
#574 = VECTOR ( 'NONE', #2195, 1000.000000000000000 ) ;
#575 = DIRECTION ( 'NONE',  ( 1.000000000000000000, 0.000000000000000000, 0.000000000000000000 ) ) ;
#576 = CARTESIAN_POINT ( 'NONE',  ( 4.959523887267001108, -4.950271625087000693, 1.549520199999999681 ) ) ;
#577 = VECTOR ( 'NONE', #1930, 1000.000000000000000 ) ;
#578 = ORIENTED_EDGE ( 'NONE', *, *, #3074, .T. ) ;
#579 = EDGE_CURVE ( 'NONE', #3615, #1548, #1818, .T. ) ;
#580 = CARTESIAN_POINT ( 'NONE',  ( 5.400000000000000355, -4.950000000000000178, 0.3999999999999993006 ) ) ;
#581 = AXIS2_PLACEMENT_3D ( 'NONE', #168, #2489, #515 ) ;
#582 = DIRECTION ( 'NONE',  ( 0.000000000000000000, 0.000000000000000000, 1.000000000000000000 ) ) ;
#583 = VECTOR ( 'NONE', #1599, 1000.000000000000000 ) ;
#584 = EDGE_CURVE ( 'NONE', #2091, #781, #1208, .T. ) ;
#585 = CIRCLE ( 'NONE', #3739, 0.5000000000000004441 ) ;
#586 = AXIS2_PLACEMENT_3D ( 'NONE', #3601, #1001, #2155 ) ;
#587 = CIRCLE ( 'NONE', #2149, 0.5000000000001001421 ) ;
#588 = PLANE ( 'NONE',  #643 ) ;
#589 = PLANE ( 'NONE',  #2338 ) ;
#590 = ORIENTED_EDGE ( 'NONE', *, *, #3719, .T. ) ;
#591 = ADVANCED_FACE ( 'NONE', ( #3243 ), #1463, .T. ) ;
#592 = SURFACE_STYLE_FILL_AREA ( #3144 ) ;
#593 =( GEOMETRIC_REPRESENTATION_CONTEXT ( 3 ) GLOBAL_UNCERTAINTY_ASSIGNED_CONTEXT ( ( #2674 ) ) GLOBAL_UNIT_ASSIGNED_CONTEXT ( ( #2248, #808, #3176 ) ) REPRESENTATION_CONTEXT ( 'NONE', 'WORKASPACE' ) );
#594 = VERTEX_POINT ( 'NONE', #2652 ) ;
#595 = EDGE_LOOP ( 'NONE', ( #716, #849 ) ) ;
#596 = LINE ( 'NONE', #291, #2445 ) ;
#597 = ORIENTED_EDGE ( 'NONE', *, *, #2672, .T. ) ;
#598 = CARTESIAN_POINT ( 'NONE',  ( -5.450000000000000178, 5.950000000000000178, 0.3999999999999993006 ) ) ;
#599 = DIRECTION ( 'NONE',  ( 0.000000000000000000, 1.000000000000000000, 0.000000000000000000 ) ) ;
#600 = LINE ( 'NONE', #1243, #2591 ) ;
#601 = DIRECTION ( 'NONE',  ( 0.000000000000000000, 0.000000000000000000, -1.000000000000000000 ) ) ;
#602 = DIRECTION ( 'NONE',  ( 0.000000000000000000, 0.000000000000000000, -1.000000000000000000 ) ) ;
#603 = EDGE_CURVE ( 'NONE', #3554, #542, #3470, .T. ) ;
#604 = EDGE_CURVE ( 'NONE', #1326, #2070, #3593, .T. ) ;
#605 = ORIENTED_EDGE ( 'NONE', *, *, #1958, .T. ) ;
#606 = DIRECTION ( 'NONE',  ( 1.000000000000000000, 0.000000000000000000, 0.000000000000000000 ) ) ;
#607 = CARTESIAN_POINT ( 'NONE',  ( -4.975491360460999601, -0.3260661585560999387, 2.059863843933000371 ) ) ;
#608 = ADVANCED_FACE ( 'NONE', ( #2666 ), #1122, .T. ) ;
#609 = EDGE_LOOP ( 'NONE', ( #2612, #1081, #346, #807 ) ) ;
#610 = ORIENTED_EDGE ( 'NONE', *, *, #421, .T. ) ;
#611 = CARTESIAN_POINT ( 'NONE',  ( 5.359523887266999687, -4.950271625087000693, 2.049520199999999903 ) ) ;
#612 = CARTESIAN_POINT ( 'NONE',  ( -4.950002800000000036, 1.550004779999999860, 0.3999999999999993006 ) ) ;
#613 = VECTOR ( 'NONE', #432, 1000.000000000000000 ) ;
#614 = ORIENTED_EDGE ( 'NONE', *, *, #819, .T. ) ;
#615 = DIRECTION ( 'NONE',  ( 0.000000000000000000, 1.000000000000000000, 0.000000000000000000 ) ) ;
#616 = DIRECTION ( 'NONE',  ( 1.000000000000000000, 0.000000000000000000, 0.000000000000000000 ) ) ;
#617 = CARTESIAN_POINT ( 'NONE',  ( 4.959523887267001108, -4.950271625087000693, -4.844239700000001037 ) ) ;
#618 = ORIENTED_EDGE ( 'NONE', *, *, #3510, .F. ) ;
#619 = CARTESIAN_POINT ( 'NONE',  ( -4.949714364904000519, 4.940492704416000080, 10.24976029999999838 ) ) ;
#620 = DIRECTION ( 'NONE',  ( 0.000000000000000000, 0.000000000000000000, -1.000000000000000000 ) ) ;
#621 = DIRECTION ( 'NONE',  ( 0.000000000000000000, 1.000000000000000000, 0.000000000000000000 ) ) ;
#622 = CIRCLE ( 'NONE', #2744, 0.3999999999993999467 ) ;
#623 = CARTESIAN_POINT ( 'NONE',  ( -4.946542076182000258, 1.540493364330000059, 10.24976029999999838 ) ) ;
#624 = ORIENTED_EDGE ( 'NONE', *, *, #2053, .T. ) ;
#625 = AXIS2_PLACEMENT_3D ( 'NONE', #1694, #1123, #1413 ) ;
#626 = DIRECTION ( 'NONE',  ( 0.000000000000000000, 0.000000000000000000, -1.000000000000000000 ) ) ;
#627 = ADVANCED_FACE ( 'NONE', ( #50 ), #369, .T. ) ;
#628 = EDGE_CURVE ( 'NONE', #3723, #2355, #873, .T. ) ;
#629 = FACE_OUTER_BOUND ( 'NONE', #2168, .T. ) ;
#630 = VERTEX_POINT ( 'NONE', #3771 ) ;
#631 = ORIENTED_EDGE ( 'NONE', *, *, #653, .T. ) ;
#632 = DIRECTION ( 'NONE',  ( 0.000000000000000000, 0.000000000000000000, -1.000000000000000000 ) ) ;
#633 = DIRECTION ( 'NONE',  ( 0.000000000000000000, 0.000000000000000000, -1.000000000000000000 ) ) ;
#634 = AXIS2_PLACEMENT_3D ( 'NONE', #1648, #2001, #1987 ) ;
#635 = PRESENTATION_LAYER_ASSIGNMENT (  '', '', ( #1972 ) ) ;
#636 = ORIENTED_EDGE ( 'NONE', *, *, #784, .F. ) ;
#637 = DIRECTION ( 'NONE',  ( -1.000000000000000000, 0.000000000000000000, 0.000000000000000000 ) ) ;
#638 = CARTESIAN_POINT ( 'NONE',  ( 4.950286925933999882, 4.949729665750000507, -4.550239699999999665 ) ) ;
#639 = AXIS2_PLACEMENT_3D ( 'NONE', #1955, #229, #1158 ) ;
#640 = DIRECTION ( 'NONE',  ( 0.000000000000000000, 0.000000000000000000, 1.000000000000000000 ) ) ;
#641 = ORIENTED_EDGE ( 'NONE', *, *, #1666, .T. ) ;
#642 = CIRCLE ( 'NONE', #2585, 0.4000000000004000356 ) ;
#643 = AXIS2_PLACEMENT_3D ( 'NONE', #2920, #2904, #58 ) ;
#644 = PLANE ( 'NONE',  #507 ) ;
#645 = AXIS2_PLACEMENT_3D ( 'NONE', #623, #361, #2692 ) ;
#646 = VECTOR ( 'NONE', #3386, 1000.000000000000000 ) ;
#647 = DIRECTION ( 'NONE',  ( 0.000000000000000000, 0.000000000000000000, 1.000000000000000000 ) ) ;
#648 = DIRECTION ( 'NONE',  ( 0.000000000000000000, 0.000000000000000000, 1.000000000000000000 ) ) ;
#649 = VERTEX_POINT ( 'NONE', #660 ) ;
#650 = DIRECTION ( 'NONE',  ( 0.000000000000000000, -1.000000000000000000, -0.000000000000000000 ) ) ;
#651 = AXIS2_PLACEMENT_3D ( 'NONE', #2804, #1990, #2559 ) ;
#652 = EDGE_LOOP ( 'NONE', ( #372, #317, #1787, #2098 ) ) ;
#653 = EDGE_CURVE ( 'NONE', #2509, #2840, #2930, .T. ) ;
#654 = CARTESIAN_POINT ( 'NONE',  ( 4.959523887267001108, -4.950271625087000693, 10.14976029999999874 ) ) ;
#655 = DIRECTION ( 'NONE',  ( 0.000000000000000000, 0.000000000000000000, 1.000000000000000000 ) ) ;
#656 = ORIENTED_EDGE ( 'NONE', *, *, #263, .F. ) ;
#657 = EDGE_CURVE ( 'NONE', #903, #2231, #1364, .T. ) ;
#658 = ORIENTED_EDGE ( 'NONE', *, *, #1383, .T. ) ;
#659 = ADVANCED_FACE ( 'NONE', ( #2631, #3268 ), #327, .F. ) ;
#660 = CARTESIAN_POINT ( 'NONE',  ( 4.850000000000000533, -5.850000000000000533, 10.40000000000000036 ) ) ;
#661 = CARTESIAN_POINT ( 'NONE',  ( -5.850000000000000533, -5.349999999999999645, 10.80000000000010019 ) ) ;
#662 = CARTESIAN_POINT ( 'NONE',  ( 5.612502018693000150E-09, -6.349999999999999645, 5.349999999999999645 ) ) ;
#663 = ADVANCED_FACE ( 'NONE', ( #3207 ), #2901, .T. ) ;
#664 = EDGE_LOOP ( 'NONE', ( #568, #656, #1991, #2624 ) ) ;
#665 = LINE ( 'NONE', #2366, #1481 ) ;
#666 = LINE ( 'NONE', #3523, #2150 ) ;
#667 = LINE ( 'NONE', #967, #2278 ) ;
#668 = DIRECTION ( 'NONE',  ( -0.000000000000000000, 1.000000000000000000, 0.000000000000000000 ) ) ;
#669 = FACE_OUTER_BOUND ( 'NONE', #3179, .T. ) ;
#670 = ORIENTED_EDGE ( 'NONE', *, *, #628, .T. ) ;
#671 = CARTESIAN_POINT ( 'NONE',  ( -4.940477403570000092, -4.959508586421000231, 10.14976029999999874 ) ) ;
#672 = LINE ( 'NONE', #2720, #461 ) ;
#673 = ORIENTED_EDGE ( 'NONE', *, *, #927, .T. ) ;
#674 = DIRECTION ( 'NONE',  ( 0.000000000000000000, 0.000000000000000000, -1.000000000000000000 ) ) ;
#675 = FACE_OUTER_BOUND ( 'NONE', #269, .T. ) ;
#676 = EDGE_CURVE ( 'NONE', #3039, #2838, #2868, .T. ) ;
#677 = ADVANCED_FACE ( 'NONE', ( #1535, #1223 ), #938, .F. ) ;
#678 = CARTESIAN_POINT ( 'NONE',  ( -6.347590471038000892, -5.293372407867001250, 10.27166343247399993 ) ) ;
#679 = ORIENTED_EDGE ( 'NONE', *, *, #3670, .F. ) ;
#680 = FACE_OUTER_BOUND ( 'NONE', #2862, .T. ) ;
#681 = DIRECTION ( 'NONE',  ( 0.000000000000000000, 0.000000000000000000, -1.000000000000000000 ) ) ;
#682 = FACE_OUTER_BOUND ( 'NONE', #1261, .T. ) ;
#683 = MECHANICAL_DESIGN_GEOMETRIC_PRESENTATION_REPRESENTATION (  '', ( #2986 ), #61 ) ;
#684 = DIRECTION ( 'NONE',  ( 0.000000000000000000, -2.555853426798000066E-12, 1.000000000000000000 ) ) ;
#685 = CIRCLE ( 'NONE', #816, 0.4000000000000001887 ) ;
#686 = ORIENTED_EDGE ( 'NONE', *, *, #603, .F. ) ;
#687 = FACE_OUTER_BOUND ( 'NONE', #3460, .T. ) ;
#688 = DIRECTION ( 'NONE',  ( 0.000000000000000000, 0.000000000000000000, 1.000000000000000000 ) ) ;
#689 = VERTEX_POINT ( 'NONE', #580 ) ;
#690 = VERTEX_POINT ( 'NONE', #2326 ) ;
#691 = CARTESIAN_POINT ( 'NONE',  ( -4.825491360460000045, -0.3260661585560999387, 9.449760299999999447 ) ) ;
#692 = DIRECTION ( 'NONE',  ( 0.000000000000000000, 0.000000000000000000, -1.000000000000000000 ) ) ;
#693 = CARTESIAN_POINT ( 'NONE',  ( 5.450000000000000178, -5.950000000000000178, 0.3999999999999993006 ) ) ;
#694 = AXIS2_PLACEMENT_3D ( 'NONE', #1235, #3336, #954 ) ;
#695 = EDGE_CURVE ( 'NONE', #2129, #3075, #63, .T. ) ;
#696 = EDGE_LOOP ( 'NONE', ( #3642, #1438, #989, #1964 ) ) ;
#697 = DIRECTION ( 'NONE',  ( 1.000000000000000000, 1.387778780781445676E-14, 0.000000000000000000 ) ) ;
#698 = EDGE_CURVE ( 'NONE', #464, #1350, #2199, .T. ) ;
#699 = VECTOR ( 'NONE', #1209, 1000.000000000000000 ) ;
#700 = LINE ( 'NONE', #1580, #3552 ) ;
#701 = FACE_OUTER_BOUND ( 'NONE', #806, .T. ) ;
#702 = CIRCLE ( 'NONE', #1004, 0.09999999999998984701 ) ;
#703 = DIRECTION ( 'NONE',  ( 1.000000000000000000, 1.387778780781444413E-14, 0.000000000000000000 ) ) ;
#704 = EDGE_CURVE ( 'NONE', #152, #6, #3177, .T. ) ;
#705 = AXIS2_PLACEMENT_3D ( 'NONE', #576, #3000, #85 ) ;
#706 = AXIS2_PLACEMENT_3D ( 'NONE', #335, #2049, #78 ) ;
#707 = DIRECTION ( 'NONE',  ( 1.000000000000000000, 0.000000000000000000, 0.000000000000000000 ) ) ;
#708 = DIRECTION ( 'NONE',  ( 0.000000000000000000, 0.000000000000000000, -1.000000000000000000 ) ) ;
#709 = CIRCLE ( 'NONE', #1249, 0.4999999999999995559 ) ;
#710 = AXIS2_PLACEMENT_3D ( 'NONE', #2351, #2076, #330 ) ;
#711 = ADVANCED_FACE ( 'NONE', ( #1279 ), #3724, .T. ) ;
#712 = VERTEX_POINT ( 'NONE', #2398 ) ;
#713 = DIRECTION ( 'NONE',  ( 5.394990010288370896E-12, 0.000000000000000000, 1.000000000000000000 ) ) ;
#714 = CARTESIAN_POINT ( 'NONE',  ( -4.950002800000000036, 1.550004779999999860, 0.4215579590869985571 ) ) ;
#715 = CIRCLE ( 'NONE', #1085, 0.4999999999999995559 ) ;
#716 = ORIENTED_EDGE ( 'NONE', *, *, #935, .F. ) ;
#717 = DIRECTION ( 'NONE',  ( -2.255140518769847329E-14, -1.000000000000000000, 0.000000000000000000 ) ) ;
#718 = CARTESIAN_POINT ( 'NONE',  ( -5.450000000000000178, 5.950000000000000178, 0.3999999999999993006 ) ) ;
#719 = DIRECTION ( 'NONE',  ( 1.000000000000000000, 0.000000000000000000, 0.000000000000000000 ) ) ;
#720 = ORIENTED_EDGE ( 'NONE', *, *, #3041, .T. ) ;
#721 = DIRECTION ( 'NONE',  ( 0.000000000000000000, 0.000000000000000000, -1.000000000000000000 ) ) ;
#722 = CARTESIAN_POINT ( 'NONE',  ( 5.349999999999999645, 5.850000000000000533, 10.30000000000000071 ) ) ;
#723 = FACE_OUTER_BOUND ( 'NONE', #31, .T. ) ;
#724 = ADVANCED_FACE ( 'NONE', ( #1038 ), #3591, .F. ) ;
#725 = FACE_OUTER_BOUND ( 'NONE', #1662, .T. ) ;
#726 = ORIENTED_EDGE ( 'NONE', *, *, #2429, .F. ) ;
#727 = ORIENTED_EDGE ( 'NONE', *, *, #3546, .T. ) ;
#728 = DIRECTION ( 'NONE',  ( 0.000000000000000000, 0.000000000000000000, 1.000000000000000000 ) ) ;
#729 = CYLINDRICAL_SURFACE ( 'NONE', #3198, 0.4000000000000001887 ) ;
#730 = ORIENTED_EDGE ( 'NONE', *, *, #2603, .F. ) ;
#731 = ORIENTED_EDGE ( 'NONE', *, *, #3471, .F. ) ;
#732 = DIRECTION ( 'NONE',  ( -1.000000000000000000, 0.000000000000000000, 0.000000000000000000 ) ) ;
#733 = DIRECTION ( 'NONE',  ( 0.000000000000000000, 0.000000000000000000, -1.000000000000000000 ) ) ;
#734 = DIRECTION ( 'NONE',  ( 0.000000000000000000, 0.000000000000000000, -1.000000000000000000 ) ) ;
#735 = ORIENTED_EDGE ( 'NONE', *, *, #3510, .T. ) ;
#736 = DIRECTION ( 'NONE',  ( 0.000000000000000000, 0.000000000000000000, -1.000000000000000000 ) ) ;
#737 = ORIENTED_EDGE ( 'NONE', *, *, #2200, .T. ) ;
#738 = CARTESIAN_POINT ( 'NONE',  ( -5.450000000000000178, 5.450000000000000178, 0.3999999999999993006 ) ) ;
#739 = UNCERTAINTY_MEASURE_WITH_UNIT (LENGTH_MEASURE( 1.000000000000000082E-05 ), #941, 'distance_accuracy_value', 'NONE');
#740 = CYLINDRICAL_SURFACE ( 'NONE', #221, 0.2500000000000002220 ) ;
#741 = FACE_OUTER_BOUND ( 'NONE', #3120, .T. ) ;
#742 = ORIENTED_EDGE ( 'NONE', *, *, #3377, .F. ) ;
#743 = EDGE_CURVE ( 'NONE', #1469, #2030, #3047, .T. ) ;
#744 = VERTEX_POINT ( 'NONE', #465 ) ;
#745 = COLOUR_RGB ( '',1.000000000000000000, 1.000000000000000000, 1.000000000000000000 ) ;
#746 =( NAMED_UNIT ( * ) PLANE_ANGLE_UNIT ( ) SI_UNIT ( $, .RADIAN. ) );
#747 = ADVANCED_FACE ( 'NONE', ( #1552 ), #3068, .T. ) ;
#748 = EDGE_CURVE ( 'NONE', #109, #2805, #3301, .T. ) ;
#749 = FACE_BOUND ( 'NONE', #353, .T. ) ;
#750 = VECTOR ( 'NONE', #1913, 1000.000000000000000 ) ;
#751 = ORIENTED_EDGE ( 'NONE', *, *, #1703, .T. ) ;
#752 = EDGE_LOOP ( 'NONE', ( #973, #2283 ) ) ;
#753 = FACE_BOUND ( 'NONE', #223, .T. ) ;
#754 = EDGE_CURVE ( 'NONE', #3155, #1702, #262, .T. ) ;
#755 = DIRECTION ( 'NONE',  ( 0.000000000000000000, 0.000000000000000000, 1.000000000000000000 ) ) ;
#756 = CARTESIAN_POINT ( 'NONE',  ( -5.838010014903999512, -5.624596526917995831, 10.79919639315700053 ) ) ;
#757 = ORIENTED_EDGE ( 'NONE', *, *, #2959, .F. ) ;
#758 = DIRECTION ( 'NONE',  ( 1.000000000000000000, 0.000000000000000000, 0.000000000000000000 ) ) ;
#759 = VECTOR ( 'NONE', #3293, 1000.000000000000000 ) ;
#760 = DIRECTION ( 'NONE',  ( 0.000000000000000000, -1.000000000000000000, -0.000000000000000000 ) ) ;
#761 = DIRECTION ( 'NONE',  ( -1.000000000000000000, 0.000000000000000000, 0.000000000000000000 ) ) ;
#762 = AXIS2_PLACEMENT_3D ( 'NONE', #3640, #1889, #2144 ) ;
#763 = PRESENTATION_STYLE_ASSIGNMENT (( #1640 ) ) ;
#764 = CARTESIAN_POINT ( 'NONE',  ( -5.349999999999999645, -6.349999999999999645, 0.000000000000000000 ) ) ;
#765 = AXIS2_PLACEMENT_3D ( 'NONE', #3467, #3090, #1705 ) ;
#766 = CARTESIAN_POINT ( 'NONE',  ( -4.973541558323000267, -2.415827388947999754, 1.749760300000000157 ) ) ;
#767 = VERTEX_POINT ( 'NONE', #1262 ) ;
#768 = VECTOR ( 'NONE', #417, 1000.000000000000000 ) ;
#769 = CIRCLE ( 'NONE', #2886, 0.4499999999999999001 ) ;
#770 = CARTESIAN_POINT ( 'NONE',  ( -4.296542076182000791, 1.540493364330000059, 1.549520199999999681 ) ) ;
#771 = DIRECTION ( 'NONE',  ( 1.000000000000000000, 1.156482317317871607E-14, 0.000000000000000000 ) ) ;
#772 = VECTOR ( 'NONE', #2527, 1000.000000000000000 ) ;
#773 = AXIS2_PLACEMENT_3D ( 'NONE', #3694, #1380, #2469 ) ;
#774 = ORIENTED_EDGE ( 'NONE', *, *, #55, .F. ) ;
#775 = VERTEX_POINT ( 'NONE', #444 ) ;
#776 = DIRECTION ( 'NONE',  ( 0.000000000000000000, 0.000000000000000000, -1.000000000000000000 ) ) ;
#777 = DIRECTION ( 'NONE',  ( 0.000000000000000000, 0.000000000000000000, 1.000000000000000000 ) ) ;
#778 = AXIS2_PLACEMENT_3D ( 'NONE', #2918, #640, #2062 ) ;
#779 = PLANE ( 'NONE',  #2710 ) ;
#780 = EDGE_CURVE ( 'NONE', #110, #3292, #1967, .T. ) ;
#781 = VERTEX_POINT ( 'NONE', #2476 ) ;
#782 = DIRECTION ( 'NONE',  ( 0.000000000000000000, 0.000000000000000000, -1.000000000000000000 ) ) ;
#783 = DIRECTION ( 'NONE',  ( 0.000000000000000000, 0.000000000000000000, 1.000000000000000000 ) ) ;
#784 = EDGE_CURVE ( 'NONE', #247, #3529, #929, .T. ) ;
#785 = PLANE ( 'NONE',  #1983 ) ;
#786 = DIRECTION ( 'NONE',  ( 0.000000000000000000, 0.000000000000000000, -1.000000000000000000 ) ) ;
#787 = FACE_OUTER_BOUND ( 'NONE', #2266, .T. ) ;
#788 = CARTESIAN_POINT ( 'NONE',  ( 4.850000000000000533, 4.850000000000000533, 10.26999999999999957 ) ) ;
#789 = DIRECTION ( 'NONE',  ( 1.000000000000000000, 0.000000000000000000, 0.000000000000000000 ) ) ;
#790 = VERTEX_POINT ( 'NONE', #2417 ) ;
#791 = ORIENTED_EDGE ( 'NONE', *, *, #3041, .F. ) ;
#792 = FILL_AREA_STYLE_COLOUR ( '', #1374 ) ;
#793 = DIRECTION ( 'NONE',  ( -1.000000000000000000, 0.000000000000000000, 0.000000000000000000 ) ) ;
#794 = ORIENTED_EDGE ( 'NONE', *, *, #2439, .T. ) ;
#795 = ORIENTED_EDGE ( 'NONE', *, *, #3211, .F. ) ;
#796 = CARTESIAN_POINT ( 'NONE',  ( -4.299714364904000163, 4.940492704416000080, 1.549520199999999681 ) ) ;
#797 = CARTESIAN_POINT ( 'NONE',  ( -4.946542076182000258, 1.540493364330000059, 1.549520199999999681 ) ) ;
#798 = CARTESIAN_POINT ( 'NONE',  ( 4.950286925933999882, 4.949729665750000507, 1.549520199999999681 ) ) ;
#799 = ORIENTED_EDGE ( 'NONE', *, *, #3211, .T. ) ;
#800 = DIRECTION ( 'NONE',  ( 0.9986594744492363063, -0.05176151169329212126, 0.000000000000000000 ) ) ;
#801 = EDGE_CURVE ( 'NONE', #2182, #957, #3242, .T. ) ;
#802 = EDGE_CURVE ( 'NONE', #1434, #1350, #2453, .T. ) ;
#803 = DIRECTION ( 'NONE',  ( -1.387778780781444413E-14, 1.000000000000000000, 0.000000000000000000 ) ) ;
#804 = ADVANCED_BREP_SHAPE_REPRESENTATION ( 'URB24xxN-xWR3G', ( #1268, #2622, #2530, #1296, #3773, #102, #2, #2576, #96, #231 ), #593 ) ;
#805 = PLANE ( 'NONE',  #3136 ) ;
#806 = EDGE_LOOP ( 'NONE', ( #1222, #2346 ) ) ;
#807 = ORIENTED_EDGE ( 'NONE', *, *, #2584, .F. ) ;
#808 =( NAMED_UNIT ( * ) PLANE_ANGLE_UNIT ( ) SI_UNIT ( $, .RADIAN. ) );
#809 = ORIENTED_EDGE ( 'NONE', *, *, #3419, .T. ) ;
#810 = EDGE_LOOP ( 'NONE', ( #306, #3567, #3475, #3461 ) ) ;
#811 = DIRECTION ( 'NONE',  ( 0.000000000000000000, 6.335484930906000504E-12, -1.000000000000000000 ) ) ;
#812 = CARTESIAN_POINT ( 'NONE',  ( 5.849999999999000444, 5.350000000009999646, 10.79999999999999893 ) ) ;
#813 = CIRCLE ( 'NONE', #1540, 0.6499999999999995781 ) ;
#814 = CARTESIAN_POINT ( 'NONE',  ( 5.450000000000000178, -5.950000000000000178, 0.3999999999999993006 ) ) ;
#815 = ORIENTED_EDGE ( 'NONE', *, *, #653, .F. ) ;
#816 = AXIS2_PLACEMENT_3D ( 'NONE', #1651, #2597, #2239 ) ;
#817 = CYLINDRICAL_SURFACE ( 'NONE', #1839, 0.4000000000000001887 ) ;
#818 =( LENGTH_UNIT ( ) NAMED_UNIT ( * ) SI_UNIT ( .MILLI., .METRE. ) );
#819 = EDGE_CURVE ( 'NONE', #903, #6, #1295, .T. ) ;
#820 = EDGE_CURVE ( 'NONE', #2148, #3061, #446, .T. ) ;
#821 = CARTESIAN_POINT ( 'NONE',  ( 4.959523887267001108, -4.950271625087000693, -4.844239700000001037 ) ) ;
#822 = LINE ( 'NONE', #1976, #150 ) ;
#823 = AXIS2_PLACEMENT_3D ( 'NONE', #1476, #2609, #3502 ) ;
#824 = ADVANCED_FACE ( 'NONE', ( #753, #1240 ), #1908, .T. ) ;
#825 = ORIENTED_EDGE ( 'NONE', *, *, #1490, .F. ) ;
#826 = ORIENTED_EDGE ( 'NONE', *, *, #1764, .T. ) ;
#827 =( NAMED_UNIT ( * ) PLANE_ANGLE_UNIT ( ) SI_UNIT ( $, .RADIAN. ) );
#828 = VECTOR ( 'NONE', #1776, 1000.000000000000000 ) ;
#829 = FILL_AREA_STYLE_COLOUR ( '', #2657 ) ;
#830 = ADVANCED_FACE ( 'NONE', ( #3009, #408 ), #505, .F. ) ;
#831 = AXIS2_PLACEMENT_3D ( 'NONE', #852, #195, #2594 ) ;
#832 = ORIENTED_EDGE ( 'NONE', *, *, #972, .T. ) ;
#833 = CARTESIAN_POINT ( 'NONE',  ( 5.400000000000000355, 4.950000000000000178, 0.000000000000000000 ) ) ;
#834 = DIRECTION ( 'NONE',  ( -1.000000000000000000, 4.560015559585002151E-10, 0.000000000000000000 ) ) ;
#835 = AXIS2_PLACEMENT_3D ( 'NONE', #3583, #364, #1168 ) ;
#836 = DIRECTION ( 'NONE',  ( 1.000000000000000000, 0.000000000000000000, 0.000000000000000000 ) ) ;
#837 = ORIENTED_EDGE ( 'NONE', *, *, #1685, .T. ) ;
#838 = AXIS2_PLACEMENT_3D ( 'NONE', #1310, #2465, #1066 ) ;
#839 = AXIS2_PLACEMENT_3D ( 'NONE', #1895, #3054, #3580 ) ;
#840 = CARTESIAN_POINT ( 'NONE',  ( -4.973541558323000267, -2.415827388947999754, 9.449760299999999447 ) ) ;
#841 = TOROIDAL_SURFACE ( 'NONE', #651, 0.2999999999995000000, 0.09999999999998999967 ) ;
#842 = CARTESIAN_POINT ( 'NONE',  ( -4.500000000000000000, 4.950000000000000178, 0.3999999999999993006 ) ) ;
#843 = CARTESIAN_POINT ( 'NONE',  ( -4.640477403570000270, -4.959508586421000231, 10.24976029999999838 ) ) ;
#844 = VERTEX_POINT ( 'NONE', #833 ) ;
#845 = AXIS2_PLACEMENT_3D ( 'NONE', #2894, #2316, #288 ) ;
#846 = EDGE_LOOP ( 'NONE', ( #2041, #2592 ) ) ;
#847 = CARTESIAN_POINT ( 'NONE',  ( 4.950286925933999882, 4.949729665750000507, -4.550239699999999665 ) ) ;
#848 = EDGE_CURVE ( 'NONE', #2288, #1321, #1718, .T. ) ;
#849 = ORIENTED_EDGE ( 'NONE', *, *, #3484, .F. ) ;
#850 = VERTEX_POINT ( 'NONE', #3089 ) ;
#851 = CARTESIAN_POINT ( 'NONE',  ( -4.949714364904000519, 4.940492704416000080, 10.14976029999999874 ) ) ;
#852 = CARTESIAN_POINT ( 'NONE',  ( -4.949714364904000519, 4.940492704416000080, 2.069920095917998637 ) ) ;
#853 = CARTESIAN_POINT ( 'NONE',  ( -4.698128219357999846, 3.240491764373999661, 2.049760299999999980 ) ) ;
#854 = EDGE_LOOP ( 'NONE', ( #1995, #727, #2011, #1568 ) ) ;
#855 = FACE_OUTER_BOUND ( 'NONE', #3218, .T. ) ;
#856 = FACE_OUTER_BOUND ( 'NONE', #48, .T. ) ;
#857 = DIRECTION ( 'NONE',  ( -1.000000000000000000, 7.700003828982431346E-10, 0.000000000000000000 ) ) ;
#858 = ORIENTED_EDGE ( 'NONE', *, *, #2924, .T. ) ;
#859 = VERTEX_POINT ( 'NONE', #1965 ) ;
#860 = CARTESIAN_POINT ( 'NONE',  ( -4.475491360461000490, -0.3260661585560999387, 1.749760300000000157 ) ) ;
#861 =( LENGTH_UNIT ( ) NAMED_UNIT ( * ) SI_UNIT ( .MILLI., .METRE. ) );
#862 = ADVANCED_FACE ( 'NONE', ( #1419 ), #2496, .T. ) ;
#863 = ORIENTED_EDGE ( 'NONE', *, *, #3188, .T. ) ;
#864 = ORIENTED_EDGE ( 'NONE', *, *, #676, .F. ) ;
#865 = ADVANCED_FACE ( 'NONE', ( #3163 ), #217, .T. ) ;
#866 = CARTESIAN_POINT ( 'NONE',  ( 5.850000000000000533, -4.850000000000000533, 10.26999999999999957 ) ) ;
#867 = DIRECTION ( 'NONE',  ( 1.000000000000000000, 0.000000000000000000, 0.000000000000000000 ) ) ;
#868 = DIRECTION ( 'NONE',  ( 1.000000000000000000, 0.000000000000000000, 0.000000000000000000 ) ) ;
#869 = EDGE_LOOP ( 'NONE', ( #3376, #2857, #3598, #2022 ) ) ;
#870 = DIRECTION ( 'NONE',  ( 7.105427357602000241E-14, 1.000000000000000000, 0.000000000000000000 ) ) ;
#871 = DIRECTION ( 'NONE',  ( 0.000000000000000000, 0.000000000000000000, 1.000000000000000000 ) ) ;
#872 = DIRECTION ( 'NONE',  ( 0.000000000000000000, 0.000000000000000000, -1.000000000000000000 ) ) ;
#873 = CIRCLE ( 'NONE', #2991, 0.4499999999999999001 ) ;
#874 = EDGE_CURVE ( 'NONE', #3757, #2340, #1428, .T. ) ;
#875 = CYLINDRICAL_SURFACE ( 'NONE', #2193, 0.4000000000000001887 ) ;
#876 = PLANE ( 'NONE',  #151 ) ;
#877 = PLANE ( 'NONE',  #1192 ) ;
#878 = ORIENTED_EDGE ( 'NONE', *, *, #415, .T. ) ;
#879 = PLANE ( 'NONE',  #1733 ) ;
#880 = DIRECTION ( 'NONE',  ( 1.000000000000000000, 0.000000000000000000, 0.000000000000000000 ) ) ;
#881 = COLOUR_RGB ( '',1.000000000000000000, 1.000000000000000000, 1.000000000000000000 ) ;
#882 = ORIENTED_EDGE ( 'NONE', *, *, #1653, .T. ) ;
#883 = EDGE_LOOP ( 'NONE', ( #963, #815 ) ) ;
#884 = CIRCLE ( 'NONE', #2999, 0.4000000000000001887 ) ;
#885 = DIRECTION ( 'NONE',  ( 0.000000000000000000, 0.000000000000000000, 1.000000000000000000 ) ) ;
#886 = DIRECTION ( 'NONE',  ( 1.000000000000000000, 0.000000000000000000, 0.000000000000000000 ) ) ;
#887 = AXIS2_PLACEMENT_3D ( 'NONE', #3575, #2126, #3298 ) ;
#888 = ORIENTED_EDGE ( 'NONE', *, *, #516, .T. ) ;
#889 = DIRECTION ( 'NONE',  ( 0.000000000000000000, 0.000000000000000000, 1.000000000000000000 ) ) ;
#890 = AXIS2_PLACEMENT_3D ( 'NONE', #1956, #2535, #3119 ) ;
#891 = CARTESIAN_POINT ( 'NONE',  ( -4.949714364904000519, 4.940492704416000080, 2.049520199999999903 ) ) ;
#892 = AXIS2_PLACEMENT_3D ( 'NONE', #1823, #1510, #2658 ) ;
#893 = ADVANCED_FACE ( 'NONE', ( #484 ), #2822, .T. ) ;
#894 = SURFACE_SIDE_STYLE ('',( #1537 ) ) ;
#895 = CIRCLE ( 'NONE', #399, 0.4000000000000001887 ) ;
#896 = AXIS2_PLACEMENT_3D ( 'NONE', #1269, #1043, #450 ) ;
#897 = DIRECTION ( 'NONE',  ( 1.231723056882999987E-13, -1.000000000000000000, -7.121873846490510818E-25 ) ) ;
#898 = CIRCLE ( 'NONE', #3689, 0.4000000000000001887 ) ;
#899 = EDGE_CURVE ( 'NONE', #2967, #2124, #2802, .T. ) ;
#900 = DIRECTION ( 'NONE',  ( -1.000000000000000000, 0.000000000000000000, 0.000000000000000000 ) ) ;
#901 = LINE ( 'NONE', #3214, #2948 ) ;
#902 = DIRECTION ( 'NONE',  ( 1.000000000000000000, 0.000000000000000000, 0.000000000000000000 ) ) ;
#903 = VERTEX_POINT ( 'NONE', #3147 ) ;
#904 = VERTEX_POINT ( 'NONE', #3730 ) ;
#905 = CARTESIAN_POINT ( 'NONE',  ( 5.600286925934000237, 4.949729665750000507, 1.549520199999999681 ) ) ;
#906 = DIRECTION ( 'NONE',  ( -1.000000000000000000, 0.000000000000000000, 0.000000000000000000 ) ) ;
#907 = ORIENTED_EDGE ( 'NONE', *, *, #676, .T. ) ;
#908 = CARTESIAN_POINT ( 'NONE',  ( -4.975491360460999601, -0.3260661585560999387, 2.049760299999999980 ) ) ;
#909 = DIRECTION ( 'NONE',  ( 1.000000000000000000, 0.000000000000000000, 0.000000000000000000 ) ) ;
#910 = EDGE_CURVE ( 'NONE', #2288, #2030, #1728, .T. ) ;
#911 = CARTESIAN_POINT ( 'NONE',  ( 4.950000000000000178, -4.950000000000000178, 0.4215579590869985571 ) ) ;
#912 = LINE ( 'NONE', #1178, #3439 ) ;
#913 = DIRECTION ( 'NONE',  ( -1.000000000000000000, 1.517883041479705577E-14, 0.000000000000000000 ) ) ;
#914 = EDGE_LOOP ( 'NONE', ( #3142, #1714 ) ) ;
#915 = ORIENTED_EDGE ( 'NONE', *, *, #1499, .T. ) ;
#916 = VERTEX_POINT ( 'NONE', #2251 ) ;
#917 = FACE_OUTER_BOUND ( 'NONE', #1848, .T. ) ;
#918 = ORIENTED_EDGE ( 'NONE', *, *, #2541, .T. ) ;
#919 = DIRECTION ( 'NONE',  ( 0.000000000000000000, 0.000000000000000000, -1.000000000000000000 ) ) ;
#920 = DIRECTION ( 'NONE',  ( 1.000000000000000000, 0.000000000000000000, 0.000000000000000000 ) ) ;
#921 = FILL_AREA_STYLE_COLOUR ( '', #2834 ) ;
#922 = EDGE_LOOP ( 'NONE', ( #385, #503, #1087, #3500 ) ) ;
#923 = CARTESIAN_POINT ( 'NONE',  ( 5.349999999999999645, -6.349999999999999645, 0.000000000000000000 ) ) ;
#924 = DIRECTION ( 'NONE',  ( 0.000000000000000000, 0.000000000000000000, 1.000000000000000000 ) ) ;
#925 = TOROIDAL_SURFACE ( 'NONE', #1291, 0.5000000000000999201, 0.5000000000000000000 ) ;
#926 = DIRECTION ( 'NONE',  ( 1.000000000000000000, 0.000000000000000000, 0.000000000000000000 ) ) ;
#927 = EDGE_CURVE ( 'NONE', #487, #1487, #2232, .T. ) ;
#928 = ORIENTED_EDGE ( 'NONE', *, *, #3515, .F. ) ;
#929 = CIRCLE ( 'NONE', #319, 0.6500000000000003553 ) ;
#930 = ADVANCED_FACE ( 'NONE', ( #3454 ), #1135, .F. ) ;
#931 = CYLINDRICAL_SURFACE ( 'NONE', #2226, 0.4499999999999999001 ) ;
#932 = VERTEX_POINT ( 'NONE', #1690 ) ;
#933 = CARTESIAN_POINT ( 'NONE',  ( -4.973541558323000267, -2.415827388947999754, 9.549760299999999091 ) ) ;
#934 =( GEOMETRIC_REPRESENTATION_CONTEXT ( 3 ) GLOBAL_UNCERTAINTY_ASSIGNED_CONTEXT ( ( #1316 ) ) GLOBAL_UNIT_ASSIGNED_CONTEXT ( ( #1050, #746, #3370 ) ) REPRESENTATION_CONTEXT ( 'NONE', 'WORKASPACE' ) );
#935 = EDGE_CURVE ( 'NONE', #2927, #2768, #3727, .T. ) ;
#936 = VECTOR ( 'NONE', #2626, 1000.000000000000000 ) ;
#937 = ORIENTED_EDGE ( 'NONE', *, *, #2584, .T. ) ;
#938 = PLANE ( 'NONE',  #260 ) ;
#939 = CARTESIAN_POINT ( 'NONE',  ( -4.948128219357998958, 3.240491764373999661, 2.059863843933000371 ) ) ;
#940 = AXIS2_PLACEMENT_3D ( 'NONE', #3346, #871, #2773 ) ;
#941 =( LENGTH_UNIT ( ) NAMED_UNIT ( * ) SI_UNIT ( .MILLI., .METRE. ) );
#942 = EDGE_LOOP ( 'NONE', ( #953, #98 ) ) ;
#943 = VECTOR ( 'NONE', #1125, 1000.000000000000000 ) ;
#944 = TOROIDAL_SURFACE ( 'NONE', #3191, 0.1499999999996000088, 0.09999999999998999967 ) ;
#945 = FACE_OUTER_BOUND ( 'NONE', #3429, .T. ) ;
#946 = CARTESIAN_POINT ( 'NONE',  ( -4.975491360460999601, -0.3260661585560999387, 2.049760299999999980 ) ) ;
#947 = CIRCLE ( 'NONE', #1320, 0.4000000000000001887 ) ;
#948 = AXIS2_PLACEMENT_3D ( 'NONE', #1767, #363, #119 ) ;
#949 = LINE ( 'NONE', #1251, #3381 ) ;
#950 = DIRECTION ( 'NONE',  ( 0.000000000000000000, 0.000000000000000000, 1.000000000000000000 ) ) ;
#951 = AXIS2_PLACEMENT_3D ( 'NONE', #1023, #980, #2131 ) ;
#952 = DIRECTION ( 'NONE',  ( 0.000000000000000000, 0.000000000000000000, 1.000000000000000000 ) ) ;
#953 = ORIENTED_EDGE ( 'NONE', *, *, #351, .F. ) ;
#954 = DIRECTION ( 'NONE',  ( 1.000000000000000000, 0.000000000000000000, 0.000000000000000000 ) ) ;
#955 = ADVANCED_FACE ( 'NONE', ( #3431 ), #1704, .T. ) ;
#956 = CARTESIAN_POINT ( 'NONE',  ( 4.309523887267000752, -4.950271625087000693, 2.049520199999999903 ) ) ;
#957 = VERTEX_POINT ( 'NONE', #558 ) ;
#958 = ORIENTED_EDGE ( 'NONE', *, *, #2202, .F. ) ;
#959 = DIRECTION ( 'NONE',  ( 0.000000000000000000, 0.000000000000000000, -1.000000000000000000 ) ) ;
#960 = PRODUCT_DEFINITION_FORMATION_WITH_SPECIFIED_SOURCE ( 'ไป', '', #2635, .NOT_KNOWN. ) ;
#961 = DIRECTION ( 'NONE',  ( 0.000000000000000000, 0.000000000000000000, -1.000000000000000000 ) ) ;
#962 = DIRECTION ( 'NONE',  ( 0.000000000000000000, 0.000000000000000000, 1.000000000000000000 ) ) ;
#963 = ORIENTED_EDGE ( 'NONE', *, *, #2543, .F. ) ;
#964 = DIRECTION ( 'NONE',  ( 0.000000000000000000, 0.000000000000000000, 1.000000000000000000 ) ) ;
#965 = DIRECTION ( 'NONE',  ( 0.000000000000000000, 0.000000000000000000, -1.000000000000000000 ) ) ;
#966 = DIRECTION ( 'NONE',  ( 1.000000000000000000, 0.000000000000000000, 0.000000000000000000 ) ) ;
#967 = CARTESIAN_POINT ( 'NONE',  ( 4.850000000000000533, -5.850000000000000533, 10.26999999999999957 ) ) ;
#968 = CYLINDRICAL_SURFACE ( 'NONE', #1855, 0.5000000000000004441 ) ;
#969 = CARTESIAN_POINT ( 'NONE',  ( -5.198128219357999846, 3.240491764373999661, 2.049760299999999980 ) ) ;
#970 = ORIENTED_EDGE ( 'NONE', *, *, #263, .T. ) ;
#971 = ADVANCED_FACE ( 'NONE', ( #194 ), #1347, .T. ) ;
#972 = EDGE_CURVE ( 'NONE', #187, #2148, #1843, .T. ) ;
#973 = ORIENTED_EDGE ( 'NONE', *, *, #1103, .T. ) ;
#974 = VERTEX_POINT ( 'NONE', #796 ) ;
#975 = CARTESIAN_POINT ( 'NONE',  ( 4.950286925933999882, 4.949729665750000507, 1.549520199999999681 ) ) ;
#976 = CARTESIAN_POINT ( 'NONE',  ( -4.975491360460999601, -0.3260661585560999387, 9.549760299999999091 ) ) ;
#977 = EDGE_CURVE ( 'NONE', #525, #1239, #596, .T. ) ;
#978 = VERTEX_POINT ( 'NONE', #322 ) ;
#979 = PLANE ( 'NONE',  #3175 ) ;
#980 = DIRECTION ( 'NONE',  ( 0.000000000000000000, 0.000000000000000000, -1.000000000000000000 ) ) ;
#981 = FACE_OUTER_BOUND ( 'NONE', #3230, .T. ) ;
#982 = ORIENTED_EDGE ( 'NONE', *, *, #161, .F. ) ;
#983 = CARTESIAN_POINT ( 'NONE',  ( -4.950000000000000178, -4.950000000000000178, 0.3999999999999993006 ) ) ;
#984 = AXIS2_PLACEMENT_3D ( 'NONE', #354, #2092, #1518 ) ;
#985 = ORIENTED_EDGE ( 'NONE', *, *, #3627, .F. ) ;
#986 = CARTESIAN_POINT ( 'NONE',  ( -5.346542076181999725, 1.540493364330000059, 1.549520199999999681 ) ) ;
#987 = DIRECTION ( 'NONE',  ( 0.000000000000000000, 0.000000000000000000, 1.000000000000000000 ) ) ;
#988 = AXIS2_PLACEMENT_3D ( 'NONE', #3283, #3617, #1590 ) ;
#989 = ORIENTED_EDGE ( 'NONE', *, *, #3623, .F. ) ;
#990 = VERTEX_POINT ( 'NONE', #2089 ) ;
#991 = AXIS2_PLACEMENT_3D ( 'NONE', #3679, #2544, #1083 ) ;
#992 = DIRECTION ( 'NONE',  ( -1.729449916609999917E-13, 1.000000000000000000, -7.926070084448160018E-25 ) ) ;
#993 = LINE ( 'NONE', #2210, #2386 ) ;
#994 = CARTESIAN_POINT ( 'NONE',  ( -5.323269354592001790, -5.820905368549999181, 10.79919639315699875 ) ) ;
#995 = AXIS2_PLACEMENT_3D ( 'NONE', #520, #1343, #233 ) ;
#996 = ORIENTED_EDGE ( 'NONE', *, *, #1813, .F. ) ;
#997 = DIRECTION ( 'NONE',  ( -0.2696648779639965743, -0.9629542323457863651, 0.000000000000000000 ) ) ;
#998 = AXIS2_PLACEMENT_3D ( 'NONE', #2486, #3057, #3406 ) ;
#999 = EDGE_CURVE ( 'NONE', #2430, #1453, #1790, .T. ) ;
#1000 = EDGE_CURVE ( 'NONE', #2309, #1688, #3600, .T. ) ;
#1001 = DIRECTION ( 'NONE',  ( 0.000000000000000000, 0.000000000000000000, 1.000000000000000000 ) ) ;
#1002 = DIRECTION ( 'NONE',  ( 0.000000000000000000, 0.000000000000000000, -1.000000000000000000 ) ) ;
#1003 = AXIS2_PLACEMENT_3D ( 'NONE', #976, #447, #1833 ) ;
#1004 = AXIS2_PLACEMENT_3D ( 'NONE', #252, #2874, #2519 ) ;
#1005 = CARTESIAN_POINT ( 'NONE',  ( -4.940477403570000092, -4.959508586421000231, 2.049520199999999903 ) ) ;
#1006 = CIRCLE ( 'NONE', #890, 0.6500000000000003553 ) ;
#1007 = VECTOR ( 'NONE', #3233, 1000.000000000000000 ) ;
#1008 = CARTESIAN_POINT ( 'NONE',  ( -4.725491360460000401, -0.3260661585560999387, 9.449760299999999447 ) ) ;
#1009 = CARTESIAN_POINT ( 'NONE',  ( -5.450000000000000178, 5.950000000000000178, 10.40000000000000036 ) ) ;
#1010 = ORIENTED_EDGE ( 'NONE', *, *, #972, .F. ) ;
#1011 = PRESENTATION_LAYER_ASSIGNMENT (  '', '', ( #157 ) ) ;
#1012 = ORIENTED_EDGE ( 'NONE', *, *, #2774, .F. ) ;
#1013 = CARTESIAN_POINT ( 'NONE',  ( -4.540477403570000625, -4.959508586421000231, 10.14976029999999874 ) ) ;
#1014 = CARTESIAN_POINT ( 'NONE',  ( -4.946542076182000258, 1.540493364330000059, 1.549520199999999681 ) ) ;
#1015 = CIRCLE ( 'NONE', #1003, 0.1499999999999999667 ) ;
#1016 = ORIENTED_EDGE ( 'NONE', *, *, #3647, .T. ) ;
#1017 = ORIENTED_EDGE ( 'NONE', *, *, #3280, .F. ) ;
#1018 = DIRECTION ( 'NONE',  ( 0.000000000000000000, 0.000000000000000000, 1.000000000000000000 ) ) ;
#1019 = DIRECTION ( 'NONE',  ( 0.000000000000000000, 0.000000000000000000, 1.000000000000000000 ) ) ;
#1020 = DIRECTION ( 'NONE',  ( 0.000000000000000000, 0.000000000000000000, 1.000000000000000000 ) ) ;
#1021 = VERTEX_POINT ( 'NONE', #2056 ) ;
#1022 = CARTESIAN_POINT ( 'NONE',  ( -4.950000000000000178, 4.950000000000000178, 0.3999999999999993006 ) ) ;
#1023 = CARTESIAN_POINT ( 'NONE',  ( -4.950000000000000178, -4.950000000000000178, 0.4215579590869985571 ) ) ;
#1024 = DIRECTION ( 'NONE',  ( 0.000000000000000000, 0.000000000000000000, -1.000000000000000000 ) ) ;
#1025 = EDGE_CURVE ( 'NONE', #3334, #1453, #1969, .T. ) ;
#1026 = EDGE_CURVE ( 'NONE', #844, #3746, #3181, .T. ) ;
#1027 = FACE_OUTER_BOUND ( 'NONE', #1795, .T. ) ;
#1028 = FACE_OUTER_BOUND ( 'NONE', #3178, .T. ) ;
#1029 = CARTESIAN_POINT ( 'NONE',  ( -4.299714364904000163, 4.940492704416000080, 2.049520199999999903 ) ) ;
#1030 = DIRECTION ( 'NONE',  ( 1.000000000000000000, 0.000000000000000000, 0.000000000000000000 ) ) ;
#1031 = ORIENTED_EDGE ( 'NONE', *, *, #604, .F. ) ;
#1032 = VERTEX_POINT ( 'NONE', #866 ) ;
#1033 = DIRECTION ( 'NONE',  ( 0.000000000000000000, 0.000000000000000000, -1.000000000000000000 ) ) ;
#1034 = DIRECTION ( 'NONE',  ( 0.000000000000000000, 0.000000000000000000, -1.000000000000000000 ) ) ;
#1035 = EDGE_CURVE ( 'NONE', #2288, #3150, #1782, .T. ) ;
#1036 = VERTEX_POINT ( 'NONE', #1495 ) ;
#1037 = ORIENTED_EDGE ( 'NONE', *, *, #1661, .F. ) ;
#1038 = FACE_OUTER_BOUND ( 'NONE', #557, .T. ) ;
#1039 = DIRECTION ( 'NONE',  ( -1.000000000000000000, 4.539996850672292869E-10, 0.000000000000000000 ) ) ;
#1040 = FACE_OUTER_BOUND ( 'NONE', #2305, .T. ) ;
#1041 = VERTEX_POINT ( 'NONE', #1758 ) ;
#1042 = CARTESIAN_POINT ( 'NONE',  ( -4.940477403570000092, -4.959508586421000231, 1.549520199999999681 ) ) ;
#1043 = DIRECTION ( 'NONE',  ( 0.000000000000000000, 0.000000000000000000, -1.000000000000000000 ) ) ;
#1044 = FACE_OUTER_BOUND ( 'NONE', #609, .T. ) ;
#1045 = UNCERTAINTY_MEASURE_WITH_UNIT (LENGTH_MEASURE( 1.000000000000000082E-05 ), #818, 'distance_accuracy_value', 'NONE');
#1046 = DIRECTION ( 'NONE',  ( 0.000000000000000000, 1.000000000000000000, 0.000000000000000000 ) ) ;
#1047 = DIRECTION ( 'NONE',  ( 0.000000000000000000, 2.049642507000000250E-14, 1.000000000000000000 ) ) ;
#1048 = EDGE_LOOP ( 'NONE', ( #3146, #3302, #2593, #427 ) ) ;
#1049 = EDGE_LOOP ( 'NONE', ( #1722, #2304, #2225, #42 ) ) ;
#1050 =( LENGTH_UNIT ( ) NAMED_UNIT ( * ) SI_UNIT ( .MILLI., .METRE. ) );
#1051 = CARTESIAN_POINT ( 'NONE',  ( 4.950000000000000178, -4.950000000000000178, 0.3999999999999993006 ) ) ;
#1052 = EDGE_CURVE ( 'NONE', #1041, #3746, #2270, .T. ) ;
#1053 = EDGE_CURVE ( 'NONE', #2254, #537, #2038, .T. ) ;
#1054 = VECTOR ( 'NONE', #3151, 1000.000000000000000 ) ;
#1055 = ORIENTED_EDGE ( 'NONE', *, *, #698, .T. ) ;
#1056 = VERTEX_POINT ( 'NONE', #272 ) ;
#1057 = DIRECTION ( 'NONE',  ( 0.000000000000000000, 0.000000000000000000, 1.000000000000000000 ) ) ;
#1058 = CARTESIAN_POINT ( 'NONE',  ( -4.850000000000000533, -5.850000000000000533, 10.26999999999999957 ) ) ;
#1059 = AXIS2_PLACEMENT_3D ( 'NONE', #1849, #674, #111 ) ;
#1060 = EDGE_CURVE ( 'NONE', #1073, #6, #307, .T. ) ;
#1061 = DIRECTION ( 'NONE',  ( 5.329070518201000043E-14, 1.000000000000000000, 0.000000000000000000 ) ) ;
#1062 = AXIS2_PLACEMENT_3D ( 'NONE', #2952, #2646, #1221 ) ;
#1063 = ORIENTED_EDGE ( 'NONE', *, *, #2303, .F. ) ;
#1064 = CIRCLE ( 'NONE', #823, 0.4999999999999995559 ) ;
#1065 = CARTESIAN_POINT ( 'NONE',  ( -4.940477403570000092, -4.959508586421000231, -4.550239699999999665 ) ) ;
#1066 = DIRECTION ( 'NONE',  ( 0.000000000000000000, 0.000000000000000000, 1.000000000000000000 ) ) ;
#1067 = AXIS2_PLACEMENT_3D ( 'NONE', #3556, #1536, #909 ) ;
#1068 = DIRECTION ( 'NONE',  ( 0.000000000000000000, 0.000000000000000000, 1.000000000000000000 ) ) ;
#1069 = DIRECTION ( 'NONE',  ( -5.401966684110999970E-10, 0.000000000000000000, 1.000000000000000000 ) ) ;
#1070 = AXIS2_PLACEMENT_3D ( 'NONE', #409, #2724, #2545 ) ;
#1071 = CARTESIAN_POINT ( 'NONE',  ( -5.450000000000000178, -5.950000000000000178, 10.40000000000000036 ) ) ;
#1072 = CARTESIAN_POINT ( 'NONE',  ( -4.973541558323000267, -2.415827388947999754, 2.049760299999999980 ) ) ;
#1073 = VERTEX_POINT ( 'NONE', #2873 ) ;
#1074 = ORIENTED_EDGE ( 'NONE', *, *, #351, .T. ) ;
#1075 = CIRCLE ( 'NONE', #2395, 0.3999999999993999467 ) ;
#1076 = CIRCLE ( 'NONE', #3195, 0.4000000000000001887 ) ;
#1077 = DIRECTION ( 'NONE',  ( 0.000000000000000000, 0.000000000000000000, 1.000000000000000000 ) ) ;
#1078 = DIRECTION ( 'NONE',  ( 1.000000000000000000, 0.000000000000000000, 0.000000000000000000 ) ) ;
#1079 = AXIS2_PLACEMENT_3D ( 'NONE', #3249, #647, #1805 ) ;
#1080 = ORIENTED_EDGE ( 'NONE', *, *, #2002, .T. ) ;
#1081 = ORIENTED_EDGE ( 'NONE', *, *, #2237, .F. ) ;
#1082 = EDGE_CURVE ( 'NONE', #3126, #2753, #1064, .T. ) ;
#1083 = DIRECTION ( 'NONE',  ( -1.000000000000000000, 0.000000000000000000, 0.000000000000000000 ) ) ;
#1084 = DIRECTION ( 'NONE',  ( -1.000000000000000000, 0.000000000000000000, 0.000000000000000000 ) ) ;
#1085 = AXIS2_PLACEMENT_3D ( 'NONE', #3072, #734, #1349 ) ;
#1086 = CARTESIAN_POINT ( 'NONE',  ( 4.659523887267998710, -4.950271625087000693, 10.14976029999999874 ) ) ;
#1087 = ORIENTED_EDGE ( 'NONE', *, *, #2329, .F. ) ;
#1088 = CARTESIAN_POINT ( 'NONE',  ( -4.723541558323000267, -2.415827388947999754, 9.449760299999999447 ) ) ;
#1089 = CARTESIAN_POINT ( 'NONE',  ( -4.946542076182000258, 1.540493364330000059, -4.550239699999999665 ) ) ;
#1090 = PRESENTATION_STYLE_ASSIGNMENT (( #2009 ) ) ;
#1091 = CYLINDRICAL_SURFACE ( 'NONE', #3251, 1.000000000000000000 ) ;
#1092 = CARTESIAN_POINT ( 'NONE',  ( -4.546542076182000791, 1.540493364330000059, 2.049520199999999903 ) ) ;
#1093 = CARTESIAN_POINT ( 'NONE',  ( -4.825491360461000134, -0.3260661585560999387, 9.549760299999999091 ) ) ;
#1094 = VERTEX_POINT ( 'NONE', #905 ) ;
#1095 = EDGE_LOOP ( 'NONE', ( #3216, #1550 ) ) ;
#1096 = FILL_AREA_STYLE ('',( #1113 ) ) ;
#1097 = CARTESIAN_POINT ( 'NONE',  ( -4.500002799999999858, 1.550004779999999860, 0.3999999999999993006 ) ) ;
#1098 = VERTEX_POINT ( 'NONE', #1515 ) ;
#1099 = ORIENTED_EDGE ( 'NONE', *, *, #579, .F. ) ;
#1100 = DIRECTION ( 'NONE',  ( -1.000000000000000000, 7.700003828984351439E-10, 0.000000000000000000 ) ) ;
#1101 = PLANE ( 'NONE',  #1312 ) ;
#1102 = ADVANCED_FACE ( 'NONE', ( #1772, #917 ), #2359, .T. ) ;
#1103 = EDGE_CURVE ( 'NONE', #3088, #172, #2448, .T. ) ;
#1104 = CYLINDRICAL_SURFACE ( 'NONE', #1863, 0.4000000000000001887 ) ;
#1105 = ORIENTED_EDGE ( 'NONE', *, *, #469, .T. ) ;
#1106 = CARTESIAN_POINT ( 'NONE',  ( 5.950000000000000178, -5.450000000000000178, 0.3999999999999993006 ) ) ;
#1107 = EDGE_CURVE ( 'NONE', #123, #2547, #1206, .T. ) ;
#1108 = SURFACE_STYLE_USAGE ( .BOTH. , #3135 ) ;
#1109 = CARTESIAN_POINT ( 'NONE',  ( -4.723541558323000267, -2.415827388947999754, 2.049760299999999980 ) ) ;
#1110 = CLOSED_SHELL ( 'NONE', ( #2236, #1143, #2083, #2563, #108, #627, #2368, #1841, #414, #3507, #1341, #2610 ) ) ;
#1111 = ORIENTED_EDGE ( 'NONE', *, *, #2180, .T. ) ;
#1112 = ORIENTED_EDGE ( 'NONE', *, *, #848, .F. ) ;
#1113 = FILL_AREA_STYLE_COLOUR ( '', #881 ) ;
#1114 = AXIS2_PLACEMENT_3D ( 'NONE', #449, #2787, #697 ) ;
#1115 = ORIENTED_EDGE ( 'NONE', *, *, #236, .T. ) ;
#1116 = EDGE_LOOP ( 'NONE', ( #837, #985, #270, #3572 ) ) ;
#1117 = DIRECTION ( 'NONE',  ( 1.000000000000000000, -6.052450207683085122E-11, 0.000000000000000000 ) ) ;
#1118 = DIRECTION ( 'NONE',  ( -1.000000000000000000, 0.000000000000000000, 0.000000000000000000 ) ) ;
#1119 = VECTOR ( 'NONE', #160, 1000.000000000000000 ) ;
#1120 = CARTESIAN_POINT ( 'NONE',  ( 4.950286925933999882, 4.949729665750000507, -4.844239700000001037 ) ) ;
#1121 = ORIENTED_EDGE ( 'NONE', *, *, #1282, .F. ) ;
#1122 = TOROIDAL_SURFACE ( 'NONE', #3117, 0.1500000000005999867, 0.09999999999998999967 ) ;
#1123 = DIRECTION ( 'NONE',  ( 0.000000000000000000, 0.000000000000000000, -1.000000000000000000 ) ) ;
#1124 = EDGE_CURVE ( 'NONE', #649, #1098, #3518, .T. ) ;
#1125 = DIRECTION ( 'NONE',  ( 0.000000000000000000, -1.000000000000000000, -0.000000000000000000 ) ) ;
#1126 = AXIS2_PLACEMENT_3D ( 'NONE', #403, #1883, #2734 ) ;
#1127 = ORIENTED_EDGE ( 'NONE', *, *, #1144, .F. ) ;
#1128 = ORIENTED_EDGE ( 'NONE', *, *, #2951, .F. ) ;
#1129 = LINE ( 'NONE', #500, #10 ) ;
#1130 = AXIS2_PLACEMENT_3D ( 'NONE', #296, #356, #2363 ) ;
#1131 = TOROIDAL_SURFACE ( 'NONE', #3613, 0.3000000000004999778, 0.09999999999998999967 ) ;
#1132 = AXIS2_PLACEMENT_3D ( 'NONE', #3213, #1177, #900 ) ;
#1133 = ORIENTED_EDGE ( 'NONE', *, *, #1399, .F. ) ;
#1134 = VERTEX_POINT ( 'NONE', #3238 ) ;
#1135 = CYLINDRICAL_SURFACE ( 'NONE', #1371, 0.4499999999999999001 ) ;
#1136 = DIRECTION ( 'NONE',  ( 0.000000000000000000, 0.000000000000000000, 1.000000000000000000 ) ) ;
#1137 = VECTOR ( 'NONE', #2789, 1000.000000000000000 ) ;
#1138 = LINE ( 'NONE', #3527, #227 ) ;
#1139 = ORIENTED_EDGE ( 'NONE', *, *, #3160, .T. ) ;
#1140 = CIRCLE ( 'NONE', #586, 0.4000000000000001887 ) ;
#1141 = CARTESIAN_POINT ( 'NONE',  ( 4.300286925934000415, 4.949729665750000507, 1.549520199999999681 ) ) ;
#1142 = DIRECTION ( 'NONE',  ( 0.000000000000000000, 1.000000000000000000, 0.000000000000000000 ) ) ;
#1143 = ADVANCED_FACE ( 'NONE', ( #2664 ), #2331, .T. ) ;
#1144 = EDGE_CURVE ( 'NONE', #2908, #1970, #3535, .T. ) ;
#1145 = DIRECTION ( 'NONE',  ( 1.112800043085004894E-08, 1.000000000000000000, 0.000000000000000000 ) ) ;
#1146 = ADVANCED_FACE ( 'NONE', ( #1811 ), #437, .T. ) ;
#1147 = ORIENTED_EDGE ( 'NONE', *, *, #2367, .F. ) ;
#1148 = EDGE_LOOP ( 'NONE', ( #497, #216, #3671, #1934 ) ) ;
#1149 = ADVANCED_FACE ( 'NONE', ( #1529 ), #2755, .T. ) ;
#1150 = ORIENTED_EDGE ( 'NONE', *, *, #3745, .T. ) ;
#1151 = ORIENTED_EDGE ( 'NONE', *, *, #1124, .T. ) ;
#1152 = DIRECTION ( 'NONE',  ( -0.9978655496215643739, 0.06530195156695831060, 0.000000000000000000 ) ) ;
#1153 = CYLINDRICAL_SURFACE ( 'NONE', #1917, 0.6500000000000003553 ) ;
#1154 = EDGE_CURVE ( 'NONE', #649, #2212, #2939, .T. ) ;
#1155 = CARTESIAN_POINT ( 'NONE',  ( -4.500002799999999858, 1.550004779999999860, 0.000000000000000000 ) ) ;
#1156 = ORIENTED_EDGE ( 'NONE', *, *, #1188, .F. ) ;
#1157 = DIRECTION ( 'NONE',  ( 0.000000000000000000, 0.000000000000000000, -1.000000000000000000 ) ) ;
#1158 = DIRECTION ( 'NONE',  ( -1.000000000000000000, 0.000000000000000000, 0.000000000000000000 ) ) ;
#1159 = CARTESIAN_POINT ( 'NONE',  ( 5.450000000000000178, 5.450000000000000178, 0.1999999999999987899 ) ) ;
#1160 = DIRECTION ( 'NONE',  ( 1.000000000000000000, 0.000000000000000000, 0.000000000000000000 ) ) ;
#1161 = ORIENTED_EDGE ( 'NONE', *, *, #3377, .T. ) ;
#1162 = FACE_OUTER_BOUND ( 'NONE', #3447, .T. ) ;
#1163 = ORIENTED_EDGE ( 'NONE', *, *, #3234, .T. ) ;
#1164 = ORIENTED_EDGE ( 'NONE', *, *, #1000, .F. ) ;
#1165 = CARTESIAN_POINT ( 'NONE',  ( -4.940477403570000092, -4.959508586421000231, -4.550239699999999665 ) ) ;
#1166 = EDGE_CURVE ( 'NONE', #712, #3266, #2517, .T. ) ;
#1167 = ADVANCED_FACE ( 'NONE', ( #89, #2392, #2679, #2701, #2121, #2984 ), #66, .F. ) ;
#1168 = DIRECTION ( 'NONE',  ( 1.000000000000000000, 0.000000000000000000, 0.000000000000000000 ) ) ;
#1169 = ORIENTED_EDGE ( 'NONE', *, *, #2925, .F. ) ;
#1170 = DIRECTION ( 'NONE',  ( 0.000000000000000000, 0.000000000000000000, 1.000000000000000000 ) ) ;
#1171 = EDGE_CURVE ( 'NONE', #2446, #2415, #3586, .T. ) ;
#1172 = DIRECTION ( 'NONE',  ( 1.000000000000000000, 0.000000000000000000, 0.000000000000000000 ) ) ;
#1173 = PRESENTATION_LAYER_ASSIGNMENT (  '', '', ( #2986 ) ) ;
#1174 = LINE ( 'NONE', #3050, #2159 ) ;
#1175 = CIRCLE ( 'NONE', #199, 0.4499999999999999001 ) ;
#1176 = DIRECTION ( 'NONE',  ( 0.000000000000000000, 0.000000000000000000, 1.000000000000000000 ) ) ;
#1177 = DIRECTION ( 'NONE',  ( 0.000000000000000000, 0.000000000000000000, 1.000000000000000000 ) ) ;
#1178 = CARTESIAN_POINT ( 'NONE',  ( -5.400000000000000355, -4.950000000000000178, 0.3999999999999993006 ) ) ;
#1179 = VECTOR ( 'NONE', #885, 1000.000000000000000 ) ;
#1180 = ORIENTED_EDGE ( 'NONE', *, *, #1520, .T. ) ;
#1181 = DIRECTION ( 'NONE',  ( 1.000000000000000000, 0.000000000000000000, 0.000000000000000000 ) ) ;
#1182 = AXIS2_PLACEMENT_3D ( 'NONE', #654, #3753, #1152 ) ;
#1183 = EDGE_LOOP ( 'NONE', ( #1327, #2970 ) ) ;
#1184 = VERTEX_POINT ( 'NONE', #3551 ) ;
#1185 = CIRCLE ( 'NONE', #15, 0.4000000000000001887 ) ;
#1186 = CARTESIAN_POINT ( 'NONE',  ( 5.259523887266000841, -4.950271625087000693, 10.14976029999999874 ) ) ;
#1187 = CIRCLE ( 'NONE', #1677, 0.6499999999999995781 ) ;
#1188 = EDGE_CURVE ( 'NONE', #3166, #1227, #1907, .T. ) ;
#1189 = EDGE_CURVE ( 'NONE', #2320, #3023, #2106, .T. ) ;
#1190 = EDGE_LOOP ( 'NONE', ( #2365, #74 ) ) ;
#1191 = CARTESIAN_POINT ( 'NONE',  ( -5.340477403570000448, -4.959508586266999863, 10.14976029999999874 ) ) ;
#1192 = AXIS2_PLACEMENT_3D ( 'NONE', #3196, #1468, #2619 ) ;
#1193 = LINE ( 'NONE', #72, #699 ) ;
#1194 = TOROIDAL_SURFACE ( 'NONE', #3315, 0.3000000000004999778, 0.09999999999998999967 ) ;
#1195 =( NAMED_UNIT ( * ) SI_UNIT ( $, .STERADIAN. ) SOLID_ANGLE_UNIT ( ) );
#1196 = AXIS2_PLACEMENT_3D ( 'NONE', #1051, #3044, #2473 ) ;
#1197 = STYLED_ITEM ( 'NONE', ( #3534 ), #2576 ) ;
#1198 = DIRECTION ( 'NONE',  ( 0.000000000000000000, 0.000000000000000000, 1.000000000000000000 ) ) ;
#1199 = AXIS2_PLACEMENT_3D ( 'NONE', #2146, #3322, #719 ) ;
#1200 = CYLINDRICAL_SURFACE ( 'NONE', #1437, 0.5000000000000004441 ) ;
#1201 = ORIENTED_EDGE ( 'NONE', *, *, #39, .T. ) ;
#1202 = CARTESIAN_POINT ( 'NONE',  ( -4.946542076182000258, 1.540493364330000059, 2.069920095917998637 ) ) ;
#1203 = VECTOR ( 'NONE', #267, 1000.000000000000000 ) ;
#1204 = EDGE_LOOP ( 'NONE', ( #730, #3085, #3700, #610 ) ) ;
#1205 = ORIENTED_EDGE ( 'NONE', *, *, #2668, .T. ) ;
#1206 = LINE ( 'NONE', #3530, #207 ) ;
#1207 = EDGE_LOOP ( 'NONE', ( #2608, #1266 ) ) ;
#1208 = LINE ( 'NONE', #1191, #2628 ) ;
#1209 = DIRECTION ( 'NONE',  ( 0.000000000000000000, 0.000000000000000000, 1.000000000000000000 ) ) ;
#1210 = ADVANCED_FACE ( 'NONE', ( #687 ), #3062, .T. ) ;
#1211 = CARTESIAN_POINT ( 'NONE',  ( -4.500000000000000000, 4.950000000000000178, 0.000000000000000000 ) ) ;
#1212 = ORIENTED_EDGE ( 'NONE', *, *, #1154, .T. ) ;
#1213 = CARTESIAN_POINT ( 'NONE',  ( 5.350000022352999096, -6.349999999999999645, 10.30000000000000071 ) ) ;
#1214 = EDGE_CURVE ( 'NONE', #1667, #3351, #2876, .T. ) ;
#1215 = FACE_OUTER_BOUND ( 'NONE', #2294, .T. ) ;
#1216 = DIRECTION ( 'NONE',  ( -4.884981308350999905E-14, -1.000000000000000000, 0.000000000000000000 ) ) ;
#1217 = ORIENTED_EDGE ( 'NONE', *, *, #3158, .F. ) ;
#1218 = CARTESIAN_POINT ( 'NONE',  ( 0.000000000000000000, 5.950000000000000178, 5.399999999999999467 ) ) ;
#1219 = ADVANCED_FACE ( 'NONE', ( #1569, #3025 ), #124, .F. ) ;
#1220 = ORIENTED_EDGE ( 'NONE', *, *, #3304, .F. ) ;
#1221 = DIRECTION ( 'NONE',  ( -1.000000000000000000, 6.071532165919440773E-14, 0.000000000000000000 ) ) ;
#1222 = ORIENTED_EDGE ( 'NONE', *, *, #801, .T. ) ;
#1223 = FACE_OUTER_BOUND ( 'NONE', #482, .T. ) ;
#1224 = DIRECTION ( 'NONE',  ( 0.000000000000000000, 0.000000000000000000, 1.000000000000000000 ) ) ;
#1225 = AXIS2_PLACEMENT_3D ( 'NONE', #1619, #2504, #2485 ) ;
#1226 = DIRECTION ( 'NONE',  ( 0.000000000000000000, 0.000000000000000000, 1.000000000000000000 ) ) ;
#1227 = VERTEX_POINT ( 'NONE', #1013 ) ;
#1228 = VECTOR ( 'NONE', #1856, 1000.000000000000000 ) ;
#1229 = CARTESIAN_POINT ( 'NONE',  ( 4.950286925933999882, 4.949729665750000507, 2.049520199999999903 ) ) ;
#1230 = VECTOR ( 'NONE', #3053, 1000.000000000000000 ) ;
#1231 = DIRECTION ( 'NONE',  ( 0.000000000000000000, 0.000000000000000000, -1.000000000000000000 ) ) ;
#1232 = EDGE_CURVE ( 'NONE', #192, #1487, #390, .T. ) ;
#1233 = CARTESIAN_POINT ( 'NONE',  ( -5.198128219357999846, 3.240491764449999756, 2.049760299999999980 ) ) ;
#1234 = VERTEX_POINT ( 'NONE', #2228 ) ;
#1235 = CARTESIAN_POINT ( 'NONE',  ( 0.000000000000000000, 0.000000000000000000, 0.3999999999999993006 ) ) ;
#1236 = AXIS2_PLACEMENT_3D ( 'NONE', #3611, #2164, #1664 ) ;
#1237 = TOROIDAL_SURFACE ( 'NONE', #1846, 0.2999999999995000000, 0.09999999999998999967 ) ;
#1238 = ORIENTED_EDGE ( 'NONE', *, *, #2766, .T. ) ;
#1239 = VERTEX_POINT ( 'NONE', #770 ) ;
#1240 = FACE_OUTER_BOUND ( 'NONE', #1392, .T. ) ;
#1241 = CARTESIAN_POINT ( 'NONE',  ( -4.290477403570000625, -4.959508586421000231, 2.049520199999999903 ) ) ;
#1242 = CIRCLE ( 'NONE', #3373, 0.4999999999999995559 ) ;
#1243 = CARTESIAN_POINT ( 'NONE',  ( -4.850000000000000533, 5.850000000000000533, 10.40000000000000036 ) ) ;
#1244 = ORIENTED_EDGE ( 'NONE', *, *, #802, .T. ) ;
#1245 = AXIS2_PLACEMENT_3D ( 'NONE', #3038, #434, #1290 ) ;
#1246 = CIRCLE ( 'NONE', #3740, 0.5000000000000004441 ) ;
#1247 = CARTESIAN_POINT ( 'NONE',  ( -4.940477403570000092, -4.959508586421000231, 10.14976029999999874 ) ) ;
#1248 = CARTESIAN_POINT ( 'NONE',  ( -4.549714364904000163, 4.940492704416000080, 10.14976029999999874 ) ) ;
#1249 = AXIS2_PLACEMENT_3D ( 'NONE', #2057, #2539, #2512 ) ;
#1250 = CIRCLE ( 'NONE', #1322, 1.000000000000000000 ) ;
#1251 = CARTESIAN_POINT ( 'NONE',  ( -6.349999999999999645, -5.349999974384999746, 10.30000000000000071 ) ) ;
#1252 = CARTESIAN_POINT ( 'NONE',  ( -4.798128219357999491, 3.240491764373999661, 9.549760299999999091 ) ) ;
#1253 = AXIS2_PLACEMENT_3D ( 'NONE', #2464, #3624, #2174 ) ;
#1254 = ADVANCED_FACE ( 'NONE', ( #1683 ), #3430, .T. ) ;
#1255 = EDGE_CURVE ( 'NONE', #192, #3709, #1129, .T. ) ;
#1256 = DIRECTION ( 'NONE',  ( 0.000000000000000000, 0.000000000000000000, 1.000000000000000000 ) ) ;
#1257 = ORIENTED_EDGE ( 'NONE', *, *, #52, .F. ) ;
#1258 = DIRECTION ( 'NONE',  ( 0.000000000000000000, 0.000000000000000000, -1.000000000000000000 ) ) ;
#1259 = DIRECTION ( 'NONE',  ( 0.000000000000000000, 0.000000000000000000, 1.000000000000000000 ) ) ;
#1260 = ORIENTED_EDGE ( 'NONE', *, *, #2520, .F. ) ;
#1261 = EDGE_LOOP ( 'NONE', ( #3324, #1605 ) ) ;
#1262 = CARTESIAN_POINT ( 'NONE',  ( -5.950000000000000178, -5.450000000000000178, 0.3999999999999993006 ) ) ;
#1263 = DIRECTION ( 'NONE',  ( 0.000000000000000000, -1.000000000000000000, 0.000000000000000000 ) ) ;
#1264 = EDGE_CURVE ( 'NONE', #974, #2373, #2138, .T. ) ;
#1265 = CARTESIAN_POINT ( 'NONE',  ( -5.820905368549999181, -5.323269354592001790, 10.79919639315699875 ) ) ;
#1266 = ORIENTED_EDGE ( 'NONE', *, *, #1836, .T. ) ;
#1267 = FACE_OUTER_BOUND ( 'NONE', #122, .T. ) ;
#1268 = MANIFOLD_SOLID_BREP ( '0-------6W_ASM[1]', #379 ) ;
#1269 = CARTESIAN_POINT ( 'NONE',  ( -4.975491360460999601, -0.3260661585560999387, 2.059863843933000371 ) ) ;
#1270 = DIRECTION ( 'NONE',  ( 1.000000000000000000, 0.000000000000000000, 0.000000000000000000 ) ) ;
#1271 = LINE ( 'NONE', #2662, #1007 ) ;
#1272 = FACE_OUTER_BOUND ( 'NONE', #105, .T. ) ;
#1273 = EDGE_LOOP ( 'NONE', ( #3310, #3051 ) ) ;
#1274 = DIRECTION ( 'NONE',  ( 0.000000000000000000, 0.000000000000000000, 1.000000000000000000 ) ) ;
#1275 = DIRECTION ( 'NONE',  ( 1.000000000000000000, 0.000000000000000000, 0.000000000000000000 ) ) ;
#1276 = ORIENTED_EDGE ( 'NONE', *, *, #3079, .T. ) ;
#1277 = EDGE_CURVE ( 'NONE', #2915, #1564, #2273, .T. ) ;
#1278 = EDGE_CURVE ( 'NONE', #790, #1783, #2756, .T. ) ;
#1279 = FACE_OUTER_BOUND ( 'NONE', #1406, .T. ) ;
#1280 = LINE ( 'NONE', #718, #2942 ) ;
#1281 = CARTESIAN_POINT ( 'NONE',  ( -6.383825845177003799, -5.931719591512003120, 10.27166343247400171 ) ) ;
#1282 = EDGE_CURVE ( 'NONE', #932, #1384, #451, .T. ) ;
#1283 = ORIENTED_EDGE ( 'NONE', *, *, #350, .T. ) ;
#1284 = DIRECTION ( 'NONE',  ( 0.000000000000000000, 0.000000000000000000, -1.000000000000000000 ) ) ;
#1285 = CIRCLE ( 'NONE', #1771, 0.2999999999999999334 ) ;
#1286 = CARTESIAN_POINT ( 'NONE',  ( -5.346542076181999725, 1.540493364330000059, -4.550239699999999665 ) ) ;
#1287 = CARTESIAN_POINT ( 'NONE',  ( 5.350286925933999349, 4.949729665750000507, 10.14976029999999874 ) ) ;
#1288 = AXIS2_PLACEMENT_3D ( 'NONE', #3742, #512, #1400 ) ;
#1289 = CARTESIAN_POINT ( 'NONE',  ( -4.975491360460999601, -0.3260661585560999387, 1.901760299999999404 ) ) ;
#1290 = DIRECTION ( 'NONE',  ( 0.000000000000000000, 0.000000000000000000, -1.000000000000000000 ) ) ;
#1291 = AXIS2_PLACEMENT_3D ( 'NONE', #472, #178, #997 ) ;
#1292 = ORIENTED_EDGE ( 'NONE', *, *, #1954, .T. ) ;
#1293 = DIRECTION ( 'NONE',  ( 0.000000000000000000, 0.000000000000000000, -1.000000000000000000 ) ) ;
#1294 = DIRECTION ( 'NONE',  ( 0.000000000000000000, 0.000000000000000000, -1.000000000000000000 ) ) ;
#1295 = CIRCLE ( 'NONE', #1723, 0.3999999999994997002 ) ;
#1296 = MANIFOLD_SOLID_BREP ( '0-------6W_ASM[4]', #2681 ) ;
#1297 = ORIENTED_EDGE ( 'NONE', *, *, #1931, .F. ) ;
#1298 = ORIENTED_EDGE ( 'NONE', *, *, #2237, .T. ) ;
#1299 = AXIS2_PLACEMENT_3D ( 'NONE', #1186, #2322, #3768 ) ;
#1300 = DIRECTION ( 'NONE',  ( 0.000000000000000000, 0.000000000000000000, -1.000000000000000000 ) ) ;
#1301 = DIRECTION ( 'NONE',  ( 0.000000000000000000, 0.000000000000000000, 1.000000000000000000 ) ) ;
#1302 = ADVANCED_FACE ( 'NONE', ( #188 ), #2085, .T. ) ;
#1303 = ADVANCED_FACE ( 'NONE', ( #2511 ), #3157, .T. ) ;
#1304 = CARTESIAN_POINT ( 'NONE',  ( -6.349999999999999645, 2.556749878480000047E-08, 5.349999999999999645 ) ) ;
#1305 = AXIS2_PLACEMENT_3D ( 'NONE', #419, #1293, #2447 ) ;
#1306 = ORIENTED_EDGE ( 'NONE', *, *, #820, .T. ) ;
#1307 = DIRECTION ( 'NONE',  ( 0.000000000000000000, 0.000000000000000000, -1.000000000000000000 ) ) ;
#1308 = VECTOR ( 'NONE', #2400, 1000.000000000000000 ) ;
#1309 = DIRECTION ( 'NONE',  ( 0.000000000000000000, 0.000000000000000000, -1.000000000000000000 ) ) ;
#1310 = CARTESIAN_POINT ( 'NONE',  ( -5.850000000000000533, 5.564000000789000033, 10.30000000000000071 ) ) ;
#1311 = VECTOR ( 'NONE', #1933, 1000.000000000000000 ) ;
#1312 = AXIS2_PLACEMENT_3D ( 'NONE', #2003, #3107, #3754 ) ;
#1313 = DIRECTION ( 'NONE',  ( 0.000000000000000000, -1.000000000000000000, 0.000000000000000000 ) ) ;
#1314 = PLANE ( 'NONE',  #1973 ) ;
#1315 = CIRCLE ( 'NONE', #2764, 0.6500000000000003553 ) ;
#1316 = UNCERTAINTY_MEASURE_WITH_UNIT (LENGTH_MEASURE( 1.000000000000000082E-05 ), #1050, 'distance_accuracy_value', 'NONE');
#1317 = AXIS2_PLACEMENT_3D ( 'NONE', #2101, #2115, #2921 ) ;
#1318 = CARTESIAN_POINT ( 'NONE',  ( 4.300286925934000415, 4.949729665750000507, 1.549520199999999681 ) ) ;
#1319 = CARTESIAN_POINT ( 'NONE',  ( -5.850000000000000533, -4.850000000000000533, 10.26999999999999957 ) ) ;
#1320 = AXIS2_PLACEMENT_3D ( 'NONE', #1089, #1002, #2241 ) ;
#1321 = VERTEX_POINT ( 'NONE', #47 ) ;
#1322 = AXIS2_PLACEMENT_3D ( 'NONE', #1727, #2882, #2598 ) ;
#1323 = ORIENTED_EDGE ( 'NONE', *, *, #12, .T. ) ;
#1324 = CARTESIAN_POINT ( 'NONE',  ( 4.850000000000000533, -4.850000000000000533, 10.40000000000000036 ) ) ;
#1325 = DIRECTION ( 'NONE',  ( 1.000000000000000000, 0.000000000000000000, 0.000000000000000000 ) ) ;
#1326 = VERTEX_POINT ( 'NONE', #860 ) ;
#1327 = ORIENTED_EDGE ( 'NONE', *, *, #2350, .T. ) ;
#1328 = CARTESIAN_POINT ( 'NONE',  ( -4.973541558323000267, -2.415827388947999754, 2.049760299999999980 ) ) ;
#1329 = DIRECTION ( 'NONE',  ( 0.000000000000000000, 0.000000000000000000, 1.000000000000000000 ) ) ;
#1330 = CARTESIAN_POINT ( 'NONE',  ( 4.959523887267001108, -4.950271625087000693, 2.049520199999999903 ) ) ;
#1331 = EDGE_LOOP ( 'NONE', ( #2005, #1439 ) ) ;
#1332 = DIRECTION ( 'NONE',  ( 0.000000000000000000, 0.000000000000000000, -1.000000000000000000 ) ) ;
#1333 = ADVANCED_FACE ( 'NONE', ( #1470 ), #2621, .F. ) ;
#1334 = LINE ( 'NONE', #2437, #2708 ) ;
#1335 = DIRECTION ( 'NONE',  ( -0.9986594744492255371, 0.05176151169350081543, 0.000000000000000000 ) ) ;
#1336 = ADVANCED_FACE ( 'NONE', ( #569 ), #1735, .T. ) ;
#1337 = ADVANCED_FACE ( 'NONE', ( #1162 ), #1513, .T. ) ;
#1338 = CARTESIAN_POINT ( 'NONE',  ( -4.946542076182000258, 1.540493364330000059, 10.14976029999999874 ) ) ;
#1339 = CARTESIAN_POINT ( 'NONE',  ( -4.290477403570000625, -4.959508586421000231, 1.549520199999999681 ) ) ;
#1340 = CARTESIAN_POINT ( 'NONE',  ( 6.139822264006996377, 5.305166238729998263, 10.81732865143269962 ) ) ;
#1341 = ADVANCED_FACE ( 'NONE', ( #2605 ), #879, .T. ) ;
#1342 = EDGE_LOOP ( 'NONE', ( #1886, #2620, #289, #3311 ) ) ;
#1343 = DIRECTION ( 'NONE',  ( 0.000000000000000000, 0.000000000000000000, -1.000000000000000000 ) ) ;
#1344 = LINE ( 'NONE', #190, #1452 ) ;
#1345 = ORIENTED_EDGE ( 'NONE', *, *, #3706, .T. ) ;
#1346 = ORIENTED_EDGE ( 'NONE', *, *, #2513, .F. ) ;
#1347 = CYLINDRICAL_SURFACE ( 'NONE', #567, 1.000000000000000000 ) ;
#1348 = CARTESIAN_POINT ( 'NONE',  ( -4.948128219357998958, 3.240491764373999661, 9.449760299999999447 ) ) ;
#1349 = DIRECTION ( 'NONE',  ( 9.072256834663513497E-11, 1.000000000000000000, 0.000000000000000000 ) ) ;
#1350 = VERTEX_POINT ( 'NONE', #1997 ) ;
#1351 = FACE_BOUND ( 'NONE', #1397, .T. ) ;
#1352 = DIRECTION ( 'NONE',  ( 0.9978655496214006160, -0.06530195156946057289, 0.000000000000000000 ) ) ;
#1353 = CARTESIAN_POINT ( 'NONE',  ( 4.950286925933999882, 4.949729665750000507, 2.069920095917998637 ) ) ;
#1354 = DIRECTION ( 'NONE',  ( 0.000000000000000000, 0.000000000000000000, 1.000000000000000000 ) ) ;
#1355 = DIRECTION ( 'NONE',  ( 1.000000000000000000, 0.000000000000000000, 0.000000000000000000 ) ) ;
#1356 = DIRECTION ( 'NONE',  ( 0.000000000000000000, 0.000000000000000000, 1.000000000000000000 ) ) ;
#1357 = ADVANCED_FACE ( 'NONE', ( #1754 ), #2923, .T. ) ;
#1358 = DIRECTION ( 'NONE',  ( 0.000000000000000000, 0.000000000000000000, -1.000000000000000000 ) ) ;
#1359 = ADVANCED_FACE ( 'NONE', ( #2640 ), #28, .T. ) ;
#1360 = ORIENTED_EDGE ( 'NONE', *, *, #1878, .T. ) ;
#1361 = EDGE_LOOP ( 'NONE', ( #2817, #2262, #2157, #3092 ) ) ;
#1362 =( NAMED_UNIT ( * ) SI_UNIT ( $, .STERADIAN. ) SOLID_ANGLE_UNIT ( ) );
#1363 = FACE_OUTER_BOUND ( 'NONE', #2123, .T. ) ;
#1364 = CIRCLE ( 'NONE', #1601, 0.09999999999998984701 ) ;
#1365 = ORIENTED_EDGE ( 'NONE', *, *, #2975, .T. ) ;
#1366 = EDGE_LOOP ( 'NONE', ( #3060, #68, #2431, #3521 ) ) ;
#1367 = DIRECTION ( 'NONE',  ( -1.000000000000000000, 4.550001868319949813E-10, 0.000000000000000000 ) ) ;
#1368 = CARTESIAN_POINT ( 'NONE',  ( 4.959523887267001108, -4.950271625087000693, 2.069920095917998637 ) ) ;
#1369 = AXIS2_PLACEMENT_3D ( 'NONE', #2783, #2761, #387 ) ;
#1370 = DIRECTION ( 'NONE',  ( 5.329070518201000043E-14, 1.000000000000000000, 0.000000000000000000 ) ) ;
#1371 = AXIS2_PLACEMENT_3D ( 'NONE', #3128, #3398, #526 ) ;
#1372 = ORIENTED_EDGE ( 'NONE', *, *, #1457, .F. ) ;
#1373 = CARTESIAN_POINT ( 'NONE',  ( 5.850000000000000533, 4.850000000000000533, 10.26999999999999957 ) ) ;
#1374 = COLOUR_RGB ( '',1.000000000000000000, 1.000000000000000000, 1.000000000000000000 ) ;
#1375 = DIRECTION ( 'NONE',  ( 0.000000000000000000, 0.000000000000000000, 1.000000000000000000 ) ) ;
#1376 = CARTESIAN_POINT ( 'NONE',  ( -5.340477403570000448, -4.959508586421000231, 1.549520199999999681 ) ) ;
#1377 = AXIS2_PLACEMENT_3D ( 'NONE', #2614, #3487, #599 ) ;
#1378 = CARTESIAN_POINT ( 'NONE',  ( -5.950000000000000178, 5.450000000000000178, 0.3999999999999993006 ) ) ;
#1379 = CIRCLE ( 'NONE', #1975, 0.4000000000000001887 ) ;
#1380 = DIRECTION ( 'NONE',  ( 0.000000000000000000, 0.000000000000000000, 1.000000000000000000 ) ) ;
#1381 = CARTESIAN_POINT ( 'NONE',  ( 6.383825845177003799, 5.931719591512003120, 10.27166343247400171 ) ) ;
#1382 = ORIENTED_EDGE ( 'NONE', *, *, #550, .F. ) ;
#1383 = EDGE_CURVE ( 'NONE', #49, #790, #343, .T. ) ;
#1384 = VERTEX_POINT ( 'NONE', #3366 ) ;
#1385 = AXIS2_PLACEMENT_3D ( 'NONE', #3021, #1743, #2731 ) ;
#1386 = CIRCLE ( 'NONE', #1682, 0.4499999999999999001 ) ;
#1387 = DIRECTION ( 'NONE',  ( 1.000000000000000000, 0.000000000000000000, 0.000000000000000000 ) ) ;
#1388 = ADVANCED_FACE ( 'NONE', ( #1658 ), #3759, .T. ) ;
#1389 = DIRECTION ( 'NONE',  ( 0.000000000000000000, 0.000000000000000000, 1.000000000000000000 ) ) ;
#1390 = AXIS2_PLACEMENT_3D ( 'NONE', #34, #655, #3005 ) ;
#1391 = MECHANICAL_DESIGN_GEOMETRIC_PRESENTATION_REPRESENTATION (  '', ( #3012 ), #3321 ) ;
#1392 = EDGE_LOOP ( 'NONE', ( #1292, #1644 ) ) ;
#1393 = ORIENTED_EDGE ( 'NONE', *, *, #375, .F. ) ;
#1394 = DIRECTION ( 'NONE',  ( 0.000000000000000000, 0.000000000000000000, -1.000000000000000000 ) ) ;
#1395 = DIRECTION ( 'NONE',  ( 0.000000000000000000, -1.000000000000000000, 0.000000000000000000 ) ) ;
#1396 = FACE_OUTER_BOUND ( 'NONE', #2950, .T. ) ;
#1397 = EDGE_LOOP ( 'NONE', ( #548, #1276 ) ) ;
#1398 = DIRECTION ( 'NONE',  ( 0.000000000000000000, 1.000000000000000000, 0.000000000000000000 ) ) ;
#1399 = EDGE_CURVE ( 'NONE', #1766, #3285, #271, .T. ) ;
#1400 = DIRECTION ( 'NONE',  ( -1.000000000000000000, 0.000000000000000000, 0.000000000000000000 ) ) ;
#1401 = DIRECTION ( 'NONE',  ( 1.000000000000000000, 0.000000000000000000, 0.000000000000000000 ) ) ;
#1402 = VERTEX_POINT ( 'NONE', #3645 ) ;
#1403 = ORIENTED_EDGE ( 'NONE', *, *, #516, .F. ) ;
#1404 = DIRECTION ( 'NONE',  ( 0.000000000000000000, 0.000000000000000000, -1.000000000000000000 ) ) ;
#1405 =( NAMED_UNIT ( * ) SI_UNIT ( $, .STERADIAN. ) SOLID_ANGLE_UNIT ( ) );
#1406 = EDGE_LOOP ( 'NONE', ( #1017, #2797, #1121, #2759 ) ) ;
#1407 = EDGE_LOOP ( 'NONE', ( #3701, #3040, #3156, #2479 ) ) ;
#1408 = DIRECTION ( 'NONE',  ( 0.000000000000000000, 0.000000000000000000, -1.000000000000000000 ) ) ;
#1409 = CARTESIAN_POINT ( 'NONE',  ( 4.950286925933999882, 4.949729665750000507, 10.24976029999999838 ) ) ;
#1410 = DIRECTION ( 'NONE',  ( 0.000000000000000000, 0.000000000000000000, 1.000000000000000000 ) ) ;
#1411 = ADVANCED_FACE ( 'NONE', ( #1641, #787 ), #3098, .T. ) ;
#1412 = ORIENTED_EDGE ( 'NONE', *, *, #425, .F. ) ;
#1413 = DIRECTION ( 'NONE',  ( 1.000000000000000000, 0.000000000000000000, 0.000000000000000000 ) ) ;
#1414 = DIRECTION ( 'NONE',  ( 0.000000000000000000, 0.000000000000000000, -1.000000000000000000 ) ) ;
#1415 = ORIENTED_EDGE ( 'NONE', *, *, #3504, .T. ) ;
#1416 = VERTEX_POINT ( 'NONE', #1378 ) ;
#1417 = VECTOR ( 'NONE', #1176, 1000.000000000000000 ) ;
#1418 = EDGE_LOOP ( 'NONE', ( #3027, #3197 ) ) ;
#1419 = FACE_OUTER_BOUND ( 'NONE', #3462, .T. ) ;
#1420 = CARTESIAN_POINT ( 'NONE',  ( 4.959523887267001108, -4.950271625087000693, 1.549520199999999681 ) ) ;
#1421 = CIRCLE ( 'NONE', #3299, 0.4000000000000001887 ) ;
#1422 = CARTESIAN_POINT ( 'NONE',  ( -4.940477403570000092, -4.959508586421000231, 2.069920095917998637 ) ) ;
#1423 = VERTEX_POINT ( 'NONE', #184 ) ;
#1424 = EDGE_CURVE ( 'NONE', #572, #1416, #2758, .T. ) ;
#1425 = CARTESIAN_POINT ( 'NONE',  ( -4.500000000000000000, -4.950000000000000178, 0.000000000000000000 ) ) ;
#1426 = EDGE_CURVE ( 'NONE', #1134, #49, #2029, .T. ) ;
#1427 = EDGE_CURVE ( 'NONE', #3615, #3397, #475, .T. ) ;
#1428 = CIRCLE ( 'NONE', #513, 0.4999999999999995559 ) ;
#1429 = SURFACE_STYLE_FILL_AREA ( #2025 ) ;
#1430 = AXIS2_PLACEMENT_3D ( 'NONE', #148, #1867, #384 ) ;
#1431 = DIRECTION ( 'NONE',  ( 0.000000000000000000, 0.000000000000000000, -1.000000000000000000 ) ) ;
#1432 = AXIS2_PLACEMENT_3D ( 'NONE', #1872, #733, #2188 ) ;
#1433 = VERTEX_POINT ( 'NONE', #2505 ) ;
#1434 = VERTEX_POINT ( 'NONE', #514 ) ;
#1435 = ADVANCED_FACE ( 'NONE', ( #1044 ), #1091, .T. ) ;
#1436 = VECTOR ( 'NONE', #1069, 1000.000000000000000 ) ;
#1437 = AXIS2_PLACEMENT_3D ( 'NONE', #3541, #648, #2384 ) ;
#1438 = ORIENTED_EDGE ( 'NONE', *, *, #2716, .T. ) ;
#1439 = ORIENTED_EDGE ( 'NONE', *, *, #3511, .F. ) ;
#1440 = DIRECTION ( 'NONE',  ( 0.000000000000000000, 0.000000000000000000, 1.000000000000000000 ) ) ;
#1441 = DIRECTION ( 'NONE',  ( 0.000000000000000000, 0.000000000000000000, -1.000000000000000000 ) ) ;
#1442 = AXIS2_PLACEMENT_3D ( 'NONE', #60, #3276, #2423 ) ;
#1443 = DIRECTION ( 'NONE',  ( 0.000000000000000000, 0.000000000000000000, -1.000000000000000000 ) ) ;
#1444 = ORIENTED_EDGE ( 'NONE', *, *, #1107, .T. ) ;
#1445 = CIRCLE ( 'NONE', #3686, 0.4000000000000001887 ) ;
#1446 = DIRECTION ( 'NONE',  ( -1.000000000000000000, 0.000000000000000000, 0.000000000000000000 ) ) ;
#1447 =( NAMED_UNIT ( * ) SI_UNIT ( $, .STERADIAN. ) SOLID_ANGLE_UNIT ( ) );
#1448 = FACE_OUTER_BOUND ( 'NONE', #696, .T. ) ;
#1449 = PLANE ( 'NONE',  #146 ) ;
#1450 = EDGE_CURVE ( 'NONE', #1478, #1707, #3665, .T. ) ;
#1451 = EDGE_CURVE ( 'NONE', #1434, #1433, #1911, .T. ) ;
#1452 = VECTOR ( 'NONE', #1902, 1000.000000000000000 ) ;
#1453 = VERTEX_POINT ( 'NONE', #453 ) ;
#1454 = DIRECTION ( 'NONE',  ( 1.000000000000000000, 0.000000000000000000, 0.000000000000000000 ) ) ;
#1455 = FACE_OUTER_BOUND ( 'NONE', #2754, .T. ) ;
#1456 = UNCERTAINTY_MEASURE_WITH_UNIT (LENGTH_MEASURE( 1.000000000000000082E-05 ), #861, 'distance_accuracy_value', 'NONE');
#1457 = EDGE_CURVE ( 'NONE', #504, #1021, #3389, .T. ) ;
#1458 = EDGE_LOOP ( 'NONE', ( #2777, #242 ) ) ;
#1459 = ORIENTED_EDGE ( 'NONE', *, *, #253, .T. ) ;
#1460 = DIRECTION ( 'NONE',  ( 1.000000000000000000, 0.000000000000000000, 0.000000000000000000 ) ) ;
#1461 = DIRECTION ( 'NONE',  ( -1.000000000000000000, 0.000000000000000000, 0.000000000000000000 ) ) ;
#1462 = ORIENTED_EDGE ( 'NONE', *, *, #135, .T. ) ;
#1463 = PLANE ( 'NONE',  #984 ) ;
#1464 = CYLINDRICAL_SURFACE ( 'NONE', #1067, 1.000000000000000000 ) ;
#1465 = DIRECTION ( 'NONE',  ( 1.000000000000000000, 0.000000000000000000, 0.000000000000000000 ) ) ;
#1466 = CARTESIAN_POINT ( 'NONE',  ( -4.546542076182000791, 1.540493364330000059, -4.550239699999999665 ) ) ;
#1467 = DIRECTION ( 'NONE',  ( 1.000000000000000000, 0.000000000000000000, 0.000000000000000000 ) ) ;
#1468 = DIRECTION ( 'NONE',  ( 0.000000000000000000, 0.000000000000000000, -1.000000000000000000 ) ) ;
#1469 = VERTEX_POINT ( 'NONE', #1919 ) ;
#1470 = FACE_OUTER_BOUND ( 'NONE', #3101, .T. ) ;
#1471 = PRESENTATION_STYLE_ASSIGNMENT (( #304 ) ) ;
#1472 = ADVANCED_FACE ( 'NONE', ( #1028 ), #1314, .T. ) ;
#1473 = ORIENTED_EDGE ( 'NONE', *, *, #107, .T. ) ;
#1474 = ORIENTED_EDGE ( 'NONE', *, *, #819, .F. ) ;
#1475 = AXIS2_PLACEMENT_3D ( 'NONE', #103, #163, #1313 ) ;
#1476 = CARTESIAN_POINT ( 'NONE',  ( -4.948128219357998958, 3.240491764373999661, 2.049760299999999980 ) ) ;
#1477 = DIRECTION ( 'NONE',  ( 0.000000000000000000, 0.000000000000000000, -1.000000000000000000 ) ) ;
#1478 = VERTEX_POINT ( 'NONE', #3693 ) ;
#1479 = CARTESIAN_POINT ( 'NONE',  ( -4.975491360460999601, -0.3260661585560999387, 9.449760299999999447 ) ) ;
#1480 = FACE_OUTER_BOUND ( 'NONE', #1458, .T. ) ;
#1481 = VECTOR ( 'NONE', #3210, 1000.000000000000000 ) ;
#1482 = AXIS2_PLACEMENT_3D ( 'NONE', #3015, #392, #3622 ) ;
#1483 = CARTESIAN_POINT ( 'NONE',  ( -5.400000000000000355, -4.950000000000000178, 0.000000000000000000 ) ) ;
#1484 = DIRECTION ( 'NONE',  ( 0.000000000000000000, 0.000000000000000000, -1.000000000000000000 ) ) ;
#1485 = DIRECTION ( 'NONE',  ( 0.000000000000000000, 0.000000000000000000, 1.000000000000000000 ) ) ;
#1486 = DIRECTION ( 'NONE',  ( 0.000000000000000000, 0.000000000000000000, -1.000000000000000000 ) ) ;
#1487 = VERTEX_POINT ( 'NONE', #1675 ) ;
#1488 = DIRECTION ( 'NONE',  ( -0.000000000000000000, 1.000000000000000000, 0.000000000000000000 ) ) ;
#1489 = AXIS2_PLACEMENT_3D ( 'NONE', #2929, #632, #575 ) ;
#1490 = EDGE_CURVE ( 'NONE', #1970, #3032, #1614, .T. ) ;
#1491 = EDGE_LOOP ( 'NONE', ( #3104, #3383, #2357, #407 ) ) ;
#1492 = ORIENTED_EDGE ( 'NONE', *, *, #3525, .T. ) ;
#1493 = ADVANCED_FACE ( 'NONE', ( #2311 ), #1237, .T. ) ;
#1494 = AXIS2_PLACEMENT_3D ( 'NONE', #1798, #2327, #1519 ) ;
#1495 = CARTESIAN_POINT ( 'NONE',  ( -5.400002800000000214, 1.550004779999999860, 0.000000000000000000 ) ) ;
#1496 = VECTOR ( 'NONE', #3300, 1000.000000000000000 ) ;
#1497 = CIRCLE ( 'NONE', #333, 0.4000000000000001887 ) ;
#1498 = ORIENTED_EDGE ( 'NONE', *, *, #1052, .T. ) ;
#1499 = EDGE_CURVE ( 'NONE', #767, #1056, #3187, .T. ) ;
#1500 = CARTESIAN_POINT ( 'NONE',  ( -5.349999999999999645, -6.349999999999999645, 0.000000000000000000 ) ) ;
#1501 = CIRCLE ( 'NONE', #1738, 0.5000000000000004441 ) ;
#1502 = DIRECTION ( 'NONE',  ( 1.000000000000000000, 0.000000000000000000, 0.000000000000000000 ) ) ;
#1503 = AXIS2_PLACEMENT_3D ( 'NONE', #766, #2223, #185 ) ;
#1504 = CIRCLE ( 'NONE', #1196, 0.4499999999999999001 ) ;
#1505 = EDGE_CURVE ( 'NONE', #2908, #1679, #164, .T. ) ;
#1506 = ORIENTED_EDGE ( 'NONE', *, *, #899, .T. ) ;
#1507 = DIRECTION ( 'NONE',  ( 0.2696648779639965743, 0.9629542323457863651, 0.000000000000000000 ) ) ;
#1508 = AXIS2_PLACEMENT_3D ( 'NONE', #1304, #113, #2211 ) ;
#1509 = DIRECTION ( 'NONE',  ( -1.000000000000000000, 0.000000000000000000, 0.000000000000000000 ) ) ;
#1510 = DIRECTION ( 'NONE',  ( 0.000000000000000000, 0.000000000000000000, -1.000000000000000000 ) ) ;
#1511 = CARTESIAN_POINT ( 'NONE',  ( -4.798128219357000290, 3.240491764373999661, 9.449760299999999447 ) ) ;
#1512 = ORIENTED_EDGE ( 'NONE', *, *, #657, .F. ) ;
#1513 = PLANE ( 'NONE',  #2697 ) ;
#1514 = ORIENTED_EDGE ( 'NONE', *, *, #2792, .F. ) ;
#1515 = CARTESIAN_POINT ( 'NONE',  ( -4.850000000000000533, -5.850000000000000533, 10.40000000000000036 ) ) ;
#1516 = DIRECTION ( 'NONE',  ( 0.000000000000000000, 0.000000000000000000, -1.000000000000000000 ) ) ;
#1517 = VERTEX_POINT ( 'NONE', #328 ) ;
#1518 = DIRECTION ( 'NONE',  ( 0.000000000000000000, 0.000000000000000000, -1.000000000000000000 ) ) ;
#1519 = DIRECTION ( 'NONE',  ( 0.000000000000000000, 1.000000000000000000, 0.000000000000000000 ) ) ;
#1520 = EDGE_CURVE ( 'NONE', #2547, #850, #329, .T. ) ;
#1521 = ADVANCED_FACE ( 'NONE', ( #3772 ), #1464, .T. ) ;
#1522 = EDGE_LOOP ( 'NONE', ( #3392, #93 ) ) ;
#1523 = CYLINDRICAL_SURFACE ( 'NONE', #2435, 0.4999999999999995559 ) ;
#1524 = DIRECTION ( 'NONE',  ( -1.000000000000000000, 0.000000000000000000, 0.000000000000000000 ) ) ;
#1525 = CARTESIAN_POINT ( 'NONE',  ( 5.850000000000000533, -4.850000000000000533, 10.40000000000000036 ) ) ;
#1526 = CARTESIAN_POINT ( 'NONE',  ( 4.950286925933999882, 4.949729665750000507, 10.24976029999999838 ) ) ;
#1527 = CARTESIAN_POINT ( 'NONE',  ( 5.850000000000000533, 5.349999999999999645, 10.30000000000000071 ) ) ;
#1528 = ORIENTED_EDGE ( 'NONE', *, *, #2693, .F. ) ;
#1529 = FACE_OUTER_BOUND ( 'NONE', #3202, .T. ) ;
#1530 = FACE_OUTER_BOUND ( 'NONE', #1905, .T. ) ;
#1531 = TOROIDAL_SURFACE ( 'NONE', #1656, 0.1499999999996000088, 0.09999999999998999967 ) ;
#1532 =( BOUNDED_SURFACE ( )  B_SPLINE_SURFACE ( 3, 3, ( 
 ( #678, #3342, #97, #1265 ),
 ( #1281, #134, #158, #756 ),
 ( #2785, #3013, #410, #3576 ),
 ( #1577, #3641, #2189, #994 ) ),
 .UNSPECIFIED., .F., .F., .T. ) 
 B_SPLINE_SURFACE_WITH_KNOTS ( ( 4, 4 ),
 ( 4, 4 ),
 ( 0.000000000000000000, 1.000000000000000000 ),
 ( 0.000000000000000000, 1.000000000000000000 ),
 .UNSPECIFIED. ) 
 GEOMETRIC_REPRESENTATION_ITEM ( )  RATIONAL_B_SPLINE_SURFACE ( (
 ( 1.441332028211000038, 1.120295835216000180, 1.120295835216000180, 1.441332028211000038),
 ( 1.120295835216000180, 0.8707658844992000047, 0.8707658844992000047, 1.120295835216000180),
 ( 1.120295835216000180, 0.8707658844992000047, 0.8707658844992000047, 1.120295835216000180),
 ( 1.441332028211000038, 1.120295835216000180, 1.120295835216000180, 1.441332028211000038) ) ) 
 REPRESENTATION_ITEM ( '' )  SURFACE ( )  );
#1533 = VERTEX_POINT ( 'NONE', #1762 ) ;
#1534 = ORIENTED_EDGE ( 'NONE', *, *, #2317, .F. ) ;
#1535 = FACE_BOUND ( 'NONE', #1834, .T. ) ;
#1536 = DIRECTION ( 'NONE',  ( 0.000000000000000000, 0.000000000000000000, -1.000000000000000000 ) ) ;
#1537 = SURFACE_STYLE_FILL_AREA ( #3270 ) ;
#1538 = EDGE_CURVE ( 'NONE', #1469, #1321, #884, .T. ) ;
#1539 = VERTEX_POINT ( 'NONE', #661 ) ;
#1540 = AXIS2_PLACEMENT_3D ( 'NONE', #1229, #3286, #312 ) ;
#1541 = CARTESIAN_POINT ( 'NONE',  ( 5.450000000000000178, -5.950000000000000178, 0.3999999999999993006 ) ) ;
#1542 = EDGE_CURVE ( 'NONE', #290, #2340, #3520, .T. ) ;
#1543 = FACE_OUTER_BOUND ( 'NONE', #3066, .T. ) ;
#1544 = DIRECTION ( 'NONE',  ( 1.000000000000000000, 0.000000000000000000, 0.000000000000000000 ) ) ;
#1545 = DIRECTION ( 'NONE',  ( 1.000000000000000000, 0.000000000000000000, 0.000000000000000000 ) ) ;
#1546 = CARTESIAN_POINT ( 'NONE',  ( -4.500000000000000000, 4.950000000000000178, 0.000000000000000000 ) ) ;
#1547 = ADVANCED_FACE ( 'NONE', ( #2111 ), #1819, .F. ) ;
#1548 = VERTEX_POINT ( 'NONE', #2045 ) ;
#1549 = AXIS2_PLACEMENT_3D ( 'NONE', #933, #1440, #1460 ) ;
#1550 = ORIENTED_EDGE ( 'NONE', *, *, #2043, .T. ) ;
#1551 = ORIENTED_EDGE ( 'NONE', *, *, #3557, .F. ) ;
#1552 = FACE_OUTER_BOUND ( 'NONE', #3698, .T. ) ;
#1553 = CYLINDRICAL_SURFACE ( 'NONE', #3737, 0.5000000000000004441 ) ;
#1554 = CIRCLE ( 'NONE', #2215, 0.2499999999996003752 ) ;
#1555 = DIRECTION ( 'NONE',  ( 0.000000000000000000, 0.000000000000000000, -1.000000000000000000 ) ) ;
#1556 = ORIENTED_EDGE ( 'NONE', *, *, #695, .F. ) ;
#1557 = CIRCLE ( 'NONE', #3253, 0.4000000000004000356 ) ;
#1558 = CIRCLE ( 'NONE', #462, 0.2499999999996003752 ) ;
#1559 = LINE ( 'NONE', #412, #750 ) ;
#1560 = CIRCLE ( 'NONE', #1920, 0.2500000000000002220 ) ;
#1561 = AXIS2_PLACEMENT_3D ( 'NONE', #413, #2746, #1615 ) ;
#1562 = CARTESIAN_POINT ( 'NONE',  ( -5.599714364903999986, 4.940492704416000080, 1.549520199999999681 ) ) ;
#1563 = CARTESIAN_POINT ( 'NONE',  ( -5.448128219357999846, 3.240491764373999661, 1.749760300000000157 ) ) ;
#1564 = VERTEX_POINT ( 'NONE', #2348 ) ;
#1565 = EDGE_CURVE ( 'NONE', #357, #1021, #2450, .T. ) ;
#1566 = DIRECTION ( 'NONE',  ( 0.000000000000000000, 0.000000000000000000, 1.000000000000000000 ) ) ;
#1567 = EDGE_CURVE ( 'NONE', #290, #3397, #2334, .T. ) ;
#1568 = ORIENTED_EDGE ( 'NONE', *, *, #561, .F. ) ;
#1569 = FACE_BOUND ( 'NONE', #595, .T. ) ;
#1570 = DIRECTION ( 'NONE',  ( 1.000000000000000000, 0.000000000000000000, 0.000000000000000000 ) ) ;
#1571 = ADVANCED_FACE ( 'NONE', ( #1480 ), #38, .T. ) ;
#1572 = CIRCLE ( 'NONE', #355, 0.4499999999999999001 ) ;
#1573 = ORIENTED_EDGE ( 'NONE', *, *, #2158, .F. ) ;
#1574 = ORIENTED_EDGE ( 'NONE', *, *, #910, .F. ) ;
#1575 = CARTESIAN_POINT ( 'NONE',  ( 5.349999999999999645, 6.349999999999999645, 0.000000000000000000 ) ) ;
#1576 = DIRECTION ( 'NONE',  ( 0.000000000000000000, 0.000000000000000000, 1.000000000000000000 ) ) ;
#1577 = CARTESIAN_POINT ( 'NONE',  ( -5.293372407867001250, -6.347590471038000892, 10.27166343247399993 ) ) ;
#1578 = EDGE_LOOP ( 'NONE', ( #2987, #2452, #1016, #1473 ) ) ;
#1579 = DIRECTION ( 'NONE',  ( 0.000000000000000000, 0.000000000000000000, -1.000000000000000000 ) ) ;
#1580 = CARTESIAN_POINT ( 'NONE',  ( -4.850000000000000533, 5.850000000000000533, 10.26999999999999957 ) ) ;
#1581 = DIRECTION ( 'NONE',  ( 1.000000000000000000, 0.000000000000000000, 0.000000000000000000 ) ) ;
#1582 = DIRECTION ( 'NONE',  ( 5.394990010288370896E-12, 0.000000000000000000, 1.000000000000000000 ) ) ;
#1583 = DIRECTION ( 'NONE',  ( 0.000000000000000000, 0.000000000000000000, -1.000000000000000000 ) ) ;
#1584 = ORIENTED_EDGE ( 'NONE', *, *, #1836, .F. ) ;
#1585 = EDGE_CURVE ( 'NONE', #2373, #1234, #1193, .T. ) ;
#1586 = ADVANCED_FACE ( 'NONE', ( #2074 ), #2667, .F. ) ;
#1587 = DIRECTION ( 'NONE',  ( -1.000000000000000000, 0.000000000000000000, 0.000000000000000000 ) ) ;
#1588 = EDGE_LOOP ( 'NONE', ( #2230, #679, #888, #2604 ) ) ;
#1589 = ORIENTED_EDGE ( 'NONE', *, *, #3719, .F. ) ;
#1590 = DIRECTION ( 'NONE',  ( -1.000000000000000000, 0.000000000000000000, 0.000000000000000000 ) ) ;
#1591 = DIRECTION ( 'NONE',  ( 0.000000000000000000, 0.000000000000000000, -1.000000000000000000 ) ) ;
#1592 = DIRECTION ( 'NONE',  ( 0.000000000000000000, 0.000000000000000000, 1.000000000000000000 ) ) ;
#1593 = ORIENTED_EDGE ( 'NONE', *, *, #1278, .F. ) ;
#1594 = DIRECTION ( 'NONE',  ( 1.000000000000000000, 0.000000000000000000, 0.000000000000000000 ) ) ;
#1595 = DIRECTION ( 'NONE',  ( 0.000000000000000000, 4.232725281382568195E-13, 1.000000000000000000 ) ) ;
#1596 = STYLED_ITEM ( 'NONE', ( #1729 ), #102 ) ;
#1597 = FACE_OUTER_BOUND ( 'NONE', #3413, .T. ) ;
#1598 = AXIS2_PLACEMENT_3D ( 'NONE', #908, #2073, #637 ) ;
#1599 = DIRECTION ( 'NONE',  ( 0.000000000000000000, 1.000000000000000000, 0.000000000000000000 ) ) ;
#1600 = CARTESIAN_POINT ( 'NONE',  ( 6.168510895333997546, 5.810564829079002180, 10.81732865143270139 ) ) ;
#1601 = AXIS2_PLACEMENT_3D ( 'NONE', #1796, #870, #295 ) ;
#1602 = EDGE_LOOP ( 'NONE', ( #726, #3516, #2625, #3649 ) ) ;
#1603 = CARTESIAN_POINT ( 'NONE',  ( -4.646542076182999637, 1.540493364330000059, 10.14976029999999874 ) ) ;
#1604 = EDGE_CURVE ( 'NONE', #357, #2540, #2934, .T. ) ;
#1605 = ORIENTED_EDGE ( 'NONE', *, *, #1726, .T. ) ;
#1606 = ORIENTED_EDGE ( 'NONE', *, *, #2147, .F. ) ;
#1607 = DIRECTION ( 'NONE',  ( -1.000000000000000000, 0.000000000000000000, 0.000000000000000000 ) ) ;
#1608 = LINE ( 'NONE', #2454, #454 ) ;
#1609 = LINE ( 'NONE', #3596, #535 ) ;
#1610 = AXIS2_PLACEMENT_3D ( 'NONE', #1324, #2137, #2427 ) ;
#1611 = EDGE_CURVE ( 'NONE', #464, #1478, #3244, .T. ) ;
#1612 = ORIENTED_EDGE ( 'NONE', *, *, #1214, .F. ) ;
#1613 = CARTESIAN_POINT ( 'NONE',  ( -4.850000000000000533, -5.850000000000000533, 10.40000000000000036 ) ) ;
#1614 = CIRCLE ( 'NONE', #639, 0.2999999999999999334 ) ;
#1615 = DIRECTION ( 'NONE',  ( -1.000000000000000000, 0.000000000000000000, 0.000000000000000000 ) ) ;
#1616 = EDGE_CURVE ( 'NONE', #3351, #1667, #1185, .T. ) ;
#1617 = AXIS2_PLACEMENT_3D ( 'NONE', #3250, #950, #2998 ) ;
#1618 = TOROIDAL_SURFACE ( 'NONE', #2456, 0.3000000000004999778, 0.09999999999998999967 ) ;
#1619 = CARTESIAN_POINT ( 'NONE',  ( -4.940477403570000092, -4.959508586421000231, -4.844239700000001037 ) ) ;
#1620 = CARTESIAN_POINT ( 'NONE',  ( -5.612502018693000150E-09, 6.349999999999999645, 5.349999999999999645 ) ) ;
#1621 = AXIS2_PLACEMENT_3D ( 'NONE', #1781, #1231, #1545 ) ;
#1622 = UNCERTAINTY_MEASURE_WITH_UNIT (LENGTH_MEASURE( 1.000000000000000082E-05 ), #2564, 'distance_accuracy_value', 'NONE');
#1623 = AXIS2_PLACEMENT_3D ( 'NONE', #2940, #924, #2064 ) ;
#1624 = CARTESIAN_POINT ( 'NONE',  ( -4.975491360460999601, -0.3260661585560999387, 2.049760299999999980 ) ) ;
#1625 = CARTESIAN_POINT ( 'NONE',  ( -5.950000000000000178, -5.450000000000000178, 10.40000000000000036 ) ) ;
#1626 = ORIENTED_EDGE ( 'NONE', *, *, #1025, .T. ) ;
#1627 = ORIENTED_EDGE ( 'NONE', *, *, #1731, .T. ) ;
#1628 = DIRECTION ( 'NONE',  ( 0.000000000000000000, 0.000000000000000000, -1.000000000000000000 ) ) ;
#1629 = FACE_OUTER_BOUND ( 'NONE', #1361, .T. ) ;
#1630 = ORIENTED_EDGE ( 'NONE', *, *, #3688, .F. ) ;
#1631 = ORIENTED_EDGE ( 'NONE', *, *, #52, .T. ) ;
#1632 = CARTESIAN_POINT ( 'NONE',  ( 4.950286925933999882, 4.949729665750000507, 10.14976029999999874 ) ) ;
#1633 = CARTESIAN_POINT ( 'NONE',  ( -4.540477403570000625, -4.959508586421000231, -4.550239699999999665 ) ) ;
#1634 = DIRECTION ( 'NONE',  ( 0.000000000000000000, 0.000000000000000000, 1.000000000000000000 ) ) ;
#1635 = VECTOR ( 'NONE', #3763, 1000.000000000000000 ) ;
#1636 = ORIENTED_EDGE ( 'NONE', *, *, #1450, .T. ) ;
#1637 = LINE ( 'NONE', #1613, #1228 ) ;
#1638 = ADVANCED_FACE ( 'NONE', ( #2377 ), #3533, .T. ) ;
#1639 = FACE_OUTER_BOUND ( 'NONE', #3396, .T. ) ;
#1640 = SURFACE_STYLE_USAGE ( .BOTH. , #2729 ) ;
#1641 = FACE_BOUND ( 'NONE', #2733, .T. ) ;
#1642 = DIRECTION ( 'NONE',  ( 0.000000000000000000, 0.000000000000000000, 1.000000000000000000 ) ) ;
#1643 = DIRECTION ( 'NONE',  ( 1.000000000000000000, 0.000000000000000000, 0.000000000000000000 ) ) ;
#1644 = ORIENTED_EDGE ( 'NONE', *, *, #3627, .T. ) ;
#1645 = DIRECTION ( 'NONE',  ( 0.000000000000000000, 0.000000000000000000, 1.000000000000000000 ) ) ;
#1646 = ORIENTED_EDGE ( 'NONE', *, *, #1791, .T. ) ;
#1647 = ORIENTED_EDGE ( 'NONE', *, *, #1450, .F. ) ;
#1648 = CARTESIAN_POINT ( 'NONE',  ( -4.948128219357998958, 3.240491764373999661, 1.901760299999999404 ) ) ;
#1649 = DIRECTION ( 'NONE',  ( -1.000000000000000000, 0.000000000000000000, 0.000000000000000000 ) ) ;
#1650 = LINE ( 'NONE', #2847, #2455 ) ;
#1651 = CARTESIAN_POINT ( 'NONE',  ( 4.959523887267001108, -4.950271625087000693, -4.550239699999999665 ) ) ;
#1652 = CYLINDRICAL_SURFACE ( 'NONE', #896, 0.5000000000000004441 ) ;
#1653 = EDGE_CURVE ( 'NONE', #3452, #2182, #3269, .T. ) ;
#1654 = DIRECTION ( 'NONE',  ( 1.387778780781444413E-14, -1.000000000000000000, 0.000000000000000000 ) ) ;
#1655 = ADVANCED_FACE ( 'NONE', ( #675 ), #1832, .T. ) ;
#1656 = AXIS2_PLACEMENT_3D ( 'NONE', #3604, #491, #1335 ) ;
#1657 = CARTESIAN_POINT ( 'NONE',  ( -5.349714364903999986, 4.940492704416000080, 1.549520199999999681 ) ) ;
#1658 = FACE_OUTER_BOUND ( 'NONE', #3584, .T. ) ;
#1659 = DIRECTION ( 'NONE',  ( 0.000000000000000000, 0.000000000000000000, 1.000000000000000000 ) ) ;
#1660 = ORIENTED_EDGE ( 'NONE', *, *, #1768, .T. ) ;
#1661 = EDGE_CURVE ( 'NONE', #572, #2629, #1280, .T. ) ;
#1662 = EDGE_LOOP ( 'NONE', ( #3317, #2588, #597, #1584 ) ) ;
#1663 = CIRCLE ( 'NONE', #2864, 0.09999999999999072131 ) ;
#1664 = DIRECTION ( 'NONE',  ( 1.000000000000000000, 0.000000000000000000, 0.000000000000000000 ) ) ;
#1665 = DIRECTION ( 'NONE',  ( 0.000000000000000000, 0.000000000000000000, -1.000000000000000000 ) ) ;
#1666 = EDGE_CURVE ( 'NONE', #2840, #1326, #1608, .T. ) ;
#1667 = VERTEX_POINT ( 'NONE', #112 ) ;
#1668 = CARTESIAN_POINT ( 'NONE',  ( -5.349714364903999986, 4.940492704569999560, 10.14976029999999874 ) ) ;
#1669 = CARTESIAN_POINT ( 'NONE',  ( -4.946542076182000258, 1.540493364330000059, -4.550239699999999665 ) ) ;
#1670 = CARTESIAN_POINT ( 'NONE',  ( -4.946542076182000258, 1.540493364330000059, -4.844239700000001037 ) ) ;
#1671 = ORIENTED_EDGE ( 'NONE', *, *, #748, .T. ) ;
#1672 = AXIS2_PLACEMENT_3D ( 'NONE', #3313, #2412, #713 ) ;
#1673 = AXIS2_PLACEMENT_3D ( 'NONE', #2633, #961, #2653 ) ;
#1674 = DIRECTION ( 'NONE',  ( 0.000000000000000000, 0.000000000000000000, 1.000000000000000000 ) ) ;
#1675 = CARTESIAN_POINT ( 'NONE',  ( 4.559523887267000752, -4.950271625087000693, -4.550239699999999665 ) ) ;
#1676 = VECTOR ( 'NONE', #2388, 1000.000000000000000 ) ;
#1677 = AXIS2_PLACEMENT_3D ( 'NONE', #3205, #1477, #867 ) ;
#1678 = CARTESIAN_POINT ( 'NONE',  ( -5.473541558323000267, -2.415827388947999754, 2.049760299999999980 ) ) ;
#1679 = VERTEX_POINT ( 'NONE', #3069 ) ;
#1680 = EDGE_LOOP ( 'NONE', ( #1150, #1647, #448, #2335 ) ) ;
#1681 = CIRCLE ( 'NONE', #21, 0.09999999999998984701 ) ;
#1682 = AXIS2_PLACEMENT_3D ( 'NONE', #3083, #1356, #1864 ) ;
#1683 = FACE_OUTER_BOUND ( 'NONE', #198, .T. ) ;
#1684 = ADVANCED_FACE ( 'NONE', ( #2762 ), #2432, .T. ) ;
#1685 = EDGE_CURVE ( 'NONE', #250, #1094, #2477, .T. ) ;
#1686 = VECTOR ( 'NONE', #3103, 1000.000000000000000 ) ;
#1687 = VECTOR ( 'NONE', #2216, 1000.000000000000000 ) ;
#1688 = VERTEX_POINT ( 'NONE', #1633 ) ;
#1689 = ORIENTED_EDGE ( 'NONE', *, *, #2893, .F. ) ;
#1690 = CARTESIAN_POINT ( 'NONE',  ( -5.098128219358000202, 3.240491764373999661, 9.549760299999999091 ) ) ;
#1691 = DIRECTION ( 'NONE',  ( 0.000000000000000000, 0.000000000000000000, 1.000000000000000000 ) ) ;
#1692 = DIRECTION ( 'NONE',  ( 0.000000000000000000, 0.000000000000000000, -1.000000000000000000 ) ) ;
#1693 = VERTEX_POINT ( 'NONE', #1058 ) ;
#1694 = CARTESIAN_POINT ( 'NONE',  ( -4.949714364904000519, 4.940492704416000080, 2.049520199999999903 ) ) ;
#1695 = AXIS2_PLACEMENT_3D ( 'NONE', #481, #1645, #502 ) ;
#1696 = DIRECTION ( 'NONE',  ( -1.000000000000000000, 0.000000000000000000, 0.000000000000000000 ) ) ;
#1697 = EDGE_LOOP ( 'NONE', ( #145, #3125 ) ) ;
#1698 = ORIENTED_EDGE ( 'NONE', *, *, #704, .T. ) ;
#1699 = CYLINDRICAL_SURFACE ( 'NONE', #538, 0.2500000000000002220 ) ;
#1700 = ORIENTED_EDGE ( 'NONE', *, *, #282, .F. ) ;
#1701 = EDGE_CURVE ( 'NONE', #2355, #1036, #993, .T. ) ;
#1702 = VERTEX_POINT ( 'NONE', #95 ) ;
#1703 = EDGE_CURVE ( 'NONE', #2446, #990, #142, .T. ) ;
#1704 = CYLINDRICAL_SURFACE ( 'NONE', #634, 0.2500000000000002220 ) ;
#1705 = DIRECTION ( 'NONE',  ( 1.000000000000000000, 0.000000000000000000, 0.000000000000000000 ) ) ;
#1706 = FACE_OUTER_BOUND ( 'NONE', #531, .T. ) ;
#1707 = VERTEX_POINT ( 'NONE', #175 ) ;
#1708 = LINE ( 'NONE', #1373, #1054 ) ;
#1709 = PRODUCT_RELATED_PRODUCT_CATEGORY ( 'part', '', ( #2635 ) ) ;
#1710 = LINE ( 'NONE', #2531, #196 ) ;
#1711 = DIRECTION ( 'NONE',  ( 0.000000000000000000, 0.000000000000000000, 1.000000000000000000 ) ) ;
#1712 = MECHANICAL_DESIGN_GEOMETRIC_PRESENTATION_REPRESENTATION (  '', ( #2190 ), #57 ) ;
#1713 = ORIENTED_EDGE ( 'NONE', *, *, #3095, .F. ) ;
#1714 = ORIENTED_EDGE ( 'NONE', *, *, #1052, .F. ) ;
#1715 = CARTESIAN_POINT ( 'NONE',  ( 5.350286925933999349, 4.949729665750000507, -4.550239699999999665 ) ) ;
#1716 = ORIENTED_EDGE ( 'NONE', *, *, #1890, .F. ) ;
#1717 = EDGE_LOOP ( 'NONE', ( #863, #878, #3252, #3638, #1506, #1201, #3409, #1298 ) ) ;
#1718 = LINE ( 'NONE', #1668, #3055 ) ;
#1719 = DIRECTION ( 'NONE',  ( 1.000000000000000000, 0.000000000000000000, 0.000000000000000000 ) ) ;
#1720 = AXIS2_PLACEMENT_3D ( 'NONE', #2972, #3221, #615 ) ;
#1721 = DIRECTION ( 'NONE',  ( 0.000000000000000000, 0.000000000000000000, -1.000000000000000000 ) ) ;
#1722 = ORIENTED_EDGE ( 'NONE', *, *, #2816, .F. ) ;
#1723 = AXIS2_PLACEMENT_3D ( 'NONE', #1632, #2169, #3340 ) ;
#1724 = LINE ( 'NONE', #1088, #2438 ) ;
#1725 = EDGE_CURVE ( 'NONE', #1384, #2645, #147, .T. ) ;
#1726 = EDGE_CURVE ( 'NONE', #3032, #1970, #2032, .T. ) ;
#1727 = CARTESIAN_POINT ( 'NONE',  ( -4.850000000000000533, 4.850000000000000533, 10.40000000000000036 ) ) ;
#1728 = CIRCLE ( 'NONE', #70, 0.4000000000004000356 ) ;
#1729 = PRESENTATION_STYLE_ASSIGNMENT (( #203 ) ) ;
#1730 = STYLED_ITEM ( 'NONE', ( #248 ), #1296 ) ;
#1731 = EDGE_CURVE ( 'NONE', #525, #573, #3254, .T. ) ;
#1732 = DIRECTION ( 'NONE',  ( 1.000000000000000000, 0.000000000000000000, 0.000000000000000000 ) ) ;
#1733 = AXIS2_PLACEMENT_3D ( 'NONE', #2031, #3200, #2052 ) ;
#1734 = ORIENTED_EDGE ( 'NONE', *, *, #467, .F. ) ;
#1735 = CYLINDRICAL_SURFACE ( 'NONE', #3538, 0.4000000000000001887 ) ;
#1736 = AXIS2_PLACEMENT_3D ( 'NONE', #3357, #755, #2497 ) ;
#1737 = LINE ( 'NONE', #1961, #1203 ) ;
#1738 = AXIS2_PLACEMENT_3D ( 'NONE', #1072, #2815, #3368 ) ;
#1739 = ORIENTED_EDGE ( 'NONE', *, *, #3240, .T. ) ;
#1740 = ORIENTED_EDGE ( 'NONE', *, *, #1166, .T. ) ;
#1741 = CARTESIAN_POINT ( 'NONE',  ( 4.850000000000000533, -5.850000000000000533, 10.40000000000000036 ) ) ;
#1742 = CIRCLE ( 'NONE', #1253, 0.2499999999996003752 ) ;
#1743 = DIRECTION ( 'NONE',  ( 0.000000000000000000, 0.000000000000000000, -1.000000000000000000 ) ) ;
#1744 = ORIENTED_EDGE ( 'NONE', *, *, #2514, .T. ) ;
#1745 = AXIS2_PLACEMENT_3D ( 'NONE', #1422, #1443, #2269 ) ;
#1746 = DIRECTION ( 'NONE',  ( 0.000000000000000000, 0.000000000000000000, 1.000000000000000000 ) ) ;
#1747 = DIRECTION ( 'NONE',  ( 0.000000000000000000, 0.000000000000000000, 1.000000000000000000 ) ) ;
#1748 = LINE ( 'NONE', #923, #2926 ) ;
#1749 = ADVANCED_FACE ( 'NONE', ( #466 ), #1618, .T. ) ;
#1750 = ADVANCED_FACE ( 'NONE', ( #3619 ), #944, .T. ) ;
#1751 = CYLINDRICAL_SURFACE ( 'NONE', #2529, 0.5000000000000004441 ) ;
#1752 = APPLICATION_CONTEXT ( 'automotive_design' ) ;
#1753 = CYLINDRICAL_SURFACE ( 'NONE', #336, 0.4000000000000001887 ) ;
#1754 = FACE_OUTER_BOUND ( 'NONE', #499, .T. ) ;
#1755 = SURFACE_SIDE_STYLE ('',( #592 ) ) ;
#1756 = ORIENTED_EDGE ( 'NONE', *, *, #2329, .T. ) ;
#1757 = ORIENTED_EDGE ( 'NONE', *, *, #2816, .T. ) ;
#1758 = CARTESIAN_POINT ( 'NONE',  ( 4.500000000000000000, 4.950000000000000178, 0.3999999999999993006 ) ) ;
#1759 = FACE_OUTER_BOUND ( 'NONE', #3550, .T. ) ;
#1760 = ORIENTED_EDGE ( 'NONE', *, *, #2021, .F. ) ;
#1761 = DIRECTION ( 'NONE',  ( -1.000000000000000000, 0.000000000000000000, 0.000000000000000000 ) ) ;
#1762 = CARTESIAN_POINT ( 'NONE',  ( -4.723541558322000178, -2.415827388947999754, 9.449760299999999447 ) ) ;
#1763 = DIRECTION ( 'NONE',  ( -1.000000000000000000, 0.000000000000000000, 0.000000000000000000 ) ) ;
#1764 = EDGE_CURVE ( 'NONE', #744, #362, #3003, .T. ) ;
#1765 = ADVANCED_FACE ( 'NONE', ( #3656 ), #1553, .F. ) ;
#1766 = VERTEX_POINT ( 'NONE', #2418 ) ;
#1767 = CARTESIAN_POINT ( 'NONE',  ( 5.349999999999999645, 5.349999999999999645, 0.2019999999999990692 ) ) ;
#1768 = EDGE_CURVE ( 'NONE', #990, #2446, #3544, .T. ) ;
#1769 = ORIENTED_EDGE ( 'NONE', *, *, #3074, .F. ) ;
#1770 = ORIENTED_EDGE ( 'NONE', *, *, #3623, .T. ) ;
#1771 = AXIS2_PLACEMENT_3D ( 'NONE', #3056, #1068, #474 ) ;
#1772 = FACE_BOUND ( 'NONE', #2607, .T. ) ;
#1773 = DIRECTION ( 'NONE',  ( 0.000000000000000000, 0.000000000000000000, 1.000000000000000000 ) ) ;
#1774 = VERTEX_POINT ( 'NONE', #1850 ) ;
#1775 = CARTESIAN_POINT ( 'NONE',  ( -4.975491360460999601, -0.3260661585560999387, 1.749760300000000157 ) ) ;
#1776 = DIRECTION ( 'NONE',  ( 0.000000000000000000, -1.000000000000000000, -0.000000000000000000 ) ) ;
#1777 = CIRCLE ( 'NONE', #510, 1.000000000000000000 ) ;
#1778 = ORIENTED_EDGE ( 'NONE', *, *, #2200, .F. ) ;
#1779 = CARTESIAN_POINT ( 'NONE',  ( 5.250286925933999704, 4.949729665750000507, 10.24976029999999838 ) ) ;
#1780 = AXIS2_PLACEMENT_3D ( 'NONE', #691, #154, #3356 ) ;
#1781 = CARTESIAN_POINT ( 'NONE',  ( -4.940477403570000092, -4.959508586421000231, 1.549520199999999681 ) ) ;
#1782 = CIRCLE ( 'NONE', #1062, 0.09999999999998984701 ) ;
#1783 = VERTEX_POINT ( 'NONE', #3011 ) ;
#1784 = DIRECTION ( 'NONE',  ( -1.000000000000000000, 0.000000000000000000, 0.000000000000000000 ) ) ;
#1785 = AXIS2_PLACEMENT_3D ( 'NONE', #106, #2183, #1033 ) ;
#1786 = CARTESIAN_POINT ( 'NONE',  ( -5.564000001788000915, -5.850000000000000533, 10.30000000000000071 ) ) ;
#1787 = ORIENTED_EDGE ( 'NONE', *, *, #1144, .T. ) ;
#1788 = ORIENTED_EDGE ( 'NONE', *, *, #1701, .F. ) ;
#1789 = VECTOR ( 'NONE', #2740, 1000.000000000000000 ) ;
#1790 = LINE ( 'NONE', #611, #1179 ) ;
#1791 = EDGE_CURVE ( 'NONE', #3536, #187, #275, .T. ) ;
#1792 = CYLINDRICAL_SURFACE ( 'NONE', #1390, 0.4000000000000001887 ) ;
#1793 = AXIS2_PLACEMENT_3D ( 'NONE', #3704, #1410, #3456 ) ;
#1794 = AXIS2_PLACEMENT_3D ( 'NONE', #911, #620, #1524 ) ;
#1795 = EDGE_LOOP ( 'NONE', ( #3338, #2325, #3109, #1927 ) ) ;
#1796 = CARTESIAN_POINT ( 'NONE',  ( 4.650286925933999171, 4.949729665750000507, 10.14976029999999874 ) ) ;
#1797 = CIRCLE ( 'NONE', #278, 0.4499999999999999001 ) ;
#1798 = CARTESIAN_POINT ( 'NONE',  ( -5.450000000000000178, 5.450000000000000178, 0.1999999999999987899 ) ) ;
#1799 = SURFACE_STYLE_USAGE ( .BOTH. , #894 ) ;
#1800 = AXIS2_PLACEMENT_3D ( 'NONE', #2675, #2102, #1270 ) ;
#1801 = ORIENTED_EDGE ( 'NONE', *, *, #1277, .T. ) ;
#1802 = DIRECTION ( 'NONE',  ( -1.000000000000000000, 0.000000000000000000, 0.000000000000000000 ) ) ;
#1803 = CIRCLE ( 'NONE', #1793, 0.1499999999999999667 ) ;
#1804 = DIRECTION ( 'NONE',  ( 0.000000000000000000, 0.000000000000000000, -1.000000000000000000 ) ) ;
#1805 = DIRECTION ( 'NONE',  ( 1.000000000000000000, 0.000000000000000000, 0.000000000000000000 ) ) ;
#1806 = DIRECTION ( 'NONE',  ( 1.000000000000000000, 0.000000000000000000, 0.000000000000000000 ) ) ;
#1807 = ORIENTED_EDGE ( 'NONE', *, *, #1731, .F. ) ;
#1808 = LINE ( 'NONE', #1233, #458 ) ;
#1809 = AXIS2_PLACEMENT_3D ( 'NONE', #521, #3426, #2909 ) ;
#1810 = ORIENTED_EDGE ( 'NONE', *, *, #910, .T. ) ;
#1811 = FACE_OUTER_BOUND ( 'NONE', #3220, .T. ) ;
#1812 = CARTESIAN_POINT ( 'NONE',  ( -5.850000000000000533, -5.349999999999999645, 10.30000000000000071 ) ) ;
#1813 = EDGE_CURVE ( 'NONE', #3002, #2415, #1379, .T. ) ;
#1814 = EDGE_CURVE ( 'NONE', #418, #1239, #2586, .T. ) ;
#1815 = EDGE_CURVE ( 'NONE', #1517, #250, #3134, .T. ) ;
#1816 = ORIENTED_EDGE ( 'NONE', *, *, #1815, .F. ) ;
#1817 = ORIENTED_EDGE ( 'NONE', *, *, #1567, .F. ) ;
#1818 = LINE ( 'NONE', #1500, #2569 ) ;
#1819 = CYLINDRICAL_SURFACE ( 'NONE', #1494, 0.5000000000000004441 ) ;
#1820 = EDGE_LOOP ( 'NONE', ( #1646, #53, #1306, #1760 ) ) ;
#1821 = DIRECTION ( 'NONE',  ( -1.000000000000000000, 0.000000000000000000, 0.000000000000000000 ) ) ;
#1822 = CARTESIAN_POINT ( 'NONE',  ( 5.450000000000000178, 5.950000000000000178, 10.40000000000000036 ) ) ;
#1823 = CARTESIAN_POINT ( 'NONE',  ( 4.959523887267001108, -4.950271625087000693, 2.049520199999999903 ) ) ;
#1824 = EDGE_CURVE ( 'NONE', #932, #3354, #3490, .T. ) ;
#1825 = CARTESIAN_POINT ( 'NONE',  ( -4.448128219357999846, 3.240491764373999661, 2.049760299999999980 ) ) ;
#1826 = LINE ( 'NONE', #2409, #81 ) ;
#1827 = ORIENTED_EDGE ( 'NONE', *, *, #2737, .T. ) ;
#1828 = CARTESIAN_POINT ( 'NONE',  ( -5.125491360460999957, -0.3260661585560999387, 9.549760299999999091 ) ) ;
#1829 = ORIENTED_EDGE ( 'NONE', *, *, #2975, .F. ) ;
#1830 = ORIENTED_EDGE ( 'NONE', *, *, #2632, .T. ) ;
#1831 = CARTESIAN_POINT ( 'NONE',  ( -4.549714364904000163, 4.940492704416000080, 2.049520199999999903 ) ) ;
#1832 = PLANE ( 'NONE',  #2140 ) ;
#1833 = DIRECTION ( 'NONE',  ( 1.000000000000000000, -1.445602896647339666E-14, 0.000000000000000000 ) ) ;
#1834 = EDGE_LOOP ( 'NONE', ( #958, #1257 ) ) ;
#1835 = CYLINDRICAL_SURFACE ( 'NONE', #1482, 0.4499999999999999001 ) ;
#1836 = EDGE_CURVE ( 'NONE', #3166, #1402, #1851, .T. ) ;
#1837 = EDGE_CURVE ( 'NONE', #3503, #1098, #523, .T. ) ;
#1838 = FACE_OUTER_BOUND ( 'NONE', #2245, .T. ) ;
#1839 = AXIS2_PLACEMENT_3D ( 'NONE', #2548, #2579, #3133 ) ;
#1840 = FACE_BOUND ( 'NONE', #1697, .T. ) ;
#1841 = ADVANCED_FACE ( 'NONE', ( #559 ), #1153, .T. ) ;
#1842 = CARTESIAN_POINT ( 'NONE',  ( -5.346542076180999636, 1.540493364330000059, 10.14976029999999874 ) ) ;
#1843 = CIRCLE ( 'NONE', #2205, 0.2500000000006004086 ) ;
#1844 = EDGE_LOOP ( 'NONE', ( #1887, #2799, #3282, #2136 ) ) ;
#1845 = AXIS2_PLACEMENT_3D ( 'NONE', #3672, #1077, #2301 ) ;
#1846 = AXIS2_PLACEMENT_3D ( 'NONE', #1338, #2024, #2177 ) ;
#1847 = VERTEX_POINT ( 'NONE', #2268 ) ;
#1848 = EDGE_LOOP ( 'NONE', ( #391, #590 ) ) ;
#1849 = CARTESIAN_POINT ( 'NONE',  ( -5.349999999999999645, 5.349999999999999645, 0.000000000000000000 ) ) ;
#1850 = CARTESIAN_POINT ( 'NONE',  ( 4.500000000000000000, -4.950000000000000178, 0.3999999999999993006 ) ) ;
#1851 = CIRCLE ( 'NONE', #765, 0.2999999999999999334 ) ;
#1852 = DIRECTION ( 'NONE',  ( 0.000000000000000000, 0.000000000000000000, 1.000000000000000000 ) ) ;
#1853 = ORIENTED_EDGE ( 'NONE', *, *, #2482, .F. ) ;
#1854 = CIRCLE ( 'NONE', #2284, 0.4000000000004997891 ) ;
#1855 = AXIS2_PLACEMENT_3D ( 'NONE', #1786, #345, #3255 ) ;
#1856 = DIRECTION ( 'NONE',  ( 1.366428338000000062E-14, 0.000000000000000000, -1.000000000000000000 ) ) ;
#1857 = AXIS2_PLACEMENT_3D ( 'NONE', #1812, #404, #2969 ) ;
#1858 = AXIS2_PLACEMENT_3D ( 'NONE', #3472, #872, #3690 ) ;
#1859 = CARTESIAN_POINT ( 'NONE',  ( -4.948128219357998958, 3.240491764373999661, 2.049760299999999980 ) ) ;
#1860 = ADVANCED_FACE ( 'NONE', ( #2803 ), #3703, .T. ) ;
#1861 = EDGE_CURVE ( 'NONE', #1533, #3088, #702, .T. ) ;
#1862 = SURFACE_STYLE_FILL_AREA ( #2790 ) ;
#1863 = AXIS2_PLACEMENT_3D ( 'NONE', #1120, #2521, #3683 ) ;
#1864 = DIRECTION ( 'NONE',  ( -1.000000000000000000, 0.000000000000000000, 0.000000000000000000 ) ) ;
#1865 = DIRECTION ( 'NONE',  ( -1.000000000000000000, 0.000000000000000000, 0.000000000000000000 ) ) ;
#1866 = ORIENTED_EDGE ( 'NONE', *, *, #161, .T. ) ;
#1867 = DIRECTION ( 'NONE',  ( 0.000000000000000000, 0.000000000000000000, -1.000000000000000000 ) ) ;
#1868 = CARTESIAN_POINT ( 'NONE',  ( 5.950000000000000178, -5.450000000000000178, 10.40000000000000036 ) ) ;
#1869 = ORIENTED_EDGE ( 'NONE', *, *, #550, .T. ) ;
#1870 = EDGE_LOOP ( 'NONE', ( #2358, #1297, #2054, #2249 ) ) ;
#1871 = CARTESIAN_POINT ( 'NONE',  ( 4.959523887267001108, -4.950271625087000693, 2.049520199999999903 ) ) ;
#1872 = CARTESIAN_POINT ( 'NONE',  ( -4.973541558323000267, -2.415827388947999754, 2.059863843933000371 ) ) ;
#1873 = CARTESIAN_POINT ( 'NONE',  ( -4.448128219357999846, 3.240491764373999661, 2.049760299999999980 ) ) ;
#1874 = VERTEX_POINT ( 'NONE', #812 ) ;
#1875 = FACE_BOUND ( 'NONE', #265, .T. ) ;
#1876 = DIRECTION ( 'NONE',  ( 1.000000000000000000, 0.000000000000000000, 0.000000000000000000 ) ) ;
#1877 = DIRECTION ( 'NONE',  ( 0.000000000000000000, 0.000000000000000000, 1.000000000000000000 ) ) ;
#1878 = EDGE_CURVE ( 'NONE', #2231, #152, #214, .T. ) ;
#1879 = DIRECTION ( 'NONE',  ( 0.000000000000000000, 0.000000000000000000, 1.000000000000000000 ) ) ;
#1880 = CARTESIAN_POINT ( 'NONE',  ( 5.305166238729998263, 6.139822264006996377, 10.81732865143269962 ) ) ;
#1881 = ORIENTED_EDGE ( 'NONE', *, *, #126, .T. ) ;
#1882 = ORIENTED_EDGE ( 'NONE', *, *, #3001, .T. ) ;
#1883 = DIRECTION ( 'NONE',  ( 0.000000000000000000, 0.000000000000000000, -1.000000000000000000 ) ) ;
#1884 = CARTESIAN_POINT ( 'NONE',  ( 4.950286925933999882, 4.949729665750000507, 1.549520199999999681 ) ) ;
#1885 = EDGE_CURVE ( 'NONE', #2148, #187, #1554, .T. ) ;
#1886 = ORIENTED_EDGE ( 'NONE', *, *, #3158, .T. ) ;
#1887 = ORIENTED_EDGE ( 'NONE', *, *, #1282, .T. ) ;
#1888 = CARTESIAN_POINT ( 'NONE',  ( 5.250286925933999704, 4.949729665750000507, 10.14976029999999874 ) ) ;
#1889 = DIRECTION ( 'NONE',  ( 0.000000000000000000, 0.000000000000000000, 1.000000000000000000 ) ) ;
#1890 = EDGE_CURVE ( 'NONE', #464, #3292, #3129, .T. ) ;
#1891 = CARTESIAN_POINT ( 'NONE',  ( 5.450000000000000178, 5.950000000000000178, 0.3999999999999993006 ) ) ;
#1892 = COLOUR_RGB ( '',1.000000000000000000, 1.000000000000000000, 1.000000000000000000 ) ;
#1893 = ORIENTED_EDGE ( 'NONE', *, *, #352, .T. ) ;
#1894 = CARTESIAN_POINT ( 'NONE',  ( 5.400000000000000355, -4.950000000000000178, 0.000000000000000000 ) ) ;
#1895 = CARTESIAN_POINT ( 'NONE',  ( -5.349999999999999645, -5.349999999999999645, 10.80000000000010019 ) ) ;
#1896 = AXIS2_PLACEMENT_3D ( 'NONE', #3325, #736, #2728 ) ;
#1897 = DIRECTION ( 'NONE',  ( 1.000000000000000000, 0.000000000000000000, 0.000000000000000000 ) ) ;
#1898 = DIRECTION ( 'NONE',  ( -1.386391002000999969E-13, 1.000000000000000000, 7.474370795309719912E-25 ) ) ;
#1899 = CARTESIAN_POINT ( 'NONE',  ( 5.942275964563004109, 6.402586518619003186, 10.59109372066169996 ) ) ;
#1900 = ORIENTED_EDGE ( 'NONE', *, *, #899, .F. ) ;
#1901 = ORIENTED_EDGE ( 'NONE', *, *, #1940, .T. ) ;
#1902 = DIRECTION ( 'NONE',  ( 0.000000000000000000, 0.000000000000000000, 1.000000000000000000 ) ) ;
#1903 = ORIENTED_EDGE ( 'NONE', *, *, #467, .T. ) ;
#1904 = ADVANCED_FACE ( 'NONE', ( #2233 ), #1101, .T. ) ;
#1905 = EDGE_LOOP ( 'NONE', ( #2087, #2573, #2067, #3423 ) ) ;
#1906 = ADVANCED_FACE ( 'NONE', ( #2252 ), #3455, .T. ) ;
#1907 = CIRCLE ( 'NONE', #1672, 0.09999999999999072131 ) ;
#1908 = PLANE ( 'NONE',  #2380 ) ;
#1909 = DIRECTION ( 'NONE',  ( 1.000000000000000000, 0.000000000000000000, 0.000000000000000000 ) ) ;
#1910 = DIRECTION ( 'NONE',  ( 1.000000000000000000, 0.000000000000000000, 0.000000000000000000 ) ) ;
#1911 = CIRCLE ( 'NONE', #998, 1.000000000000000000 ) ;
#1912 = ORIENTED_EDGE ( 'NONE', *, *, #584, .F. ) ;
#1913 = DIRECTION ( 'NONE',  ( 0.000000000000000000, -2.562072176036999994E-12, 1.000000000000000000 ) ) ;
#1914 = AXIS2_PLACEMENT_3D ( 'NONE', #218, #1136, #1719 ) ;
#1915 = DIRECTION ( 'NONE',  ( 0.000000000000000000, 0.000000000000000000, 1.000000000000000000 ) ) ;
#1916 = AXIS2_PLACEMENT_3D ( 'NONE', #3309, #952, #2611 ) ;
#1917 = AXIS2_PLACEMENT_3D ( 'NONE', #1368, #2859, #3399 ) ;
#1918 =( NAMED_UNIT ( * ) SI_UNIT ( $, .STERADIAN. ) SOLID_ANGLE_UNIT ( ) );
#1919 = CARTESIAN_POINT ( 'NONE',  ( -4.549714364904000163, 4.940492704416000080, 2.049520199999999903 ) ) ;
#1920 = AXIS2_PLACEMENT_3D ( 'NONE', #1859, #1877, #430 ) ;
#1921 = AXIS2_PLACEMENT_3D ( 'NONE', #946, #2332, #2100 ) ;
#1922 = CARTESIAN_POINT ( 'NONE',  ( 5.850000000000000533, -4.850000000000000533, 10.40000000000000036 ) ) ;
#1923 = CARTESIAN_POINT ( 'NONE',  ( 6.347590471038000892, 5.293372407867001250, 10.27166343247399993 ) ) ;
#1924 = PRESENTATION_LAYER_ASSIGNMENT (  '', '', ( #1197 ) ) ;
#1925 = ORIENTED_EDGE ( 'NONE', *, *, #1451, .T. ) ;
#1926 = CARTESIAN_POINT ( 'NONE',  ( -4.940477403570000092, -4.959508586421000231, 10.24976029999999838 ) ) ;
#1927 = ORIENTED_EDGE ( 'NONE', *, *, #3375, .T. ) ;
#1928 = ORIENTED_EDGE ( 'NONE', *, *, #1931, .T. ) ;
#1929 = CARTESIAN_POINT ( 'NONE',  ( 5.850000000000000533, -5.564000000789000033, 10.30000000000000071 ) ) ;
#1930 = DIRECTION ( 'NONE',  ( 0.000000000000000000, 0.000000000000000000, 1.000000000000000000 ) ) ;
#1931 = EDGE_CURVE ( 'NONE', #775, #1533, #2337, .T. ) ;
#1932 = EDGE_CURVE ( 'NONE', #232, #2340, #1242, .T. ) ;
#1933 = DIRECTION ( 'NONE',  ( -1.000000000000000000, 0.000000000000000000, 0.000000000000000000 ) ) ;
#1934 = ORIENTED_EDGE ( 'NONE', *, *, #1399, .T. ) ;
#1935 = CARTESIAN_POINT ( 'NONE',  ( 4.850000000000000533, 5.850000000000000533, 10.26999999999999957 ) ) ;
#1936 = CARTESIAN_POINT ( 'NONE',  ( 5.359523887266999687, -4.950271625087000693, 2.049520199999999903 ) ) ;
#1937 = CARTESIAN_POINT ( 'NONE',  ( -4.949714364904000519, 4.940492704416000080, 10.24976029999999838 ) ) ;
#1938 = VERTEX_POINT ( 'NONE', #2307 ) ;
#1939 = CARTESIAN_POINT ( 'NONE',  ( 5.350000000015000090, 5.849999999998000355, 10.79999999999999893 ) ) ;
#1940 = EDGE_CURVE ( 'NONE', #767, #3075, #2291, .T. ) ;
#1941 = DIRECTION ( 'NONE',  ( 0.000000000000000000, 0.000000000000000000, 1.000000000000000000 ) ) ;
#1942 = CARTESIAN_POINT ( 'NONE',  ( 4.950286925933999882, 4.949729665750000507, 10.14976029999999874 ) ) ;
#1943 = ORIENTED_EDGE ( 'NONE', *, *, #935, .T. ) ;
#1944 = ORIENTED_EDGE ( 'NONE', *, *, #1154, .F. ) ;
#1945 = LINE ( 'NONE', #2184, #1686 ) ;
#1946 = ORIENTED_EDGE ( 'NONE', *, *, #2924, .F. ) ;
#1947 = ORIENTED_EDGE ( 'NONE', *, *, #219, .F. ) ;
#1948 = CARTESIAN_POINT ( 'NONE',  ( 0.000000000000000000, 5.850000000000000533, 10.33499999999999908 ) ) ;
#1949 = DIRECTION ( 'NONE',  ( 0.000000000000000000, 0.000000000000000000, -1.000000000000000000 ) ) ;
#1950 = CARTESIAN_POINT ( 'NONE',  ( 4.850000000000000533, -4.850000000000000533, 10.24797220955249877 ) ) ;
#1951 = ORIENTED_EDGE ( 'NONE', *, *, #2996, .F. ) ;
#1952 = LINE ( 'NONE', #511, #3361 ) ;
#1953 = EDGE_CURVE ( 'NONE', #1564, #2915, #2828, .T. ) ;
#1954 = EDGE_CURVE ( 'NONE', #1094, #554, #1187, .T. ) ;
#1955 = CARTESIAN_POINT ( 'NONE',  ( -4.946542076182000258, 1.540493364330000059, 10.24976029999999838 ) ) ;
#1956 = CARTESIAN_POINT ( 'NONE',  ( 4.959523887267001108, -4.950271625087000693, 2.049520199999999903 ) ) ;
#1957 = ORIENTED_EDGE ( 'NONE', *, *, #3444, .F. ) ;
#1958 = EDGE_CURVE ( 'NONE', #1321, #1469, #1497, .T. ) ;
#1959 = ORIENTED_EDGE ( 'NONE', *, *, #3633, .F. ) ;
#1960 = AXIS2_PLACEMENT_3D ( 'NONE', #1159, #1674, #2831 ) ;
#1961 = CARTESIAN_POINT ( 'NONE',  ( 5.850000000000000533, 4.850000000000000533, 10.40000000000000036 ) ) ;
#1962 = AXIS2_PLACEMENT_3D ( 'NONE', #1022, #3643, #138 ) ;
#1963 = VERTEX_POINT ( 'NONE', #2680 ) ;
#1964 = ORIENTED_EDGE ( 'NONE', *, *, #3162, .T. ) ;
#1965 = CARTESIAN_POINT ( 'NONE',  ( -4.540477403570000625, -4.959508586421000231, 2.049520199999999903 ) ) ;
#1966 = DIRECTION ( 'NONE',  ( 1.000000000000000000, 0.000000000000000000, 0.000000000000000000 ) ) ;
#1967 = CIRCLE ( 'NONE', #3721, 0.5000000000000004441 ) ;
#1968 = FACE_OUTER_BOUND ( 'NONE', #25, .T. ) ;
#1969 = CIRCLE ( 'NONE', #1299, 0.09999999999999072131 ) ;
#1970 = VERTEX_POINT ( 'NONE', #33 ) ;
#1971 = CARTESIAN_POINT ( 'NONE',  ( 6.349999999999999645, -5.349999999999999645, 0.000000000000000000 ) ) ;
#1972 = STYLED_ITEM ( 'NONE', ( #210 ), #1268 ) ;
#1973 = AXIS2_PLACEMENT_3D ( 'NONE', #1620, #3116, #1401 ) ;
#1974 = CARTESIAN_POINT ( 'NONE',  ( -5.849999999999000444, 5.350000000009999646, 10.79999999999999893 ) ) ;
#1975 = AXIS2_PLACEMENT_3D ( 'NONE', #1669, #1441, #1966 ) ;
#1976 = CARTESIAN_POINT ( 'NONE',  ( -5.450000000000000178, -5.950000000000000178, 10.40000000000000036 ) ) ;
#1977 = EDGE_CURVE ( 'NONE', #3023, #232, #2279, .T. ) ;
#1978 = ORIENTED_EDGE ( 'NONE', *, *, #3189, .T. ) ;
#1979 = EDGE_LOOP ( 'NONE', ( #2141, #2536, #3762, #3393 ) ) ;
#1980 = CIRCLE ( 'NONE', #3438, 0.4000000000000001887 ) ;
#1981 = VECTOR ( 'NONE', #2730, 1000.000000000000000 ) ;
#1982 = DIRECTION ( 'NONE',  ( 1.258229631594999919E-13, -1.000000000000000000, -7.275135961822800100E-25 ) ) ;
#1983 = AXIS2_PLACEMENT_3D ( 'NONE', #1937, #3097, #202 ) ;
#1984 = AXIS2_PLACEMENT_3D ( 'NONE', #2788, #3662, #179 ) ;
#1985 = ORIENTED_EDGE ( 'NONE', *, *, #3022, .F. ) ;
#1986 = ORIENTED_EDGE ( 'NONE', *, *, #1611, .F. ) ;
#1987 = DIRECTION ( 'NONE',  ( 1.000000000000000000, 0.000000000000000000, 0.000000000000000000 ) ) ;
#1988 = CARTESIAN_POINT ( 'NONE',  ( 5.349999999999999645, -5.850000000000000533, 10.30000000000000071 ) ) ;
#1989 = AXIS2_PLACEMENT_3D ( 'NONE', #1086, #1370, #2253 ) ;
#1990 = DIRECTION ( 'NONE',  ( 0.000000000000000000, 0.000000000000000000, 1.000000000000000000 ) ) ;
#1991 = ORIENTED_EDGE ( 'NONE', *, *, #308, .F. ) ;
#1992 = FACE_OUTER_BOUND ( 'NONE', #305, .T. ) ;
#1993 =( NAMED_UNIT ( * ) PLANE_ANGLE_UNIT ( ) SI_UNIT ( $, .RADIAN. ) );
#1994 = CARTESIAN_POINT ( 'NONE',  ( 5.850000000000000533, 4.850000000000000533, 10.26999999999999957 ) ) ;
#1995 = ORIENTED_EDGE ( 'NONE', *, *, #780, .F. ) ;
#1996 = ORIENTED_EDGE ( 'NONE', *, *, #3358, .T. ) ;
#1997 = CARTESIAN_POINT ( 'NONE',  ( -5.349999999999999645, 6.349999999999999645, 0.000000000000000000 ) ) ;
#1998 = ADVANCED_FACE ( 'NONE', ( #1759 ), #2914, .F. ) ;
#1999 = EDGE_LOOP ( 'NONE', ( #326, #3410 ) ) ;
#2000 = ORIENTED_EDGE ( 'NONE', *, *, #2767, .T. ) ;
#2001 = DIRECTION ( 'NONE',  ( 0.000000000000000000, 0.000000000000000000, 1.000000000000000000 ) ) ;
#2002 = EDGE_CURVE ( 'NONE', #3039, #2665, #2618, .T. ) ;
#2003 = CARTESIAN_POINT ( 'NONE',  ( 0.000000000000000000, 0.000000000000000000, 10.26999999999999957 ) ) ;
#2004 = LINE ( 'NONE', #197, #2042 ) ;
#2005 = ORIENTED_EDGE ( 'NONE', *, *, #628, .F. ) ;
#2006 = CARTESIAN_POINT ( 'NONE',  ( 5.350000000044999204, 5.850000000000000533, 10.80000000000010019 ) ) ;
#2007 = ADVANCED_FACE ( 'NONE', ( #3775 ), #588, .F. ) ;
#2008 = CARTESIAN_POINT ( 'NONE',  ( -5.450000000000000178, 5.950000000000000178, 0.3999999999999993006 ) ) ;
#2009 = SURFACE_STYLE_USAGE ( .BOTH. , #551 ) ;
#2010 = CARTESIAN_POINT ( 'NONE',  ( -5.349999999999999645, 6.349999999999999645, 0.000000000000000000 ) ) ;
#2011 = ORIENTED_EDGE ( 'NONE', *, *, #1565, .F. ) ;
#2012 = ORIENTED_EDGE ( 'NONE', *, *, #107, .F. ) ;
#2013 = DIRECTION ( 'NONE',  ( -0.000000000000000000, 1.000000000000000000, 0.000000000000000000 ) ) ;
#2014 = CARTESIAN_POINT ( 'NONE',  ( -4.973541558323000267, -2.415827388947999754, 1.901760299999999404 ) ) ;
#2015 = VECTOR ( 'NONE', #1198, 1000.000000000000000 ) ;
#2016 = ORIENTED_EDGE ( 'NONE', *, *, #3504, .F. ) ;
#2017 = EDGE_LOOP ( 'NONE', ( #3046, #795, #3453, #2315 ) ) ;
#2018 = DIRECTION ( 'NONE',  ( 0.000000000000000000, 0.000000000000000000, 1.000000000000000000 ) ) ;
#2019 = AXIS2_PLACEMENT_3D ( 'NONE', #840, #3735, #800 ) ;
#2020 = DIRECTION ( 'NONE',  ( 1.000000000000000000, 0.000000000000000000, 0.000000000000000000 ) ) ;
#2021 = EDGE_CURVE ( 'NONE', #3536, #3061, #2765, .T. ) ;
#2022 = ORIENTED_EDGE ( 'NONE', *, *, #2558, .T. ) ;
#2023 = DIRECTION ( 'NONE',  ( 1.000000000000000000, 0.000000000000000000, 0.000000000000000000 ) ) ;
#2024 = DIRECTION ( 'NONE',  ( 0.000000000000000000, 0.000000000000000000, 1.000000000000000000 ) ) ;
#2025 = FILL_AREA_STYLE ('',( #2242 ) ) ;
#2026 = AXIS2_PLACEMENT_3D ( 'NONE', #3204, #348, #2913 ) ;
#2027 = CARTESIAN_POINT ( 'NONE',  ( -4.975491360460999601, -0.3260661585560999387, 9.549760299999999091 ) ) ;
#2028 = DIRECTION ( 'NONE',  ( 0.000000000000000000, 0.000000000000000000, 1.000000000000000000 ) ) ;
#2029 = CIRCLE ( 'NONE', #2522, 0.4000000000000001887 ) ;
#2030 = VERTEX_POINT ( 'NONE', #1248 ) ;
#2031 = CARTESIAN_POINT ( 'NONE',  ( 4.959523887267001108, -4.950271625087000693, -4.550239699999999665 ) ) ;
#2032 = CIRCLE ( 'NONE', #3071, 0.2999999999999999334 ) ;
#2033 = FACE_OUTER_BOUND ( 'NONE', #3747, .T. ) ;
#2034 = AXIS2_PLACEMENT_3D ( 'NONE', #2905, #602, #1696 ) ;
#2035 = VECTOR ( 'NONE', #1879, 1000.000000000000000 ) ;
#2036 = ORIENTED_EDGE ( 'NONE', *, *, #3308, .T. ) ;
#2037 = VERTEX_POINT ( 'NONE', #3539 ) ;
#2038 = LINE ( 'NONE', #3480, #936 ) ;
#2039 = AXIS2_PLACEMENT_3D ( 'NONE', #1353, #3664, #2217 ) ;
#2040 = AXIS2_PLACEMENT_3D ( 'NONE', #3016, #783, #1352 ) ;
#2041 = ORIENTED_EDGE ( 'NONE', *, *, #2493, .F. ) ;
#2042 = VECTOR ( 'NONE', #274, 1000.000000000000000 ) ;
#2043 = EDGE_CURVE ( 'NONE', #1036, #2897, #3494, .T. ) ;
#2044 = DIRECTION ( 'NONE',  ( 0.000000000000000000, 6.335704227719000198E-12, -1.000000000000000000 ) ) ;
#2045 = CARTESIAN_POINT ( 'NONE',  ( 5.349999999999999645, -6.349999999999999645, 0.000000000000000000 ) ) ;
#2046 = EDGE_CURVE ( 'NONE', #2897, #1036, #2770, .T. ) ;
#2047 = CYLINDRICAL_SURFACE ( 'NONE', #2097, 0.4000000000000001887 ) ;
#2048 = CARTESIAN_POINT ( 'NONE',  ( -5.123541558323000622, -2.415827388947999754, 9.549760299999999091 ) ) ;
#2049 = DIRECTION ( 'NONE',  ( 0.000000000000000000, 0.000000000000000000, 1.000000000000000000 ) ) ;
#2050 = CARTESIAN_POINT ( 'NONE',  ( -5.340477403570000448, -4.959508586421000231, -4.550239699999999665 ) ) ;
#2051 = ORIENTED_EDGE ( 'NONE', *, *, #2349, .F. ) ;
#2052 = DIRECTION ( 'NONE',  ( 1.000000000000000000, 0.000000000000000000, 0.000000000000000000 ) ) ;
#2053 = EDGE_CURVE ( 'NONE', #1938, #2983, #82, .T. ) ;
#2054 = ORIENTED_EDGE ( 'NONE', *, *, #135, .F. ) ;
#2055 = ORIENTED_EDGE ( 'NONE', *, *, #748, .F. ) ;
#2056 = CARTESIAN_POINT ( 'NONE',  ( -5.350000000015000090, 5.849999999998000355, 10.79999999999999893 ) ) ;
#2057 = CARTESIAN_POINT ( 'NONE',  ( -5.349999999999999645, 5.349999999999999645, 10.79999999999999893 ) ) ;
#2058 =( BOUNDED_SURFACE ( )  B_SPLINE_SURFACE ( 3, 3, ( 
 ( #1923, #2444, #1340, #3059 ),
 ( #1381, #2161, #1600, #3084 ),
 ( #144, #1899, #456, #2244 ),
 ( #206, #2224, #1880, #2181 ) ),
 .UNSPECIFIED., .F., .F., .T. ) 
 B_SPLINE_SURFACE_WITH_KNOTS ( ( 4, 4 ),
 ( 4, 4 ),
 ( 0.000000000000000000, 1.000000000000000000 ),
 ( 0.000000000000000000, 1.000000000000000000 ),
 .UNSPECIFIED. ) 
 GEOMETRIC_REPRESENTATION_ITEM ( )  RATIONAL_B_SPLINE_SURFACE ( (
 ( 1.441332028211000038, 1.120295835216000180, 1.120295835216000180, 1.441332028211000038),
 ( 1.120295835216000180, 0.8707658844992000047, 0.8707658844992000047, 1.120295835216000180),
 ( 1.120295835216000180, 0.8707658844992000047, 0.8707658844992000047, 1.120295835216000180),
 ( 1.441332028211000038, 1.120295835216000180, 1.120295835216000180, 1.441332028211000038) ) ) 
 REPRESENTATION_ITEM ( '' )  SURFACE ( )  );
#2059 = ORIENTED_EDGE ( 'NONE', *, *, #2910, .T. ) ;
#2060 = DIRECTION ( 'NONE',  ( -1.000000000000000000, 0.000000000000000000, 0.000000000000000000 ) ) ;
#2061 = DIRECTION ( 'NONE',  ( 0.000000000000000000, 0.000000000000000000, 1.000000000000000000 ) ) ;
#2062 = DIRECTION ( 'NONE',  ( 1.000000000000000000, 0.000000000000000000, 0.000000000000000000 ) ) ;
#2063 = CARTESIAN_POINT ( 'NONE',  ( -5.349999999999999645, 5.349999999999999645, 10.30000000000000071 ) ) ;
#2064 = DIRECTION ( 'NONE',  ( -1.000000000000000000, 0.000000000000000000, 0.000000000000000000 ) ) ;
#2065 = CARTESIAN_POINT ( 'NONE',  ( -5.350000011127999500, -6.349999999999999645, 10.30000000000000071 ) ) ;
#2066 = ADVANCED_FACE ( 'NONE', ( #44 ), #3226, .F. ) ;
#2067 = ORIENTED_EDGE ( 'NONE', *, *, #1255, .F. ) ;
#2068 = CARTESIAN_POINT ( 'NONE',  ( -5.340477403569000359, -4.959508586421000231, 10.14976029999999874 ) ) ;
#2069 = ORIENTED_EDGE ( 'NONE', *, *, #1661, .T. ) ;
#2070 = VERTEX_POINT ( 'NONE', #2656 ) ;
#2071 = DIRECTION ( 'NONE',  ( -1.000000000000000000, 0.000000000000000000, 0.000000000000000000 ) ) ;
#2072 = ORIENTED_EDGE ( 'NONE', *, *, #2668, .F. ) ;
#2073 = DIRECTION ( 'NONE',  ( 0.000000000000000000, 0.000000000000000000, -1.000000000000000000 ) ) ;
#2074 = FACE_OUTER_BOUND ( 'NONE', #1207, .T. ) ;
#2075 = AXIS2_PLACEMENT_3D ( 'NONE', #2376, #13, #2613 ) ;
#2076 = DIRECTION ( 'NONE',  ( 0.000000000000000000, 0.000000000000000000, 1.000000000000000000 ) ) ;
#2077 = ORIENTED_EDGE ( 'NONE', *, *, #3484, .T. ) ;
#2078 = DIRECTION ( 'NONE',  ( -1.000000000000000000, 0.000000000000000000, 0.000000000000000000 ) ) ;
#2079 = CYLINDRICAL_SURFACE ( 'NONE', #1079, 0.2500000000000002220 ) ;
#2080 = DIRECTION ( 'NONE',  ( -2.049642507000000250E-14, 0.000000000000000000, 1.000000000000000000 ) ) ;
#2081 = ORIENTED_EDGE ( 'NONE', *, *, #1189, .F. ) ;
#2082 = ADVANCED_FACE ( 'NONE', ( #1215 ), #3273, .T. ) ;
#2083 = ADVANCED_FACE ( 'NONE', ( #1543 ), #2690, .F. ) ;
#2084 = ADVANCED_FACE ( 'NONE', ( #3193 ), #1751, .T. ) ;
#2085 = TOROIDAL_SURFACE ( 'NONE', #1845, 0.1499999999996000088, 0.09999999999998999967 ) ;
#2086 = CARTESIAN_POINT ( 'NONE',  ( 4.950000000000000178, 4.950000000000000178, 0.4215579590869985571 ) ) ;
#2087 = ORIENTED_EDGE ( 'NONE', *, *, #927, .F. ) ;
#2088 = VECTOR ( 'NONE', #2468, 1000.000000000000000 ) ;
#2089 = CARTESIAN_POINT ( 'NONE',  ( -4.546542076182000791, 1.540493364330000059, 1.549520199999999681 ) ) ;
#2090 = AXIS2_PLACEMENT_3D ( 'NONE', #2845, #485, #1649 ) ;
#2091 = VERTEX_POINT ( 'NONE', #2068 ) ;
#2092 = DIRECTION ( 'NONE',  ( 1.000000000000000000, 0.000000000000000000, 0.000000000000000000 ) ) ;
#2093 = CIRCLE ( 'NONE', #3618, 0.2999999999999999334 ) ;
#2094 = DIRECTION ( 'NONE',  ( -1.000000000000000000, 0.000000000000000000, 0.000000000000000000 ) ) ;
#2095 = EDGE_CURVE ( 'NONE', #1688, #1702, #1271, .T. ) ;
#2096 =( NAMED_UNIT ( * ) PLANE_ANGLE_UNIT ( ) SI_UNIT ( $, .RADIAN. ) );
#2097 = AXIS2_PLACEMENT_3D ( 'NONE', #617, #2976, #1465 ) ;
#2098 = ORIENTED_EDGE ( 'NONE', *, *, #1726, .F. ) ;
#2099 = DIRECTION ( 'NONE',  ( 0.000000000000000000, 0.000000000000000000, -1.000000000000000000 ) ) ;
#2100 = DIRECTION ( 'NONE',  ( 1.000000000000000000, 0.000000000000000000, 0.000000000000000000 ) ) ;
#2101 = CARTESIAN_POINT ( 'NONE',  ( -4.949714364904000519, 4.940492704416000080, 2.069920095917998637 ) ) ;
#2102 = DIRECTION ( 'NONE',  ( 0.000000000000000000, 0.000000000000000000, -1.000000000000000000 ) ) ;
#2103 = CARTESIAN_POINT ( 'NONE',  ( -5.850000000000000533, -4.850000000000000533, 10.26999999999999957 ) ) ;
#2104 = AXIS2_PLACEMENT_3D ( 'NONE', #1603, #3352, #438 ) ;
#2105 = ORIENTED_EDGE ( 'NONE', *, *, #1567, .T. ) ;
#2106 = LINE ( 'NONE', #3279, #759 ) ;
#2107 = ORIENTED_EDGE ( 'NONE', *, *, #3188, .F. ) ;
#2108 = ADVANCED_FACE ( 'NONE', ( #629 ), #968, .T. ) ;
#2109 = ORIENTED_EDGE ( 'NONE', *, *, #2676, .T. ) ;
#2110 = DIRECTION ( 'NONE',  ( 0.000000000000000000, 0.000000000000000000, 1.000000000000000000 ) ) ;
#2111 = FACE_OUTER_BOUND ( 'NONE', #3278, .T. ) ;
#2112 = ADVANCED_FACE ( 'NONE', ( #2118 ), #2965, .T. ) ;
#2113 = VERTEX_POINT ( 'NONE', #1029 ) ;
#2114 = CARTESIAN_POINT ( 'NONE',  ( -4.850000000000000533, 5.850000000000000533, 10.40000000000000036 ) ) ;
#2115 = DIRECTION ( 'NONE',  ( 0.000000000000000000, 0.000000000000000000, -1.000000000000000000 ) ) ;
#2116 = DIRECTION ( 'NONE',  ( -1.000000000000000000, 7.699998407973489011E-10, 0.000000000000000000 ) ) ;
#2117 = APPLICATION_PROTOCOL_DEFINITION ( 'draft international standard', 'automotive_design', 1998, #3180 ) ;
#2118 = FACE_OUTER_BOUND ( 'NONE', #1342, .T. ) ;
#2119 = LINE ( 'NONE', #3468, #1676 ) ;
#2120 = ORIENTED_EDGE ( 'NONE', *, *, #1424, .T. ) ;
#2121 = FACE_BOUND ( 'NONE', #1331, .T. ) ;
#2122 = CLOSED_SHELL ( 'NONE', ( #3705, #1749, #2372, #2428, #3124, #3446, #360, #3145, #824, #3573, #1337, #2850 ) ) ;
#2123 = EDGE_LOOP ( 'NONE', ( #2471, #2866, #1788, #2928 ) ) ;
#2124 = VERTEX_POINT ( 'NONE', #3348 ) ;
#2125 = DIRECTION ( 'NONE',  ( 1.000000000000000000, 0.000000000000000000, 0.000000000000000000 ) ) ;
#2126 = DIRECTION ( 'NONE',  ( 0.000000000000000000, 0.000000000000000000, 1.000000000000000000 ) ) ;
#2127 = EDGE_CURVE ( 'NONE', #2070, #1326, #1246, .T. ) ;
#2128 = FACE_OUTER_BOUND ( 'NONE', #2931, .T. ) ;
#2129 = VERTEX_POINT ( 'NONE', #1071 ) ;
#2130 = CARTESIAN_POINT ( 'NONE',  ( 4.959523887267001108, -4.950271625087000693, 1.549520199999999681 ) ) ;
#2131 = DIRECTION ( 'NONE',  ( -1.000000000000000000, 0.000000000000000000, 0.000000000000000000 ) ) ;
#2132 = CIRCLE ( 'NONE', #1962, 0.4499999999999999001 ) ;
#2133 = DIRECTION ( 'NONE',  ( 0.000000000000000000, 0.000000000000000000, -1.000000000000000000 ) ) ;
#2134 = CARTESIAN_POINT ( 'NONE',  ( 5.450000000000000178, 5.450000000000000178, 0.3999999999999993006 ) ) ;
#2135 = FACE_OUTER_BOUND ( 'NONE', #869, .T. ) ;
#2136 = ORIENTED_EDGE ( 'NONE', *, *, #1824, .F. ) ;
#2137 = DIRECTION ( 'NONE',  ( 0.000000000000000000, 0.000000000000000000, 1.000000000000000000 ) ) ;
#2138 = CIRCLE ( 'NONE', #3127, 0.6499999999999995781 ) ;
#2139 = DIRECTION ( 'NONE',  ( -1.000000000000000000, 0.000000000000000000, 0.000000000000000000 ) ) ;
#2140 = AXIS2_PLACEMENT_3D ( 'NONE', #2784, #692, #1909 ) ;
#2141 = ORIENTED_EDGE ( 'NONE', *, *, #1053, .T. ) ;
#2142 = EDGE_LOOP ( 'NONE', ( #423, #3519, #2800, #1627 ) ) ;
#2143 = DIRECTION ( 'NONE',  ( 0.000000000000000000, 0.000000000000000000, 1.000000000000000000 ) ) ;
#2144 = DIRECTION ( 'NONE',  ( -1.000000000000000000, 0.000000000000000000, 0.000000000000000000 ) ) ;
#2145 = AXIS2_PLACEMENT_3D ( 'NONE', #132, #3030, #3341 ) ;
#2146 = CARTESIAN_POINT ( 'NONE',  ( -4.946542076182000258, 1.540493364330000059, 2.049520199999999903 ) ) ;
#2147 = EDGE_CURVE ( 'NONE', #767, #1416, #2488, .T. ) ;
#2148 = VERTEX_POINT ( 'NONE', #1008 ) ;
#2149 = AXIS2_PLACEMENT_3D ( 'NONE', #1527, #650, #2020 ) ;
#2150 = VECTOR ( 'NONE', #314, 1000.000000000000000 ) ;
#2151 = CARTESIAN_POINT ( 'NONE',  ( 4.500000000000000000, -4.950000000000000178, 0.000000000000000000 ) ) ;
#2152 = ADVANCED_FACE ( 'NONE', ( #3019 ), #3332, .F. ) ;
#2153 = CIRCLE ( 'NONE', #3384, 0.6500000000000003553 ) ;
#2154 =( GEOMETRIC_REPRESENTATION_CONTEXT ( 3 ) GLOBAL_UNCERTAINTY_ASSIGNED_CONTEXT ( ( #739 ) ) GLOBAL_UNIT_ASSIGNED_CONTEXT ( ( #941, #2096, #3558 ) ) REPRESENTATION_CONTEXT ( 'NONE', 'WORKASPACE' ) );
#2155 = DIRECTION ( 'NONE',  ( -1.000000000000000000, 0.000000000000000000, 0.000000000000000000 ) ) ;
#2156 = DIRECTION ( 'NONE',  ( 0.000000000000000000, -1.000000000000000000, 0.000000000000000000 ) ) ;
#2157 = ORIENTED_EDGE ( 'NONE', *, *, #1060, .T. ) ;
#2158 = EDGE_CURVE ( 'NONE', #850, #2547, #280, .T. ) ;
#2159 = VECTOR ( 'NONE', #1634, 1000.000000000000000 ) ;
#2160 = DIRECTION ( 'NONE',  ( 0.000000000000000000, 0.000000000000000000, -1.000000000000000000 ) ) ;
#2161 = CARTESIAN_POINT ( 'NONE',  ( 6.402586518619003186, 5.942275964563004109, 10.59109372066169996 ) ) ;
#2162 = ADVANCED_FACE ( 'NONE', ( #3058 ), #740, .T. ) ;
#2163 = ORIENTED_EDGE ( 'NONE', *, *, #584, .T. ) ;
#2164 = DIRECTION ( 'NONE',  ( 0.000000000000000000, 0.000000000000000000, -1.000000000000000000 ) ) ;
#2165 = CYLINDRICAL_SURFACE ( 'NONE', #2780, 0.4000000000000001887 ) ;
#2166 = AXIS2_PLACEMENT_3D ( 'NONE', #1926, #987, #2139 ) ;
#2167 = EDGE_LOOP ( 'NONE', ( #2889, #1031 ) ) ;
#2168 = EDGE_LOOP ( 'NONE', ( #2105, #1957, #2977, #2516 ) ) ;
#2169 = DIRECTION ( 'NONE',  ( 0.000000000000000000, 0.000000000000000000, -1.000000000000000000 ) ) ;
#2170 = DIRECTION ( 'NONE',  ( -0.9986594744492255371, 0.05176151169350081543, 0.000000000000000000 ) ) ;
#2171 = PLANE ( 'NONE',  #1508 ) ;
#2172 = EDGE_LOOP ( 'NONE', ( #1283, #3634, #1163, #1151 ) ) ;
#2173 = DIRECTION ( 'NONE',  ( 0.000000000000000000, 0.000000000000000000, 1.000000000000000000 ) ) ;
#2174 = DIRECTION ( 'NONE',  ( 1.000000000000000000, 0.000000000000000000, 0.000000000000000000 ) ) ;
#2175 = CARTESIAN_POINT ( 'NONE',  ( 5.350000011177000303, -6.349999999999999645, 10.30000000000000071 ) ) ;
#2176 = CYLINDRICAL_SURFACE ( 'NONE', #1288, 0.6500000000000003553 ) ;
#2177 = DIRECTION ( 'NONE',  ( -0.9978655496215643739, 0.06530195156695776937, 0.000000000000000000 ) ) ;
#2178 = UNCERTAINTY_MEASURE_WITH_UNIT (LENGTH_MEASURE( 1.000000000000000082E-05 ), #3760, 'distance_accuracy_value', 'NONE');
#2179 = CARTESIAN_POINT ( 'NONE',  ( -5.849999999999000444, 5.350000000009999646, 10.79999999999999893 ) ) ;
#2180 = EDGE_CURVE ( 'NONE', #368, #2030, #2339, .T. ) ;
#2181 = CARTESIAN_POINT ( 'NONE',  ( 5.323269354592001790, 5.820905368549999181, 10.79919639315699875 ) ) ;
#2182 = VERTEX_POINT ( 'NONE', #1339 ) ;
#2183 = DIRECTION ( 'NONE',  ( 1.000000000000000000, 0.000000000000000000, 0.000000000000000000 ) ) ;
#2184 = CARTESIAN_POINT ( 'NONE',  ( 4.559523887267000752, -4.950271624933000325, 10.14976029999999874 ) ) ;
#2185 = ORIENTED_EDGE ( 'NONE', *, *, #1616, .T. ) ;
#2186 = ORIENTED_EDGE ( 'NONE', *, *, #323, .F. ) ;
#2187 = DIRECTION ( 'NONE',  ( 2.272487753529615274E-13, 0.000000000000000000, 1.000000000000000000 ) ) ;
#2188 = DIRECTION ( 'NONE',  ( -1.000000000000000000, 0.000000000000000000, 0.000000000000000000 ) ) ;
#2189 = CARTESIAN_POINT ( 'NONE',  ( -5.305166238729998263, -6.139822264006996377, 10.81732865143269962 ) ) ;
#2190 = STYLED_ITEM ( 'NONE', ( #763 ), #2 ) ;
#2191 = ORIENTED_EDGE ( 'NONE', *, *, #2147, .T. ) ;
#2192 = DIRECTION ( 'NONE',  ( 0.000000000000000000, 0.000000000000000000, 1.000000000000000000 ) ) ;
#2193 = AXIS2_PLACEMENT_3D ( 'NONE', #821, #3405, #2811 ) ;
#2194 = DIRECTION ( 'NONE',  ( 0.000000000000000000, 0.000000000000000000, 1.000000000000000000 ) ) ;
#2195 = DIRECTION ( 'NONE',  ( -1.000000000000000000, 0.000000000000000000, 0.000000000000000000 ) ) ;
#2196 = VECTOR ( 'NONE', #1398, 1000.000000000000000 ) ;
#2197 = CARTESIAN_POINT ( 'NONE',  ( -4.946542076182000258, 1.540493364330000059, 10.14976029999999874 ) ) ;
#2198 = DIRECTION ( 'NONE',  ( 0.000000000000000000, 0.000000000000000000, 1.000000000000000000 ) ) ;
#2199 = CIRCLE ( 'NONE', #1059, 1.000000000000000000 ) ;
#2200 = EDGE_CURVE ( 'NONE', #110, #1539, #2814, .T. ) ;
#2201 = ORIENTED_EDGE ( 'NONE', *, *, #1538, .F. ) ;
#2202 = EDGE_CURVE ( 'NONE', #781, #859, #1076, .T. ) ;
#2203 = EDGE_CURVE ( 'NONE', #2645, #1384, #1558, .T. ) ;
#2204 = CARTESIAN_POINT ( 'NONE',  ( 4.950286925933999882, 4.949729665750000507, -4.844239700000001037 ) ) ;
#2205 = AXIS2_PLACEMENT_3D ( 'NONE', #3378, #776, #1367 ) ;
#2206 = ORIENTED_EDGE ( 'NONE', *, *, #1837, .T. ) ;
#2207 = ORIENTED_EDGE ( 'NONE', *, *, #1932, .F. ) ;
#2208 = AXIS2_PLACEMENT_3D ( 'NONE', #1218, #2013, #1181 ) ;
#2209 = DIRECTION ( 'NONE',  ( -1.000000000000000000, 0.000000000000000000, 0.000000000000000000 ) ) ;
#2210 = CARTESIAN_POINT ( 'NONE',  ( -5.400002800000000214, 1.550004779999999860, 0.3999999999999993006 ) ) ;
#2211 = DIRECTION ( 'NONE',  ( 0.000000000000000000, 0.000000000000000000, -1.000000000000000000 ) ) ;
#2212 = VERTEX_POINT ( 'NONE', #1922 ) ;
#2213 = DIRECTION ( 'NONE',  ( 1.000000000000000000, 0.000000000000000000, 0.000000000000000000 ) ) ;
#2214 = EDGE_CURVE ( 'NONE', #2983, #1938, #2459, .T. ) ;
#2215 = AXIS2_PLACEMENT_3D ( 'NONE', #3731, #3432, #240 ) ;
#2216 = DIRECTION ( 'NONE',  ( 0.000000000000000000, 0.000000000000000000, 1.000000000000000000 ) ) ;
#2217 = DIRECTION ( 'NONE',  ( -1.000000000000000000, 0.000000000000000000, 0.000000000000000000 ) ) ;
#2218 = CIRCLE ( 'NONE', #3493, 0.9999999999999003020 ) ;
#2219 = DIRECTION ( 'NONE',  ( 1.000000000000000000, 0.000000000000000000, 0.000000000000000000 ) ) ;
#2220 = CARTESIAN_POINT ( 'NONE',  ( -4.850000000000000533, 4.850000000000000533, 10.24797220955249877 ) ) ;
#2221 = AXIS2_PLACEMENT_3D ( 'NONE', #3602, #1915, #761 ) ;
#2222 = CIRCLE ( 'NONE', #839, 0.4999999999999995559 ) ;
#2223 = DIRECTION ( 'NONE',  ( 0.000000000000000000, 0.000000000000000000, 1.000000000000000000 ) ) ;
#2224 = CARTESIAN_POINT ( 'NONE',  ( 5.292344795945004066, 6.365693586900998291, 10.59109372066169996 ) ) ;
#2225 = ORIENTED_EDGE ( 'NONE', *, *, #1025, .F. ) ;
#2226 = AXIS2_PLACEMENT_3D ( 'NONE', #2086, #1583, #3565 ) ;
#2227 = ORIENTED_EDGE ( 'NONE', *, *, #3466, .T. ) ;
#2228 = CARTESIAN_POINT ( 'NONE',  ( -5.599714364903999986, 4.940492704416000080, 2.049520199999999903 ) ) ;
#2229 = CARTESIAN_POINT ( 'NONE',  ( 5.450000000000000178, -5.950000000000000178, 10.40000000000000036 ) ) ;
#2230 = ORIENTED_EDGE ( 'NONE', *, *, #3765, .T. ) ;
#2231 = VERTEX_POINT ( 'NONE', #3646 ) ;
#2232 = LINE ( 'NONE', #174, #3123 ) ;
#2233 = FACE_OUTER_BOUND ( 'NONE', #1717, .T. ) ;
#2234 = MECHANICAL_DESIGN_GEOMETRIC_PRESENTATION_REPRESENTATION (  '', ( #2599 ), #3331 ) ;
#2235 = FACE_BOUND ( 'NONE', #2898, .T. ) ;
#2236 = ADVANCED_FACE ( 'NONE', ( #723 ), #167, .T. ) ;
#2237 = EDGE_CURVE ( 'NONE', #537, #2719, #2830, .T. ) ;
#2238 = VERTEX_POINT ( 'NONE', #1092 ) ;
#2239 = DIRECTION ( 'NONE',  ( -1.000000000000000000, 0.000000000000000000, 0.000000000000000000 ) ) ;
#2240 = EDGE_CURVE ( 'NONE', #554, #1517, #143, .T. ) ;
#2241 = DIRECTION ( 'NONE',  ( -1.000000000000000000, 0.000000000000000000, 0.000000000000000000 ) ) ;
#2242 = FILL_AREA_STYLE_COLOUR ( '', #745 ) ;
#2243 = CARTESIAN_POINT ( 'NONE',  ( -6.349999999999999645, -5.349999999999999645, 0.000000000000000000 ) ) ;
#2244 = CARTESIAN_POINT ( 'NONE',  ( 5.624596526917995831, 5.838010014903999512, 10.79919639315700053 ) ) ;
#2245 = EDGE_LOOP ( 'NONE', ( #2000, #1928, #1105, #1671 ) ) ;
#2246 = ORIENTED_EDGE ( 'NONE', *, *, #3347, .T. ) ;
#2247 = SURFACE_STYLE_FILL_AREA ( #1096 ) ;
#2248 =( LENGTH_UNIT ( ) NAMED_UNIT ( * ) SI_UNIT ( .MILLI., .METRE. ) );
#2249 = ORIENTED_EDGE ( 'NONE', *, *, #1103, .F. ) ;
#2250 = ORIENTED_EDGE ( 'NONE', *, *, #378, .F. ) ;
#2251 = CARTESIAN_POINT ( 'NONE',  ( 5.850000000000000533, 4.850000000000000533, 10.40000000000000036 ) ) ;
#2252 = FACE_OUTER_BOUND ( 'NONE', #3236, .T. ) ;
#2253 = DIRECTION ( 'NONE',  ( -1.000000000000000000, 5.204170427930949504E-14, 0.000000000000000000 ) ) ;
#2254 = VERTEX_POINT ( 'NONE', #3037 ) ;
#2255 = CARTESIAN_POINT ( 'NONE',  ( -4.296542076182000791, 1.540493364330000059, 2.049520199999999903 ) ) ;
#2256 = ADVANCED_FACE ( 'NONE', ( #2794 ), #1194, .T. ) ;
#2257 = EDGE_CURVE ( 'NONE', #1423, #2900, #1386, .T. ) ;
#2258 = AXIS2_PLACEMENT_3D ( 'NONE', #2441, #786, #2466 ) ;
#2259 = PRESENTATION_STYLE_ASSIGNMENT (( #1108 ) ) ;
#2260 =( NAMED_UNIT ( * ) PLANE_ANGLE_UNIT ( ) SI_UNIT ( $, .RADIAN. ) );
#2261 = ORIENTED_EDGE ( 'NONE', *, *, #1791, .F. ) ;
#2262 = ORIENTED_EDGE ( 'NONE', *, *, #3688, .T. ) ;
#2263 = CIRCLE ( 'NONE', #258, 0.4000000000004000356 ) ;
#2264 = DIRECTION ( 'NONE',  ( 0.000000000000000000, 0.000000000000000000, 1.000000000000000000 ) ) ;
#2265 =( NAMED_UNIT ( * ) PLANE_ANGLE_UNIT ( ) SI_UNIT ( $, .RADIAN. ) );
#2266 = EDGE_LOOP ( 'NONE', ( #1881, #3463, #3609, #907, #3514, #2458, #2943, #400 ) ) ;
#2267 = DIRECTION ( 'NONE',  ( -0.000000000000000000, 1.000000000000000000, 0.000000000000000000 ) ) ;
#2268 = CARTESIAN_POINT ( 'NONE',  ( -4.850000000000000533, 5.850000000000000533, 10.26999999999999957 ) ) ;
#2269 = DIRECTION ( 'NONE',  ( -1.000000000000000000, 0.000000000000000000, 0.000000000000000000 ) ) ;
#2270 = CIRCLE ( 'NONE', #2026, 0.4499999999999999001 ) ;
#2271 = ORIENTED_EDGE ( 'NONE', *, *, #3571, .T. ) ;
#2272 = CARTESIAN_POINT ( 'NONE',  ( 4.559523887267000752, -4.950271625087000693, 1.549520199999999681 ) ) ;
#2273 = CIRCLE ( 'NONE', #995, 0.6500000000000003553 ) ;
#2274 = DIRECTION ( 'NONE',  ( 1.000000000000000000, 0.000000000000000000, 0.000000000000000000 ) ) ;
#2275 = EDGE_CURVE ( 'NONE', #689, #1774, #2396, .T. ) ;
#2276 = AXIS2_PLACEMENT_3D ( 'NONE', #2220, #1747, #3186 ) ;
#2277 = DIRECTION ( 'NONE',  ( -0.000000000000000000, 1.000000000000000000, 0.000000000000000000 ) ) ;
#2278 = VECTOR ( 'NONE', #2080, 1000.000000000000000 ) ;
#2279 = CIRCLE ( 'NONE', #18, 1.000000000000000000 ) ;
#2280 = CARTESIAN_POINT ( 'NONE',  ( -4.948128219357998958, 3.240491764373999661, 1.901760299999999404 ) ) ;
#2281 = ADVANCED_FACE ( 'NONE', ( #3473 ), #876, .F. ) ;
#2282 = ORIENTED_EDGE ( 'NONE', *, *, #1520, .F. ) ;
#2283 = ORIENTED_EDGE ( 'NONE', *, *, #2693, .T. ) ;
#2284 = AXIS2_PLACEMENT_3D ( 'NONE', #2298, #1414, #857 ) ;
#2285 = CARTESIAN_POINT ( 'NONE',  ( -4.949714364904000519, 4.940492704416000080, 1.549520199999999681 ) ) ;
#2286 = MECHANICAL_DESIGN_GEOMETRIC_PRESENTATION_REPRESENTATION (  '', ( #157 ), #3610 ) ;
#2287 = ADVANCED_FACE ( 'NONE', ( #2713 ), #2369, .T. ) ;
#2288 = VERTEX_POINT ( 'NONE', #3275 ) ;
#2289 = VERTEX_POINT ( 'NONE', #2997 ) ;
#2290 = CARTESIAN_POINT ( 'NONE',  ( -4.948128219357998958, 3.240491764373999661, 2.049760299999999980 ) ) ;
#2291 = LINE ( 'NONE', #546, #577 ) ;
#2292 = CIRCLE ( 'NONE', #17, 0.3999999999994997002 ) ;
#2293 = DIRECTION ( 'NONE',  ( 0.000000000000000000, 2.486870860266000006E-09, -1.000000000000000000 ) ) ;
#2294 = EDGE_LOOP ( 'NONE', ( #2163, #286, #1492, #1882 ) ) ;
#2295 = CARTESIAN_POINT ( 'NONE',  ( -6.349999999999999645, 5.349999999999999645, 0.000000000000000000 ) ) ;
#2296 = PRESENTATION_LAYER_ASSIGNMENT (  '', '', ( #2599 ) ) ;
#2297 = FILL_AREA_STYLE_COLOUR ( '', #2318 ) ;
#2298 = CARTESIAN_POINT ( 'NONE',  ( 4.959523887267001108, -4.950271625087000693, 10.14976029999999874 ) ) ;
#2299 = ORIENTED_EDGE ( 'NONE', *, *, #308, .T. ) ;
#2300 = ORIENTED_EDGE ( 'NONE', *, *, #3328, .T. ) ;
#2301 = DIRECTION ( 'NONE',  ( -0.9986594744492049980, 0.05176151169390024592, 0.000000000000000000 ) ) ;
#2302 = CARTESIAN_POINT ( 'NONE',  ( 0.000000000000000000, 0.000000000000000000, 0.01039999999999999952 ) ) ;
#2303 = EDGE_CURVE ( 'NONE', #2070, #2509, #901, .T. ) ;
#2304 = ORIENTED_EDGE ( 'NONE', *, *, #2878, .F. ) ;
#2305 = EDGE_LOOP ( 'NONE', ( #3469, #1716, #3008, #1636 ) ) ;
#2306 = DIRECTION ( 'NONE',  ( -1.000000000000000000, 0.000000000000000000, 0.000000000000000000 ) ) ;
#2307 = CARTESIAN_POINT ( 'NONE',  ( -4.725491360461000490, -0.3260661585560999387, 2.049760299999999980 ) ) ;
#2308 = DIRECTION ( 'NONE',  ( 0.000000000000000000, 0.000000000000000000, -1.000000000000000000 ) ) ;
#2309 = VERTEX_POINT ( 'NONE', #2050 ) ;
#2310 = DIRECTION ( 'NONE',  ( 1.000000000000000000, 0.000000000000000000, 0.000000000000000000 ) ) ;
#2311 = FACE_OUTER_BOUND ( 'NONE', #3173, .T. ) ;
#2312 = FILL_AREA_STYLE ('',( #2851 ) ) ;
#2313 = DIRECTION ( 'NONE',  ( 0.000000000000000000, 0.000000000000000000, -1.000000000000000000 ) ) ;
#2314 = CARTESIAN_POINT ( 'NONE',  ( -5.340477403570000448, -4.959508586421000231, 1.549520199999999681 ) ) ;
#2315 = ORIENTED_EDGE ( 'NONE', *, *, #1890, .T. ) ;
#2316 = DIRECTION ( 'NONE',  ( 0.000000000000000000, 0.000000000000000000, -1.000000000000000000 ) ) ;
#2317 = EDGE_CURVE ( 'NONE', #2148, #1938, #666, .T. ) ;
#2318 = COLOUR_RGB ( '',1.000000000000000000, 1.000000000000000000, 1.000000000000000000 ) ;
#2319 = EDGE_LOOP ( 'NONE', ( #2475, #1010, #2261, #2683 ) ) ;
#2320 = VERTEX_POINT ( 'NONE', #59 ) ;
#2321 = ADVANCED_FACE ( 'NONE', ( #79 ), #3495, .F. ) ;
#2322 = DIRECTION ( 'NONE',  ( -1.355443535188999945E-13, 1.000000000000000000, 7.307525481257210222E-25 ) ) ;
#2323 = VECTOR ( 'NONE', #2827, 1000.000000000000000 ) ;
#2324 = PLANE ( 'NONE',  #835 ) ;
#2325 = ORIENTED_EDGE ( 'NONE', *, *, #801, .F. ) ;
#2326 = CARTESIAN_POINT ( 'NONE',  ( 4.550286925934000415, 4.949729665750000507, 2.049520199999999903 ) ) ;
#2327 = DIRECTION ( 'NONE',  ( 0.000000000000000000, 0.000000000000000000, 1.000000000000000000 ) ) ;
#2328 =( NAMED_UNIT ( * ) PLANE_ANGLE_UNIT ( ) SI_UNIT ( $, .RADIAN. ) );
#2329 = EDGE_CURVE ( 'NONE', #3266, #153, #912, .T. ) ;
#2330 = CARTESIAN_POINT ( 'NONE',  ( 5.359523887266999687, -4.950271625087000693, -4.550239699999999665 ) ) ;
#2331 = TOROIDAL_SURFACE ( 'NONE', #1182, 0.2999999999995000000, 0.09999999999998999967 ) ;
#2332 = DIRECTION ( 'NONE',  ( 0.000000000000000000, 0.000000000000000000, 1.000000000000000000 ) ) ;
#2333 = CARTESIAN_POINT ( 'NONE',  ( 4.950000000000000178, 4.950000000000000178, 0.4215579590869985571 ) ) ;
#2334 = CIRCLE ( 'NONE', #3733, 0.5000000000000993650 ) ;
#2335 = ORIENTED_EDGE ( 'NONE', *, *, #1427, .T. ) ;
#2336 = CARTESIAN_POINT ( 'NONE',  ( -4.949714364904000519, 4.940492704416000080, -4.844239700000001037 ) ) ;
#2337 = CIRCLE ( 'NONE', #2883, 0.2500000000006004086 ) ;
#2338 = AXIS2_PLACEMENT_3D ( 'NONE', #2888, #1431, #2587 ) ;
#2339 = CIRCLE ( 'NONE', #2401, 0.09999999999999072131 ) ;
#2340 = VERTEX_POINT ( 'NONE', #359 ) ;
#2341 = ORIENTED_EDGE ( 'NONE', *, *, #1171, .F. ) ;
#2342 = CARTESIAN_POINT ( 'NONE',  ( 5.350286925933999349, 4.949729665750000507, 2.049520199999999903 ) ) ;
#2343 = DIRECTION ( 'NONE',  ( 0.000000000000000000, 0.000000000000000000, 1.000000000000000000 ) ) ;
#2344 = AXIS2_PLACEMENT_3D ( 'NONE', #90, #1259, #3587 ) ;
#2345 = TOROIDAL_SURFACE ( 'NONE', #2040, 0.2999999999995000000, 0.09999999999998999967 ) ;
#2346 = ORIENTED_EDGE ( 'NONE', *, *, #2993, .T. ) ;
#2347 = DIRECTION ( 'NONE',  ( 0.000000000000000000, 0.000000000000000000, -1.000000000000000000 ) ) ;
#2348 = CARTESIAN_POINT ( 'NONE',  ( 5.609523887267000575, -4.950271625087000693, 1.549520199999999681 ) ) ;
#2349 = EDGE_CURVE ( 'NONE', #49, #1134, #3258, .T. ) ;
#2350 = EDGE_CURVE ( 'NONE', #2900, #1423, #769, .T. ) ;
#2351 = CARTESIAN_POINT ( 'NONE',  ( 4.959523887267001108, -4.950271625087000693, 10.14976029999999874 ) ) ;
#2352 = DIRECTION ( 'NONE',  ( 1.085097750595999981E-09, 0.000000000000000000, 1.000000000000000000 ) ) ;
#2353 = CARTESIAN_POINT ( 'NONE',  ( -5.400002800000000214, 1.550004779999999860, 0.3999999999999993006 ) ) ;
#2354 = CARTESIAN_POINT ( 'NONE',  ( 4.959523887267001108, -4.950271625087000693, 2.049520199999999903 ) ) ;
#2355 = VERTEX_POINT ( 'NONE', #2353 ) ;
#2356 = DIRECTION ( 'NONE',  ( 1.000000000000000000, 0.000000000000000000, 0.000000000000000000 ) ) ;
#2357 = ORIENTED_EDGE ( 'NONE', *, *, #3471, .T. ) ;
#2358 = ORIENTED_EDGE ( 'NONE', *, *, #1861, .F. ) ;
#2359 = PLANE ( 'NONE',  #1489 ) ;
#2360 = DIRECTION ( 'NONE',  ( -1.000000000000000000, 0.000000000000000000, 0.000000000000000000 ) ) ;
#2361 = ORIENTED_EDGE ( 'NONE', *, *, #874, .F. ) ;
#2362 = CARTESIAN_POINT ( 'NONE',  ( 5.950000000000000178, -5.450000000000000178, 10.40000000000000036 ) ) ;
#2363 = DIRECTION ( 'NONE',  ( 1.000000000000000000, 0.000000000000000000, 0.000000000000000000 ) ) ;
#2364 = FILL_AREA_STYLE ('',( #3209 ) ) ;
#2365 = ORIENTED_EDGE ( 'NONE', *, *, #56, .T. ) ;
#2366 = CARTESIAN_POINT ( 'NONE',  ( 5.609523887267000575, -4.950271625087000693, 2.049520199999999903 ) ) ;
#2367 = EDGE_CURVE ( 'NONE', #1707, #3292, #949, .T. ) ;
#2368 = ADVANCED_FACE ( 'NONE', ( #338, #2673 ), #3540, .F. ) ;
#2369 = CYLINDRICAL_SURFACE ( 'NONE', #1317, 0.6499999999999995781 ) ;
#2370 = PLANE ( 'NONE',  #3736 ) ;
#2371 = ORIENTED_EDGE ( 'NONE', *, *, #3750, .T. ) ;
#2372 = ADVANCED_FACE ( 'NONE', ( #2407 ), #3563, .F. ) ;
#2373 = VERTEX_POINT ( 'NONE', #1562 ) ;
#2374 = CARTESIAN_POINT ( 'NONE',  ( -5.246542076180999992, 1.540493364330000059, 10.14976029999999874 ) ) ;
#2375 = ORIENTED_EDGE ( 'NONE', *, *, #1703, .F. ) ;
#2376 = CARTESIAN_POINT ( 'NONE',  ( -4.973541558323000267, -2.415827388947999754, 2.049760299999999980 ) ) ;
#2377 = FACE_OUTER_BOUND ( 'NONE', #1148, .T. ) ;
#2378 = AXIS2_PLACEMENT_3D ( 'NONE', #2957, #2060, #1746 ) ;
#2379 = SURFACE_SIDE_STYLE ('',( #2615 ) ) ;
#2380 = AXIS2_PLACEMENT_3D ( 'NONE', #975, #959, #2125 ) ;
#2381 = ORIENTED_EDGE ( 'NONE', *, *, #3595, .F. ) ;
#2382 = CARTESIAN_POINT ( 'NONE',  ( -5.123541558324000711, -2.415827388947999754, 9.449760299999999447 ) ) ;
#2383 = DIRECTION ( 'NONE',  ( 0.000000000000000000, 0.000000000000000000, -1.000000000000000000 ) ) ;
#2384 = DIRECTION ( 'NONE',  ( -1.000000000000000000, 0.000000000000000000, 0.000000000000000000 ) ) ;
#2385 = ADVANCED_FACE ( 'NONE', ( #1838 ), #2079, .T. ) ;
#2386 = VECTOR ( 'NONE', #1591, 1000.000000000000000 ) ;
#2387 = EDGE_CURVE ( 'NONE', #2212, #1032, #2962, .T. ) ;
#2388 = DIRECTION ( 'NONE',  ( 0.000000000000000000, 6.338993679915999745E-12, -1.000000000000000000 ) ) ;
#2389 = ADVANCED_FACE ( 'NONE', ( #1639 ), #1652, .T. ) ;
#2390 = ORIENTED_EDGE ( 'NONE', *, *, #2002, .F. ) ;
#2391 = AXIS2_PLACEMENT_3D ( 'NONE', #797, #1949, #3680 ) ;
#2392 = FACE_BOUND ( 'NONE', #914, .T. ) ;
#2393 = DIRECTION ( 'NONE',  ( 0.000000000000000000, 0.000000000000000000, 1.000000000000000000 ) ) ;
#2394 = EDGE_CURVE ( 'NONE', #3757, #3023, #3199, .T. ) ;
#2395 = AXIS2_PLACEMENT_3D ( 'NONE', #121, #2308, #868 ) ;
#2396 = CIRCLE ( 'NONE', #22, 0.4499999999999999001 ) ;
#2397 = EDGE_LOOP ( 'NONE', ( #1462, #539, #3316, #1528 ) ) ;
#2398 = CARTESIAN_POINT ( 'NONE',  ( -4.500000000000000000, -4.950000000000000178, 0.3999999999999993006 ) ) ;
#2399 = AXIS2_PLACEMENT_3D ( 'NONE', #612, #1773, #2360 ) ;
#2400 = DIRECTION ( 'NONE',  ( 0.000000000000000000, 0.000000000000000000, -1.000000000000000000 ) ) ;
#2401 = AXIS2_PLACEMENT_3D ( 'NONE', #433, #1898, #1582 ) ;
#2402 = PLANE ( 'NONE',  #27 ) ;
#2403 = MECHANICAL_DESIGN_GEOMETRIC_PRESENTATION_REPRESENTATION (  '', ( #1197 ), #2154 ) ;
#2404 = EDGE_LOOP ( 'NONE', ( #3121, #2552, #1514, #1498 ) ) ;
#2405 = DIRECTION ( 'NONE',  ( -1.000000000000000000, 7.700003828984351439E-10, 0.000000000000000000 ) ) ;
#2406 = DIRECTION ( 'NONE',  ( 1.000000000000000000, 0.000000000000000000, 0.000000000000000000 ) ) ;
#2407 = FACE_OUTER_BOUND ( 'NONE', #320, .T. ) ;
#2408 = CARTESIAN_POINT ( 'NONE',  ( -4.940477403570000092, -4.959508586421000231, 2.049520199999999903 ) ) ;
#2409 = CARTESIAN_POINT ( 'NONE',  ( -4.549714364904000163, 4.940492704416000080, -4.550239699999999665 ) ) ;
#2410 = CIRCLE ( 'NONE', #2166, 0.2999999999999999334 ) ;
#2411 = EDGE_LOOP ( 'NONE', ( #2727, #605, #129, #2036 ) ) ;
#2412 = DIRECTION ( 'NONE',  ( -1.331851295916000115E-13, 1.000000000000000000, 7.180333986243499800E-25 ) ) ;
#2413 = EDGE_CURVE ( 'NONE', #1688, #2309, #1445, .T. ) ;
#2414 = ADVANCED_FACE ( 'NONE', ( #100 ), #2422, .T. ) ;
#2415 = VERTEX_POINT ( 'NONE', #1286 ) ;
#2416 = EDGE_LOOP ( 'NONE', ( #2555, #2201 ) ) ;
#2417 = CARTESIAN_POINT ( 'NONE',  ( -5.349714364903999986, 4.940492704416000080, -4.550239699999999665 ) ) ;
#2418 = CARTESIAN_POINT ( 'NONE',  ( -4.448128219357999846, 3.240491764373999661, 1.749760300000000157 ) ) ;
#2419 = FACE_OUTER_BOUND ( 'NONE', #3501, .T. ) ;
#2420 = ORIENTED_EDGE ( 'NONE', *, *, #3745, .F. ) ;
#2421 = FACE_OUTER_BOUND ( 'NONE', #3650, .T. ) ;
#2422 = CYLINDRICAL_SURFACE ( 'NONE', #87, 0.5000000000000004441 ) ;
#2423 = DIRECTION ( 'NONE',  ( 1.000000000000000000, 0.000000000000000000, 0.000000000000000000 ) ) ;
#2424 =( LENGTH_UNIT ( ) NAMED_UNIT ( * ) SI_UNIT ( .MILLI., .METRE. ) );
#2425 = DIRECTION ( 'NONE',  ( -1.000000000000000000, 0.000000000000000000, 0.000000000000000000 ) ) ;
#2426 = ORIENTED_EDGE ( 'NONE', *, *, #603, .T. ) ;
#2427 = DIRECTION ( 'NONE',  ( 0.000000000000000000, -1.000000000000000000, 0.000000000000000000 ) ) ;
#2428 = ADVANCED_FACE ( 'NONE', ( #3034 ), #2345, .T. ) ;
#2429 = EDGE_CURVE ( 'NONE', #2915, #3529, #162, .T. ) ;
#2430 = VERTEX_POINT ( 'NONE', #1936 ) ;
#2431 = ORIENTED_EDGE ( 'NONE', *, *, #350, .F. ) ;
#2432 = CYLINDRICAL_SURFACE ( 'NONE', #1432, 0.5000000000000004441 ) ;
#2433 = DIRECTION ( 'NONE',  ( -1.000000000000000000, 5.204170427930949504E-14, 0.000000000000000000 ) ) ;
#2434 = EDGE_LOOP ( 'NONE', ( #3412, #1169, #673, #480 ) ) ;
#2435 = AXIS2_PLACEMENT_3D ( 'NONE', #75, #601, #1763 ) ;
#2436 = PLANE ( 'NONE',  #2686 ) ;
#2437 = CARTESIAN_POINT ( 'NONE',  ( 5.950000000000000178, 5.450000000000000178, 0.3999999999999993006 ) ) ;
#2438 = VECTOR ( 'NONE', #3418, 1000.000000000000000 ) ;
#2439 = EDGE_CURVE ( 'NONE', #290, #1539, #2222, .T. ) ;
#2440 = CARTESIAN_POINT ( 'NONE',  ( -5.349999999999999645, -5.349999999999999645, 0.000000000000000000 ) ) ;
#2441 = CARTESIAN_POINT ( 'NONE',  ( -5.349999999999999645, 5.349999999999999645, 10.49800000000000111 ) ) ;
#2442 = AXIS2_PLACEMENT_3D ( 'NONE', #3574, #1300, #3555 ) ;
#2443 = CARTESIAN_POINT ( 'NONE',  ( -4.948128219357998958, 3.240491764373999661, 9.449760299999999447 ) ) ;
#2444 = CARTESIAN_POINT ( 'NONE',  ( 6.365693586900998291, 5.292344795945004066, 10.59109372066169996 ) ) ;
#2445 = VECTOR ( 'NONE', #9, 1000.000000000000000 ) ;
#2446 = VERTEX_POINT ( 'NONE', #2501 ) ;
#2447 = DIRECTION ( 'NONE',  ( 1.000000000000000000, 0.000000000000000000, 0.000000000000000000 ) ) ;
#2448 = CIRCLE ( 'NONE', #1549, 0.1499999999999999667 ) ;
#2449 = CARTESIAN_POINT ( 'NONE',  ( -4.546542076182000791, 1.540493364330000059, 10.14976029999999874 ) ) ;
#2450 = CIRCLE ( 'NONE', #1377, 0.4999999999999995559 ) ;
#2451 = ORIENTED_EDGE ( 'NONE', *, *, #2394, .T. ) ;
#2452 = ORIENTED_EDGE ( 'NONE', *, *, #1814, .F. ) ;
#2453 = LINE ( 'NONE', #1575, #2932 ) ;
#2454 = CARTESIAN_POINT ( 'NONE',  ( -4.475491360461000490, -0.3260661585560999387, 2.049760299999999980 ) ) ;
#2455 = VECTOR ( 'NONE', #3382, 1000.000000000000000 ) ;
#2456 = AXIS2_PLACEMENT_3D ( 'NONE', #2990, #1301, #445 ) ;
#2457 = CYLINDRICAL_SURFACE ( 'NONE', #1745, 0.6500000000000003553 ) ;
#2458 = ORIENTED_EDGE ( 'NONE', *, *, #3042, .T. ) ;
#2459 = CIRCLE ( 'NONE', #3137, 0.2500000000000002220 ) ;
#2460 = CARTESIAN_POINT ( 'NONE',  ( -4.950000000000000178, 4.950000000000000178, 0.3999999999999993006 ) ) ;
#2461 = EDGE_CURVE ( 'NONE', #1234, #2113, #401, .T. ) ;
#2462 = CIRCLE ( 'NONE', #3257, 0.2999999999999999334 ) ;
#2463 = TOROIDAL_SURFACE ( 'NONE', #710, 0.3000000000004999778, 0.09999999999998999967 ) ;
#2464 = CARTESIAN_POINT ( 'NONE',  ( -4.973541558323000267, -2.415827388947999754, 9.449760299999999447 ) ) ;
#2465 = DIRECTION ( 'NONE',  ( 0.000000000000000000, -1.000000000000000000, -0.000000000000000000 ) ) ;
#2466 = DIRECTION ( 'NONE',  ( -1.000000000000000000, 0.000000000000000000, 0.000000000000000000 ) ) ;
#2467 = VECTOR ( 'NONE', #1852, 1000.000000000000000 ) ;
#2468 = DIRECTION ( 'NONE',  ( 0.000000000000000000, 2.486871291419999733E-09, 1.000000000000000000 ) ) ;
#2469 = DIRECTION ( 'NONE',  ( 1.000000000000000000, 0.000000000000000000, 0.000000000000000000 ) ) ;
#2470 = LINE ( 'NONE', #1009, #3194 ) ;
#2471 = ORIENTED_EDGE ( 'NONE', *, *, #2791, .F. ) ;
#2472 = CARTESIAN_POINT ( 'NONE',  ( -4.950000000000000178, -4.950000000000000178, 0.3999999999999993006 ) ) ;
#2473 = DIRECTION ( 'NONE',  ( -1.000000000000000000, 0.000000000000000000, 0.000000000000000000 ) ) ;
#2474 = EDGE_LOOP ( 'NONE', ( #882, #3343, #7, #1996 ) ) ;
#2475 = ORIENTED_EDGE ( 'NONE', *, *, #820, .F. ) ;
#2476 = CARTESIAN_POINT ( 'NONE',  ( -5.340477403570000448, -4.959508586421000231, 2.049520199999999903 ) ) ;
#2477 = LINE ( 'NONE', #3592, #1789 ) ;
#2478 = CARTESIAN_POINT ( 'NONE',  ( -4.698128219357999846, 3.240491764373999661, 9.449760299999999447 ) ) ;
#2479 = ORIENTED_EDGE ( 'NONE', *, *, #238, .T. ) ;
#2480 = CARTESIAN_POINT ( 'NONE',  ( -4.649714364904000696, 4.940492704416000080, 10.24976029999999838 ) ) ;
#2481 = CARTESIAN_POINT ( 'NONE',  ( 4.309523887267000752, -4.950271625087000693, 1.549520199999999681 ) ) ;
#2482 = EDGE_CURVE ( 'NONE', #904, #542, #1334, .T. ) ;
#2483 = ADVANCED_FACE ( 'NONE', ( #3096 ), #489, .F. ) ;
#2484 = EDGE_CURVE ( 'NONE', #1847, #537, #700, .T. ) ;
#2485 = DIRECTION ( 'NONE',  ( 1.000000000000000000, 0.000000000000000000, 0.000000000000000000 ) ) ;
#2486 = CARTESIAN_POINT ( 'NONE',  ( 5.349999999999999645, 5.349999999999999645, 0.000000000000000000 ) ) ;
#2487 = UNCERTAINTY_MEASURE_WITH_UNIT (LENGTH_MEASURE( 1.000000000000000082E-05 ), #3699, 'distance_accuracy_value', 'NONE');
#2488 = LINE ( 'NONE', #2750, #583 ) ;
#2489 = DIRECTION ( 'NONE',  ( 0.000000000000000000, 0.000000000000000000, 1.000000000000000000 ) ) ;
#2490 = ORIENTED_EDGE ( 'NONE', *, *, #299, .F. ) ;
#2491 = DIRECTION ( 'NONE',  ( 5.785302792383188843E-12, 0.000000000000000000, 1.000000000000000000 ) ) ;
#2492 = DIRECTION ( 'NONE',  ( -1.000000000000000000, 0.000000000000000000, 0.000000000000000000 ) ) ;
#2493 = EDGE_CURVE ( 'NONE', #1679, #2238, #1140, .T. ) ;
#2494 = EDGE_LOOP ( 'NONE', ( #3585, #2107, #2781, #2371 ) ) ;
#2495 = ORIENTED_EDGE ( 'NONE', *, *, #1505, .F. ) ;
#2496 = CYLINDRICAL_SURFACE ( 'NONE', #2752, 0.5000000000000004441 ) ;
#2497 = DIRECTION ( 'NONE',  ( 1.000000000000000000, 0.000000000000000000, 0.000000000000000000 ) ) ;
#2498 = CARTESIAN_POINT ( 'NONE',  ( -5.450000000000000178, 5.950000000000000178, 10.40000000000000036 ) ) ;
#2499 = EDGE_LOOP ( 'NONE', ( #636, #1769 ) ) ;
#2500 = FACE_OUTER_BOUND ( 'NONE', #3350, .T. ) ;
#2501 = CARTESIAN_POINT ( 'NONE',  ( -5.346542076181999725, 1.540493364330000059, 1.549520199999999681 ) ) ;
#2502 = LINE ( 'NONE', #3080, #2890 ) ;
#2503 = CIRCLE ( 'NONE', #1, 0.6499999999999995781 ) ;
#2504 = DIRECTION ( 'NONE',  ( 0.000000000000000000, 0.000000000000000000, 1.000000000000000000 ) ) ;
#2505 = CARTESIAN_POINT ( 'NONE',  ( 6.349999999999999645, 5.349999999999999645, 0.000000000000000000 ) ) ;
#2506 = VECTOR ( 'NONE', #3717, 1000.000000000000000 ) ;
#2507 = CARTESIAN_POINT ( 'NONE',  ( -4.950000000000000178, -4.950000000000000178, 0.4215579590869985571 ) ) ;
#2508 = DIRECTION ( 'NONE',  ( 0.000000000000000000, 0.000000000000000000, -1.000000000000000000 ) ) ;
#2509 = VERTEX_POINT ( 'NONE', #3326 ) ;
#2510 = ORIENTED_EDGE ( 'NONE', *, *, #2413, .T. ) ;
#2511 = FACE_OUTER_BOUND ( 'NONE', #2411, .T. ) ;
#2512 = DIRECTION ( 'NONE',  ( -1.000000000000000000, 6.051409373597499038E-11, 0.000000000000000000 ) ) ;
#2513 = EDGE_CURVE ( 'NONE', #504, #2540, #3743, .T. ) ;
#2514 = EDGE_CURVE ( 'NONE', #1533, #775, #1742, .T. ) ;
#2515 = EDGE_LOOP ( 'NONE', ( #383, #3388, #2971, #970 ) ) ;
#2516 = ORIENTED_EDGE ( 'NONE', *, *, #1542, .F. ) ;
#2517 = CIRCLE ( 'NONE', #3603, 0.4499999999999999001 ) ;
#2518 = CARTESIAN_POINT ( 'NONE',  ( -5.850000000000000533, -4.850000000000000533, 10.26999999999999957 ) ) ;
#2519 = DIRECTION ( 'NONE',  ( 1.000000000000000000, -4.336808689942458236E-14, 0.000000000000000000 ) ) ;
#2520 = EDGE_CURVE ( 'NONE', #572, #2665, #3152, .T. ) ;
#2521 = DIRECTION ( 'NONE',  ( 0.000000000000000000, 0.000000000000000000, 1.000000000000000000 ) ) ;
#2522 = AXIS2_PLACEMENT_3D ( 'NONE', #2793, #2550, #1355 ) ;
#2523 = EDGE_LOOP ( 'NONE', ( #731, #1393, #2682, #1164 ) ) ;
#2524 = DIRECTION ( 'NONE',  ( 0.000000000000000000, 0.000000000000000000, 1.000000000000000000 ) ) ;
#2525 = AXIS2_PLACEMENT_3D ( 'NONE', #2575, #1691, #1118 ) ;
#2526 = DIRECTION ( 'NONE',  ( 1.000000000000000000, 0.000000000000000000, 0.000000000000000000 ) ) ;
#2527 = DIRECTION ( 'NONE',  ( 0.000000000000000000, 0.000000000000000000, -1.000000000000000000 ) ) ;
#2528 = AXIS2_PLACEMENT_3D ( 'NONE', #983, #1566, #2425 ) ;
#2529 = AXIS2_PLACEMENT_3D ( 'NONE', #607, #380, #83 ) ;
#2530 = MANIFOLD_SOLID_BREP ( '0-------6W_ASM[3]', #1110 ) ;
#2531 = CARTESIAN_POINT ( 'NONE',  ( -5.950000000000000178, -5.450000000000000178, 10.40000000000000036 ) ) ;
#2532 = DIRECTION ( 'NONE',  ( 0.000000000000000000, 0.000000000000000000, 1.000000000000000000 ) ) ;
#2533 = AXIS2_PLACEMENT_3D ( 'NONE', #3087, #3675, #771 ) ;
#2534 = DIRECTION ( 'NONE',  ( 0.000000000000000000, 0.000000000000000000, -1.000000000000000000 ) ) ;
#2535 = DIRECTION ( 'NONE',  ( 0.000000000000000000, 0.000000000000000000, -1.000000000000000000 ) ) ;
#2536 = ORIENTED_EDGE ( 'NONE', *, *, #2484, .F. ) ;
#2537 = VECTOR ( 'NONE', #2546, 1000.000000000000000 ) ;
#2538 = ORIENTED_EDGE ( 'NONE', *, *, #780, .T. ) ;
#2539 = DIRECTION ( 'NONE',  ( 0.000000000000000000, 0.000000000000000000, -1.000000000000000000 ) ) ;
#2540 = VERTEX_POINT ( 'NONE', #564 ) ;
#2541 = EDGE_CURVE ( 'NONE', #237, #630, #1250, .T. ) ;
#2542 = ORIENTED_EDGE ( 'NONE', *, *, #1542, .T. ) ;
#2543 = EDGE_CURVE ( 'NONE', #2840, #2509, #3264, .T. ) ;
#2544 = DIRECTION ( 'NONE',  ( 0.000000000000000000, 0.000000000000000000, -1.000000000000000000 ) ) ;
#2545 = DIRECTION ( 'NONE',  ( 5.776629175003303999E-12, 0.000000000000000000, 1.000000000000000000 ) ) ;
#2546 = DIRECTION ( 'NONE',  ( 0.000000000000000000, 0.000000000000000000, 1.000000000000000000 ) ) ;
#2547 = VERTEX_POINT ( 'NONE', #3190 ) ;
#2548 = CARTESIAN_POINT ( 'NONE',  ( -4.946542076182000258, 1.540493364330000059, -4.844239700000001037 ) ) ;
#2549 = PLANE ( 'NONE',  #3294 ) ;
#2550 = DIRECTION ( 'NONE',  ( 0.000000000000000000, 0.000000000000000000, 1.000000000000000000 ) ) ;
#2551 = ORIENTED_EDGE ( 'NONE', *, *, #3234, .F. ) ;
#2552 = ORIENTED_EDGE ( 'NONE', *, *, #3401, .F. ) ;
#2553 = SURFACE_SIDE_STYLE ('',( #2247 ) ) ;
#2554 = ORIENTED_EDGE ( 'NONE', *, *, #2046, .F. ) ;
#2555 = ORIENTED_EDGE ( 'NONE', *, *, #1958, .F. ) ;
#2556 = CARTESIAN_POINT ( 'NONE',  ( 5.349999999999999645, -5.349999999999999645, 10.79999999999999893 ) ) ;
#2557 = CARTESIAN_POINT ( 'NONE',  ( -6.349999999999999645, 5.349999999999999645, 0.000000000000000000 ) ) ;
#2558 = EDGE_CURVE ( 'NONE', #3746, #1041, #3442, .T. ) ;
#2559 = DIRECTION ( 'NONE',  ( -0.9978655496215643739, 0.06530195156695831060, 0.000000000000000000 ) ) ;
#2560 = ORIENTED_EDGE ( 'NONE', *, *, #140, .F. ) ;
#2561 = CARTESIAN_POINT ( 'NONE',  ( -4.946542076182000258, 1.540493364330000059, -4.844239700000001037 ) ) ;
#2562 = PRESENTATION_LAYER_ASSIGNMENT (  '', '', ( #2190 ) ) ;
#2563 = ADVANCED_FACE ( 'NONE', ( #2669 ), #2463, .T. ) ;
#2564 =( LENGTH_UNIT ( ) NAMED_UNIT ( * ) SI_UNIT ( .MILLI., .METRE. ) );
#2565 = ADVANCED_FACE ( 'NONE', ( #3245 ), #2402, .F. ) ;
#2566 = FACE_OUTER_BOUND ( 'NONE', #3296, .T. ) ;
#2567 = EDGE_LOOP ( 'NONE', ( #340, #3590, #1903, #2912 ) ) ;
#2568 = ORIENTED_EDGE ( 'NONE', *, *, #2482, .T. ) ;
#2569 = VECTOR ( 'NONE', #36, 1000.000000000000000 ) ;
#2570 = PLANE ( 'NONE',  #845 ) ;
#2571 = AXIS2_PLACEMENT_3D ( 'NONE', #131, #1018, #2989 ) ;
#2572 = ORIENTED_EDGE ( 'NONE', *, *, #2520, .T. ) ;
#2573 = ORIENTED_EDGE ( 'NONE', *, *, #3079, .F. ) ;
#2574 = DIRECTION ( 'NONE',  ( 0.000000000000000000, 0.000000000000000000, -1.000000000000000000 ) ) ;
#2575 = CARTESIAN_POINT ( 'NONE',  ( -4.948128219357998958, 3.240491764373999661, 9.549760299999999091 ) ) ;
#2576 = MANIFOLD_SOLID_BREP ( '0-------6W_ASM[8]', #2981 ) ;
#2577 = CYLINDRICAL_SURFACE ( 'NONE', #2641, 1.000000000000000000 ) ;
#2578 = EDGE_LOOP ( 'NONE', ( #915, #1012, #2227, #1853, #2596, #1260, #2120, #1606 ) ) ;
#2579 = DIRECTION ( 'NONE',  ( 0.000000000000000000, 0.000000000000000000, 1.000000000000000000 ) ) ;
#2580 =( GEOMETRIC_REPRESENTATION_CONTEXT ( 3 ) GLOBAL_UNCERTAINTY_ASSIGNED_CONTEXT ( ( #2487 ) ) GLOBAL_UNIT_ASSIGNED_CONTEXT ( ( #3699, #827, #1362 ) ) REPRESENTATION_CONTEXT ( 'NONE', 'WORKASPACE' ) );
#2581 = VECTOR ( 'NONE', #1172, 1000.000000000000000 ) ;
#2582 = CYLINDRICAL_SURFACE ( 'NONE', #1960, 0.5000000000000004441 ) ;
#2583 = EDGE_CURVE ( 'NONE', #237, #2254, #600, .T. ) ;
#2584 = EDGE_CURVE ( 'NONE', #916, #2254, #533, .T. ) ;
#2585 = AXIS2_PLACEMENT_3D ( 'NONE', #2714, #2659, #2116 ) ;
#2586 = CIRCLE ( 'NONE', #2391, 0.6499999999999995781 ) ;
#2587 = DIRECTION ( 'NONE',  ( 1.000000000000000000, 0.000000000000000000, 0.000000000000000000 ) ) ;
#2588 = ORIENTED_EDGE ( 'NONE', *, *, #236, .F. ) ;
#2589 = ORIENTED_EDGE ( 'NONE', *, *, #2513, .T. ) ;
#2590 = VECTOR ( 'NONE', #2702, 1000.000000000000000 ) ;
#2591 = VECTOR ( 'NONE', #3489, 1000.000000000000000 ) ;
#2592 = ORIENTED_EDGE ( 'NONE', *, *, #2737, .F. ) ;
#2593 = ORIENTED_EDGE ( 'NONE', *, *, #2603, .T. ) ;
#2594 = DIRECTION ( 'NONE',  ( -1.000000000000000000, 0.000000000000000000, 0.000000000000000000 ) ) ;
#2595 = FACE_OUTER_BOUND ( 'NONE', #1588, .T. ) ;
#2596 = ORIENTED_EDGE ( 'NONE', *, *, #84, .T. ) ;
#2597 = DIRECTION ( 'NONE',  ( 0.000000000000000000, 0.000000000000000000, -1.000000000000000000 ) ) ;
#2598 = DIRECTION ( 'NONE',  ( 0.000000000000000000, 1.000000000000000000, 0.000000000000000000 ) ) ;
#2599 = STYLED_ITEM ( 'NONE', ( #1471 ), #3773 ) ;
#2600 = CARTESIAN_POINT ( 'NONE',  ( -4.946542076182000258, 1.540493364330000059, 2.049520199999999903 ) ) ;
#2601 = EDGE_CURVE ( 'NONE', #957, #422, #3223, .T. ) ;
#2602 = CARTESIAN_POINT ( 'NONE',  ( -4.949714364904000519, 4.940492704416000080, 2.049520199999999903 ) ) ;
#2603 = EDGE_CURVE ( 'NONE', #2900, #130, #41, .T. ) ;
#2604 = ORIENTED_EDGE ( 'NONE', *, *, #1616, .F. ) ;
#2605 = FACE_OUTER_BOUND ( 'NONE', #1273, .T. ) ;
#2606 = DIRECTION ( 'NONE',  ( 0.000000000000000000, 0.000000000000000000, 1.000000000000000000 ) ) ;
#2607 = EDGE_LOOP ( 'NONE', ( #3707, #3766 ) ) ;
#2608 = ORIENTED_EDGE ( 'NONE', *, *, #3718, .T. ) ;
#2609 = DIRECTION ( 'NONE',  ( 0.000000000000000000, 0.000000000000000000, -1.000000000000000000 ) ) ;
#2610 = ADVANCED_FACE ( 'NONE', ( #297 ), #2047, .T. ) ;
#2611 = DIRECTION ( 'NONE',  ( 1.000000000000000000, 0.000000000000000000, 0.000000000000000000 ) ) ;
#2612 = ORIENTED_EDGE ( 'NONE', *, *, #441, .F. ) ;
#2613 = DIRECTION ( 'NONE',  ( 1.000000000000000000, 0.000000000000000000, 0.000000000000000000 ) ) ;
#2614 = CARTESIAN_POINT ( 'NONE',  ( -5.349999999999999645, 5.850000000000000533, 10.30000000000000071 ) ) ;
#2615 = SURFACE_STYLE_FILL_AREA ( #2364 ) ;
#2616 = DIRECTION ( 'NONE',  ( 0.000000000000000000, 0.000000000000000000, -1.000000000000000000 ) ) ;
#2617 = CLOSED_SHELL ( 'NONE', ( #2796, #1493, #3329, #2256, #468, #1359, #830, #893, #3673, #2907, #1571, #545 ) ) ;
#2618 = LINE ( 'NONE', #1822, #3437 ) ;
#2619 = DIRECTION ( 'NONE',  ( 1.000000000000000000, 0.000000000000000000, 0.000000000000000000 ) ) ;
#2620 = ORIENTED_EDGE ( 'NONE', *, *, #2843, .T. ) ;
#2621 = PLANE ( 'NONE',  #2208 ) ;
#2622 = MANIFOLD_SOLID_BREP ( '0-------6W_ASM[2]', #2122 ) ;
#2623 =( GEOMETRIC_REPRESENTATION_CONTEXT ( 3 ) GLOBAL_UNCERTAINTY_ASSIGNED_CONTEXT ( ( #1622 ) ) GLOBAL_UNIT_ASSIGNED_CONTEXT ( ( #2564, #2260, #2884 ) ) REPRESENTATION_CONTEXT ( 'NONE', 'WORKASPACE' ) );
#2624 = ORIENTED_EDGE ( 'NONE', *, *, #3542, .T. ) ;
#2625 = ORIENTED_EDGE ( 'NONE', *, *, #253, .F. ) ;
#2626 = DIRECTION ( 'NONE',  ( 0.000000000000000000, 0.000000000000000000, -1.000000000000000000 ) ) ;
#2627 = EDGE_CURVE ( 'NONE', #440, #712, #1174, .T. ) ;
#2628 = VECTOR ( 'NONE', #2044, 1000.000000000000000 ) ;
#2629 = VERTEX_POINT ( 'NONE', #2498 ) ;
#2630 = AXIS2_PLACEMENT_3D ( 'NONE', #1328, #2723, #2705 ) ;
#2631 = FACE_BOUND ( 'NONE', #309, .T. ) ;
#2632 = EDGE_CURVE ( 'NONE', #1963, #1416, #1609, .T. ) ;
#2633 = CARTESIAN_POINT ( 'NONE',  ( -4.946542076182000258, 1.540493364330000059, -4.550239699999999665 ) ) ;
#2634 = CARTESIAN_POINT ( 'NONE',  ( 5.609523887267000575, -4.950271625087000693, 2.049520199999999903 ) ) ;
#2635 = PRODUCT ( 'URB24xxN-xWR3G', 'URB24xxN-xWR3G', '', ( #344 ) ) ;
#2636 = AXIS2_PLACEMENT_3D ( 'NONE', #2374, #3635, #3568 ) ;
#2637 = DIRECTION ( 'NONE',  ( -1.000000000000000000, 0.000000000000000000, 0.000000000000000000 ) ) ;
#2638 = FACE_OUTER_BOUND ( 'NONE', #1491, .T. ) ;
#2639 = ORIENTED_EDGE ( 'NONE', *, *, #140, .T. ) ;
#2640 = FACE_OUTER_BOUND ( 'NONE', #2142, .T. ) ;
#2641 = AXIS2_PLACEMENT_3D ( 'NONE', #1950, #508, #3756 ) ;
#2642 = CIRCLE ( 'NONE', #1385, 0.5000000000000004441 ) ;
#2643 = AXIS2_PLACEMENT_3D ( 'NONE', #3492, #1484, #1509 ) ;
#2644 = EDGE_LOOP ( 'NONE', ( #3369, #2949, #3485, #118 ) ) ;
#2645 = VERTEX_POINT ( 'NONE', #3031 ) ;
#2646 = DIRECTION ( 'NONE',  ( 6.217248937901999964E-14, 1.000000000000000000, 0.000000000000000000 ) ) ;
#2647 = AXIS2_PLACEMENT_3D ( 'NONE', #2440, #1024, #2156 ) ;
#2648 = VECTOR ( 'NONE', #962, 1000.000000000000000 ) ;
#2649 = EDGE_CURVE ( 'NONE', #3061, #3536, #1015, .T. ) ;
#2650 = ADVANCED_FACE ( 'NONE', ( #2128 ), #3359, .T. ) ;
#2651 = EDGE_LOOP ( 'NONE', ( #1512, #3045, #3237, #3 ) ) ;
#2652 = CARTESIAN_POINT ( 'NONE',  ( 4.559523887267000752, -4.950271625087000693, 2.049520199999999903 ) ) ;
#2653 = DIRECTION ( 'NONE',  ( 1.000000000000000000, 0.000000000000000000, 0.000000000000000000 ) ) ;
#2654 = ORIENTED_EDGE ( 'NONE', *, *, #1768, .F. ) ;
#2655 = CARTESIAN_POINT ( 'NONE',  ( 4.500000000000000000, 4.950000000000000178, 0.000000000000000000 ) ) ;
#2656 = CARTESIAN_POINT ( 'NONE',  ( -5.475491360461000490, -0.3260661585560999387, 1.749760300000000157 ) ) ;
#2657 = COLOUR_RGB ( '',1.000000000000000000, 1.000000000000000000, 1.000000000000000000 ) ;
#2658 = DIRECTION ( 'NONE',  ( 1.000000000000000000, 0.000000000000000000, 0.000000000000000000 ) ) ;
#2659 = DIRECTION ( 'NONE',  ( 0.000000000000000000, 0.000000000000000000, -1.000000000000000000 ) ) ;
#2660 = ORIENTED_EDGE ( 'NONE', *, *, #1060, .F. ) ;
#2661 = CARTESIAN_POINT ( 'NONE',  ( -5.349714364903999986, 4.940492704416000080, 1.549520199999999681 ) ) ;
#2662 = CARTESIAN_POINT ( 'NONE',  ( -4.540477403570000625, -4.959508586421000231, -4.550239699999999665 ) ) ;
#2663 = ORIENTED_EDGE ( 'NONE', *, *, #999, .T. ) ;
#2664 = FACE_OUTER_BOUND ( 'NONE', #1049, .T. ) ;
#2665 = VERTEX_POINT ( 'NONE', #1891 ) ;
#2666 = FACE_OUTER_BOUND ( 'NONE', #2319, .T. ) ;
#2667 = PLANE ( 'NONE',  #1130 ) ;
#2668 = EDGE_CURVE ( 'NONE', #230, #3728, #3658, .T. ) ;
#2669 = FACE_OUTER_BOUND ( 'NONE', #524, .T. ) ;
#2670 = ORIENTED_EDGE ( 'NONE', *, *, #3114, .T. ) ;
#2671 = DIRECTION ( 'NONE',  ( 1.000000000000000000, 0.000000000000000000, 0.000000000000000000 ) ) ;
#2672 = EDGE_CURVE ( 'NONE', #2091, #1402, #3499, .T. ) ;
#2673 = FACE_OUTER_BOUND ( 'NONE', #2499, .T. ) ;
#2674 = UNCERTAINTY_MEASURE_WITH_UNIT (LENGTH_MEASURE( 1.000000000000000082E-05 ), #2248, 'distance_accuracy_value', 'NONE');
#2675 = CARTESIAN_POINT ( 'NONE',  ( -4.949714364904000519, 4.940492704416000080, 10.14976029999999874 ) ) ;
#2676 = EDGE_CURVE ( 'NONE', #504, #1874, #715, .T. ) ;
#2677 = FACE_BOUND ( 'NONE', #1190, .T. ) ;
#2678 = ORIENTED_EDGE ( 'NONE', *, *, #2303, .T. ) ;
#2679 = FACE_BOUND ( 'NONE', #1522, .T. ) ;
#2680 = CARTESIAN_POINT ( 'NONE',  ( -5.950000000000000178, 5.450000000000000178, 10.40000000000000036 ) ) ;
#2681 = CLOSED_SHELL ( 'NONE', ( #2082, #1210, #1586, #3073, #64, #86, #677, #2763, #3353, #477, #1149, #3261 ) ) ;
#2682 = ORIENTED_EDGE ( 'NONE', *, *, #2095, .F. ) ;
#2683 = ORIENTED_EDGE ( 'NONE', *, *, #2649, .F. ) ;
#2684 = CARTESIAN_POINT ( 'NONE',  ( -4.940477403570000092, -4.959508586421000231, 2.049520199999999903 ) ) ;
#2685 = DIRECTION ( 'NONE',  ( 0.000000000000000000, 0.000000000000000000, -1.000000000000000000 ) ) ;
#2686 = AXIS2_PLACEMENT_3D ( 'NONE', #3661, #1332, #2995 ) ;
#2687 = PRESENTATION_STYLE_ASSIGNMENT (( #371 ) ) ;
#2688 = ORIENTED_EDGE ( 'NONE', *, *, #3347, .F. ) ;
#2689 = DIRECTION ( 'NONE',  ( 0.000000000000000000, 0.000000000000000000, -1.000000000000000000 ) ) ;
#2690 = PLANE ( 'NONE',  #2703 ) ;
#2691 = DIRECTION ( 'NONE',  ( 0.000000000000000000, 0.000000000000000000, 1.000000000000000000 ) ) ;
#2692 = DIRECTION ( 'NONE',  ( 1.000000000000000000, 0.000000000000000000, 0.000000000000000000 ) ) ;
#2693 = EDGE_CURVE ( 'NONE', #172, #3088, #3267, .T. ) ;
#2694 = ADVANCED_FACE ( 'NONE', ( #1040 ), #2171, .F. ) ;
#2695 = VECTOR ( 'NONE', #2071, 1000.000000000000000 ) ;
#2696 = DIRECTION ( 'NONE',  ( 1.000000000000000000, 0.000000000000000000, -0.000000000000000000 ) ) ;
#2697 = AXIS2_PLACEMENT_3D ( 'NONE', #847, #2892, #1454 ) ;
#2698 = DIRECTION ( 'NONE',  ( 0.000000000000000000, 0.000000000000000000, -1.000000000000000000 ) ) ;
#2699 = ORIENTED_EDGE ( 'NONE', *, *, #2541, .F. ) ;
#2700 = AXIS2_PLACEMENT_3D ( 'NONE', #1420, #633, #349 ) ;
#2701 = FACE_BOUND ( 'NONE', #2721, .T. ) ;
#2702 = DIRECTION ( 'NONE',  ( 0.000000000000000000, 1.245727835879999994E-09, 1.000000000000000000 ) ) ;
#2703 = AXIS2_PLACEMENT_3D ( 'NONE', #3561, #965, #1467 ) ;
#2704 = ORIENTED_EDGE ( 'NONE', *, *, #1538, .T. ) ;
#2705 = DIRECTION ( 'NONE',  ( 1.000000000000000000, 0.000000000000000000, 0.000000000000000000 ) ) ;
#2706 = VECTOR ( 'NONE', #3691, 1000.000000000000000 ) ;
#2707 = CARTESIAN_POINT ( 'NONE',  ( -4.946542076182000258, 1.540493364330000059, 10.24976029999999838 ) ) ;
#2708 = VECTOR ( 'NONE', #760, 1000.000000000000000 ) ;
#2709 = LINE ( 'NONE', #2478, #1496 ) ;
#2710 = AXIS2_PLACEMENT_3D ( 'NONE', #3416, #1721, #3149 ) ;
#2711 = ORIENTED_EDGE ( 'NONE', *, *, #3545, .F. ) ;
#2712 = FACE_OUTER_BOUND ( 'NONE', #556, .T. ) ;
#2713 = FACE_OUTER_BOUND ( 'NONE', #3559, .T. ) ;
#2714 = CARTESIAN_POINT ( 'NONE',  ( -4.946542076182000258, 1.540493364330000059, 10.14976029999999874 ) ) ;
#2715 = ORIENTED_EDGE ( 'NONE', *, *, #2439, .F. ) ;
#2716 = EDGE_CURVE ( 'NONE', #2430, #594, #898, .T. ) ;
#2717 = EDGE_CURVE ( 'NONE', #2645, #2768, #2709, .T. ) ;
#2718 = CARTESIAN_POINT ( 'NONE',  ( -5.225491360461000490, -0.3260661585560999387, 2.049760299999999980 ) ) ;
#2719 = VERTEX_POINT ( 'NONE', #470 ) ;
#2720 = CARTESIAN_POINT ( 'NONE',  ( -4.540477403570000625, -4.959508586421000231, 2.049520199999999903 ) ) ;
#2721 = EDGE_LOOP ( 'NONE', ( #2964, #1128 ) ) ;
#2722 = ORIENTED_EDGE ( 'NONE', *, *, #3308, .F. ) ;
#2723 = DIRECTION ( 'NONE',  ( 0.000000000000000000, 0.000000000000000000, 1.000000000000000000 ) ) ;
#2724 = DIRECTION ( 'NONE',  ( 1.254205073130999793E-13, -1.000000000000000000, -7.240726218917150806E-25 ) ) ;
#2725 = ADVANCED_FACE ( 'NONE', ( #2419 ), #1532, .T. ) ;
#2726 = DIRECTION ( 'NONE',  ( -1.000000000000000000, 0.000000000000000000, 0.000000000000000000 ) ) ;
#2727 = ORIENTED_EDGE ( 'NONE', *, *, #848, .T. ) ;
#2728 = DIRECTION ( 'NONE',  ( -1.000000000000000000, -1.908195823574486226E-14, 0.000000000000000000 ) ) ;
#2729 = SURFACE_SIDE_STYLE ('',( #1862 ) ) ;
#2730 = DIRECTION ( 'NONE',  ( 0.000000000000000000, -1.000000000000000000, -0.000000000000000000 ) ) ;
#2731 = DIRECTION ( 'NONE',  ( 1.000000000000000000, 0.000000000000000000, 0.000000000000000000 ) ) ;
#2732 = ORIENTED_EDGE ( 'NONE', *, *, #2583, .F. ) ;
#2733 = EDGE_LOOP ( 'NONE', ( #2732, #918, #2490, #2206, #2743, #1212, #173, #937 ) ) ;
#2734 = DIRECTION ( 'NONE',  ( -1.000000000000000000, 0.000000000000000000, 0.000000000000000000 ) ) ;
#2735 = FACE_OUTER_BOUND ( 'NONE', #3067, .T. ) ;
#2736 = ORIENTED_EDGE ( 'NONE', *, *, #2774, .T. ) ;
#2737 = EDGE_CURVE ( 'NONE', #2238, #1679, #29, .T. ) ;
#2738 = ORIENTED_EDGE ( 'NONE', *, *, #2180, .F. ) ;
#2739 = DIRECTION ( 'NONE',  ( 0.000000000000000000, -1.000000000000000000, -0.000000000000000000 ) ) ;
#2740 = DIRECTION ( 'NONE',  ( 0.000000000000000000, 0.000000000000000000, -1.000000000000000000 ) ) ;
#2741 = CIRCLE ( 'NONE', #1114, 1.000000000000000000 ) ;
#2742 = DIRECTION ( 'NONE',  ( 1.000000000000000000, 0.000000000000000000, 0.000000000000000000 ) ) ;
#2743 = ORIENTED_EDGE ( 'NONE', *, *, #1124, .F. ) ;
#2744 = AXIS2_PLACEMENT_3D ( 'NONE', #298, #2616, #3247 ) ;
#2745 = CARTESIAN_POINT ( 'NONE',  ( -5.596542076182000613, 1.540493364330000059, 1.549520199999999681 ) ) ;
#2746 = DIRECTION ( 'NONE',  ( 0.000000000000000000, 0.000000000000000000, -1.000000000000000000 ) ) ;
#2747 = CIRCLE ( 'NONE', #4, 1.000000000000000000 ) ;
#2748 = CARTESIAN_POINT ( 'NONE',  ( -5.850000000000000533, -4.850000000000000533, 10.40000000000000036 ) ) ;
#2749 = LINE ( 'NONE', #3036, #613 ) ;
#2750 = CARTESIAN_POINT ( 'NONE',  ( -5.950000000000000178, -5.450000000000000178, 0.3999999999999993006 ) ) ;
#2751 = CARTESIAN_POINT ( 'NONE',  ( -4.940477403570000092, -4.959508586421000231, 10.14976029999999874 ) ) ;
#2752 = AXIS2_PLACEMENT_3D ( 'NONE', #1929, #544, #2842 ) ;
#2753 = VERTEX_POINT ( 'NONE', #1873 ) ;
#2754 = EDGE_LOOP ( 'NONE', ( #3531, #1744, #3570, #3335 ) ) ;
#2755 = PLANE ( 'NONE',  #1430 ) ;
#2756 = CIRCLE ( 'NONE', #3248, 0.4000000000000001887 ) ;
#2757 = CARTESIAN_POINT ( 'NONE',  ( -5.349999999999999645, -6.349999999999999645, 0.000000000000000000 ) ) ;
#2758 = CIRCLE ( 'NONE', #77, 0.5000000000000004441 ) ;
#2759 = ORIENTED_EDGE ( 'NONE', *, *, #2766, .F. ) ;
#2760 = EDGE_LOOP ( 'NONE', ( #742, #3355 ) ) ;
#2761 = DIRECTION ( 'NONE',  ( 0.000000000000000000, 0.000000000000000000, 1.000000000000000000 ) ) ;
#2762 = FACE_OUTER_BOUND ( 'NONE', #810, .T. ) ;
#2763 = ADVANCED_FACE ( 'NONE', ( #426 ), #2457, .T. ) ;
#2764 = AXIS2_PLACEMENT_3D ( 'NONE', #398, #708, #1865 ) ;
#2765 = CIRCLE ( 'NONE', #1132, 0.1499999999999999667 ) ;
#2766 = EDGE_CURVE ( 'NONE', #3354, #932, #1803, .T. ) ;
#2767 = EDGE_CURVE ( 'NONE', #2805, #775, #1650, .T. ) ;
#2768 = VERTEX_POINT ( 'NONE', #853 ) ;
#2769 = CIRCLE ( 'NONE', #1442, 0.6499999999999995781 ) ;
#2770 = CIRCLE ( 'NONE', #3006, 0.4499999999999999001 ) ;
#2771 = DIRECTION ( 'NONE',  ( 1.000000000000000000, 0.000000000000000000, 0.000000000000000000 ) ) ;
#2772 = CARTESIAN_POINT ( 'NONE',  ( -4.973541558323000267, -2.415827388947999754, 2.059863843933000371 ) ) ;
#2773 = DIRECTION ( 'NONE',  ( -1.000000000000000000, -1.387778780781444413E-14, 0.000000000000000000 ) ) ;
#2774 = EDGE_CURVE ( 'NONE', #230, #1056, #3091, .T. ) ;
#2775 = DIRECTION ( 'NONE',  ( 1.000000000000000000, 0.000000000000000000, 0.000000000000000000 ) ) ;
#2776 = CARTESIAN_POINT ( 'NONE',  ( 5.450000000000000178, -5.450000000000000178, 10.40000000000000036 ) ) ;
#2777 = ORIENTED_EDGE ( 'NONE', *, *, #1813, .T. ) ;
#2778 = DIRECTION ( 'NONE',  ( 0.9978655496215753651, -0.06530195156678848811, 0.000000000000000000 ) ) ;
#2779 = DIRECTION ( 'NONE',  ( 0.000000000000000000, 0.000000000000000000, 1.000000000000000000 ) ) ;
#2780 = AXIS2_PLACEMENT_3D ( 'NONE', #2204, #2779, #1325 ) ;
#2781 = ORIENTED_EDGE ( 'NONE', *, *, #441, .T. ) ;
#2782 = EDGE_LOOP ( 'NONE', ( #3457, #3684 ) ) ;
#2783 = CARTESIAN_POINT ( 'NONE',  ( -4.948128219357998958, 3.240491764373999661, 9.449760299999999447 ) ) ;
#2784 = CARTESIAN_POINT ( 'NONE',  ( -4.948128219357998958, 3.240459109061000209, 1.749760300000000157 ) ) ;
#2785 = CARTESIAN_POINT ( 'NONE',  ( -5.931719591511003031, -6.383825845177003799, 10.27166343247400171 ) ) ;
#2786 = ORIENTED_EDGE ( 'NONE', *, *, #2214, .F. ) ;
#2787 = DIRECTION ( 'NONE',  ( 0.000000000000000000, 0.000000000000000000, -1.000000000000000000 ) ) ;
#2788 = CARTESIAN_POINT ( 'NONE',  ( 5.850000000000000533, -5.349999999999999645, 10.30000000000000071 ) ) ;
#2789 = DIRECTION ( 'NONE',  ( -1.000000000000000000, 0.000000000000000000, 0.000000000000000000 ) ) ;
#2790 = FILL_AREA_STYLE ('',( #141 ) ) ;
#2791 = EDGE_CURVE ( 'NONE', #2897, #3723, #3130, .T. ) ;
#2792 = EDGE_CURVE ( 'NONE', #1041, #215, #2004, .T. ) ;
#2793 = CARTESIAN_POINT ( 'NONE',  ( -4.949714364904000519, 4.940492704416000080, 1.549520199999999681 ) ) ;
#2794 = FACE_OUTER_BOUND ( 'NONE', #652, .T. ) ;
#2795 = DIRECTION ( 'NONE',  ( 0.000000000000000000, 0.000000000000000000, -1.000000000000000000 ) ) ;
#2796 = ADVANCED_FACE ( 'NONE', ( #1396 ), #530, .T. ) ;
#2797 = ORIENTED_EDGE ( 'NONE', *, *, #1725, .F. ) ;
#2798 = FACE_OUTER_BOUND ( 'NONE', #457, .T. ) ;
#2799 = ORIENTED_EDGE ( 'NONE', *, *, #2203, .F. ) ;
#2800 = ORIENTED_EDGE ( 'NONE', *, *, #977, .F. ) ;
#2801 = CLOSED_SHELL ( 'NONE', ( #3764, #1684, #3741, #2414, #659, #2385, #493, #5, #3192 ) ) ;
#2802 = LINE ( 'NONE', #2518, #2875 ) ;
#2803 = FACE_OUTER_BOUND ( 'NONE', #2644, .T. ) ;
#2804 = CARTESIAN_POINT ( 'NONE',  ( -4.949714364904000519, 4.940492704416000080, 10.14976029999999874 ) ) ;
#2805 = VERTEX_POINT ( 'NONE', #560 ) ;
#2806 = LINE ( 'NONE', #3385, #2506 ) ;
#2807 = AXIS2_PLACEMENT_3D ( 'NONE', #3582, #1354, #1581 ) ;
#2808 = CARTESIAN_POINT ( 'NONE',  ( 4.950000000000000178, 4.950000000000000178, 0.3999999999999993006 ) ) ;
#2809 = LINE ( 'NONE', #1376, #2706 ) ;
#2810 = MECHANICAL_DESIGN_GEOMETRIC_PRESENTATION_REPRESENTATION (  '', ( #1596 ), #2623 ) ;
#2811 = DIRECTION ( 'NONE',  ( 1.000000000000000000, 0.000000000000000000, 0.000000000000000000 ) ) ;
#2812 = CARTESIAN_POINT ( 'NONE',  ( 0.000000000000000000, 0.000000000000000000, 10.40000000000000036 ) ) ;
#2813 = CIRCLE ( 'NONE', #382, 0.2999999999999999334 ) ;
#2814 = LINE ( 'NONE', #2179, #1981 ) ;
#2815 = DIRECTION ( 'NONE',  ( 0.000000000000000000, 0.000000000000000000, -1.000000000000000000 ) ) ;
#2816 = EDGE_CURVE ( 'NONE', #3770, #1184, #3323, .T. ) ;
#2817 = ORIENTED_EDGE ( 'NONE', *, *, #2893, .T. ) ;
#2818 = EDGE_LOOP ( 'NONE', ( #686, #774, #518, #2568 ) ) ;
#2819 = DIRECTION ( 'NONE',  ( 0.000000000000000000, 0.000000000000000000, 1.000000000000000000 ) ) ;
#2820 = ORIENTED_EDGE ( 'NONE', *, *, #1940, .F. ) ;
#2821 = AXIS2_PLACEMENT_3D ( 'NONE', #671, #728, #3004 ) ;
#2822 = CYLINDRICAL_SURFACE ( 'NONE', #991, 0.6499999999999995781 ) ;
#2823 = DIRECTION ( 'NONE',  ( 0.000000000000000000, -1.245728525727999945E-09, 1.000000000000000000 ) ) ;
#2824 = DIRECTION ( 'NONE',  ( 0.000000000000000000, 0.000000000000000000, 1.000000000000000000 ) ) ;
#2825 = VECTOR ( 'NONE', #920, 1000.000000000000000 ) ;
#2826 = ORIENTED_EDGE ( 'NONE', *, *, #1824, .T. ) ;
#2827 = DIRECTION ( 'NONE',  ( 5.401962372565000471E-10, 0.000000000000000000, 1.000000000000000000 ) ) ;
#2828 = CIRCLE ( 'NONE', #2700, 0.6500000000000003553 ) ;
#2829 = VECTOR ( 'NONE', #3172, 1000.000000000000000 ) ;
#2830 = CIRCLE ( 'NONE', #3682, 1.000000000000000000 ) ;
#2831 = DIRECTION ( 'NONE',  ( 1.000000000000000000, 0.000000000000000000, 0.000000000000000000 ) ) ;
#2832 = CARTESIAN_POINT ( 'NONE',  ( 4.850000000000000533, 4.850000000000000533, 10.24797220955249877 ) ) ;
#2833 = AXIS2_PLACEMENT_3D ( 'NONE', #3372, #1294, #3063 ) ;
#2834 = COLOUR_RGB ( '',1.000000000000000000, 1.000000000000000000, 1.000000000000000000 ) ;
#2835 = FACE_OUTER_BOUND ( 'NONE', #2494, .T. ) ;
#2836 = ORIENTED_EDGE ( 'NONE', *, *, #1426, .F. ) ;
#2837 = ADVANCED_FACE ( 'NONE', ( #1706 ), #841, .T. ) ;
#2838 = VERTEX_POINT ( 'NONE', #3732 ) ;
#2839 = EDGE_CURVE ( 'NONE', #850, #3102, #3715, .T. ) ;
#2840 = VERTEX_POINT ( 'NONE', #3108 ) ;
#2841 = ORIENTED_EDGE ( 'NONE', *, *, #3420, .T. ) ;
#2842 = DIRECTION ( 'NONE',  ( 0.000000000000000000, 0.000000000000000000, 1.000000000000000000 ) ) ;
#2843 = EDGE_CURVE ( 'NONE', #2320, #1433, #3433, .T. ) ;
#2844 = ADVANCED_FACE ( 'NONE', ( #2235, #254 ), #779, .F. ) ;
#2845 = CARTESIAN_POINT ( 'NONE',  ( -4.850000000000000533, -4.850000000000000533, 10.40000000000000036 ) ) ;
#2846 = CIRCLE ( 'NONE', #1695, 0.4000000000000001887 ) ;
#2847 = CARTESIAN_POINT ( 'NONE',  ( -5.223541558323000267, -2.415827388871999659, 2.049760299999999980 ) ) ;
#2848 = ORIENTED_EDGE ( 'NONE', *, *, #84, .F. ) ;
#2849 = CYLINDRICAL_SURFACE ( 'NONE', #133, 0.4000000000000001887 ) ;
#2850 = ADVANCED_FACE ( 'NONE', ( #2595 ), #1104, .T. ) ;
#2851 = FILL_AREA_STYLE_COLOUR ( '', #283 ) ;
#2852 = FACE_OUTER_BOUND ( 'NONE', #2172, .T. ) ;
#2853 = CARTESIAN_POINT ( 'NONE',  ( 5.349999999999999645, 5.349999999999999645, 10.30000000000000071 ) ) ;
#2854 = ORIENTED_EDGE ( 'NONE', *, *, #2203, .T. ) ;
#2855 = EDGE_LOOP ( 'NONE', ( #2660, #1415, #1689, #614 ) ) ;
#2856 = SURFACE_SIDE_STYLE ('',( #540 ) ) ;
#2857 = ORIENTED_EDGE ( 'NONE', *, *, #56, .F. ) ;
#2858 = DIRECTION ( 'NONE',  ( 0.000000000000000000, 0.000000000000000000, -1.000000000000000000 ) ) ;
#2859 = DIRECTION ( 'NONE',  ( 0.000000000000000000, 0.000000000000000000, -1.000000000000000000 ) ) ;
#2860 = DIRECTION ( 'NONE',  ( 0.000000000000000000, 0.000000000000000000, 1.000000000000000000 ) ) ;
#2861 = EDGE_CURVE ( 'NONE', #978, #3751, #3448, .T. ) ;
#2862 = EDGE_LOOP ( 'NONE', ( #303, #1816 ) ) ;
#2863 = DIRECTION ( 'NONE',  ( 1.000000000000000000, 0.000000000000000000, 0.000000000000000000 ) ) ;
#2864 = AXIS2_PLACEMENT_3D ( 'NONE', #2382, #897, #2919 ) ;
#2865 = FACE_OUTER_BOUND ( 'NONE', #752, .T. ) ;
#2866 = ORIENTED_EDGE ( 'NONE', *, *, #2043, .F. ) ;
#2867 = ORIENTED_EDGE ( 'NONE', *, *, #874, .T. ) ;
#2868 = CIRCLE ( 'NONE', #1720, 0.5000000000000004441 ) ;
#2869 = DIRECTION ( 'NONE',  ( 0.000000000000000000, 0.000000000000000000, -1.000000000000000000 ) ) ;
#2870 = AXIS2_PLACEMENT_3D ( 'NONE', #1948, #2267, #251 ) ;
#2871 = ORIENTED_EDGE ( 'NONE', *, *, #657, .T. ) ;
#2872 = ORIENTED_EDGE ( 'NONE', *, *, #443, .F. ) ;
#2873 = CARTESIAN_POINT ( 'NONE',  ( 5.350286925933999349, 4.949729665750000507, 2.049520199999999903 ) ) ;
#2874 = DIRECTION ( 'NONE',  ( -4.440892098500999766E-14, -1.000000000000000000, 0.000000000000000000 ) ) ;
#2875 = VECTOR ( 'NONE', #3702, 1000.000000000000000 ) ;
#2876 = CIRCLE ( 'NONE', #1126, 0.4000000000000001887 ) ;
#2877 = EDGE_LOOP ( 'NONE', ( #1807, #2012 ) ) ;
#2878 = EDGE_CURVE ( 'NONE', #1453, #3770, #2292, .T. ) ;
#2879 = CARTESIAN_POINT ( 'NONE',  ( -4.940477403570000092, -4.959508586421000231, -4.844239700000001037 ) ) ;
#2880 = ADVANCED_FACE ( 'NONE', ( #1968 ), #2577, .T. ) ;
#2881 = EDGE_CURVE ( 'NONE', #2037, #1423, #1138, .T. ) ;
#2882 = DIRECTION ( 'NONE',  ( 0.000000000000000000, 0.000000000000000000, 1.000000000000000000 ) ) ;
#2883 = AXIS2_PLACEMENT_3D ( 'NONE', #3714, #273, #834 ) ;
#2884 =( NAMED_UNIT ( * ) SI_UNIT ( $, .STERADIAN. ) SOLID_ANGLE_UNIT ( ) );
#2885 = CIRCLE ( 'NONE', #2947, 0.5000000000000004441 ) ;
#2886 = AXIS2_PLACEMENT_3D ( 'NONE', #23, #2691, #966 ) ;
#2887 = DIRECTION ( 'NONE',  ( 0.000000000000000000, 0.000000000000000000, 1.000000000000000000 ) ) ;
#2888 = CARTESIAN_POINT ( 'NONE',  ( -4.973541558323000267, -2.415827388947999754, 9.549760299999999091 ) ) ;
#2889 = ORIENTED_EDGE ( 'NONE', *, *, #2127, .F. ) ;
#2890 = VECTOR ( 'NONE', #3035, 1000.000000000000000 ) ;
#2891 = COLOUR_RGB ( '',1.000000000000000000, 1.000000000000000000, 1.000000000000000000 ) ;
#2892 = DIRECTION ( 'NONE',  ( 0.000000000000000000, 0.000000000000000000, -1.000000000000000000 ) ) ;
#2893 = EDGE_CURVE ( 'NONE', #903, #690, #2119, .T. ) ;
#2894 = CARTESIAN_POINT ( 'NONE',  ( -4.973541558323000267, -2.415827388947999754, 1.749760300000000157 ) ) ;
#2895 = PRODUCT_DEFINITION_CONTEXT ( 'detailed design', #3180, 'design' ) ;
#2896 = VECTOR ( 'NONE', #1226, 1000.000000000000000 ) ;
#2897 = VERTEX_POINT ( 'NONE', #2982 ) ;
#2898 = EDGE_LOOP ( 'NONE', ( #2786, #3291 ) ) ;
#2899 = FACE_OUTER_BOUND ( 'NONE', #2167, .T. ) ;
#2900 = VERTEX_POINT ( 'NONE', #1546 ) ;
#2901 = CYLINDRICAL_SURFACE ( 'NONE', #2378, 0.5000000000000004441 ) ;
#2902 = DIRECTION ( 'NONE',  ( 0.000000000000000000, 0.000000000000000000, 1.000000000000000000 ) ) ;
#2903 = LINE ( 'NONE', #3522, #3588 ) ;
#2904 = DIRECTION ( 'NONE',  ( 1.000000000000000000, 0.000000000000000000, 0.000000000000000000 ) ) ;
#2905 = CARTESIAN_POINT ( 'NONE',  ( 4.950286925933999882, 4.949729665750000507, 2.069920095917998637 ) ) ;
#2906 = ADVANCED_FACE ( 'NONE', ( #2135 ), #931, .F. ) ;
#2907 = ADVANCED_FACE ( 'NONE', ( #1272 ), #3547, .T. ) ;
#2908 = VERTEX_POINT ( 'NONE', #1842 ) ;
#2909 = DIRECTION ( 'NONE',  ( -1.112800043085004894E-08, -1.000000000000000000, 0.000000000000000000 ) ) ;
#2910 = EDGE_CURVE ( 'NONE', #2320, #1874, #587, .T. ) ;
#2911 = ORIENTED_EDGE ( 'NONE', *, *, #2791, .T. ) ;
#2912 = ORIENTED_EDGE ( 'NONE', *, *, #2843, .F. ) ;
#2913 = DIRECTION ( 'NONE',  ( -1.000000000000000000, 0.000000000000000000, 0.000000000000000000 ) ) ;
#2914 = CYLINDRICAL_SURFACE ( 'NONE', #1794, 0.4499999999999999001 ) ;
#2915 = VERTEX_POINT ( 'NONE', #62 ) ;
#2916 = DIRECTION ( 'NONE',  ( 0.9986594744492363063, -0.05176151169329190616, 0.000000000000000000 ) ) ;
#2917 = CARTESIAN_POINT ( 'NONE',  ( -5.350000000015000090, -5.849999999998000355, 10.79999999999999893 ) ) ;
#2918 = CARTESIAN_POINT ( 'NONE',  ( 4.850000000000000533, 4.850000000000000533, 10.40000000000000036 ) ) ;
#2919 = DIRECTION ( 'NONE',  ( 5.785302792383188843E-12, 0.000000000000000000, 1.000000000000000000 ) ) ;
#2920 = CARTESIAN_POINT ( 'NONE',  ( -5.850000000000000533, 0.000000000000000000, 10.33499999999999908 ) ) ;
#2921 = DIRECTION ( 'NONE',  ( -1.000000000000000000, 0.000000000000000000, 0.000000000000000000 ) ) ;
#2922 = PLANE ( 'NONE',  #1621 ) ;
#2923 = PLANE ( 'NONE',  #3488 ) ;
#2924 = EDGE_CURVE ( 'NONE', #2927, #1384, #1808, .T. ) ;
#2925 = EDGE_CURVE ( 'NONE', #487, #3709, #220, .T. ) ;
#2926 = VECTOR ( 'NONE', #2352, 1000.000000000000000 ) ;
#2927 = VERTEX_POINT ( 'NONE', #969 ) ;
#2928 = ORIENTED_EDGE ( 'NONE', *, *, #3511, .T. ) ;
#2929 = CARTESIAN_POINT ( 'NONE',  ( -4.949714364904000519, 4.940492704416000080, 1.549520199999999681 ) ) ;
#2930 = CIRCLE ( 'NONE', #1598, 0.5000000000000004441 ) ;
#2931 = EDGE_LOOP ( 'NONE', ( #1365, #2051, #658, #2381 ) ) ;
#2932 = VECTOR ( 'NONE', #1607, 1000.000000000000000 ) ;
#2933 = CARTESIAN_POINT ( 'NONE',  ( -4.950002800000000036, 1.550004779999999860, 0.3999999999999993006 ) ) ;
#2934 = LINE ( 'NONE', #3506, #2825 ) ;
#2935 = DIRECTION ( 'NONE',  ( -0.000000000000000000, 1.000000000000000000, 0.000000000000000000 ) ) ;
#2936 = AXIS2_PLACEMENT_3D ( 'NONE', #1165, #3219, #2306 ) ;
#2937 = ORIENTED_EDGE ( 'NONE', *, *, #3546, .F. ) ;
#2938 = CARTESIAN_POINT ( 'NONE',  ( 5.950000000000000178, 0.000000000000000000, 5.399999999999999467 ) ) ;
#2939 = CIRCLE ( 'NONE', #1610, 1.000000000000000000 ) ;
#2940 = CARTESIAN_POINT ( 'NONE',  ( -4.949714364904000519, 4.940492704416000080, 1.549520199999999681 ) ) ;
#2941 = LINE ( 'NONE', #3364, #772 ) ;
#2942 = VECTOR ( 'NONE', #1329, 1000.000000000000000 ) ;
#2943 = ORIENTED_EDGE ( 'NONE', *, *, #3594, .T. ) ;
#2944 = AXIS2_PLACEMENT_3D ( 'NONE', #389, #1061, #2433 ) ;
#2945 = AXIS2_PLACEMENT_3D ( 'NONE', #527, #3415, #3164 ) ;
#2946 = SHAPE_DEFINITION_REPRESENTATION ( #76, #804 ) ;
#2947 = AXIS2_PLACEMENT_3D ( 'NONE', #2776, #2795, #496 ) ;
#2948 = VECTOR ( 'NONE', #1485, 1000.000000000000000 ) ;
#2949 = ORIENTED_EDGE ( 'NONE', *, *, #1264, .F. ) ;
#2950 = EDGE_LOOP ( 'NONE', ( #3553, #114, #1869, #209 ) ) ;
#2951 = EDGE_CURVE ( 'NONE', #3266, #712, #528, .T. ) ;
#2952 = CARTESIAN_POINT ( 'NONE',  ( -5.249714364903000252, 4.940492704416000080, 10.14976029999999874 ) ) ;
#2953 = VECTOR ( 'NONE', #793, 1000.000000000000000 ) ;
#2954 = ORIENTED_EDGE ( 'NONE', *, *, #1701, .T. ) ;
#2955 = EDGE_CURVE ( 'NONE', #362, #744, #1797, .T. ) ;
#2956 = VECTOR ( 'NONE', #2293, 1000.000000000000000 ) ;
#2957 = CARTESIAN_POINT ( 'NONE',  ( 5.564000001788000915, 5.850000000000000533, 10.30000000000000071 ) ) ;
#2958 = CARTESIAN_POINT ( 'NONE',  ( -4.973541558323000267, -2.415827388947999754, 1.749760300000000157 ) ) ;
#2959 = EDGE_CURVE ( 'NONE', #1847, #237, #293, .T. ) ;
#2960 = ORIENTED_EDGE ( 'NONE', *, *, #1424, .F. ) ;
#2961 = LINE ( 'NONE', #19, #2015 ) ;
#2962 = LINE ( 'NONE', #1525, #646 ) ;
#2963 = LINE ( 'NONE', #1825, #3070 ) ;
#2964 = ORIENTED_EDGE ( 'NONE', *, *, #1166, .F. ) ;
#2965 = CYLINDRICAL_SURFACE ( 'NONE', #948, 1.000000000000000000 ) ;
#2966 = CARTESIAN_POINT ( 'NONE',  ( -4.850000000000000533, 5.850000000000000533, 10.26999999999999957 ) ) ;
#2967 = VERTEX_POINT ( 'NONE', #2103 ) ;
#2968 = DIRECTION ( 'NONE',  ( 1.000000000000000000, 1.156482317317871607E-14, 0.000000000000000000 ) ) ;
#2969 = DIRECTION ( 'NONE',  ( -1.000000000000000000, 0.000000000000000000, 0.000000000000000000 ) ) ;
#2970 = ORIENTED_EDGE ( 'NONE', *, *, #2257, .T. ) ;
#2971 = ORIENTED_EDGE ( 'NONE', *, *, #579, .T. ) ;
#2972 = CARTESIAN_POINT ( 'NONE',  ( 5.450000000000000178, 5.450000000000000178, 10.40000000000000036 ) ) ;
#2973 = DIRECTION ( 'NONE',  ( 0.000000000000000000, 6.335676815618000064E-12, -1.000000000000000000 ) ) ;
#2974 = ADVANCED_FACE ( 'NONE', ( #2677, #3256, #3277, #104, #3769, #669 ), #2324, .T. ) ;
#2975 = EDGE_CURVE ( 'NONE', #1783, #1134, #1826, .T. ) ;
#2976 = DIRECTION ( 'NONE',  ( 0.000000000000000000, 0.000000000000000000, 1.000000000000000000 ) ) ;
#2977 = ORIENTED_EDGE ( 'NONE', *, *, #1932, .T. ) ;
#2978 = CYLINDRICAL_SURFACE ( 'NONE', #127, 1.000000000000000000 ) ;
#2979 = DIRECTION ( 'NONE',  ( 1.000000000000000000, 0.000000000000000000, 0.000000000000000000 ) ) ;
#2980 = CARTESIAN_POINT ( 'NONE',  ( 5.259523887267000930, -4.950271625087000693, 10.24976029999999838 ) ) ;
#2981 = CLOSED_SHELL ( 'NONE', ( #2162, #2084, #3020, #2389, #2844, #747, #608, #1302, #2281 ) ) ;
#2982 = CARTESIAN_POINT ( 'NONE',  ( -4.500002799999999858, 1.550004779999999860, 0.000000000000000000 ) ) ;
#2983 = VERTEX_POINT ( 'NONE', #2718 ) ;
#2984 = FACE_OUTER_BOUND ( 'NONE', #2578, .T. ) ;
#2985 = CARTESIAN_POINT ( 'NONE',  ( 6.349999999999999645, -5.349999999999999645, 0.000000000000000000 ) ) ;
#2986 = STYLED_ITEM ( 'NONE', ( #1090 ), #96 ) ;
#2987 = ORIENTED_EDGE ( 'NONE', *, *, #977, .T. ) ;
#2988 = ORIENTED_EDGE ( 'NONE', *, *, #1604, .F. ) ;
#2989 = DIRECTION ( 'NONE',  ( 1.000000000000000000, 0.000000000000000000, 0.000000000000000000 ) ) ;
#2990 = CARTESIAN_POINT ( 'NONE',  ( 4.950286925933999882, 4.949729665750000507, 10.14976029999999874 ) ) ;
#2991 = AXIS2_PLACEMENT_3D ( 'NONE', #2933, #889, #2023 ) ;
#2992 = CARTESIAN_POINT ( 'NONE',  ( -4.949714364904000519, 4.940492704416000080, -4.844239700000001037 ) ) ;
#2993 = EDGE_CURVE ( 'NONE', #957, #2182, #1315, .T. ) ;
#2994 = ORIENTED_EDGE ( 'NONE', *, *, #2275, .T. ) ;
#2995 = DIRECTION ( 'NONE',  ( 1.000000000000000000, 0.000000000000000000, 0.000000000000000000 ) ) ;
#2996 = EDGE_CURVE ( 'NONE', #123, #3102, #2642, .T. ) ;
#2997 = CARTESIAN_POINT ( 'NONE',  ( 4.850000000000000533, -5.850000000000000533, 10.26999999999999957 ) ) ;
#2998 = DIRECTION ( 'NONE',  ( 1.000000000000000000, 0.000000000000000000, 0.000000000000000000 ) ) ;
#2999 = AXIS2_PLACEMENT_3D ( 'NONE', #891, #1224, #616 ) ;
#3000 = DIRECTION ( 'NONE',  ( 0.000000000000000000, 0.000000000000000000, 1.000000000000000000 ) ) ;
#3001 = EDGE_CURVE ( 'NONE', #1227, #2091, #1075, .T. ) ;
#3002 = VERTEX_POINT ( 'NONE', #3182 ) ;
#3003 = CIRCLE ( 'NONE', #1736, 0.4499999999999999001 ) ;
#3004 = DIRECTION ( 'NONE',  ( -0.9978655496215643739, 0.06530195156695831060, 0.000000000000000000 ) ) ;
#3005 = DIRECTION ( 'NONE',  ( 1.000000000000000000, 0.000000000000000000, 0.000000000000000000 ) ) ;
#3006 = AXIS2_PLACEMENT_3D ( 'NONE', #313, #20, #2979 ) ;
#3007 = ORIENTED_EDGE ( 'NONE', *, *, #1953, .T. ) ;
#3008 = ORIENTED_EDGE ( 'NONE', *, *, #1611, .T. ) ;
#3009 = FACE_BOUND ( 'NONE', #846, .T. ) ;
#3010 = CIRCLE ( 'NONE', #1857, 0.5000000000001001421 ) ;
#3011 = CARTESIAN_POINT ( 'NONE',  ( -4.549714364904000163, 4.940492704416000080, -4.550239699999999665 ) ) ;
#3012 = STYLED_ITEM ( 'NONE', ( #2259 ), #2530 ) ;
#3013 = CARTESIAN_POINT ( 'NONE',  ( -5.942275964563004109, -6.402586518619003186, 10.59109372066169996 ) ) ;
#3014 = ORIENTED_EDGE ( 'NONE', *, *, #1764, .F. ) ;
#3015 = CARTESIAN_POINT ( 'NONE',  ( 4.950000000000000178, -4.950000000000000178, 0.4215579590869985571 ) ) ;
#3016 = CARTESIAN_POINT ( 'NONE',  ( 4.950286925933999882, 4.949729665750000507, 10.14976029999999874 ) ) ;
#3017 = CYLINDRICAL_SURFACE ( 'NONE', #2039, 0.6499999999999995781 ) ;
#3018 = FACE_OUTER_BOUND ( 'NONE', #2397, .T. ) ;
#3019 = FACE_OUTER_BOUND ( 'NONE', #922, .T. ) ;
#3020 = ADVANCED_FACE ( 'NONE', ( #2899 ), #805, .T. ) ;
#3021 = CARTESIAN_POINT ( 'NONE',  ( -4.973541558323000267, -2.415827388947999754, 2.049760299999999980 ) ) ;
#3022 = EDGE_CURVE ( 'NONE', #2629, #3039, #2470, .T. ) ;
#3023 = VERTEX_POINT ( 'NONE', #3607 ) ;
#3024 = EDGE_LOOP ( 'NONE', ( #208, #2704, #1112, #1810 ) ) ;
#3025 = FACE_OUTER_BOUND ( 'NONE', #942, .T. ) ;
#3026 = LINE ( 'NONE', #2229, #2953 ) ;
#3027 = ORIENTED_EDGE ( 'NONE', *, *, #374, .F. ) ;
#3028 = ORIENTED_EDGE ( 'NONE', *, *, #1565, .T. ) ;
#3029 = DIRECTION ( 'NONE',  ( 1.000000000000000000, 0.000000000000000000, 0.000000000000000000 ) ) ;
#3030 = DIRECTION ( 'NONE',  ( 0.000000000000000000, 0.000000000000000000, -1.000000000000000000 ) ) ;
#3031 = CARTESIAN_POINT ( 'NONE',  ( -4.698128219357000646, 3.240491764373999661, 9.449760299999999447 ) ) ;
#3032 = VERTEX_POINT ( 'NONE', #3667 ) ;
#3033 = DIRECTION ( 'NONE',  ( 1.000000000000000000, 0.000000000000000000, 0.000000000000000000 ) ) ;
#3034 = FACE_OUTER_BOUND ( 'NONE', #3339, .T. ) ;
#3035 = DIRECTION ( 'NONE',  ( 0.000000000000000000, 0.000000000000000000, -1.000000000000000000 ) ) ;
#3036 = CARTESIAN_POINT ( 'NONE',  ( 5.950000000000000178, 5.450000000000000178, 10.40000000000000036 ) ) ;
#3037 = CARTESIAN_POINT ( 'NONE',  ( 4.850000000000000533, 5.850000000000000533, 10.40000000000000036 ) ) ;
#3038 = CARTESIAN_POINT ( 'NONE',  ( 5.850000000000000533, 0.000000000000000000, 10.33499999999999908 ) ) ;
#3039 = VERTEX_POINT ( 'NONE', #479 ) ;
#3040 = ORIENTED_EDGE ( 'NONE', *, *, #1954, .F. ) ;
#3041 = EDGE_CURVE ( 'NONE', #3102, #123, #1501, .T. ) ;
#3042 = EDGE_CURVE ( 'NONE', #3554, #3728, #2885, .T. ) ;
#3043 = CIRCLE ( 'NONE', #117, 0.4000000000000001887 ) ;
#3044 = DIRECTION ( 'NONE',  ( 0.000000000000000000, 0.000000000000000000, 1.000000000000000000 ) ) ;
#3045 = ORIENTED_EDGE ( 'NONE', *, *, #3094, .F. ) ;
#3046 = ORIENTED_EDGE ( 'NONE', *, *, #561, .T. ) ;
#3047 = LINE ( 'NONE', #1831, #3597 ) ;
#3048 = DIRECTION ( 'NONE',  ( 0.000000000000000000, 0.000000000000000000, -1.000000000000000000 ) ) ;
#3049 = CIRCLE ( 'NONE', #436, 0.2999999999999999334 ) ;
#3050 = CARTESIAN_POINT ( 'NONE',  ( -4.500000000000000000, -4.950000000000000178, 0.000000000000000000 ) ) ;
#3051 = ORIENTED_EDGE ( 'NONE', *, *, #492, .T. ) ;
#3052 = AXIS2_PLACEMENT_3D ( 'NONE', #1775, #3532, #3185 ) ;
#3053 = DIRECTION ( 'NONE',  ( 0.000000000000000000, 0.000000000000000000, 1.000000000000000000 ) ) ;
#3054 = DIRECTION ( 'NONE',  ( 0.000000000000000000, 0.000000000000000000, -1.000000000000000000 ) ) ;
#3055 = VECTOR ( 'NONE', #811, 1000.000000000000000 ) ;
#3056 = CARTESIAN_POINT ( 'NONE',  ( 4.959523887267001108, -4.950271625087000693, 10.24976029999999838 ) ) ;
#3057 = DIRECTION ( 'NONE',  ( 0.000000000000000000, 0.000000000000000000, -1.000000000000000000 ) ) ;
#3058 = FACE_OUTER_BOUND ( 'NONE', #411, .T. ) ;
#3059 = CARTESIAN_POINT ( 'NONE',  ( 5.820905368549999181, 5.323269354592001790, 10.79919639315699875 ) ) ;
#3060 = ORIENTED_EDGE ( 'NONE', *, *, #3114, .F. ) ;
#3061 = VERTEX_POINT ( 'NONE', #1093 ) ;
#3062 = TOROIDAL_SURFACE ( 'NONE', #2821, 0.2999999999995000000, 0.09999999999998999967 ) ;
#3063 = DIRECTION ( 'NONE',  ( 1.000000000000000000, 0.000000000000000000, 0.000000000000000000 ) ) ;
#3064 = ADVANCED_FACE ( 'NONE', ( #741 ), #2058, .T. ) ;
#3065 = AXIS2_PLACEMENT_3D ( 'NONE', #2958, #2061, #14 ) ;
#3066 = EDGE_LOOP ( 'NONE', ( #1323, #137 ) ) ;
#3067 = EDGE_LOOP ( 'NONE', ( #1403, #246, #3360, #1612 ) ) ;
#3068 = CYLINDRICAL_SURFACE ( 'NONE', #2571, 0.2500000000000002220 ) ;
#3069 = CARTESIAN_POINT ( 'NONE',  ( -5.346542076181999725, 1.540493364330000059, 2.049520199999999903 ) ) ;
#3070 = VECTOR ( 'NONE', #3289, 1000.000000000000000 ) ;
#3071 = AXIS2_PLACEMENT_3D ( 'NONE', #2707, #777, #3320 ) ;
#3072 = CARTESIAN_POINT ( 'NONE',  ( 5.349999999999999645, 5.349999999999999645, 10.80000000000010019 ) ) ;
#3073 = ADVANCED_FACE ( 'NONE', ( #725 ), #1131, .T. ) ;
#3074 = EDGE_CURVE ( 'NONE', #3529, #247, #1006, .T. ) ;
#3075 = VERTEX_POINT ( 'NONE', #1625 ) ;
#3076 = AXIS2_PLACEMENT_3D ( 'NONE', #2354, #3513, #913 ) ;
#3077 = CARTESIAN_POINT ( 'NONE',  ( -5.850000000000000533, -4.850000000000000533, 10.40000000000000036 ) ) ;
#3078 = VECTOR ( 'NONE', #2274, 1000.000000000000000 ) ;
#3079 = EDGE_CURVE ( 'NONE', #3709, #487, #1980, .T. ) ;
#3080 = CARTESIAN_POINT ( 'NONE',  ( -4.299714364904000163, 4.940492704416000080, 2.049520199999999903 ) ) ;
#3081 = DIRECTION ( 'NONE',  ( -1.000000000000000000, 0.000000000000000000, 0.000000000000000000 ) ) ;
#3082 = DIRECTION ( 'NONE',  ( 1.000000000000000000, 0.000000000000000000, 0.000000000000000000 ) ) ;
#3083 = CARTESIAN_POINT ( 'NONE',  ( -4.950000000000000178, 4.950000000000000178, 0.000000000000000000 ) ) ;
#3084 = CARTESIAN_POINT ( 'NONE',  ( 5.838010014903999512, 5.624596526917995831, 10.79919639315700053 ) ) ;
#3085 = ORIENTED_EDGE ( 'NONE', *, *, #2257, .F. ) ;
#3086 = CARTESIAN_POINT ( 'NONE',  ( -4.949714364904000519, 4.940492704416000080, -4.550239699999999665 ) ) ;
#3087 = CARTESIAN_POINT ( 'NONE',  ( -4.950000000000000178, -4.950000000000000178, 0.000000000000000000 ) ) ;
#3088 = VERTEX_POINT ( 'NONE', #186 ) ;
#3089 = CARTESIAN_POINT ( 'NONE',  ( -5.473541558323000267, -2.415827388947999754, 1.749760300000000157 ) ) ;
#3090 = DIRECTION ( 'NONE',  ( 0.000000000000000000, 0.000000000000000000, 1.000000000000000000 ) ) ;
#3091 = LINE ( 'NONE', #814, #1311 ) ;
#3092 = ORIENTED_EDGE ( 'NONE', *, *, #3094, .T. ) ;
#3093 = LINE ( 'NONE', #1971, #2196 ) ;
#3094 = EDGE_CURVE ( 'NONE', #6, #903, #1557, .T. ) ;
#3095 = EDGE_CURVE ( 'NONE', #2805, #109, #3543, .T. ) ;
#3096 = FACE_OUTER_BOUND ( 'NONE', #3708, .T. ) ;
#3097 = DIRECTION ( 'NONE',  ( 0.000000000000000000, 0.000000000000000000, -1.000000000000000000 ) ) ;
#3098 = PLANE ( 'NONE',  #211 ) ;
#3099 = DIRECTION ( 'NONE',  ( 0.000000000000000000, 0.000000000000000000, -1.000000000000000000 ) ) ;
#3100 = DIRECTION ( 'NONE',  ( 1.000000000000000000, 0.000000000000000000, 0.000000000000000000 ) ) ;
#3101 = EDGE_LOOP ( 'NONE', ( #2390, #1985, #1037, #2572 ) ) ;
#3102 = VERTEX_POINT ( 'NONE', #1678 ) ;
#3103 = DIRECTION ( 'NONE',  ( 0.000000000000000000, 6.339103328323000424E-12, -1.000000000000000000 ) ) ;
#3104 = ORIENTED_EDGE ( 'NONE', *, *, #2095, .T. ) ;
#3105 = ORIENTED_EDGE ( 'NONE', *, *, #1171, .T. ) ;
#3106 = CARTESIAN_POINT ( 'NONE',  ( -4.946542076182000258, 1.540493364330000059, 2.049520199999999903 ) ) ;
#3107 = DIRECTION ( 'NONE',  ( 0.000000000000000000, 0.000000000000000000, -1.000000000000000000 ) ) ;
#3108 = CARTESIAN_POINT ( 'NONE',  ( -4.475491360461000490, -0.3260661585560999387, 2.049760299999999980 ) ) ;
#3109 = ORIENTED_EDGE ( 'NONE', *, *, #1653, .F. ) ;
#3110 = CARTESIAN_POINT ( 'NONE',  ( -5.590477403570000448, -4.959508586421000231, 2.049520199999999903 ) ) ;
#3111 =( NAMED_UNIT ( * ) PLANE_ANGLE_UNIT ( ) SI_UNIT ( $, .RADIAN. ) );
#3112 = ADVANCED_FACE ( 'NONE', ( #2835 ), #3648, .T. ) ;
#3113 = AXIS2_PLACEMENT_3D ( 'NONE', #2063, #2099, #1507 ) ;
#3114 = EDGE_CURVE ( 'NONE', #2967, #3503, #3631, .T. ) ;
#3115 = SURFACE_SIDE_STYLE ('',( #1429 ) ) ;
#3116 = DIRECTION ( 'NONE',  ( -0.000000000000000000, 1.000000000000000000, 0.000000000000000000 ) ) ;
#3117 = AXIS2_PLACEMENT_3D ( 'NONE', #1479, #1170, #2916 ) ;
#3118 = DIRECTION ( 'NONE',  ( 0.000000000000000000, 0.000000000000000000, -1.000000000000000000 ) ) ;
#3119 = DIRECTION ( 'NONE',  ( -1.000000000000000000, 0.000000000000000000, 0.000000000000000000 ) ) ;
#3120 = EDGE_LOOP ( 'NONE', ( #1346, #2109, #3637, #1217 ) ) ;
#3121 = ORIENTED_EDGE ( 'NONE', *, *, #1026, .F. ) ;
#3122 = CARTESIAN_POINT ( 'NONE',  ( 4.550286925934000415, 4.949729665750000507, 1.549520199999999681 ) ) ;
#3123 = VECTOR ( 'NONE', #1408, 1000.000000000000000 ) ;
#3124 = ADVANCED_FACE ( 'NONE', ( #3349 ), #1753, .T. ) ;
#3125 = ORIENTED_EDGE ( 'NONE', *, *, #375, .T. ) ;
#3126 = VERTEX_POINT ( 'NONE', #536 ) ;
#3127 = AXIS2_PLACEMENT_3D ( 'NONE', #2285, #1628, #1387 ) ;
#3128 = CARTESIAN_POINT ( 'NONE',  ( -4.950000000000000178, 4.950000000000000178, 0.4215579590869985571 ) ) ;
#3129 = LINE ( 'NONE', #2557, #395 ) ;
#3130 = LINE ( 'NONE', #1155, #522 ) ;
#3131 = AXIS2_PLACEMENT_3D ( 'NONE', #494, #582, #3082 ) ;
#3132 = ORIENTED_EDGE ( 'NONE', *, *, #3400, .T. ) ;
#3133 = DIRECTION ( 'NONE',  ( 1.000000000000000000, 0.000000000000000000, 0.000000000000000000 ) ) ;
#3134 = CIRCLE ( 'NONE', #2945, 0.6499999999999995781 ) ;
#3135 = SURFACE_SIDE_STYLE ('',( #3738 ) ) ;
#3136 = AXIS2_PLACEMENT_3D ( 'NONE', #3408, #1358, #789 ) ;
#3137 = AXIS2_PLACEMENT_3D ( 'NONE', #1624, #1642, #495 ) ;
#3138 = AXIS2_PLACEMENT_3D ( 'NONE', #2808, #1375, #2526 ) ;
#3139 = CARTESIAN_POINT ( 'NONE',  ( 4.950286925933999882, 4.949729665750000507, -4.844239700000001037 ) ) ;
#3140 = ORIENTED_EDGE ( 'NONE', *, *, #3594, .F. ) ;
#3141 = AXIS2_PLACEMENT_3D ( 'NONE', #3620, #1592, #2726 ) ;
#3142 = ORIENTED_EDGE ( 'NONE', *, *, #2558, .F. ) ;
#3143 = FILL_AREA_STYLE ('',( #792 ) ) ;
#3144 = FILL_AREA_STYLE ('',( #829 ) ) ;
#3145 = ADVANCED_FACE ( 'NONE', ( #3215 ), #3459, .T. ) ;
#3146 = ORIENTED_EDGE ( 'NONE', *, *, #2881, .T. ) ;
#3147 = CARTESIAN_POINT ( 'NONE',  ( 4.550286925934000415, 4.949729665750000507, 10.14976029999999874 ) ) ;
#3148 = DIRECTION ( 'NONE',  ( -1.000000000000000000, 0.000000000000000000, 0.000000000000000000 ) ) ;
#3149 = DIRECTION ( 'NONE',  ( 1.000000000000000000, 0.000000000000000000, 0.000000000000000000 ) ) ;
#3150 = VERTEX_POINT ( 'NONE', #3422 ) ;
#3151 = DIRECTION ( 'NONE',  ( 0.000000000000000000, 0.000000000000000000, 1.000000000000000000 ) ) ;
#3152 = LINE ( 'NONE', #2008, #3078 ) ;
#3153 = SURFACE_STYLE_FILL_AREA ( #3170 ) ;
#3154 = LINE ( 'NONE', #264, #3681 ) ;
#3155 = VERTEX_POINT ( 'NONE', #2314 ) ;
#3156 = ORIENTED_EDGE ( 'NONE', *, *, #1685, .F. ) ;
#3157 = CYLINDRICAL_SURFACE ( 'NONE', #571, 0.4000000000000001887 ) ;
#3158 = EDGE_CURVE ( 'NONE', #2540, #2320, #2218, .T. ) ;
#3159 = ORIENTED_EDGE ( 'NONE', *, *, #2717, .F. ) ;
#3160 = EDGE_CURVE ( 'NONE', #2129, #1056, #822, .T. ) ;
#3161 = ORIENTED_EDGE ( 'NONE', *, *, #3400, .F. ) ;
#3162 = EDGE_CURVE ( 'NONE', #3770, #1453, #1854, .T. ) ;
#3163 = FACE_OUTER_BOUND ( 'NONE', #1979, .T. ) ;
#3164 = DIRECTION ( 'NONE',  ( -1.000000000000000000, 0.000000000000000000, 0.000000000000000000 ) ) ;
#3165 = DIRECTION ( 'NONE',  ( 0.000000000000000000, 0.000000000000000000, 1.000000000000000000 ) ) ;
#3166 = VERTEX_POINT ( 'NONE', #843 ) ;
#3167 = DIRECTION ( 'NONE',  ( 0.000000000000000000, 0.000000000000000000, 1.000000000000000000 ) ) ;
#3168 = ADVANCED_FACE ( 'NONE', ( #2566 ), #285, .T. ) ;
#3169 = AXIS2_PLACEMENT_3D ( 'NONE', #2134, #3307, #703 ) ;
#3170 = FILL_AREA_STYLE ('',( #2297 ) ) ;
#3171 = VECTOR ( 'NONE', #43, 1000.000000000000000 ) ;
#3172 = DIRECTION ( 'NONE',  ( -1.085097664365000065E-09, 0.000000000000000000, 1.000000000000000000 ) ) ;
#3173 = EDGE_LOOP ( 'NONE', ( #1127, #1700, #1959, #825 ) ) ;
#3174 = ORIENTED_EDGE ( 'NONE', *, *, #1383, .F. ) ;
#3175 = AXIS2_PLACEMENT_3D ( 'NONE', #2130, #1307, #3033 ) ;
#3176 =( NAMED_UNIT ( * ) SI_UNIT ( $, .STERADIAN. ) SOLID_ANGLE_UNIT ( ) );
#3177 = CIRCLE ( 'NONE', #3663, 0.09999999999999072131 ) ;
#3178 = EDGE_LOOP ( 'NONE', ( #3259, #2872, #1244, #799 ) ) ;
#3179 = EDGE_LOOP ( 'NONE', ( #1734, #2299, #1099, #809, #1986, #1055, #3608, #1925 ) ) ;
#3180 = APPLICATION_CONTEXT ( 'automotive_design' ) ;
#3181 = LINE ( 'NONE', #3464, #3427 ) ;
#3182 = CARTESIAN_POINT ( 'NONE',  ( -4.546542076182000791, 1.540493364330000059, -4.550239699999999665 ) ) ;
#3183 = AXIS2_PLACEMENT_3D ( 'NONE', #3411, #3425, #2778 ) ;
#3184 = ORIENTED_EDGE ( 'NONE', *, *, #2839, .T. ) ;
#3185 = DIRECTION ( 'NONE',  ( 1.000000000000000000, 0.000000000000000000, 0.000000000000000000 ) ) ;
#3186 = DIRECTION ( 'NONE',  ( 0.000000000000000000, 1.000000000000000000, 0.000000000000000000 ) ) ;
#3187 = CIRCLE ( 'NONE', #940, 0.5000000000000004441 ) ;
#3188 = EDGE_CURVE ( 'NONE', #2719, #1032, #3722, .T. ) ;
#3189 = EDGE_CURVE ( 'NONE', #904, #2838, #3154, .T. ) ;
#3190 = CARTESIAN_POINT ( 'NONE',  ( -4.473541558323000267, -2.415827388947999754, 1.749760300000000157 ) ) ;
#3191 = AXIS2_PLACEMENT_3D ( 'NONE', #1348, #1019, #2170 ) ;
#3192 = ADVANCED_FACE ( 'NONE', ( #2865 ), #589, .F. ) ;
#3193 = FACE_OUTER_BOUND ( 'NONE', #471, .T. ) ;
#3194 = VECTOR ( 'NONE', #1030, 1000.000000000000000 ) ;
#3195 = AXIS2_PLACEMENT_3D ( 'NONE', #205, #3390, #455 ) ;
#3196 = CARTESIAN_POINT ( 'NONE',  ( 0.000000000000000000, 0.000000000000000000, 10.79999999999999893 ) ) ;
#3197 = ORIENTED_EDGE ( 'NONE', *, *, #421, .F. ) ;
#3198 = AXIS2_PLACEMENT_3D ( 'NONE', #420, #125, #1078 ) ;
#3199 = CIRCLE ( 'NONE', #1984, 0.5000000000000004441 ) ;
#3200 = DIRECTION ( 'NONE',  ( 0.000000000000000000, 0.000000000000000000, -1.000000000000000000 ) ) ;
#3201 = CARTESIAN_POINT ( 'NONE',  ( 4.559523887267999953, -4.950271625087000693, 10.14976029999999874 ) ) ;
#3202 = EDGE_LOOP ( 'NONE', ( #2510, #3449 ) ) ;
#3203 = ORIENTED_EDGE ( 'NONE', *, *, #2394, .F. ) ;
#3204 = CARTESIAN_POINT ( 'NONE',  ( 4.950000000000000178, 4.950000000000000178, 0.3999999999999993006 ) ) ;
#3205 = CARTESIAN_POINT ( 'NONE',  ( 4.950286925933999882, 4.949729665750000507, 1.549520199999999681 ) ) ;
#3206 = ORIENTED_EDGE ( 'NONE', *, *, #2955, .F. ) ;
#3207 = FACE_OUTER_BOUND ( 'NONE', #365, .T. ) ;
#3208 = CARTESIAN_POINT ( 'NONE',  ( -5.346542076181999725, 1.540493364483999983, 10.14976029999999874 ) ) ;
#3209 = FILL_AREA_STYLE_COLOUR ( '', #2891 ) ;
#3210 = DIRECTION ( 'NONE',  ( 0.000000000000000000, 0.000000000000000000, -1.000000000000000000 ) ) ;
#3211 = EDGE_CURVE ( 'NONE', #1350, #357, #3744, .T. ) ;
#3212 = ADVANCED_FACE ( 'NONE', ( #566, #301 ), #1449, .F. ) ;
#3213 = CARTESIAN_POINT ( 'NONE',  ( -4.975491360460999601, -0.3260661585560999387, 9.549760299999999091 ) ) ;
#3214 = CARTESIAN_POINT ( 'NONE',  ( -5.475491360461000490, -0.3260661585560999387, 1.749760300000000157 ) ) ;
#3215 = FACE_OUTER_BOUND ( 'NONE', #1116, .T. ) ;
#3216 = ORIENTED_EDGE ( 'NONE', *, *, #2046, .T. ) ;
#3217 = ORIENTED_EDGE ( 'NONE', *, *, #2317, .T. ) ;
#3218 = EDGE_LOOP ( 'NONE', ( #1382, #1827, #2495, #1739 ) ) ;
#3219 = DIRECTION ( 'NONE',  ( 0.000000000000000000, 0.000000000000000000, -1.000000000000000000 ) ) ;
#3220 = EDGE_LOOP ( 'NONE', ( #3621, #3295, #2820, #2191 ) ) ;
#3221 = DIRECTION ( 'NONE',  ( 0.000000000000000000, 0.000000000000000000, -1.000000000000000000 ) ) ;
#3222 = CARTESIAN_POINT ( 'NONE',  ( -6.349999999999999645, 5.349999999999999645, 0.000000000000000000 ) ) ;
#3223 = LINE ( 'NONE', #16, #2896 ) ;
#3224 = FACE_OUTER_BOUND ( 'NONE', #2818, .T. ) ;
#3225 = AXIS2_PLACEMENT_3D ( 'NONE', #3644, #452, #3081 ) ;
#3226 = CYLINDRICAL_SURFACE ( 'NONE', #2643, 0.4499999999999999001 ) ;
#3227 = DIRECTION ( 'NONE',  ( 0.000000000000000000, 0.000000000000000000, 1.000000000000000000 ) ) ;
#3228 = ADVANCED_FACE ( 'NONE', ( #3474 ), #877, .F. ) ;
#3229 = CIRCLE ( 'NONE', #2807, 0.4499999999999999001 ) ;
#3230 = EDGE_LOOP ( 'NONE', ( #1238, #2826 ) ) ;
#3231 = DIRECTION ( 'NONE',  ( 0.000000000000000000, 0.000000000000000000, 1.000000000000000000 ) ) ;
#3232 = CIRCLE ( 'NONE', #1896, 0.5000000000000004441 ) ;
#3233 = DIRECTION ( 'NONE',  ( 0.000000000000000000, 0.000000000000000000, 1.000000000000000000 ) ) ;
#3234 = EDGE_CURVE ( 'NONE', #2289, #649, #667, .T. ) ;
#3235 = CIRCLE ( 'NONE', #439, 0.4999999999999995559 ) ;
#3236 = EDGE_LOOP ( 'NONE', ( #3174, #2836, #1829, #1593 ) ) ;
#3237 = ORIENTED_EDGE ( 'NONE', *, *, #704, .F. ) ;
#3238 = CARTESIAN_POINT ( 'NONE',  ( -4.549714364904000163, 4.940492704416000080, 1.549520199999999681 ) ) ;
#3239 = AXIS2_PLACEMENT_3D ( 'NONE', #3505, #919, #1761 ) ;
#3240 = EDGE_CURVE ( 'NONE', #2908, #3616, #642, .T. ) ;
#3241 = ORIENTED_EDGE ( 'NONE', *, *, #415, .F. ) ;
#3242 = CIRCLE ( 'NONE', #2442, 0.6500000000000003553 ) ;
#3243 = FACE_OUTER_BOUND ( 'NONE', #2567, .T. ) ;
#3244 = LINE ( 'NONE', #3222, #828 ) ;
#3245 = FACE_OUTER_BOUND ( 'NONE', #2515, .T. ) ;
#3246 = ORIENTED_EDGE ( 'NONE', *, *, #425, .T. ) ;
#3247 = DIRECTION ( 'NONE',  ( 1.000000000000000000, 0.000000000000000000, 0.000000000000000000 ) ) ;
#3248 = AXIS2_PLACEMENT_3D ( 'NONE', #3086, #1404, #459 ) ;
#3249 = CARTESIAN_POINT ( 'NONE',  ( -4.973541558323000267, -2.415827388947999754, 1.901760299999999404 ) ) ;
#3250 = CARTESIAN_POINT ( 'NONE',  ( -4.940477403570000092, -4.959508586421000231, -4.844239700000001037 ) ) ;
#3251 = AXIS2_PLACEMENT_3D ( 'NONE', #2832, #2902, #1897 ) ;
#3252 = ORIENTED_EDGE ( 'NONE', *, *, #281, .T. ) ;
#3253 = AXIS2_PLACEMENT_3D ( 'NONE', #1942, #2508, #3100 ) ;
#3254 = CIRCLE ( 'NONE', #2145, 0.6499999999999995781 ) ;
#3255 = DIRECTION ( 'NONE',  ( 0.000000000000000000, 0.000000000000000000, 1.000000000000000000 ) ) ;
#3256 = FACE_BOUND ( 'NONE', #294, .T. ) ;
#3257 = AXIS2_PLACEMENT_3D ( 'NONE', #1526, #3227, #1806 ) ;
#3258 = CIRCLE ( 'NONE', #1623, 0.4000000000000001887 ) ;
#3259 = ORIENTED_EDGE ( 'NONE', *, *, #1604, .T. ) ;
#3260 = DIRECTION ( 'NONE',  ( 0.000000000000000000, 0.000000000000000000, -1.000000000000000000 ) ) ;
#3261 = ADVANCED_FACE ( 'NONE', ( #2638 ), #377, .T. ) ;
#3262 = CARTESIAN_POINT ( 'NONE',  ( -4.949714364904000519, 4.940492704416000080, 2.049520199999999903 ) ) ;
#3263 = CARTESIAN_POINT ( 'NONE',  ( 4.950286925933999882, 4.949729665750000507, 2.049520199999999903 ) ) ;
#3264 = CIRCLE ( 'NONE', #1858, 0.5000000000000004441 ) ;
#3265 = ORIENTED_EDGE ( 'NONE', *, *, #1035, .T. ) ;
#3266 = VERTEX_POINT ( 'NONE', #45 ) ;
#3267 = CIRCLE ( 'NONE', #3141, 0.1499999999999999667 ) ;
#3268 = FACE_OUTER_BOUND ( 'NONE', #177, .T. ) ;
#3269 = LINE ( 'NONE', #1241, #1308 ) ;
#3270 = FILL_AREA_STYLE ('',( #921 ) ) ;
#3271 = ORIENTED_EDGE ( 'NONE', *, *, #1214, .T. ) ;
#3272 = CARTESIAN_POINT ( 'NONE',  ( 5.600286925934000237, 4.949729665750000507, 2.049520199999999903 ) ) ;
#3273 = CYLINDRICAL_SURFACE ( 'NONE', #337, 0.4000000000000001887 ) ;
#3274 = CIRCLE ( 'NONE', #3395, 0.6499999999999995781 ) ;
#3275 = CARTESIAN_POINT ( 'NONE',  ( -5.349714364902999897, 4.940492704416000080, 10.14976029999999874 ) ) ;
#3276 = DIRECTION ( 'NONE',  ( 0.000000000000000000, 0.000000000000000000, -1.000000000000000000 ) ) ;
#3277 = FACE_BOUND ( 'NONE', #367, .T. ) ;
#3278 = EDGE_LOOP ( 'NONE', ( #2069, #2186, #1830, #2960 ) ) ;
#3279 = CARTESIAN_POINT ( 'NONE',  ( 6.349999999999999645, 5.349999974384999746, 10.30000000000000071 ) ) ;
#3280 = EDGE_CURVE ( 'NONE', #2645, #3354, #1681, .T. ) ;
#3281 = ADVANCED_FACE ( 'NONE', ( #981 ), #2370, .F. ) ;
#3282 = ORIENTED_EDGE ( 'NONE', *, *, #3280, .T. ) ;
#3283 = CARTESIAN_POINT ( 'NONE',  ( -4.950002800000000036, 1.550004779999999860, 0.4215579590869985571 ) ) ;
#3284 = DIRECTION ( 'NONE',  ( 0.000000000000000000, 0.000000000000000000, -1.000000000000000000 ) ) ;
#3285 = VERTEX_POINT ( 'NONE', #1563 ) ;
#3286 = DIRECTION ( 'NONE',  ( 0.000000000000000000, 0.000000000000000000, -1.000000000000000000 ) ) ;
#3287 = CARTESIAN_POINT ( 'NONE',  ( 4.950286925933999882, 4.949729665750000507, 10.24976029999999838 ) ) ;
#3288 = ADVANCED_FACE ( 'NONE', ( #3524 ), #1200, .F. ) ;
#3289 = DIRECTION ( 'NONE',  ( 0.000000000000000000, 0.000000000000000000, -1.000000000000000000 ) ) ;
#3290 = DIRECTION ( 'NONE',  ( 0.000000000000000000, 0.000000000000000000, 1.000000000000000000 ) ) ;
#3291 = ORIENTED_EDGE ( 'NONE', *, *, #2053, .F. ) ;
#3292 = VERTEX_POINT ( 'NONE', #101 ) ;
#3293 = DIRECTION ( 'NONE',  ( 0.000000000000000000, -1.000000000000000000, -0.000000000000000000 ) ) ;
#3294 = AXIS2_PLACEMENT_3D ( 'NONE', #244, #2277, #3440 ) ;
#3295 = ORIENTED_EDGE ( 'NONE', *, *, #126, .F. ) ;
#3296 = EDGE_LOOP ( 'NONE', ( #858, #30, #88, #2077 ) ) ;
#3297 = DIRECTION ( 'NONE',  ( 0.000000000000000000, 0.000000000000000000, -1.000000000000000000 ) ) ;
#3298 = DIRECTION ( 'NONE',  ( 1.000000000000000000, 0.000000000000000000, 0.000000000000000000 ) ) ;
#3299 = AXIS2_PLACEMENT_3D ( 'NONE', #1042, #2192, #758 ) ;
#3300 = DIRECTION ( 'NONE',  ( 0.000000000000000000, 0.000000000000000000, -1.000000000000000000 ) ) ;
#3301 = CIRCLE ( 'NONE', #2630, 0.2500000000000002220 ) ;
#3302 = ORIENTED_EDGE ( 'NONE', *, *, #2350, .F. ) ;
#3303 = CARTESIAN_POINT ( 'NONE',  ( -4.949714364904000519, 4.940492704416000080, -4.550239699999999665 ) ) ;
#3304 = EDGE_CURVE ( 'NONE', #2753, #1766, #2963, .T. ) ;
#3305 = CARTESIAN_POINT ( 'NONE',  ( 5.350286925933999349, 4.949729665750000507, -4.550239699999999665 ) ) ;
#3306 = MECHANICAL_DESIGN_GEOMETRIC_PRESENTATION_REPRESENTATION (  '', ( #1730 ), #934 ) ;
#3307 = DIRECTION ( 'NONE',  ( 0.000000000000000000, 0.000000000000000000, 1.000000000000000000 ) ) ;
#3308 = EDGE_CURVE ( 'NONE', #2030, #2288, #26, .T. ) ;
#3309 = CARTESIAN_POINT ( 'NONE',  ( -4.946542076182000258, 1.540493364330000059, -4.844239700000001037 ) ) ;
#3310 = ORIENTED_EDGE ( 'NONE', *, *, #1232, .T. ) ;
#3311 = ORIENTED_EDGE ( 'NONE', *, *, #443, .T. ) ;
#3312 = AXIS2_PLACEMENT_3D ( 'NONE', #1409, #506, #1084 ) ;
#3313 = CARTESIAN_POINT ( 'NONE',  ( -4.640477403571000359, -4.959508586421000231, 10.14976029999999874 ) ) ;
#3314 = DIRECTION ( 'NONE',  ( -1.000000000000000000, 0.000000000000000000, 0.000000000000000000 ) ) ;
#3315 = AXIS2_PLACEMENT_3D ( 'NONE', #2197, #1659, #3630 ) ;
#3316 = ORIENTED_EDGE ( 'NONE', *, *, #1861, .T. ) ;
#3317 = ORIENTED_EDGE ( 'NONE', *, *, #1188, .T. ) ;
#3318 = CARTESIAN_POINT ( 'NONE',  ( -5.850000000000000533, 5.349999999999999645, 10.30000000000000071 ) ) ;
#3319 = CIRCLE ( 'NONE', #2833, 0.4000000000000001887 ) ;
#3320 = DIRECTION ( 'NONE',  ( 1.000000000000000000, 0.000000000000000000, 0.000000000000000000 ) ) ;
#3321 =( GEOMETRIC_REPRESENTATION_CONTEXT ( 3 ) GLOBAL_UNCERTAINTY_ASSIGNED_CONTEXT ( ( #1045 ) ) GLOBAL_UNIT_ASSIGNED_CONTEXT ( ( #818, #3111, #1447 ) ) REPRESENTATION_CONTEXT ( 'NONE', 'WORKASPACE' ) );
#3322 = DIRECTION ( 'NONE',  ( 0.000000000000000000, 0.000000000000000000, 1.000000000000000000 ) ) ;
#3323 = CIRCLE ( 'NONE', #1989, 0.09999999999998984701 ) ;
#3324 = ORIENTED_EDGE ( 'NONE', *, *, #1490, .T. ) ;
#3325 = CARTESIAN_POINT ( 'NONE',  ( -5.450000000000000178, 5.450000000000000178, 10.40000000000000036 ) ) ;
#3326 = CARTESIAN_POINT ( 'NONE',  ( -5.475491360461000490, -0.3260661585560999387, 2.049760299999999980 ) ) ;
#3327 = CYLINDRICAL_SURFACE ( 'NONE', #838, 0.5000000000000004441 ) ;
#3328 = EDGE_CURVE ( 'NONE', #1239, #418, #2769, .T. ) ;
#3329 = ADVANCED_FACE ( 'NONE', ( #682 ), #3581, .F. ) ;
#3330 = FACE_OUTER_BOUND ( 'NONE', #2017, .T. ) ;
#3331 =( GEOMETRIC_REPRESENTATION_CONTEXT ( 3 ) GLOBAL_UNCERTAINTY_ASSIGNED_CONTEXT ( ( #1456 ) ) GLOBAL_UNIT_ASSIGNED_CONTEXT ( ( #861, #2265, #1405 ) ) REPRESENTATION_CONTEXT ( 'NONE', 'WORKASPACE' ) );
#3332 = CYLINDRICAL_SURFACE ( 'NONE', #3614, 0.4499999999999999001 ) ;
#3333 = CARTESIAN_POINT ( 'NONE',  ( 4.959523887267001108, -4.950271625087000693, 1.549520199999999681 ) ) ;
#3334 = VERTEX_POINT ( 'NONE', #2980 ) ;
#3335 = ORIENTED_EDGE ( 'NONE', *, *, #3095, .T. ) ;
#3336 = DIRECTION ( 'NONE',  ( 0.000000000000000000, 0.000000000000000000, -1.000000000000000000 ) ) ;
#3337 = DIRECTION ( 'NONE',  ( 0.000000000000000000, 0.000000000000000000, -1.000000000000000000 ) ) ;
#3338 = ORIENTED_EDGE ( 'NONE', *, *, #2601, .F. ) ;
#3339 = EDGE_LOOP ( 'NONE', ( #1698, #1474, #2871, #2688 ) ) ;
#3340 = DIRECTION ( 'NONE',  ( -1.000000000000000000, 7.700003829001682941E-10, 0.000000000000000000 ) ) ;
#3341 = DIRECTION ( 'NONE',  ( 1.000000000000000000, 0.000000000000000000, 0.000000000000000000 ) ) ;
#3342 = CARTESIAN_POINT ( 'NONE',  ( -6.365693586900998291, -5.292344795945004066, 10.59109372066169996 ) ) ;
#3343 = ORIENTED_EDGE ( 'NONE', *, *, #2993, .F. ) ;
#3344 = CARTESIAN_POINT ( 'NONE',  ( -4.948128219357998958, 3.240491764373999661, 2.049760299999999980 ) ) ;
#3345 = CARTESIAN_POINT ( 'NONE',  ( 5.450000000000000178, -5.450000000000000178, 0.3999999999999993006 ) ) ;
#3346 = CARTESIAN_POINT ( 'NONE',  ( -5.450000000000000178, -5.450000000000000178, 0.3999999999999993006 ) ) ;
#3347 = EDGE_CURVE ( 'NONE', #152, #2231, #2462, .T. ) ;
#3348 = CARTESIAN_POINT ( 'NONE',  ( -5.850000000000000533, 4.850000000000000533, 10.26999999999999957 ) ) ;
#3349 = FACE_OUTER_BOUND ( 'NONE', #2855, .T. ) ;
#3350 = EDGE_LOOP ( 'NONE', ( #3007, #1801 ) ) ;
#3351 = VERTEX_POINT ( 'NONE', #3305 ) ;
#3352 = DIRECTION ( 'NONE',  ( -1.333932964087000123E-13, 1.000000000000000000, 7.215252174655069766E-25 ) ) ;
#3353 = ADVANCED_FACE ( 'NONE', ( #1840, #701 ), #2922, .T. ) ;
#3354 = VERTEX_POINT ( 'NONE', #1252 ) ;
#3355 = ORIENTED_EDGE ( 'NONE', *, *, #2716, .F. ) ;
#3356 = DIRECTION ( 'NONE',  ( 1.000000000000000000, -4.553649124439581211E-14, 0.000000000000000000 ) ) ;
#3357 = CARTESIAN_POINT ( 'NONE',  ( 4.950000000000000178, -4.950000000000000178, 0.000000000000000000 ) ) ;
#3358 = EDGE_CURVE ( 'NONE', #422, #3452, #155, .T. ) ;
#3359 = CYLINDRICAL_SURFACE ( 'NONE', #332, 0.4000000000000001887 ) ;
#3360 = ORIENTED_EDGE ( 'NONE', *, *, #3765, .F. ) ;
#3361 = VECTOR ( 'NONE', #1157, 1000.000000000000000 ) ;
#3362 = CARTESIAN_POINT ( 'NONE',  ( -5.350000022352999096, 6.349999999999999645, 10.30000000000000071 ) ) ;
#3363 = DIRECTION ( 'NONE',  ( -1.000000000000000000, 0.000000000000000000, 0.000000000000000000 ) ) ;
#3364 = CARTESIAN_POINT ( 'NONE',  ( -5.850000000000000533, 4.850000000000000533, 10.40000000000000036 ) ) ;
#3365 = CYLINDRICAL_SURFACE ( 'NONE', #1225, 0.4000000000000001887 ) ;
#3366 = CARTESIAN_POINT ( 'NONE',  ( -5.198128219357999846, 3.240491764486999937, 9.449760299999999447 ) ) ;
#3367 = DIRECTION ( 'NONE',  ( 0.000000000000000000, 0.000000000000000000, 1.000000000000000000 ) ) ;
#3368 = DIRECTION ( 'NONE',  ( -1.000000000000000000, 1.214306433183763862E-14, 0.000000000000000000 ) ) ;
#3369 = ORIENTED_EDGE ( 'NONE', *, *, #1585, .F. ) ;
#3370 =( NAMED_UNIT ( * ) SI_UNIT ( $, .STERADIAN. ) SOLID_ANGLE_UNIT ( ) );
#3371 = VECTOR ( 'NONE', #2973, 1000.000000000000000 ) ;
#3372 = CARTESIAN_POINT ( 'NONE',  ( -4.949714364904000519, 4.940492704416000080, -4.550239699999999665 ) ) ;
#3373 = AXIS2_PLACEMENT_3D ( 'NONE', #1988, #3148, #1395 ) ;
#3374 = ORIENTED_EDGE ( 'NONE', *, *, #1035, .F. ) ;
#3375 = EDGE_CURVE ( 'NONE', #3452, #422, #2153, .T. ) ;
#3376 = ORIENTED_EDGE ( 'NONE', *, *, #2792, .T. ) ;
#3377 = EDGE_CURVE ( 'NONE', #594, #2430, #3548, .T. ) ;
#3378 = CARTESIAN_POINT ( 'NONE',  ( -4.975491360460999601, -0.3260661585560999387, 9.449760299999999447 ) ) ;
#3379 = CARTESIAN_POINT ( 'NONE',  ( -4.948128219357998958, 3.240491764373999661, 9.449760299999999447 ) ) ;
#3380 = VECTOR ( 'NONE', #1047, 1000.000000000000000 ) ;
#3381 = VECTOR ( 'NONE', #621, 1000.000000000000000 ) ;
#3382 = DIRECTION ( 'NONE',  ( 0.000000000000000000, -2.567075681154999977E-12, 1.000000000000000000 ) ) ;
#3383 = ORIENTED_EDGE ( 'NONE', *, *, #754, .F. ) ;
#3384 = AXIS2_PLACEMENT_3D ( 'NONE', #316, #1486, #339 ) ;
#3385 = CARTESIAN_POINT ( 'NONE',  ( -4.546542076182000791, 1.540493364330000059, 2.049520199999999903 ) ) ;
#3386 = DIRECTION ( 'NONE',  ( 0.000000000000000000, 2.732856676000000123E-14, -1.000000000000000000 ) ) ;
#3387 = CARTESIAN_POINT ( 'NONE',  ( -4.290477403570000625, -4.959508586421000231, 2.049520199999999903 ) ) ;
#3388 = ORIENTED_EDGE ( 'NONE', *, *, #1427, .F. ) ;
#3389 = LINE ( 'NONE', #1939, #574 ) ;
#3390 = DIRECTION ( 'NONE',  ( 0.000000000000000000, 0.000000000000000000, 1.000000000000000000 ) ) ;
#3391 = DIRECTION ( 'NONE',  ( 0.9978655496215753651, -0.06530195156678848811, 0.000000000000000000 ) ) ;
#3392 = ORIENTED_EDGE ( 'NONE', *, *, #2275, .F. ) ;
#3393 = ORIENTED_EDGE ( 'NONE', *, *, #2583, .T. ) ;
#3394 = CARTESIAN_POINT ( 'NONE',  ( 6.349999999999999645, -5.349999999999999645, 0.000000000000000000 ) ) ;
#3395 = AXIS2_PLACEMENT_3D ( 'NONE', #3451, #2869, #3477 ) ;
#3396 = EDGE_LOOP ( 'NONE', ( #2678, #631, #641, #402 ) ) ;
#3397 = VERTEX_POINT ( 'NONE', #2065 ) ;
#3398 = DIRECTION ( 'NONE',  ( 0.000000000000000000, 0.000000000000000000, -1.000000000000000000 ) ) ;
#3399 = DIRECTION ( 'NONE',  ( -1.000000000000000000, 0.000000000000000000, 0.000000000000000000 ) ) ;
#3400 = EDGE_CURVE ( 'NONE', #630, #2124, #2941, .T. ) ;
#3401 = EDGE_CURVE ( 'NONE', #215, #844, #3685, .T. ) ;
#3402 = DIRECTION ( 'NONE',  ( 1.000000000000000000, 0.000000000000000000, 0.000000000000000000 ) ) ;
#3403 = DIRECTION ( 'NONE',  ( 1.000000000000000000, 0.000000000000000000, 0.000000000000000000 ) ) ;
#3404 = FACE_OUTER_BOUND ( 'NONE', #3716, .T. ) ;
#3405 = DIRECTION ( 'NONE',  ( 0.000000000000000000, 0.000000000000000000, 1.000000000000000000 ) ) ;
#3406 = DIRECTION ( 'NONE',  ( 0.000000000000000000, 1.000000000000000000, 0.000000000000000000 ) ) ;
#3407 = PRODUCT_DEFINITION ( 'ๆ', '', #960, #2895 ) ;
#3408 = CARTESIAN_POINT ( 'NONE',  ( -4.975491360460999601, -0.3260661585560999387, 1.749760300000000157 ) ) ;
#3409 = ORIENTED_EDGE ( 'NONE', *, *, #2484, .T. ) ;
#3410 = ORIENTED_EDGE ( 'NONE', *, *, #2021, .T. ) ;
#3411 = CARTESIAN_POINT ( 'NONE',  ( -4.949714364904000519, 4.940492704416000080, 10.14976029999999874 ) ) ;
#3412 = ORIENTED_EDGE ( 'NONE', *, *, #1255, .T. ) ;
#3413 = EDGE_LOOP ( 'NONE', ( #3654, #1631, #1912, #1115 ) ) ;
#3414 = DIRECTION ( 'NONE',  ( 1.000000000000000000, 0.000000000000000000, 0.000000000000000000 ) ) ;
#3415 = DIRECTION ( 'NONE',  ( 0.000000000000000000, 0.000000000000000000, -1.000000000000000000 ) ) ;
#3416 = CARTESIAN_POINT ( 'NONE',  ( -4.975491360460999601, -0.3260988138694999594, 2.049760299999999980 ) ) ;
#3417 = ORIENTED_EDGE ( 'NONE', *, *, #2461, .T. ) ;
#3418 = DIRECTION ( 'NONE',  ( 0.000000000000000000, 0.000000000000000000, -1.000000000000000000 ) ) ;
#3419 = EDGE_CURVE ( 'NONE', #3615, #1478, #224, .T. ) ;
#3420 = EDGE_CURVE ( 'NONE', #2113, #974, #2502, .T. ) ;
#3421 = VECTOR ( 'NONE', #3436, 1000.000000000000000 ) ;
#3422 = CARTESIAN_POINT ( 'NONE',  ( -5.249714364904000341, 4.940492704416000080, 10.24976029999999838 ) ) ;
#3423 = ORIENTED_EDGE ( 'NONE', *, *, #492, .F. ) ;
#3424 = ORIENTED_EDGE ( 'NONE', *, *, #299, .T. ) ;
#3425 = DIRECTION ( 'NONE',  ( 0.000000000000000000, 0.000000000000000000, 1.000000000000000000 ) ) ;
#3426 = DIRECTION ( 'NONE',  ( 0.000000000000000000, 0.000000000000000000, -1.000000000000000000 ) ) ;
#3427 = VECTOR ( 'NONE', #32, 1000.000000000000000 ) ;
#3428 = ORIENTED_EDGE ( 'NONE', *, *, #3162, .F. ) ;
#3429 = EDGE_LOOP ( 'NONE', ( #1220, #1074, #3725, #519 ) ) ;
#3430 = TOROIDAL_SURFACE ( 'NONE', #3183, 0.3000000000004999778, 0.09999999999998999967 ) ;
#3431 = FACE_OUTER_BOUND ( 'NONE', #483, .T. ) ;
#3432 = DIRECTION ( 'NONE',  ( 0.000000000000000000, 0.000000000000000000, -1.000000000000000000 ) ) ;
#3433 = LINE ( 'NONE', #547, #2956 ) ;
#3434 = VECTOR ( 'NONE', #3450, 1000.000000000000000 ) ;
#3435 = ORIENTED_EDGE ( 'NONE', *, *, #2955, .T. ) ;
#3436 = DIRECTION ( 'NONE',  ( 0.000000000000000000, 1.000000000000000000, 0.000000000000000000 ) ) ;
#3437 = VECTOR ( 'NONE', #1804, 1000.000000000000000 ) ;
#3438 = AXIS2_PLACEMENT_3D ( 'NONE', #3333, #2198, #1643 ) ;
#3439 = VECTOR ( 'NONE', #2383, 1000.000000000000000 ) ;
#3440 = DIRECTION ( 'NONE',  ( 1.000000000000000000, 0.000000000000000000, 0.000000000000000000 ) ) ;
#3441 = AXIS2_PLACEMENT_3D ( 'NONE', #714, #3337, #3314 ) ;
#3442 = CIRCLE ( 'NONE', #3138, 0.4499999999999999001 ) ;
#3443 = ADVANCED_FACE ( 'NONE', ( #473 ), #3327, .T. ) ;
#3444 = EDGE_CURVE ( 'NONE', #232, #3397, #3625, .T. ) ;
#3445 = DIRECTION ( 'NONE',  ( 0.000000000000000000, 0.000000000000000000, -1.000000000000000000 ) ) ;
#3446 = ADVANCED_FACE ( 'NONE', ( #181 ), #3017, .T. ) ;
#3447 = EDGE_LOOP ( 'NONE', ( #2185, #3271 ) ) ;
#3448 = CIRCLE ( 'NONE', #159, 0.4000000000000001887 ) ;
#3449 = ORIENTED_EDGE ( 'NONE', *, *, #1000, .T. ) ;
#3450 = DIRECTION ( 'NONE',  ( 0.000000000000000000, 0.000000000000000000, -1.000000000000000000 ) ) ;
#3451 = CARTESIAN_POINT ( 'NONE',  ( -4.949714364904000519, 4.940492704416000080, 1.549520199999999681 ) ) ;
#3452 = VERTEX_POINT ( 'NONE', #3387 ) ;
#3453 = ORIENTED_EDGE ( 'NONE', *, *, #698, .F. ) ;
#3454 = FACE_OUTER_BOUND ( 'NONE', #1048, .T. ) ;
#3455 = CYLINDRICAL_SURFACE ( 'NONE', #1914, 0.4000000000000001887 ) ;
#3456 = DIRECTION ( 'NONE',  ( 1.000000000000000000, 0.000000000000000000, 0.000000000000000000 ) ) ;
#3457 = ORIENTED_EDGE ( 'NONE', *, *, #541, .F. ) ;
#3458 = LINE ( 'NONE', #3687, #3421 ) ;
#3459 = CYLINDRICAL_SURFACE ( 'NONE', #2034, 0.6499999999999995781 ) ;
#3460 = EDGE_LOOP ( 'NONE', ( #3767, #11, #1156, #35 ) ) ;
#3461 = ORIENTED_EDGE ( 'NONE', *, *, #2158, .T. ) ;
#3462 = EDGE_LOOP ( 'NONE', ( #2451, #2081, #2059, #1412 ) ) ;
#3463 = ORIENTED_EDGE ( 'NONE', *, *, #323, .T. ) ;
#3464 = CARTESIAN_POINT ( 'NONE',  ( 5.400000000000000355, 4.950000000000000178, 0.000000000000000000 ) ) ;
#3465 = ADVANCED_FACE ( 'NONE', ( #3404 ), #785, .F. ) ;
#3466 = EDGE_CURVE ( 'NONE', #230, #542, #585, .T. ) ;
#3467 = CARTESIAN_POINT ( 'NONE',  ( -4.940477403570000092, -4.959508586421000231, 10.24976029999999838 ) ) ;
#3468 = CARTESIAN_POINT ( 'NONE',  ( 4.550286925934000415, 4.949729665903999987, 10.14976029999999874 ) ) ;
#3469 = ORIENTED_EDGE ( 'NONE', *, *, #2367, .T. ) ;
#3470 = LINE ( 'NONE', #2362, #3476 ) ;
#3471 = EDGE_CURVE ( 'NONE', #3155, #2309, #2809, .T. ) ;
#3472 = CARTESIAN_POINT ( 'NONE',  ( -4.975491360460999601, -0.3260661585560999387, 2.049760299999999980 ) ) ;
#3473 = FACE_OUTER_BOUND ( 'NONE', #1999, .T. ) ;
#3474 = FACE_OUTER_BOUND ( 'NONE', #3712, .T. ) ;
#3475 = ORIENTED_EDGE ( 'NONE', *, *, #2839, .F. ) ;
#3476 = VECTOR ( 'NONE', #2347, 1000.000000000000000 ) ;
#3477 = DIRECTION ( 'NONE',  ( -1.000000000000000000, 0.000000000000000000, 0.000000000000000000 ) ) ;
#3478 = EDGE_LOOP ( 'NONE', ( #1901, #1556, #1139, #235 ) ) ;
#3479 = ORIENTED_EDGE ( 'NONE', *, *, #3375, .F. ) ;
#3480 = CARTESIAN_POINT ( 'NONE',  ( 4.850000000000000533, 5.850000000000000533, 10.40000000000000036 ) ) ;
#3481 = CARTESIAN_POINT ( 'NONE',  ( 5.349999999999999645, -5.349999999999999645, 10.30000000000000071 ) ) ;
#3482 = AXIS2_PLACEMENT_3D ( 'NONE', #2290, #239, #3713 ) ;
#3483 = EDGE_CURVE ( 'NONE', #2415, #3002, #947, .T. ) ;
#3484 = EDGE_CURVE ( 'NONE', #2768, #2927, #1560, .T. ) ;
#3485 = ORIENTED_EDGE ( 'NONE', *, *, #3420, .F. ) ;
#3486 = CARTESIAN_POINT ( 'NONE',  ( -5.450000000000000178, -5.450000000000000178, 10.40000000000000036 ) ) ;
#3487 = DIRECTION ( 'NONE',  ( 1.000000000000000000, 0.000000000000000000, 0.000000000000000000 ) ) ;
#3488 = AXIS2_PLACEMENT_3D ( 'NONE', #318, #1488, #2356 ) ;
#3489 = DIRECTION ( 'NONE',  ( 1.000000000000000000, 0.000000000000000000, 0.000000000000000000 ) ) ;
#3490 = CIRCLE ( 'NONE', #2525, 0.1499999999999999667 ) ;
#3491 = FACE_OUTER_BOUND ( 'NONE', #1366, .T. ) ;
#3492 = CARTESIAN_POINT ( 'NONE',  ( -4.950000000000000178, 4.950000000000000178, 0.4215579590869985571 ) ) ;
#3493 = AXIS2_PLACEMENT_3D ( 'NONE', #2853, #3445, #1145 ) ;
#3494 = CIRCLE ( 'NONE', #706, 0.4499999999999999001 ) ;
#3495 = CYLINDRICAL_SURFACE ( 'NONE', #3549, 0.4499999999999999001 ) ;
#3496 = ORIENTED_EDGE ( 'NONE', *, *, #1277, .F. ) ;
#3497 = AXIS2_PLACEMENT_3D ( 'NONE', #2408, #3564, #394 ) ;
#3498 = DIRECTION ( 'NONE',  ( 1.000000000000000000, 0.000000000000000000, 0.000000000000000000 ) ) ;
#3499 = CIRCLE ( 'NONE', #2944, 0.09999999999998984701 ) ;
#3500 = ORIENTED_EDGE ( 'NONE', *, *, #2951, .T. ) ;
#3501 = EDGE_LOOP ( 'NONE', ( #1817, #794, #618, #2420 ) ) ;
#3502 = DIRECTION ( 'NONE',  ( -1.000000000000000000, 1.301042606982606425E-14, 0.000000000000000000 ) ) ;
#3503 = VERTEX_POINT ( 'NONE', #2748 ) ;
#3504 = EDGE_CURVE ( 'NONE', #1073, #690, #895, .T. ) ;
#3505 = CARTESIAN_POINT ( 'NONE',  ( 4.959523887267001108, -4.950271625087000693, 2.069920095917998637 ) ) ;
#3506 = CARTESIAN_POINT ( 'NONE',  ( -5.350000011177000303, 6.349999999999999645, 10.30000000000000071 ) ) ;
#3507 = ADVANCED_FACE ( 'NONE', ( #1530 ), #1792, .T. ) ;
#3508 = DIRECTION ( 'NONE',  ( 1.000000000000000000, 0.000000000000000000, 0.000000000000000000 ) ) ;
#3509 = CARTESIAN_POINT ( 'NONE',  ( -4.850000000000000533, -4.850000000000000533, 10.24797220955249877 ) ) ;
#3510 = EDGE_CURVE ( 'NONE', #1707, #1539, #3010, .T. ) ;
#3511 = EDGE_CURVE ( 'NONE', #2355, #3723, #532, .T. ) ;
#3512 = DIRECTION ( 'NONE',  ( 0.000000000000000000, 0.000000000000000000, -1.000000000000000000 ) ) ;
#3513 = DIRECTION ( 'NONE',  ( 0.000000000000000000, 0.000000000000000000, 1.000000000000000000 ) ) ;
#3514 = ORIENTED_EDGE ( 'NONE', *, *, #55, .T. ) ;
#3515 = EDGE_CURVE ( 'NONE', #368, #3150, #2093, .T. ) ;
#3516 = ORIENTED_EDGE ( 'NONE', *, *, #1953, .F. ) ;
#3517 = ORIENTED_EDGE ( 'NONE', *, *, #2627, .T. ) ;
#3518 = LINE ( 'NONE', #1741, #2695 ) ;
#3519 = ORIENTED_EDGE ( 'NONE', *, *, #3328, .F. ) ;
#3520 = LINE ( 'NONE', #2917, #2581 ) ;
#3521 = ORIENTED_EDGE ( 'NONE', *, *, #1837, .F. ) ;
#3522 = CARTESIAN_POINT ( 'NONE',  ( 4.850000000000000533, -5.850000000000000533, 10.26999999999999957 ) ) ;
#3523 = CARTESIAN_POINT ( 'NONE',  ( -4.725491360461000490, -0.3260661585560999387, 9.449760299999999447 ) ) ;
#3524 = FACE_OUTER_BOUND ( 'NONE', #3478, .T. ) ;
#3525 = EDGE_CURVE ( 'NONE', #859, #1227, #672, .T. ) ;
#3526 = AXIS2_PLACEMENT_3D ( 'NONE', #3303, #1284, #2213 ) ;
#3527 = CARTESIAN_POINT ( 'NONE',  ( -5.400000000000000355, 4.950000000000000178, 0.3999999999999993006 ) ) ;
#3528 = CIRCLE ( 'NONE', #625, 0.6499999999999995781 ) ;
#3529 = VERTEX_POINT ( 'NONE', #956 ) ;
#3530 = CARTESIAN_POINT ( 'NONE',  ( -4.473541558323000267, -2.415827388947999754, 2.049760299999999980 ) ) ;
#3531 = ORIENTED_EDGE ( 'NONE', *, *, #469, .F. ) ;
#3532 = DIRECTION ( 'NONE',  ( 0.000000000000000000, 0.000000000000000000, 1.000000000000000000 ) ) ;
#3533 = CYLINDRICAL_SURFACE ( 'NONE', #3605, 0.4999999999999995559 ) ;
#3534 = PRESENTATION_STYLE_ASSIGNMENT (( #1799 ) ) ;
#3535 = CIRCLE ( 'NONE', #2636, 0.09999999999998984701 ) ;
#3536 = VERTEX_POINT ( 'NONE', #1828 ) ;
#3537 = LINE ( 'NONE', #1466, #1417 ) ;
#3538 = AXIS2_PLACEMENT_3D ( 'NONE', #2336, #287, #3498 ) ;
#3539 = CARTESIAN_POINT ( 'NONE',  ( -5.400000000000000355, 4.950000000000000178, 0.3999999999999993006 ) ) ;
#3540 = PLANE ( 'NONE',  #892 ) ;
#3541 = CARTESIAN_POINT ( 'NONE',  ( -5.450000000000000178, -5.450000000000000178, 0.1999999999999987899 ) ) ;
#3542 = EDGE_CURVE ( 'NONE', #3578, #3023, #3569, .T. ) ;
#3543 = CIRCLE ( 'NONE', #581, 0.2500000000000002220 ) ;
#3544 = CIRCLE ( 'NONE', #887, 0.4000000000000001887 ) ;
#3545 = EDGE_CURVE ( 'NONE', #3285, #1766, #279, .T. ) ;
#3546 = EDGE_CURVE ( 'NONE', #110, #1021, #709, .T. ) ;
#3547 = CYLINDRICAL_SURFACE ( 'NONE', #1916, 0.4000000000000001887 ) ;
#3548 = CIRCLE ( 'NONE', #3076, 0.4000000000000001887 ) ;
#3549 = AXIS2_PLACEMENT_3D ( 'NONE', #2333, #3512, #2637 ) ;
#3550 = EDGE_LOOP ( 'NONE', ( #92, #3206, #1947, #2271 ) ) ;
#3551 = CARTESIAN_POINT ( 'NONE',  ( 4.659523887266999509, -4.950271625087000693, 10.24976029999999838 ) ) ;
#3552 = VECTOR ( 'NONE', #116, 1000.000000000000000 ) ;
#3553 = ORIENTED_EDGE ( 'NONE', *, *, #1505, .T. ) ;
#3554 = VERTEX_POINT ( 'NONE', #1868 ) ;
#3555 = DIRECTION ( 'NONE',  ( 1.000000000000000000, 0.000000000000000000, 0.000000000000000000 ) ) ;
#3556 = CARTESIAN_POINT ( 'NONE',  ( 5.349999999999999645, -5.349999999999999645, 10.49800000000000111 ) ) ;
#3557 = EDGE_CURVE ( 'NONE', #440, #153, #341, .T. ) ;
#3558 =( NAMED_UNIT ( * ) SI_UNIT ( $, .STERADIAN. ) SOLID_ANGLE_UNIT ( ) );
#3559 = EDGE_LOOP ( 'NONE', ( #2841, #1589, #3678, #3417 ) ) ;
#3560 = CARTESIAN_POINT ( 'NONE',  ( 4.500000000000000000, -4.950000000000000178, 0.3999999999999993006 ) ) ;
#3561 = CARTESIAN_POINT ( 'NONE',  ( 4.959523887267001108, -4.950271625087000693, 10.24976029999999838 ) ) ;
#3562 = CIRCLE ( 'NONE', #476, 0.4000000000000001887 ) ;
#3563 = PLANE ( 'NONE',  #529 ) ;
#3564 = DIRECTION ( 'NONE',  ( 0.000000000000000000, 0.000000000000000000, -1.000000000000000000 ) ) ;
#3565 = DIRECTION ( 'NONE',  ( -1.000000000000000000, 0.000000000000000000, 0.000000000000000000 ) ) ;
#3566 = ORIENTED_EDGE ( 'NONE', *, *, #2127, .T. ) ;
#3567 = ORIENTED_EDGE ( 'NONE', *, *, #2996, .T. ) ;
#3568 = DIRECTION ( 'NONE',  ( -1.000000000000000000, 5.854691731422318429E-14, 0.000000000000000000 ) ) ;
#3569 = LINE ( 'NONE', #2985, #2590 ) ;
#3570 = ORIENTED_EDGE ( 'NONE', *, *, #2767, .F. ) ;
#3571 = EDGE_CURVE ( 'NONE', #1774, #689, #1504, .T. ) ;
#3572 = ORIENTED_EDGE ( 'NONE', *, *, #1815, .T. ) ;
#3573 = ADVANCED_FACE ( 'NONE', ( #2735 ), #729, .T. ) ;
#3574 = CARTESIAN_POINT ( 'NONE',  ( -4.940477403570000092, -4.959508586421000231, 1.549520199999999681 ) ) ;
#3575 = CARTESIAN_POINT ( 'NONE',  ( -4.946542076182000258, 1.540493364330000059, 1.549520199999999681 ) ) ;
#3576 = CARTESIAN_POINT ( 'NONE',  ( -5.624596526917995831, -5.838010014903999512, 10.79919639315700053 ) ) ;
#3577 = ADVANCED_FACE ( 'NONE', ( #1363 ), #3636, .F. ) ;
#3578 = VERTEX_POINT ( 'NONE', #3394 ) ;
#3579 = LINE ( 'NONE', #1894, #1230 ) ;
#3580 = DIRECTION ( 'NONE',  ( -9.072603779358708859E-11, -1.000000000000000000, 0.000000000000000000 ) ) ;
#3581 = PLANE ( 'NONE',  #645 ) ;
#3582 = CARTESIAN_POINT ( 'NONE',  ( 4.950000000000000178, 4.950000000000000178, 0.000000000000000000 ) ) ;
#3583 = CARTESIAN_POINT ( 'NONE',  ( 0.000000000000000000, 0.000000000000000000, 0.000000000000000000 ) ) ;
#3584 = EDGE_LOOP ( 'NONE', ( #757, #3659, #3161, #2699 ) ) ;
#3585 = ORIENTED_EDGE ( 'NONE', *, *, #2387, .T. ) ;
#3586 = LINE ( 'NONE', #986, #3668 ) ;
#3587 = DIRECTION ( 'NONE',  ( -1.000000000000000000, 0.000000000000000000, 0.000000000000000000 ) ) ;
#3588 = VECTOR ( 'NONE', #2078, 1000.000000000000000 ) ;
#3589 = ORIENTED_EDGE ( 'NONE', *, *, #1885, .T. ) ;
#3590 = ORIENTED_EDGE ( 'NONE', *, *, #3542, .F. ) ;
#3591 = CYLINDRICAL_SURFACE ( 'NONE', #988, 0.4499999999999999001 ) ;
#3592 = CARTESIAN_POINT ( 'NONE',  ( 5.600286925934000237, 4.949729665750000507, 2.049520199999999903 ) ) ;
#3593 = CIRCLE ( 'NONE', #3052, 0.5000000000000004441 ) ;
#3594 = EDGE_CURVE ( 'NONE', #3728, #2129, #3026, .T. ) ;
#3595 = EDGE_CURVE ( 'NONE', #1783, #790, #3319, .T. ) ;
#3596 = CARTESIAN_POINT ( 'NONE',  ( -5.950000000000000178, 5.450000000000000178, 10.40000000000000036 ) ) ;
#3597 = VECTOR ( 'NONE', #2143, 1000.000000000000000 ) ;
#3598 = ORIENTED_EDGE ( 'NONE', *, *, #1026, .T. ) ;
#3599 = PLANE ( 'NONE',  #3526 ) ;
#3600 = CIRCLE ( 'NONE', #2936, 0.4000000000000001887 ) ;
#3601 = CARTESIAN_POINT ( 'NONE',  ( -4.946542076182000258, 1.540493364330000059, 2.049520199999999903 ) ) ;
#3602 = CARTESIAN_POINT ( 'NONE',  ( 4.950000000000000178, 4.950000000000000178, 0.000000000000000000 ) ) ;
#3603 = AXIS2_PLACEMENT_3D ( 'NONE', #2472, #1274, #2968 ) ;
#3604 = CARTESIAN_POINT ( 'NONE',  ( -4.973541558323000267, -2.415827388947999754, 9.449760299999999447 ) ) ;
#3605 = AXIS2_PLACEMENT_3D ( 'NONE', #939, #2685, #2094 ) ;
#3606 = CARTESIAN_POINT ( 'NONE',  ( -4.975491360460999601, -0.3260661585560999387, 1.749760300000000157 ) ) ;
#3607 = CARTESIAN_POINT ( 'NONE',  ( 6.349999999999999645, -5.349999987168999382, 10.30000000000000071 ) ) ;
#3608 = ORIENTED_EDGE ( 'NONE', *, *, #802, .F. ) ;
#3609 = ORIENTED_EDGE ( 'NONE', *, *, #3022, .T. ) ;
#3610 =( GEOMETRIC_REPRESENTATION_CONTEXT ( 3 ) GLOBAL_UNCERTAINTY_ASSIGNED_CONTEXT ( ( #166 ) ) GLOBAL_UNIT_ASSIGNED_CONTEXT ( ( #73, #2328, #1195 ) ) REPRESENTATION_CONTEXT ( 'NONE', 'WORKASPACE' ) );
#3611 = CARTESIAN_POINT ( 'NONE',  ( 4.959523887267001108, -4.950271625087000693, -4.550239699999999665 ) ) ;
#3612 = PLANE ( 'NONE',  #292 ) ;
#3613 = AXIS2_PLACEMENT_3D ( 'NONE', #2751, #3695, #3391 ) ;
#3614 = AXIS2_PLACEMENT_3D ( 'NONE', #2507, #3099, #3666 ) ;
#3615 = VERTEX_POINT ( 'NONE', #2757 ) ;
#3616 = VERTEX_POINT ( 'NONE', #2449 ) ;
#3617 = DIRECTION ( 'NONE',  ( 0.000000000000000000, 0.000000000000000000, -1.000000000000000000 ) ) ;
#3618 = AXIS2_PLACEMENT_3D ( 'NONE', #366, #67, #1570 ) ;
#3619 = FACE_OUTER_BOUND ( 'NONE', #1844, .T. ) ;
#3620 = CARTESIAN_POINT ( 'NONE',  ( -4.973541558323000267, -2.415827388947999754, 9.549760299999999091 ) ) ;
#3621 = ORIENTED_EDGE ( 'NONE', *, *, #2632, .F. ) ;
#3622 = DIRECTION ( 'NONE',  ( -1.000000000000000000, 0.000000000000000000, 0.000000000000000000 ) ) ;
#3623 = EDGE_CURVE ( 'NONE', #3770, #594, #1945, .T. ) ;
#3624 = DIRECTION ( 'NONE',  ( 0.000000000000000000, 0.000000000000000000, -1.000000000000000000 ) ) ;
#3625 = LINE ( 'NONE', #2175, #1137 ) ;
#3626 = CYLINDRICAL_SURFACE ( 'NONE', #2258, 1.000000000000000000 ) ;
#3627 = EDGE_CURVE ( 'NONE', #554, #1094, #37, .T. ) ;
#3628 = DIRECTION ( 'NONE',  ( 0.000000000000000000, 0.000000000000000000, -1.000000000000000000 ) ) ;
#3629 = UNCERTAINTY_MEASURE_WITH_UNIT (LENGTH_MEASURE( 1.000000000000000082E-05 ), #2424, 'distance_accuracy_value', 'NONE');
#3630 = DIRECTION ( 'NONE',  ( 0.9978655496215753651, -0.06530195156678848811, 0.000000000000000000 ) ) ;
#3631 = LINE ( 'NONE', #1319, #3380 ) ;
#3632 = EDGE_LOOP ( 'NONE', ( #2538, #1147, #735, #1778 ) ) ;
#3633 = EDGE_CURVE ( 'NONE', #3032, #3616, #3755, .T. ) ;
#3634 = ORIENTED_EDGE ( 'NONE', *, *, #281, .F. ) ;
#3635 = DIRECTION ( 'NONE',  ( 5.773159728050999550E-14, 1.000000000000000000, 0.000000000000000000 ) ) ;
#3636 = CYLINDRICAL_SURFACE ( 'NONE', #3441, 0.4499999999999999001 ) ;
#3637 = ORIENTED_EDGE ( 'NONE', *, *, #2910, .F. ) ;
#3638 = ORIENTED_EDGE ( 'NONE', *, *, #8, .T. ) ;
#3639 = DIRECTION ( 'NONE',  ( 0.000000000000000000, 0.000000000000000000, -1.000000000000000000 ) ) ;
#3640 = CARTESIAN_POINT ( 'NONE',  ( -4.946542076182000258, 1.540493364330000059, 1.549520199999999681 ) ) ;
#3641 = CARTESIAN_POINT ( 'NONE',  ( -5.292344795945004066, -6.365693586900998291, 10.59109372066169996 ) ) ;
#3642 = ORIENTED_EDGE ( 'NONE', *, *, #999, .F. ) ;
#3643 = DIRECTION ( 'NONE',  ( 0.000000000000000000, 0.000000000000000000, 1.000000000000000000 ) ) ;
#3644 = CARTESIAN_POINT ( 'NONE',  ( -4.850000000000000533, 4.850000000000000533, 10.26999999999999957 ) ) ;
#3645 = CARTESIAN_POINT ( 'NONE',  ( -5.240477403569999915, -4.959508586421000231, 10.24976029999999838 ) ) ;
#3646 = CARTESIAN_POINT ( 'NONE',  ( 4.650286925933999171, 4.949729665750000507, 10.24976029999999838 ) ) ;
#3647 = EDGE_CURVE ( 'NONE', #418, #573, #1344, .T. ) ;
#3648 = PLANE ( 'NONE',  #1245 ) ;
#3649 = ORIENTED_EDGE ( 'NONE', *, *, #784, .T. ) ;
#3650 = EDGE_LOOP ( 'NONE', ( #3711, #331 ) ) ;
#3651 = SURFACE_STYLE_USAGE ( .BOTH. , #2856 ) ;
#3652 = CARTESIAN_POINT ( 'NONE',  ( 5.359523887266999687, -4.950271625087000693, 1.549520199999999681 ) ) ;
#3653 = ORIENTED_EDGE ( 'NONE', *, *, #378, .T. ) ;
#3654 = ORIENTED_EDGE ( 'NONE', *, *, #3525, .F. ) ;
#3655 = CARTESIAN_POINT ( 'NONE',  ( -5.349999999999999645, -5.349999999999999645, 0.2019999999999990692 ) ) ;
#3656 = FACE_OUTER_BOUND ( 'NONE', #3669, .T. ) ;
#3657 = TOROIDAL_SURFACE ( 'NONE', #3113, 0.5000000000000999201, 0.5000000000000000000 ) ;
#3658 = LINE ( 'NONE', #693, #2467 ) ;
#3659 = ORIENTED_EDGE ( 'NONE', *, *, #39, .F. ) ;
#3660 = TOROIDAL_SURFACE ( 'NONE', #2019, 0.1500000000005999867, 0.09999999999998999967 ) ;
#3661 = CARTESIAN_POINT ( 'NONE',  ( 4.950286925933999882, 4.949729665750000507, 2.049520199999999903 ) ) ;
#3662 = DIRECTION ( 'NONE',  ( 0.000000000000000000, 1.000000000000000000, 0.000000000000000000 ) ) ;
#3663 = AXIS2_PLACEMENT_3D ( 'NONE', #1888, #992, #424 ) ;
#3664 = DIRECTION ( 'NONE',  ( 0.000000000000000000, 0.000000000000000000, -1.000000000000000000 ) ) ;
#3665 = LINE ( 'NONE', #2243, #2088 ) ;
#3666 = DIRECTION ( 'NONE',  ( -1.000000000000000000, 0.000000000000000000, 0.000000000000000000 ) ) ;
#3667 = CARTESIAN_POINT ( 'NONE',  ( -4.646542076181999548, 1.540493364330000059, 10.24976029999999838 ) ) ;
#3668 = VECTOR ( 'NONE', #1258, 1000.000000000000000 ) ;
#3669 = EDGE_LOOP ( 'NONE', ( #1205, #406, #2426, #193 ) ) ;
#3670 = EDGE_CURVE ( 'NONE', #3751, #978, #2846, .T. ) ;
#3671 = ORIENTED_EDGE ( 'NONE', *, *, #3304, .T. ) ;
#3672 = CARTESIAN_POINT ( 'NONE',  ( -4.975491360460999601, -0.3260661585560999387, 9.449760299999999447 ) ) ;
#3673 = ADVANCED_FACE ( 'NONE', ( #749, #2798 ), #3612, .T. ) ;
#3674 = AXIS2_PLACEMENT_3D ( 'NONE', #1202, #626, #1784 ) ;
#3675 = DIRECTION ( 'NONE',  ( 0.000000000000000000, 0.000000000000000000, 1.000000000000000000 ) ) ;
#3676 = AXIS2_PLACEMENT_3D ( 'NONE', #3379, #3048, #1039 ) ;
#3677 = EDGE_LOOP ( 'NONE', ( #3184, #720, #1444, #1180 ) ) ;
#3678 = ORIENTED_EDGE ( 'NONE', *, *, #1585, .T. ) ;
#3679 = CARTESIAN_POINT ( 'NONE',  ( -4.946542076182000258, 1.540493364330000059, 2.069920095917998637 ) ) ;
#3680 = DIRECTION ( 'NONE',  ( -1.000000000000000000, 0.000000000000000000, 0.000000000000000000 ) ) ;
#3681 = VECTOR ( 'NONE', #552, 1000.000000000000000 ) ;
#3682 = AXIS2_PLACEMENT_3D ( 'NONE', #788, #2534, #1046 ) ;
#3683 = DIRECTION ( 'NONE',  ( 1.000000000000000000, 0.000000000000000000, 0.000000000000000000 ) ) ;
#3684 = ORIENTED_EDGE ( 'NONE', *, *, #2461, .F. ) ;
#3685 = CIRCLE ( 'NONE', #2221, 0.4499999999999999001 ) ;
#3686 = AXIS2_PLACEMENT_3D ( 'NONE', #1065, #139, #1876 ) ;
#3687 = CARTESIAN_POINT ( 'NONE',  ( 5.849999999999000444, -5.350000000009999646, 10.79999999999999893 ) ) ;
#3688 = EDGE_CURVE ( 'NONE', #690, #1073, #3562, .T. ) ;
#3689 = AXIS2_PLACEMENT_3D ( 'NONE', #1330, #1020, #2742 ) ;
#3690 = DIRECTION ( 'NONE',  ( 1.000000000000000000, 0.000000000000000000, 0.000000000000000000 ) ) ;
#3691 = DIRECTION ( 'NONE',  ( 0.000000000000000000, 0.000000000000000000, -1.000000000000000000 ) ) ;
#3692 =( NAMED_UNIT ( * ) SI_UNIT ( $, .STERADIAN. ) SOLID_ANGLE_UNIT ( ) );
#3693 = CARTESIAN_POINT ( 'NONE',  ( -6.349999999999999645, -5.349999999999999645, 0.000000000000000000 ) ) ;
#3694 = CARTESIAN_POINT ( 'NONE',  ( 4.959523887267001108, -4.950271625087000693, -4.844239700000001037 ) ) ;
#3695 = DIRECTION ( 'NONE',  ( 0.000000000000000000, 0.000000000000000000, 1.000000000000000000 ) ) ;
#3696 = ORIENTED_EDGE ( 'NONE', *, *, #3515, .T. ) ;
#3697 = AXIS2_PLACEMENT_3D ( 'NONE', #1884, #1034, #1587 ) ;
#3698 = EDGE_LOOP ( 'NONE', ( #3653, #832, #3217, #624 ) ) ;
#3699 =( LENGTH_UNIT ( ) NAMED_UNIT ( * ) SI_UNIT ( .MILLI., .METRE. ) );
#3700 = ORIENTED_EDGE ( 'NONE', *, *, #2881, .F. ) ;
#3701 = ORIENTED_EDGE ( 'NONE', *, *, #2240, .F. ) ;
#3702 = DIRECTION ( 'NONE',  ( 0.000000000000000000, 1.000000000000000000, 0.000000000000000000 ) ) ;
#3703 = CYLINDRICAL_SURFACE ( 'NONE', #831, 0.6499999999999995781 ) ;
#3704 = CARTESIAN_POINT ( 'NONE',  ( -4.948128219357998958, 3.240491764373999661, 9.549760299999999091 ) ) ;
#3705 = ADVANCED_FACE ( 'NONE', ( #1629 ), #2165, .T. ) ;
#3706 = EDGE_CURVE ( 'NONE', #153, #440, #1572, .T. ) ;
#3707 = ORIENTED_EDGE ( 'NONE', *, *, #2349, .T. ) ;
#3708 = EDGE_LOOP ( 'NONE', ( #1756, #1551, #3517, #1740 ) ) ;
#3709 = VERTEX_POINT ( 'NONE', #3652 ) ;
#3710 = CARTESIAN_POINT ( 'NONE',  ( -5.098128219359000290, 3.240491764373999661, 9.449760299999999447 ) ) ;
#3711 = ORIENTED_EDGE ( 'NONE', *, *, #3595, .T. ) ;
#3712 = EDGE_LOOP ( 'NONE', ( #2715, #2542, #2361, #3246, #509, #169, #2937, #737 ) ) ;
#3713 = DIRECTION ( 'NONE',  ( -1.000000000000000000, 0.000000000000000000, 0.000000000000000000 ) ) ;
#3714 = CARTESIAN_POINT ( 'NONE',  ( -4.973541558323000267, -2.415827388947999754, 9.449760299999999447 ) ) ;
#3715 = LINE ( 'NONE', #222, #2537 ) ;
#3716 = EDGE_LOOP ( 'NONE', ( #2639, #3696 ) ) ;
#3717 = DIRECTION ( 'NONE',  ( 0.000000000000000000, 0.000000000000000000, 1.000000000000000000 ) ) ;
#3718 = EDGE_CURVE ( 'NONE', #1402, #3166, #2410, .T. ) ;
#3719 = EDGE_CURVE ( 'NONE', #2373, #974, #3274, .T. ) ;
#3720 = AXIS2_PLACEMENT_3D ( 'NONE', #2879, #2524, #3403 ) ;
#3721 = AXIS2_PLACEMENT_3D ( 'NONE', #3318, #2739, #2187 ) ;
#3722 = LINE ( 'NONE', #1994, #943 ) ;
#3723 = VERTEX_POINT ( 'NONE', #1097 ) ;
#3724 = TOROIDAL_SURFACE ( 'NONE', #1369, 0.1500000000005999867, 0.09999999999998999967 ) ;
#3725 = ORIENTED_EDGE ( 'NONE', *, *, #259, .F. ) ;
#3726 = LINE ( 'NONE', #1715, #1635 ) ;
#3727 = CIRCLE ( 'NONE', #3482, 0.2500000000000002220 ) ;
#3728 = VERTEX_POINT ( 'NONE', #234 ) ;
#3729 = PRESENTATION_LAYER_ASSIGNMENT (  '', '', ( #1730 ) ) ;
#3730 = CARTESIAN_POINT ( 'NONE',  ( 5.950000000000000178, 5.450000000000000178, 0.3999999999999993006 ) ) ;
#3731 = CARTESIAN_POINT ( 'NONE',  ( -4.975491360460999601, -0.3260661585560999387, 9.449760299999999447 ) ) ;
#3732 = CARTESIAN_POINT ( 'NONE',  ( 5.950000000000000178, 5.450000000000000178, 10.40000000000000036 ) ) ;
#3733 = AXIS2_PLACEMENT_3D ( 'NONE', #370, #1502, #311 ) ;
#3734 = ORIENTED_EDGE ( 'NONE', *, *, #219, .T. ) ;
#3735 = DIRECTION ( 'NONE',  ( 0.000000000000000000, 0.000000000000000000, 1.000000000000000000 ) ) ;
#3736 = AXIS2_PLACEMENT_3D ( 'NONE', #24, #2133, #926 ) ;
#3737 = AXIS2_PLACEMENT_3D ( 'NONE', #388, #1576, #1263 ) ;
#3738 = SURFACE_STYLE_FILL_AREA ( #2312 ) ;
#3739 = AXIS2_PLACEMENT_3D ( 'NONE', #3345, #490, #1654 ) ;
#3740 = AXIS2_PLACEMENT_3D ( 'NONE', #3606, #1941, #478 ) ;
#3741 = ADVANCED_FACE ( 'NONE', ( #2033 ), #2570, .T. ) ;
#3742 = CARTESIAN_POINT ( 'NONE',  ( -4.940477403570000092, -4.959508586421000231, 2.069920095917998637 ) ) ;
#3743 = CIRCLE ( 'NONE', #342, 0.5000000000000993650 ) ;
#3744 = LINE ( 'NONE', #2010, #2829 ) ;
#3745 = EDGE_CURVE ( 'NONE', #3397, #1707, #165, .T. ) ;
#3746 = VERTEX_POINT ( 'NONE', #570 ) ;
#3747 = EDGE_LOOP ( 'NONE', ( #1573, #2282 ) ) ;
#3748 = CARTESIAN_POINT ( 'NONE',  ( -4.949714364904000519, 4.940492704416000080, -4.844239700000001037 ) ) ;
#3749 = CARTESIAN_POINT ( 'NONE',  ( 5.850000000000000533, -5.350000000029999647, 10.79999999999999893 ) ) ;
#3750 = EDGE_CURVE ( 'NONE', #916, #2212, #1737, .T. ) ;
#3751 = VERTEX_POINT ( 'NONE', #3122 ) ;
#3752 = EDGE_LOOP ( 'NONE', ( #3132, #1900, #2670, #3424 ) ) ;
#3753 = DIRECTION ( 'NONE',  ( 0.000000000000000000, 0.000000000000000000, 1.000000000000000000 ) ) ;
#3754 = DIRECTION ( 'NONE',  ( 1.000000000000000000, 0.000000000000000000, 0.000000000000000000 ) ) ;
#3755 = CIRCLE ( 'NONE', #2104, 0.09999999999999072131 ) ;
#3756 = DIRECTION ( 'NONE',  ( 0.000000000000000000, -1.000000000000000000, 0.000000000000000000 ) ) ;
#3757 = VERTEX_POINT ( 'NONE', #3749 ) ;
#3758 = DIRECTION ( 'NONE',  ( 1.000000000000000000, 0.000000000000000000, 0.000000000000000000 ) ) ;
#3759 = CYLINDRICAL_SURFACE ( 'NONE', #2276, 1.000000000000000000 ) ;
#3760 =( LENGTH_UNIT ( ) NAMED_UNIT ( * ) SI_UNIT ( .MILLI., .METRE. ) );
#3761 = DIRECTION ( 'NONE',  ( 0.000000000000000000, 0.000000000000000000, -1.000000000000000000 ) ) ;
#3762 = ORIENTED_EDGE ( 'NONE', *, *, #2959, .T. ) ;
#3763 = DIRECTION ( 'NONE',  ( 0.000000000000000000, 0.000000000000000000, 1.000000000000000000 ) ) ;
#3764 = ADVANCED_FACE ( 'NONE', ( #1455 ), #1699, .T. ) ;
#3765 = EDGE_CURVE ( 'NONE', #3351, #978, #3726, .T. ) ;
#3766 = ORIENTED_EDGE ( 'NONE', *, *, #1426, .T. ) ;
#3767 = ORIENTED_EDGE ( 'NONE', *, *, #2672, .F. ) ;
#3768 = DIRECTION ( 'NONE',  ( 5.394990010288370896E-12, 0.000000000000000000, 1.000000000000000000 ) ) ;
#3769 = FACE_BOUND ( 'NONE', #1183, .T. ) ;
#3770 = VERTEX_POINT ( 'NONE', #3201 ) ;
#3771 = CARTESIAN_POINT ( 'NONE',  ( -5.850000000000000533, 4.850000000000000533, 10.40000000000000036 ) ) ;
#3772 = FACE_OUTER_BOUND ( 'NONE', #664, .T. ) ;
#3773 = MANIFOLD_SOLID_BREP ( '0-------6W_ASM[5]', #2617 ) ;
#3774 = DIRECTION ( 'NONE',  ( 0.000000000000000000, 0.000000000000000000, -1.000000000000000000 ) ) ;
#3775 = FACE_OUTER_BOUND ( 'NONE', #3752, .T. ) ;
ENDSEC;
END-ISO-10303-21;
