ISO-10303-21;
HEADER;
FILE_DESCRIPTION (( 'STEP AP214' ),
    '1' );
FILE_NAME ('WSK12161L000FEB.STEP',
    '2026-04-14T09:12:30',
    ( '' ),
    ( '' ),
    'SwSTEP 2.0',
    'SolidWorks 2024',
    '' );
FILE_SCHEMA (( 'AUTOMOTIVE_DESIGN' ));
ENDSEC;

DATA;
#1 = VERTEX_POINT ( 'NONE', #720 ) ;
#2 = DIRECTION ( 'NONE',  ( 0.000000000000000000, 0.000000000000000000, 1.000000000000000000 ) ) ;
#3 = EDGE_CURVE ( 'NONE', #3488, #2759, #2342, .T. ) ;
#4 = VECTOR ( 'NONE', #3041, 1000.000000000000000 ) ;
#5 = DIRECTION ( 'NONE',  ( 1.000000000000000000, 0.000000000000000000, 0.000000000000000000 ) ) ;
#6 = AXIS2_PLACEMENT_3D ( 'NONE', #123, #4010, #7059 ) ;
#7 = ORIENTED_EDGE ( 'NONE', *, *, #4048, .F. ) ;
#8 = VECTOR ( 'NONE', #4053, 1000.000000000000000 ) ;
#9 = CLOSED_SHELL ( 'NONE', ( #4751, #476, #1712, #408, #1807, #1704, #6726, #949, #4720, #1111, #3064, #3755, #3907, #4014, #6665, #1896, #5876, #2837, #4146, #2581, #5647, #3623, #1201, #1346, #6604, #4624, #3469, #6118, #666, #4286, #611, #6689, #1899, #923, #1082, #2807, #329, #1263, #6879, #4303, #6806, #5332, #5531, #2116, #147, #3146, #7005, #6027, #7108, #1778, #6787, #1321, #1178 ) ) ;
#10 = DIRECTION ( 'NONE',  ( 0.000000000000000000, 1.000000000000000000, 0.000000000000000000 ) ) ;
#11 = DIRECTION ( 'NONE',  ( 0.000000000000000000, 1.000000000000000000, -0.000000000000000000 ) ) ;
#12 = ORIENTED_EDGE ( 'NONE', *, *, #1227, .T. ) ;
#13 = DIRECTION ( 'NONE',  ( 1.332032549587681689E-16, 0.000000000000000000, 1.000000000000000000 ) ) ;
#14 = EDGE_CURVE ( 'NONE', #1200, #3099, #3636, .T. ) ;
#15 = CIRCLE ( 'NONE', #4792, 0.02540000000000001978 ) ;
#16 = CARTESIAN_POINT ( 'NONE',  ( -1.003299999999999859, -1.203999878000000079, -1.109600000000000142 ) ) ;
#17 = CARTESIAN_POINT ( 'NONE',  ( 0.6349999999999993427, 0.1269999999999998352, -3.809999999999996056 ) ) ;
#18 = VECTOR ( 'NONE', #7181, 1000.000000000000000 ) ;
#19 = ORIENTED_EDGE ( 'NONE', *, *, #5512, .F. ) ;
#20 = ORIENTED_EDGE ( 'NONE', *, *, #6248, .F. ) ;
#21 = EDGE_CURVE ( 'NONE', #4543, #52, #4611, .T. ) ;
#22 = DIRECTION ( 'NONE',  ( 0.000000000000000000, 0.000000000000000000, -1.000000000000000000 ) ) ;
#23 = CIRCLE ( 'NONE', #1764, 0.2032000000000000473 ) ;
#24 = DIRECTION ( 'NONE',  ( 0.000000000000000000, 0.000000000000000000, -1.000000000000000000 ) ) ;
#25 = CARTESIAN_POINT ( 'NONE',  ( -1.460499999999999909, -1.369099878000000103, -1.109600000000000142 ) ) ;
#26 = ORIENTED_EDGE ( 'NONE', *, *, #1689, .F. ) ;
#27 = EDGE_CURVE ( 'NONE', #6709, #5421, #1773, .T. ) ;
#28 = VERTEX_POINT ( 'NONE', #4721 ) ;
#29 = CARTESIAN_POINT ( 'NONE',  ( 1.434622314912914032, -0.2933829605333069801, -3.810000000000000053 ) ) ;
#30 = FACE_OUTER_BOUND ( 'NONE', #1289, .T. ) ;
#31 = CIRCLE ( 'NONE', #6997, 0.02539999999999999550 ) ;
#32 = ORIENTED_EDGE ( 'NONE', *, *, #4198, .F. ) ;
#33 = EDGE_CURVE ( 'NONE', #275, #3202, #4137, .T. ) ;
#34 = DIRECTION ( 'NONE',  ( 0.000000000000000000, -1.000000000000000000, 0.000000000000000000 ) ) ;
#35 = LINE ( 'NONE', #653, #3335 ) ;
#36 = EDGE_LOOP ( 'NONE', ( #5437, #1222, #1021, #289, #6941, #2627 ) ) ;
#37 = AXIS2_PLACEMENT_3D ( 'NONE', #6725, #6798, #3924 ) ;
#38 = DIRECTION ( 'NONE',  ( 0.000000000000000000, 0.000000000000000000, -1.000000000000000000 ) ) ;
#39 = VECTOR ( 'NONE', #5088, 1000.000000000000000 ) ;
#40 = ORIENTED_EDGE ( 'NONE', *, *, #200, .F. ) ;
#41 = DIRECTION ( 'NONE',  ( -1.000000000000000000, 0.000000000000000000, 0.000000000000000000 ) ) ;
#42 = DIRECTION ( 'NONE',  ( 1.000000000000000000, 0.000000000000000000, 0.000000000000000000 ) ) ;
#43 = EDGE_LOOP ( 'NONE', ( #6246, #4967, #6434, #1449 ) ) ;
#44 = FACE_OUTER_BOUND ( 'NONE', #5914, .T. ) ;
#45 = DIRECTION ( 'NONE',  ( -1.000000000000000000, 0.000000000000000000, 0.000000000000000000 ) ) ;
#46 = CARTESIAN_POINT ( 'NONE',  ( 1.168004769845369939, -0.2933829605333069801, -0.01270000000000000122 ) ) ;
#47 = CARTESIAN_POINT ( 'NONE',  ( -1.003299999999999859, -1.203999878000000079, -3.797299999999999898 ) ) ;
#48 = EDGE_CURVE ( 'NONE', #6340, #707, #3054, .T. ) ;
#49 = CARTESIAN_POINT ( 'NONE',  ( -0.7620000000000000107, -0.1397000000000000186, -3.810000000000000053 ) ) ;
#50 = ORIENTED_EDGE ( 'NONE', *, *, #5587, .F. ) ;
#51 = TOROIDAL_SURFACE ( 'NONE', #4154, 0.1650999999999999968, 0.01270000000000000122 ) ;
#52 = VERTEX_POINT ( 'NONE', #5777 ) ;
#53 = FACE_OUTER_BOUND ( 'NONE', #3380, .T. ) ;
#54 = DIRECTION ( 'NONE',  ( -1.457361323485998190E-14, -1.000000000000000000, 1.707404996040160262E-14 ) ) ;
#55 = DIRECTION ( 'NONE',  ( 0.000000000000000000, 4.268512490100398287E-15, -1.000000000000000000 ) ) ;
#56 = EDGE_CURVE ( 'NONE', #3482, #5609, #4278, .T. ) ;
#57 = EDGE_LOOP ( 'NONE', ( #4168, #1257, #5756, #1552 ) ) ;
#58 = DIRECTION ( 'NONE',  ( 1.000000000000000000, 3.460956073054389902E-16, 0.000000000000000000 ) ) ;
#59 = ORIENTED_EDGE ( 'NONE', *, *, #4545, .T. ) ;
#60 = DIRECTION ( 'NONE',  ( 0.000000000000000000, -1.000000000000000000, 0.000000000000000000 ) ) ;
#61 = CYLINDRICAL_SURFACE ( 'NONE', #2427, 0.02539999999999999550 ) ;
#62 = AXIS2_PLACEMENT_3D ( 'NONE', #4753, #3679, #1994 ) ;
#63 = DIRECTION ( 'NONE',  ( -1.000000000000000000, 0.000000000000000000, 0.000000000000000000 ) ) ;
#64 = CARTESIAN_POINT ( 'NONE',  ( -2.484629978612615227E-18, -0.1397000000000000186, -0.01270000000000000122 ) ) ;
#65 = ORIENTED_EDGE ( 'NONE', *, *, #5589, .T. ) ;
#66 = SHAPE_REPRESENTATION_RELATIONSHIP ( 'NONE' , 'NONE' ,  #2557, #5924 ) ;
#67 = EDGE_CURVE ( 'NONE', #6802, #5141, #1880, .T. ) ;
#68 = DIRECTION ( 'NONE',  ( 0.000000000000000000, 0.000000000000000000, 1.000000000000000000 ) ) ;
#69 = EDGE_LOOP ( 'NONE', ( #357, #4791, #2814, #617 ) ) ;
#70 = DIRECTION ( 'NONE',  ( -1.000000000000000000, 0.000000000000000000, 0.000000000000000000 ) ) ;
#71 = ORIENTED_EDGE ( 'NONE', *, *, #308, .F. ) ;
#72 = FACE_OUTER_BOUND ( 'NONE', #5990, .T. ) ;
#73 = PLANE ( 'NONE',  #6475 ) ;
#74 = AXIS2_PLACEMENT_3D ( 'NONE', #4128, #3031, #5229 ) ;
#75 = DIRECTION ( 'NONE',  ( 0.000000000000000000, 0.000000000000000000, -1.000000000000000000 ) ) ;
#76 = DIRECTION ( 'NONE',  ( -0.1333333333333325543, -2.115200004220679712E-15, 0.9910712498212337351 ) ) ;
#77 = DIRECTION ( 'NONE',  ( 0.000000000000000000, 1.000000000000000000, 0.000000000000000000 ) ) ;
#79 = VERTEX_POINT ( 'NONE', #2484 ) ;
#78 = VECTOR ( 'NONE', #5966, 1000.000000000000000 ) ;
#80 = VERTEX_POINT ( 'NONE', #2412 ) ;
#81 = FACE_OUTER_BOUND ( 'NONE', #974, .T. ) ;
#82 = EDGE_CURVE ( 'NONE', #6044, #89, #6829, .T. ) ;
#83 = FACE_OUTER_BOUND ( 'NONE', #2490, .T. ) ;
#84 = AXIS2_PLACEMENT_3D ( 'NONE', #2708, #4924, #2068 ) ;
#85 = CARTESIAN_POINT ( 'NONE',  ( 1.434622314912910035, -0.3022711090285755131, -0.003628571428598305424 ) ) ;
#86 = CARTESIAN_POINT ( 'NONE',  ( -0.5080000000000000071, 0.1270000000000000018, -3.708400000000000141 ) ) ;
#87 = LINE ( 'NONE', #1834, #3546 ) ;
#88 = TOROIDAL_SURFACE ( 'NONE', #2552, 0.1650999999999999968, 0.01270000000000014173 ) ;
#89 = VERTEX_POINT ( 'NONE', #1448 ) ;
#90 = CARTESIAN_POINT ( 'NONE',  ( 1.003299999999999859, -0.3047999999999999599, 0.000000000000000000 ) ) ;
#91 = ORIENTED_EDGE ( 'NONE', *, *, #3378, .F. ) ;
#92 = CARTESIAN_POINT ( 'NONE',  ( -1.168400000000000105, -0.6451998780000010036, -0.9317999999999999616 ) ) ;
#93 = CARTESIAN_POINT ( 'NONE',  ( 1.155561652836198050, -1.297871544745091921, -0.01616794921028099838 ) ) ;
#94 = EDGE_CURVE ( 'NONE', #2683, #1952, #3061, .T. ) ;
#95 = CARTESIAN_POINT ( 'NONE',  ( 1.003299999999999859, -0.3047999999999999599, -0.02540000000000000244 ) ) ;
#96 = AXIS2_PLACEMENT_3D ( 'NONE', #523, #2169, #443 ) ;
#97 = ORIENTED_EDGE ( 'NONE', *, *, #1292, .F. ) ;
#98 = AXIS2_PLACEMENT_3D ( 'NONE', #6788, #1936, #4197 ) ;
#99 = CARTESIAN_POINT ( 'NONE',  ( 1.434948878380283954, -1.302023037820216000, -3.810000000000000053 ) ) ;
#100 = ORIENTED_EDGE ( 'NONE', *, *, #4685, .T. ) ;
#101 = CARTESIAN_POINT ( 'NONE',  ( 1.155699999999999950, -0.3047999999999999599, -3.787844054388965098 ) ) ;
#102 = ORIENTED_EDGE ( 'NONE', *, *, #3871, .T. ) ;
#103 = DIRECTION ( 'NONE',  ( 0.000000000000000000, 0.000000000000000000, 1.000000000000000000 ) ) ;
#104 = ADVANCED_FACE ( 'NONE', ( #3771 ), #6412, .T. ) ;
#105 = AXIS2_PLACEMENT_3D ( 'NONE', #3982, #3451, #3682 ) ;
#106 = FACE_OUTER_BOUND ( 'NONE', #1348, .T. ) ;
#107 = ORIENTED_EDGE ( 'NONE', *, *, #876, .F. ) ;
#108 = LINE ( 'NONE', #590, #1881 ) ;
#109 = EDGE_CURVE ( 'NONE', #80, #1313, #1415, .T. ) ;
#110 = AXIS2_PLACEMENT_3D ( 'NONE', #2526, #287, #5322 ) ;
#111 = EDGE_CURVE ( 'NONE', #3593, #3327, #4229, .T. ) ;
#112 = DIRECTION ( 'NONE',  ( 1.000000000000000000, 0.000000000000000000, 0.000000000000000000 ) ) ;
#113 = VERTEX_POINT ( 'NONE', #4239 ) ;
#114 = CARTESIAN_POINT ( 'NONE',  ( 1.460374332357265992, -0.2928074803523604830, -3.780123552160279843 ) ) ;
#115 = CARTESIAN_POINT ( 'NONE',  ( -1.003299999999999859, -1.369099878000000103, 4.192813088908784829E-17 ) ) ;
#116 = CARTESIAN_POINT ( 'NONE',  ( -0.3203999999999999626, -1.369099878000000103, -0.01000000000000000021 ) ) ;
#117 = CIRCLE ( 'NONE', #232, 0.01270000000000006020 ) ;
#118 = CARTESIAN_POINT ( 'NONE',  ( -1.003299999999999859, -1.635799878000000041, -0.5000000000000000000 ) ) ;
#119 = CARTESIAN_POINT ( 'NONE',  ( 1.104899999999999993, -1.293128890971450007, -3.806371428571429849 ) ) ;
#120 = CARTESIAN_POINT ( 'NONE',  ( -0.3775981461818899709, 0.1523999999999999799, -0.1270000000000000018 ) ) ;
#121 = ORIENTED_EDGE ( 'NONE', *, *, #1581, .F. ) ;
#122 = ORIENTED_EDGE ( 'NONE', *, *, #260, .F. ) ;
#123 = CARTESIAN_POINT ( 'NONE',  ( -1.168400000000000105, -0.8229998780000009617, -1.122300000000000075 ) ) ;
#124 = DIRECTION ( 'NONE',  ( 0.000000000000000000, -1.000000000000000000, 0.000000000000000000 ) ) ;
#125 = TOROIDAL_SURFACE ( 'NONE', #4233, 0.01540000000000000223, 0.01000000000000000021 ) ;
#126 = AXIS2_PLACEMENT_3D ( 'NONE', #4447, #6637, #6090 ) ;
#127 = ORIENTED_EDGE ( 'NONE', *, *, #254, .F. ) ;
#128 = LINE ( 'NONE', #3554, #5145 ) ;
#129 = ORIENTED_EDGE ( 'NONE', *, *, #5883, .F. ) ;
#130 = ADVANCED_FACE ( 'NONE', ( #3726 ), #3105, .T. ) ;
#131 = CARTESIAN_POINT ( 'NONE',  ( -0.8515000000000000346, 0.1270000000000000018, -0.02540000000000000244 ) ) ;
#132 = VERTEX_POINT ( 'NONE', #3217 ) ;
#133 = APPLICATION_CONTEXT ( 'automotive_design' ) ;
#134 = AXIS2_PLACEMENT_3D ( 'NONE', #3475, #1627, #6716 ) ;
#135 = FACE_OUTER_BOUND ( 'NONE', #1530, .T. ) ;
#136 = DIRECTION ( 'NONE',  ( -0.000000000000000000, 1.000000000000000000, 2.586977266727520463E-16 ) ) ;
#137 = CIRCLE ( 'NONE', #1075, 0.1143000000000000127 ) ;
#138 = EDGE_CURVE ( 'NONE', #2759, #165, #3308, .T. ) ;
#139 = LINE ( 'NONE', #2380, #7072 ) ;
#140 = VERTEX_POINT ( 'NONE', #2653 ) ;
#141 = CARTESIAN_POINT ( 'NONE',  ( 0.3103999999999999537, -1.722399999999999931, -3.799999999999999822 ) ) ;
#142 = ORIENTED_EDGE ( 'NONE', *, *, #6424, .T. ) ;
#143 = VECTOR ( 'NONE', #6666, 1000.000000000000000 ) ;
#144 = EDGE_CURVE ( 'NONE', #714, #3803, #6848, .T. ) ;
#145 = CARTESIAN_POINT ( 'NONE',  ( 1.460499999999999909, -0.3556000000000000272, -3.759199999999999875 ) ) ;
#146 = ORIENTED_EDGE ( 'NONE', *, *, #2624, .T. ) ;
#147 = ADVANCED_FACE ( 'NONE', ( #2618 ), #3744, .T. ) ;
#148 = VECTOR ( 'NONE', #6915, 1000.000000000000000 ) ;
#149 = DIRECTION ( 'NONE',  ( 1.000000000000000000, 0.000000000000000000, 0.000000000000000000 ) ) ;
#150 = ORIENTED_EDGE ( 'NONE', *, *, #2060, .T. ) ;
#151 = DIRECTION ( 'NONE',  ( -0.000000000000000000, 1.000000000000000000, 0.000000000000000000 ) ) ;
#152 = FACE_OUTER_BOUND ( 'NONE', #3883, .T. ) ;
#153 = AXIS2_PLACEMENT_3D ( 'NONE', #6594, #6007, #6561 ) ;
#154 = DIRECTION ( 'NONE',  ( 0.000000000000000000, 0.000000000000000000, -1.000000000000000000 ) ) ;
#155 = LINE ( 'NONE', #5616, #3312 ) ;
#156 = DIRECTION ( 'NONE',  ( 1.000000000000000000, 3.460956073054389902E-16, 0.000000000000000000 ) ) ;
#157 = VERTEX_POINT ( 'NONE', #4774 ) ;
#158 = ORIENTED_EDGE ( 'NONE', *, *, #2255, .F. ) ;
#159 = CARTESIAN_POINT ( 'NONE',  ( 1.434622314912914032, -0.2933829605333069801, -3.810000000000000053 ) ) ;
#160 = DIRECTION ( 'NONE',  ( 0.000000000000000000, -1.000000000000000000, 0.000000000000000000 ) ) ;
#161 = EDGE_CURVE ( 'NONE', #2134, #1092, #7027, .T. ) ;
#162 = DIRECTION ( 'NONE',  ( 0.000000000000000000, 0.000000000000000000, -1.000000000000000000 ) ) ;
#163 = VERTEX_POINT ( 'NONE', #410 ) ;
#164 = DIRECTION ( 'NONE',  ( 0.000000000000000000, 1.000000000000000000, 0.000000000000000000 ) ) ;
#165 = VERTEX_POINT ( 'NONE', #2052 ) ;
#166 = DIRECTION ( 'NONE',  ( 0.000000000000000000, 0.000000000000000000, 1.000000000000000000 ) ) ;
#167 = CARTESIAN_POINT ( 'NONE',  ( 1.434622314914038022, -0.3022711090285489788, -0.003628571428571434991 ) ) ;
#168 = VECTOR ( 'NONE', #1392, 1000.000000000000000 ) ;
#169 = EDGE_LOOP ( 'NONE', ( #1626, #3898, #3893, #7170 ) ) ;
#170 = CARTESIAN_POINT ( 'NONE',  ( -0.3203999999999999626, -1.366399878000000179, -0.01270000000000000122 ) ) ;
#171 = ORIENTED_EDGE ( 'NONE', *, *, #6215, .F. ) ;
#172 = DIRECTION ( 'NONE',  ( 0.000000000000000000, 0.000000000000000000, -1.000000000000000000 ) ) ;
#173 = FACE_OUTER_BOUND ( 'NONE', #5801, .T. ) ;
#174 = ORIENTED_EDGE ( 'NONE', *, *, #2867, .F. ) ;
#175 = EDGE_CURVE ( 'NONE', #6075, #4134, #337, .T. ) ;
#176 = DIRECTION ( 'NONE',  ( 0.000000000000000000, 0.000000000000000000, -1.000000000000000000 ) ) ;
#177 = VERTEX_POINT ( 'NONE', #4742 ) ;
#178 = DIRECTION ( 'NONE',  ( 0.000000000000000000, -0.000000000000000000, 1.000000000000000000 ) ) ;
#179 = DIRECTION ( 'NONE',  ( 1.000000000000000000, 0.000000000000000000, 0.000000000000000000 ) ) ;
#180 = EDGE_LOOP ( 'NONE', ( #5885, #6520, #3872 ) ) ;
#181 = DIRECTION ( 'NONE',  ( 0.000000000000000000, 0.000000000000000000, -1.000000000000000000 ) ) ;
#182 = DIRECTION ( 'NONE',  ( 0.000000000000000000, 0.000000000000000000, 1.000000000000000000 ) ) ;
#183 = CARTESIAN_POINT ( 'NONE',  ( 1.460857628045921341, -1.293759028386979093, -0.003011165374220360538 ) ) ;
#184 = EDGE_CURVE ( 'NONE', #4031, #2005, #4306, .T. ) ;
#185 = DIRECTION ( 'NONE',  ( 0.000000000000000000, 0.000000000000000000, -1.000000000000000000 ) ) ;
#186 = CARTESIAN_POINT ( 'NONE',  ( 1.460267495716871977, -1.305403223099395271, -3.797744758625054562 ) ) ;
#187 = CARTESIAN_POINT ( 'NONE',  ( -0.3103999999999999537, -1.369099878000000103, -1.122300000000000075 ) ) ;
#188 = ORIENTED_EDGE ( 'NONE', *, *, #5621, .T. ) ;
#189 = ORIENTED_EDGE ( 'NONE', *, *, #6469, .T. ) ;
#190 = DIRECTION ( 'NONE',  ( 0.000000000000000000, 1.000000000000000000, 0.000000000000000000 ) ) ;
#191 = AXIS2_PLACEMENT_3D ( 'NONE', #4164, #269, #300 ) ;
#192 = CARTESIAN_POINT ( 'NONE',  ( 0.3203999999999999626, -1.737799999999999789, -3.810000000000000053 ) ) ;
#193 = EDGE_CURVE ( 'NONE', #2572, #4031, #6275, .T. ) ;
#194 = DIRECTION ( 'NONE',  ( 0.000000000000000000, 1.000000000000000000, 0.000000000000000000 ) ) ;
#195 = AXIS2_PLACEMENT_3D ( 'NONE', #6233, #223, #1208 ) ;
#196 = ORIENTED_EDGE ( 'NONE', *, *, #1628, .F. ) ;
#197 = VERTEX_POINT ( 'NONE', #3252 ) ;
#198 = CARTESIAN_POINT ( 'NONE',  ( 0.000000000000000000, -0.1397000000000000186, -3.797299999999999898 ) ) ;
#199 = EDGE_LOOP ( 'NONE', ( #1769, #5122, #4431, #915 ) ) ;
#200 = EDGE_CURVE ( 'NONE', #4026, #3828, #2840, .T. ) ;
#201 = EDGE_CURVE ( 'NONE', #6632, #5197, #2693, .T. ) ;
#202 = FACE_OUTER_BOUND ( 'NONE', #573, .T. ) ;
#203 = CARTESIAN_POINT ( 'NONE',  ( 1.435099999999999820, -0.3556000000000000272, -3.759199999999999875 ) ) ;
#204 = EDGE_CURVE ( 'NONE', #197, #2145, #4910, .T. ) ;
#205 = AXIS2_PLACEMENT_3D ( 'NONE', #1382, #4726, #1919 ) ;
#206 = DIRECTION ( 'NONE',  ( 0.000000000000000000, 0.000000000000000000, -1.000000000000000000 ) ) ;
#207 = AXIS2_PLACEMENT_3D ( 'NONE', #682, #3383, #4609 ) ;
#208 = ORIENTED_EDGE ( 'NONE', *, *, #6119, .F. ) ;
#209 = DIRECTION ( 'NONE',  ( 1.000000000000000000, 0.000000000000000000, 0.000000000000000000 ) ) ;
#210 = VERTEX_POINT ( 'NONE', #5046 ) ;
#211 = CARTESIAN_POINT ( 'NONE',  ( 1.003299999999999859, -1.290599999999999969, -3.810000000000000053 ) ) ;
#212 = VECTOR ( 'NONE', #6678, 1000.000000000000000 ) ;
#213 = ORIENTED_EDGE ( 'NONE', *, *, #1948, .T. ) ;
#214 = SHAPE_REPRESENTATION_RELATIONSHIP ( 'NONE' , 'NONE' ,  #2516, #3798 ) ;
#215 = AXIS2_PLACEMENT_3D ( 'NONE', #5045, #1653, #4518 ) ;
#216 = CARTESIAN_POINT ( 'NONE',  ( -0.2769053072000529636, 0.1270000000000000018, -0.1134533333333331978 ) ) ;
#217 = ORIENTED_EDGE ( 'NONE', *, *, #4960, .F. ) ;
#218 = EDGE_CURVE ( 'NONE', #6060, #1920, #4977, .T. ) ;
#219 = CARTESIAN_POINT ( 'NONE',  ( -1.003299999999999859, -0.2183999999999999830, -3.801999999999999602 ) ) ;
#220 = ORIENTED_EDGE ( 'NONE', *, *, #21, .T. ) ;
#221 = CARTESIAN_POINT ( 'NONE',  ( -1.155699999999999950, -0.1523999999999999799, -3.797299999999999898 ) ) ;
#222 = VECTOR ( 'NONE', #3239, 1000.000000000000000 ) ;
#223 = DIRECTION ( 'NONE',  ( -1.000000000000000000, 0.000000000000000000, 0.000000000000000000 ) ) ;
#224 = FACE_OUTER_BOUND ( 'NONE', #4851, .T. ) ;
#225 = FACE_OUTER_BOUND ( 'NONE', #3065, .T. ) ;
#226 = CIRCLE ( 'NONE', #5236, 0.01270000000000007928 ) ;
#227 = ORIENTED_EDGE ( 'NONE', *, *, #2007, .T. ) ;
#228 = EDGE_CURVE ( 'NONE', #1379, #6709, #3393, .T. ) ;
#229 = ORIENTED_EDGE ( 'NONE', *, *, #7088, .T. ) ;
#230 = DIRECTION ( 'NONE',  ( -1.000000000000000000, 0.000000000000000000, 0.000000000000000000 ) ) ;
#231 = CARTESIAN_POINT ( 'NONE',  ( 1.435099999999999820, -0.5285999999999999588, -0.05080000000000000487 ) ) ;
#232 = AXIS2_PLACEMENT_3D ( 'NONE', #3266, #2152, #1453 ) ;
#233 = CARTESIAN_POINT ( 'NONE',  ( 1.168400000000000105, -0.3254000000000000226, -3.771900000000000031 ) ) ;
#234 = EDGE_CURVE ( 'NONE', #2555, #5048, #6094, .T. ) ;
#235 = VERTEX_POINT ( 'NONE', #1110 ) ;
#236 = AXIS2_PLACEMENT_3D ( 'NONE', #503, #2740, #4954 ) ;
#237 = ORIENTED_EDGE ( 'NONE', *, *, #6351, .T. ) ;
#238 = CARTESIAN_POINT ( 'NONE',  ( 1.460460679045621823, -0.2933829605333069801, 0.000000000000000000 ) ) ;
#239 = EDGE_CURVE ( 'NONE', #6668, #714, #5220, .T. ) ;
#240 = VECTOR ( 'NONE', #814, 1000.000000000000000 ) ;
#241 = ORIENTED_EDGE ( 'NONE', *, *, #1630, .T. ) ;
#242 = CARTESIAN_POINT ( 'NONE',  ( 1.458073473407288656, -0.2944242766364993935, -0.01447715218259375963 ) ) ;
#243 = LINE ( 'NONE', #5774, #5453 ) ;
#244 = TOROIDAL_SURFACE ( 'NONE', #4113, 0.4317999999999999616, 0.02540000000000000244 ) ;
#245 = DIRECTION ( 'NONE',  ( 0.000000000000000000, 0.000000000000000000, 1.000000000000000000 ) ) ;
#246 = ADVANCED_FACE ( 'NONE', ( #4414 ), #7178, .F. ) ;
#247 = ORIENTED_EDGE ( 'NONE', *, *, #27, .F. ) ;
#248 = VECTOR ( 'NONE', #631, 1000.000000000000000 ) ;
#249 = ORIENTED_EDGE ( 'NONE', *, *, #5986, .T. ) ;
#250 = DIRECTION ( 'NONE',  ( 0.000000000000000000, -1.000000000000000000, 0.000000000000000000 ) ) ;
#251 = EDGE_LOOP ( 'NONE', ( #102, #960, #2769, #3082 ) ) ;
#252 = PRODUCT_CONTEXT ( 'NONE', #2243, 'mechanical' ) ;
#253 = VECTOR ( 'NONE', #1006, 1000.000000000000000 ) ;
#254 = EDGE_CURVE ( 'NONE', #2108, #165, #1618, .T. ) ;
#255 = CARTESIAN_POINT ( 'NONE',  ( 1.155559336942256099, -0.2974950456490674799, -0.01613255709997835075 ) ) ;
#256 = ORIENTED_EDGE ( 'NONE', *, *, #234, .F. ) ;
#257 = CARTESIAN_POINT ( 'NONE',  ( 0.2517320974545935175, 0.1270000000000000018, -0.1100666666666666044 ) ) ;
#258 = ORIENTED_EDGE ( 'NONE', *, *, #3530, .F. ) ;
#259 = CIRCLE ( 'NONE', #1427, 0.02539999999999999550 ) ;
#260 = EDGE_CURVE ( 'NONE', #4357, #3202, #1619, .T. ) ;
#261 = CARTESIAN_POINT ( 'NONE',  ( -1.155699999999999950, -0.2387998779999999932, -0.01270000000000000122 ) ) ;
#262 = AXIS2_PLACEMENT_3D ( 'NONE', #7162, #6624, #7046 ) ;
#263 = B_SPLINE_CURVE_WITH_KNOTS ( 'NONE', 3,
 ( #1481, #941, #5963, #5192 ),
 .UNSPECIFIED., .F., .F.,
 ( 4, 4 ),
 ( 0.000000000000000000, 1.000000000000000000 ),
 .UNSPECIFIED. ) ;
#264 = ORIENTED_EDGE ( 'NONE', *, *, #2286, .T. ) ;
#265 = CARTESIAN_POINT ( 'NONE',  ( 0.3103999999999999537, -1.737799999999999789, -1.134999999999999787 ) ) ;
#266 = VERTEX_POINT ( 'NONE', #118 ) ;
#267 = DIRECTION ( 'NONE',  ( 1.000000000000000000, 0.000000000000000000, 0.000000000000000000 ) ) ;
#268 = CIRCLE ( 'NONE', #2143, 0.1650999999999999968 ) ;
#269 = DIRECTION ( 'NONE',  ( 0.000000000000000000, -1.000000000000000000, 0.000000000000000000 ) ) ;
#270 = CARTESIAN_POINT ( 'NONE',  ( 1.155699999999999950, -0.3254000000000000226, -1.122300000000000075 ) ) ;
#271 = EDGE_CURVE ( 'NONE', #3321, #4234, #1388, .T. ) ;
#272 = CARTESIAN_POINT ( 'NONE',  ( -1.155699999999999950, -0.2387998779999999932, -0.4872999999999999554 ) ) ;
#273 = DIRECTION ( 'NONE',  ( -3.557093741750344889E-16, 1.000000000000000000, 0.000000000000000000 ) ) ;
#274 = ORIENTED_EDGE ( 'NONE', *, *, #5116, .F. ) ;
#275 = VERTEX_POINT ( 'NONE', #1821 ) ;
#276 = CARTESIAN_POINT ( 'NONE',  ( -1.003299999999999859, 0.2134000000000000064, -3.810000000000000053 ) ) ;
#277 = EDGE_CURVE ( 'NONE', #394, #1670, #5464, .T. ) ;
#278 = ORIENTED_EDGE ( 'NONE', *, *, #4173, .F. ) ;
#279 = DIRECTION ( 'NONE',  ( -0.9910712498212338462, 0.000000000000000000, 0.1333333333333321102 ) ) ;
#280 = CIRCLE ( 'NONE', #5746, 0.02540000000000000244 ) ;
#281 = FACE_OUTER_BOUND ( 'NONE', #2443, .T. ) ;
#282 = ORIENTED_EDGE ( 'NONE', *, *, #380, .F. ) ;
#283 = CARTESIAN_POINT ( 'NONE',  ( 0.05534005468199999778, 0.1803103958239999915, 5.714999999999999858 ) ) ;
#284 = ADVANCED_FACE ( 'NONE', ( #6319 ), #5761, .F. ) ;
#285 = DIRECTION ( 'NONE',  ( 0.000000000000000000, -1.000000000000000000, 0.000000000000000000 ) ) ;
#286 = ORIENTED_EDGE ( 'NONE', *, *, #412, .F. ) ;
#287 = DIRECTION ( 'NONE',  ( 0.06915226812048401450, 0.9976061165679532827, 0.000000000000000000 ) ) ;
#288 = DIRECTION ( 'NONE',  ( 1.000000000000000000, -9.279374978479150332E-18, 0.000000000000000000 ) ) ;
#289 = ORIENTED_EDGE ( 'NONE', *, *, #5018, .T. ) ;
#290 = DIRECTION ( 'NONE',  ( 1.000000000000000000, 0.000000000000000000, 0.000000000000000000 ) ) ;
#291 = EDGE_CURVE ( 'NONE', #6104, #1200, #5347, .T. ) ;
#292 = CIRCLE ( 'NONE', #2173, 0.01270000000000000122 ) ;
#293 = DIRECTION ( 'NONE',  ( 0.000000000000000000, 1.000000000000000000, 0.000000000000000000 ) ) ;
#294 = DIRECTION ( 'NONE',  ( 0.000000000000000000, -1.000000000000000000, 0.000000000000000000 ) ) ;
#295 = CARTESIAN_POINT ( 'NONE',  ( 1.003299999999999859, -1.290599999999999969, 0.000000000000000000 ) ) ;
#296 =( LENGTH_UNIT ( ) NAMED_UNIT ( * ) SI_UNIT ( .MILLI., .METRE. ) );
#297 = ORIENTED_EDGE ( 'NONE', *, *, #5498, .T. ) ;
#298 = VERTEX_POINT ( 'NONE', #4122 ) ;
#299 = FACE_OUTER_BOUND ( 'NONE', #5732, .T. ) ;
#300 = DIRECTION ( 'NONE',  ( 0.000000000000000000, 0.000000000000000000, -1.000000000000000000 ) ) ;
#301 = UNCERTAINTY_MEASURE_WITH_UNIT (LENGTH_MEASURE( 1.000000000000000082E-05 ), #346, 'distance_accuracy_value', 'NONE');
#302 = CARTESIAN_POINT ( 'NONE',  ( -1.168400000000000105, -0.8229998780000009617, -1.109600000000000142 ) ) ;
#303 = DIRECTION ( 'NONE',  ( 1.000000000000000000, -1.778546870875169980E-17, 0.000000000000000000 ) ) ;
#305 = ORIENTED_EDGE ( 'NONE', *, *, #3208, .F. ) ;
#304 = AXIS2_PLACEMENT_3D ( 'NONE', #2138, #893, #5952 ) ;
#306 = FACE_OUTER_BOUND ( 'NONE', #4714, .T. ) ;
#307 = ORIENTED_EDGE ( 'NONE', *, *, #5587, .T. ) ;
#308 = EDGE_CURVE ( 'NONE', #4357, #163, #6266, .T. ) ;
#309 = DIRECTION ( 'NONE',  ( -1.000000000000000000, 0.000000000000000000, 0.000000000000000000 ) ) ;
#310 = DIRECTION ( 'NONE',  ( -1.000000000000000000, 0.000000000000000000, 0.000000000000000000 ) ) ;
#311 = LINE ( 'NONE', #5852, #3845 ) ;
#312 = AXIS2_PLACEMENT_3D ( 'NONE', #2778, #6583, #983 ) ;
#313 = EDGE_LOOP ( 'NONE', ( #601, #7132, #4214, #5314 ) ) ;
#314 = CIRCLE ( 'NONE', #4760, 0.1651000000000000523 ) ;
#315 = CARTESIAN_POINT ( 'NONE',  ( -0.3203999999999999626, -1.369099878000000103, -1.122300000000000075 ) ) ;
#316 = EDGE_CURVE ( 'NONE', #2529, #6916, #1288, .T. ) ;
#317 = FACE_OUTER_BOUND ( 'NONE', #836, .T. ) ;
#318 = VERTEX_POINT ( 'NONE', #5646 ) ;
#319 = TOROIDAL_SURFACE ( 'NONE', #4542, 0.01540000000000000223, 0.01000000000000000021 ) ;
#320 = CARTESIAN_POINT ( 'NONE',  ( -0.3103999999999999537, -1.635799878000000041, -3.784599999999999742 ) ) ;
#321 = DIRECTION ( 'NONE',  ( -0.000000000000000000, 0.000000000000000000, 1.000000000000000000 ) ) ;
#322 = EDGE_LOOP ( 'NONE', ( #1673, #2049, #1214, #3735, #7160, #2945, #3233, #4151 ) ) ;
#323 = FACE_OUTER_BOUND ( 'NONE', #4999, .T. ) ;
#324 = AXIS2_PLACEMENT_3D ( 'NONE', #2956, #4083, #1571 ) ;
#325 = LINE ( 'NONE', #2640, #4093 ) ;
#326 = LINE ( 'NONE', #6353, #4892 ) ;
#327 = ADVANCED_FACE ( 'NONE', ( #3967 ), #5295, .T. ) ;
#328 = ORIENTED_EDGE ( 'NONE', *, *, #2319, .F. ) ;
#329 = ADVANCED_FACE ( 'NONE', ( #5187 ), #1244, .F. ) ;
#330 = CARTESIAN_POINT ( 'NONE',  ( -0.3203999999999999626, -1.356399878000000170, -0.01270000000000000122 ) ) ;
#331 = ADVANCED_FACE ( 'NONE', ( #6163 ), #2937, .T. ) ;
#332 = EDGE_LOOP ( 'NONE', ( #4184, #3752, #940, #1235 ) ) ;
#333 = CIRCLE ( 'NONE', #3737, 0.1016000000000003012 ) ;
#334 = ORIENTED_EDGE ( 'NONE', *, *, #4032, .T. ) ;
#335 = CARTESIAN_POINT ( 'NONE',  ( -1.003299999999999859, -1.661199878000000130, -1.135000000000000009 ) ) ;
#336 = CARTESIAN_POINT ( 'NONE',  ( 0.6603999999999999870, 0.1523999999999999799, -3.784599999999999742 ) ) ;
#337 = B_SPLINE_CURVE_WITH_KNOTS ( 'NONE', 3,
 ( #1979, #1439, #3696, #6925 ),
 .UNSPECIFIED., .F., .F.,
 ( 4, 4 ),
 ( 7.496241583200560408E-20, 1.912694950520935108E-05 ),
 .UNSPECIFIED. ) ;
#338 = DIRECTION ( 'NONE',  ( 0.000000000000000000, 1.000000000000000000, 0.000000000000000000 ) ) ;
#339 = CIRCLE ( 'NONE', #1845, 0.01000000000000000021 ) ;
#340 = CARTESIAN_POINT ( 'NONE',  ( -0.3103999999999999537, -1.651199878000000121, -0.02540000000000000244 ) ) ;
#341 = VERTEX_POINT ( 'NONE', #1177 ) ;
#342 = ORIENTED_EDGE ( 'NONE', *, *, #5086, .F. ) ;
#343 = AXIS2_PLACEMENT_3D ( 'NONE', #1060, #5031, #2748 ) ;
#344 = CARTESIAN_POINT ( 'NONE',  ( -1.460499999999999909, -1.722399999999999931, -3.784599999999999742 ) ) ;
#345 = EDGE_CURVE ( 'NONE', #1730, #5197, #6810, .T. ) ;
#346 =( LENGTH_UNIT ( ) NAMED_UNIT ( * ) SI_UNIT ( .MILLI., .METRE. ) );
#347 = AXIS2_PLACEMENT_3D ( 'NONE', #2066, #1723, #4845 ) ;
#348 = TOROIDAL_SURFACE ( 'NONE', #1742, 0.1397000000000000186, 0.01270000000000000122 ) ;
#349 = VECTOR ( 'NONE', #4575, 1000.000000000000000 ) ;
#350 = VERTEX_POINT ( 'NONE', #3502 ) ;
#351 = DIRECTION ( 'NONE',  ( 0.000000000000000000, 0.000000000000000000, 1.000000000000000000 ) ) ;
#352 = CARTESIAN_POINT ( 'NONE',  ( 0.3203999999999999626, -1.455699999999999772, -3.810000000000000053 ) ) ;
#353 = AXIS2_PLACEMENT_3D ( 'NONE', #2391, #151, #2424 ) ;
#354 = EDGE_CURVE ( 'NONE', #6921, #6630, #155, .T. ) ;
#355 = DIRECTION ( 'NONE',  ( 1.000000000000000000, 0.000000000000000000, 0.000000000000000000 ) ) ;
#356 = CIRCLE ( 'NONE', #4465, 0.01269999999999998387 ) ;
#357 = ORIENTED_EDGE ( 'NONE', *, *, #1655, .T. ) ;
#358 = DIRECTION ( 'NONE',  ( 1.000000000000000000, 0.000000000000000000, 0.000000000000000000 ) ) ;
#359 = DIRECTION ( 'NONE',  ( 0.000000000000000000, 0.000000000000000000, -1.000000000000000000 ) ) ;
#360 = EDGE_LOOP ( 'NONE', ( #2167, #4755, #1873, #3173 ) ) ;
#361 = CARTESIAN_POINT ( 'NONE',  ( 0.3775981461818899709, -0.1523999999999999799, -0.01270000000000024061 ) ) ;
#362 = VECTOR ( 'NONE', #6136, 1000.000000000000000 ) ;
#363 = ADVANCED_FACE ( 'NONE', ( #4666 ), #628, .T. ) ;
#364 = DIRECTION ( 'NONE',  ( 1.000000000000000000, 0.000000000000000000, -5.021779400118130771E-16 ) ) ;
#365 = EDGE_CURVE ( 'NONE', #4352, #7106, #326, .T. ) ;
#366 = DIRECTION ( 'NONE',  ( -1.940232950045639978E-16, 1.000000000000000000, 2.586977266727520463E-16 ) ) ;
#367 = ORIENTED_EDGE ( 'NONE', *, *, #2828, .F. ) ;
#368 = DIRECTION ( 'NONE',  ( 1.000000000000000000, 0.000000000000000000, 0.000000000000000000 ) ) ;
#369 = ORIENTED_EDGE ( 'NONE', *, *, #2926, .T. ) ;
#370 = EDGE_LOOP ( 'NONE', ( #4405, #4202, #6608, #6780 ) ) ;
#371 = DIRECTION ( 'NONE',  ( -1.000000000000000000, 0.000000000000000000, 0.000000000000000000 ) ) ;
#372 = EDGE_CURVE ( 'NONE', #6328, #726, #6300, .T. ) ;
#373 = AXIS2_PLACEMENT_3D ( 'NONE', #6691, #2864, #1776 ) ;
#374 = CARTESIAN_POINT ( 'NONE',  ( 0.6350000000000000089, -0.1397000000000000186, -3.797299999999999898 ) ) ;
#375 = ORIENTED_EDGE ( 'NONE', *, *, #5071, .F. ) ;
#376 = CIRCLE ( 'NONE', #5044, 0.1651000000000000523 ) ;
#377 = ORIENTED_EDGE ( 'NONE', *, *, #4576, .F. ) ;
#378 = DIRECTION ( 'NONE',  ( 0.000000000000000000, 0.000000000000000000, 1.000000000000000000 ) ) ;
#379 = DIRECTION ( 'NONE',  ( 0.000000000000000000, -1.000000000000000000, 0.000000000000000000 ) ) ;
#380 = EDGE_CURVE ( 'NONE', #1593, #6078, #919, .T. ) ;
#381 = PRODUCT ( 'WSK1216-L5_element - Copy_6', 'WSK1216-L5_element - Copy_6', '', ( #3571 ) ) ;
#382 = DIRECTION ( 'NONE',  ( 0.000000000000000000, 0.000000000000000000, 1.000000000000000000 ) ) ;
#383 = EDGE_LOOP ( 'NONE', ( #3692, #4532, #723, #4867 ) ) ;
#384 = DIRECTION ( 'NONE',  ( -1.000000000000000000, 0.000000000000000000, 0.000000000000000000 ) ) ;
#385 = CARTESIAN_POINT ( 'NONE',  ( 1.435099890595630034, -1.283494025530466098, -3.798038576377495090 ) ) ;
#386 = CYLINDRICAL_SURFACE ( 'NONE', #6943, 0.02540000000000007530 ) ;
#387 = CARTESIAN_POINT ( 'NONE',  ( 1.003299999999999859, -0.3047999999999999599, 0.000000000000000000 ) ) ;
#388 = CARTESIAN_POINT ( 'NONE',  ( 1.434908711004679871, -0.3068323774757424904, -0.008097683538760350186 ) ) ;
#389 = ADVANCED_FACE ( 'NONE', ( #2571 ), #1928, .T. ) ;
#390 = DIRECTION ( 'NONE',  ( 1.000000000000000000, 0.000000000000000000, 0.000000000000000000 ) ) ;
#391 = ORIENTED_EDGE ( 'NONE', *, *, #7158, .F. ) ;
#392 = DIRECTION ( 'NONE',  ( 0.000000000000000000, 0.000000000000000000, -1.000000000000000000 ) ) ;
#393 = CARTESIAN_POINT ( 'NONE',  ( 1.460500000000122034, -1.296743499995739901, -3.776161717497449999 ) ) ;
#394 = VERTEX_POINT ( 'NONE', #6452 ) ;
#395 = DIRECTION ( 'NONE',  ( 0.000000000000000000, -1.000000000000000000, 0.000000000000000000 ) ) ;
#396 = ADVANCED_FACE ( 'NONE', ( #2608 ), #1430, .T. ) ;
#397 = CARTESIAN_POINT ( 'NONE',  ( 1.460170036637274071, -1.307966911730513937, -3.784599999999999742 ) ) ;
#398 = AXIS2_PLACEMENT_3D ( 'NONE', #766, #5285, #1351 ) ;
#399 = DIRECTION ( 'NONE',  ( 1.000000000000000000, 0.000000000000000000, 0.000000000000000000 ) ) ;
#400 = DIRECTION ( 'NONE',  ( 1.313388458492434262E-15, -1.000000000000000000, 5.692817669867100312E-17 ) ) ;
#401 = ORIENTED_EDGE ( 'NONE', *, *, #5955, .T. ) ;
#402 = CARTESIAN_POINT ( 'NONE',  ( 1.155877636176517731, -1.286599037207818208, -3.800533590664452177 ) ) ;
#403 = ORIENTED_EDGE ( 'NONE', *, *, #2181, .F. ) ;
#404 = ORIENTED_EDGE ( 'NONE', *, *, #2702, .T. ) ;
#405 = CARTESIAN_POINT ( 'NONE',  ( 1.003299999999999859, -1.722399999999999931, -0.02540000000000000244 ) ) ;
#406 = ORIENTED_EDGE ( 'NONE', *, *, #4678, .F. ) ;
#407 = FACE_OUTER_BOUND ( 'NONE', #6543, .T. ) ;
#408 = ADVANCED_FACE ( 'NONE', ( #7019 ), #5943, .T. ) ;
#409 = CARTESIAN_POINT ( 'NONE',  ( -1.155699999999999950, -1.203999878000000079, -0.01270000000000000122 ) ) ;
#410 = CARTESIAN_POINT ( 'NONE',  ( -0.6476999999999999424, -0.1523999999999999799, -3.797299999999999898 ) ) ;
#411 = ORIENTED_EDGE ( 'NONE', *, *, #1504, .F. ) ;
#412 = EDGE_CURVE ( 'NONE', #2982, #3648, #3751, .T. ) ;
#413 = ORIENTED_EDGE ( 'NONE', *, *, #2299, .F. ) ;
#414 = ORIENTED_EDGE ( 'NONE', *, *, #1537, .T. ) ;
#415 = LINE ( 'NONE', #5382, #1057 ) ;
#416 = CARTESIAN_POINT ( 'NONE',  ( 1.003299999999999859, -1.290599999999999969, -1.109600000000000142 ) ) ;
#417 = DIRECTION ( 'NONE',  ( 0.000000000000000000, -0.5000000000000014433, -0.8660254037844378194 ) ) ;
#418 = ADVANCED_FACE ( 'NONE', ( #3718 ), #125, .T. ) ;
#419 = ORIENTED_EDGE ( 'NONE', *, *, #4605, .F. ) ;
#420 = DIRECTION ( 'NONE',  ( 0.000000000000000000, 0.000000000000000000, 1.000000000000000000 ) ) ;
#421 = DIRECTION ( 'NONE',  ( 0.000000000000000000, 0.000000000000000000, 1.000000000000000000 ) ) ;
#422 = CYLINDRICAL_SURFACE ( 'NONE', #4309, 0.01270000000000003765 ) ;
#423 = CIRCLE ( 'NONE', #2054, 0.01270000000000000469 ) ;
#424 = DIRECTION ( 'NONE',  ( 1.000000000000000000, 0.000000000000000000, 0.000000000000000000 ) ) ;
#425 = CARTESIAN_POINT ( 'NONE',  ( 0.3203999999999999626, -1.747799999999999798, -3.799999999999999822 ) ) ;
#426 = CIRCLE ( 'NONE', #195, 0.01270000000000000122 ) ;
#427 = ORIENTED_EDGE ( 'NONE', *, *, #5286, .F. ) ;
#428 = FACE_OUTER_BOUND ( 'NONE', #948, .T. ) ;
#429 = CARTESIAN_POINT ( 'NONE',  ( 1.460499999999999909, -1.290599999999999969, -3.772811818975499776 ) ) ;
#430 = EDGE_LOOP ( 'NONE', ( #5687, #4243, #217, #5779 ) ) ;
#431 = FACE_OUTER_BOUND ( 'NONE', #4723, .T. ) ;
#432 = EDGE_CURVE ( 'NONE', #5033, #5421, #5234, .T. ) ;
#433 = CIRCLE ( 'NONE', #2550, 0.4317999999999999616 ) ;
#434 = AXIS2_PLACEMENT_3D ( 'NONE', #1943, #4169, #2549 ) ;
#435 = DIRECTION ( 'NONE',  ( -1.000000000000000000, 0.000000000000000000, 0.000000000000000000 ) ) ;
#436 = ORIENTED_EDGE ( 'NONE', *, *, #2711, .F. ) ;
#437 = EDGE_CURVE ( 'NONE', #1815, #519, #4762, .T. ) ;
#438 = DIRECTION ( 'NONE',  ( 0.000000000000000000, 1.000000000000000000, 0.000000000000000000 ) ) ;
#439 = EDGE_LOOP ( 'NONE', ( #5482, #1133, #19, #3347 ) ) ;
#440 = EDGE_LOOP ( 'NONE', ( #1926, #486, #5542, #7191 ) ) ;
#441 = DIRECTION ( 'NONE',  ( -1.000000000000000000, -3.460956073054389902E-16, 0.000000000000000000 ) ) ;
#442 = B_SPLINE_CURVE_WITH_KNOTS ( 'NONE', 3,
 ( #4281, #2109, #6550, #6511 ),
 .UNSPECIFIED., .F., .F.,
 ( 4, 4 ),
 ( 0.000000000000000000, 1.271279866894779969E-05 ),
 .UNSPECIFIED. ) ;
#443 = DIRECTION ( 'NONE',  ( 1.000000000000000000, 0.000000000000000000, 0.000000000000000000 ) ) ;
#444 = VERTEX_POINT ( 'NONE', #2497 ) ;
#445 = CARTESIAN_POINT ( 'NONE',  ( 1.155700000000245753, -0.3010412302046009958, -3.790679496246025071 ) ) ;
#446 = DIRECTION ( 'NONE',  ( 0.000000000000000000, 1.000000000000000000, 1.286270504829363768E-16 ) ) ;
#447 = FACE_OUTER_BOUND ( 'NONE', #6121, .T. ) ;
#448 = PRODUCT_DEFINITION_CONTEXT ( 'detailed design', #6596, 'design' ) ;
#449 = DIRECTION ( 'NONE',  ( -0.000000000000000000, 0.000000000000000000, 1.000000000000000000 ) ) ;
#450 = ORIENTED_EDGE ( 'NONE', *, *, #2087, .T. ) ;
#451 = EDGE_CURVE ( 'NONE', #1479, #4160, #5797, .T. ) ;
#452 = CIRCLE ( 'NONE', #98, 0.01540000000000004907 ) ;
#453 = AXIS2_PLACEMENT_3D ( 'NONE', #2323, #3439, #6778 ) ;
#454 = VERTEX_POINT ( 'NONE', #4228 ) ;
#455 = ORIENTED_EDGE ( 'NONE', *, *, #6288, .T. ) ;
#456 = ORIENTED_EDGE ( 'NONE', *, *, #1014, .T. ) ;
#457 = CARTESIAN_POINT ( 'NONE',  ( -1.460499999999999909, -1.747799999999999798, -3.801999999999999602 ) ) ;
#458 = DIRECTION ( 'NONE',  ( 0.000000000000000000, 1.000000000000000000, 0.000000000000000000 ) ) ;
#459 = CARTESIAN_POINT ( 'NONE',  ( -1.460499999999999909, -0.8229998780000009617, -0.5000000000000000000 ) ) ;
#460 = VECTOR ( 'NONE', #2636, 1000.000000000000000 ) ;
#461 = EDGE_CURVE ( 'NONE', #6579, #3910, #6732, .T. ) ;
#462 = AXIS2_PLACEMENT_3D ( 'NONE', #5536, #545, #1638 ) ;
#463 = ORIENTED_EDGE ( 'NONE', *, *, #451, .F. ) ;
#464 = LINE ( 'NONE', #7007, #6411 ) ;
#465 = CARTESIAN_POINT ( 'NONE',  ( 1.434908711004679871, -1.288567622524279921, -3.801902316461259979 ) ) ;
#466 = DIRECTION ( 'NONE',  ( 4.742791655667130792E-16, 0.000000000000000000, -1.000000000000000000 ) ) ;
#467 = CARTESIAN_POINT ( 'NONE',  ( 1.435099999999999820, -1.277900000000000036, -3.794808864231624668 ) ) ;
#468 = CIRCLE ( 'NONE', #2697, 0.4572000000000000508 ) ;
#469 = CARTESIAN_POINT ( 'NONE',  ( -0.8515000000000000346, 0.1270000000000000018, -3.784599999999999742 ) ) ;
#470 = AXIS2_PLACEMENT_3D ( 'NONE', #1828, #2434, #2400 ) ;
#471 = CARTESIAN_POINT ( 'NONE',  ( -0.3203999999999999626, -1.635799878000000041, -1.135000000000000009 ) ) ;
#472 = DIRECTION ( 'NONE',  ( 0.000000000000000000, -1.000000000000000000, 0.000000000000000000 ) ) ;
#473 = ORIENTED_EDGE ( 'NONE', *, *, #6933, .F. ) ;
#474 = AXIS2_PLACEMENT_3D ( 'NONE', #3179, #2543, #3762 ) ;
#475 = DIRECTION ( 'NONE',  ( 1.000000000000000000, 0.000000000000000000, 0.000000000000000000 ) ) ;
#476 = ADVANCED_FACE ( 'NONE', ( #225 ), #2239, .T. ) ;
#477 = AXIS2_PLACEMENT_3D ( 'NONE', #5297, #885, #4260 ) ;
#478 = AXIS2_PLACEMENT_3D ( 'NONE', #3538, #2358, #4117 ) ;
#479 = CARTESIAN_POINT ( 'NONE',  ( 1.460499999999999909, -0.9095999999999999641, -1.135000000000000009 ) ) ;
#480 = ORIENTED_EDGE ( 'NONE', *, *, #4733, .T. ) ;
#481 = CARTESIAN_POINT ( 'NONE',  ( 1.435100000004845944, -0.3119785252743434989, -3.797996689146315052 ) ) ;
#482 = EDGE_LOOP ( 'NONE', ( #4776, #988, #6188, #3672 ) ) ;
#483 = DIRECTION ( 'NONE',  ( -1.000000000000000000, 0.000000000000000000, 0.000000000000000000 ) ) ;
#484 = EDGE_CURVE ( 'NONE', #642, #5524, #930, .T. ) ;
#485 = PLANE ( 'NONE',  #96 ) ;
#486 = ORIENTED_EDGE ( 'NONE', *, *, #970, .T. ) ;
#487 = TOROIDAL_SURFACE ( 'NONE', #4582, 0.2032000000000000195, 0.02540000000000000244 ) ;
#488 = FACE_OUTER_BOUND ( 'NONE', #557, .T. ) ;
#489 = CARTESIAN_POINT ( 'NONE',  ( 1.155561652836240016, -0.2975284552555164663, -3.793832050789069932 ) ) ;
#490 = LINE ( 'NONE', #4345, #5201 ) ;
#491 = DIRECTION ( 'NONE',  ( 1.255444850029531953E-16, -1.000000000000000000, 0.000000000000000000 ) ) ;
#492 = CARTESIAN_POINT ( 'NONE',  ( -1.003299999999999859, 0.2134000000000000064, -0.02540000000000000244 ) ) ;
#493 = VECTOR ( 'NONE', #639, 1000.000000000000000 ) ;
#494 = VERTEX_POINT ( 'NONE', #479 ) ;
#495 = ORIENTED_EDGE ( 'NONE', *, *, #2265, .F. ) ;
#496 = CARTESIAN_POINT ( 'NONE',  ( 1.434904831555088078, -1.295981372129433984, -3.808474109351259962 ) ) ;
#497 = TOROIDAL_SURFACE ( 'NONE', #6068, 0.4317999999999999616, 0.02540000000000000244 ) ;
#498 = EDGE_CURVE ( 'NONE', #3626, #1782, #2125, .T. ) ;
#499 = CARTESIAN_POINT ( 'NONE',  ( -1.460499999999999909, 0.06600012200000000828, -3.801999999999999602 ) ) ;
#500 = AXIS2_PLACEMENT_3D ( 'NONE', #1390, #3646, #844 ) ;
#501 = ORIENTED_EDGE ( 'NONE', *, *, #1255, .F. ) ;
#502 = ADVANCED_FACE ( 'NONE', ( #2164 ), #6858, .T. ) ;
#503 = CARTESIAN_POINT ( 'NONE',  ( 1.435099999999999820, -1.239799999999999791, -3.860800000000000232 ) ) ;
#504 =( BOUNDED_CURVE ( )  B_SPLINE_CURVE ( 3, ( #5189, #4737, #1329, #5222 ),
 .UNSPECIFIED., .F., .T. ) 
 B_SPLINE_CURVE_WITH_KNOTS ( ( 4, 4 ),
 ( 0.000000000000000000, 1.000000000000000000 ),
 .UNSPECIFIED. ) 
 CURVE ( )  GEOMETRIC_REPRESENTATION_ITEM ( )  RATIONAL_B_SPLINE_CURVE ( ( 1.000000000000000000, 1.000006504080626524, 0.9999246757772376482, 0.9999200838784121359 ) ) 
 REPRESENTATION_ITEM ( '' )  );
#505 = LINE ( 'NONE', #4955, #7084 ) ;
#506 = DIRECTION ( 'NONE',  ( 0.000000000000000000, 0.000000000000000000, 1.000000000000000000 ) ) ;
#507 = EDGE_CURVE ( 'NONE', #5277, #6533, #268, .T. ) ;
#508 = DIRECTION ( 'NONE',  ( 0.000000000000000000, 0.000000000000000000, 1.000000000000000000 ) ) ;
#509 = DIRECTION ( 'NONE',  ( 0.000000000000000000, 0.000000000000000000, 1.000000000000000000 ) ) ;
#510 = FACE_OUTER_BOUND ( 'NONE', #313, .T. ) ;
#511 = CARTESIAN_POINT ( 'NONE',  ( 0.6350000000000000089, 0.1270000000000000018, -3.708400000000000141 ) ) ;
#512 = ORIENTED_EDGE ( 'NONE', *, *, #2711, .T. ) ;
#513 = DIRECTION ( 'NONE',  ( 1.000000000000000000, 0.000000000000000000, 0.000000000000000000 ) ) ;
#514 = LINE ( 'NONE', #6482, #5961 ) ;
#515 = AXIS2_PLACEMENT_3D ( 'NONE', #3677, #3642, #1953 ) ;
#516 = ORIENTED_EDGE ( 'NONE', *, *, #4639, .F. ) ;
#517 = DIRECTION ( 'NONE',  ( 1.000000000000000000, 0.000000000000000000, 0.000000000000000000 ) ) ;
#518 = DIRECTION ( 'NONE',  ( 1.000000000000000000, 0.000000000000000000, 0.000000000000000000 ) ) ;
#519 = VERTEX_POINT ( 'NONE', #2680 ) ;
#520 = EDGE_LOOP ( 'NONE', ( #3225, #5455, #2275, #5871, #2184, #5235, #1961, #829 ) ) ;
#521 = DIRECTION ( 'NONE',  ( 1.000000000000000000, 0.000000000000000000, 0.000000000000000000 ) ) ;
#522 = EDGE_CURVE ( 'NONE', #4854, #4873, #4018, .T. ) ;
#523 = CARTESIAN_POINT ( 'NONE',  ( -0.6350000000000000089, -0.1523999999999999799, -3.581400000000000361 ) ) ;
#524 = EDGE_LOOP ( 'NONE', ( #602, #401, #6542, #6500 ) ) ;
#525 = FACE_OUTER_BOUND ( 'NONE', #1760, .T. ) ;
#526 = VECTOR ( 'NONE', #2462, 1000.000000000000000 ) ;
#527 = DIRECTION ( 'NONE',  ( 0.000000000000000000, 0.5714285714285687323, -0.8206518066482918483 ) ) ;
#528 = DIRECTION ( 'NONE',  ( 0.000000000000000000, 0.000000000000000000, 1.000000000000000000 ) ) ;
#529 = CARTESIAN_POINT ( 'NONE',  ( 1.168400000000000105, -1.239799999999999791, -0.03809999999999999498 ) ) ;
#530 = CARTESIAN_POINT ( 'NONE',  ( -1.460499999999999909, -1.661199878000000130, -0.4746000000000000218 ) ) ;
#531 = LINE ( 'NONE', #3467, #18 ) ;
#532 = ORIENTED_EDGE ( 'NONE', *, *, #3954, .F. ) ;
#533 = ORIENTED_EDGE ( 'NONE', *, *, #1014, .F. ) ;
#534 = CARTESIAN_POINT ( 'NONE',  ( -2.258754526011470139E-18, 0.1270000000000000018, -0.02540000000000000244 ) ) ;
#535 = CARTESIAN_POINT ( 'NONE',  ( 0.3775981461818899709, -0.1397000000000000186, -1.905824131322175147E-17 ) ) ;
#536 = CARTESIAN_POINT ( 'NONE',  ( -0.6350000000000000089, 0.1270000000000000018, -3.581400000000000361 ) ) ;
#537 = ADVANCED_FACE ( 'NONE', ( #4475 ), #4857, .T. ) ;
#538 = CARTESIAN_POINT ( 'NONE',  ( 1.460267414063886049, -0.2899947887851049844, -0.01225353284885619988 ) ) ;
#539 = ORIENTED_EDGE ( 'NONE', *, *, #6210, .F. ) ;
#540 = CARTESIAN_POINT ( 'NONE',  ( 1.168400000000000105, -1.283342857142856008, -3.798266332333400275 ) ) ;
#541 = LINE ( 'NONE', #6474, #6830 ) ;
#542 = FACE_OUTER_BOUND ( 'NONE', #2805, .T. ) ;
#543 = CARTESIAN_POINT ( 'NONE',  ( -0.6603999999999999870, 0.1523999999999999799, -3.784599999999999742 ) ) ;
#544 = EDGE_CURVE ( 'NONE', #3910, #3005, #3340, .T. ) ;
#545 = DIRECTION ( 'NONE',  ( 1.000000000000000000, 0.000000000000000000, 0.000000000000000000 ) ) ;
#546 = CIRCLE ( 'NONE', #4180, 0.1016000000000000097 ) ;
#547 = DIRECTION ( 'NONE',  ( -1.000000000000000000, 0.000000000000000000, 0.000000000000000000 ) ) ;
#548 = ORIENTED_EDGE ( 'NONE', *, *, #5538, .F. ) ;
#549 = CARTESIAN_POINT ( 'NONE',  ( -1.155699999999999950, -1.369099878000000103, -0.01270000000000000122 ) ) ;
#550 = AXIS2_PLACEMENT_3D ( 'NONE', #3354, #4285, #5390 ) ;
#551 = ADVANCED_BREP_SHAPE_REPRESENTATION ( '', ( #1946, #1337 ), #3227 ) ;
#552 = FACE_OUTER_BOUND ( 'NONE', #5906, .T. ) ;
#553 = EDGE_LOOP ( 'NONE', ( #6239, #2694, #6892, #1297 ) ) ;
#554 = ADVANCED_FACE ( 'NONE', ( #6042 ), #3240, .F. ) ;
#555 = FACE_OUTER_BOUND ( 'NONE', #1540, .T. ) ;
#556 = DIRECTION ( 'NONE',  ( -1.000000000000000000, 0.000000000000000000, 0.000000000000000000 ) ) ;
#557 = EDGE_LOOP ( 'NONE', ( #4863, #3523, #2804, #2237 ) ) ;
#558 = DIRECTION ( 'NONE',  ( 0.000000000000000000, 0.000000000000000000, 1.000000000000000000 ) ) ;
#559 = AXIS2_PLACEMENT_3D ( 'NONE', #5960, #977, #2661 ) ;
#560 = CARTESIAN_POINT ( 'NONE',  ( 1.460499999999997911, -1.277900000000000036, -0.01519113576837403251 ) ) ;
#561 = DIRECTION ( 'NONE',  ( 1.315381071271162941E-48, 6.880803504969549986E-17, -1.000000000000000000 ) ) ;
#562 = ADVANCED_FACE ( 'NONE', ( #6663 ), #3280, .T. ) ;
#563 = CARTESIAN_POINT ( 'NONE',  ( -1.155699999999999950, -0.2387998779999999932, -3.797299999999999898 ) ) ;
#564 = CARTESIAN_POINT ( 'NONE',  ( 0.6357591885886336724, 0.1488220820430810332, -3.809240811411365613 ) ) ;
#565 = ORIENTED_EDGE ( 'NONE', *, *, #4837, .T. ) ;
#566 = AXIS2_PLACEMENT_3D ( 'NONE', #5982, #1647, #7137 ) ;
#567 = ORIENTED_EDGE ( 'NONE', *, *, #3, .T. ) ;
#568 = CARTESIAN_POINT ( 'NONE',  ( 1.443759869529589679, -1.302295450007929345, -1.424120863337538860E-17 ) ) ;
#569 = CARTESIAN_POINT ( 'NONE',  ( 1.460817897969372892, -0.3062653040475355470, -0.007644928524218110380 ) ) ;
#570 = EDGE_CURVE ( 'NONE', #3836, #6313, #6437, .T. ) ;
#571 = AXIS2_PLACEMENT_3D ( 'NONE', #5615, #3438, #6570 ) ;
#572 = PRODUCT_DEFINITION_SHAPE ( 'NONE', 'NONE',  #5627 ) ;
#573 = EDGE_LOOP ( 'NONE', ( #6399, #2735, #3604, #3658 ) ) ;
#574 = FACE_OUTER_BOUND ( 'NONE', #383, .T. ) ;
#575 = EDGE_LOOP ( 'NONE', ( #1232, #4279, #997, #5014 ) ) ;
#576 = CARTESIAN_POINT ( 'NONE',  ( -1.460499999999999909, -1.635799878000000041, -1.109600000000000142 ) ) ;
#577 = VECTOR ( 'NONE', #2260, 1000.000000000000000 ) ;
#578 = DIRECTION ( 'NONE',  ( -1.000000000000000000, 0.000000000000000000, 0.000000000000000000 ) ) ;
#579 = CARTESIAN_POINT ( 'NONE',  ( -1.460499999999999909, -1.635799878000000041, -3.784599999999999742 ) ) ;
#580 = DIRECTION ( 'NONE',  ( 0.000000000000000000, 0.000000000000000000, -1.000000000000000000 ) ) ;
#581 = AXIS2_PLACEMENT_3D ( 'NONE', #6557, #513, #1567 ) ;
#582 = CYLINDRICAL_SURFACE ( 'NONE', #5691, 0.02539999999999996774 ) ;
#583 = DIRECTION ( 'NONE',  ( 0.000000000000000000, 0.000000000000000000, -1.000000000000000000 ) ) ;
#584 = ORIENTED_EDGE ( 'NONE', *, *, #2271, .T. ) ;
#585 = CIRCLE ( 'NONE', #4569, 0.1905000000000000304 ) ;
#586 = EDGE_CURVE ( 'NONE', #3765, #4400, #6628, .T. ) ;
#587 = CARTESIAN_POINT ( 'NONE',  ( -1.460499999999999909, -0.8229998780000009617, -0.6777999999999999581 ) ) ;
#588 = CIRCLE ( 'NONE', #4690, 0.01270000000000025449 ) ;
#589 = EDGE_LOOP ( 'NONE', ( #2354, #2500, #1398, #4384 ) ) ;
#590 = CARTESIAN_POINT ( 'NONE',  ( 0.6350000000000000089, -0.1523999999999999799, -3.797299999999999898 ) ) ;
#591 = CARTESIAN_POINT ( 'NONE',  ( 1.434820518144993562, -1.300817249978838852, 2.441881080170396995E-08 ) ) ;
#592 = EDGE_LOOP ( 'NONE', ( #6660, #3492, #1287, #5710 ) ) ;
#593 = LINE ( 'NONE', #4481, #1866 ) ;
#594 = DIRECTION ( 'NONE',  ( 0.000000000000000000, 0.000000000000000000, 1.000000000000000000 ) ) ;
#595 = TOROIDAL_SURFACE ( 'NONE', #126, 0.1016000000000000097, 0.02540000000000000244 ) ;
#596 = ADVANCED_FACE ( 'NONE', ( #4966 ), #2790, .T. ) ;
#597 = CARTESIAN_POINT ( 'NONE',  ( 0.3203999999999999626, -1.722399999999999931, -0.02540000000000000244 ) ) ;
#598 = DIRECTION ( 'NONE',  ( 0.000000000000000000, -1.280553747030123273E-14, 1.000000000000000000 ) ) ;
#599 = CARTESIAN_POINT ( 'NONE',  ( -1.168400000000000105, -0.6451998780000010036, -3.801999999999999602 ) ) ;
#600 = AXIS2_PLACEMENT_3D ( 'NONE', #996, #438, #2682 ) ;
#601 = ORIENTED_EDGE ( 'NONE', *, *, #3353, .T. ) ;
#602 = ORIENTED_EDGE ( 'NONE', *, *, #6388, .T. ) ;
#603 = DIRECTION ( 'NONE',  ( -0.000000000000000000, -0.000000000000000000, -1.000000000000000000 ) ) ;
#604 = AXIS2_PLACEMENT_3D ( 'NONE', #823, #5769, #788 ) ;
#605 = CARTESIAN_POINT ( 'NONE',  ( -1.003299999999999859, -1.203999878000000079, -3.784599999999999742 ) ) ;
#606 = CARTESIAN_POINT ( 'NONE',  ( -0.7620000000000000107, -0.1397000000000000186, -3.797299999999999898 ) ) ;
#607 = VERTEX_POINT ( 'NONE', #7091 ) ;
#608 = DIRECTION ( 'NONE',  ( 0.000000000000000000, -2.134256245050205455E-15, 1.000000000000000000 ) ) ;
#609 = CIRCLE ( 'NONE', #1768, 0.2031999999999999640 ) ;
#610 = ORIENTED_EDGE ( 'NONE', *, *, #3307, .F. ) ;
#611 = ADVANCED_FACE ( 'NONE', ( #4371 ), #1573, .F. ) ;
#612 = CARTESIAN_POINT ( 'NONE',  ( 1.435099999999999820, -1.239799999999999791, -3.784599999999999742 ) ) ;
#613 = CARTESIAN_POINT ( 'NONE',  ( 1.003299999999999859, -1.290599999999999969, -3.801999999999999602 ) ) ;
#614 = AXIS2_PLACEMENT_3D ( 'NONE', #6589, #6002, #547 ) ;
#615 = FACE_OUTER_BOUND ( 'NONE', #4676, .T. ) ;
#616 = CARTESIAN_POINT ( 'NONE',  ( -1.003299999999999859, 0.2134000000000000064, -3.784599999999999742 ) ) ;
#617 = ORIENTED_EDGE ( 'NONE', *, *, #3365, .F. ) ;
#618 = AXIS2_PLACEMENT_3D ( 'NONE', #1380, #4175, #279 ) ;
#619 = VECTOR ( 'NONE', #5969, 1000.000000000000000 ) ;
#620 = EDGE_LOOP ( 'NONE', ( #5490, #1777, #7116, #2019 ) ) ;
#621 = EDGE_CURVE ( 'NONE', #3803, #2387, #987, .T. ) ;
#622 = CARTESIAN_POINT ( 'NONE',  ( 0.3775981461818899709, 0.1270000000000000018, -1.694065894508599908E-18 ) ) ;
#623 = DIRECTION ( 'NONE',  ( 0.000000000000000000, 0.000000000000000000, -1.000000000000000000 ) ) ;
#624 = ORIENTED_EDGE ( 'NONE', *, *, #3947, .F. ) ;
#625 = CARTESIAN_POINT ( 'NONE',  ( -0.6476999999999999424, 0.000000000000000000, -3.810000000000000053 ) ) ;
#626 = AXIS2_PLACEMENT_3D ( 'NONE', #1028, #2719, #518 ) ;
#627 = CARTESIAN_POINT ( 'NONE',  ( 1.155699999999999950, -1.290599999999999969, -0.4872999999999999554 ) ) ;
#628 = CYLINDRICAL_SURFACE ( 'NONE', #1173, 0.01270000000000000122 ) ;
#629 = EDGE_CURVE ( 'NONE', #1092, #4181, #630, .T. ) ;
#630 = CIRCLE ( 'NONE', #5862, 0.1524000000000000077 ) ;
#631 = DIRECTION ( 'NONE',  ( 1.000000000000000000, 1.778546870875169980E-17, 0.000000000000000000 ) ) ;
#632 = VERTEX_POINT ( 'NONE', #5541 ) ;
#633 = ADVANCED_FACE ( 'NONE', ( #552 ), #1447, .T. ) ;
#634 = ORIENTED_EDGE ( 'NONE', *, *, #2087, .F. ) ;
#635 = CARTESIAN_POINT ( 'NONE',  ( 1.434922034347874353, -0.3004565295825633031, -0.002086510673606910456 ) ) ;
#636 = DIRECTION ( 'NONE',  ( 4.663874436235659679E-32, -1.000000000000000000, -6.880803504969549986E-17 ) ) ;
#637 = CARTESIAN_POINT ( 'NONE',  ( 1.460499999999997911, -0.3174999999999993383, -0.01519113576837417476 ) ) ;
#638 = CARTESIAN_POINT ( 'NONE',  ( -0.3103999999999999537, -1.651199878000000121, -0.4745999999999999108 ) ) ;
#639 = DIRECTION ( 'NONE',  ( 1.000000000000000000, 3.460956073054389902E-16, 0.000000000000000000 ) ) ;
#640 = ORIENTED_EDGE ( 'NONE', *, *, #2554, .F. ) ;
#641 = LINE ( 'NONE', #2371, #6872 ) ;
#642 = VERTEX_POINT ( 'NONE', #145 ) ;
#643 = CARTESIAN_POINT ( 'NONE',  ( -0.3775981461818899709, 0.1523999999999999799, -0.02540000000000000244 ) ) ;
#644 = CARTESIAN_POINT ( 'NONE',  ( -0.3775981461818899709, 0.000000000000000000, 0.000000000000000000 ) ) ;
#645 = CARTESIAN_POINT ( 'NONE',  ( 1.168399822335280058, -1.286833118404769882, -0.009303361670091440244 ) ) ;
#646 = DIRECTION ( 'NONE',  ( 0.000000000000000000, -1.000000000000000000, 0.000000000000000000 ) ) ;
#647 = PRODUCT_DEFINITION_CONTEXT ( 'detailed design', #5494, 'design' ) ;
#648 = ADVANCED_FACE ( 'NONE', ( #3996 ), #4497, .T. ) ;
#649 = EDGE_CURVE ( 'NONE', #1902, #6914, #5674, .T. ) ;
#650 = ORIENTED_EDGE ( 'NONE', *, *, #2542, .T. ) ;
#651 = DIRECTION ( 'NONE',  ( 2.651912492814790131E-14, 0.8206518066482979545, -0.5714285714285599616 ) ) ;
#652 = EDGE_LOOP ( 'NONE', ( #6262, #1365, #640, #5970 ) ) ;
#653 = CARTESIAN_POINT ( 'NONE',  ( 1.003299999999999859, -1.722399999999999931, -1.109600000000000142 ) ) ;
#654 = ORIENTED_EDGE ( 'NONE', *, *, #5242, .T. ) ;
#655 =( NAMED_UNIT ( * ) PLANE_ANGLE_UNIT ( ) SI_UNIT ( $, .RADIAN. ) );
#656 = CARTESIAN_POINT ( 'NONE',  ( 0.3103999999999999537, -1.455699999999999772, -0.4872999999999999554 ) ) ;
#657 = ORIENTED_EDGE ( 'NONE', *, *, #4884, .T. ) ;
#658 = CARTESIAN_POINT ( 'NONE',  ( 1.460170036637142177, -0.2874330882659910102, -3.784600000002909859 ) ) ;
#659 = FACE_OUTER_BOUND ( 'NONE', #3063, .T. ) ;
#660 = ORIENTED_EDGE ( 'NONE', *, *, #1955, .T. ) ;
#661 = CYLINDRICAL_SURFACE ( 'NONE', #2709, 0.01270000000000003765 ) ;
#662 = CARTESIAN_POINT ( 'NONE',  ( 0.3103999999999999537, -1.455699999999999772, -0.01000000000000000021 ) ) ;
#663 = LINE ( 'NONE', #6317, #3486 ) ;
#664 = CIRCLE ( 'NONE', #4411, 0.01540000000000004907 ) ;
#665 = DIRECTION ( 'NONE',  ( 1.000000000000000000, 0.000000000000000000, 0.000000000000000000 ) ) ;
#666 = ADVANCED_FACE ( 'NONE', ( #106 ), #2869, .T. ) ;
#667 = CARTESIAN_POINT ( 'NONE',  ( 1.460170036639520053, -1.307966911735700011, -0.02540000001805519866 ) ) ;
#669 = ORIENTED_EDGE ( 'NONE', *, *, #5064, .F. ) ;
#668 = AXIS2_PLACEMENT_3D ( 'NONE', #1484, #1523, #2069 ) ;
#670 = ORIENTED_EDGE ( 'NONE', *, *, #5606, .F. ) ;
#671 = CARTESIAN_POINT ( 'NONE',  ( 1.434820518144004575, -0.2945827500213043515, 2.441929354180749924E-08 ) ) ;
#672 = FACE_OUTER_BOUND ( 'NONE', #5675, .T. ) ;
#673 = AXIS2_PLACEMENT_3D ( 'NONE', #5458, #5426, #935 ) ;
#674 = ADVANCED_FACE ( 'NONE', ( #5146 ), #3598, .T. ) ;
#675 = ORIENTED_EDGE ( 'NONE', *, *, #1689, .T. ) ;
#676 = LINE ( 'NONE', #6212, #718 ) ;
#677 = CIRCLE ( 'NONE', #207, 0.01269999999999998387 ) ;
#678 = ORIENTED_EDGE ( 'NONE', *, *, #5078, .T. ) ;
#679 = CYLINDRICAL_SURFACE ( 'NONE', #134, 0.1524000000000000077 ) ;
#680 = ORIENTED_EDGE ( 'NONE', *, *, #2691, .F. ) ;
#681 = LINE ( 'NONE', #1840, #3052 ) ;
#682 = CARTESIAN_POINT ( 'NONE',  ( -1.168400000000000105, -0.8229998780000009617, -0.4872999999999999554 ) ) ;
#683 = LINE ( 'NONE', #5099, #1026 ) ;
#684 = VECTOR ( 'NONE', #4294, 1000.000000000000000 ) ;
#685 = EDGE_CURVE ( 'NONE', #4707, #4192, #4065, .T. ) ;
#686 = EDGE_CURVE ( 'NONE', #6652, #3075, #3006, .T. ) ;
#687 = ORIENTED_EDGE ( 'NONE', *, *, #7023, .T. ) ;
#688 = CIRCLE ( 'NONE', #1956, 0.01270000000000000295 ) ;
#689 = CARTESIAN_POINT ( 'NONE',  ( 1.460170036637486124, -1.307966911726246240, -3.784599999995755137 ) ) ;
#690 = ORIENTED_EDGE ( 'NONE', *, *, #968, .F. ) ;
#691 = DIRECTION ( 'NONE',  ( 1.000000000000000000, 0.000000000000000000, 0.000000000000000000 ) ) ;
#692 = ORIENTED_EDGE ( 'NONE', *, *, #4462, .F. ) ;
#693 = AXIS2_PLACEMENT_3D ( 'NONE', #918, #4259, #364 ) ;
#694 = CARTESIAN_POINT ( 'NONE',  ( -0.6350000000000000089, 0.1270000000000000018, -3.708400000000000141 ) ) ;
#695 = ORIENTED_EDGE ( 'NONE', *, *, #6942, .T. ) ;
#696 = FACE_OUTER_BOUND ( 'NONE', #5863, .T. ) ;
#697 = CIRCLE ( 'NONE', #462, 0.01270000000000003765 ) ;
#698 = DIRECTION ( 'NONE',  ( 0.000000000000000000, 0.000000000000000000, 1.000000000000000000 ) ) ;
#699 = ORIENTED_EDGE ( 'NONE', *, *, #3501, .F. ) ;
#700 = CARTESIAN_POINT ( 'NONE',  ( -0.06350000000000000089, 0.1523999999999999799, -2.882899999999999796 ) ) ;
#701 = EDGE_CURVE ( 'NONE', #2407, #4988, #4618, .T. ) ;
#702 = CARTESIAN_POINT ( 'NONE',  ( -0.6350000000000000089, -0.1397000000000000186, -3.708400000000000141 ) ) ;
#703 = VECTOR ( 'NONE', #190, 1000.000000000000000 ) ;
#704 = DIRECTION ( 'NONE',  ( 0.000000000000000000, 0.000000000000000000, 1.000000000000000000 ) ) ;
#705 = VECTOR ( 'NONE', #6180, 1000.000000000000000 ) ;
#706 = CARTESIAN_POINT ( 'NONE',  ( 1.104899999999999993, -1.239799999999999791, -3.860800000000000232 ) ) ;
#707 = VERTEX_POINT ( 'NONE', #6225 ) ;
#708 = AXIS2_PLACEMENT_3D ( 'NONE', #6235, #2394, #1210 ) ;
#709 = ORIENTED_EDGE ( 'NONE', *, *, #5860, .T. ) ;
#710 = VECTOR ( 'NONE', #4378, 1000.000000000000000 ) ;
#711 = CARTESIAN_POINT ( 'NONE',  ( 1.434842579221048187, -0.2957946616517280192, -0.0001734734911788305160 ) ) ;
#712 = CIRCLE ( 'NONE', #3070, 0.002700000000000011419 ) ;
#713 = ORIENTED_EDGE ( 'NONE', *, *, #6316, .F. ) ;
#714 = VERTEX_POINT ( 'NONE', #6801 ) ;
#715 = CARTESIAN_POINT ( 'NONE',  ( 1.168400000000000105, -1.239799999999999791, -3.771900000000000031 ) ) ;
#716 = ORIENTED_EDGE ( 'NONE', *, *, #1844, .F. ) ;
#717 = EDGE_CURVE ( 'NONE', #1942, #1887, #2989, .T. ) ;
#718 = VECTOR ( 'NONE', #4017, 1000.000000000000000 ) ;
#719 = CARTESIAN_POINT ( 'NONE',  ( 0.6476999999999999424, 0.000000000000000000, -3.797299999999999898 ) ) ;
#720 = CARTESIAN_POINT ( 'NONE',  ( -1.003299999999999859, -1.369099878000000103, -3.810000000000000053 ) ) ;
#721 = TOROIDAL_SURFACE ( 'NONE', #3199, 0.4317999999999999616, 0.02540000000000085245 ) ;
#722 = DIRECTION ( 'NONE',  ( 0.000000000000000000, -1.000000000000000000, 0.000000000000000000 ) ) ;
#723 = ORIENTED_EDGE ( 'NONE', *, *, #3276, .T. ) ;
#724 = CARTESIAN_POINT ( 'NONE',  ( 1.460499999999999909, -0.7063999999999999169, -0.6777999999999999581 ) ) ;
#725 = EDGE_CURVE ( 'NONE', #1850, #3185, #1694, .T. ) ;
#726 = VERTEX_POINT ( 'NONE', #694 ) ;
#727 =( LENGTH_UNIT ( ) NAMED_UNIT ( * ) SI_UNIT ( .MILLI., .METRE. ) );
#728 = CIRCLE ( 'NONE', #614, 0.1524000000000000077 ) ;
#729 = DIRECTION ( 'NONE',  ( -1.000000000000000000, 0.000000000000000000, 0.000000000000000000 ) ) ;
#730 = ORIENTED_EDGE ( 'NONE', *, *, #3689, .F. ) ;
#731 = AXIS2_PLACEMENT_3D ( 'NONE', #6336, #5886, #5283 ) ;
#732 = LINE ( 'NONE', #5575, #4363 ) ;
#733 = DIRECTION ( 'NONE',  ( -0.9910712498212336241, 0.000000000000000000, -0.1333333333333323600 ) ) ;
#734 = ADVANCED_FACE ( 'NONE', ( #4510 ), #3392, .F. ) ;
#735 = ORIENTED_EDGE ( 'NONE', *, *, #5925, .F. ) ;
#736 = DIRECTION ( 'NONE',  ( -1.000000000000000000, 0.000000000000000000, 0.000000000000000000 ) ) ;
#737 = CARTESIAN_POINT ( 'NONE',  ( 0.4826000000000000290, -1.747799999999999798, -1.135000000000000009 ) ) ;
#738 = LINE ( 'NONE', #2986, #2801 ) ;
#739 = CARTESIAN_POINT ( 'NONE',  ( -0.6476999999999999424, -0.1397000000000000186, -3.797299999999999898 ) ) ;
#740 = CARTESIAN_POINT ( 'NONE',  ( -0.7620000000000000107, -0.1523999999999999799, -3.568700000000000205 ) ) ;
#741 = EDGE_CURVE ( 'NONE', #4046, #4400, #4517, .T. ) ;
#742 = DIRECTION ( 'NONE',  ( 0.000000000000000000, 0.000000000000000000, 1.000000000000000000 ) ) ;
#743 = ORIENTED_EDGE ( 'NONE', *, *, #4322, .T. ) ;
#744 = ORIENTED_EDGE ( 'NONE', *, *, #461, .T. ) ;
#745 = CARTESIAN_POINT ( 'NONE',  ( -0.3203999999999999626, -1.369099878000000103, -3.799999999999999822 ) ) ;
#746 = FACE_OUTER_BOUND ( 'NONE', #2873, .T. ) ;
#747 = SPHERICAL_SURFACE ( 'NONE', #3278, 0.01270000000000000122 ) ;
#748 = AXIS2_PLACEMENT_3D ( 'NONE', #5068, #1202, #4034 ) ;
#749 = EDGE_LOOP ( 'NONE', ( #2447, #634, #6085, #1031, #3117 ) ) ;
#750 = ORIENTED_EDGE ( 'NONE', *, *, #862, .F. ) ;
#751 = CARTESIAN_POINT ( 'NONE',  ( 1.435099999999999820, -0.3175000000000000044, -0.01519113576837415047 ) ) ;
#752 = VERTEX_POINT ( 'NONE', #1165 ) ;
#753 = ADVANCED_FACE ( 'NONE', ( #5109 ), #6694, .F. ) ;
#754 = CIRCLE ( 'NONE', #2026, 0.08890000000000000679 ) ;
#755 = CARTESIAN_POINT ( 'NONE',  ( 1.168004769845369939, -0.3022711090285489788, -3.806371428571429849 ) ) ;
#756 = CARTESIAN_POINT ( 'NONE',  ( -1.435099999999999820, -1.203999878000000079, -1.135000000000000009 ) ) ;
#757 = VECTOR ( 'NONE', #5438, 1000.000000000000000 ) ;
#758 = CARTESIAN_POINT ( 'NONE',  ( 1.435099999999999820, -0.3119785252772814821, -0.01200331085088921987 ) ) ;
#759 = ORIENTED_EDGE ( 'NONE', *, *, #2181, .T. ) ;
#760 = ADVANCED_FACE ( 'NONE', ( #1779 ), #3531, .F. ) ;
#761 = CARTESIAN_POINT ( 'NONE',  ( 1.449835914284190119, -1.293724434698410031, -3.806418669269109767 ) ) ;
#762 = VERTEX_POINT ( 'NONE', #2352 ) ;
#763 = CYLINDRICAL_SURFACE ( 'NONE', #2853, 0.1270000000000000018 ) ;
#764 = CARTESIAN_POINT ( 'NONE',  ( -1.003299999999999859, 0.2388000000000000123, -3.784599999999999742 ) ) ;
#765 = EDGE_LOOP ( 'NONE', ( #1620, #3710, #20, #931 ) ) ;
#766 = CARTESIAN_POINT ( 'NONE',  ( 0.05534005468199999778, 0.09391039582400000085, 5.714999999999999858 ) ) ;
#767 = ADVANCED_FACE ( 'NONE', ( #6768 ), #1233, .T. ) ;
#768 = LINE ( 'NONE', #4729, #7016 ) ;
#769 = ORIENTED_EDGE ( 'NONE', *, *, #586, .F. ) ;
#770 = AXIS2_PLACEMENT_3D ( 'NONE', #3344, #3374, #6786 ) ;
#771 = DIRECTION ( 'NONE',  ( 1.000000000000000000, 0.000000000000000000, 0.000000000000000000 ) ) ;
#772 = DIRECTION ( 'NONE',  ( 0.000000000000000000, 0.000000000000000000, 1.000000000000000000 ) ) ;
#773 = VERTEX_POINT ( 'NONE', #2456 ) ;
#774 = DIRECTION ( 'NONE',  ( 0.000000000000000000, 8.435277258399649770E-33, 1.000000000000000000 ) ) ;
#775 = DIRECTION ( 'NONE',  ( -1.000000000000000000, 0.000000000000000000, 0.000000000000000000 ) ) ;
#776 = DIRECTION ( 'NONE',  ( 0.000000000000000000, 2.667820306312756818E-15, -1.000000000000000000 ) ) ;
#777 = CARTESIAN_POINT ( 'NONE',  ( 1.104899999999999993, -0.5285999999999999588, -0.02540000000000000244 ) ) ;
#778 = EDGE_CURVE ( 'NONE', #177, #3099, #4172, .T. ) ;
#779 = DIRECTION ( 'NONE',  ( 0.000000000000000000, 0.000000000000000000, -1.000000000000000000 ) ) ;
#780 = CYLINDRICAL_SURFACE ( 'NONE', #3886, 0.01269999999999998387 ) ;
#781 = EDGE_LOOP ( 'NONE', ( #4687, #3247, #3297, #2488 ) ) ;
#782 = ORIENTED_EDGE ( 'NONE', *, *, #2017, .F. ) ;
#783 = CARTESIAN_POINT ( 'NONE',  ( 1.178480622266852101E-18, 0.1270000000000000018, -0.02540000000000000244 ) ) ;
#784 = CIRCLE ( 'NONE', #5776, 0.1777999999999999858 ) ;
#785 = PLANE ( 'NONE',  #6588 ) ;
#786 = ORIENTED_EDGE ( 'NONE', *, *, #2656, .T. ) ;
#787 = VECTOR ( 'NONE', #5218, 1000.000000000000000 ) ;
#788 = DIRECTION ( 'NONE',  ( 0.000000000000000000, 1.016312497642955066E-16, -1.000000000000000000 ) ) ;
#789 = ORIENTED_EDGE ( 'NONE', *, *, #2022, .T. ) ;
#790 = ORIENTED_EDGE ( 'NONE', *, *, #5155, .T. ) ;
#791 = DIRECTION ( 'NONE',  ( 1.000000000000000000, 0.000000000000000000, 0.000000000000000000 ) ) ;
#792 = DIRECTION ( 'NONE',  ( 0.000000000000000000, 0.000000000000000000, 1.000000000000000000 ) ) ;
#793 = VECTOR ( 'NONE', #7038, 1000.000000000000000 ) ;
#794 = ADVANCED_FACE ( 'NONE', ( #5787 ), #5825, .T. ) ;
#795 = DIRECTION ( 'NONE',  ( -4.742791655667130792E-16, 0.000000000000000000, 1.000000000000000000 ) ) ;
#796 = CIRCLE ( 'NONE', #2198, 0.02539999999999999550 ) ;
#797 = EDGE_LOOP ( 'NONE', ( #2399, #406, #3460, #5274 ) ) ;
#798 = FACE_OUTER_BOUND ( 'NONE', #251, .T. ) ;
#799 = ORIENTED_EDGE ( 'NONE', *, *, #3113, .F. ) ;
#800 = LINE ( 'NONE', #1885, #6970 ) ;
#801 = VECTOR ( 'NONE', #4193, 1000.000000000000000 ) ;
#802 = ORIENTED_EDGE ( 'NONE', *, *, #4807, .T. ) ;
#803 = DIRECTION ( 'NONE',  ( 0.000000000000000000, 0.000000000000000000, 1.000000000000000000 ) ) ;
#804 = AXIS2_PLACEMENT_3D ( 'NONE', #233, #4084, #821 ) ;
#805 = CARTESIAN_POINT ( 'NONE',  ( 1.155699999999999950, -0.3047999999999999599, -0.02215594561103289770 ) ) ;
#806 = ORIENTED_EDGE ( 'NONE', *, *, #3509, .F. ) ;
#807 = CARTESIAN_POINT ( 'NONE',  ( -1.168400000000000105, -0.6324998780000009591, -3.801999999999999602 ) ) ;
#808 = ORIENTED_EDGE ( 'NONE', *, *, #2504, .F. ) ;
#809 = EDGE_CURVE ( 'NONE', #2555, #903, #1404, .T. ) ;
#810 = CIRCLE ( 'NONE', #5806, 0.002700000000000011419 ) ;
#811 = LINE ( 'NONE', #7040, #78 ) ;
#812 = DIRECTION ( 'NONE',  ( -1.000000000000000000, 0.000000000000000000, 0.000000000000000000 ) ) ;
#813 = CARTESIAN_POINT ( 'NONE',  ( 0.3203999999999999626, -1.747799999999999798, -0.4745999999999999108 ) ) ;
#814 = DIRECTION ( 'NONE',  ( 0.000000000000000000, -1.000000000000000000, 0.000000000000000000 ) ) ;
#815 = ORIENTED_EDGE ( 'NONE', *, *, #2468, .F. ) ;
#816 = ORIENTED_EDGE ( 'NONE', *, *, #3792, .F. ) ;
#817 = CARTESIAN_POINT ( 'NONE',  ( 0.000000000000000000, 0.000000000000000000, 0.000000000000000000 ) ) ;
#818 = ADVANCED_FACE ( 'NONE', ( #5288 ), #6380, .T. ) ;
#819 = CIRCLE ( 'NONE', #6971, 0.002700000000000011419 ) ;
#820 = CLOSED_SHELL ( 'NONE', ( #1385, #4485, #1107, #3831, #4127, #2671, #4793, #246, #5566, #3170, #818, #2435, #2514, #2717, #2166, #875, #7041, #2606, #4781, #2877, #734, #5759, #4136, #3305, #4878, #5423, #2523, #4537, #3888, #130, #2959, #1412, #5975, #6357, #1572, #3358, #6593, #4150, #6517, #1454, #2917, #2995, #4524, #4533, #389, #4013, #6657, #4492, #284, #554, #3896, #6977, #6107, #674, #6584, #3634, #3023, #5368, #5392, #6298, #2409, #2750, #794, #562, #4746, #767, #3222, #7089, #633, #1725, #5170, #3573, #5689, #4765, #6535, #1986, #4088, #2911, #4100, #2347, #6463, #1679, #4843, #2856, #2310, #327, #1675, #363, #3461, #1442, #2202, #3698, #3012, #6419, #3437, #1711, #1197, #3296, #3259, #3861, #4011, #5057, #1164, #4700, #6173, #3386, #6256, #835, #1314, #4187, #993, #6859, #4118, #1271 ) ) ;
#821 = DIRECTION ( 'NONE',  ( 0.000000000000000000, 0.000000000000000000, -1.000000000000000000 ) ) ;
#822 = ORIENTED_EDGE ( 'NONE', *, *, #2271, .F. ) ;
#823 = CARTESIAN_POINT ( 'NONE',  ( 1.409236948778553763E-15, -0.1523999999999999799, -0.07619999999999998996 ) ) ;
#824 = CIRCLE ( 'NONE', #470, 0.02540000000000007530 ) ;
#825 = ORIENTED_EDGE ( 'NONE', *, *, #5071, .T. ) ;
#826 = DIRECTION ( 'NONE',  ( -5.122214988120240024E-14, 5.829445293943900622E-14, 1.000000000000000000 ) ) ;
#827 = COLOUR_RGB ( '',0.5372549019607842924, 0.3490196078431372362, 0.3372549019607843368 ) ;
#828 = AXIS2_PLACEMENT_3D ( 'NONE', #5844, #3140, #6362 ) ;
#829 = ORIENTED_EDGE ( 'NONE', *, *, #6891, .T. ) ;
#830 = FACE_OUTER_BOUND ( 'NONE', #2390, .T. ) ;
#831 = EDGE_CURVE ( 'NONE', #4131, #5033, #6677, .T. ) ;
#832 = AXIS2_PLACEMENT_3D ( 'NONE', #5870, #2467, #2532 ) ;
#833 = AXIS2_PLACEMENT_3D ( 'NONE', #817, #3067, #267 ) ;
#834 = ORIENTED_EDGE ( 'NONE', *, *, #6740, .F. ) ;
#835 = ADVANCED_FACE ( 'NONE', ( #317 ), #5418, .T. ) ;
#836 = EDGE_LOOP ( 'NONE', ( #6902, #5500, #2940, #1833 ) ) ;
#837 = CARTESIAN_POINT ( 'NONE',  ( 0.000000000000000000, -1.455699999999999772, -3.810000000000000053 ) ) ;
#838 = ORIENTED_EDGE ( 'NONE', *, *, #6831, .F. ) ;
#839 = APPLICATION_PROTOCOL_DEFINITION ( 'draft international standard', 'automotive_design', 1998, #5855 ) ;
#840 = VECTOR ( 'NONE', #382, 1000.000000000000000 ) ;
#841 = DIRECTION ( 'NONE',  ( 0.000000000000000000, 0.000000000000000000, 1.000000000000000000 ) ) ;
#842 = VERTEX_POINT ( 'NONE', #4287 ) ;
#843 = CARTESIAN_POINT ( 'NONE',  ( 1.003299999999999859, -1.290599999999999969, -3.797299999999999898 ) ) ;
#844 = DIRECTION ( 'NONE',  ( 1.000000000000000000, 0.000000000000000000, 0.000000000000000000 ) ) ;
#845 = ORIENTED_EDGE ( 'NONE', *, *, #971, .T. ) ;
#846 = CIRCLE ( 'NONE', #6651, 0.1651000000000000523 ) ;
#847 = DIRECTION ( 'NONE',  ( 0.000000000000000000, 0.000000000000000000, 1.000000000000000000 ) ) ;
#848 = CARTESIAN_POINT ( 'NONE',  ( -0.3775981461818899709, 0.1270000000000000018, -0.1270000000000000018 ) ) ;
#849 = CARTESIAN_POINT ( 'NONE',  ( -0.6603999999999999870, 0.1523999999999999799, -3.784599999999999742 ) ) ;
#850 = VECTOR ( 'NONE', #472, 1000.000000000000000 ) ;
#851 = CARTESIAN_POINT ( 'NONE',  ( 1.414176746720221944E-18, 0.2388000000000000123, -0.02540000000000045000 ) ) ;
#852 = EDGE_CURVE ( 'NONE', #1887, #6852, #754, .T. ) ;
#853 = CARTESIAN_POINT ( 'NONE',  ( 1.435139177143729849, -0.2985537613609395846, -3.809999999999997833 ) ) ;
#854 = ORIENTED_EDGE ( 'NONE', *, *, #109, .F. ) ;
#855 = ORIENTED_EDGE ( 'NONE', *, *, #4076, .F. ) ;
#856 = DIRECTION ( 'NONE',  ( 1.255444850029531953E-16, -1.000000000000000000, 0.000000000000000000 ) ) ;
#857 = AXIS2_PLACEMENT_3D ( 'NONE', #1524, #7080, #7159 ) ;
#858 = CARTESIAN_POINT ( 'NONE',  ( -0.2517320974545930179, -0.1397000000000000186, -0.1100666666666666044 ) ) ;
#859 = DIRECTION ( 'NONE',  ( 1.000000000000000000, 3.460956073054389902E-16, 0.000000000000000000 ) ) ;
#860 = DIRECTION ( 'NONE',  ( 0.000000000000000000, 0.000000000000000000, -1.000000000000000000 ) ) ;
#861 = LINE ( 'NONE', #1980, #1989 ) ;
#862 = EDGE_CURVE ( 'NONE', #707, #5069, #1317, .T. ) ;
#863 = CIRCLE ( 'NONE', #3346, 0.01000000000000002623 ) ;
#864 = ORIENTED_EDGE ( 'NONE', *, *, #380, .T. ) ;
#865 = EDGE_LOOP ( 'NONE', ( #3119, #799, #2904, #427 ) ) ;
#866 = CARTESIAN_POINT ( 'NONE',  ( 1.168400000000000105, -0.3556000000000000272, -3.771900000000000031 ) ) ;
#867 = DIRECTION ( 'NONE',  ( 0.000000000000000000, 0.000000000000000000, 1.000000000000000000 ) ) ;
#868 = DIRECTION ( 'NONE',  ( 0.000000000000000000, 0.000000000000000000, 1.000000000000000000 ) ) ;
#869 = AXIS2_PLACEMENT_3D ( 'NONE', #1608, #5475, #4336 ) ;
#870 = ORIENTED_EDGE ( 'NONE', *, *, #2192, .F. ) ;
#871 = CARTESIAN_POINT ( 'NONE',  ( -0.3203999999999999626, -1.369099878000000103, -1.109600000000000142 ) ) ;
#872 = TOROIDAL_SURFACE ( 'NONE', #4033, 0.1650999999999999968, 0.01270000000000000122 ) ;
#873 = ORIENTED_EDGE ( 'NONE', *, *, #5828, .T. ) ;
#874 = DIRECTION ( 'NONE',  ( 1.000000000000000000, 0.000000000000000000, 0.000000000000000000 ) ) ;
#875 = ADVANCED_FACE ( 'NONE', ( #3088 ), #6343, .F. ) ;
#876 = EDGE_CURVE ( 'NONE', #6426, #2961, #3572, .T. ) ;
#877 = EDGE_CURVE ( 'NONE', #903, #707, #4834, .T. ) ;
#878 = CARTESIAN_POINT ( 'NONE',  ( 1.155335172164955848, -0.2942611943384375039, -0.01270000000000000122 ) ) ;
#879 = ORIENTED_EDGE ( 'NONE', *, *, #3011, .T. ) ;
#880 = DIRECTION ( 'NONE',  ( 0.000000000000000000, -1.000000000000000000, 0.000000000000000000 ) ) ;
#881 = CARTESIAN_POINT ( 'NONE',  ( 0.000000000000000000, -1.635799878000000041, -3.810000000000000053 ) ) ;
#882 = ORIENTED_EDGE ( 'NONE', *, *, #6891, .F. ) ;
#883 = DIRECTION ( 'NONE',  ( 1.000000000000000000, 0.000000000000000000, 0.000000000000000000 ) ) ;
#884 = DIRECTION ( 'NONE',  ( 0.000000000000000000, 0.000000000000000000, 1.000000000000000000 ) ) ;
#885 = DIRECTION ( 'NONE',  ( -0.9976061165679531717, -0.06915226812048429206, 0.000000000000000000 ) ) ;
#886 = EDGE_LOOP ( 'NONE', ( #3159, #5584, #247, #3772 ) ) ;
#887 = CARTESIAN_POINT ( 'NONE',  ( 1.155920031288589778, -1.292701496880206191, -3.805952669594363069 ) ) ;
#888 = EDGE_CURVE ( 'NONE', #80, #4738, #768, .T. ) ;
#889 = ORIENTED_EDGE ( 'NONE', *, *, #2062, .T. ) ;
#890 = VERTEX_POINT ( 'NONE', #1387 ) ;
#891 = DIRECTION ( 'NONE',  ( 0.000000000000000000, -1.000000000000000000, 0.000000000000000000 ) ) ;
#892 = EDGE_CURVE ( 'NONE', #132, #5308, #6913, .T. ) ;
#893 = DIRECTION ( 'NONE',  ( -1.778546870875169980E-17, -1.000000000000000000, 0.000000000000000000 ) ) ;
#894 = CARTESIAN_POINT ( 'NONE',  ( 1.460499999999999909, -1.239799999999999791, -3.860800000000000232 ) ) ;
#895 = CARTESIAN_POINT ( 'NONE',  ( -1.003299999999999859, 0.2388000000000000123, -3.801999999999999602 ) ) ;
#896 = CARTESIAN_POINT ( 'NONE',  ( 1.168004769845369939, -0.2933829605333069801, -3.797299999999999898 ) ) ;
#898 = VERTEX_POINT ( 'NONE', #1922 ) ;
#897 = AXIS2_PLACEMENT_3D ( 'NONE', #2014, #4907, #3291 ) ;
#899 = ORIENTED_EDGE ( 'NONE', *, *, #2156, .F. ) ;
#900 = CARTESIAN_POINT ( 'NONE',  ( 0.7620000000000000107, -0.1397000000000000186, 0.000000000000000000 ) ) ;
#901 = EDGE_CURVE ( 'NONE', #6426, #3511, #4179, .T. ) ;
#902 = DIRECTION ( 'NONE',  ( 0.000000000000000000, -1.000000000000000000, 0.000000000000000000 ) ) ;
#903 = VERTEX_POINT ( 'NONE', #878 ) ;
#904 = AXIS2_PLACEMENT_3D ( 'NONE', #6906, #1912, #5496 ) ;
#905 = DIRECTION ( 'NONE',  ( -1.000000000000000000, 0.000000000000000000, 0.000000000000000000 ) ) ;
#906 = DIRECTION ( 'NONE',  ( -1.000000000000000000, 0.000000000000000000, 0.000000000000000000 ) ) ;
#907 = EDGE_CURVE ( 'NONE', #5191, #6991, #3591, .T. ) ;
#908 = VECTOR ( 'NONE', #2623, 1000.000000000000000 ) ;
#909 = AXIS2_PLACEMENT_3D ( 'NONE', #982, #7156, #3267 ) ;
#910 = DIRECTION ( 'NONE',  ( 0.1333333333333313886, 8.338619197281649953E-16, -0.9910712498212339572 ) ) ;
#911 = VERTEX_POINT ( 'NONE', #3122 ) ;
#912 = VECTOR ( 'NONE', #2246, 1000.000000000000000 ) ;
#913 = CARTESIAN_POINT ( 'NONE',  ( -0.3203999999999999626, -1.635799878000000041, -0.5000000000000000000 ) ) ;
#914 = FACE_OUTER_BOUND ( 'NONE', #4803, .T. ) ;
#915 = ORIENTED_EDGE ( 'NONE', *, *, #6081, .F. ) ;
#916 = DIRECTION ( 'NONE',  ( 0.000000000000000000, -1.000000000000000000, 0.000000000000000000 ) ) ;
#917 = CIRCLE ( 'NONE', #4780, 0.1651000000000000523 ) ;
#918 = CARTESIAN_POINT ( 'NONE',  ( -1.003299999999999859, -1.203999878000000079, -0.5000000000000000000 ) ) ;
#919 = LINE ( 'NONE', #1361, #1735 ) ;
#920 = ORIENTED_EDGE ( 'NONE', *, *, #2941, .F. ) ;
#921 = CARTESIAN_POINT ( 'NONE',  ( 1.460499999999999909, -1.290599999999999969, -3.772811818975499776 ) ) ;
#922 = EDGE_LOOP ( 'NONE', ( #7056, #845, #5874, #2263, #5957, #3823 ) ) ;
#923 = ADVANCED_FACE ( 'NONE', ( #4253 ), #6226, .T. ) ;
#924 = AXIS2_PLACEMENT_3D ( 'NONE', #848, #4822, #2607 ) ;
#925 = ORIENTED_EDGE ( 'NONE', *, *, #1929, .F. ) ;
#926 = AXIS2_PLACEMENT_3D ( 'NONE', #492, #1685, #598 ) ;
#927 = CARTESIAN_POINT ( 'NONE',  ( -1.435099999999999820, -0.8229998780000009617, -0.4746000000000000218 ) ) ;
#928 = AXIS2_PLACEMENT_3D ( 'NONE', #2322, #4555, #6737 ) ;
#929 = ORIENTED_EDGE ( 'NONE', *, *, #6633, .T. ) ;
#930 = CIRCLE ( 'NONE', #3298, 0.1016000000000003012 ) ;
#931 = ORIENTED_EDGE ( 'NONE', *, *, #4884, .F. ) ;
#932 = AXIS2_PLACEMENT_3D ( 'NONE', #2035, #1526, #4852 ) ;
#933 = CARTESIAN_POINT ( 'NONE',  ( 1.168004769845371937, -0.3022711090285440383, -0.003628571428578344395 ) ) ;
#934 = DIRECTION ( 'NONE',  ( 0.000000000000000000, 0.000000000000000000, -1.000000000000000000 ) ) ;
#935 = DIRECTION ( 'NONE',  ( 1.000000000000000000, 0.000000000000000000, 0.000000000000000000 ) ) ;
#936 = AXIS2_PLACEMENT_3D ( 'NONE', #7025, #2650, #1972 ) ;
#937 = CIRCLE ( 'NONE', #3177, 0.01270000000000003765 ) ;
#938 = VERTEX_POINT ( 'NONE', #511 ) ;
#939 = EDGE_CURVE ( 'NONE', #235, #444, #2520, .T. ) ;
#940 = ORIENTED_EDGE ( 'NONE', *, *, #3343, .F. ) ;
#941 = CARTESIAN_POINT ( 'NONE',  ( 0.6476999963784682013, 0.1366654796383511561, -3.810000000000000053 ) ) ;
#942 = DIRECTION ( 'NONE',  ( 0.000000000000000000, 0.000000000000000000, 1.000000000000000000 ) ) ;
#943 = DIRECTION ( 'NONE',  ( 1.000000000000000000, 0.000000000000000000, 0.000000000000000000 ) ) ;
#944 = AXIS2_PLACEMENT_3D ( 'NONE', #5984, #6122, #6601 ) ;
#945 = DIRECTION ( 'NONE',  ( -0.9976061165679531717, 0.06915226812048400062, 0.000000000000000000 ) ) ;
#946 = EDGE_CURVE ( 'NONE', #5380, #5594, #5824, .T. ) ;
#947 = CARTESIAN_POINT ( 'NONE',  ( -0.7620000000000000107, -0.1523999999999999799, -3.797299999999999898 ) ) ;
#948 = EDGE_LOOP ( 'NONE', ( #5752, #3164, #2887, #920 ) ) ;
#949 = ADVANCED_FACE ( 'NONE', ( #7042 ), #4045, .T. ) ;
#950 = CARTESIAN_POINT ( 'NONE',  ( 0.7620000000000000107, 0.1523999999999999799, -0.02540000000000094960 ) ) ;
#951 = DIRECTION ( 'NONE',  ( 0.000000000000000000, 0.000000000000000000, -1.000000000000000000 ) ) ;
#952 = FACE_OUTER_BOUND ( 'NONE', #2518, .T. ) ;
#953 = EDGE_LOOP ( 'NONE', ( #4899, #7054, #6508, #6575 ) ) ;
#954 = LINE ( 'NONE', #221, #526 ) ;
#955 = AXIS2_PLACEMENT_3D ( 'NONE', #2841, #2395, #2288 ) ;
#956 = ADVANCED_FACE ( 'NONE', ( #2672 ), #2072, .T. ) ;
#957 = CARTESIAN_POINT ( 'NONE',  ( -1.168400000000000105, -0.2183999999999999830, -3.797299999999999898 ) ) ;
#958 = EDGE_LOOP ( 'NONE', ( #5050, #3349, #4035, #5182, #3587, #227, #7029, #2865, #1549, #4090, #4204, #6410, #5654, #1609 ) ) ;
#959 = CARTESIAN_POINT ( 'NONE',  ( 1.155699999999999728, -1.283342857142857119, -3.798266332333394946 ) ) ;
#960 = ORIENTED_EDGE ( 'NONE', *, *, #3783, .T. ) ;
#961 = FACE_OUTER_BOUND ( 'NONE', #2470, .T. ) ;
#962 = ORIENTED_EDGE ( 'NONE', *, *, #5001, .T. ) ;
#963 = DIRECTION ( 'NONE',  ( 0.000000000000000000, 0.000000000000000000, -1.000000000000000000 ) ) ;
#964 = EDGE_CURVE ( 'NONE', #3859, #4300, #292, .T. ) ;
#965 = CARTESIAN_POINT ( 'NONE',  ( 1.460499999999999909, -0.9095999999999999641, -0.9317999999999999616 ) ) ;
#966 = AXIS2_PLACEMENT_3D ( 'NONE', #5972, #5537, #1527 ) ;
#967 = DIRECTION ( 'NONE',  ( -1.000000000000000000, -1.778546870875169980E-17, 0.000000000000000000 ) ) ;
#968 = EDGE_CURVE ( 'NONE', #4192, #1479, #4961, .T. ) ;
#969 = DIRECTION ( 'NONE',  ( 1.940232950045639978E-16, -1.000000000000000000, 0.000000000000000000 ) ) ;
#970 = EDGE_CURVE ( 'NONE', #1313, #726, #2384, .T. ) ;
#971 = EDGE_CURVE ( 'NONE', #4879, #6646, #5930, .T. ) ;
#972 = ORIENTED_EDGE ( 'NONE', *, *, #1306, .F. ) ;
#973 = AXIS2_PLACEMENT_3D ( 'NONE', #2825, #3388, #583 ) ;
#974 = EDGE_LOOP ( 'NONE', ( #3000, #2298, #1007, #4487 ) ) ;
#975 = CARTESIAN_POINT ( 'NONE',  ( 1.155920031288585781, -0.3026985031197972909, -3.805952669594372395 ) ) ;
#976 = DIRECTION ( 'NONE',  ( 0.000000000000000000, 0.000000000000000000, 1.000000000000000000 ) ) ;
#977 = DIRECTION ( 'NONE',  ( 1.000000000000000000, 0.000000000000000000, 0.000000000000000000 ) ) ;
#978 = PRODUCT_DEFINITION_SHAPE ( 'NONE', 'NONE',  #2861 ) ;
#979 = ORIENTED_EDGE ( 'NONE', *, *, #4651, .F. ) ;
#980 = CARTESIAN_POINT ( 'NONE',  ( 1.003299999999999859, -1.290599999999999969, -1.122300000000000075 ) ) ;
#981 = CARTESIAN_POINT ( 'NONE',  ( -1.155699999999999950, -0.8229998780000009617, -0.9317999999999999616 ) ) ;
#982 = CARTESIAN_POINT ( 'NONE',  ( -2.484629978612615227E-18, -0.1397000000000000186, -0.01270000000000000122 ) ) ;
#983 = DIRECTION ( 'NONE',  ( 0.000000000000000000, 1.000000000000000000, 1.128487989570296375E-13 ) ) ;
#984 = EDGE_CURVE ( 'NONE', #4160, #1775, #2333, .T. ) ;
#985 = CARTESIAN_POINT ( 'NONE',  ( 1.435099999999999820, -0.7318000000000000060, -0.6777999999999999581 ) ) ;
#986 = CARTESIAN_POINT ( 'NONE',  ( -0.6519333333333333647, 0.1524000000000000632, -3.801533333333334319 ) ) ;
#987 = CIRCLE ( 'NONE', #4945, 0.1524000000000000077 ) ;
#988 = ORIENTED_EDGE ( 'NONE', *, *, #2025, .T. ) ;
#989 = CARTESIAN_POINT ( 'NONE',  ( 0.3203999999999999626, -1.443000000000000060, -0.01270000000000000122 ) ) ;
#990 = CARTESIAN_POINT ( 'NONE',  ( 1.168249148134619997, -1.290107071573273867, -0.006589337676732090303 ) ) ;
#991 = ORIENTED_EDGE ( 'NONE', *, *, #1917, .F. ) ;
#992 = CARTESIAN_POINT ( 'NONE',  ( -1.003299999999999859, -1.635799878000000041, -0.02540000000000000244 ) ) ;
#993 = ADVANCED_FACE ( 'NONE', ( #1636 ), #2712, .T. ) ;
#994 = DIRECTION ( 'NONE',  ( 0.000000000000000000, 0.000000000000000000, 1.000000000000000000 ) ) ;
#995 = ORIENTED_EDGE ( 'NONE', *, *, #4182, .T. ) ;
#996 = CARTESIAN_POINT ( 'NONE',  ( 1.168400000000000105, -1.290599999999999969, -0.4872999999999999554 ) ) ;
#997 = ORIENTED_EDGE ( 'NONE', *, *, #6662, .F. ) ;
#998 = DIRECTION ( 'NONE',  ( 0.000000000000000000, 0.000000000000000000, -1.000000000000000000 ) ) ;
#999 = DIRECTION ( 'NONE',  ( 0.000000000000000000, 0.000000000000000000, 1.000000000000000000 ) ) ;
#1000 = EDGE_LOOP ( 'NONE', ( #3288, #5859, #789, #1383 ) ) ;
#1001 = SPHERICAL_SURFACE ( 'NONE', #1290, 0.01270000000000000122 ) ;
#1002 = EDGE_CURVE ( 'NONE', #5240, #4988, #5733, .T. ) ;
#1003 = EDGE_CURVE ( 'NONE', #2328, #5570, #6622, .T. ) ;
#1004 = CARTESIAN_POINT ( 'NONE',  ( -0.8515000000000000346, -0.1523999999999999799, -3.797299999999999898 ) ) ;
#1005 = DIRECTION ( 'NONE',  ( 0.000000000000000000, 0.000000000000000000, -1.000000000000000000 ) ) ;
#1006 = DIRECTION ( 'NONE',  ( 0.000000000000000000, 0.000000000000000000, -1.000000000000000000 ) ) ;
#1007 = ORIENTED_EDGE ( 'NONE', *, *, #3740, .F. ) ;
#1008 = ORIENTED_EDGE ( 'NONE', *, *, #4097, .F. ) ;
#1009 = EDGE_LOOP ( 'NONE', ( #3684, #3359, #5949, #3728 ) ) ;
#1010 = DIRECTION ( 'NONE',  ( 1.000000000000000000, 0.000000000000000000, 0.000000000000000000 ) ) ;
#1011 = CARTESIAN_POINT ( 'NONE',  ( -0.3203999999999999626, -1.651199878000000121, -0.4746000000000000218 ) ) ;
#1012 = ORIENTED_EDGE ( 'NONE', *, *, #5444, .F. ) ;
#1013 = DIRECTION ( 'NONE',  ( -1.000000000000000000, 0.000000000000000000, 0.000000000000000000 ) ) ;
#1014 = EDGE_CURVE ( 'NONE', #2923, #197, #3850, .T. ) ;
#1015 = CARTESIAN_POINT ( 'NONE',  ( 0.3203999999999999626, -1.747799999999999798, -0.4746000000000000218 ) ) ;
#1016 = CARTESIAN_POINT ( 'NONE',  ( 0.000000000000000000, 0.1270000000000000018, -3.810000000000000053 ) ) ;
#1017 = AXIS2_PLACEMENT_3D ( 'NONE', #5043, #45, #4410 ) ;
#1018 = CARTESIAN_POINT ( 'NONE',  ( 0.3103999999999999537, -1.737800000000000011, -3.784599999999999742 ) ) ;
#1019 = DIRECTION ( 'NONE',  ( 0.000000000000000000, -1.000000000000000000, 0.000000000000000000 ) ) ;
#1020 = AXIS2_PLACEMENT_3D ( 'NONE', #3385, #5136, #4055 ) ;
#1021 = ORIENTED_EDGE ( 'NONE', *, *, #1555, .T. ) ;
#1022 = DIRECTION ( 'NONE',  ( 0.000000000000000000, 0.000000000000000000, -1.000000000000000000 ) ) ;
#1023 = DIRECTION ( 'NONE',  ( 0.000000000000000000, 0.000000000000000000, -1.000000000000000000 ) ) ;
#1024 = ORIENTED_EDGE ( 'NONE', *, *, #3661, .T. ) ;
#1025 = CARTESIAN_POINT ( 'NONE',  ( -1.003299999999999859, -1.203999878000000079, -3.810000000000000053 ) ) ;
#1026 = VECTOR ( 'NONE', #2341, 1000.000000000000000 ) ;
#1027 = AXIS2_PLACEMENT_3D ( 'NONE', #1445, #4640, #6331 ) ;
#1028 = CARTESIAN_POINT ( 'NONE',  ( 0.000000000000000000, 0.000000000000000000, -3.810000000000000053 ) ) ;
#1029 = ORIENTED_EDGE ( 'NONE', *, *, #5086, .T. ) ;
#1030 = FACE_OUTER_BOUND ( 'NONE', #922, .T. ) ;
#1031 = ORIENTED_EDGE ( 'NONE', *, *, #5401, .F. ) ;
#1032 = EDGE_CURVE ( 'NONE', #5231, #89, #863, .T. ) ;
#1033 = CARTESIAN_POINT ( 'NONE',  ( -0.5080000000000000071, -0.1397000000000000186, -3.581400000000000361 ) ) ;
#1034 = DIRECTION ( 'NONE',  ( -1.000000000000000000, 0.000000000000000000, 0.000000000000000000 ) ) ;
#1035 = EDGE_LOOP ( 'NONE', ( #5111, #5619, #3704, #2044 ) ) ;
#1036 = DIRECTION ( 'NONE',  ( 0.000000000000000000, 1.000000000000000000, 0.000000000000000000 ) ) ;
#1037 = CIRCLE ( 'NONE', #4995, 0.01270000000000003765 ) ;
#1038 = LINE ( 'NONE', #3292, #3040 ) ;
#1039 = CARTESIAN_POINT ( 'NONE',  ( 1.460499999999999909, -0.7063999999999999169, -0.9317999999999999616 ) ) ;
#1040 = LINE ( 'NONE', #6056, #253 ) ;
#1041 = EDGE_CURVE ( 'NONE', #3909, #3242, #2883, .T. ) ;
#1042 = EDGE_LOOP ( 'NONE', ( #2420, #5849, #6111, #4423 ) ) ;
#1043 = TOROIDAL_SURFACE ( 'NONE', #3510, 0.2666999999999999926, 0.01270000000000000122 ) ;
#1044 = ORIENTED_EDGE ( 'NONE', *, *, #2903, .F. ) ;
#1045 = EDGE_CURVE ( 'NONE', #607, #157, #1691, .T. ) ;
#1046 = ORIENTED_EDGE ( 'NONE', *, *, #1661, .T. ) ;
#1047 = ORIENTED_EDGE ( 'NONE', *, *, #1124, .F. ) ;
#1048 = FACE_OUTER_BOUND ( 'NONE', #6327, .T. ) ;
#1049 = AXIS2_PLACEMENT_3D ( 'NONE', #6420, #5942, #5402 ) ;
#1050 = AXIS2_PLACEMENT_3D ( 'NONE', #957, #3209, #3060 ) ;
#1051 = CIRCLE ( 'NONE', #1968, 0.06350000000000000089 ) ;
#1052 = VERTEX_POINT ( 'NONE', #6478 ) ;
#1053 = CARTESIAN_POINT ( 'NONE',  ( 0.3203999999999999626, -1.722399999999999931, -0.4746000000000000218 ) ) ;
#1054 = CARTESIAN_POINT ( 'NONE',  ( -0.6350000000000000089, 0.1270000000000000018, -3.810000000000000053 ) ) ;
#1055 = CARTESIAN_POINT ( 'NONE',  ( -0.3203999999999999626, -1.369099878000000103, 0.000000000000000000 ) ) ;
#1056 = CIRCLE ( 'NONE', #2349, 0.01270000000000003765 ) ;
#1057 = VECTOR ( 'NONE', #309, 1000.000000000000000 ) ;
#1058 = EDGE_CURVE ( 'NONE', #6646, #6921, #4050, .T. ) ;
#1059 = DIRECTION ( 'NONE',  ( 0.000000000000000000, 0.000000000000000000, -1.000000000000000000 ) ) ;
#1060 = CARTESIAN_POINT ( 'NONE',  ( 0.3203999999999999626, -1.455699999999999772, -0.4872999999999999554 ) ) ;
#1061 = CARTESIAN_POINT ( 'NONE',  ( -0.3103999999999999537, -1.369099878000000103, -1.119600000000000151 ) ) ;
#1062 = ORIENTED_EDGE ( 'NONE', *, *, #3200, .T. ) ;
#1063 = CARTESIAN_POINT ( 'NONE',  ( 1.435099999999999820, -1.747799999999999798, -0.4746000000000000218 ) ) ;
#1064 = CIRCLE ( 'NONE', #5950, 0.01270000000000003765 ) ;
#1065 = DIRECTION ( 'NONE',  ( -1.000000000000000000, 0.000000000000000000, 0.000000000000000000 ) ) ;
#1066 = ORIENTED_EDGE ( 'NONE', *, *, #5299, .F. ) ;
#1067 = EDGE_LOOP ( 'NONE', ( #2681, #6152, #2857, #5133 ) ) ;
#1068 = DIRECTION ( 'NONE',  ( 0.000000000000000000, 0.000000000000000000, -1.000000000000000000 ) ) ;
#1069 = CARTESIAN_POINT ( 'NONE',  ( 1.460170036637274071, -1.307966911730513937, -3.784599999999999742 ) ) ;
#1070 = ORIENTED_EDGE ( 'NONE', *, *, #5018, .F. ) ;
#1071 = VECTOR ( 'NONE', #6605, 1000.000000000000000 ) ;
#1072 = CARTESIAN_POINT ( 'NONE',  ( -1.409914575136357992E-15, 0.1523999999999999799, -0.07619999999999998996 ) ) ;
#1073 = EDGE_CURVE ( 'NONE', #1267, #5381, #5881, .T. ) ;
#1074 = CARTESIAN_POINT ( 'NONE',  ( 1.003299999999999859, -1.747799999999999798, -1.135000000000000009 ) ) ;
#1075 = AXIS2_PLACEMENT_3D ( 'NONE', #2438, #2508, #1405 ) ;
#1076 = DIRECTION ( 'NONE',  ( -1.000000000000000000, 0.000000000000000000, 0.000000000000000000 ) ) ;
#1077 = ORIENTED_EDGE ( 'NONE', *, *, #1255, .T. ) ;
#1078 = ORIENTED_EDGE ( 'NONE', *, *, #1245, .F. ) ;
#1079 = DIRECTION ( 'NONE',  ( 0.000000000000000000, 0.4999999999999997224, -0.8660254037844388186 ) ) ;
#1080 = PRESENTATION_STYLE_ASSIGNMENT (( #6577 ) ) ;
#1081 = LINE ( 'NONE', #1187, #212 ) ;
#1082 = ADVANCED_FACE ( 'NONE', ( #53 ), #5125, .T. ) ;
#1083 = AXIS2_PLACEMENT_3D ( 'NONE', #6982, #5754, #5254 ) ;
#1084 = ORIENTED_EDGE ( 'NONE', *, *, #6379, .T. ) ;
#1085 = CARTESIAN_POINT ( 'NONE',  ( 1.435139177143728739, -0.2985537613609403063, -8.141611604924778893E-17 ) ) ;
#1086 = ORIENTED_EDGE ( 'NONE', *, *, #2597, .F. ) ;
#1087 = CARTESIAN_POINT ( 'NONE',  ( -0.7620000000000000107, 0.1523999999999999799, -3.810000000000000053 ) ) ;
#1088 = CARTESIAN_POINT ( 'NONE',  ( 1.168004769845369939, -0.2933829605333069801, -3.797299999999999898 ) ) ;
#1089 = VECTOR ( 'NONE', #4898, 1000.000000000000000 ) ;
#1090 = EDGE_CURVE ( 'NONE', #6765, #5846, #2868, .T. ) ;
#1091 = CARTESIAN_POINT ( 'NONE',  ( -1.409462824231156159E-15, 0.1270000000000000018, -0.07619999999999998996 ) ) ;
#1092 = VERTEX_POINT ( 'NONE', #5588 ) ;
#1093 = DIRECTION ( 'NONE',  ( 0.000000000000000000, -0.5714285714285730622, -0.8206518066482886287 ) ) ;
#1094 = DIRECTION ( 'NONE',  ( 0.000000000000000000, 0.000000000000000000, 1.000000000000000000 ) ) ;
#1095 = ORIENTED_EDGE ( 'NONE', *, *, #5753, .T. ) ;
#1096 = DIRECTION ( 'NONE',  ( 1.000000000000000000, 0.000000000000000000, 0.000000000000000000 ) ) ;
#1097 = EDGE_CURVE ( 'NONE', #5609, #1101, #2105, .T. ) ;
#1098 = EDGE_CURVE ( 'NONE', #3236, #3736, #2808, .T. ) ;
#1099 = CARTESIAN_POINT ( 'NONE',  ( -1.003299999999999859, -1.203999878000000079, -0.4872999999999999554 ) ) ;
#1100 = EDGE_LOOP ( 'NONE', ( #1371, #463, #690, #4472 ) ) ;
#1101 = VERTEX_POINT ( 'NONE', #1794 ) ;
#1102 = LINE ( 'NONE', #4969, #5504 ) ;
#1103 = CARTESIAN_POINT ( 'NONE',  ( 1.434622314912914032, -1.302017039466691894, 0.000000000000000000 ) ) ;
#1104 = ORIENTED_EDGE ( 'NONE', *, *, #2565, .F. ) ;
#1105 = DIRECTION ( 'NONE',  ( 1.000000000000000000, 0.000000000000000000, 0.000000000000000000 ) ) ;
#1107 = ADVANCED_FACE ( 'NONE', ( #672 ), #3942, .T. ) ;
#1106 = AXIS2_PLACEMENT_3D ( 'NONE', #4544, #6728, #4107 ) ;
#1108 = DIRECTION ( 'NONE',  ( 1.000000000000000000, 7.069077751139511888E-30, -8.968377375298331101E-15 ) ) ;
#1109 = DIRECTION ( 'NONE',  ( 0.06915226812048830274, -0.9976061165679530607, 0.000000000000000000 ) ) ;
#1110 = CARTESIAN_POINT ( 'NONE',  ( -0.8515000000000000346, 0.1270000000000000018, -3.810000000000000053 ) ) ;
#1111 = ADVANCED_FACE ( 'NONE', ( #83 ), #4049, .T. ) ;
#1112 = DIRECTION ( 'NONE',  ( 0.000000000000000000, 0.000000000000000000, 1.000000000000000000 ) ) ;
#1113 = ORIENTED_EDGE ( 'NONE', *, *, #4165, .T. ) ;
#1114 = ORIENTED_EDGE ( 'NONE', *, *, #1129, .F. ) ;
#1115 = FACE_OUTER_BOUND ( 'NONE', #1100, .T. ) ;
#1116 = DIRECTION ( 'NONE',  ( -3.460956073054389902E-16, 1.000000000000000000, 0.000000000000000000 ) ) ;
#1117 = CARTESIAN_POINT ( 'NONE',  ( 1.460170036637274071, -0.2874330882694864919, -0.02540000000730690058 ) ) ;
#1118 = ORIENTED_EDGE ( 'NONE', *, *, #228, .T. ) ;
#1119 = EDGE_CURVE ( 'NONE', #4543, #1882, #6711, .T. ) ;
#1120 = PLANE ( 'NONE',  #6046 ) ;
#1121 = CARTESIAN_POINT ( 'NONE',  ( 1.443759744137817158, -0.2931045653620982239, -3.810000055056546930 ) ) ;
#1122 = CARTESIAN_POINT ( 'NONE',  ( 1.168400000000000105, -0.3120571428571430328, -0.01173366766659974039 ) ) ;
#1123 = DIRECTION ( 'NONE',  ( 0.000000000000000000, 0.000000000000000000, 1.000000000000000000 ) ) ;
#1124 = EDGE_CURVE ( 'NONE', #5324, #5650, #664, .T. ) ;
#1125 = ORIENTED_EDGE ( 'NONE', *, *, #3450, .F. ) ;
#1126 = LINE ( 'NONE', #2782, #3171 ) ;
#1127 = CIRCLE ( 'NONE', #1472, 0.01270000000000003765 ) ;
#1128 = CYLINDRICAL_SURFACE ( 'NONE', #973, 0.01270000000000003765 ) ;
#1129 = EDGE_CURVE ( 'NONE', #6391, #6579, #3129, .T. ) ;
#1130 = EDGE_LOOP ( 'NONE', ( #1543, #6821, #2696, #6769 ) ) ;
#1131 = LINE ( 'NONE', #3322, #757 ) ;
#1132 = CARTESIAN_POINT ( 'NONE',  ( -1.003299999999999859, -0.2183999999999999830, -0.02540000000000000244 ) ) ;
#1133 = ORIENTED_EDGE ( 'NONE', *, *, #686, .F. ) ;
#1134 = CARTESIAN_POINT ( 'NONE',  ( 1.003299999999999859, 0.1270000000000000018, 0.000000000000000000 ) ) ;
#1135 = DIRECTION ( 'NONE',  ( 0.000000000000000000, 0.000000000000000000, 1.000000000000000000 ) ) ;
#1136 = ORIENTED_EDGE ( 'NONE', *, *, #4273, .T. ) ;
#1137 = DIRECTION ( 'NONE',  ( 0.000000000000000000, -1.000000000000000000, 0.000000000000000000 ) ) ;
#1138 = CIRCLE ( 'NONE', #6826, 0.01000000000000002623 ) ;
#1139 = AXIS2_PLACEMENT_3D ( 'NONE', #416, #6546, #4311 ) ;
#1140 = PLANE ( 'NONE',  #2446 ) ;
#1141 = EDGE_CURVE ( 'NONE', #3145, #5509, #4754, .T. ) ;
#1142 = DIRECTION ( 'NONE',  ( 0.000000000000000000, 0.000000000000000000, 1.000000000000000000 ) ) ;
#1143 = ORIENTED_EDGE ( 'NONE', *, *, #6905, .F. ) ;
#1144 = VECTOR ( 'NONE', #5040, 1000.000000000000000 ) ;
#1145 = ORIENTED_EDGE ( 'NONE', *, *, #1325, .F. ) ;
#1146 = VECTOR ( 'NONE', #1547, 1000.000000000000000 ) ;
#1147 = CARTESIAN_POINT ( 'NONE',  ( -0.3203999999999999626, -1.661199878000000130, -0.5000000000000000000 ) ) ;
#1148 = CARTESIAN_POINT ( 'NONE',  ( -1.155699999999999950, -0.2387998779999999932, -1.122300000000000075 ) ) ;
#1149 = CIRCLE ( 'NONE', #5567, 0.01269999999999999948 ) ;
#1150 = CARTESIAN_POINT ( 'NONE',  ( 1.168400000000000105, -0.3556000000000000272, -3.860800000000000232 ) ) ;
#1151 = VERTEX_POINT ( 'NONE', #5052 ) ;
#1152 = DIRECTION ( 'NONE',  ( 0.000000000000000000, -1.000000000000000000, -2.586977266727520463E-16 ) ) ;
#1153 = EDGE_LOOP ( 'NONE', ( #6735, #3085, #5657, #4098 ) ) ;
#1154 = FACE_OUTER_BOUND ( 'NONE', #3674, .T. ) ;
#1155 = CARTESIAN_POINT ( 'NONE',  ( 1.460428945120824107, -1.301155945245889622, -0.01385237520937166247 ) ) ;
#1156 = DIRECTION ( 'NONE',  ( -1.000000000000000000, 0.000000000000000000, 0.000000000000000000 ) ) ;
#1157 = EDGE_CURVE ( 'NONE', #5381, #1856, #6647, .T. ) ;
#1158 = AXIS2_PLACEMENT_3D ( 'NONE', #2450, #3564, #6186 ) ;
#1159 = CARTESIAN_POINT ( 'NONE',  ( -1.460499999999999909, -1.203999878000000079, -0.4746000000000000218 ) ) ;
#1160 = CYLINDRICAL_SURFACE ( 'NONE', #1319, 0.01270000000000003765 ) ;
#1161 = ORIENTED_EDGE ( 'NONE', *, *, #6784, .F. ) ;
#1162 =( NAMED_UNIT ( * ) SI_UNIT ( $, .STERADIAN. ) SOLID_ANGLE_UNIT ( ) );
#1163 = TOROIDAL_SURFACE ( 'NONE', #2579, 0.01540000000000000223, 0.01000000000000000021 ) ;
#1164 = ADVANCED_FACE ( 'NONE', ( #1115 ), #1185, .T. ) ;
#1165 = CARTESIAN_POINT ( 'NONE',  ( -1.460499999999999909, -0.8229998780000009617, -0.4746000000000000218 ) ) ;
#1166 = AXIS2_PLACEMENT_3D ( 'NONE', #1349, #5857, #4212 ) ;
#1167 = VERTEX_POINT ( 'NONE', #5622 ) ;
#1168 = CIRCLE ( 'NONE', #6746, 0.4572000000000000508 ) ;
#1169 = CARTESIAN_POINT ( 'NONE',  ( 1.460499999999999909, -0.3047999999999999599, -3.772811818975499776 ) ) ;
#1170 = LINE ( 'NONE', #6842, #1488 ) ;
#1171 = ORIENTED_EDGE ( 'NONE', *, *, #5712, .F. ) ;
#1172 = DIRECTION ( 'NONE',  ( 0.000000000000000000, -8.435277258399649770E-33, -1.000000000000000000 ) ) ;
#1173 = AXIS2_PLACEMENT_3D ( 'NONE', #1861, #5327, #5369 ) ;
#1174 = CARTESIAN_POINT ( 'NONE',  ( 1.460720273279352721, -1.283849349326650291, -0.01175607709895573096 ) ) ;
#1175 = CIRCLE ( 'NONE', #2939, 0.02540000000000007530 ) ;
#1176 = DIRECTION ( 'NONE',  ( -1.940232950045639978E-16, 1.000000000000000000, 0.000000000000000000 ) ) ;
#1177 = CARTESIAN_POINT ( 'NONE',  ( 1.003299999999999859, -0.1397000000000000186, -3.810000000000000053 ) ) ;
#1178 = ADVANCED_FACE ( 'NONE', ( #2258 ), #2183, .T. ) ;
#1179 = LINE ( 'NONE', #49, #1870 ) ;
#1180 = AXIS2_PLACEMENT_3D ( 'NONE', #6706, #1142, #1076 ) ;
#1181 = VERTEX_POINT ( 'NONE', #6209 ) ;
#1182 = VERTEX_POINT ( 'NONE', #2292 ) ;
#1183 = CARTESIAN_POINT ( 'NONE',  ( 1.168400000000000105, -1.239799999999999791, 0.05080000000000000487 ) ) ;
#1184 = EDGE_CURVE ( 'NONE', #3786, #752, #5084, .T. ) ;
#1185 = CYLINDRICAL_SURFACE ( 'NONE', #2306, 0.01000000000000002623 ) ;
#1186 = CIRCLE ( 'NONE', #3669, 0.02539999999999996774 ) ;
#1187 = CARTESIAN_POINT ( 'NONE',  ( 1.104899999999999993, -1.293128890971450007, -0.003628571428571359531 ) ) ;
#1188 = CARTESIAN_POINT ( 'NONE',  ( 0.000000000000000000, -1.635799878000000041, 0.000000000000000000 ) ) ;
#1189 = ORIENTED_EDGE ( 'NONE', *, *, #3530, .T. ) ;
#1190 = CARTESIAN_POINT ( 'NONE',  ( 0.8515000000000000346, 0.1523999999999999799, -3.784599999999999742 ) ) ;
#1191 = ORIENTED_EDGE ( 'NONE', *, *, #3935, .T. ) ;
#1192 = FACE_OUTER_BOUND ( 'NONE', #749, .T. ) ;
#1193 = DIRECTION ( 'NONE',  ( -0.000000000000000000, -1.000000000000000000, -0.000000000000000000 ) ) ;
#1194 = DIRECTION ( 'NONE',  ( -1.000000000000000000, 0.000000000000000000, 0.000000000000000000 ) ) ;
#1195 = CARTESIAN_POINT ( 'NONE',  ( -0.7620000000000000107, -0.1397000000000000186, -3.797299999999999898 ) ) ;
#1196 = AXIS2_PLACEMENT_3D ( 'NONE', #807, #359, #3051 ) ;
#1197 = ADVANCED_FACE ( 'NONE', ( #1763 ), #1218, .T. ) ;
#1198 = LINE ( 'NONE', #5140, #3408 ) ;
#1199 = DIRECTION ( 'NONE',  ( 0.000000000000000000, 0.000000000000000000, 1.000000000000000000 ) ) ;
#1200 = VERTEX_POINT ( 'NONE', #858 ) ;
#1201 = ADVANCED_FACE ( 'NONE', ( #4709 ), #2957, .T. ) ;
#1202 = DIRECTION ( 'NONE',  ( 8.953414682134259802E-32, -2.586977266727520463E-16, 1.000000000000000000 ) ) ;
#1203 = VERTEX_POINT ( 'NONE', #1974 ) ;
#1204 = DIRECTION ( 'NONE',  ( 0.000000000000000000, 0.000000000000000000, 1.000000000000000000 ) ) ;
#1205 = ORIENTED_EDGE ( 'NONE', *, *, #6005, .T. ) ;
#1206 = CARTESIAN_POINT ( 'NONE',  ( -0.3103999999999999537, -1.366399878000000179, -3.801999999999999602 ) ) ;
#1207 = EDGE_CURVE ( 'NONE', #4873, #5659, #5548, .T. ) ;
#1208 = DIRECTION ( 'NONE',  ( 0.000000000000000000, 0.000000000000000000, -1.000000000000000000 ) ) ;
#1209 = CYLINDRICAL_SURFACE ( 'NONE', #3403, 0.4572000000000000508 ) ;
#1210 = DIRECTION ( 'NONE',  ( 0.000000000000000000, 0.000000000000000000, 1.000000000000000000 ) ) ;
#1211 = DIRECTION ( 'NONE',  ( 0.000000000000000000, 0.000000000000000000, -1.000000000000000000 ) ) ;
#1212 = VERTEX_POINT ( 'NONE', #6897 ) ;
#1213 = AXIS2_PLACEMENT_3D ( 'NONE', #1604, #3856, #2716 ) ;
#1214 = ORIENTED_EDGE ( 'NONE', *, *, #1493, .T. ) ;
#1215 = CARTESIAN_POINT ( 'NONE',  ( 0.3775981461818899709, -0.1523999999999999799, 0.000000000000000000 ) ) ;
#1216 = EDGE_CURVE ( 'NONE', #7106, #3362, #784, .T. ) ;
#1217 = EDGE_CURVE ( 'NONE', #3185, #2441, #5268, .T. ) ;
#1218 = CYLINDRICAL_SURFACE ( 'NONE', #6124, 0.02540000000000000591 ) ;
#1219 = CARTESIAN_POINT ( 'NONE',  ( 0.6476999999999999424, -0.1523999999999999799, -3.797299999999999898 ) ) ;
#1220 = ORIENTED_EDGE ( 'NONE', *, *, #3880, .F. ) ;
#1221 = CARTESIAN_POINT ( 'NONE',  ( -1.003299999999999859, -1.203999878000000079, -0.4746000000000000218 ) ) ;
#1222 = ORIENTED_EDGE ( 'NONE', *, *, #6016, .T. ) ;
#1223 = LINE ( 'NONE', #4023, #2936 ) ;
#1224 = CARTESIAN_POINT ( 'NONE',  ( -1.435099999999999820, -1.203999878000000079, -3.810000000000000053 ) ) ;
#1225 = DIRECTION ( 'NONE',  ( 0.000000000000000000, 1.000000000000000000, 0.000000000000000000 ) ) ;
#1226 = ORIENTED_EDGE ( 'NONE', *, *, #4205, .F. ) ;
#1227 = EDGE_CURVE ( 'NONE', #5625, #113, #1566, .T. ) ;
#1228 = B_SPLINE_CURVE_WITH_KNOTS ( 'NONE', 3,
 ( #3697, #6899, #6398, #3590 ),
 .UNSPECIFIED., .F., .F.,
 ( 4, 4 ),
 ( 2.168404344971009831E-19, 1.416384239958238003E-05 ),
 .UNSPECIFIED. ) ;
#1229 = CARTESIAN_POINT ( 'NONE',  ( -1.460499999999999909, -1.635799878000000041, -0.4746000000000000218 ) ) ;
#1230 = ORIENTED_EDGE ( 'NONE', *, *, #2867, .T. ) ;
#1231 = DIRECTION ( 'NONE',  ( 0.000000000000000000, 0.000000000000000000, -1.000000000000000000 ) ) ;
#1232 = ORIENTED_EDGE ( 'NONE', *, *, #3989, .F. ) ;
#1233 = CYLINDRICAL_SURFACE ( 'NONE', #6693, 0.02540000000000007530 ) ;
#1234 = CIRCLE ( 'NONE', #4295, 0.02540000000000072755 ) ;
#1235 = ORIENTED_EDGE ( 'NONE', *, *, #3074, .F. ) ;
#1236 = DIRECTION ( 'NONE',  ( 0.000000000000000000, 0.000000000000000000, -1.000000000000000000 ) ) ;
#1237 = DIRECTION ( 'NONE',  ( -1.000000000000000000, -1.778546870875169980E-17, 0.000000000000000000 ) ) ;
#1238 = EDGE_LOOP ( 'NONE', ( #5856, #4696, #7095, #4870 ) ) ;
#1239 = DIRECTION ( 'NONE',  ( 1.000000000000000000, 0.000000000000000000, 0.000000000000000000 ) ) ;
#1240 =( BOUNDED_SURFACE ( )  B_SPLINE_SURFACE ( 3, 2, ( 
 ( #5092, #1085, #6752 ),
 ( #1767, #4020, #3348 ),
 ( #5529, #3379, #538 ),
 ( #4495, #3914, #1117 ) ),
 .UNSPECIFIED., .F., .F., .F. ) 
 B_SPLINE_SURFACE_WITH_KNOTS ( ( 4, 4 ),
 ( 3, 3 ),
 ( 0.000000000000000000, 2.059464443636459938E-05 ),
 ( 0.000000000000000000, 1.000000000000000000 ),
 .UNSPECIFIED. ) 
 GEOMETRIC_REPRESENTATION_ITEM ( )  RATIONAL_B_SPLINE_SURFACE ( (
 ( 1.000000000000000000, 0.9259337826927599435, 1.000000000000000000),
 ( 1.000000000000000000, 0.9301895519855960526, 1.000000000000000000),
 ( 1.000000000000000000, 1.006027978328822181, 1.000000000000000000),
 ( 1.000000000000000000, 1.000000000000000000, 1.000000000000000000) ) ) 
 REPRESENTATION_ITEM ( '' )  SURFACE ( )  );
#1241 = CARTESIAN_POINT ( 'NONE',  ( 0.06350000000000000089, 0.1270000000000000018, -3.556000000000000050 ) ) ;
#1242 = CIRCLE ( 'NONE', #550, 0.002700000000000001444 ) ;
#1243 = CARTESIAN_POINT ( 'NONE',  ( 0.7620000000000000107, -0.1523999999999999799, -3.810000000000000053 ) ) ;
#1244 = CYLINDRICAL_SURFACE ( 'NONE', #2585, 0.06350000000000000089 ) ;
#1245 = EDGE_CURVE ( 'NONE', #6531, #5399, #4856, .T. ) ;
#1246 = LINE ( 'NONE', #5836, #240 ) ;
#1248 = ORIENTED_EDGE ( 'NONE', *, *, #3011, .F. ) ;
#1247 = CIRCLE ( 'NONE', #673, 0.4317999999999999616 ) ;
#1249 = ORIENTED_EDGE ( 'NONE', *, *, #5993, .F. ) ;
#1250 = CARTESIAN_POINT ( 'NONE',  ( 1.435099999999999820, -1.277900000000000036, -3.794808864231624668 ) ) ;
#1251 = CARTESIAN_POINT ( 'NONE',  ( 1.435275184952550243, -0.3022536546266315072, -3.806376775596265194 ) ) ;
#1252 = EDGE_CURVE ( 'NONE', #3236, #3093, #2531, .T. ) ;
#1253 = CIRCLE ( 'NONE', #84, 0.1524000000000000077 ) ;
#1254 = CARTESIAN_POINT ( 'NONE',  ( -0.3103999999999999537, -1.366399878000000179, -1.122300000000000075 ) ) ;
#1255 = EDGE_CURVE ( 'NONE', #275, #5380, #3083, .T. ) ;
#1256 = AXIS2_PLACEMENT_3D ( 'NONE', #5739, #2444, #4916 ) ;
#1257 = ORIENTED_EDGE ( 'NONE', *, *, #3483, .T. ) ;
#1258 = CARTESIAN_POINT ( 'NONE',  ( 0.6603999999999999870, 0.1270000000000000018, -3.708400000000000141 ) ) ;
#1259 = EDGE_LOOP ( 'NONE', ( #4942, #2088, #5386, #6231 ) ) ;
#1260 = CARTESIAN_POINT ( 'NONE',  ( -0.7620000000000000107, 0.2388000000000000123, -3.801999999999999602 ) ) ;
#1261 = DIRECTION ( 'NONE',  ( -1.000000000000000000, -1.778546870875169980E-17, 0.000000000000000000 ) ) ;
#1262 = AXIS2_PLACEMENT_3D ( 'NONE', #706, #1283, #5721 ) ;
#1263 = ADVANCED_FACE ( 'NONE', ( #1830 ), #785, .F. ) ;
#1264 = CARTESIAN_POINT ( 'NONE',  ( -0.6350000000000000089, -0.1523999999999999799, -3.797300004527019990 ) ) ;
#1265 = CIRCLE ( 'NONE', #5117, 0.02540000000000000244 ) ;
#1266 = FACE_OUTER_BOUND ( 'NONE', #5725, .T. ) ;
#1267 = VERTEX_POINT ( 'NONE', #5729 ) ;
#1268 = VECTOR ( 'NONE', #6055, 1000.000000000000000 ) ;
#1269 = DIRECTION ( 'NONE',  ( 0.000000000000000000, 1.000000000000000000, 0.000000000000000000 ) ) ;
#1270 = ORIENTED_EDGE ( 'NONE', *, *, #2542, .F. ) ;
#1271 = ADVANCED_FACE ( 'NONE', ( #746 ), #5193, .T. ) ;
#1272 = CIRCLE ( 'NONE', #5168, 0.07619999999999998996 ) ;
#1273 = DIRECTION ( 'NONE',  ( 1.000000000000000000, 0.000000000000000000, 0.000000000000000000 ) ) ;
#1274 = ORIENTED_EDGE ( 'NONE', *, *, #2850, .F. ) ;
#1275 = CARTESIAN_POINT ( 'NONE',  ( 0.8515000000000000346, 0.1523999999999999799, -3.810000000000000053 ) ) ;
#1276 = AXIS2_PLACEMENT_3D ( 'NONE', #3923, #2273, #7082 ) ;
#1277 = CARTESIAN_POINT ( 'NONE',  ( -0.3775981461818899709, 0.1270000000000000018, 6.776263578034400401E-18 ) ) ;
#1278 = ORIENTED_EDGE ( 'NONE', *, *, #3868, .F. ) ;
#1279 = LINE ( 'NONE', #6197, #3532 ) ;
#1280 = VECTOR ( 'NONE', #2452, 1000.000000000000000 ) ;
#1281 = LINE ( 'NONE', #4003, #3042 ) ;
#1282 = AXIS2_PLACEMENT_3D ( 'NONE', #5562, #4991, #4535 ) ;
#1283 = DIRECTION ( 'NONE',  ( 1.000000000000000000, 0.000000000000000000, 0.000000000000000000 ) ) ;
#1284 = ADVANCED_FACE ( 'NONE', ( #6855 ), #1868, .T. ) ;
#1285 = CARTESIAN_POINT ( 'NONE',  ( 1.460170036637044033, -0.2874330882618704730, -3.784599999975430062 ) ) ;
#1286 = FACE_OUTER_BOUND ( 'NONE', #3219, .T. ) ;
#1287 = ORIENTED_EDGE ( 'NONE', *, *, #4182, .F. ) ;
#1288 =( BOUNDED_CURVE ( )  B_SPLINE_CURVE ( 3, ( #6704, #186, #2287, #4075 ),
 .UNSPECIFIED., .F., .T. ) 
 B_SPLINE_CURVE_WITH_KNOTS ( ( 4, 4 ),
 ( 0.000000000000000000, 1.000000000000000000 ),
 .UNSPECIFIED. ) 
 CURVE ( )  GEOMETRIC_REPRESENTATION_ITEM ( )  RATIONAL_B_SPLINE_CURVE ( ( 1.000000000000000000, 1.000006504199549395, 0.9999246743997418641, 0.9999200824169458546 ) ) 
 REPRESENTATION_ITEM ( '' )  );
#1289 = EDGE_LOOP ( 'NONE', ( #414, #5991, #3870, #1084 ) ) ;
#1290 = AXIS2_PLACEMENT_3D ( 'NONE', #3248, #2211, #3830 ) ;
#1291 = DIRECTION ( 'NONE',  ( 1.000000000000000000, 0.000000000000000000, 0.000000000000000000 ) ) ;
#1292 = EDGE_CURVE ( 'NONE', #5659, #890, #6361, .T. ) ;
#1293 = DIRECTION ( 'NONE',  ( 0.000000000000000000, 0.000000000000000000, -1.000000000000000000 ) ) ;
#1294 = CARTESIAN_POINT ( 'NONE',  ( 1.460499999999999909, -0.2969026250533080002, -3.777118221487449912 ) ) ;
#1295 = CIRCLE ( 'NONE', #3190, 0.02540000000000007530 ) ;
#1296 = DIRECTION ( 'NONE',  ( -1.000000000000000000, 0.000000000000000000, 2.371395827833561452E-16 ) ) ;
#1297 = ORIENTED_EDGE ( 'NONE', *, *, #5372, .T. ) ;
#1298 = ORIENTED_EDGE ( 'NONE', *, *, #1394, .T. ) ;
#1299 = LINE ( 'NONE', #3073, #2482 ) ;
#1300 = FACE_OUTER_BOUND ( 'NONE', #4177, .T. ) ;
#1301 = ORIENTED_EDGE ( 'NONE', *, *, #1955, .F. ) ;
#1302 = CARTESIAN_POINT ( 'NONE',  ( -0.3203999999999999626, -1.661199878000000130, -0.4746000000000000218 ) ) ;
#1303 = CARTESIAN_POINT ( 'NONE',  ( 0.6350000000000000089, -0.1523999999999999799, -3.708400000000000141 ) ) ;
#1304 = CIRCLE ( 'NONE', #5151, 0.02539999999999999550 ) ;
#1305 = B_SPLINE_CURVE_WITH_KNOTS ( 'NONE', 3,
 ( #5060, #2229, #1121, #29 ),
 .UNSPECIFIED., .F., .F.,
 ( 4, 4 ),
 ( 0.000000000000000000, 1.000000000000000000 ),
 .UNSPECIFIED. ) ;
#1306 = EDGE_CURVE ( 'NONE', #4638, #6465, #3481, .T. ) ;
#1307 = CARTESIAN_POINT ( 'NONE',  ( 0.6476999999999999424, -0.1397000000000000186, -3.797299999999999898 ) ) ;
#1308 = EDGE_LOOP ( 'NONE', ( #3608, #3193, #6698, #5454, #4372, #3506 ) ) ;
#1309 = VECTOR ( 'NONE', #6841, 1000.000000000000000 ) ;
#1310 = CARTESIAN_POINT ( 'NONE',  ( 1.460170036637324031, -1.307966911730513937, -3.784599999999515241 ) ) ;
#1311 = VERTEX_POINT ( 'NONE', #4800 ) ;
#1312 = CARTESIAN_POINT ( 'NONE',  ( 0.3203999999999999626, -1.455699999999999772, -3.797299999999999898 ) ) ;
#1313 = VERTEX_POINT ( 'NONE', #6995 ) ;
#1314 = ADVANCED_FACE ( 'NONE', ( #447 ), #4642, .T. ) ;
#1315 = EDGE_CURVE ( 'NONE', #5381, #5422, #3716, .T. ) ;
#1316 = CIRCLE ( 'NONE', #262, 0.01270000000000003765 ) ;
#1317 = LINE ( 'NONE', #3048, #6101 ) ;
#1318 = ORIENTED_EDGE ( 'NONE', *, *, #3520, .T. ) ;
#1319 = AXIS2_PLACEMENT_3D ( 'NONE', #5066, #2932, #4030 ) ;
#1320 = FACE_OUTER_BOUND ( 'NONE', #2008, .T. ) ;
#1321 = ADVANCED_FACE ( 'NONE', ( #7061 ), #4379, .T. ) ;
#1322 = DIRECTION ( 'NONE',  ( 0.000000000000000000, -1.000000000000000000, 0.000000000000000000 ) ) ;
#1323 = VERTEX_POINT ( 'NONE', #336 ) ;
#1324 = LINE ( 'NONE', #625, #2472 ) ;
#1325 = EDGE_CURVE ( 'NONE', #6426, #2220, #1234, .T. ) ;
#1326 = DIRECTION ( 'NONE',  ( 0.000000000000000000, 0.000000000000000000, 1.000000000000000000 ) ) ;
#1327 = PRODUCT_DEFINITION_FORMATION_WITH_SPECIFIED_SOURCE ( 'ANY', '', #4877, .NOT_KNOWN. ) ;
#1328 = CARTESIAN_POINT ( 'NONE',  ( 1.451216310948508559, -1.297449508085265268, -4.913533933283381443E-05 ) ) ;
#1329 = CARTESIAN_POINT ( 'NONE',  ( 1.449514868564990122, -0.2929197449092372785, -5.036233775108191143E-08 ) ) ;
#1330 = PRODUCT_DEFINITION ( 'UNKNOWN', '', #5398, #448 ) ;
#1331 = ORIENTED_EDGE ( 'NONE', *, *, #1605, .T. ) ;
#1332 = EDGE_CURVE ( 'NONE', #6908, #3592, #490, .T. ) ;
#1333 = ORIENTED_EDGE ( 'NONE', *, *, #522, .T. ) ;
#1334 = CARTESIAN_POINT ( 'NONE',  ( 0.6603999999999999870, 0.1523999999999999799, -3.708400000000000141 ) ) ;
#1335 = DIRECTION ( 'NONE',  ( -1.332032549587681689E-16, 0.000000000000000000, -1.000000000000000000 ) ) ;
#1336 = ORIENTED_EDGE ( 'NONE', *, *, #5512, .T. ) ;
#1337 = AXIS2_PLACEMENT_3D ( 'NONE', #3528, #103, #3489 ) ;
#1338 = EDGE_CURVE ( 'NONE', #1920, #494, #6815, .T. ) ;
#1339 = ORIENTED_EDGE ( 'NONE', *, *, #2053, .F. ) ;
#1340 = ORIENTED_EDGE ( 'NONE', *, *, #701, .F. ) ;
#1341 = CARTESIAN_POINT ( 'NONE',  ( 1.104899999999999993, -0.3022711090285489788, -3.806371428571429849 ) ) ;
#1342 = FACE_OUTER_BOUND ( 'NONE', #6804, .T. ) ;
#1343 =( GEOMETRIC_REPRESENTATION_CONTEXT ( 3 ) GLOBAL_UNCERTAINTY_ASSIGNED_CONTEXT ( ( #3250 ) ) GLOBAL_UNIT_ASSIGNED_CONTEXT ( ( #4691, #2031, #2522 ) ) REPRESENTATION_CONTEXT ( 'NONE', 'WORKASPACE' ) );
#1344 = PLANE ( 'NONE',  #2194 ) ;
#1345 = DIRECTION ( 'NONE',  ( 1.000000000000000000, 0.000000000000000000, 0.000000000000000000 ) ) ;
#1346 = ADVANCED_FACE ( 'NONE', ( #3799 ), #3464, .F. ) ;
#1347 = DIRECTION ( 'NONE',  ( -3.643403308714970035E-16, 1.000000000000000000, -3.643403308714974965E-16 ) ) ;
#1348 = EDGE_LOOP ( 'NONE', ( #4124, #1836, #5022, #3425 ) ) ;
#1349 = CARTESIAN_POINT ( 'NONE',  ( -0.5080000000000000071, 0.1270000000000000018, -3.556000000000000050 ) ) ;
#1350 = EDGE_LOOP ( 'NONE', ( #1761, #5036, #4092, #4560, #2027, #307, #3458, #2377 ) ) ;
#1351 = DIRECTION ( 'NONE',  ( 1.000000000000000000, 0.000000000000000000, 0.000000000000000000 ) ) ;
#1352 = DIRECTION ( 'NONE',  ( 0.000000000000000000, 0.000000000000000000, 1.000000000000000000 ) ) ;
#1353 = ORIENTED_EDGE ( 'NONE', *, *, #717, .F. ) ;
#1354 = EDGE_CURVE ( 'NONE', #1167, #7163, #546, .T. ) ;
#1355 = AXIS2_PLACEMENT_3D ( 'NONE', #2977, #176, #5573 ) ;
#1356 = DIRECTION ( 'NONE',  ( 1.000000000000000000, 0.000000000000000000, 0.000000000000000000 ) ) ;
#1357 = ORIENTED_EDGE ( 'NONE', *, *, #6922, .F. ) ;
#1358 = DIRECTION ( 'NONE',  ( 3.643403308714970035E-16, -1.000000000000000000, 3.557093741750344889E-16 ) ) ;
#1359 = CARTESIAN_POINT ( 'NONE',  ( -0.3103999999999999537, -1.366399878000000179, -0.01270000000000000122 ) ) ;
#1360 = DIRECTION ( 'NONE',  ( 0.000000000000000000, 0.000000000000000000, -1.000000000000000000 ) ) ;
#1361 = CARTESIAN_POINT ( 'NONE',  ( -1.155699999999999950, -1.443000000000000060, -1.122300000000000075 ) ) ;
#1362 = LINE ( 'NONE', #5156, #3994 ) ;
#1363 = ORIENTED_EDGE ( 'NONE', *, *, #277, .T. ) ;
#1364 = DIRECTION ( 'NONE',  ( -1.000000000000000000, 0.000000000000000000, 0.000000000000000000 ) ) ;
#1365 = ORIENTED_EDGE ( 'NONE', *, *, #7023, .F. ) ;
#1366 = DIRECTION ( 'NONE',  ( 0.000000000000000000, 0.000000000000000000, -1.000000000000000000 ) ) ;
#1367 = AXIS2_PLACEMENT_3D ( 'NONE', #4412, #528, #3905 ) ;
#1368 = EDGE_CURVE ( 'NONE', #1593, #911, #1127, .T. ) ;
#1369 = CIRCLE ( 'NONE', #1818, 0.4317999999999999616 ) ;
#1370 = LINE ( 'NONE', #3627, #4705 ) ;
#1371 = ORIENTED_EDGE ( 'NONE', *, *, #3050, .T. ) ;
#1372 = EDGE_LOOP ( 'NONE', ( #282, #6674, #6564, #6178 ) ) ;
#1373 = CARTESIAN_POINT ( 'NONE',  ( 1.155699999999999950, -1.290599999999999969, 0.008000000000000000167 ) ) ;
#1374 = CIRCLE ( 'NONE', #5101, 0.01270000000000003765 ) ;
#1375 = DIRECTION ( 'NONE',  ( -1.000000000000000000, 0.000000000000000000, 0.000000000000000000 ) ) ;
#1376 = EDGE_CURVE ( 'NONE', #2931, #2555, #423, .T. ) ;
#1377 = CIRCLE ( 'NONE', #3849, 0.002699999999999999709 ) ;
#1378 = ORIENTED_EDGE ( 'NONE', *, *, #6066, .F. ) ;
#1379 = VERTEX_POINT ( 'NONE', #1754 ) ;
#1380 = CARTESIAN_POINT ( 'NONE',  ( 0.2643187023273230185, -0.1397000000000000186, -0.1117599999999999982 ) ) ;
#1381 = VECTOR ( 'NONE', #6269, 1000.000000000000000 ) ;
#1382 = CARTESIAN_POINT ( 'NONE',  ( 1.003299999999999859, -0.3047999999999999599, -0.02540000000000000244 ) ) ;
#1383 = ORIENTED_EDGE ( 'NONE', *, *, #4740, .T. ) ;
#1384 = DIRECTION ( 'NONE',  ( 1.000000000000000000, 0.000000000000000000, 0.000000000000000000 ) ) ;
#1385 = ADVANCED_FACE ( 'NONE', ( #2761 ), #73, .F. ) ;
#1386 = AXIS2_PLACEMENT_3D ( 'NONE', #1403, #6497, #4268 ) ;
#1387 = CARTESIAN_POINT ( 'NONE',  ( -0.3103999999999999537, -1.651199878000000121, -3.784599999999999742 ) ) ;
#1388 = CIRCLE ( 'NONE', #7189, 0.01000000000000002623 ) ;
#1389 = ORIENTED_EDGE ( 'NONE', *, *, #888, .F. ) ;
#1390 = CARTESIAN_POINT ( 'NONE',  ( 1.003299999999999859, -0.3047999999999999599, -3.797299999999999898 ) ) ;
#1391 = EDGE_LOOP ( 'NONE', ( #4269, #5091, #5980, #2367 ) ) ;
#1392 = DIRECTION ( 'NONE',  ( -1.000000000000000000, 0.000000000000000000, 0.000000000000000000 ) ) ;
#1393 = CIRCLE ( 'NONE', #6729, 0.1524000000000000077 ) ;
#1394 = EDGE_CURVE ( 'NONE', #7163, #140, #3376, .T. ) ;
#1395 = AXIS2_PLACEMENT_3D ( 'NONE', #2235, #4470, #6832 ) ;
#1396 = DIRECTION ( 'NONE',  ( 0.000000000000000000, 0.000000000000000000, 1.000000000000000000 ) ) ;
#1397 = ORIENTED_EDGE ( 'NONE', *, *, #6548, .F. ) ;
#1398 = ORIENTED_EDGE ( 'NONE', *, *, #6428, .F. ) ;
#1399 = FACE_OUTER_BOUND ( 'NONE', #1042, .T. ) ;
#1400 = CARTESIAN_POINT ( 'NONE',  ( 0.6476999999999999424, -0.1397000000000000186, -3.797299999999999898 ) ) ;
#1401 = TOROIDAL_SURFACE ( 'NONE', #3301, 0.1650999999999999968, 0.01270000000000000122 ) ;
#1402 = EDGE_CURVE ( 'NONE', #1443, #4854, #3607, .T. ) ;
#1403 = CARTESIAN_POINT ( 'NONE',  ( -0.7620000000000000107, 0.1270000000000000018, -3.784599999999999742 ) ) ;
#1404 = B_SPLINE_CURVE_WITH_KNOTS ( 'NONE', 3,
 ( #805, #5250, #255, #5211 ),
 .UNSPECIFIED., .F., .F.,
 ( 4, 4 ),
 ( 1.315712393564084074E-19, 1.416384239958290011E-05 ),
 .UNSPECIFIED. ) ;
#1405 = DIRECTION ( 'NONE',  ( 0.000000000000000000, -4.742791655667122904E-16, -1.000000000000000000 ) ) ;
#1406 = CIRCLE ( 'NONE', #2934, 0.1651000000000000523 ) ;
#1407 = ORIENTED_EDGE ( 'NONE', *, *, #1119, .F. ) ;
#1408 = ORIENTED_EDGE ( 'NONE', *, *, #4576, .T. ) ;
#1409 = EDGE_CURVE ( 'NONE', #2290, #7107, #3369, .T. ) ;
#1410 = CARTESIAN_POINT ( 'NONE',  ( 1.435099999999999820, -0.3175000000000000044, -3.794808864231624668 ) ) ;
#1411 = DIRECTION ( 'NONE',  ( 0.000000000000000000, 0.000000000000000000, -1.000000000000000000 ) ) ;
#1412 = ADVANCED_FACE ( 'NONE', ( #6123 ), #5439, .T. ) ;
#1413 = CARTESIAN_POINT ( 'NONE',  ( 1.434907879390119989, -0.3068205743329355251, -0.008086118870742309631 ) ) ;
#1414 = AXIS2_PLACEMENT_3D ( 'NONE', #3579, #5114, #5074 ) ;
#1415 = LINE ( 'NONE', #536, #3988 ) ;
#1416 = ORIENTED_EDGE ( 'NONE', *, *, #6548, .T. ) ;
#1417 = FACE_OUTER_BOUND ( 'NONE', #2603, .T. ) ;
#1418 = CARTESIAN_POINT ( 'NONE',  ( 1.460499999999999909, -1.290599999999999969, -3.772811818975499776 ) ) ;
#1419 = ORIENTED_EDGE ( 'NONE', *, *, #6942, .F. ) ;
#1420 = TOROIDAL_SURFACE ( 'NONE', #3323, 0.4317999999999999616, 0.02540000000000000244 ) ;
#1421 = DIRECTION ( 'NONE',  ( 0.000000000000000000, 0.000000000000000000, -1.000000000000000000 ) ) ;
#1422 = ORIENTED_EDGE ( 'NONE', *, *, #3673, .T. ) ;
#1423 = DIRECTION ( 'NONE',  ( 1.000000000000000000, 0.000000000000000000, 0.000000000000000000 ) ) ;
#1424 = EDGE_CURVE ( 'NONE', #1181, #3327, #1935, .T. ) ;
#1425 = DIRECTION ( 'NONE',  ( 0.000000000000000000, 0.000000000000000000, -1.000000000000000000 ) ) ;
#1426 = ORIENTED_EDGE ( 'NONE', *, *, #5785, .F. ) ;
#1427 = AXIS2_PLACEMENT_3D ( 'NONE', #3998, #70, #1812 ) ;
#1428 = LINE ( 'NONE', #4759, #168 ) ;
#1429 = CARTESIAN_POINT ( 'NONE',  ( 1.168400000000000105, -0.3254000000000000226, -0.03809999999999999498 ) ) ;
#1430 = CYLINDRICAL_SURFACE ( 'NONE', #1864, 0.01270000000000003765 ) ;
#1431 = AXIS2_PLACEMENT_3D ( 'NONE', #5436, #3204, #4963 ) ;
#1432 = ORIENTED_EDGE ( 'NONE', *, *, #2299, .T. ) ;
#1433 = ORIENTED_EDGE ( 'NONE', *, *, #1925, .F. ) ;
#1434 = EDGE_CURVE ( 'NONE', #494, #5240, #2797, .T. ) ;
#1435 = VERTEX_POINT ( 'NONE', #3436 ) ;
#1436 = CARTESIAN_POINT ( 'NONE',  ( 0.6476999999999999424, -0.1397000000000000186, -3.797299999999999898 ) ) ;
#1437 = DIRECTION ( 'NONE',  ( 0.000000000000000000, 0.8660254037844322683, 0.5000000000000112133 ) ) ;
#1438 = CARTESIAN_POINT ( 'NONE',  ( -0.7620000000000000107, 0.2134000000000000064, -3.810000000000000053 ) ) ;
#1439 = CARTESIAN_POINT ( 'NONE',  ( 1.434907879388964025, -1.288579425666090073, -0.008086118868824808750 ) ) ;
#1440 = ADVANCED_FACE ( 'NONE', ( #6639 ), #2899, .T. ) ;
#1441 = ORIENTED_EDGE ( 'NONE', *, *, #4786, .T. ) ;
#1442 = ADVANCED_FACE ( 'NONE', ( #6052 ), #2796, .T. ) ;
#1443 = VERTEX_POINT ( 'NONE', #2032 ) ;
#1444 = CARTESIAN_POINT ( 'NONE',  ( 1.168004769845369939, -0.3022711090285489788, -3.806371428571429849 ) ) ;
#1445 = CARTESIAN_POINT ( 'NONE',  ( -1.155699999999999950, -0.8229998780000009617, -0.6777999999999999581 ) ) ;
#1446 = DIRECTION ( 'NONE',  ( 1.000000000000000000, -9.279374978479150332E-18, 0.000000000000000000 ) ) ;
#1447 = TOROIDAL_SURFACE ( 'NONE', #748, 0.1650999999999999968, 0.01270000000000000122 ) ;
#1448 = CARTESIAN_POINT ( 'NONE',  ( -0.3203999999999999626, -1.661199878000000130, -0.02540000000000000244 ) ) ;
#1449 = ORIENTED_EDGE ( 'NONE', *, *, #2903, .T. ) ;
#1450 = ORIENTED_EDGE ( 'NONE', *, *, #2012, .T. ) ;
#1451 = CARTESIAN_POINT ( 'NONE',  ( 0.3203999999999999626, -1.722399999999999931, -0.02540000000000000244 ) ) ;
#1452 = AXIS2_PLACEMENT_3D ( 'NONE', #4185, #290, #1962 ) ;
#1453 = DIRECTION ( 'NONE',  ( 0.9976061165679531717, -0.06915226812048398675, 0.000000000000000000 ) ) ;
#1454 = ADVANCED_FACE ( 'NONE', ( #152 ), #6819, .T. ) ;
#1455 = CARTESIAN_POINT ( 'NONE',  ( -1.460499999999999909, -1.722399999999999931, -1.135000000000000009 ) ) ;
#1456 = VERTEX_POINT ( 'NONE', #115 ) ;
#1457 = DIRECTION ( 'NONE',  ( 0.000000000000000000, 1.000000000000000000, 0.000000000000000000 ) ) ;
#1458 = CARTESIAN_POINT ( 'NONE',  ( 1.460499999999999909, -1.239799999999999791, 0.05080000000000000487 ) ) ;
#1459 = EDGE_LOOP ( 'NONE', ( #6813, #6843, #2142, #5316 ) ) ;
#1460 = FACE_OUTER_BOUND ( 'NONE', #1637, .T. ) ;
#1461 = CARTESIAN_POINT ( 'NONE',  ( 1.155335172164955848, -1.301138805661561815, -3.797299999999999898 ) ) ;
#1462 = DIRECTION ( 'NONE',  ( -1.000000000000000000, 0.000000000000000000, 0.000000000000000000 ) ) ;
#1463 = ORIENTED_EDGE ( 'NONE', *, *, #4110, .T. ) ;
#1464 = FACE_OUTER_BOUND ( 'NONE', #4116, .T. ) ;
#1465 = VERTEX_POINT ( 'NONE', #1359 ) ;
#1466 = CARTESIAN_POINT ( 'NONE',  ( 1.434891839536269753, -1.296765223841791936, -0.001102495098280614327 ) ) ;
#1467 = ORIENTED_EDGE ( 'NONE', *, *, #2741, .T. ) ;
#1468 = CARTESIAN_POINT ( 'NONE',  ( 1.435099999999999820, -0.7063999999999999169, -0.9317999999999999616 ) ) ;
#1469 = DIRECTION ( 'NONE',  ( 0.000000000000000000, 0.6998542122237632057, -0.7142857142857161890 ) ) ;
#1470 = EDGE_CURVE ( 'NONE', #2145, #2010, #426, .T. ) ;
#1471 = FACE_OUTER_BOUND ( 'NONE', #6682, .T. ) ;
#1473 = ORIENTED_EDGE ( 'NONE', *, *, #3614, .T. ) ;
#1472 = AXIS2_PLACEMENT_3D ( 'NONE', #2250, #7175, #5075 ) ;
#1474 = ORIENTED_EDGE ( 'NONE', *, *, #1668, .T. ) ;
#1475 = DIRECTION ( 'NONE',  ( 0.000000000000000000, -1.000000000000000000, 0.000000000000000000 ) ) ;
#1476 = SURFACE_STYLE_FILL_AREA ( #2148 ) ;
#1477 = AXIS2_PLACEMENT_3D ( 'NONE', #95, #2269, #2818 ) ;
#1478 = EDGE_CURVE ( 'NONE', #5715, #842, #6935, .T. ) ;
#1479 = VERTEX_POINT ( 'NONE', #2426 ) ;
#1480 = VECTOR ( 'NONE', #1886, 1000.000000000000000 ) ;
#1481 = CARTESIAN_POINT ( 'NONE',  ( 0.6476999963784679792, 0.1270000000000000018, -3.810000000000000053 ) ) ;
#1482 = CYLINDRICAL_SURFACE ( 'NONE', #909, 0.01270000000000000989 ) ;
#1483 = EDGE_CURVE ( 'NONE', #5902, #3593, #2544, .T. ) ;
#1484 = CARTESIAN_POINT ( 'NONE',  ( -0.7620000000000000107, -0.05330000000000000016, -3.797299999999999898 ) ) ;
#1485 = VECTOR ( 'NONE', #1512, 1000.000000000000000 ) ;
#1486 = CARTESIAN_POINT ( 'NONE',  ( 1.003299999999999859, -0.3047999999999999599, -3.810000000000000053 ) ) ;
#1487 = EDGE_LOOP ( 'NONE', ( #2726, #4559, #744, #3072 ) ) ;
#1488 = VECTOR ( 'NONE', #1322, 1000.000000000000000 ) ;
#1489 = DIRECTION ( 'NONE',  ( 0.000000000000000000, -1.000000000000000000, 0.000000000000000000 ) ) ;
#1490 = DIRECTION ( 'NONE',  ( 0.000000000000000000, -1.000000000000000000, 0.000000000000000000 ) ) ;
#1491 = ORIENTED_EDGE ( 'NONE', *, *, #1784, .F. ) ;
#1492 = CARTESIAN_POINT ( 'NONE',  ( -0.3203999999999999626, -1.369099878000000103, -3.810000000000000053 ) ) ;
#1493 = EDGE_CURVE ( 'NONE', #898, #1810, #663, .T. ) ;
#1494 = CIRCLE ( 'NONE', #6030, 0.01000000000000002623 ) ;
#1495 = EDGE_CURVE ( 'NONE', #2357, #6328, #3612, .T. ) ;
#1496 = FACE_OUTER_BOUND ( 'NONE', #2479, .T. ) ;
#1497 = DIRECTION ( 'NONE',  ( 0.000000000000000000, 0.000000000000000000, -1.000000000000000000 ) ) ;
#1498 = VERTEX_POINT ( 'NONE', #4662 ) ;
#1499 = DIRECTION ( 'NONE',  ( -1.000000000000000000, 0.000000000000000000, 0.000000000000000000 ) ) ;
#1500 = ORIENTED_EDGE ( 'NONE', *, *, #6878, .T. ) ;
#1501 = VECTOR ( 'NONE', #2300, 1000.000000000000000 ) ;
#1502 = VERTEX_POINT ( 'NONE', #2907 ) ;
#1503 = CARTESIAN_POINT ( 'NONE',  ( 1.434948878380283954, -0.2933829605333069801, 0.000000000000000000 ) ) ;
#1504 = EDGE_CURVE ( 'NONE', #2064, #3488, #5681, .T. ) ;
#1505 = DIRECTION ( 'NONE',  ( 0.000000000000000000, 0.000000000000000000, -1.000000000000000000 ) ) ;
#1506 = AXIS2_PLACEMENT_3D ( 'NONE', #170, #2344, #209 ) ;
#1507 = EDGE_CURVE ( 'NONE', #6213, #4070, #2162, .T. ) ;
#1508 = VERTEX_POINT ( 'NONE', #702 ) ;
#1509 = ORIENTED_EDGE ( 'NONE', *, *, #5162, .T. ) ;
#1510 = EDGE_CURVE ( 'NONE', #163, #3202, #6602, .T. ) ;
#1511 = AXIS2_PLACEMENT_3D ( 'NONE', #5926, #3228, #942 ) ;
#1512 = DIRECTION ( 'NONE',  ( 0.000000000000000000, 1.000000000000000000, 0.000000000000000000 ) ) ;
#1513 = CYLINDRICAL_SURFACE ( 'NONE', #559, 0.01270000000000000122 ) ;
#1514 = CIRCLE ( 'NONE', #6629, 0.02540000000000007530 ) ;
#1515 = CIRCLE ( 'NONE', #5586, 0.1905000000000000304 ) ;
#1516 = VERTEX_POINT ( 'NONE', #6807 ) ;
#1517 = DIRECTION ( 'NONE',  ( -1.000000000000000000, 0.000000000000000000, 0.000000000000000000 ) ) ;
#1518 = EDGE_CURVE ( 'NONE', #2572, #2290, #1369, .T. ) ;
#1519 =( BOUNDED_SURFACE ( )  B_SPLINE_SURFACE ( 3, 2, ( 
 ( #1444, #975, #3221 ),
 ( #5424, #1651, #489 ),
 ( #2137, #6089, #445 ),
 ( #4904, #2210, #3829 ) ),
 .UNSPECIFIED., .F., .F., .F. ) 
 B_SPLINE_SURFACE_WITH_KNOTS ( ( 4, 4 ),
 ( 3, 3 ),
 ( -3.388131789017200228E-21, 1.482969670822589945E-05 ),
 ( 0.000000000000000000, 1.000000000000000000 ),
 .UNSPECIFIED. ) 
 GEOMETRIC_REPRESENTATION_ITEM ( )  RATIONAL_B_SPLINE_SURFACE ( (
 ( 1.000000000000000000, 0.7240153679753460469, 1.000000000000000000),
 ( 1.000000000000000000, 0.7178845482528539712, 1.000000000000000000),
 ( 1.000000000000000000, 0.7120912655257219948, 1.000000000000000000),
 ( 1.000000000000000000, 0.7071067811866880159, 1.000000000000000000) ) ) 
 REPRESENTATION_ITEM ( '' )  SURFACE ( )  );
#1520 = CARTESIAN_POINT ( 'NONE',  ( 0.6350000000000000089, 0.1270000000000000018, -3.797299999999999898 ) ) ;
#1521 = CARTESIAN_POINT ( 'NONE',  ( -0.7620000000000000107, 0.2134000000000000064, -0.02540000000000000244 ) ) ;
#1522 = AXIS2_PLACEMENT_3D ( 'NONE', #3904, #1105, #4973 ) ;
#1523 = DIRECTION ( 'NONE',  ( -1.000000000000000000, 0.000000000000000000, 0.000000000000000000 ) ) ;
#1524 = CARTESIAN_POINT ( 'NONE',  ( 1.003299999999999859, -1.290599999999999969, -1.135000000000000009 ) ) ;
#1525 = AXIS2_PLACEMENT_3D ( 'NONE', #3133, #6009, #3690 ) ;
#1526 = DIRECTION ( 'NONE',  ( 1.000000000000000000, 0.000000000000000000, 4.742791655667130792E-16 ) ) ;
#1527 = DIRECTION ( 'NONE',  ( 0.000000000000000000, 0.000000000000000000, 1.000000000000000000 ) ) ;
#1528 = EDGE_CURVE ( 'NONE', #4988, #6069, #3540, .T. ) ;
#1529 = DIRECTION ( 'NONE',  ( -1.000000000000000000, 0.000000000000000000, 0.000000000000000000 ) ) ;
#1530 = EDGE_LOOP ( 'NONE', ( #5158, #2547, #3637, #4804 ) ) ;
#1531 = FACE_OUTER_BOUND ( 'NONE', #5535, .T. ) ;
#1532 = EDGE_CURVE ( 'NONE', #6709, #3803, #811, .T. ) ;
#1533 = AXIS2_PLACEMENT_3D ( 'NONE', #198, #5309, #4051 ) ;
#1534 = DIRECTION ( 'NONE',  ( 0.000000000000000000, -1.000000000000000000, 0.000000000000000000 ) ) ;
#1535 = DIRECTION ( 'NONE',  ( 1.000000000000000000, -8.208677865577710935E-16, 0.000000000000000000 ) ) ;
#1536 = EDGE_LOOP ( 'NONE', ( #5357, #7022, #7020, #7064, #241, #3808, #297, #7058, #3959, #6595, #456, #4968, #1473, #4507, #2997, #5255, #6445, #5081, #7066 ) ) ;
#1537 = EDGE_CURVE ( 'NONE', #2593, #4308, #5661, .T. ) ;
#1538 = CARTESIAN_POINT ( 'NONE',  ( 1.168400000000000105, -1.283342857142856008, -3.798266332333400275 ) ) ;
#1539 = CIRCLE ( 'NONE', #6190, 0.2666999999999999926 ) ;
#1540 = EDGE_LOOP ( 'NONE', ( #1585, #1933, #6874, #4615 ) ) ;
#1541 = DIRECTION ( 'NONE',  ( 0.000000000000000000, 0.000000000000000000, 1.000000000000000000 ) ) ;
#1542 = CARTESIAN_POINT ( 'NONE',  ( 1.434842579221086156, -1.299605338348558403, -0.0001734734911389618271 ) ) ;
#1543 = ORIENTED_EDGE ( 'NONE', *, *, #2401, .T. ) ;
#1544 = DIRECTION ( 'NONE',  ( 0.000000000000000000, 1.000000000000000000, 0.000000000000000000 ) ) ;
#1545 = VECTOR ( 'NONE', #6764, 1000.000000000000000 ) ;
#1546 = DIRECTION ( 'NONE',  ( 0.000000000000000000, 0.000000000000000000, 1.000000000000000000 ) ) ;
#1547 = DIRECTION ( 'NONE',  ( 0.000000000000000000, 0.000000000000000000, -1.000000000000000000 ) ) ;
#1548 = EDGE_CURVE ( 'NONE', #6340, #6531, #314, .T. ) ;
#1549 = ORIENTED_EDGE ( 'NONE', *, *, #1338, .T. ) ;
#1550 = AXIS2_PLACEMENT_3D ( 'NONE', #1132, #1643, #5 ) ;
#1551 = ORIENTED_EDGE ( 'NONE', *, *, #1141, .T. ) ;
#1552 = ORIENTED_EDGE ( 'NONE', *, *, #3180, .T. ) ;
#1553 = DIRECTION ( 'NONE',  ( 0.000000000000000000, -1.000000000000000000, 0.000000000000000000 ) ) ;
#1554 = CARTESIAN_POINT ( 'NONE',  ( 1.434862666486764082, -1.298453479484475981, -3.809489792461449920 ) ) ;
#1555 = EDGE_CURVE ( 'NONE', #6465, #318, #2871, .T. ) ;
#1556 = CARTESIAN_POINT ( 'NONE',  ( -0.3203999999999999626, -1.661199878000000130, -0.02540000000000007530 ) ) ;
#1557 = VERTEX_POINT ( 'NONE', #6476 ) ;
#1558 = LINE ( 'NONE', #2028, #5932 ) ;
#1559 = CARTESIAN_POINT ( 'NONE',  ( 1.460297377937088026, -1.305659847740345825, -3.782269543634134923 ) ) ;
#1560 = DIRECTION ( 'NONE',  ( 1.000000000000000000, 0.000000000000000000, 0.000000000000000000 ) ) ;
#1561 = LINE ( 'NONE', #3813, #4647 ) ;
#1562 = AXIS2_PLACEMENT_3D ( 'NONE', #3974, #2222, #124 ) ;
#1563 = EDGE_CURVE ( 'NONE', #5570, #3626, #4980, .T. ) ;
#1564 = DIRECTION ( 'NONE',  ( 1.000000000000000000, 0.000000000000000000, -8.953414682134259802E-32 ) ) ;
#1565 = AXIS2_PLACEMENT_3D ( 'NONE', #6040, #4895, #395 ) ;
#1566 =( BOUNDED_CURVE ( )  B_SPLINE_CURVE ( 3, ( #2474, #5305, #6285, #1251 ),
 .UNSPECIFIED., .F., .F. ) 
 B_SPLINE_CURVE_WITH_KNOTS ( ( 4, 4 ),
 ( 0.000000000000000000, 1.000000000000000000 ),
 .UNSPECIFIED. ) 
 CURVE ( )  GEOMETRIC_REPRESENTATION_ITEM ( )  RATIONAL_B_SPLINE_CURVE ( ( 1.000000000000000000, 1.000004843562554369, 0.9999439063563685393, 0.9999404867879001513 ) ) 
 REPRESENTATION_ITEM ( '' )  );
#1567 = DIRECTION ( 'NONE',  ( 0.000000000000000000, 0.000000000000000000, -1.000000000000000000 ) ) ;
#1568 = CYLINDRICAL_SURFACE ( 'NONE', #3906, 0.01269999999999998387 ) ;
#1569 = ORIENTED_EDGE ( 'NONE', *, *, #3087, .F. ) ;
#1570 = CARTESIAN_POINT ( 'NONE',  ( 1.460499999999999909, -0.3556000000000000272, -0.05080000000000000487 ) ) ;
#1571 = DIRECTION ( 'NONE',  ( 0.000000000000000000, 0.000000000000000000, -1.000000000000000000 ) ) ;
#1572 = ADVANCED_FACE ( 'NONE', ( #2115 ), #4994, .T. ) ;
#1573 = PLANE ( 'NONE',  #626 ) ;
#1574 = ORIENTED_EDGE ( 'NONE', *, *, #649, .F. ) ;
#1575 = CARTESIAN_POINT ( 'NONE',  ( 0.000000000000000000, 0.2134000000000000064, -3.810000000000000053 ) ) ;
#1576 = ORIENTED_EDGE ( 'NONE', *, *, #4520, .F. ) ;
#1577 = CARTESIAN_POINT ( 'NONE',  ( 1.168400000000000105, -0.3254000000000000226, -0.4872999999999999554 ) ) ;
#1578 = CARTESIAN_POINT ( 'NONE',  ( -1.155699999999999950, -1.455699999999999772, -1.122300000000000075 ) ) ;
#1579 = ORIENTED_EDGE ( 'NONE', *, *, #6200, .F. ) ;
#1580 = DIRECTION ( 'NONE',  ( 1.000000000000000000, 0.000000000000000000, 0.000000000000000000 ) ) ;
#1581 = EDGE_CURVE ( 'NONE', #4149, #6916, #3848, .T. ) ;
#1582 = CARTESIAN_POINT ( 'NONE',  ( 1.168004769845369939, -0.2933829605333069801, -3.797299999999999898 ) ) ;
#1583 = DIRECTION ( 'NONE',  ( -1.000000000000000000, 0.000000000000000000, 0.000000000000000000 ) ) ;
#1584 = DIRECTION ( 'NONE',  ( 0.1333333333333325543, -5.288000010551719987E-16, 0.9910712498212337351 ) ) ;
#1585 = ORIENTED_EDGE ( 'NONE', *, *, #5629, .F. ) ;
#1586 = AXIS2_PLACEMENT_3D ( 'NONE', #6035, #1059, #4430 ) ;
#1587 = ORIENTED_EDGE ( 'NONE', *, *, #3539, .F. ) ;
#1588 = ORIENTED_EDGE ( 'NONE', *, *, #1548, .T. ) ;
#1589 = ORIENTED_EDGE ( 'NONE', *, *, #3868, .T. ) ;
#1590 = CARTESIAN_POINT ( 'NONE',  ( 1.435099999999999820, -0.3047999999999999599, -0.03718818102449890362 ) ) ;
#1591 = EDGE_CURVE ( 'NONE', #4181, #1882, #2744, .T. ) ;
#1592 = DIRECTION ( 'NONE',  ( 1.000000000000000000, 0.000000000000000000, 0.000000000000000000 ) ) ;
#1593 = VERTEX_POINT ( 'NONE', #2669 ) ;
#1594 = CARTESIAN_POINT ( 'NONE',  ( -0.6603999999999999870, 0.1523999999999999799, -3.708400000000000141 ) ) ;
#1595 = CARTESIAN_POINT ( 'NONE',  ( 0.6603999999999999870, 0.1523999999999999799, -3.784599999999999742 ) ) ;
#1596 = CARTESIAN_POINT ( 'NONE',  ( -0.7620000000000000107, 0.1523999999999999799, -3.556000000000000050 ) ) ;
#1597 = VECTOR ( 'NONE', #4237, 1000.000000000000000 ) ;
#1598 = CARTESIAN_POINT ( 'NONE',  ( 1.435099999999999820, -1.239799999999999791, -3.759199999999999875 ) ) ;
#1599 = DIRECTION ( 'NONE',  ( 0.000000000000000000, 0.000000000000000000, -1.000000000000000000 ) ) ;
#1600 = VECTOR ( 'NONE', #4002, 1000.000000000000000 ) ;
#1601 = CARTESIAN_POINT ( 'NONE',  ( 1.435099999999999820, -0.9095999999999999641, -1.135000000000000009 ) ) ;
#1602 = CARTESIAN_POINT ( 'NONE',  ( -0.3103999999999999537, -1.635799878000000041, -0.4746000000000000218 ) ) ;
#1603 = ORIENTED_EDGE ( 'NONE', *, *, #6870, .T. ) ;
#1604 = CARTESIAN_POINT ( 'NONE',  ( 0.3103999999999999537, -1.747799999999999798, -3.810000000000000053 ) ) ;
#1605 = EDGE_CURVE ( 'NONE', #6820, #210, #1242, .T. ) ;
#1606 = AXIS2_PLACEMENT_3D ( 'NONE', #5994, #2023, #417 ) ;
#1607 = CIRCLE ( 'NONE', #6607, 0.01270000000000000122 ) ;
#1608 = CARTESIAN_POINT ( 'NONE',  ( -1.155699999999999950, -0.05330000000000000016, -0.01270000000000000122 ) ) ;
#1609 = ORIENTED_EDGE ( 'NONE', *, *, #484, .T. ) ;
#1610 = VERTEX_POINT ( 'NONE', #6073 ) ;
#1611 = LINE ( 'NONE', #3901, #4928 ) ;
#1612 = FACE_OUTER_BOUND ( 'NONE', #1372, .T. ) ;
#1613 = ORIENTED_EDGE ( 'NONE', *, *, #522, .F. ) ;
#1614 = FACE_OUTER_BOUND ( 'NONE', #2177, .T. ) ;
#1615 = EDGE_CURVE ( 'NONE', #1456, #3010, #5320, .T. ) ;
#1616 = UNCERTAINTY_MEASURE_WITH_UNIT (LENGTH_MEASURE( 1.000000000000000082E-05 ), #5748, 'distance_accuracy_value', 'NONE');
#1617 = DIRECTION ( 'NONE',  ( -1.000000000000000000, -1.940232950045639978E-16, 0.000000000000000000 ) ) ;
#1618 = LINE ( 'NONE', #2215, #1268 ) ;
#1619 = CIRCLE ( 'NONE', #453, 0.01270000000000014520 ) ;
#1620 = ORIENTED_EDGE ( 'NONE', *, *, #2448, .T. ) ;
#1621 = ORIENTED_EDGE ( 'NONE', *, *, #5889, .F. ) ;
#1622 = DIRECTION ( 'NONE',  ( -1.000000000000000000, 0.000000000000000000, 0.000000000000000000 ) ) ;
#1623 = DIRECTION ( 'NONE',  ( 1.255444850029531953E-16, -1.000000000000000000, 0.000000000000000000 ) ) ;
#1624 = AXIS2_PLACEMENT_3D ( 'NONE', #6352, #3465, #1360 ) ;
#1625 = PLANE ( 'NONE',  #3153 ) ;
#1626 = ORIENTED_EDGE ( 'NONE', *, *, #271, .T. ) ;
#1627 = DIRECTION ( 'NONE',  ( 0.000000000000000000, 0.000000000000000000, -1.000000000000000000 ) ) ;
#1628 = EDGE_CURVE ( 'NONE', #4300, #2108, #4362, .T. ) ;
#1629 = CIRCLE ( 'NONE', #1276, 0.02540000000000001978 ) ;
#1630 = EDGE_CURVE ( 'NONE', #1856, #3836, #1561, .T. ) ;
#1631 = ORIENTED_EDGE ( 'NONE', *, *, #3180, .F. ) ;
#1632 = LINE ( 'NONE', #644, #5823 ) ;
#1633 = DIRECTION ( 'NONE',  ( -0.9976061165679530607, -0.06915226812048824723, 0.000000000000000000 ) ) ;
#1634 = CIRCLE ( 'NONE', #6, 0.01270000000000003765 ) ;
#1635 = AXIS2_PLACEMENT_3D ( 'NONE', #2816, #6686, #6618 ) ;
#1636 = FACE_OUTER_BOUND ( 'NONE', #169, .T. ) ;
#1637 = EDGE_LOOP ( 'NONE', ( #879, #97, #1171, #5827 ) ) ;
#1638 = DIRECTION ( 'NONE',  ( 0.000000000000000000, 0.000000000000000000, -1.000000000000000000 ) ) ;
#1639 = DIRECTION ( 'NONE',  ( 0.000000000000000000, -1.000000000000000000, 0.000000000000000000 ) ) ;
#1640 = VERTEX_POINT ( 'NONE', #3316 ) ;
#1641 = DIRECTION ( 'NONE',  ( 0.000000000000000000, 0.000000000000000000, 1.000000000000000000 ) ) ;
#1642 = TOROIDAL_SURFACE ( 'NONE', #1987, 0.002699999999999999709, 0.01000000000000000021 ) ;
#1643 = DIRECTION ( 'NONE',  ( 0.000000000000000000, 0.000000000000000000, 1.000000000000000000 ) ) ;
#1644 = ORIENTED_EDGE ( 'NONE', *, *, #1605, .F. ) ;
#1645 = ORIENTED_EDGE ( 'NONE', *, *, #5672, .F. ) ;
#1646 = CARTESIAN_POINT ( 'NONE',  ( 1.003299999999999859, -1.722399999999999931, -1.135000000000000009 ) ) ;
#1647 = DIRECTION ( 'NONE',  ( 1.000000000000000000, 0.000000000000000000, 0.000000000000000000 ) ) ;
#1648 = VERTEX_POINT ( 'NONE', #1018 ) ;
#1649 = VECTOR ( 'NONE', #1905, 1000.000000000000000 ) ;
#1650 = DIRECTION ( 'NONE',  ( 0.000000000000000000, 0.000000000000000000, -1.000000000000000000 ) ) ;
#1651 = CARTESIAN_POINT ( 'NONE',  ( 1.155942982001384900, -0.3056793675093968932, -3.803079295503058344 ) ) ;
#1652 = CARTESIAN_POINT ( 'NONE',  ( -1.003299999999999859, -1.203999878000000079, -3.797299999999999898 ) ) ;
#1653 = DIRECTION ( 'NONE',  ( 0.000000000000000000, 0.000000000000000000, -1.000000000000000000 ) ) ;
#1654 = AXIS2_PLACEMENT_3D ( 'NONE', #3285, #521, #4939 ) ;
#1655 = EDGE_CURVE ( 'NONE', #5253, #3488, #2311, .T. ) ;
#1656 = FACE_OUTER_BOUND ( 'NONE', #6900, .T. ) ;
#1657 = ORIENTED_EDGE ( 'NONE', *, *, #2071, .T. ) ;
#1658 = ORIENTED_EDGE ( 'NONE', *, *, #5148, .F. ) ;
#1659 = VECTOR ( 'NONE', #5894, 1000.000000000000000 ) ;
#1660 = CARTESIAN_POINT ( 'NONE',  ( 1.460297377937090024, -0.2897401522596840251, -0.02773045636588529483 ) ) ;
#1661 = EDGE_CURVE ( 'NONE', #6908, #3836, #6033, .T. ) ;
#1662 = TOROIDAL_SURFACE ( 'NONE', #2262, 0.1650999999999999968, 0.01270000000000000122 ) ;
#1663 = VERTEX_POINT ( 'NONE', #4428 ) ;
#1664 = FACE_OUTER_BOUND ( 'NONE', #6781, .T. ) ;
#1665 = ORIENTED_EDGE ( 'NONE', *, *, #2492, .T. ) ;
#1666 = DIRECTION ( 'NONE',  ( 1.000000000000000000, 0.000000000000000000, 0.000000000000000000 ) ) ;
#1667 = CYLINDRICAL_SURFACE ( 'NONE', #5206, 0.01270000000000003765 ) ;
#1668 = EDGE_CURVE ( 'NONE', #1182, #1557, #6208, .T. ) ;
#1669 = CARTESIAN_POINT ( 'NONE',  ( -0.3203999999999999626, -1.369099878000000103, -0.4872999999999999554 ) ) ;
#1670 = VERTEX_POINT ( 'NONE', #6620 ) ;
#1671 = DIRECTION ( 'NONE',  ( 0.000000000000000000, 0.000000000000000000, 1.000000000000000000 ) ) ;
#1672 = CARTESIAN_POINT ( 'NONE',  ( 1.155335172164955848, -0.2942611943384370599, -3.797299999999999898 ) ) ;
#1673 = ORIENTED_EDGE ( 'NONE', *, *, #6114, .F. ) ;
#1674 = DIRECTION ( 'NONE',  ( -1.000000000000000000, 0.000000000000000000, 0.000000000000000000 ) ) ;
#1675 = ADVANCED_FACE ( 'NONE', ( #3887 ), #3741, .T. ) ;
#1676 = CIRCLE ( 'NONE', #1452, 0.01270000000000047133 ) ;
#1677 = EDGE_LOOP ( 'NONE', ( #5301, #4436, #5811, #2461 ) ) ;
#1678 = CYLINDRICAL_SURFACE ( 'NONE', #5270, 0.01270000000000003765 ) ;
#1679 = ADVANCED_FACE ( 'NONE', ( #542 ), #7167, .T. ) ;
#1680 = AXIS2_PLACEMENT_3D ( 'NONE', #2493, #355, #2599 ) ;
#1681 = DIRECTION ( 'NONE',  ( 0.000000000000000000, -1.000000000000000000, 0.000000000000000000 ) ) ;
#1682 = ORIENTED_EDGE ( 'NONE', *, *, #3968, .T. ) ;
#1683 = DIRECTION ( 'NONE',  ( -1.000000000000000000, 0.000000000000000000, 0.000000000000000000 ) ) ;
#1684 = DIRECTION ( 'NONE',  ( 0.000000000000000000, -1.000000000000000000, 0.000000000000000000 ) ) ;
#1685 = DIRECTION ( 'NONE',  ( -1.000000000000000000, 0.000000000000000000, 0.000000000000000000 ) ) ;
#1686 = LINE ( 'NONE', #2289, #248 ) ;
#1687 = EDGE_LOOP ( 'NONE', ( #7098, #2620, #5762, #1145 ) ) ;
#1688 = EDGE_LOOP ( 'NONE', ( #6812, #4060, #3116, #3940 ) ) ;
#1689 = EDGE_CURVE ( 'NONE', #6492, #454, #2190, .T. ) ;
#1690 = DIRECTION ( 'NONE',  ( -1.000000000000000000, -0.000000000000000000, -0.000000000000000000 ) ) ;
#1691 = CIRCLE ( 'NONE', #3121, 0.01000000000000002623 ) ;
#1692 = CARTESIAN_POINT ( 'NONE',  ( -1.435099999999999820, -1.203999878000000079, -0.02540000000000000244 ) ) ;
#1693 = CARTESIAN_POINT ( 'NONE',  ( 1.435099999999999820, -0.9095999999999999641, -1.109600000000000142 ) ) ;
#1694 = CIRCLE ( 'NONE', #2642, 0.08890000000000025659 ) ;
#1695 = ORIENTED_EDGE ( 'NONE', *, *, #6128, .F. ) ;
#1696 = CARTESIAN_POINT ( 'NONE',  ( 0.6476999999999999424, -0.1397000000000000186, -3.797299999999999898 ) ) ;
#1697 = CARTESIAN_POINT ( 'NONE',  ( 1.155335172164955848, -1.301138805661561815, -0.01270000000000000122 ) ) ;
#1698 = ADVANCED_FACE ( 'NONE', ( #30 ), #2231, .T. ) ;
#1699 = LINE ( 'NONE', #6109, #2692 ) ;
#1700 = AXIS2_PLACEMENT_3D ( 'NONE', #192, #2437, #4673 ) ;
#1701 = DIRECTION ( 'NONE',  ( -1.778546870875169980E-17, 1.000000000000000000, 2.369082322973049975E-33 ) ) ;
#1702 = ORIENTED_EDGE ( 'NONE', *, *, #4693, .F. ) ;
#1703 = CARTESIAN_POINT ( 'NONE',  ( -1.003299999999999859, -1.203999878000000079, -1.122300000000000075 ) ) ;
#1704 = ADVANCED_FACE ( 'NONE', ( #6688 ), #61, .T. ) ;
#1705 = AXIS2_PLACEMENT_3D ( 'NONE', #6721, #4466, #6655 ) ;
#1706 = DIRECTION ( 'NONE',  ( 1.000000000000000000, 0.000000000000000000, 0.000000000000000000 ) ) ;
#1707 = DIRECTION ( 'NONE',  ( 1.000000000000000000, -1.778546870875169980E-17, 0.000000000000000000 ) ) ;
#1708 = ORIENTED_EDGE ( 'NONE', *, *, #111, .T. ) ;
#1709 = APPLICATION_CONTEXT ( 'automotive_design' ) ;
#1710 = CYLINDRICAL_SURFACE ( 'NONE', #2842, 0.1524000000000000077 ) ;
#1711 = ADVANCED_FACE ( 'NONE', ( #4610 ), #6479, .T. ) ;
#1712 = ADVANCED_FACE ( 'NONE', ( #135 ), #1667, .T. ) ;
#1713 = ORIENTED_EDGE ( 'NONE', *, *, #4693, .T. ) ;
#1714 = CARTESIAN_POINT ( 'NONE',  ( -1.435099999999999820, -1.203999878000000079, -0.5000000000000000000 ) ) ;
#1715 = COLOUR_RGB ( '',0.8980392156862745390, 0.9176470588235293713, 0.9294117647058823817 ) ;
#1716 = CARTESIAN_POINT ( 'NONE',  ( 1.460499999999999909, -1.290599999999999969, -0.03718818102449874402 ) ) ;
#1717 = AXIS2_PLACEMENT_3D ( 'NONE', #5927, #5389, #943 ) ;
#1718 = FACE_OUTER_BOUND ( 'NONE', #3394, .T. ) ;
#1719 = CARTESIAN_POINT ( 'NONE',  ( 1.460342595036168367, -1.303574842172627202, -0.01382705930049012502 ) ) ;
#1720 = EDGE_LOOP ( 'NONE', ( #4254, #4608, #4468, #2221 ) ) ;
#1721 = AXIS2_PLACEMENT_3D ( 'NONE', #3536, #5714, #2981 ) ;
#1722 = EDGE_LOOP ( 'NONE', ( #1827, #4636, #4274, #5604 ) ) ;
#1723 = DIRECTION ( 'NONE',  ( 1.000000000000000000, 0.000000000000000000, 0.000000000000000000 ) ) ;
#1724 = CARTESIAN_POINT ( 'NONE',  ( 1.460301947823016588, -1.304496734120010215, -0.007616295603937740452 ) ) ;
#1725 = ADVANCED_FACE ( 'NONE', ( #3517 ), #3950, .F. ) ;
#1726 = DIRECTION ( 'NONE',  ( -1.940232950045639978E-16, 1.000000000000000000, 0.000000000000000000 ) ) ;
#1727 = DIRECTION ( 'NONE',  ( 0.000000000000000000, -1.000000000000000000, -7.336505842360080658E-15 ) ) ;
#1728 = EDGE_CURVE ( 'NONE', #1557, #4543, #2061, .T. ) ;
#1729 = DIRECTION ( 'NONE',  ( 0.000000000000000000, 0.000000000000000000, -1.000000000000000000 ) ) ;
#1730 = VERTEX_POINT ( 'NONE', #2966 ) ;
#1731 = VECTOR ( 'NONE', #2533, 1000.000000000000000 ) ;
#1732 = DIRECTION ( 'NONE',  ( 0.000000000000000000, 0.000000000000000000, 1.000000000000000000 ) ) ;
#1733 = CARTESIAN_POINT ( 'NONE',  ( -1.003299999999999859, -1.203999878000000079, -3.810000000000000053 ) ) ;
#1734 = CARTESIAN_POINT ( 'NONE',  ( 1.003299999999999859, -1.747799999999999798, -0.4746000000000000218 ) ) ;
#1735 = VECTOR ( 'NONE', #5260, 1000.000000000000000 ) ;
#1736 = CIRCLE ( 'NONE', #110, 0.01270000000000006020 ) ;
#1737 = EDGE_CURVE ( 'NONE', #5138, #4350, #7043, .T. ) ;
#1738 = CARTESIAN_POINT ( 'NONE',  ( 1.460267414060899993, -1.305405211201787985, -3.797746467152235184 ) ) ;
#1739 = CARTESIAN_POINT ( 'NONE',  ( 1.155700000000609906, -0.3010308354541235132, -3.790687272814885045 ) ) ;
#1740 = ORIENTED_EDGE ( 'NONE', *, *, #56, .F. ) ;
#1741 = DIRECTION ( 'NONE',  ( 0.000000000000000000, 0.000000000000000000, -1.000000000000000000 ) ) ;
#1742 = AXIS2_PLACEMENT_3D ( 'NONE', #1770, #4571, #2742 ) ;
#1743 = EDGE_CURVE ( 'NONE', #911, #4441, #3949, .T. ) ;
#1744 = B_SPLINE_CURVE_WITH_KNOTS ( 'NONE', 3,
 ( #2676, #2637, #393, #429 ),
 .UNSPECIFIED., .F., .F.,
 ( 4, 4 ),
 ( 0.000000000000000000, 2.099237268015515014E-05 ),
 .UNSPECIFIED. ) ;
#1745 = CARTESIAN_POINT ( 'NONE',  ( 1.435099999999999820, -0.3556000000000000272, -3.860800000000000232 ) ) ;
#1746 = VECTOR ( 'NONE', #4922, 1000.000000000000000 ) ;
#1747 = ORIENTED_EDGE ( 'NONE', *, *, #6571, .F. ) ;
#1748 = EDGE_CURVE ( 'NONE', #5399, #2931, #2976, .T. ) ;
#1749 = CIRCLE ( 'NONE', #3421, 0.01270000000000000989 ) ;
#1750 = EDGE_CURVE ( 'NONE', #2387, #6668, #2662, .T. ) ;
#1751 = DIRECTION ( 'NONE',  ( 1.000000000000000000, 0.000000000000000000, 0.000000000000000000 ) ) ;
#1752 = ORIENTED_EDGE ( 'NONE', *, *, #2071, .F. ) ;
#1753 = CARTESIAN_POINT ( 'NONE',  ( 1.460170036637142177, -0.2874330882659910102, -3.784600000002909859 ) ) ;
#1754 = CARTESIAN_POINT ( 'NONE',  ( -1.155699999999999950, -1.203999878000000079, -3.797299999999999898 ) ) ;
#1755 = AXIS2_PLACEMENT_3D ( 'NONE', #1072, #1137, #3333 ) ;
#1756 = CARTESIAN_POINT ( 'NONE',  ( 1.168400000000000105, -0.9095999999999999641, -1.122300000000000075 ) ) ;
#1757 = CARTESIAN_POINT ( 'NONE',  ( 1.460429015004790054, -1.301153987653564048, -0.01385239594860969946 ) ) ;
#1758 = DIRECTION ( 'NONE',  ( 0.000000000000000000, 0.000000000000000000, -1.000000000000000000 ) ) ;
#1759 = AXIS2_PLACEMENT_3D ( 'NONE', #6779, #77, #1112 ) ;
#1760 = EDGE_LOOP ( 'NONE', ( #4570, #1086, #624, #6759 ) ) ;
#1761 = ORIENTED_EDGE ( 'NONE', *, *, #2192, .T. ) ;
#1762 = CARTESIAN_POINT ( 'NONE',  ( -1.003299999999999859, -1.369099878000000103, -0.01269999999999965948 ) ) ;
#1763 = FACE_OUTER_BOUND ( 'NONE', #6221, .T. ) ;
#1764 = AXIS2_PLACEMENT_3D ( 'NONE', #4091, #3557, #5735 ) ;
#1765 = CARTESIAN_POINT ( 'NONE',  ( -0.8515000000000000346, -0.1397000000000000186, -3.797299999999999898 ) ) ;
#1766 = EDGE_CURVE ( 'NONE', #6882, #1663, #433, .T. ) ;
#1767 = CARTESIAN_POINT ( 'NONE',  ( 1.449835914287074035, -0.3016755653014729921, -0.003581330730878600453 ) ) ;
#1768 = AXIS2_PLACEMENT_3D ( 'NONE', #6086, #4406, #5480 ) ;
#1769 = ORIENTED_EDGE ( 'NONE', *, *, #3188, .F. ) ;
#1770 = CARTESIAN_POINT ( 'NONE',  ( 0.5080000000000000071, -0.1397000000000000186, -3.708400000000000141 ) ) ;
#1771 = CARTESIAN_POINT ( 'NONE',  ( -0.3203999999999999626, -1.369099878000000103, -1.122300000000000075 ) ) ;
#1772 = DIRECTION ( 'NONE',  ( 0.000000000000000000, 0.000000000000000000, -1.000000000000000000 ) ) ;
#1773 = LINE ( 'NONE', #4171, #4101 ) ;
#1774 = CARTESIAN_POINT ( 'NONE',  ( -1.460499999999999909, -1.661199878000000130, -3.801999999999999602 ) ) ;
#1775 = VERTEX_POINT ( 'NONE', #1734 ) ;
#1776 = DIRECTION ( 'NONE',  ( 0.000000000000000000, 0.000000000000000000, -1.000000000000000000 ) ) ;
#1777 = ORIENTED_EDGE ( 'NONE', *, *, #5143, .F. ) ;
#1778 = ADVANCED_FACE ( 'NONE', ( #3479 ), #3985, .T. ) ;
#1779 = FACE_OUTER_BOUND ( 'NONE', #3448, .T. ) ;
#1780 = EDGE_LOOP ( 'NONE', ( #4982, #5788, #870, #687 ) ) ;
#1781 = DIRECTION ( 'NONE',  ( 0.000000000000000000, 0.000000000000000000, 1.000000000000000000 ) ) ;
#1782 = VERTEX_POINT ( 'NONE', #2892 ) ;
#1783 = DIRECTION ( 'NONE',  ( 0.000000000000000000, 0.000000000000000000, -1.000000000000000000 ) ) ;
#1784 = EDGE_CURVE ( 'NONE', #3145, #140, #683, .T. ) ;
#1785 = EDGE_CURVE ( 'NONE', #2683, #394, #4573, .T. ) ;
#1786 = DIRECTION ( 'NONE',  ( 0.000000000000000000, 0.000000000000000000, -1.000000000000000000 ) ) ;
#1787 = CARTESIAN_POINT ( 'NONE',  ( 1.449835914291690120, -1.293724434698708015, -0.003581330730867260132 ) ) ;
#1788 = CARTESIAN_POINT ( 'NONE',  ( -0.7620000000000000107, 0.2388000000000000123, -0.02540000000000000244 ) ) ;
#1789 = ORIENTED_EDGE ( 'NONE', *, *, #1799, .F. ) ;
#1790 = VECTOR ( 'NONE', #6263, 1000.000000000000000 ) ;
#1791 =( BOUNDED_CURVE ( )  B_SPLINE_CURVE ( 3, ( #2267, #1155, #3417, #2858 ),
 .UNSPECIFIED., .F., .T. ) 
 B_SPLINE_CURVE_WITH_KNOTS ( ( 4, 4 ),
 ( 0.000000000000000000, 1.000000000000000000 ),
 .UNSPECIFIED. ) 
 CURVE ( )  GEOMETRIC_REPRESENTATION_ITEM ( )  RATIONAL_B_SPLINE_CURVE ( ( 1.000000000000000000, 1.000004843562555257, 0.9999439063561369467, 0.9999404867876580116 ) ) 
 REPRESENTATION_ITEM ( '' )  );
#1792 = ORIENTED_EDGE ( 'NONE', *, *, #6760, .T. ) ;
#1793 = LINE ( 'NONE', #1215, #703 ) ;
#1794 = CARTESIAN_POINT ( 'NONE',  ( 1.434622314912914032, -1.302017039466691894, 0.000000000000000000 ) ) ;
#1795 = VERTEX_POINT ( 'NONE', #1945 ) ;
#1796 = CARTESIAN_POINT ( 'NONE',  ( -0.3103999999999999537, -1.635799878000000041, -1.119599999999999929 ) ) ;
#1797 = ORIENTED_EDGE ( 'NONE', *, *, #5883, .T. ) ;
#1798 = CARTESIAN_POINT ( 'NONE',  ( 1.003299999999999859, -0.3047999999999999599, -3.810000000000000053 ) ) ;
#1799 = EDGE_CURVE ( 'NONE', #4937, #5737, #4722, .T. ) ;
#1800 = DIRECTION ( 'NONE',  ( -1.000000000000000000, 0.000000000000000000, 0.000000000000000000 ) ) ;
#1801 = CARTESIAN_POINT ( 'NONE',  ( 1.435099999999999820, -1.239799999999999791, 0.05080000000000000487 ) ) ;
#1802 = AXIS2_PLACEMENT_3D ( 'NONE', #1091, #6585, #5394 ) ;
#1803 = CARTESIAN_POINT ( 'NONE',  ( 1.460374332357265992, -1.302592519647640001, -0.02987644783971734816 ) ) ;
#1804 = DIRECTION ( 'NONE',  ( 0.000000000000000000, 0.000000000000000000, -1.000000000000000000 ) ) ;
#1805 = ORIENTED_EDGE ( 'NONE', *, *, #6440, .T. ) ;
#1806 = ORIENTED_EDGE ( 'NONE', *, *, #3871, .F. ) ;
#1807 = ADVANCED_FACE ( 'NONE', ( #4719 ), #4766, .T. ) ;
#1808 = CARTESIAN_POINT ( 'NONE',  ( -1.155699999999999950, -0.1523999999999999799, -3.810000000000000053 ) ) ;
#1809 = AXIS2_PLACEMENT_3D ( 'NONE', #1400, #6395, #2402 ) ;
#1810 = VERTEX_POINT ( 'NONE', #6299 ) ;
#1811 = EDGE_CURVE ( 'NONE', #1212, #5141, #1374, .T. ) ;
#1812 = DIRECTION ( 'NONE',  ( 0.000000000000000000, 1.000000000000000000, 0.000000000000000000 ) ) ;
#1813 = B_SPLINE_CURVE_WITH_KNOTS ( 'NONE', 3,
 ( #2368, #6240, #4126, #4672, #4632, #6814, #5688, #5620, #4082, #159 ),
 .UNSPECIFIED., .F., .F.,
 ( 4, 3, 3, 4 ),
 ( 7.663617881760439657E-06, 1.118650219589732382E-05, 1.384207527392188735E-05, 1.744279040162860804E-05 ),
 .UNSPECIFIED. ) ;
#1814 = LINE ( 'NONE', #6156, #2914 ) ;
#1815 = VERTEX_POINT ( 'NONE', #4208 ) ;
#1816 = CARTESIAN_POINT ( 'NONE',  ( 1.168400000000000105, -0.9095999999999999641, -0.5000000000000000000 ) ) ;
#1817 = DIRECTION ( 'NONE',  ( 0.000000000000000000, 8.435277258399649770E-33, 1.000000000000000000 ) ) ;
#1818 = AXIS2_PLACEMENT_3D ( 'NONE', #4073, #6274, #3021 ) ;
#1819 = DIRECTION ( 'NONE',  ( 0.000000000000000000, -1.000000000000000000, 0.000000000000000000 ) ) ;
#1820 = FACE_OUTER_BOUND ( 'NONE', #4232, .T. ) ;
#1821 = CARTESIAN_POINT ( 'NONE',  ( -0.6350000000000000089, 0.1270000000000000018, -3.797300007512105058 ) ) ;
#1822 = CARTESIAN_POINT ( 'NONE',  ( 1.409462824231156159E-15, -0.1397000000000000186, -0.3428999999999999826 ) ) ;
#1823 = CARTESIAN_POINT ( 'NONE',  ( -1.155699999999999950, -1.455699999999999772, -0.01270000000000000122 ) ) ;
#1824 = DIRECTION ( 'NONE',  ( -0.000000000000000000, 1.000000000000000000, -0.000000000000000000 ) ) ;
#1825 = ORIENTED_EDGE ( 'NONE', *, *, #5804, .T. ) ;
#1826 = ADVANCED_FACE ( 'NONE', ( #6405 ), #3670, .T. ) ;
#1827 = ORIENTED_EDGE ( 'NONE', *, *, #5968, .T. ) ;
#1828 = CARTESIAN_POINT ( 'NONE',  ( 1.435099999999999820, -1.290599999999999969, -1.135000000000000009 ) ) ;
#1829 = AXIS2_PLACEMENT_3D ( 'NONE', #3516, #6250, #6106 ) ;
#1830 = FACE_OUTER_BOUND ( 'NONE', #2308, .T. ) ;
#1831 = AXIS2_PLACEMENT_3D ( 'NONE', #7120, #6071, #1560 ) ;
#1832 = CARTESIAN_POINT ( 'NONE',  ( 1.460720273279349390, -0.3115506506733458081, -3.798243922901037628 ) ) ;
#1833 = ORIENTED_EDGE ( 'NONE', *, *, #1368, .F. ) ;
#1834 = CARTESIAN_POINT ( 'NONE',  ( 1.155699999999999950, -0.3254000000000000226, -0.4872999999999999554 ) ) ;
#1835 = AXIS2_PLACEMENT_3D ( 'NONE', #1578, #4479, #5446 ) ;
#1836 = ORIENTED_EDGE ( 'NONE', *, *, #7063, .T. ) ;
#1837 = ORIENTED_EDGE ( 'NONE', *, *, #3814, .F. ) ;
#1838 = EDGE_CURVE ( 'NONE', #762, #1465, #311, .T. ) ;
#1839 = ORIENTED_EDGE ( 'NONE', *, *, #4587, .T. ) ;
#1840 = CARTESIAN_POINT ( 'NONE',  ( -0.7620000000000000107, 0.1523999999999999799, -0.02540000000000050204 ) ) ;
#1841 = DIRECTION ( 'NONE',  ( 0.000000000000000000, -1.000000000000000000, -2.371395827833561452E-16 ) ) ;
#1842 = VECTOR ( 'NONE', #338, 1000.000000000000000 ) ;
#1843 = CARTESIAN_POINT ( 'NONE',  ( 0.000000000000000000, -1.661199878000000130, -0.02540000000000000244 ) ) ;
#1844 = EDGE_CURVE ( 'NONE', #2005, #2335, #4682, .T. ) ;
#1845 = AXIS2_PLACEMENT_3D ( 'NONE', #116, #1859, #154 ) ;
#1846 = DIRECTION ( 'NONE',  ( 0.000000000000000000, 0.000000000000000000, -1.000000000000000000 ) ) ;
#1847 = ORIENTED_EDGE ( 'NONE', *, *, #2560, .F. ) ;
#1848 = VECTOR ( 'NONE', #2763, 1000.000000000000000 ) ;
#1849 = FACE_OUTER_BOUND ( 'NONE', #6283, .T. ) ;
#1850 = VERTEX_POINT ( 'NONE', #4248 ) ;
#1851 = DIRECTION ( 'NONE',  ( 1.000000000000000000, 0.000000000000000000, 0.000000000000000000 ) ) ;
#1852 = EDGE_CURVE ( 'NONE', #6069, #5324, #5556, .T. ) ;
#1853 = ORIENTED_EDGE ( 'NONE', *, *, #3584, .F. ) ;
#1854 = CARTESIAN_POINT ( 'NONE',  ( -1.168400000000000105, -0.8229998780000009617, -0.9317999999999999616 ) ) ;
#1855 = AXIS2_PLACEMENT_3D ( 'NONE', #6415, #1423, #4816 ) ;
#1856 = VERTEX_POINT ( 'NONE', #6436 ) ;
#1857 = DIRECTION ( 'NONE',  ( 0.000000000000000000, -1.000000000000000000, 0.000000000000000000 ) ) ;
#1858 = CARTESIAN_POINT ( 'NONE',  ( 1.168004769845369939, -0.3022711090285489788, -3.806371428571429849 ) ) ;
#1859 = DIRECTION ( 'NONE',  ( 0.000000000000000000, -1.000000000000000000, 0.000000000000000000 ) ) ;
#1860 = VECTOR ( 'NONE', #5237, 1000.000000000000000 ) ;
#1861 = CARTESIAN_POINT ( 'NONE',  ( 1.104899999999999993, -1.302017039466691894, -0.01270000000000000122 ) ) ;
#1862 = CARTESIAN_POINT ( 'NONE',  ( 1.155699999999999950, -0.9095999999999999641, -0.4872999999999999554 ) ) ;
#1863 = VERTEX_POINT ( 'NONE', #276 ) ;
#1864 = AXIS2_PLACEMENT_3D ( 'NONE', #6389, #4823, #3687 ) ;
#1865 = ORIENTED_EDGE ( 'NONE', *, *, #3128, .F. ) ;
#1866 = VECTOR ( 'NONE', #2688, 1000.000000000000000 ) ;
#1867 = DIRECTION ( 'NONE',  ( 0.000000000000000000, 1.000000000000000000, 0.000000000000000000 ) ) ;
#1868 = CYLINDRICAL_SURFACE ( 'NONE', #74, 0.01000000000000002623 ) ;
#1869 = ADVANCED_FACE ( 'NONE', ( #6368 ), #3148, .T. ) ;
#1870 = VECTOR ( 'NONE', #5617, 1000.000000000000000 ) ;
#1871 = DIRECTION ( 'NONE',  ( 8.953414682134259802E-32, -2.586977266727520463E-16, 1.000000000000000000 ) ) ;
#1872 = VERTEX_POINT ( 'NONE', #6931 ) ;
#1873 = ORIENTED_EDGE ( 'NONE', *, *, #3968, .F. ) ;
#1874 = LINE ( 'NONE', #238, #5954 ) ;
#1875 = ORIENTED_EDGE ( 'NONE', *, *, #5203, .F. ) ;
#1876 = LINE ( 'NONE', #2964, #1860 ) ;
#1877 = DIRECTION ( 'NONE',  ( 0.000000000000000000, 0.000000000000000000, 1.000000000000000000 ) ) ;
#1878 = CARTESIAN_POINT ( 'NONE',  ( 1.168400000000000105, -1.290599999999999969, -0.5000000000000000000 ) ) ;
#1879 = EDGE_CURVE ( 'NONE', #3049, #2923, #2665, .T. ) ;
#1880 = LINE ( 'NONE', #3519, #2355 ) ;
#1881 = VECTOR ( 'NONE', #6195, 1000.000000000000000 ) ;
#1882 = VERTEX_POINT ( 'NONE', #5313 ) ;
#1883 = FACE_OUTER_BOUND ( 'NONE', #180, .T. ) ;
#1884 = ORIENTED_EDGE ( 'NONE', *, *, #3599, .T. ) ;
#1885 = CARTESIAN_POINT ( 'NONE',  ( -0.7620000000000000107, -0.1397000000000000186, -3.581400000000000361 ) ) ;
#1886 = DIRECTION ( 'NONE',  ( 0.000000000000000000, 1.000000000000000000, 2.586977266727520463E-16 ) ) ;
#1887 = VERTEX_POINT ( 'NONE', #2551 ) ;
#1888 = PRODUCT_CONTEXT ( 'NONE', #6224, 'mechanical' ) ;
#1889 = AXIS2_PLACEMENT_3D ( 'NONE', #616, #691, #1269 ) ;
#1890 = DIRECTION ( 'NONE',  ( 1.000000000000000000, 0.000000000000000000, 0.000000000000000000 ) ) ;
#1891 = VERTEX_POINT ( 'NONE', #1878 ) ;
#1892 = AXIS2_PLACEMENT_3D ( 'NONE', #2274, #7195, #2896 ) ;
#1893 = DIRECTION ( 'NONE',  ( 0.000000000000000000, -1.000000000000000000, 0.000000000000000000 ) ) ;
#1894 = ORIENTED_EDGE ( 'NONE', *, *, #3238, .T. ) ;
#1895 = CARTESIAN_POINT ( 'NONE',  ( 1.168004769845369939, -1.302017039466691894, -3.797299999999999898 ) ) ;
#1896 = ADVANCED_FACE ( 'NONE', ( #4641 ), #3561, .T. ) ;
#1897 = CARTESIAN_POINT ( 'NONE',  ( 0.3203999999999999626, -1.443000000000000060, -3.797299999999999898 ) ) ;
#1898 = CARTESIAN_POINT ( 'NONE',  ( -0.6350000000000000089, 0.1270000000000000018, -3.797299999999999898 ) ) ;
#1899 = ADVANCED_FACE ( 'NONE', ( #6332 ), #1344, .F. ) ;
#1900 = CARTESIAN_POINT ( 'NONE',  ( 1.460267414074619907, -0.2899947887390945112, -3.797746467147505189 ) ) ;
#1901 = ORIENTED_EDGE ( 'NONE', *, *, #2615, .F. ) ;
#1902 = VERTEX_POINT ( 'NONE', #3039 ) ;
#1903 = CARTESIAN_POINT ( 'NONE',  ( 0.8515000000000000346, 0.000000000000000000, -3.810000000000000053 ) ) ;
#1904 = CARTESIAN_POINT ( 'NONE',  ( 1.155699999999999950, -1.290599999999999969, 0.000000000000000000 ) ) ;
#1905 = DIRECTION ( 'NONE',  ( 0.000000000000000000, -1.000000000000000000, -1.286270504829363768E-16 ) ) ;
#1906 = COLOUR_RGB ( '',0.5372549019607842924, 0.3490196078431372362, 0.3372549019607843368 ) ;
#1907 = VERTEX_POINT ( 'NONE', #5239 ) ;
#1908 = EDGE_LOOP ( 'NONE', ( #5818, #3962, #403, #3449 ) ) ;
#1909 = EDGE_CURVE ( 'NONE', #2759, #3075, #7050, .T. ) ;
#1910 = LINE ( 'NONE', #3632, #5016 ) ;
#1911 = LINE ( 'NONE', #1303, #3955 ) ;
#1912 = DIRECTION ( 'NONE',  ( 0.000000000000000000, 1.000000000000000000, 0.000000000000000000 ) ) ;
#1913 = ORIENTED_EDGE ( 'NONE', *, *, #6302, .T. ) ;
#1914 = EDGE_CURVE ( 'NONE', #4026, #89, #2701, .T. ) ;
#1915 = ORIENTED_EDGE ( 'NONE', *, *, #3918, .T. ) ;
#1916 = FACE_OUTER_BOUND ( 'NONE', #3775, .T. ) ;
#1917 = EDGE_CURVE ( 'NONE', #2366, #7035, #6610, .T. ) ;
#1918 = LINE ( 'NONE', #3639, #5582 ) ;
#1919 = DIRECTION ( 'NONE',  ( 1.000000000000000000, -1.778546870875171212E-15, 0.000000000000000000 ) ) ;
#1920 = VERTEX_POINT ( 'NONE', #2738 ) ;
#1921 = APPLICATION_PROTOCOL_DEFINITION ( 'draft international standard', 'automotive_design', 1998, #2517 ) ;
#1922 = CARTESIAN_POINT ( 'NONE',  ( -0.8515000000000000346, -0.1397000000000000186, 1.016439536705160099E-17 ) ) ;
#1923 = EDGE_LOOP ( 'NONE', ( #5164, #516, #3080, #1752 ) ) ;
#1924 = AXIS2_PLACEMENT_3D ( 'NONE', #2277, #5178, #3429 ) ;
#1925 = EDGE_CURVE ( 'NONE', #4675, #1891, #5898, .T. ) ;
#1926 = ORIENTED_EDGE ( 'NONE', *, *, #6248, .T. ) ;
#1927 = CARTESIAN_POINT ( 'NONE',  ( 1.460499999999999909, -0.3047999999999999599, -3.810000000000000053 ) ) ;
#1928 = SPHERICAL_SURFACE ( 'NONE', #477, 0.01270000000000000122 ) ;
#1929 = EDGE_CURVE ( 'NONE', #1863, #1982, #1247, .T. ) ;
#1930 = DIRECTION ( 'NONE',  ( 0.000000000000000000, 0.000000000000000000, -1.000000000000000000 ) ) ;
#1931 = ADVANCED_FACE ( 'NONE', ( #6063 ), #2104, .T. ) ;
#1932 = ORIENTED_EDGE ( 'NONE', *, *, #2265, .T. ) ;
#1933 = ORIENTED_EDGE ( 'NONE', *, *, #1766, .T. ) ;
#1934 = CARTESIAN_POINT ( 'NONE',  ( 1.003299999999999859, -1.290599999999999969, -3.784599999999999742 ) ) ;
#1935 = CIRCLE ( 'NONE', #2895, 0.1269999999999999463 ) ;
#1936 = DIRECTION ( 'NONE',  ( -1.000000000000000000, -0.000000000000000000, -0.000000000000000000 ) ) ;
#1937 = DIRECTION ( 'NONE',  ( 0.000000000000000000, 0.000000000000000000, -1.000000000000000000 ) ) ;
#1938 = EDGE_CURVE ( 'NONE', #3549, #5715, #3223, .T. ) ;
#1939 = AXIS2_PLACEMENT_3D ( 'NONE', #3056, #5184, #6887 ) ;
#1940 = CARTESIAN_POINT ( 'NONE',  ( -1.168400000000000105, -0.2183999999999999830, -4.699420986475280574E-18 ) ) ;
#1941 = EDGE_LOOP ( 'NONE', ( #7031, #5506, #838, #1576 ) ) ;
#1942 = VERTEX_POINT ( 'NONE', #3189 ) ;
#1943 = CARTESIAN_POINT ( 'NONE',  ( 1.435099999999999820, -1.290599999999999969, -0.4746000000000000218 ) ) ;
#1944 = VECTOR ( 'NONE', #1446, 1000.000000000000000 ) ;
#1945 = CARTESIAN_POINT ( 'NONE',  ( 0.3103999999999999537, -1.452999999999999847, -1.122300000000000075 ) ) ;
#1946 = MANIFOLD_SOLID_BREP ( 'NONE', #9 ) ;
#1947 = AXIS2_PLACEMENT_3D ( 'NONE', #5166, #2340, #1800 ) ;
#1948 = EDGE_CURVE ( 'NONE', #3482, #4134, #3264, .T. ) ;
#1949 = ORIENTED_EDGE ( 'NONE', *, *, #5299, .T. ) ;
#1950 = DIRECTION ( 'NONE',  ( 1.000000000000000000, -1.778546870875169980E-17, 0.000000000000000000 ) ) ;
#1951 = VECTOR ( 'NONE', #1681, 1000.000000000000000 ) ;
#1952 = VERTEX_POINT ( 'NONE', #4277 ) ;
#1953 = DIRECTION ( 'NONE',  ( 1.000000000000000000, 0.000000000000000000, 0.000000000000000000 ) ) ;
#1954 = AXIS2_PLACEMENT_3D ( 'NONE', #4484, #3834, #3402 ) ;
#1955 = EDGE_CURVE ( 'NONE', #4026, #1435, #1138, .T. ) ;
#1956 = AXIS2_PLACEMENT_3D ( 'NONE', #529, #2762, #75 ) ;
#1957 = DIRECTION ( 'NONE',  ( 0.000000000000000000, 0.000000000000000000, 1.000000000000000000 ) ) ;
#1958 = ORIENTED_EDGE ( 'NONE', *, *, #6371, .F. ) ;
#1959 = DIRECTION ( 'NONE',  ( -1.000000000000000000, 0.000000000000000000, 0.000000000000000000 ) ) ;
#1960 = CARTESIAN_POINT ( 'NONE',  ( 0.000000000000000000, -1.369099878000000103, -3.810000000000000053 ) ) ;
#1961 = ORIENTED_EDGE ( 'NONE', *, *, #831, .T. ) ;
#1962 = DIRECTION ( 'NONE',  ( 0.000000000000000000, -5.762491861635341735E-14, -1.000000000000000000 ) ) ;
#1963 = ADVANCED_FACE ( 'NONE', ( #6505 ), #3733, .T. ) ;
#1964 = FACE_OUTER_BOUND ( 'NONE', #1459, .T. ) ;
#1965 = EDGE_CURVE ( 'NONE', #7106, #1902, #4354, .T. ) ;
#1966 = CARTESIAN_POINT ( 'NONE',  ( -0.3203999999999999626, -1.366399878000000179, -3.797299999999999898 ) ) ;
#1967 = LINE ( 'NONE', #851, #1731 ) ;
#1968 = AXIS2_PLACEMENT_3D ( 'NONE', #4434, #34, #3387 ) ;
#1969 = CYLINDRICAL_SURFACE ( 'NONE', #2475, 0.1270000000000000018 ) ;
#1970 = ORIENTED_EDGE ( 'NONE', *, *, #2007, .F. ) ;
#1971 = ORIENTED_EDGE ( 'NONE', *, *, #4382, .T. ) ;
#1972 = DIRECTION ( 'NONE',  ( 0.000000000000000000, 0.000000000000000000, -1.000000000000000000 ) ) ;
#1973 = AXIS2_PLACEMENT_3D ( 'NONE', #1451, #1991, #172 ) ;
#1974 = CARTESIAN_POINT ( 'NONE',  ( 0.7620000000000000107, -0.1397000000000000186, -3.810000000000000053 ) ) ;
#1975 = AXIS2_PLACEMENT_3D ( 'NONE', #3777, #5430, #5388 ) ;
#1976 = CLOSED_SHELL ( 'NONE', ( #6139, #3928, #3961, #956, #3995, #7128, #6515, #4712, #4509, #4225, #753, #396, #2536, #6025, #3277, #2175, #2629, #5188, #760, #2898, #2614, #5768, #6785, #5487, #104, #5868, #2766, #2149, #4005, #7030, #6816, #5698, #3262, #1931, #7168, #2413, #5614, #5411, #4567, #5551, #5726, #648, #5897, #5318, #3111, #3427, #1869, #1440, #1826, #5287, #7118, #1698, #5713, #5304, #6985, #4859, #7146, #5656, #6036, #596, #4886, #502, #2583, #6671, #418, #537, #6960, #6161, #3732, #1284, #6272, #5349, #331, #3605, #5358, #2410, #2304, #1963 ) ) ;
#1977 = B_SPLINE_CURVE_WITH_KNOTS ( 'NONE', 3,
 ( #5333, #6992, #2009, #6458, #1466, #3722, #6087, #1542, #591, #1103 ),
 .UNSPECIFIED., .F., .F.,
 ( 4, 3, 3, 4 ),
 ( 7.663617882514478551E-06, 1.118650219441019993E-05, 1.384207527488803515E-05, 1.744279040218594894E-05 ),
 .UNSPECIFIED. ) ;
#1978 = DIRECTION ( 'NONE',  ( -3.460956073054389902E-16, 1.000000000000000000, 0.000000000000000000 ) ) ;
#1979 = CARTESIAN_POINT ( 'NONE',  ( 1.435275184952550243, -1.293146345373368034, -0.003623224403734315053 ) ) ;
#1980 = CARTESIAN_POINT ( 'NONE',  ( -0.7620000000000000107, -0.1523999999999999799, -3.797299999999999898 ) ) ;
#1981 = CIRCLE ( 'NONE', #478, 0.01540000000000000223 ) ;
#1982 = VERTEX_POINT ( 'NONE', #4312 ) ;
#1983 = ORIENTED_EDGE ( 'NONE', *, *, #5064, .T. ) ;
#1984 = CARTESIAN_POINT ( 'NONE',  ( 1.003299999999999859, -1.747799999999999798, -3.784599999999999742 ) ) ;
#1985 = PRODUCT_RELATED_PRODUCT_CATEGORY ( 'part', '', ( #4315 ) ) ;
#1986 = ADVANCED_FACE ( 'NONE', ( #3304 ), #1513, .T. ) ;
#1987 = AXIS2_PLACEMENT_3D ( 'NONE', #6129, #5522, #2843 ) ;
#1988 = DIRECTION ( 'NONE',  ( 1.000000000000000000, 0.000000000000000000, -4.048225898572159948E-16 ) ) ;
#1989 = VECTOR ( 'NONE', #303, 1000.000000000000000 ) ;
#1990 = ORIENTED_EDGE ( 'NONE', *, *, #1090, .F. ) ;
#1991 = DIRECTION ( 'NONE',  ( 1.000000000000000000, 0.000000000000000000, 0.000000000000000000 ) ) ;
#1992 = DIRECTION ( 'NONE',  ( 0.000000000000000000, 0.000000000000000000, 1.000000000000000000 ) ) ;
#1993 = AXIS2_PLACEMENT_3D ( 'NONE', #3106, #2545, #5307 ) ;
#1994 = DIRECTION ( 'NONE',  ( 0.000000000000000000, -1.000000000000000000, 0.000000000000000000 ) ) ;
#1995 = ORIENTED_EDGE ( 'NONE', *, *, #1424, .T. ) ;
#1996 = CYLINDRICAL_SURFACE ( 'NONE', #4557, 0.01000000000000002623 ) ;
#1997 = CARTESIAN_POINT ( 'NONE',  ( 0.000000000000000000, 0.000000000000000000, 0.000000000000000000 ) ) ;
#1998 = ORIENTED_EDGE ( 'NONE', *, *, #2828, .T. ) ;
#1999 = CIRCLE ( 'NONE', #2958, 0.01000000000000002623 ) ;
#2000 = CARTESIAN_POINT ( 'NONE',  ( -1.435099999999999820, -0.08639987800000020757, -0.02540000000000000244 ) ) ;
#2001 = EDGE_CURVE ( 'NONE', #2247, #2572, #4875, .T. ) ;
#2002 = CARTESIAN_POINT ( 'NONE',  ( 0.3103999999999999537, -1.722399999999999931, -0.4746000000000000218 ) ) ;
#2003 = DIRECTION ( 'NONE',  ( -1.940232950045639978E-16, 1.000000000000000000, 0.000000000000000000 ) ) ;
#2004 = AXIS2_PLACEMENT_3D ( 'NONE', #1602, #3892, #4398 ) ;
#2005 = VERTEX_POINT ( 'NONE', #764 ) ;
#2006 = DIRECTION ( 'NONE',  ( 0.000000000000000000, 0.000000000000000000, 1.000000000000000000 ) ) ;
#2007 = EDGE_CURVE ( 'NONE', #1151, #5612, #4213, .T. ) ;
#2008 = EDGE_LOOP ( 'NONE', ( #3169, #3205, #1998, #100 ) ) ;
#2009 = CARTESIAN_POINT ( 'NONE',  ( 1.434921994694839720, -1.294945862817235671, -0.002085218425062918685 ) ) ;
#2010 = VERTEX_POINT ( 'NONE', #4143 ) ;
#2011 = CARTESIAN_POINT ( 'NONE',  ( 0.2517320974545935175, -0.1397000000000000186, -0.1100666666666666044 ) ) ;
#2012 = EDGE_CURVE ( 'NONE', #5491, #2170, #6339, .T. ) ;
#2013 = PRODUCT_DEFINITION_SHAPE ( 'NONE', 'NONE',  #7197 ) ;
#2014 = CARTESIAN_POINT ( 'NONE',  ( 0.3203999999999999626, -1.455699999999999772, -3.797299999999999898 ) ) ;
#2015 = FACE_OUTER_BOUND ( 'NONE', #57, .T. ) ;
#2016 = DIRECTION ( 'NONE',  ( -1.930190020188801460E-48, -1.000000000000000000, -2.586977266727520463E-16 ) ) ;
#2017 = EDGE_CURVE ( 'NONE', #1782, #3309, #5325, .T. ) ;
#2018 = EDGE_LOOP ( 'NONE', ( #2507, #4921, #436, #2496 ) ) ;
#2019 = ORIENTED_EDGE ( 'NONE', *, *, #1434, .F. ) ;
#2020 = CARTESIAN_POINT ( 'NONE',  ( 1.168399822336880112, -0.3085668815938979459, -0.009303361669085290220 ) ) ;
#2021 = DIRECTION ( 'NONE',  ( -1.000000000000000000, 0.000000000000000000, 0.000000000000000000 ) ) ;
#2022 = EDGE_CURVE ( 'NONE', #1782, #4903, #4176, .T. ) ;
#2023 = DIRECTION ( 'NONE',  ( 0.000000000000000000, -0.8660254037844384856, 0.5000000000000003331 ) ) ;
#2024 = ORIENTED_EDGE ( 'NONE', *, *, #1615, .T. ) ;
#2025 = EDGE_CURVE ( 'NONE', #5594, #235, #4427, .T. ) ;
#2026 = AXIS2_PLACEMENT_3D ( 'NONE', #3709, #1890, #4147 ) ;
#2027 = ORIENTED_EDGE ( 'NONE', *, *, #6611, .F. ) ;
#2028 = CARTESIAN_POINT ( 'NONE',  ( -1.155699999999999950, -1.203999878000000079, -3.801999999999999602 ) ) ;
#2029 = AXIS2_PLACEMENT_3D ( 'NONE', #2946, #5152, #2039 ) ;
#2030 = DIRECTION ( 'NONE',  ( 1.000000000000000000, -0.000000000000000000, -0.000000000000000000 ) ) ;
#2031 =( NAMED_UNIT ( * ) PLANE_ANGLE_UNIT ( ) SI_UNIT ( $, .RADIAN. ) );
#2032 = CARTESIAN_POINT ( 'NONE',  ( -0.3203999999999999626, -1.661199878000000130, -1.135000000000000009 ) ) ;
#2033 = CARTESIAN_POINT ( 'NONE',  ( -0.3103999999999999537, -1.369099878000000103, -3.797299999999999898 ) ) ;
#2034 = EDGE_LOOP ( 'NONE', ( #6441, #2768, #2695 ) ) ;
#2035 = CARTESIAN_POINT ( 'NONE',  ( 0.6350000000000000089, -0.1523999999999999799, -3.810000000000000053 ) ) ;
#2036 = CARTESIAN_POINT ( 'NONE',  ( 1.168004769845369939, -1.293128890971450007, -0.003628571428571359531 ) ) ;
#2037 = FACE_OUTER_BOUND ( 'NONE', #4706, .T. ) ;
#2038 = ORIENTED_EDGE ( 'NONE', *, *, #2862, .F. ) ;
#2039 = DIRECTION ( 'NONE',  ( -0.9910712498212336241, 0.000000000000000000, -0.1333333333333323600 ) ) ;
#2040 = EDGE_CURVE ( 'NONE', #726, #275, #4992, .T. ) ;
#2041 = CARTESIAN_POINT ( 'NONE',  ( 1.435099999999999820, -0.3556000000000000272, 0.05080000000000000487 ) ) ;
#2042 = DIRECTION ( 'NONE',  ( 0.000000000000000000, 0.000000000000000000, 1.000000000000000000 ) ) ;
#2043 = VECTOR ( 'NONE', #3459, 1000.000000000000000 ) ;
#2044 = ORIENTED_EDGE ( 'NONE', *, *, #2255, .T. ) ;
#2045 = EDGE_CURVE ( 'NONE', #6630, #3310, #2318, .T. ) ;
#2046 = DIRECTION ( 'NONE',  ( -1.000000000000000000, 0.000000000000000000, 0.000000000000000000 ) ) ;
#2047 = ORIENTED_EDGE ( 'NONE', *, *, #6450, .T. ) ;
#2048 = DIRECTION ( 'NONE',  ( 0.000000000000000000, 1.000000000000000000, 0.000000000000000000 ) ) ;
#2049 = ORIENTED_EDGE ( 'NONE', *, *, #6354, .T. ) ;
#2050 = CYLINDRICAL_SURFACE ( 'NONE', #5366, 0.1524000000000000077 ) ;
#2051 = CARTESIAN_POINT ( 'NONE',  ( -1.168400000000000105, -1.203999878000000079, -4.658681209898650324E-18 ) ) ;
#2052 = CARTESIAN_POINT ( 'NONE',  ( 0.3203999999999999626, -1.443000000000000060, -0.4872999999999999554 ) ) ;
#2053 = EDGE_CURVE ( 'NONE', #1516, #707, #3314, .T. ) ;
#2055 = ORIENTED_EDGE ( 'NONE', *, *, #717, .T. ) ;
#2054 = AXIS2_PLACEMENT_3D ( 'NONE', #4944, #4974, #527 ) ;
#2056 = ORIENTED_EDGE ( 'NONE', *, *, #3509, .T. ) ;
#2057 = FACE_OUTER_BOUND ( 'NONE', #5554, .T. ) ;
#2058 = DIRECTION ( 'NONE',  ( -1.000000000000000000, 0.000000000000000000, 0.000000000000000000 ) ) ;
#2059 = DIRECTION ( 'NONE',  ( -1.000000000000000000, -2.316228024226575243E-47, 8.953414682134259802E-32 ) ) ;
#2060 = EDGE_CURVE ( 'NONE', #52, #2982, #1253, .T. ) ;
#2061 = CIRCLE ( 'NONE', #3022, 0.01270000000000000122 ) ;
#2062 = EDGE_CURVE ( 'NONE', #3667, #210, #4191, .T. ) ;
#2063 = EDGE_LOOP ( 'NONE', ( #3981, #2715, #2128, #1995 ) ) ;
#2064 = VERTEX_POINT ( 'NONE', #3352 ) ;
#2065 = VECTOR ( 'NONE', #7113, 1000.000000000000000 ) ;
#2066 = CARTESIAN_POINT ( 'NONE',  ( 1.168400000000000105, -0.9095999999999999641, -0.6777999999999999581 ) ) ;
#2067 = CYLINDRICAL_SURFACE ( 'NONE', #4684, 0.01000000000000002623 ) ;
#2068 = DIRECTION ( 'NONE',  ( -1.000000000000000000, 0.000000000000000000, 0.000000000000000000 ) ) ;
#2069 = DIRECTION ( 'NONE',  ( 0.000000000000000000, 0.000000000000000000, 1.000000000000000000 ) ) ;
#2070 = TOROIDAL_SURFACE ( 'NONE', #3729, 0.08890000000000000679, 0.01270000000000000122 ) ;
#2071 = EDGE_CURVE ( 'NONE', #1907, #5231, #5904, .T. ) ;
#2072 = CYLINDRICAL_SURFACE ( 'NONE', #4396, 0.02540000000000000244 ) ;
#2073 = VERTEX_POINT ( 'NONE', #3885 ) ;
#2074 = AXIS2_PLACEMENT_3D ( 'NONE', #7152, #6065, #5526 ) ;
#2075 = CARTESIAN_POINT ( 'NONE',  ( -1.155699999999999950, -0.2183999999999999830, -0.01270000000000000122 ) ) ;
#2076 = AXIS2_PLACEMENT_3D ( 'NONE', #16, #6672, #1583 ) ;
#2077 = CARTESIAN_POINT ( 'NONE',  ( -0.6603999999999999870, 0.1270000000000000018, -3.810000000000000053 ) ) ;
#2078 = DIRECTION ( 'NONE',  ( 1.000000000000000000, 0.000000000000000000, 0.000000000000000000 ) ) ;
#2079 = ORIENTED_EDGE ( 'NONE', *, *, #901, .F. ) ;
#2080 = DIRECTION ( 'NONE',  ( 0.000000000000000000, 0.000000000000000000, 1.000000000000000000 ) ) ;
#2081 = EDGE_CURVE ( 'NONE', #1313, #5422, #6582, .T. ) ;
#2082 = CIRCLE ( 'NONE', #215, 0.1651000000000000523 ) ;
#2083 = CARTESIAN_POINT ( 'NONE',  ( -1.168400000000000105, -0.6451998780000010036, -0.6777999999999999581 ) ) ;
#2084 = DIRECTION ( 'NONE',  ( 1.000000000000000000, 0.000000000000000000, 0.000000000000000000 ) ) ;
#2085 = ORIENTED_EDGE ( 'NONE', *, *, #1948, .F. ) ;
#2086 = DIRECTION ( 'NONE',  ( 0.000000000000000000, -1.000000000000000000, 0.000000000000000000 ) ) ;
#2087 = EDGE_CURVE ( 'NONE', #1775, #1052, #541, .T. ) ;
#2088 = ORIENTED_EDGE ( 'NONE', *, *, #228, .F. ) ;
#2089 = CARTESIAN_POINT ( 'NONE',  ( -0.5080000000000000071, -0.1523999999999999799, -3.568700000000000205 ) ) ;
#2090 = AXIS2_PLACEMENT_3D ( 'NONE', #1243, #3058, #3500 ) ;
#2091 = LINE ( 'NONE', #4407, #912 ) ;
#2092 = ORIENTED_EDGE ( 'NONE', *, *, #5910, .T. ) ;
#2093 = CARTESIAN_POINT ( 'NONE',  ( 1.003299999999999859, -1.290599999999999969, -1.135000000000000009 ) ) ;
#2094 = CARTESIAN_POINT ( 'NONE',  ( -1.435099999999999820, -1.203999878000000079, -3.784599999999999742 ) ) ;
#2095 = LINE ( 'NONE', #4347, #1842 ) ;
#2096 = CIRCLE ( 'NONE', #3047, 0.02540000000000000244 ) ;
#2097 = ORIENTED_EDGE ( 'NONE', *, *, #852, .T. ) ;
#2098 = ORIENTED_EDGE ( 'NONE', *, *, #3821, .F. ) ;
#2099 = VECTOR ( 'NONE', #7067, 1000.000000000000000 ) ;
#2100 = ORIENTED_EDGE ( 'NONE', *, *, #5925, .T. ) ;
#2101 = DIRECTION ( 'NONE',  ( -1.000000000000000000, 0.000000000000000000, 0.000000000000000000 ) ) ;
#2102 = VECTOR ( 'NONE', #136, 1000.000000000000000 ) ;
#2103 = EDGE_CURVE ( 'NONE', #7107, #6356, #5330, .T. ) ;
#2104 = PLANE ( 'NONE',  #4868 ) ;
#2105 = B_SPLINE_CURVE_WITH_KNOTS ( 'NONE', 3,
 ( #2369, #1724, #568, #4525 ),
 .UNSPECIFIED., .F., .F.,
 ( 4, 4 ),
 ( 0.000000000000000000, 1.000000000000000000 ),
 .UNSPECIFIED. ) ;
#2106 = AXIS2_PLACEMENT_3D ( 'NONE', #3973, #3265, #1013 ) ;
#2107 = DIRECTION ( 'NONE',  ( 1.000000000000000000, 0.000000000000000000, 0.000000000000000000 ) ) ;
#2108 = VERTEX_POINT ( 'NONE', #4956 ) ;
#2109 = CARTESIAN_POINT ( 'NONE',  ( 1.168249148134614002, -1.290107071573273867, -3.803410662323280178 ) ) ;
#2110 = AXIS2_PLACEMENT_3D ( 'NONE', #6987, #1462, #294 ) ;
#2111 = DIRECTION ( 'NONE',  ( 1.000000000000000000, 0.000000000000000000, 0.000000000000000000 ) ) ;
#2112 = FACE_OUTER_BOUND ( 'NONE', #1035, .T. ) ;
#2113 = AXIS2_PLACEMENT_3D ( 'NONE', #4864, #4741, #3137 ) ;
#2114 = EDGE_CURVE ( 'NONE', #298, #842, #5965, .T. ) ;
#2115 = FACE_OUTER_BOUND ( 'NONE', #2440, .T. ) ;
#2116 = ADVANCED_FACE ( 'NONE', ( #2112 ), #1482, .T. ) ;
#2117 = DIRECTION ( 'NONE',  ( 0.000000000000000000, 0.000000000000000000, -1.000000000000000000 ) ) ;
#2118 = AXIS2_PLACEMENT_3D ( 'NONE', #1823, #6390, #1396 ) ;
#2119 = CARTESIAN_POINT ( 'NONE',  ( -1.003299999999999859, -1.356399878000000170, -1.122300000000000075 ) ) ;
#2120 = DIRECTION ( 'NONE',  ( 1.000000000000000000, 0.000000000000000000, 0.000000000000000000 ) ) ;
#2121 = EDGE_LOOP ( 'NONE', ( #1915, #2126, #4808, #3641 ) ) ;
#2122 = CARTESIAN_POINT ( 'NONE',  ( -0.8515000000000000346, 0.1523999999999999799, -3.810000000000000053 ) ) ;
#2123 = EDGE_CURVE ( 'NONE', #1200, #1311, #7180, .T. ) ;
#2124 = CIRCLE ( 'NONE', #5601, 0.4572000000000000508 ) ;
#2125 = LINE ( 'NONE', #3326, #5354 ) ;
#2126 = ORIENTED_EDGE ( 'NONE', *, *, #1728, .F. ) ;
#2127 = DIRECTION ( 'NONE',  ( -1.000000000000000000, 0.000000000000000000, 0.000000000000000000 ) ) ;
#2128 = ORIENTED_EDGE ( 'NONE', *, *, #6996, .T. ) ;
#2129 = AXIS2_PLACEMENT_3D ( 'NONE', #5561, #2336, #6754 ) ;
#2130 = ORIENTED_EDGE ( 'NONE', *, *, #3650, .F. ) ;
#2131 = CARTESIAN_POINT ( 'NONE',  ( 0.6476999988682708986, -0.1397000000000000186, -3.810000000000000053 ) ) ;
#2132 = EDGE_CURVE ( 'NONE', #2407, #2529, #3269, .T. ) ;
#2133 = CARTESIAN_POINT ( 'NONE',  ( 1.460285180803784444, -1.304932943877925133, -3.789727342309581637 ) ) ;
#2134 = VERTEX_POINT ( 'NONE', #3812 ) ;
#2135 = LINE ( 'NONE', #6568, #6856 ) ;
#2136 = DIRECTION ( 'NONE',  ( -0.000000000000000000, -1.000000000000000000, -0.000000000000000000 ) ) ;
#2137 = CARTESIAN_POINT ( 'NONE',  ( 1.168399822335280058, -0.3085668815937864795, -3.800696638330815613 ) ) ;
#2138 = CARTESIAN_POINT ( 'NONE',  ( -0.7620000000000000107, -0.1523999999999999799, -3.810000000000000053 ) ) ;
#2139 = CARTESIAN_POINT ( 'NONE',  ( 1.104899999999999993, -1.239799999999999791, 0.05080000000000000487 ) ) ;
#2140 = CARTESIAN_POINT ( 'NONE',  ( 0.8515000000000000346, -0.1523999999999999799, -3.810000000000000053 ) ) ;
#2141 = ORIENTED_EDGE ( 'NONE', *, *, #6388, .F. ) ;
#2142 = ORIENTED_EDGE ( 'NONE', *, *, #4190, .T. ) ;
#2143 = AXIS2_PLACEMENT_3D ( 'NONE', #5403, #3858, #400 ) ;
#2144 = ORIENTED_EDGE ( 'NONE', *, *, #6718, .F. ) ;
#2145 = VERTEX_POINT ( 'NONE', #4361 ) ;
#2146 = CARTESIAN_POINT ( 'NONE',  ( 1.155942982001353592, -0.3056793675091976636, -0.006920704496672171017 ) ) ;
#2147 = CARTESIAN_POINT ( 'NONE',  ( -1.003299999999999859, -1.203999878000000079, -0.4872999999999999554 ) ) ;
#2148 = FILL_AREA_STYLE ('',( #4949 ) ) ;
#2149 = ADVANCED_FACE ( 'NONE', ( #3196 ), #386, .T. ) ;
#2150 = ORIENTED_EDGE ( 'NONE', *, *, #1537, .F. ) ;
#2151 = DIRECTION ( 'NONE',  ( -1.000000000000000000, 0.000000000000000000, 0.000000000000000000 ) ) ;
#2152 = DIRECTION ( 'NONE',  ( -0.06915226812048401450, -0.9976061165679532827, 0.000000000000000000 ) ) ;
#2153 = CARTESIAN_POINT ( 'NONE',  ( -0.3103999999999999537, -1.635799878000000041, -0.02540000000000000244 ) ) ;
#2154 = CARTESIAN_POINT ( 'NONE',  ( 1.434907879390119989, -1.288579425667064182, -3.801913881129255213 ) ) ;
#2155 = CARTESIAN_POINT ( 'NONE',  ( -0.5080000000000000071, -0.1397000000000022113, -3.708400000000000141 ) ) ;
#2156 = EDGE_CURVE ( 'NONE', #2247, #4455, #3030, .T. ) ;
#2157 = AXIS2_PLACEMENT_3D ( 'NONE', #2122, #1674, #6527 ) ;
#2158 = LINE ( 'NONE', #4505, #3521 ) ;
#2159 = CYLINDRICAL_SURFACE ( 'NONE', #966, 0.02540000000000001978 ) ;
#2160 = DIRECTION ( 'NONE',  ( 1.000000000000000000, 0.000000000000000000, 0.000000000000000000 ) ) ;
#2161 = ORIENTED_EDGE ( 'NONE', *, *, #1045, .T. ) ;
#2162 = B_SPLINE_CURVE_WITH_KNOTS ( 'NONE', 3,
 ( #5793, #2947, #2392, #1858 ),
 .UNSPECIFIED., .F., .F.,
 ( 4, 4 ),
 ( 5.421010862427519763E-20, 1.271279866894815884E-05 ),
 .UNSPECIFIED. ) ;
#2163 = LINE ( 'NONE', #5000, #4951 ) ;
#2164 = FACE_OUTER_BOUND ( 'NONE', #5321, .T. ) ;
#2165 = ORIENTED_EDGE ( 'NONE', *, *, #6645, .F. ) ;
#2166 = ADVANCED_FACE ( 'NONE', ( #5431 ), #422, .T. ) ;
#2167 = ORIENTED_EDGE ( 'NONE', *, *, #1563, .F. ) ;
#2168 = DIRECTION ( 'NONE',  ( 1.000000000000000000, -9.279374978479150332E-18, 0.000000000000000000 ) ) ;
#2169 = DIRECTION ( 'NONE',  ( 0.000000000000000000, 0.000000000000000000, 1.000000000000000000 ) ) ;
#2170 = VERTEX_POINT ( 'NONE', #5563 ) ;
#2171 = CYLINDRICAL_SURFACE ( 'NONE', #1522, 0.01270000000000003765 ) ;
#2172 = CARTESIAN_POINT ( 'NONE',  ( 1.435099999999999820, -0.3556000000000000272, -0.05080000000000000487 ) ) ;
#2173 = AXIS2_PLACEMENT_3D ( 'NONE', #4929, #3317, #5505 ) ;
#2174 = EDGE_CURVE ( 'NONE', #1, #1502, #2670, .T. ) ;
#2175 = ADVANCED_FACE ( 'NONE', ( #2375 ), #2965, .T. ) ;
#2176 = DIRECTION ( 'NONE',  ( 1.778546870875169980E-17, -1.000000000000000000, -2.369082322973049975E-33 ) ) ;
#2177 = EDGE_LOOP ( 'NONE', ( #4476, #71, #6471 ) ) ;
#2178 = EDGE_LOOP ( 'NONE', ( #1318, #2092, #790, #2432 ) ) ;
#2179 = CARTESIAN_POINT ( 'NONE',  ( 1.155699999999999950, -1.290599999999999969, -1.122300000000000075 ) ) ;
#2180 = DIRECTION ( 'NONE',  ( -1.255444850029531953E-16, 1.000000000000000000, 0.000000000000000000 ) ) ;
#2181 = EDGE_CURVE ( 'NONE', #7106, #2134, #677, .T. ) ;
#2182 = CARTESIAN_POINT ( 'NONE',  ( -1.460499999999999909, -1.203999878000000079, -3.801999999999999602 ) ) ;
#2183 = TOROIDAL_SURFACE ( 'NONE', #3253, 0.2666999999999999926, 0.01270000000000000122 ) ;
#2184 = ORIENTED_EDGE ( 'NONE', *, *, #3650, .T. ) ;
#2185 = ORIENTED_EDGE ( 'NONE', *, *, #5847, .F. ) ;
#2186 = FACE_OUTER_BOUND ( 'NONE', #6088, .T. ) ;
#2187 = DIRECTION ( 'NONE',  ( 0.000000000000000000, 1.000000000000000000, 0.000000000000000000 ) ) ;
#2188 = DIRECTION ( 'NONE',  ( 0.9910712498212334021, -4.268512490100409430E-16, 0.1333333333333341086 ) ) ;
#2189 = CONTEXT_DEPENDENT_SHAPE_REPRESENTATION ( #5348, #2674 ) ;
#2190 = CIRCLE ( 'NONE', #5098, 0.1778000000000000969 ) ;
#2191 = DIRECTION ( 'NONE',  ( 0.000000000000000000, 1.000000000000000000, -0.000000000000000000 ) ) ;
#2192 = EDGE_CURVE ( 'NONE', #4223, #5069, #3453, .T. ) ;
#2193 = DIRECTION ( 'NONE',  ( 0.000000000000000000, 0.000000000000000000, -1.000000000000000000 ) ) ;
#2194 = AXIS2_PLACEMENT_3D ( 'NONE', #5200, #3596, #795 ) ;
#2195 = ORIENTED_EDGE ( 'NONE', *, *, #2485, .F. ) ;
#2196 = DIRECTION ( 'NONE',  ( -0.000000000000000000, -1.000000000000000000, 0.000000000000000000 ) ) ;
#2197 = DIRECTION ( 'NONE',  ( 0.000000000000000000, 1.000000000000000000, 0.000000000000000000 ) ) ;
#2198 = AXIS2_PLACEMENT_3D ( 'NONE', #7004, #2101, #1475 ) ;
#2199 = ORIENTED_EDGE ( 'NONE', *, *, #6385, .T. ) ;
#2200 = CYLINDRICAL_SURFACE ( 'NONE', #2991, 0.02540000000000001978 ) ;
#2201 = VECTOR ( 'NONE', #3778, 1000.000000000000000 ) ;
#2202 = ADVANCED_FACE ( 'NONE', ( #2859 ), #3279, .T. ) ;
#2203 = TOROIDAL_SURFACE ( 'NONE', #5326, 0.01540000000000000223, 0.01000000000000000021 ) ;
#2204 = DIRECTION ( 'NONE',  ( -1.000000000000000000, 0.000000000000000000, 0.000000000000000000 ) ) ;
#2205 = ORIENTED_EDGE ( 'NONE', *, *, #6645, .T. ) ;
#2206 = ORIENTED_EDGE ( 'NONE', *, *, #4469, .F. ) ;
#2207 = DIRECTION ( 'NONE',  ( -1.000000000000000000, 0.000000000000000000, 0.000000000000000000 ) ) ;
#2208 = CYLINDRICAL_SURFACE ( 'NONE', #1835, 0.01270000000000003765 ) ;
#2209 = ORIENTED_EDGE ( 'NONE', *, *, #4960, .T. ) ;
#2210 = CARTESIAN_POINT ( 'NONE',  ( 1.155700000000252636, -0.3120571428570385053, -3.798266332333297690 ) ) ;
#2211 = DIRECTION ( 'NONE',  ( -1.000000000000000000, 2.561107494060244652E-14, 2.487871397961964440E-14 ) ) ;
#2212 = AXIS2_PLACEMENT_3D ( 'NONE', #3863, #2686, #999 ) ;
#2213 = EDGE_CURVE ( 'NONE', #1508, #1267, #2908, .T. ) ;
#2214 = DIRECTION ( 'NONE',  ( -0.04945242545533332090, 0.7134117716486243488, -0.6989979268136323753 ) ) ;
#2215 = CARTESIAN_POINT ( 'NONE',  ( -1.155699999999999950, -1.443000000000000060, -0.4872999999999999554 ) ) ;
#2216 = DIRECTION ( 'NONE',  ( 0.000000000000000000, 0.000000000000000000, 1.000000000000000000 ) ) ;
#2217 = CIRCLE ( 'NONE', #6617, 0.01270000000000000122 ) ;
#2218 = DIRECTION ( 'NONE',  ( -1.000000000000000000, 0.000000000000000000, 0.000000000000000000 ) ) ;
#2219 = VECTOR ( 'NONE', #1937, 1000.000000000000000 ) ;
#2220 = VERTEX_POINT ( 'NONE', #1224 ) ;
#2221 = ORIENTED_EDGE ( 'NONE', *, *, #4837, .F. ) ;
#2222 = DIRECTION ( 'NONE',  ( -1.000000000000000000, 0.000000000000000000, 0.000000000000000000 ) ) ;
#2223 = DIRECTION ( 'NONE',  ( 0.000000000000000000, 0.000000000000000000, -1.000000000000000000 ) ) ;
#2224 = CARTESIAN_POINT ( 'NONE',  ( 1.435099999999999820, -0.9095999999999999641, -0.6777999999999999581 ) ) ;
#2225 = VECTOR ( 'NONE', #1824, 1000.000000000000000 ) ;
#2226 = ORIENTED_EDGE ( 'NONE', *, *, #1217, .F. ) ;
#2227 = EDGE_CURVE ( 'NONE', #6249, #4350, #4986, .T. ) ;
#2228 = DIRECTION ( 'NONE',  ( 0.000000000000000000, 1.000000000000000000, 0.000000000000000000 ) ) ;
#2229 = CARTESIAN_POINT ( 'NONE',  ( 1.460301948364627567, -0.2909032801817604819, -3.802383777270214260 ) ) ;
#2230 = ITEM_DEFINED_TRANSFORMATION ( 'NONE', 'NONE', #398,  #5061 ) ;
#2231 = CYLINDRICAL_SURFACE ( 'NONE', #1020, 0.01270000000000003765 ) ;
#2232 = AXIS2_PLACEMENT_3D ( 'NONE', #2416, #905, #4648 ) ;
#2233 = CIRCLE ( 'NONE', #4108, 0.01000000000000002623 ) ;
#2234 = AXIS2_PLACEMENT_3D ( 'NONE', #2093, #1366, #371 ) ;
#2235 = CARTESIAN_POINT ( 'NONE',  ( 1.168400000000000105, -0.7190999999999999615, -0.9317999999999999616 ) ) ;
#2236 = DIRECTION ( 'NONE',  ( 1.000000000000000000, 0.000000000000000000, 0.000000000000000000 ) ) ;
#2237 = ORIENTED_EDGE ( 'NONE', *, *, #4733, .F. ) ;
#2238 = CYLINDRICAL_SURFACE ( 'NONE', #4271, 0.02540000000000007530 ) ;
#2239 =( BOUNDED_SURFACE ( )  B_SPLINE_SURFACE ( 3, 2, ( 
 ( #6889, #6421, #1898 ),
 ( #4156, #4736, #6919 ),
 ( #6950, #4188, #3654 ),
 ( #5834, #849, #3096 ) ),
 .UNSPECIFIED., .F., .F., .F. ) 
 B_SPLINE_SURFACE_WITH_KNOTS ( ( 4, 4 ),
 ( 3, 3 ),
 ( 6.283185307179590673, 7.853981633974480125 ),
 ( 0.000000000000000000, 1.000000000000000000 ),
 .UNSPECIFIED. ) 
 GEOMETRIC_REPRESENTATION_ITEM ( )  RATIONAL_B_SPLINE_SURFACE ( (
 ( 1.000000000000000000, 0.7071067811865480168, 1.000000000000000000),
 ( 1.000000000000000000, 0.7140287376915800399, 1.000000000000000000),
 ( 1.000000000000000000, 1.020404857352450012, 1.000000000000000000),
 ( 1.000000000000000000, 1.000000000000000000, 1.000000000000000000) ) ) 
 REPRESENTATION_ITEM ( '' )  SURFACE ( )  );
#2240 = AXIS2_PLACEMENT_3D ( 'NONE', #2224, #5131, #1729 ) ;
#2241 = DIRECTION ( 'NONE',  ( 1.000000000000000000, 0.000000000000000000, 0.000000000000000000 ) ) ;
#2242 = ORIENTED_EDGE ( 'NONE', *, *, #3918, .F. ) ;
#2243 = APPLICATION_CONTEXT ( 'automotive_design' ) ;
#2244 = EDGE_CURVE ( 'NONE', #3362, #3256, #4770, .T. ) ;
#2245 = CARTESIAN_POINT ( 'NONE',  ( -1.460499999999999909, 0.1523999999999999799, -3.810000000000000053 ) ) ;
#2246 = DIRECTION ( 'NONE',  ( -1.000000000000000000, 0.000000000000000000, 0.000000000000000000 ) ) ;
#2247 = VERTEX_POINT ( 'NONE', #5597 ) ;
#2248 = CIRCLE ( 'NONE', #2718, 0.01270000000000003765 ) ;
#2249 = LINE ( 'NONE', #5520, #3306 ) ;
#2250 = CARTESIAN_POINT ( 'NONE',  ( 0.3203999999999999626, -1.455699999999999772, -1.122300000000000075 ) ) ;
#2251 = CARTESIAN_POINT ( 'NONE',  ( -1.155699999999999950, -0.2387998779999999932, -3.801999999999999602 ) ) ;
#2252 = AXIS2_PLACEMENT_3D ( 'NONE', #1854, #2832, #6117 ) ;
#2253 = DIRECTION ( 'NONE',  ( 0.000000000000000000, -1.173840934777529349E-13, -1.000000000000000000 ) ) ;
#2254 = ORIENTED_EDGE ( 'NONE', *, *, #968, .T. ) ;
#2255 = EDGE_CURVE ( 'NONE', #2010, #2831, #4054, .T. ) ;
#2256 = ORIENTED_EDGE ( 'NONE', *, *, #6896, .F. ) ;
#2257 = TOROIDAL_SURFACE ( 'NONE', #500, 0.1650999999999999968, 0.01270000000000000122 ) ;
#2258 = FACE_OUTER_BOUND ( 'NONE', #6018, .T. ) ;
#2259 = DIRECTION ( 'NONE',  ( 0.000000000000000000, 0.000000000000000000, 1.000000000000000000 ) ) ;
#2260 = DIRECTION ( 'NONE',  ( 1.000000000000000000, 0.000000000000000000, 0.000000000000000000 ) ) ;
#2261 = DIRECTION ( 'NONE',  ( 0.000000000000000000, 0.000000000000000000, -1.000000000000000000 ) ) ;
#2262 = AXIS2_PLACEMENT_3D ( 'NONE', #6187, #2307, #6222 ) ;
#2263 = ORIENTED_EDGE ( 'NONE', *, *, #354, .T. ) ;
#2264 = DIRECTION ( 'NONE',  ( 8.953414682134259802E-32, -2.586977266727520463E-16, 1.000000000000000000 ) ) ;
#2265 = EDGE_CURVE ( 'NONE', #5625, #6921, #1305, .T. ) ;
#2266 = VERTEX_POINT ( 'NONE', #4499 ) ;
#2267 = CARTESIAN_POINT ( 'NONE',  ( 1.460170036637140178, -1.307966911734010251, -0.02540000000000000244 ) ) ;
#2268 = DIRECTION ( 'NONE',  ( 0.000000000000000000, 0.000000000000000000, 1.000000000000000000 ) ) ;
#2269 = DIRECTION ( 'NONE',  ( 0.000000000000000000, 0.000000000000000000, 1.000000000000000000 ) ) ;
#2270 = CARTESIAN_POINT ( 'NONE',  ( 1.003299999999999859, -1.722399999999999931, 0.000000000000000000 ) ) ;
#2271 = EDGE_CURVE ( 'NONE', #4455, #2335, #2302, .T. ) ;
#2272 = EDGE_CURVE ( 'NONE', #2961, #1663, #7052, .T. ) ;
#2273 = DIRECTION ( 'NONE',  ( -1.000000000000000000, 0.000000000000000000, 0.000000000000000000 ) ) ;
#2274 = CARTESIAN_POINT ( 'NONE',  ( 0.5080000000000000071, 0.1270000000000000018, -3.708400000000000141 ) ) ;
#2275 = ORIENTED_EDGE ( 'NONE', *, *, #1207, .T. ) ;
#2276 =( GEOMETRIC_REPRESENTATION_CONTEXT ( 3 ) GLOBAL_UNCERTAINTY_ASSIGNED_CONTEXT ( ( #4831 ) ) GLOBAL_UNIT_ASSIGNED_CONTEXT ( ( #5792, #4224, #5365 ) ) REPRESENTATION_CONTEXT ( 'NONE', 'WORKASPACE' ) );
#2277 = CARTESIAN_POINT ( 'NONE',  ( -1.168400000000000105, -0.8229998780000009617, -0.6777999999999999581 ) ) ;
#2278 = ORIENTED_EDGE ( 'NONE', *, *, #5100, .T. ) ;
#2279 = CYLINDRICAL_SURFACE ( 'NONE', #6429, 0.01269999999999998387 ) ;
#2280 = VECTOR ( 'NONE', #1352, 1000.000000000000000 ) ;
#2281 = LINE ( 'NONE', #4513, #5673 ) ;
#2282 = ORIENTED_EDGE ( 'NONE', *, *, #2460, .F. ) ;
#2283 = FACE_OUTER_BOUND ( 'NONE', #5351, .T. ) ;
#2284 = AXIS2_PLACEMENT_3D ( 'NONE', #283, #3707, #1384 ) ;
#2285 = DIRECTION ( 'NONE',  ( 0.000000000000000000, 0.000000000000000000, -1.000000000000000000 ) ) ;
#2286 = EDGE_CURVE ( 'NONE', #1151, #1610, #5558, .T. ) ;
#2287 = CARTESIAN_POINT ( 'NONE',  ( 1.449514868593948957, -1.302480254998146902, -3.809999949636722505 ) ) ;
#2288 = DIRECTION ( 'NONE',  ( 0.000000000000000000, 3.557093741750343213E-15, -1.000000000000000000 ) ) ;
#2289 = CARTESIAN_POINT ( 'NONE',  ( -0.7620000000000000107, 0.1523999999999999799, -0.02540000000000000244 ) ) ;
#2290 = VERTEX_POINT ( 'NONE', #6930 ) ;
#2291 = ORIENTED_EDGE ( 'NONE', *, *, #5372, .F. ) ;
#2292 = CARTESIAN_POINT ( 'NONE',  ( -0.3203999999999999626, -1.635799878000000041, 0.000000000000000000 ) ) ;
#2293 = DIRECTION ( 'NONE',  ( 0.000000000000000000, 1.000000000000000000, 1.286270504829363768E-16 ) ) ;
#2294 = EDGE_CURVE ( 'NONE', #7163, #6132, #3003, .T. ) ;
#2295 = AXIS2_PLACEMENT_3D ( 'NONE', #2938, #68, #3958 ) ;
#2296 = ORIENTED_EDGE ( 'NONE', *, *, #2040, .T. ) ;
#2297 = DIRECTION ( 'NONE',  ( 0.000000000000000000, 0.000000000000000000, 1.000000000000000000 ) ) ;
#2298 = ORIENTED_EDGE ( 'NONE', *, *, #852, .F. ) ;
#2299 = EDGE_CURVE ( 'NONE', #3134, #1887, #6367, .T. ) ;
#2300 = DIRECTION ( 'NONE',  ( 0.000000000000000000, -1.000000000000000000, 0.000000000000000000 ) ) ;
#2301 = CARTESIAN_POINT ( 'NONE',  ( -0.8515000000000000346, 0.1523999999999999799, -0.02540000000000050204 ) ) ;
#2302 = LINE ( 'NONE', #1260, #2784 ) ;
#2303 = DIRECTION ( 'NONE',  ( -1.000000000000000000, 0.000000000000000000, 0.000000000000000000 ) ) ;
#2304 = ADVANCED_FACE ( 'NONE', ( #3633 ), #319, .T. ) ;
#2305 = LINE ( 'NONE', #4059, #4334 ) ;
#2306 = AXIS2_PLACEMENT_3D ( 'NONE', #3911, #2918, #5555 ) ;
#2307 = DIRECTION ( 'NONE',  ( -5.692817669867079358E-17, 5.692817669867100312E-17, 1.000000000000000000 ) ) ;
#2308 = EDGE_LOOP ( 'NONE', ( #2144, #4044, #6928, #5973, #5643, #4585 ) ) ;
#2309 = CARTESIAN_POINT ( 'NONE',  ( 0.000000000000000000, 0.000000000000000000, 0.000000000000000000 ) ) ;
#2310 = ADVANCED_FACE ( 'NONE', ( #1342 ), #6828, .T. ) ;
#2311 = CIRCLE ( 'NONE', #4061, 0.01000000000000002623 ) ;
#2312 = DIRECTION ( 'NONE',  ( 0.000000000000000000, 0.000000000000000000, -1.000000000000000000 ) ) ;
#2313 = ORIENTED_EDGE ( 'NONE', *, *, #725, .T. ) ;
#2314 = DIRECTION ( 'NONE',  ( 0.000000000000000000, 0.000000000000000000, -1.000000000000000000 ) ) ;
#2315 = ORIENTED_EDGE ( 'NONE', *, *, #3989, .T. ) ;
#2316 = FACE_OUTER_BOUND ( 'NONE', #1391, .T. ) ;
#2317 = PRODUCT_RELATED_PRODUCT_CATEGORY ( 'part', '', ( #381 ) ) ;
#2318 = CIRCLE ( 'NONE', #4539, 0.01270000000000006193 ) ;
#2319 = EDGE_CURVE ( 'NONE', #519, #5067, #1607, .T. ) ;
#2320 = DIRECTION ( 'NONE',  ( 0.000000000000000000, 0.000000000000000000, -1.000000000000000000 ) ) ;
#2321 = CIRCLE ( 'NONE', #4429, 0.02540000000000007530 ) ;
#2322 = CARTESIAN_POINT ( 'NONE',  ( 1.003299999999999859, -1.290599999999999969, -0.5000000000000000000 ) ) ;
#2323 = CARTESIAN_POINT ( 'NONE',  ( -0.6476999999999999424, -0.1397000000000000186, -3.797299999999999898 ) ) ;
#2324 = DIRECTION ( 'NONE',  ( 1.000000000000000000, 0.000000000000000000, 0.000000000000000000 ) ) ;
#2325 = ORIENTED_EDGE ( 'NONE', *, *, #6912, .T. ) ;
#2326 = AXIS2_PLACEMENT_3D ( 'NONE', #6667, #11, #5007 ) ;
#2327 = SHAPE_REPRESENTATION ( 'WSK1216-L5_element - Copy_6', ( #1337 ), #3227 ) ;
#2328 = VERTEX_POINT ( 'NONE', #900 ) ;
#2329 = DIRECTION ( 'NONE',  ( 0.000000000000000000, 1.000000000000000000, 2.586977266727520463E-16 ) ) ;
#2330 = CARTESIAN_POINT ( 'NONE',  ( -1.460499999999999909, 0.06600012199999909235, -0.4746000000000000218 ) ) ;
#2331 = CARTESIAN_POINT ( 'NONE',  ( 1.460499999999999909, -1.290599999999999969, -3.810000000000000053 ) ) ;
#2332 = AXIS2_PLACEMENT_3D ( 'NONE', #3937, #7177, #3966 ) ;
#2333 = LINE ( 'NONE', #2780, #7122 ) ;
#2334 = VERTEX_POINT ( 'NONE', #6904 ) ;
#2335 = VERTEX_POINT ( 'NONE', #3147 ) ;
#2336 = DIRECTION ( 'NONE',  ( 0.000000000000000000, 0.000000000000000000, 1.000000000000000000 ) ) ;
#2337 = EDGE_CURVE ( 'NONE', #1465, #28, #1377, .T. ) ;
#2338 = AXIS2_PLACEMENT_3D ( 'NONE', #5593, #2851, #5054 ) ;
#2339 = CARTESIAN_POINT ( 'NONE',  ( 1.003299999999999859, -1.290599999999999969, -0.02540000000000000244 ) ) ;
#2340 = DIRECTION ( 'NONE',  ( 0.000000000000000000, -8.435277258399649770E-33, -1.000000000000000000 ) ) ;
#2341 = DIRECTION ( 'NONE',  ( 1.000000000000000000, 0.000000000000000000, 0.000000000000000000 ) ) ;
#2342 = LINE ( 'NONE', #4683, #2102 ) ;
#2343 = AXIS2_PLACEMENT_3D ( 'NONE', #2601, #5893, #4220 ) ;
#2344 = DIRECTION ( 'NONE',  ( 0.000000000000000000, 0.000000000000000000, 1.000000000000000000 ) ) ;
#2345 = ORIENTED_EDGE ( 'NONE', *, *, #809, .T. ) ;
#2346 = FACE_OUTER_BOUND ( 'NONE', #5978, .T. ) ;
#2347 = ADVANCED_FACE ( 'NONE', ( #830 ), #2070, .T. ) ;
#2348 = ORIENTED_EDGE ( 'NONE', *, *, #7008, .F. ) ;
#2349 = AXIS2_PLACEMENT_3D ( 'NONE', #1312, #4141, #3566 ) ;
#2350 =( NAMED_UNIT ( * ) SI_UNIT ( $, .STERADIAN. ) SOLID_ANGLE_UNIT ( ) );
#2351 = AXIS2_PLACEMENT_3D ( 'NONE', #3163, #1529, #5363 ) ;
#2352 = CARTESIAN_POINT ( 'NONE',  ( -0.3103999999999999537, -1.366399878000000179, -0.4872999999999999554 ) ) ;
#2353 = CIRCLE ( 'NONE', #2232, 0.02539999999999999550 ) ;
#2354 = ORIENTED_EDGE ( 'NONE', *, *, #1045, .F. ) ;
#2355 = VECTOR ( 'NONE', #245, 1000.000000000000000 ) ;
#2356 = CARTESIAN_POINT ( 'NONE',  ( -0.6476999999999999424, 0.1270000000000000018, -3.810000000000000053 ) ) ;
#2357 = VERTEX_POINT ( 'NONE', #4778 ) ;
#2358 = DIRECTION ( 'NONE',  ( -1.000000000000000000, -0.000000000000000000, -0.000000000000000000 ) ) ;
#2359 = DIRECTION ( 'NONE',  ( 0.000000000000000000, -3.880465900091282914E-16, -1.000000000000000000 ) ) ;
#2360 = VECTOR ( 'NONE', #13, 1000.000000000000000 ) ;
#2361 = CARTESIAN_POINT ( 'NONE',  ( 0.3103999999999999537, -1.455699999999999772, -3.799999999999999822 ) ) ;
#2362 = DIRECTION ( 'NONE',  ( -1.000000000000000000, 0.000000000000000000, 0.000000000000000000 ) ) ;
#2363 = EDGE_CURVE ( 'NONE', #3256, #2134, #5900, .T. ) ;
#2364 = CARTESIAN_POINT ( 'NONE',  ( 0.6603999999999999870, 0.1523999999999999799, -3.784599999999999742 ) ) ;
#2365 = CIRCLE ( 'NONE', #6538, 0.02540000000000007530 ) ;
#2366 = VERTEX_POINT ( 'NONE', #3595 ) ;
#2367 = ORIENTED_EDGE ( 'NONE', *, *, #3037, .F. ) ;
#2368 = CARTESIAN_POINT ( 'NONE',  ( 1.435275184952550243, -0.3022536546266315072, -3.806376775596265194 ) ) ;
#2369 = CARTESIAN_POINT ( 'NONE',  ( 1.460170036637140178, -1.307966911734010251, -0.02540000000000000244 ) ) ;
#2370 = CARTESIAN_POINT ( 'NONE',  ( 1.155699999999999950, -0.7190999999999999615, -0.6777999999999999581 ) ) ;
#2371 = CARTESIAN_POINT ( 'NONE',  ( -1.460499999999999909, -0.9095999999999999641, -1.109600000000000142 ) ) ;
#2372 = EDGE_CURVE ( 'NONE', #1775, #1151, #4655, .T. ) ;
#2373 = CIRCLE ( 'NONE', #6766, 0.02540000000000000244 ) ;
#2374 = EDGE_LOOP ( 'NONE', ( #1336, #4408, #2487, #5289 ) ) ;
#2375 = FACE_OUTER_BOUND ( 'NONE', #5821, .T. ) ;
#2376 = DIRECTION ( 'NONE',  ( 0.000000000000000000, 0.000000000000000000, -1.000000000000000000 ) ) ;
#2377 = ORIENTED_EDGE ( 'NONE', *, *, #2554, .T. ) ;
#2378 = CIRCLE ( 'NONE', #2729, 0.01000000000000002623 ) ;
#2379 = EDGE_CURVE ( 'NONE', #938, #3327, #1911, .T. ) ;
#2380 = CARTESIAN_POINT ( 'NONE',  ( 1.155699999999999950, -0.3254000000000000226, -3.771900000000000031 ) ) ;
#2381 = EDGE_LOOP ( 'NONE', ( #4671, #5004, #2165, #1008 ) ) ;
#2382 = DIRECTION ( 'NONE',  ( 1.000000000000000000, -1.778546870875169980E-17, 0.000000000000000000 ) ) ;
#2383 = ORIENTED_EDGE ( 'NONE', *, *, #4644, .F. ) ;
#2384 = CIRCLE ( 'NONE', #5051, 0.1269999999999999463 ) ;
#2385 = EDGE_CURVE ( 'NONE', #4181, #52, #243, .T. ) ;
#2386 = DIRECTION ( 'NONE',  ( 0.000000000000000000, 0.000000000000000000, 1.000000000000000000 ) ) ;
#2387 = VERTEX_POINT ( 'NONE', #6297 ) ;
#2388 =( GEOMETRIC_REPRESENTATION_CONTEXT ( 3 ) GLOBAL_UNCERTAINTY_ASSIGNED_CONTEXT ( ( #1616 ) ) GLOBAL_UNIT_ASSIGNED_CONTEXT ( ( #5748, #6877, #2491 ) ) REPRESENTATION_CONTEXT ( 'NONE', 'WORKASPACE' ) );
#2389 = CARTESIAN_POINT ( 'NONE',  ( -1.155699999999999950, -1.455699999999999772, -0.4872999999999999554 ) ) ;
#2390 = EDGE_LOOP ( 'NONE', ( #6322, #5243, #4272, #3150 ) ) ;
#2391 = CARTESIAN_POINT ( 'NONE',  ( -1.155699999999999950, -0.06600000000000000311, -3.801999999999999602 ) ) ;
#2392 = CARTESIAN_POINT ( 'NONE',  ( 1.168249148134619997, -0.3052929284267255072, -3.803410662323265079 ) ) ;
#2393 = DIRECTION ( 'NONE',  ( 1.940232950045639978E-16, -1.000000000000000000, 0.000000000000000000 ) ) ;
#2394 = DIRECTION ( 'NONE',  ( -1.000000000000000000, 0.000000000000000000, 0.000000000000000000 ) ) ;
#2395 = DIRECTION ( 'NONE',  ( -1.000000000000000000, 0.000000000000000000, 0.000000000000000000 ) ) ;
#2396 = FACE_OUTER_BOUND ( 'NONE', #4566, .T. ) ;
#2397 = ORIENTED_EDGE ( 'NONE', *, *, #6428, .T. ) ;
#2398 = CIRCLE ( 'NONE', #5985, 0.4317999999999999616 ) ;
#2399 = ORIENTED_EDGE ( 'NONE', *, *, #6454, .F. ) ;
#2400 = DIRECTION ( 'NONE',  ( 0.000000000000000000, 0.000000000000000000, -1.000000000000000000 ) ) ;
#2401 = EDGE_CURVE ( 'NONE', #642, #4400, #2321, .T. ) ;
#2402 = DIRECTION ( 'NONE',  ( -1.707404996040163101E-14, -1.000000000000000000, 0.000000000000000000 ) ) ;
#2403 = CARTESIAN_POINT ( 'NONE',  ( 1.460499999999999909, -0.3047999999999999599, -3.772811818975499776 ) ) ;
#2404 = ORIENTED_EDGE ( 'NONE', *, *, #3416, .T. ) ;
#2405 = ORIENTED_EDGE ( 'NONE', *, *, #6201, .T. ) ;
#2406 = DIRECTION ( 'NONE',  ( -1.000000000000000000, 2.881245930817732083E-14, -5.122214988120412312E-14 ) ) ;
#2407 = VERTEX_POINT ( 'NONE', #1984 ) ;
#2408 = CARTESIAN_POINT ( 'NONE',  ( -0.3103999999999999537, -1.369099878000000103, -0.01270000000000000122 ) ) ;
#2409 = ADVANCED_FACE ( 'NONE', ( #3077 ), #4246, .T. ) ;
#2410 = ADVANCED_FACE ( 'NONE', ( #6062 ), #2203, .T. ) ;
#2411 = DIRECTION ( 'NONE',  ( 1.000000000000000000, 0.000000000000000000, 0.000000000000000000 ) ) ;
#2412 = CARTESIAN_POINT ( 'NONE',  ( -0.06350000000000000089, 0.1270000000000000018, -3.581400000000000361 ) ) ;
#2413 = ADVANCED_FACE ( 'NONE', ( #1048 ), #88, .T. ) ;
#2414 = CARTESIAN_POINT ( 'NONE',  ( 0.3775981461818899709, 0.1523999999999999799, -0.02540000000000000244 ) ) ;
#2415 = ORIENTED_EDGE ( 'NONE', *, *, #27, .T. ) ;
#2416 = CARTESIAN_POINT ( 'NONE',  ( -0.7620000000000000107, 0.2134000000000000064, -3.784599999999999742 ) ) ;
#2417 = ORIENTED_EDGE ( 'NONE', *, *, #4651, .T. ) ;
#2418 = DIRECTION ( 'NONE',  ( -0.000000000000000000, 1.000000000000000000, 0.000000000000000000 ) ) ;
#2419 = AXIS2_PLACEMENT_3D ( 'NONE', #6325, #5690, #1293 ) ;
#2420 = ORIENTED_EDGE ( 'NONE', *, *, #4324, .T. ) ;
#2421 = DIRECTION ( 'NONE',  ( 0.000000000000000000, -0.6998542122237630947, 0.7142857142857163000 ) ) ;
#2422 = FACE_OUTER_BOUND ( 'NONE', #2971, .T. ) ;
#2423 = ORIENTED_EDGE ( 'NONE', *, *, #1002, .F. ) ;
#2424 = DIRECTION ( 'NONE',  ( 1.000000000000000000, 0.000000000000000000, 0.000000000000000000 ) ) ;
#2425 = EDGE_CURVE ( 'NONE', #6000, #642, #3875, .T. ) ;
#2426 = CARTESIAN_POINT ( 'NONE',  ( 0.3203999999999999626, -1.747799999999999798, -0.02540000000000000244 ) ) ;
#2427 = AXIS2_PLACEMENT_3D ( 'NONE', #4502, #1261, #2927 ) ;
#2428 = PLANE ( 'NONE',  #2090 ) ;
#2429 = DIRECTION ( 'NONE',  ( -1.000000000000000000, 0.000000000000000000, 0.000000000000000000 ) ) ;
#2430 =( NAMED_UNIT ( * ) SI_UNIT ( $, .STERADIAN. ) SOLID_ANGLE_UNIT ( ) );
#2432 = ORIENTED_EDGE ( 'NONE', *, *, #507, .F. ) ;
#2431 = AXIS2_PLACEMENT_3D ( 'NONE', #3004, #5882, #2515 ) ;
#2433 = ORIENTED_EDGE ( 'NONE', *, *, #2779, .T. ) ;
#2434 = DIRECTION ( 'NONE',  ( 0.000000000000000000, -1.000000000000000000, 0.000000000000000000 ) ) ;
#2435 = ADVANCED_FACE ( 'NONE', ( #5425 ), #3303, .T. ) ;
#2436 = VECTOR ( 'NONE', #2925, 1000.000000000000000 ) ;
#2437 = DIRECTION ( 'NONE',  ( -0.000000000000000000, 0.000000000000000000, 1.000000000000000000 ) ) ;
#2438 = CARTESIAN_POINT ( 'NONE',  ( 0.3775981461818899709, -0.1523999999999999799, -0.1270000000000000018 ) ) ;
#2439 = VECTOR ( 'NONE', #4445, 1000.000000000000000 ) ;
#2440 = EDGE_LOOP ( 'NONE', ( #6282, #6291, #6348, #5911 ) ) ;
#2441 = VERTEX_POINT ( 'NONE', #2179 ) ;
#2442 = CARTESIAN_POINT ( 'NONE',  ( 1.003299999999999859, 0.1523999999999999799, -3.784599999999999742 ) ) ;
#2443 = EDGE_LOOP ( 'NONE', ( #5245, #5073, #972, #5441 ) ) ;
#2444 = DIRECTION ( 'NONE',  ( 0.000000000000000000, 0.000000000000000000, 1.000000000000000000 ) ) ;
#2445 = CARTESIAN_POINT ( 'NONE',  ( 1.435099999999999820, -0.3175000000000000044, -0.01519113576837415047 ) ) ;
#2446 = AXIS2_PLACEMENT_3D ( 'NONE', #3401, #2839, #6054 ) ;
#2447 = ORIENTED_EDGE ( 'NONE', *, *, #4419, .T. ) ;
#2448 = EDGE_CURVE ( 'NONE', #3592, #80, #796, .T. ) ;
#2449 = AXIS2_PLACEMENT_3D ( 'NONE', #6951, #3097, #4763 ) ;
#2450 = CARTESIAN_POINT ( 'NONE',  ( 0.3203999999999999626, -1.737800000000000011, -3.784599999999999742 ) ) ;
#2451 = EDGE_LOOP ( 'NONE', ( #3618, #2619, #2199, #6167, #1983, #5744, #695, #5130 ) ) ;
#2452 = DIRECTION ( 'NONE',  ( 1.000000000000000000, 0.000000000000000000, 0.000000000000000000 ) ) ;
#2453 = VERTEX_POINT ( 'NONE', #3258 ) ;
#2454 = SHAPE_DEFINITION_REPRESENTATION ( #978, #2327 ) ;
#2455 = AXIS2_PLACEMENT_3D ( 'NONE', #5204, #1347, #6220 ) ;
#2456 = CARTESIAN_POINT ( 'NONE',  ( -0.3103999999999999537, -1.635799878000000041, -0.4900000000000001021 ) ) ;
#2457 = ORIENTED_EDGE ( 'NONE', *, *, #3913, .T. ) ;
#2458 = CARTESIAN_POINT ( 'NONE',  ( -0.3203999999999999626, -1.651199878000000121, -1.135000000000000009 ) ) ;
#2459 = AXIS2_PLACEMENT_3D ( 'NONE', #6903, #5696, #5198 ) ;
#2460 = EDGE_CURVE ( 'NONE', #4738, #1856, #5105, .T. ) ;
#2461 = ORIENTED_EDGE ( 'NONE', *, *, #144, .F. ) ;
#2462 = DIRECTION ( 'NONE',  ( 1.000000000000000000, 0.000000000000000000, 0.000000000000000000 ) ) ;
#2463 = CARTESIAN_POINT ( 'NONE',  ( 1.460817897969372225, -1.289134695952491416, -0.007644928524205379244 ) ) ;
#2464 = CIRCLE ( 'NONE', #3527, 0.01270000000000003765 ) ;
#2465 = CARTESIAN_POINT ( 'NONE',  ( 0.6350000000000000089, -0.1397000000000000186, -3.708400000000000141 ) ) ;
#2466 = AXIS2_PLACEMENT_3D ( 'NONE', #1696, #5631, #60 ) ;
#2467 = DIRECTION ( 'NONE',  ( 0.000000000000000000, 8.435277258399649770E-33, -1.000000000000000000 ) ) ;
#2468 = EDGE_CURVE ( 'NONE', #6329, #6193, #3144, .T. ) ;
#2469 = DIRECTION ( 'NONE',  ( 1.000000000000000000, 0.000000000000000000, 0.000000000000000000 ) ) ;
#2470 = EDGE_LOOP ( 'NONE', ( #6432, #1441, #6414, #1665 ) ) ;
#2471 = EDGE_LOOP ( 'NONE', ( #4579, #3941, #1426, #6490, #2206, #925, #419, #4383, #6797, #3390, #5539, #5731 ) ) ;
#2472 = VECTOR ( 'NONE', #5679, 1000.000000000000000 ) ;
#2473 = CARTESIAN_POINT ( 'NONE',  ( 1.434862666486764082, -0.2969465205155335519, -0.0005102075385560362903 ) ) ;
#2474 = CARTESIAN_POINT ( 'NONE',  ( 1.460170036637142177, -0.2874330882659910102, -3.784600000002909859 ) ) ;
#2475 = AXIS2_PLACEMENT_3D ( 'NONE', #7021, #4262, #3720 ) ;
#2476 = EDGE_CURVE ( 'NONE', #157, #4131, #5493, .T. ) ;
#2477 = ORIENTED_EDGE ( 'NONE', *, *, #1852, .T. ) ;
#2478 = DIRECTION ( 'NONE',  ( 1.000000000000000000, 0.000000000000000000, 0.000000000000000000 ) ) ;
#2479 = EDGE_LOOP ( 'NONE', ( #3719, #1587, #2733, #2687 ) ) ;
#2480 = DIRECTION ( 'NONE',  ( -1.000000000000000000, 0.000000000000000000, 0.000000000000000000 ) ) ;
#2481 = CARTESIAN_POINT ( 'NONE',  ( -0.7620000000000000107, -0.05330000000000000016, -0.01270000000000000122 ) ) ;
#2482 = VECTOR ( 'NONE', #3630, 1000.000000000000000 ) ;
#2483 = DIRECTION ( 'NONE',  ( 0.000000000000000000, 8.435277258399649770E-33, 1.000000000000000000 ) ) ;
#2484 = CARTESIAN_POINT ( 'NONE',  ( 1.435099999999999820, -0.9095999999999999641, -0.5000000000000000000 ) ) ;
#2485 = EDGE_CURVE ( 'NONE', #6916, #318, #4711, .T. ) ;
#2486 = AXIS2_PLACEMENT_3D ( 'NONE', #1669, #3919, #1123 ) ;
#2487 = ORIENTED_EDGE ( 'NONE', *, *, #2062, .F. ) ;
#2488 = ORIENTED_EDGE ( 'NONE', *, *, #701, .T. ) ;
#2489 = CARTESIAN_POINT ( 'NONE',  ( -1.460499999999999909, -0.7318000000000000060, -0.9317999999999999616 ) ) ;
#2490 = EDGE_LOOP ( 'NONE', ( #5460, #979, #5215, #2755 ) ) ;
#2491 =( NAMED_UNIT ( * ) SI_UNIT ( $, .STERADIAN. ) SOLID_ANGLE_UNIT ( ) );
#2492 = EDGE_CURVE ( 'NONE', #6790, #1212, #5213, .T. ) ;
#2493 = CARTESIAN_POINT ( 'NONE',  ( 0.3203999999999999626, -1.455699999999999772, -1.122300000000000075 ) ) ;
#2494 = ORIENTED_EDGE ( 'NONE', *, *, #3560, .F. ) ;
#2495 = CARTESIAN_POINT ( 'NONE',  ( 1.434622314914038022, -0.3022711090285489788, -0.003628571428571434991 ) ) ;
#2496 = ORIENTED_EDGE ( 'NONE', *, *, #201, .T. ) ;
#2497 = CARTESIAN_POINT ( 'NONE',  ( -0.8515000000000000346, 0.1523999999999999799, -3.784599999999999742 ) ) ;
#2498 = SURFACE_SIDE_STYLE ('',( #5300 ) ) ;
#2499 = EDGE_CURVE ( 'NONE', #1167, #4937, #5108, .T. ) ;
#2500 = ORIENTED_EDGE ( 'NONE', *, *, #3879, .F. ) ;
#2501 = CARTESIAN_POINT ( 'NONE',  ( 1.003299999999999859, -1.443000000000000060, -3.810000000000000053 ) ) ;
#2502 = ORIENTED_EDGE ( 'NONE', *, *, #5312, .T. ) ;
#2503 = LINE ( 'NONE', #4195, #7090 ) ;
#2504 = EDGE_CURVE ( 'NONE', #3944, #6802, #3628, .T. ) ;
#2505 = DIRECTION ( 'NONE',  ( 0.000000000000000000, 0.000000000000000000, -1.000000000000000000 ) ) ;
#2506 = DIRECTION ( 'NONE',  ( -4.742791655667130792E-16, 0.000000000000000000, 1.000000000000000000 ) ) ;
#2507 = ORIENTED_EDGE ( 'NONE', *, *, #345, .F. ) ;
#2508 = DIRECTION ( 'NONE',  ( -4.512999309544760101E-16, -1.000000000000000000, 4.742791655667119945E-16 ) ) ;
#2509 = AXIS2_PLACEMENT_3D ( 'NONE', #1895, #3685, #6384 ) ;
#2510 = EDGE_LOOP ( 'NONE', ( #660, #806, #4288, #3008 ) ) ;
#2511 = DIRECTION ( 'NONE',  ( -1.000000000000000000, 9.279374978479150332E-18, 0.000000000000000000 ) ) ;
#2512 = ORIENTED_EDGE ( 'NONE', *, *, #3577, .F. ) ;
#2513 = DIRECTION ( 'NONE',  ( 0.000000000000000000, -1.000000000000000000, -1.286270504829363768E-16 ) ) ;
#2514 = ADVANCED_FACE ( 'NONE', ( #3805 ), #7111, .T. ) ;
#2515 = DIRECTION ( 'NONE',  ( -1.000000000000000000, 0.000000000000000000, 0.000000000000000000 ) ) ;
#2516 = SHAPE_REPRESENTATION ( 'WSK1216-L5_terminals - Copy_5', ( #1337 ), #1343 ) ;
#2517 = APPLICATION_CONTEXT ( 'automotive_design' ) ;
#2518 = EDGE_LOOP ( 'NONE', ( #6013, #6544, #2100, #6964 ) ) ;
#2519 = DIRECTION ( 'NONE',  ( 0.000000000000000000, 0.000000000000000000, 1.000000000000000000 ) ) ;
#2520 = CIRCLE ( 'NONE', #6578, 0.02540000000000007530 ) ;
#2521 = ORIENTED_EDGE ( 'NONE', *, *, #4587, .F. ) ;
#2522 =( NAMED_UNIT ( * ) SI_UNIT ( $, .STERADIAN. ) SOLID_ANGLE_UNIT ( ) );
#2523 = ADVANCED_FACE ( 'NONE', ( #2660 ), #4874, .T. ) ;
#2524 = DIRECTION ( 'NONE',  ( -1.255444850029531953E-16, 1.000000000000000000, 0.000000000000000000 ) ) ;
#2525 = ORIENTED_EDGE ( 'NONE', *, *, #4639, .T. ) ;
#2526 = CARTESIAN_POINT ( 'NONE',  ( 1.168004769845369939, -1.302017039466691894, -3.797299999999999898 ) ) ;
#2527 = DIRECTION ( 'NONE',  ( -1.000000000000000000, 0.000000000000000000, 0.000000000000000000 ) ) ;
#2528 = EDGE_CURVE ( 'NONE', #3202, #1508, #2700, .T. ) ;
#2529 = VERTEX_POINT ( 'NONE', #397 ) ;
#2530 = CYLINDRICAL_SURFACE ( 'NONE', #5412, 0.02540000000000007530 ) ;
#2531 = CIRCLE ( 'NONE', #191, 0.01000000000000002623 ) ;
#2532 = DIRECTION ( 'NONE',  ( -1.000000000000000000, 0.000000000000000000, 0.000000000000000000 ) ) ;
#2533 = DIRECTION ( 'NONE',  ( -1.000000000000000000, 9.279374978479150332E-18, 0.000000000000000000 ) ) ;
#2534 = DIRECTION ( 'NONE',  ( 0.000000000000000000, 0.000000000000000000, -1.000000000000000000 ) ) ;
#2535 = ORIENTED_EDGE ( 'NONE', *, *, #5010, .F. ) ;
#2536 = ADVANCED_FACE ( 'NONE', ( #4633 ), #7049, .F. ) ;
#2537 = ORIENTED_EDGE ( 'NONE', *, *, #3616, .T. ) ;
#2538 = DIRECTION ( 'NONE',  ( -1.707404996040042690E-13, 0.000000000000000000, -1.000000000000000000 ) ) ;
#2539 = VECTOR ( 'NONE', #603, 1000.000000000000000 ) ;
#2540 = CARTESIAN_POINT ( 'NONE',  ( -0.6350000000000000089, 0.1270000000000000018, -3.797300007512105058 ) ) ;
#2541 = DIRECTION ( 'NONE',  ( 1.000000000000000000, 0.000000000000000000, 0.000000000000000000 ) ) ;
#2542 = EDGE_CURVE ( 'NONE', #1648, #5324, #4265, .T. ) ;
#2543 = DIRECTION ( 'NONE',  ( 1.000000000000000000, 0.000000000000000000, 0.000000000000000000 ) ) ;
#2544 = CIRCLE ( 'NONE', #2777, 0.1396999999999999909 ) ;
#2545 = DIRECTION ( 'NONE',  ( 0.000000000000000000, -1.000000000000000000, 0.000000000000000000 ) ) ;
#2546 = ORIENTED_EDGE ( 'NONE', *, *, #2806, .T. ) ;
#2547 = ORIENTED_EDGE ( 'NONE', *, *, #2615, .T. ) ;
#2548 = FACE_OUTER_BOUND ( 'NONE', #199, .T. ) ;
#2549 = DIRECTION ( 'NONE',  ( 0.000000000000000000, 0.000000000000000000, 1.000000000000000000 ) ) ;
#2550 = AXIS2_PLACEMENT_3D ( 'NONE', #5564, #580, #6183 ) ;
#2551 = CARTESIAN_POINT ( 'NONE',  ( 1.155699999999999950, -1.290599999999999969, -0.02215594561103284912 ) ) ;
#2552 = AXIS2_PLACEMENT_3D ( 'NONE', #2147, #4387, #4805 ) ;
#2553 = ORIENTED_EDGE ( 'NONE', *, *, #3416, .F. ) ;
#2554 = EDGE_CURVE ( 'NONE', #1203, #4223, #3734, .T. ) ;
#2555 = VERTEX_POINT ( 'NONE', #3619 ) ;
#2556 = DIRECTION ( 'NONE',  ( 0.000000000000000000, 1.000000000000000000, 0.000000000000000000 ) ) ;
#2557 = SHAPE_REPRESENTATION ( 'WSK1216-L5_terminals - Copy_1_3', ( #1337 ), #3806 ) ;
#2558 = LINE ( 'NONE', #4320, #5362 ) ;
#2559 = PRODUCT_CONTEXT ( 'NONE', #2616, 'mechanical' ) ;
#2560 = EDGE_CURVE ( 'NONE', #6078, #5956, #3135, .T. ) ;
#2561 = AXIS2_PLACEMENT_3D ( 'NONE', #605, #2849, #5053 ) ;
#2562 = DIRECTION ( 'NONE',  ( -1.000000000000000000, 0.000000000000000000, 0.000000000000000000 ) ) ;
#2563 = AXIS2_PLACEMENT_3D ( 'NONE', #3466, #3543, #5079 ) ;
#2564 = ORIENTED_EDGE ( 'NONE', *, *, #2022, .F. ) ;
#2565 = EDGE_CURVE ( 'NONE', #6075, #1101, #1977, .T. ) ;
#2566 = PLANE ( 'NONE',  #6320 ) ;
#2567 = ORIENTED_EDGE ( 'NONE', *, *, #6679, .T. ) ;
#2568 = CARTESIAN_POINT ( 'NONE',  ( -0.3775981461818899709, -0.1397000000000000186, -0.1270000000000000018 ) ) ;
#2569 = AXIS2_PLACEMENT_3D ( 'NONE', #3652, #399, #6986 ) ;
#2570 = EDGE_CURVE ( 'NONE', #2529, #318, #5884, .T. ) ;
#2571 = FACE_OUTER_BOUND ( 'NONE', #6425, .T. ) ;
#2572 = VERTEX_POINT ( 'NONE', #3246 ) ;
#2573 = AXIS2_PLACEMENT_3D ( 'NONE', #3423, #6587, #1671 ) ;
#2574 = CARTESIAN_POINT ( 'NONE',  ( -1.435099999999999820, -0.2183999999999999830, -0.02540000000000000244 ) ) ;
#2575 = ORIENTED_EDGE ( 'NONE', *, *, #4324, .F. ) ;
#2576 = ORIENTED_EDGE ( 'NONE', *, *, #3188, .T. ) ;
#2577 = CARTESIAN_POINT ( 'NONE',  ( -1.155699999999999950, -1.443000000000000060, -3.797299999999999898 ) ) ;
#2578 = CIRCLE ( 'NONE', #3057, 0.01269999999999982081 ) ;
#2579 = AXIS2_PLACEMENT_3D ( 'NONE', #7131, #2160, #4399 ) ;
#2580 = UNCERTAINTY_MEASURE_WITH_UNIT (LENGTH_MEASURE( 1.000000000000000082E-05 ), #727, 'distance_accuracy_value', 'NONE');
#2581 = ADVANCED_FACE ( 'NONE', ( #6536 ), #485, .F. ) ;
#2582 = CARTESIAN_POINT ( 'NONE',  ( -1.003299999999999859, -0.05329999999999909810, -3.810000000000000053 ) ) ;
#2583 = ADVANCED_FACE ( 'NONE', ( #2758 ), #3331, .T. ) ;
#2584 = CARTESIAN_POINT ( 'NONE',  ( 0.3203999999999999626, -1.722399999999999931, -3.784599999999999742 ) ) ;
#2585 = AXIS2_PLACEMENT_3D ( 'NONE', #3583, #4627, #5683 ) ;
#2586 = VECTOR ( 'NONE', #5009, 1000.000000000000000 ) ;
#2587 = ORIENTED_EDGE ( 'NONE', *, *, #6662, .T. ) ;
#2588 = ORIENTED_EDGE ( 'NONE', *, *, #5134, .T. ) ;
#2589 = CIRCLE ( 'NONE', #3541, 0.02540000000000000244 ) ;
#2590 = EDGE_CURVE ( 'NONE', #4079, #5373, #6635, .T. ) ;
#2591 = DIRECTION ( 'NONE',  ( 1.000000000000000000, 0.000000000000000000, 0.000000000000000000 ) ) ;
#2592 = AXIS2_PLACEMENT_3D ( 'NONE', #1822, #6127, #6278 ) ;
#2593 = VERTEX_POINT ( 'NONE', #2833 ) ;
#2594 = DIRECTION ( 'NONE',  ( 1.000000000000000000, 0.000000000000000000, 0.000000000000000000 ) ) ;
#2595 = DIRECTION ( 'NONE',  ( 0.000000000000000000, 1.000000000000000000, -0.000000000000000000 ) ) ;
#2596 = APPLICATION_PROTOCOL_DEFINITION ( 'draft international standard', 'automotive_design', 1998, #2616 ) ;
#2597 = EDGE_CURVE ( 'NONE', #4308, #6391, #2091, .T. ) ;
#2598 = VECTOR ( 'NONE', #6534, 1000.000000000000000 ) ;
#2599 = DIRECTION ( 'NONE',  ( 0.000000000000000000, 0.000000000000000000, -1.000000000000000000 ) ) ;
#2600 = VERTEX_POINT ( 'NONE', #4971 ) ;
#2601 = CARTESIAN_POINT ( 'NONE',  ( 1.003299999999999859, -1.290599999999999969, -0.01270000000000000122 ) ) ;
#2602 = CARTESIAN_POINT ( 'NONE',  ( 1.155581996524392085, -1.302017039466691894, 0.000000000000000000 ) ) ;
#2603 = EDGE_LOOP ( 'NONE', ( #2254, #3485, #3864, #5447 ) ) ;
#2604 = CIRCLE ( 'NONE', #373, 0.02540000000000000591 ) ;
#2605 = FILL_AREA_STYLE_COLOUR ( '', #1906 ) ;
#2606 = ADVANCED_FACE ( 'NONE', ( #1612 ), #2208, .T. ) ;
#2607 = DIRECTION ( 'NONE',  ( -8.537024980200821818E-16, 0.000000000000000000, 1.000000000000000000 ) ) ;
#2608 = FACE_OUTER_BOUND ( 'NONE', #1677, .T. ) ;
#2609 = TOROIDAL_SURFACE ( 'NONE', #4574, 0.002699999999999999709, 0.01000000000000000021 ) ;
#2610 = ORIENTED_EDGE ( 'NONE', *, *, #946, .F. ) ;
#2611 = DIRECTION ( 'NONE',  ( 1.940232950045639978E-16, -1.000000000000000000, 0.000000000000000000 ) ) ;
#2612 = ORIENTED_EDGE ( 'NONE', *, *, #6949, .F. ) ;
#2613 = ORIENTED_EDGE ( 'NONE', *, *, #6128, .T. ) ;
#2614 = ADVANCED_FACE ( 'NONE', ( #4941 ), #3795, .F. ) ;
#2615 = EDGE_CURVE ( 'NONE', #6480, #4079, #2789, .T. ) ;
#2616 = APPLICATION_CONTEXT ( 'automotive_design' ) ;
#2617 = CARTESIAN_POINT ( 'NONE',  ( 1.459994215790140215, -0.2833003892167745286, -3.788228571428569946 ) ) ;
#2618 = FACE_OUTER_BOUND ( 'NONE', #4496, .T. ) ;
#2619 = ORIENTED_EDGE ( 'NONE', *, *, #6330, .T. ) ;
#2620 = ORIENTED_EDGE ( 'NONE', *, *, #5672, .T. ) ;
#2621 = EDGE_CURVE ( 'NONE', #210, #6652, #6049, .T. ) ;
#2622 = LINE ( 'NONE', #3257, #2099 ) ;
#2623 = DIRECTION ( 'NONE',  ( 0.000000000000000000, 1.000000000000000000, -0.000000000000000000 ) ) ;
#2624 = EDGE_CURVE ( 'NONE', #911, #350, #3366, .T. ) ;
#2625 =( NAMED_UNIT ( * ) PLANE_ANGLE_UNIT ( ) SI_UNIT ( $, .RADIAN. ) );
#2626 = CIRCLE ( 'NONE', #1565, 0.1524000000000000077 ) ;
#2627 = ORIENTED_EDGE ( 'NONE', *, *, #5452, .T. ) ;
#2628 = DIRECTION ( 'NONE',  ( 1.000000000000000000, 3.414809992080318630E-14, 0.000000000000000000 ) ) ;
#2629 = ADVANCED_FACE ( 'NONE', ( #7097 ), #3827, .F. ) ;
#2630 = CARTESIAN_POINT ( 'NONE',  ( 0.8515000000000000346, 0.1270000000000000018, -3.810000000000000053 ) ) ;
#2631 = CARTESIAN_POINT ( 'NONE',  ( -1.435099999999999820, -0.6197998780000010255, -3.801999999999999602 ) ) ;
#2632 = DIRECTION ( 'NONE',  ( 0.000000000000000000, -1.000000000000000000, 0.000000000000000000 ) ) ;
#2633 = CARTESIAN_POINT ( 'NONE',  ( -0.5080000000000000071, -0.1523999999999999799, -3.708400000000000141 ) ) ;
#2634 = ORIENTED_EDGE ( 'NONE', *, *, #354, .F. ) ;
#2635 = VECTOR ( 'NONE', #2524, 1000.000000000000000 ) ;
#2636 = DIRECTION ( 'NONE',  ( -1.000000000000000000, 1.778546870875169980E-17, 0.000000000000000000 ) ) ;
#2637 = CARTESIAN_POINT ( 'NONE',  ( 1.460374332356999982, -1.302592519644869995, -3.780123552158979994 ) ) ;
#2638 = EDGE_LOOP ( 'NONE', ( #3143, #208, #6934, #3367 ) ) ;
#2639 = DIRECTION ( 'NONE',  ( 0.000000000000000000, 0.000000000000000000, -1.000000000000000000 ) ) ;
#2640 = CARTESIAN_POINT ( 'NONE',  ( -0.8515000000000000346, 0.1523999999999999799, -3.810000000000000053 ) ) ;
#2641 = DIRECTION ( 'NONE',  ( 0.000000000000000000, 0.000000000000000000, 1.000000000000000000 ) ) ;
#2642 = AXIS2_PLACEMENT_3D ( 'NONE', #6192, #6730, #2900 ) ;
#2643 = ORIENTED_EDGE ( 'NONE', *, *, #2624, .F. ) ;
#2644 = FACE_OUTER_BOUND ( 'NONE', #2638, .T. ) ;
#2645 = ORIENTED_EDGE ( 'NONE', *, *, #5935, .T. ) ;
#2646 = EDGE_CURVE ( 'NONE', #5069, #2328, #6613, .T. ) ;
#2647 = FACE_OUTER_BOUND ( 'NONE', #1000, .T. ) ;
#2648 = DIRECTION ( 'NONE',  ( -1.000000000000000000, 0.000000000000000000, 0.000000000000000000 ) ) ;
#2649 = ORIENTED_EDGE ( 'NONE', *, *, #6650, .T. ) ;
#2650 = DIRECTION ( 'NONE',  ( 0.000000000000000000, -1.000000000000000000, 0.000000000000000000 ) ) ;
#2651 = DIRECTION ( 'NONE',  ( 0.000000000000000000, -1.000000000000000000, 0.000000000000000000 ) ) ;
#2652 = CARTESIAN_POINT ( 'NONE',  ( -0.3203999999999999626, -1.651199878000000121, -3.784599999999999742 ) ) ;
#2653 = CARTESIAN_POINT ( 'NONE',  ( 1.435099999999999820, -0.3556000000000000272, -0.02540000000000000244 ) ) ;
#2655 = ORIENTED_EDGE ( 'NONE', *, *, #1518, .F. ) ;
#2654 = VECTOR ( 'NONE', #5803, 1000.000000000000000 ) ;
#2656 = EDGE_CURVE ( 'NONE', #1311, #898, #6599, .T. ) ;
#2657 = EDGE_LOOP ( 'NONE', ( #995, #5772, #3174, #4377 ) ) ;
#2658 = ORIENTED_EDGE ( 'NONE', *, *, #1628, .T. ) ;
#2659 = FACE_OUTER_BOUND ( 'NONE', #2990, .T. ) ;
#2660 = FACE_OUTER_BOUND ( 'NONE', #2677, .T. ) ;
#2661 = DIRECTION ( 'NONE',  ( 0.000000000000000000, 0.000000000000000000, -1.000000000000000000 ) ) ;
#2662 = CIRCLE ( 'NONE', #6707, 0.01269999999999982081 ) ;
#2663 = DIRECTION ( 'NONE',  ( 0.000000000000000000, 0.000000000000000000, 1.000000000000000000 ) ) ;
#2664 = ORIENTED_EDGE ( 'NONE', *, *, #6354, .F. ) ;
#2665 = CIRCLE ( 'NONE', #3026, 0.01270000000000003765 ) ;
#2666 = DIRECTION ( 'NONE',  ( 0.000000000000000000, 0.000000000000000000, 1.000000000000000000 ) ) ;
#2667 = CARTESIAN_POINT ( 'NONE',  ( 0.3203999999999999626, -1.722399999999999931, -0.01000000000000000021 ) ) ;
#2668 = CARTESIAN_POINT ( 'NONE',  ( 0.000000000000000000, -1.455699999999999772, -3.797299999999999898 ) ) ;
#2669 = CARTESIAN_POINT ( 'NONE',  ( 0.3203999999999999626, -1.443000000000000060, -1.122300000000000075 ) ) ;
#2670 = CIRCLE ( 'NONE', #5789, 0.1651000000000000523 ) ;
#2671 = ADVANCED_FACE ( 'NONE', ( #3902 ), #3287, .T. ) ;
#2672 = FACE_OUTER_BOUND ( 'NONE', #6205, .T. ) ;
#2673 = AXIS2_PLACEMENT_3D ( 'NONE', #344, #2058, #3768 ) ;
#2674 = PRODUCT_DEFINITION_SHAPE ( 'NONE', 'NONE',  #7199 ) ;
#2675 = PLANE ( 'NONE',  #932 ) ;
#2676 = CARTESIAN_POINT ( 'NONE',  ( 1.460170036637274071, -1.307966911730513937, -3.784599999999999742 ) ) ;
#2677 = EDGE_LOOP ( 'NONE', ( #1416, #6742, #50, #6664 ) ) ;
#2678 = LINE ( 'NONE', #3894, #5527 ) ;
#2679 = VECTOR ( 'NONE', #967, 1000.000000000000000 ) ;
#2680 = CARTESIAN_POINT ( 'NONE',  ( -0.7620000000000000107, -0.06600000000000000311, -0.01270000000000000122 ) ) ;
#2681 = ORIENTED_EDGE ( 'NONE', *, *, #3120, .F. ) ;
#2682 = DIRECTION ( 'NONE',  ( 0.000000000000000000, 0.000000000000000000, 1.000000000000000000 ) ) ;
#2683 = VERTEX_POINT ( 'NONE', #6772 ) ;
#2684 = CARTESIAN_POINT ( 'NONE',  ( -1.003299999999999859, -1.203999878000000079, -3.801999999999999602 ) ) ;
#2685 = CIRCLE ( 'NONE', #2338, 0.2032000000000000195 ) ;
#2686 = DIRECTION ( 'NONE',  ( 0.000000000000000000, -1.000000000000000000, 0.000000000000000000 ) ) ;
#2687 = ORIENTED_EDGE ( 'NONE', *, *, #4419, .F. ) ;
#2688 = DIRECTION ( 'NONE',  ( -0.000000000000000000, -0.000000000000000000, 1.000000000000000000 ) ) ;
#2689 = DIRECTION ( 'NONE',  ( 0.000000000000000000, -0.5000000000000111022, 0.8660254037844321573 ) ) ;
#2690 = DIRECTION ( 'NONE',  ( 0.000000000000000000, 0.000000000000000000, 1.000000000000000000 ) ) ;
#2691 = EDGE_CURVE ( 'NONE', #5144, #4385, #1814, .T. ) ;
#2692 = VECTOR ( 'NONE', #6147, 1000.000000000000000 ) ;
#2693 = LINE ( 'NONE', #6126, #3158 ) ;
#2694 = ORIENTED_EDGE ( 'NONE', *, *, #2886, .T. ) ;
#2695 = ORIENTED_EDGE ( 'NONE', *, *, #4367, .F. ) ;
#2696 = ORIENTED_EDGE ( 'NONE', *, *, #5945, .F. ) ;
#2697 = AXIS2_PLACEMENT_3D ( 'NONE', #4391, #421, #4846 ) ;
#2698 = ORIENTED_EDGE ( 'NONE', *, *, #3276, .F. ) ;
#2699 = CARTESIAN_POINT ( 'NONE',  ( 1.168250276533441934, -0.3053049710535310490, -0.006601136993068379769 ) ) ;
#2700 = LINE ( 'NONE', #5267, #684 ) ;
#2701 = LINE ( 'NONE', #1556, #2065 ) ;
#2702 = EDGE_CURVE ( 'NONE', #3321, #5983, #1170, .T. ) ;
#2703 = TOROIDAL_SURFACE ( 'NONE', #236, 0.1016000000000000097, 0.02540000000000000244 ) ;
#2704 = MECHANICAL_DESIGN_GEOMETRIC_PRESENTATION_REPRESENTATION (  '', ( #3653 ), #4692 ) ;
#2705 = ORIENTED_EDGE ( 'NONE', *, *, #1409, .T. ) ;
#2706 = CARTESIAN_POINT ( 'NONE',  ( -1.003299999999999859, -1.369099878000000103, -0.4872999999999999554 ) ) ;
#2707 = CARTESIAN_POINT ( 'NONE',  ( -0.3103999999999999537, -1.369099878000000103, -0.4872999999999999554 ) ) ;
#2708 = CARTESIAN_POINT ( 'NONE',  ( -1.003299999999999859, -1.203999878000000079, -0.01270000000000000122 ) ) ;
#2709 = AXIS2_PLACEMENT_3D ( 'NONE', #4552, #1172, #4622 ) ;
#2710 = CARTESIAN_POINT ( 'NONE',  ( 1.003299999999999859, -1.443000000000000060, -3.801999999999999602 ) ) ;
#2711 = EDGE_CURVE ( 'NONE', #6632, #1443, #3432, .T. ) ;
#2712 = CYLINDRICAL_SURFACE ( 'NONE', #3342, 0.01000000000000002623 ) ;
#2713 = LINE ( 'NONE', #7126, #5929 ) ;
#2714 = FACE_OUTER_BOUND ( 'NONE', #1153, .T. ) ;
#2715 = ORIENTED_EDGE ( 'NONE', *, *, #1483, .F. ) ;
#2716 = DIRECTION ( 'NONE',  ( 0.000000000000000000, 1.000000000000000000, 0.000000000000000000 ) ) ;
#2717 = ADVANCED_FACE ( 'NONE', ( #659 ), #3576, .F. ) ;
#2718 = AXIS2_PLACEMENT_3D ( 'NONE', #5128, #6681, #6245 ) ;
#2719 = DIRECTION ( 'NONE',  ( 0.000000000000000000, 0.000000000000000000, 1.000000000000000000 ) ) ;
#2720 = EDGE_LOOP ( 'NONE', ( #4933, #4038, #5905, #882 ) ) ;
#2721 = CARTESIAN_POINT ( 'NONE',  ( 1.435099999999999820, -0.3175000000000000044, -3.794808864231624668 ) ) ;
#2722 = AXIS2_PLACEMENT_3D ( 'NONE', #2684, #6048, #5407 ) ;
#2723 = ORIENTED_EDGE ( 'NONE', *, *, #877, .T. ) ;
#2724 = LINE ( 'NONE', #4620, #5716 ) ;
#2725 = CARTESIAN_POINT ( 'NONE',  ( -2.484629978612615227E-18, -0.1397000000000000186, 1.016439536705160099E-17 ) ) ;
#2726 = ORIENTED_EDGE ( 'NONE', *, *, #4656, .T. ) ;
#2727 = DIRECTION ( 'NONE',  ( 1.000000000000000000, 0.000000000000000000, 0.000000000000000000 ) ) ;
#2728 = CARTESIAN_POINT ( 'NONE',  ( -0.5080000000000000071, -0.1397000000000000186, -3.568700000000000205 ) ) ;
#2729 = AXIS2_PLACEMENT_3D ( 'NONE', #2458, #321, #6883 ) ;
#2730 = DIRECTION ( 'NONE',  ( 1.000000000000000000, -4.861730685829020197E-63, -8.953414682134259802E-32 ) ) ;
#2731 = LINE ( 'NONE', #7144, #4356 ) ;
#2732 = DIRECTION ( 'NONE',  ( 0.000000000000000000, 0.000000000000000000, 1.000000000000000000 ) ) ;
#2733 = ORIENTED_EDGE ( 'NONE', *, *, #5416, .F. ) ;
#2734 = AXIS2_PLACEMENT_3D ( 'NONE', #7053, #994, #2241 ) ;
#2735 = ORIENTED_EDGE ( 'NONE', *, *, #809, .F. ) ;
#2736 = EDGE_CURVE ( 'NONE', #6573, #1498, #4546, .T. ) ;
#2737 = CARTESIAN_POINT ( 'NONE',  ( 1.434949037077364098, -1.302017039466691894, -3.810000000000000053 ) ) ;
#2738 = CARTESIAN_POINT ( 'NONE',  ( 1.460499999999999909, -0.7063999999999999169, -0.9317999999999999616 ) ) ;
#2739 = ORIENTED_EDGE ( 'NONE', *, *, #2012, .F. ) ;
#2740 = DIRECTION ( 'NONE',  ( 1.000000000000000000, 0.000000000000000000, 0.000000000000000000 ) ) ;
#2741 = EDGE_CURVE ( 'NONE', #4819, #1323, #2281, .T. ) ;
#2742 = DIRECTION ( 'NONE',  ( 3.144605618526234209E-33, -3.643403308714954750E-16, -1.000000000000000000 ) ) ;
#2743 = CARTESIAN_POINT ( 'NONE',  ( -1.003299999999999859, -1.203999878000000079, -4.065758146820640395E-17 ) ) ;
#2744 = LINE ( 'NONE', #4848, #4186 ) ;
#2745 = DIRECTION ( 'NONE',  ( 1.000000000000000000, 0.000000000000000000, 0.000000000000000000 ) ) ;
#2746 = EDGE_LOOP ( 'NONE', ( #5427, #1958, #1901 ) ) ;
#2747 = AXIS2_PLACEMENT_3D ( 'NONE', #2568, #916, #3165 ) ;
#2748 = DIRECTION ( 'NONE',  ( 0.000000000000000000, 0.000000000000000000, -1.000000000000000000 ) ) ;
#2749 = CARTESIAN_POINT ( 'NONE',  ( -1.168400000000000105, -0.2387998780000010202, -0.4872999999999999554 ) ) ;
#2750 = ADVANCED_FACE ( 'NONE', ( #2422 ), #5565, .T. ) ;
#2751 = EDGE_LOOP ( 'NONE', ( #584, #716, #4749, #258 ) ) ;
#2752 = CARTESIAN_POINT ( 'NONE',  ( 1.155699999999999950, -0.3556000000000000272, -3.771900000000000031 ) ) ;
#2753 = SHAPE_REPRESENTATION ( 'WSK1216-L5_terminals - Copy_7', ( #5061, #1106 ), #4504 ) ;
#2754 = DIRECTION ( 'NONE',  ( 0.000000000000000000, 0.000000000000000000, -1.000000000000000000 ) ) ;
#2755 = ORIENTED_EDGE ( 'NONE', *, *, #4322, .F. ) ;
#2756 = ORIENTED_EDGE ( 'NONE', *, *, #6504, .T. ) ;
#2757 = DIRECTION ( 'NONE',  ( -1.000000000000000000, 0.000000000000000000, 0.000000000000000000 ) ) ;
#2758 = FACE_OUTER_BOUND ( 'NONE', #589, .T. ) ;
#2759 = VERTEX_POINT ( 'NONE', #5072 ) ;
#2760 = CARTESIAN_POINT ( 'NONE',  ( -0.7620000000000000107, 0.1270000000000000018, -3.784599999999999742 ) ) ;
#2761 = FACE_OUTER_BOUND ( 'NONE', #5944, .T. ) ;
#2762 = DIRECTION ( 'NONE',  ( 0.000000000000000000, -1.000000000000000000, 0.000000000000000000 ) ) ;
#2763 = DIRECTION ( 'NONE',  ( -1.000000000000000000, 0.000000000000000000, 8.953414682134259802E-32 ) ) ;
#2764 = CARTESIAN_POINT ( 'NONE',  ( -0.8515000000000000346, 0.000000000000000000, -3.810000000000000053 ) ) ;
#2765 = AXIS2_PLACEMENT_3D ( 'NONE', #2633, #4015, #4602 ) ;
#2766 = ADVANCED_FACE ( 'NONE', ( #4037 ), #6495, .T. ) ;
#2767 = CARTESIAN_POINT ( 'NONE',  ( 0.6477221803585700988, 0.1408355511077407918, -3.810000000000000053 ) ) ;
#2768 = ORIENTED_EDGE ( 'NONE', *, *, #6616, .T. ) ;
#2769 = ORIENTED_EDGE ( 'NONE', *, *, #200, .T. ) ;
#2770 = DIRECTION ( 'NONE',  ( 1.778546870875171520E-17, -1.000000000000000000, 0.000000000000000000 ) ) ;
#2771 = LINE ( 'NONE', #1148, #3391 ) ;
#2772 = AXIS2_PLACEMENT_3D ( 'NONE', #2728, #3760, #2651 ) ;
#2773 = DIRECTION ( 'NONE',  ( 1.000000000000000000, 0.000000000000000000, 0.000000000000000000 ) ) ;
#2774 = ORIENTED_EDGE ( 'NONE', *, *, #2504, .T. ) ;
#2775 = DIRECTION ( 'NONE',  ( 0.000000000000000000, 0.000000000000000000, -1.000000000000000000 ) ) ;
#2776 = DIRECTION ( 'NONE',  ( -1.000000000000000000, 0.000000000000000000, 0.000000000000000000 ) ) ;
#2777 = AXIS2_PLACEMENT_3D ( 'NONE', #5257, #5644, #2359 ) ;
#2778 = CARTESIAN_POINT ( 'NONE',  ( 0.7620000000000000107, 0.1270000000000000018, -0.02540000000000000244 ) ) ;
#2779 = EDGE_CURVE ( 'NONE', #3236, #4261, #6230, .T. ) ;
#2780 = CARTESIAN_POINT ( 'NONE',  ( 1.003299999999999859, -1.747799999999999798, -0.4746000000000000218 ) ) ;
#2781 = STYLED_ITEM ( 'NONE', ( #1080 ), #1946 ) ;
#2782 = CARTESIAN_POINT ( 'NONE',  ( -0.3203999999999999626, -0.08639987799999999940, -3.810000000000000053 ) ) ;
#2783 = DIRECTION ( 'NONE',  ( -1.000000000000000000, 0.000000000000000000, 0.000000000000000000 ) ) ;
#2784 = VECTOR ( 'NONE', #4207, 1000.000000000000000 ) ;
#2785 = VERTEX_POINT ( 'NONE', #1277 ) ;
#2786 = CARTESIAN_POINT ( 'NONE',  ( 1.168400000000000105, -1.290599999999999969, -3.787844054388965098 ) ) ;
#2787 = AXIS2_PLACEMENT_3D ( 'NONE', #2153, #5503, #6619 ) ;
#2788 = EDGE_CURVE ( 'NONE', #4134, #2170, #5459, .T. ) ;
#2789 = CIRCLE ( 'NONE', #2212, 0.01270000000000003765 ) ;
#2790 = CYLINDRICAL_SURFACE ( 'NONE', #869, 0.01270000000000000122 ) ;
#2791 = ORIENTED_EDGE ( 'NONE', *, *, #1245, .T. ) ;
#2792 = DIRECTION ( 'NONE',  ( 0.000000000000000000, 0.000000000000000000, -1.000000000000000000 ) ) ;
#2793 = DIRECTION ( 'NONE',  ( -1.000000000000000000, 0.000000000000000000, 0.000000000000000000 ) ) ;
#2794 = ORIENTED_EDGE ( 'NONE', *, *, #5429, .T. ) ;
#2795 = AXIS2_PLACEMENT_3D ( 'NONE', #6093, #4121, #5221 ) ;
#2796 =( BOUNDED_SURFACE ( )  B_SPLINE_SURFACE ( 3, 2, ( 
 ( #5547, #560, #1716 ),
 ( #6159, #1174, #6350 ),
 ( #4812, #2463, #7010 ),
 ( #6199, #183, #5718 ) ),
 .UNSPECIFIED., .F., .F., .F. ) 
 B_SPLINE_SURFACE_WITH_KNOTS ( ( 4, 4 ),
 ( 3, 3 ),
 ( 0.000000000000000000, 2.547601935119310075E-05 ),
 ( 0.000000000000000000, 1.000000000000000000 ),
 .UNSPECIFIED. ) 
 GEOMETRIC_REPRESENTATION_ITEM ( )  RATIONAL_B_SPLINE_SURFACE ( (
 ( 1.000000000000000000, 0.7071067811865480168, 1.000000000000000000),
 ( 1.000000000000000000, 0.7040505288668129635, 1.000000000000000000),
 ( 1.000000000000000000, 0.6999304327129139969, 1.000000000000000000),
 ( 1.000000000000000000, 0.6953738890819809448, 1.000000000000000000) ) ) 
 REPRESENTATION_ITEM ( '' )  SURFACE ( )  );
#2797 = LINE ( 'NONE', #2838, #1600 ) ;
#2798 = DIRECTION ( 'NONE',  ( 0.000000000000000000, 0.000000000000000000, -1.000000000000000000 ) ) ;
#2799 = DIRECTION ( 'NONE',  ( 0.000000000000000000, 0.000000000000000000, 1.000000000000000000 ) ) ;
#2800 = EDGE_CURVE ( 'NONE', #6852, #5509, #5181, .T. ) ;
#2801 = VECTOR ( 'NONE', #6234, 1000.000000000000000 ) ;
#2802 = CARTESIAN_POINT ( 'NONE',  ( 0.6350000000000000089, 0.1408355511077405975, -3.797277819641430074 ) ) ;
#2803 = VECTOR ( 'NONE', #969, 1000.000000000000000 ) ;
#2804 = ORIENTED_EDGE ( 'NONE', *, *, #778, .F. ) ;
#2805 = EDGE_LOOP ( 'NONE', ( #1682, #4894, #5157, #782 ) ) ;
#2806 = EDGE_CURVE ( 'NONE', #2387, #2334, #2771, .T. ) ;
#2807 = ADVANCED_FACE ( 'NONE', ( #5393 ), #1625, .F. ) ;
#2808 = LINE ( 'NONE', #1147, #6932 ) ;
#2809 = AXIS2_PLACEMENT_3D ( 'NONE', #6981, #1489, #5933 ) ;
#2810 = CARTESIAN_POINT ( 'NONE',  ( -0.06350000000000000089, -2.387599999999999945, -2.882899999999999796 ) ) ;
#2811 = ORIENTED_EDGE ( 'NONE', *, *, #3518, .F. ) ;
#2812 = CYLINDRICAL_SURFACE ( 'NONE', #3770, 0.01270000000000003765 ) ;
#2813 = CIRCLE ( 'NONE', #2459, 0.01270000000000003765 ) ;
#2814 = ORIENTED_EDGE ( 'NONE', *, *, #3050, .F. ) ;
#2815 = EDGE_CURVE ( 'NONE', #3109, #2826, #6261, .T. ) ;
#2816 = CARTESIAN_POINT ( 'NONE',  ( 1.003299999999999859, -1.722399999999999931, -3.784599999999999742 ) ) ;
#2817 = CARTESIAN_POINT ( 'NONE',  ( 1.155877636174852618, -1.286599037206222373, -0.009466409335520266366 ) ) ;
#2818 = DIRECTION ( 'NONE',  ( 1.000000000000000000, 0.000000000000000000, 0.000000000000000000 ) ) ;
#2819 = AXIS2_PLACEMENT_3D ( 'NONE', #3810, #420, #2594 ) ;
#2820 = AXIS2_PLACEMENT_3D ( 'NONE', #3804, #6502, #5456 ) ;
#2821 = ORIENTED_EDGE ( 'NONE', *, *, #2040, .F. ) ;
#2822 = VECTOR ( 'NONE', #6489, 1000.000000000000000 ) ;
#2823 = AXIS2_PLACEMENT_3D ( 'NONE', #4905, #2136, #1650 ) ;
#2824 = DIRECTION ( 'NONE',  ( -0.000000000000000000, -0.000000000000000000, 1.000000000000000000 ) ) ;
#2825 = CARTESIAN_POINT ( 'NONE',  ( 1.104899999999999993, -1.302017039466691894, -3.797299999999999898 ) ) ;
#2826 = VERTEX_POINT ( 'NONE', #4422 ) ;
#2827 = CARTESIAN_POINT ( 'NONE',  ( -0.6603999999999999870, 0.1523999999999999799, -3.810000000000000053 ) ) ;
#2828 = EDGE_CURVE ( 'NONE', #7107, #7035, #7183, .T. ) ;
#2829 = AXIS2_PLACEMENT_3D ( 'NONE', #2912, #4007, #2253 ) ;
#2830 = DIRECTION ( 'NONE',  ( -0.000000000000000000, 0.000000000000000000, 1.000000000000000000 ) ) ;
#2831 = VERTEX_POINT ( 'NONE', #535 ) ;
#2832 = DIRECTION ( 'NONE',  ( -1.000000000000000000, -1.943148431314634645E-15, -3.775825826120524880E-30 ) ) ;
#2833 = CARTESIAN_POINT ( 'NONE',  ( -0.7620000000000000107, -0.05330000000000000016, -3.810000000000000053 ) ) ;
#2834 = ORIENTED_EDGE ( 'NONE', *, *, #14, .T. ) ;
#2835 = VECTOR ( 'NONE', #6247, 1000.000000000000000 ) ;
#2836 = CARTESIAN_POINT ( 'NONE',  ( -1.003299999999999859, -1.635799878000000041, -0.4746000000000000218 ) ) ;
#2837 = ADVANCED_FACE ( 'NONE', ( #4491 ), #6713, .F. ) ;
#2838 = CARTESIAN_POINT ( 'NONE',  ( 1.460499999999999909, -1.290599999999999969, -1.135000000000000009 ) ) ;
#2839 = DIRECTION ( 'NONE',  ( 0.000000000000000000, 0.000000000000000000, -1.000000000000000000 ) ) ;
#2840 = LINE ( 'NONE', #530, #1848 ) ;
#2841 = CARTESIAN_POINT ( 'NONE',  ( 1.168400000000000105, -0.3556000000000000272, 0.05080000000000000487 ) ) ;
#2842 = AXIS2_PLACEMENT_3D ( 'NONE', #6771, #3960, #3535 ) ;
#2843 = DIRECTION ( 'NONE',  ( 0.000000000000000000, 0.000000000000000000, -1.000000000000000000 ) ) ;
#2844 = ORIENTED_EDGE ( 'NONE', *, *, #1965, .F. ) ;
#2845 = ORIENTED_EDGE ( 'NONE', *, *, #5785, .T. ) ;
#2846 = EDGE_CURVE ( 'NONE', #4675, #2108, #1037, .T. ) ;
#2847 = CIRCLE ( 'NONE', #4716, 0.07620000000000022589 ) ;
#2848 = CARTESIAN_POINT ( 'NONE',  ( 1.168400000000000105, -0.3556000000000000272, -0.03809999999999999498 ) ) ;
#2849 = DIRECTION ( 'NONE',  ( 0.000000000000000000, 0.000000000000000000, -1.000000000000000000 ) ) ;
#2850 = EDGE_CURVE ( 'NONE', #6765, #6075, #1081, .T. ) ;
#2851 = DIRECTION ( 'NONE',  ( -1.000000000000000000, 0.000000000000000000, 0.000000000000000000 ) ) ;
#2852 = CARTESIAN_POINT ( 'NONE',  ( 0.7620000000000000107, 0.1523999999999999799, -3.784599999999999742 ) ) ;
#2853 = AXIS2_PLACEMENT_3D ( 'NONE', #3118, #2556, #3009 ) ;
#2854 = EDGE_LOOP ( 'NONE', ( #264, #1853, #670, #1970 ) ) ;
#2855 = DIRECTION ( 'NONE',  ( -1.000000000000000000, 0.000000000000000000, 0.000000000000000000 ) ) ;
#2856 = ADVANCED_FACE ( 'NONE', ( #3877 ), #6457, .T. ) ;
#2857 = ORIENTED_EDGE ( 'NONE', *, *, #48, .T. ) ;
#2858 = CARTESIAN_POINT ( 'NONE',  ( 1.435275184952550243, -1.293146345373368034, -0.003623224403734315053 ) ) ;
#2859 = FACE_OUTER_BOUND ( 'NONE', #3295, .T. ) ;
#2860 = DIRECTION ( 'NONE',  ( -2.914722646971909921E-14, -1.000000000000000000, -3.414809992080375428E-14 ) ) ;
#2861 = PRODUCT_DEFINITION ( 'UNKNOWN', '', #4818, #647 ) ;
#2862 = EDGE_CURVE ( 'NONE', #5240, #4638, #5557, .T. ) ;
#2863 = CARTESIAN_POINT ( 'NONE',  ( 0.6603999999999999870, 0.1270000000000000018, -3.810000000000000053 ) ) ;
#2864 = DIRECTION ( 'NONE',  ( 0.000000000000000000, -1.000000000000000000, 0.000000000000000000 ) ) ;
#2865 = ORIENTED_EDGE ( 'NONE', *, *, #218, .T. ) ;
#2866 =( LENGTH_UNIT ( ) NAMED_UNIT ( * ) SI_UNIT ( .MILLI., .METRE. ) );
#2867 = EDGE_CURVE ( 'NONE', #7035, #3786, #4564, .T. ) ;
#2868 = CIRCLE ( 'NONE', #770, 0.01270000000000000122 ) ;
#2869 = PLANE ( 'NONE',  #2295 ) ;
#2870 = ORIENTED_EDGE ( 'NONE', *, *, #308, .T. ) ;
#2871 = B_SPLINE_CURVE_WITH_KNOTS ( 'NONE', 3,
 ( #467, #6516, #2154, #3779 ),
 .UNSPECIFIED., .F., .F.,
 ( 4, 4 ),
 ( 0.000000000000000000, 1.912694950520950015E-05 ),
 .UNSPECIFIED. ) ;
#2872 = DIRECTION ( 'NONE',  ( 0.000000000000000000, 0.000000000000000000, 1.000000000000000000 ) ) ;
#2873 = EDGE_LOOP ( 'NONE', ( #2477, #1270, #3430, #2256 ) ) ;
#2874 = CARTESIAN_POINT ( 'NONE',  ( 1.155699999999999950, -1.239799999999999791, -0.03809999999999999498 ) ) ;
#2875 = DIRECTION ( 'NONE',  ( 4.663874436235659679E-32, -1.000000000000000000, -6.880803504969549986E-17 ) ) ;
#2876 = CARTESIAN_POINT ( 'NONE',  ( 1.460170036639615976, -1.307966911733148052, -0.02540000002031080062 ) ) ;
#2877 = ADVANCED_FACE ( 'NONE', ( #6749 ), #3198, .F. ) ;
#2878 = FACE_OUTER_BOUND ( 'NONE', #4826, .T. ) ;
#2879 = ORIENTED_EDGE ( 'NONE', *, *, #1879, .T. ) ;
#2880 = ORIENTED_EDGE ( 'NONE', *, *, #5038, .F. ) ;
#2881 = CARTESIAN_POINT ( 'NONE',  ( 1.434622314914038022, -0.3022711090285489788, -0.003628571428571434991 ) ) ;
#2882 = DIRECTION ( 'NONE',  ( 1.315381071271162941E-48, 6.880803504969549986E-17, -1.000000000000000000 ) ) ;
#2883 = CIRCLE ( 'NONE', #1586, 0.01000000000000002623 ) ;
#2884 = CARTESIAN_POINT ( 'NONE',  ( 1.003299999999999859, -1.455699999999999772, -0.4872999999999999554 ) ) ;
#2885 = CARTESIAN_POINT ( 'NONE',  ( 0.7620000000000000107, -0.1523999999999999799, -0.01270000000000089981 ) ) ;
#2886 = EDGE_CURVE ( 'NONE', #350, #6069, #3034, .T. ) ;
#2887 = ORIENTED_EDGE ( 'NONE', *, *, #2379, .F. ) ;
#2888 = DIRECTION ( 'NONE',  ( 0.000000000000000000, 0.000000000000000000, -1.000000000000000000 ) ) ;
#2889 = ORIENTED_EDGE ( 'NONE', *, *, #4616, .T. ) ;
#2890 = LINE ( 'NONE', #5095, #1501 ) ;
#2891 = CARTESIAN_POINT ( 'NONE',  ( 1.435099999999999820, -0.3556000000000000272, -3.784599999999999742 ) ) ;
#2892 = CARTESIAN_POINT ( 'NONE',  ( 1.003299999999999859, 0.1523999999999999799, -0.02540000000000000244 ) ) ;
#2893 = ORIENTED_EDGE ( 'NONE', *, *, #1003, .F. ) ;
#2894 = ORIENTED_EDGE ( 'NONE', *, *, #5078, .F. ) ;
#2895 = AXIS2_PLACEMENT_3D ( 'NONE', #3965, #4554, #4449 ) ;
#2896 = DIRECTION ( 'NONE',  ( 0.000000000000000000, 0.000000000000000000, -1.000000000000000000 ) ) ;
#2897 = ORIENTED_EDGE ( 'NONE', *, *, #2788, .T. ) ;
#2898 = ADVANCED_FACE ( 'NONE', ( #4458 ), #6649, .F. ) ;
#2899 = TOROIDAL_SURFACE ( 'NONE', #3261, 0.1650999999999999968, 0.01270000000000014173 ) ;
#2900 = DIRECTION ( 'NONE',  ( 0.000000000000000000, 0.000000000000000000, -1.000000000000000000 ) ) ;
#2901 = ORIENTED_EDGE ( 'NONE', *, *, #1217, .T. ) ;
#2902 = FACE_OUTER_BOUND ( 'NONE', #2451, .T. ) ;
#2903 = EDGE_CURVE ( 'NONE', #5197, #6426, #6499, .T. ) ;
#2904 = ORIENTED_EDGE ( 'NONE', *, *, #2969, .F. ) ;
#2905 = CYLINDRICAL_SURFACE ( 'NONE', #6053, 0.4572000000000000508 ) ;
#2906 = PRESENTATION_LAYER_ASSIGNMENT (  '', '', ( #2781 ) ) ;
#2907 = CARTESIAN_POINT ( 'NONE',  ( -1.168400000000000105, -1.203999878000000079, -3.810000000000000053 ) ) ;
#2908 = CIRCLE ( 'NONE', #1947, 0.01270000000000003765 ) ;
#2909 = PLANE ( 'NONE',  #6961 ) ;
#2910 = DIRECTION ( 'NONE',  ( -0.000000000000000000, -1.000000000000000000, -0.000000000000000000 ) ) ;
#2911 = ADVANCED_FACE ( 'NONE', ( #6243 ), #747, .T. ) ;
#2912 = CARTESIAN_POINT ( 'NONE',  ( -1.003299999999999859, -0.05329999999999840421, -3.797299999999999898 ) ) ;
#2913 = ORIENTED_EDGE ( 'NONE', *, *, #48, .F. ) ;
#2914 = VECTOR ( 'NONE', #179, 1000.000000000000000 ) ;
#2915 = VERTEX_POINT ( 'NONE', #3032 ) ;
#2916 = CARTESIAN_POINT ( 'NONE',  ( 1.434877578085463012, -0.2978015924490657884, -0.0007601789908099219808 ) ) ;
#2917 = ADVANCED_FACE ( 'NONE', ( #3625 ), #4604, .T. ) ;
#2918 = DIRECTION ( 'NONE',  ( -0.000000000000000000, 0.000000000000000000, 1.000000000000000000 ) ) ;
#2919 = VECTOR ( 'NONE', #194, 1000.000000000000000 ) ;
#2920 = ORIENTED_EDGE ( 'NONE', *, *, #1929, .T. ) ;
#2921 = ORIENTED_EDGE ( 'NONE', *, *, #4313, .F. ) ;
#2922 = DIRECTION ( 'NONE',  ( 1.000000000000000000, 0.000000000000000000, 0.000000000000000000 ) ) ;
#2923 = VERTEX_POINT ( 'NONE', #1219 ) ;
#2924 = AXIS2_PLACEMENT_3D ( 'NONE', #1756, #1819, #185 ) ;
#2925 = DIRECTION ( 'NONE',  ( 0.000000000000000000, 0.000000000000000000, 1.000000000000000000 ) ) ;
#2926 = EDGE_CURVE ( 'NONE', #2441, #3944, #6287, .T. ) ;
#2927 = DIRECTION ( 'NONE',  ( 1.778546870875171520E-17, -1.000000000000000000, 0.000000000000000000 ) ) ;
#2928 = EDGE_LOOP ( 'NONE', ( #249, #4327, #2085, #6965 ) ) ;
#2929 = VECTOR ( 'NONE', #1959, 1000.000000000000000 ) ;
#2930 = DIRECTION ( 'NONE',  ( 0.000000000000000000, 0.000000000000000000, 1.000000000000000000 ) ) ;
#2931 = VERTEX_POINT ( 'NONE', #5805 ) ;
#2932 = DIRECTION ( 'NONE',  ( 1.000000000000000000, 0.000000000000000000, 0.000000000000000000 ) ) ;
#2933 = ORIENTED_EDGE ( 'NONE', *, *, #3809, .T. ) ;
#2934 = AXIS2_PLACEMENT_3D ( 'NONE', #3507, #5226, #230 ) ;
#2935 =( NAMED_UNIT ( * ) SI_UNIT ( $, .STERADIAN. ) SOLID_ANGLE_UNIT ( ) );
#2936 = VECTOR ( 'NONE', #1193, 1000.000000000000000 ) ;
#2937 = TOROIDAL_SURFACE ( 'NONE', #708, 0.002699999999999999709, 0.01000000000000000021 ) ;
#2938 = CARTESIAN_POINT ( 'NONE',  ( 0.000000000000000000, 0.000000000000000000, 0.000000000000000000 ) ) ;
#2939 = AXIS2_PLACEMENT_3D ( 'NONE', #5410, #5907, #4302 ) ;
#2940 = ORIENTED_EDGE ( 'NONE', *, *, #1743, .F. ) ;
#2941 = EDGE_CURVE ( 'NONE', #6480, #938, #3068, .T. ) ;
#2942 = FACE_OUTER_BOUND ( 'NONE', #370, .T. ) ;
#2943 = EDGE_CURVE ( 'NONE', #5983, #1648, #452, .T. ) ;
#2944 = CARTESIAN_POINT ( 'NONE',  ( -1.460499999999999909, -1.369099878000000103, -0.5000000000000000000 ) ) ;
#2945 = ORIENTED_EDGE ( 'NONE', *, *, #939, .F. ) ;
#2946 = CARTESIAN_POINT ( 'NONE',  ( 1.409462824231156159E-15, -0.1397000000000000186, -0.07619999999999998996 ) ) ;
#2947 = CARTESIAN_POINT ( 'NONE',  ( 1.168400000000000105, -0.3085795491254000322, -3.800687817794149659 ) ) ;
#2948 = AXIS2_PLACEMENT_3D ( 'NONE', #90, #6683, #2922 ) ;
#2949 = CARTESIAN_POINT ( 'NONE',  ( 1.168400000000000105, -1.283342857142856008, -0.01173366766659956172 ) ) ;
#2950 = CARTESIAN_POINT ( 'NONE',  ( 1.449513158962759896, -1.302485312248820026, -7.453889935837842984E-17 ) ) ;
#2951 = CARTESIAN_POINT ( 'NONE',  ( 1.460170036637189916, -0.2874330882656774833, -3.784599999972070083 ) ) ;
#2952 = AXIS2_PLACEMENT_3D ( 'NONE', #6901, #2511, #5233 ) ;
#2953 = VERTEX_POINT ( 'NONE', #3473 ) ;
#2954 = ORIENTED_EDGE ( 'NONE', *, *, #7088, .F. ) ;
#2955 = CARTESIAN_POINT ( 'NONE',  ( 1.434931758206301922, -0.3014248036025197752, -0.002799985088449005125 ) ) ;
#2956 = CARTESIAN_POINT ( 'NONE',  ( -1.155699999999999950, -1.356399878000000170, -3.801999999999999602 ) ) ;
#2957 = SPHERICAL_SURFACE ( 'NONE', #1809, 0.01270000000000000122 ) ;
#2958 = AXIS2_PLACEMENT_3D ( 'NONE', #5711, #178, #1751 ) ;
#2959 = ADVANCED_FACE ( 'NONE', ( #5653 ), #6955, .T. ) ;
#2960 = CARTESIAN_POINT ( 'NONE',  ( 1.435099999999999820, -0.3175000000000000044, -3.794808864231624668 ) ) ;
#2961 = VERTEX_POINT ( 'NONE', #3695 ) ;
#2962 = AXIS2_PLACEMENT_3D ( 'NONE', #5758, #3020, #1364 ) ;
#2963 = ORIENTED_EDGE ( 'NONE', *, *, #4244, .T. ) ;
#2964 = CARTESIAN_POINT ( 'NONE',  ( -0.7620000000000000107, -0.1523999999999999799, -0.01270000000000000122 ) ) ;
#2965 = CYLINDRICAL_SURFACE ( 'NONE', #5669, 0.02540000000000007530 ) ;
#2966 = CARTESIAN_POINT ( 'NONE',  ( -0.3203999999999999626, -1.661199878000000130, -3.784599999999999742 ) ) ;
#2967 = CARTESIAN_POINT ( 'NONE',  ( 1.460170036637140178, -1.307966911734010251, -0.02540000000000000244 ) ) ;
#2968 = CIRCLE ( 'NONE', #6890, 0.1777999999999999858 ) ;
#2969 = EDGE_CURVE ( 'NONE', #341, #1516, #5800, .T. ) ;
#2970 = DIRECTION ( 'NONE',  ( 1.000000000000000000, 0.000000000000000000, 0.000000000000000000 ) ) ;
#2971 = EDGE_LOOP ( 'NONE', ( #5636, #808, #5374, #1747 ) ) ;
#2972 = LINE ( 'NONE', #5603, #1545 ) ;
#2973 = CARTESIAN_POINT ( 'NONE',  ( 1.460499999999999909, -1.298497374946688154, -3.777118221487449912 ) ) ;
#2974 = ORIENTED_EDGE ( 'NONE', *, *, #6922, .T. ) ;
#2975 = DIRECTION ( 'NONE',  ( 0.000000000000000000, 0.000000000000000000, 1.000000000000000000 ) ) ;
#2976 = B_SPLINE_CURVE_WITH_KNOTS ( 'NONE', 3,
 ( #3419, #5599, #5662, #1122 ),
 .UNSPECIFIED., .F., .F.,
 ( 4, 4 ),
 ( 3.388131789017200228E-21, 1.271279866894831808E-05 ),
 .UNSPECIFIED. ) ;
#2977 = CARTESIAN_POINT ( 'NONE',  ( -1.460499999999999909, -1.661199878000000130, -1.109600000000000142 ) ) ;
#2978 = EDGE_LOOP ( 'NONE', ( #1363, #3442, #4668, #7173 ) ) ;
#2979 = EDGE_CURVE ( 'NONE', #5380, #444, #3761, .T. ) ;
#2980 = DIRECTION ( 'NONE',  ( 1.000000000000000000, 0.000000000000000000, 0.000000000000000000 ) ) ;
#2981 = DIRECTION ( 'NONE',  ( 0.000000000000000000, 0.000000000000000000, -1.000000000000000000 ) ) ;
#2982 = VERTEX_POINT ( 'NONE', #409 ) ;
#2983 = LINE ( 'NONE', #6315, #3878 ) ;
#2984 = CARTESIAN_POINT ( 'NONE',  ( -1.003299999999999859, -0.2183999999999999830, -3.784599999999999742 ) ) ;
#2985 = DIRECTION ( 'NONE',  ( 0.000000000000000000, -1.000000000000000000, 0.000000000000000000 ) ) ;
#2986 = CARTESIAN_POINT ( 'NONE',  ( 0.6603999999999999870, 0.1523999999999999799, -3.810000000000000053 ) ) ;
#2987 = CARTESIAN_POINT ( 'NONE',  ( 1.435275184952550243, -1.293146345373368034, -0.003623224403734349747 ) ) ;
#2988 = AXIS2_PLACEMENT_3D ( 'NONE', #4217, #285, #1421 ) ;
#2989 = B_SPLINE_CURVE_WITH_KNOTS ( 'NONE', 3,
 ( #6265, #5640, #5709, #5608 ),
 .UNSPECIFIED., .F., .F.,
 ( 4, 4 ),
 ( 5.590417451878379830E-20, 1.416384239958273917E-05 ),
 .UNSPECIFIED. ) ;
#2990 = EDGE_LOOP ( 'NONE', ( #5583, #7149, #3512, #450 ) ) ;
#2991 = AXIS2_PLACEMENT_3D ( 'NONE', #1063, #6626, #5511 ) ;
#2992 = VERTEX_POINT ( 'NONE', #302 ) ;
#2993 = CARTESIAN_POINT ( 'NONE',  ( -1.003299999999999859, -0.06600000000000000311, -3.797299999999999898 ) ) ;
#2994 = DIRECTION ( 'NONE',  ( 1.000000000000000000, 1.778546870875169980E-17, -1.332032549587681689E-16 ) ) ;
#2995 = ADVANCED_FACE ( 'NONE', ( #5953 ), #6723, .T. ) ;
#2996 =( BOUNDED_SURFACE ( )  B_SPLINE_SURFACE ( 3, 2, ( 
 ( #1538, #959, #5405 ),
 ( #4231, #402, #3753 ),
 ( #5329, #5946, #4299 ),
 ( #3243, #887, #7093 ) ),
 .UNSPECIFIED., .F., .F., .F. ) 
 B_SPLINE_SURFACE_WITH_KNOTS ( ( 4, 4 ),
 ( 3, 3 ),
 ( 1.965116437629975101E-19, 1.482969670822536073E-05 ),
 ( 0.000000000000000000, 1.000000000000000000 ),
 .UNSPECIFIED. ) 
 GEOMETRIC_REPRESENTATION_ITEM ( )  RATIONAL_B_SPLINE_SURFACE ( (
 ( 1.000000000000000000, 0.7071067811865580088, 1.000000000000000000),
 ( 1.000000000000000000, 0.7120912655258729851, 1.000000000000000000),
 ( 1.000000000000000000, 0.7178845482527580479, 1.000000000000000000),
 ( 1.000000000000000000, 0.7240153679753530414, 1.000000000000000000) ) ) 
 REPRESENTATION_ITEM ( '' )  SURFACE ( )  );
#2997 = ORIENTED_EDGE ( 'NONE', *, *, #5413, .T. ) ;
#2998 = EDGE_LOOP ( 'NONE', ( #4381, #1491, #4914, #1450 ) ) ;
#2999 = ORIENTED_EDGE ( 'NONE', *, *, #2741, .F. ) ;
#3000 = ORIENTED_EDGE ( 'NONE', *, *, #3182, .T. ) ;
#3001 =( REPRESENTATION_RELATIONSHIP ('NONE','NONE', #6547, #2753 ) REPRESENTATION_RELATIONSHIP_WITH_TRANSFORMATION ( #2230 )SHAPE_REPRESENTATION_RELATIONSHIP( ) );
#3002 = CARTESIAN_POINT ( 'NONE',  ( 0.6476999963784679792, 0.1270000000000000018, -3.810000000000000053 ) ) ;
#3003 = LINE ( 'NONE', #3702, #6488 ) ;
#3004 = CARTESIAN_POINT ( 'NONE',  ( 0.3203999999999999626, -1.737800000000000011, -1.135000000000000009 ) ) ;
#3005 = VERTEX_POINT ( 'NONE', #2582 ) ;
#3006 = CIRCLE ( 'NONE', #5765, 0.002700000000000011419 ) ;
#3007 = FACE_OUTER_BOUND ( 'NONE', #3405, .T. ) ;
#3008 = ORIENTED_EDGE ( 'NONE', *, *, #1914, .F. ) ;
#3009 = DIRECTION ( 'NONE',  ( 0.000000000000000000, 0.000000000000000000, 1.000000000000000000 ) ) ;
#3010 = VERTEX_POINT ( 'NONE', #2051 ) ;
#3011 = EDGE_CURVE ( 'NONE', #1730, #890, #1494, .T. ) ;
#3012 = ADVANCED_FACE ( 'NONE', ( #5843 ), #7101, .F. ) ;
#3013 = DIRECTION ( 'NONE',  ( 1.778546870875169980E-17, -1.000000000000000000, 2.369082322973049975E-33 ) ) ;
#3014 = AXIS2_PLACEMENT_3D ( 'NONE', #2172, #4516, #2320 ) ;
#3015 = ORIENTED_EDGE ( 'NONE', *, *, #3152, .T. ) ;
#3016 = LINE ( 'NONE', #1960, #148 ) ;
#3017 = CARTESIAN_POINT ( 'NONE',  ( 1.409462824231156159E-15, -0.1397000000000000186, -0.07619999999999998996 ) ) ;
#3018 = EDGE_LOOP ( 'NONE', ( #4530, #6028, #127, #3274 ) ) ;
#3019 = DIRECTION ( 'NONE',  ( 0.000000000000000000, 0.000000000000000000, 1.000000000000000000 ) ) ;
#3020 = DIRECTION ( 'NONE',  ( 0.000000000000000000, 0.000000000000000000, -1.000000000000000000 ) ) ;
#3021 = DIRECTION ( 'NONE',  ( 1.000000000000000000, 0.000000000000000000, 0.000000000000000000 ) ) ;
#3022 = AXIS2_PLACEMENT_3D ( 'NONE', #4025, #1156, #5167 ) ;
#3023 = ADVANCED_FACE ( 'NONE', ( #2015 ), #4773, .F. ) ;
#3024 = CARTESIAN_POINT ( 'NONE',  ( 0.000000000000000000, -0.05330000000000000016, 0.000000000000000000 ) ) ;
#3025 = CARTESIAN_POINT ( 'NONE',  ( -0.2643187023273230185, -0.1397000000000000186, -0.1117599999999999982 ) ) ;
#3027 = ORIENTED_EDGE ( 'NONE', *, *, #1409, .F. ) ;
#3026 = AXIS2_PLACEMENT_3D ( 'NONE', #1307, #2483, #4096 ) ;
#3028 = ORIENTED_EDGE ( 'NONE', *, *, #2060, .F. ) ;
#3029 = DIRECTION ( 'NONE',  ( -9.279374978479153413E-18, -1.000000000000000000, 0.000000000000000000 ) ) ;
#3030 = CIRCLE ( 'NONE', #3622, 0.02539999999999999550 ) ;
#3031 = DIRECTION ( 'NONE',  ( 0.000000000000000000, -1.000000000000000000, 0.000000000000000000 ) ) ;
#3032 = CARTESIAN_POINT ( 'NONE',  ( -0.8515000000000000346, -0.1523999999999999799, -0.01270000000000000122 ) ) ;
#3033 = ORIENTED_EDGE ( 'NONE', *, *, #5945, .T. ) ;
#3034 = CIRCLE ( 'NONE', #7060, 0.02540000000000007530 ) ;
#3035 = ORIENTED_EDGE ( 'NONE', *, *, #4678, .T. ) ;
#3036 = EDGE_LOOP ( 'NONE', ( #1500, #2502, #1331, #3578, #5056, #2649, #5595, #6625 ) ) ;
#3037 = EDGE_CURVE ( 'NONE', #163, #1267, #3216, .T. ) ;
#3038 = CARTESIAN_POINT ( 'NONE',  ( -0.3203999999999999626, -1.635799878000000041, -0.02540000000000000244 ) ) ;
#3039 = CARTESIAN_POINT ( 'NONE',  ( -1.435099999999999820, -0.8229998780000009617, -0.5000000000000000000 ) ) ;
#3040 = VECTOR ( 'NONE', #2730, 1000.000000000000000 ) ;
#3041 = DIRECTION ( 'NONE',  ( -1.000000000000000000, 0.000000000000000000, 0.000000000000000000 ) ) ;
#3042 = VECTOR ( 'NONE', #2393, 1000.000000000000000 ) ;
#3043 = ORIENTED_EDGE ( 'NONE', *, *, #4111, .F. ) ;
#3044 = CARTESIAN_POINT ( 'NONE',  ( 1.168400000000000105, -0.3120571428571424777, -3.798266332333400275 ) ) ;
#3045 = DIRECTION ( 'NONE',  ( 1.000000000000000000, 0.000000000000000000, 0.000000000000000000 ) ) ;
#3046 = VERTEX_POINT ( 'NONE', #1438 ) ;
#3047 = AXIS2_PLACEMENT_3D ( 'NONE', #4028, #3484, #5665 ) ;
#3048 = CARTESIAN_POINT ( 'NONE',  ( 0.7620000000000000107, -0.1523999999999999799, -0.01270000000000000122 ) ) ;
#3049 = VERTEX_POINT ( 'NONE', #374 ) ;
#3050 = EDGE_CURVE ( 'NONE', #4707, #4160, #3400, .T. ) ;
#3051 = DIRECTION ( 'NONE',  ( -1.000000000000000000, 0.000000000000000000, 0.000000000000000000 ) ) ;
#3052 = VECTOR ( 'NONE', #3594, 1000.000000000000000 ) ;
#3053 = ORIENTED_EDGE ( 'NONE', *, *, #2850, .T. ) ;
#3054 = CIRCLE ( 'NONE', #6304, 0.01270000000000000122 ) ;
#3055 = SURFACE_STYLE_USAGE ( .BOTH. , #7015 ) ;
#3056 = CARTESIAN_POINT ( 'NONE',  ( 1.168400000000000105, -0.3556000000000000272, -3.860800000000000232 ) ) ;
#3057 = AXIS2_PLACEMENT_3D ( 'NONE', #1762, #4163, #6782 ) ;
#3058 = DIRECTION ( 'NONE',  ( 1.000000000000000000, 3.557093741750344889E-16, 0.000000000000000000 ) ) ;
#3059 = CIRCLE ( 'NONE', #6524, 0.01270000000000000989 ) ;
#3060 = DIRECTION ( 'NONE',  ( 1.195183497228029984E-13, 8.537024980200214395E-15, -1.000000000000000000 ) ) ;
#3061 = CIRCLE ( 'NONE', #7086, 0.02539999999999996774 ) ;
#3062 = DIRECTION ( 'NONE',  ( -1.000000000000000000, 0.000000000000000000, 0.000000000000000000 ) ) ;
#3063 = EDGE_LOOP ( 'NONE', ( #3978, #4913, #2405, #4463, #6008, #5364 ) ) ;
#3064 = ADVANCED_FACE ( 'NONE', ( #3103 ), #6998, .T. ) ;
#3065 = EDGE_LOOP ( 'NONE', ( #2610, #501, #713 ) ) ;
#3066 = CIRCLE ( 'NONE', #2029, 0.2540000000000000591 ) ;
#3067 = DIRECTION ( 'NONE',  ( 0.000000000000000000, 0.000000000000000000, 1.000000000000000000 ) ) ;
#3068 = LINE ( 'NONE', #5271, #4881 ) ;
#3069 = DIRECTION ( 'NONE',  ( -4.512999309544760101E-16, -1.000000000000000000, 5.160812153253340022E-16 ) ) ;
#3070 = AXIS2_PLACEMENT_3D ( 'NONE', #187, #4667, #5798 ) ;
#3071 = LINE ( 'NONE', #4713, #1649 ) ;
#3072 = ORIENTED_EDGE ( 'NONE', *, *, #544, .T. ) ;
#3073 = CARTESIAN_POINT ( 'NONE',  ( -0.7620000000000000107, 0.1523999999999999799, -3.556000000000000050 ) ) ;
#3074 = EDGE_CURVE ( 'NONE', #4638, #6000, #333, .T. ) ;
#3075 = VERTEX_POINT ( 'NONE', #5417 ) ;
#3076 = DIRECTION ( 'NONE',  ( 0.000000000000000000, -1.000000000000000000, 0.000000000000000000 ) ) ;
#3077 = FACE_OUTER_BOUND ( 'NONE', #3184, .T. ) ;
#3078 = VECTOR ( 'NONE', #4978, 1000.000000000000000 ) ;
#3079 = CARTESIAN_POINT ( 'NONE',  ( -1.460499999999999909, 0.2388000000000000123, -3.784599999999999742 ) ) ;
#3080 = ORIENTED_EDGE ( 'NONE', *, *, #1032, .F. ) ;
#3081 = TOROIDAL_SURFACE ( 'NONE', #2486, 0.002699999999999999709, 0.01000000000000000021 ) ;
#3082 = ORIENTED_EDGE ( 'NONE', *, *, #6740, .T. ) ;
#3083 = B_SPLINE_CURVE_WITH_KNOTS ( 'NONE', 3,
 ( #2540, #5160, #4634, #6817 ),
 .UNSPECIFIED., .F., .F.,
 ( 4, 4 ),
 ( 0.000000000000000000, 1.000000000000000000 ),
 .UNSPECIFIED. ) ;
#3084 = LINE ( 'NONE', #837, #1280 ) ;
#3085 = ORIENTED_EDGE ( 'NONE', *, *, #649, .T. ) ;
#3086 = SHAPE_DEFINITION_REPRESENTATION ( #4433, #2557 ) ;
#3087 = EDGE_CURVE ( 'NONE', #5399, #903, #1149, .T. ) ;
#3088 = FACE_OUTER_BOUND ( 'NONE', #3956, .T. ) ;
#3089 = ORIENTED_EDGE ( 'NONE', *, *, #6228, .T. ) ;
#3090 = DIRECTION ( 'NONE',  ( 0.000000000000000000, -1.000000000000000000, -2.586977266727520463E-16 ) ) ;
#3091 = AXIS2_PLACEMENT_3D ( 'NONE', #5999, #4888, #2745 ) ;
#3092 = DIRECTION ( 'NONE',  ( 9.279374978479150332E-18, 1.000000000000000000, 0.000000000000000000 ) ) ;
#3093 = VERTEX_POINT ( 'NONE', #5987 ) ;
#3094 = SPHERICAL_SURFACE ( 'NONE', #2509, 0.01270000000000000122 ) ;
#3095 = LINE ( 'NONE', #4296, #222 ) ;
#3096 = CARTESIAN_POINT ( 'NONE',  ( -0.6603999999999999870, 0.1523999999999999799, -3.784599999999999742 ) ) ;
#3097 = DIRECTION ( 'NONE',  ( 0.000000000000000000, 1.000000000000000000, 0.000000000000000000 ) ) ;
#3098 = CARTESIAN_POINT ( 'NONE',  ( 1.435275184952550243, -0.3022536546266319513, -3.806376775596265194 ) ) ;
#3099 = VERTEX_POINT ( 'NONE', #4866 ) ;
#3100 = ORIENTED_EDGE ( 'NONE', *, *, #1655, .F. ) ;
#3101 = DIRECTION ( 'NONE',  ( 0.000000000000000000, 0.000000000000000000, 1.000000000000000000 ) ) ;
#3102 = CARTESIAN_POINT ( 'NONE',  ( -1.168400000000000105, -0.8229998780000009617, -0.6777999999999999581 ) ) ;
#3103 = FACE_OUTER_BOUND ( 'NONE', #5334, .T. ) ;
#3104 = EDGE_CURVE ( 'NONE', #1508, #726, #2095, .T. ) ;
#3105 = PLANE ( 'NONE',  #474 ) ;
#3106 = CARTESIAN_POINT ( 'NONE',  ( -1.460499999999999909, -1.661199878000000130, -3.801999999999999602 ) ) ;
#3107 = CIRCLE ( 'NONE', #4501, 0.01269999999999981734 ) ;
#3108 = ORIENTED_EDGE ( 'NONE', *, *, #4382, .F. ) ;
#3109 = VERTEX_POINT ( 'NONE', #1004 ) ;
#3110 = CARTESIAN_POINT ( 'NONE',  ( 1.168400000000000105, -0.3556000000000000272, 0.05080000000000000487 ) ) ;
#3111 = ADVANCED_FACE ( 'NONE', ( #1718 ), #7142, .F. ) ;
#3112 = CARTESIAN_POINT ( 'NONE',  ( -0.5080000000000000071, 0.1270000000000000018, -3.708400000000000141 ) ) ;
#3113 = EDGE_CURVE ( 'NONE', #1516, #3310, #5912, .T. ) ;
#3114 = DIRECTION ( 'NONE',  ( 4.048225898572159948E-16, 0.000000000000000000, 1.000000000000000000 ) ) ;
#3115 = EDGE_CURVE ( 'NONE', #2953, #1670, #6392, .T. ) ;
#3116 = ORIENTED_EDGE ( 'NONE', *, *, #4869, .F. ) ;
#3117 = ORIENTED_EDGE ( 'NONE', *, *, #56, .T. ) ;
#3118 = CARTESIAN_POINT ( 'NONE',  ( -0.3775981461818899709, -0.1523999999999999799, -0.1270000000000000018 ) ) ;
#3119 = ORIENTED_EDGE ( 'NONE', *, *, #2045, .T. ) ;
#3120 = EDGE_CURVE ( 'NONE', #6531, #903, #4439, .T. ) ;
#3121 = AXIS2_PLACEMENT_3D ( 'NONE', #3816, #1019, #2193 ) ;
#3122 = CARTESIAN_POINT ( 'NONE',  ( 0.3203999999999999626, -1.455699999999999772, -1.109600000000000142 ) ) ;
#3123 = EDGE_LOOP ( 'NONE', ( #6270, #171, #4679, #3526 ) ) ;
#3124 = DIRECTION ( 'NONE',  ( 0.000000000000000000, 0.000000000000000000, 1.000000000000000000 ) ) ;
#3125 = DIRECTION ( 'NONE',  ( 0.000000000000000000, 0.000000000000000000, -1.000000000000000000 ) ) ;
#3126 = ORIENTED_EDGE ( 'NONE', *, *, #4897, .F. ) ;
#3127 = FACE_OUTER_BOUND ( 'NONE', #1009, .T. ) ;
#3128 = EDGE_CURVE ( 'NONE', #4280, #2961, #4413, .T. ) ;
#3129 = CIRCLE ( 'NONE', #3837, 0.1524000000000000077 ) ;
#3130 = DIRECTION ( 'NONE',  ( -1.000000000000000000, -0.000000000000000000, -0.000000000000000000 ) ) ;
#3131 = CARTESIAN_POINT ( 'NONE',  ( -0.3203999999999999626, -1.635799878000000041, -3.784599999999999742 ) ) ;
#3132 = ORIENTED_EDGE ( 'NONE', *, *, #4989, .F. ) ;
#3133 = CARTESIAN_POINT ( 'NONE',  ( 1.003299999999999859, -1.290599999999999969, -3.797299999999999898 ) ) ;
#3134 = VERTEX_POINT ( 'NONE', #627 ) ;
#3135 = LINE ( 'NONE', #2501, #801 ) ;
#3136 = ORIENTED_EDGE ( 'NONE', *, *, #4976, .T. ) ;
#3137 = DIRECTION ( 'NONE',  ( 0.000000000000000000, 0.000000000000000000, -1.000000000000000000 ) ) ;
#3138 = VECTOR ( 'NONE', #6553, 1000.000000000000000 ) ;
#3139 = CARTESIAN_POINT ( 'NONE',  ( 1.168004769845369939, -0.2933829605333069801, -0.01270000000000000122 ) ) ;
#3140 = DIRECTION ( 'NONE',  ( 0.000000000000000000, -8.435277258399649770E-33, -1.000000000000000000 ) ) ;
#3141 = VECTOR ( 'NONE', #2059, 1000.000000000000000 ) ;
#3142 = CARTESIAN_POINT ( 'NONE',  ( 0.3203999999999999626, -1.453000000000000069, -1.122300000000000075 ) ) ;
#3143 = ORIENTED_EDGE ( 'NONE', *, *, #3661, .F. ) ;
#3144 = CIRCLE ( 'NONE', #1139, 0.4317999999999999616 ) ;
#3145 = VERTEX_POINT ( 'NONE', #6641 ) ;
#3146 = ADVANCED_FACE ( 'NONE', ( #3370 ), #1043, .T. ) ;
#3147 = CARTESIAN_POINT ( 'NONE',  ( -0.7620000000000000107, 0.2388000000000000123, -3.784599999999999742 ) ) ;
#3148 = CYLINDRICAL_SURFACE ( 'NONE', #4064, 0.01270000000000003765 ) ;
#3149 = AXIS2_PLACEMENT_3D ( 'NONE', #1765, #6612, #2259 ) ;
#3150 = ORIENTED_EDGE ( 'NONE', *, *, #5025, .F. ) ;
#3151 = LINE ( 'NONE', #3550, #3176 ) ;
#3152 = EDGE_CURVE ( 'NONE', #5308, #1479, #1265, .T. ) ;
#3153 = AXIS2_PLACEMENT_3D ( 'NONE', #2810, #5623, #4016 ) ;
#3154 = DIRECTION ( 'NONE',  ( 0.000000000000000000, 0.000000000000000000, 1.000000000000000000 ) ) ;
#3155 = AXIS2_PLACEMENT_3D ( 'NONE', #739, #2362, #6739 ) ;
#3156 = B_SPLINE_CURVE_WITH_KNOTS ( 'NONE', 3,
 ( #4708, #671, #711, #2473, #2916, #6894, #3443, #635, #2955, #2881 ),
 .UNSPECIFIED., .F., .F.,
 ( 4, 3, 3, 4 ),
 ( -3.600715127763474864E-06, 8.131516293641283255E-20, 2.672958070769371687E-06, 6.227259755306919307E-06 ),
 .UNSPECIFIED. ) ;
#3157 = DIRECTION ( 'NONE',  ( 0.000000000000000000, 1.000000000000000000, 0.000000000000000000 ) ) ;
#3158 = VECTOR ( 'NONE', #1005, 1000.000000000000000 ) ;
#3159 = ORIENTED_EDGE ( 'NONE', *, *, #4142, .F. ) ;
#3160 = DIRECTION ( 'NONE',  ( 1.000000000000000000, 0.000000000000000000, 0.000000000000000000 ) ) ;
#3161 = FACE_OUTER_BOUND ( 'NONE', #2751, .T. ) ;
#3162 = EDGE_CURVE ( 'NONE', #3562, #2785, #3857, .T. ) ;
#3163 = CARTESIAN_POINT ( 'NONE',  ( -1.435099999999999820, -0.8229998780000009617, -0.9317999999999999616 ) ) ;
#3164 = ORIENTED_EDGE ( 'NONE', *, *, #6912, .F. ) ;
#3165 = DIRECTION ( 'NONE',  ( 0.000000000000000000, 0.000000000000000000, -1.000000000000000000 ) ) ;
#3166 = TOROIDAL_SURFACE ( 'NONE', #6034, 0.4317999999999999616, 0.02540000000000000244 ) ;
#3167 = DIRECTION ( 'NONE',  ( 1.000000000000000000, 0.000000000000000000, 0.000000000000000000 ) ) ;
#3168 = DIRECTION ( 'NONE',  ( 0.000000000000000000, 0.000000000000000000, 1.000000000000000000 ) ) ;
#3169 = ORIENTED_EDGE ( 'NONE', *, *, #7105, .F. ) ;
#3170 = ADVANCED_FACE ( 'NONE', ( #5521 ), #1140, .F. ) ;
#3171 = VECTOR ( 'NONE', #2196, 1000.000000000000000 ) ;
#3172 = CARTESIAN_POINT ( 'NONE',  ( -0.3203999999999999626, -1.635799878000000041, -0.02540000000000000244 ) ) ;
#3173 = ORIENTED_EDGE ( 'NONE', *, *, #498, .F. ) ;
#3174 = ORIENTED_EDGE ( 'NONE', *, *, #6504, .F. ) ;
#3175 = CARTESIAN_POINT ( 'NONE',  ( -1.155699999999999950, -0.2183999999999999830, -3.797299999999999898 ) ) ;
#3176 = VECTOR ( 'NONE', #5651, 1000.000000000000000 ) ;
#3177 = AXIS2_PLACEMENT_3D ( 'NONE', #866, #7032, #378 ) ;
#3178 = DIRECTION ( 'NONE',  ( 0.000000000000000000, 0.000000000000000000, -1.000000000000000000 ) ) ;
#3179 = CARTESIAN_POINT ( 'NONE',  ( 1.460499999999999909, -0.02059999999999998638, -3.810000000000000053 ) ) ;
#3180 = EDGE_CURVE ( 'NONE', #1212, #5741, #6160, .T. ) ;
#3181 = CARTESIAN_POINT ( 'NONE',  ( 0.3103999999999999537, -1.722399999999999931, -0.4899999999999999911 ) ) ;
#3182 = EDGE_CURVE ( 'NONE', #5491, #6852, #688, .T. ) ;
#3183 = AXIS2_PLACEMENT_3D ( 'NONE', #2760, #1580, #1544 ) ;
#3184 = EDGE_LOOP ( 'NONE', ( #5830, #6439, #1220, #1631 ) ) ;
#3185 = VERTEX_POINT ( 'NONE', #4975 ) ;
#3186 = CARTESIAN_POINT ( 'NONE',  ( 1.155920031288589778, -0.3026985031197922948, -0.004047330405634364664 ) ) ;
#3187 = CARTESIAN_POINT ( 'NONE',  ( 1.434820518143996582, -1.300817249978698298, -3.810000024419291975 ) ) ;
#3188 = EDGE_CURVE ( 'NONE', #4070, #3310, #2217, .T. ) ;
#3189 = CARTESIAN_POINT ( 'NONE',  ( 1.155335172164955848, -1.301138805661561815, -0.01270000000000000122 ) ) ;
#3190 = AXIS2_PLACEMENT_3D ( 'NONE', #4568, #4531, #2888 ) ;
#3191 = DIRECTION ( 'NONE',  ( 0.000000000000000000, 0.000000000000000000, 1.000000000000000000 ) ) ;
#3192 = CIRCLE ( 'NONE', #5708, 0.02540000000000007530 ) ;
#3193 = ORIENTED_EDGE ( 'NONE', *, *, #1799, .T. ) ;
#3194 = FACE_OUTER_BOUND ( 'NONE', #6295, .T. ) ;
#3195 = CARTESIAN_POINT ( 'NONE',  ( 1.434622314912910035, -1.293128890971450007, -3.806371428571429849 ) ) ;
#3196 = FACE_OUTER_BOUND ( 'NONE', #2978, .T. ) ;
#3197 = DIRECTION ( 'NONE',  ( 0.06915226812048400062, 0.9976061165679532827, 0.000000000000000000 ) ) ;
#3198 = PLANE ( 'NONE',  #2074 ) ;
#3199 = AXIS2_PLACEMENT_3D ( 'NONE', #2984, #182, #6198 ) ;
#3200 = EDGE_CURVE ( 'NONE', #5846, #3859, #2082, .T. ) ;
#3201 = DIRECTION ( 'NONE',  ( 0.000000000000000000, 0.000000000000000000, -1.000000000000000000 ) ) ;
#3202 = VERTEX_POINT ( 'NONE', #4380 ) ;
#3203 = FACE_OUTER_BOUND ( 'NONE', #5553, .T. ) ;
#3204 = DIRECTION ( 'NONE',  ( 0.000000000000000000, 0.8660254037844451469, -0.4999999999999890643 ) ) ;
#3205 = ORIENTED_EDGE ( 'NONE', *, *, #2103, .F. ) ;
#3206 = CIRCLE ( 'NONE', #3787, 0.08890000000000025659 ) ;
#3207 = CARTESIAN_POINT ( 'NONE',  ( -0.3775981461818899709, -0.1523999999999999799, -0.1270000000000000018 ) ) ;
#3208 = EDGE_CURVE ( 'NONE', #4261, #4352, #917, .T. ) ;
#3209 = DIRECTION ( 'NONE',  ( -7.286806617430350671E-15, 1.000000000000000000, 8.537024980199341915E-15 ) ) ;
#3210 = ORIENTED_EDGE ( 'NONE', *, *, #2286, .F. ) ;
#3211 = PLANE ( 'NONE',  #4235 ) ;
#3212 = ORIENTED_EDGE ( 'NONE', *, *, #1591, .F. ) ;
#3213 = LINE ( 'NONE', #3245, #143 ) ;
#3214 = ORIENTED_EDGE ( 'NONE', *, *, #2081, .F. ) ;
#3215 = CYLINDRICAL_SURFACE ( 'NONE', #5489, 0.01270000000000000122 ) ;
#3216 = LINE ( 'NONE', #6430, #4553 ) ;
#3217 = CARTESIAN_POINT ( 'NONE',  ( 0.3203999999999999626, -1.455699999999999772, 0.000000000000000000 ) ) ;
#3218 = EDGE_CURVE ( 'NONE', #2759, #4675, #1038, .T. ) ;
#3219 = EDGE_LOOP ( 'NONE', ( #6176, #4964, #3462, #6695 ) ) ;
#3220 = ORIENTED_EDGE ( 'NONE', *, *, #3585, .T. ) ;
#3221 = CARTESIAN_POINT ( 'NONE',  ( 1.155335172164955848, -0.2942611943384370599, -3.797299999999999898 ) ) ;
#3222 = ADVANCED_FACE ( 'NONE', ( #5486 ), #4085, .T. ) ;
#3223 = LINE ( 'NONE', #3769, #6712 ) ;
#3224 = AXIS2_PLACEMENT_3D ( 'NONE', #6080, #4370, #1096 ) ;
#3225 = ORIENTED_EDGE ( 'NONE', *, *, #4520, .T. ) ;
#3226 = CARTESIAN_POINT ( 'NONE',  ( 1.435099999999999820, -1.239799999999999791, -3.784599999999999742 ) ) ;
#3227 =( GEOMETRIC_REPRESENTATION_CONTEXT ( 3 ) GLOBAL_UNCERTAINTY_ASSIGNED_CONTEXT ( ( #2580 ) ) GLOBAL_UNIT_ASSIGNED_CONTEXT ( ( #727, #655, #1162 ) ) REPRESENTATION_CONTEXT ( 'NONE', 'WORKASPACE' ) );
#3228 = DIRECTION ( 'NONE',  ( 0.000000000000000000, 1.000000000000000000, 0.000000000000000000 ) ) ;
#3229 = DIRECTION ( 'NONE',  ( 0.000000000000000000, -1.000000000000000000, 0.000000000000000000 ) ) ;
#3230 = DIRECTION ( 'NONE',  ( 0.000000000000000000, 1.000000000000000000, 0.000000000000000000 ) ) ;
#3231 = EDGE_CURVE ( 'NONE', #132, #6820, #4080, .T. ) ;
#3232 = CARTESIAN_POINT ( 'NONE',  ( -0.3203999999999999626, -1.651199878000000121, -0.02540000000000000244 ) ) ;
#3233 = ORIENTED_EDGE ( 'NONE', *, *, #4989, .T. ) ;
#3234 = CARTESIAN_POINT ( 'NONE',  ( -0.3203999999999999626, -1.661199878000000130, -1.109600000000000142 ) ) ;
#3235 = CARTESIAN_POINT ( 'NONE',  ( 0.5080000000000000071, -0.1523999999999999799, -3.568700000000000205 ) ) ;
#3236 = VERTEX_POINT ( 'NONE', #5259 ) ;
#3237 = FACE_OUTER_BOUND ( 'NONE', #7073, .T. ) ;
#3238 = EDGE_CURVE ( 'NONE', #6533, #5067, #4594, .T. ) ;
#3239 = DIRECTION ( 'NONE',  ( 1.000000000000000000, 0.000000000000000000, 0.000000000000000000 ) ) ;
#3240 = PLANE ( 'NONE',  #3681 ) ;
#3241 = AXIS2_PLACEMENT_3D ( 'NONE', #587, #1706, #6151 ) ;
#3242 = VERTEX_POINT ( 'NONE', #1897 ) ;
#3243 = CARTESIAN_POINT ( 'NONE',  ( 1.168004769845371937, -1.293128890971456002, -3.806371428571420079 ) ) ;
#3244 = ORIENTED_EDGE ( 'NONE', *, *, #4305, .T. ) ;
#3245 = CARTESIAN_POINT ( 'NONE',  ( 1.460499999999999909, -1.290599999999999969, -3.801999999999999602 ) ) ;
#3246 = CARTESIAN_POINT ( 'NONE',  ( -1.003299999999999859, 0.2134000000000000064, -4.065758146820535624E-17 ) ) ;
#3247 = ORIENTED_EDGE ( 'NONE', *, *, #6896, .T. ) ;
#3248 = CARTESIAN_POINT ( 'NONE',  ( -0.6476999999999999424, -0.1397000000000000186, -3.797299999999999898 ) ) ;
#3249 = EDGE_CURVE ( 'NONE', #5509, #2555, #5224, .T. ) ;
#3250 = UNCERTAINTY_MEASURE_WITH_UNIT (LENGTH_MEASURE( 1.000000000000000082E-05 ), #4691, 'distance_accuracy_value', 'NONE');
#3251 = CARTESIAN_POINT ( 'NONE',  ( 0.3203999999999999626, -1.737800000000000011, -0.4746000000000000218 ) ) ;
#3252 = CARTESIAN_POINT ( 'NONE',  ( 0.8515000000000000346, -0.1523999999999999799, -3.797299999999999898 ) ) ;
#3254 = ORIENTED_EDGE ( 'NONE', *, *, #1766, .F. ) ;
#3253 = AXIS2_PLACEMENT_3D ( 'NONE', #6133, #636, #2882 ) ;
#3255 = ORIENTED_EDGE ( 'NONE', *, *, #888, .T. ) ;
#3256 = VERTEX_POINT ( 'NONE', #5153 ) ;
#3257 = CARTESIAN_POINT ( 'NONE',  ( 0.000000000000000000, -1.722399999999999931, 0.000000000000000000 ) ) ;
#3258 = CARTESIAN_POINT ( 'NONE',  ( 0.2643187023273240177, -0.1523999999999999799, -0.1117599999999999982 ) ) ;
#3259 = ADVANCED_FACE ( 'NONE', ( #6318 ), #4041, .T. ) ;
#3260 = CARTESIAN_POINT ( 'NONE',  ( 1.003299999999999859, -1.290599999999999969, -0.5000000000000000000 ) ) ;
#3261 = AXIS2_PLACEMENT_3D ( 'NONE', #1652, #6701, #1108 ) ;
#3262 = ADVANCED_FACE ( 'NONE', ( #224 ), #1209, .T. ) ;
#3263 = ORIENTED_EDGE ( 'NONE', *, *, #2943, .F. ) ;
#3264 = CIRCLE ( 'NONE', #1606, 0.02540000000000000244 ) ;
#3265 = DIRECTION ( 'NONE',  ( 0.000000000000000000, 0.000000000000000000, -1.000000000000000000 ) ) ;
#3266 = CARTESIAN_POINT ( 'NONE',  ( 1.168004769845369939, -1.302017039466691894, -0.01270000000000000122 ) ) ;
#3267 = DIRECTION ( 'NONE',  ( 1.778546870875169671E-17, 1.000000000000000000, 0.000000000000000000 ) ) ;
#3268 = DIRECTION ( 'NONE',  ( 0.000000000000000000, 0.000000000000000000, -1.000000000000000000 ) ) ;
#3269 = CIRCLE ( 'NONE', #1717, 0.4572000000000000508 ) ;
#3270 = DIRECTION ( 'NONE',  ( 0.000000000000000000, 0.000000000000000000, -1.000000000000000000 ) ) ;
#3271 = AXIS2_PLACEMENT_3D ( 'NONE', #3494, #4069, #698 ) ;
#3272 = LINE ( 'NONE', #4962, #4563 ) ;
#3273 = CARTESIAN_POINT ( 'NONE',  ( -1.460499999999999909, -0.2183999999999999830, -3.801999999999999602 ) ) ;
#3274 = ORIENTED_EDGE ( 'NONE', *, *, #2846, .F. ) ;
#3275 = FACE_OUTER_BOUND ( 'NONE', #1487, .T. ) ;
#3276 = EDGE_CURVE ( 'NONE', #5277, #3010, #1281, .T. ) ;
#3277 = ADVANCED_FACE ( 'NONE', ( #5645 ), #4625, .F. ) ;
#3278 = AXIS2_PLACEMENT_3D ( 'NONE', #6898, #5767, #6326 ) ;
#3279 =( BOUNDED_SURFACE ( )  B_SPLINE_SURFACE ( 3, 2, ( 
 ( #3418, #5697, #1697 ),
 ( #4024, #3948, #93 ),
 ( #645, #2817, #3984 ),
 ( #6181, #5027, #5097 ) ),
 .UNSPECIFIED., .F., .F., .T. ) 
 B_SPLINE_SURFACE_WITH_KNOTS ( ( 4, 4 ),
 ( 3, 3 ),
 ( -6.776263578034400456E-21, 1.482969670822559960E-05 ),
 ( 0.000000000000000000, 1.000000000000000000 ),
 .UNSPECIFIED. ) 
 GEOMETRIC_REPRESENTATION_ITEM ( )  RATIONAL_B_SPLINE_SURFACE ( (
 ( 1.000000000000000000, 0.7240153679753450477, 1.000000000000000000),
 ( 1.000000000000000000, 0.7178845482538610545, 1.000000000000000000),
 ( 1.000000000000000000, 0.7120912655236509847, 1.000000000000000000),
 ( 1.000000000000000000, 0.7071067811883590126, 1.000000000000000000) ) ) 
 REPRESENTATION_ITEM ( '' )  SURFACE ( )  );
#3280 = CYLINDRICAL_SURFACE ( 'NONE', #153, 0.02540000000000007530 ) ;
#3281 = ORIENTED_EDGE ( 'NONE', *, *, #365, .F. ) ;
#3282 = EDGE_CURVE ( 'NONE', #1323, #6448, #738, .T. ) ;
#3283 = CARTESIAN_POINT ( 'NONE',  ( 1.003299999999999859, -1.455699999999999772, -1.122300000000000075 ) ) ;
#3284 = ORIENTED_EDGE ( 'NONE', *, *, #5148, .T. ) ;
#3285 = CARTESIAN_POINT ( 'NONE',  ( -1.460499999999999909, -0.9095999999999999641, -0.6777999999999999581 ) ) ;
#3286 = CIRCLE ( 'NONE', #3742, 0.002700000000000011419 ) ;
#3287 = CYLINDRICAL_SURFACE ( 'NONE', #4201, 0.02540000000000001978 ) ;
#3288 = ORIENTED_EDGE ( 'NONE', *, *, #6611, .T. ) ;
#3289 = LINE ( 'NONE', #5483, #2360 ) ;
#3290 = DIRECTION ( 'NONE',  ( 0.000000000000000000, -1.000000000000000000, 0.000000000000000000 ) ) ;
#3291 = DIRECTION ( 'NONE',  ( 0.000000000000000000, 0.000000000000000000, -1.000000000000000000 ) ) ;
#3292 = CARTESIAN_POINT ( 'NONE',  ( -1.460499999999999909, -1.455699999999999772, -0.5000000000000000000 ) ) ;
#3293 = AXIS2_PLACEMENT_3D ( 'NONE', #5864, #880, #3124 ) ;
#3294 = CARTESIAN_POINT ( 'NONE',  ( 1.155699999999999950, -0.3047999999999999599, -3.810000000000000053 ) ) ;
#3295 = EDGE_LOOP ( 'NONE', ( #4872, #6715, #5799, #1353 ) ) ;
#3296 = ADVANCED_FACE ( 'NONE', ( #6888 ), #2909, .F. ) ;
#3297 = ORIENTED_EDGE ( 'NONE', *, *, #4644, .T. ) ;
#3298 = AXIS2_PLACEMENT_3D ( 'NONE', #4440, #1065, #5977 ) ;
#3299 = VERTEX_POINT ( 'NONE', #2949 ) ;
#3300 = VECTOR ( 'NONE', #1867, 1000.000000000000000 ) ;
#3301 = AXIS2_PLACEMENT_3D ( 'NONE', #6296, #5773, #791 ) ;
#3302 = ORIENTED_EDGE ( 'NONE', *, *, #4841, .T. ) ;
#3303 = PLANE ( 'NONE',  #3389 ) ;
#3304 = FACE_OUTER_BOUND ( 'NONE', #7135, .T. ) ;
#3305 = ADVANCED_FACE ( 'NONE', ( #5186 ), #2428, .F. ) ;
#3306 = VECTOR ( 'NONE', #1683, 1000.000000000000000 ) ;
#3307 = EDGE_CURVE ( 'NONE', #1610, #2064, #4782, .T. ) ;
#3308 = CIRCLE ( 'NONE', #3534, 0.01270000000000003765 ) ;
#3309 = VERTEX_POINT ( 'NONE', #6808 ) ;
#3310 = VERTEX_POINT ( 'NONE', #5682 ) ;
#3311 = DIRECTION ( 'NONE',  ( 0.000000000000000000, 0.000000000000000000, 1.000000000000000000 ) ) ;
#3312 = VECTOR ( 'NONE', #2429, 1000.000000000000000 ) ;
#3313 = CARTESIAN_POINT ( 'NONE',  ( 0.6434666666666668533, 0.1523999999999997856, -3.793066666666666364 ) ) ;
#3314 = LINE ( 'NONE', #4392, #793 ) ;
#3315 = CIRCLE ( 'NONE', #2823, 0.01000000000000002623 ) ;
#3316 = CARTESIAN_POINT ( 'NONE',  ( -0.3775981461818899709, -0.1523999999999999799, -0.01270000000000000122 ) ) ;
#3317 = DIRECTION ( 'NONE',  ( -1.000000000000000000, 0.000000000000000000, 0.000000000000000000 ) ) ;
#3318 = AXIS2_PLACEMENT_3D ( 'NONE', #4338, #2086, #6532 ) ;
#3319 = DIRECTION ( 'NONE',  ( 0.000000000000000000, 0.000000000000000000, 1.000000000000000000 ) ) ;
#3320 = CARTESIAN_POINT ( 'NONE',  ( 1.168400000000000105, -1.286820450874599953, -0.009312182205847669217 ) ) ;
#3321 = VERTEX_POINT ( 'NONE', #2361 ) ;
#3322 = CARTESIAN_POINT ( 'NONE',  ( 0.000000000000000000, 0.1270000000000000018, 0.000000000000000000 ) ) ;
#3323 = AXIS2_PLACEMENT_3D ( 'NONE', #6963, #1871, #2016 ) ;
#3324 = PRODUCT_DEFINITION ( 'UNKNOWN', '', #5736, #3832 ) ;
#3325 = EDGE_CURVE ( 'NONE', #5638, #3944, #5120, .T. ) ;
#3326 = CARTESIAN_POINT ( 'NONE',  ( -1.460499999999999909, 0.1523999999999999799, -0.02540000000000000244 ) ) ;
#3327 = VERTEX_POINT ( 'NONE', #2465 ) ;
#3328 = VECTOR ( 'NONE', #6685, 1000.000000000000000 ) ;
#3329 = ORIENTED_EDGE ( 'NONE', *, *, #1917, .T. ) ;
#3330 = CARTESIAN_POINT ( 'NONE',  ( 0.000000000000000000, 0.1270000000000000018, -3.810000000000000053 ) ) ;
#3331 = CYLINDRICAL_SURFACE ( 'NONE', #2326, 0.01000000000000002623 ) ;
#3332 = ORIENTED_EDGE ( 'NONE', *, *, #5420, .F. ) ;
#3333 = DIRECTION ( 'NONE',  ( 0.000000000000000000, 0.000000000000000000, 1.000000000000000000 ) ) ;
#3334 = CARTESIAN_POINT ( 'NONE',  ( -1.155699999999999950, -1.443000000000000060, -3.801999999999999602 ) ) ;
#3335 = VECTOR ( 'NONE', #3524, 1000.000000000000000 ) ;
#3336 = CARTESIAN_POINT ( 'NONE',  ( 1.168400000000000105, -0.7318000000000000060, -0.6777999999999999581 ) ) ;
#3337 = LINE ( 'NONE', #2764, #3078 ) ;
#3338 = CARTESIAN_POINT ( 'NONE',  ( 0.6528122492672215893, 0.1524004400497853406, -3.792187750732771701 ) ) ;
#3339 = ORIENTED_EDGE ( 'NONE', *, *, #239, .F. ) ;
#3340 = CIRCLE ( 'NONE', #6776, 0.1651000000000000523 ) ;
#3341 = ORIENTED_EDGE ( 'NONE', *, *, #1098, .F. ) ;
#3342 = AXIS2_PLACEMENT_3D ( 'NONE', #425, #6074, #1599 ) ;
#3343 = EDGE_CURVE ( 'NONE', #6000, #4385, #5919, .T. ) ;
#3344 = CARTESIAN_POINT ( 'NONE',  ( 1.168004769845369939, -1.302017039466691894, -0.01270000000000000122 ) ) ;
#3345 = CARTESIAN_POINT ( 'NONE',  ( 1.435099890595630034, -0.3119059744695404368, -0.01196142362250979772 ) ) ;
#3346 = AXIS2_PLACEMENT_3D ( 'NONE', #3232, #2117, #6554 ) ;
#3347 = ORIENTED_EDGE ( 'NONE', *, *, #138, .F. ) ;
#3348 = CARTESIAN_POINT ( 'NONE',  ( 1.449513158960314074, -0.2929146877512544545, -7.453889935837842984E-17 ) ) ;
#3349 = ORIENTED_EDGE ( 'NONE', *, *, #1354, .T. ) ;
#3350 = CARTESIAN_POINT ( 'NONE',  ( 0.3203999999999999626, -1.722399999999999931, 0.000000000000000000 ) ) ;
#3351 = CARTESIAN_POINT ( 'NONE',  ( 0.3103999999999999537, -1.722399999999999931, -0.01000000000000000021 ) ) ;
#3352 = CARTESIAN_POINT ( 'NONE',  ( 1.003299999999999859, -1.722399999999999931, -0.5000000000000000000 ) ) ;
#3353 = EDGE_CURVE ( 'NONE', #28, #1557, #339, .T. ) ;
#3354 = CARTESIAN_POINT ( 'NONE',  ( 0.3103999999999999537, -1.455699999999999772, -0.01270000000000000122 ) ) ;
#3355 = CARTESIAN_POINT ( 'NONE',  ( 1.003299999999999859, 0.1270000000000000018, -3.810000000000000053 ) ) ;
#3356 = VECTOR ( 'NONE', #6917, 1000.000000000000000 ) ;
#3357 = DIRECTION ( 'NONE',  ( 1.000000000000000000, -1.778546870875169980E-17, 0.000000000000000000 ) ) ;
#3358 = ADVANCED_FACE ( 'NONE', ( #4664 ), #5684, .T. ) ;
#3359 = ORIENTED_EDGE ( 'NONE', *, *, #3410, .F. ) ;
#3360 = DIRECTION ( 'NONE',  ( 0.000000000000000000, 0.000000000000000000, -1.000000000000000000 ) ) ;
#3361 = CARTESIAN_POINT ( 'NONE',  ( 2.710505431213755307E-18, -0.1523999999999999799, -2.882899999999999796 ) ) ;
#3362 = VERTEX_POINT ( 'NONE', #2083 ) ;
#3363 = ORIENTED_EDGE ( 'NONE', *, *, #3577, .T. ) ;
#3364 = LINE ( 'NONE', #3330, #2598 ) ;
#3365 = EDGE_CURVE ( 'NONE', #5253, #4707, #4325, .T. ) ;
#3366 = LINE ( 'NONE', #5544, #4432 ) ;
#3367 = ORIENTED_EDGE ( 'NONE', *, *, #3599, .F. ) ;
#3368 = DIRECTION ( 'NONE',  ( 0.000000000000000000, 0.000000000000000000, 1.000000000000000000 ) ) ;
#3369 = LINE ( 'NONE', #6092, #4528 ) ;
#3370 = FACE_OUTER_BOUND ( 'NONE', #6383, .T. ) ;
#3371 = DIRECTION ( 'NONE',  ( 0.000000000000000000, 1.000000000000000000, 0.000000000000000000 ) ) ;
#3372 = ORIENTED_EDGE ( 'NONE', *, *, #3113, .T. ) ;
#3373 = ORIENTED_EDGE ( 'NONE', *, *, #291, .F. ) ;
#3374 = DIRECTION ( 'NONE',  ( 1.000000000000000000, 0.000000000000000000, 0.000000000000000000 ) ) ;
#3375 = DIRECTION ( 'NONE',  ( 1.000000000000000000, 3.460956073054389902E-16, 0.000000000000000000 ) ) ;
#3376 = CIRCLE ( 'NONE', #3014, 0.02540000000000000591 ) ;
#3377 = EDGE_LOOP ( 'NONE', ( #3999, #5370, #411, #2894 ) ) ;
#3378 = EDGE_CURVE ( 'NONE', #6914, #266, #6506, .T. ) ;
#3379 = CARTESIAN_POINT ( 'NONE',  ( 1.460342595052801729, -0.2918251578389173817, -0.01382705929295693394 ) ) ;
#3380 = EDGE_LOOP ( 'NONE', ( #5770, #4310, #7000, #4730 ) ) ;
#3381 = LINE ( 'NONE', #576, #3328 ) ;
#3382 = LINE ( 'NONE', #5096, #705 ) ;
#3383 = DIRECTION ( 'NONE',  ( 1.940232950045639978E-16, -1.000000000000000000, 0.000000000000000000 ) ) ;
#3384 = AXIS2_PLACEMENT_3D ( 'NONE', #1801, #5699, #5062 ) ;
#3385 = CARTESIAN_POINT ( 'NONE',  ( 0.000000000000000000, -0.05330000000000000016, -3.797299999999999898 ) ) ;
#3386 = ADVANCED_FACE ( 'NONE', ( #1964 ), #4335, .T. ) ;
#3387 = DIRECTION ( 'NONE',  ( -1.000000000000000000, 0.000000000000000000, 0.000000000000000000 ) ) ;
#3388 = DIRECTION ( 'NONE',  ( 1.000000000000000000, 0.000000000000000000, 0.000000000000000000 ) ) ;
#3389 = AXIS2_PLACEMENT_3D ( 'NONE', #7150, #379, #6503 ) ;
#3390 = ORIENTED_EDGE ( 'NONE', *, *, #544, .F. ) ;
#3391 = VECTOR ( 'NONE', #1726, 1000.000000000000000 ) ;
#3392 = PLANE ( 'NONE',  #6360 ) ;
#3393 = CIRCLE ( 'NONE', #5110, 0.1524000000000000077 ) ;
#3394 = EDGE_LOOP ( 'NONE', ( #286, #6456, #5840, #6237, #6555, #278, #5476, #4590, #2535, #3126 ) ) ;
#3395 = EDGE_CURVE ( 'NONE', #3099, #2785, #6621, .T. ) ;
#3396 = PLANE ( 'NONE',  #3895 ) ;
#3397 = CARTESIAN_POINT ( 'NONE',  ( 1.448597532850614877, -1.295178840382537722, -3.804069557585406436 ) ) ;
#3398 = VERTEX_POINT ( 'NONE', #1461 ) ;
#3399 = LINE ( 'NONE', #5579, #3659 ) ;
#3400 = CIRCLE ( 'NONE', #5680, 0.01000000000000002623 ) ;
#3401 = CARTESIAN_POINT ( 'NONE',  ( -1.460499999999999909, -1.747799999999999798, -1.109600000000000142 ) ) ;
#3402 = DIRECTION ( 'NONE',  ( 0.000000000000000000, 1.000000000000000000, 0.000000000000000000 ) ) ;
#3403 = AXIS2_PLACEMENT_3D ( 'NONE', #5760, #1326, #4703 ) ;
#3404 = DIRECTION ( 'NONE',  ( 0.000000000000000000, 0.000000000000000000, 1.000000000000000000 ) ) ;
#3405 = EDGE_LOOP ( 'NONE', ( #4488, #6988, #735, #2348 ) ) ;
#3406 = ORIENTED_EDGE ( 'NONE', *, *, #3927, .F. ) ;
#3407 = CARTESIAN_POINT ( 'NONE',  ( -0.3203999999999999626, -1.356399878000000170, -3.801999999999999602 ) ) ;
#3408 = VECTOR ( 'NONE', #1846, 1000.000000000000000 ) ;
#3409 = DIRECTION ( 'NONE',  ( 0.000000000000000000, 0.000000000000000000, -1.000000000000000000 ) ) ;
#3410 = EDGE_CURVE ( 'NONE', #6104, #1640, #7070, .T. ) ;
#3411 = DIRECTION ( 'NONE',  ( -0.000000000000000000, 0.000000000000000000, -1.000000000000000000 ) ) ;
#3412 = DIRECTION ( 'NONE',  ( -1.000000000000000000, 0.000000000000000000, 0.000000000000000000 ) ) ;
#3413 = CARTESIAN_POINT ( 'NONE',  ( 0.6350000000000000089, 0.1270000000000000018, -3.797299999999999898 ) ) ;
#3414 = CIRCLE ( 'NONE', #3980, 0.01000000000000000021 ) ;
#3415 = ORIENTED_EDGE ( 'NONE', *, *, #5001, .F. ) ;
#3416 = EDGE_CURVE ( 'NONE', #3667, #4300, #3095, .T. ) ;
#3417 = CARTESIAN_POINT ( 'NONE',  ( 1.449836946033424834, -1.293727220464348404, -0.003578689970917497791 ) ) ;
#3418 = CARTESIAN_POINT ( 'NONE',  ( 1.168004769845369939, -1.293128890971450007, -0.003628571428571354760 ) ) ;
#3419 = CARTESIAN_POINT ( 'NONE',  ( 1.168004769845369939, -0.3022711090285489788, -0.003628571428571434991 ) ) ;
#3420 = CIRCLE ( 'NONE', #3873, 0.01270000000000003765 ) ;
#3421 = AXIS2_PLACEMENT_3D ( 'NONE', #3477, #7155, #6141 ) ;
#3422 = VECTOR ( 'NONE', #4515, 1000.000000000000000 ) ;
#3423 = CARTESIAN_POINT ( 'NONE',  ( -1.435099999999999820, -1.203999878000000079, -0.4746000000000000218 ) ) ;
#3424 = CARTESIAN_POINT ( 'NONE',  ( -1.155699999999999950, -0.6324998780000009591, -3.801999999999999602 ) ) ;
#3425 = ORIENTED_EDGE ( 'NONE', *, *, #2656, .F. ) ;
#3426 =( NAMED_UNIT ( * ) PLANE_ANGLE_UNIT ( ) SI_UNIT ( $, .RADIAN. ) );
#3427 = ADVANCED_FACE ( 'NONE', ( #5899 ), #7018, .F. ) ;
#3428 = AXIS2_PLACEMENT_3D ( 'NONE', #4795, #5979, #5872 ) ;
#3429 = DIRECTION ( 'NONE',  ( 1.943148431314639773E-15, -1.000000000000000000, -3.607949093380944792E-46 ) ) ;
#3430 = ORIENTED_EDGE ( 'NONE', *, *, #3927, .T. ) ;
#3431 = CARTESIAN_POINT ( 'NONE',  ( 1.460170036637140178, -1.307966911734010251, -0.02540000000000000244 ) ) ;
#3432 = LINE ( 'NONE', #5677, #6835 ) ;
#3433 = ORIENTED_EDGE ( 'NONE', *, *, #2001, .F. ) ;
#3434 = CIRCLE ( 'NONE', #2592, 0.01270000000000000989 ) ;
#3435 = CARTESIAN_POINT ( 'NONE',  ( 1.155699999999999950, -0.7190999999999999615, -0.9317999999999999616 ) ) ;
#3436 = CARTESIAN_POINT ( 'NONE',  ( -0.3103999999999999537, -1.651199878000000121, -0.4746000000000000218 ) ) ;
#3437 = ADVANCED_FACE ( 'NONE', ( #6387 ), #5296, .T. ) ;
#3438 = DIRECTION ( 'NONE',  ( 1.000000000000000000, 0.000000000000000000, 0.000000000000000000 ) ) ;
#3439 = DIRECTION ( 'NONE',  ( 0.000000000000000000, -1.000000000000000000, 0.000000000000000000 ) ) ;
#3440 = CIRCLE ( 'NONE', #5384, 0.02540000000000007530 ) ;
#3441 = EDGE_LOOP ( 'NONE', ( #5878, #3825, #1613, #3513 ) ) ;
#3442 = ORIENTED_EDGE ( 'NONE', *, *, #4040, .T. ) ;
#3443 = CARTESIAN_POINT ( 'NONE',  ( 1.434904831555085858, -0.2994186278705640025, -0.001525890648737585368 ) ) ;
#3444 = AXIS2_PLACEMENT_3D ( 'NONE', #4697, #1893, #1425 ) ;
#3445 = DIRECTION ( 'NONE',  ( 0.000000000000000000, -1.000000000000000000, 0.000000000000000000 ) ) ;
#3446 = CARTESIAN_POINT ( 'NONE',  ( 1.460499999999999909, -0.3047999999999999599, -0.03718818102449890362 ) ) ;
#3447 = CYLINDRICAL_SURFACE ( 'NONE', #7112, 0.01000000000000000021 ) ;
#3448 = EDGE_LOOP ( 'NONE', ( #6600, #5024, #6344, #3589 ) ) ;
#3449 = ORIENTED_EDGE ( 'NONE', *, *, #1216, .T. ) ;
#3450 = EDGE_CURVE ( 'NONE', #140, #4937, #1272, .T. ) ;
#3451 = DIRECTION ( 'NONE',  ( 0.000000000000000000, 0.000000000000000000, -1.000000000000000000 ) ) ;
#3452 = DIRECTION ( 'NONE',  ( -1.000000000000000000, -3.460956073054389902E-16, 0.000000000000000000 ) ) ;
#3453 = LINE ( 'NONE', #6793, #2436 ) ;
#3454 = DIRECTION ( 'NONE',  ( -1.000000000000000000, 0.000000000000000000, 0.000000000000000000 ) ) ;
#3455 = PRODUCT_DEFINITION_CONTEXT ( 'detailed design', #133, 'design' ) ;
#3456 = CYLINDRICAL_SURFACE ( 'NONE', #6509, 0.02540000000000001978 ) ;
#3457 = DIRECTION ( 'NONE',  ( 1.000000000000000000, 0.000000000000000000, 0.000000000000000000 ) ) ;
#3458 = ORIENTED_EDGE ( 'NONE', *, *, #5273, .F. ) ;
#3459 = DIRECTION ( 'NONE',  ( 0.000000000000000000, -1.000000000000000000, -2.586977266727520463E-16 ) ) ;
#3460 = ORIENTED_EDGE ( 'NONE', *, *, #5466, .T. ) ;
#3461 = ADVANCED_FACE ( 'NONE', ( #1496 ), #3166, .T. ) ;
#3462 = ORIENTED_EDGE ( 'NONE', *, *, #964, .F. ) ;
#3463 = CARTESIAN_POINT ( 'NONE',  ( 0.6350000000000000089, -0.1397000000000000186, -3.810000000000000053 ) ) ;
#3464 = PLANE ( 'NONE',  #1367 ) ;
#3465 = DIRECTION ( 'NONE',  ( 0.000000000000000000, -1.000000000000000000, -2.586977266727520463E-16 ) ) ;
#3466 = CARTESIAN_POINT ( 'NONE',  ( -1.435099999999999820, -0.6197998780000010255, -0.9317999999999999616 ) ) ;
#3467 = CARTESIAN_POINT ( 'NONE',  ( 0.7620000000000000107, 0.1523999999999999799, -3.784599999999999742 ) ) ;
#3468 = ORIENTED_EDGE ( 'NONE', *, *, #4669, .T. ) ;
#3469 = ADVANCED_FACE ( 'NONE', ( #3750 ), #6451, .F. ) ;
#3470 = ORIENTED_EDGE ( 'NONE', *, *, #3282, .F. ) ;
#3471 = CYLINDRICAL_SURFACE ( 'NONE', #5822, 0.02539999999999999550 ) ;
#3472 = CARTESIAN_POINT ( 'NONE',  ( 0.3103999999999999537, -1.722399999999999931, -1.135000000000000009 ) ) ;
#3473 = CARTESIAN_POINT ( 'NONE',  ( -1.435099999999999820, -0.8229998780000009617, -1.109600000000000142 ) ) ;
#3474 = ORIENTED_EDGE ( 'NONE', *, *, #5839, .F. ) ;
#3475 = CARTESIAN_POINT ( 'NONE',  ( 1.003299999999999859, -0.3047999999999999599, -3.810000000000000053 ) ) ;
#3476 = ORIENTED_EDGE ( 'NONE', *, *, #4586, .T. ) ;
#3477 = CARTESIAN_POINT ( 'NONE',  ( 0.3775981461818899709, -0.1397000000000000186, -0.01270000000000000122 ) ) ;
#3478 = DIRECTION ( 'NONE',  ( -1.000000000000000000, 1.778546870875169980E-17, 0.000000000000000000 ) ) ;
#3479 = FACE_OUTER_BOUND ( 'NONE', #3997, .T. ) ;
#3480 = EDGE_CURVE ( 'NONE', #4316, #444, #325, .T. ) ;
#3481 = CIRCLE ( 'NONE', #4056, 0.02539999999999994693 ) ;
#3482 = VERTEX_POINT ( 'NONE', #5869 ) ;
#3483 = EDGE_CURVE ( 'NONE', #454, #3860, #3781, .T. ) ;
#3484 = DIRECTION ( 'NONE',  ( 1.000000000000000000, 0.000000000000000000, 0.000000000000000000 ) ) ;
#3485 = ORIENTED_EDGE ( 'NONE', *, *, #3152, .F. ) ;
#3486 = VECTOR ( 'NONE', #4593, 1000.000000000000000 ) ;
#3487 = CARTESIAN_POINT ( 'NONE',  ( 1.460499999999999909, -1.239799999999999791, -3.759199999999999875 ) ) ;
#3488 = VERTEX_POINT ( 'NONE', #3815 ) ;
#3489 = DIRECTION ( 'NONE',  ( 1.000000000000000000, 0.000000000000000000, 0.000000000000000000 ) ) ;
#3490 = AXIS2_PLACEMENT_3D ( 'NONE', #4623, #1817, #775 ) ;
#3491 = CARTESIAN_POINT ( 'NONE',  ( 1.435099999999999820, -0.7063999999999999169, -0.6777999999999999581 ) ) ;
#3492 = ORIENTED_EDGE ( 'NONE', *, *, #4786, .F. ) ;
#3493 = DIRECTION ( 'NONE',  ( 0.000000000000000000, 0.000000000000000000, 1.000000000000000000 ) ) ;
#3494 = CARTESIAN_POINT ( 'NONE',  ( -1.435099999999999820, -0.8229998780000009617, -0.6777999999999999581 ) ) ;
#3495 = ORIENTED_EDGE ( 'NONE', *, *, #1097, .F. ) ;
#3496 = DIRECTION ( 'NONE',  ( 0.000000000000000000, -1.000000000000000000, 0.000000000000000000 ) ) ;
#3497 = AXIS2_PLACEMENT_3D ( 'NONE', #4748, #5814, #1375 ) ;
#3498 = CARTESIAN_POINT ( 'NONE',  ( -0.5080000000000000071, 0.1523999999999999799, -3.708400000000000141 ) ) ;
#3499 = AXIS2_PLACEMENT_3D ( 'NONE', #6825, #6967, #1841 ) ;
#3500 = DIRECTION ( 'NONE',  ( -3.557093741750344889E-16, 1.000000000000000000, 0.000000000000000000 ) ) ;
#3501 = EDGE_CURVE ( 'NONE', #714, #6249, #5021, .T. ) ;
#3502 = CARTESIAN_POINT ( 'NONE',  ( 0.3203999999999999626, -1.722399999999999931, -1.109600000000000142 ) ) ;
#3503 = CARTESIAN_POINT ( 'NONE',  ( 1.460342595060398763, -0.2918251578145263370, -3.796172940698287146 ) ) ;
#3504 = ORIENTED_EDGE ( 'NONE', *, *, #6650, .F. ) ;
#3505 = AXIS2_PLACEMENT_3D ( 'NONE', #5408, #2648, #2048 ) ;
#3506 = ORIENTED_EDGE ( 'NONE', *, *, #1784, .T. ) ;
#3507 = CARTESIAN_POINT ( 'NONE',  ( 1.003299999999999859, -1.290599999999999969, -1.109600000000000142 ) ) ;
#3508 = DIRECTION ( 'NONE',  ( 1.000000000000000000, -0.000000000000000000, -0.000000000000000000 ) ) ;
#3509 = EDGE_CURVE ( 'NONE', #5231, #1435, #6680, .T. ) ;
#3510 = AXIS2_PLACEMENT_3D ( 'NONE', #3866, #2875, #561 ) ;
#3511 = VERTEX_POINT ( 'NONE', #5087 ) ;
#3512 = ORIENTED_EDGE ( 'NONE', *, *, #984, .T. ) ;
#3513 = ORIENTED_EDGE ( 'NONE', *, *, #1402, .F. ) ;
#3514 = AXIS2_PLACEMENT_3D ( 'NONE', #3207, #1534, #3789 ) ;
#3515 = CARTESIAN_POINT ( 'NONE',  ( -1.003299999999999859, 0.2388000000000000123, -0.02540000000000000244 ) ) ;
#3516 = CARTESIAN_POINT ( 'NONE',  ( -1.168400000000000105, -0.6324998780000009591, -0.6777999999999999581 ) ) ;
#3517 = FACE_OUTER_BOUND ( 'NONE', #4946, .T. ) ;
#3518 = EDGE_CURVE ( 'NONE', #752, #2683, #2685, .T. ) ;
#3519 = CARTESIAN_POINT ( 'NONE',  ( 1.155699999999999950, -0.7190999999999999615, -3.801999999999999602 ) ) ;
#3520 = EDGE_CURVE ( 'NONE', #5277, #3648, #4887, .T. ) ;
#3521 = VECTOR ( 'NONE', #2824, 1000.000000000000000 ) ;
#3522 = FACE_OUTER_BOUND ( 'NONE', #2374, .T. ) ;
#3523 = ORIENTED_EDGE ( 'NONE', *, *, #3395, .F. ) ;
#3524 = DIRECTION ( 'NONE',  ( 1.000000000000000000, 0.000000000000000000, 0.000000000000000000 ) ) ;
#3525 = CARTESIAN_POINT ( 'NONE',  ( 1.168004769845369939, -1.302017039466691894, -3.810000000000000053 ) ) ;
#3526 = ORIENTED_EDGE ( 'NONE', *, *, #970, .F. ) ;
#3527 = AXIS2_PLACEMENT_3D ( 'NONE', #7036, #6710, #2628 ) ;
#3528 = CARTESIAN_POINT ( 'NONE',  ( 0.000000000000000000, 0.000000000000000000, 0.000000000000000000 ) ) ;
#3529 = AXIS2_PLACEMENT_3D ( 'NONE', #6581, #3706, #6031 ) ;
#3530 = EDGE_CURVE ( 'NONE', #4455, #4031, #1967, .T. ) ;
#3531 = CYLINDRICAL_SURFACE ( 'NONE', #3241, 0.1777999999999999858 ) ;
#3532 = VECTOR ( 'NONE', #5757, 1000.000000000000000 ) ;
#3533 = ORIENTED_EDGE ( 'NONE', *, *, #2123, .F. ) ;
#3534 = AXIS2_PLACEMENT_3D ( 'NONE', #5807, #5378, #860 ) ;
#3535 = DIRECTION ( 'NONE',  ( -1.000000000000000000, 0.000000000000000000, 0.000000000000000000 ) ) ;
#3536 = CARTESIAN_POINT ( 'NONE',  ( 1.435099999999999820, -1.239799999999999791, 0.05080000000000000487 ) ) ;
#3537 = ORIENTED_EDGE ( 'NONE', *, *, #6337, .F. ) ;
#3538 = CARTESIAN_POINT ( 'NONE',  ( 0.3103999999999999537, -1.722399999999999931, -0.02540000000000000244 ) ) ;
#3539 = EDGE_CURVE ( 'NONE', #3801, #1101, #4674, .T. ) ;
#3540 = LINE ( 'NONE', #737, #787 ) ;
#3541 = AXIS2_PLACEMENT_3D ( 'NONE', #131, #2773, #608 ) ;
#3542 = DIRECTION ( 'NONE',  ( 1.000000000000000000, 0.000000000000000000, 0.000000000000000000 ) ) ;
#3543 = DIRECTION ( 'NONE',  ( 0.000000000000000000, 0.000000000000000000, 1.000000000000000000 ) ) ;
#3544 = CARTESIAN_POINT ( 'NONE',  ( 1.155699999999999950, -0.3047999999999999599, -3.787844054388965098 ) ) ;
#3545 = CARTESIAN_POINT ( 'NONE',  ( -1.155699999999999950, -1.369099878000000103, -0.4872999999999999554 ) ) ;
#3546 = VECTOR ( 'NONE', #4087, 1000.000000000000000 ) ;
#3547 = CARTESIAN_POINT ( 'NONE',  ( 0.3103999999999999537, -1.455699999999999772, -1.122300000000000075 ) ) ;
#3548 = ORIENTED_EDGE ( 'NONE', *, *, #4829, .F. ) ;
#3549 = VERTEX_POINT ( 'NONE', #4230 ) ;
#3550 = CARTESIAN_POINT ( 'NONE',  ( 0.000000000000000000, -0.05330000000000000016, -3.810000000000000053 ) ) ;
#3551 = CARTESIAN_POINT ( 'NONE',  ( 0.06350000000000000089, -2.387599999999999945, -3.798588917980080470 ) ) ;
#3552 = CIRCLE ( 'NONE', #6990, 0.01270000000000000122 ) ;
#3553 = CARTESIAN_POINT ( 'NONE',  ( 1.434908711004677873, -0.3068323774757215072, -3.801902316461255094 ) ) ;
#3554 = CARTESIAN_POINT ( 'NONE',  ( 0.3103999999999999537, -1.453000000000000069, -3.810000000000000053 ) ) ;
#3555 = ORIENTED_EDGE ( 'NONE', *, *, #1041, .F. ) ;
#3556 = ORIENTED_EDGE ( 'NONE', *, *, #1002, .T. ) ;
#3557 = DIRECTION ( 'NONE',  ( -1.000000000000000000, 0.000000000000000000, 0.000000000000000000 ) ) ;
#3558 = TOROIDAL_SURFACE ( 'NONE', #3678, 0.4317999999999999616, 0.02540000000000000244 ) ;
#3559 = ORIENTED_EDGE ( 'NONE', *, *, #3104, .F. ) ;
#3560 = EDGE_CURVE ( 'NONE', #3909, #3321, #3286, .T. ) ;
#3561 = CYLINDRICAL_SURFACE ( 'NONE', #6485, 0.01270000000000003765 ) ;
#3562 = VERTEX_POINT ( 'NONE', #643 ) ;
#3563 = CIRCLE ( 'NONE', #37, 0.02539999999999964161 ) ;
#3564 = DIRECTION ( 'NONE',  ( 0.000000000000000000, 0.000000000000000000, 1.000000000000000000 ) ) ;
#3565 = EDGE_LOOP ( 'NONE', ( #12, #2047, #495 ) ) ;
#3566 = DIRECTION ( 'NONE',  ( 0.000000000000000000, 0.000000000000000000, -1.000000000000000000 ) ) ;
#3567 = EDGE_CURVE ( 'NONE', #5947, #4873, #2890, .T. ) ;
#3568 = CARTESIAN_POINT ( 'NONE',  ( -0.6350000000000000089, -0.1523999999999999799, -3.581400000000000361 ) ) ;
#3569 = CARTESIAN_POINT ( 'NONE',  ( 0.000000000000000000, 0.2134000000000000064, 0.000000000000000000 ) ) ;
#3570 = ORIENTED_EDGE ( 'NONE', *, *, #3120, .T. ) ;
#3571 = PRODUCT_CONTEXT ( 'NONE', #4022, 'mechanical' ) ;
#3572 = LINE ( 'NONE', #6413, #2280 ) ;
#3573 = ADVANCED_FACE ( 'NONE', ( #1192 ), #4534, .T. ) ;
#3574 = ORIENTED_EDGE ( 'NONE', *, *, #1073, .F. ) ;
#3575 = FACE_OUTER_BOUND ( 'NONE', #6773, .T. ) ;
#3576 = PLANE ( 'NONE',  #6264 ) ;
#3577 = EDGE_CURVE ( 'NONE', #3511, #2005, #5571, .T. ) ;
#3578 = ORIENTED_EDGE ( 'NONE', *, *, #2621, .T. ) ;
#3579 = CARTESIAN_POINT ( 'NONE',  ( 0.3203999999999999626, -1.722399999999999931, -1.135000000000000009 ) ) ;
#3580 = DIRECTION ( 'NONE',  ( -1.000000000000000000, 0.000000000000000000, 0.000000000000000000 ) ) ;
#3581 = AXIS2_PLACEMENT_3D ( 'NONE', #5400, #2639, #4473 ) ;
#3582 = CARTESIAN_POINT ( 'NONE',  ( 1.155699999999999950, -0.3556000000000000272, 0.05080000000000000487 ) ) ;
#3583 = CARTESIAN_POINT ( 'NONE',  ( 4.246458508901560471E-17, -2.387599999999999945, -2.882899999999999796 ) ) ;
#3584 = EDGE_CURVE ( 'NONE', #79, #1610, #5290, .T. ) ;
#3585 = EDGE_CURVE ( 'NONE', #4441, #1795, #810, .T. ) ;
#3586 = ORIENTED_EDGE ( 'NONE', *, *, #1041, .T. ) ;
#3587 = ORIENTED_EDGE ( 'NONE', *, *, #5401, .T. ) ;
#3588 = CARTESIAN_POINT ( 'NONE',  ( -1.460499999999999909, -0.6451998780000010036, -0.9317999999999999616 ) ) ;
#3589 = ORIENTED_EDGE ( 'NONE', *, *, #5888, .F. ) ;
#3590 = CARTESIAN_POINT ( 'NONE',  ( 1.155335172164955848, -1.301138805661561815, -3.797299999999999898 ) ) ;
#3591 = CIRCLE ( 'NONE', #62, 0.01270000000000000989 ) ;
#3592 = VERTEX_POINT ( 'NONE', #6446 ) ;
#3593 = VERTEX_POINT ( 'NONE', #3746 ) ;
#3594 = DIRECTION ( 'NONE',  ( 1.000000000000000000, 1.778546870875169980E-17, 0.000000000000000000 ) ) ;
#3595 = CARTESIAN_POINT ( 'NONE',  ( -1.460499999999999909, -0.2183999999999999830, -0.02540000000000000244 ) ) ;
#3596 = DIRECTION ( 'NONE',  ( -1.000000000000000000, 0.000000000000000000, -4.742791655667130792E-16 ) ) ;
#3597 = DIRECTION ( 'NONE',  ( 0.000000000000000000, -1.000000000000000000, 0.000000000000000000 ) ) ;
#3598 = TOROIDAL_SURFACE ( 'NONE', #6113, 0.1650999999999999968, 0.01270000000000000122 ) ;
#3599 = EDGE_CURVE ( 'NONE', #3398, #5956, #1393, .T. ) ;
#3600 = LINE ( 'NONE', #5171, #6851 ) ;
#3601 = EDGE_LOOP ( 'NONE', ( #3043, #3015, #730, #5328 ) ) ;
#3602 = CARTESIAN_POINT ( 'NONE',  ( 1.168400000000000105, -1.290599999999999969, -1.122300000000000075 ) ) ;
#3603 = CARTESIAN_POINT ( 'NONE',  ( 1.104899999999999993, -1.239799999999999791, -0.02540000000000000244 ) ) ;
#3604 = ORIENTED_EDGE ( 'NONE', *, *, #1376, .F. ) ;
#3605 = ADVANCED_FACE ( 'NONE', ( #3203 ), #1996, .T. ) ;
#3606 = DIRECTION ( 'NONE',  ( 1.000000000000000000, 0.000000000000000000, 0.000000000000000000 ) ) ;
#3607 = CIRCLE ( 'NONE', #1017, 0.02540000000000007530 ) ;
#3608 = ORIENTED_EDGE ( 'NONE', *, *, #3450, .T. ) ;
#3609 = FACE_OUTER_BOUND ( 'NONE', #6956, .T. ) ;
#3610 = ORIENTED_EDGE ( 'NONE', *, *, #2468, .T. ) ;
#3611 = DIRECTION ( 'NONE',  ( 0.000000000000000000, -1.000000000000000000, 0.000000000000000000 ) ) ;
#3612 = CIRCLE ( 'NONE', #6244, 0.1524000000000000077 ) ;
#3613 = CARTESIAN_POINT ( 'NONE',  ( 1.435099999999999820, -0.9095999999999999641, -0.6777999999999999581 ) ) ;
#3614 = EDGE_CURVE ( 'NONE', #2145, #6923, #6522, .T. ) ;
#3615 = CARTESIAN_POINT ( 'NONE',  ( -1.155699999999999950, -0.06600000000000000311, -0.01270000000000000122 ) ) ;
#3616 = EDGE_CURVE ( 'NONE', #3736, #773, #4210, .T. ) ;
#3617 = CARTESIAN_POINT ( 'NONE',  ( 1.434948878380283954, -0.2933769621797834848, -3.810000000000000053 ) ) ;
#3618 = ORIENTED_EDGE ( 'NONE', *, *, #204, .F. ) ;
#3619 = CARTESIAN_POINT ( 'NONE',  ( 1.155699999999999950, -0.3047999999999999599, -0.02215594561103289770 ) ) ;
#3620 = EDGE_LOOP ( 'NONE', ( #4066, #4938, #834, #2278 ) ) ;
#3621 = PLANE ( 'NONE',  #833 ) ;
#3622 = AXIS2_PLACEMENT_3D ( 'NONE', #1521, #5997, #3229 ) ;
#3623 = ADVANCED_FACE ( 'NONE', ( #428 ), #2675, .F. ) ;
#3624 = CARTESIAN_POINT ( 'NONE',  ( -0.3103999999999999537, -1.651199878000000121, -3.784599999999999742 ) ) ;
#3625 = FACE_OUTER_BOUND ( 'NONE', #575, .T. ) ;
#3626 = VERTEX_POINT ( 'NONE', #950 ) ;
#3627 = CARTESIAN_POINT ( 'NONE',  ( 0.7620000000000000107, -0.1523999999999999799, -3.810000000000000053 ) ) ;
#3628 = CIRCLE ( 'NONE', #5908, 0.1904999999999999194 ) ;
#3629 = VERTEX_POINT ( 'NONE', #6944 ) ;
#3630 = DIRECTION ( 'NONE',  ( -1.000000000000000000, -1.778546870875169980E-17, 0.000000000000000000 ) ) ;
#3631 = ORIENTED_EDGE ( 'NONE', *, *, #5742, .T. ) ;
#3632 = CARTESIAN_POINT ( 'NONE',  ( -1.435099999999999820, -0.6451998780000010036, -0.6777999999999999581 ) ) ;
#3633 = FACE_OUTER_BOUND ( 'NONE', #1923, .T. ) ;
#3634 = ADVANCED_FACE ( 'NONE', ( #4289 ), #7045, .F. ) ;
#3635 = AXIS2_PLACEMENT_3D ( 'NONE', #3663, #7026, #3178 ) ;
#3636 = LINE ( 'NONE', #6254, #349 ) ;
#3637 = ORIENTED_EDGE ( 'NONE', *, *, #2590, .T. ) ;
#3638 = ORIENTED_EDGE ( 'NONE', *, *, #907, .T. ) ;
#3639 = CARTESIAN_POINT ( 'NONE',  ( 0.3203999999999999626, -0.1729999999999999871, -3.810000000000000053 ) ) ;
#3640 = CARTESIAN_POINT ( 'NONE',  ( 1.003299999999999859, 0.1523999999999999799, -3.810000000000000053 ) ) ;
#3641 = ORIENTED_EDGE ( 'NONE', *, *, #2337, .F. ) ;
#3642 = DIRECTION ( 'NONE',  ( 0.000000000000000000, 0.000000000000000000, 1.000000000000000000 ) ) ;
#3643 = AXIS2_PLACEMENT_3D ( 'NONE', #5360, #358, #1457 ) ;
#3644 = CARTESIAN_POINT ( 'NONE',  ( -1.460499999999999909, 0.06600012200000000828, -3.784599999999999742 ) ) ;
#3645 = ORIENTED_EDGE ( 'NONE', *, *, #1838, .T. ) ;
#3646 = DIRECTION ( 'NONE',  ( 0.000000000000000000, 0.000000000000000000, 1.000000000000000000 ) ) ;
#3647 = VECTOR ( 'NONE', #3452, 1000.000000000000000 ) ;
#3648 = VERTEX_POINT ( 'NONE', #2075 ) ;
#3649 = FILL_AREA_STYLE ('',( #2605 ) ) ;
#3650 = EDGE_CURVE ( 'NONE', #890, #157, #4451, .T. ) ;
#3651 = CIRCLE ( 'NONE', #6406, 0.02539999999999996774 ) ;
#3652 = CARTESIAN_POINT ( 'NONE',  ( 1.435099999999999820, -0.3556000000000000272, -3.860800000000000232 ) ) ;
#3653 = STYLED_ITEM ( 'NONE', ( #4764 ), #4453 ) ;
#3654 = CARTESIAN_POINT ( 'NONE',  ( -0.6465576313933579788, 0.1523999999999999799, -3.791521184303320080 ) ) ;
#3655 = DIRECTION ( 'NONE',  ( 0.000000000000000000, 0.000000000000000000, 1.000000000000000000 ) ) ;
#3656 = FILL_AREA_STYLE ('',( #6811 ) ) ;
#3657 = VERTEX_POINT ( 'NONE', #5971 ) ;
#3658 = ORIENTED_EDGE ( 'NONE', *, *, #1748, .F. ) ;
#3659 = VECTOR ( 'NONE', #446, 1000.000000000000000 ) ;
#3660 = DIRECTION ( 'NONE',  ( 0.000000000000000000, 0.000000000000000000, -1.000000000000000000 ) ) ;
#3661 = EDGE_CURVE ( 'NONE', #4149, #3398, #1736, .T. ) ;
#3662 = DIRECTION ( 'NONE',  ( -1.000000000000000000, 2.081944747837114972E-15, 1.219574997171543861E-15 ) ) ;
#3663 = CARTESIAN_POINT ( 'NONE',  ( 1.168400000000000105, -1.239799999999999791, -3.860800000000000232 ) ) ;
#3664 = TOROIDAL_SURFACE ( 'NONE', #1759, 0.1016000000000000097, 0.02540000000000000244 ) ;
#3665 = PLANE ( 'NONE',  #1993 ) ;
#3666 = ORIENTED_EDGE ( 'NONE', *, *, #2001, .T. ) ;
#3667 = VERTEX_POINT ( 'NONE', #989 ) ;
#3668 = CARTESIAN_POINT ( 'NONE',  ( 1.435099999999999820, -0.3556000000000000272, 0.05080000000000000487 ) ) ;
#3669 = AXIS2_PLACEMENT_3D ( 'NONE', #5090, #5624, #162 ) ;
#3670 = CYLINDRICAL_SURFACE ( 'NONE', #3497, 0.02540000000000007530 ) ;
#3671 = TOROIDAL_SURFACE ( 'NONE', #2129, 0.4317999999999999616, 0.02540000000000085245 ) ;
#3672 = ORIENTED_EDGE ( 'NONE', *, *, #2979, .F. ) ;
#3673 = EDGE_CURVE ( 'NONE', #4854, #6249, #5435, .T. ) ;
#3674 = EDGE_LOOP ( 'NONE', ( #1249, #2920, #1645, #3363 ) ) ;
#3675 = CARTESIAN_POINT ( 'NONE',  ( -1.168400000000000105, -0.6324998780000009591, -0.9317999999999999616 ) ) ;
#3676 = EDGE_LOOP ( 'NONE', ( #5103, #6836, #3495 ) ) ;
#3677 = CARTESIAN_POINT ( 'NONE',  ( 0.1448400546819999524, 0.1803103958239999638, 5.714999999999999858 ) ) ;
#3678 = AXIS2_PLACEMENT_3D ( 'NONE', #3683, #6416, #6312 ) ;
#3679 = DIRECTION ( 'NONE',  ( 1.000000000000000000, 0.000000000000000000, 0.000000000000000000 ) ) ;
#3680 = ORIENTED_EDGE ( 'NONE', *, *, #1394, .F. ) ;
#3681 = AXIS2_PLACEMENT_3D ( 'NONE', #7133, #5440, #2084 ) ;
#3682 = DIRECTION ( 'NONE',  ( 0.000000000000000000, 1.000000000000000000, 0.000000000000000000 ) ) ;
#3683 = CARTESIAN_POINT ( 'NONE',  ( -1.003299999999999859, -1.203999878000000079, -0.02540000000000000244 ) ) ;
#3684 = ORIENTED_EDGE ( 'NONE', *, *, #4402, .F. ) ;
#3685 = DIRECTION ( 'NONE',  ( -0.9976061165679531717, 0.06915226812048400062, 0.000000000000000000 ) ) ;
#3686 = DIRECTION ( 'NONE',  ( 0.000000000000000000, 0.000000000000000000, -1.000000000000000000 ) ) ;
#3687 = DIRECTION ( 'NONE',  ( 0.000000000000000000, 0.000000000000000000, -1.000000000000000000 ) ) ;
#3688 = ORIENTED_EDGE ( 'NONE', *, *, #94, .T. ) ;
#3689 = EDGE_CURVE ( 'NONE', #1052, #1479, #6281, .T. ) ;
#3690 = DIRECTION ( 'NONE',  ( 1.000000000000000000, 0.000000000000000000, 0.000000000000000000 ) ) ;
#3691 = ORIENTED_EDGE ( 'NONE', *, *, #2174, .T. ) ;
#3692 = ORIENTED_EDGE ( 'NONE', *, *, #412, .T. ) ;
#3693 = DIRECTION ( 'NONE',  ( 0.000000000000000000, 0.000000000000000000, -1.000000000000000000 ) ) ;
#3694 = DIRECTION ( 'NONE',  ( 1.332032549587681689E-16, 0.000000000000000000, -1.000000000000000000 ) ) ;
#3695 = CARTESIAN_POINT ( 'NONE',  ( -1.460499999999999909, -1.203999878000000079, -1.135000000000000009 ) ) ;
#3696 = CARTESIAN_POINT ( 'NONE',  ( 1.435100000004843945, -1.283421474725656042, -0.01200331085368320019 ) ) ;
#3697 = CARTESIAN_POINT ( 'NONE',  ( 1.155699999999999950, -1.290599999999999969, -3.787844054388965098 ) ) ;
#3698 = ADVANCED_FACE ( 'NONE', ( #1286 ), #6402, .T. ) ;
#3699 = AXIS2_PLACEMENT_3D ( 'NONE', #5896, #1358, #5939 ) ;
#3700 = ORIENTED_EDGE ( 'NONE', *, *, #33, .F. ) ;
#3701 = ORIENTED_EDGE ( 'NONE', *, *, #5063, .T. ) ;
#3702 = CARTESIAN_POINT ( 'NONE',  ( 1.460499999999999909, -1.239799999999999791, -0.05080000000000000487 ) ) ;
#3703 = CARTESIAN_POINT ( 'NONE',  ( -1.168400000000000105, -0.08639987800000020757, -3.797299999999999898 ) ) ;
#3704 = ORIENTED_EDGE ( 'NONE', *, *, #1470, .T. ) ;
#3705 = CARTESIAN_POINT ( 'NONE',  ( 1.435099999999999820, -1.290599999999999969, -1.109600000000000142 ) ) ;
#3706 = DIRECTION ( 'NONE',  ( 0.000000000000000000, 0.000000000000000000, -1.000000000000000000 ) ) ;
#3707 = DIRECTION ( 'NONE',  ( 0.000000000000000000, 0.000000000000000000, 1.000000000000000000 ) ) ;
#3708 = EDGE_CURVE ( 'NONE', #3667, #132, #6155, .T. ) ;
#3709 = CARTESIAN_POINT ( 'NONE',  ( 1.155699999999999950, -1.239799999999999791, 0.05080000000000000487 ) ) ;
#3710 = ORIENTED_EDGE ( 'NONE', *, *, #109, .T. ) ;
#3711 = FACE_OUTER_BOUND ( 'NONE', #3441, .T. ) ;
#3712 = FACE_OUTER_BOUND ( 'NONE', #865, .T. ) ;
#3713 = ORIENTED_EDGE ( 'NONE', *, *, #741, .T. ) ;
#3714 = DIRECTION ( 'NONE',  ( 0.000000000000000000, -1.000000000000000000, 0.000000000000000000 ) ) ;
#3715 = EDGE_CURVE ( 'NONE', #3099, #5707, #6966, .T. ) ;
#3716 = CIRCLE ( 'NONE', #2772, 0.01270000000000000989 ) ;
#3717 = DIRECTION ( 'NONE',  ( 0.000000000000000000, 0.000000000000000000, -1.000000000000000000 ) ) ;
#3718 = FACE_OUTER_BOUND ( 'NONE', #6021, .T. ) ;
#3719 = ORIENTED_EDGE ( 'NONE', *, *, #1097, .T. ) ;
#3720 = DIRECTION ( 'NONE',  ( 0.000000000000000000, 0.000000000000000000, 1.000000000000000000 ) ) ;
#3721 = ORIENTED_EDGE ( 'NONE', *, *, #4367, .T. ) ;
#3722 = CARTESIAN_POINT ( 'NONE',  ( 1.434877578085476557, -1.297598407550452970, -0.0007601789909187044300 ) ) ;
#3723 = EDGE_LOOP ( 'NONE', ( #6983, #6259, #6459, #3033 ) ) ;
#3724 = CARTESIAN_POINT ( 'NONE',  ( 1.435099999999999820, -0.9095999999999999641, -1.109600000000000142 ) ) ;
#3725 = AXIS2_PLACEMENT_3D ( 'NONE', #1598, #3230, #508 ) ;
#3726 = FACE_OUTER_BOUND ( 'NONE', #958, .T. ) ;
#3727 = DIRECTION ( 'NONE',  ( 0.000000000000000000, 0.000000000000000000, -1.000000000000000000 ) ) ;
#3728 = ORIENTED_EDGE ( 'NONE', *, *, #2123, .T. ) ;
#3729 = AXIS2_PLACEMENT_3D ( 'NONE', #3110, #4135, #5279 ) ;
#3730 = EDGE_LOOP ( 'NONE', ( #3925, #2150, #2933, #1579, #822, #899, #548, #328 ) ) ;
#3731 = CARTESIAN_POINT ( 'NONE',  ( 1.434922034347865250, -1.294943470417438292, -3.807913489326392398 ) ) ;
#3732 = ADVANCED_FACE ( 'NONE', ( #3711 ), #5812, .T. ) ;
#3733 = CYLINDRICAL_SURFACE ( 'NONE', #4424, 0.01000000000000002623 ) ;
#3734 = CIRCLE ( 'NONE', #3505, 0.01270000000000000989 ) ;
#3735 = ORIENTED_EDGE ( 'NONE', *, *, #4821, .F. ) ;
#3736 = VERTEX_POINT ( 'NONE', #913 ) ;
#3737 = AXIS2_PLACEMENT_3D ( 'NONE', #894, #6461, #1505 ) ;
#3738 = CARTESIAN_POINT ( 'NONE',  ( 1.459994215790140215, -1.312099610783223902, -3.788228571428569946 ) ) ;
#3739 = CARTESIAN_POINT ( 'NONE',  ( -0.3775981461818899709, -0.1397000000000000186, -0.1270000000000000018 ) ) ;
#3740 = EDGE_CURVE ( 'NONE', #3299, #1887, #6627, .T. ) ;
#3741 = SPHERICAL_SURFACE ( 'NONE', #4865, 0.01270000000000000122 ) ;
#3742 = AXIS2_PLACEMENT_3D ( 'NONE', #5835, #5298, #5630 ) ;
#3743 = DIRECTION ( 'NONE',  ( 0.000000000000000000, 0.000000000000000000, -1.000000000000000000 ) ) ;
#3744 = TOROIDAL_SURFACE ( 'NONE', #5003, 0.1142999999999999988, 0.01270000000000000122 ) ;
#3745 = ORIENTED_EDGE ( 'NONE', *, *, #1728, .T. ) ;
#3746 = CARTESIAN_POINT ( 'NONE',  ( 0.6476999999999999424, -0.1523999999999999799, -3.708400000000000141 ) ) ;
#3747 = CARTESIAN_POINT ( 'NONE',  ( -1.168400000000000105, -0.08639987800000020757, -3.810000000000000053 ) ) ;
#3748 = ORIENTED_EDGE ( 'NONE', *, *, #1507, .T. ) ;
#3749 =( REPRESENTATION_RELATIONSHIP ('NONE','NONE', #6547, #2516 ) REPRESENTATION_RELATIONSHIP_WITH_TRANSFORMATION ( #6514 )SHAPE_REPRESENTATION_RELATIONSHIP( ) );
#3750 = FACE_OUTER_BOUND ( 'NONE', #4581, .T. ) ;
#3751 = LINE ( 'NONE', #261, #5488 ) ;
#3752 = ORIENTED_EDGE ( 'NONE', *, *, #6016, .F. ) ;
#3753 = CARTESIAN_POINT ( 'NONE',  ( 1.155699999999999950, -1.294358769795859843, -3.790679496245224822 ) ) ;
#3754 = ORIENTED_EDGE ( 'NONE', *, *, #2448, .F. ) ;
#3755 = ADVANCED_FACE ( 'NONE', ( #615 ), #582, .T. ) ;
#3756 = DIRECTION ( 'NONE',  ( -0.000000000000000000, 0.000000000000000000, 1.000000000000000000 ) ) ;
#3757 = ORIENTED_EDGE ( 'NONE', *, *, #2815, .T. ) ;
#3758 = FACE_OUTER_BOUND ( 'NONE', #6408, .T. ) ;
#3759 = AXIS2_PLACEMENT_3D ( 'NONE', #5996, #4880, #4809 ) ;
#3760 = DIRECTION ( 'NONE',  ( 1.000000000000000000, 0.000000000000000000, 0.000000000000000000 ) ) ;
#3761 = LINE ( 'NONE', #4832, #2679 ) ;
#3762 = DIRECTION ( 'NONE',  ( 0.000000000000000000, 1.000000000000000000, 0.000000000000000000 ) ) ;
#3763 = DIRECTION ( 'NONE',  ( 1.940232950045639978E-16, -1.000000000000000000, 0.000000000000000000 ) ) ;
#3764 = CIRCLE ( 'NONE', #6301, 0.01000000000000002623 ) ;
#3765 = VERTEX_POINT ( 'NONE', #6001 ) ;
#3766 = ORIENTED_EDGE ( 'NONE', *, *, #1090, .T. ) ;
#3767 = PLANE ( 'NONE',  #6863 ) ;
#3768 = DIRECTION ( 'NONE',  ( 0.000000000000000000, 0.000000000000000000, 1.000000000000000000 ) ) ;
#3769 = CARTESIAN_POINT ( 'NONE',  ( -0.6350000000000000089, 0.1270000000000000018, -3.581400000000000361 ) ) ;
#3770 = AXIS2_PLACEMENT_3D ( 'NONE', #4677, #164, #4132 ) ;
#3771 = FACE_OUTER_BOUND ( 'NONE', #3620, .T. ) ;
#3772 = ORIENTED_EDGE ( 'NONE', *, *, #1532, .T. ) ;
#3773 = EDGE_CURVE ( 'NONE', #6914, #3786, #5126, .T. ) ;
#3774 = CIRCLE ( 'NONE', #6309, 0.01270000000000003765 ) ;
#3775 = EDGE_LOOP ( 'NONE', ( #4727, #7109, #1806, #91, #1574, #2844, #3281, #305 ) ) ;
#3776 = LINE ( 'NONE', #3226, #1746 ) ;
#3777 = CARTESIAN_POINT ( 'NONE',  ( 1.168004769845369939, -1.302017039466691894, -0.01270000000000000122 ) ) ;
#3778 = DIRECTION ( 'NONE',  ( 0.000000000000000000, -1.000000000000000000, 0.000000000000000000 ) ) ;
#3779 = CARTESIAN_POINT ( 'NONE',  ( 1.434622314912914032, -1.293128890971450007, -3.806371428571429849 ) ) ;
#3780 = CIRCLE ( 'NONE', #4710, 0.02540000000000007530 ) ;
#3781 = LINE ( 'NONE', #985, #5002 ) ;
#3782 = DIRECTION ( 'NONE',  ( 1.000000000000000000, 0.000000000000000000, 0.000000000000000000 ) ) ;
#3783 = EDGE_CURVE ( 'NONE', #3736, #4026, #1629, .T. ) ;
#3784 = CARTESIAN_POINT ( 'NONE',  ( -0.3203999999999999626, -1.661199878000001018, -0.4899999999999999911 ) ) ;
#3785 = CARTESIAN_POINT ( 'NONE',  ( 0.5080000000000000071, 0.1270000000000000018, -3.556000000000000050 ) ) ;
#3786 = VERTEX_POINT ( 'NONE', #1159 ) ;
#3787 = AXIS2_PLACEMENT_3D ( 'NONE', #3818, #4435, #1023 ) ;
#3788 = DIRECTION ( 'NONE',  ( 5.501350007938411563E-15, 0.8206518066482831886, 0.5714285714285810558 ) ) ;
#3789 = DIRECTION ( 'NONE',  ( 0.000000000000000000, 0.000000000000000000, -1.000000000000000000 ) ) ;
#3790 = VECTOR ( 'NONE', #5705, 1000.000000000000000 ) ;
#3791 = ORIENTED_EDGE ( 'NONE', *, *, #345, .T. ) ;
#3792 = EDGE_CURVE ( 'NONE', #2073, #6908, #1051, .T. ) ;
#3793 = ORIENTED_EDGE ( 'NONE', *, *, #4940, .T. ) ;
#3794 = CARTESIAN_POINT ( 'NONE',  ( 1.168400000000000105, -1.239799999999999791, -3.860800000000000232 ) ) ;
#3795 = CYLINDRICAL_SURFACE ( 'NONE', #566, 0.1777999999999999858 ) ;
#3796 = ORIENTED_EDGE ( 'NONE', *, *, #2132, .T. ) ;
#3797 = CYLINDRICAL_SURFACE ( 'NONE', #3183, 0.02539999999999999550 ) ;
#3798 = ADVANCED_BREP_SHAPE_REPRESENTATION ( '', ( #4453, #1337 ), #1343 ) ;
#3799 = FACE_OUTER_BOUND ( 'NONE', #4889, .T. ) ;
#3800 = EDGE_CURVE ( 'NONE', #165, #3667, #2158, .T. ) ;
#3801 = VERTEX_POINT ( 'NONE', #2270 ) ;
#3802 = ORIENTED_EDGE ( 'NONE', *, *, #5100, .F. ) ;
#3803 = VERTEX_POINT ( 'NONE', #2119 ) ;
#3804 = CARTESIAN_POINT ( 'NONE',  ( 0.3203999999999999626, -1.722399999999999931, -3.784599999999999742 ) ) ;
#3805 = FACE_OUTER_BOUND ( 'NONE', #3838, .T. ) ;
#3806 =( GEOMETRIC_REPRESENTATION_CONTEXT ( 3 ) GLOBAL_UNCERTAINTY_ASSIGNED_CONTEXT ( ( #5269 ) ) GLOBAL_UNIT_ASSIGNED_CONTEXT ( ( #2866, #3426, #2350 ) ) REPRESENTATION_CONTEXT ( 'NONE', 'WORKASPACE' ) );
#3807 = CARTESIAN_POINT ( 'NONE',  ( -1.435099999999999820, -0.6197998780000010255, -0.6777999999999999581 ) ) ;
#3808 = ORIENTED_EDGE ( 'NONE', *, *, #570, .T. ) ;
#3809 = EDGE_CURVE ( 'NONE', #2593, #3046, #1699, .T. ) ;
#3810 = CARTESIAN_POINT ( 'NONE',  ( -0.3203999999999999626, -1.366399878000000179, -3.801999999999999602 ) ) ;
#3811 = DIRECTION ( 'NONE',  ( 2.276539994720218757E-15, -1.000000000000000000, 0.000000000000000000 ) ) ;
#3812 = CARTESIAN_POINT ( 'NONE',  ( -1.155699999999999950, -0.8229998780000009617, -0.4872999999999999554 ) ) ;
#3813 = CARTESIAN_POINT ( 'NONE',  ( -0.06350000000000000089, -0.1523999999999999799, -3.810000000000000053 ) ) ;
#3814 = EDGE_CURVE ( 'NONE', #6991, #1181, #2713, .T. ) ;
#3815 = CARTESIAN_POINT ( 'NONE',  ( 0.3203999999999999626, -1.722399999999999931, -0.5000000000000000000 ) ) ;
#3816 = CARTESIAN_POINT ( 'NONE',  ( -0.3203999999999999626, -1.635799878000000041, -3.799999999999999822 ) ) ;
#3817 = CARTESIAN_POINT ( 'NONE',  ( -0.06350000000000000089, -0.1523999999999999799, -2.882899999999999796 ) ) ;
#3818 = CARTESIAN_POINT ( 'NONE',  ( 1.155699999999999950, -0.3556000000000000272, -3.860800000000000232 ) ) ;
#3819 = ORIENTED_EDGE ( 'NONE', *, *, #1938, .F. ) ;
#3820 = DIRECTION ( 'NONE',  ( -0.000000000000000000, -0.000000000000000000, -1.000000000000000000 ) ) ;
#3821 = EDGE_CURVE ( 'NONE', #1092, #4352, #6041, .T. ) ;
#3822 = CARTESIAN_POINT ( 'NONE',  ( -0.3203999999999999626, -1.635799878000000041, -1.119599999999999929 ) ) ;
#3823 = ORIENTED_EDGE ( 'NONE', *, *, #4109, .T. ) ;
#3824 = CARTESIAN_POINT ( 'NONE',  ( 1.434907879388964025, -0.3068205743339115221, -3.801913881131175010 ) ) ;
#3825 = ORIENTED_EDGE ( 'NONE', *, *, #1207, .F. ) ;
#3826 = CARTESIAN_POINT ( 'NONE',  ( -0.6603999999999999870, 0.1523999999999999799, -3.784599999999999742 ) ) ;
#3827 = PLANE ( 'NONE',  #4663 ) ;
#3828 = VERTEX_POINT ( 'NONE', #4931 ) ;
#3829 = CARTESIAN_POINT ( 'NONE',  ( 1.155700000000247973, -0.3047999999998939891, -3.787844054388865178 ) ) ;
#3830 = DIRECTION ( 'NONE',  ( 2.561107494060244652E-14, 1.000000000000000000, 0.000000000000000000 ) ) ;
#3831 = ADVANCED_FACE ( 'NONE', ( #3891 ), #4365, .T. ) ;
#3832 = PRODUCT_DEFINITION_CONTEXT ( 'detailed design', #5855, 'design' ) ;
#3833 = DIRECTION ( 'NONE',  ( 0.000000000000000000, 0.000000000000000000, -1.000000000000000000 ) ) ;
#3834 = DIRECTION ( 'NONE',  ( 1.000000000000000000, 0.000000000000000000, 0.000000000000000000 ) ) ;
#3835 = CARTESIAN_POINT ( 'NONE',  ( 0.2769053072000524640, 0.1270000000000000018, -0.1134533333333331978 ) ) ;
#3836 = VERTEX_POINT ( 'NONE', #3817 ) ;
#3838 = EDGE_LOOP ( 'NONE', ( #2383, #654, #4794, #2575 ) ) ;
#3837 = AXIS2_PLACEMENT_3D ( 'NONE', #4983, #7186, #4457 ) ;
#3839 = ORIENTED_EDGE ( 'NONE', *, *, #372, .T. ) ;
#3840 = EDGE_LOOP ( 'NONE', ( #2879, #6358, #1708, #2325 ) ) ;
#3841 = DIRECTION ( 'NONE',  ( 0.000000000000000000, -1.000000000000000000, 0.000000000000000000 ) ) ;
#3842 = VECTOR ( 'NONE', #4153, 1000.000000000000000 ) ;
#3843 = DIRECTION ( 'NONE',  ( 0.000000000000000000, 0.000000000000000000, -1.000000000000000000 ) ) ;
#3844 = ORIENTED_EDGE ( 'NONE', *, *, #2103, .T. ) ;
#3845 = VECTOR ( 'NONE', #868, 1000.000000000000000 ) ;
#3846 = EDGE_CURVE ( 'NONE', #494, #6492, #6734, .T. ) ;
#3847 = CARTESIAN_POINT ( 'NONE',  ( 1.460857628045921341, -1.293759028386979093, -3.806988834625784524 ) ) ;
#3848 = LINE ( 'NONE', #5432, #5448 ) ;
#3849 = AXIS2_PLACEMENT_3D ( 'NONE', #2408, #6867, #5851 ) ;
#3850 = LINE ( 'NONE', #947, #619 ) ;
#3851 = AXIS2_PLACEMENT_3D ( 'NONE', #3017, #4589, #733 ) ;
#3852 = PRODUCT_DEFINITION_SHAPE ( 'NONE', 'NONE',  #5107 ) ;
#3853 = CARTESIAN_POINT ( 'NONE',  ( 1.435099999999999820, -0.7318000000000000060, -0.6777999999999999581 ) ) ;
#3854 = LINE ( 'NONE', #6558, #850 ) ;
#3855 = ORIENTED_EDGE ( 'NONE', *, *, #5888, .T. ) ;
#3856 = DIRECTION ( 'NONE',  ( 1.000000000000000000, 0.000000000000000000, 0.000000000000000000 ) ) ;
#3857 = CIRCLE ( 'NONE', #6273, 0.02539999999999999550 ) ;
#3858 = DIRECTION ( 'NONE',  ( 5.692817669867079358E-17, -5.692817669867100312E-17, -1.000000000000000000 ) ) ;
#3859 = VERTEX_POINT ( 'NONE', #6037 ) ;
#3860 = VERTEX_POINT ( 'NONE', #3853 ) ;
#3861 = ADVANCED_FACE ( 'NONE', ( #5568 ), #6286, .T. ) ;
#3862 = CARTESIAN_POINT ( 'NONE',  ( -0.3203999999999999626, -1.356399878000000170, -3.797299999999999898 ) ) ;
#3863 = CARTESIAN_POINT ( 'NONE',  ( 0.6476999999999999424, 0.1270000000000000018, -3.797299999999999898 ) ) ;
#3864 = ORIENTED_EDGE ( 'NONE', *, *, #4190, .F. ) ;
#3865 = CARTESIAN_POINT ( 'NONE',  ( 1.168004769845369939, -1.293128890971450007, -0.003628571428571359531 ) ) ;
#3866 = CARTESIAN_POINT ( 'NONE',  ( 1.409462824231156159E-15, -0.1397000000000000186, -0.07619999999999998996 ) ) ;
#3867 = AXIS2_PLACEMENT_3D ( 'NONE', #1601, #6623, #1022 ) ;
#3868 = EDGE_CURVE ( 'NONE', #1, #6709, #697, .T. ) ;
#3869 = CARTESIAN_POINT ( 'NONE',  ( 0.6603999999999999870, 0.1523999999999999799, -3.784599999999999742 ) ) ;
#3870 = ORIENTED_EDGE ( 'NONE', *, *, #4656, .F. ) ;
#3871 = EDGE_CURVE ( 'NONE', #266, #3736, #3272, .T. ) ;
#3872 = ORIENTED_EDGE ( 'NONE', *, *, #2570, .F. ) ;
#3873 = AXIS2_PLACEMENT_3D ( 'NONE', #5461, #5352, #2666 ) ;
#3874 = AXIS2_PLACEMENT_3D ( 'NONE', #3568, #6375, #4725 ) ;
#3875 = LINE ( 'NONE', #5383, #1485 ) ;
#3876 = CARTESIAN_POINT ( 'NONE',  ( -1.460499999999999909, -0.08639987800000020757, -0.02540000000000000244 ) ) ;
#3877 = FACE_OUTER_BOUND ( 'NONE', #6370, .T. ) ;
#3878 = VECTOR ( 'NONE', #1783, 1000.000000000000000 ) ;
#3879 = EDGE_CURVE ( 'NONE', #7002, #607, #1126, .T. ) ;
#3880 = EDGE_CURVE ( 'NONE', #5741, #6802, #3975, .T. ) ;
#3881 = ORIENTED_EDGE ( 'NONE', *, *, #4917, .F. ) ;
#3882 = FACE_OUTER_BOUND ( 'NONE', #4619, .T. ) ;
#3883 = EDGE_LOOP ( 'NONE', ( #1463, #3900, #532, #1658 ) ) ;
#3884 = DIRECTION ( 'NONE',  ( 0.000000000000000000, 0.000000000000000000, -1.000000000000000000 ) ) ;
#3885 = CARTESIAN_POINT ( 'NONE',  ( 0.06350000000000000089, 0.1523999999999999799, -2.882899999999999796 ) ) ;
#3886 = AXIS2_PLACEMENT_3D ( 'NONE', #3545, #5723, #742 ) ;
#3887 = FACE_OUTER_BOUND ( 'NONE', #5530, .T. ) ;
#3888 = ADVANCED_FACE ( 'NONE', ( #1266 ), #6873, .T. ) ;
#3889 = DIRECTION ( 'NONE',  ( 0.000000000000000000, 0.000000000000000000, 1.000000000000000000 ) ) ;
#3890 = AXIS2_PLACEMENT_3D ( 'NONE', #3142, #4775, #5340 ) ;
#3891 = FACE_OUTER_BOUND ( 'NONE', #3601, .T. ) ;
#3892 = DIRECTION ( 'NONE',  ( 1.000000000000000000, -0.000000000000000000, -0.000000000000000000 ) ) ;
#3893 = ORIENTED_EDGE ( 'NONE', *, *, #6679, .F. ) ;
#3894 = CARTESIAN_POINT ( 'NONE',  ( -0.3203999999999999626, -1.661199878000000130, -1.134999999999999787 ) ) ;
#3895 = AXIS2_PLACEMENT_3D ( 'NONE', #1275, #149, #4657 ) ;
#3896 = ADVANCED_FACE ( 'NONE', ( #1883 ), #5701, .T. ) ;
#3897 = CARTESIAN_POINT ( 'NONE',  ( -1.003299999999999859, -0.2183999999999999830, -3.810000000000000053 ) ) ;
#3898 = ORIENTED_EDGE ( 'NONE', *, *, #4148, .F. ) ;
#3899 = CIRCLE ( 'NONE', #5510, 0.1270000000000000018 ) ;
#3900 = ORIENTED_EDGE ( 'NONE', *, *, #5915, .F. ) ;
#3901 = CARTESIAN_POINT ( 'NONE',  ( -1.435099999999999820, -1.661199878000000130, -1.109600000000000142 ) ) ;
#3902 = FACE_OUTER_BOUND ( 'NONE', #3377, .T. ) ;
#3903 = EDGE_LOOP ( 'NONE', ( #3559, #4374, #3700, #2821 ) ) ;
#3904 = CARTESIAN_POINT ( 'NONE',  ( 1.104899999999999993, -0.2933829605333069801, -3.797299999999999898 ) ) ;
#3905 = DIRECTION ( 'NONE',  ( 1.000000000000000000, 0.000000000000000000, 0.000000000000000000 ) ) ;
#3906 = AXIS2_PLACEMENT_3D ( 'NONE', #2749, #6038, #7127 ) ;
#3907 = ADVANCED_FACE ( 'NONE', ( #3007 ), #5921, .T. ) ;
#3908 = DIRECTION ( 'NONE',  ( 0.000000000000000000, 0.000000000000000000, -1.000000000000000000 ) ) ;
#3909 = VERTEX_POINT ( 'NONE', #5102 ) ;
#3910 = VERTEX_POINT ( 'NONE', #3991 ) ;
#3911 = CARTESIAN_POINT ( 'NONE',  ( 0.3203999999999999626, -1.737799999999999789, -3.801999999999999602 ) ) ;
#3912 = CARTESIAN_POINT ( 'NONE',  ( 1.460499999999999909, -0.2969026250533239875, -0.03288177851255619927 ) ) ;
#3913 = EDGE_CURVE ( 'NONE', #5638, #3629, #3600, .T. ) ;
#3914 = CARTESIAN_POINT ( 'NONE',  ( 1.460170036637324031, -0.2874330882707889501, -0.02540000000845404546 ) ) ;
#3915 = ORIENTED_EDGE ( 'NONE', *, *, #6700, .F. ) ;
#3916 = DIRECTION ( 'NONE',  ( 1.000000000000000000, 1.778546870875169980E-17, 0.000000000000000000 ) ) ;
#3917 = DIRECTION ( 'NONE',  ( 0.000000000000000000, -1.000000000000000000, 0.000000000000000000 ) ) ;
#3918 = EDGE_CURVE ( 'NONE', #1465, #4543, #4680, .T. ) ;
#3919 = DIRECTION ( 'NONE',  ( -1.000000000000000000, 0.000000000000000000, 0.000000000000000000 ) ) ;
#3920 = VECTOR ( 'NONE', #6978, 1000.000000000000000 ) ;
#3921 = ORIENTED_EDGE ( 'NONE', *, *, #5538, .T. ) ;
#3922 = TOROIDAL_SURFACE ( 'NONE', #2747, 0.1142999999999999988, 0.01270000000000000122 ) ;
#3923 = CARTESIAN_POINT ( 'NONE',  ( -0.3203999999999999626, -1.635799878000000041, -0.4746000000000000218 ) ) ;
#3924 = DIRECTION ( 'NONE',  ( 1.707404996040188661E-14, 0.000000000000000000, 1.000000000000000000 ) ) ;
#3925 = ORIENTED_EDGE ( 'NONE', *, *, #3947, .T. ) ;
#3926 = CARTESIAN_POINT ( 'NONE',  ( -1.003299999999999859, -1.203999878000000079, -0.01270000000000000122 ) ) ;
#3927 = EDGE_CURVE ( 'NONE', #1648, #2600, #5576, .T. ) ;
#3928 = ADVANCED_FACE ( 'NONE', ( #798 ), #3456, .T. ) ;
#3929 = DIRECTION ( 'NONE',  ( 0.000000000000000000, 1.000000000000000000, 0.000000000000000000 ) ) ;
#3930 = ORIENTED_EDGE ( 'NONE', *, *, #4952, .F. ) ;
#3931 = DIRECTION ( 'NONE',  ( 0.000000000000000000, -1.000000000000000000, 0.000000000000000000 ) ) ;
#3932 = CARTESIAN_POINT ( 'NONE',  ( -0.3103999999999999537, -1.661199878000000130, -3.801999999999999602 ) ) ;
#3933 = VERTEX_POINT ( 'NONE', #2414 ) ;
#3934 = PLANE ( 'NONE',  #353 ) ;
#3935 = EDGE_CURVE ( 'NONE', #5574, #5570, #2305, .T. ) ;
#3936 = AXIS2_PLACEMENT_3D ( 'NONE', #1745, #5035, #38 ) ;
#3937 = CARTESIAN_POINT ( 'NONE',  ( 1.003299999999999859, -0.3047999999999999599, -3.797299999999999898 ) ) ;
#3938 = LINE ( 'NONE', #119, #7103 ) ;
#3939 = CARTESIAN_POINT ( 'NONE',  ( 0.2769053072000524640, 0.1523999999999999799, -0.1134533333333331978 ) ) ;
#3940 = ORIENTED_EDGE ( 'NONE', *, *, #5452, .F. ) ;
#3941 = ORIENTED_EDGE ( 'NONE', *, *, #3879, .T. ) ;
#3942 = PLANE ( 'NONE',  #6006 ) ;
#3943 = AXIS2_PLACEMENT_3D ( 'NONE', #534, #6171, #2770 ) ;
#3944 = VERTEX_POINT ( 'NONE', #4540 ) ;
#3945 = DIRECTION ( 'NONE',  ( 1.000000000000000000, 0.000000000000000000, 0.000000000000000000 ) ) ;
#3946 = EDGE_LOOP ( 'NONE', ( #1066, #1422, #699, #3339, #4827, #5179, #3332, #3254 ) ) ;
#3947 = EDGE_CURVE ( 'NONE', #519, #4308, #1198, .T. ) ;
#3948 = CARTESIAN_POINT ( 'NONE',  ( 1.155942982001380237, -1.289720632491163643, -0.006920704496397229490 ) ) ;
#3949 = CIRCLE ( 'NONE', #5780, 0.01000000000000002623 ) ;
#3950 = CYLINDRICAL_SURFACE ( 'NONE', #6130, 0.1524000000000000077 ) ;
#3951 = VECTOR ( 'NONE', #466, 1000.000000000000000 ) ;
#3952 = DIRECTION ( 'NONE',  ( -4.573406239393299093E-16, -0.8206518066482887397, 0.5714285714285728401 ) ) ;
#3953 = FACE_OUTER_BOUND ( 'NONE', #5913, .T. ) ;
#3954 = EDGE_CURVE ( 'NONE', #6213, #5048, #226, .T. ) ;
#3955 = VECTOR ( 'NONE', #4095, 1000.000000000000000 ) ;
#3956 = EDGE_LOOP ( 'NONE', ( #2205, #5202, #864, #6876 ) ) ;
#3957 = AXIS2_PLACEMENT_3D ( 'NONE', #1692, #54, #4526 ) ;
#3958 = DIRECTION ( 'NONE',  ( 1.000000000000000000, 0.000000000000000000, 0.000000000000000000 ) ) ;
#3959 = ORIENTED_EDGE ( 'NONE', *, *, #1483, .T. ) ;
#3960 = DIRECTION ( 'NONE',  ( 0.000000000000000000, 0.000000000000000000, -1.000000000000000000 ) ) ;
#3961 = ADVANCED_FACE ( 'NONE', ( #4102 ), #6762, .T. ) ;
#3962 = ORIENTED_EDGE ( 'NONE', *, *, #2363, .T. ) ;
#3963 = PLANE ( 'NONE',  #3874 ) ;
#3964 = CARTESIAN_POINT ( 'NONE',  ( 1.434949037077364098, -1.302017039466691894, -3.810000000000000053 ) ) ;
#3965 = CARTESIAN_POINT ( 'NONE',  ( 0.5080000000000000071, -0.1397000000000000186, -3.708400000000000141 ) ) ;
#3966 = DIRECTION ( 'NONE',  ( 1.000000000000000000, -1.778546870875171212E-15, 0.000000000000000000 ) ) ;
#3967 = FACE_OUTER_BOUND ( 'NONE', #3676, .T. ) ;
#3968 = EDGE_CURVE ( 'NONE', #1782, #5574, #2096, .T. ) ;
#3969 = VECTOR ( 'NONE', #3090, 1000.000000000000000 ) ;
#3970 = DIRECTION ( 'NONE',  ( 0.000000000000000000, 0.000000000000000000, 1.000000000000000000 ) ) ;
#3971 = ORIENTED_EDGE ( 'NONE', *, *, #5227, .F. ) ;
#3972 = ORIENTED_EDGE ( 'NONE', *, *, #6454, .T. ) ;
#3973 = CARTESIAN_POINT ( 'NONE',  ( 0.3203999999999999626, -1.453000000000000069, -3.810000000000000053 ) ) ;
#3974 = CARTESIAN_POINT ( 'NONE',  ( -0.7620000000000000107, -0.1397000000000000186, -3.568700000000000205 ) ) ;
#3975 = CIRCLE ( 'NONE', #1395, 0.01270000000000003765 ) ;
#3976 = CARTESIAN_POINT ( 'NONE',  ( -0.5080000000000000071, -0.1523999999999999799, -3.708400000000000141 ) ) ;
#3977 = LINE ( 'NONE', #6174, #493 ) ;
#3978 = ORIENTED_EDGE ( 'NONE', *, *, #5377, .T. ) ;
#3979 = CARTESIAN_POINT ( 'NONE',  ( 0.3203999999999999626, -1.722399999999999931, -3.810000000000000053 ) ) ;
#3980 = AXIS2_PLACEMENT_3D ( 'NONE', #2667, #2595, #3154 ) ;
#3981 = ORIENTED_EDGE ( 'NONE', *, *, #111, .F. ) ;
#3982 = CARTESIAN_POINT ( 'NONE',  ( -1.003299999999999859, -0.2183999999999999830, -3.784599999999999742 ) ) ;
#3983 = FACE_OUTER_BOUND ( 'NONE', #2063, .T. ) ;
#3984 = CARTESIAN_POINT ( 'NONE',  ( 1.155700000000214001, -1.294358769793882091, -0.01932050375511560128 ) ) ;
#3985 = CYLINDRICAL_SURFACE ( 'NONE', #5786, 0.01270000000000000989 ) ;
#3986 = AXIS2_PLACEMENT_3D ( 'NONE', #745, #5159, #4047 ) ;
#3987 = CIRCLE ( 'NONE', #5248, 0.07619999999999998996 ) ;
#3988 = VECTOR ( 'NONE', #5877, 1000.000000000000000 ) ;
#3989 = EDGE_CURVE ( 'NONE', #7104, #1850, #139, .T. ) ;
#3990 = AXIS2_PLACEMENT_3D ( 'NONE', #2836, #2727, #3368 ) ;
#3991 = CARTESIAN_POINT ( 'NONE',  ( -1.168400000000000105, -0.2183999999999999830, -3.810000000000000053 ) ) ;
#3992 = DIRECTION ( 'NONE',  ( 1.778546870875169671E-17, 1.000000000000000000, 0.000000000000000000 ) ) ;
#3993 = ORIENTED_EDGE ( 'NONE', *, *, #6705, .F. ) ;
#3994 = VECTOR ( 'NONE', #156, 1000.000000000000000 ) ;
#3995 = ADVANCED_FACE ( 'NONE', ( #6796 ), #5817, .T. ) ;
#3996 = FACE_OUTER_BOUND ( 'NONE', #1908, .T. ) ;
#3997 = EDGE_LOOP ( 'NONE', ( #3757, #4089, #2870, #4767 ) ) ;
#3998 = CARTESIAN_POINT ( 'NONE',  ( 0.7620000000000000107, 0.1270000000000000018, -3.784599999999999742 ) ) ;
#3999 = ORIENTED_EDGE ( 'NONE', *, *, #984, .F. ) ;
#4000 = AXIS2_PLACEMENT_3D ( 'NONE', #1221, #6290, #1296 ) ;
#4001 = CYLINDRICAL_SURFACE ( 'NONE', #4226, 0.01270000000000003765 ) ;
#4002 = DIRECTION ( 'NONE',  ( 0.000000000000000000, -1.000000000000000000, 0.000000000000000000 ) ) ;
#4003 = CARTESIAN_POINT ( 'NONE',  ( -1.168400000000000105, -0.2387998779999999932, 0.000000000000000000 ) ) ;
#4004 = CARTESIAN_POINT ( 'NONE',  ( 1.460170036639712121, -1.307966911730596093, -0.02540000002256644768 ) ) ;
#4005 = ADVANCED_FACE ( 'NONE', ( #1300 ), #5936, .T. ) ;
#4006 = AXIS2_PLACEMENT_3D ( 'NONE', #2245, #4340, #2168 ) ;
#4007 = DIRECTION ( 'NONE',  ( -1.000000000000000000, 0.000000000000000000, 0.000000000000000000 ) ) ;
#4008 = ORIENTED_EDGE ( 'NONE', *, *, #6831, .T. ) ;
#4009 = ORIENTED_EDGE ( 'NONE', *, *, #6337, .T. ) ;
#4010 = DIRECTION ( 'NONE',  ( -2.561107494060339947E-14, 1.000000000000000000, -2.914722646971839870E-14 ) ) ;
#4011 = ADVANCED_FACE ( 'NONE', ( #4893 ), #1163, .T. ) ;
#4012 = VECTOR ( 'NONE', #951, 1000.000000000000000 ) ;
#4013 = ADVANCED_FACE ( 'NONE', ( #2037 ), #4291, .F. ) ;
#4014 = ADVANCED_FACE ( 'NONE', ( #952 ), #4330, .T. ) ;
#4015 = DIRECTION ( 'NONE',  ( 0.000000000000000000, 1.000000000000000000, 0.000000000000000000 ) ) ;
#4016 = DIRECTION ( 'NONE',  ( -1.332032549587681689E-16, 0.000000000000000000, 1.000000000000000000 ) ) ;
#4017 = DIRECTION ( 'NONE',  ( -0.000000000000000000, 1.000000000000000000, 0.000000000000000000 ) ) ;
#4018 = CIRCLE ( 'NONE', #6083, 0.01000000000000002623 ) ;
#4019 = ORIENTED_EDGE ( 'NONE', *, *, #2294, .F. ) ;
#4020 = CARTESIAN_POINT ( 'NONE',  ( 1.451216310926703779, -0.2979504919155468445, -4.913533926555506485E-05 ) ) ;
#4021 = ORIENTED_EDGE ( 'NONE', *, *, #4198, .T. ) ;
#4022 = APPLICATION_CONTEXT ( 'automotive_design' ) ;
#4023 = CARTESIAN_POINT ( 'NONE',  ( -0.3103999999999999537, -1.635799878000000041, -0.01000000000000000021 ) ) ;
#4024 = CARTESIAN_POINT ( 'NONE',  ( 1.168250276533425946, -1.290095028946977918, -0.006601136992557350182 ) ) ;
#4025 = CARTESIAN_POINT ( 'NONE',  ( -0.3203999999999999626, -1.369099878000000103, -0.01270000000000000122 ) ) ;
#4026 = VERTEX_POINT ( 'NONE', #1302 ) ;
#4027 = EDGE_CURVE ( 'NONE', #3309, #5737, #5495, .T. ) ;
#4028 = CARTESIAN_POINT ( 'NONE',  ( 1.003299999999999859, 0.1270000000000000018, -0.02540000000000000244 ) ) ;
#4029 = ORIENTED_EDGE ( 'NONE', *, *, #5955, .F. ) ;
#4030 = DIRECTION ( 'NONE',  ( 0.000000000000000000, 0.000000000000000000, -1.000000000000000000 ) ) ;
#4031 = VERTEX_POINT ( 'NONE', #3515 ) ;
#4032 = EDGE_CURVE ( 'NONE', #4316, #3562, #681, .T. ) ;
#4033 = AXIS2_PLACEMENT_3D ( 'NONE', #3926, #2, #6560 ) ;
#4034 = DIRECTION ( 'NONE',  ( 4.136121471833167213E-48, -1.000000000000000000, -2.586977266727520463E-16 ) ) ;
#4035 = ORIENTED_EDGE ( 'NONE', *, *, #2294, .T. ) ;
#4036 = CARTESIAN_POINT ( 'NONE',  ( -1.003299999999999859, -1.635799878000000041, -3.784599999999999742 ) ) ;
#4037 = FACE_OUTER_BOUND ( 'NONE', #6047, .T. ) ;
#4038 = ORIENTED_EDGE ( 'NONE', *, *, #7165, .F. ) ;
#4039 = LINE ( 'NONE', #1206, #5941 ) ;
#4040 = EDGE_CURVE ( 'NONE', #1670, #1952, #1910, .T. ) ;
#4041 = CYLINDRICAL_SURFACE ( 'NONE', #1624, 0.01000000000000002623 ) ;
#4042 = DIRECTION ( 'NONE',  ( -1.000000000000000000, 0.000000000000000000, 0.000000000000000000 ) ) ;
#4043 = CARTESIAN_POINT ( 'NONE',  ( 1.451216310936562115, -0.2979504919151828024, -3.809950864660702763 ) ) ;
#4044 = ORIENTED_EDGE ( 'NONE', *, *, #1478, .F. ) ;
#4045 = TOROIDAL_SURFACE ( 'NONE', #1802, 0.2794000000000000372, 0.02540000000000000244 ) ;
#4046 = VERTEX_POINT ( 'NONE', #1410 ) ;
#4047 = DIRECTION ( 'NONE',  ( 0.000000000000000000, 0.000000000000000000, 1.000000000000000000 ) ) ;
#4048 = EDGE_CURVE ( 'NONE', #3933, #5618, #4456, .T. ) ;
#4049 = CYLINDRICAL_SURFACE ( 'NONE', #3943, 0.02539999999999999550 ) ;
#4050 = CIRCLE ( 'NONE', #4965, 0.4317999999999999616 ) ;
#4051 = DIRECTION ( 'NONE',  ( 0.000000000000000000, 0.000000000000000000, 1.000000000000000000 ) ) ;
#4052 = EDGE_LOOP ( 'NONE', ( #3839, #2296, #1077, #6763 ) ) ;
#4053 = DIRECTION ( 'NONE',  ( 1.000000000000000000, 0.000000000000000000, 0.000000000000000000 ) ) ;
#4054 = LINE ( 'NONE', #6687, #4871 ) ;
#4055 = DIRECTION ( 'NONE',  ( 0.000000000000000000, 0.000000000000000000, 1.000000000000000000 ) ) ;
#4056 = AXIS2_PLACEMENT_3D ( 'NONE', #6496, #1437, #2689 ) ;
#4057 = ORIENTED_EDGE ( 'NONE', *, *, #3282, .T. ) ;
#4058 = EDGE_CURVE ( 'NONE', #1640, #2915, #1876, .T. ) ;
#4059 = CARTESIAN_POINT ( 'NONE',  ( 1.178480622266852101E-18, 0.1270000000000000018, 0.000000000000000000 ) ) ;
#4060 = ORIENTED_EDGE ( 'NONE', *, *, #725, .F. ) ;
#4061 = AXIS2_PLACEMENT_3D ( 'NONE', #7157, #5534, #4927 ) ;
#4062 = CARTESIAN_POINT ( 'NONE',  ( -1.003299999999999859, -1.661199878000000130, -0.02540000000000000244 ) ) ;
#4063 = ORIENTED_EDGE ( 'NONE', *, *, #4351, .F. ) ;
#4064 = AXIS2_PLACEMENT_3D ( 'NONE', #3703, #902, #2411 ) ;
#4065 = LINE ( 'NONE', #4112, #5433 ) ;
#4066 = ORIENTED_EDGE ( 'NONE', *, *, #3773, .F. ) ;
#4067 = VECTOR ( 'NONE', #1877, 1000.000000000000000 ) ;
#4068 = DIRECTION ( 'NONE',  ( -1.000000000000000000, 0.000000000000000000, 0.000000000000000000 ) ) ;
#4069 = DIRECTION ( 'NONE',  ( -1.000000000000000000, 0.000000000000000000, 0.000000000000000000 ) ) ;
#4070 = VERTEX_POINT ( 'NONE', #755 ) ;
#4071 = DIRECTION ( 'NONE',  ( 1.000000000000000000, 0.000000000000000000, 0.000000000000000000 ) ) ;
#4072 = VECTOR ( 'NONE', #6032, 1000.000000000000000 ) ;
#4073 = CARTESIAN_POINT ( 'NONE',  ( -1.003299999999999859, -0.2183999999999999830, -8.131516293641280790E-17 ) ) ;
#4074 = DIRECTION ( 'NONE',  ( 0.000000000000000000, 0.000000000000000000, -1.000000000000000000 ) ) ;
#4075 = CARTESIAN_POINT ( 'NONE',  ( 1.434949037077364098, -1.302017039466691894, -3.810000000000000053 ) ) ;
#4076 = EDGE_CURVE ( 'NONE', #4070, #113, #4718, .T. ) ;
#4077 = FACE_OUTER_BOUND ( 'NONE', #4972, .T. ) ;
#4078 = DIRECTION ( 'NONE',  ( 0.000000000000000000, 0.000000000000000000, 1.000000000000000000 ) ) ;
#4079 = VERTEX_POINT ( 'NONE', #3002 ) ;
#4080 = CIRCLE ( 'NONE', #2795, 0.01000000000000000021 ) ;
#4081 = ORIENTED_EDGE ( 'NONE', *, *, #6238, .F. ) ;
#4082 = CARTESIAN_POINT ( 'NONE',  ( 1.434820518144961365, -0.2945827500212968575, -3.810000024418808362 ) ) ;
#4083 = DIRECTION ( 'NONE',  ( 0.000000000000000000, -1.000000000000000000, 0.000000000000000000 ) ) ;
#4084 = DIRECTION ( 'NONE',  ( 0.000000000000000000, -1.000000000000000000, 0.000000000000000000 ) ) ;
#4085 = TOROIDAL_SURFACE ( 'NONE', #4996, 0.2032000000000000195, 0.02540000000000000244 ) ;
#4086 = VECTOR ( 'NONE', #3908, 1000.000000000000000 ) ;
#4087 = DIRECTION ( 'NONE',  ( 0.000000000000000000, -1.000000000000000000, -2.586977266727520463E-16 ) ) ;
#4088 = ADVANCED_FACE ( 'NONE', ( #5738 ), #1401, .T. ) ;
#4089 = ORIENTED_EDGE ( 'NONE', *, *, #5889, .T. ) ;
#4090 = ORIENTED_EDGE ( 'NONE', *, *, #1434, .T. ) ;
#4091 = CARTESIAN_POINT ( 'NONE',  ( 1.460499999999999909, -0.9095999999999999641, -0.6777999999999999581 ) ) ;
#4092 = ORIENTED_EDGE ( 'NONE', *, *, #1003, .T. ) ;
#4093 = VECTOR ( 'NONE', #3686, 1000.000000000000000 ) ;
#4094 = DIRECTION ( 'NONE',  ( 1.000000000000000000, 5.348169659711130409E-47, 3.084148247602369771E-32 ) ) ;
#4095 = DIRECTION ( 'NONE',  ( 0.000000000000000000, -1.000000000000000000, 0.000000000000000000 ) ) ;
#4096 = DIRECTION ( 'NONE',  ( 1.000000000000000000, 0.000000000000000000, 0.000000000000000000 ) ) ;
#4097 = EDGE_CURVE ( 'NONE', #6206, #5956, #2813, .T. ) ;
#4098 = ORIENTED_EDGE ( 'NONE', *, *, #1184, .T. ) ;
#4099 = AXIS2_PLACEMENT_3D ( 'NONE', #6658, #3952, #1093 ) ;
#4100 = ADVANCED_FACE ( 'NONE', ( #202 ), #4527, .T. ) ;
#4101 = VECTOR ( 'NONE', #1345, 1000.000000000000000 ) ;
#4102 = FACE_OUTER_BOUND ( 'NONE', #6131, .T. ) ;
#4103 = ORIENTED_EDGE ( 'NONE', *, *, #5993, .T. ) ;
#4104 = DIRECTION ( 'NONE',  ( 0.000000000000000000, 0.000000000000000000, 1.000000000000000000 ) ) ;
#4105 = ORIENTED_EDGE ( 'NONE', *, *, #3814, .T. ) ;
#4106 = CIRCLE ( 'NONE', #3986, 0.01000000000000002623 ) ;
#4107 = DIRECTION ( 'NONE',  ( 1.000000000000000000, 0.000000000000000000, 0.000000000000000000 ) ) ;
#4108 = AXIS2_PLACEMENT_3D ( 'NONE', #7194, #2775, #578 ) ;
#4109 = EDGE_CURVE ( 'NONE', #341, #1203, #415, .T. ) ;
#4110 = EDGE_CURVE ( 'NONE', #3765, #7104, #937, .T. ) ;
#4111 = EDGE_CURVE ( 'NONE', #5308, #3801, #2622, .T. ) ;
#4112 = CARTESIAN_POINT ( 'NONE',  ( 0.3103999999999999537, -1.737799999999999789, -0.02540000000000007530 ) ) ;
#4113 = AXIS2_PLACEMENT_3D ( 'NONE', #1934, #4828, #6359 ) ;
#4114 = ORIENTED_EDGE ( 'NONE', *, *, #1615, .F. ) ;
#4115 = LINE ( 'NONE', #2602, #6194 ) ;
#4116 = EDGE_LOOP ( 'NONE', ( #6929, #2546, #5123, #3476 ) ) ;
#4117 = DIRECTION ( 'NONE',  ( 0.000000000000000000, 0.000000000000000000, -1.000000000000000000 ) ) ;
#4118 = ADVANCED_FACE ( 'NONE', ( #2057 ), #6518, .T. ) ;
#4119 = CYLINDRICAL_SURFACE ( 'NONE', #2962, 0.1524000000000000077 ) ;
#4120 = VECTOR ( 'NONE', #1211, 1000.000000000000000 ) ;
#4121 = DIRECTION ( 'NONE',  ( 0.000000000000000000, -1.000000000000000000, 0.000000000000000000 ) ) ;
#4122 = CARTESIAN_POINT ( 'NONE',  ( 0.5080000000000000071, 0.1523999999999999799, -3.556000000000000050 ) ) ;
#4123 = CIRCLE ( 'NONE', #604, 0.2666999999999999926 ) ;
#4124 = ORIENTED_EDGE ( 'NONE', *, *, #4394, .T. ) ;
#4125 = ORIENTED_EDGE ( 'NONE', *, *, #5038, .T. ) ;
#4126 = CARTESIAN_POINT ( 'NONE',  ( 1.434921994694818626, -0.3004541371816072948, -3.807914781575782559 ) ) ;
#4127 = ADVANCED_FACE ( 'NONE', ( #2659 ), #3767, .T. ) ;
#4128 = CARTESIAN_POINT ( 'NONE',  ( -0.3203999999999999626, -1.661199878000000130, -1.119600000000000151 ) ) ;
#4129 = CIRCLE ( 'NONE', #6314, 0.02540000000000001978 ) ;
#4130 = ORIENTED_EDGE ( 'NONE', *, *, #6905, .T. ) ;
#4131 = VERTEX_POINT ( 'NONE', #7110 ) ;
#4132 = DIRECTION ( 'NONE',  ( -1.000000000000000000, 0.000000000000000000, 0.000000000000000000 ) ) ;
#4133 = AXIS2_PLACEMENT_3D ( 'NONE', #5637, #1199, #3457 ) ;
#4134 = VERTEX_POINT ( 'NONE', #4386 ) ;
#4135 = DIRECTION ( 'NONE',  ( 1.000000000000000000, 0.000000000000000000, 0.000000000000000000 ) ) ;
#4136 = ADVANCED_FACE ( 'NONE', ( #2548 ), #1519, .T. ) ;
#4137 = LINE ( 'NONE', #1264, #6164 ) ;
#4138 = VECTOR ( 'NONE', #1701, 1000.000000000000000 ) ;
#4139 = CARTESIAN_POINT ( 'NONE',  ( 1.449513158958003922, -1.302485312248666149, -3.810000000000000053 ) ) ;
#4140 = ORIENTED_EDGE ( 'NONE', *, *, #21, .F. ) ;
#4141 = DIRECTION ( 'NONE',  ( 1.000000000000000000, 0.000000000000000000, 0.000000000000000000 ) ) ;
#4142 = EDGE_CURVE ( 'NONE', #4350, #3803, #2135, .T. ) ;
#4143 = CARTESIAN_POINT ( 'NONE',  ( 0.8515000000000000346, -0.1397000000000000186, 1.016439536705160099E-17 ) ) ;
#4144 = ORIENTED_EDGE ( 'NONE', *, *, #1315, .F. ) ;
#4145 = APPLICATION_PROTOCOL_DEFINITION ( 'draft international standard', 'automotive_design', 1998, #133 ) ;
#4146 = ADVANCED_FACE ( 'NONE', ( #173 ), #3963, .F. ) ;
#4147 = DIRECTION ( 'NONE',  ( 0.000000000000000000, 0.000000000000000000, -1.000000000000000000 ) ) ;
#4148 = EDGE_CURVE ( 'NONE', #4796, #4234, #1918, .T. ) ;
#4149 = VERTEX_POINT ( 'NONE', #3525 ) ;
#4150 = ADVANCED_FACE ( 'NONE', ( #281 ), #7193, .T. ) ;
#4151 = ORIENTED_EDGE ( 'NONE', *, *, #2815, .F. ) ;
#4152 = PRESENTATION_STYLE_ASSIGNMENT (( #3055 ) ) ;
#4153 = DIRECTION ( 'NONE',  ( -1.000000000000000000, 4.861730685829020197E-63, 8.953414682134259802E-32 ) ) ;
#4154 = AXIS2_PLACEMENT_3D ( 'NONE', #1703, #1741, #5639 ) ;
#4155 = DIRECTION ( 'NONE',  ( 0.000000000000000000, 1.000000000000000000, 0.000000000000000000 ) ) ;
#4156 = CARTESIAN_POINT ( 'NONE',  ( -0.6477221803585710980, 0.1408355511077409861, -3.810000000000000053 ) ) ;
#4157 = AXIS2_PLACEMENT_3D ( 'NONE', #1455, #5356, #1957 ) ;
#4158 = CARTESIAN_POINT ( 'NONE',  ( 1.460170036637334023, -0.2874330882694849931, -3.784599999968709660 ) ) ;
#4159 = PRODUCT_RELATED_PRODUCT_CATEGORY ( 'part', '', ( #5854 ) ) ;
#4160 = VERTEX_POINT ( 'NONE', #1015 ) ;
#4161 = EDGE_CURVE ( 'NONE', #2961, #6632, #468, .T. ) ;
#4162 = ORIENTED_EDGE ( 'NONE', *, *, #5420, .T. ) ;
#4163 = DIRECTION ( 'NONE',  ( -1.000000000000000000, 0.000000000000000000, 0.000000000000000000 ) ) ;
#4164 = CARTESIAN_POINT ( 'NONE',  ( -0.3203999999999999626, -1.369099878000000103, -0.4899999999999999911 ) ) ;
#4165 = EDGE_CURVE ( 'NONE', #1323, #6480, #5336, .T. ) ;
#4166 = AXIS2_PLACEMENT_3D ( 'NONE', #2155, #4850, #4326 ) ;
#4167 = VERTEX_POINT ( 'NONE', #2630 ) ;
#4168 = ORIENTED_EDGE ( 'NONE', *, *, #6145, .T. ) ;
#4169 = DIRECTION ( 'NONE',  ( 0.000000000000000000, 1.000000000000000000, 0.000000000000000000 ) ) ;
#4170 = DIRECTION ( 'NONE',  ( 0.000000000000000000, 1.000000000000000000, 0.000000000000000000 ) ) ;
#4171 = CARTESIAN_POINT ( 'NONE',  ( -1.155699999999999950, -1.356399878000000170, -3.797299999999999898 ) ) ;
#4172 = CIRCLE ( 'NONE', #5076, 0.02540000000000001978 ) ;
#4173 = EDGE_CURVE ( 'NONE', #2334, #4844, #585, .T. ) ;
#4174 = ORIENTED_EDGE ( 'NONE', *, *, #6450, .F. ) ;
#4175 = DIRECTION ( 'NONE',  ( -0.1333333333333325543, -1.805436135385479557E-15, -0.9910712498212337351 ) ) ;
#4176 = LINE ( 'NONE', #3640, #5210 ) ;
#4177 = EDGE_LOOP ( 'NONE', ( #5147, #4442, #4630, #2794 ) ) ;
#4178 = DIRECTION ( 'NONE',  ( 1.000000000000000000, 0.000000000000000000, 0.000000000000000000 ) ) ;
#4179 = LINE ( 'NONE', #3644, #2635 ) ;
#4180 = AXIS2_PLACEMENT_3D ( 'NONE', #5185, #3580, #776 ) ;
#4181 = VERTEX_POINT ( 'NONE', #7119 ) ;
#4182 = EDGE_CURVE ( 'NONE', #6060, #3860, #7078, .T. ) ;
#4183 = CYLINDRICAL_SURFACE ( 'NONE', #5276, 0.02539999999999999550 ) ;
#4184 = ORIENTED_EDGE ( 'NONE', *, *, #1306, .T. ) ;
#4185 = CARTESIAN_POINT ( 'NONE',  ( 0.5080000000000000071, -0.1397000000000000186, -3.568700000000000205 ) ) ;
#4186 = VECTOR ( 'NONE', #424, 1000.000000000000000 ) ;
#4187 = ADVANCED_FACE ( 'NONE', ( #7037 ), #2067, .T. ) ;
#4188 = CARTESIAN_POINT ( 'NONE',  ( -0.6528122492672223665, 0.1524004400497815936, -3.792187750732774809 ) ) ;
#4189 =( NAMED_UNIT ( * ) PLANE_ANGLE_UNIT ( ) SI_UNIT ( $, .RADIAN. ) );
#4190 = EDGE_CURVE ( 'NONE', #4301, #5308, #3414, .T. ) ;
#4192 = VERTEX_POINT ( 'NONE', #4882 ) ;
#4191 = CIRCLE ( 'NONE', #1831, 0.01000000000000002623 ) ;
#4193 = DIRECTION ( 'NONE',  ( 0.000000000000000000, 0.000000000000000000, -1.000000000000000000 ) ) ;
#4194 = ORIENTED_EDGE ( 'NONE', *, *, #5742, .F. ) ;
#4195 = CARTESIAN_POINT ( 'NONE',  ( 0.7620000000000000107, 0.1523999999999999799, -3.810000000000000053 ) ) ;
#4196 = AXIS2_PLACEMENT_3D ( 'NONE', #3668, #6435, #5880 ) ;
#4197 = DIRECTION ( 'NONE',  ( 0.000000000000000000, 0.000000000000000000, -1.000000000000000000 ) ) ;
#4198 = EDGE_CURVE ( 'NONE', #2328, #6340, #2558, .T. ) ;
#4199 = DIRECTION ( 'NONE',  ( 0.000000000000000000, 0.000000000000000000, 1.000000000000000000 ) ) ;
#4200 = CARTESIAN_POINT ( 'NONE',  ( 0.06350000000000000089, -0.1523999999999999799, -3.568700000000000205 ) ) ;
#4201 = AXIS2_PLACEMENT_3D ( 'NONE', #5481, #556, #1135 ) ;
#4202 = ORIENTED_EDGE ( 'NONE', *, *, #4173, .T. ) ;
#4203 = LINE ( 'NONE', #5810, #2835 ) ;
#4204 = ORIENTED_EDGE ( 'NONE', *, *, #2862, .T. ) ;
#4205 = EDGE_CURVE ( 'NONE', #5846, #1942, #117, .T. ) ;
#4206 = CARTESIAN_POINT ( 'NONE',  ( 1.460170036637274071, -0.2874330882694864919, -0.02540000000000000244 ) ) ;
#4207 = DIRECTION ( 'NONE',  ( 0.000000000000000000, 0.000000000000000000, -1.000000000000000000 ) ) ;
#4208 = CARTESIAN_POINT ( 'NONE',  ( -1.003299999999999859, -0.06600000000000000311, -0.01270000000000000122 ) ) ;
#4209 = AXIS2_PLACEMENT_3D ( 'NONE', #2139, #2541, #5909 ) ;
#4210 = CIRCLE ( 'NONE', #2809, 0.01000000000000002623 ) ;
#4211 = ORIENTED_EDGE ( 'NONE', *, *, #7185, .T. ) ;
#4212 = DIRECTION ( 'NONE',  ( 0.000000000000000000, 0.000000000000000000, -1.000000000000000000 ) ) ;
#4213 = LINE ( 'NONE', #6409, #1480 ) ;
#4214 = ORIENTED_EDGE ( 'NONE', *, *, #5634, .F. ) ;
#4215 = EDGE_CURVE ( 'NONE', #2831, #6573, #4222, .T. ) ;
#4216 = AXIS2_PLACEMENT_3D ( 'NONE', #471, #5470, #3319 ) ;
#4217 = CARTESIAN_POINT ( 'NONE',  ( -1.155699999999999950, -1.443000000000000060, -3.810000000000000053 ) ) ;
#4218 = ORIENTED_EDGE ( 'NONE', *, *, #3800, .T. ) ;
#4219 = CIRCLE ( 'NONE', #6744, 0.1269999999999999463 ) ;
#4220 = DIRECTION ( 'NONE',  ( 1.000000000000000000, 0.000000000000000000, 0.000000000000000000 ) ) ;
#4221 = LINE ( 'NONE', #881, #1659 ) ;
#4222 = CIRCLE ( 'NONE', #6738, 0.1270000000000000018 ) ;
#4223 = VERTEX_POINT ( 'NONE', #6974 ) ;
#4224 =( NAMED_UNIT ( * ) PLANE_ANGLE_UNIT ( ) SI_UNIT ( $, .RADIAN. ) );
#4225 = ADVANCED_FACE ( 'NONE', ( #4251 ), #6443, .T. ) ;
#4226 = AXIS2_PLACEMENT_3D ( 'NONE', #6805, #774, #4071 ) ;
#4227 = CARTESIAN_POINT ( 'NONE',  ( -0.7620000000000000107, -0.06600000000000000311, -3.801999999999999602 ) ) ;
#4228 = CARTESIAN_POINT ( 'NONE',  ( 1.435099999999999820, -0.7318000000000000060, -0.9317999999999999616 ) ) ;
#4229 = CIRCLE ( 'NONE', #828, 0.01270000000000003765 ) ;
#4230 = CARTESIAN_POINT ( 'NONE',  ( 0.5080000000000000071, 0.1270000000000000018, -3.581400000000000361 ) ) ;
#4231 = CARTESIAN_POINT ( 'NONE',  ( 1.168399822336880112, -1.286833118406100152, -3.800696638330915089 ) ) ;
#4232 = EDGE_LOOP ( 'NONE', ( #4292, #533, #3721, #3468 ) ) ;
#4233 = AXIS2_PLACEMENT_3D ( 'NONE', #3131, #5901, #3168 ) ;
#4234 = VERTEX_POINT ( 'NONE', #352 ) ;
#4235 = AXIS2_PLACEMENT_3D ( 'NONE', #5903, #6455, #368 ) ;
#4236 = FACE_OUTER_BOUND ( 'NONE', #6138, .T. ) ;
#4237 = DIRECTION ( 'NONE',  ( 0.000000000000000000, 0.000000000000000000, 1.000000000000000000 ) ) ;
#4238 = CARTESIAN_POINT ( 'NONE',  ( 1.434622314912910035, -0.3022711090285485347, -3.806371428571429849 ) ) ;
#4239 = CARTESIAN_POINT ( 'NONE',  ( 1.435275184952550243, -0.3022536546266315072, -3.806376775596265194 ) ) ;
#4240 = CIRCLE ( 'NONE', #2948, 0.4317999999999999616 ) ;
#4241 = DIRECTION ( 'NONE',  ( 0.000000000000000000, 1.000000000000000000, 1.219574997171546228E-15 ) ) ;
#4242 = EDGE_LOOP ( 'NONE', ( #1389, #3754, #5895, #1046, #6510, #2282 ) ) ;
#4243 = ORIENTED_EDGE ( 'NONE', *, *, #3715, .T. ) ;
#4244 = EDGE_CURVE ( 'NONE', #3093, #762, #819, .T. ) ;
#4245 = CARTESIAN_POINT ( 'NONE',  ( 1.155561652836238018, -0.2975284552554275375, -0.01616794921076019839 ) ) ;
#4246 = CYLINDRICAL_SURFACE ( 'NONE', #1256, 0.01270000000000003765 ) ;
#4247 = CIRCLE ( 'NONE', #6761, 0.01270000000000000295 ) ;
#4248 = CARTESIAN_POINT ( 'NONE',  ( 1.155699999999999950, -1.239799999999999791, -3.771900000000000031 ) ) ;
#4249 = ORIENTED_EDGE ( 'NONE', *, *, #4264, .T. ) ;
#4250 = LINE ( 'NONE', #4784, #5967 ) ;
#4251 = FACE_OUTER_BOUND ( 'NONE', #5695, .T. ) ;
#4252 = CIRCLE ( 'NONE', #6079, 0.1016000000000000097 ) ;
#4253 = FACE_OUTER_BOUND ( 'NONE', #5232, .T. ) ;
#4254 = ORIENTED_EDGE ( 'NONE', *, *, #4351, .T. ) ;
#4255 = AXIS2_PLACEMENT_3D ( 'NONE', #3361, #6115, #435 ) ;
#4256 = DIRECTION ( 'NONE',  ( 0.000000000000000000, 0.000000000000000000, 1.000000000000000000 ) ) ;
#4257 = CYLINDRICAL_SURFACE ( 'NONE', #5848, 0.4572000000000000508 ) ;
#4258 = ORIENTED_EDGE ( 'NONE', *, *, #2017, .T. ) ;
#4259 = DIRECTION ( 'NONE',  ( 5.021779400118129785E-16, 0.000000000000000000, 1.000000000000000000 ) ) ;
#4260 = DIRECTION ( 'NONE',  ( -0.06915226812048429206, 0.9976061165679531717, 0.000000000000000000 ) ) ;
#4261 = VERTEX_POINT ( 'NONE', #6512 ) ;
#4262 = DIRECTION ( 'NONE',  ( 0.000000000000000000, 1.000000000000000000, 0.000000000000000000 ) ) ;
#4263 = ORIENTED_EDGE ( 'NONE', *, *, #1838, .F. ) ;
#4264 = EDGE_CURVE ( 'NONE', #4654, #3933, #6631, .T. ) ;
#4265 = LINE ( 'NONE', #265, #6024 ) ;
#4266 = ORIENTED_EDGE ( 'NONE', *, *, #2379, .T. ) ;
#4267 = DIRECTION ( 'NONE',  ( -1.000000000000000000, 0.000000000000000000, 0.000000000000000000 ) ) ;
#4268 = DIRECTION ( 'NONE',  ( 0.000000000000000000, 1.000000000000000000, 0.000000000000000000 ) ) ;
#4269 = ORIENTED_EDGE ( 'NONE', *, *, #1510, .T. ) ;
#4270 = FACE_OUTER_BOUND ( 'NONE', #2018, .T. ) ;
#4271 = AXIS2_PLACEMENT_3D ( 'NONE', #6592, #4401, #517 ) ;
#4272 = ORIENTED_EDGE ( 'NONE', *, *, #1141, .F. ) ;
#4273 = EDGE_CURVE ( 'NONE', #6765, #1942, #5132, .T. ) ;
#4274 = ORIENTED_EDGE ( 'NONE', *, *, #5010, .T. ) ;
#4275 = CARTESIAN_POINT ( 'NONE',  ( 1.155877636176520840, -0.3088009627921837197, -0.009466409335553241725 ) ) ;
#4276 = DIRECTION ( 'NONE',  ( 0.000000000000000000, -0.8660254037844384856, -0.5000000000000003331 ) ) ;
#4277 = CARTESIAN_POINT ( 'NONE',  ( -1.435099999999999820, -0.6451998780000010036, -0.6777999999999999581 ) ) ;
#4278 = B_SPLINE_CURVE_WITH_KNOTS ( 'NONE', 3,
 ( #5700, #6907, #1803, #2967 ),
 .UNSPECIFIED., .F., .F.,
 ( 4, 4 ),
 ( 4.065758146820640424E-20, 2.099237268304865196E-05 ),
 .UNSPECIFIED. ) ;
#4279 = ORIENTED_EDGE ( 'NONE', *, *, #4110, .F. ) ;
#4280 = VERTEX_POINT ( 'NONE', #5964 ) ;
#4281 = CARTESIAN_POINT ( 'NONE',  ( 1.168004769845369939, -1.293128890971450007, -3.806371428571429849 ) ) ;
#4282 = CARTESIAN_POINT ( 'NONE',  ( -1.460499999999999909, -1.635799878000000041, -1.135000000000000009 ) ) ;
#4283 = CARTESIAN_POINT ( 'NONE',  ( -0.5080000000000000071, -0.1523999999999999799, -3.581400000000000361 ) ) ;
#4284 = SHAPE_DEFINITION_REPRESENTATION ( #572, #2516 ) ;
#4285 = DIRECTION ( 'NONE',  ( -1.000000000000000000, -0.000000000000000000, -0.000000000000000000 ) ) ;
#4286 = ADVANCED_FACE ( 'NONE', ( #5532 ), #1120, .T. ) ;
#4287 = CARTESIAN_POINT ( 'NONE',  ( 0.06350000000000000089, 0.1523999999999999799, -3.556000000000000050 ) ) ;
#4288 = ORIENTED_EDGE ( 'NONE', *, *, #1032, .T. ) ;
#4289 = FACE_OUTER_BOUND ( 'NONE', #6196, .T. ) ;
#4290 = LINE ( 'NONE', #3747, #6433 ) ;
#4291 = CYLINDRICAL_SURFACE ( 'NONE', #6294, 0.07620000000000022589 ) ;
#4292 = ORIENTED_EDGE ( 'NONE', *, *, #6330, .F. ) ;
#4293 = LINE ( 'NONE', #1927, #4830 ) ;
#4294 = DIRECTION ( 'NONE',  ( -4.742791655667130792E-16, 8.435277258399649770E-33, 1.000000000000000000 ) ) ;
#4295 = AXIS2_PLACEMENT_3D ( 'NONE', #2094, #7100, #5485 ) ;
#4296 = CARTESIAN_POINT ( 'NONE',  ( 1.003299999999999859, -1.443000000000000060, -0.01270000000000000122 ) ) ;
#4297 = DIRECTION ( 'NONE',  ( 1.000000000000000000, 0.000000000000000000, 0.000000000000000000 ) ) ;
#4298 = ORIENTED_EDGE ( 'NONE', *, *, #3128, .T. ) ;
#4299 = CARTESIAN_POINT ( 'NONE',  ( 1.155561652836240016, -1.297871544744567895, -3.793832050789234689 ) ) ;
#4300 = VERTEX_POINT ( 'NONE', #6653 ) ;
#4301 = VERTEX_POINT ( 'NONE', #3351 ) ;
#4302 = DIRECTION ( 'NONE',  ( 0.000000000000000000, 0.000000000000000000, 1.000000000000000000 ) ) ;
#4303 = ADVANCED_FACE ( 'NONE', ( #3983 ), #348, .T. ) ;
#4304 = DIRECTION ( 'NONE',  ( 0.000000000000000000, 0.000000000000000000, 1.000000000000000000 ) ) ;
#4305 = EDGE_CURVE ( 'NONE', #28, #1907, #1223, .T. ) ;
#4306 = LINE ( 'NONE', #895, #2219 ) ;
#4307 = LINE ( 'NONE', #563, #6185 ) ;
#4308 = VERTEX_POINT ( 'NONE', #4498 ) ;
#4309 = AXIS2_PLACEMENT_3D ( 'NONE', #2668, #4883, #6142 ) ;
#4310 = ORIENTED_EDGE ( 'NONE', *, *, #1157, .F. ) ;
#4311 = DIRECTION ( 'NONE',  ( -1.000000000000000000, 0.000000000000000000, 0.000000000000000000 ) ) ;
#4312 = CARTESIAN_POINT ( 'NONE',  ( -1.435099999999999820, -0.2183999999999999830, -3.810000000000000053 ) ) ;
#4313 = EDGE_CURVE ( 'NONE', #2992, #2953, #5596, .T. ) ;
#4314 = VECTOR ( 'NONE', #3409, 1000.000000000000000 ) ;
#4315 = PRODUCT ( 'WSK1216-L5_terminals - Copy_1_3', 'WSK1216-L5_terminals - Copy_1_3', '', ( #6377 ) ) ;
#4316 = VERTEX_POINT ( 'NONE', #2301 ) ;
#4317 = EDGE_LOOP ( 'NONE', ( #2756, #26, #6493, #6833 ) ) ;
#4318 = CYLINDRICAL_SURFACE ( 'NONE', #2106, 0.01000000000000002623 ) ;
#4319 = VECTOR ( 'NONE', #5719, 1000.000000000000000 ) ;
#4320 = CARTESIAN_POINT ( 'NONE',  ( 1.003299999999999859, -0.1397000000000000186, 0.000000000000000000 ) ) ;
#4321 = DIRECTION ( 'NONE',  ( 1.000000000000000000, 0.000000000000000000, 0.000000000000000000 ) ) ;
#4322 = EDGE_CURVE ( 'NONE', #2266, #5618, #3382, .T. ) ;
#4323 = DIRECTION ( 'NONE',  ( 1.000000000000000000, -1.641735573115542187E-15, 0.000000000000000000 ) ) ;
#4324 = EDGE_CURVE ( 'NONE', #2407, #6537, #4790, .T. ) ;
#4325 = CIRCLE ( 'NONE', #5006, 0.01540000000000004907 ) ;
#4326 = DIRECTION ( 'NONE',  ( 0.000000000000000000, 0.000000000000000000, -1.000000000000000000 ) ) ;
#4327 = ORIENTED_EDGE ( 'NONE', *, *, #2788, .F. ) ;
#4328 = CARTESIAN_POINT ( 'NONE',  ( 1.435099999999999820, -1.290599999999999969, -0.5000000000000000000 ) ) ;
#4329 = DIRECTION ( 'NONE',  ( 0.000000000000000000, 8.435277258399649770E-33, -1.000000000000000000 ) ) ;
#4330 = CYLINDRICAL_SURFACE ( 'NONE', #5241, 0.02539999999999999550 ) ;
#4331 = ORIENTED_EDGE ( 'NONE', *, *, #3821, .T. ) ;
#4332 = FACE_OUTER_BOUND ( 'NONE', #322, .T. ) ;
#4333 = EDGE_CURVE ( 'NONE', #1379, #1502, #5694, .T. ) ;
#4334 = VECTOR ( 'NONE', #5703, 1000.000000000000000 ) ;
#4335 = CYLINDRICAL_SURFACE ( 'NONE', #5467, 0.01000000000000000021 ) ;
#4336 = DIRECTION ( 'NONE',  ( 0.000000000000000000, 0.000000000000000000, -1.000000000000000000 ) ) ;
#4337 = ORIENTED_EDGE ( 'NONE', *, *, #193, .F. ) ;
#4338 = CARTESIAN_POINT ( 'NONE',  ( -1.168400000000000105, -0.2387998779999999932, -1.122300000000000075 ) ) ;
#4339 = VERTEX_POINT ( 'NONE', #540 ) ;
#4340 = DIRECTION ( 'NONE',  ( 9.279374978479150332E-18, 1.000000000000000000, 0.000000000000000000 ) ) ;
#4341 = DIRECTION ( 'NONE',  ( -0.000000000000000000, -1.000000000000000000, -0.000000000000000000 ) ) ;
#4342 = ORIENTED_EDGE ( 'NONE', *, *, #6200, .T. ) ;
#4343 = LINE ( 'NONE', #7174, #4459 ) ;
#4344 = AXIS2_PLACEMENT_3D ( 'NONE', #1183, #1291, #5124 ) ;
#4345 = CARTESIAN_POINT ( 'NONE',  ( -0.06350000000000000089, 0.1523999999999999799, -2.882899999999999796 ) ) ;
#4346 = CIRCLE ( 'NONE', #2466, 0.01270000000000000989 ) ;
#4347 = CARTESIAN_POINT ( 'NONE',  ( -0.6350000000000000089, -0.1523999999999999799, -3.708400000000000141 ) ) ;
#4348 = CIRCLE ( 'NONE', #5592, 0.01000000000000002623 ) ;
#4349 = ORIENTED_EDGE ( 'NONE', *, *, #4829, .T. ) ;
#4350 = VERTEX_POINT ( 'NONE', #6216 ) ;
#4351 = EDGE_CURVE ( 'NONE', #1882, #762, #2233, .T. ) ;
#4352 = VERTEX_POINT ( 'NONE', #6720 ) ;
#4353 = CARTESIAN_POINT ( 'NONE',  ( -0.06350000000000000089, -0.1397000000000000186, -3.568700000000000205 ) ) ;
#4354 = LINE ( 'NONE', #459, #3141 ) ;
#4355 = CIRCLE ( 'NONE', #1180, 0.4572000000000000508 ) ;
#4356 = VECTOR ( 'NONE', #2176, 1000.000000000000000 ) ;
#4357 = VERTEX_POINT ( 'NONE', #5059 ) ;
#4358 = CYLINDRICAL_SURFACE ( 'NONE', #2819, 0.01000000000000002623 ) ;
#4359 = EDGE_CURVE ( 'NONE', #6923, #2831, #1749, .T. ) ;
#4360 = CARTESIAN_POINT ( 'NONE',  ( 1.460817897969364010, -1.289134695952493415, -3.802355071475793657 ) ) ;
#4361 = CARTESIAN_POINT ( 'NONE',  ( 0.8515000000000000346, -0.1523999999999999799, -0.01270000000000046092 ) ) ;
#4362 = LINE ( 'NONE', #2710, #3138 ) ;
#4363 = VECTOR ( 'NONE', #4068, 1000.000000000000000 ) ;
#4364 = CARTESIAN_POINT ( 'NONE',  ( -0.6476999999999999424, 0.1366654844670594782, -3.810000000000000053 ) ) ;
#4365 = CYLINDRICAL_SURFACE ( 'NONE', #581, 0.02540000000000000244 ) ;
#4366 = LINE ( 'NONE', #3273, #4012 ) ;
#4367 = EDGE_CURVE ( 'NONE', #2923, #5373, #4346, .T. ) ;
#4368 = EDGE_LOOP ( 'NONE', ( #1932, #4858, #1397, #3415 ) ) ;
#4369 = CIRCLE ( 'NONE', #1083, 0.02540000000000007530 ) ;
#4370 = DIRECTION ( 'NONE',  ( 0.000000000000000000, 0.000000000000000000, 1.000000000000000000 ) ) ;
#4371 = FACE_OUTER_BOUND ( 'NONE', #6010, .T. ) ;
#4372 = ORIENTED_EDGE ( 'NONE', *, *, #5025, .T. ) ;
#4373 = DIRECTION ( 'NONE',  ( 0.000000000000000000, 1.000000000000000000, 0.000000000000000000 ) ) ;
#4374 = ORIENTED_EDGE ( 'NONE', *, *, #2528, .F. ) ;
#4375 = CARTESIAN_POINT ( 'NONE',  ( -1.003299999999999859, -1.203999878000000079, -1.135000000000000009 ) ) ;
#4376 = CARTESIAN_POINT ( 'NONE',  ( 1.458073473407913934, -1.300975723329727440, -3.795522847787991871 ) ) ;
#4377 = ORIENTED_EDGE ( 'NONE', *, *, #218, .F. ) ;
#4378 = DIRECTION ( 'NONE',  ( -1.000000000000000000, 0.000000000000000000, 0.000000000000000000 ) ) ;
#4379 = PLANE ( 'NONE',  #304 ) ;
#4380 = CARTESIAN_POINT ( 'NONE',  ( -0.6350000000000000089, -0.1397000000000000186, -3.797300001131755032 ) ) ;
#4381 = ORIENTED_EDGE ( 'NONE', *, *, #6700, .T. ) ;
#4382 = EDGE_CURVE ( 'NONE', #773, #3093, #505, .T. ) ;
#4383 = ORIENTED_EDGE ( 'NONE', *, *, #3809, .F. ) ;
#4384 = ORIENTED_EDGE ( 'NONE', *, *, #2476, .F. ) ;
#4385 = VERTEX_POINT ( 'NONE', #612 ) ;
#4386 = CARTESIAN_POINT ( 'NONE',  ( 1.435099999999999820, -1.277900000000000036, -0.01519113576837399955 ) ) ;
#4387 = DIRECTION ( 'NONE',  ( 0.000000000000000000, 0.000000000000000000, 1.000000000000000000 ) ) ;
#4388 = DIRECTION ( 'NONE',  ( -1.000000000000000000, 0.000000000000000000, 0.000000000000000000 ) ) ;
#4389 = EDGE_LOOP ( 'NONE', ( #4514, #6227, #6303, #5225, #5195, #657, #5406, #4211, #4607, #6333, #334, #480, #5093, #4249, #2417, #669, #1467, #4057 ) ) ;
#4390 = FACE_OUTER_BOUND ( 'NONE', #332, .T. ) ;
#4391 = CARTESIAN_POINT ( 'NONE',  ( -1.003299999999999859, -1.203999878000000079, -1.135000000000000009 ) ) ;
#4392 = CARTESIAN_POINT ( 'NONE',  ( 1.003299999999999859, -0.1523999999999999799, 0.000000000000000000 ) ) ;
#4393 = DIRECTION ( 'NONE',  ( 1.778546870875169980E-17, -1.000000000000000000, 0.000000000000000000 ) ) ;
#4394 = EDGE_CURVE ( 'NONE', #1311, #2785, #1632, .T. ) ;
#4395 = CARTESIAN_POINT ( 'NONE',  ( 0.000000000000000000, -1.635799878000000041, -0.02540000000000000244 ) ) ;
#4396 = AXIS2_PLACEMENT_3D ( 'NONE', #4395, #3782, #3270 ) ;
#4397 = CARTESIAN_POINT ( 'NONE',  ( -1.168400000000000105, -1.203999878000000079, -0.4872999999999999554 ) ) ;
#4398 = DIRECTION ( 'NONE',  ( 0.000000000000000000, 0.000000000000000000, 1.000000000000000000 ) ) ;
#4399 = DIRECTION ( 'NONE',  ( 0.000000000000000000, 0.000000000000000000, -1.000000000000000000 ) ) ;
#4400 = VERTEX_POINT ( 'NONE', #2891 ) ;
#4401 = DIRECTION ( 'NONE',  ( 0.000000000000000000, -1.000000000000000000, 0.000000000000000000 ) ) ;
#4402 = EDGE_CURVE ( 'NONE', #1640, #1311, #3059, .T. ) ;
#4403 = CARTESIAN_POINT ( 'NONE',  ( 1.104899999999999993, -0.3556000000000000272, -3.784599999999999742 ) ) ;
#4404 = ORIENTED_EDGE ( 'NONE', *, *, #5910, .F. ) ;
#4405 = ORIENTED_EDGE ( 'NONE', *, *, #6486, .T. ) ;
#4406 = DIRECTION ( 'NONE',  ( -1.000000000000000000, 0.000000000000000000, 0.000000000000000000 ) ) ;
#4407 = CARTESIAN_POINT ( 'NONE',  ( -1.155699999999999950, -0.06600000000000000311, -3.797299999999999898 ) ) ;
#4408 = ORIENTED_EDGE ( 'NONE', *, *, #2621, .F. ) ;
#4409 = FACE_OUTER_BOUND ( 'NONE', #5284, .T. ) ;
#4410 = DIRECTION ( 'NONE',  ( 0.000000000000000000, 0.000000000000000000, 1.000000000000000000 ) ) ;
#4411 = AXIS2_PLACEMENT_3D ( 'NONE', #3472, #1690, #6242 ) ;
#4412 = CARTESIAN_POINT ( 'NONE',  ( 0.000000000000000000, 0.000000000000000000, -3.810000000000000053 ) ) ;
#4413 = LINE ( 'NONE', #5581, #6954 ) ;
#4414 = FACE_OUTER_BOUND ( 'NONE', #3036, .T. ) ;
#4415 = CARTESIAN_POINT ( 'NONE',  ( 1.003299999999999859, -1.747799999999999798, -3.784599999999999742 ) ) ;
#4416 = VERTEX_POINT ( 'NONE', #92 ) ;
#4417 = ORIENTED_EDGE ( 'NONE', *, *, #2800, .T. ) ;
#4418 = DIRECTION ( 'NONE',  ( 0.000000000000000000, 0.000000000000000000, -1.000000000000000000 ) ) ;
#4419 = EDGE_CURVE ( 'NONE', #5609, #1052, #1168, .T. ) ;
#4420 =( NAMED_UNIT ( * ) SI_UNIT ( $, .STERADIAN. ) SOLID_ANGLE_UNIT ( ) );
#4421 = AXIS2_PLACEMENT_3D ( 'NONE', #3112, #4170, #5280 ) ;
#4422 = CARTESIAN_POINT ( 'NONE',  ( -0.8515000000000000346, -0.1397000000000000186, -3.810000000000000053 ) ) ;
#4423 = ORIENTED_EDGE ( 'NONE', *, *, #2132, .F. ) ;
#4424 = AXIS2_PLACEMENT_3D ( 'NONE', #7069, #4842, #6467 ) ;
#4425 = DIRECTION ( 'NONE',  ( 0.000000000000000000, 0.000000000000000000, -1.000000000000000000 ) ) ;
#4426 = DIRECTION ( 'NONE',  ( -1.000000000000000000, 0.000000000000000000, 0.000000000000000000 ) ) ;
#4427 = LINE ( 'NONE', #1016, #6134 ) ;
#4428 = CARTESIAN_POINT ( 'NONE',  ( -1.435099999999999820, -1.203999878000000079, -1.109600000000000142 ) ) ;
#4429 = AXIS2_PLACEMENT_3D ( 'NONE', #203, #4747, #792 ) ;
#4430 = DIRECTION ( 'NONE',  ( -1.000000000000000000, 0.000000000000000000, 0.000000000000000000 ) ) ;
#4431 = ORIENTED_EDGE ( 'NONE', *, *, #3954, .T. ) ;
#4432 = VECTOR ( 'NONE', #4341, 1000.000000000000000 ) ;
#4433 = PRODUCT_DEFINITION_SHAPE ( 'NONE', 'NONE',  #3324 ) ;
#4434 = CARTESIAN_POINT ( 'NONE',  ( -2.710505431213765322E-18, 0.1523999999999999799, -2.882899999999999796 ) ) ;
#4435 = DIRECTION ( 'NONE',  ( 1.000000000000000000, 0.000000000000000000, 0.000000000000000000 ) ) ;
#4436 = ORIENTED_EDGE ( 'NONE', *, *, #2227, .T. ) ;
#4437 = CYLINDRICAL_SURFACE ( 'NONE', #7140, 0.01270000000000000122 ) ;
#4438 = EDGE_CURVE ( 'NONE', #5609, #6075, #1791, .T. ) ;
#4439 = CIRCLE ( 'NONE', #7188, 0.01270000000000006193 ) ;
#4440 = CARTESIAN_POINT ( 'NONE',  ( 1.460499999999999909, -0.3556000000000000272, -3.860800000000000232 ) ) ;
#4441 = VERTEX_POINT ( 'NONE', #6105 ) ;
#4442 = ORIENTED_EDGE ( 'NONE', *, *, #3115, .T. ) ;
#4443 = CARTESIAN_POINT ( 'NONE',  ( 1.409236948778553763E-15, -0.1523999999999999799, -0.07619999999999998996 ) ) ;
#4444 = AXIS2_PLACEMENT_3D ( 'NONE', #1429, #293, #884 ) ;
#4445 = DIRECTION ( 'NONE',  ( -1.000000000000000000, 1.778546870875169980E-17, 0.000000000000000000 ) ) ;
#4446 = VERTEX_POINT ( 'NONE', #1862 ) ;
#4447 = CARTESIAN_POINT ( 'NONE',  ( -0.3775981461818899709, 0.1270000000000000018, -0.1270000000000000018 ) ) ;
#4448 = EDGE_CURVE ( 'NONE', #5491, #3299, #3987, .T. ) ;
#4449 = DIRECTION ( 'NONE',  ( 1.000000000000000000, 4.268512490100412881E-16, 0.000000000000000000 ) ) ;
#4450 = DIRECTION ( 'NONE',  ( 0.000000000000000000, 0.6998542122237630947, 0.7142857142857163000 ) ) ;
#4451 = CIRCLE ( 'NONE', #5474, 0.01540000000000004907 ) ;
#4452 = CARTESIAN_POINT ( 'NONE',  ( -0.3103999999999999537, -1.661199878000000130, -3.801999999999999602 ) ) ;
#4453 = MANIFOLD_SOLID_BREP ( 'Fillet1', #820 ) ;
#4454 = ORIENTED_EDGE ( 'NONE', *, *, #3218, .T. ) ;
#4455 = VERTEX_POINT ( 'NONE', #1788 ) ;
#4456 = CIRCLE ( 'NONE', #5477, 0.02539999999999999550 ) ;
#4457 = DIRECTION ( 'NONE',  ( -1.000000000000000000, 0.000000000000000000, 0.000000000000000000 ) ) ;
#4458 = FACE_OUTER_BOUND ( 'NONE', #797, .T. ) ;
#4459 = VECTOR ( 'NONE', #1036, 1000.000000000000000 ) ;
#4460 = CARTESIAN_POINT ( 'NONE',  ( -1.460499999999999909, -1.747799999999999798, -0.5000000000000000000 ) ) ;
#4461 = EDGE_CURVE ( 'NONE', #3309, #6597, #504, .T. ) ;
#4462 = EDGE_CURVE ( 'NONE', #5141, #4446, #1515, .T. ) ;
#4463 = ORIENTED_EDGE ( 'NONE', *, *, #6119, .T. ) ;
#4464 = CARTESIAN_POINT ( 'NONE',  ( -0.3775981461818899709, -0.1397000000000000186, -0.01270000000000000122 ) ) ;
#4465 = AXIS2_PLACEMENT_3D ( 'NONE', #6614, #2855, #2297 ) ;
#4466 = DIRECTION ( 'NONE',  ( 0.000000000000000000, 0.000000000000000000, 1.000000000000000000 ) ) ;
#4467 = AXIS2_PLACEMENT_3D ( 'NONE', #6363, #5808, #4241 ) ;
#4468 = ORIENTED_EDGE ( 'NONE', *, *, #1252, .F. ) ;
#4469 = EDGE_CURVE ( 'NONE', #1982, #2220, #1246, .T. ) ;
#4470 = DIRECTION ( 'NONE',  ( 0.000000000000000000, 0.000000000000000000, -1.000000000000000000 ) ) ;
#4471 = CARTESIAN_POINT ( 'NONE',  ( 0.3203999999999999626, -1.747799999999999798, -1.135000000000000009 ) ) ;
#4472 = ORIENTED_EDGE ( 'NONE', *, *, #685, .F. ) ;
#4473 = DIRECTION ( 'NONE',  ( 1.000000000000000000, 0.000000000000000000, 0.000000000000000000 ) ) ;
#4474 = CIRCLE ( 'NONE', #4806, 0.07620000000000022589 ) ;
#4475 = FACE_OUTER_BOUND ( 'NONE', #2720, .T. ) ;
#4476 = ORIENTED_EDGE ( 'NONE', *, *, #1510, .F. ) ;
#4477 = AXIS2_PLACEMENT_3D ( 'NONE', #1997, #5361, #771 ) ;
#4478 = DIRECTION ( 'NONE',  ( 0.000000000000000000, 0.000000000000000000, 1.000000000000000000 ) ) ;
#4479 = DIRECTION ( 'NONE',  ( 1.000000000000000000, 0.000000000000000000, 0.000000000000000000 ) ) ;
#4480 = ORIENTED_EDGE ( 'NONE', *, *, #5828, .F. ) ;
#4481 = CARTESIAN_POINT ( 'NONE',  ( 0.3203999999999999626, -1.443000000000000060, -3.810000000000000053 ) ) ;
#4482 = CIRCLE ( 'NONE', #5728, 0.01270000000000003765 ) ;
#4483 = DIRECTION ( 'NONE',  ( 0.9976061165679530607, 0.06915226812048824723, 0.000000000000000000 ) ) ;
#4484 = CARTESIAN_POINT ( 'NONE',  ( 0.3103999999999999537, -1.747799999999999798, -3.801999999999999602 ) ) ;
#4485 = ADVANCED_FACE ( 'NONE', ( #4077 ), #6355, .T. ) ;
#4486 = PLANE ( 'NONE',  #5258 ) ;
#4487 = ORIENTED_EDGE ( 'NONE', *, *, #4448, .F. ) ;
#4488 = ORIENTED_EDGE ( 'NONE', *, *, #4917, .T. ) ;
#4489 = AXIS2_PLACEMENT_3D ( 'NONE', #2309, #803, #4178 ) ;
#4490 = CARTESIAN_POINT ( 'NONE',  ( 0.000000000000000000, -0.1729999999999999871, 0.000000000000000000 ) ) ;
#4491 = FACE_OUTER_BOUND ( 'NONE', #3123, .T. ) ;
#4492 = ADVANCED_FACE ( 'NONE', ( #4704 ), #5751, .T. ) ;
#4493 = EDGE_CURVE ( 'NONE', #1212, #3860, #1362, .T. ) ;
#4494 = ORIENTED_EDGE ( 'NONE', *, *, #1424, .F. ) ;
#4495 = CARTESIAN_POINT ( 'NONE',  ( 1.460170036637374213, -0.2874330882720914637, -0.02540000000960124932 ) ) ;
#4496 = EDGE_LOOP ( 'NONE', ( #1695, #6549, #5172, #4659 ) ) ;
#4497 = TOROIDAL_SURFACE ( 'NONE', #1924, 0.1905000000000000027, 0.01269999999999982081 ) ;
#4498 = CARTESIAN_POINT ( 'NONE',  ( -0.7620000000000000107, -0.06600000000000000311, -3.797299999999999898 ) ) ;
#4499 = CARTESIAN_POINT ( 'NONE',  ( 0.8515000000000000346, 0.1270000000000000018, 0.000000000000000000 ) ) ;
#4500 = DIRECTION ( 'NONE',  ( 0.000000000000000000, -1.000000000000000000, 0.000000000000000000 ) ) ;
#4501 = AXIS2_PLACEMENT_3D ( 'NONE', #2786, #3788, #6004 ) ;
#4502 = CARTESIAN_POINT ( 'NONE',  ( -2.258754526011470139E-18, 0.1270000000000000018, -0.02540000000000000244 ) ) ;
#4503 = AXIS2_PLACEMENT_3D ( 'NONE', #2033, #4694, #6881 ) ;
#4504 =( GEOMETRIC_REPRESENTATION_CONTEXT ( 3 ) GLOBAL_UNCERTAINTY_ASSIGNED_CONTEXT ( ( #5337 ) ) GLOBAL_UNIT_ASSIGNED_CONTEXT ( ( #5671, #4508, #2935 ) ) REPRESENTATION_CONTEXT ( 'NONE', 'WORKASPACE' ) );
#4505 = CARTESIAN_POINT ( 'NONE',  ( 0.3203999999999999626, -1.443000000000000060, -3.801999999999999602 ) ) ;
#4506 = CYLINDRICAL_SURFACE ( 'NONE', #5391, 0.01270000000000000989 ) ;
#4507 = ORIENTED_EDGE ( 'NONE', *, *, #5177, .T. ) ;
#4508 =( NAMED_UNIT ( * ) PLANE_ANGLE_UNIT ( ) SI_UNIT ( $, .RADIAN. ) );
#4509 = ADVANCED_FACE ( 'NONE', ( #2396 ), #780, .T. ) ;
#4510 = FACE_OUTER_BOUND ( 'NONE', #1780, .T. ) ;
#4511 = EDGE_LOOP ( 'NONE', ( #759, #5783, #4331, #4788 ) ) ;
#4512 = CARTESIAN_POINT ( 'NONE',  ( 1.460499999999999909, -0.9095999999999999641, -0.4746000000000000218 ) ) ;
#4513 = CARTESIAN_POINT ( 'NONE',  ( -0.7620000000000000107, 0.1523999999999999799, -3.784599999999999742 ) ) ;
#4514 = ORIENTED_EDGE ( 'NONE', *, *, #7008, .T. ) ;
#4515 = DIRECTION ( 'NONE',  ( 4.742791655667130792E-16, -8.435277258399649770E-33, -1.000000000000000000 ) ) ;
#4516 = DIRECTION ( 'NONE',  ( 0.000000000000000000, -1.000000000000000000, 0.000000000000000000 ) ) ;
#4517 = CIRCLE ( 'NONE', #3936, 0.07620000000000022589 ) ;
#4518 = DIRECTION ( 'NONE',  ( 1.000000000000000000, 0.000000000000000000, 0.000000000000000000 ) ) ;
#4519 = CARTESIAN_POINT ( 'NONE',  ( 1.434948878380283954, -1.302023037820216000, -7.453889935837842984E-17 ) ) ;
#4520 = EDGE_CURVE ( 'NONE', #5138, #5947, #712, .T. ) ;
#4521 = CARTESIAN_POINT ( 'NONE',  ( 1.003299999999999859, -1.455699999999999772, -0.5000000000000000000 ) ) ;
#4522 = ORIENTED_EDGE ( 'NONE', *, *, #1119, .T. ) ;
#4523 = ORIENTED_EDGE ( 'NONE', *, *, #7105, .T. ) ;
#4524 = ADVANCED_FACE ( 'NONE', ( #7055 ), #2996, .T. ) ;
#4525 = CARTESIAN_POINT ( 'NONE',  ( 1.434622314912914032, -1.302017039466691894, 0.000000000000000000 ) ) ;
#4526 = DIRECTION ( 'NONE',  ( 0.000000000000000000, 1.707404996040164364E-14, 1.000000000000000000 ) ) ;
#4527 =( BOUNDED_SURFACE ( )  B_SPLINE_SURFACE ( 3, 2, ( 
 ( #5850, #5916, #4839 ),
 ( #2020, #4275, #6545 ),
 ( #2699, #2146, #4245 ),
 ( #933, #3186, #4915 ) ),
 .UNSPECIFIED., .F., .F., .T. ) 
 B_SPLINE_SURFACE_WITH_KNOTS ( ( 4, 4 ),
 ( 3, 3 ),
 ( 0.000000000000000000, 1.482969670822589945E-05 ),
 ( 0.000000000000000000, 1.000000000000000000 ),
 .UNSPECIFIED. ) 
 GEOMETRIC_REPRESENTATION_ITEM ( )  RATIONAL_B_SPLINE_SURFACE ( (
 ( 1.000000000000000000, 0.7071067811865480168, 1.000000000000000000),
 ( 1.000000000000000000, 0.7120912655258839763, 1.000000000000000000),
 ( 1.000000000000000000, 0.7178845482527590471, 1.000000000000000000),
 ( 1.000000000000000000, 0.7240153679753530414, 1.000000000000000000) ) ) 
 REPRESENTATION_ITEM ( '' )  SURFACE ( )  );
#4528 = VECTOR ( 'NONE', #1684, 1000.000000000000000 ) ;
#4529 = CARTESIAN_POINT ( 'NONE',  ( -1.003299999999999859, -0.05330000000000000016, -0.01270000000000000122 ) ) ;
#4530 = ORIENTED_EDGE ( 'NONE', *, *, #3218, .F. ) ;
#4531 = DIRECTION ( 'NONE',  ( -1.000000000000000000, 0.000000000000000000, 0.000000000000000000 ) ) ;
#4532 = ORIENTED_EDGE ( 'NONE', *, *, #3520, .F. ) ;
#4533 = ADVANCED_FACE ( 'NONE', ( #2644 ), #5497, .T. ) ;
#4534 = CYLINDRICAL_SURFACE ( 'NONE', #5230, 0.4572000000000000508 ) ;
#4535 = DIRECTION ( 'NONE',  ( 1.000000000000000000, 0.000000000000000000, 0.000000000000000000 ) ) ;
#4536 = VECTOR ( 'NONE', #2191, 1000.000000000000000 ) ;
#4537 = ADVANCED_FACE ( 'NONE', ( #1030 ), #3211, .F. ) ;
#4538 = CARTESIAN_POINT ( 'NONE',  ( -1.168400000000000105, -1.203999878000000079, -1.122300000000000075 ) ) ;
#4539 = AXIS2_PLACEMENT_3D ( 'NONE', #1088, #5463, #1633 ) ;
#4540 = CARTESIAN_POINT ( 'NONE',  ( 1.155699999999999950, -0.9095999999999999641, -1.122300000000000075 ) ) ;
#4541 = CARTESIAN_POINT ( 'NONE',  ( 1.435275184952550243, -1.293146345373368034, -0.003623224403734315053 ) ) ;
#4542 = AXIS2_PLACEMENT_3D ( 'NONE', #3038, #5813, #867 ) ;
#4543 = VERTEX_POINT ( 'NONE', #330 ) ;
#4544 = CARTESIAN_POINT ( 'NONE',  ( -0.08949999999999999623, 0.000000000000000000, 0.000000000000000000 ) ) ;
#4545 = EDGE_CURVE ( 'NONE', #2290, #2366, #2365, .T. ) ;
#4546 = CIRCLE ( 'NONE', #3851, 0.2540000000000000591 ) ;
#4547 = DIRECTION ( 'NONE',  ( 0.000000000000000000, 0.000000000000000000, -1.000000000000000000 ) ) ;
#4548 = EDGE_LOOP ( 'NONE', ( #6980, #5948, #391, #5734 ) ) ;
#4549 = DIRECTION ( 'NONE',  ( 0.000000000000000000, -1.000000000000000000, 0.000000000000000000 ) ) ;
#4550 = EDGE_CURVE ( 'NONE', #5404, #6078, #1064, .T. ) ;
#4551 = ORIENTED_EDGE ( 'NONE', *, *, #6996, .F. ) ;
#4552 = CARTESIAN_POINT ( 'NONE',  ( -0.6476999999999999424, -0.1397000000000000186, -3.810000000000000053 ) ) ;
#4553 = VECTOR ( 'NONE', #2690, 1000.000000000000000 ) ;
#4554 = DIRECTION ( 'NONE',  ( -4.268512490100405486E-16, 1.000000000000000000, -3.643403308714955244E-16 ) ) ;
#4555 = DIRECTION ( 'NONE',  ( -8.953414682134259802E-32, 2.510889700059064893E-16, -1.000000000000000000 ) ) ;
#4556 = DIRECTION ( 'NONE',  ( 0.000000000000000000, -1.000000000000000000, -2.134256245050203877E-15 ) ) ;
#4557 = AXIS2_PLACEMENT_3D ( 'NONE', #3784, #7012, #4256 ) ;
#4558 = CARTESIAN_POINT ( 'NONE',  ( 1.460499999999999909, -0.3047999999999999599, -0.03718818102449884810 ) ) ;
#4559 = ORIENTED_EDGE ( 'NONE', *, *, #1129, .T. ) ;
#4560 = ORIENTED_EDGE ( 'NONE', *, *, #1563, .T. ) ;
#4561 = DIRECTION ( 'NONE',  ( -1.000000000000000000, 9.279374978479150332E-18, 0.000000000000000000 ) ) ;
#4562 = DIRECTION ( 'NONE',  ( 0.000000000000000000, 0.000000000000000000, 1.000000000000000000 ) ) ;
#4563 = VECTOR ( 'NONE', #7161, 1000.000000000000000 ) ;
#4564 = LINE ( 'NONE', #2182, #5219 ) ;
#4565 = EDGE_LOOP ( 'NONE', ( #4480, #1024, #5678 ) ) ;
#4566 = EDGE_LOOP ( 'NONE', ( #6003, #565, #2433, #6559 ) ) ;
#4567 = ADVANCED_FACE ( 'NONE', ( #1464 ), #5442, .T. ) ;
#4568 = CARTESIAN_POINT ( 'NONE',  ( 0.8515000000000000346, 0.1270000000000000018, -3.784599999999999742 ) ) ;
#4569 = AXIS2_PLACEMENT_3D ( 'NONE', #981, #6551, #3811 ) ;
#4570 = ORIENTED_EDGE ( 'NONE', *, *, #4952, .T. ) ;
#4571 = DIRECTION ( 'NONE',  ( 3.643403308714935029E-16, -1.000000000000000000, 3.643403308714955244E-16 ) ) ;
#4572 = DIRECTION ( 'NONE',  ( -1.000000000000000000, 0.000000000000000000, 0.000000000000000000 ) ) ;
#4573 = LINE ( 'NONE', #6758, #6939 ) ;
#4574 = AXIS2_PLACEMENT_3D ( 'NONE', #315, #4724, #6973 ) ;
#4575 = DIRECTION ( 'NONE',  ( 0.000000000000000000, 1.000000000000000000, 0.000000000000000000 ) ) ;
#4576 = EDGE_CURVE ( 'NONE', #6790, #4446, #4918, .T. ) ;
#4577 = AXIS2_PLACEMENT_3D ( 'NONE', #1436, #5303, #2538 ) ;
#4578 = DIRECTION ( 'NONE',  ( 0.000000000000000000, 0.5714285714285567419, 0.8206518066483000640 ) ) ;
#4579 = ORIENTED_EDGE ( 'NONE', *, *, #5753, .F. ) ;
#4580 = CYLINDRICAL_SURFACE ( 'NONE', #4133, 0.4572000000000000508 ) ;
#4581 = EDGE_LOOP ( 'NONE', ( #4777, #1357, #4646, #6140, #5988 ) ) ;
#4582 = AXIS2_PLACEMENT_3D ( 'NONE', #6741, #2324, #1758 ) ;
#4583 = EDGE_CURVE ( 'NONE', #1891, #3134, #6182, .T. ) ;
#4584 = CARTESIAN_POINT ( 'NONE',  ( 1.003299999999999859, -1.290599999999999969, -1.122300000000000075 ) ) ;
#4585 = ORIENTED_EDGE ( 'NONE', *, *, #4976, .F. ) ;
#4586 = EDGE_CURVE ( 'NONE', #2992, #6668, #5478, .T. ) ;
#4587 = EDGE_CURVE ( 'NONE', #4031, #2366, #5702, .T. ) ;
#4588 = FACE_OUTER_BOUND ( 'NONE', #3018, .T. ) ;
#4589 = DIRECTION ( 'NONE',  ( -9.092488705925939535E-18, 1.000000000000000000, 6.758478109325648880E-17 ) ) ;
#4590 = ORIENTED_EDGE ( 'NONE', *, *, #5976, .F. ) ;
#4591 = CIRCLE ( 'NONE', #4920, 0.02540000000000040142 ) ;
#4592 = CARTESIAN_POINT ( 'NONE',  ( -1.003299999999999859, -1.203999878000000079, -3.801999999999999602 ) ) ;
#4593 = DIRECTION ( 'NONE',  ( 0.000000000000000000, 1.000000000000000000, 0.000000000000000000 ) ) ;
#4594 = LINE ( 'NONE', #3024, #4319 ) ;
#4595 = CARTESIAN_POINT ( 'NONE',  ( 1.435139177143728073, -1.296846238639059123, -7.592738912457956666E-17 ) ) ;
#4596 = TOROIDAL_SURFACE ( 'NONE', #2252, 0.1905000000000000027, 0.01270000000000000122 ) ;
#4597 = CARTESIAN_POINT ( 'NONE',  ( 0.6603999999999999870, 0.1523999999999999799, -3.784599999999999742 ) ) ;
#4598 = ORIENTED_EDGE ( 'NONE', *, *, #2045, .F. ) ;
#4599 = EDGE_LOOP ( 'NONE', ( #7047, #1551, #5663, #6572 ) ) ;
#4600 = CARTESIAN_POINT ( 'NONE',  ( -1.460499999999999909, -1.203999878000000079, -3.784599999999999742 ) ) ;
#4601 = CIRCLE ( 'NONE', #2004, 0.01539999999999999529 ) ;
#4602 = DIRECTION ( 'NONE',  ( 0.000000000000000000, 0.000000000000000000, -1.000000000000000000 ) ) ;
#4603 = PRODUCT_RELATED_PRODUCT_CATEGORY ( 'part', '', ( #4877 ) ) ;
#4604 = CYLINDRICAL_SURFACE ( 'NONE', #804, 0.01270000000000003765 ) ;
#4605 = EDGE_CURVE ( 'NONE', #3046, #1863, #6563, .T. ) ;
#4606 = ORIENTED_EDGE ( 'NONE', *, *, #6145, .F. ) ;
#4607 = ORIENTED_EDGE ( 'NONE', *, *, #2979, .T. ) ;
#4608 = ORIENTED_EDGE ( 'NONE', *, *, #4244, .F. ) ;
#4609 = DIRECTION ( 'NONE',  ( 0.000000000000000000, 0.000000000000000000, 1.000000000000000000 ) ) ;
#4610 = FACE_OUTER_BOUND ( 'NONE', #2928, .T. ) ;
#4611 = LINE ( 'NONE', #6795, #4 ) ;
#4612 = DIRECTION ( 'NONE',  ( 0.000000000000000000, -1.000000000000000000, 0.000000000000000000 ) ) ;
#4613 = ORIENTED_EDGE ( 'NONE', *, *, #1743, .T. ) ;
#4614 = CARTESIAN_POINT ( 'NONE',  ( 1.155559336942200144, -0.2974950456491134987, -3.793867442900084708 ) ) ;
#4615 = ORIENTED_EDGE ( 'NONE', *, *, #4161, .T. ) ;
#4616 = EDGE_CURVE ( 'NONE', #113, #4046, #6969, .T. ) ;
#4617 = CIRCLE ( 'NONE', #3699, 0.1524000000000000077 ) ;
#4618 = LINE ( 'NONE', #6310, #4849 ) ;
#4619 = EDGE_LOOP ( 'NONE', ( #4698, #5469, #5479 ) ) ;
#4620 = CARTESIAN_POINT ( 'NONE',  ( 0.06350000000000000089, -0.1523999999999999799, -3.810000000000000053 ) ) ;
#4621 = ORIENTED_EDGE ( 'NONE', *, *, #3584, .T. ) ;
#4622 = DIRECTION ( 'NONE',  ( -1.000000000000000000, 0.000000000000000000, 0.000000000000000000 ) ) ;
#4623 = CARTESIAN_POINT ( 'NONE',  ( -0.6476999999999999424, -0.1397000000000000186, -3.797299999999999898 ) ) ;
#4624 = ADVANCED_FACE ( 'NONE', ( #6952 ), #1969, .T. ) ;
#4625 = PLANE ( 'NONE',  #6279 ) ;
#4626 = DIRECTION ( 'NONE',  ( 0.000000000000000000, -1.000000000000000000, 0.000000000000000000 ) ) ;
#4627 = DIRECTION ( 'NONE',  ( 0.000000000000000000, 1.000000000000000000, 0.000000000000000000 ) ) ;
#4628 = CARTESIAN_POINT ( 'NONE',  ( -0.3103999999999999537, -1.366399878000000179, -3.797299999999999898 ) ) ;
#4629 = CARTESIAN_POINT ( 'NONE',  ( 1.168400000000000105, -1.239799999999999791, 0.05080000000000000487 ) ) ;
#4630 = ORIENTED_EDGE ( 'NONE', *, *, #277, .F. ) ;
#4631 = ORIENTED_EDGE ( 'NONE', *, *, #2319, .T. ) ;
#4632 = CARTESIAN_POINT ( 'NONE',  ( 1.434891839536221569, -0.2986347761570099513, -3.808897504902195141 ) ) ;
#4633 = FACE_OUTER_BOUND ( 'NONE', #886, .T. ) ;
#4634 = CARTESIAN_POINT ( 'NONE',  ( -0.6434666566505232721, 0.1524000000000000077, -3.793066671674738100 ) ) ;
#4635 = ORIENTED_EDGE ( 'NONE', *, *, #892, .T. ) ;
#4636 = ORIENTED_EDGE ( 'NONE', *, *, #461, .F. ) ;
#4637 = ORIENTED_EDGE ( 'NONE', *, *, #4685, .F. ) ;
#4638 = VERTEX_POINT ( 'NONE', #921 ) ;
#4639 = EDGE_CURVE ( 'NONE', #89, #1182, #7099, .T. ) ;
#4640 = DIRECTION ( 'NONE',  ( 1.000000000000000000, 2.276539994720219940E-15, 1.887912913060269797E-30 ) ) ;
#4641 = FACE_OUTER_BOUND ( 'NONE', #4930, .T. ) ;
#4642 = TOROIDAL_SURFACE ( 'NONE', #897, 0.002699999999999999709, 0.01000000000000000021 ) ;
#4643 = EDGE_LOOP ( 'NONE', ( #7138, #3745, #220, #6526 ) ) ;
#4644 = EDGE_CURVE ( 'NONE', #2600, #2407, #7147, .T. ) ;
#4645 = CARTESIAN_POINT ( 'NONE',  ( 1.460429014994977903, -1.301153987649980026, -3.796147604067444892 ) ) ;
#4646 = ORIENTED_EDGE ( 'NONE', *, *, #2736, .F. ) ;
#4647 = VECTOR ( 'NONE', #4957, 1000.000000000000000 ) ;
#4648 = DIRECTION ( 'NONE',  ( 0.000000000000000000, 1.000000000000000000, 0.000000000000000000 ) ) ;
#4649 = CARTESIAN_POINT ( 'NONE',  ( 1.460720273279354720, -1.283849349326651623, -3.798243922901044733 ) ) ;
#4650 = ORIENTED_EDGE ( 'NONE', *, *, #4076, .T. ) ;
#4651 = EDGE_CURVE ( 'NONE', #3933, #6586, #1686, .T. ) ;
#4652 = AXIS2_PLACEMENT_3D ( 'NONE', #3260, #5385, #5918 ) ;
#4653 = DIRECTION ( 'NONE',  ( -1.000000000000000000, -0.000000000000000000, -0.000000000000000000 ) ) ;
#4654 = VERTEX_POINT ( 'NONE', #3939 ) ;
#4655 = CIRCLE ( 'NONE', #3499, 0.4572000000000000508 ) ;
#4656 = EDGE_CURVE ( 'NONE', #3005, #6391, #5139, .T. ) ;
#4657 = DIRECTION ( 'NONE',  ( 0.000000000000000000, 1.000000000000000000, 0.000000000000000000 ) ) ;
#4658 = CARTESIAN_POINT ( 'NONE',  ( 1.155699999999999950, -0.3254000000000000226, -0.03809999999999999498 ) ) ;
#4659 = ORIENTED_EDGE ( 'NONE', *, *, #4215, .T. ) ;
#4660 = CARTESIAN_POINT ( 'NONE',  ( -0.7620000000000000107, -0.1397000000000000186, -3.568700000000000205 ) ) ;
#4661 = LINE ( 'NONE', #662, #5842 ) ;
#4662 = CARTESIAN_POINT ( 'NONE',  ( 1.412850956020171979E-15, -0.1397000000000000186, -0.3301999999999999935 ) ) ;
#4663 = AXIS2_PLACEMENT_3D ( 'NONE', #3932, #2793, #6012 ) ;
#4664 = FACE_OUTER_BOUND ( 'NONE', #1130, .T. ) ;
#4665 = CARTESIAN_POINT ( 'NONE',  ( 0.3103999999999999537, -1.737800000000000011, -1.135000000000000009 ) ) ;
#4666 = FACE_OUTER_BOUND ( 'NONE', #6098, .T. ) ;
#4667 = DIRECTION ( 'NONE',  ( 1.000000000000000000, -0.000000000000000000, -0.000000000000000000 ) ) ;
#4668 = ORIENTED_EDGE ( 'NONE', *, *, #94, .F. ) ;
#4669 = EDGE_CURVE ( 'NONE', #5373, #1872, #1179, .T. ) ;
#4670 = AXIS2_PLACEMENT_3D ( 'NONE', #6102, #1116, #3375 ) ;
#4671 = ORIENTED_EDGE ( 'NONE', *, *, #6201, .F. ) ;
#4672 = CARTESIAN_POINT ( 'NONE',  ( 1.434904831555082083, -0.2994186278707874904, -3.808474109351140058 ) ) ;
#4673 = DIRECTION ( 'NONE',  ( 1.000000000000000000, 0.000000000000000000, 0.000000000000000000 ) ) ;
#4674 = CIRCLE ( 'NONE', #6397, 0.4317999999999999616 ) ;
#4675 = VERTEX_POINT ( 'NONE', #4521 ) ;
#4676 = EDGE_LOOP ( 'NONE', ( #1113, #5344, #3881, #3470 ) ) ;
#4677 = CARTESIAN_POINT ( 'NONE',  ( -1.168400000000000105, -0.2387998779999999932, -0.01270000000000000122 ) ) ;
#4678 = EDGE_CURVE ( 'NONE', #3362, #4416, #6642, .T. ) ;
#4679 = ORIENTED_EDGE ( 'NONE', *, *, #3104, .T. ) ;
#4680 = CIRCLE ( 'NONE', #1506, 0.01000000000000002623 ) ;
#4681 = DIRECTION ( 'NONE',  ( 1.000000000000000000, 0.000000000000000000, 0.000000000000000000 ) ) ;
#4682 = LINE ( 'NONE', #3079, #1944 ) ;
#4683 = CARTESIAN_POINT ( 'NONE',  ( 0.3203999999999999626, -1.747799999999999798, -0.5000000000000000000 ) ) ;
#4684 = AXIS2_PLACEMENT_3D ( 'NONE', #4923, #5502, #1992 ) ;
#4685 = EDGE_CURVE ( 'NONE', #7035, #6044, #4355, .T. ) ;
#4686 = CARTESIAN_POINT ( 'NONE',  ( 1.460170036637405966, -1.307966911728380088, -3.784599999997634967 ) ) ;
#4687 = ORIENTED_EDGE ( 'NONE', *, *, #1528, .T. ) ;
#4688 = CARTESIAN_POINT ( 'NONE',  ( 1.003299999999999859, -1.455699999999999772, -3.810000000000000053 ) ) ;
#4689 = EDGE_LOOP ( 'NONE', ( #2537, #129, #1301, #6116 ) ) ;
#4690 = AXIS2_PLACEMENT_3D ( 'NONE', #2706, #5501, #6580 ) ;
#4691 =( LENGTH_UNIT ( ) NAMED_UNIT ( * ) SI_UNIT ( .MILLI., .METRE. ) );
#4692 =( GEOMETRIC_REPRESENTATION_CONTEXT ( 3 ) GLOBAL_UNCERTAINTY_ASSIGNED_CONTEXT ( ( #5415 ) ) GLOBAL_UNIT_ASSIGNED_CONTEXT ( ( #296, #4189, #2430 ) ) REPRESENTATION_CONTEXT ( 'NONE', 'WORKASPACE' ) );
#4693 = EDGE_CURVE ( 'NONE', #3309, #1167, #5667, .T. ) ;
#4694 = DIRECTION ( 'NONE',  ( 1.000000000000000000, -0.000000000000000000, -0.000000000000000000 ) ) ;
#4695 = CIRCLE ( 'NONE', #1755, 0.2794000000000000372 ) ;
#4696 = ORIENTED_EDGE ( 'NONE', *, *, #621, .T. ) ;
#4697 = CARTESIAN_POINT ( 'NONE',  ( 0.5080000000000000071, -0.1523999999999999799, -3.708400000000000141 ) ) ;
#4698 = ORIENTED_EDGE ( 'NONE', *, *, #4461, .T. ) ;
#4699 = CARTESIAN_POINT ( 'NONE',  ( 0.8515000000000000346, 0.1523999999999999799, 0.000000000000000000 ) ) ;
#4700 = ADVANCED_FACE ( 'NONE', ( #6096 ), #1642, .T. ) ;
#4701 = CARTESIAN_POINT ( 'NONE',  ( 0.4826000000000000290, -1.722399999999999931, -0.5000000000000000000 ) ) ;
#4702 = VECTOR ( 'NONE', #2611, 1000.000000000000000 ) ;
#4703 = DIRECTION ( 'NONE',  ( 1.000000000000000000, 0.000000000000000000, 0.000000000000000000 ) ) ;
#4704 = FACE_OUTER_BOUND ( 'NONE', #3565, .T. ) ;
#4705 = VECTOR ( 'NONE', #273, 1000.000000000000000 ) ;
#4706 = EDGE_LOOP ( 'NONE', ( #4650, #2889, #3713, #769, #3284, #3748 ) ) ;
#4707 = VERTEX_POINT ( 'NONE', #6204 ) ;
#4708 = CARTESIAN_POINT ( 'NONE',  ( 1.434948878380283954, -0.2933829605333069801, 0.000000000000000000 ) ) ;
#4709 = FACE_OUTER_BOUND ( 'NONE', #2034, .T. ) ;
#4710 = AXIS2_PLACEMENT_3D ( 'NONE', #6154, #2980, #2872 ) ;
#4711 = B_SPLINE_CURVE_WITH_KNOTS ( 'NONE', 3,
 ( #2737, #3187, #5992, #1554, #5457, #4840, #496, #3731, #6576, #6466 ),
 .UNSPECIFIED., .F., .F.,
 ( 4, 3, 3, 4 ),
 ( -3.600715127752253795E-06, 4.235164736271501695E-22, 2.672958070783199923E-06, 6.227259721036989477E-06 ),
 .UNSPECIFIED. ) ;
#4712 = ADVANCED_FACE ( 'NONE', ( #1656 ), #4486, .F. ) ;
#4713 = CARTESIAN_POINT ( 'NONE',  ( 1.168400000000000105, -0.5285999999999999588, -0.02540000000000000244 ) ) ;
#4714 = EDGE_LOOP ( 'NONE', ( #4752, #1189, #4337, #3433 ) ) ;
#4715 = FACE_OUTER_BOUND ( 'NONE', #652, .T. ) ;
#4716 = AXIS2_PLACEMENT_3D ( 'NONE', #6260, #2236, #1231 ) ;
#4717 = ORIENTED_EDGE ( 'NONE', *, *, #2736, .T. ) ;
#4718 = LINE ( 'NONE', #1341, #8 ) ;
#4719 = FACE_OUTER_BOUND ( 'NONE', #440, .T. ) ;
#4720 = ADVANCED_FACE ( 'NONE', ( #2878 ), #3664, .T. ) ;
#4721 = CARTESIAN_POINT ( 'NONE',  ( -0.3103999999999999537, -1.369099878000000103, -0.01000000000000000021 ) ) ;
#4722 = B_SPLINE_CURVE_WITH_KNOTS ( 'NONE', 3,
 ( #2445, #758, #1413, #6968 ),
 .UNSPECIFIED., .F., .F.,
 ( 4, 4 ),
 ( 6.776263578034400456E-21, 1.912694950518155145E-05 ),
 .UNSPECIFIED. ) ;
#4723 = EDGE_LOOP ( 'NONE', ( #6453, #4162, #4739, #4298 ) ) ;
#4724 = DIRECTION ( 'NONE',  ( -1.000000000000000000, 0.000000000000000000, 0.000000000000000000 ) ) ;
#4725 = DIRECTION ( 'NONE',  ( 1.000000000000000000, 0.000000000000000000, 0.000000000000000000 ) ) ;
#4726 = DIRECTION ( 'NONE',  ( 0.000000000000000000, 0.000000000000000000, -1.000000000000000000 ) ) ;
#4727 = ORIENTED_EDGE ( 'NONE', *, *, #2779, .F. ) ;
#4728 = APPLICATION_PROTOCOL_DEFINITION ( 'draft international standard', 'automotive_design', 1998, #6596 ) ;
#4729 = CARTESIAN_POINT ( 'NONE',  ( -0.06350000000000000089, -2.387599999999999945, -3.581400000000000361 ) ) ;
#4730 = ORIENTED_EDGE ( 'NONE', *, *, #6210, .T. ) ;
#4731 = CARTESIAN_POINT ( 'NONE',  ( 1.168400000000000105, -0.7318000000000000060, -0.9317999999999999616 ) ) ;
#4732 = ORIENTED_EDGE ( 'NONE', *, *, #5261, .F. ) ;
#4733 = EDGE_CURVE ( 'NONE', #3562, #177, #5832, .T. ) ;
#4734 = PRESENTATION_LAYER_ASSIGNMENT (  '', '', ( #4835 ) ) ;
#4735 = DIRECTION ( 'NONE',  ( 0.000000000000000000, 0.000000000000000000, 1.000000000000000000 ) ) ;
#4736 = CARTESIAN_POINT ( 'NONE',  ( -0.6357591885886346716, 0.1488220820430839475, -3.809240811411361616 ) ) ;
#4737 = CARTESIAN_POINT ( 'NONE',  ( 1.460267495718363007, -0.2899967768511185207, -0.01225524134478334255 ) ) ;
#4738 = VERTEX_POINT ( 'NONE', #5080 ) ;
#4739 = ORIENTED_EDGE ( 'NONE', *, *, #6099, .F. ) ;
#4740 = EDGE_CURVE ( 'NONE', #4903, #5113, #531, .T. ) ;
#4741 = DIRECTION ( 'NONE',  ( -1.000000000000000000, 0.000000000000000000, 0.000000000000000000 ) ) ;
#4742 = CARTESIAN_POINT ( 'NONE',  ( -0.2769053072000535187, 0.1523999999999999799, -0.1134533333333334060 ) ) ;
#4743 = ORIENTED_EDGE ( 'NONE', *, *, #1354, .F. ) ;
#4744 = CYLINDRICAL_SURFACE ( 'NONE', #1533, 0.01270000000000003765 ) ;
#4745 = ORIENTED_EDGE ( 'NONE', *, *, #1852, .F. ) ;
#4746 = ADVANCED_FACE ( 'NONE', ( #6165 ), #487, .T. ) ;
#4747 = DIRECTION ( 'NONE',  ( 0.000000000000000000, 1.000000000000000000, 0.000000000000000000 ) ) ;
#4748 = CARTESIAN_POINT ( 'NONE',  ( -1.435099999999999820, 0.06600012200000000828, -3.784599999999999742 ) ) ;
#4749 = ORIENTED_EDGE ( 'NONE', *, *, #184, .F. ) ;
#4750 = DIRECTION ( 'NONE',  ( 0.000000000000000000, 0.000000000000000000, -1.000000000000000000 ) ) ;
#4751 = ADVANCED_FACE ( 'NONE', ( #5648 ), #5251, .T. ) ;
#4752 = ORIENTED_EDGE ( 'NONE', *, *, #2156, .T. ) ;
#4753 = CARTESIAN_POINT ( 'NONE',  ( 0.06350000000000000089, -0.1397000000000000186, -3.568700000000000205 ) ) ;
#4754 = CIRCLE ( 'NONE', #5655, 0.01270000000000000295 ) ;
#4755 = ORIENTED_EDGE ( 'NONE', *, *, #3935, .F. ) ;
#4756 = CARTESIAN_POINT ( 'NONE',  ( -1.460499999999999909, -1.747799999999999798, -0.02540000000000000244 ) ) ;
#4757 = CARTESIAN_POINT ( 'NONE',  ( -0.3203999999999999626, -1.635799878000000041, -3.784599999999999742 ) ) ;
#4758 = ORIENTED_EDGE ( 'NONE', *, *, #5915, .T. ) ;
#4759 = CARTESIAN_POINT ( 'NONE',  ( 1.104899999999999993, -0.3022711090285489788, -0.003628571428571434991 ) ) ;
#4760 = AXIS2_PLACEMENT_3D ( 'NONE', #387, #3268, #4323 ) ;
#4761 = DIRECTION ( 'NONE',  ( 0.000000000000000000, 0.000000000000000000, 1.000000000000000000 ) ) ;
#4762 = LINE ( 'NONE', #3615, #2822 ) ;
#4763 = DIRECTION ( 'NONE',  ( 1.000000000000000000, 0.000000000000000000, 0.000000000000000000 ) ) ;
#4764 = PRESENTATION_STYLE_ASSIGNMENT (( #5262 ) ) ;
#4765 = ADVANCED_FACE ( 'NONE', ( #5626 ), #4987, .F. ) ;
#4767 = ORIENTED_EDGE ( 'NONE', *, *, #5199, .F. ) ;
#4766 = TOROIDAL_SURFACE ( 'NONE', #4421, 0.1523999999999999799, 0.02540000000000000244 ) ;
#4768 = ORIENTED_EDGE ( 'NONE', *, *, #5228, .F. ) ;
#4769 = CARTESIAN_POINT ( 'NONE',  ( 0.3203999999999999626, -1.722399999999999931, -1.119600000000000151 ) ) ;
#4770 = CIRCLE ( 'NONE', #1829, 0.01270000000000025449 ) ;
#4771 = PRODUCT_DEFINITION_SHAPE ( 'NONE', 'NONE',  #1330 ) ;
#4772 = DIRECTION ( 'NONE',  ( 1.219574997171546228E-15, 1.219574997171546228E-15, 1.000000000000000000 ) ) ;
#4773 = PLANE ( 'NONE',  #7192 ) ;
#4774 = CARTESIAN_POINT ( 'NONE',  ( -0.3103999999999999537, -1.635799878000000041, -3.799999999999999822 ) ) ;
#4775 = DIRECTION ( 'NONE',  ( 0.000000000000000000, -0.000000000000000000, 1.000000000000000000 ) ) ;
#4776 = ORIENTED_EDGE ( 'NONE', *, *, #946, .T. ) ;
#4777 = ORIENTED_EDGE ( 'NONE', *, *, #14, .F. ) ;
#4778 = CARTESIAN_POINT ( 'NONE',  ( -0.5080000000000000071, 0.1523999999999999799, -3.556000000000000050 ) ) ;
#4779 = DIRECTION ( 'NONE',  ( 0.000000000000000000, 1.000000000000000000, 0.000000000000000000 ) ) ;
#4780 = AXIS2_PLACEMENT_3D ( 'NONE', #6703, #3833, #6017 ) ;
#4781 = ADVANCED_FACE ( 'NONE', ( #1664 ), #679, .F. ) ;
#4782 = CIRCLE ( 'NONE', #928, 0.4317999999999999616 ) ;
#4783 = ORIENTED_EDGE ( 'NONE', *, *, #2244, .F. ) ;
#4784 = CARTESIAN_POINT ( 'NONE',  ( -0.8515000000000000346, -0.1523999999999999799, -3.810000000000000053 ) ) ;
#4785 = DIRECTION ( 'NONE',  ( -4.268512490100410909E-16, 0.000000000000000000, 1.000000000000000000 ) ) ;
#4786 = EDGE_CURVE ( 'NONE', #3860, #79, #5375, .T. ) ;
#4787 = DIRECTION ( 'NONE',  ( -1.000000000000000000, 0.000000000000000000, 0.000000000000000000 ) ) ;
#4788 = ORIENTED_EDGE ( 'NONE', *, *, #365, .T. ) ;
#4789 = CARTESIAN_POINT ( 'NONE',  ( -1.460499999999999909, 0.2134000000000000064, -3.784599999999999742 ) ) ;
#4790 = CIRCLE ( 'NONE', #1635, 0.02540000000000007530 ) ;
#4791 = ORIENTED_EDGE ( 'NONE', *, *, #6366, .F. ) ;
#4792 = AXIS2_PLACEMENT_3D ( 'NONE', #927, #856, #6460 ) ;
#4793 = ADVANCED_FACE ( 'NONE', ( #5658 ), #7190, .F. ) ;
#4794 = ORIENTED_EDGE ( 'NONE', *, *, #5377, .F. ) ;
#4795 = CARTESIAN_POINT ( 'NONE',  ( 1.168400000000000105, -0.9095999999999999641, -0.4872999999999999554 ) ) ;
#4796 = VERTEX_POINT ( 'NONE', #3979 ) ;
#4797 = ORIENTED_EDGE ( 'NONE', *, *, #175, .T. ) ;
#4798 = AXIS2_PLACEMENT_3D ( 'NONE', #3172, #2046, #2732 ) ;
#4799 = DIRECTION ( 'NONE',  ( 1.000000000000000000, 0.000000000000000000, 0.000000000000000000 ) ) ;
#4800 = CARTESIAN_POINT ( 'NONE',  ( -0.3775981461818899709, -0.1397000000000000186, 5.082197683525800494E-18 ) ) ;
#4801 = CARTESIAN_POINT ( 'NONE',  ( 1.460857628045917789, -0.3016409716130213914, -3.806988834625782747 ) ) ;
#4802 = DIRECTION ( 'NONE',  ( 1.000000000000000000, 0.000000000000000000, 0.000000000000000000 ) ) ;
#4803 = EDGE_LOOP ( 'NONE', ( #802, #1191, #2893, #4021, #1588, #3793 ) ) ;
#4804 = ORIENTED_EDGE ( 'NONE', *, *, #6616, .F. ) ;
#4805 = DIRECTION ( 'NONE',  ( 1.000000000000000000, 0.000000000000000000, 0.000000000000000000 ) ) ;
#4806 = AXIS2_PLACEMENT_3D ( 'NONE', #3794, #5981, #998 ) ;
#4807 = EDGE_CURVE ( 'NONE', #6597, #5574, #4240, .T. ) ;
#4808 = ORIENTED_EDGE ( 'NONE', *, *, #3353, .F. ) ;
#4809 = DIRECTION ( 'NONE',  ( 0.000000000000000000, 0.000000000000000000, -1.000000000000000000 ) ) ;
#4810 = CARTESIAN_POINT ( 'NONE',  ( 0.3775981461818899709, -0.1397000000000000186, -0.1270000000000000018 ) ) ;
#4811 = APPLICATION_PROTOCOL_DEFINITION ( 'draft international standard', 'automotive_design', 1998, #6224 ) ;
#4812 = CARTESIAN_POINT ( 'NONE',  ( 1.434908711004679871, -1.288567622524275924, -0.008097683538745499218 ) ) ;
#4813 = VECTOR ( 'NONE', #5315, 1000.000000000000000 ) ;
#4814 = DIRECTION ( 'NONE',  ( 0.000000000000000000, 0.000000000000000000, -1.000000000000000000 ) ) ;
#4815 = ORIENTED_EDGE ( 'NONE', *, *, #1909, .F. ) ;
#4816 = DIRECTION ( 'NONE',  ( 0.000000000000000000, 0.000000000000000000, -1.000000000000000000 ) ) ;
#4817 = DIRECTION ( 'NONE',  ( 0.000000000000000000, 1.000000000000000000, 0.000000000000000000 ) ) ;
#4818 = PRODUCT_DEFINITION_FORMATION_WITH_SPECIFIED_SOURCE ( 'ANY', '', #381, .NOT_KNOWN. ) ;
#4819 = VERTEX_POINT ( 'NONE', #1190 ) ;
#4820 = CARTESIAN_POINT ( 'NONE',  ( 0.8515000000000000346, 0.1270000000000000018, -0.02540000000000000244 ) ) ;
#4821 = EDGE_CURVE ( 'NONE', #4316, #1810, #2589, .T. ) ;
#4822 = DIRECTION ( 'NONE',  ( 0.000000000000000000, -1.000000000000000000, 0.000000000000000000 ) ) ;
#4823 = DIRECTION ( 'NONE',  ( 1.000000000000000000, 0.000000000000000000, 0.000000000000000000 ) ) ;
#4824 = ORIENTED_EDGE ( 'NONE', *, *, #6081, .T. ) ;
#4825 = CARTESIAN_POINT ( 'NONE',  ( 1.435275184952550243, -0.3022536546266315072, -3.806376775596265194 ) ) ;
#4826 = EDGE_LOOP ( 'NONE', ( #2209, #4029, #7, #5666 ) ) ;
#4827 = ORIENTED_EDGE ( 'NONE', *, *, #4586, .F. ) ;
#4828 = DIRECTION ( 'NONE',  ( 0.000000000000000000, 0.000000000000000000, 1.000000000000000000 ) ) ;
#4829 = EDGE_CURVE ( 'NONE', #5638, #6492, #641, .T. ) ;
#4830 = VECTOR ( 'NONE', #847, 1000.000000000000000 ) ;
#4831 = UNCERTAINTY_MEASURE_WITH_UNIT (LENGTH_MEASURE( 1.000000000000000082E-05 ), #5792, 'distance_accuracy_value', 'NONE');
#4832 = CARTESIAN_POINT ( 'NONE',  ( -0.7620000000000000107, 0.1523999999999999799, -3.784599999999999742 ) ) ;
#4833 = DIRECTION ( 'NONE',  ( -4.026947763716188320E-32, -5.160812153253340022E-16, -1.000000000000000000 ) ) ;
#4834 = CIRCLE ( 'NONE', #5749, 0.1524000000000000077 ) ;
#4835 = STYLED_ITEM ( 'NONE', ( #4152 ), #6926 ) ;
#4836 = ORIENTED_EDGE ( 'NONE', *, *, #1504, .T. ) ;
#4837 = EDGE_CURVE ( 'NONE', #1882, #3236, #356, .T. ) ;
#4838 = ORIENTED_EDGE ( 'NONE', *, *, #4402, .T. ) ;
#4839 = CARTESIAN_POINT ( 'NONE',  ( 1.155699999999999950, -0.3047999999999999599, -0.02215594561103305035 ) ) ;
#4840 = CARTESIAN_POINT ( 'NONE',  ( 1.434891839536245550, -1.296765223843141746, -3.808897504902256870 ) ) ;
#4841 = EDGE_CURVE ( 'NONE', #4819, #4167, #1295, .T. ) ;
#4842 = DIRECTION ( 'NONE',  ( 0.000000000000000000, 0.000000000000000000, -1.000000000000000000 ) ) ;
#4843 = ADVANCED_FACE ( 'NONE', ( #3882 ), #1240, .T. ) ;
#4844 = VERTEX_POINT ( 'NONE', #5559 ) ;
#4845 = DIRECTION ( 'NONE',  ( 0.000000000000000000, 0.000000000000000000, -1.000000000000000000 ) ) ;
#4846 = DIRECTION ( 'NONE',  ( 0.000000000000000000, -1.000000000000000000, 0.000000000000000000 ) ) ;
#4847 = DIRECTION ( 'NONE',  ( 0.000000000000000000, 0.000000000000000000, -1.000000000000000000 ) ) ;
#4848 = CARTESIAN_POINT ( 'NONE',  ( -1.155699999999999950, -1.356399878000000170, -0.4872999999999999554 ) ) ;
#4849 = VECTOR ( 'NONE', #2386, 1000.000000000000000 ) ;
#4850 = DIRECTION ( 'NONE',  ( 0.000000000000000000, -1.000000000000000000, 0.000000000000000000 ) ) ;
#4851 = EDGE_LOOP ( 'NONE', ( #1230, #3802, #5196, #4637 ) ) ;
#4852 = DIRECTION ( 'NONE',  ( -4.742791655667130792E-16, 0.000000000000000000, 1.000000000000000000 ) ) ;
#4853 = FACE_OUTER_BOUND ( 'NONE', #4052, .T. ) ;
#4854 = VERTEX_POINT ( 'NONE', #6103 ) ;
#4855 = DIRECTION ( 'NONE',  ( 1.000000000000000000, 0.000000000000000000, 0.000000000000000000 ) ) ;
#4856 = CIRCLE ( 'NONE', #2419, 0.01270000000000000122 ) ;
#4857 = CYLINDRICAL_SURFACE ( 'NONE', #2734, 0.01000000000000002623 ) ;
#4858 = ORIENTED_EDGE ( 'NONE', *, *, #1058, .F. ) ;
#4859 = ADVANCED_FACE ( 'NONE', ( #574 ), #2812, .T. ) ;
#4860 = DIRECTION ( 'NONE',  ( 0.000000000000000000, -1.000000000000000000, 0.000000000000000000 ) ) ;
#4861 = ORIENTED_EDGE ( 'NONE', *, *, #3, .F. ) ;
#4862 = PLANE ( 'NONE',  #4006 ) ;
#4863 = ORIENTED_EDGE ( 'NONE', *, *, #3162, .T. ) ;
#4864 = CARTESIAN_POINT ( 'NONE',  ( 1.168400000000000105, -0.9095999999999999641, -0.9317999999999999616 ) ) ;
#4865 = AXIS2_PLACEMENT_3D ( 'NONE', #5928, #945, #3197 ) ;
#4866 = CARTESIAN_POINT ( 'NONE',  ( -0.2517320974545935175, 0.1270000000000000018, -0.1100666666666666044 ) ) ;
#4867 = ORIENTED_EDGE ( 'NONE', *, *, #6288, .F. ) ;
#4868 = AXIS2_PLACEMENT_3D ( 'NONE', #499, #7034, #2180 ) ;
#4869 = EDGE_CURVE ( 'NONE', #5144, #1850, #5028, .T. ) ;
#4870 = ORIENTED_EDGE ( 'NONE', *, *, #239, .T. ) ;
#4871 = VECTOR ( 'NONE', #3478, 1000.000000000000000 ) ;
#4872 = ORIENTED_EDGE ( 'NONE', *, *, #4273, .F. ) ;
#4873 = VERTEX_POINT ( 'NONE', #1796 ) ;
#4874 = CYLINDRICAL_SURFACE ( 'NONE', #6722, 0.02539999999999999550 ) ;
#4875 = LINE ( 'NONE', #3569, #5450 ) ;
#4876 = AXIS2_PLACEMENT_3D ( 'NONE', #1590, #4276, #1079 ) ;
#4877 = PRODUCT ( 'WSK1216-L5_terminals - Copy_5', 'WSK1216-L5_terminals - Copy_5', '', ( #1888 ) ) ;
#4878 = ADVANCED_FACE ( 'NONE', ( #4715 ), #4744, .T. ) ;
#4879 = VERTEX_POINT ( 'NONE', #5275 ) ;
#4880 = DIRECTION ( 'NONE',  ( 1.000000000000000000, 0.000000000000000000, 0.000000000000000000 ) ) ;
#4881 = VECTOR ( 'NONE', #2506, 1000.000000000000000 ) ;
#4882 = CARTESIAN_POINT ( 'NONE',  ( 0.3103999999999999537, -1.737799999999999789, -0.02540000000000000244 ) ) ;
#4883 = DIRECTION ( 'NONE',  ( 1.000000000000000000, 0.000000000000000000, 0.000000000000000000 ) ) ;
#4884 = EDGE_CURVE ( 'NONE', #3592, #2357, #1299, .T. ) ;
#4885 = CARTESIAN_POINT ( 'NONE',  ( -1.003299999999999859, -1.203999878000000079, 0.000000000000000000 ) ) ;
#4886 = ADVANCED_FACE ( 'NONE', ( #306 ), #6400, .T. ) ;
#4887 = CIRCLE ( 'NONE', #2449, 0.01270000000000003765 ) ;
#4888 = DIRECTION ( 'NONE',  ( 0.000000000000000000, 0.000000000000000000, 1.000000000000000000 ) ) ;
#4889 = EDGE_LOOP ( 'NONE', ( #6365, #6223, #5409, #1012 ) ) ;
#4890 = DIRECTION ( 'NONE',  ( 1.000000000000000000, -0.000000000000000000, -0.000000000000000000 ) ) ;
#4891 = CYLINDRICAL_SURFACE ( 'NONE', #4934, 0.02539999999999996774 ) ;
#4892 = VECTOR ( 'NONE', #366, 1000.000000000000000 ) ;
#4893 = FACE_OUTER_BOUND ( 'NONE', #69, .T. ) ;
#4894 = ORIENTED_EDGE ( 'NONE', *, *, #4807, .F. ) ;
#4895 = DIRECTION ( 'NONE',  ( -8.953414682134259802E-32, 0.000000000000000000, -1.000000000000000000 ) ) ;
#4896 = AXIS2_PLACEMENT_3D ( 'NONE', #1774, #722, #1804 ) ;
#4897 = EDGE_CURVE ( 'NONE', #3648, #6579, #4203, .T. ) ;
#4898 = DIRECTION ( 'NONE',  ( 1.000000000000000000, 0.000000000000000000, 0.000000000000000000 ) ) ;
#4899 = ORIENTED_EDGE ( 'NONE', *, *, #3325, .T. ) ;
#4900 = CARTESIAN_POINT ( 'NONE',  ( -1.003299999999999859, -0.2183999999999999830, -0.02540000000000000244 ) ) ;
#4901 = ORIENTED_EDGE ( 'NONE', *, *, #82, .T. ) ;
#4902 = CARTESIAN_POINT ( 'NONE',  ( 1.434622314912914032, -1.293128890971450007, -3.806371428571429849 ) ) ;
#4903 = VERTEX_POINT ( 'NONE', #2442 ) ;
#4904 = CARTESIAN_POINT ( 'NONE',  ( 1.168400000000248129, -0.3120571428570325101, -3.798266332333295026 ) ) ;
#4905 = CARTESIAN_POINT ( 'NONE',  ( 0.3203999999999999626, -1.722399999999999931, -3.799999999999999822 ) ) ;
#4906 = CIRCLE ( 'NONE', #1166, 0.02539999999999964161 ) ;
#4907 = DIRECTION ( 'NONE',  ( 1.000000000000000000, 0.000000000000000000, 0.000000000000000000 ) ) ;
#4908 = PRESENTATION_LAYER_ASSIGNMENT (  '', '', ( #3653 ) ) ;
#4909 = DIRECTION ( 'NONE',  ( 1.000000000000000000, 0.000000000000000000, 0.000000000000000000 ) ) ;
#4910 = LINE ( 'NONE', #2140, #6783 ) ;
#4911 = AXIS2_PLACEMENT_3D ( 'NONE', #4943, #558, #5042 ) ;
#4912 = EDGE_LOOP ( 'NONE', ( #4836, #567, #4454, #5704, #142, #1509, #4621, #7014 ) ) ;
#4913 = ORIENTED_EDGE ( 'NONE', *, *, #4148, .T. ) ;
#4914 = ORIENTED_EDGE ( 'NONE', *, *, #5217, .T. ) ;
#4915 = CARTESIAN_POINT ( 'NONE',  ( 1.155335172164960067, -0.2942611943384330075, -0.01270000000000705981 ) ) ;
#4916 = DIRECTION ( 'NONE',  ( 1.000000000000000000, 0.000000000000000000, 0.000000000000000000 ) ) ;
#4917 = EDGE_CURVE ( 'NONE', #6448, #938, #4591, .T. ) ;
#4918 = CIRCLE ( 'NONE', #3428, 0.01269999999999998387 ) ;
#4919 = CYLINDRICAL_SURFACE ( 'NONE', #5837, 0.01000000000000002623 ) ;
#4920 = AXIS2_PLACEMENT_3D ( 'NONE', #1258, #826, #2406 ) ;
#4921 = ORIENTED_EDGE ( 'NONE', *, *, #7079, .T. ) ;
#4922 = DIRECTION ( 'NONE',  ( 0.000000000000000000, -1.000000000000000000, 0.000000000000000000 ) ) ;
#4923 = CARTESIAN_POINT ( 'NONE',  ( 0.3203999999999999626, -1.747799999999999798, -1.119600000000000151 ) ) ;
#4924 = DIRECTION ( 'NONE',  ( 0.000000000000000000, 0.000000000000000000, -1.000000000000000000 ) ) ;
#4925 = ITEM_DEFINED_TRANSFORMATION ( 'NONE', 'NONE', #2284,  #1337 ) ;
#4926 = EDGE_CURVE ( 'NONE', #5612, #6060, #23, .T. ) ;
#4927 = DIRECTION ( 'NONE',  ( 0.000000000000000000, 0.000000000000000000, -1.000000000000000000 ) ) ;
#4928 = VECTOR ( 'NONE', #10, 1000.000000000000000 ) ;
#4929 = CARTESIAN_POINT ( 'NONE',  ( 1.003299999999999859, -1.455699999999999772, -0.01270000000000000122 ) ) ;
#4930 = EDGE_LOOP ( 'NONE', ( #4130, #6149, #5127, #122 ) ) ;
#4931 = CARTESIAN_POINT ( 'NONE',  ( -1.003299999999999859, -1.661199878000000130, -0.4746000000000000218 ) ) ;
#4932 = FACE_OUTER_BOUND ( 'NONE', #4511, .T. ) ;
#4933 = ORIENTED_EDGE ( 'NONE', *, *, #432, .T. ) ;
#4934 = AXIS2_PLACEMENT_3D ( 'NONE', #2077, #4329, #7083 ) ;
#4935 = DIRECTION ( 'NONE',  ( -1.000000000000000000, 0.000000000000000000, 0.000000000000000000 ) ) ;
#4936 = DIRECTION ( 'NONE',  ( 0.000000000000000000, 0.000000000000000000, 1.000000000000000000 ) ) ;
#4937 = VERTEX_POINT ( 'NONE', #751 ) ;
#4938 = ORIENTED_EDGE ( 'NONE', *, *, #3378, .T. ) ;
#4939 = DIRECTION ( 'NONE',  ( 0.000000000000000000, 1.000000000000000000, 0.000000000000000000 ) ) ;
#4940 = EDGE_CURVE ( 'NONE', #6531, #6597, #1874, .T. ) ;
#4941 = FACE_OUTER_BOUND ( 'NONE', #6562, .T. ) ;
#4942 = ORIENTED_EDGE ( 'NONE', *, *, #1532, .F. ) ;
#4943 = CARTESIAN_POINT ( 'NONE',  ( 1.003299999999999859, -1.290599999999999969, -0.01270000000000000122 ) ) ;
#4944 = CARTESIAN_POINT ( 'NONE',  ( 1.168400000000000105, -0.3047999999999999599, -0.02215594561103305035 ) ) ;
#4945 = AXIS2_PLACEMENT_3D ( 'NONE', #5514, #2754, #7169 ) ;
#4946 = EDGE_LOOP ( 'NONE', ( #2055, #413, #229, #196, #1792 ) ) ;
#4947 = ORIENTED_EDGE ( 'NONE', *, *, #5804, .F. ) ;
#4948 = CARTESIAN_POINT ( 'NONE',  ( -0.3203999999999999626, -1.635799878000000041, -0.4746000000000000218 ) ) ;
#4949 = FILL_AREA_STYLE_COLOUR ( '', #1715 ) ;
#4950 = CARTESIAN_POINT ( 'NONE',  ( 1.435099999999999820, -0.3175000000000000044, -0.01519113576837415047 ) ) ;
#4951 = VECTOR ( 'NONE', #3820, 1000.000000000000000 ) ;
#4952 = EDGE_CURVE ( 'NONE', #1815, #6391, #1040, .T. ) ;
#4953 = ORIENTED_EDGE ( 'NONE', *, *, #6571, .T. ) ;
#4954 = DIRECTION ( 'NONE',  ( 0.000000000000000000, 0.000000000000000000, -1.000000000000000000 ) ) ;
#4955 = CARTESIAN_POINT ( 'NONE',  ( -0.3103999999999999537, -1.661199878000001018, -0.4899999999999999911 ) ) ;
#4956 = CARTESIAN_POINT ( 'NONE',  ( 1.003299999999999859, -1.443000000000000060, -0.4872999999999999554 ) ) ;
#4957 = DIRECTION ( 'NONE',  ( 0.000000000000000000, 0.000000000000000000, 1.000000000000000000 ) ) ;
#4958 = DIRECTION ( 'NONE',  ( 1.000000000000000000, -9.279374978479150332E-18, 0.000000000000000000 ) ) ;
#4959 = ORIENTED_EDGE ( 'NONE', *, *, #1402, .T. ) ;
#4960 = EDGE_CURVE ( 'NONE', #4654, #5707, #1304, .T. ) ;
#4961 = CIRCLE ( 'NONE', #3091, 0.01000000000000002623 ) ;
#4962 = CARTESIAN_POINT ( 'NONE',  ( -1.460499999999999909, -1.635799878000000041, -0.5000000000000000000 ) ) ;
#4963 = DIRECTION ( 'NONE',  ( 0.000000000000000000, 0.4999999999999877320, 0.8660254037844458130 ) ) ;
#4964 = ORIENTED_EDGE ( 'NONE', *, *, #6760, .F. ) ;
#4965 = AXIS2_PLACEMENT_3D ( 'NONE', #1486, #3201, #390 ) ;
#4966 = FACE_OUTER_BOUND ( 'NONE', #6862, .T. ) ;
#4967 = ORIENTED_EDGE ( 'NONE', *, *, #7166, .T. ) ;
#4968 = ORIENTED_EDGE ( 'NONE', *, *, #204, .T. ) ;
#4969 = CARTESIAN_POINT ( 'NONE',  ( 0.4826000000000000290, -1.722399999999999931, -3.810000000000000053 ) ) ;
#4970 = B_SPLINE_CURVE_WITH_KNOTS ( 'NONE', 3,
 ( #1672, #4614, #1739, #101 ),
 .UNSPECIFIED., .F., .F.,
 ( 4, 4 ),
 ( 0.000000000000000000, 1.416384239958277983E-05 ),
 .UNSPECIFIED. ) ;
#4971 = CARTESIAN_POINT ( 'NONE',  ( 0.3203999999999999626, -1.747799999999999798, -3.784599999999999742 ) ) ;
#4972 = EDGE_LOOP ( 'NONE', ( #2553, #7011, #1161, #5727 ) ) ;
#4973 = DIRECTION ( 'NONE',  ( 0.000000000000000000, 0.000000000000000000, -1.000000000000000000 ) ) ;
#4974 = DIRECTION ( 'NONE',  ( 4.573406239393268525E-16, -0.8206518066482917373, -0.5714285714285688433 ) ) ;
#4975 = CARTESIAN_POINT ( 'NONE',  ( 1.155699999999999950, -1.290599999999999969, -3.787844054388965098 ) ) ;
#4976 = EDGE_CURVE ( 'NONE', #2073, #6313, #2731, .T. ) ;
#4977 = LINE ( 'NONE', #1039, #4086 ) ;
#4978 = DIRECTION ( 'NONE',  ( 0.000000000000000000, -1.000000000000000000, 0.000000000000000000 ) ) ;
#4979 = CARTESIAN_POINT ( 'NONE',  ( 0.6476999999999999424, 0.1270000000000000018, -3.810000000000000053 ) ) ;
#4981 = ORIENTED_EDGE ( 'NONE', *, *, #6404, .T. ) ;
#4980 = CIRCLE ( 'NONE', #312, 0.02539999999999999550 ) ;
#4982 = ORIENTED_EDGE ( 'NONE', *, *, #2053, .T. ) ;
#4983 = CARTESIAN_POINT ( 'NONE',  ( -1.003299999999999859, -0.2183999999999999830, -3.797299999999999898 ) ) ;
#4984 = VECTOR ( 'NONE', #1623, 1000.000000000000000 ) ;
#4985 = CARTESIAN_POINT ( 'NONE',  ( 1.460720273279353387, -0.3115506506733581871, -0.01175607709896231423 ) ) ;
#4986 = CIRCLE ( 'NONE', #6019, 0.01270000000000003765 ) ;
#4987 = CYLINDRICAL_SURFACE ( 'NONE', #6059, 0.07619999999999998996 ) ;
#4988 = VERTEX_POINT ( 'NONE', #1074 ) ;
#4989 = EDGE_CURVE ( 'NONE', #235, #2826, #3337, .T. ) ;
#4990 = AXIS2_PLACEMENT_3D ( 'NONE', #3739, #6513, #2188 ) ;
#4991 = DIRECTION ( 'NONE',  ( 0.000000000000000000, 1.000000000000000000, 0.000000000000000000 ) ) ;
#4992 = LINE ( 'NONE', #1054, #3951 ) ;
#4993 = CONTEXT_DEPENDENT_SHAPE_REPRESENTATION ( #3749, #6091 ) ;
#4994 = CYLINDRICAL_SURFACE ( 'NONE', #3725, 0.02540000000000007530 ) ;
#4995 = AXIS2_PLACEMENT_3D ( 'NONE', #2884, #6172, #24 ) ;
#4996 = AXIS2_PLACEMENT_3D ( 'NONE', #3613, #6777, #4074 ) ;
#4997 = DIRECTION ( 'NONE',  ( 0.000000000000000000, -8.435277258399649770E-33, 1.000000000000000000 ) ) ;
#4998 = CARTESIAN_POINT ( 'NONE',  ( 1.168400000000000105, -1.283342857142856008, -0.01173366766659956172 ) ) ;
#4999 = EDGE_LOOP ( 'NONE', ( #3027, #59, #3329, #367 ) ) ;
#5000 = CARTESIAN_POINT ( 'NONE',  ( -0.3203999999999999626, -1.356399878000000170, -3.801999999999999602 ) ) ;
#5001 = EDGE_CURVE ( 'NONE', #5625, #4903, #2124, .T. ) ;
#5002 = VECTOR ( 'NONE', #509, 1000.000000000000000 ) ;
#5003 = AXIS2_PLACEMENT_3D ( 'NONE', #6962, #3069, #4833 ) ;
#5004 = ORIENTED_EDGE ( 'NONE', *, *, #6238, .T. ) ;
#5005 = FACE_OUTER_BOUND ( 'NONE', #5962, .T. ) ;
#5006 = AXIS2_PLACEMENT_3D ( 'NONE', #2002, #3130, #7051 ) ;
#5007 = DIRECTION ( 'NONE',  ( 0.000000000000000000, 0.000000000000000000, 1.000000000000000000 ) ) ;
#5008 = ORIENTED_EDGE ( 'NONE', *, *, #6215, .T. ) ;
#5009 = DIRECTION ( 'NONE',  ( 0.000000000000000000, -1.000000000000000000, -2.586977266727520463E-16 ) ) ;
#5010 = EDGE_CURVE ( 'NONE', #6579, #1379, #4307, .T. ) ;
#5011 = AXIS2_PLACEMENT_3D ( 'NONE', #5743, #5778, #2970 ) ;
#5012 = CARTESIAN_POINT ( 'NONE',  ( 0.6465576313933560915, 0.1523999999999999799, -3.791521184303320080 ) ) ;
#5013 = ORIENTED_EDGE ( 'NONE', *, *, #629, .T. ) ;
#5014 = ORIENTED_EDGE ( 'NONE', *, *, #4869, .T. ) ;
#5015 = CIRCLE ( 'NONE', #5585, 0.01270000000000003765 ) ;
#5016 = VECTOR ( 'NONE', #6403, 1000.000000000000000 ) ;
#5017 = DIRECTION ( 'NONE',  ( 1.000000000000000000, -1.778546870875169980E-17, 0.000000000000000000 ) ) ;
#5018 = EDGE_CURVE ( 'NONE', #318, #3657, #3938, .T. ) ;
#5019 = DIRECTION ( 'NONE',  ( 1.000000000000000000, 0.000000000000000000, 0.000000000000000000 ) ) ;
#5020 = VECTOR ( 'NONE', #1497, 1000.000000000000000 ) ;
#5021 = LINE ( 'NONE', #25, #577 ) ;
#5022 = ORIENTED_EDGE ( 'NONE', *, *, #1493, .F. ) ;
#5023 = CARTESIAN_POINT ( 'NONE',  ( 1.104899999999999993, -0.3556000000000000272, 0.05080000000000000487 ) ) ;
#5024 = ORIENTED_EDGE ( 'NONE', *, *, #1216, .F. ) ;
#5025 = EDGE_CURVE ( 'NONE', #2931, #3145, #6541, .T. ) ;
#5026 = DIRECTION ( 'NONE',  ( 0.000000000000000000, 1.000000000000000000, 2.586977266727520463E-16 ) ) ;
#5027 = CARTESIAN_POINT ( 'NONE',  ( 1.155700000000311922, -1.283342857144059712, -0.01173366766594052465 ) ) ;
#5028 = CIRCLE ( 'NONE', #5499, 0.01270000000000003765 ) ;
#5029 = CARTESIAN_POINT ( 'NONE',  ( 1.435099999999999820, -0.9095999999999999641, -0.9317999999999999616 ) ) ;
#5030 = CIRCLE ( 'NONE', #4467, 0.1777999999999999858 ) ;
#5031 = DIRECTION ( 'NONE',  ( 1.000000000000000000, 0.000000000000000000, 0.000000000000000000 ) ) ;
#5032 = FACE_OUTER_BOUND ( 'NONE', #6381, .T. ) ;
#5033 = VERTEX_POINT ( 'NONE', #4628 ) ;
#5034 = AXIS2_PLACEMENT_3D ( 'NONE', #606, #5720, #4626 ) ;
#5035 = DIRECTION ( 'NONE',  ( 1.000000000000000000, 0.000000000000000000, 0.000000000000000000 ) ) ;
#5036 = ORIENTED_EDGE ( 'NONE', *, *, #2646, .T. ) ;
#5037 = CIRCLE ( 'NONE', #1889, 0.02539999999999999550 ) ;
#5038 = EDGE_CURVE ( 'NONE', #632, #1498, #3434, .T. ) ;
#5039 = CARTESIAN_POINT ( 'NONE',  ( 1.435099999999999820, -0.9095999999999999641, -0.4746000000000000218 ) ) ;
#5040 = DIRECTION ( 'NONE',  ( 0.000000000000000000, 0.000000000000000000, -1.000000000000000000 ) ) ;
#5041 = ORIENTED_EDGE ( 'NONE', *, *, #2646, .F. ) ;
#5042 = DIRECTION ( 'NONE',  ( 1.000000000000000000, 0.000000000000000000, 0.000000000000000000 ) ) ;
#5043 = CARTESIAN_POINT ( 'NONE',  ( -0.3203999999999999626, -1.635799878000000041, -1.135000000000000009 ) ) ;
#5044 = AXIS2_PLACEMENT_3D ( 'NONE', #211, #6442, #6307 ) ;
#5045 = CARTESIAN_POINT ( 'NONE',  ( 1.003299999999999859, -1.290599999999999969, 0.000000000000000000 ) ) ;
#5046 = CARTESIAN_POINT ( 'NONE',  ( 0.3103999999999999537, -1.452999999999999847, -0.01270000000000000122 ) ) ;
#5047 = CARTESIAN_POINT ( 'NONE',  ( 1.460500000000122034, -0.2986565000042584739, -0.03383828250255149772 ) ) ;
#5048 = VERTEX_POINT ( 'NONE', #3544 ) ;
#5049 = EDGE_CURVE ( 'NONE', #5191, #5902, #5722, .T. ) ;
#5050 = ORIENTED_EDGE ( 'NONE', *, *, #6949, .T. ) ;
#5051 = AXIS2_PLACEMENT_3D ( 'NONE', #86, #6519, #3743 ) ;
#5052 = CARTESIAN_POINT ( 'NONE',  ( 1.460499999999999909, -1.290599999999999969, -0.4746000000000000218 ) ) ;
#5053 = DIRECTION ( 'NONE',  ( -1.000000000000000000, 0.000000000000000000, 0.000000000000000000 ) ) ;
#5054 = DIRECTION ( 'NONE',  ( 0.000000000000000000, 0.000000000000000000, 1.000000000000000000 ) ) ;
#5055 = LINE ( 'NONE', #1693, #362 ) ;
#5056 = ORIENTED_EDGE ( 'NONE', *, *, #686, .T. ) ;
#5057 = ADVANCED_FACE ( 'NONE', ( #3522 ), #4919, .T. ) ;
#5058 = ORIENTED_EDGE ( 'NONE', *, *, #184, .T. ) ;
#5059 = CARTESIAN_POINT ( 'NONE',  ( -0.6476999999999999424, -0.1397000000000000186, -3.810000000000000053 ) ) ;
#5060 = CARTESIAN_POINT ( 'NONE',  ( 1.460170036637142177, -0.2874330882659910102, -3.784600000002909859 ) ) ;
#5061 = AXIS2_PLACEMENT_3D ( 'NONE', #6837, #2975, #1851 ) ;
#5062 = DIRECTION ( 'NONE',  ( 0.000000000000000000, 0.000000000000000000, -1.000000000000000000 ) ) ;
#5063 = EDGE_CURVE ( 'NONE', #6356, #1182, #7153, .T. ) ;
#5064 = EDGE_CURVE ( 'NONE', #4819, #6586, #7115, .T. ) ;
#5065 = DIRECTION ( 'NONE',  ( 0.000000000000000000, -1.000000000000000000, 0.000000000000000000 ) ) ;
#5066 = CARTESIAN_POINT ( 'NONE',  ( 0.000000000000000000, -1.369099878000000103, -3.797299999999999898 ) ) ;
#5067 = VERTEX_POINT ( 'NONE', #5194 ) ;
#5068 = CARTESIAN_POINT ( 'NONE',  ( 1.003299999999999859, -1.290599999999999969, -0.4872999999999999554 ) ) ;
#5069 = VERTEX_POINT ( 'NONE', #2885 ) ;
#5070 = CARTESIAN_POINT ( 'NONE',  ( -0.3203999999999999626, -1.635799878000000041, -0.01000000000000000021 ) ) ;
#5071 = EDGE_CURVE ( 'NONE', #4446, #3134, #87, .T. ) ;
#5072 = CARTESIAN_POINT ( 'NONE',  ( 0.3203999999999999626, -1.455699999999999772, -0.5000000000000000000 ) ) ;
#5073 = ORIENTED_EDGE ( 'NONE', *, *, #1555, .F. ) ;
#5074 = DIRECTION ( 'NONE',  ( 0.000000000000000000, 0.000000000000000000, -1.000000000000000000 ) ) ;
#5075 = DIRECTION ( 'NONE',  ( 0.000000000000000000, 0.000000000000000000, -1.000000000000000000 ) ) ;
#5076 = AXIS2_PLACEMENT_3D ( 'NONE', #216, #910, #5890 ) ;
#5077 = DIRECTION ( 'NONE',  ( 1.000000000000000000, 0.000000000000000000, 0.000000000000000000 ) ) ;
#5078 = EDGE_CURVE ( 'NONE', #1775, #2064, #1186, .T. ) ;
#5079 = DIRECTION ( 'NONE',  ( -1.000000000000000000, 0.000000000000000000, 0.000000000000000000 ) ) ;
#5080 = CARTESIAN_POINT ( 'NONE',  ( -0.06350000000000000089, -0.1397000000000000186, -3.581400000000000361 ) ) ;
#5081 = ORIENTED_EDGE ( 'NONE', *, *, #4058, .T. ) ;
#5082 = ORIENTED_EDGE ( 'NONE', *, *, #6633, .F. ) ;
#5083 = LINE ( 'NONE', #1903, #3300 ) ;
#5084 = LINE ( 'NONE', #2330, #6369 ) ;
#5085 = CARTESIAN_POINT ( 'NONE',  ( 1.460857628045918011, -0.3016409716130492025, -0.003011165374248042387 ) ) ;
#5086 = EDGE_CURVE ( 'NONE', #5650, #4441, #676, .T. ) ;
#5088 = DIRECTION ( 'NONE',  ( -3.557093741750344889E-16, 1.000000000000000000, 0.000000000000000000 ) ) ;
#5087 = CARTESIAN_POINT ( 'NONE',  ( -1.460499999999999909, -0.2183999999999999830, -3.784599999999999742 ) ) ;
#5089 = AXIS2_PLACEMENT_3D ( 'NONE', #5580, #594, #6603 ) ;
#5090 = CARTESIAN_POINT ( 'NONE',  ( 1.003299999999999859, -1.722399999999999931, -0.4746000000000000218 ) ) ;
#5091 = ORIENTED_EDGE ( 'NONE', *, *, #2528, .T. ) ;
#5092 = CARTESIAN_POINT ( 'NONE',  ( 1.435275184952550243, -0.3022536546266319513, -0.003623224403734304645 ) ) ;
#5093 = ORIENTED_EDGE ( 'NONE', *, *, #6767, .T. ) ;
#5094 = DIRECTION ( 'NONE',  ( 1.000000000000000000, 0.000000000000000000, 0.000000000000000000 ) ) ;
#5095 = CARTESIAN_POINT ( 'NONE',  ( -0.3103999999999999537, -1.661199878000000130, -1.119600000000000151 ) ) ;
#5096 = CARTESIAN_POINT ( 'NONE',  ( 0.000000000000000000, 0.1270000000000000018, 0.000000000000000000 ) ) ;
#5097 = CARTESIAN_POINT ( 'NONE',  ( 1.155700000000247973, -1.290600000001366210, -0.02215594561018154746 ) ) ;
#5098 = AXIS2_PLACEMENT_3D ( 'NONE', #5029, #6252, #2376 ) ;
#5099 = CARTESIAN_POINT ( 'NONE',  ( 1.104899999999999993, -0.3556000000000000272, -0.02540000000000000244 ) ) ;
#5100 = EDGE_CURVE ( 'NONE', #3828, #3786, #5263, .T. ) ;
#5101 = AXIS2_PLACEMENT_3D ( 'NONE', #5775, #206, #6827 ) ;
#5102 = CARTESIAN_POINT ( 'NONE',  ( 0.3103999999999999537, -1.453000000000000069, -3.797299999999999898 ) ) ;
#5103 = ORIENTED_EDGE ( 'NONE', *, *, #4438, .T. ) ;
#5104 = LINE ( 'NONE', #5142, #4138 ) ;
#5105 = CIRCLE ( 'NONE', #6253, 0.01270000000000000989 ) ;
#5106 = ORIENTED_EDGE ( 'NONE', *, *, #437, .T. ) ;
#5107 = PRODUCT_DEFINITION ( 'UNKNOWN', '', #7129, #6184 ) ;
#5108 = CIRCLE ( 'NONE', #4876, 0.02539999999999998162 ) ;
#5109 = FACE_OUTER_BOUND ( 'NONE', #3946, .T. ) ;
#5110 = AXIS2_PLACEMENT_3D ( 'NONE', #47, #7102, #7143 ) ;
#5111 = ORIENTED_EDGE ( 'NONE', *, *, #4359, .F. ) ;
#5112 = CARTESIAN_POINT ( 'NONE',  ( -0.7620000000000000107, 0.08640000000000000457, 0.000000000000000000 ) ) ;
#5113 = VERTEX_POINT ( 'NONE', #2852 ) ;
#5114 = DIRECTION ( 'NONE',  ( 1.000000000000000000, 0.000000000000000000, 0.000000000000000000 ) ) ;
#5115 = DIRECTION ( 'NONE',  ( -0.000000000000000000, 1.000000000000000000, -0.000000000000000000 ) ) ;
#5116 = EDGE_CURVE ( 'NONE', #1795, #3909, #128, .T. ) ;
#5117 = AXIS2_PLACEMENT_3D ( 'NONE', #597, #5077, #2798 ) ;
#5118 = CARTESIAN_POINT ( 'NONE',  ( 1.435099999999999820, -1.239799999999999791, -3.759199999999999875 ) ) ;
#5119 = CARTESIAN_POINT ( 'NONE',  ( -1.460499999999999909, -1.661199878000000130, -3.784599999999999742 ) ) ;
#5120 = CIRCLE ( 'NONE', #2924, 0.01270000000000003765 ) ;
#5121 = CARTESIAN_POINT ( 'NONE',  ( 1.460170036637274071, -0.2874330882694864919, -0.02540000000000000244 ) ) ;
#5122 = ORIENTED_EDGE ( 'NONE', *, *, #1507, .F. ) ;
#5123 = ORIENTED_EDGE ( 'NONE', *, *, #6486, .F. ) ;
#5124 = DIRECTION ( 'NONE',  ( 0.000000000000000000, 0.000000000000000000, -1.000000000000000000 ) ) ;
#5125 = CYLINDRICAL_SURFACE ( 'NONE', #1562, 0.01270000000000000989 ) ;
#5126 = CIRCLE ( 'NONE', #2573, 0.02540000000000001978 ) ;
#5127 = ORIENTED_EDGE ( 'NONE', *, *, #33, .T. ) ;
#5128 = CARTESIAN_POINT ( 'NONE',  ( -0.3203999999999999626, -1.369099878000000103, -3.797299999999999898 ) ) ;
#5129 = VECTOR ( 'NONE', #6284, 1000.000000000000000 ) ;
#5130 = ORIENTED_EDGE ( 'NONE', *, *, #1470, .F. ) ;
#5131 = DIRECTION ( 'NONE',  ( 1.000000000000000000, 0.000000000000000000, 0.000000000000000000 ) ) ;
#5132 = CIRCLE ( 'NONE', #1975, 0.01269999999999998908 ) ;
#5133 = ORIENTED_EDGE ( 'NONE', *, *, #877, .F. ) ;
#5134 = EDGE_CURVE ( 'NONE', #5421, #7002, #2248, .T. ) ;
#5135 = CARTESIAN_POINT ( 'NONE',  ( 0.3775981461818899709, 0.1270000000000000018, -0.02540000000000000244 ) ) ;
#5136 = DIRECTION ( 'NONE',  ( -1.000000000000000000, 0.000000000000000000, 0.000000000000000000 ) ) ;
#5137 = TOROIDAL_SURFACE ( 'NONE', #2234, 0.4317999999999999616, 0.02540000000000000244 ) ;
#5138 = VERTEX_POINT ( 'NONE', #1254 ) ;
#5139 = CIRCLE ( 'NONE', #2829, 0.01270000000000090501 ) ;
#5140 = CARTESIAN_POINT ( 'NONE',  ( -0.7620000000000000107, -0.06600000000000000311, -3.801999999999999602 ) ) ;
#5141 = VERTEX_POINT ( 'NONE', #2370 ) ;
#5142 = CARTESIAN_POINT ( 'NONE',  ( 0.06350000000000000089, -2.387599999999999945, -3.581400000000000361 ) ) ;
#5143 = EDGE_CURVE ( 'NONE', #6193, #6492, #5055, .T. ) ;
#5144 = VERTEX_POINT ( 'NONE', #6789 ) ;
#5145 = VECTOR ( 'NONE', #2261, 1000.000000000000000 ) ;
#5146 = FACE_OUTER_BOUND ( 'NONE', #5175, .T. ) ;
#5147 = ORIENTED_EDGE ( 'NONE', *, *, #6099, .T. ) ;
#5148 = EDGE_CURVE ( 'NONE', #3765, #6213, #6064, .T. ) ;
#5149 = CYLINDRICAL_SURFACE ( 'NONE', #3444, 0.1269999999999999463 ) ;
#5150 = ORIENTED_EDGE ( 'NONE', *, *, #1914, .T. ) ;
#5151 = AXIS2_PLACEMENT_3D ( 'NONE', #3835, #1584, #6095 ) ;
#5152 = DIRECTION ( 'NONE',  ( -9.092488705925939535E-18, 1.000000000000000000, 6.758478109325648880E-17 ) ) ;
#5153 = CARTESIAN_POINT ( 'NONE',  ( -1.155699999999999950, -0.6324998780000009591, -0.6777999999999999581 ) ) ;
#5154 = VECTOR ( 'NONE', #441, 1000.000000000000000 ) ;
#5155 = EDGE_CURVE ( 'NONE', #1815, #6533, #4247, .T. ) ;
#5156 = CARTESIAN_POINT ( 'NONE',  ( -1.460499999999999909, -0.7318000000000000060, -0.6777999999999999581 ) ) ;
#5157 = ORIENTED_EDGE ( 'NONE', *, *, #4461, .F. ) ;
#5158 = ORIENTED_EDGE ( 'NONE', *, *, #5572, .T. ) ;
#5159 = DIRECTION ( 'NONE',  ( -0.000000000000000000, 1.000000000000000000, 0.000000000000000000 ) ) ;
#5160 = CARTESIAN_POINT ( 'NONE',  ( -0.6350000000000000089, 0.1366654744509167851, -3.797300007512107278 ) ) ;
#5161 = CARTESIAN_POINT ( 'NONE',  ( 1.460500000000001908, -0.3175000000000006151, -3.794808864231629553 ) ) ;
#5162 = EDGE_CURVE ( 'NONE', #6790, #79, #3977, .T. ) ;
#5163 = EDGE_CURVE ( 'NONE', #3185, #3398, #1228, .T. ) ;
#5164 = ORIENTED_EDGE ( 'NONE', *, *, #5634, .T. ) ;
#5165 = CARTESIAN_POINT ( 'NONE',  ( 1.460285180802548988, -0.2904670560896184250, -0.02027265766381102646 ) ) ;
#5166 = CARTESIAN_POINT ( 'NONE',  ( -0.6476999999999999424, -0.1397000000000000186, -3.708400000000000141 ) ) ;
#5167 = DIRECTION ( 'NONE',  ( 0.000000000000000000, 0.000000000000000000, 1.000000000000000000 ) ) ;
#5168 = AXIS2_PLACEMENT_3D ( 'NONE', #2041, #3167, #3717 ) ;
#5169 = DIRECTION ( 'NONE',  ( 1.000000000000000000, 0.000000000000000000, 0.000000000000000000 ) ) ;
#5170 = ADVANCED_FACE ( 'NONE', ( #1471 ), #1420, .T. ) ;
#5171 = CARTESIAN_POINT ( 'NONE',  ( 1.168400000000000105, -1.747799999999999798, -1.109600000000000142 ) ) ;
#5172 = ORIENTED_EDGE ( 'NONE', *, *, #4359, .T. ) ;
#5173 = CARTESIAN_POINT ( 'NONE',  ( -0.5080000000000000071, -0.1397000000000000186, -3.708400000000000141 ) ) ;
#5174 = DIRECTION ( 'NONE',  ( -1.000000000000000000, 0.000000000000000000, 0.000000000000000000 ) ) ;
#5175 = EDGE_LOOP ( 'NONE', ( #5816, #3537, #6684, #5931 ) ) ;
#5176 = LINE ( 'NONE', #2827, #1790 ) ;
#5177 = EDGE_CURVE ( 'NONE', #6923, #2453, #137, .T. ) ;
#5178 = DIRECTION ( 'NONE',  ( -1.000000000000000000, -1.943148431314639773E-15, -1.887912913060269797E-30 ) ) ;
#5179 = ORIENTED_EDGE ( 'NONE', *, *, #4313, .T. ) ;
#5180 = CARTESIAN_POINT ( 'NONE',  ( 0.7620000000000000107, 0.1270000000000000018, 0.000000000000000000 ) ) ;
#5181 = LINE ( 'NONE', #4658, #6386 ) ;
#5182 = ORIENTED_EDGE ( 'NONE', *, *, #5794, .T. ) ;
#5183 = CARTESIAN_POINT ( 'NONE',  ( -0.3203999999999999626, -1.369099878000000103, -1.119600000000000151 ) ) ;
#5184 = DIRECTION ( 'NONE',  ( 1.000000000000000000, 0.000000000000000000, 0.000000000000000000 ) ) ;
#5185 = CARTESIAN_POINT ( 'NONE',  ( 1.460499999999999909, -0.3556000000000000272, 0.05080000000000000487 ) ) ;
#5186 = FACE_OUTER_BOUND ( 'NONE', #1350, .T. ) ;
#5187 = FACE_OUTER_BOUND ( 'NONE', #5205, .T. ) ;
#5188 = ADVANCED_FACE ( 'NONE', ( #4270 ), #3665, .T. ) ;
#5189 = CARTESIAN_POINT ( 'NONE',  ( 1.460170036637274071, -0.2874330882694864919, -0.02540000000000000244 ) ) ;
#5190 = ORIENTED_EDGE ( 'NONE', *, *, #4032, .F. ) ;
#5191 = VERTEX_POINT ( 'NONE', #4200 ) ;
#5192 = CARTESIAN_POINT ( 'NONE',  ( 0.6603999999999999870, 0.1523999999999999799, -3.784599999999999742 ) ) ;
#5193 = CYLINDRICAL_SURFACE ( 'NONE', #1700, 0.01000000000000002623 ) ;
#5194 = CARTESIAN_POINT ( 'NONE',  ( -0.7620000000000000107, -0.05330000000000000016, 0.000000000000000000 ) ) ;
#5195 = ORIENTED_EDGE ( 'NONE', *, *, #1332, .T. ) ;
#5196 = ORIENTED_EDGE ( 'NONE', *, *, #6191, .F. ) ;
#5197 = VERTEX_POINT ( 'NONE', #5845 ) ;
#5198 = DIRECTION ( 'NONE',  ( 0.000000000000000000, 0.000000000000000000, -1.000000000000000000 ) ) ;
#5199 = EDGE_CURVE ( 'NONE', #3109, #163, #861, .T. ) ;
#5200 = CARTESIAN_POINT ( 'NONE',  ( -0.6350000000000000089, -0.1523999999999999799, -3.810000000000000053 ) ) ;
#5201 = VECTOR ( 'NONE', #3694, 1000.000000000000000 ) ;
#5202 = ORIENTED_EDGE ( 'NONE', *, *, #6705, .T. ) ;
#5203 = EDGE_CURVE ( 'NONE', #1593, #1795, #6984, .T. ) ;
#5204 = CARTESIAN_POINT ( 'NONE',  ( 0.5080000000000000071, 0.1270000000000000018, -3.708400000000000141 ) ) ;
#5205 = EDGE_LOOP ( 'NONE', ( #816, #3136, #6214, #6084 ) ) ;
#5206 = AXIS2_PLACEMENT_3D ( 'NONE', #719, #1225, #6143 ) ;
#5207 = FACE_OUTER_BOUND ( 'NONE', #1941, .T. ) ;
#5208 = ORIENTED_EDGE ( 'NONE', *, *, #6347, .T. ) ;
#5209 = APPLICATION_PROTOCOL_DEFINITION ( 'draft international standard', 'automotive_design', 1998, #5494 ) ;
#5210 = VECTOR ( 'NONE', #5533, 1000.000000000000000 ) ;
#5211 = CARTESIAN_POINT ( 'NONE',  ( 1.155335172164955848, -0.2942611943384375039, -0.01270000000000000122 ) ) ;
#5212 = ORIENTED_EDGE ( 'NONE', *, *, #3115, .F. ) ;
#5213 = CIRCLE ( 'NONE', #6137, 0.1777999999999999858 ) ;
#5214 = DIRECTION ( 'NONE',  ( 1.000000000000000000, 0.000000000000000000, 0.000000000000000000 ) ) ;
#5215 = ORIENTED_EDGE ( 'NONE', *, *, #4048, .T. ) ;
#5216 = CARTESIAN_POINT ( 'NONE',  ( 1.460499999999999909, -0.3047999999999999599, -3.772811818975499776 ) ) ;
#5217 = EDGE_CURVE ( 'NONE', #3145, #5491, #3071, .T. ) ;
#5218 = DIRECTION ( 'NONE',  ( -1.000000000000000000, 0.000000000000000000, 0.000000000000000000 ) ) ;
#5219 = VECTOR ( 'NONE', #5590, 1000.000000000000000 ) ;
#5220 = CIRCLE ( 'NONE', #2076, 0.1651000000000000523 ) ;
#5221 = DIRECTION ( 'NONE',  ( 0.000000000000000000, 0.000000000000000000, -1.000000000000000000 ) ) ;
#5222 = CARTESIAN_POINT ( 'NONE',  ( 1.434948878380283954, -0.2933829605333069801, 0.000000000000000000 ) ) ;
#5223 = ORIENTED_EDGE ( 'NONE', *, *, #6057, .T. ) ;
#5224 = CIRCLE ( 'NONE', #6146, 0.08890000000000000679 ) ;
#5225 = ORIENTED_EDGE ( 'NONE', *, *, #3792, .T. ) ;
#5226 = DIRECTION ( 'NONE',  ( 0.000000000000000000, 0.000000000000000000, -1.000000000000000000 ) ) ;
#5227 = EDGE_CURVE ( 'NONE', #4416, #2992, #5030, .T. ) ;
#5228 = EDGE_CURVE ( 'NONE', #4070, #6630, #3774, .T. ) ;
#5229 = DIRECTION ( 'NONE',  ( 0.000000000000000000, 0.000000000000000000, -1.000000000000000000 ) ) ;
#5230 = AXIS2_PLACEMENT_3D ( 'NONE', #6719, #1732, #6179 ) ;
#5231 = VERTEX_POINT ( 'NONE', #340 ) ;
#5232 = EDGE_LOOP ( 'NONE', ( #4144, #3574, #6376, #5008 ) ) ;
#5233 = DIRECTION ( 'NONE',  ( -9.279374978479153413E-18, -1.000000000000000000, 0.000000000000000000 ) ) ;
#5234 = CIRCLE ( 'NONE', #5940, 0.01000000000000002623 ) ;
#5235 = ORIENTED_EDGE ( 'NONE', *, *, #2476, .T. ) ;
#5236 = AXIS2_PLACEMENT_3D ( 'NONE', #5635, #651, #4578 ) ;
#5237 = DIRECTION ( 'NONE',  ( -1.000000000000000000, 1.778546870875169980E-17, 0.000000000000000000 ) ) ;
#5238 = DIRECTION ( 'NONE',  ( 0.000000000000000000, 1.000000000000000000, 0.000000000000000000 ) ) ;
#5239 = CARTESIAN_POINT ( 'NONE',  ( -0.3103999999999999537, -1.635799878000000041, -0.01000000000000000021 ) ) ;
#5240 = VERTEX_POINT ( 'NONE', #5272 ) ;
#5241 = AXIS2_PLACEMENT_3D ( 'NONE', #6525, #2480, #3076 ) ;
#5242 = EDGE_CURVE ( 'NONE', #2600, #4796, #3192, .T. ) ;
#5243 = ORIENTED_EDGE ( 'NONE', *, *, #3249, .F. ) ;
#5244 = DIRECTION ( 'NONE',  ( 0.000000000000000000, 1.000000000000000000, 0.000000000000000000 ) ) ;
#5245 = ORIENTED_EDGE ( 'NONE', *, *, #2570, .T. ) ;
#5246 = VECTOR ( 'NONE', #2329, 1000.000000000000000 ) ;
#5247 = APPLICATION_PROTOCOL_DEFINITION ( 'draft international standard', 'automotive_design', 1998, #4022 ) ;
#5248 = AXIS2_PLACEMENT_3D ( 'NONE', #4629, #3062, #2534 ) ;
#5249 = EDGE_CURVE ( 'NONE', #3593, #2923, #6462, .T. ) ;
#5250 = CARTESIAN_POINT ( 'NONE',  ( 1.155699999999999950, -0.3010308354541444964, -0.01931272718513310158 ) ) ;
#5251 =( BOUNDED_SURFACE ( )  B_SPLINE_SURFACE ( 3, 2, ( 
 ( #2364, #4597, #3869 ),
 ( #6058, #3338, #5012 ),
 ( #2767, #564, #2802 ),
 ( #4979, #17, #3413 ) ),
 .UNSPECIFIED., .F., .F., .T. ) 
 B_SPLINE_SURFACE_WITH_KNOTS ( ( 4, 4 ),
 ( 3, 3 ),
 ( 1.570796326794895004, 3.141592653589795336 ),
 ( 0.000000000000000000, 1.000000000000000000 ),
 .UNSPECIFIED. ) 
 GEOMETRIC_REPRESENTATION_ITEM ( )  RATIONAL_B_SPLINE_SURFACE ( (
 ( 1.000000000000000000, 1.000000000000000000, 1.000000000000000000),
 ( 1.000000000000000000, 1.020404857352448014, 1.000000000000000000),
 ( 1.000000000000000000, 0.7140287376915780415, 1.000000000000000000),
 ( 1.000000000000000000, 0.7071067811865480168, 1.000000000000000000) ) ) 
 REPRESENTATION_ITEM ( '' )  SURFACE ( )  );
#5252 = TOROIDAL_SURFACE ( 'NONE', #944, 0.002699999999999999709, 0.01000000000000000021 ) ;
#5253 = VERTEX_POINT ( 'NONE', #3181 ) ;
#5254 = DIRECTION ( 'NONE',  ( -1.000000000000000000, 0.000000000000000000, 0.000000000000000000 ) ) ;
#5255 = ORIENTED_EDGE ( 'NONE', *, *, #5261, .T. ) ;
#5256 = SURFACE_STYLE_FILL_AREA ( #3649 ) ;
#5257 = CARTESIAN_POINT ( 'NONE',  ( 0.5080000000000000071, -0.1523999999999999799, -3.708400000000000141 ) ) ;
#5258 = AXIS2_PLACEMENT_3D ( 'NONE', #4452, #2218, #3404 ) ;
#5259 = CARTESIAN_POINT ( 'NONE',  ( -0.3203999999999999626, -1.369099878000000103, -0.5000000000000000000 ) ) ;
#5260 = DIRECTION ( 'NONE',  ( 1.000000000000000000, 0.000000000000000000, 0.000000000000000000 ) ) ;
#5261 = EDGE_CURVE ( 'NONE', #632, #6104, #4123, .T. ) ;
#5262 = SURFACE_STYLE_USAGE ( .BOTH. , #2498 ) ;
#5263 = CIRCLE ( 'NONE', #4000, 0.4572000000000000508 ) ;
#5264 = ORIENTED_EDGE ( 'NONE', *, *, #5242, .F. ) ;
#5265 = ORIENTED_EDGE ( 'NONE', *, *, #5063, .F. ) ;
#5266 = CARTESIAN_POINT ( 'NONE',  ( 1.003299999999999859, -1.722399999999999931, -3.810000000000000053 ) ) ;
#5267 = CARTESIAN_POINT ( 'NONE',  ( -0.6350000000000000089, -0.1397000000000000186, -3.810000000000000053 ) ) ;
#5268 = LINE ( 'NONE', #1904, #1597 ) ;
#5269 = UNCERTAINTY_MEASURE_WITH_UNIT (LENGTH_MEASURE( 1.000000000000000082E-05 ), #2866, 'distance_accuracy_value', 'NONE');
#5270 = AXIS2_PLACEMENT_3D ( 'NONE', #1577, #3931, #1068 ) ;
#5271 = CARTESIAN_POINT ( 'NONE',  ( 0.6350000000000000089, 0.1270000000000000018, -3.810000000000000053 ) ) ;
#5272 = CARTESIAN_POINT ( 'NONE',  ( 1.460499999999999909, -1.290599999999999969, -1.135000000000000009 ) ) ;
#5273 = EDGE_CURVE ( 'NONE', #1203, #4879, #1370, .T. ) ;
#5274 = ORIENTED_EDGE ( 'NONE', *, *, #4040, .F. ) ;
#5275 = CARTESIAN_POINT ( 'NONE',  ( 0.7620000000000000107, 0.1270000000000000018, -3.810000000000000053 ) ) ;
#5276 = AXIS2_PLACEMENT_3D ( 'NONE', #4789, #1356, #4817 ) ;
#5277 = VERTEX_POINT ( 'NONE', #1940 ) ;
#5278 = CARTESIAN_POINT ( 'NONE',  ( 1.443523910678313094, -0.3019256433627225400, -0.003598982130822944193 ) ) ;
#5279 = DIRECTION ( 'NONE',  ( 0.000000000000000000, 0.000000000000000000, -1.000000000000000000 ) ) ;
#5280 = DIRECTION ( 'NONE',  ( 0.000000000000000000, 0.000000000000000000, 1.000000000000000000 ) ) ;
#5281 = PRODUCT_DEFINITION_SHAPE ( 'NONE', 'NONE',  #7196 ) ;
#5282 = ORIENTED_EDGE ( 'NONE', *, *, #5134, .F. ) ;
#5283 = DIRECTION ( 'NONE',  ( 0.000000000000000000, -1.000000000000000000, -2.586977266727520463E-16 ) ) ;
#5284 = EDGE_LOOP ( 'NONE', ( #2397, #5282, #7006, #6393 ) ) ;
#5285 = DIRECTION ( 'NONE',  ( 0.000000000000000000, 0.000000000000000000, 1.000000000000000000 ) ) ;
#5286 = EDGE_CURVE ( 'NONE', #6630, #341, #846, .T. ) ;
#5287 = ADVANCED_FACE ( 'NONE', ( #6824 ), #3671, .T. ) ;
#5288 = FACE_OUTER_BOUND ( 'NONE', #553, .T. ) ;
#5289 = ORIENTED_EDGE ( 'NONE', *, *, #3800, .F. ) ;
#5290 = LINE ( 'NONE', #4328, #3969 ) ;
#5291 = CARTESIAN_POINT ( 'NONE',  ( 0.3103999999999999537, -1.722399999999999931, -1.119599999999999929 ) ) ;
#5292 = EDGE_LOOP ( 'NONE', ( #4008, #6910, #1333, #5686 ) ) ;
#5293 = CARTESIAN_POINT ( 'NONE',  ( 0.06350000000000000089, -0.1397000000000000186, -3.581400000000000361 ) ) ;
#5294 = CIRCLE ( 'NONE', #6675, 0.02540000000000000244 ) ;
#5295 =( BOUNDED_SURFACE ( )  B_SPLINE_SURFACE ( 3, 2, ( 
 ( #4519, #4595, #2987 ),
 ( #2950, #1328, #1787 ),
 ( #6203, #1719, #1757 ),
 ( #4004, #2876, #667 ) ),
 .UNSPECIFIED., .F., .F., .F. ) 
 B_SPLINE_SURFACE_WITH_KNOTS ( ( 4, 4 ),
 ( 3, 3 ),
 ( 8.470329472542999629E-22, 2.059464444354970204E-05 ),
 ( 0.000000000000000000, 1.000000000000000000 ),
 .UNSPECIFIED. ) 
 GEOMETRIC_REPRESENTATION_ITEM ( )  RATIONAL_B_SPLINE_SURFACE ( (
 ( 1.000000000000000000, 0.9259337826927579451, 1.000000000000000000),
 ( 1.000000000000000000, 0.9301895519932540379, 1.000000000000000000),
 ( 1.000000000000000000, 1.006027978370704012, 1.000000000000000000),
 ( 1.000000000000000000, 1.000000000000000000, 1.000000000000000000) ) ) 
 REPRESENTATION_ITEM ( '' )  SURFACE ( )  );
#5296 = CYLINDRICAL_SURFACE ( 'NONE', #4444, 0.01270000000000000122 ) ;
#5297 = CARTESIAN_POINT ( 'NONE',  ( 1.168004769845369939, -0.2933829605333069801, -3.797299999999999898 ) ) ;
#5298 = DIRECTION ( 'NONE',  ( -1.000000000000000000, -0.000000000000000000, -0.000000000000000000 ) ) ;
#5299 = EDGE_CURVE ( 'NONE', #4854, #6882, #3381, .T. ) ;
#5300 = SURFACE_STYLE_FILL_AREA ( #3656 ) ;
#5301 = ORIENTED_EDGE ( 'NONE', *, *, #3501, .T. ) ;
#5302 = EDGE_LOOP ( 'NONE', ( #473, #5815, #5866, #2791 ) ) ;
#5303 = DIRECTION ( 'NONE',  ( 0.000000000000000000, -1.000000000000000000, 0.000000000000000000 ) ) ;
#5304 = ADVANCED_FACE ( 'NONE', ( #1154 ), #721, .T. ) ;
#5305 = CARTESIAN_POINT ( 'NONE',  ( 1.460428945121429400, -0.2942440547451224409, -3.796147624789457886 ) ) ;
#5306 = CARTESIAN_POINT ( 'NONE',  ( 1.460297377937088026, -0.2897401522596574908, -3.782269543634134923 ) ) ;
#5307 = DIRECTION ( 'NONE',  ( 0.000000000000000000, 0.000000000000000000, -1.000000000000000000 ) ) ;
#5308 = VERTEX_POINT ( 'NONE', #3350 ) ;
#5309 = DIRECTION ( 'NONE',  ( -1.000000000000000000, 0.000000000000000000, 0.000000000000000000 ) ) ;
#5310 = ORIENTED_EDGE ( 'NONE', *, *, #3249, .T. ) ;
#5311 = DIRECTION ( 'NONE',  ( 0.000000000000000000, 0.000000000000000000, 1.000000000000000000 ) ) ;
#5312 = EDGE_CURVE ( 'NONE', #4301, #6820, #4661, .T. ) ;
#5313 = CARTESIAN_POINT ( 'NONE',  ( -0.3203999999999999626, -1.356399878000000170, -0.4872999999999999554 ) ) ;
#5314 = ORIENTED_EDGE ( 'NONE', *, *, #4305, .F. ) ;
#5315 = DIRECTION ( 'NONE',  ( 1.000000000000000000, 3.460956073054389902E-16, 0.000000000000000000 ) ) ;
#5316 = ORIENTED_EDGE ( 'NONE', *, *, #892, .F. ) ;
#5317 = VECTOR ( 'NONE', #5017, 1000.000000000000000 ) ;
#5318 = ADVANCED_FACE ( 'NONE', ( #6845 ), #4119, .F. ) ;
#5319 = CARTESIAN_POINT ( 'NONE',  ( 1.003299999999999859, -0.3047999999999999599, -0.01270000000000000122 ) ) ;
#5320 = CIRCLE ( 'NONE', #6015, 0.1651000000000000523 ) ;
#5321 = EDGE_LOOP ( 'NONE', ( #5791, #2655, #6293, #1839 ) ) ;
#5322 = DIRECTION ( 'NONE',  ( -0.9976061165679531717, 0.06915226812048398675, 0.000000000000000000 ) ) ;
#5323 = DIRECTION ( 'NONE',  ( 0.000000000000000000, 0.000000000000000000, 1.000000000000000000 ) ) ;
#5324 = VERTEX_POINT ( 'NONE', #4665 ) ;
#5325 = CIRCLE ( 'NONE', #205, 0.4572000000000000508 ) ;
#5326 = AXIS2_PLACEMENT_3D ( 'NONE', #4948, #6609, #976 ) ;
#5327 = DIRECTION ( 'NONE',  ( 1.000000000000000000, 0.000000000000000000, 0.000000000000000000 ) ) ;
#5328 = ORIENTED_EDGE ( 'NONE', *, *, #5416, .T. ) ;
#5329 = CARTESIAN_POINT ( 'NONE',  ( 1.168250276533441934, -1.290095028946469879, -3.803398863006934860 ) ) ;
#5331 = ORIENTED_EDGE ( 'NONE', *, *, #2846, .T. ) ;
#5330 = CIRCLE ( 'NONE', #6257, 0.4317999999999999616 ) ;
#5332 = ADVANCED_FACE ( 'NONE', ( #1820 ), #5591, .T. ) ;
#5333 = CARTESIAN_POINT ( 'NONE',  ( 1.435275184952550243, -1.293146345373368034, -0.003623224403734315053 ) ) ;
#5334 = EDGE_LOOP ( 'NONE', ( #3302, #5873, #7134, #2999 ) ) ;
#5335 = CARTESIAN_POINT ( 'NONE',  ( 1.168004769845369939, -0.2933829605333069801, -3.810000000000000053 ) ) ;
#5336 = B_SPLINE_CURVE_WITH_KNOTS ( 'NONE', 3,
 ( #1595, #3313, #5887, #1520 ),
 .UNSPECIFIED., .F., .F.,
 ( 4, 4 ),
 ( 0.000000000000000000, 1.000000000000000000 ),
 .UNSPECIFIED. ) ;
#5337 = UNCERTAINTY_MEASURE_WITH_UNIT (LENGTH_MEASURE( 1.000000000000000082E-05 ), #5671, 'distance_accuracy_value', 'NONE');
#5338 = DIRECTION ( 'NONE',  ( 0.04945242545532992084, -0.7134117716486263472, -0.6989979268136303769 ) ) ;
#5339 = CARTESIAN_POINT ( 'NONE',  ( -1.003299999999999859, -1.369099878000000103, -1.122300000000000075 ) ) ;
#5340 = DIRECTION ( 'NONE',  ( 1.000000000000000000, 0.000000000000000000, 0.000000000000000000 ) ) ;
#5341 = AXIS2_PLACEMENT_3D ( 'NONE', #6697, #5611, #623 ) ;
#5342 = AXIS2_PLACEMENT_3D ( 'NONE', #3025, #76, #4556 ) ;
#5343 = ORIENTED_EDGE ( 'NONE', *, *, #82, .F. ) ;
#5344 = ORIENTED_EDGE ( 'NONE', *, *, #2941, .T. ) ;
#5345 = DIRECTION ( 'NONE',  ( 1.000000000000000000, 0.000000000000000000, 0.000000000000000000 ) ) ;
#5346 = VECTOR ( 'NONE', #2285, 1000.000000000000000 ) ;
#5347 = CIRCLE ( 'NONE', #5342, 0.01270000000000000989 ) ;
#5348 =( REPRESENTATION_RELATIONSHIP ('NONE','NONE', #2753, #2557 ) REPRESENTATION_RELATIONSHIP_WITH_TRANSFORMATION ( #6072 )SHAPE_REPRESENTATION_RELATIONSHIP( ) );
#5349 = ADVANCED_FACE ( 'NONE', ( #6809 ), #3081, .T. ) ;
#5350 = AXIS2_PLACEMENT_3D ( 'NONE', #5118, #4155, #704 ) ;
#5351 = EDGE_LOOP ( 'NONE', ( #107, #1044, #6020, #6644 ) ) ;
#5352 = DIRECTION ( 'NONE',  ( 0.000000000000000000, -1.000000000000000000, 0.000000000000000000 ) ) ;
#5353 = DIRECTION ( 'NONE',  ( 0.000000000000000000, 0.000000000000000000, 1.000000000000000000 ) ) ;
#5354 = VECTOR ( 'NONE', #6530, 1000.000000000000000 ) ;
#5355 = AXIS2_PLACEMENT_3D ( 'NONE', #4397, #5602, #6076 ) ;
#5356 = DIRECTION ( 'NONE',  ( -1.000000000000000000, 0.000000000000000000, 0.000000000000000000 ) ) ;
#5357 = ORIENTED_EDGE ( 'NONE', *, *, #5199, .T. ) ;
#5358 = ADVANCED_FACE ( 'NONE', ( #510 ), #3447, .T. ) ;
#5359 = TOROIDAL_SURFACE ( 'NONE', #4344, 0.08890000000000000679, 0.01270000000000000122 ) ;
#5360 = CARTESIAN_POINT ( 'NONE',  ( -1.460499999999999909, -0.9095999999999999641, -0.9317999999999999616 ) ) ;
#5361 = DIRECTION ( 'NONE',  ( 0.000000000000000000, 0.000000000000000000, 1.000000000000000000 ) ) ;
#5362 = VECTOR ( 'NONE', #2111, 1000.000000000000000 ) ;
#5363 = DIRECTION ( 'NONE',  ( 0.000000000000000000, 0.000000000000000000, 1.000000000000000000 ) ) ;
#5364 = ORIENTED_EDGE ( 'NONE', *, *, #7071, .T. ) ;
#5365 =( NAMED_UNIT ( * ) SI_UNIT ( $, .STERADIAN. ) SOLID_ANGLE_UNIT ( ) );
#5366 = AXIS2_PLACEMENT_3D ( 'NONE', #6427, #963, #4267 ) ;
#5367 = CARTESIAN_POINT ( 'NONE',  ( 1.003299999999999859, -1.290599999999999969, -0.02540000000000000244 ) ) ;
#5368 = ADVANCED_FACE ( 'NONE', ( #961 ), #6565, .F. ) ;
#5369 = DIRECTION ( 'NONE',  ( 0.000000000000000000, 0.000000000000000000, -1.000000000000000000 ) ) ;
#5370 = ORIENTED_EDGE ( 'NONE', *, *, #6366, .T. ) ;
#5371 = DIRECTION ( 'NONE',  ( 0.000000000000000000, 0.000000000000000000, 1.000000000000000000 ) ) ;
#5372 = EDGE_CURVE ( 'NONE', #4988, #6329, #3440, .T. ) ;
#5373 = VERTEX_POINT ( 'NONE', #2131 ) ;
#5374 = ORIENTED_EDGE ( 'NONE', *, *, #3325, .F. ) ;
#5375 = CIRCLE ( 'NONE', #2240, 0.1777999999999999858 ) ;
#5376 = CARTESIAN_POINT ( 'NONE',  ( -1.460499999999999909, -0.7318000000000000060, -0.6777999999999999581 ) ) ;
#5377 = EDGE_CURVE ( 'NONE', #6537, #4796, #1102, .T. ) ;
#5378 = DIRECTION ( 'NONE',  ( 1.000000000000000000, 0.000000000000000000, 0.000000000000000000 ) ) ;
#5379 = VECTOR ( 'NONE', #2591, 1000.000000000000000 ) ;
#5380 = VERTEX_POINT ( 'NONE', #3826 ) ;
#5381 = VERTEX_POINT ( 'NONE', #2089 ) ;
#5382 = CARTESIAN_POINT ( 'NONE',  ( 0.000000000000000000, -0.1397000000000000186, -3.810000000000000053 ) ) ;
#5383 = CARTESIAN_POINT ( 'NONE',  ( 1.460499999999999909, -0.5285999999999999588, -3.759199999999999875 ) ) ;
#5384 = AXIS2_PLACEMENT_3D ( 'NONE', #1646, #2757, #4478 ) ;
#5385 = DIRECTION ( 'NONE',  ( 8.953414682134259802E-32, 0.000000000000000000, 1.000000000000000000 ) ) ;
#5386 = ORIENTED_EDGE ( 'NONE', *, *, #5976, .T. ) ;
#5387 = CARTESIAN_POINT ( 'NONE',  ( -1.003299999999999859, -1.635799878000000041, -3.810000000000000053 ) ) ;
#5388 = DIRECTION ( 'NONE',  ( 0.000000000000000000, -0.6998542122237637608, -0.7142857142857156338 ) ) ;
#5389 = DIRECTION ( 'NONE',  ( 0.000000000000000000, 0.000000000000000000, 1.000000000000000000 ) ) ;
#5390 = DIRECTION ( 'NONE',  ( 0.000000000000000000, 0.000000000000000000, -1.000000000000000000 ) ) ;
#5391 = AXIS2_PLACEMENT_3D ( 'NONE', #64, #2382, #3992 ) ;
#5392 = ADVANCED_FACE ( 'NONE', ( #5005 ), #1678, .T. ) ;
#5393 = FACE_OUTER_BOUND ( 'NONE', #4242, .T. ) ;
#5394 = DIRECTION ( 'NONE',  ( 0.000000000000000000, 0.000000000000000000, 1.000000000000000000 ) ) ;
#5395 = ORIENTED_EDGE ( 'NONE', *, *, #4897, .T. ) ;
#5396 = CARTESIAN_POINT ( 'NONE',  ( -0.7620000000000000107, -0.1523999999999999799, -0.01270000000000046092 ) ) ;
#5397 = DIRECTION ( 'NONE',  ( 0.000000000000000000, 0.000000000000000000, 1.000000000000000000 ) ) ;
#5398 = PRODUCT_DEFINITION_FORMATION_WITH_SPECIFIED_SOURCE ( 'ANY', '', #5854, .NOT_KNOWN. ) ;
#5399 = VERTEX_POINT ( 'NONE', #6011 ) ;
#5400 = CARTESIAN_POINT ( 'NONE',  ( 1.003299999999999859, -1.290599999999999969, -3.810000000000000053 ) ) ;
#5401 = EDGE_CURVE ( 'NONE', #3482, #1151, #3213, .T. ) ;
#5402 = DIRECTION ( 'NONE',  ( 0.000000000000000000, 0.000000000000000000, 1.000000000000000000 ) ) ;
#5403 = CARTESIAN_POINT ( 'NONE',  ( -1.003299999999999859, -0.2183999999999999830, 0.000000000000000000 ) ) ;
#5404 = VERTEX_POINT ( 'NONE', #7136 ) ;
#5405 = CARTESIAN_POINT ( 'NONE',  ( 1.155699999999999950, -1.290599999999999969, -3.787844054388965098 ) ) ;
#5406 = ORIENTED_EDGE ( 'NONE', *, *, #1495, .T. ) ;
#5407 = DIRECTION ( 'NONE',  ( -1.000000000000000000, 0.000000000000000000, 0.000000000000000000 ) ) ;
#5408 = CARTESIAN_POINT ( 'NONE',  ( 0.7620000000000000107, -0.1397000000000000186, -3.797299999999999898 ) ) ;
#5409 = ORIENTED_EDGE ( 'NONE', *, *, #2590, .F. ) ;
#5410 = CARTESIAN_POINT ( 'NONE',  ( 1.003299999999999859, 0.1270000000000000018, -3.784599999999999742 ) ) ;
#5411 = ADVANCED_FACE ( 'NONE', ( #7057 ), #7171, .F. ) ;
#5412 = AXIS2_PLACEMENT_3D ( 'NONE', #2000, #3714, #883 ) ;
#5413 = EDGE_CURVE ( 'NONE', #2453, #632, #1539, .T. ) ;
#5414 = DIRECTION ( 'NONE',  ( -1.000000000000000000, 0.000000000000000000, 0.000000000000000000 ) ) ;
#5415 = UNCERTAINTY_MEASURE_WITH_UNIT (LENGTH_MEASURE( 1.000000000000000082E-05 ), #296, 'distance_accuracy_value', 'NONE');
#5416 = EDGE_CURVE ( 'NONE', #1052, #3801, #2373, .T. ) ;
#5417 = CARTESIAN_POINT ( 'NONE',  ( 0.3103999999999999537, -1.455699999999999772, -0.4899999999999999911 ) ) ;
#5418 = TOROIDAL_SURFACE ( 'NONE', #1680, 0.002699999999999999709, 0.01000000000000000021 ) ;
#5419 = AXIS2_PLACEMENT_3D ( 'NONE', #6938, #6444, #874 ) ;
#5420 = EDGE_CURVE ( 'NONE', #1663, #2953, #1611, .T. ) ;
#5421 = VERTEX_POINT ( 'NONE', #3862 ) ;
#5422 = VERTEX_POINT ( 'NONE', #1033 ) ;
#5423 = ADVANCED_FACE ( 'NONE', ( #2647 ), #4862, .T. ) ;
#5424 = CARTESIAN_POINT ( 'NONE',  ( 1.168250276533471910, -0.3053049710535830075, -3.803398863006890007 ) ) ;
#5425 = FACE_OUTER_BOUND ( 'NONE', #781, .T. ) ;
#5426 = DIRECTION ( 'NONE',  ( 0.000000000000000000, 0.000000000000000000, 1.000000000000000000 ) ) ;
#5427 = ORIENTED_EDGE ( 'NONE', *, *, #4165, .F. ) ;
#5428 = FACE_OUTER_BOUND ( 'NONE', #6853, .T. ) ;
#5429 = EDGE_CURVE ( 'NONE', #394, #4280, #609, .T. ) ;
#5430 = DIRECTION ( 'NONE',  ( -0.04945242545532848449, -0.7134117716486259031, 0.6989979268136309321 ) ) ;
#5431 = FACE_OUTER_BOUND ( 'NONE', #2381, .T. ) ;
#5432 = CARTESIAN_POINT ( 'NONE',  ( 0.000000000000000000, -1.302017039466691894, -3.810000000000000053 ) ) ;
#5433 = VECTOR ( 'NONE', #2830, 1000.000000000000000 ) ;
#5434 = DIRECTION ( 'NONE',  ( 1.000000000000000000, 0.000000000000000000, 0.000000000000000000 ) ) ;
#5435 = LINE ( 'NONE', #3234, #2225 ) ;
#5436 = CARTESIAN_POINT ( 'NONE',  ( 1.435099999999999820, -0.3047999999999999599, -3.772811818975499776 ) ) ;
#5437 = ORIENTED_EDGE ( 'NONE', *, *, #2691, .T. ) ;
#5438 = DIRECTION ( 'NONE',  ( -1.000000000000000000, 0.000000000000000000, 0.000000000000000000 ) ) ;
#5439 = TOROIDAL_SURFACE ( 'NONE', #5089, 0.4317999999999999616, 0.02540000000000000244 ) ;
#5440 = DIRECTION ( 'NONE',  ( 0.000000000000000000, 0.000000000000000000, 1.000000000000000000 ) ) ;
#5441 = ORIENTED_EDGE ( 'NONE', *, *, #5860, .F. ) ;
#5442 = CYLINDRICAL_SURFACE ( 'NONE', #3318, 0.01270000000000003765 ) ;
#5443 = ORIENTED_EDGE ( 'NONE', *, *, #3708, .F. ) ;
#5444 = EDGE_CURVE ( 'NONE', #4167, #4079, #3364, .T. ) ;
#5445 = LINE ( 'NONE', #5543, #5154 ) ;
#5446 = DIRECTION ( 'NONE',  ( 0.000000000000000000, 0.000000000000000000, -1.000000000000000000 ) ) ;
#5447 = ORIENTED_EDGE ( 'NONE', *, *, #6878, .F. ) ;
#5448 = VECTOR ( 'NONE', #5465, 1000.000000000000000 ) ;
#5449 = DIRECTION ( 'NONE',  ( -1.000000000000000000, 0.000000000000000000, 0.000000000000000000 ) ) ;
#5450 = VECTOR ( 'NONE', #5782, 1000.000000000000000 ) ;
#5451 = EDGE_LOOP ( 'NONE', ( #5395, #1114, #3930, #4404 ) ) ;
#5452 = EDGE_CURVE ( 'NONE', #4339, #5144, #4474, .T. ) ;
#5453 = VECTOR ( 'NONE', #5311, 1000.000000000000000 ) ;
#5454 = ORIENTED_EDGE ( 'NONE', *, *, #1748, .T. ) ;
#5455 = ORIENTED_EDGE ( 'NONE', *, *, #3567, .T. ) ;
#5456 = DIRECTION ( 'NONE',  ( 0.000000000000000000, 0.000000000000000000, -1.000000000000000000 ) ) ;
#5457 = CARTESIAN_POINT ( 'NONE',  ( 1.434877578085457905, -1.297598407550939026, -3.809239821009195559 ) ) ;
#5458 = CARTESIAN_POINT ( 'NONE',  ( -1.003299999999999859, -0.2183999999999999830, -3.810000000000000053 ) ) ;
#5459 = CIRCLE ( 'NONE', #1721, 0.07619999999999998996 ) ;
#5460 = ORIENTED_EDGE ( 'NONE', *, *, #7003, .T. ) ;
#5461 = CARTESIAN_POINT ( 'NONE',  ( -0.6476999999999999424, 0.1270000000000000018, -3.797299999999999898 ) ) ;
#5462 = AXIS2_PLACEMENT_3D ( 'NONE', #2251, #1617, #1176 ) ;
#5463 = DIRECTION ( 'NONE',  ( -0.06915226812048830274, 0.9976061165679530607, 0.000000000000000000 ) ) ;
#5464 = CIRCLE ( 'NONE', #2563, 0.02540000000000007530 ) ;
#5465 = DIRECTION ( 'NONE',  ( 1.000000000000000000, 0.000000000000000000, 0.000000000000000000 ) ) ;
#5466 = EDGE_CURVE ( 'NONE', #3362, #1952, #5445, .T. ) ;
#5467 = AXIS2_PLACEMENT_3D ( 'NONE', #5833, #6529, #4735 ) ;
#5468 = CARTESIAN_POINT ( 'NONE',  ( 0.7620000000000000107, -0.1523999999999999799, 0.000000000000000000 ) ) ;
#5469 = ORIENTED_EDGE ( 'NONE', *, *, #6477, .T. ) ;
#5470 = DIRECTION ( 'NONE',  ( -1.000000000000000000, 0.000000000000000000, 0.000000000000000000 ) ) ;
#5471 = CARTESIAN_POINT ( 'NONE',  ( 1.168004769845369939, -1.302017039466691894, 0.000000000000000000 ) ) ;
#5472 = EDGE_LOOP ( 'NONE', ( #3701, #1474, #65, #2024, #2698, #5809, #1894, #3921, #3666, #6972, #2705, #3844 ) ) ;
#5473 = DIRECTION ( 'NONE',  ( 0.000000000000000000, 0.000000000000000000, 1.000000000000000000 ) ) ;
#5474 = AXIS2_PLACEMENT_3D ( 'NONE', #320, #4890, #4078 ) ;
#5475 = DIRECTION ( 'NONE',  ( 1.000000000000000000, 0.000000000000000000, 0.000000000000000000 ) ) ;
#5476 = ORIENTED_EDGE ( 'NONE', *, *, #2806, .F. ) ;
#5477 = AXIS2_PLACEMENT_3D ( 'NONE', #5135, #4094, #6792 ) ;
#5478 = LINE ( 'NONE', #6989, #4702 ) ;
#5479 = ORIENTED_EDGE ( 'NONE', *, *, #4027, .F. ) ;
#5480 = DIRECTION ( 'NONE',  ( 0.000000000000000000, 0.000000000000000000, 1.000000000000000000 ) ) ;
#5481 = CARTESIAN_POINT ( 'NONE',  ( -1.460499999999999909, -1.722399999999999931, -0.4746000000000000218 ) ) ;
#5482 = ORIENTED_EDGE ( 'NONE', *, *, #1909, .T. ) ;
#5483 = CARTESIAN_POINT ( 'NONE',  ( 0.06350000000000000089, 0.1523999999999999799, -3.798588917980080470 ) ) ;
#5484 = VECTOR ( 'NONE', #6909, 1000.000000000000000 ) ;
#5485 = DIRECTION ( 'NONE',  ( -1.000000000000000000, 1.707404996040115454E-14, 0.000000000000000000 ) ) ;
#5486 = FACE_OUTER_BOUND ( 'NONE', #592, .T. ) ;
#5487 = ADVANCED_FACE ( 'NONE', ( #555 ), #497, .T. ) ;
#5488 = VECTOR ( 'NONE', #2003, 1000.000000000000000 ) ;
#5489 = AXIS2_PLACEMENT_3D ( 'NONE', #5802, #4799, #6394 ) ;
#5490 = ORIENTED_EDGE ( 'NONE', *, *, #3846, .T. ) ;
#5491 = VERTEX_POINT ( 'NONE', #7096 ) ;
#5492 = ORIENTED_EDGE ( 'NONE', *, *, #6045, .T. ) ;
#5493 = LINE ( 'NONE', #5917, #908 ) ;
#5494 = APPLICATION_CONTEXT ( 'automotive_design' ) ;
#5495 = B_SPLINE_CURVE_WITH_KNOTS ( 'NONE', 3,
 ( #4206, #5165, #242, #6866, #5278, #167 ),
 .UNSPECIFIED., .F., .F.,
 ( 4, 2, 4 ),
 ( 0.000000000000000000, 0.5000000000000000000, 1.000000000000000000 ),
 .UNSPECIFIED. ) ;
#5496 = DIRECTION ( 'NONE',  ( 0.000000000000000000, 0.000000000000000000, 1.000000000000000000 ) ) ;
#5497 = TOROIDAL_SURFACE ( 'NONE', #1525, 0.1650999999999999968, 0.01270000000000000122 ) ;
#5498 = EDGE_CURVE ( 'NONE', #6313, #5191, #2724, .T. ) ;
#5499 = AXIS2_PLACEMENT_3D ( 'NONE', #715, #5771, #6822 ) ;
#5500 = ORIENTED_EDGE ( 'NONE', *, *, #3585, .F. ) ;
#5501 = DIRECTION ( 'NONE',  ( -1.000000000000000000, -2.914722646971930116E-14, 3.414809992080160227E-14 ) ) ;
#5502 = DIRECTION ( 'NONE',  ( -0.000000000000000000, 1.000000000000000000, 0.000000000000000000 ) ) ;
#5503 = DIRECTION ( 'NONE',  ( 1.000000000000000000, -0.000000000000000000, -0.000000000000000000 ) ) ;
#5504 = VECTOR ( 'NONE', #2207, 1000.000000000000000 ) ;
#5505 = DIRECTION ( 'NONE',  ( 0.000000000000000000, 0.000000000000000000, 1.000000000000000000 ) ) ;
#5506 = ORIENTED_EDGE ( 'NONE', *, *, #2227, .F. ) ;
#5507 = DIRECTION ( 'NONE',  ( 1.000000000000000000, -1.778546870875169980E-17, 0.000000000000000000 ) ) ;
#5508 = CARTESIAN_POINT ( 'NONE',  ( 0.3775981461818899709, 0.1270000000000000018, -0.1270000000000000018 ) ) ;
#5509 = VERTEX_POINT ( 'NONE', #6229 ) ;
#5510 = AXIS2_PLACEMENT_3D ( 'NONE', #5508, #1639, #5397 ) ;
#5511 = DIRECTION ( 'NONE',  ( 0.000000000000000000, 0.000000000000000000, 1.000000000000000000 ) ) ;
#5512 = EDGE_CURVE ( 'NONE', #165, #6652, #1999, .T. ) ;
#5513 = EDGE_CURVE ( 'NONE', #3657, #3398, #3552, .T. ) ;
#5514 = CARTESIAN_POINT ( 'NONE',  ( -1.003299999999999859, -1.203999878000000079, -1.122300000000000075 ) ) ;
#5515 = ORIENTED_EDGE ( 'NONE', *, *, #6255, .T. ) ;
#5516 = ORIENTED_EDGE ( 'NONE', *, *, #5049, .F. ) ;
#5517 = DIRECTION ( 'NONE',  ( -7.579161533704739142E-32, 1.000000000000000000, 1.016312497642949889E-16 ) ) ;
#5518 = CARTESIAN_POINT ( 'NONE',  ( 1.443523910823350853, -1.293474356643045109, -3.806401017869607273 ) ) ;
#5519 = ORIENTED_EDGE ( 'NONE', *, *, #2492, .F. ) ;
#5520 = CARTESIAN_POINT ( 'NONE',  ( 0.4826000000000000290, -1.455699999999999772, 0.000000000000000000 ) ) ;
#5521 = FACE_OUTER_BOUND ( 'NONE', #5995, .T. ) ;
#5522 = DIRECTION ( 'NONE',  ( 1.000000000000000000, 0.000000000000000000, 0.000000000000000000 ) ) ;
#5523 = ORIENTED_EDGE ( 'NONE', *, *, #4605, .T. ) ;
#5524 = VERTEX_POINT ( 'NONE', #1169 ) ;
#5525 = DIRECTION ( 'NONE',  ( -0.000000000000000000, -1.000000000000000000, -2.586977266727520463E-16 ) ) ;
#5526 = DIRECTION ( 'NONE',  ( 0.000000000000000000, 1.000000000000000000, 0.000000000000000000 ) ) ;
#5527 = VECTOR ( 'NONE', #1641, 1000.000000000000000 ) ;
#5528 = ORIENTED_EDGE ( 'NONE', *, *, #4821, .T. ) ;
#5529 = CARTESIAN_POINT ( 'NONE',  ( 1.460429014997091990, -0.2942460123368750291, -0.01385239593000466007 ) ) ;
#5530 = EDGE_LOOP ( 'NONE', ( #1990, #1136, #1226 ) ) ;
#5531 = ADVANCED_FACE ( 'NONE', ( #2902 ), #3396, .T. ) ;
#5532 = FACE_OUTER_BOUND ( 'NONE', #4389, .T. ) ;
#5533 = DIRECTION ( 'NONE',  ( 0.000000000000000000, 0.000000000000000000, -1.000000000000000000 ) ) ;
#5534 = DIRECTION ( 'NONE',  ( -0.000000000000000000, -1.000000000000000000, -0.000000000000000000 ) ) ;
#5535 = EDGE_LOOP ( 'NONE', ( #4981, #150, #455, #4114 ) ) ;
#5536 = CARTESIAN_POINT ( 'NONE',  ( -1.003299999999999859, -1.369099878000000103, -3.797299999999999898 ) ) ;
#5537 = DIRECTION ( 'NONE',  ( -1.255444850029531953E-16, 1.000000000000000000, 0.000000000000000000 ) ) ;
#5538 = EDGE_CURVE ( 'NONE', #5067, #2247, #6268, .T. ) ;
#5539 = ORIENTED_EDGE ( 'NONE', *, *, #5968, .F. ) ;
#5540 = FACE_OUTER_BOUND ( 'NONE', #4643, .T. ) ;
#5541 = CARTESIAN_POINT ( 'NONE',  ( 1.409462824231156159E-15, -0.1523999999999999799, -0.3428999999999999826 ) ) ;
#5542 = ORIENTED_EDGE ( 'NONE', *, *, #372, .F. ) ;
#5543 = CARTESIAN_POINT ( 'NONE',  ( -1.460499999999999909, -0.6451998780000010036, -0.6777999999999999581 ) ) ;
#5544 = CARTESIAN_POINT ( 'NONE',  ( 0.3203999999999999626, -1.747799999999999798, -1.109600000000000142 ) ) ;
#5545 = EDGE_LOOP ( 'NONE', ( #889, #1644, #6636, #5443 ) ) ;
#5546 = CARTESIAN_POINT ( 'NONE',  ( -1.168400000000000105, -1.203999878000000079, -1.109600000000000142 ) ) ;
#5547 = CARTESIAN_POINT ( 'NONE',  ( 1.435099999999999820, -1.277900000000000036, -0.01519113576837405159 ) ) ;
#5548 = CIRCLE ( 'NONE', #6241, 0.01540000000000004907 ) ;
#5549 = DIRECTION ( 'NONE',  ( 6.402768735150617941E-15, 1.000000000000000000, 0.000000000000000000 ) ) ;
#5550 = DIRECTION ( 'NONE',  ( 1.000000000000000000, 0.000000000000000000, 0.000000000000000000 ) ) ;
#5551 = ADVANCED_FACE ( 'NONE', ( #2942 ), #4596, .T. ) ;
#5553 = EDGE_LOOP ( 'NONE', ( #6791, #3108, #6464, #3341 ) ) ;
#5552 = AXIS2_PLACEMENT_3D ( 'NONE', #1241, #6847, #2985 ) ;
#5554 = EDGE_LOOP ( 'NONE', ( #2567, #5264, #3406, #3263 ) ) ;
#5555 = DIRECTION ( 'NONE',  ( 1.000000000000000000, 0.000000000000000000, 0.000000000000000000 ) ) ;
#5556 = CIRCLE ( 'NONE', #2431, 0.01000000000000002623 ) ;
#5557 = LINE ( 'NONE', #2331, #4314 ) ;
#5558 = CIRCLE ( 'NONE', #434, 0.02540000000000001978 ) ;
#5559 = CARTESIAN_POINT ( 'NONE',  ( -1.155699999999999950, -0.6324998780000009591, -0.9317999999999999616 ) ) ;
#5560 = ORIENTED_EDGE ( 'NONE', *, *, #2499, .F. ) ;
#5561 = CARTESIAN_POINT ( 'NONE',  ( -1.003299999999999859, -1.203999878000000079, -3.784599999999999742 ) ) ;
#5562 = CARTESIAN_POINT ( 'NONE',  ( -1.168400000000000105, -1.203999878000000079, -3.797299999999999898 ) ) ;
#5563 = CARTESIAN_POINT ( 'NONE',  ( 1.435099999999999820, -1.239799999999999791, -0.02540000000000000244 ) ) ;
#5564 = CARTESIAN_POINT ( 'NONE',  ( -1.003299999999999859, -1.203999878000000079, -1.109600000000000142 ) ) ;
#5565 = TOROIDAL_SURFACE ( 'NONE', #5341, 0.1905000000000000027, 0.01270000000000000122 ) ;
#5566 = ADVANCED_FACE ( 'NONE', ( #4588 ), #2279, .T. ) ;
#5567 = AXIS2_PLACEMENT_3D ( 'NONE', #3139, #5338, #1469 ) ;
#5568 = FACE_OUTER_BOUND ( 'NONE', #439, .T. ) ;
#5569 = FACE_OUTER_BOUND ( 'NONE', #6067, .T. ) ;
#5570 = VERTEX_POINT ( 'NONE', #5180 ) ;
#5571 = CIRCLE ( 'NONE', #105, 0.4571999999999999953 ) ;
#5572 = EDGE_CURVE ( 'NONE', #3049, #6480, #108, .T. ) ;
#5573 = DIRECTION ( 'NONE',  ( 0.000000000000000000, -1.000000000000000000, 0.000000000000000000 ) ) ;
#5574 = VERTEX_POINT ( 'NONE', #1134 ) ;
#5575 = CARTESIAN_POINT ( 'NONE',  ( 0.000000000000000000, -1.369099878000000103, 0.000000000000000000 ) ) ;
#5576 = CIRCLE ( 'NONE', #1158, 0.01000000000000002623 ) ;
#5577 = CARTESIAN_POINT ( 'NONE',  ( 0.3103999999999999537, -1.453000000000000069, -3.801999999999999602 ) ) ;
#5578 = ORIENTED_EDGE ( 'NONE', *, *, #3518, .T. ) ;
#5579 = CARTESIAN_POINT ( 'NONE',  ( 1.435099999999999820, -0.5285999999999999588, -0.02540000000000000244 ) ) ;
#5580 = CARTESIAN_POINT ( 'NONE',  ( 1.003299999999999859, -0.3047999999999999599, -3.784599999999999742 ) ) ;
#5581 = CARTESIAN_POINT ( 'NONE',  ( -1.460499999999999909, 0.06600012200000000828, -1.135000000000000009 ) ) ;
#5582 = VECTOR ( 'NONE', #5820, 1000.000000000000000 ) ;
#5583 = ORIENTED_EDGE ( 'NONE', *, *, #3689, .T. ) ;
#5584 = ORIENTED_EDGE ( 'NONE', *, *, #7165, .T. ) ;
#5585 = AXIS2_PLACEMENT_3D ( 'NONE', #3675, #2519, #6936 ) ;
#5586 = AXIS2_PLACEMENT_3D ( 'NONE', #6920, #2469, #1930 ) ;
#5587 = EDGE_CURVE ( 'NONE', #5113, #4879, #259, .T. ) ;
#5588 = CARTESIAN_POINT ( 'NONE',  ( -1.155699999999999950, -1.203999878000000079, -0.4872999999999999554 ) ) ;
#5589 = EDGE_CURVE ( 'NONE', #1557, #1456, #732, .T. ) ;
#5590 = DIRECTION ( 'NONE',  ( 0.000000000000000000, 0.000000000000000000, -1.000000000000000000 ) ) ;
#5591 = CYLINDRICAL_SURFACE ( 'NONE', #5034, 0.01270000000000000989 ) ;
#5592 = AXIS2_PLACEMENT_3D ( 'NONE', #5183, #3496, #181 ) ;
#5593 = CARTESIAN_POINT ( 'NONE',  ( -1.460499999999999909, -0.8229998780000009617, -0.6777999999999999581 ) ) ;
#5594 = VERTEX_POINT ( 'NONE', #2356 ) ;
#5595 = ORIENTED_EDGE ( 'NONE', *, *, #3365, .T. ) ;
#5596 = LINE ( 'NONE', #6755, #3647 ) ;
#5597 = CARTESIAN_POINT ( 'NONE',  ( -0.7620000000000000107, 0.2134000000000000064, 0.000000000000000000 ) ) ;
#5598 = AXIS2_PLACEMENT_3D ( 'NONE', #4900, #2006, #4373 ) ;
#5599 = CARTESIAN_POINT ( 'NONE',  ( 1.168249148134614002, -0.3052929284267255072, -0.006589337676722010692 ) ) ;
#5600 = DIRECTION ( 'NONE',  ( 0.000000000000000000, 0.000000000000000000, -1.000000000000000000 ) ) ;
#5601 = AXIS2_PLACEMENT_3D ( 'NONE', #7179, #2216, #5550 ) ;
#5602 = DIRECTION ( 'NONE',  ( -1.940232950045639978E-16, 1.000000000000000000, 0.000000000000000000 ) ) ;
#5603 = CARTESIAN_POINT ( 'NONE',  ( -1.155699999999999950, -1.203999878000000079, -3.801999999999999602 ) ) ;
#5604 = ORIENTED_EDGE ( 'NONE', *, *, #4333, .T. ) ;
#5605 = FACE_OUTER_BOUND ( 'NONE', #1238, .T. ) ;
#5606 = EDGE_CURVE ( 'NONE', #5612, #79, #4129, .T. ) ;
#5607 = CIRCLE ( 'NONE', #6656, 0.01000000000000000021 ) ;
#5608 = CARTESIAN_POINT ( 'NONE',  ( 1.155699999999999950, -1.290599999999999969, -0.02215594561103284912 ) ) ;
#5609 = VERTEX_POINT ( 'NONE', #3431 ) ;
#5610 = DIRECTION ( 'NONE',  ( 0.000000000000000000, 1.000000000000000000, 0.000000000000000000 ) ) ;
#5611 = DIRECTION ( 'NONE',  ( 1.000000000000000000, 0.000000000000000000, 0.000000000000000000 ) ) ;
#5612 = VERTEX_POINT ( 'NONE', #4512 ) ;
#5613 = CARTESIAN_POINT ( 'NONE',  ( 0.3103999999999999537, -1.455699999999999772, -0.01000000000000000021 ) ) ;
#5614 = ADVANCED_FACE ( 'NONE', ( #6696 ), #1710, .F. ) ;
#5615 = CARTESIAN_POINT ( 'NONE',  ( -1.435099999999999820, -0.8229998780000009617, -0.9317999999999999616 ) ) ;
#5616 = CARTESIAN_POINT ( 'NONE',  ( 0.000000000000000000, -0.2933829605333069801, -3.810000000000000053 ) ) ;
#5617 = DIRECTION ( 'NONE',  ( 1.000000000000000000, -1.778546870875169980E-17, 0.000000000000000000 ) ) ;
#5618 = VERTEX_POINT ( 'NONE', #622 ) ;
#5619 = ORIENTED_EDGE ( 'NONE', *, *, #3614, .F. ) ;
#5620 = CARTESIAN_POINT ( 'NONE',  ( 1.434842579220992231, -0.2957946616517185823, -3.809826526508819367 ) ) ;
#5621 = EDGE_CURVE ( 'NONE', #5197, #6289, #5959, .T. ) ;
#5622 = CARTESIAN_POINT ( 'NONE',  ( 1.460499999999999909, -0.3047999999999999599, -0.03718818102449884810 ) ) ;
#5623 = DIRECTION ( 'NONE',  ( -1.000000000000000000, -1.778546870875169980E-17, -1.332032549587681689E-16 ) ) ;
#5624 = DIRECTION ( 'NONE',  ( 1.000000000000000000, 0.000000000000000000, 0.000000000000000000 ) ) ;
#5625 = VERTEX_POINT ( 'NONE', #658 ) ;
#5626 = FACE_OUTER_BOUND ( 'NONE', #1308, .T. ) ;
#5627 = PRODUCT_DEFINITION ( 'UNKNOWN', '', #1327, #3455 ) ;
#5628 = EDGE_LOOP ( 'NONE', ( #5528, #6417, #7182, #5190 ) ) ;
#5629 = EDGE_CURVE ( 'NONE', #6882, #6632, #3780, .T. ) ;
#5630 = DIRECTION ( 'NONE',  ( 0.000000000000000000, 0.000000000000000000, -1.000000000000000000 ) ) ;
#5631 = DIRECTION ( 'NONE',  ( 1.000000000000000000, 0.000000000000000000, 0.000000000000000000 ) ) ;
#5632 = AXIS2_PLACEMENT_3D ( 'NONE', #5867, #6418, #6484 ) ;
#5633 = DIRECTION ( 'NONE',  ( 0.000000000000000000, 0.000000000000000000, -1.000000000000000000 ) ) ;
#5634 = EDGE_CURVE ( 'NONE', #1907, #1182, #5607, .T. ) ;
#5635 = CARTESIAN_POINT ( 'NONE',  ( 1.168400000000000105, -0.3047999999999999599, -3.787844054388965098 ) ) ;
#5636 = ORIENTED_EDGE ( 'NONE', *, *, #3880, .T. ) ;
#5637 = CARTESIAN_POINT ( 'NONE',  ( 1.003299999999999859, -1.290599999999999969, -3.810000000000000053 ) ) ;
#5638 = VERTEX_POINT ( 'NONE', #5676 ) ;
#5639 = DIRECTION ( 'NONE',  ( -1.000000000000000000, 0.000000000000000000, 0.000000000000000000 ) ) ;
#5640 = CARTESIAN_POINT ( 'NONE',  ( 1.155559336942200144, -1.297904954350886042, -0.01613255709991439843 ) ) ;
#5641 = ORIENTED_EDGE ( 'NONE', *, *, #5143, .T. ) ;
#5642 = DIRECTION ( 'NONE',  ( 1.000000000000000000, 0.000000000000000000, 0.000000000000000000 ) ) ;
#5643 = ORIENTED_EDGE ( 'NONE', *, *, #5498, .F. ) ;
#5644 = DIRECTION ( 'NONE',  ( -3.643403308714935029E-16, 1.000000000000000000, -3.880465900091284886E-16 ) ) ;
#5645 = FACE_OUTER_BOUND ( 'NONE', #2471, .T. ) ;
#5646 = CARTESIAN_POINT ( 'NONE',  ( 1.434622314912914032, -1.293128890971450007, -3.806371428571429849 ) ) ;
#5647 = ADVANCED_FACE ( 'NONE', ( #696 ), #5149, .F. ) ;
#5648 = FACE_OUTER_BOUND ( 'NONE', #2746, .T. ) ;
#5649 = ORIENTED_EDGE ( 'NONE', *, *, #2943, .T. ) ;
#5650 = VERTEX_POINT ( 'NONE', #5291 ) ;
#5651 = DIRECTION ( 'NONE',  ( 1.000000000000000000, 0.000000000000000000, 0.000000000000000000 ) ) ;
#5652 = CARTESIAN_POINT ( 'NONE',  ( -0.7620000000000000107, -0.1523999999999999799, -3.568700000000000205 ) ) ;
#5653 = FACE_OUTER_BOUND ( 'NONE', #3723, .T. ) ;
#5654 = ORIENTED_EDGE ( 'NONE', *, *, #2425, .T. ) ;
#5655 = AXIS2_PLACEMENT_3D ( 'NONE', #2848, #3445, #22 ) ;
#5656 = ADVANCED_FACE ( 'NONE', ( #1320 ), #3558, .T. ) ;
#5657 = ORIENTED_EDGE ( 'NONE', *, *, #3773, .T. ) ;
#5658 = FACE_OUTER_BOUND ( 'NONE', #4912, .T. ) ;
#5659 = VERTEX_POINT ( 'NONE', #6346 ) ;
#5660 = DIRECTION ( 'NONE',  ( -7.880330750954571259E-15, -8.968377375298310591E-15, -1.000000000000000000 ) ) ;
#5661 = CIRCLE ( 'NONE', #668, 0.01270000000000003765 ) ;
#5662 = CARTESIAN_POINT ( 'NONE',  ( 1.168400000000235917, -0.3085795491252919520, -0.009312182205946558863 ) ) ;
#5663 = ORIENTED_EDGE ( 'NONE', *, *, #2800, .F. ) ;
#5664 = VECTOR ( 'NONE', #3045, 1000.000000000000000 ) ;
#5665 = DIRECTION ( 'NONE',  ( 0.000000000000000000, 0.000000000000000000, -1.000000000000000000 ) ) ;
#5666 = ORIENTED_EDGE ( 'NONE', *, *, #4264, .F. ) ;
#5667 = B_SPLINE_CURVE_WITH_KNOTS ( 'NONE', 3,
 ( #5121, #6673, #5047, #4558 ),
 .UNSPECIFIED., .F., .F.,
 ( 4, 4 ),
 ( 0.000000000000000000, 2.099237268015565158E-05 ),
 .UNSPECIFIED. ) ;
#5668 = FACE_OUTER_BOUND ( 'NONE', #2178, .T. ) ;
#5669 = AXIS2_PLACEMENT_3D ( 'NONE', #579, #1194, #2268 ) ;
#5670 = ORIENTED_EDGE ( 'NONE', *, *, #1811, .F. ) ;
#5671 =( LENGTH_UNIT ( ) NAMED_UNIT ( * ) SI_UNIT ( .MILLI., .METRE. ) );
#5672 = EDGE_CURVE ( 'NONE', #3511, #1982, #4369, .T. ) ;
#5673 = VECTOR ( 'NONE', #1237, 1000.000000000000000 ) ;
#5674 = LINE ( 'NONE', #6839, #2043 ) ;
#5675 = EDGE_LOOP ( 'NONE', ( #5989, #4635, #6306, #6050, #3631, #1062 ) ) ;
#5676 = CARTESIAN_POINT ( 'NONE',  ( 1.168400000000000105, -0.9095999999999999641, -1.109600000000000142 ) ) ;
#5677 = CARTESIAN_POINT ( 'NONE',  ( -1.460499999999999909, -1.661199878000000130, -1.135000000000000009 ) ) ;
#5678 = ORIENTED_EDGE ( 'NONE', *, *, #5513, .F. ) ;
#5679 = DIRECTION ( 'NONE',  ( 0.000000000000000000, 1.000000000000000000, 0.000000000000000000 ) ) ;
#5680 = AXIS2_PLACEMENT_3D ( 'NONE', #3251, #4304, #7062 ) ;
#5681 = LINE ( 'NONE', #4701, #3842 ) ;
#5682 = CARTESIAN_POINT ( 'NONE',  ( 1.155335172164955848, -0.2942611943384370599, -3.797299999999999898 ) ) ;
#5683 = DIRECTION ( 'NONE',  ( -1.000000000000000000, 0.000000000000000000, 0.000000000000000000 ) ) ;
#5684 = TOROIDAL_SURFACE ( 'NONE', #2569, 0.1016000000000000097, 0.02540000000000000244 ) ;
#5685 = CARTESIAN_POINT ( 'NONE',  ( 1.460429015005375808, -0.2942460123374430192, -3.796147604050219559 ) ) ;
#5686 = ORIENTED_EDGE ( 'NONE', *, *, #3567, .F. ) ;
#5687 = ORIENTED_EDGE ( 'NONE', *, *, #778, .T. ) ;
#5688 = CARTESIAN_POINT ( 'NONE',  ( 1.434862666486710125, -0.2969465205155064624, -3.809489792461449920 ) ) ;
#5689 = ADVANCED_FACE ( 'NONE', ( #914 ), #5829, .T. ) ;
#5690 = DIRECTION ( 'NONE',  ( 1.000000000000000000, 0.000000000000000000, 0.000000000000000000 ) ) ;
#5691 = AXIS2_PLACEMENT_3D ( 'NONE', #2863, #4997, #6690 ) ;
#5692 = CIRCLE ( 'NONE', #6292, 0.1524000000000000077 ) ;
#5693 = ORIENTED_EDGE ( 'NONE', *, *, #5155, .F. ) ;
#5694 = CIRCLE ( 'NONE', #1282, 0.01270000000000003765 ) ;
#5695 = EDGE_LOOP ( 'NONE', ( #512, #4959, #1949, #7094 ) ) ;
#5696 = DIRECTION ( 'NONE',  ( 1.000000000000000000, 0.000000000000000000, 0.000000000000000000 ) ) ;
#5697 = CARTESIAN_POINT ( 'NONE',  ( 1.155920031288586225, -1.292701496880201972, -0.004047330405627179439 ) ) ;
#5698 = ADVANCED_FACE ( 'NONE', ( #5865 ), #4257, .T. ) ;
#5699 = DIRECTION ( 'NONE',  ( 1.000000000000000000, 0.000000000000000000, 0.000000000000000000 ) ) ;
#5700 = CARTESIAN_POINT ( 'NONE',  ( 1.460499999999999909, -1.290599999999999969, -0.03718818102449884810 ) ) ;
#5701 =( BOUNDED_SURFACE ( )  B_SPLINE_SURFACE ( 3, 2, ( 
 ( #6305, #6258, #99 ),
 ( #761, #6334, #4139 ),
 ( #4645, #6724, #1738 ),
 ( #689, #4686, #1310 ) ),
 .UNSPECIFIED., .F., .F., .F. ) 
 B_SPLINE_SURFACE_WITH_KNOTS ( ( 4, 4 ),
 ( 3, 3 ),
 ( 0.000000000000000000, 2.059464443316309944E-05 ),
 ( 0.000000000000000000, 1.000000000000000000 ),
 .UNSPECIFIED. ) 
 GEOMETRIC_REPRESENTATION_ITEM ( )  RATIONAL_B_SPLINE_SURFACE ( (
 ( 1.000000000000000000, 0.9259337826927619419, 1.000000000000000000),
 ( 1.000000000000000000, 0.9301895519822019898, 1.000000000000000000),
 ( 1.000000000000000000, 1.006027978310124027, 1.000000000000000000),
 ( 1.000000000000000000, 1.000000000000000000, 1.000000000000000000) ) ) 
 REPRESENTATION_ITEM ( '' )  SURFACE ( )  );
#5702 = CIRCLE ( 'NONE', #5598, 0.4571999999999999953 ) ;
#5703 = DIRECTION ( 'NONE',  ( -1.000000000000000000, 9.279374978479150332E-18, 0.000000000000000000 ) ) ;
#5704 = ORIENTED_EDGE ( 'NONE', *, *, #1925, .T. ) ;
#5705 = DIRECTION ( 'NONE',  ( 0.000000000000000000, 0.000000000000000000, 1.000000000000000000 ) ) ;
#5706 = CARTESIAN_POINT ( 'NONE',  ( 1.460499999999997911, -1.277899999999998926, -3.794808864231625556 ) ) ;
#5707 = VERTEX_POINT ( 'NONE', #257 ) ;
#5708 = AXIS2_PLACEMENT_3D ( 'NONE', #2584, #4802, #6999 ) ;
#5709 = CARTESIAN_POINT ( 'NONE',  ( 1.155700000000609906, -1.294369164545876139, -0.01931272718511480024 ) ) ;
#5710 = ORIENTED_EDGE ( 'NONE', *, *, #4926, .F. ) ;
#5711 = CARTESIAN_POINT ( 'NONE',  ( 0.3203999999999999626, -1.452999999999999847, -0.4872999999999999554 ) ) ;
#5712 = EDGE_CURVE ( 'NONE', #1443, #5659, #2378, .T. ) ;
#5713 = ADVANCED_FACE ( 'NONE', ( #3575 ), #4183, .T. ) ;
#5714 = DIRECTION ( 'NONE',  ( 1.000000000000000000, 0.000000000000000000, 0.000000000000000000 ) ) ;
#5715 = VERTEX_POINT ( 'NONE', #7013 ) ;
#5716 = VECTOR ( 'NONE', #2314, 1000.000000000000000 ) ;
#5717 = FACE_OUTER_BOUND ( 'NONE', #6743, .T. ) ;
#5718 = CARTESIAN_POINT ( 'NONE',  ( 1.459994215790140215, -1.312099610783223902, -0.02177142857142914945 ) ) ;
#5719 = DIRECTION ( 'NONE',  ( 1.000000000000000000, 0.000000000000000000, 0.000000000000000000 ) ) ;
#5720 = DIRECTION ( 'NONE',  ( -1.000000000000000000, 0.000000000000000000, 0.000000000000000000 ) ) ;
#5721 = DIRECTION ( 'NONE',  ( 0.000000000000000000, 0.000000000000000000, -1.000000000000000000 ) ) ;
#5722 = LINE ( 'NONE', #740, #6880 ) ;
#5723 = DIRECTION ( 'NONE',  ( -1.000000000000000000, 0.000000000000000000, 0.000000000000000000 ) ) ;
#5724 = DIRECTION ( 'NONE',  ( -1.000000000000000000, -0.000000000000000000, -0.000000000000000000 ) ) ;
#5725 = EDGE_LOOP ( 'NONE', ( #2564, #4258, #1713, #2612, #1603, #962 ) ) ;
#5726 = ADVANCED_FACE ( 'NONE', ( #3609 ), #5790, .T. ) ;
#5727 = ORIENTED_EDGE ( 'NONE', *, *, #964, .T. ) ;
#5728 = AXIS2_PLACEMENT_3D ( 'NONE', #3602, #250, #4750 ) ;
#5729 = CARTESIAN_POINT ( 'NONE',  ( -0.6476999999999999424, -0.1523999999999999799, -3.708400000000000141 ) ) ;
#5730 = CARTESIAN_POINT ( 'NONE',  ( 1.460817897969361123, -0.3062653040475132871, -3.802355071475802983 ) ) ;
#5731 = ORIENTED_EDGE ( 'NONE', *, *, #2174, .F. ) ;
#5732 = EDGE_LOOP ( 'NONE', ( #1847, #4009, #2226, #6267, #1884 ) ) ;
#5733 = CIRCLE ( 'NONE', #857, 0.4572000000000000508 ) ;
#5734 = ORIENTED_EDGE ( 'NONE', *, *, #6345, .F. ) ;
#5735 = DIRECTION ( 'NONE',  ( 0.000000000000000000, 0.000000000000000000, -1.000000000000000000 ) ) ;
#5736 = PRODUCT_DEFINITION_FORMATION_WITH_SPECIFIED_SOURCE ( 'ANY', '', #4315, .NOT_KNOWN. ) ;
#5737 = VERTEX_POINT ( 'NONE', #2495 ) ;
#5738 = FACE_OUTER_BOUND ( 'NONE', #1067, .T. ) ;
#5739 = CARTESIAN_POINT ( 'NONE',  ( 1.168400000000000105, -0.7190999999999999615, -3.801999999999999602 ) ) ;
#5740 = CARTESIAN_POINT ( 'NONE',  ( -0.6476999999999999424, -0.1523999999999999799, -3.797299999999999898 ) ) ;
#5741 = VERTEX_POINT ( 'NONE', #4731 ) ;
#5742 = EDGE_CURVE ( 'NONE', #1101, #5846, #4115, .T. ) ;
#5743 = CARTESIAN_POINT ( 'NONE',  ( 1.003299999999999859, -0.3047999999999999599, -3.810000000000000053 ) ) ;
#5744 = ORIENTED_EDGE ( 'NONE', *, *, #7003, .F. ) ;
#5745 = LINE ( 'NONE', #2489, #4813 ) ;
#5746 = AXIS2_PLACEMENT_3D ( 'NONE', #4820, #6449, #6349 ) ;
#5747 = EDGE_LOOP ( 'NONE', ( #5838, #2079, #6860, #1865, #5938, #6606, #2811, #7065, #174, #991 ) ) ;
#5748 =( LENGTH_UNIT ( ) NAMED_UNIT ( * ) SI_UNIT ( .MILLI., .METRE. ) );
#5749 = AXIS2_PLACEMENT_3D ( 'NONE', #5319, #5750, #3606 ) ;
#5750 = DIRECTION ( 'NONE',  ( 0.000000000000000000, 0.000000000000000000, 1.000000000000000000 ) ) ;
#5751 =( BOUNDED_SURFACE ( )  B_SPLINE_SURFACE ( 3, 2, ( 
 ( #3617, #853, #3098 ),
 ( #6280, #4043, #6236 ),
 ( #1900, #3503, #5685 ),
 ( #4158, #2951, #1285 ) ),
 .UNSPECIFIED., .F., .F., .T. ) 
 B_SPLINE_SURFACE_WITH_KNOTS ( ( 4, 4 ),
 ( 3, 3 ),
 ( 0.000000000000000000, 2.059464444756230040E-05 ),
 ( 0.000000000000000000, 1.000000000000000000 ),
 .UNSPECIFIED. ) 
 GEOMETRIC_REPRESENTATION_ITEM ( )  RATIONAL_B_SPLINE_SURFACE ( (
 ( 1.000000000000000000, 0.9259337826927539483, 1.000000000000000000),
 ( 1.000000000000000000, 0.9301895519975059701, 1.000000000000000000),
 ( 1.000000000000000000, 1.006027978394120170, 1.000000000000000000),
 ( 1.000000000000000000, 1.000000000000000000, 1.000000000000000000) ) ) 
 REPRESENTATION_ITEM ( '' )  SURFACE ( )  );
#5752 = ORIENTED_EDGE ( 'NONE', *, *, #5572, .F. ) ;
#5753 = EDGE_CURVE ( 'NONE', #7002, #1, #3016, .T. ) ;
#5754 = DIRECTION ( 'NONE',  ( 0.000000000000000000, -1.000000000000000000, 0.000000000000000000 ) ) ;
#5755 = CARTESIAN_POINT ( 'NONE',  ( 0.000000000000000000, -0.1729999999999999871, -3.810000000000000053 ) ) ;
#5756 = ORIENTED_EDGE ( 'NONE', *, *, #4493, .F. ) ;
#5757 = DIRECTION ( 'NONE',  ( 0.000000000000000000, -1.000000000000000000, 0.000000000000000000 ) ) ;
#5758 = CARTESIAN_POINT ( 'NONE',  ( -1.003299999999999859, -1.203999878000000079, -3.801999999999999602 ) ) ;
#5759 = ADVANCED_FACE ( 'NONE', ( #3712 ), #2257, .T. ) ;
#5760 = CARTESIAN_POINT ( 'NONE',  ( -1.003299999999999859, -1.203999878000000079, -3.801999999999999602 ) ) ;
#5761 = CYLINDRICAL_SURFACE ( 'NONE', #1262, 0.07620000000000022589 ) ;
#5762 = ORIENTED_EDGE ( 'NONE', *, *, #4469, .T. ) ;
#5763 = EDGE_LOOP ( 'NONE', ( #3100, #3504, #4815, #4861 ) ) ;
#5764 = FACE_OUTER_BOUND ( 'NONE', #360, .T. ) ;
#5765 = AXIS2_PLACEMENT_3D ( 'NONE', #656, #4653, #4547 ) ;
#5766 = DIRECTION ( 'NONE',  ( 0.000000000000000000, 0.000000000000000000, 1.000000000000000000 ) ) ;
#5767 = DIRECTION ( 'NONE',  ( -0.9976061165679531717, -0.06915226812048429206, 0.000000000000000000 ) ) ;
#5768 = ADVANCED_FACE ( 'NONE', ( #3161 ), #2566, .T. ) ;
#5769 = DIRECTION ( 'NONE',  ( -4.663874436235659679E-32, 1.000000000000000000, 1.016312497642949889E-16 ) ) ;
#5770 = ORIENTED_EDGE ( 'NONE', *, *, #2460, .T. ) ;
#5771 = DIRECTION ( 'NONE',  ( 0.000000000000000000, 1.000000000000000000, 0.000000000000000000 ) ) ;
#5772 = ORIENTED_EDGE ( 'NONE', *, *, #3483, .F. ) ;
#5773 = DIRECTION ( 'NONE',  ( 0.000000000000000000, 0.000000000000000000, 1.000000000000000000 ) ) ;
#5774 = CARTESIAN_POINT ( 'NONE',  ( -1.003299999999999859, -1.356399878000000170, -3.801999999999999602 ) ) ;
#5775 = CARTESIAN_POINT ( 'NONE',  ( 1.168400000000000105, -0.7190999999999999615, -0.6777999999999999581 ) ) ;
#5776 = AXIS2_PLACEMENT_3D ( 'NONE', #3102, #3662, #4772 ) ;
#5777 = CARTESIAN_POINT ( 'NONE',  ( -1.003299999999999859, -1.356399878000000170, -0.01270000000000000122 ) ) ;
#5778 = DIRECTION ( 'NONE',  ( 0.000000000000000000, 0.000000000000000000, 1.000000000000000000 ) ) ;
#5779 = ORIENTED_EDGE ( 'NONE', *, *, #6767, .F. ) ;
#5780 = AXIS2_PLACEMENT_3D ( 'NONE', #6794, #3917, #6108 ) ;
#5781 = CARTESIAN_POINT ( 'NONE',  ( -1.003299999999999859, -1.661199878000000130, -3.801999999999999602 ) ) ;
#5782 = DIRECTION ( 'NONE',  ( -1.000000000000000000, 0.000000000000000000, 0.000000000000000000 ) ) ;
#5783 = ORIENTED_EDGE ( 'NONE', *, *, #161, .T. ) ;
#5784 = SHAPE_DEFINITION_REPRESENTATION ( #3852, #6547 ) ;
#5785 = EDGE_CURVE ( 'NONE', #6289, #607, #4221, .T. ) ;
#5786 = AXIS2_PLACEMENT_3D ( 'NONE', #1195, #3454, #646 ) ;
#5787 = FACE_OUTER_BOUND ( 'NONE', #953, .T. ) ;
#5788 = ORIENTED_EDGE ( 'NONE', *, *, #862, .T. ) ;
#5789 = AXIS2_PLACEMENT_3D ( 'NONE', #1733, #5660, #6756 ) ;
#5790 = CYLINDRICAL_SURFACE ( 'NONE', #1196, 0.01270000000000003765 ) ;
#5791 = ORIENTED_EDGE ( 'NONE', *, *, #4545, .F. ) ;
#5792 =( LENGTH_UNIT ( ) NAMED_UNIT ( * ) SI_UNIT ( .MILLI., .METRE. ) );
#5793 = CARTESIAN_POINT ( 'NONE',  ( 1.168400000000000105, -0.3120571428571424777, -3.798266332333400275 ) ) ;
#5794 = EDGE_CURVE ( 'NONE', #6132, #3482, #4252, .T. ) ;
#5795 = AXIS2_PLACEMENT_3D ( 'NONE', #3976, #2632, #6211 ) ;
#5796 = DIRECTION ( 'NONE',  ( 0.000000000000000000, 1.286270504829363768E-16, -1.000000000000000000 ) ) ;
#5797 = LINE ( 'NONE', #813, #5020 ) ;
#5798 = DIRECTION ( 'NONE',  ( 0.000000000000000000, 0.000000000000000000, 1.000000000000000000 ) ) ;
#5799 = ORIENTED_EDGE ( 'NONE', *, *, #3740, .T. ) ;
#5800 = CIRCLE ( 'NONE', #6838, 0.01270000000000003765 ) ;
#5801 = EDGE_LOOP ( 'NONE', ( #539, #3214, #854, #3255 ) ) ;
#5802 = CARTESIAN_POINT ( 'NONE',  ( 1.104899999999999993, -0.2933829605333069801, -0.01270000000000000122 ) ) ;
#5803 = DIRECTION ( 'NONE',  ( -0.000000000000000000, 0.000000000000000000, -1.000000000000000000 ) ) ;
#5804 = EDGE_CURVE ( 'NONE', #607, #1730, #7001, .T. ) ;
#5805 = CARTESIAN_POINT ( 'NONE',  ( 1.168400000000000105, -0.3120571428571430328, -0.01173366766659974039 ) ) ;
#5806 = AXIS2_PLACEMENT_3D ( 'NONE', #3547, #5724, #6481 ) ;
#5807 = CARTESIAN_POINT ( 'NONE',  ( 0.3203999999999999626, -1.455699999999999772, -0.4872999999999999554 ) ) ;
#5808 = DIRECTION ( 'NONE',  ( -1.000000000000000000, 0.000000000000000000, 0.000000000000000000 ) ) ;
#5809 = ORIENTED_EDGE ( 'NONE', *, *, #507, .T. ) ;
#5810 = CARTESIAN_POINT ( 'NONE',  ( -1.155699999999999950, -0.2183999999999999830, -3.801999999999999602 ) ) ;
#5811 = ORIENTED_EDGE ( 'NONE', *, *, #4142, .T. ) ;
#5812 = TOROIDAL_SURFACE ( 'NONE', #4216, 0.01540000000000000223, 0.01000000000000000021 ) ;
#5813 = DIRECTION ( 'NONE',  ( -1.000000000000000000, 0.000000000000000000, 0.000000000000000000 ) ) ;
#5814 = DIRECTION ( 'NONE',  ( 0.000000000000000000, 1.000000000000000000, 0.000000000000000000 ) ) ;
#5815 = ORIENTED_EDGE ( 'NONE', *, *, #6477, .F. ) ;
#5816 = ORIENTED_EDGE ( 'NONE', *, *, #6153, .T. ) ;
#5817 = PLANE ( 'NONE',  #6407 ) ;
#5818 = ORIENTED_EDGE ( 'NONE', *, *, #2244, .T. ) ;
#5819 = LINE ( 'NONE', #5781, #5484 ) ;
#5820 = DIRECTION ( 'NONE',  ( -0.000000000000000000, 1.000000000000000000, -0.000000000000000000 ) ) ;
#5821 = EDGE_LOOP ( 'NONE', ( #2845, #1825, #3791, #188 ) ) ;
#5822 = AXIS2_PLACEMENT_3D ( 'NONE', #783, #4561, #3029 ) ;
#5823 = VECTOR ( 'NONE', #2187, 1000.000000000000000 ) ;
#5824 = B_SPLINE_CURVE_WITH_KNOTS ( 'NONE', 3,
 ( #543, #986, #4364, #7123 ),
 .UNSPECIFIED., .F., .F.,
 ( 4, 4 ),
 ( 0.000000000000000000, 1.000000000000000000 ),
 .UNSPECIFIED. ) ;
#5825 = CYLINDRICAL_SURFACE ( 'NONE', #6342, 0.01270000000000003765 ) ;
#5826 = CIRCLE ( 'NONE', #4577, 0.01270000000000090501 ) ;
#5827 = ORIENTED_EDGE ( 'NONE', *, *, #7079, .F. ) ;
#5828 = EDGE_CURVE ( 'NONE', #4149, #3657, #1316, .T. ) ;
#5829 = PLANE ( 'NONE',  #4477 ) ;
#5830 = ORIENTED_EDGE ( 'NONE', *, *, #1811, .T. ) ;
#5831 = FACE_OUTER_BOUND ( 'NONE', #4565, .T. ) ;
#5832 = CIRCLE ( 'NONE', #6757, 0.1016000000000000097 ) ;
#5833 = CARTESIAN_POINT ( 'NONE',  ( 0.3203999999999999626, -0.1729999999999999871, -0.01000000000000000021 ) ) ;
#5834 = CARTESIAN_POINT ( 'NONE',  ( -0.6603999999999999870, 0.1523999999999999799, -3.784599999999999742 ) ) ;
#5835 = CARTESIAN_POINT ( 'NONE',  ( 0.3103999999999999537, -1.455699999999999772, -3.797299999999999898 ) ) ;
#5836 = CARTESIAN_POINT ( 'NONE',  ( -1.435099999999999820, -0.08639987799999999940, -3.810000000000000053 ) ) ;
#5837 = AXIS2_PLACEMENT_3D ( 'NONE', #6026, #3843, #6175 ) ;
#5838 = ORIENTED_EDGE ( 'NONE', *, *, #5839, .T. ) ;
#5839 = EDGE_CURVE ( 'NONE', #2366, #3511, #4366, .T. ) ;
#5840 = ORIENTED_EDGE ( 'NONE', *, *, #161, .F. ) ;
#5841 = FACE_OUTER_BOUND ( 'NONE', #5302, .T. ) ;
#5842 = VECTOR ( 'NONE', #5115, 1000.000000000000000 ) ;
#5843 = FACE_OUTER_BOUND ( 'NONE', #7028, .T. ) ;
#5844 = CARTESIAN_POINT ( 'NONE',  ( 0.6476999999999999424, -0.1397000000000000186, -3.708400000000000141 ) ) ;
#5845 = CARTESIAN_POINT ( 'NONE',  ( -1.003299999999999859, -1.661199878000000130, -3.784599999999999742 ) ) ;
#5846 = VERTEX_POINT ( 'NONE', #5471 ) ;
#5847 = EDGE_CURVE ( 'NONE', #3549, #1181, #3854, .T. ) ;
#5848 = AXIS2_PLACEMENT_3D ( 'NONE', #219, #5323, #5214 ) ;
#5849 = ORIENTED_EDGE ( 'NONE', *, *, #7071, .F. ) ;
#5850 = CARTESIAN_POINT ( 'NONE',  ( 1.168400000000000105, -0.3120571428571430328, -0.01173366766659976121 ) ) ;
#5851 = DIRECTION ( 'NONE',  ( 0.000000000000000000, 0.000000000000000000, 1.000000000000000000 ) ) ;
#5852 = CARTESIAN_POINT ( 'NONE',  ( -0.3103999999999999537, -1.366399878000000179, -3.801999999999999602 ) ) ;
#5853 = CARTESIAN_POINT ( 'NONE',  ( -1.003299999999999859, -1.203999878000000079, -0.4746000000000000218 ) ) ;
#5854 = PRODUCT ( 'WSK1216-L5_terminals - Copy_7', 'WSK1216-L5_terminals - Copy_7', '', ( #252 ) ) ;
#5855 = APPLICATION_CONTEXT ( 'automotive_design' ) ;
#5856 = ORIENTED_EDGE ( 'NONE', *, *, #144, .T. ) ;
#5857 = DIRECTION ( 'NONE',  ( -1.000000000000000000, 0.000000000000000000, 0.000000000000000000 ) ) ;
#5858 = CARTESIAN_POINT ( 'NONE',  ( 1.435099999999999820, -1.277900000000000036, -3.794808864231624668 ) ) ;
#5859 = ORIENTED_EDGE ( 'NONE', *, *, #498, .T. ) ;
#5860 = EDGE_CURVE ( 'NONE', #2529, #4638, #1744, .T. ) ;
#5861 = CARTESIAN_POINT ( 'NONE',  ( 0.3203999999999999626, -1.722399999999999931, 0.000000000000000000 ) ) ;
#5862 = AXIS2_PLACEMENT_3D ( 'NONE', #1099, #4936, #2204 ) ;
#5863 = EDGE_LOOP ( 'NONE', ( #4266, #4494, #2185, #1378 ) ) ;
#5864 = CARTESIAN_POINT ( 'NONE',  ( -2.710505431213760315E-18, 0.1270000000000000018, -0.07619999999999998996 ) ) ;
#5865 = FACE_OUTER_BOUND ( 'NONE', #6893, .T. ) ;
#5866 = ORIENTED_EDGE ( 'NONE', *, *, #4940, .F. ) ;
#5867 = CARTESIAN_POINT ( 'NONE',  ( -0.3203999999999999626, -1.651199878000000121, -3.801999999999999602 ) ) ;
#5868 = ADVANCED_FACE ( 'NONE', ( #2714 ), #2159, .T. ) ;
#5869 = CARTESIAN_POINT ( 'NONE',  ( 1.460499999999999909, -1.290599999999999969, -0.03718818102449884810 ) ) ;
#5870 = CARTESIAN_POINT ( 'NONE',  ( -0.6603999999999999870, 0.1270000000000000018, -3.708400000000000141 ) ) ;
#5871 = ORIENTED_EDGE ( 'NONE', *, *, #1292, .T. ) ;
#5872 = DIRECTION ( 'NONE',  ( 0.000000000000000000, 0.000000000000000000, 1.000000000000000000 ) ) ;
#5873 = ORIENTED_EDGE ( 'NONE', *, *, #5444, .T. ) ;
#5874 = ORIENTED_EDGE ( 'NONE', *, *, #1058, .T. ) ;
#5875 = LINE ( 'NONE', #2577, #710 ) ;
#5876 = ADVANCED_FACE ( 'NONE', ( #4853 ), #4891, .T. ) ;
#5877 = DIRECTION ( 'NONE',  ( -1.000000000000000000, 0.000000000000000000, 0.000000000000000000 ) ) ;
#5878 = ORIENTED_EDGE ( 'NONE', *, *, #5712, .T. ) ;
#5879 = ORIENTED_EDGE ( 'NONE', *, *, #4027, .T. ) ;
#5880 = DIRECTION ( 'NONE',  ( 0.000000000000000000, 0.000000000000000000, -1.000000000000000000 ) ) ;
#5881 = CIRCLE ( 'NONE', #2765, 0.1396999999999999909 ) ;
#5882 = DIRECTION ( 'NONE',  ( -0.000000000000000000, -0.000000000000000000, -1.000000000000000000 ) ) ;
#5883 = EDGE_CURVE ( 'NONE', #1435, #773, #4601, .T. ) ;
#5884 = B_SPLINE_CURVE_WITH_KNOTS ( 'NONE', 3,
 ( #1069, #2133, #4376, #3397, #5518, #4902 ),
 .UNSPECIFIED., .F., .F.,
 ( 4, 2, 4 ),
 ( 0.000000000000000000, 0.5000000000000000000, 1.000000000000000000 ),
 .UNSPECIFIED. ) ;
#5885 = ORIENTED_EDGE ( 'NONE', *, *, #316, .T. ) ;
#5886 = DIRECTION ( 'NONE',  ( 8.953414682134259802E-32, -2.586977266727520463E-16, 1.000000000000000000 ) ) ;
#5887 = CARTESIAN_POINT ( 'NONE',  ( 0.6350000000000000089, 0.1366654844670605051, -3.797299999999999454 ) ) ;
#5888 = EDGE_CURVE ( 'NONE', #1952, #1902, #2968, .T. ) ;
#5889 = EDGE_CURVE ( 'NONE', #2826, #4357, #514, .T. ) ;
#5890 = DIRECTION ( 'NONE',  ( 0.9910712498212339572, -7.469896857675714358E-15, 0.1333333333333310555 ) ) ;
#5891 = VECTOR ( 'NONE', #4393, 1000.000000000000000 ) ;
#5892 = ORIENTED_EDGE ( 'NONE', *, *, #1844, .T. ) ;
#5893 = DIRECTION ( 'NONE',  ( 0.000000000000000000, 0.000000000000000000, 1.000000000000000000 ) ) ;
#5894 = DIRECTION ( 'NONE',  ( 1.000000000000000000, 0.000000000000000000, 0.000000000000000000 ) ) ;
#5895 = ORIENTED_EDGE ( 'NONE', *, *, #1332, .F. ) ;
#5896 = CARTESIAN_POINT ( 'NONE',  ( 0.5080000000000000071, 0.1523999999999999799, -3.708400000000000141 ) ) ;
#5897 = ADVANCED_FACE ( 'NONE', ( #4932 ), #1568, .T. ) ;
#5898 = CIRCLE ( 'NONE', #4652, 0.1651000000000000523 ) ;
#5899 = FACE_OUTER_BOUND ( 'NONE', #3730, .T. ) ;
#5900 = CIRCLE ( 'NONE', #1027, 0.1905000000000000304 ) ;
#5901 = DIRECTION ( 'NONE',  ( -1.000000000000000000, 0.000000000000000000, 0.000000000000000000 ) ) ;
#5902 = VERTEX_POINT ( 'NONE', #3235 ) ;
#5903 = CARTESIAN_POINT ( 'NONE',  ( 0.000000000000000000, 0.000000000000000000, -3.810000000000000053 ) ) ;
#5905 = ORIENTED_EDGE ( 'NONE', *, *, #1737, .F. ) ;
#5904 = CIRCLE ( 'NONE', #2787, 0.01540000000000000223 ) ;
#5906 = EDGE_LOOP ( 'NONE', ( #5331, #2954, #6727, #1433 ) ) ;
#5907 = DIRECTION ( 'NONE',  ( -1.000000000000000000, 0.000000000000000000, 0.000000000000000000 ) ) ;
#5908 = AXIS2_PLACEMENT_3D ( 'NONE', #6022, #5345, #934 ) ;
#5909 = DIRECTION ( 'NONE',  ( 0.000000000000000000, 0.000000000000000000, -1.000000000000000000 ) ) ;
#5910 = EDGE_CURVE ( 'NONE', #3648, #1815, #728, .T. ) ;
#5911 = ORIENTED_EDGE ( 'NONE', *, *, #3343, .T. ) ;
#5912 = CIRCLE ( 'NONE', #2332, 0.1524000000000000077 ) ;
#5913 = EDGE_LOOP ( 'NONE', ( #2038, #3556, #1340, #3796, #709 ) ) ;
#5914 = EDGE_LOOP ( 'NONE', ( #2634, #4174, #855, #6751 ) ) ;
#5915 = EDGE_CURVE ( 'NONE', #5048, #7104, #3206, .T. ) ;
#5916 = CARTESIAN_POINT ( 'NONE',  ( 1.155699999999999283, -0.3120571428571427552, -0.01173366766659974386 ) ) ;
#5917 = CARTESIAN_POINT ( 'NONE',  ( -0.3103999999999999537, -1.661199878000000130, -3.799999999999999822 ) ) ;
#5918 = DIRECTION ( 'NONE',  ( 0.000000000000000000, -1.000000000000000000, 0.000000000000000000 ) ) ;
#5919 = CIRCLE ( 'NONE', #5350, 0.02540000000000007530 ) ;
#5920 = AXIS2_PLACEMENT_3D ( 'NONE', #5339, #6498, #4199 ) ;
#5921 = TOROIDAL_SURFACE ( 'NONE', #2455, 0.1523999999999999799, 0.02539999999999944733 ) ;
#5922 = ORIENTED_EDGE ( 'NONE', *, *, #3560, .T. ) ;
#5923 = CARTESIAN_POINT ( 'NONE',  ( 0.06350000000000000089, -0.1523999999999999799, -2.882899999999999796 ) ) ;
#5924 = ADVANCED_BREP_SHAPE_REPRESENTATION ( '', ( #6926, #1337 ), #3806 ) ;
#5925 = EDGE_CURVE ( 'NONE', #298, #3549, #31, .T. ) ;
#5926 = CARTESIAN_POINT ( 'NONE',  ( 0.3775981461818899709, 0.1523999999999999799, -0.1270000000000000018 ) ) ;
#5927 = CARTESIAN_POINT ( 'NONE',  ( 1.003299999999999859, -1.290599999999999969, -3.784599999999999742 ) ) ;
#5928 = CARTESIAN_POINT ( 'NONE',  ( 1.168004769845369939, -1.302017039466691894, -0.01270000000000000122 ) ) ;
#5929 = VECTOR ( 'NONE', #5507, 1000.000000000000000 ) ;
#5930 = LINE ( 'NONE', #3355, #6438 ) ;
#5931 = ORIENTED_EDGE ( 'NONE', *, *, #6469, .F. ) ;
#5932 = VECTOR ( 'NONE', #351, 1000.000000000000000 ) ;
#5933 = DIRECTION ( 'NONE',  ( 0.000000000000000000, 0.000000000000000000, -1.000000000000000000 ) ) ;
#5934 = DIRECTION ( 'NONE',  ( -1.940232950045639978E-16, 1.000000000000000000, 0.000000000000000000 ) ) ;
#5935 = EDGE_CURVE ( 'NONE', #3299, #6765, #6865, .T. ) ;
#5936 = TOROIDAL_SURFACE ( 'NONE', #2351, 0.2032000000000000195, 0.02540000000000000244 ) ;
#5937 = DIRECTION ( 'NONE',  ( 0.000000000000000000, 0.000000000000000000, -1.000000000000000000 ) ) ;
#5938 = ORIENTED_EDGE ( 'NONE', *, *, #5429, .F. ) ;
#5939 = DIRECTION ( 'NONE',  ( 4.979931238450479394E-15, 3.557093741750342424E-16, 1.000000000000000000 ) ) ;
#5940 = AXIS2_PLACEMENT_3D ( 'NONE', #1966, #2042, #4297 ) ;
#5941 = VECTOR ( 'NONE', #3019, 1000.000000000000000 ) ;
#5942 = DIRECTION ( 'NONE',  ( 0.000000000000000000, 1.000000000000000000, 0.000000000000000000 ) ) ;
#5943 = CYLINDRICAL_SURFACE ( 'NONE', #2110, 0.02539999999999999550 ) ;
#5944 = EDGE_LOOP ( 'NONE', ( #6953, #4218, #2404, #2658 ) ) ;
#5945 = EDGE_CURVE ( 'NONE', #5524, #4046, #6770, .T. ) ;
#5946 = CARTESIAN_POINT ( 'NONE',  ( 1.155942982001353814, -1.289720632490792607, -3.803079295503322577 ) ) ;
#5947 = VERTEX_POINT ( 'NONE', #1061 ) ;
#5948 = ORIENTED_EDGE ( 'NONE', *, *, #5163, .F. ) ;
#5949 = ORIENTED_EDGE ( 'NONE', *, *, #291, .T. ) ;
#5950 = AXIS2_PLACEMENT_3D ( 'NONE', #3283, #2127, #5371 ) ;
#5951 = CARTESIAN_POINT ( 'NONE',  ( -1.003299999999999859, -0.05330000000000000016, -3.237483217068580505E-18 ) ) ;
#5952 = DIRECTION ( 'NONE',  ( -1.000000000000000000, 1.778546870875169980E-17, 0.000000000000000000 ) ) ;
#5953 = FACE_OUTER_BOUND ( 'NONE', #1688, .T. ) ;
#5954 = VECTOR ( 'NONE', #2478, 1000.000000000000000 ) ;
#5955 = EDGE_CURVE ( 'NONE', #5618, #5707, #3899, .T. ) ;
#5956 = VERTEX_POINT ( 'NONE', #6077 ) ;
#5957 = ORIENTED_EDGE ( 'NONE', *, *, #5286, .T. ) ;
#5958 = DIRECTION ( 'NONE',  ( 0.000000000000000000, 0.000000000000000000, -1.000000000000000000 ) ) ;
#5959 = CIRCLE ( 'NONE', #6885, 0.02540000000000007530 ) ;
#5960 = CARTESIAN_POINT ( 'NONE',  ( -1.155699999999999950, -0.1397000000000000186, -0.01270000000000000122 ) ) ;
#5961 = VECTOR ( 'NONE', #3357, 1000.000000000000000 ) ;
#5962 = EDGE_LOOP ( 'NONE', ( #6335, #375, #377, #6676 ) ) ;
#5963 = CARTESIAN_POINT ( 'NONE',  ( 0.6519333309189787595, 0.1524000000000000632, -3.801533338162042419 ) ) ;
#5964 = CARTESIAN_POINT ( 'NONE',  ( -1.460499999999999909, -0.8229998780000009617, -1.135000000000000009 ) ) ;
#5965 = LINE ( 'NONE', #1596, #4072 ) ;
#5966 = DIRECTION ( 'NONE',  ( 0.000000000000000000, 0.000000000000000000, 1.000000000000000000 ) ) ;
#5967 = VECTOR ( 'NONE', #6374, 1000.000000000000000 ) ;
#5968 = EDGE_CURVE ( 'NONE', #1502, #3910, #4290, .T. ) ;
#5969 = DIRECTION ( 'NONE',  ( 1.000000000000000000, -1.778546870875169980E-17, 0.000000000000000000 ) ) ;
#5970 = ORIENTED_EDGE ( 'NONE', *, *, #4109, .F. ) ;
#5971 = CARTESIAN_POINT ( 'NONE',  ( 1.168004769845369939, -1.293128890971450007, -3.806371428571429849 ) ) ;
#5972 = CARTESIAN_POINT ( 'NONE',  ( -1.435099999999999820, 0.06600012199999909235, -0.4746000000000000218 ) ) ;
#5973 = ORIENTED_EDGE ( 'NONE', *, *, #907, .F. ) ;
#5974 = FACE_OUTER_BOUND ( 'NONE', #2854, .T. ) ;
#5975 = ADVANCED_FACE ( 'NONE', ( #3953 ), #4580, .T. ) ;
#5976 = EDGE_CURVE ( 'NONE', #1379, #2387, #2972, .T. ) ;
#5977 = DIRECTION ( 'NONE',  ( 0.000000000000000000, 2.667820306312748930E-15, -1.000000000000000000 ) ) ;
#5978 = EDGE_LOOP ( 'NONE', ( #1070, #2195, #121, #873 ) ) ;
#5979 = DIRECTION ( 'NONE',  ( 0.000000000000000000, 1.000000000000000000, 0.000000000000000000 ) ) ;
#5980 = ORIENTED_EDGE ( 'NONE', *, *, #2213, .T. ) ;
#5981 = DIRECTION ( 'NONE',  ( -1.000000000000000000, 0.000000000000000000, 0.000000000000000000 ) ) ;
#5982 = CARTESIAN_POINT ( 'NONE',  ( -1.460499999999999909, -0.8229998780000009617, -0.9317999999999999616 ) ) ;
#5983 = VERTEX_POINT ( 'NONE', #141 ) ;
#5984 = CARTESIAN_POINT ( 'NONE',  ( -0.3203999999999999626, -1.369099878000000103, -3.797299999999999898 ) ) ;
#5985 = AXIS2_PLACEMENT_3D ( 'NONE', #1025, #5473, #475 ) ;
#5986 = EDGE_CURVE ( 'NONE', #6132, #2170, #2604, .T. ) ;
#5987 = CARTESIAN_POINT ( 'NONE',  ( -0.3103999999999999537, -1.369099878000000103, -0.4899999999999998801 ) ) ;
#5988 = ORIENTED_EDGE ( 'NONE', *, *, #3715, .F. ) ;
#5989 = ORIENTED_EDGE ( 'NONE', *, *, #6784, .T. ) ;
#5990 = EDGE_LOOP ( 'NONE', ( #929, #1047, #4745, #6372 ) ) ;
#5991 = ORIENTED_EDGE ( 'NONE', *, *, #2597, .T. ) ;
#5992 = CARTESIAN_POINT ( 'NONE',  ( 1.434842579221055514, -1.299605338348278183, -3.809826526508825140 ) ) ;
#5993 = EDGE_CURVE ( 'NONE', #1863, #2005, #5037, .T. ) ;
#5994 = CARTESIAN_POINT ( 'NONE',  ( 1.435099999999999820, -1.290599999999999969, -0.03718818102449874402 ) ) ;
#5995 = EDGE_LOOP ( 'NONE', ( #1913, #146, #1205, #3610, #5641, #3548, #2457, #189 ) ) ;
#5996 = CARTESIAN_POINT ( 'NONE',  ( 0.8515000000000000346, -0.1397000000000000186, -3.797299999999999898 ) ) ;
#5997 = DIRECTION ( 'NONE',  ( -1.000000000000000000, 0.000000000000000000, 0.000000000000000000 ) ) ;
#5998 = DIRECTION ( 'NONE',  ( 0.000000000000000000, 0.000000000000000000, -1.000000000000000000 ) ) ;
#5999 = CARTESIAN_POINT ( 'NONE',  ( 0.3203999999999999626, -1.737799999999999789, -0.02540000000000000244 ) ) ;
#6000 = VERTEX_POINT ( 'NONE', #3487 ) ;
#6001 = CARTESIAN_POINT ( 'NONE',  ( 1.168400000000000105, -0.3556000000000000272, -3.784599999999999742 ) ) ;
#6002 = DIRECTION ( 'NONE',  ( 0.000000000000000000, 0.000000000000000000, -1.000000000000000000 ) ) ;
#6003 = ORIENTED_EDGE ( 'NONE', *, *, #1591, .T. ) ;
#6004 = DIRECTION ( 'NONE',  ( 0.000000000000000000, -0.5714285714285813889, 0.8206518066482828555 ) ) ;
#6005 = EDGE_CURVE ( 'NONE', #350, #6329, #35, .T. ) ;
#6006 = AXIS2_PLACEMENT_3D ( 'NONE', #4490, #4562, #6100 ) ;
#6007 = DIRECTION ( 'NONE',  ( 0.000000000000000000, -1.000000000000000000, 0.000000000000000000 ) ) ;
#6008 = ORIENTED_EDGE ( 'NONE', *, *, #1581, .T. ) ;
#6009 = DIRECTION ( 'NONE',  ( 0.000000000000000000, 0.000000000000000000, 1.000000000000000000 ) ) ;
#6010 = EDGE_LOOP ( 'NONE', ( #1143, #1621, #3132, #6864 ) ) ;
#6011 = CARTESIAN_POINT ( 'NONE',  ( 1.168004769845369939, -0.3022711090285489788, -0.003628571428571434991 ) ) ;
#6012 = DIRECTION ( 'NONE',  ( 0.000000000000000000, 0.000000000000000000, 1.000000000000000000 ) ) ;
#6013 = ORIENTED_EDGE ( 'NONE', *, *, #1478, .T. ) ;
#6014 = CARTESIAN_POINT ( 'NONE',  ( -1.003299999999999859, -1.356399878000000170, -3.797299999999999898 ) ) ;
#6015 = AXIS2_PLACEMENT_3D ( 'NONE', #4885, #5998, #7077 ) ;
#6016 = EDGE_CURVE ( 'NONE', #4385, #6465, #2847, .T. ) ;
#6017 = DIRECTION ( 'NONE',  ( 1.000000000000000000, 0.000000000000000000, 0.000000000000000000 ) ) ;
#6018 = EDGE_LOOP ( 'NONE', ( #4732, #4125, #2974, #3373 ) ) ;
#6019 = AXIS2_PLACEMENT_3D ( 'NONE', #1771, #4572, #6654 ) ;
#6020 = ORIENTED_EDGE ( 'NONE', *, *, #201, .F. ) ;
#6021 = EDGE_LOOP ( 'NONE', ( #2161, #2130, #1248, #4947 ) ) ;
#6022 = CARTESIAN_POINT ( 'NONE',  ( 1.155699999999999950, -0.9095999999999999641, -0.9317999999999999616 ) ) ;
#6023 = DIRECTION ( 'NONE',  ( -0.000000000000000000, 0.000000000000000000, 1.000000000000000000 ) ) ;
#6024 = VECTOR ( 'NONE', #3756, 1000.000000000000000 ) ;
#6025 = ADVANCED_FACE ( 'NONE', ( #5032 ), #1160, .T. ) ;
#6026 = CARTESIAN_POINT ( 'NONE',  ( 0.3203999999999999626, -1.453000000000000069, -3.801999999999999602 ) ) ;
#6027 = ADVANCED_FACE ( 'NONE', ( #5569 ), #4506, .T. ) ;
#6028 = ORIENTED_EDGE ( 'NONE', *, *, #138, .T. ) ;
#6029 = CARTESIAN_POINT ( 'NONE',  ( -1.003299999999999859, -1.635799878000000041, -2.032879073410320197E-17 ) ) ;
#6030 = AXIS2_PLACEMENT_3D ( 'NONE', #2652, #449, #4909 ) ;
#6031 = DIRECTION ( 'NONE',  ( -1.000000000000000000, 0.000000000000000000, 0.000000000000000000 ) ) ;
#6032 = DIRECTION ( 'NONE',  ( -1.000000000000000000, -1.778546870875169980E-17, 0.000000000000000000 ) ) ;
#6033 = LINE ( 'NONE', #7121, #5891 ) ;
#6034 = AXIS2_PLACEMENT_3D ( 'NONE', #5367, #4761, #6487 ) ;
#6035 = CARTESIAN_POINT ( 'NONE',  ( 0.3203999999999999626, -1.453000000000000069, -3.797299999999999898 ) ) ;
#6036 = ADVANCED_FACE ( 'NONE', ( #5668 ), #1662, .T. ) ;
#6037 = CARTESIAN_POINT ( 'NONE',  ( 1.003299999999999859, -1.455699999999999772, 0.000000000000000000 ) ) ;
#6038 = DIRECTION ( 'NONE',  ( -1.940232950045639978E-16, 1.000000000000000000, 0.000000000000000000 ) ) ;
#6039 = ORIENTED_EDGE ( 'NONE', *, *, #2372, .F. ) ;
#6040 = CARTESIAN_POINT ( 'NONE',  ( 1.003299999999999859, -1.290599999999999969, -0.4872999999999999554 ) ) ;
#6041 = CIRCLE ( 'NONE', #5355, 0.01269999999999998387 ) ;
#6042 = FACE_OUTER_BOUND ( 'NONE', #7024, .T. ) ;
#6043 = CIRCLE ( 'NONE', #6168, 0.01270000000000000122 ) ;
#6044 = VERTEX_POINT ( 'NONE', #4062 ) ;
#6045 = EDGE_CURVE ( 'NONE', #4844, #3256, #6148, .T. ) ;
#6046 = AXIS2_PLACEMENT_3D ( 'NONE', #1087, #6070, #3916 ) ;
#6047 = EDGE_LOOP ( 'NONE', ( #3688, #3855, #6753, #5578 ) ) ;
#6048 = DIRECTION ( 'NONE',  ( 0.000000000000000000, 0.000000000000000000, -1.000000000000000000 ) ) ;
#6049 = LINE ( 'NONE', #5577, #1144 ) ;
#6050 = ORIENTED_EDGE ( 'NONE', *, *, #3539, .T. ) ;
#6051 = FACE_OUTER_BOUND ( 'NONE', #482, .T. ) ;
#6052 = FACE_OUTER_BOUND ( 'NONE', #6840, .T. ) ;
#6053 = AXIS2_PLACEMENT_3D ( 'NONE', #4592, #6271, #1239 ) ;
#6054 = DIRECTION ( 'NONE',  ( 0.000000000000000000, -1.000000000000000000, 0.000000000000000000 ) ) ;
#6055 = DIRECTION ( 'NONE',  ( -1.000000000000000000, 0.000000000000000000, 8.953414682134259802E-32 ) ) ;
#6056 = CARTESIAN_POINT ( 'NONE',  ( -1.003299999999999859, -0.06600000000000000311, -3.801999999999999602 ) ) ;
#6057 = EDGE_CURVE ( 'NONE', #6991, #5715, #5104, .T. ) ;
#6058 = CARTESIAN_POINT ( 'NONE',  ( 0.6534788156966759853, 0.1523999999999999799, -3.798442368606644859 ) ) ;
#6059 = AXIS2_PLACEMENT_3D ( 'NONE', #5023, #3945, #6177 ) ;
#6060 = VERTEX_POINT ( 'NONE', #724 ) ;
#6061 = ORIENTED_EDGE ( 'NONE', *, *, #3238, .F. ) ;
#6062 = FACE_OUTER_BOUND ( 'NONE', #4689, .T. ) ;
#6063 = FACE_OUTER_BOUND ( 'NONE', #5747, .T. ) ;
#6064 = CIRCLE ( 'NONE', #6423, 0.07620000000000022589 ) ;
#6065 = DIRECTION ( 'NONE',  ( 1.000000000000000000, 0.000000000000000000, 0.000000000000000000 ) ) ;
#6066 = EDGE_CURVE ( 'NONE', #938, #3549, #6324, .T. ) ;
#6067 = EDGE_LOOP ( 'NONE', ( #2664, #6364, #4838, #786 ) ) ;
#6068 = AXIS2_PLACEMENT_3D ( 'NONE', #4375, #2792, #483 ) ;
#6069 = VERTEX_POINT ( 'NONE', #4471 ) ;
#6070 = DIRECTION ( 'NONE',  ( -1.778546870875169980E-17, 1.000000000000000000, 0.000000000000000000 ) ) ;
#6071 = DIRECTION ( 'NONE',  ( 0.000000000000000000, -0.000000000000000000, 1.000000000000000000 ) ) ;
#6072 = ITEM_DEFINED_TRANSFORMATION ( 'NONE', 'NONE', #1106,  #1337 ) ;
#6073 = CARTESIAN_POINT ( 'NONE',  ( 1.435099999999999820, -1.290599999999999969, -0.5000000000000000000 ) ) ;
#6074 = DIRECTION ( 'NONE',  ( 0.000000000000000000, -1.000000000000000000, 0.000000000000000000 ) ) ;
#6075 = VERTEX_POINT ( 'NONE', #4541 ) ;
#6076 = DIRECTION ( 'NONE',  ( 0.000000000000000000, 0.000000000000000000, 1.000000000000000000 ) ) ;
#6077 = CARTESIAN_POINT ( 'NONE',  ( 1.003299999999999859, -1.443000000000000060, -3.797299999999999898 ) ) ;
#6078 = VERTEX_POINT ( 'NONE', #6659 ) ;
#6079 = AXIS2_PLACEMENT_3D ( 'NONE', #1458, #2527, #3125 ) ;
#6080 = CARTESIAN_POINT ( 'NONE',  ( -1.003299999999999859, -0.2183999999999999830, -3.797299999999999898 ) ) ;
#6081 = EDGE_CURVE ( 'NONE', #3310, #5048, #4970, .T. ) ;
#6082 = DIRECTION ( 'NONE',  ( 0.000000000000000000, 0.000000000000000000, -1.000000000000000000 ) ) ;
#6083 = AXIS2_PLACEMENT_3D ( 'NONE', #3822, #3929, #2641 ) ;
#6084 = ORIENTED_EDGE ( 'NONE', *, *, #1661, .F. ) ;
#6085 = ORIENTED_EDGE ( 'NONE', *, *, #2372, .T. ) ;
#6086 = CARTESIAN_POINT ( 'NONE',  ( -1.460499999999999909, -0.8229998780000009617, -0.9317999999999999616 ) ) ;
#6087 = CARTESIAN_POINT ( 'NONE',  ( 1.434862666486777849, -1.298453479484889872, -0.0005102075384325922836 ) ) ;
#6088 = EDGE_LOOP ( 'NONE', ( #3555, #274, #1875, #3993 ) ) ;
#6089 = CARTESIAN_POINT ( 'NONE',  ( 1.155877636174924339, -0.3088009627924849232, -3.800533590665384764 ) ) ;
#6090 = DIRECTION ( 'NONE',  ( 0.000000000000000000, 0.000000000000000000, 1.000000000000000000 ) ) ;
#6091 = PRODUCT_DEFINITION_SHAPE ( 'NONE', 'NONE',  #7198 ) ;
#6092 = CARTESIAN_POINT ( 'NONE',  ( -1.435099999999999820, -0.08639987799999999940, 0.000000000000000000 ) ) ;
#6093 = CARTESIAN_POINT ( 'NONE',  ( 0.3203999999999999626, -1.455699999999999772, -0.01000000000000000021 ) ) ;
#6094 = LINE ( 'NONE', #3294, #1146 ) ;
#6095 = DIRECTION ( 'NONE',  ( 0.000000000000000000, 1.000000000000000000, 5.335640612625514622E-16 ) ) ;
#6096 = FACE_OUTER_BOUND ( 'NONE', #5545, .T. ) ;
#6097 = ORIENTED_EDGE ( 'NONE', *, *, #2385, .T. ) ;
#6098 = EDGE_LOOP ( 'NONE', ( #4194, #1104, #1274, #3766 ) ) ;
#6099 = EDGE_CURVE ( 'NONE', #4280, #2953, #3563, .T. ) ;
#6100 = DIRECTION ( 'NONE',  ( 1.000000000000000000, 0.000000000000000000, 0.000000000000000000 ) ) ;
#6101 = VECTOR ( 'NONE', #2562, 1000.000000000000000 ) ;
#6102 = CARTESIAN_POINT ( 'NONE',  ( -1.460499999999999909, -0.6451998780000010036, -0.6777999999999999581 ) ) ;
#6103 = CARTESIAN_POINT ( 'NONE',  ( -0.3203999999999999626, -1.635799878000000041, -1.109600000000000142 ) ) ;
#6104 = VERTEX_POINT ( 'NONE', #6110 ) ;
#6105 = CARTESIAN_POINT ( 'NONE',  ( 0.3103999999999999537, -1.455699999999999772, -1.119600000000000151 ) ) ;
#6106 = DIRECTION ( 'NONE',  ( 1.000000000000000000, -2.561107494060195427E-14, -1.707404996040130285E-14 ) ) ;
#6107 = ADVANCED_FACE ( 'NONE', ( #2346 ), #1128, .T. ) ;
#6108 = DIRECTION ( 'NONE',  ( 0.000000000000000000, 0.000000000000000000, -1.000000000000000000 ) ) ;
#6109 = CARTESIAN_POINT ( 'NONE',  ( -0.7620000000000000107, 0.08640000000000000457, -3.810000000000000053 ) ) ;
#6110 = CARTESIAN_POINT ( 'NONE',  ( -0.2643187023273230185, -0.1523999999999999799, -0.1117599999999999982 ) ) ;
#6111 = ORIENTED_EDGE ( 'NONE', *, *, #316, .F. ) ;
#6112 = CARTESIAN_POINT ( 'NONE',  ( -1.460499999999999909, -1.203999878000000079, -0.02540000000000000244 ) ) ;
#6113 = AXIS2_PLACEMENT_3D ( 'NONE', #4584, #2312, #729 ) ;
#6114 = EDGE_CURVE ( 'NONE', #2915, #3109, #4250, .T. ) ;
#6115 = DIRECTION ( 'NONE',  ( 0.000000000000000000, 1.000000000000000000, 0.000000000000000000 ) ) ;
#6116 = ORIENTED_EDGE ( 'NONE', *, *, #3783, .F. ) ;
#6117 = DIRECTION ( 'NONE',  ( 1.943148431314634645E-15, -1.000000000000000000, -7.215898186761968926E-46 ) ) ;
#6118 = ADVANCED_FACE ( 'NONE', ( #1849 ), #763, .T. ) ;
#6119 = EDGE_CURVE ( 'NONE', #6206, #4149, #376, .T. ) ;
#6120 = CARTESIAN_POINT ( 'NONE',  ( 0.7620000000000000107, -0.1397000000000000186, -0.01270000000000000122 ) ) ;
#6121 = EDGE_LOOP ( 'NONE', ( #3586, #4081, #6884, #2494 ) ) ;
#6122 = DIRECTION ( 'NONE',  ( -1.000000000000000000, 0.000000000000000000, 0.000000000000000000 ) ) ;
#6123 = FACE_OUTER_BOUND ( 'NONE', #4368, .T. ) ;
#6124 = AXIS2_PLACEMENT_3D ( 'NONE', #231, #160, #2505 ) ;
#6125 = CARTESIAN_POINT ( 'NONE',  ( -0.3775981461818899709, 0.1270000000000000018, -0.02540000000000000244 ) ) ;
#6126 = CARTESIAN_POINT ( 'NONE',  ( -1.003299999999999859, -1.661199878000000130, -3.801999999999999602 ) ) ;
#6127 = DIRECTION ( 'NONE',  ( -1.000000000000000000, 0.000000000000000000, -3.209120356758819448E-48 ) ) ;
#6128 = EDGE_CURVE ( 'NONE', #2453, #6573, #6895, .T. ) ;
#6129 = CARTESIAN_POINT ( 'NONE',  ( 0.3203999999999999626, -1.455699999999999772, -0.01270000000000000122 ) ) ;
#6131 = EDGE_LOOP ( 'NONE', ( #40, #5150, #5343, #6574 ) ) ;
#6130 = AXIS2_PLACEMENT_3D ( 'NONE', #613, #5633, #2303 ) ;
#6132 = VERTEX_POINT ( 'NONE', #6834 ) ;
#6133 = CARTESIAN_POINT ( 'NONE',  ( 1.409462824231156159E-15, -0.1397000000000000186, -0.07619999999999998996 ) ) ;
#6134 = VECTOR ( 'NONE', #2776, 1000.000000000000000 ) ;
#6135 = CARTESIAN_POINT ( 'NONE',  ( 1.459994215790140215, -0.2833003892168129978, -0.02177142857146429841 ) ) ;
#6136 = DIRECTION ( 'NONE',  ( 0.000000000000000000, 1.000000000000000000, 0.000000000000000000 ) ) ;
#6137 = AXIS2_PLACEMENT_3D ( 'NONE', #7033, #1622, #4418 ) ;
#6138 = EDGE_LOOP ( 'NONE', ( #1805, #815, #2291, #2423 ) ) ;
#6139 = ADVANCED_FACE ( 'NONE', ( #1916 ), #6875, .F. ) ;
#6140 = ORIENTED_EDGE ( 'NONE', *, *, #6850, .F. ) ;
#6141 = DIRECTION ( 'NONE',  ( -1.280553747030122326E-14, -1.000000000000000000, 0.000000000000000000 ) ) ;
#6142 = DIRECTION ( 'NONE',  ( 0.000000000000000000, 0.000000000000000000, -1.000000000000000000 ) ) ;
#6143 = DIRECTION ( 'NONE',  ( 0.000000000000000000, 0.000000000000000000, 1.000000000000000000 ) ) ;
#6144 = AXIS2_PLACEMENT_3D ( 'NONE', #6120, #1034, #7172 ) ;
#6145 = EDGE_CURVE ( 'NONE', #5741, #454, #5745, .T. ) ;
#6146 = AXIS2_PLACEMENT_3D ( 'NONE', #3582, #3542, #1786 ) ;
#6147 = DIRECTION ( 'NONE',  ( 0.000000000000000000, 1.000000000000000000, 0.000000000000000000 ) ) ;
#6148 = LINE ( 'NONE', #3424, #3790 ) ;
#6149 = ORIENTED_EDGE ( 'NONE', *, *, #6316, .T. ) ;
#6150 = AXIS2_PLACEMENT_3D ( 'NONE', #4227, #6918, #6948 ) ;
#6151 = DIRECTION ( 'NONE',  ( 0.000000000000000000, 1.000000000000000000, 0.000000000000000000 ) ) ;
#6152 = ORIENTED_EDGE ( 'NONE', *, *, #1548, .F. ) ;
#6153 = EDGE_CURVE ( 'NONE', #3629, #2441, #4482, .T. ) ;
#6154 = CARTESIAN_POINT ( 'NONE',  ( -1.003299999999999859, -1.635799878000000041, -1.135000000000000009 ) ) ;
#6155 = CIRCLE ( 'NONE', #1855, 0.01270000000000000122 ) ;
#6156 = CARTESIAN_POINT ( 'NONE',  ( 1.104899999999999993, -1.239799999999999791, -3.784599999999999742 ) ) ;
#6157 = ORIENTED_EDGE ( 'NONE', *, *, #3208, .T. ) ;
#6158 = CARTESIAN_POINT ( 'NONE',  ( 1.434622314912914032, -0.2933829605333069801, -3.810000000000000053 ) ) ;
#6159 = CARTESIAN_POINT ( 'NONE',  ( 1.435099890595630034, -1.283494025530469873, -0.01196142362250313985 ) ) ;
#6160 = LINE ( 'NONE', #3336, #5346 ) ;
#6161 = ADVANCED_FACE ( 'NONE', ( #5207 ), #2609, .T. ) ;
#6162 = AXIS2_PLACEMENT_3D ( 'NONE', #4282, #906, #5353 ) ;
#6163 = FACE_OUTER_BOUND ( 'NONE', #2121, .T. ) ;
#6164 = VECTOR ( 'NONE', #3597, 1000.000000000000000 ) ;
#6165 = FACE_OUTER_BOUND ( 'NONE', #4317, .T. ) ;
#6166 = ORIENTED_EDGE ( 'NONE', *, *, #2385, .F. ) ;
#6167 = ORIENTED_EDGE ( 'NONE', *, *, #4841, .F. ) ;
#6168 = AXIS2_PLACEMENT_3D ( 'NONE', #7117, #2151, #6472 ) ;
#6169 = CARTESIAN_POINT ( 'NONE',  ( 1.003299999999999859, -1.722399999999999931, -1.109600000000000142 ) ) ;
#6170 = VECTOR ( 'NONE', #6468, 1000.000000000000000 ) ;
#6171 = DIRECTION ( 'NONE',  ( -1.000000000000000000, -1.778546870875169980E-17, 0.000000000000000000 ) ) ;
#6172 = DIRECTION ( 'NONE',  ( 1.000000000000000000, 0.000000000000000000, 0.000000000000000000 ) ) ;
#6173 = ADVANCED_FACE ( 'NONE', ( #1417 ), #7081, .T. ) ;
#6174 = CARTESIAN_POINT ( 'NONE',  ( -1.460499999999999909, -0.9095999999999999641, -0.5000000000000000000 ) ) ;
#6175 = DIRECTION ( 'NONE',  ( -1.000000000000000000, 0.000000000000000000, 0.000000000000000000 ) ) ;
#6176 = ORIENTED_EDGE ( 'NONE', *, *, #4205, .T. ) ;
#6177 = DIRECTION ( 'NONE',  ( 0.000000000000000000, 0.000000000000000000, -1.000000000000000000 ) ) ;
#6178 = ORIENTED_EDGE ( 'NONE', *, *, #4550, .T. ) ;
#6179 = DIRECTION ( 'NONE',  ( 1.000000000000000000, 0.000000000000000000, 0.000000000000000000 ) ) ;
#6180 = DIRECTION ( 'NONE',  ( -1.000000000000000000, 0.000000000000000000, 0.000000000000000000 ) ) ;
#6181 = CARTESIAN_POINT ( 'NONE',  ( 1.168400000000248129, -1.283342857144136095, -0.01173366766588714027 ) ) ;
#6182 = CIRCLE ( 'NONE', #600, 0.01269999999999998387 ) ;
#6183 = DIRECTION ( 'NONE',  ( -1.000000000000000000, 0.000000000000000000, 0.000000000000000000 ) ) ;
#6184 = PRODUCT_DEFINITION_CONTEXT ( 'detailed design', #1709, 'design' ) ;
#6185 = VECTOR ( 'NONE', #3763, 1000.000000000000000 ) ;
#6186 = DIRECTION ( 'NONE',  ( 1.000000000000000000, 0.000000000000000000, 0.000000000000000000 ) ) ;
#6187 = CARTESIAN_POINT ( 'NONE',  ( -1.003299999999999859, -0.2183999999999999830, -0.01270000000000000122 ) ) ;
#6188 = ORIENTED_EDGE ( 'NONE', *, *, #939, .T. ) ;
#6189 = SHAPE_REPRESENTATION_RELATIONSHIP ( 'NONE' , 'NONE' ,  #2327, #551 ) ;
#6190 = AXIS2_PLACEMENT_3D ( 'NONE', #4443, #5517, #6598 ) ;
#6191 = EDGE_CURVE ( 'NONE', #6044, #3828, #5819, .T. ) ;
#6192 = CARTESIAN_POINT ( 'NONE',  ( 1.155699999999999950, -1.239799999999999791, -3.860800000000000232 ) ) ;
#6193 = VERTEX_POINT ( 'NONE', #3705 ) ;
#6194 = VECTOR ( 'NONE', #6447, 1000.000000000000000 ) ;
#6195 = DIRECTION ( 'NONE',  ( 0.000000000000000000, 1.000000000000000000, 0.000000000000000000 ) ) ;
#6196 = EDGE_LOOP ( 'NONE', ( #4349, #675, #4606, #4953 ) ) ;
#6197 = CARTESIAN_POINT ( 'NONE',  ( 0.2517320974545935175, -0.1523999999999999799, -0.1100666666666666044 ) ) ;
#6198 = DIRECTION ( 'NONE',  ( 1.000000000000000000, 0.000000000000000000, 0.000000000000000000 ) ) ;
#6199 = CARTESIAN_POINT ( 'NONE',  ( 1.434622314912910035, -1.293128890971450007, -0.003628571428571935025 ) ) ;
#6200 = EDGE_CURVE ( 'NONE', #2335, #3046, #2353, .T. ) ;
#6201 = EDGE_CURVE ( 'NONE', #4234, #6206, #3084, .T. ) ;
#6202 = CARTESIAN_POINT ( 'NONE',  ( 0.000000000000000000, -0.08639987799999999940, -3.810000000000000053 ) ) ;
#6203 = CARTESIAN_POINT ( 'NONE',  ( 1.460267414073029846, -1.305405211246515762, -0.01225353285089321974 ) ) ;
#6204 = CARTESIAN_POINT ( 'NONE',  ( 0.3103999999999999537, -1.737800000000000011, -0.4746000000000000218 ) ) ;
#6205 = EDGE_LOOP ( 'NONE', ( #4901, #2525, #5265, #4523 ) ) ;
#6206 = VERTEX_POINT ( 'NONE', #4688 ) ;
#6207 = CARTESIAN_POINT ( 'NONE',  ( 1.168400000000000105, -1.747799999999999798, -0.5000000000000000000 ) ) ;
#6208 = LINE ( 'NONE', #1055, #4536 ) ;
#6209 = CARTESIAN_POINT ( 'NONE',  ( 0.5080000000000000071, -0.1397000000000000186, -3.581400000000000361 ) ) ;
#6210 = EDGE_CURVE ( 'NONE', #5422, #4738, #800, .T. ) ;
#6211 = DIRECTION ( 'NONE',  ( 0.000000000000000000, 0.000000000000000000, -1.000000000000000000 ) ) ;
#6212 = CARTESIAN_POINT ( 'NONE',  ( 0.3103999999999999537, -1.747799999999999798, -1.119600000000000151 ) ) ;
#6213 = VERTEX_POINT ( 'NONE', #3044 ) ;
#6214 = ORIENTED_EDGE ( 'NONE', *, *, #570, .F. ) ;
#6215 = EDGE_CURVE ( 'NONE', #1508, #5422, #4219, .T. ) ;
#6216 = CARTESIAN_POINT ( 'NONE',  ( -0.3203999999999999626, -1.356399878000000170, -1.122300000000000075 ) ) ;
#6217 = TOROIDAL_SURFACE ( 'NONE', #3224, 0.1650999999999999968, 0.01270000000000076103 ) ;
#6218 = DIRECTION ( 'NONE',  ( 0.000000000000000000, -3.414809992080377321E-14, 1.000000000000000000 ) ) ;
#6219 = DIRECTION ( 'NONE',  ( 0.000000000000000000, 0.000000000000000000, -1.000000000000000000 ) ) ;
#6220 = DIRECTION ( 'NONE',  ( -2.165878720153007677E-32, 3.643403308714974965E-16, 1.000000000000000000 ) ) ;
#6221 = EDGE_LOOP ( 'NONE', ( #4019, #1298, #3915, #6483 ) ) ;
#6222 = DIRECTION ( 'NONE',  ( 1.362867915221821619E-35, -1.000000000000000000, 5.692817669867100312E-17 ) ) ;
#6223 = ORIENTED_EDGE ( 'NONE', *, *, #4669, .F. ) ;
#6224 = APPLICATION_CONTEXT ( 'automotive_design' ) ;
#6225 = CARTESIAN_POINT ( 'NONE',  ( 1.003299999999999859, -0.1523999999999999799, -0.01270000000000000122 ) ) ;
#6226 = TOROIDAL_SURFACE ( 'NONE', #4166, 0.1397000000000000186, 0.01269999999999870018 ) ;
#6227 = ORIENTED_EDGE ( 'NONE', *, *, #2114, .T. ) ;
#6228 = EDGE_CURVE ( 'NONE', #4416, #4844, #5015, .T. ) ;
#6229 = CARTESIAN_POINT ( 'NONE',  ( 1.155699999999999950, -0.3556000000000000272, -0.03809999999999999498 ) ) ;
#6230 = LINE ( 'NONE', #2944, #1381 ) ;
#6231 = ORIENTED_EDGE ( 'NONE', *, *, #621, .F. ) ;
#6232 = FACE_OUTER_BOUND ( 'NONE', #3840, .T. ) ;
#6233 = CARTESIAN_POINT ( 'NONE',  ( 0.8515000000000000346, -0.1397000000000000186, -0.01270000000000000122 ) ) ;
#6234 = DIRECTION ( 'NONE',  ( 0.000000000000000000, 0.000000000000000000, 1.000000000000000000 ) ) ;
#6235 = CARTESIAN_POINT ( 'NONE',  ( -0.3203999999999999626, -1.369099878000000103, -0.01270000000000000122 ) ) ;
#6236 = CARTESIAN_POINT ( 'NONE',  ( 1.449835914297854078, -0.3016755653010430027, -3.806418669269155064 ) ) ;
#6237 = ORIENTED_EDGE ( 'NONE', *, *, #2363, .F. ) ;
#6238 = EDGE_CURVE ( 'NONE', #4234, #3242, #1056, .T. ) ;
#6239 = ORIENTED_EDGE ( 'NONE', *, *, #6005, .F. ) ;
#6240 = CARTESIAN_POINT ( 'NONE',  ( 1.434937250141123055, -0.3014202760048893537, -3.807203375524515376 ) ) ;
#6241 = AXIS2_PLACEMENT_3D ( 'NONE', #6958, #3508, #5766 ) ;
#6242 = DIRECTION ( 'NONE',  ( 0.000000000000000000, 0.000000000000000000, -1.000000000000000000 ) ) ;
#6243 = FACE_OUTER_BOUND ( 'NONE', #7148, .T. ) ;
#6244 = AXIS2_PLACEMENT_3D ( 'NONE', #3498, #3611, #6775 ) ;
#6245 = DIRECTION ( 'NONE',  ( 0.000000000000000000, 0.000000000000000000, 1.000000000000000000 ) ) ;
#6246 = ORIENTED_EDGE ( 'NONE', *, *, #1325, .T. ) ;
#6247 = DIRECTION ( 'NONE',  ( 0.000000000000000000, 0.000000000000000000, -1.000000000000000000 ) ) ;
#6248 = EDGE_CURVE ( 'NONE', #2357, #1313, #4906, .T. ) ;
#6249 = VERTEX_POINT ( 'NONE', #871 ) ;
#6250 = DIRECTION ( 'NONE',  ( 1.707404996040095259E-14, -1.457361323486046153E-14, 1.000000000000000000 ) ) ;
#6251 =( GEOMETRIC_REPRESENTATION_CONTEXT ( 3 ) GLOBAL_UNCERTAINTY_ASSIGNED_CONTEXT ( ( #301 ) ) GLOBAL_UNIT_ASSIGNED_CONTEXT ( ( #346, #2625, #4420 ) ) REPRESENTATION_CONTEXT ( 'NONE', 'WORKASPACE' ) );
#6252 = DIRECTION ( 'NONE',  ( 1.000000000000000000, 0.000000000000000000, 0.000000000000000000 ) ) ;
#6253 = AXIS2_PLACEMENT_3D ( 'NONE', #4353, #2021, #3841 ) ;
#6254 = CARTESIAN_POINT ( 'NONE',  ( -0.2517320974545935175, -0.1523999999999999799, -0.1100666666666666044 ) ) ;
#6255 = EDGE_CURVE ( 'NONE', #1092, #2982, #1558, .T. ) ;
#6256 = ADVANCED_FACE ( 'NONE', ( #2186 ), #4318, .T. ) ;
#6257 = AXIS2_PLACEMENT_3D ( 'NONE', #2743, #7075, #4321 ) ;
#6258 = CARTESIAN_POINT ( 'NONE',  ( 1.435139177143728517, -1.296846238639058679, -3.810000000000002718 ) ) ;
#6259 = ORIENTED_EDGE ( 'NONE', *, *, #1227, .F. ) ;
#6260 = CARTESIAN_POINT ( 'NONE',  ( 1.435099999999999820, -1.239799999999999791, -3.860800000000000232 ) ) ;
#6261 = CIRCLE ( 'NONE', #3149, 0.01270000000000003765 ) ;
#6262 = ORIENTED_EDGE ( 'NONE', *, *, #2969, .T. ) ;
#6263 = DIRECTION ( 'NONE',  ( 0.000000000000000000, 0.000000000000000000, -1.000000000000000000 ) ) ;
#6264 = AXIS2_PLACEMENT_3D ( 'NONE', #5755, #772, #112 ) ;
#6265 = CARTESIAN_POINT ( 'NONE',  ( 1.155335172164955848, -1.301138805661561815, -0.01270000000000000122 ) ) ;
#6266 = CIRCLE ( 'NONE', #3155, 0.01270000000000000989 ) ;
#6267 = ORIENTED_EDGE ( 'NONE', *, *, #5163, .T. ) ;
#6268 = LINE ( 'NONE', #5112, #1309 ) ;
#6269 = DIRECTION ( 'NONE',  ( -1.000000000000000000, -2.316228024226575243E-47, 8.953414682134259802E-32 ) ) ;
#6270 = ORIENTED_EDGE ( 'NONE', *, *, #2081, .T. ) ;
#6271 = DIRECTION ( 'NONE',  ( 0.000000000000000000, 0.000000000000000000, 1.000000000000000000 ) ) ;
#6272 = ADVANCED_FACE ( 'NONE', ( #3194 ), #4358, .T. ) ;
#6273 = AXIS2_PLACEMENT_3D ( 'NONE', #6125, #6670, #5549 ) ;
#6274 = DIRECTION ( 'NONE',  ( 0.000000000000000000, 0.000000000000000000, 1.000000000000000000 ) ) ;
#6275 = CIRCLE ( 'NONE', #926, 0.02540000000000000244 ) ;
#6276 = DIRECTION ( 'NONE',  ( 0.000000000000000000, 0.000000000000000000, 1.000000000000000000 ) ) ;
#6277 = CARTESIAN_POINT ( 'NONE',  ( 0.3203999999999999626, -1.455699999999999772, -3.799999999999999822 ) ) ;
#6278 = DIRECTION ( 'NONE',  ( 0.000000000000000000, -1.000000000000000000, 0.000000000000000000 ) ) ;
#6279 = AXIS2_PLACEMENT_3D ( 'NONE', #6202, #6276, #665 ) ;
#6280 = CARTESIAN_POINT ( 'NONE',  ( 1.449513158968089854, -0.2929146877510109825, -3.810000000000000053 ) ) ;
#6281 = LINE ( 'NONE', #4756, #2929 ) ;
#6282 = ORIENTED_EDGE ( 'NONE', *, *, #6351, .F. ) ;
#6283 = EDGE_LOOP ( 'NONE', ( #2834, #6567, #7184, #3533 ) ) ;
#6284 = DIRECTION ( 'NONE',  ( -1.000000000000000000, -3.460956073054389902E-16, 0.000000000000000000 ) ) ;
#6285 = CARTESIAN_POINT ( 'NONE',  ( 1.449836946039571250, -0.3016727795354146036, -3.806421310029093785 ) ) ;
#6286 = TOROIDAL_SURFACE ( 'NONE', #343, 0.002699999999999999709, 0.01000000000000000021 ) ;
#6287 = LINE ( 'NONE', #270, #2919 ) ;
#6288 = EDGE_CURVE ( 'NONE', #2982, #3010, #2464, .T. ) ;
#6289 = VERTEX_POINT ( 'NONE', #5387 ) ;
#6290 = DIRECTION ( 'NONE',  ( -2.371395827833559973E-16, 0.000000000000000000, -1.000000000000000000 ) ) ;
#6291 = ORIENTED_EDGE ( 'NONE', *, *, #2401, .F. ) ;
#6292 = AXIS2_PLACEMENT_3D ( 'NONE', #980, #3311, #1517 ) ;
#6293 = ORIENTED_EDGE ( 'NONE', *, *, #193, .T. ) ;
#6294 = AXIS2_PLACEMENT_3D ( 'NONE', #6590, #2078, #5937 ) ;
#6295 = EDGE_LOOP ( 'NONE', ( #2242, #4263, #4063, #1407 ) ) ;
#6296 = CARTESIAN_POINT ( 'NONE',  ( 1.003299999999999859, -0.3047999999999999599, -0.01270000000000000122 ) ) ;
#6297 = CARTESIAN_POINT ( 'NONE',  ( -1.155699999999999950, -1.203999878000000079, -1.122300000000000075 ) ) ;
#6298 = ADVANCED_FACE ( 'NONE', ( #5428 ), #6521, .T. ) ;
#6299 = CARTESIAN_POINT ( 'NONE',  ( -0.8515000000000000346, 0.1270000000000000018, 0.000000000000000000 ) ) ;
#6300 = CIRCLE ( 'NONE', #832, 0.02539999999999996774 ) ;
#6301 = AXIS2_PLACEMENT_3D ( 'NONE', #4769, #891, #3693 ) ;
#6302 = EDGE_CURVE ( 'NONE', #5404, #911, #464, .T. ) ;
#6303 = ORIENTED_EDGE ( 'NONE', *, *, #6718, .T. ) ;
#6304 = AXIS2_PLACEMENT_3D ( 'NONE', #6871, #5169, #6219 ) ;
#6305 = CARTESIAN_POINT ( 'NONE',  ( 1.435275184952550243, -1.293146345373368034, -3.806376775596265194 ) ) ;
#6306 = ORIENTED_EDGE ( 'NONE', *, *, #4111, .T. ) ;
#6307 = DIRECTION ( 'NONE',  ( 1.000000000000000000, 0.000000000000000000, 0.000000000000000000 ) ) ;
#6308 = ORIENTED_EDGE ( 'NONE', *, *, #586, .T. ) ;
#6309 = AXIS2_PLACEMENT_3D ( 'NONE', #896, #6431, #6927 ) ;
#6310 = CARTESIAN_POINT ( 'NONE',  ( 1.003299999999999859, -1.747799999999999798, -3.810000000000000053 ) ) ;
#6311 = ORIENTED_EDGE ( 'NONE', *, *, #4448, .T. ) ;
#6312 = DIRECTION ( 'NONE',  ( 1.000000000000000000, 0.000000000000000000, 0.000000000000000000 ) ) ;
#6313 = VERTEX_POINT ( 'NONE', #5923 ) ;
#6314 = AXIS2_PLACEMENT_3D ( 'NONE', #5039, #5610, #1204 ) ;
#6315 = CARTESIAN_POINT ( 'NONE',  ( 0.3203999999999999626, -1.747799999999999798, -3.784599999999999742 ) ) ;
#6316 = EDGE_CURVE ( 'NONE', #5594, #275, #3420, .T. ) ;
#6317 = CARTESIAN_POINT ( 'NONE',  ( -0.8515000000000000346, 0.1523999999999999799, 0.000000000000000000 ) ) ;
#6318 = FACE_OUTER_BOUND ( 'NONE', #5763, .T. ) ;
#6319 = FACE_OUTER_BOUND ( 'NONE', #36, .T. ) ;
#6320 = AXIS2_PLACEMENT_3D ( 'NONE', #6382, #3092, #288 ) ;
#6321 = ORIENTED_EDGE ( 'NONE', *, *, #5847, .T. ) ;
#6322 = ORIENTED_EDGE ( 'NONE', *, *, #1376, .T. ) ;
#6323 = LINE ( 'NONE', #6207, #5246 ) ;
#6324 = CIRCLE ( 'NONE', #1892, 0.1269999999999999463 ) ;
#6325 = CARTESIAN_POINT ( 'NONE',  ( 1.168004769845369939, -0.2933829605333069801, -0.01270000000000000122 ) ) ;
#6326 = DIRECTION ( 'NONE',  ( -0.06915226812048429206, 0.9976061165679531717, 0.000000000000000000 ) ) ;
#6327 = EDGE_LOOP ( 'NONE', ( #2098, #5013, #5208, #6157 ) ) ;
#6328 = VERTEX_POINT ( 'NONE', #1594 ) ;
#6329 = VERTEX_POINT ( 'NONE', #6169 ) ;
#6330 = EDGE_CURVE ( 'NONE', #197, #1872, #6861, .T. ) ;
#6331 = DIRECTION ( 'NONE',  ( 2.276539994720218757E-15, -1.000000000000000000, 0.000000000000000000 ) ) ;
#6332 = FACE_OUTER_BOUND ( 'NONE', #3903, .T. ) ;
#6333 = ORIENTED_EDGE ( 'NONE', *, *, #3480, .F. ) ;
#6334 = CARTESIAN_POINT ( 'NONE',  ( 1.451216310924417829, -1.297449508084355330, -3.809950864660738734 ) ) ;
#6335 = ORIENTED_EDGE ( 'NONE', *, *, #4583, .T. ) ;
#6336 = CARTESIAN_POINT ( 'NONE',  ( -1.460499999999999909, -1.661199878000000130, -0.5000000000000000000 ) ) ;
#6337 = EDGE_CURVE ( 'NONE', #6078, #2441, #5692, .T. ) ;
#6338 = CIRCLE ( 'NONE', #3581, 0.4317999999999999616 ) ;
#6339 = LINE ( 'NONE', #3603, #5664 ) ;
#6340 = VERTEX_POINT ( 'NONE', #7074 ) ;
#6341 = APPLICATION_PROTOCOL_DEFINITION ( 'draft international standard', 'automotive_design', 1998, #2243 ) ;
#6342 = AXIS2_PLACEMENT_3D ( 'NONE', #6940, #3157, #841 ) ;
#6343 = PLANE ( 'NONE',  #2988 ) ;
#6344 = ORIENTED_EDGE ( 'NONE', *, *, #1965, .T. ) ;
#6345 = EDGE_CURVE ( 'NONE', #3657, #4339, #442, .T. ) ;
#6346 = CARTESIAN_POINT ( 'NONE',  ( -0.3103999999999999537, -1.651199878000000121, -1.135000000000000009 ) ) ;
#6347 = EDGE_CURVE ( 'NONE', #4181, #4261, #588, .T. ) ;
#6348 = ORIENTED_EDGE ( 'NONE', *, *, #2425, .F. ) ;
#6349 = DIRECTION ( 'NONE',  ( 0.000000000000000000, 0.000000000000000000, -1.000000000000000000 ) ) ;
#6350 = CARTESIAN_POINT ( 'NONE',  ( 1.460499999999999909, -1.298497374946689931, -0.03288177851254835138 ) ) ;
#6351 = EDGE_CURVE ( 'NONE', #4400, #4385, #3776, .T. ) ;
#6352 = CARTESIAN_POINT ( 'NONE',  ( 0.3203999999999999626, -1.747800000000000686, -0.4899999999999999911 ) ) ;
#6353 = CARTESIAN_POINT ( 'NONE',  ( -1.168400000000000105, -0.2387998780000010202, -0.5000000000000000000 ) ) ;
#6354 = EDGE_CURVE ( 'NONE', #2915, #898, #6043, .T. ) ;
#6355 = CYLINDRICAL_SURFACE ( 'NONE', #2118, 0.01270000000000000122 ) ;
#6356 = VERTEX_POINT ( 'NONE', #6029 ) ;
#6357 = ADVANCED_FACE ( 'NONE', ( #4390 ), #2703, .T. ) ;
#6358 = ORIENTED_EDGE ( 'NONE', *, *, #5249, .F. ) ;
#6359 = DIRECTION ( 'NONE',  ( 1.000000000000000000, 0.000000000000000000, 0.000000000000000000 ) ) ;
#6360 = AXIS2_PLACEMENT_3D ( 'NONE', #1808, #2418, #1273 ) ;
#6361 = LINE ( 'NONE', #3624, #2654 ) ;
#6362 = DIRECTION ( 'NONE',  ( 1.000000000000000000, 0.000000000000000000, 0.000000000000000000 ) ) ;
#6363 = CARTESIAN_POINT ( 'NONE',  ( -1.168400000000000105, -0.8229998780000009617, -0.9317999999999999616 ) ) ;
#6364 = ORIENTED_EDGE ( 'NONE', *, *, #4058, .F. ) ;
#6365 = ORIENTED_EDGE ( 'NONE', *, *, #6385, .F. ) ;
#6366 = EDGE_CURVE ( 'NONE', #4160, #3488, #3651, .T. ) ;
#6367 = LINE ( 'NONE', #1373, #4067 ) ;
#6368 = FACE_OUTER_BOUND ( 'NONE', #1722, .T. ) ;
#6369 = VECTOR ( 'NONE', #6748, 1000.000000000000000 ) ;
#6370 = EDGE_LOOP ( 'NONE', ( #5879, #1789, #5560, #1702 ) ) ;
#6371 = EDGE_CURVE ( 'NONE', #4079, #1323, #263, .T. ) ;
#6372 = ORIENTED_EDGE ( 'NONE', *, *, #2886, .F. ) ;
#6373 = EDGE_LOOP ( 'NONE', ( #4613, #342, #5082, #2643 ) ) ;
#6374 = DIRECTION ( 'NONE',  ( 0.000000000000000000, 0.000000000000000000, -1.000000000000000000 ) ) ;
#6375 = DIRECTION ( 'NONE',  ( 0.000000000000000000, 0.000000000000000000, 1.000000000000000000 ) ) ;
#6376 = ORIENTED_EDGE ( 'NONE', *, *, #2213, .F. ) ;
#6377 = PRODUCT_CONTEXT ( 'NONE', #2517, 'mechanical' ) ;
#6378 = MECHANICAL_DESIGN_GEOMETRIC_PRESENTATION_REPRESENTATION (  '', ( #2781 ), #6251 ) ;
#6379 = EDGE_CURVE ( 'NONE', #3005, #2593, #3151, .T. ) ;
#6380 = CYLINDRICAL_SURFACE ( 'NONE', #4157, 0.02540000000000007530 ) ;
#6381 = EDGE_LOOP ( 'NONE', ( #2415, #2588, #1095, #1589 ) ) ;
#6382 = CARTESIAN_POINT ( 'NONE',  ( -1.460499999999999909, 0.2388000000000000123, -3.801999999999999602 ) ) ;
#6383 = EDGE_LOOP ( 'NONE', ( #2880, #6401, #2613, #4717 ) ) ;
#6384 = DIRECTION ( 'NONE',  ( 0.06915226812048400062, 0.9976061165679532827, 0.000000000000000000 ) ) ;
#6385 = EDGE_CURVE ( 'NONE', #1872, #4167, #5083, .T. ) ;
#6386 = VECTOR ( 'NONE', #2293, 1000.000000000000000 ) ;
#6387 = FACE_OUTER_BOUND ( 'NONE', #4599, .T. ) ;
#6388 = EDGE_CURVE ( 'NONE', #2831, #5618, #1793, .T. ) ;
#6389 = CARTESIAN_POINT ( 'NONE',  ( -1.155699999999999950, -1.369099878000000103, -1.122300000000000075 ) ) ;
#6390 = DIRECTION ( 'NONE',  ( -1.000000000000000000, 0.000000000000000000, 0.000000000000000000 ) ) ;
#6391 = VERTEX_POINT ( 'NONE', #2993 ) ;
#6392 = CIRCLE ( 'NONE', #571, 0.1777999999999999858 ) ;
#6393 = ORIENTED_EDGE ( 'NONE', *, *, #831, .F. ) ;
#6394 = DIRECTION ( 'NONE',  ( 0.000000000000000000, 0.000000000000000000, -1.000000000000000000 ) ) ;
#6395 = DIRECTION ( 'NONE',  ( -1.000000000000000000, 1.707404996040163101E-14, 1.457361323485912362E-14 ) ) ;
#6396 = CARTESIAN_POINT ( 'NONE',  ( 1.003299999999999859, -0.1397000000000000186, -3.797299999999999898 ) ) ;
#6397 = AXIS2_PLACEMENT_3D ( 'NONE', #295, #3655, #6422 ) ;
#6398 = CARTESIAN_POINT ( 'NONE',  ( 1.155559336942256099, -1.297904954350932005, -3.793867442900019871 ) ) ;
#6399 = ORIENTED_EDGE ( 'NONE', *, *, #3087, .T. ) ;
#6400 = CYLINDRICAL_SURFACE ( 'NONE', #2952, 0.02539999999999999550 ) ;
#6401 = ORIENTED_EDGE ( 'NONE', *, *, #5413, .F. ) ;
#6402 = TOROIDAL_SURFACE ( 'NONE', #2343, 0.1650999999999999968, 0.01270000000000000122 ) ;
#6403 = DIRECTION ( 'NONE',  ( 0.000000000000000000, 0.000000000000000000, 1.000000000000000000 ) ) ;
#6404 = EDGE_CURVE ( 'NONE', #1456, #52, #2578, .T. ) ;
#6405 = FACE_OUTER_BOUND ( 'NONE', #1687, .T. ) ;
#6406 = AXIS2_PLACEMENT_3D ( 'NONE', #1053, #7154, #4425 ) ;
#6407 = AXIS2_PLACEMENT_3D ( 'NONE', #6615, #2663, #2107 ) ;
#6408 = EDGE_LOOP ( 'NONE', ( #1419, #743, #2141, #158 ) ) ;
#6409 = CARTESIAN_POINT ( 'NONE',  ( 1.460499999999999909, -0.9095999999999999641, -0.4746000000000000218 ) ) ;
#6410 = ORIENTED_EDGE ( 'NONE', *, *, #3074, .T. ) ;
#6411 = VECTOR ( 'NONE', #384, 1000.000000000000000 ) ;
#6412 = TOROIDAL_SURFACE ( 'NONE', #6747, 0.4317999999999999616, 0.02540000000000000244 ) ;
#6413 = CARTESIAN_POINT ( 'NONE',  ( -1.460499999999999909, -1.203999878000000079, -3.801999999999999602 ) ) ;
#6414 = ORIENTED_EDGE ( 'NONE', *, *, #5162, .F. ) ;
#6415 = CARTESIAN_POINT ( 'NONE',  ( 0.3203999999999999626, -1.455699999999999772, -0.01270000000000000122 ) ) ;
#6416 = DIRECTION ( 'NONE',  ( 0.000000000000000000, 0.000000000000000000, 1.000000000000000000 ) ) ;
#6417 = ORIENTED_EDGE ( 'NONE', *, *, #7063, .F. ) ;
#6418 = DIRECTION ( 'NONE',  ( 0.000000000000000000, 0.000000000000000000, -1.000000000000000000 ) ) ;
#6419 = ADVANCED_FACE ( 'NONE', ( #81 ), #5359, .T. ) ;
#6420 = CARTESIAN_POINT ( 'NONE',  ( -2.710505431213760315E-18, -0.1523999999999999799, -0.07619999999999998996 ) ) ;
#6421 = CARTESIAN_POINT ( 'NONE',  ( -0.6350000000000000089, 0.1269999999999998352, -3.809999999999996056 ) ) ;
#6422 = DIRECTION ( 'NONE',  ( 1.000000000000000000, 0.000000000000000000, 0.000000000000000000 ) ) ;
#6423 = AXIS2_PLACEMENT_3D ( 'NONE', #1150, #3412, #55 ) ;
#6424 = EDGE_CURVE ( 'NONE', #1891, #6790, #6323, .T. ) ;
#6425 = EDGE_LOOP ( 'NONE', ( #4768, #2576, #4598 ) ) ;
#6426 = VERTEX_POINT ( 'NONE', #4600 ) ;
#6427 = CARTESIAN_POINT ( 'NONE',  ( 1.003299999999999859, -1.290599999999999969, -3.810000000000000053 ) ) ;
#6428 = EDGE_CURVE ( 'NONE', #4131, #7002, #4106, .T. ) ;
#6429 = AXIS2_PLACEMENT_3D ( 'NONE', #2389, #41, #3493 ) ;
#6430 = CARTESIAN_POINT ( 'NONE',  ( -0.6476999999999999424, -0.1523999999999999799, -3.810000000000000053 ) ) ;
#6431 = DIRECTION ( 'NONE',  ( 1.000000000000000000, 0.000000000000000000, 0.000000000000000000 ) ) ;
#6432 = ORIENTED_EDGE ( 'NONE', *, *, #4493, .T. ) ;
#6433 = VECTOR ( 'NONE', #5934, 1000.000000000000000 ) ;
#6434 = ORIENTED_EDGE ( 'NONE', *, *, #5621, .F. ) ;
#6435 = DIRECTION ( 'NONE',  ( 1.000000000000000000, 0.000000000000000000, 0.000000000000000000 ) ) ;
#6436 = CARTESIAN_POINT ( 'NONE',  ( -0.06350000000000000089, -0.1523999999999999799, -3.568700000000000205 ) ) ;
#6437 = CIRCLE ( 'NONE', #4255, 0.06350000000000000089 ) ;
#6438 = VECTOR ( 'NONE', #4958, 1000.000000000000000 ) ;
#6439 = ORIENTED_EDGE ( 'NONE', *, *, #67, .F. ) ;
#6440 = EDGE_CURVE ( 'NONE', #5240, #6193, #824, .T. ) ;
#6441 = ORIENTED_EDGE ( 'NONE', *, *, #1879, .F. ) ;
#6442 = DIRECTION ( 'NONE',  ( 0.000000000000000000, 0.000000000000000000, 1.000000000000000000 ) ) ;
#6443 = CYLINDRICAL_SURFACE ( 'NONE', #6162, 0.02540000000000007530 ) ;
#6444 = DIRECTION ( 'NONE',  ( 0.000000000000000000, 0.000000000000000000, 1.000000000000000000 ) ) ;
#6445 = ORIENTED_EDGE ( 'NONE', *, *, #3410, .T. ) ;
#6446 = CARTESIAN_POINT ( 'NONE',  ( -0.06350000000000000089, 0.1523999999999999799, -3.556000000000000050 ) ) ;
#6447 = DIRECTION ( 'NONE',  ( -1.000000000000000000, 0.000000000000000000, 0.000000000000000000 ) ) ;
#6448 = VERTEX_POINT ( 'NONE', #1334 ) ;
#6449 = DIRECTION ( 'NONE',  ( -1.000000000000000000, 0.000000000000000000, 0.000000000000000000 ) ) ;
#6450 = EDGE_CURVE ( 'NONE', #113, #6921, #1813, .T. ) ;
#6451 = CYLINDRICAL_SURFACE ( 'NONE', #1049, 0.2540000000000000036 ) ;
#6452 = CARTESIAN_POINT ( 'NONE',  ( -1.460499999999999909, -0.6197998780000010255, -0.9317999999999999616 ) ) ;
#6453 = ORIENTED_EDGE ( 'NONE', *, *, #2272, .T. ) ;
#6454 = EDGE_CURVE ( 'NONE', #4416, #1670, #6854, .T. ) ;
#6455 = DIRECTION ( 'NONE',  ( 0.000000000000000000, 0.000000000000000000, 1.000000000000000000 ) ) ;
#6456 = ORIENTED_EDGE ( 'NONE', *, *, #6255, .F. ) ;
#6457 =( BOUNDED_SURFACE ( )  B_SPLINE_SURFACE ( 3, 2, ( 
 ( #3446, #637, #4950 ),
 ( #3912, #4985, #3345 ),
 ( #1660, #569, #388 ),
 ( #6135, #5085, #85 ) ),
 .UNSPECIFIED., .F., .F., .T. ) 
 B_SPLINE_SURFACE_WITH_KNOTS ( ( 4, 4 ),
 ( 3, 3 ),
 ( 0.000000000000000000, 2.547601935114325117E-05 ),
 ( 0.000000000000000000, 1.000000000000000000 ),
 .UNSPECIFIED. ) 
 GEOMETRIC_REPRESENTATION_ITEM ( )  RATIONAL_B_SPLINE_SURFACE ( (
 ( 1.000000000000000000, 0.7071067811865480168, 1.000000000000000000),
 ( 1.000000000000000000, 0.7040505288668209571, 1.000000000000000000),
 ( 1.000000000000000000, 0.6999304327129231007, 1.000000000000000000),
 ( 1.000000000000000000, 0.6953738890820109209, 1.000000000000000000) ) ) 
 REPRESENTATION_ITEM ( '' )  SURFACE ( )  );
#6458 = CARTESIAN_POINT ( 'NONE',  ( 1.434904831555130045, -1.295981372127345876, -0.001525890649865640049 ) ) ;
#6459 = ORIENTED_EDGE ( 'NONE', *, *, #6870, .F. ) ;
#6460 = DIRECTION ( 'NONE',  ( 0.000000000000000000, 0.000000000000000000, 1.000000000000000000 ) ) ;
#6461 = DIRECTION ( 'NONE',  ( -1.000000000000000000, 0.000000000000000000, 0.000000000000000000 ) ) ;
#6462 = LINE ( 'NONE', #6857, #6648 ) ;
#6463 = ADVANCED_FACE ( 'NONE', ( #5764 ), #3471, .T. ) ;
#6464 = ORIENTED_EDGE ( 'NONE', *, *, #3616, .F. ) ;
#6465 = VERTEX_POINT ( 'NONE', #1250 ) ;
#6466 = CARTESIAN_POINT ( 'NONE',  ( 1.434622314912914032, -1.293128890971450007, -3.806371428571429849 ) ) ;
#6467 = DIRECTION ( 'NONE',  ( -1.000000000000000000, 0.000000000000000000, 0.000000000000000000 ) ) ;
#6468 = DIRECTION ( 'NONE',  ( 1.000000000000000000, 0.000000000000000000, 0.000000000000000000 ) ) ;
#6469 = EDGE_CURVE ( 'NONE', #3629, #5404, #1406, .T. ) ;
#6470 = CARTESIAN_POINT ( 'NONE',  ( 0.8515000000000000346, 0.1523999999999999799, -3.810000000000000053 ) ) ;
#6471 = ORIENTED_EDGE ( 'NONE', *, *, #260, .T. ) ;
#6472 = DIRECTION ( 'NONE',  ( 0.000000000000000000, 0.000000000000000000, 1.000000000000000000 ) ) ;
#6473 = DIRECTION ( 'NONE',  ( 0.000000000000000000, 0.000000000000000000, 1.000000000000000000 ) ) ;
#6474 = CARTESIAN_POINT ( 'NONE',  ( 1.003299999999999859, -1.747799999999999798, -3.801999999999999602 ) ) ;
#6475 = AXIS2_PLACEMENT_3D ( 'NONE', #3334, #3290, #7141 ) ;
#6476 = CARTESIAN_POINT ( 'NONE',  ( -0.3203999999999999626, -1.369099878000000103, 0.000000000000000000 ) ) ;
#6477 = EDGE_CURVE ( 'NONE', #6597, #5737, #3156, .T. ) ;
#6478 = CARTESIAN_POINT ( 'NONE',  ( 1.003299999999999859, -1.747799999999999798, -0.02540000000000000244 ) ) ;
#6479 = TOROIDAL_SURFACE ( 'NONE', #3384, 0.1016000000000000097, 0.02540000000000000244 ) ;
#6480 = VERTEX_POINT ( 'NONE', #6745 ) ;
#6481 = DIRECTION ( 'NONE',  ( 0.000000000000000000, 0.000000000000000000, -1.000000000000000000 ) ) ;
#6482 = CARTESIAN_POINT ( 'NONE',  ( -0.7620000000000000107, -0.1397000000000000186, -3.810000000000000053 ) ) ;
#6483 = ORIENTED_EDGE ( 'NONE', *, *, #5986, .F. ) ;
#6484 = DIRECTION ( 'NONE',  ( -1.000000000000000000, 0.000000000000000000, 0.000000000000000000 ) ) ;
#6485 = AXIS2_PLACEMENT_3D ( 'NONE', #5740, #4779, #6868 ) ;
#6486 = EDGE_CURVE ( 'NONE', #2992, #2334, #1634, .T. ) ;
#6487 = DIRECTION ( 'NONE',  ( 1.000000000000000000, 0.000000000000000000, 0.000000000000000000 ) ) ;
#6488 = VECTOR ( 'NONE', #2513, 1000.000000000000000 ) ;
#6489 = DIRECTION ( 'NONE',  ( 1.000000000000000000, 0.000000000000000000, 0.000000000000000000 ) ) ;
#6490 = ORIENTED_EDGE ( 'NONE', *, *, #7166, .F. ) ;
#6491 = DIRECTION ( 'NONE',  ( 1.000000000000000000, 0.000000000000000000, 0.000000000000000000 ) ) ;
#6492 = VERTEX_POINT ( 'NONE', #3724 ) ;
#6493 = ORIENTED_EDGE ( 'NONE', *, *, #3846, .F. ) ;
#6494 = CARTESIAN_POINT ( 'NONE',  ( 1.168004769845369939, -0.2933829605333069801, 0.000000000000000000 ) ) ;
#6495 = TOROIDAL_SURFACE ( 'NONE', #3271, 0.2032000000000000195, 0.02540000000000000244 ) ;
#6496 = CARTESIAN_POINT ( 'NONE',  ( 1.435099999999999820, -1.290599999999999969, -3.772811818975499776 ) ) ;
#6497 = DIRECTION ( 'NONE',  ( 1.000000000000000000, 0.000000000000000000, 0.000000000000000000 ) ) ;
#6498 = DIRECTION ( 'NONE',  ( -1.000000000000000000, 0.000000000000000000, 0.000000000000000000 ) ) ;
#6499 = CIRCLE ( 'NONE', #2561, 0.4572000000000000508 ) ;
#6500 = ORIENTED_EDGE ( 'NONE', *, *, #4215, .F. ) ;
#6501 = EDGE_LOOP ( 'NONE', ( #3028, #6166, #7124, #5515 ) ) ;
#6502 = DIRECTION ( 'NONE',  ( 1.000000000000000000, 0.000000000000000000, 0.000000000000000000 ) ) ;
#6503 = DIRECTION ( 'NONE',  ( 0.000000000000000000, 0.000000000000000000, -1.000000000000000000 ) ) ;
#6504 = EDGE_CURVE ( 'NONE', #1920, #454, #1514, .T. ) ;
#6505 = FACE_OUTER_BOUND ( 'NONE', #2510, .T. ) ;
#6506 = CIRCLE ( 'NONE', #693, 0.4317999999999999616 ) ;
#6507 = DIRECTION ( 'NONE',  ( 8.537024980200832862E-15, -1.000000000000000000, 0.000000000000000000 ) ) ;
#6508 = ORIENTED_EDGE ( 'NONE', *, *, #6153, .F. ) ;
#6509 = AXIS2_PLACEMENT_3D ( 'NONE', #1229, #63, #2930 ) ;
#6510 = ORIENTED_EDGE ( 'NONE', *, *, #1630, .F. ) ;
#6511 = CARTESIAN_POINT ( 'NONE',  ( 1.168400000000000105, -1.283342857142856008, -3.798266332333400275 ) ) ;
#6512 = CARTESIAN_POINT ( 'NONE',  ( -1.003299999999999859, -1.369099878000000103, -0.5000000000000000000 ) ) ;
#6513 = DIRECTION ( 'NONE',  ( -3.688840091295984957E-16, -1.000000000000000000, -4.594568478217649750E-16 ) ) ;
#6514 = ITEM_DEFINED_TRANSFORMATION ( 'NONE', 'NONE', #515,  #1337 ) ;
#6515 = ADVANCED_FACE ( 'NONE', ( #407 ), #6957, .F. ) ;
#6516 = CARTESIAN_POINT ( 'NONE',  ( 1.435099999999999820, -1.283421474722717726, -3.797996689149109706 ) ) ;
#6517 = ADVANCED_FACE ( 'NONE', ( #299 ), #2050, .F. ) ;
#6518 = TOROIDAL_SURFACE ( 'NONE', #2820, 0.01540000000000000223, 0.01000000000000000021 ) ;
#6519 = DIRECTION ( 'NONE',  ( 0.000000000000000000, -1.000000000000000000, 0.000000000000000000 ) ) ;
#6520 = ORIENTED_EDGE ( 'NONE', *, *, #2485, .T. ) ;
#6521 = TOROIDAL_SURFACE ( 'NONE', #347, 0.1905000000000000027, 0.01270000000000000122 ) ;
#6522 = LINE ( 'NONE', #5396, #460 ) ;
#6523 = CARTESIAN_POINT ( 'NONE',  ( -1.435099999999999820, -0.8229998780000009617, -0.6777999999999999581 ) ) ;
#6524 = AXIS2_PLACEMENT_3D ( 'NONE', #4464, #4426, #2228 ) ;
#6525 = CARTESIAN_POINT ( 'NONE',  ( -0.6350000000000000089, 0.1270000000000000018, -3.556000000000000050 ) ) ;
#6526 = ORIENTED_EDGE ( 'NONE', *, *, #6404, .F. ) ;
#6527 = DIRECTION ( 'NONE',  ( 0.000000000000000000, 0.000000000000000000, 1.000000000000000000 ) ) ;
#6528 = CIRCLE ( 'NONE', #3990, 0.02540000000000001978 ) ;
#6529 = DIRECTION ( 'NONE',  ( 0.000000000000000000, 1.000000000000000000, 0.000000000000000000 ) ) ;
#6530 = DIRECTION ( 'NONE',  ( 1.000000000000000000, -9.279374978479150332E-18, 0.000000000000000000 ) ) ;
#6531 = VERTEX_POINT ( 'NONE', #6494 ) ;
#6532 = DIRECTION ( 'NONE',  ( 1.000000000000000000, 0.000000000000000000, 0.000000000000000000 ) ) ;
#6533 = VERTEX_POINT ( 'NONE', #5951 ) ;
#6534 = DIRECTION ( 'NONE',  ( -1.000000000000000000, 0.000000000000000000, 0.000000000000000000 ) ) ;
#6535 = ADVANCED_FACE ( 'NONE', ( #5841 ), #3215, .T. ) ;
#6536 = FACE_OUTER_BOUND ( 'NONE', #6591, .T. ) ;
#6537 = VERTEX_POINT ( 'NONE', #5266 ) ;
#6538 = AXIS2_PLACEMENT_3D ( 'NONE', #2574, #4860, #6491 ) ;
#6539 = CARTESIAN_POINT ( 'NONE',  ( 1.003299999999999859, 0.1270000000000000018, -3.810000000000000053 ) ) ;
#6540 = DIRECTION ( 'NONE',  ( 0.000000000000000000, 0.000000000000000000, -1.000000000000000000 ) ) ;
#6541 = CIRCLE ( 'NONE', #955, 0.07619999999999998996 ) ;
#6542 = ORIENTED_EDGE ( 'NONE', *, *, #6850, .T. ) ;
#6543 = EDGE_LOOP ( 'NONE', ( #4140, #4522, #3212, #6097 ) ) ;
#6544 = ORIENTED_EDGE ( 'NONE', *, *, #2114, .F. ) ;
#6545 = CARTESIAN_POINT ( 'NONE',  ( 1.155699999999999950, -0.3010412302041439725, -0.01932050375478205212 ) ) ;
#6546 = DIRECTION ( 'NONE',  ( 0.000000000000000000, 0.000000000000000000, 1.000000000000000000 ) ) ;
#6547 = SHAPE_REPRESENTATION ( 'WSK12161L000FEB', ( #4489, #398, #2284, #515 ), #2388 ) ;
#6548 = EDGE_CURVE ( 'NONE', #4903, #6646, #1175, .T. ) ;
#6549 = ORIENTED_EDGE ( 'NONE', *, *, #5177, .F. ) ;
#6550 = CARTESIAN_POINT ( 'NONE',  ( 1.168400000000235917, -1.286820450874707866, -3.800687817794054624 ) ) ;
#6551 = DIRECTION ( 'NONE',  ( 1.000000000000000000, 2.276539994720219940E-15, 3.775825826120524880E-30 ) ) ;
#6552 = DIRECTION ( 'NONE',  ( -1.000000000000000000, 0.000000000000000000, 0.000000000000000000 ) ) ;
#6553 = DIRECTION ( 'NONE',  ( 0.000000000000000000, 0.000000000000000000, -1.000000000000000000 ) ) ;
#6554 = DIRECTION ( 'NONE',  ( -1.000000000000000000, 0.000000000000000000, 0.000000000000000000 ) ) ;
#6555 = ORIENTED_EDGE ( 'NONE', *, *, #6045, .F. ) ;
#6556 = EDGE_CURVE ( 'NONE', #752, #1902, #15, .T. ) ;
#6557 = CARTESIAN_POINT ( 'NONE',  ( 0.000000000000000000, -1.722399999999999931, -0.02540000000000000244 ) ) ;
#6558 = CARTESIAN_POINT ( 'NONE',  ( 0.5080000000000000071, -0.1523999999999999799, -3.581400000000000361 ) ) ;
#6559 = ORIENTED_EDGE ( 'NONE', *, *, #6347, .F. ) ;
#6560 = DIRECTION ( 'NONE',  ( 1.000000000000000000, 0.000000000000000000, 0.000000000000000000 ) ) ;
#6561 = DIRECTION ( 'NONE',  ( 0.000000000000000000, 0.000000000000000000, -1.000000000000000000 ) ) ;
#6562 = EDGE_LOOP ( 'NONE', ( #2921, #3971, #3972, #5212 ) ) ;
#6563 = LINE ( 'NONE', #1575, #6979 ) ;
#6564 = ORIENTED_EDGE ( 'NONE', *, *, #6302, .F. ) ;
#6565 = CYLINDRICAL_SURFACE ( 'NONE', #1654, 0.1777999999999999858 ) ;
#6566 = CARTESIAN_POINT ( 'NONE',  ( 0.6476999954730849884, 0.000000000000000000, -3.810000000000000053 ) ) ;
#6567 = ORIENTED_EDGE ( 'NONE', *, *, #3395, .T. ) ;
#6568 = CARTESIAN_POINT ( 'NONE',  ( -1.155699999999999950, -1.356399878000000170, -1.122300000000000075 ) ) ;
#6569 = CARTESIAN_POINT ( 'NONE',  ( 0.3103999999999999537, -1.747800000000000686, -0.4899999999999999911 ) ) ;
#6570 = DIRECTION ( 'NONE',  ( 0.000000000000000000, 1.000000000000000000, 0.000000000000000000 ) ) ;
#6571 = EDGE_CURVE ( 'NONE', #5741, #5638, #6869, .T. ) ;
#6572 = ORIENTED_EDGE ( 'NONE', *, *, #3182, .F. ) ;
#6573 = VERTEX_POINT ( 'NONE', #2011 ) ;
#6574 = ORIENTED_EDGE ( 'NONE', *, *, #6191, .T. ) ;
#6575 = ORIENTED_EDGE ( 'NONE', *, *, #3913, .F. ) ;
#6576 = CARTESIAN_POINT ( 'NONE',  ( 1.434931758206355212, -1.293975196397484595, -3.807200014911555908 ) ) ;
#6577 = SURFACE_STYLE_USAGE ( .BOTH. , #7151 ) ;
#6578 = AXIS2_PLACEMENT_3D ( 'NONE', #469, #5434, #3889 ) ;
#6579 = VERTEX_POINT ( 'NONE', #3175 ) ;
#6580 = DIRECTION ( 'NONE',  ( -3.414809992080260570E-14, 3.414809992080260570E-14, -1.000000000000000000 ) ) ;
#6581 = CARTESIAN_POINT ( 'NONE',  ( 1.435099999999999820, -0.7063999999999999169, -0.6777999999999999581 ) ) ;
#6582 = LINE ( 'NONE', #4283, #2201 ) ;
#6583 = DIRECTION ( 'NONE',  ( -1.000000000000000000, -4.529906030970189537E-42, 4.014137565340930551E-29 ) ) ;
#6584 = ADVANCED_FACE ( 'NONE', ( #4236 ), #5137, .T. ) ;
#6585 = DIRECTION ( 'NONE',  ( 0.000000000000000000, 1.000000000000000000, 0.000000000000000000 ) ) ;
#6586 = VERTEX_POINT ( 'NONE', #6994 ) ;
#6587 = DIRECTION ( 'NONE',  ( -1.255444850029531953E-16, 1.000000000000000000, 0.000000000000000000 ) ) ;
#6588 = AXIS2_PLACEMENT_3D ( 'NONE', #3551, #2994, #1335 ) ;
#6589 = CARTESIAN_POINT ( 'NONE',  ( -1.003299999999999859, -0.2183999999999999830, -0.01270000000000000122 ) ) ;
#6590 = CARTESIAN_POINT ( 'NONE',  ( 1.104899999999999993, -0.3556000000000000272, -3.860800000000000232 ) ) ;
#6591 = EDGE_LOOP ( 'NONE', ( #3819, #6321, #1837, #5223 ) ) ;
#6592 = CARTESIAN_POINT ( 'NONE',  ( -1.435099999999999820, 0.06600012200000000828, -1.135000000000000009 ) ) ;
#6593 = ADVANCED_FACE ( 'NONE', ( #1399 ), #244, .T. ) ;
#6594 = CARTESIAN_POINT ( 'NONE',  ( 1.435099999999999820, -1.747799999999999798, -1.135000000000000009 ) ) ;
#6595 = ORIENTED_EDGE ( 'NONE', *, *, #5249, .T. ) ;
#6596 = APPLICATION_CONTEXT ( 'automotive_design' ) ;
#6597 = VERTEX_POINT ( 'NONE', #1503 ) ;
#6598 = DIRECTION ( 'NONE',  ( 8.881784197001250351E-16, 1.016312497642955066E-16, -1.000000000000000000 ) ) ;
#6599 = LINE ( 'NONE', #2725, #2439 ) ;
#6600 = ORIENTED_EDGE ( 'NONE', *, *, #5466, .F. ) ;
#6601 = DIRECTION ( 'NONE',  ( 0.000000000000000000, 0.000000000000000000, 1.000000000000000000 ) ) ;
#6602 = CIRCLE ( 'NONE', #3490, 0.01270000000000003765 ) ;
#6603 = DIRECTION ( 'NONE',  ( 1.000000000000000000, 0.000000000000000000, 0.000000000000000000 ) ) ;
#6604 = ADVANCED_FACE ( 'NONE', ( #3758 ), #3621, .T. ) ;
#6605 = DIRECTION ( 'NONE',  ( 1.000000000000000000, 0.000000000000000000, 0.000000000000000000 ) ) ;
#6606 = ORIENTED_EDGE ( 'NONE', *, *, #1785, .F. ) ;
#6607 = AXIS2_PLACEMENT_3D ( 'NONE', #2481, #310, #1411 ) ;
#6608 = ORIENTED_EDGE ( 'NONE', *, *, #6228, .F. ) ;
#6609 = DIRECTION ( 'NONE',  ( -1.000000000000000000, 0.000000000000000000, 0.000000000000000000 ) ) ;
#6610 = LINE ( 'NONE', #3876, #4984 ) ;
#6611 = EDGE_CURVE ( 'NONE', #5113, #3626, #2503, .T. ) ;
#6612 = DIRECTION ( 'NONE',  ( 1.000000000000000000, 0.000000000000000000, 0.000000000000000000 ) ) ;
#6613 = CIRCLE ( 'NONE', #6144, 0.01270000000000000989 ) ;
#6614 = CARTESIAN_POINT ( 'NONE',  ( -0.3203999999999999626, -1.369099878000000103, -0.4872999999999999554 ) ) ;
#6615 = CARTESIAN_POINT ( 'NONE',  ( 0.000000000000000000, -0.08639987799999999940, 0.000000000000000000 ) ) ;
#6616 = EDGE_CURVE ( 'NONE', #3049, #5373, #5826, .T. ) ;
#6617 = AXIS2_PLACEMENT_3D ( 'NONE', #1582, #2214, #4450 ) ;
#6618 = DIRECTION ( 'NONE',  ( 0.000000000000000000, 0.000000000000000000, -1.000000000000000000 ) ) ;
#6619 = DIRECTION ( 'NONE',  ( 0.000000000000000000, 0.000000000000000000, 1.000000000000000000 ) ) ;
#6620 = CARTESIAN_POINT ( 'NONE',  ( -1.435099999999999820, -0.6451998780000010036, -0.9317999999999999616 ) ) ;
#6621 = CIRCLE ( 'NONE', #924, 0.1270000000000000018 ) ;
#6622 = LINE ( 'NONE', #5468, #39 ) ;
#6623 = DIRECTION ( 'NONE',  ( 0.000000000000000000, -1.000000000000000000, 0.000000000000000000 ) ) ;
#6624 = DIRECTION ( 'NONE',  ( 1.000000000000000000, 0.000000000000000000, 0.000000000000000000 ) ) ;
#6625 = ORIENTED_EDGE ( 'NONE', *, *, #685, .T. ) ;
#6626 = DIRECTION ( 'NONE',  ( 0.000000000000000000, 1.000000000000000000, 0.000000000000000000 ) ) ;
#6627 = CIRCLE ( 'NONE', #4099, 0.01270000000000000122 ) ;
#6628 = LINE ( 'NONE', #4403, #1089 ) ;
#6629 = AXIS2_PLACEMENT_3D ( 'NONE', #1468, #3660, #6924 ) ;
#6630 = VERTEX_POINT ( 'NONE', #5335 ) ;
#6631 = CIRCLE ( 'NONE', #1511, 0.1016000000000000097 ) ;
#6632 = VERTEX_POINT ( 'NONE', #335 ) ;
#6633 = EDGE_CURVE ( 'NONE', #350, #5650, #3764, .T. ) ;
#6634 = DIRECTION ( 'NONE',  ( -1.000000000000000000, 0.000000000000000000, 0.000000000000000000 ) ) ;
#6635 = LINE ( 'NONE', #6566, #1951 ) ;
#6636 = ORIENTED_EDGE ( 'NONE', *, *, #3231, .F. ) ;
#6637 = DIRECTION ( 'NONE',  ( 0.000000000000000000, 1.000000000000000000, 0.000000000000000000 ) ) ;
#6638 = VECTOR ( 'NONE', #6849, 1000.000000000000000 ) ;
#6639 = FACE_OUTER_BOUND ( 'NONE', #7092, .T. ) ;
#6640 = CIRCLE ( 'NONE', #4911, 0.1524000000000000077 ) ;
#6641 = CARTESIAN_POINT ( 'NONE',  ( 1.168400000000000105, -0.3556000000000000272, -0.02540000000000000244 ) ) ;
#6642 = LINE ( 'NONE', #599, #4120 ) ;
#6643 = AXIS2_PLACEMENT_3D ( 'NONE', #4460, #2264, #1152 ) ;
#6644 = ORIENTED_EDGE ( 'NONE', *, *, #4161, .F. ) ;
#6645 = EDGE_CURVE ( 'NONE', #5956, #3242, #5875, .T. ) ;
#6646 = VERTEX_POINT ( 'NONE', #6539 ) ;
#6647 = LINE ( 'NONE', #5652, #5317 ) ;
#6648 = VECTOR ( 'NONE', #3727, 1000.000000000000000 ) ;
#6649 = PLANE ( 'NONE',  #4670 ) ;
#6650 = EDGE_CURVE ( 'NONE', #3075, #5253, #7139, .T. ) ;
#6651 = AXIS2_PLACEMENT_3D ( 'NONE', #1798, #166, #5094 ) ;
#6652 = VERTEX_POINT ( 'NONE', #6669 ) ;
#6653 = CARTESIAN_POINT ( 'NONE',  ( 1.003299999999999859, -1.443000000000000060, -0.01270000000000000122 ) ) ;
#6654 = DIRECTION ( 'NONE',  ( 0.000000000000000000, 0.000000000000000000, 1.000000000000000000 ) ) ;
#6655 = DIRECTION ( 'NONE',  ( 1.000000000000000000, 0.000000000000000000, 0.000000000000000000 ) ) ;
#6656 = AXIS2_PLACEMENT_3D ( 'NONE', #5070, #4549, #1236 ) ;
#6657 = ADVANCED_FACE ( 'NONE', ( #44 ), #2171, .T. ) ;
#6658 = CARTESIAN_POINT ( 'NONE',  ( 1.168400000000000105, -1.290599999999999969, -0.02215594561103284912 ) ) ;
#6659 = CARTESIAN_POINT ( 'NONE',  ( 1.003299999999999859, -1.443000000000000060, -1.122300000000000075 ) ) ;
#6660 = ORIENTED_EDGE ( 'NONE', *, *, #5606, .T. ) ;
#6661 = CARTESIAN_POINT ( 'NONE',  ( -1.168400000000000105, -0.8229998780000009617, -0.5000000000000000000 ) ) ;
#6662 = EDGE_CURVE ( 'NONE', #5144, #3765, #4343, .T. ) ;
#6663 = FACE_OUTER_BOUND ( 'NONE', #620, .T. ) ;
#6664 = ORIENTED_EDGE ( 'NONE', *, *, #4740, .F. ) ;
#6665 = ADVANCED_FACE ( 'NONE', ( #6051 ), #3797, .T. ) ;
#6666 = DIRECTION ( 'NONE',  ( 0.000000000000000000, 0.000000000000000000, -1.000000000000000000 ) ) ;
#6667 = CARTESIAN_POINT ( 'NONE',  ( -0.3203999999999999626, -1.661199878000000130, -3.799999999999999822 ) ) ;
#6668 = VERTEX_POINT ( 'NONE', #5546 ) ;
#6669 = CARTESIAN_POINT ( 'NONE',  ( 0.3103999999999999537, -1.453000000000000069, -0.4872999999999999554 ) ) ;
#6670 = DIRECTION ( 'NONE',  ( 1.000000000000000000, -6.402768735150621097E-15, -7.286806617429889977E-15 ) ) ;
#6671 = ADVANCED_FACE ( 'NONE', ( #4409 ), #5252, .T. ) ;
#6672 = DIRECTION ( 'NONE',  ( 0.000000000000000000, 0.000000000000000000, 1.000000000000000000 ) ) ;
#6673 = CARTESIAN_POINT ( 'NONE',  ( 1.460374332357001981, -0.2928074803551285465, -0.02987644784101809933 ) ) ;
#6674 = ORIENTED_EDGE ( 'NONE', *, *, #1368, .T. ) ;
#6675 = AXIS2_PLACEMENT_3D ( 'NONE', #992, #4855, #3360 ) ;
#6676 = ORIENTED_EDGE ( 'NONE', *, *, #6424, .F. ) ;
#6677 = CIRCLE ( 'NONE', #4503, 0.002700000000000011419 ) ;
#6678 = DIRECTION ( 'NONE',  ( 1.000000000000000000, 0.000000000000000000, 0.000000000000000000 ) ) ;
#6679 = EDGE_CURVE ( 'NONE', #5983, #4796, #3315, .T. ) ;
#6680 = LINE ( 'NONE', #638, #6846 ) ;
#6681 = DIRECTION ( 'NONE',  ( -1.000000000000000000, 0.000000000000000000, 0.000000000000000000 ) ) ;
#6682 = EDGE_LOOP ( 'NONE', ( #678, #610, #3210, #6039 ) ) ;
#6683 = DIRECTION ( 'NONE',  ( 0.000000000000000000, 0.000000000000000000, 1.000000000000000000 ) ) ;
#6684 = ORIENTED_EDGE ( 'NONE', *, *, #4550, .F. ) ;
#6685 = DIRECTION ( 'NONE',  ( -1.000000000000000000, 0.000000000000000000, 0.000000000000000000 ) ) ;
#6686 = DIRECTION ( 'NONE',  ( 1.000000000000000000, 0.000000000000000000, 0.000000000000000000 ) ) ;
#6687 = CARTESIAN_POINT ( 'NONE',  ( -2.484629978612615227E-18, -0.1397000000000000186, 1.016439536705160099E-17 ) ) ;
#6688 = FACE_OUTER_BOUND ( 'NONE', #5628, .T. ) ;
#6689 = ADVANCED_FACE ( 'NONE', ( #1614 ), #1001, .T. ) ;
#6690 = DIRECTION ( 'NONE',  ( 1.000000000000000000, 0.000000000000000000, 0.000000000000000000 ) ) ;
#6691 = CARTESIAN_POINT ( 'NONE',  ( 1.435099999999999820, -1.239799999999999791, -0.05080000000000000487 ) ) ;
#6692 = EDGE_LOOP ( 'NONE', ( #2901, #369, #2774, #6993, #6823, #825, #1432, #2097, #4417, #5310, #7085, #4758, #2315, #2313 ) ) ;
#6693 = AXIS2_PLACEMENT_3D ( 'NONE', #3491, #4814, #4787 ) ;
#6694 = PLANE ( 'NONE',  #1355 ) ;
#6695 = ORIENTED_EDGE ( 'NONE', *, *, #3200, .F. ) ;
#6696 = FACE_OUTER_BOUND ( 'NONE', #5451, .T. ) ;
#6697 = CARTESIAN_POINT ( 'NONE',  ( 1.168400000000000105, -0.9095999999999999641, -0.9317999999999999616 ) ) ;
#6698 = ORIENTED_EDGE ( 'NONE', *, *, #6933, .T. ) ;
#6699 = CYLINDRICAL_SURFACE ( 'NONE', #6975, 0.01270000000000000989 ) ;
#6700 = EDGE_CURVE ( 'NONE', #2170, #140, #3399, .T. ) ;
#6701 = DIRECTION ( 'NONE',  ( 8.968377375298331101E-15, 8.968377375298310591E-15, 1.000000000000000000 ) ) ;
#6702 = AXIS2_PLACEMENT_3D ( 'NONE', #965, #5414, #6540 ) ;
#6703 = CARTESIAN_POINT ( 'NONE',  ( -1.003299999999999859, -1.203999878000000079, -0.5000000000000000000 ) ) ;
#6704 = CARTESIAN_POINT ( 'NONE',  ( 1.460170036637274071, -1.307966911730513937, -3.784599999999999742 ) ) ;
#6705 = EDGE_CURVE ( 'NONE', #3242, #1593, #593, .T. ) ;
#6706 = CARTESIAN_POINT ( 'NONE',  ( -1.003299999999999859, -1.203999878000000079, -0.02540000000000000244 ) ) ;
#6708 = ORIENTED_EDGE ( 'NONE', *, *, #5116, .T. ) ;
#6707 = AXIS2_PLACEMENT_3D ( 'NONE', #4538, #2860, #6218 ) ;
#6709 = VERTEX_POINT ( 'NONE', #6014 ) ;
#6710 = DIRECTION ( 'NONE',  ( 3.414809992080320523E-14, -1.000000000000000000, 2.914722646971955360E-14 ) ) ;
#6711 = LINE ( 'NONE', #3407, #2539 ) ;
#6712 = VECTOR ( 'NONE', #4388, 1000.000000000000000 ) ;
#6713 = CYLINDRICAL_SURFACE ( 'NONE', #5795, 0.1269999999999999463 ) ;
#6714 = DIRECTION ( 'NONE',  ( -1.000000000000000000, 0.000000000000000000, 0.000000000000000000 ) ) ;
#6715 = ORIENTED_EDGE ( 'NONE', *, *, #5935, .F. ) ;
#6716 = DIRECTION ( 'NONE',  ( -1.000000000000000000, 0.000000000000000000, 0.000000000000000000 ) ) ;
#6717 = ORIENTED_EDGE ( 'NONE', *, *, #1124, .T. ) ;
#6718 = EDGE_CURVE ( 'NONE', #842, #2073, #3289, .T. ) ;
#6719 = CARTESIAN_POINT ( 'NONE',  ( 1.003299999999999859, -1.290599999999999969, -3.801999999999999602 ) ) ;
#6720 = CARTESIAN_POINT ( 'NONE',  ( -1.168400000000000105, -1.203999878000000079, -0.5000000000000000000 ) ) ;
#6721 = CARTESIAN_POINT ( 'NONE',  ( -0.3203999999999999626, -1.366399878000000179, -1.122300000000000075 ) ) ;
#6722 = AXIS2_PLACEMENT_3D ( 'NONE', #7068, #1010, #458 ) ;
#6723 = TOROIDAL_SURFACE ( 'NONE', #3635, 0.08890000000000000679, 0.01270000000000000122 ) ;
#6724 = CARTESIAN_POINT ( 'NONE',  ( 1.460342595050119652, -1.303574842147747326, -3.796172940706893595 ) ) ;
#6725 = CARTESIAN_POINT ( 'NONE',  ( -1.435099999999999820, -0.8229998780000009617, -1.135000000000000009 ) ) ;
#6726 = ADVANCED_FACE ( 'NONE', ( #488 ), #595, .T. ) ;
#6727 = ORIENTED_EDGE ( 'NONE', *, *, #4583, .F. ) ;
#6728 = DIRECTION ( 'NONE',  ( 0.000000000000000000, 0.000000000000000000, 1.000000000000000000 ) ) ;
#6729 = AXIS2_PLACEMENT_3D ( 'NONE', #843, #392, #3160 ) ;
#6730 = DIRECTION ( 'NONE',  ( 1.000000000000000000, 0.000000000000000000, 0.000000000000000000 ) ) ;
#6731 = ORIENTED_EDGE ( 'NONE', *, *, #175, .F. ) ;
#6732 = CIRCLE ( 'NONE', #1050, 0.01270000000000090501 ) ;
#6733 = CARTESIAN_POINT ( 'NONE',  ( 1.168004769845369939, -1.302017039466691894, -3.797299999999999898 ) ) ;
#6734 = CIRCLE ( 'NONE', #3867, 0.02540000000000007530 ) ;
#6735 = ORIENTED_EDGE ( 'NONE', *, *, #6556, .T. ) ;
#6736 = CARTESIAN_POINT ( 'NONE',  ( 1.460499999999999909, -0.2986565000030175221, -3.776161717498244919 ) ) ;
#6737 = DIRECTION ( 'NONE',  ( 0.000000000000000000, -1.000000000000000000, -2.510889700059065386E-16 ) ) ;
#6738 = AXIS2_PLACEMENT_3D ( 'NONE', #4810, #7009, #4785 ) ;
#6739 = DIRECTION ( 'NONE',  ( 0.000000000000000000, -1.000000000000000000, 0.000000000000000000 ) ) ;
#6740 = EDGE_CURVE ( 'NONE', #3828, #266, #6528, .T. ) ;
#6741 = CARTESIAN_POINT ( 'NONE',  ( 1.435099999999999820, -0.9095999999999999641, -0.9317999999999999616 ) ) ;
#6742 = ORIENTED_EDGE ( 'NONE', *, *, #971, .F. ) ;
#6743 = EDGE_LOOP ( 'NONE', ( #3638, #4105, #4551, #5516 ) ) ;
#6744 = AXIS2_PLACEMENT_3D ( 'NONE', #5173, #5244, #4104 ) ;
#6745 = CARTESIAN_POINT ( 'NONE',  ( 0.6350000000000000089, 0.1270000000000000018, -3.797299999999999898 ) ) ;
#6746 = AXIS2_PLACEMENT_3D ( 'NONE', #2339, #3884, #1666 ) ;
#6747 = AXIS2_PLACEMENT_3D ( 'NONE', #5853, #3114, #1988 ) ;
#6748 = DIRECTION ( 'NONE',  ( -1.255444850029531953E-16, 1.000000000000000000, 2.586977266727520463E-16 ) ) ;
#6749 = FACE_OUTER_BOUND ( 'NONE', #6692, .T. ) ;
#6750 = TOROIDAL_SURFACE ( 'NONE', #1414, 0.01540000000000000223, 0.01000000000000000021 ) ;
#6751 = ORIENTED_EDGE ( 'NONE', *, *, #5228, .T. ) ;
#6752 = CARTESIAN_POINT ( 'NONE',  ( 1.434948878380283954, -0.2933769621797839844, -7.453889935837842984E-17 ) ) ;
#6753 = ORIENTED_EDGE ( 'NONE', *, *, #6556, .F. ) ;
#6754 = DIRECTION ( 'NONE',  ( 1.000000000000000000, 0.000000000000000000, 0.000000000000000000 ) ) ;
#6755 = CARTESIAN_POINT ( 'NONE',  ( -1.460499999999999909, -0.8229998780000009617, -1.109600000000000142 ) ) ;
#6756 = DIRECTION ( 'NONE',  ( 1.000000000000000000, 0.000000000000000000, -7.880330750954602813E-15 ) ) ;
#6757 = AXIS2_PLACEMENT_3D ( 'NONE', #120, #3371, #3970 ) ;
#6758 = CARTESIAN_POINT ( 'NONE',  ( -1.460499999999999909, -0.6197998780000010255, -3.801999999999999602 ) ) ;
#6759 = ORIENTED_EDGE ( 'NONE', *, *, #437, .F. ) ;
#6760 = EDGE_CURVE ( 'NONE', #4300, #1942, #6640, .T. ) ;
#6761 = AXIS2_PLACEMENT_3D ( 'NONE', #4529, #6714, #1727 ) ;
#6762 = PLANE ( 'NONE',  #4896 ) ;
#6763 = ORIENTED_EDGE ( 'NONE', *, *, #7185, .F. ) ;
#6764 = DIRECTION ( 'NONE',  ( 0.000000000000000000, 0.000000000000000000, 1.000000000000000000 ) ) ;
#6765 = VERTEX_POINT ( 'NONE', #3865 ) ;
#6766 = AXIS2_PLACEMENT_3D ( 'NONE', #405, #6634, #1541 ) ;
#6767 = EDGE_CURVE ( 'NONE', #177, #4654, #4695, .T. ) ;
#6768 = FACE_OUTER_BOUND ( 'NONE', #2657, .T. ) ;
#6769 = ORIENTED_EDGE ( 'NONE', *, *, #484, .F. ) ;
#6770 = CIRCLE ( 'NONE', #1431, 0.02540000000000004754 ) ;
#6771 = CARTESIAN_POINT ( 'NONE',  ( -1.003299999999999859, -0.2183999999999999830, -3.801999999999999602 ) ) ;
#6772 = CARTESIAN_POINT ( 'NONE',  ( -1.460499999999999909, -0.6197998780000010255, -0.6777999999999999581 ) ) ;
#6773 = EDGE_LOOP ( 'NONE', ( #4342, #5523, #4103, #5892 ) ) ;
#6774 = CARTESIAN_POINT ( 'NONE',  ( -1.003299999999999859, -1.635799878000000041, -1.109600000000000142 ) ) ;
#6775 = DIRECTION ( 'NONE',  ( 0.000000000000000000, 0.000000000000000000, 1.000000000000000000 ) ) ;
#6776 = AXIS2_PLACEMENT_3D ( 'NONE', #3897, #6082, #1535 ) ;
#6777 = DIRECTION ( 'NONE',  ( 1.000000000000000000, 0.000000000000000000, 0.000000000000000000 ) ) ;
#6778 = DIRECTION ( 'NONE',  ( 1.000000000000000000, 0.000000000000000000, 0.000000000000000000 ) ) ;
#6779 = CARTESIAN_POINT ( 'NONE',  ( 0.3775981461818899709, 0.1270000000000000018, -0.1270000000000000018 ) ) ;
#6780 = ORIENTED_EDGE ( 'NONE', *, *, #5227, .T. ) ;
#6781 = EDGE_LOOP ( 'NONE', ( #256, #2345, #2723, #1339, #3372, #4824 ) ) ;
#6782 = DIRECTION ( 'NONE',  ( 0.000000000000000000, 1.000000000000000000, -2.921263235412510230E-14 ) ) ;
#6783 = VECTOR ( 'NONE', #2799, 1000.000000000000000 ) ;
#6784 = EDGE_CURVE ( 'NONE', #3859, #132, #2249, .T. ) ;
#6785 = ADVANCED_FACE ( 'NONE', ( #525 ), #3934, .F. ) ;
#6786 = DIRECTION ( 'NONE',  ( 0.000000000000000000, 0.000000000000000000, -1.000000000000000000 ) ) ;
#6787 = ADVANCED_FACE ( 'NONE', ( #2316 ), #661, .T. ) ;
#6788 = CARTESIAN_POINT ( 'NONE',  ( 0.3103999999999999537, -1.722399999999999931, -3.784599999999999742 ) ) ;
#6789 = CARTESIAN_POINT ( 'NONE',  ( 1.168400000000000105, -1.239799999999999791, -3.784599999999999742 ) ) ;
#6790 = VERTEX_POINT ( 'NONE', #1816 ) ;
#6791 = ORIENTED_EDGE ( 'NONE', *, *, #1252, .T. ) ;
#6792 = DIRECTION ( 'NONE',  ( 0.000000000000000000, -1.000000000000000000, 1.734083199103292326E-15 ) ) ;
#6793 = CARTESIAN_POINT ( 'NONE',  ( 0.7620000000000000107, -0.1523999999999999799, -3.810000000000000053 ) ) ;
#6794 = CARTESIAN_POINT ( 'NONE',  ( 0.3203999999999999626, -1.455699999999999772, -1.119600000000000151 ) ) ;
#6795 = CARTESIAN_POINT ( 'NONE',  ( -1.155699999999999950, -1.356399878000000170, -0.01270000000000000122 ) ) ;
#6796 = FACE_OUTER_BOUND ( 'NONE', #5472, .T. ) ;
#6797 = ORIENTED_EDGE ( 'NONE', *, *, #6379, .F. ) ;
#6798 = DIRECTION ( 'NONE',  ( 0.000000000000000000, 1.000000000000000000, 0.000000000000000000 ) ) ;
#6799 = B_SPLINE_CURVE_WITH_KNOTS ( 'NONE', 3,
 ( #5216, #6736, #114, #1753 ),
 .UNSPECIFIED., .F., .F.,
 ( 4, 4 ),
 ( 5.421010862427519763E-20, 2.099237268468460123E-05 ),
 .UNSPECIFIED. ) ;
#6800 = ORIENTED_EDGE ( 'NONE', *, *, #4438, .F. ) ;
#6801 = CARTESIAN_POINT ( 'NONE',  ( -1.003299999999999859, -1.369099878000000103, -1.109600000000000142 ) ) ;
#6802 = VERTEX_POINT ( 'NONE', #3435 ) ;
#6803 = DIRECTION ( 'NONE',  ( 0.04945242545532738815, 0.7134117716486269023, 0.6989979268136299329 ) ) ;
#6804 = EDGE_LOOP ( 'NONE', ( #6937, #1125, #3680, #4743 ) ) ;
#6805 = CARTESIAN_POINT ( 'NONE',  ( 0.6476999999999999424, -0.1397000000000000186, -3.810000000000000053 ) ) ;
#6806 = ADVANCED_FACE ( 'NONE', ( #6232 ), #4001, .T. ) ;
#6807 = CARTESIAN_POINT ( 'NONE',  ( 1.003299999999999859, -0.1523999999999999799, -3.797299999999999898 ) ) ;
#6808 = CARTESIAN_POINT ( 'NONE',  ( 1.460170036637274071, -0.2874330882694864919, -0.02540000000000000244 ) ) ;
#6809 = FACE_OUTER_BOUND ( 'NONE', #1720, .T. ) ;
#6810 = LINE ( 'NONE', #5119, #6638 ) ;
#6811 = FILL_AREA_STYLE_COLOUR ( '', #827 ) ;
#6812 = ORIENTED_EDGE ( 'NONE', *, *, #7158, .T. ) ;
#6813 = ORIENTED_EDGE ( 'NONE', *, *, #3231, .T. ) ;
#6814 = CARTESIAN_POINT ( 'NONE',  ( 1.434877578085412386, -0.2978015924491291821, -3.809239821009171578 ) ) ;
#6815 = CIRCLE ( 'NONE', #6702, 0.2031999999999999640 ) ;
#6816 = ADVANCED_FACE ( 'NONE', ( #2283 ), #2905, .T. ) ;
#6817 = CARTESIAN_POINT ( 'NONE',  ( -0.6603999999999999870, 0.1523999999999999799, -3.784599999999999742 ) ) ;
#6818 = CARTESIAN_POINT ( 'NONE',  ( 1.435099890595630034, -0.3119059744695305003, -3.798038576377495090 ) ) ;
#6819 = TOROIDAL_SURFACE ( 'NONE', #1939, 0.08890000000000000679, 0.01270000000000000122 ) ;
#6820 = VERTEX_POINT ( 'NONE', #5613 ) ;
#6821 = ORIENTED_EDGE ( 'NONE', *, *, #741, .F. ) ;
#6822 = DIRECTION ( 'NONE',  ( 0.000000000000000000, 0.000000000000000000, 1.000000000000000000 ) ) ;
#6823 = ORIENTED_EDGE ( 'NONE', *, *, #4462, .T. ) ;
#6824 = FACE_OUTER_BOUND ( 'NONE', #43, .T. ) ;
#6825 = CARTESIAN_POINT ( 'NONE',  ( 1.003299999999999859, -1.290599999999999969, -0.4746000000000000218 ) ) ;
#6826 = AXIS2_PLACEMENT_3D ( 'NONE', #1011, #6023, #1592 ) ;
#6827 = DIRECTION ( 'NONE',  ( -1.000000000000000000, 0.000000000000000000, 0.000000000000000000 ) ) ;
#6828 = TOROIDAL_SURFACE ( 'NONE', #4196, 0.1016000000000000097, 0.02540000000000000244 ) ;
#6829 = LINE ( 'NONE', #1843, #6170 ) ;
#6830 = VECTOR ( 'NONE', #506, 1000.000000000000000 ) ;
#6831 = EDGE_CURVE ( 'NONE', #5947, #6249, #4348, .T. ) ;
#6832 = DIRECTION ( 'NONE',  ( -1.000000000000000000, 0.000000000000000000, 0.000000000000000000 ) ) ;
#6833 = ORIENTED_EDGE ( 'NONE', *, *, #1338, .F. ) ;
#6834 = CARTESIAN_POINT ( 'NONE',  ( 1.460499999999999909, -1.239799999999999791, -0.05080000000000000487 ) ) ;
#6835 = VECTOR ( 'NONE', #42, 1000.000000000000000 ) ;
#6836 = ORIENTED_EDGE ( 'NONE', *, *, #2565, .T. ) ;
#6837 = CARTESIAN_POINT ( 'NONE',  ( 0.000000000000000000, 0.000000000000000000, 0.000000000000000000 ) ) ;
#6838 = AXIS2_PLACEMENT_3D ( 'NONE', #6396, #5449, #1546 ) ;
#6839 = CARTESIAN_POINT ( 'NONE',  ( -1.435099999999999820, -1.661199878000000130, -0.5000000000000000000 ) ) ;
#6840 = EDGE_LOOP ( 'NONE', ( #6731, #6800, #1740, #213 ) ) ;
#6841 = DIRECTION ( 'NONE',  ( 0.000000000000000000, 1.000000000000000000, 0.000000000000000000 ) ) ;
#6842 = CARTESIAN_POINT ( 'NONE',  ( 0.3103999999999999537, -1.747799999999999798, -3.799999999999999822 ) ) ;
#6843 = ORIENTED_EDGE ( 'NONE', *, *, #5312, .F. ) ;
#6844 = LINE ( 'NONE', #3463, #3422 ) ;
#6845 = FACE_OUTER_BOUND ( 'NONE', #6501, .T. ) ;
#6846 = VECTOR ( 'NONE', #3411, 1000.000000000000000 ) ;
#6847 = DIRECTION ( 'NONE',  ( 1.000000000000000000, 0.000000000000000000, 0.000000000000000000 ) ) ;
#6848 = CIRCLE ( 'NONE', #5920, 0.01270000000000003765 ) ;
#6849 = DIRECTION ( 'NONE',  ( -1.000000000000000000, 0.000000000000000000, 0.000000000000000000 ) ) ;
#6850 = EDGE_CURVE ( 'NONE', #5707, #6573, #1279, .T. ) ;
#6851 = VECTOR ( 'NONE', #5065, 1000.000000000000000 ) ;
#6852 = VERTEX_POINT ( 'NONE', #2874 ) ;
#6853 = EDGE_LOOP ( 'NONE', ( #1408, #692, #5670, #5519 ) ) ;
#6854 = LINE ( 'NONE', #3588, #5129 ) ;
#6855 = FACE_OUTER_BOUND ( 'NONE', #5292, .T. ) ;
#6856 = VECTOR ( 'NONE', #5174, 1000.000000000000000 ) ;
#6857 = CARTESIAN_POINT ( 'NONE',  ( 0.6476999999999999424, -0.1523999999999999799, -3.810000000000000053 ) ) ;
#6858 = TOROIDAL_SURFACE ( 'NONE', #1550, 0.4317999999999999616, 0.02540000000000000244 ) ;
#6859 = ADVANCED_FACE ( 'NONE', ( #72 ), #6750, .T. ) ;
#6860 = ORIENTED_EDGE ( 'NONE', *, *, #876, .T. ) ;
#6861 = CIRCLE ( 'NONE', #3759, 0.01270000000000003765 ) ;
#6862 = EDGE_LOOP ( 'NONE', ( #4631, #6061, #5693, #5106 ) ) ;
#6863 = AXIS2_PLACEMENT_3D ( 'NONE', #457, #1553, #5958 ) ;
#6864 = ORIENTED_EDGE ( 'NONE', *, *, #2025, .F. ) ;
#6865 = B_SPLINE_CURVE_WITH_KNOTS ( 'NONE', 3,
 ( #4998, #3320, #990, #2036 ),
 .UNSPECIFIED., .F., .F.,
 ( 4, 4 ),
 ( 0.000000000000000000, 1.271279866894801992E-05 ),
 .UNSPECIFIED. ) ;
#6866 = CARTESIAN_POINT ( 'NONE',  ( 1.448597532851710668, -0.3002211596120408221, -0.005930442410227802427 ) ) ;
#6867 = DIRECTION ( 'NONE',  ( 1.000000000000000000, -0.000000000000000000, -0.000000000000000000 ) ) ;
#6868 = DIRECTION ( 'NONE',  ( 0.000000000000000000, 0.000000000000000000, 1.000000000000000000 ) ) ;
#6869 = CIRCLE ( 'NONE', #2113, 0.1778000000000000969 ) ;
#6870 = EDGE_CURVE ( 'NONE', #5524, #5625, #6799, .T. ) ;
#6871 = CARTESIAN_POINT ( 'NONE',  ( 1.003299999999999859, -0.1397000000000000186, -0.01270000000000000122 ) ) ;
#6872 = VECTOR ( 'NONE', #58, 1000.000000000000000 ) ;
#6873 = CYLINDRICAL_SURFACE ( 'NONE', #5011, 0.4572000000000000508 ) ;
#6874 = ORIENTED_EDGE ( 'NONE', *, *, #2272, .F. ) ;
#6875 = PLANE ( 'NONE',  #731 ) ;
#6876 = ORIENTED_EDGE ( 'NONE', *, *, #2560, .T. ) ;
#6877 =( NAMED_UNIT ( * ) PLANE_ANGLE_UNIT ( ) SI_UNIT ( $, .RADIAN. ) );
#6878 = EDGE_CURVE ( 'NONE', #4192, #4301, #1981, .T. ) ;
#6879 = ADVANCED_FACE ( 'NONE', ( #5717 ), #6699, .T. ) ;
#6880 = VECTOR ( 'NONE', #1707, 1000.000000000000000 ) ;
#6881 = DIRECTION ( 'NONE',  ( 0.000000000000000000, 0.000000000000000000, 1.000000000000000000 ) ) ;
#6882 = VERTEX_POINT ( 'NONE', #6774 ) ;
#6883 = DIRECTION ( 'NONE',  ( 1.000000000000000000, 0.000000000000000000, 0.000000000000000000 ) ) ;
#6884 = ORIENTED_EDGE ( 'NONE', *, *, #271, .F. ) ;
#6885 = AXIS2_PLACEMENT_3D ( 'NONE', #4036, #5642, #1781 ) ;
#6886 = CYLINDRICAL_SURFACE ( 'NONE', #5632, 0.01000000000000002623 ) ;
#6887 = DIRECTION ( 'NONE',  ( 0.000000000000000000, 0.000000000000000000, -1.000000000000000000 ) ) ;
#6888 = FACE_OUTER_BOUND ( 'NONE', #2998, .T. ) ;
#6889 = CARTESIAN_POINT ( 'NONE',  ( -0.6476999999999999424, 0.1270000000000000018, -3.810000000000000053 ) ) ;
#6890 = AXIS2_PLACEMENT_3D ( 'NONE', #6523, #2120, #2197 ) ;
#6891 = EDGE_CURVE ( 'NONE', #5033, #5138, #4039, .T. ) ;
#6892 = ORIENTED_EDGE ( 'NONE', *, *, #1528, .F. ) ;
#6893 = EDGE_LOOP ( 'NONE', ( #5058, #2512, #3474, #2521 ) ) ;
#6894 = CARTESIAN_POINT ( 'NONE',  ( 1.434891839536235114, -0.2986347761568602932, -0.001102495097742747917 ) ) ;
#6895 = CIRCLE ( 'NONE', #618, 0.01270000000000001163 ) ;
#6896 = EDGE_CURVE ( 'NONE', #6069, #2600, #2983, .T. ) ;
#6897 = CARTESIAN_POINT ( 'NONE',  ( 1.168400000000000105, -0.7318000000000000060, -0.6777999999999999581 ) ) ;
#6898 = CARTESIAN_POINT ( 'NONE',  ( 1.168004769845369939, -0.2933829605333069801, -0.01270000000000000122 ) ) ;
#6899 = CARTESIAN_POINT ( 'NONE',  ( 1.155699999999999950, -1.294369164545855933, -3.790687272814865061 ) ) ;
#6900 = EDGE_LOOP ( 'NONE', ( #1657, #2056, #1797, #1971, #2963, #3645, #7044, #3244 ) ) ;
#6901 = CARTESIAN_POINT ( 'NONE',  ( 1.178480622266852101E-18, 0.2134000000000000064, -0.02540000000000000244 ) ) ;
#6902 = ORIENTED_EDGE ( 'NONE', *, *, #5203, .T. ) ;
#6903 = CARTESIAN_POINT ( 'NONE',  ( 1.003299999999999859, -1.455699999999999772, -3.797299999999999898 ) ) ;
#6904 = CARTESIAN_POINT ( 'NONE',  ( -1.155699999999999950, -0.8229998780000009617, -1.122300000000000075 ) ) ;
#6905 = EDGE_CURVE ( 'NONE', #4357, #5594, #1324, .T. ) ;
#6906 = CARTESIAN_POINT ( 'NONE',  ( 0.3203999999999999626, -1.455699999999999772, -0.4899999999999998801 ) ) ;
#6907 = CARTESIAN_POINT ( 'NONE',  ( 1.460499999999999909, -1.296743499996982019, -0.03383828250175379554 ) ) ;
#6908 = VERTEX_POINT ( 'NONE', #700 ) ;
#6909 = DIRECTION ( 'NONE',  ( 0.000000000000000000, 0.000000000000000000, -1.000000000000000000 ) ) ;
#6910 = ORIENTED_EDGE ( 'NONE', *, *, #3673, .F. ) ;
#6911 = SHAPE_DEFINITION_REPRESENTATION ( #4771, #2753 ) ;
#6912 = EDGE_CURVE ( 'NONE', #3327, #3049, #6844, .T. ) ;
#6913 = LINE ( 'NONE', #5861, #3920 ) ;
#6914 = VERTEX_POINT ( 'NONE', #1714 ) ;
#6915 = DIRECTION ( 'NONE',  ( -1.000000000000000000, 0.000000000000000000, 0.000000000000000000 ) ) ;
#6916 = VERTEX_POINT ( 'NONE', #3964 ) ;
#6917 = DIRECTION ( 'NONE',  ( 0.000000000000000000, -1.000000000000000000, 0.000000000000000000 ) ) ;
#6918 = DIRECTION ( 'NONE',  ( -1.000000000000000000, 3.557093741750344889E-16, 0.000000000000000000 ) ) ;
#6919 = CARTESIAN_POINT ( 'NONE',  ( -0.6350000000000000089, 0.1408355511077407918, -3.797277819641430074 ) ) ;
#6920 = CARTESIAN_POINT ( 'NONE',  ( 1.155699999999999950, -0.9095999999999999641, -0.6777999999999999581 ) ) ;
#6921 = VERTEX_POINT ( 'NONE', #6158 ) ;
#6922 = EDGE_CURVE ( 'NONE', #1498, #1200, #3066, .T. ) ;
#6923 = VERTEX_POINT ( 'NONE', #361 ) ;
#6924 = DIRECTION ( 'NONE',  ( -1.000000000000000000, 0.000000000000000000, 0.000000000000000000 ) ) ;
#6925 = CARTESIAN_POINT ( 'NONE',  ( 1.435099999999999820, -1.277900000000000036, -0.01519113576837399955 ) ) ;
#6926 = MANIFOLD_SOLID_BREP ( 'Fillet2', #1976 ) ;
#6927 = DIRECTION ( 'NONE',  ( 0.000000000000000000, 0.000000000000000000, -1.000000000000000000 ) ) ;
#6928 = ORIENTED_EDGE ( 'NONE', *, *, #6057, .F. ) ;
#6929 = ORIENTED_EDGE ( 'NONE', *, *, #1750, .F. ) ;
#6930 = CARTESIAN_POINT ( 'NONE',  ( -1.435099999999999820, -0.2183999999999999830, -4.065758146820640395E-17 ) ) ;
#6931 = CARTESIAN_POINT ( 'NONE',  ( 0.8515000000000000346, -0.1397000000000000186, -3.810000000000000053 ) ) ;
#6932 = VECTOR ( 'NONE', #5525, 1000.000000000000000 ) ;
#6933 = EDGE_CURVE ( 'NONE', #5737, #5399, #1428, .T. ) ;
#6934 = ORIENTED_EDGE ( 'NONE', *, *, #4097, .T. ) ;
#6935 = CIRCLE ( 'NONE', #5552, 0.02539999999999999550 ) ;
#6936 = DIRECTION ( 'NONE',  ( -1.000000000000000000, 0.000000000000000000, 0.000000000000000000 ) ) ;
#6937 = ORIENTED_EDGE ( 'NONE', *, *, #2499, .T. ) ;
#6938 = CARTESIAN_POINT ( 'NONE',  ( 0.000000000000000000, 0.000000000000000000, 0.000000000000000000 ) ) ;
#6939 = VECTOR ( 'NONE', #1772, 1000.000000000000000 ) ;
#6940 = CARTESIAN_POINT ( 'NONE',  ( 1.168400000000000105, -0.3254000000000000226, -1.122300000000000075 ) ) ;
#6941 = ORIENTED_EDGE ( 'NONE', *, *, #6345, .T. ) ;
#6942 = EDGE_CURVE ( 'NONE', #2266, #2010, #6947, .T. ) ;
#6943 = AXIS2_PLACEMENT_3D ( 'NONE', #2631, #4847, #6552 ) ;
#6944 = CARTESIAN_POINT ( 'NONE',  ( 1.168400000000000105, -1.290599999999999969, -1.109600000000000142 ) ) ;
#6945 = DIRECTION ( 'NONE',  ( -1.000000000000000000, 0.000000000000000000, 0.000000000000000000 ) ) ;
#6946 = ORIENTED_EDGE ( 'NONE', *, *, #4333, .F. ) ;
#6947 = LINE ( 'NONE', #4699, #3356 ) ;
#6948 = DIRECTION ( 'NONE',  ( 0.000000000000000000, 0.000000000000000000, 1.000000000000000000 ) ) ;
#6949 = EDGE_CURVE ( 'NONE', #5524, #1167, #4293, .T. ) ;
#6950 = CARTESIAN_POINT ( 'NONE',  ( -0.6534788156966799821, 0.1523999999999999799, -3.798442368606639974 ) ) ;
#6951 = CARTESIAN_POINT ( 'NONE',  ( -1.168400000000000105, -0.2183999999999999830, -0.01270000000000000122 ) ) ;
#6952 = FACE_OUTER_BOUND ( 'NONE', #524, .T. ) ;
#6953 = ORIENTED_EDGE ( 'NONE', *, *, #254, .T. ) ;
#6954 = VECTOR ( 'NONE', #491, 1000.000000000000000 ) ;
#6955 =( BOUNDED_SURFACE ( )  B_SPLINE_SURFACE ( 3, 2, ( 
 ( #2960, #5161, #2403 ),
 ( #6818, #1832, #1294 ),
 ( #3553, #5730, #5306 ),
 ( #4238, #4801, #2617 ) ),
 .UNSPECIFIED., .F., .F., .T. ) 
 B_SPLINE_SURFACE_WITH_KNOTS ( ( 4, 4 ),
 ( 3, 3 ),
 ( 0.000000000000000000, 2.547601935119410025E-05 ),
 ( 0.000000000000000000, 1.000000000000000000 ),
 .UNSPECIFIED. ) 
 GEOMETRIC_REPRESENTATION_ITEM ( )  RATIONAL_B_SPLINE_SURFACE ( (
 ( 1.000000000000000000, 0.7071067811865420216, 1.000000000000000000),
 ( 1.000000000000000000, 0.7040505288668199579, 1.000000000000000000),
 ( 1.000000000000000000, 0.6999304327129070025, 1.000000000000000000),
 ( 1.000000000000000000, 0.6953738890819839424, 1.000000000000000000) ) ) 
 REPRESENTATION_ITEM ( '' )  SURFACE ( )  );
#6956 = EDGE_LOOP ( 'NONE', ( #3089, #5492, #4783, #3035 ) ) ;
#6957 = PLANE ( 'NONE',  #936 ) ;
#6958 = CARTESIAN_POINT ( 'NONE',  ( -0.3103999999999999537, -1.635799878000000041, -1.135000000000000009 ) ) ;
#6959 =( REPRESENTATION_RELATIONSHIP ('NONE','NONE', #6547, #2327 ) REPRESENTATION_RELATIONSHIP_WITH_TRANSFORMATION ( #4925 )SHAPE_REPRESENTATION_RELATIONSHIP( ) );
#6960 = ADVANCED_FACE ( 'NONE', ( #1460 ), #6886, .T. ) ;
#6961 = AXIS2_PLACEMENT_3D ( 'NONE', #777, #5796, #812 ) ;
#6962 = CARTESIAN_POINT ( 'NONE',  ( 0.3775981461818899709, -0.1397000000000000186, -0.1270000000000000018 ) ) ;
#6963 = CARTESIAN_POINT ( 'NONE',  ( 1.003299999999999859, -1.290599999999999969, -0.4746000000000000218 ) ) ;
#6964 = ORIENTED_EDGE ( 'NONE', *, *, #1938, .T. ) ;
#6965 = ORIENTED_EDGE ( 'NONE', *, *, #5794, .F. ) ;
#6966 = CIRCLE ( 'NONE', #3293, 0.2540000000000000036 ) ;
#6967 = DIRECTION ( 'NONE',  ( 8.953414682134259802E-32, -2.371395827833559973E-16, 1.000000000000000000 ) ) ;
#6968 = CARTESIAN_POINT ( 'NONE',  ( 1.434622314914038022, -0.3022711090285489788, -0.003628571428571434991 ) ) ;
#6969 = B_SPLINE_CURVE_WITH_KNOTS ( 'NONE', 3,
 ( #4825, #3824, #481, #2721 ),
 .UNSPECIFIED., .F., .F.,
 ( 4, 4 ),
 ( 1.084202172485503953E-19, 1.912694950520995077E-05 ),
 .UNSPECIFIED. ) ;
#6970 = VECTOR ( 'NONE', #1950, 1000.000000000000000 ) ;
#6971 = AXIS2_PLACEMENT_3D ( 'NONE', #2707, #2030, #6473 ) ;
#6972 = ORIENTED_EDGE ( 'NONE', *, *, #1518, .T. ) ;
#6973 = DIRECTION ( 'NONE',  ( 0.000000000000000000, 0.000000000000000000, 1.000000000000000000 ) ) ;
#6974 = CARTESIAN_POINT ( 'NONE',  ( 0.7620000000000000107, -0.1523999999999999799, -3.797299999999999898 ) ) ;
#6975 = AXIS2_PLACEMENT_3D ( 'NONE', #4660, #736, #1857 ) ;
#6976 = APPLICATION_PROTOCOL_DEFINITION ( 'draft international standard', 'automotive_design', 1998, #1709 ) ;
#6977 = ADVANCED_FACE ( 'NONE', ( #5831 ), #3094, .T. ) ;
#6978 = DIRECTION ( 'NONE',  ( 0.000000000000000000, -1.000000000000000000, 0.000000000000000000 ) ) ;
#6979 = VECTOR ( 'NONE', #1499, 1000.000000000000000 ) ;
#6980 = ORIENTED_EDGE ( 'NONE', *, *, #5513, .T. ) ;
#6981 = CARTESIAN_POINT ( 'NONE',  ( -0.3203999999999999626, -1.635799878000000041, -0.4899999999999999911 ) ) ;
#6982 = CARTESIAN_POINT ( 'NONE',  ( -1.435099999999999820, -0.2183999999999999830, -3.784599999999999742 ) ) ;
#6983 = ORIENTED_EDGE ( 'NONE', *, *, #4616, .F. ) ;
#6984 = CIRCLE ( 'NONE', #3890, 0.01000000000000002623 ) ;
#6985 = ADVANCED_FACE ( 'NONE', ( #323 ), #2530, .T. ) ;
#6986 = DIRECTION ( 'NONE',  ( 0.000000000000000000, 0.000000000000000000, -1.000000000000000000 ) ) ;
#6987 = CARTESIAN_POINT ( 'NONE',  ( -0.6350000000000000089, 0.1270000000000000018, -3.556000000000000050 ) ) ;
#6988 = ORIENTED_EDGE ( 'NONE', *, *, #6066, .T. ) ;
#6989 = CARTESIAN_POINT ( 'NONE',  ( -1.168400000000000105, -0.2387998779999999932, -1.109600000000000142 ) ) ;
#6990 = AXIS2_PLACEMENT_3D ( 'NONE', #6733, #6803, #2421 ) ;
#6991 = VERTEX_POINT ( 'NONE', #5293 ) ;
#6992 = CARTESIAN_POINT ( 'NONE',  ( 1.434937250141177678, -1.293979723994611142, -0.002796624475972266967 ) ) ;
#6993 = ORIENTED_EDGE ( 'NONE', *, *, #67, .T. ) ;
#6994 = CARTESIAN_POINT ( 'NONE',  ( 0.8515000000000000346, 0.1523999999999999799, -0.02540000000000000244 ) ) ;
#6995 = CARTESIAN_POINT ( 'NONE',  ( -0.5080000000000000071, 0.1270000000000000018, -3.581400000000000361 ) ) ;
#6996 = EDGE_CURVE ( 'NONE', #5902, #1181, #1676, .T. ) ;
#6997 = AXIS2_PLACEMENT_3D ( 'NONE', #3785, #2783, #1490 ) ;
#6998 = CYLINDRICAL_SURFACE ( 'NONE', #1386, 0.02539999999999999550 ) ;
#6999 = DIRECTION ( 'NONE',  ( 0.000000000000000000, 0.000000000000000000, -1.000000000000000000 ) ) ;
#7000 = ORIENTED_EDGE ( 'NONE', *, *, #1315, .T. ) ;
#7001 = CIRCLE ( 'NONE', #7114, 0.02540000000000007530 ) ;
#7002 = VERTEX_POINT ( 'NONE', #1492 ) ;
#7003 = EDGE_CURVE ( 'NONE', #2266, #6586, #280, .T. ) ;
#7004 = CARTESIAN_POINT ( 'NONE',  ( -0.06350000000000000089, 0.1270000000000000018, -3.556000000000000050 ) ) ;
#7005 = ADVANCED_FACE ( 'NONE', ( #3127 ), #3922, .T. ) ;
#7006 = ORIENTED_EDGE ( 'NONE', *, *, #432, .F. ) ;
#7007 = CARTESIAN_POINT ( 'NONE',  ( -1.460499999999999909, -1.455699999999999772, -1.109600000000000142 ) ) ;
#7008 = EDGE_CURVE ( 'NONE', #6448, #298, #4617, .T. ) ;
#7009 = DIRECTION ( 'NONE',  ( 0.000000000000000000, -1.000000000000000000, 0.000000000000000000 ) ) ;
#7010 = CARTESIAN_POINT ( 'NONE',  ( 1.460297377937088026, -1.305659847740345825, -0.02773045636586540102 ) ) ;
#7011 = ORIENTED_EDGE ( 'NONE', *, *, #3708, .T. ) ;
#7012 = DIRECTION ( 'NONE',  ( 0.000000000000000000, 1.000000000000000000, 2.586977266727520463E-16 ) ) ;
#7013 = CARTESIAN_POINT ( 'NONE',  ( 0.06350000000000000089, 0.1270000000000000018, -3.581400000000000361 ) ) ;
#7014 = ORIENTED_EDGE ( 'NONE', *, *, #3307, .T. ) ;
#7015 = SURFACE_SIDE_STYLE ('',( #5256 ) ) ;
#7016 = VECTOR ( 'NONE', #3013, 1000.000000000000000 ) ;
#7017 = MECHANICAL_DESIGN_GEOMETRIC_PRESENTATION_REPRESENTATION (  '', ( #4835 ), #2276 ) ;
#7018 = PLANE ( 'NONE',  #6150 ) ;
#7019 = FACE_OUTER_BOUND ( 'NONE', #765, .T. ) ;
#7020 = ORIENTED_EDGE ( 'NONE', *, *, #1073, .T. ) ;
#7021 = CARTESIAN_POINT ( 'NONE',  ( 0.3775981461818899709, -0.1523999999999999799, -0.1270000000000000018 ) ) ;
#7022 = ORIENTED_EDGE ( 'NONE', *, *, #3037, .T. ) ;
#7023 = EDGE_CURVE ( 'NONE', #4223, #1516, #954, .T. ) ;
#7024 = EDGE_LOOP ( 'NONE', ( #2587, #6308, #237, #680 ) ) ;
#7025 = CARTESIAN_POINT ( 'NONE',  ( -1.155699999999999950, -1.356399878000000170, -3.801999999999999602 ) ) ;
#7026 = DIRECTION ( 'NONE',  ( 1.000000000000000000, 0.000000000000000000, 0.000000000000000000 ) ) ;
#7027 = LINE ( 'NONE', #272, #2803 ) ;
#7028 = EDGE_LOOP ( 'NONE', ( #4797, #2897, #2739, #6311, #2645, #3053 ) ) ;
#7029 = ORIENTED_EDGE ( 'NONE', *, *, #4926, .T. ) ;
#7030 = ADVANCED_FACE ( 'NONE', ( #431 ), #2238, .T. ) ;
#7031 = ORIENTED_EDGE ( 'NONE', *, *, #1737, .T. ) ;
#7032 = DIRECTION ( 'NONE',  ( 0.000000000000000000, 1.000000000000000000, 0.000000000000000000 ) ) ;
#7033 = CARTESIAN_POINT ( 'NONE',  ( 1.168400000000000105, -0.9095999999999999641, -0.6777999999999999581 ) ) ;
#7034 = DIRECTION ( 'NONE',  ( -1.000000000000000000, -1.255444850029531953E-16, 0.000000000000000000 ) ) ;
#7035 = VERTEX_POINT ( 'NONE', #6112 ) ;
#7036 = CARTESIAN_POINT ( 'NONE',  ( -1.168400000000000105, -1.203999878000000079, -0.01270000000000000122 ) ) ;
#7037 = FACE_OUTER_BOUND ( 'NONE', #6373, .T. ) ;
#7038 = DIRECTION ( 'NONE',  ( 0.000000000000000000, 0.000000000000000000, 1.000000000000000000 ) ) ;
#7039 = CONTEXT_DEPENDENT_SHAPE_REPRESENTATION ( #3001, #5281 ) ;
#7040 = CARTESIAN_POINT ( 'NONE',  ( -1.003299999999999859, -1.356399878000000170, -3.801999999999999602 ) ) ;
#7041 = ADVANCED_FACE ( 'NONE', ( #3237 ), #7164, .F. ) ;
#7042 = FACE_OUTER_BOUND ( 'NONE', #430, .T. ) ;
#7043 = CIRCLE ( 'NONE', #1705, 0.01000000000000002623 ) ;
#7044 = ORIENTED_EDGE ( 'NONE', *, *, #2337, .T. ) ;
#7045 = CYLINDRICAL_SURFACE ( 'NONE', #3643, 0.1777999999999999858 ) ;
#7046 = DIRECTION ( 'NONE',  ( 0.000000000000000000, 0.000000000000000000, -1.000000000000000000 ) ) ;
#7047 = ORIENTED_EDGE ( 'NONE', *, *, #5217, .F. ) ;
#7048 = CARTESIAN_POINT ( 'NONE',  ( -1.435099999999999820, -1.203999878000000079, -2.032879073410320197E-17 ) ) ;
#7049 = PLANE ( 'NONE',  #324 ) ;
#7050 = CIRCLE ( 'NONE', #904, 0.01000000000000002623 ) ;
#7051 = DIRECTION ( 'NONE',  ( 0.000000000000000000, 0.000000000000000000, -1.000000000000000000 ) ) ;
#7052 = CIRCLE ( 'NONE', #7176, 0.02540000000000007530 ) ;
#7053 = CARTESIAN_POINT ( 'NONE',  ( -0.3203999999999999626, -1.366399878000000179, -3.801999999999999602 ) ) ;
#7054 = ORIENTED_EDGE ( 'NONE', *, *, #2926, .F. ) ;
#7055 = FACE_OUTER_BOUND ( 'NONE', #4548, .T. ) ;
#7056 = ORIENTED_EDGE ( 'NONE', *, *, #5273, .T. ) ;
#7057 = FACE_OUTER_BOUND ( 'NONE', #1259, .T. ) ;
#7058 = ORIENTED_EDGE ( 'NONE', *, *, #5049, .T. ) ;
#7059 = DIRECTION ( 'NONE',  ( 1.000000000000000000, 2.561107494060238972E-14, -3.414809992080318630E-14 ) ) ;
#7060 = AXIS2_PLACEMENT_3D ( 'NONE', #7187, #5019, #2223 ) ;
#7061 = FACE_OUTER_BOUND ( 'NONE', #1536, .T. ) ;
#7062 = DIRECTION ( 'NONE',  ( 1.000000000000000000, 0.000000000000000000, 0.000000000000000000 ) ) ;
#7063 = EDGE_CURVE ( 'NONE', #2785, #1810, #1131, .T. ) ;
#7064 = ORIENTED_EDGE ( 'NONE', *, *, #1157, .T. ) ;
#7065 = ORIENTED_EDGE ( 'NONE', *, *, #1184, .F. ) ;
#7066 = ORIENTED_EDGE ( 'NONE', *, *, #6114, .T. ) ;
#7067 = DIRECTION ( 'NONE',  ( 1.000000000000000000, 0.000000000000000000, 0.000000000000000000 ) ) ;
#7068 = CARTESIAN_POINT ( 'NONE',  ( -1.460499999999999909, 0.1270000000000000018, -3.784599999999999742 ) ) ;
#7069 = CARTESIAN_POINT ( 'NONE',  ( -0.3203999999999999626, -1.651199878000000121, -3.801999999999999602 ) ) ;
#7070 = CIRCLE ( 'NONE', #3514, 0.1143000000000000127 ) ;
#7071 = EDGE_CURVE ( 'NONE', #6916, #6537, #6338, .T. ) ;
#7072 = VECTOR ( 'NONE', #4612, 1000.000000000000000 ) ;
#7073 = EDGE_LOOP ( 'NONE', ( #5649, #650, #6717, #1029, #3220, #6708, #5922, #404 ) ) ;
#7074 = CARTESIAN_POINT ( 'NONE',  ( 1.003299999999999859, -0.1397000000000000186, 0.000000000000000000 ) ) ;
#7075 = DIRECTION ( 'NONE',  ( 0.000000000000000000, 0.000000000000000000, 1.000000000000000000 ) ) ;
#7076 = CONTEXT_DEPENDENT_SHAPE_REPRESENTATION ( #6959, #2013 ) ;
#7077 = DIRECTION ( 'NONE',  ( 1.000000000000000000, 1.313388458492433868E-15, 0.000000000000000000 ) ) ;
#7078 = CIRCLE ( 'NONE', #3529, 0.02540000000000007530 ) ;
#7079 = EDGE_CURVE ( 'NONE', #1730, #1443, #2678, .T. ) ;
#7080 = DIRECTION ( 'NONE',  ( 0.000000000000000000, 0.000000000000000000, -1.000000000000000000 ) ) ;
#7081 = TOROIDAL_SURFACE ( 'NONE', #1973, 0.01540000000000000223, 0.01000000000000000021 ) ;
#7082 = DIRECTION ( 'NONE',  ( 0.000000000000000000, 0.000000000000000000, 1.000000000000000000 ) ) ;
#7083 = DIRECTION ( 'NONE',  ( -1.000000000000000000, 0.000000000000000000, 0.000000000000000000 ) ) ;
#7084 = VECTOR ( 'NONE', #5026, 1000.000000000000000 ) ;
#7085 = ORIENTED_EDGE ( 'NONE', *, *, #234, .T. ) ;
#7086 = AXIS2_PLACEMENT_3D ( 'NONE', #3807, #3191, #6507 ) ;
#7087 = PLANE ( 'NONE',  #2157 ) ;
#7088 = EDGE_CURVE ( 'NONE', #3134, #2108, #2626, .T. ) ;
#7089 = ADVANCED_FACE ( 'NONE', ( #5974 ), #2200, .T. ) ;
#7090 = VECTOR ( 'NONE', #3101, 1000.000000000000000 ) ;
#7091 = CARTESIAN_POINT ( 'NONE',  ( -0.3203999999999999626, -1.635799878000000041, -3.810000000000000053 ) ) ;
#7092 = EDGE_LOOP ( 'NONE', ( #6946, #1118, #1278, #3691 ) ) ;
#7093 = CARTESIAN_POINT ( 'NONE',  ( 1.155335172164960067, -1.301138805661566034, -3.797299999999999898 ) ) ;
#7094 = ORIENTED_EDGE ( 'NONE', *, *, #5629, .T. ) ;
#7095 = ORIENTED_EDGE ( 'NONE', *, *, #1750, .T. ) ;
#7096 = CARTESIAN_POINT ( 'NONE',  ( 1.168400000000000105, -1.239799999999999791, -0.02540000000000000244 ) ) ;
#7097 = FACE_OUTER_BOUND ( 'NONE', #520, .T. ) ;
#7098 = ORIENTED_EDGE ( 'NONE', *, *, #901, .T. ) ;
#7099 = CIRCLE ( 'NONE', #4798, 0.02540000000000000244 ) ;
#7100 = DIRECTION ( 'NONE',  ( -1.707404996040115454E-14, -1.000000000000000000, -1.457361323485998190E-14 ) ) ;
#7101 = CYLINDRICAL_SURFACE ( 'NONE', #4209, 0.07619999999999998996 ) ;
#7102 = DIRECTION ( 'NONE',  ( 0.000000000000000000, 0.000000000000000000, 1.000000000000000000 ) ) ;
#7103 = VECTOR ( 'NONE', #4042, 1000.000000000000000 ) ;
#7104 = VERTEX_POINT ( 'NONE', #2752 ) ;
#7105 = EDGE_CURVE ( 'NONE', #6356, #6044, #5294, .T. ) ;
#7106 = VERTEX_POINT ( 'NONE', #6661 ) ;
#7107 = VERTEX_POINT ( 'NONE', #7048 ) ;
#7108 = ADVANCED_FACE ( 'NONE', ( #4332 ), #7087, .T. ) ;
#7109 = ORIENTED_EDGE ( 'NONE', *, *, #1098, .T. ) ;
#7110 = CARTESIAN_POINT ( 'NONE',  ( -0.3103999999999999537, -1.369099878000000103, -3.799999999999999822 ) ) ;
#7111 = CYLINDRICAL_SURFACE ( 'NONE', #2673, 0.02540000000000007530 ) ;
#7112 = AXIS2_PLACEMENT_3D ( 'NONE', #7130, #4500, #5600 ) ;
#7113 = DIRECTION ( 'NONE',  ( 0.000000000000000000, 0.000000000000000000, 1.000000000000000000 ) ) ;
#7114 = AXIS2_PLACEMENT_3D ( 'NONE', #4757, #6945, #1094 ) ;
#7115 = LINE ( 'NONE', #6470, #840 ) ;
#7116 = ORIENTED_EDGE ( 'NONE', *, *, #6440, .F. ) ;
#7117 = CARTESIAN_POINT ( 'NONE',  ( -0.8515000000000000346, -0.1397000000000000186, -0.01270000000000000122 ) ) ;
#7118 = ADVANCED_FACE ( 'NONE', ( #3275 ), #6217, .T. ) ;
#7119 = CARTESIAN_POINT ( 'NONE',  ( -1.003299999999999859, -1.356399878000000170, -0.4872999999999999554 ) ) ;
#7120 = CARTESIAN_POINT ( 'NONE',  ( 0.3203999999999999626, -1.453000000000000069, -0.01270000000000000122 ) ) ;
#7121 = CARTESIAN_POINT ( 'NONE',  ( -0.06350000000000000089, -2.387599999999999945, -2.882899999999999796 ) ) ;
#7122 = VECTOR ( 'NONE', #1564, 1000.000000000000000 ) ;
#7123 = CARTESIAN_POINT ( 'NONE',  ( -0.6476999999999999424, 0.1270000000000000018, -3.810000000000000053 ) ) ;
#7124 = ORIENTED_EDGE ( 'NONE', *, *, #629, .F. ) ;
#7125 = PRODUCT ( 'WSK12161L000FEB', 'WSK12161L000FEB', '', ( #2559 ) ) ;
#7126 = CARTESIAN_POINT ( 'NONE',  ( -0.7620000000000000107, -0.1397000000000000186, -3.581400000000000361 ) ) ;
#7127 = DIRECTION ( 'NONE',  ( 0.000000000000000000, 0.000000000000000000, 1.000000000000000000 ) ) ;
#7128 = ADVANCED_FACE ( 'NONE', ( #5540 ), #4437, .T. ) ;
#7129 = PRODUCT_DEFINITION_FORMATION_WITH_SPECIFIED_SOURCE ( 'ANY', '', #7125, .NOT_KNOWN. ) ;
#7130 = CARTESIAN_POINT ( 'NONE',  ( -0.3203999999999999626, -0.08639987799999999940, -0.01000000000000000021 ) ) ;
#7131 = CARTESIAN_POINT ( 'NONE',  ( 0.3203999999999999626, -1.722399999999999931, -0.4746000000000000218 ) ) ;
#7132 = ORIENTED_EDGE ( 'NONE', *, *, #1668, .F. ) ;
#7133 = CARTESIAN_POINT ( 'NONE',  ( 1.104899999999999993, -1.239799999999999791, -3.784599999999999742 ) ) ;
#7134 = ORIENTED_EDGE ( 'NONE', *, *, #6371, .T. ) ;
#7135 = EDGE_LOOP ( 'NONE', ( #5041, #750, #2913, #32 ) ) ;
#7136 = CARTESIAN_POINT ( 'NONE',  ( 1.003299999999999859, -1.455699999999999772, -1.109600000000000142 ) ) ;
#7137 = DIRECTION ( 'NONE',  ( 0.000000000000000000, 1.000000000000000000, 0.000000000000000000 ) ) ;
#7138 = ORIENTED_EDGE ( 'NONE', *, *, #5589, .F. ) ;
#7139 = LINE ( 'NONE', #6569, #2586 ) ;
#7140 = AXIS2_PLACEMENT_3D ( 'NONE', #549, #4935, #2080 ) ;
#7141 = DIRECTION ( 'NONE',  ( 0.000000000000000000, 0.000000000000000000, -1.000000000000000000 ) ) ;
#7142 = PLANE ( 'NONE',  #5462 ) ;
#7143 = DIRECTION ( 'NONE',  ( -1.000000000000000000, 0.000000000000000000, 0.000000000000000000 ) ) ;
#7144 = CARTESIAN_POINT ( 'NONE',  ( 0.06350000000000000089, -2.387599999999999945, -2.882899999999999796 ) ) ;
#7145 = PRODUCT_RELATED_PRODUCT_CATEGORY ( 'part', '', ( #7125 ) ) ;
#7146 = ADVANCED_FACE ( 'NONE', ( #1531 ), #872, .T. ) ;
#7147 = LINE ( 'NONE', #4415, #1071 ) ;
#7148 = EDGE_LOOP ( 'NONE', ( #1078, #3570, #1569 ) ) ;
#7149 = ORIENTED_EDGE ( 'NONE', *, *, #451, .T. ) ;
#7150 = CARTESIAN_POINT ( 'NONE',  ( -1.460499999999999909, -1.747799999999999798, -3.810000000000000053 ) ) ;
#7151 = SURFACE_SIDE_STYLE ('',( #1476 ) ) ;
#7152 = CARTESIAN_POINT ( 'NONE',  ( 1.155699999999999950, -0.3254000000000000226, -3.810000000000000053 ) ) ;
#7153 = LINE ( 'NONE', #1188, #5379 ) ;
#7154 = DIRECTION ( 'NONE',  ( 1.000000000000000000, 0.000000000000000000, 0.000000000000000000 ) ) ;
#7155 = DIRECTION ( 'NONE',  ( -1.000000000000000000, 1.280553747030122168E-14, -1.457361323485978311E-14 ) ) ;
#7156 = DIRECTION ( 'NONE',  ( 1.000000000000000000, -1.778546870875169980E-17, 0.000000000000000000 ) ) ;
#7157 = CARTESIAN_POINT ( 'NONE',  ( 0.3203999999999999626, -1.722399999999999931, -0.4899999999999999911 ) ) ;
#7158 = EDGE_CURVE ( 'NONE', #4339, #3185, #3107, .T. ) ;
#7159 = DIRECTION ( 'NONE',  ( -1.000000000000000000, 0.000000000000000000, 0.000000000000000000 ) ) ;
#7160 = ORIENTED_EDGE ( 'NONE', *, *, #3480, .T. ) ;
#7161 = DIRECTION ( 'NONE',  ( 1.000000000000000000, 2.316228024226575243E-47, -8.953414682134259802E-32 ) ) ;
#7162 = CARTESIAN_POINT ( 'NONE',  ( 1.168004769845369939, -1.302017039466691894, -3.797299999999999898 ) ) ;
#7163 = VERTEX_POINT ( 'NONE', #1570 ) ;
#7164 = PLANE ( 'NONE',  #1213 ) ;
#7165 = EDGE_CURVE ( 'NONE', #4350, #5421, #2163, .T. ) ;
#7166 = EDGE_CURVE ( 'NONE', #2220, #6289, #2398, .T. ) ;
#7167 = TOROIDAL_SURFACE ( 'NONE', #1477, 0.4317999999999999616, 0.02540000000000000244 ) ;
#7168 = ADVANCED_FACE ( 'NONE', ( #5605 ), #51, .T. ) ;
#7169 = DIRECTION ( 'NONE',  ( -1.000000000000000000, 0.000000000000000000, 0.000000000000000000 ) ) ;
#7170 = ORIENTED_EDGE ( 'NONE', *, *, #2702, .F. ) ;
#7171 = CYLINDRICAL_SURFACE ( 'NONE', #2722, 0.1524000000000000077 ) ;
#7172 = DIRECTION ( 'NONE',  ( 0.000000000000000000, 1.000000000000000000, 0.000000000000000000 ) ) ;
#7173 = ORIENTED_EDGE ( 'NONE', *, *, #1785, .T. ) ;
#7174 = CARTESIAN_POINT ( 'NONE',  ( 1.168400000000000105, -1.239799999999999791, -3.784599999999999742 ) ) ;
#7175 = DIRECTION ( 'NONE',  ( 1.000000000000000000, 0.000000000000000000, 0.000000000000000000 ) ) ;
#7176 = AXIS2_PLACEMENT_3D ( 'NONE', #756, #5238, #4681 ) ;
#7177 = DIRECTION ( 'NONE',  ( 0.000000000000000000, 0.000000000000000000, -1.000000000000000000 ) ) ;
#7178 = PLANE ( 'NONE',  #1954 ) ;
#7179 = CARTESIAN_POINT ( 'NONE',  ( 1.003299999999999859, -0.3047999999999999599, -3.784599999999999742 ) ) ;
#7180 = CIRCLE ( 'NONE', #4990, 0.1270000000000000573 ) ;
#7181 = DIRECTION ( 'NONE',  ( -1.000000000000000000, 9.279374978479150332E-18, 0.000000000000000000 ) ) ;
#7182 = ORIENTED_EDGE ( 'NONE', *, *, #3162, .F. ) ;
#7183 = CIRCLE ( 'NONE', #3957, 0.02540000000000000244 ) ;
#7184 = ORIENTED_EDGE ( 'NONE', *, *, #4394, .F. ) ;
#7185 = EDGE_CURVE ( 'NONE', #6328, #5380, #5176, .T. ) ;
#7186 = DIRECTION ( 'NONE',  ( 0.000000000000000000, 0.000000000000000000, 1.000000000000000000 ) ) ;
#7187 = CARTESIAN_POINT ( 'NONE',  ( 0.3203999999999999626, -1.722399999999999931, -1.135000000000000009 ) ) ;
#7188 = AXIS2_PLACEMENT_3D ( 'NONE', #46, #1109, #4483 ) ;
#7189 = AXIS2_PLACEMENT_3D ( 'NONE', #6277, #2910, #779 ) ;
#7190 = PLANE ( 'NONE',  #6643 ) ;
#7191 = ORIENTED_EDGE ( 'NONE', *, *, #1495, .F. ) ;
#7192 = AXIS2_PLACEMENT_3D ( 'NONE', #5376, #1978, #859 ) ;
#7193 =( BOUNDED_SURFACE ( )  B_SPLINE_SURFACE ( 3, 2, ( 
 ( #1418, #5706, #5858 ),
 ( #2973, #4649, #385 ),
 ( #1559, #4360, #465 ),
 ( #3738, #3847, #3195 ) ),
 .UNSPECIFIED., .F., .F., .F. ) 
 B_SPLINE_SURFACE_WITH_KNOTS ( ( 4, 4 ),
 ( 3, 3 ),
 ( 0.000000000000000000, 2.547601935119320240E-05 ),
 ( 0.000000000000000000, 1.000000000000000000 ),
 .UNSPECIFIED. ) 
 GEOMETRIC_REPRESENTATION_ITEM ( )  RATIONAL_B_SPLINE_SURFACE ( (
 ( 1.000000000000000000, 0.7071067811865480168, 1.000000000000000000),
 ( 1.000000000000000000, 0.7040505288668119643, 1.000000000000000000),
 ( 1.000000000000000000, 0.6999304327129179937, 1.000000000000000000),
 ( 1.000000000000000000, 0.6953738890819809448, 1.000000000000000000) ) ) 
 REPRESENTATION_ITEM ( '' )  SURFACE ( )  );
#7194 = CARTESIAN_POINT ( 'NONE',  ( -0.3203999999999999626, -1.366399878000000179, -0.4872999999999999554 ) ) ;
#7195 = DIRECTION ( 'NONE',  ( 0.000000000000000000, -1.000000000000000000, 0.000000000000000000 ) ) ;
#7196 = NEXT_ASSEMBLY_USAGE_OCCURRENCE ( 'NAUO1', ' ', ' ', #5107, #1330, $ ) ;
#7197 = NEXT_ASSEMBLY_USAGE_OCCURRENCE ( 'NAUO2', ' ', ' ', #5107, #2861, $ ) ;
#7198 = NEXT_ASSEMBLY_USAGE_OCCURRENCE ( 'NAUO3', ' ', ' ', #5107, #5627, $ ) ;
#7199 = NEXT_ASSEMBLY_USAGE_OCCURRENCE ( 'NAUO4', ' ', ' ', #1330, #3324, $ ) ;
ENDSEC;
END-ISO-10303-21;
