ISO-10303-21;
HEADER;
FILE_DESCRIPTION (( 'STEP AP214' ),
    '1' );
FILE_NAME ('NIRSP31-DLARR.STEP',
    '2025-05-12T05:23:06',
    ( '' ),
    ( '' ),
    'SwSTEP 2.0',
    'SolidWorks 2024',
    '' );
FILE_SCHEMA (( 'AUTOMOTIVE_DESIGN' ));
ENDSEC;

DATA;
#1 = UNCERTAINTY_MEASURE_WITH_UNIT (LENGTH_MEASURE( 1.000000000000000082E-05 ), #2165, 'distance_accuracy_value', 'NONE');
#2 = ORIENTED_EDGE ( 'NONE', *, *, #455, .F. ) ;
#3 = CARTESIAN_POINT ( 'NONE',  ( -1.875000000000000000, -0.002000000000000000042, -2.124999999999999112 ) ) ;
#4 = PLANE ( 'NONE',  #3139 ) ;
#5 = ORIENTED_EDGE ( 'NONE', *, *, #40, .T. ) ;
#6 = CARTESIAN_POINT ( 'NONE',  ( 2.000000000000000000, 0.2999999999999999889, 2.500000000000000444 ) ) ;
#7 =( NAMED_UNIT ( * ) PLANE_ANGLE_UNIT ( ) SI_UNIT ( $, .RADIAN. ) );
#8 = ORIENTED_EDGE ( 'NONE', *, *, #792, .T. ) ;
#9 = EDGE_CURVE ( 'NONE', #2337, #1964, #343, .T. ) ;
#10 = CARTESIAN_POINT ( 'NONE',  ( -1.874999999999999778, -0.002000000000000000042, -2.402523876974400174 ) ) ;
#11 = EDGE_CURVE ( 'NONE', #1690, #2308, #1587, .T. ) ;
#12 = EDGE_LOOP ( 'NONE', ( #798, #372, #28, #930 ) ) ;
#13 = DIRECTION ( 'NONE',  ( 1.000000000000000000, -0.000000000000000000, -0.000000000000000000 ) ) ;
#14 = EDGE_CURVE ( 'NONE', #2123, #3116, #2089, .T. ) ;
#15 = ORIENTED_EDGE ( 'NONE', *, *, #1234, .F. ) ;
#16 = VECTOR ( 'NONE', #1463, 1000.000000000000000 ) ;
#17 = VERTEX_POINT ( 'NONE', #224 ) ;
#18 = EDGE_LOOP ( 'NONE', ( #1016, #1676, #819, #1822 ) ) ;
#19 = DIRECTION ( 'NONE',  ( 0.000000000000000000, 1.000000000000000000, 0.000000000000000000 ) ) ;
#20 = DIRECTION ( 'NONE',  ( -0.000000000000000000, 0.000000000000000000, -1.000000000000000000 ) ) ;
#21 = VECTOR ( 'NONE', #2832, 1000.000000000000000 ) ;
#22 = CARTESIAN_POINT ( 'NONE',  ( -1.324999999999999734, 0.000000000000000000, -2.124999999999999112 ) ) ;
#23 = LINE ( 'NONE', #2554, #347 ) ;
#24 = ORIENTED_EDGE ( 'NONE', *, *, #287, .T. ) ;
#25 = VECTOR ( 'NONE', #2395, 1000.000000000000000 ) ;
#26 = CARTESIAN_POINT ( 'NONE',  ( 1.874999999999999778, -0.002000000000000000042, 2.075000000000000622 ) ) ;
#27 = CARTESIAN_POINT ( 'NONE',  ( 1.875000000000000000, 0.000000000000000000, 2.325000000000000622 ) ) ;
#28 = ORIENTED_EDGE ( 'NONE', *, *, #3168, .F. ) ;
#29 = LINE ( 'NONE', #530, #2366 ) ;
#30 = VECTOR ( 'NONE', #2909, 1000.000000000000000 ) ;
#31 = ORIENTED_EDGE ( 'NONE', *, *, #1600, .F. ) ;
#32 = CARTESIAN_POINT ( 'NONE',  ( 2.000000000000000000, 0.6999999999999999556, 2.500000000000000444 ) ) ;
#33 = VECTOR ( 'NONE', #2937, 1000.000000000000000 ) ;
#34 = DIRECTION ( 'NONE',  ( 1.000000000000000000, 0.000000000000000000, 0.000000000000000000 ) ) ;
#35 =( GEOMETRIC_REPRESENTATION_CONTEXT ( 3 ) GLOBAL_UNCERTAINTY_ASSIGNED_CONTEXT ( ( #2549 ) ) GLOBAL_UNIT_ASSIGNED_CONTEXT ( ( #1291, #7, #1747 ) ) REPRESENTATION_CONTEXT ( 'NONE', 'WORKASPACE' ) );
#36 = ADVANCED_FACE ( 'NONE', ( #2215 ), #3267, .T. ) ;
#37 = UNCERTAINTY_MEASURE_WITH_UNIT (LENGTH_MEASURE( 1.000000000000000082E-05 ), #2551, 'distance_accuracy_value', 'NONE');
#38 = ORIENTED_EDGE ( 'NONE', *, *, #331, .F. ) ;
#39 = FACE_BOUND ( 'NONE', #2575, .T. ) ;
#40 = EDGE_CURVE ( 'NONE', #710, #2720, #434, .T. ) ;
#41 = VERTEX_POINT ( 'NONE', #2721 ) ;
#42 = DIRECTION ( 'NONE',  ( 8.673617379884027583E-16, -0.000000000000000000, 1.000000000000000000 ) ) ;
#43 = AXIS2_PLACEMENT_3D ( 'NONE', #101, #2628, #2391 ) ;
#44 = DIRECTION ( 'NONE',  ( 0.000000000000000000, -0.000000000000000000, 1.000000000000000000 ) ) ;
#45 = DIRECTION ( 'NONE',  ( -0.000000000000000000, 1.000000000000000000, -0.000000000000000000 ) ) ;
#46 = AXIS2_PLACEMENT_3D ( 'NONE', #2186, #914, #898 ) ;
#47 = ORIENTED_EDGE ( 'NONE', *, *, #2251, .F. ) ;
#48 = ORIENTED_EDGE ( 'NONE', *, *, #2640, .F. ) ;
#49 = CARTESIAN_POINT ( 'NONE',  ( -1.324999999999999734, 0.000000000000000000, 1.775000000000000577 ) ) ;
#50 = LINE ( 'NONE', #2508, #2837 ) ;
#51 = DIRECTION ( 'NONE',  ( 0.000000000000000000, -1.000000000000000000, 0.000000000000000000 ) ) ;
#52 = EDGE_LOOP ( 'NONE', ( #705, #371, #804, #1204 ) ) ;
#53 = DIRECTION ( 'NONE',  ( -1.000000000000000000, -0.000000000000000000, -0.000000000000000000 ) ) ;
#54 = FACE_OUTER_BOUND ( 'NONE', #1521, .T. ) ;
#55 = ORIENTED_EDGE ( 'NONE', *, *, #2684, .T. ) ;
#56 = FACE_BOUND ( 'NONE', #2906, .T. ) ;
#57 = CARTESIAN_POINT ( 'NONE',  ( -2.000000000000000000, 0.000000000000000000, 2.500000000000000444 ) ) ;
#58 = ADVANCED_FACE ( 'NONE', ( #2457 ), #2440, .F. ) ;
#59 = VERTEX_POINT ( 'NONE', #215 ) ;
#60 = ORIENTED_EDGE ( 'NONE', *, *, #1091, .T. ) ;
#61 = CARTESIAN_POINT ( 'NONE',  ( 1.874999999999999778, 0.000000000000000000, -0.6749999999999998224 ) ) ;
#62 = DIRECTION ( 'NONE',  ( 0.000000000000000000, 0.000000000000000000, -1.000000000000000000 ) ) ;
#63 = CARTESIAN_POINT ( 'NONE',  ( 0.000000000000000000, -0.002000000000000000042, 0.000000000000000000 ) ) ;
#64 = ORIENTED_EDGE ( 'NONE', *, *, #460, .F. ) ;
#65 = CARTESIAN_POINT ( 'NONE',  ( 2.000000000000000000, 0.6999999999999999556, -2.499999999999999556 ) ) ;
#66 = CARTESIAN_POINT ( 'NONE',  ( 1.875000000000000000, -0.002000000000000000042, 2.325000000000000622 ) ) ;
#67 = ORIENTED_EDGE ( 'NONE', *, *, #2049, .F. ) ;
#68 = DIRECTION ( 'NONE',  ( -0.000000000000000000, 1.000000000000000000, -0.000000000000000000 ) ) ;
#69 = LINE ( 'NONE', #1059, #1394 ) ;
#70 = LINE ( 'NONE', #2277, #1386 ) ;
#71 = ORIENTED_EDGE ( 'NONE', *, *, #1495, .F. ) ;
#72 = ORIENTED_EDGE ( 'NONE', *, *, #731, .T. ) ;
#73 = ORIENTED_EDGE ( 'NONE', *, *, #2537, .F. ) ;
#74 = LINE ( 'NONE', #1381, #1121 ) ;
#75 = VECTOR ( 'NONE', #1855, 1000.000000000000000 ) ;
#76 = EDGE_CURVE ( 'NONE', #929, #146, #1164, .T. ) ;
#77 = SURFACE_STYLE_FILL_AREA ( #342 ) ;
#78 = LINE ( 'NONE', #2911, #1459 ) ;
#79 = VECTOR ( 'NONE', #3106, 1000.000000000000000 ) ;
#80 = ORIENTED_EDGE ( 'NONE', *, *, #961, .T. ) ;
#81 = LINE ( 'NONE', #2094, #244 ) ;
#82 = VECTOR ( 'NONE', #3065, 1000.000000000000000 ) ;
#83 = PLANE ( 'NONE',  #1341 ) ;
#84 = PRESENTATION_LAYER_ASSIGNMENT (  '', '', ( #2777 ) ) ;
#85 = LINE ( 'NONE', #3124, #189 ) ;
#86 = LINE ( 'NONE', #1878, #2736 ) ;
#87 = AXIS2_PLACEMENT_3D ( 'NONE', #536, #3062, #2800 ) ;
#88 = EDGE_CURVE ( 'NONE', #1622, #2960, #179, .T. ) ;
#89 = CARTESIAN_POINT ( 'NONE',  ( -1.875000000000000000, 0.000000000000000000, -1.524999999999999467 ) ) ;
#90 = PRESENTATION_LAYER_ASSIGNMENT (  '', '', ( #1502 ) ) ;
#91 = CIRCLE ( 'NONE', #2202, 0.1324839542973937911 ) ;
#92 = ORIENTED_EDGE ( 'NONE', *, *, #1234, .T. ) ;
#93 = ORIENTED_EDGE ( 'NONE', *, *, #142, .F. ) ;
#94 = FACE_OUTER_BOUND ( 'NONE', #2830, .T. ) ;
#95 = AXIS2_PLACEMENT_3D ( 'NONE', #611, #1425, #1170 ) ;
#96 = DIRECTION ( 'NONE',  ( -1.000000000000000000, -0.000000000000000000, -0.000000000000000000 ) ) ;
#97 = EDGE_CURVE ( 'NONE', #2085, #2046, #2423, .T. ) ;
#98 = CARTESIAN_POINT ( 'NONE',  ( 1.324999999999999512, -0.000000000000000000, -1.774999999999999689 ) ) ;
#99 = EDGE_CURVE ( 'NONE', #864, #1478, #909, .T. ) ;
#100 = CARTESIAN_POINT ( 'NONE',  ( 1.875000000000000000, -0.002000000000000000042, 1.225000000000000533 ) ) ;
#101 = CARTESIAN_POINT ( 'NONE',  ( 0.000000000000000000, -0.002000000000000000042, 0.000000000000000000 ) ) ;
#102 = UNCERTAINTY_MEASURE_WITH_UNIT (LENGTH_MEASURE( 1.000000000000000082E-05 ), #2113, 'distance_accuracy_value', 'NONE');
#103 = CARTESIAN_POINT ( 'NONE',  ( -1.874999999999999778, -0.002000000000000000042, -2.402523876974400174 ) ) ;
#104 = DIRECTION ( 'NONE',  ( -0.000000000000000000, 1.000000000000000000, -0.000000000000000000 ) ) ;
#105 = PRESENTATION_STYLE_ASSIGNMENT (( #334 ) ) ;
#106 = ORIENTED_EDGE ( 'NONE', *, *, #1951, .T. ) ;
#107 = CARTESIAN_POINT ( 'NONE',  ( 1.875000000000000000, -0.002000000000000000042, 1.775000000000000577 ) ) ;
#108 = ORIENTED_EDGE ( 'NONE', *, *, #1633, .T. ) ;
#109 = ORIENTED_EDGE ( 'NONE', *, *, #2827, .T. ) ;
#110 = LINE ( 'NONE', #591, #197 ) ;
#111 = LINE ( 'NONE', #3133, #1076 ) ;
#112 = CARTESIAN_POINT ( 'NONE',  ( -1.582834611868862762, 0.6999999999999999556, -2.241767963505902017 ) ) ;
#113 = PLANE ( 'NONE',  #2346 ) ;
#114 = EDGE_CURVE ( 'NONE', #2763, #3160, #2682, .T. ) ;
#115 = EDGE_CURVE ( 'NONE', #41, #514, #1055, .T. ) ;
#116 = CARTESIAN_POINT ( 'NONE',  ( 1.874999999999999778, 0.000000000000000000, -0.1249999999999996808 ) ) ;
#117 = FACE_OUTER_BOUND ( 'NONE', #1024, .T. ) ;
#118 = CARTESIAN_POINT ( 'NONE',  ( 1.875000000000000000, -0.002000000000000000042, 0.6750000000000007105 ) ) ;
#119 = EDGE_CURVE ( 'NONE', #1941, #2086, #2284, .T. ) ;
#120 = CARTESIAN_POINT ( 'NONE',  ( 1.875000000000000000, 0.000000000000000000, 0.1250000000000005551 ) ) ;
#121 = CARTESIAN_POINT ( 'NONE',  ( 1.324999999999999734, -0.002000000000000000042, 0.6750000000000007105 ) ) ;
#122 = ORIENTED_EDGE ( 'NONE', *, *, #2866, .F. ) ;
#123 = EDGE_LOOP ( 'NONE', ( #1436, #138, #2902, #2037 ) ) ;
#124 = VERTEX_POINT ( 'NONE', #2851 ) ;
#125 = DIRECTION ( 'NONE',  ( -0.000000000000000000, 0.000000000000000000, 1.000000000000000000 ) ) ;
#126 = PRESENTATION_LAYER_ASSIGNMENT (  '', '', ( #2658 ) ) ;
#127 = PLANE ( 'NONE',  #361 ) ;
#128 = AXIS2_PLACEMENT_3D ( 'NONE', #2645, #133, #2156 ) ;
#129 = FACE_OUTER_BOUND ( 'NONE', #709, .T. ) ;
#130 = ORIENTED_EDGE ( 'NONE', *, *, #2586, .F. ) ;
#131 = DIRECTION ( 'NONE',  ( -0.000000000000000000, 1.000000000000000000, -0.000000000000000000 ) ) ;
#132 = VECTOR ( 'NONE', #1006, 1000.000000000000000 ) ;
#133 = DIRECTION ( 'NONE',  ( -1.000000000000000000, 0.000000000000000000, 8.673617379884028570E-16 ) ) ;
#134 = VECTOR ( 'NONE', #949, 1000.000000000000000 ) ;
#135 =( LENGTH_UNIT ( ) NAMED_UNIT ( * ) SI_UNIT ( .MILLI., .METRE. ) );
#136 = CARTESIAN_POINT ( 'NONE',  ( -2.000000000000000000, 0.6999999999999999556, -2.499999999999999556 ) ) ;
#137 = ORIENTED_EDGE ( 'NONE', *, *, #3066, .T. ) ;
#138 = ORIENTED_EDGE ( 'NONE', *, *, #1515, .F. ) ;
#139 = ADVANCED_FACE ( 'NONE', ( #1245 ), #196, .F. ) ;
#140 = VECTOR ( 'NONE', #1326, 1000.000000000000000 ) ;
#141 = EDGE_LOOP ( 'NONE', ( #1439, #2526, #2318, #2389 ) ) ;
#142 = EDGE_CURVE ( 'NONE', #229, #990, #693, .T. ) ;
#143 = DIRECTION ( 'NONE',  ( 1.000000000000000000, 0.000000000000000000, -8.673617379884028570E-16 ) ) ;
#144 = VECTOR ( 'NONE', #494, 1000.000000000000000 ) ;
#145 = ORIENTED_EDGE ( 'NONE', *, *, #2537, .T. ) ;
#146 = VERTEX_POINT ( 'NONE', #1215 ) ;
#147 = CARTESIAN_POINT ( 'NONE',  ( 1.875000000000000000, 0.000000000000000000, -1.524999999999999467 ) ) ;
#148 = MECHANICAL_DESIGN_GEOMETRIC_PRESENTATION_REPRESENTATION (  '', ( #1030 ), #209 ) ;
#149 = DIRECTION ( 'NONE',  ( -1.000000000000000000, -0.000000000000000000, -0.000000000000000000 ) ) ;
#150 = CARTESIAN_POINT ( 'NONE',  ( 1.875000000000000000, 0.000000000000000000, -2.074999999999999734 ) ) ;
#151 = LINE ( 'NONE', #2877, #1224 ) ;
#152 = CARTESIAN_POINT ( 'NONE',  ( 1.324999999999999512, -0.002000000000000000042, -1.224999999999999423 ) ) ;
#153 = CARTESIAN_POINT ( 'NONE',  ( -1.582834611868862762, 0.6999999999999999556, -2.109284009208508337 ) ) ;
#154 = CARTESIAN_POINT ( 'NONE',  ( -1.582834611868862762, 0.6979999999999999538, -1.976800054911114657 ) ) ;
#155 = DIRECTION ( 'NONE',  ( 0.000000000000000000, 0.000000000000000000, 1.000000000000000000 ) ) ;
#156 = ADVANCED_FACE ( 'NONE', ( #974 ), #3006, .F. ) ;
#157 = FACE_OUTER_BOUND ( 'NONE', #1346, .T. ) ;
#158 = ORIENTED_EDGE ( 'NONE', *, *, #2325, .T. ) ;
#159 = CARTESIAN_POINT ( 'NONE',  ( 1.324999999999999734, -0.002000000000000000042, -2.074999999999999734 ) ) ;
#160 = CARTESIAN_POINT ( 'NONE',  ( 1.324999999999999734, 0.000000000000000000, 0.1250000000000005551 ) ) ;
#161 = ADVANCED_FACE ( 'NONE', ( #2764 ), #1202, .F. ) ;
#162 = ADVANCED_FACE ( 'NONE', ( #1494 ), #2501, .F. ) ;
#163 = ORIENTED_EDGE ( 'NONE', *, *, #3081, .F. ) ;
#164 = CARTESIAN_POINT ( 'NONE',  ( 1.324999999999999734, -0.002000000000000000042, -1.524999999999999467 ) ) ;
#165 =( NAMED_UNIT ( * ) SI_UNIT ( $, .STERADIAN. ) SOLID_ANGLE_UNIT ( ) );
#166 =( NAMED_UNIT ( * ) PLANE_ANGLE_UNIT ( ) SI_UNIT ( $, .RADIAN. ) );
#167 = CARTESIAN_POINT ( 'NONE',  ( 1.324999999999999512, -0.002000000000000000042, -0.6749999999999998224 ) ) ;
#168 = CARTESIAN_POINT ( 'NONE',  ( 1.875000000000000000, 0.000000000000000000, -2.074999999999999734 ) ) ;
#169 = FACE_OUTER_BOUND ( 'NONE', #652, .T. ) ;
#170 = ADVANCED_FACE ( 'NONE', ( #724 ), #2739, .F. ) ;
#171 = CARTESIAN_POINT ( 'NONE',  ( 1.324999999999999512, 0.000000000000000000, 0.4250000000000004885 ) ) ;
#172 = LINE ( 'NONE', #1094, #2727 ) ;
#173 = ORIENTED_EDGE ( 'NONE', *, *, #3125, .T. ) ;
#174 = DIRECTION ( 'NONE',  ( -1.000000000000000000, -0.000000000000000000, -0.000000000000000000 ) ) ;
#175 = MANIFOLD_SOLID_BREP ( 'Boss-Extrude3', #1912 ) ;
#176 = ORIENTED_EDGE ( 'NONE', *, *, #2586, .T. ) ;
#177 = ORIENTED_EDGE ( 'NONE', *, *, #981, .T. ) ;
#178 = DIRECTION ( 'NONE',  ( 0.000000000000000000, 0.000000000000000000, -1.000000000000000000 ) ) ;
#179 = LINE ( 'NONE', #406, #1007 ) ;
#180 = VERTEX_POINT ( 'NONE', #2295 ) ;
#181 = ORIENTED_EDGE ( 'NONE', *, *, #643, .F. ) ;
#182 = ORIENTED_EDGE ( 'NONE', *, *, #3123, .T. ) ;
#183 = LINE ( 'NONE', #1440, #1550 ) ;
#184 = VECTOR ( 'NONE', #841, 1000.000000000000000 ) ;
#185 = ADVANCED_FACE ( 'NONE', ( #488, #1566, #1001, #785, #56, #1795, #2799, #2010, #831, #584, #3030, #767, #1281, #813, #2274, #2079, #39, #270, #1311, #1047 ), #799, .T. ) ;
#186 = VECTOR ( 'NONE', #593, 1000.000000000000000 ) ;
#187 = CARTESIAN_POINT ( 'NONE',  ( -1.324999999999999512, 0.000000000000000000, -1.774999999999999689 ) ) ;
#188 = CARTESIAN_POINT ( 'NONE',  ( 1.324999999999999512, -0.002000000000000000042, -0.1249999999999996808 ) ) ;
#189 = VECTOR ( 'NONE', #858, 1000.000000000000000 ) ;
#190 = LINE ( 'NONE', #3217, #192 ) ;
#191 = DIRECTION ( 'NONE',  ( -8.673617379884027583E-16, -0.000000000000000000, 1.000000000000000000 ) ) ;
#192 = VECTOR ( 'NONE', #446, 1000.000000000000000 ) ;
#193 = LINE ( 'NONE', #1981, #830 ) ;
#194 = VERTEX_POINT ( 'NONE', #2835 ) ;
#195 = EDGE_CURVE ( 'NONE', #1680, #990, #3075, .T. ) ;
#196 = PLANE ( 'NONE',  #964 ) ;
#197 = VECTOR ( 'NONE', #1585, 1000.000000000000000 ) ;
#198 = ORIENTED_EDGE ( 'NONE', *, *, #757, .T. ) ;
#199 = ORIENTED_EDGE ( 'NONE', *, *, #205, .F. ) ;
#200 = VECTOR ( 'NONE', #1907, 1000.000000000000000 ) ;
#201 = VERTEX_POINT ( 'NONE', #285 ) ;
#202 = CARTESIAN_POINT ( 'NONE',  ( -1.874999999999999778, -0.002000000000000000042, -1.774999999999999689 ) ) ;
#203 = CARTESIAN_POINT ( 'NONE',  ( 1.874999999999999778, -0.002000000000000000042, -1.774999999999999689 ) ) ;
#204 = VECTOR ( 'NONE', #2766, 1000.000000000000000 ) ;
#205 = EDGE_CURVE ( 'NONE', #1632, #575, #550, .T. ) ;
#206 = DIRECTION ( 'NONE',  ( 1.000000000000000000, 0.000000000000000000, 8.673617379884028570E-16 ) ) ;
#207 = LINE ( 'NONE', #2170, #466 ) ;
#208 = ADVANCED_FACE ( 'NONE', ( #2585 ), #1514, .F. ) ;
#209 =( GEOMETRIC_REPRESENTATION_CONTEXT ( 3 ) GLOBAL_UNCERTAINTY_ASSIGNED_CONTEXT ( ( #2611 ) ) GLOBAL_UNIT_ASSIGNED_CONTEXT ( ( #664, #1715, #221 ) ) REPRESENTATION_CONTEXT ( 'NONE', 'WORKASPACE' ) );
#210 = FACE_OUTER_BOUND ( 'NONE', #2805, .T. ) ;
#211 = ORIENTED_EDGE ( 'NONE', *, *, #1050, .F. ) ;
#212 = CARTESIAN_POINT ( 'NONE',  ( -1.324999999999999734, 0.000000000000000000, 1.225000000000000533 ) ) ;
#213 = ORIENTED_EDGE ( 'NONE', *, *, #304, .F. ) ;
#214 = DIRECTION ( 'NONE',  ( -0.000000000000000000, 0.000000000000000000, 1.000000000000000000 ) ) ;
#215 = CARTESIAN_POINT ( 'NONE',  ( -1.324999999999999512, -0.002000000000000000042, 0.4250000000000004885 ) ) ;
#216 = ORIENTED_EDGE ( 'NONE', *, *, #2849, .T. ) ;
#217 = CARTESIAN_POINT ( 'NONE',  ( -1.875000000000000000, -0.000000000000000000, -0.9749999999999993117 ) ) ;
#218 = LINE ( 'NONE', #1206, #1240 ) ;
#219 = CARTESIAN_POINT ( 'NONE',  ( 2.000000000000000000, 0.2999999999999999889, -2.499999999999999556 ) ) ;
#220 = DIRECTION ( 'NONE',  ( 8.673617379884028570E-16, 0.000000000000000000, -1.000000000000000000 ) ) ;
#221 =( NAMED_UNIT ( * ) SI_UNIT ( $, .STERADIAN. ) SOLID_ANGLE_UNIT ( ) );
#222 = DIRECTION ( 'NONE',  ( 0.000000000000000000, 1.000000000000000000, 0.000000000000000000 ) ) ;
#223 = EDGE_CURVE ( 'NONE', #2308, #864, #307, .T. ) ;
#224 = CARTESIAN_POINT ( 'NONE',  ( 1.324999999999999512, -0.000000000000000000, -2.324999999999999734 ) ) ;
#225 = FACE_OUTER_BOUND ( 'NONE', #2382, .T. ) ;
#226 = ORIENTED_EDGE ( 'NONE', *, *, #760, .T. ) ;
#227 = CARTESIAN_POINT ( 'NONE',  ( -1.875000000000000000, -0.002000000000000000042, 0.1250000000000005551 ) ) ;
#228 = PLANE ( 'NONE',  #405 ) ;
#229 = VERTEX_POINT ( 'NONE', #3 ) ;
#230 = ORIENTED_EDGE ( 'NONE', *, *, #1371, .T. ) ;
#231 = PLANE ( 'NONE',  #773 ) ;
#232 = ORIENTED_EDGE ( 'NONE', *, *, #11, .F. ) ;
#233 = CARTESIAN_POINT ( 'NONE',  ( 2.000000000000000000, 0.2999999999999999889, 2.500000000000000444 ) ) ;
#234 = CARTESIAN_POINT ( 'NONE',  ( 1.324999999999999734, 0.000000000000000000, 0.1250000000000005551 ) ) ;
#235 = LINE ( 'NONE', #1960, #733 ) ;
#236 = CARTESIAN_POINT ( 'NONE',  ( -1.875000000000000000, -0.002000000000000000042, 0.6750000000000007105 ) ) ;
#237 = PLANE ( 'NONE',  #1290 ) ;
#238 = STYLED_ITEM ( 'NONE', ( #2048 ), #185 ) ;
#239 = ORIENTED_EDGE ( 'NONE', *, *, #2392, .F. ) ;
#240 = ORIENTED_EDGE ( 'NONE', *, *, #3080, .T. ) ;
#241 = DIRECTION ( 'NONE',  ( -1.000000000000000000, 0.000000000000000000, -8.673617379884028570E-16 ) ) ;
#242 = VECTOR ( 'NONE', #3025, 1000.000000000000000 ) ;
#243 = DIRECTION ( 'NONE',  ( 8.673617379884028570E-16, 0.000000000000000000, -1.000000000000000000 ) ) ;
#244 = VECTOR ( 'NONE', #2714, 1000.000000000000000 ) ;
#245 = ADVANCED_FACE ( 'NONE', ( #2533 ), #2781, .F. ) ;
#246 = DIRECTION ( 'NONE',  ( -0.000000000000000000, 1.000000000000000000, -0.000000000000000000 ) ) ;
#247 = VECTOR ( 'NONE', #1955, 1000.000000000000000 ) ;
#248 = AXIS2_PLACEMENT_3D ( 'NONE', #603, #178, #1599 ) ;
#249 = FACE_OUTER_BOUND ( 'NONE', #1358, .T. ) ;
#250 = AXIS2_PLACEMENT_3D ( 'NONE', #2470, #206, #220 ) ;
#251 = VECTOR ( 'NONE', #1451, 1000.000000000000000 ) ;
#252 = LINE ( 'NONE', #998, #612 ) ;
#253 = LINE ( 'NONE', #1753, #1237 ) ;
#254 = MECHANICAL_DESIGN_GEOMETRIC_PRESENTATION_REPRESENTATION (  '', ( #2248 ), #2742 ) ;
#255 = ORIENTED_EDGE ( 'NONE', *, *, #1488, .F. ) ;
#256 = VERTEX_POINT ( 'NONE', #599 ) ;
#257 = ORIENTED_EDGE ( 'NONE', *, *, #467, .T. ) ;
#258 = EDGE_CURVE ( 'NONE', #948, #852, #2606, .T. ) ;
#259 = DIRECTION ( 'NONE',  ( 0.7071067811865483499, 0.000000000000000000, -0.7071067811865466846 ) ) ;
#260 = ADVANCED_FACE ( 'NONE', ( #2379 ), #1647, .F. ) ;
#261 = ORIENTED_EDGE ( 'NONE', *, *, #2885, .T. ) ;
#262 = PLANE ( 'NONE',  #292 ) ;
#263 = FACE_OUTER_BOUND ( 'NONE', #2148, .T. ) ;
#264 = ORIENTED_EDGE ( 'NONE', *, *, #2726, .T. ) ;
#265 = LINE ( 'NONE', #1029, #21 ) ;
#266 = CARTESIAN_POINT ( 'NONE',  ( 1.874999999999999778, 0.000000000000000000, 2.075000000000000622 ) ) ;
#267 = ORIENTED_EDGE ( 'NONE', *, *, #1788, .F. ) ;
#268 = UNCERTAINTY_MEASURE_WITH_UNIT (LENGTH_MEASURE( 1.000000000000000082E-05 ), #807, 'distance_accuracy_value', 'NONE');
#269 = ORIENTED_EDGE ( 'NONE', *, *, #205, .T. ) ;
#270 = FACE_BOUND ( 'NONE', #12, .T. ) ;
#271 = DIRECTION ( 'NONE',  ( 8.673617379884028570E-16, 0.000000000000000000, 1.000000000000000000 ) ) ;
#272 =( NAMED_UNIT ( * ) PLANE_ANGLE_UNIT ( ) SI_UNIT ( $, .RADIAN. ) );
#273 = LINE ( 'NONE', #2299, #667 ) ;
#274 = ORIENTED_EDGE ( 'NONE', *, *, #1419, .F. ) ;
#275 = FACE_OUTER_BOUND ( 'NONE', #1043, .T. ) ;
#276 = CARTESIAN_POINT ( 'NONE',  ( 1.874999999999999778, 0.000000000000000000, 0.9750000000000004219 ) ) ;
#277 = ORIENTED_EDGE ( 'NONE', *, *, #2356, .T. ) ;
#278 = LINE ( 'NONE', #1221, #786 ) ;
#279 = ORIENTED_EDGE ( 'NONE', *, *, #1300, .T. ) ;
#280 = EDGE_CURVE ( 'NONE', #2574, #1898, #2659, .T. ) ;
#281 = CARTESIAN_POINT ( 'NONE',  ( -1.324999999999999734, -0.002000000000000000042, 1.225000000000000533 ) ) ;
#282 = DIRECTION ( 'NONE',  ( -0.000000000000000000, 1.000000000000000000, 0.000000000000000000 ) ) ;
#283 = EDGE_LOOP ( 'NONE', ( #2633, #3035, #3252, #1940 ) ) ;
#284 = EDGE_LOOP ( 'NONE', ( #293, #476 ) ) ;
#285 = CARTESIAN_POINT ( 'NONE',  ( -1.874999999999999778, -0.002000000000000000042, 0.4250000000000004885 ) ) ;
#286 = AXIS2_PLACEMENT_3D ( 'NONE', #1340, #1875, #2367 ) ;
#287 = EDGE_CURVE ( 'NONE', #2073, #201, #85, .T. ) ;
#288 = CARTESIAN_POINT ( 'NONE',  ( 1.324999999999999512, -0.002000000000000000042, 2.075000000000000622 ) ) ;
#289 = VECTOR ( 'NONE', #1354, 1000.000000000000000 ) ;
#290 = PRESENTATION_STYLE_ASSIGNMENT (( #2100 ) ) ;
#291 = FACE_OUTER_BOUND ( 'NONE', #2205, .T. ) ;
#292 = AXIS2_PLACEMENT_3D ( 'NONE', #2507, #1535, #1522 ) ;
#293 = ORIENTED_EDGE ( 'NONE', *, *, #258, .T. ) ;
#294 = VECTOR ( 'NONE', #2445, 1000.000000000000000 ) ;
#295 = LINE ( 'NONE', #6, #2463 ) ;
#296 = FILL_AREA_STYLE ('',( #1791 ) ) ;
#297 = VECTOR ( 'NONE', #554, 1000.000000000000000 ) ;
#298 = ORIENTED_EDGE ( 'NONE', *, *, #2782, .F. ) ;
#299 = ADVANCED_FACE ( 'NONE', ( #117 ), #890, .F. ) ;
#300 = DIRECTION ( 'NONE',  ( 8.673617379884027583E-16, -0.000000000000000000, 1.000000000000000000 ) ) ;
#301 = VECTOR ( 'NONE', #362, 1000.000000000000000 ) ;
#302 = ORIENTED_EDGE ( 'NONE', *, *, #2813, .T. ) ;
#303 = ADVANCED_FACE ( 'NONE', ( #1593 ), #633, .F. ) ;
#304 = EDGE_CURVE ( 'NONE', #1897, #2738, #1908, .T. ) ;
#305 = DIRECTION ( 'NONE',  ( 0.000000000000000000, -1.000000000000000000, 0.000000000000000000 ) ) ;
#306 = AXIS2_PLACEMENT_3D ( 'NONE', #2454, #2735, #942 ) ;
#307 = LINE ( 'NONE', #2327, #1703 ) ;
#308 = AXIS2_PLACEMENT_3D ( 'NONE', #1645, #2609, #2109 ) ;
#309 = LINE ( 'NONE', #1282, #2839 ) ;
#310 = COLOUR_RGB ( '',0.1098039215686274495, 0.1098039215686274495, 0.1098039215686274495 ) ;
#311 = FACE_OUTER_BOUND ( 'NONE', #3016, .T. ) ;
#312 = CARTESIAN_POINT ( 'NONE',  ( -1.324999999999999734, -0.002000000000000000042, 0.1250000000000005551 ) ) ;
#313 = VECTOR ( 'NONE', #698, 1000.000000000000000 ) ;
#314 = ORIENTED_EDGE ( 'NONE', *, *, #1271, .F. ) ;
#315 = ORIENTED_EDGE ( 'NONE', *, *, #2744, .T. ) ;
#316 = DIRECTION ( 'NONE',  ( 0.000000000000000000, -0.000000000000000000, 1.000000000000000000 ) ) ;
#317 = CARTESIAN_POINT ( 'NONE',  ( -1.324999999999999734, -0.002000000000000000042, 1.775000000000000577 ) ) ;
#318 = ORIENTED_EDGE ( 'NONE', *, *, #2005, .T. ) ;
#319 = DIRECTION ( 'NONE',  ( -8.673617379884028570E-16, 0.000000000000000000, 1.000000000000000000 ) ) ;
#320 = DIRECTION ( 'NONE',  ( -1.000000000000000000, -0.000000000000000000, -0.000000000000000000 ) ) ;
#321 = CARTESIAN_POINT ( 'NONE',  ( -1.875000000000000000, -0.002000000000000000042, -1.524999999999999467 ) ) ;
#322 = EDGE_CURVE ( 'NONE', #124, #740, #2630, .T. ) ;
#323 = DIRECTION ( 'NONE',  ( 0.000000000000000000, 0.000000000000000000, -1.000000000000000000 ) ) ;
#324 = ORIENTED_EDGE ( 'NONE', *, *, #1934, .F. ) ;
#325 = ORIENTED_EDGE ( 'NONE', *, *, #450, .F. ) ;
#326 = DIRECTION ( 'NONE',  ( -8.673617379884027583E-16, -0.000000000000000000, 1.000000000000000000 ) ) ;
#327 = CARTESIAN_POINT ( 'NONE',  ( 1.324999999999999734, -0.002000000000000000042, 1.225000000000000533 ) ) ;
#328 = LINE ( 'NONE', #1306, #835 ) ;
#329 = EDGE_LOOP ( 'NONE', ( #2841, #1293, #3046, #651 ) ) ;
#330 = FACE_OUTER_BOUND ( 'NONE', #1434, .T. ) ;
#331 = EDGE_CURVE ( 'NONE', #638, #1898, #1093, .T. ) ;
#332 = DIRECTION ( 'NONE',  ( 8.673617379884027583E-16, 0.000000000000000000, -1.000000000000000000 ) ) ;
#333 = UNCERTAINTY_MEASURE_WITH_UNIT (LENGTH_MEASURE( 1.000000000000000082E-05 ), #135, 'distance_accuracy_value', 'NONE');
#334 = SURFACE_STYLE_USAGE ( .BOTH. , #2368 ) ;
#335 = DIRECTION ( 'NONE',  ( -0.000000000000000000, 1.000000000000000000, 0.000000000000000000 ) ) ;
#336 = EDGE_CURVE ( 'NONE', #2149, #803, #2899, .T. ) ;
#337 = EDGE_CURVE ( 'NONE', #1529, #353, #2916, .T. ) ;
#338 = AXIS2_PLACEMENT_3D ( 'NONE', #2568, #19, #1324 ) ;
#339 = VERTEX_POINT ( 'NONE', #1891 ) ;
#340 = EDGE_LOOP ( 'NONE', ( #1918, #390, #2323, #2477 ) ) ;
#341 = CARTESIAN_POINT ( 'NONE',  ( 2.000000000000000000, 0.2999999999999999889, 2.500000000000000444 ) ) ;
#342 = FILL_AREA_STYLE ('',( #2057 ) ) ;
#343 = LINE ( 'NONE', #1835, #601 ) ;
#344 = LINE ( 'NONE', #3134, #1343 ) ;
#345 = VECTOR ( 'NONE', #2595, 1000.000000000000000 ) ;
#346 = DIRECTION ( 'NONE',  ( -0.000000000000000000, 1.000000000000000000, -0.000000000000000000 ) ) ;
#347 = VECTOR ( 'NONE', #2521, 1000.000000000000000 ) ;
#348 = CARTESIAN_POINT ( 'NONE',  ( 1.324999999999999734, -0.002000000000000000042, -2.074999999999999734 ) ) ;
#349 = VECTOR ( 'NONE', #2588, 1000.000000000000000 ) ;
#350 = LINE ( 'NONE', #418, #3255 ) ;
#351 = PLANE ( 'NONE',  #2623 ) ;
#352 = MECHANICAL_DESIGN_GEOMETRIC_PRESENTATION_REPRESENTATION (  '', ( #2135 ), #2888 ) ;
#353 = VERTEX_POINT ( 'NONE', #1390 ) ;
#354 = CARTESIAN_POINT ( 'NONE',  ( -1.875000000000000000, -0.002000000000000000042, 2.325000000000000622 ) ) ;
#355 = STYLED_ITEM ( 'NONE', ( #2817 ), #2343 ) ;
#356 = ORIENTED_EDGE ( 'NONE', *, *, #2219, .T. ) ;
#357 = VERTEX_POINT ( 'NONE', #618 ) ;
#358 = EDGE_CURVE ( 'NONE', #146, #1184, #3176, .T. ) ;
#359 = EDGE_CURVE ( 'NONE', #1478, #2531, #380, .T. ) ;
#360 = LINE ( 'NONE', #1347, #2238 ) ;
#361 = AXIS2_PLACEMENT_3D ( 'NONE', #63, #1573, #1350 ) ;
#362 = DIRECTION ( 'NONE',  ( 1.000000000000000000, 0.000000000000000000, 0.000000000000000000 ) ) ;
#363 = CARTESIAN_POINT ( 'NONE',  ( 2.000000000000000000, 0.2999999999999999889, 2.500000000000000444 ) ) ;
#364 = EDGE_CURVE ( 'NONE', #1272, #977, #2612, .T. ) ;
#365 = CYLINDRICAL_SURFACE ( 'NONE', #3086, 0.04158079293726342496 ) ;
#366 = CARTESIAN_POINT ( 'NONE',  ( 1.875000000000000000, -0.002000000000000000042, 0.6750000000000007105 ) ) ;
#367 = CARTESIAN_POINT ( 'NONE',  ( 1.874999999999999778, 0.000000000000000000, 1.525000000000000355 ) ) ;
#368 = PLANE ( 'NONE',  #2511 ) ;
#369 = CARTESIAN_POINT ( 'NONE',  ( -1.324999999999999734, 0.000000000000000000, -1.524999999999999467 ) ) ;
#370 = CARTESIAN_POINT ( 'NONE',  ( 1.875000000000000000, -0.002000000000000000042, 2.325000000000000622 ) ) ;
#371 = ORIENTED_EDGE ( 'NONE', *, *, #3064, .T. ) ;
#372 = ORIENTED_EDGE ( 'NONE', *, *, #2356, .F. ) ;
#373 = LINE ( 'NONE', #3082, #1449 ) ;
#374 = FACE_OUTER_BOUND ( 'NONE', #2651, .T. ) ;
#375 = CARTESIAN_POINT ( 'NONE',  ( -1.774999999999999689, -0.002000000000000000042, -2.374999999999999556 ) ) ;
#376 = DIRECTION ( 'NONE',  ( -0.000000000000000000, 1.000000000000000000, -0.000000000000000000 ) ) ;
#377 = ADVANCED_FACE ( 'NONE', ( #666 ), #2685, .F. ) ;
#378 = FACE_OUTER_BOUND ( 'NONE', #284, .T. ) ;
#379 = EDGE_CURVE ( 'NONE', #1520, #229, #350, .T. ) ;
#380 = LINE ( 'NONE', #367, #1276 ) ;
#381 = CARTESIAN_POINT ( 'NONE',  ( -1.324999999999999512, -0.002000000000000000042, -1.774999999999999689 ) ) ;
#382 = VERTEX_POINT ( 'NONE', #1079 ) ;
#383 = PLANE ( 'NONE',  #3097 ) ;
#384 = ORIENTED_EDGE ( 'NONE', *, *, #1495, .T. ) ;
#385 = EDGE_LOOP ( 'NONE', ( #1151, #314, #2397, #1472 ) ) ;
#386 = EDGE_LOOP ( 'NONE', ( #944, #1952, #3205, #2816 ) ) ;
#387 = DIRECTION ( 'NONE',  ( -0.000000000000000000, 1.000000000000000000, -0.000000000000000000 ) ) ;
#388 = ORIENTED_EDGE ( 'NONE', *, *, #440, .T. ) ;
#389 = ORIENTED_EDGE ( 'NONE', *, *, #2859, .F. ) ;
#390 = ORIENTED_EDGE ( 'NONE', *, *, #2249, .F. ) ;
#391 = CARTESIAN_POINT ( 'NONE',  ( 1.324999999999999734, -0.002000000000000000042, 2.325000000000000622 ) ) ;
#392 = PLANE ( 'NONE',  #1232 ) ;
#393 = CARTESIAN_POINT ( 'NONE',  ( -1.874999999999999778, -0.002000000000000000042, 0.9750000000000004219 ) ) ;
#394 = LINE ( 'NONE', #3214, #2194 ) ;
#395 = DIRECTION ( 'NONE',  ( -1.000000000000000000, 0.000000000000000000, 0.000000000000000000 ) ) ;
#396 = AXIS2_PLACEMENT_3D ( 'NONE', #233, #1427, #1155 ) ;
#397 = ADVANCED_FACE ( 'NONE', ( #2097 ), #1448, .F. ) ;
#398 = DIRECTION ( 'NONE',  ( -8.673617379884027583E-16, -0.000000000000000000, 1.000000000000000000 ) ) ;
#399 = MECHANICAL_DESIGN_GEOMETRIC_PRESENTATION_REPRESENTATION (  '', ( #2775 ), #2615 ) ;
#400 = EDGE_CURVE ( 'NONE', #1360, #1636, #2213, .T. ) ;
#401 = EDGE_LOOP ( 'NONE', ( #1692, #2182, #1421, #2436 ) ) ;
#402 = ORIENTED_EDGE ( 'NONE', *, *, #119, .T. ) ;
#403 = AXIS2_PLACEMENT_3D ( 'NONE', #817, #1049, #2033 ) ;
#404 = CARTESIAN_POINT ( 'NONE',  ( 1.875000000000000000, -0.002000000000000000042, 0.1250000000000005551 ) ) ;
#405 = AXIS2_PLACEMENT_3D ( 'NONE', #1481, #897, #1902 ) ;
#406 = CARTESIAN_POINT ( 'NONE',  ( -1.875000000000000000, -0.002000000000000000042, 1.775000000000000577 ) ) ;
#407 = AXIS2_PLACEMENT_3D ( 'NONE', #1617, #906, #635 ) ;
#408 = EDGE_LOOP ( 'NONE', ( #277, #1777, #597, #2067 ) ) ;
#409 = ORIENTED_EDGE ( 'NONE', *, *, #40, .F. ) ;
#410 = ORIENTED_EDGE ( 'NONE', *, *, #1248, .T. ) ;
#411 = CARTESIAN_POINT ( 'NONE',  ( 1.875000000000000000, -0.002000000000000000042, 1.225000000000000533 ) ) ;
#412 = VECTOR ( 'NONE', #1077, 1000.000000000000000 ) ;
#413 = LINE ( 'NONE', #2407, #1610 ) ;
#414 = EDGE_CURVE ( 'NONE', #2302, #1969, #3014, .T. ) ;
#415 = VECTOR ( 'NONE', #3120, 1000.000000000000000 ) ;
#416 = FACE_OUTER_BOUND ( 'NONE', #959, .T. ) ;
#417 = LINE ( 'NONE', #716, #3041 ) ;
#418 = CARTESIAN_POINT ( 'NONE',  ( -1.875000000000000000, -0.002000000000000000042, -2.124999999999999112 ) ) ;
#419 = CARTESIAN_POINT ( 'NONE',  ( -1.324999999999999512, -0.002000000000000000042, 0.9750000000000004219 ) ) ;
#420 = CARTESIAN_POINT ( 'NONE',  ( -1.875000000000000000, -0.002000000000000000042, 0.6750000000000007105 ) ) ;
#421 = ORIENTED_EDGE ( 'NONE', *, *, #1864, .T. ) ;
#422 = CARTESIAN_POINT ( 'NONE',  ( -1.875000000000000000, -0.002000000000000000042, -0.9749999999999993117 ) ) ;
#423 = ADVANCED_FACE ( 'NONE', ( #2171 ), #969, .F. ) ;
#424 = ORIENTED_EDGE ( 'NONE', *, *, #1213, .F. ) ;
#425 = EDGE_LOOP ( 'NONE', ( #1438, #431, #2, #1084 ) ) ;
#426 = CARTESIAN_POINT ( 'NONE',  ( 1.324999999999999734, -0.002000000000000000042, -1.524999999999999467 ) ) ;
#427 = CARTESIAN_POINT ( 'NONE',  ( 1.875000000000000000, 0.000000000000000000, 1.775000000000000577 ) ) ;
#428 = PLANE ( 'NONE',  #2894 ) ;
#429 = FACE_OUTER_BOUND ( 'NONE', #534, .T. ) ;
#430 = FACE_OUTER_BOUND ( 'NONE', #1128, .T. ) ;
#431 = ORIENTED_EDGE ( 'NONE', *, *, #2167, .F. ) ;
#432 = CARTESIAN_POINT ( 'NONE',  ( 1.874999999999999778, -0.002000000000000000042, -0.1249999999999996808 ) ) ;
#433 = ORIENTED_EDGE ( 'NONE', *, *, #2443, .F. ) ;
#434 = LINE ( 'NONE', #2972, #2012 ) ;
#435 = ORIENTED_EDGE ( 'NONE', *, *, #564, .F. ) ;
#436 = VERTEX_POINT ( 'NONE', #1198 ) ;
#437 = EDGE_CURVE ( 'NONE', #3211, #1632, #1430, .T. ) ;
#438 = ORIENTED_EDGE ( 'NONE', *, *, #1635, .T. ) ;
#439 = LINE ( 'NONE', #2151, #247 ) ;
#440 = EDGE_CURVE ( 'NONE', #2123, #1893, #1931, .T. ) ;
#441 = VECTOR ( 'NONE', #529, 1000.000000000000000 ) ;
#442 =( NAMED_UNIT ( * ) SI_UNIT ( $, .STERADIAN. ) SOLID_ANGLE_UNIT ( ) );
#443 = LINE ( 'NONE', #464, #1123 ) ;
#444 = FACE_OUTER_BOUND ( 'NONE', #1214, .T. ) ;
#445 = VECTOR ( 'NONE', #53, 1000.000000000000000 ) ;
#446 = DIRECTION ( 'NONE',  ( -1.000000000000000000, 0.000000000000000000, 0.000000000000000000 ) ) ;
#447 = EDGE_LOOP ( 'NONE', ( #1249, #2334, #255, #1534 ) ) ;
#448 = CARTESIAN_POINT ( 'NONE',  ( 1.875000000000000000, 0.000000000000000000, -0.9749999999999993117 ) ) ;
#449 = ORIENTED_EDGE ( 'NONE', *, *, #195, .F. ) ;
#450 = EDGE_CURVE ( 'NONE', #2369, #710, #2451, .T. ) ;
#451 = VECTOR ( 'NONE', #1630, 1000.000000000000000 ) ;
#452 = VERTEX_POINT ( 'NONE', #2700 ) ;
#453 = DIRECTION ( 'NONE',  ( 1.000000000000000000, 0.000000000000000000, 0.000000000000000000 ) ) ;
#454 = VECTOR ( 'NONE', #1892, 1000.000000000000000 ) ;
#455 = EDGE_CURVE ( 'NONE', #3061, #2563, #190, .T. ) ;
#456 = VECTOR ( 'NONE', #2370, 1000.000000000000000 ) ;
#457 = CARTESIAN_POINT ( 'NONE',  ( -1.874999999999999778, 0.000000000000000000, 2.075000000000000622 ) ) ;
#458 = LINE ( 'NONE', #2944, #2203 ) ;
#459 = STYLED_ITEM ( 'NONE', ( #2387 ), #2126 ) ;
#460 = EDGE_CURVE ( 'NONE', #357, #1650, #468, .T. ) ;
#461 = EDGE_CURVE ( 'NONE', #3184, #1941, #736, .T. ) ;
#462 = FACE_OUTER_BOUND ( 'NONE', #490, .T. ) ;
#463 = VECTOR ( 'NONE', #1467, 1000.000000000000000 ) ;
#464 = CARTESIAN_POINT ( 'NONE',  ( -1.324999999999999512, -0.002000000000000000042, -1.774999999999999689 ) ) ;
#465 = CARTESIAN_POINT ( 'NONE',  ( 0.000000000000000000, 0.2999999999999999889, 0.000000000000000000 ) ) ;
#466 = VECTOR ( 'NONE', #1157, 1000.000000000000000 ) ;
#467 = EDGE_CURVE ( 'NONE', #1053, #3184, #938, .T. ) ;
#468 = LINE ( 'NONE', #1158, #2557 ) ;
#469 = PRODUCT_DEFINITION_FORMATION_WITH_SPECIFIED_SOURCE ( 'ANY', '', #1730, .NOT_KNOWN. ) ;
#470 = CARTESIAN_POINT ( 'NONE',  ( 1.874999999999999778, -0.002000000000000000042, -2.324999999999999734 ) ) ;
#471 = ORIENTED_EDGE ( 'NONE', *, *, #997, .F. ) ;
#472 = ORIENTED_EDGE ( 'NONE', *, *, #76, .T. ) ;
#473 = PRESENTATION_STYLE_ASSIGNMENT (( #2230 ) ) ;
#474 = ADVANCED_FACE ( 'NONE', ( #210 ), #2473, .F. ) ;
#475 = CARTESIAN_POINT ( 'NONE',  ( -1.324999999999999512, 0.000000000000000000, 0.9750000000000004219 ) ) ;
#476 = ORIENTED_EDGE ( 'NONE', *, *, #3026, .T. ) ;
#477 = LINE ( 'NONE', #1152, #3089 ) ;
#478 = ORIENTED_EDGE ( 'NONE', *, *, #3044, .F. ) ;
#479 = SURFACE_STYLE_FILL_AREA ( #2448 ) ;
#480 = CARTESIAN_POINT ( 'NONE',  ( -1.875000000000000000, -0.002000000000000000042, 0.6750000000000007105 ) ) ;
#481 = DIRECTION ( 'NONE',  ( -0.000000000000000000, 1.000000000000000000, -0.000000000000000000 ) ) ;
#482 = ADVANCED_FACE ( 'NONE', ( #429 ), #2968, .F. ) ;
#483 = DIRECTION ( 'NONE',  ( 0.000000000000000000, 0.000000000000000000, 1.000000000000000000 ) ) ;
#484 = EDGE_CURVE ( 'NONE', #2444, #1899, #3250, .T. ) ;
#485 = PLANE ( 'NONE',  #682 ) ;
#486 = VERTEX_POINT ( 'NONE', #2734 ) ;
#487 = VERTEX_POINT ( 'NONE', #2486 ) ;
#488 = FACE_BOUND ( 'NONE', #1784, .T. ) ;
#489 = PLANE ( 'NONE',  #728 ) ;
#490 = EDGE_LOOP ( 'NONE', ( #1189, #759, #3230, #2020 ) ) ;
#491 = CARTESIAN_POINT ( 'NONE',  ( 1.874999999999999778, -0.002000000000000000042, 0.4250000000000004885 ) ) ;
#492 = ORIENTED_EDGE ( 'NONE', *, *, #2424, .T. ) ;
#493 = CARTESIAN_POINT ( 'NONE',  ( -1.324999999999999734, -0.002000000000000000042, 1.225000000000000533 ) ) ;
#494 = DIRECTION ( 'NONE',  ( 8.673617379884027583E-16, 0.000000000000000000, -1.000000000000000000 ) ) ;
#495 = SURFACE_SIDE_STYLE ('',( #1239 ) ) ;
#496 = DIRECTION ( 'NONE',  ( -1.000000000000000000, 0.000000000000000000, 0.000000000000000000 ) ) ;
#497 = CARTESIAN_POINT ( 'NONE',  ( 0.000000000000000000, 0.2999999999999999889, 0.000000000000000000 ) ) ;
#498 = MECHANICAL_DESIGN_GEOMETRIC_PRESENTATION_REPRESENTATION (  '', ( #2658 ), #1113 ) ;
#499 = EDGE_CURVE ( 'NONE', #3117, #803, #1856, .T. ) ;
#500 = EDGE_CURVE ( 'NONE', #2073, #503, #1475, .T. ) ;
#501 = VERTEX_POINT ( 'NONE', #750 ) ;
#502 = CARTESIAN_POINT ( 'NONE',  ( -1.774999999999999689, -0.002000000000000000042, -2.374999999999999556 ) ) ;
#503 = VERTEX_POINT ( 'NONE', #687 ) ;
#504 = DIRECTION ( 'NONE',  ( -0.000000000000000000, 1.000000000000000000, -0.000000000000000000 ) ) ;
#505 = VECTOR ( 'NONE', #496, 1000.000000000000000 ) ;
#506 = DIRECTION ( 'NONE',  ( 0.000000000000000000, 1.000000000000000000, 0.000000000000000000 ) ) ;
#507 = AXIS2_PLACEMENT_3D ( 'NONE', #772, #45, #1038 ) ;
#508 = VECTOR ( 'NONE', #191, 1000.000000000000000 ) ;
#509 = VERTEX_POINT ( 'NONE', #1750 ) ;
#510 = DIRECTION ( 'NONE',  ( 1.000000000000000000, 0.000000000000000000, -0.000000000000000000 ) ) ;
#511 = VECTOR ( 'NONE', #523, 1000.000000000000000 ) ;
#512 = CARTESIAN_POINT ( 'NONE',  ( 1.324999999999999512, -0.000000000000000000, -0.1249999999999996808 ) ) ;
#513 = FACE_OUTER_BOUND ( 'NONE', #2098, .T. ) ;
#514 = VERTEX_POINT ( 'NONE', #171 ) ;
#515 =( GEOMETRIC_REPRESENTATION_CONTEXT ( 3 ) GLOBAL_UNCERTAINTY_ASSIGNED_CONTEXT ( ( #102 ) ) GLOBAL_UNIT_ASSIGNED_CONTEXT ( ( #2113, #1911, #2122 ) ) REPRESENTATION_CONTEXT ( 'NONE', 'WORKASPACE' ) );
#516 = LINE ( 'NONE', #1511, #1971 ) ;
#517 = LINE ( 'NONE', #2026, #882 ) ;
#518 = VECTOR ( 'NONE', #481, 1000.000000000000000 ) ;
#519 = ORIENTED_EDGE ( 'NONE', *, *, #1989, .T. ) ;
#520 = ORIENTED_EDGE ( 'NONE', *, *, #845, .T. ) ;
#521 = CARTESIAN_POINT ( 'NONE',  ( 0.000000000000000000, -0.002000000000000000042, 0.000000000000000000 ) ) ;
#522 = VECTOR ( 'NONE', #2846, 1000.000000000000000 ) ;
#523 = DIRECTION ( 'NONE',  ( 1.000000000000000000, -0.000000000000000000, -0.000000000000000000 ) ) ;
#524 = DIRECTION ( 'NONE',  ( -0.000000000000000000, 1.000000000000000000, -0.000000000000000000 ) ) ;
#525 = EDGE_CURVE ( 'NONE', #2960, #2266, #1411, .T. ) ;
#526 = ORIENTED_EDGE ( 'NONE', *, *, #950, .T. ) ;
#527 = PLANE ( 'NONE',  #2400 ) ;
#528 = DIRECTION ( 'NONE',  ( -1.000000000000000000, -0.000000000000000000, -0.000000000000000000 ) ) ;
#529 = DIRECTION ( 'NONE',  ( -8.673617379884027583E-16, 0.000000000000000000, -1.000000000000000000 ) ) ;
#530 = CARTESIAN_POINT ( 'NONE',  ( 1.875000000000000000, 0.000000000000000000, -1.524999999999999467 ) ) ;
#531 = EDGE_LOOP ( 'NONE', ( #1265, #2924, #298, #109 ) ) ;
#532 = DIRECTION ( 'NONE',  ( -8.673617379884027583E-16, 0.000000000000000000, -1.000000000000000000 ) ) ;
#533 = FACE_OUTER_BOUND ( 'NONE', #2229, .T. ) ;
#534 = EDGE_LOOP ( 'NONE', ( #182, #2217, #820, #3197 ) ) ;
#535 = FILL_AREA_STYLE ('',( #1259 ) ) ;
#536 = CARTESIAN_POINT ( 'NONE',  ( 0.000000000000000000, -0.002000000000000000042, 0.000000000000000000 ) ) ;
#537 = CARTESIAN_POINT ( 'NONE',  ( -1.324999999999999734, -0.002000000000000000042, -0.9749999999999993117 ) ) ;
#538 = CYLINDRICAL_SURFACE ( 'NONE', #507, 0.1324839542973937911 ) ;
#539 = EDGE_CURVE ( 'NONE', #929, #1295, #1562, .T. ) ;
#540 = EDGE_LOOP ( 'NONE', ( #1799, #557, #1740, #2652 ) ) ;
#541 = EDGE_CURVE ( 'NONE', #3199, #1374, #2324, .T. ) ;
#542 = PLANE ( 'NONE',  #2829 ) ;
#543 = CARTESIAN_POINT ( 'NONE',  ( 0.000000000000000000, -0.002000000000000000042, 0.000000000000000000 ) ) ;
#544 = CARTESIAN_POINT ( 'NONE',  ( -1.324999999999999512, 0.000000000000000000, 0.4250000000000004885 ) ) ;
#545 = ORIENTED_EDGE ( 'NONE', *, *, #1591, .F. ) ;
#546 = CARTESIAN_POINT ( 'NONE',  ( -1.874999999999999778, -0.002000000000000000042, -1.774999999999999689 ) ) ;
#547 = ORIENTED_EDGE ( 'NONE', *, *, #3239, .F. ) ;
#548 = DIRECTION ( 'NONE',  ( -1.000000000000000000, 0.000000000000000000, 0.000000000000000000 ) ) ;
#549 = AXIS2_PLACEMENT_3D ( 'NONE', #1933, #1751, #2564 ) ;
#550 = LINE ( 'NONE', #1547, #2767 ) ;
#551 = ORIENTED_EDGE ( 'NONE', *, *, #731, .F. ) ;
#552 = EDGE_CURVE ( 'NONE', #357, #1879, #265, .T. ) ;
#553 = VECTOR ( 'NONE', #13, 1000.000000000000000 ) ;
#554 = DIRECTION ( 'NONE',  ( -0.000000000000000000, 1.000000000000000000, -0.000000000000000000 ) ) ;
#555 = FACE_OUTER_BOUND ( 'NONE', #1188, .T. ) ;
#556 = VECTOR ( 'NONE', #761, 1000.000000000000000 ) ;
#557 = ORIENTED_EDGE ( 'NONE', *, *, #1581, .F. ) ;
#558 = EDGE_LOOP ( 'NONE', ( #1880, #1062, #3072, #261 ) ) ;
#559 = VECTOR ( 'NONE', #2724, 1000.000000000000000 ) ;
#560 = LINE ( 'NONE', #3036, #2722 ) ;
#561 = CARTESIAN_POINT ( 'NONE',  ( -1.324999999999999734, -0.002000000000000000042, 2.325000000000000622 ) ) ;
#562 =( LENGTH_UNIT ( ) NAMED_UNIT ( * ) SI_UNIT ( .MILLI., .METRE. ) );
#563 = VECTOR ( 'NONE', #2668, 1000.000000000000000 ) ;
#564 = EDGE_CURVE ( 'NONE', #3226, #3058, #1057, .T. ) ;
#565 = EDGE_LOOP ( 'NONE', ( #1416, #2425, #1701, #2936 ) ) ;
#566 = FACE_OUTER_BOUND ( 'NONE', #1953, .T. ) ;
#567 = VECTOR ( 'NONE', #528, 1000.000000000000000 ) ;
#568 = PLANE ( 'NONE',  #1458 ) ;
#569 = EDGE_CURVE ( 'NONE', #2312, #2960, #1781, .T. ) ;
#570 = CARTESIAN_POINT ( 'NONE',  ( -1.875000000000000000, 0.000000000000000000, -2.124999999999999112 ) ) ;
#571 = VECTOR ( 'NONE', #829, 1000.000000000000000 ) ;
#572 = DIRECTION ( 'NONE',  ( -0.000000000000000000, -1.000000000000000000, -0.000000000000000000 ) ) ;
#573 = FILL_AREA_STYLE_COLOUR ( '', #1927 ) ;
#574 = EDGE_LOOP ( 'NONE', ( #72, #2538, #3201, #2294 ) ) ;
#575 = VERTEX_POINT ( 'NONE', #1527 ) ;
#576 = FACE_OUTER_BOUND ( 'NONE', #2273, .T. ) ;
#577 = CARTESIAN_POINT ( 'NONE',  ( 1.324999999999999734, -0.002000000000000000042, -0.9749999999999993117 ) ) ;
#578 = DIRECTION ( 'NONE',  ( 0.000000000000000000, 0.000000000000000000, -1.000000000000000000 ) ) ;
#579 = VERTEX_POINT ( 'NONE', #32 ) ;
#580 = LINE ( 'NONE', #1871, #345 ) ;
#581 = DIRECTION ( 'NONE',  ( 0.000000000000000000, 1.000000000000000000, 0.000000000000000000 ) ) ;
#582 = EDGE_CURVE ( 'NONE', #436, #2461, #1763, .T. ) ;
#583 = ORIENTED_EDGE ( 'NONE', *, *, #2744, .F. ) ;
#584 = FACE_BOUND ( 'NONE', #2332, .T. ) ;
#585 = EDGE_CURVE ( 'NONE', #2842, #926, #2811, .T. ) ;
#586 = CARTESIAN_POINT ( 'NONE',  ( 1.875000000000000000, -0.002000000000000000042, 2.325000000000000622 ) ) ;
#587 = FACE_OUTER_BOUND ( 'NONE', #590, .T. ) ;
#588 = ORIENTED_EDGE ( 'NONE', *, *, #414, .T. ) ;
#589 = ORIENTED_EDGE ( 'NONE', *, *, #525, .F. ) ;
#590 = EDGE_LOOP ( 'NONE', ( #177, #1537, #2480, #24 ) ) ;
#591 = CARTESIAN_POINT ( 'NONE',  ( -1.875000000000000000, -0.002000000000000000042, -2.124999999999999112 ) ) ;
#592 = SURFACE_SIDE_STYLE ('',( #77 ) ) ;
#593 = DIRECTION ( 'NONE',  ( -1.000000000000000000, 0.000000000000000000, 0.000000000000000000 ) ) ;
#594 = FACE_OUTER_BOUND ( 'NONE', #1704, .T. ) ;
#595 = ORIENTED_EDGE ( 'NONE', *, *, #2070, .F. ) ;
#596 = FACE_OUTER_BOUND ( 'NONE', #447, .T. ) ;
#597 = ORIENTED_EDGE ( 'NONE', *, *, #2726, .F. ) ;
#598 = CARTESIAN_POINT ( 'NONE',  ( 1.875000000000000000, -0.002000000000000000042, -0.9749999999999993117 ) ) ;
#599 = CARTESIAN_POINT ( 'NONE',  ( -2.000000000000000000, 0.000000000000000000, -2.499999999999999556 ) ) ;
#600 = DIRECTION ( 'NONE',  ( 0.000000000000000000, -0.000000000000000000, 1.000000000000000000 ) ) ;
#601 = VECTOR ( 'NONE', #2857, 1000.000000000000000 ) ;
#602 = EDGE_CURVE ( 'NONE', #843, #1759, #516, .T. ) ;
#603 = CARTESIAN_POINT ( 'NONE',  ( -1.875000000000000000, -0.002000000000000000042, -0.4249999999999996003 ) ) ;
#604 = EDGE_CURVE ( 'NONE', #1165, #1442, #2288, .T. ) ;
#605 = ORIENTED_EDGE ( 'NONE', *, *, #2712, .F. ) ;
#606 = ORIENTED_EDGE ( 'NONE', *, *, #2214, .T. ) ;
#607 = ORIENTED_EDGE ( 'NONE', *, *, #1213, .T. ) ;
#608 = CARTESIAN_POINT ( 'NONE',  ( 1.324999999999999512, -0.002000000000000000042, -2.324999999999999734 ) ) ;
#609 = VECTOR ( 'NONE', #2581, 1000.000000000000000 ) ;
#610 = LINE ( 'NONE', #1606, #2733 ) ;
#611 = CARTESIAN_POINT ( 'NONE',  ( 0.000000000000000000, -0.002000000000000000042, 0.000000000000000000 ) ) ;
#612 = VECTOR ( 'NONE', #1241, 1000.000000000000000 ) ;
#613 = PLANE ( 'NONE',  #719 ) ;
#614 = EDGE_CURVE ( 'NONE', #1456, #1893, #2043, .T. ) ;
#615 = AXIS2_PLACEMENT_3D ( 'NONE', #853, #1605, #3101 ) ;
#616 = PLANE ( 'NONE',  #43 ) ;
#617 = AXIS2_PLACEMENT_3D ( 'NONE', #2127, #1344, #1163 ) ;
#618 = CARTESIAN_POINT ( 'NONE',  ( 1.875000000000000000, -0.002000000000000000042, -2.074999999999999734 ) ) ;
#619 = CARTESIAN_POINT ( 'NONE',  ( -1.874999999999999778, -0.002000000000000000042, -0.1249999999999996808 ) ) ;
#620 = PLANE ( 'NONE',  #407 ) ;
#621 = AXIS2_PLACEMENT_3D ( 'NONE', #913, #1726, #243 ) ;
#622 = LINE ( 'NONE', #107, #1814 ) ;
#623 = VECTOR ( 'NONE', #332, 1000.000000000000000 ) ;
#624 = ORIENTED_EDGE ( 'NONE', *, *, #1349, .T. ) ;
#625 = ORIENTED_EDGE ( 'NONE', *, *, #2005, .F. ) ;
#626 = EDGE_CURVE ( 'NONE', #2308, #2474, #2793, .T. ) ;
#627 = DIRECTION ( 'NONE',  ( -1.000000000000000000, 0.000000000000000000, -0.000000000000000000 ) ) ;
#628 = ADVANCED_FACE ( 'NONE', ( #566 ), #2546, .F. ) ;
#629 =( NAMED_UNIT ( * ) SI_UNIT ( $, .STERADIAN. ) SOLID_ANGLE_UNIT ( ) );
#630 = LINE ( 'NONE', #2605, #415 ) ;
#631 = FACE_OUTER_BOUND ( 'NONE', #2870, .T. ) ;
#632 = DIRECTION ( 'NONE',  ( 0.000000000000000000, 0.000000000000000000, 1.000000000000000000 ) ) ;
#633 = PLANE ( 'NONE',  #128 ) ;
#634 = DIRECTION ( 'NONE',  ( 1.000000000000000000, 0.000000000000000000, 0.000000000000000000 ) ) ;
#635 = DIRECTION ( 'NONE',  ( 8.673617379884028570E-16, 0.000000000000000000, -1.000000000000000000 ) ) ;
#636 = ORIENTED_EDGE ( 'NONE', *, *, #2290, .F. ) ;
#637 = FACE_OUTER_BOUND ( 'NONE', #891, .T. ) ;
#638 = VERTEX_POINT ( 'NONE', #3280 ) ;
#639 = ORIENTED_EDGE ( 'NONE', *, *, #2728, .T. ) ;
#640 = DIRECTION ( 'NONE',  ( -1.000000000000000000, 0.000000000000000000, -0.000000000000000000 ) ) ;
#641 = CARTESIAN_POINT ( 'NONE',  ( -1.324999999999999734, -0.002000000000000000042, -1.524999999999999467 ) ) ;
#642 = CARTESIAN_POINT ( 'NONE',  ( -1.874999999999999778, -0.002000000000000000042, -2.274999999999999467 ) ) ;
#643 = EDGE_CURVE ( 'NONE', #3246, #2337, #1489, .T. ) ;
#644 = DIRECTION ( 'NONE',  ( -0.000000000000000000, 1.000000000000000000, -0.000000000000000000 ) ) ;
#645 = DIRECTION ( 'NONE',  ( -1.000000000000000000, 0.000000000000000000, 0.000000000000000000 ) ) ;
#646 = DIRECTION ( 'NONE',  ( -8.673617379884028570E-16, 0.000000000000000000, 1.000000000000000000 ) ) ;
#647 = DIRECTION ( 'NONE',  ( -0.000000000000000000, 0.000000000000000000, 1.000000000000000000 ) ) ;
#648 = DIRECTION ( 'NONE',  ( 0.000000000000000000, 1.000000000000000000, 0.000000000000000000 ) ) ;
#649 = EDGE_LOOP ( 'NONE', ( #2713, #267, #1540, #1404 ) ) ;
#650 = FACE_BOUND ( 'NONE', #2292, .T. ) ;
#651 = ORIENTED_EDGE ( 'NONE', *, *, #1515, .T. ) ;
#652 = EDGE_LOOP ( 'NONE', ( #2814, #907, #583, #2058 ) ) ;
#653 = CARTESIAN_POINT ( 'NONE',  ( -1.875000000000000000, 0.000000000000000000, 2.325000000000000622 ) ) ;
#654 = DIRECTION ( 'NONE',  ( -0.000000000000000000, 1.000000000000000000, -0.000000000000000000 ) ) ;
#655 = ORIENTED_EDGE ( 'NONE', *, *, #899, .T. ) ;
#656 = ORIENTED_EDGE ( 'NONE', *, *, #670, .T. ) ;
#657 = ORIENTED_EDGE ( 'NONE', *, *, #2577, .T. ) ;
#658 = DIRECTION ( 'NONE',  ( -1.000000000000000000, -0.000000000000000000, -0.000000000000000000 ) ) ;
#659 = AXIS2_PLACEMENT_3D ( 'NONE', #1724, #241, #1702 ) ;
#660 = CARTESIAN_POINT ( 'NONE',  ( -2.000000000000000000, 0.2999999999999999889, 2.500000000000000444 ) ) ;
#661 = VECTOR ( 'NONE', #2953, 1000.000000000000000 ) ;
#662 = DIRECTION ( 'NONE',  ( 8.673617379884028570E-16, 0.000000000000000000, -1.000000000000000000 ) ) ;
#663 = CARTESIAN_POINT ( 'NONE',  ( -1.874999999999999778, 0.000000000000000000, 0.9750000000000004219 ) ) ;
#664 =( LENGTH_UNIT ( ) NAMED_UNIT ( * ) SI_UNIT ( .MILLI., .METRE. ) );
#665 = AXIS2_PLACEMENT_3D ( 'NONE', #2655, #2136, #2914 ) ;
#666 = FACE_OUTER_BOUND ( 'NONE', #649, .T. ) ;
#667 = VECTOR ( 'NONE', #246, 1000.000000000000000 ) ;
#668 = DIRECTION ( 'NONE',  ( 0.000000000000000000, 0.000000000000000000, -1.000000000000000000 ) ) ;
#669 = ORIENTED_EDGE ( 'NONE', *, *, #2954, .F. ) ;
#670 = EDGE_CURVE ( 'NONE', #339, #1360, #1543, .T. ) ;
#671 = CARTESIAN_POINT ( 'NONE',  ( -1.324999999999999512, -0.002000000000000000042, -0.1249999999999996808 ) ) ;
#672 = ORIENTED_EDGE ( 'NONE', *, *, #1689, .F. ) ;
#673 = EDGE_LOOP ( 'NONE', ( #384, #1503, #2353, #783 ) ) ;
#674 = VECTOR ( 'NONE', #953, 1000.000000000000000 ) ;
#675 = LINE ( 'NONE', #2692, #563 ) ;
#676 = AXIS2_PLACEMENT_3D ( 'NONE', #2133, #1246, #2031 ) ;
#677 = ORIENTED_EDGE ( 'NONE', *, *, #1621, .T. ) ;
#678 = ORIENTED_EDGE ( 'NONE', *, *, #364, .T. ) ;
#679 = ADVANCED_FACE ( 'NONE', ( #3059 ), #1794, .F. ) ;
#680 = ORIENTED_EDGE ( 'NONE', *, *, #2804, .F. ) ;
#681 = CARTESIAN_POINT ( 'NONE',  ( 1.875000000000000000, 0.000000000000000000, -0.4249999999999996003 ) ) ;
#682 = AXIS2_PLACEMENT_3D ( 'NONE', #497, #282, #1309 ) ;
#683 = VERTEX_POINT ( 'NONE', #1824 ) ;
#684 = DIRECTION ( 'NONE',  ( -8.673617379884027583E-16, -0.000000000000000000, 1.000000000000000000 ) ) ;
#685 = LINE ( 'NONE', #3174, #2941 ) ;
#686 = DIRECTION ( 'NONE',  ( 8.673617379884028570E-16, 0.000000000000000000, 1.000000000000000000 ) ) ;
#687 = CARTESIAN_POINT ( 'NONE',  ( -1.875000000000000000, 0.000000000000000000, 0.6750000000000007105 ) ) ;
#688 = DIRECTION ( 'NONE',  ( -0.000000000000000000, 1.000000000000000000, -0.000000000000000000 ) ) ;
#689 = LINE ( 'NONE', #1995, #251 ) ;
#690 = VERTEX_POINT ( 'NONE', #1806 ) ;
#691 = EDGE_CURVE ( 'NONE', #947, #382, #1308, .T. ) ;
#692 = EDGE_CURVE ( 'NONE', #1898, #2286, #252, .T. ) ;
#693 = LINE ( 'NONE', #3240, #2819 ) ;
#694 = VERTEX_POINT ( 'NONE', #2006 ) ;
#695 = ORIENTED_EDGE ( 'NONE', *, *, #2912, .F. ) ;
#696 = ORIENTED_EDGE ( 'NONE', *, *, #2471, .T. ) ;
#697 = CARTESIAN_POINT ( 'NONE',  ( -2.000000000000000000, 0.000000000000000000, -2.499999999999999556 ) ) ;
#698 = DIRECTION ( 'NONE',  ( 1.000000000000000000, 0.000000000000000000, 0.000000000000000000 ) ) ;
#699 = PLANE ( 'NONE',  #2025 ) ;
#700 = CARTESIAN_POINT ( 'NONE',  ( 1.875000000000000000, 0.000000000000000000, 0.6750000000000007105 ) ) ;
#701 = DIRECTION ( 'NONE',  ( -0.000000000000000000, 1.000000000000000000, -0.000000000000000000 ) ) ;
#702 = DIRECTION ( 'NONE',  ( -0.000000000000000000, 1.000000000000000000, -0.000000000000000000 ) ) ;
#703 = DIRECTION ( 'NONE',  ( 0.000000000000000000, 0.000000000000000000, 1.000000000000000000 ) ) ;
#704 = EDGE_LOOP ( 'NONE', ( #279, #2667, #318, #1373 ) ) ;
#705 = ORIENTED_EDGE ( 'NONE', *, *, #1398, .F. ) ;
#706 = DIRECTION ( 'NONE',  ( -1.000000000000000000, 0.000000000000000000, -0.000000000000000000 ) ) ;
#707 = ADVANCED_FACE ( 'NONE', ( #762 ), #113, .F. ) ;
#708 = EDGE_CURVE ( 'NONE', #1999, #843, #3155, .T. ) ;
#709 = EDGE_LOOP ( 'NONE', ( #779, #2401, #55, #1171 ) ) ;
#710 = VERTEX_POINT ( 'NONE', #869 ) ;
#711 = LINE ( 'NONE', #2976, #294 ) ;
#712 = ADVANCED_FACE ( 'NONE', ( #1385 ), #2364, .F. ) ;
#713 = PLANE ( 'NONE',  #3157 ) ;
#714 = EDGE_LOOP ( 'NONE', ( #3142, #47, #1987, #696 ) ) ;
#715 = CARTESIAN_POINT ( 'NONE',  ( 1.874999999999999778, -0.002000000000000000042, 2.075000000000000622 ) ) ;
#716 = CARTESIAN_POINT ( 'NONE',  ( -1.875000000000000000, -0.002000000000000000042, 1.225000000000000533 ) ) ;
#717 = SURFACE_STYLE_USAGE ( .BOTH. , #2981 ) ;
#718 = DIRECTION ( 'NONE',  ( -1.000000000000000000, 0.000000000000000000, 8.673617379884028570E-16 ) ) ;
#719 = AXIS2_PLACEMENT_3D ( 'NONE', #900, #1590, #2411 ) ;
#720 = FACE_OUTER_BOUND ( 'NONE', #2460, .T. ) ;
#721 = ORIENTED_EDGE ( 'NONE', *, *, #1581, .T. ) ;
#722 = VECTOR ( 'NONE', #2250, 1000.000000000000000 ) ;
#723 = ORIENTED_EDGE ( 'NONE', *, *, #379, .T. ) ;
#724 = FACE_OUTER_BOUND ( 'NONE', #2209, .T. ) ;
#725 = DIRECTION ( 'NONE',  ( -0.000000000000000000, 0.000000000000000000, 1.000000000000000000 ) ) ;
#726 = CARTESIAN_POINT ( 'NONE',  ( -1.875000000000000000, -0.000000000000000000, -1.524999999999999467 ) ) ;
#727 = VECTOR ( 'NONE', #387, 1000.000000000000000 ) ;
#728 = AXIS2_PLACEMENT_3D ( 'NONE', #660, #1639, #1216 ) ;
#729 = LINE ( 'NONE', #147, #559 ) ;
#730 = CARTESIAN_POINT ( 'NONE',  ( -1.874999999999999778, -0.002000000000000000042, -1.774999999999999689 ) ) ;
#731 = EDGE_CURVE ( 'NONE', #256, #2398, #580, .T. ) ;
#732 = ADVANCED_FACE ( 'NONE', ( #596 ), #613, .F. ) ;
#733 = VECTOR ( 'NONE', #701, 1000.000000000000000 ) ;
#734 = DIRECTION ( 'NONE',  ( -8.673617379884027583E-16, 0.000000000000000000, -1.000000000000000000 ) ) ;
#735 = LINE ( 'NONE', #188, #2478 ) ;
#736 = LINE ( 'NONE', #955, #1114 ) ;
#737 = AXIS2_PLACEMENT_3D ( 'NONE', #3023, #2527, #2267 ) ;
#738 = LINE ( 'NONE', #1739, #1078 ) ;
#739 = ORIENTED_EDGE ( 'NONE', *, *, #2622, .F. ) ;
#740 = VERTEX_POINT ( 'NONE', #2895 ) ;
#741 =( LENGTH_UNIT ( ) NAMED_UNIT ( * ) SI_UNIT ( .MILLI., .METRE. ) );
#742 = CARTESIAN_POINT ( 'NONE',  ( 0.000000000000000000, -0.002000000000000000042, 0.000000000000000000 ) ) ;
#743 = EDGE_LOOP ( 'NONE', ( #2810, #2174, #2515, #1045 ) ) ;
#744 = FILL_AREA_STYLE_COLOUR ( '', #1812 ) ;
#745 = CARTESIAN_POINT ( 'NONE',  ( -1.324999999999999734, -0.002000000000000000042, 2.325000000000000622 ) ) ;
#746 = LINE ( 'NONE', #2808, #144 ) ;
#747 = EDGE_CURVE ( 'NONE', #1327, #2738, #888, .T. ) ;
#748 = CARTESIAN_POINT ( 'NONE',  ( 1.874999999999999778, 0.000000000000000000, 0.4250000000000004885 ) ) ;
#749 = ADVANCED_FACE ( 'NONE', ( #631 ), #1335, .F. ) ;
#750 = CARTESIAN_POINT ( 'NONE',  ( 1.324999999999999734, 0.000000000000000000, -2.074999999999999734 ) ) ;
#751 = DIRECTION ( 'NONE',  ( -8.673617379884028570E-16, 0.000000000000000000, -1.000000000000000000 ) ) ;
#752 = ORIENTED_EDGE ( 'NONE', *, *, #440, .F. ) ;
#753 = ORIENTED_EDGE ( 'NONE', *, *, #88, .F. ) ;
#754 =( NAMED_UNIT ( * ) PLANE_ANGLE_UNIT ( ) SI_UNIT ( $, .RADIAN. ) );
#755 = ORIENTED_EDGE ( 'NONE', *, *, #1905, .F. ) ;
#756 = PRESENTATION_STYLE_ASSIGNMENT (( #1496 ) ) ;
#757 = EDGE_CURVE ( 'NONE', #1053, #486, #2106, .T. ) ;
#758 = LINE ( 'NONE', #1021, #1178 ) ;
#759 = ORIENTED_EDGE ( 'NONE', *, *, #2663, .F. ) ;
#760 = EDGE_CURVE ( 'NONE', #1374, #2123, #1609, .T. ) ;
#761 = DIRECTION ( 'NONE',  ( -1.000000000000000000, -0.000000000000000000, -0.000000000000000000 ) ) ;
#762 = FACE_OUTER_BOUND ( 'NONE', #1085, .T. ) ;
#763 = LINE ( 'NONE', #1490, #1675 ) ;
#764 = MECHANICAL_DESIGN_GEOMETRIC_PRESENTATION_REPRESENTATION (  '', ( #2821 ), #1653 ) ;
#765 = ORIENTED_EDGE ( 'NONE', *, *, #359, .T. ) ;
#766 = ORIENTED_EDGE ( 'NONE', *, *, #827, .F. ) ;
#767 = FACE_BOUND ( 'NONE', #2310, .T. ) ;
#768 = AXIS2_PLACEMENT_3D ( 'NONE', #1994, #2227, #1979 ) ;
#769 = EDGE_CURVE ( 'NONE', #353, #1914, #1641, .T. ) ;
#770 = ORIENTED_EDGE ( 'NONE', *, *, #2622, .T. ) ;
#771 = CARTESIAN_POINT ( 'NONE',  ( -2.000000000000000000, 0.6999999999999999556, 2.500000000000000444 ) ) ;
#772 = CARTESIAN_POINT ( 'NONE',  ( -1.582834611868862762, 0.6979999999999999538, -2.109284009208508337 ) ) ;
#773 = AXIS2_PLACEMENT_3D ( 'NONE', #801, #1217, #259 ) ;
#774 = VECTOR ( 'NONE', #1156, 1000.000000000000000 ) ;
#775 = ORIENTED_EDGE ( 'NONE', *, *, #2640, .T. ) ;
#776 = DIRECTION ( 'NONE',  ( 1.000000000000000000, -0.000000000000000000, -0.000000000000000000 ) ) ;
#777 = LINE ( 'NONE', #1776, #567 ) ;
#778 = DIRECTION ( 'NONE',  ( -0.000000000000000000, -1.000000000000000000, -0.000000000000000000 ) ) ;
#779 = ORIENTED_EDGE ( 'NONE', *, *, #3026, .F. ) ;
#780 = AXIS2_PLACEMENT_3D ( 'NONE', #1516, #1580, #271 ) ;
#781 = CARTESIAN_POINT ( 'NONE',  ( 1.874999999999999778, -0.002000000000000000042, -0.6749999999999998224 ) ) ;
#782 = VECTOR ( 'NONE', #548, 1000.000000000000000 ) ;
#783 = ORIENTED_EDGE ( 'NONE', *, *, #1051, .T. ) ;
#784 = EDGE_LOOP ( 'NONE', ( #1765, #3100, #2199, #1577 ) ) ;
#785 = FACE_BOUND ( 'NONE', #3074, .T. ) ;
#786 = VECTOR ( 'NONE', #778, 1000.000000000000000 ) ;
#787 = EDGE_CURVE ( 'NONE', #1561, #2181, #1853, .T. ) ;
#788 = PLANE ( 'NONE',  #403 ) ;
#789 = LINE ( 'NONE', #1744, #2465 ) ;
#790 = EDGE_LOOP ( 'NONE', ( #92, #636, #2459, #1329 ) ) ;
#791 = DIRECTION ( 'NONE',  ( -0.000000000000000000, 1.000000000000000000, -0.000000000000000000 ) ) ;
#792 = EDGE_CURVE ( 'NONE', #1544, #2500, #151, .T. ) ;
#793 = DIRECTION ( 'NONE',  ( 0.000000000000000000, -0.000000000000000000, 1.000000000000000000 ) ) ;
#794 = DIRECTION ( 'NONE',  ( 0.000000000000000000, 0.000000000000000000, 1.000000000000000000 ) ) ;
#795 = ORIENTED_EDGE ( 'NONE', *, *, #2219, .F. ) ;
#796 = CARTESIAN_POINT ( 'NONE',  ( 1.875000000000000000, 0.000000000000000000, 1.225000000000000533 ) ) ;
#797 = DIRECTION ( 'NONE',  ( -0.000000000000000000, -1.000000000000000000, -0.000000000000000000 ) ) ;
#798 = ORIENTED_EDGE ( 'NONE', *, *, #1967, .F. ) ;
#799 = PLANE ( 'NONE',  #1273 ) ;
#800 = CARTESIAN_POINT ( 'NONE',  ( -1.874999999999999778, 0.000000000000000000, -1.774999999999999689 ) ) ;
#801 = CARTESIAN_POINT ( 'NONE',  ( -1.874999999999999778, -0.002000000000000000042, -2.274999999999999467 ) ) ;
#802 = ADVANCED_FACE ( 'NONE', ( #129 ), #365, .T. ) ;
#803 = VERTEX_POINT ( 'NONE', #1352 ) ;
#804 = ORIENTED_EDGE ( 'NONE', *, *, #499, .T. ) ;
#805 = CARTESIAN_POINT ( 'NONE',  ( -1.875000000000000000, 0.000000000000000000, 1.225000000000000533 ) ) ;
#806 = ADVANCED_FACE ( 'NONE', ( #330 ), #1122, .F. ) ;
#807 =( LENGTH_UNIT ( ) NAMED_UNIT ( * ) SI_UNIT ( .MILLI., .METRE. ) );
#808 = DIRECTION ( 'NONE',  ( -0.000000000000000000, 1.000000000000000000, -0.000000000000000000 ) ) ;
#809 = ORIENTED_EDGE ( 'NONE', *, *, #2313, .T. ) ;
#810 = CARTESIAN_POINT ( 'NONE',  ( 1.324999999999999734, -0.002000000000000000042, 1.775000000000000577 ) ) ;
#811 = ORIENTED_EDGE ( 'NONE', *, *, #364, .F. ) ;
#812 = DIRECTION ( 'NONE',  ( 1.000000000000000000, 0.000000000000000000, -0.000000000000000000 ) ) ;
#813 = FACE_BOUND ( 'NONE', #385, .T. ) ;
#814 = LINE ( 'NONE', #321, #1499 ) ;
#815 = ORIENTED_EDGE ( 'NONE', *, *, #97, .F. ) ;
#816 = AXIS2_PLACEMENT_3D ( 'NONE', #1961, #718, #1697 ) ;
#817 = CARTESIAN_POINT ( 'NONE',  ( 1.874999999999999778, -0.002000000000000000042, -2.324999999999999734 ) ) ;
#818 = AXIS2_PLACEMENT_3D ( 'NONE', #1075, #856, #2860 ) ;
#819 = ORIENTED_EDGE ( 'NONE', *, *, #1860, .F. ) ;
#820 = ORIENTED_EDGE ( 'NONE', *, *, #541, .F. ) ;
#821 = AXIS2_PLACEMENT_3D ( 'NONE', #391, #1638, #2373 ) ;
#822 = PLANE ( 'NONE',  #3259 ) ;
#823 = EDGE_CURVE ( 'NONE', #1136, #2163, #1141, .T. ) ;
#824 = DIRECTION ( 'NONE',  ( 0.000000000000000000, -0.000000000000000000, 1.000000000000000000 ) ) ;
#825 = AXIS2_PLACEMENT_3D ( 'NONE', #2145, #143, #1097 ) ;
#826 = ORIENTED_EDGE ( 'NONE', *, *, #692, .T. ) ;
#827 = EDGE_CURVE ( 'NONE', #1327, #339, #2848, .T. ) ;
#828 = DIRECTION ( 'NONE',  ( 8.673617379884027583E-16, -0.000000000000000000, 1.000000000000000000 ) ) ;
#829 = DIRECTION ( 'NONE',  ( 0.000000000000000000, 0.000000000000000000, -1.000000000000000000 ) ) ;
#830 = VECTOR ( 'NONE', #2688, 1000.000000000000000 ) ;
#831 = FACE_BOUND ( 'NONE', #743, .T. ) ;
#832 = CIRCLE ( 'NONE', #2785, 0.04158079293726342496 ) ;
#833 = EDGE_CURVE ( 'NONE', #2890, #2710, #81, .T. ) ;
#834 = FACE_OUTER_BOUND ( 'NONE', #1452, .T. ) ;
#835 = VECTOR ( 'NONE', #2388, 1000.000000000000000 ) ;
#836 = LINE ( 'NONE', #1786, #349 ) ;
#837 = ORIENTED_EDGE ( 'NONE', *, *, #400, .T. ) ;
#838 = ORIENTED_EDGE ( 'NONE', *, *, #552, .T. ) ;
#839 = DIRECTION ( 'NONE',  ( -8.673617379884027583E-16, -0.000000000000000000, 1.000000000000000000 ) ) ;
#840 = LINE ( 'NONE', #2579, #1771 ) ;
#841 = DIRECTION ( 'NONE',  ( -8.673617379884027583E-16, 0.000000000000000000, -1.000000000000000000 ) ) ;
#842 = CARTESIAN_POINT ( 'NONE',  ( -1.324999999999999734, -0.002000000000000000042, -0.4249999999999996003 ) ) ;
#843 = VERTEX_POINT ( 'NONE', #3191 ) ;
#844 = CARTESIAN_POINT ( 'NONE',  ( -1.875000000000000000, -0.002000000000000000042, 2.325000000000000622 ) ) ;
#845 = EDGE_CURVE ( 'NONE', #2574, #1272, #2964, .T. ) ;
#846 = ADVANCED_FACE ( 'NONE', ( #2210 ), #699, .F. ) ;
#847 = DIRECTION ( 'NONE',  ( -0.000000000000000000, 1.000000000000000000, -0.000000000000000000 ) ) ;
#848 = CARTESIAN_POINT ( 'NONE',  ( 1.875000000000000000, -0.002000000000000000042, 0.1250000000000005551 ) ) ;
#849 = ORIENTED_EDGE ( 'NONE', *, *, #1523, .F. ) ;
#850 = CYLINDRICAL_SURFACE ( 'NONE', #1334, 0.04158079293726342496 ) ;
#851 = VERTEX_POINT ( 'NONE', #3229 ) ;
#852 = VERTEX_POINT ( 'NONE', #2482 ) ;
#853 = CARTESIAN_POINT ( 'NONE',  ( 1.875000000000000000, -0.002000000000000000042, 0.1250000000000005551 ) ) ;
#854 = SURFACE_STYLE_USAGE ( .BOTH. , #592 ) ;
#855 = DIRECTION ( 'NONE',  ( -0.000000000000000000, 1.000000000000000000, -0.000000000000000000 ) ) ;
#856 = DIRECTION ( 'NONE',  ( 0.000000000000000000, 0.000000000000000000, -1.000000000000000000 ) ) ;
#857 = CARTESIAN_POINT ( 'NONE',  ( -1.324999999999999734, -0.002000000000000000042, -0.4249999999999996003 ) ) ;
#858 = DIRECTION ( 'NONE',  ( 8.673617379884027583E-16, 0.000000000000000000, -1.000000000000000000 ) ) ;
#859 = CARTESIAN_POINT ( 'NONE',  ( -1.324999999999999734, -0.002000000000000000042, -2.124999999999999112 ) ) ;
#860 = DIRECTION ( 'NONE',  ( -8.673617379884028570E-16, 0.000000000000000000, -1.000000000000000000 ) ) ;
#861 = ADVANCED_FACE ( 'NONE', ( #2468 ), #1208, .F. ) ;
#862 = CARTESIAN_POINT ( 'NONE',  ( -1.324999999999999734, -0.002000000000000000042, -0.4249999999999996003 ) ) ;
#863 = VERTEX_POINT ( 'NONE', #715 ) ;
#864 = VERTEX_POINT ( 'NONE', #1681 ) ;
#865 = FACE_OUTER_BOUND ( 'NONE', #141, .T. ) ;
#866 = VECTOR ( 'NONE', #1774, 1000.000000000000000 ) ;
#867 = DIRECTION ( 'NONE',  ( 1.000000000000000000, -0.000000000000000000, -0.000000000000000000 ) ) ;
#868 = AXIS2_PLACEMENT_3D ( 'NONE', #1069, #2891, #627 ) ;
#869 = CARTESIAN_POINT ( 'NONE',  ( 1.324999999999999512, 0.000000000000000000, 2.075000000000000622 ) ) ;
#870 = CIRCLE ( 'NONE', #2996, 0.1324839542973937911 ) ;
#871 = FACE_OUTER_BOUND ( 'NONE', #2702, .T. ) ;
#872 = AXIS2_PLACEMENT_3D ( 'NONE', #1252, #1506, #3263 ) ;
#873 = DIRECTION ( 'NONE',  ( 0.000000000000000000, 0.000000000000000000, -1.000000000000000000 ) ) ;
#874 = ORIENTED_EDGE ( 'NONE', *, *, #2045, .T. ) ;
#875 = CARTESIAN_POINT ( 'NONE',  ( 1.875000000000000000, 0.000000000000000000, 2.325000000000000622 ) ) ;
#876 = VECTOR ( 'NONE', #2604, 1000.000000000000000 ) ;
#877 = ORIENTED_EDGE ( 'NONE', *, *, #1067, .F. ) ;
#878 = LINE ( 'NONE', #354, #456 ) ;
#879 = COLOUR_RGB ( '',0.1098039215686274495, 0.1098039215686274495, 0.1098039215686274495 ) ;
#880 = EDGE_CURVE ( 'NONE', #2266, #905, #1663, .T. ) ;
#881 = EDGE_CURVE ( 'NONE', #1556, #2333, #1713, .T. ) ;
#882 = VECTOR ( 'NONE', #2834, 1000.000000000000000 ) ;
#883 = ORIENTED_EDGE ( 'NONE', *, *, #455, .T. ) ;
#884 = ORIENTED_EDGE ( 'NONE', *, *, #1689, .T. ) ;
#885 = DIRECTION ( 'NONE',  ( 0.000000000000000000, 0.000000000000000000, 1.000000000000000000 ) ) ;
#886 = CIRCLE ( 'NONE', #1401, 0.04158079293726342496 ) ;
#887 = CARTESIAN_POINT ( 'NONE',  ( -1.324999999999999734, -0.002000000000000000042, 0.6750000000000007105 ) ) ;
#888 = LINE ( 'NONE', #2607, #1922 ) ;
#889 = CARTESIAN_POINT ( 'NONE',  ( -1.582834611868862762, 0.6979999999999999538, -2.109284009208508337 ) ) ;
#890 = PLANE ( 'NONE',  #286 ) ;
#891 = EDGE_LOOP ( 'NONE', ( #1789, #2576, #1395, #2175 ) ) ;
#892 = FACE_OUTER_BOUND ( 'NONE', #994, .T. ) ;
#893 = CARTESIAN_POINT ( 'NONE',  ( -1.324999999999999734, 0.000000000000000000, 2.325000000000000622 ) ) ;
#894 = ORIENTED_EDGE ( 'NONE', *, *, #2107, .F. ) ;
#895 = ORIENTED_EDGE ( 'NONE', *, *, #582, .T. ) ;
#896 = LINE ( 'NONE', #2925, #2565 ) ;
#897 = DIRECTION ( 'NONE',  ( 1.000000000000000000, 0.000000000000000000, 8.673617379884028570E-16 ) ) ;
#898 = DIRECTION ( 'NONE',  ( 1.000000000000000000, 0.000000000000000000, 0.000000000000000000 ) ) ;
#899 = EDGE_CURVE ( 'NONE', #1969, #3099, #2168, .T. ) ;
#900 = CARTESIAN_POINT ( 'NONE',  ( 1.875000000000000000, -0.002000000000000000042, -0.4249999999999996003 ) ) ;
#901 = CARTESIAN_POINT ( 'NONE',  ( -1.875000000000000000, -0.002000000000000000042, -1.524999999999999467 ) ) ;
#902 = PRESENTATION_STYLE_ASSIGNMENT (( #717 ) ) ;
#903 = CARTESIAN_POINT ( 'NONE',  ( 1.874999999999999778, 0.000000000000000000, -0.6749999999999998224 ) ) ;
#904 = LINE ( 'NONE', #312, #2293 ) ;
#905 = VERTEX_POINT ( 'NONE', #1944 ) ;
#906 = DIRECTION ( 'NONE',  ( 1.000000000000000000, 0.000000000000000000, 8.673617379884028570E-16 ) ) ;
#907 = ORIENTED_EDGE ( 'NONE', *, *, #1864, .F. ) ;
#908 = LINE ( 'NONE', #121, #727 ) ;
#909 = LINE ( 'NONE', #1917, #2868 ) ;
#910 = ORIENTED_EDGE ( 'NONE', *, *, #1905, .T. ) ;
#911 = VERTEX_POINT ( 'NONE', #219 ) ;
#912 = DIRECTION ( 'NONE',  ( -8.673617379884028570E-16, 0.000000000000000000, -1.000000000000000000 ) ) ;
#913 = CARTESIAN_POINT ( 'NONE',  ( -1.875000000000000000, -0.002000000000000000042, -0.9749999999999993117 ) ) ;
#914 = DIRECTION ( 'NONE',  ( 0.000000000000000000, 0.000000000000000000, 1.000000000000000000 ) ) ;
#915 = FILL_AREA_STYLE_COLOUR ( '', #1447 ) ;
#916 = ADVANCED_FACE ( 'NONE', ( #462 ), #3247, .F. ) ;
#917 = CARTESIAN_POINT ( 'NONE',  ( -1.875000000000000000, -0.002000000000000000042, 0.1250000000000005551 ) ) ;
#918 = DIRECTION ( 'NONE',  ( -0.000000000000000000, 1.000000000000000000, -0.000000000000000000 ) ) ;
#919 = VECTOR ( 'NONE', #644, 1000.000000000000000 ) ;
#920 = ADVANCED_FACE ( 'NONE', ( #416 ), #2430, .F. ) ;
#921 = CARTESIAN_POINT ( 'NONE',  ( 1.324999999999999734, 0.000000000000000000, -0.9749999999999993117 ) ) ;
#922 = ORIENTED_EDGE ( 'NONE', *, *, #2234, .F. ) ;
#923 = CARTESIAN_POINT ( 'NONE',  ( 1.324999999999999734, -0.002000000000000000042, 1.225000000000000533 ) ) ;
#924 = ORIENTED_EDGE ( 'NONE', *, *, #2147, .T. ) ;
#925 = AXIS2_PLACEMENT_3D ( 'NONE', #1615, #2573, #2631 ) ;
#926 = VERTEX_POINT ( 'NONE', #1174 ) ;
#927 = FILL_AREA_STYLE ('',( #2971 ) ) ;
#928 = VECTOR ( 'NONE', #1851, 1000.000000000000000 ) ;
#929 = VERTEX_POINT ( 'NONE', #167 ) ;
#930 = ORIENTED_EDGE ( 'NONE', *, *, #115, .F. ) ;
#931 = LINE ( 'NONE', #426, #2128 ) ;
#932 = CARTESIAN_POINT ( 'NONE',  ( -1.874999999999999778, 0.000000000000000000, -0.6749999999999998224 ) ) ;
#933 = ORIENTED_EDGE ( 'NONE', *, *, #604, .F. ) ;
#934 = DIRECTION ( 'NONE',  ( -0.000000000000000000, 1.000000000000000000, -0.000000000000000000 ) ) ;
#935 = CARTESIAN_POINT ( 'NONE',  ( -1.875000000000000000, 0.000000000000000000, 0.1250000000000005551 ) ) ;
#936 = CARTESIAN_POINT ( 'NONE',  ( -1.324999999999999734, -0.002000000000000000042, 1.225000000000000533 ) ) ;
#937 = EDGE_CURVE ( 'NONE', #2302, #2266, #2188, .T. ) ;
#938 = LINE ( 'NONE', #1211, #661 ) ;
#939 = ADVANCED_FACE ( 'NONE', ( #1194 ), #262, .F. ) ;
#940 = CARTESIAN_POINT ( 'NONE',  ( -1.875000000000000000, -0.002000000000000000042, 1.775000000000000577 ) ) ;
#941 = ORIENTED_EDGE ( 'NONE', *, *, #3244, .F. ) ;
#942 = DIRECTION ( 'NONE',  ( 0.000000000000000000, -0.000000000000000000, 1.000000000000000000 ) ) ;
#943 = VERTEX_POINT ( 'NONE', #1289 ) ;
#944 = ORIENTED_EDGE ( 'NONE', *, *, #564, .T. ) ;
#945 = FILL_AREA_STYLE_COLOUR ( '', #2074 ) ;
#946 = EDGE_CURVE ( 'NONE', #3224, #911, #295, .T. ) ;
#947 = VERTEX_POINT ( 'NONE', #1236 ) ;
#948 = VERTEX_POINT ( 'NONE', #983 ) ;
#949 = DIRECTION ( 'NONE',  ( 1.000000000000000000, 0.000000000000000000, 0.000000000000000000 ) ) ;
#950 = EDGE_CURVE ( 'NONE', #2474, #1478, #1801, .T. ) ;
#951 = VERTEX_POINT ( 'NONE', #1251 ) ;
#952 = DIRECTION ( 'NONE',  ( 1.000000000000000000, 0.000000000000000000, 8.673617379884028570E-16 ) ) ;
#953 = DIRECTION ( 'NONE',  ( -8.673617379884027583E-16, 0.000000000000000000, -1.000000000000000000 ) ) ;
#954 = DIRECTION ( 'NONE',  ( 1.000000000000000000, 0.000000000000000000, -0.000000000000000000 ) ) ;
#955 = CARTESIAN_POINT ( 'NONE',  ( -1.875000000000000000, -0.002000000000000000042, 0.1250000000000005551 ) ) ;
#956 = ORIENTED_EDGE ( 'NONE', *, *, #1419, .T. ) ;
#957 = DIRECTION ( 'NONE',  ( -1.000000000000000000, 0.000000000000000000, 0.000000000000000000 ) ) ;
#958 = ORIENTED_EDGE ( 'NONE', *, *, #1322, .T. ) ;
#959 = EDGE_LOOP ( 'NONE', ( #607, #163, #2062, #1620 ) ) ;
#960 = DIRECTION ( 'NONE',  ( 0.000000000000000000, 0.000000000000000000, -1.000000000000000000 ) ) ;
#961 = EDGE_CURVE ( 'NONE', #194, #180, #2541, .T. ) ;
#962 = EDGE_CURVE ( 'NONE', #3160, #1004, #2017, .T. ) ;
#963 = LINE ( 'NONE', #2462, #1066 ) ;
#964 = AXIS2_PLACEMENT_3D ( 'NONE', #1998, #960, #706 ) ;
#965 = ORIENTED_EDGE ( 'NONE', *, *, #1349, .F. ) ;
#966 = CARTESIAN_POINT ( 'NONE',  ( -1.324999999999999512, -0.002000000000000000042, 1.525000000000000355 ) ) ;
#967 = CARTESIAN_POINT ( 'NONE',  ( 1.875000000000000000, -0.002000000000000000042, 2.325000000000000622 ) ) ;
#968 = VECTOR ( 'NONE', #1013, 1000.000000000000000 ) ;
#969 = PLANE ( 'NONE',  #2458 ) ;
#970 = VERTEX_POINT ( 'NONE', #3011 ) ;
#971 = CARTESIAN_POINT ( 'NONE',  ( -1.875000000000000000, -0.002000000000000000042, 0.6750000000000007105 ) ) ;
#972 = VECTOR ( 'NONE', #2235, 1000.000000000000000 ) ;
#973 = ORIENTED_EDGE ( 'NONE', *, *, #1339, .T. ) ;
#974 = FACE_OUTER_BOUND ( 'NONE', #1098, .T. ) ;
#975 = SURFACE_SIDE_STYLE ('',( #2987 ) ) ;
#976 = VECTOR ( 'NONE', #1909, 1000.000000000000000 ) ;
#977 = VERTEX_POINT ( 'NONE', #493 ) ;
#978 = VECTOR ( 'NONE', #2745, 1000.000000000000000 ) ;
#979 = EDGE_CURVE ( 'NONE', #1561, #1377, #2252, .T. ) ;
#980 = LINE ( 'NONE', #2504, #2027 ) ;
#981 = EDGE_CURVE ( 'NONE', #201, #59, #1790, .T. ) ;
#982 = VECTOR ( 'NONE', #42, 1000.000000000000000 ) ;
#983 = CARTESIAN_POINT ( 'NONE',  ( -1.874999999999999778, -0.002000000000000000042, -2.360943084037137041 ) ) ;
#984 = AXIS2_PLACEMENT_3D ( 'NONE', #1890, #2915, #646 ) ;
#985 = DIRECTION ( 'NONE',  ( 0.000000000000000000, -0.000000000000000000, 1.000000000000000000 ) ) ;
#986 = LINE ( 'NONE', #1319, #522 ) ;
#987 = AXIS2_PLACEMENT_3D ( 'NONE', #842, #2625, #2362 ) ;
#988 = DIRECTION ( 'NONE',  ( -0.000000000000000000, -0.000000000000000000, 1.000000000000000000 ) ) ;
#989 = LINE ( 'NONE', #1935, #2892 ) ;
#990 = VERTEX_POINT ( 'NONE', #995 ) ;
#991 = ORIENTED_EDGE ( 'NONE', *, *, #1600, .T. ) ;
#992 = LINE ( 'NONE', #1757, #204 ) ;
#993 = CARTESIAN_POINT ( 'NONE',  ( 1.874999999999999778, -0.002000000000000000042, -0.6749999999999998224 ) ) ;
#994 = EDGE_LOOP ( 'NONE', ( #2372, #226, #2570, #2648 ) ) ;
#995 = CARTESIAN_POINT ( 'NONE',  ( -1.875000000000000000, 0.000000000000000000, -2.124999999999999112 ) ) ;
#996 = PRESENTATION_STYLE_ASSIGNMENT (( #1536 ) ) ;
#997 = EDGE_CURVE ( 'NONE', #3116, #3199, #560, .T. ) ;
#998 = CARTESIAN_POINT ( 'NONE',  ( -1.874999999999999778, 0.000000000000000000, 0.9750000000000004219 ) ) ;
#999 = CARTESIAN_POINT ( 'NONE',  ( 2.000000000000000000, 0.2999999999999999889, -2.499999999999999556 ) ) ;
#1000 = ORIENTED_EDGE ( 'NONE', *, *, #1732, .F. ) ;
#1001 = FACE_BOUND ( 'NONE', #2042, .T. ) ;
#1002 = PLANE ( 'NONE',  #87 ) ;
#1003 = CARTESIAN_POINT ( 'NONE',  ( -1.874999999999999778, -0.002000000000000000042, -2.444104669911663752 ) ) ;
#1004 = VERTEX_POINT ( 'NONE', #2788 ) ;
#1005 = ORIENTED_EDGE ( 'NONE', *, *, #3237, .F. ) ;
#1006 = DIRECTION ( 'NONE',  ( -0.000000000000000000, 1.000000000000000000, -0.000000000000000000 ) ) ;
#1007 = VECTOR ( 'NONE', #654, 1000.000000000000000 ) ;
#1008 = DIRECTION ( 'NONE',  ( 8.673617379884027583E-16, -0.000000000000000000, 1.000000000000000000 ) ) ;
#1009 = VERTEX_POINT ( 'NONE', #2002 ) ;
#1010 = FACE_OUTER_BOUND ( 'NONE', #1130, .T. ) ;
#1011 = ORIENTED_EDGE ( 'NONE', *, *, #450, .T. ) ;
#1012 = PRODUCT_DEFINITION ( 'UNKNOWN', '', #469, #1754 ) ;
#1013 = DIRECTION ( 'NONE',  ( -1.000000000000000000, 0.000000000000000000, 0.000000000000000000 ) ) ;
#1014 = ADVANCED_FACE ( 'NONE', ( #2039 ), #2806, .F. ) ;
#1015 = UNCERTAINTY_MEASURE_WITH_UNIT (LENGTH_MEASURE( 1.000000000000000082E-05 ), #741, 'distance_accuracy_value', 'NONE');
#1016 = ORIENTED_EDGE ( 'NONE', *, *, #1250, .T. ) ;
#1017 = VECTOR ( 'NONE', #1223, 1000.000000000000000 ) ;
#1018 =( NAMED_UNIT ( * ) PLANE_ANGLE_UNIT ( ) SI_UNIT ( $, .RADIAN. ) );
#1019 = VECTOR ( 'NONE', #3069, 1000.000000000000000 ) ;
#1020 = CARTESIAN_POINT ( 'NONE',  ( -1.324999999999999734, 0.000000000000000000, 0.1250000000000005551 ) ) ;
#1021 = CARTESIAN_POINT ( 'NONE',  ( 1.875000000000000000, -0.002000000000000000042, -0.4249999999999996003 ) ) ;
#1022 = VECTOR ( 'NONE', #1758, 1000.000000000000000 ) ;
#1023 = VECTOR ( 'NONE', #688, 1000.000000000000000 ) ;
#1024 = EDGE_LOOP ( 'NONE', ( #2385, #1068, #1705, #137 ) ) ;
#1025 = DIRECTION ( 'NONE',  ( 1.000000000000000000, -0.000000000000000000, -0.000000000000000000 ) ) ;
#1026 = FACE_OUTER_BOUND ( 'NONE', #790, .T. ) ;
#1027 = ORIENTED_EDGE ( 'NONE', *, *, #747, .F. ) ;
#1028 = AXIS2_PLACEMENT_3D ( 'NONE', #923, #2719, #2216 ) ;
#1029 = CARTESIAN_POINT ( 'NONE',  ( 1.875000000000000000, -0.002000000000000000042, -2.074999999999999734 ) ) ;
#1030 = STYLED_ITEM ( 'NONE', ( #902 ), #2973 ) ;
#1031 = EDGE_CURVE ( 'NONE', #2561, #638, #3055, .T. ) ;
#1032 = ADVANCED_FACE ( 'NONE', ( #275 ), #527, .F. ) ;
#1033 =( NAMED_UNIT ( * ) PLANE_ANGLE_UNIT ( ) SI_UNIT ( $, .RADIAN. ) );
#1034 = AXIS2_PLACEMENT_3D ( 'NONE', #1625, #578, #2641 ) ;
#1035 = PLANE ( 'NONE',  #3047 ) ;
#1036 = ADVANCED_FACE ( 'NONE', ( #249 ), #542, .F. ) ;
#1037 = FACE_OUTER_BOUND ( 'NONE', #3207, .T. ) ;
#1038 = DIRECTION ( 'NONE',  ( 0.000000000000000000, 0.000000000000000000, 1.000000000000000000 ) ) ;
#1039 = VERTEX_POINT ( 'NONE', #2524 ) ;
#1040 = ORIENTED_EDGE ( 'NONE', *, *, #937, .T. ) ;
#1041 = DIRECTION ( 'NONE',  ( -0.000000000000000000, 1.000000000000000000, -0.000000000000000000 ) ) ;
#1042 = DIRECTION ( 'NONE',  ( 1.000000000000000000, 0.000000000000000000, 1.445602896647335761E-15 ) ) ;
#1043 = EDGE_LOOP ( 'NONE', ( #3162, #1657, #1804, #472 ) ) ;
#1044 = DIRECTION ( 'NONE',  ( -1.000000000000000000, 0.000000000000000000, -8.673617379884028570E-16 ) ) ;
#1045 = ORIENTED_EDGE ( 'NONE', *, *, #1444, .F. ) ;
#1046 = PLANE ( 'NONE',  #2683 ) ;
#1047 = FACE_BOUND ( 'NONE', #1687, .T. ) ;
#1048 = LINE ( 'NONE', #771, #2300 ) ;
#1049 = DIRECTION ( 'NONE',  ( 0.000000000000000000, 0.000000000000000000, 1.000000000000000000 ) ) ;
#1050 = EDGE_CURVE ( 'NONE', #2369, #863, #2281, .T. ) ;
#1051 = EDGE_CURVE ( 'NONE', #1999, #1745, #1304, .T. ) ;
#1052 = ORIENTED_EDGE ( 'NONE', *, *, #569, .F. ) ;
#1053 = VERTEX_POINT ( 'NONE', #2304 ) ;
#1054 = CARTESIAN_POINT ( 'NONE',  ( 1.324999999999999512, -0.002000000000000000042, 0.4250000000000004885 ) ) ;
#1055 = LINE ( 'NONE', #2790, #441 ) ;
#1056 = DIRECTION ( 'NONE',  ( 8.673617379884027583E-16, -0.000000000000000000, 1.000000000000000000 ) ) ;
#1057 = LINE ( 'NONE', #2309, #1655 ) ;
#1058 = CARTESIAN_POINT ( 'NONE',  ( 1.324999999999999734, -0.002000000000000000042, 0.6750000000000007105 ) ) ;
#1059 = CARTESIAN_POINT ( 'NONE',  ( -2.000000000000000000, 0.2999999999999999889, 2.500000000000000444 ) ) ;
#1060 = VECTOR ( 'NONE', #1629, 1000.000000000000000 ) ;
#1061 = PLANE ( 'NONE',  #1231 ) ;
#1062 = ORIENTED_EDGE ( 'NONE', *, *, #3108, .F. ) ;
#1063 = AXIS2_PLACEMENT_3D ( 'NONE', #1627, #1889, #1103 ) ;
#1064 = ORIENTED_EDGE ( 'NONE', *, *, #2690, .T. ) ;
#1065 = ORIENTED_EDGE ( 'NONE', *, *, #460, .T. ) ;
#1066 = VECTOR ( 'NONE', #2222, 1000.000000000000000 ) ;
#1067 = EDGE_CURVE ( 'NONE', #905, #2312, #2320, .T. ) ;
#1068 = ORIENTED_EDGE ( 'NONE', *, *, #833, .F. ) ;
#1069 = CARTESIAN_POINT ( 'NONE',  ( -1.875000000000000000, -0.002000000000000000042, 1.225000000000000533 ) ) ;
#1070 = CARTESIAN_POINT ( 'NONE',  ( -1.874999999999999778, -0.002000000000000000042, -0.1249999999999996808 ) ) ;
#1071 = ORIENTED_EDGE ( 'NONE', *, *, #3237, .T. ) ;
#1072 = PLANE ( 'NONE',  #1034 ) ;
#1073 = MECHANICAL_DESIGN_GEOMETRIC_PRESENTATION_REPRESENTATION (  '', ( #2777 ), #3206 ) ;
#1074 = ORIENTED_EDGE ( 'NONE', *, *, #2036, .T. ) ;
#1075 = CARTESIAN_POINT ( 'NONE',  ( -1.875000000000000000, -0.002000000000000000042, 1.775000000000000577 ) ) ;
#1076 = VECTOR ( 'NONE', #1868, 1000.000000000000000 ) ;
#1077 = DIRECTION ( 'NONE',  ( 8.673617379884027583E-16, -0.000000000000000000, 1.000000000000000000 ) ) ;
#1078 = VECTOR ( 'NONE', #2956, 1000.000000000000000 ) ;
#1079 = CARTESIAN_POINT ( 'NONE',  ( -2.000000000000000000, 0.6999999999999999556, -2.499999999999999556 ) ) ;
#1080 = VECTOR ( 'NONE', #1143, 1000.000000000000000 ) ;
#1081 = LINE ( 'NONE', #2614, #3265 ) ;
#1082 = VECTOR ( 'NONE', #808, 1000.000000000000000 ) ;
#1083 = LINE ( 'NONE', #2552, #297 ) ;
#1084 = ORIENTED_EDGE ( 'NONE', *, *, #2251, .T. ) ;
#1085 = EDGE_LOOP ( 'NONE', ( #826, #3241, #1149, #1096 ) ) ;
#1086 = CARTESIAN_POINT ( 'NONE',  ( -1.875000000000000000, -0.002000000000000000042, -2.124999999999999112 ) ) ;
#1087 = CARTESIAN_POINT ( 'NONE',  ( -1.874999999999999778, -0.002000000000000000042, 2.075000000000000622 ) ) ;
#1088 = CARTESIAN_POINT ( 'NONE',  ( 1.324999999999999734, 0.000000000000000000, -0.9749999999999993117 ) ) ;
#1089 = DIRECTION ( 'NONE',  ( -1.000000000000000000, 0.000000000000000000, 0.000000000000000000 ) ) ;
#1090 = CARTESIAN_POINT ( 'NONE',  ( 2.000000000000000000, 0.2999999999999999889, 2.500000000000000444 ) ) ;
#1091 = EDGE_CURVE ( 'NONE', #1793, #2055, #2757, .T. ) ;
#1092 = ORIENTED_EDGE ( 'NONE', *, *, #3147, .F. ) ;
#1093 = LINE ( 'NONE', #1144, #1710 ) ;
#1094 = CARTESIAN_POINT ( 'NONE',  ( -2.000000000000000000, 0.2999999999999999889, 2.500000000000000444 ) ) ;
#1095 = FILL_AREA_STYLE_COLOUR ( '', #879 ) ;
#1096 = ORIENTED_EDGE ( 'NONE', *, *, #280, .T. ) ;
#1097 = DIRECTION ( 'NONE',  ( -8.673617379884028570E-16, 0.000000000000000000, -1.000000000000000000 ) ) ;
#1098 = EDGE_LOOP ( 'NONE', ( #2661, #2047, #1839, #2101 ) ) ;
#1099 = EDGE_LOOP ( 'NONE', ( #2822, #1396, #2038, #3164 ) ) ;
#1100 = PLANE ( 'NONE',  #821 ) ;
#1101 = CARTESIAN_POINT ( 'NONE',  ( -1.875000000000000000, 0.000000000000000000, -0.4249999999999996003 ) ) ;
#1102 = CARTESIAN_POINT ( 'NONE',  ( -1.875000000000000000, -0.002000000000000000042, 1.225000000000000533 ) ) ;
#1103 = DIRECTION ( 'NONE',  ( 8.673617379884028570E-16, 0.000000000000000000, 1.000000000000000000 ) ) ;
#1104 = EDGE_CURVE ( 'NONE', #1954, #1320, #3132, .T. ) ;
#1105 = DIRECTION ( 'NONE',  ( 1.000000000000000000, -0.000000000000000000, -0.000000000000000000 ) ) ;
#1106 = ADVANCED_FACE ( 'NONE', ( #865 ), #822, .F. ) ;
#1107 = CARTESIAN_POINT ( 'NONE',  ( -1.874999999999999778, -0.002000000000000000042, 0.9750000000000004219 ) ) ;
#1108 = EDGE_CURVE ( 'NONE', #229, #3150, #110, .T. ) ;
#1109 = DIRECTION ( 'NONE',  ( -8.673617379884027583E-16, -0.000000000000000000, 1.000000000000000000 ) ) ;
#1110 = CARTESIAN_POINT ( 'NONE',  ( 0.000000000000000000, 0.6999999999999999556, 0.000000000000000000 ) ) ;
#1111 = EDGE_LOOP ( 'NONE', ( #2319, #1721, #739, #2404 ) ) ;
#1112 = DIRECTION ( 'NONE',  ( -0.000000000000000000, 1.000000000000000000, -0.000000000000000000 ) ) ;
#1113 =( GEOMETRIC_REPRESENTATION_CONTEXT ( 3 ) GLOBAL_UNCERTAINTY_ASSIGNED_CONTEXT ( ( #1015 ) ) GLOBAL_UNIT_ASSIGNED_CONTEXT ( ( #741, #754, #1965 ) ) REPRESENTATION_CONTEXT ( 'NONE', 'WORKASPACE' ) );
#1114 = VECTOR ( 'NONE', #702, 1000.000000000000000 ) ;
#1115 = ORIENTED_EDGE ( 'NONE', *, *, #1766, .F. ) ;
#1116 = ORIENTED_EDGE ( 'NONE', *, *, #1435, .T. ) ;
#1117 = DIRECTION ( 'NONE',  ( -0.000000000000000000, -1.000000000000000000, -0.000000000000000000 ) ) ;
#1118 = VECTOR ( 'NONE', #1408, 1000.000000000000000 ) ;
#1119 = PLANE ( 'NONE',  #676 ) ;
#1120 = DIRECTION ( 'NONE',  ( -0.000000000000000000, 1.000000000000000000, -0.000000000000000000 ) ) ;
#1121 = VECTOR ( 'NONE', #2132, 1000.000000000000000 ) ;
#1122 = PLANE ( 'NONE',  #665 ) ;
#1123 = VECTOR ( 'NONE', #2949, 1000.000000000000000 ) ;
#1124 = CYLINDRICAL_SURFACE ( 'NONE', #1192, 0.1324839542973937911 ) ;
#1125 = VECTOR ( 'NONE', #2502, 1000.000000000000000 ) ;
#1126 = CARTESIAN_POINT ( 'NONE',  ( -1.324999999999999734, 0.000000000000000000, -0.4249999999999996003 ) ) ;
#1127 =( NAMED_UNIT ( * ) PLANE_ANGLE_UNIT ( ) SI_UNIT ( $, .RADIAN. ) );
#1128 = EDGE_LOOP ( 'NONE', ( #1071, #2673, #64, #838 ) ) ;
#1129 = DIRECTION ( 'NONE',  ( 0.000000000000000000, 0.000000000000000000, 1.000000000000000000 ) ) ;
#1130 = EDGE_LOOP ( 'NONE', ( #2150, #1227, #130, #910 ) ) ;
#1131 = ORIENTED_EDGE ( 'NONE', *, *, #1269, .F. ) ;
#1132 = ADVANCED_FACE ( 'NONE', ( #94 ), #3118, .F. ) ;
#1133 = LINE ( 'NONE', #1357, #2131 ) ;
#1134 = AXIS2_PLACEMENT_3D ( 'NONE', #1210, #1736, #686 ) ;
#1135 = ADVANCED_FACE ( 'NONE', ( #1850 ), #2103, .F. ) ;
#1136 = VERTEX_POINT ( 'NONE', #1818 ) ;
#1137 = ORIENTED_EDGE ( 'NONE', *, *, #2325, .F. ) ;
#1138 = ORIENTED_EDGE ( 'NONE', *, *, #2898, .T. ) ;
#1139 = DIRECTION ( 'NONE',  ( 1.000000000000000000, 0.000000000000000000, -8.673617379884028570E-16 ) ) ;
#1140 = CARTESIAN_POINT ( 'NONE',  ( 1.874999999999999778, -0.002000000000000000042, 1.525000000000000355 ) ) ;
#1141 = LINE ( 'NONE', #2153, #1660 ) ;
#1142 = CARTESIAN_POINT ( 'NONE',  ( -1.324999999999999734, -0.002000000000000000042, 2.325000000000000622 ) ) ;
#1143 = DIRECTION ( 'NONE',  ( -8.673617379884027583E-16, -0.000000000000000000, 1.000000000000000000 ) ) ;
#1144 = CARTESIAN_POINT ( 'NONE',  ( -1.875000000000000000, 0.000000000000000000, 1.225000000000000533 ) ) ;
#1145 = ORIENTED_EDGE ( 'NONE', *, *, #1884, .T. ) ;
#1146 = DIRECTION ( 'NONE',  ( 0.000000000000000000, 0.000000000000000000, -1.000000000000000000 ) ) ;
#1147 = ORIENTED_EDGE ( 'NONE', *, *, #499, .F. ) ;
#1148 = DIRECTION ( 'NONE',  ( -8.673617379884027583E-16, 0.000000000000000000, -1.000000000000000000 ) ) ;
#1149 = ORIENTED_EDGE ( 'NONE', *, *, #845, .F. ) ;
#1150 = EDGE_CURVE ( 'NONE', #1954, #3130, #74, .T. ) ;
#1151 = ORIENTED_EDGE ( 'NONE', *, *, #3045, .F. ) ;
#1152 = CARTESIAN_POINT ( 'NONE',  ( 2.000000000000000000, 0.6999999999999999556, 2.500000000000000444 ) ) ;
#1153 = ADVANCED_FACE ( 'NONE', ( #576 ), #1100, .F. ) ;
#1154 = ORIENTED_EDGE ( 'NONE', *, *, #3123, .F. ) ;
#1155 = DIRECTION ( 'NONE',  ( 0.000000000000000000, 0.000000000000000000, 1.000000000000000000 ) ) ;
#1156 = DIRECTION ( 'NONE',  ( -1.000000000000000000, 0.000000000000000000, 0.000000000000000000 ) ) ;
#1157 = DIRECTION ( 'NONE',  ( -0.000000000000000000, 1.000000000000000000, -0.000000000000000000 ) ) ;
#1158 = CARTESIAN_POINT ( 'NONE',  ( 1.875000000000000000, -0.002000000000000000042, -2.074999999999999734 ) ) ;
#1159 = DIRECTION ( 'NONE',  ( 0.000000000000000000, 0.000000000000000000, -1.000000000000000000 ) ) ;
#1160 = ORIENTED_EDGE ( 'NONE', *, *, #1633, .F. ) ;
#1161 = EDGE_LOOP ( 'NONE', ( #3163, #1816, #3039, #3079 ) ) ;
#1162 = ORIENTED_EDGE ( 'NONE', *, *, #1811, .F. ) ;
#1163 = DIRECTION ( 'NONE',  ( 0.000000000000000000, -0.000000000000000000, -1.000000000000000000 ) ) ;
#1164 = LINE ( 'NONE', #1725, #2450 ) ;
#1165 = VERTEX_POINT ( 'NONE', #1054 ) ;
#1166 = VERTEX_POINT ( 'NONE', #1623 ) ;
#1167 = ORIENTED_EDGE ( 'NONE', *, *, #9, .F. ) ;
#1168 = LINE ( 'NONE', #2962, #1226 ) ;
#1169 = AXIS2_PLACEMENT_3D ( 'NONE', #103, #3138, #873 ) ;
#1170 = DIRECTION ( 'NONE',  ( 0.000000000000000000, -0.000000000000000000, 1.000000000000000000 ) ) ;
#1171 = ORIENTED_EDGE ( 'NONE', *, *, #2599, .F. ) ;
#1172 = EDGE_CURVE ( 'NONE', #1039, #17, #1330, .T. ) ;
#1173 = AXIS2_PLACEMENT_3D ( 'NONE', #3158, #647, #2416 ) ;
#1174 = CARTESIAN_POINT ( 'NONE',  ( -1.324999999999999512, -0.002000000000000000042, -1.224999999999999423 ) ) ;
#1175 = DIRECTION ( 'NONE',  ( 8.673617379884027583E-16, -0.000000000000000000, 1.000000000000000000 ) ) ;
#1176 = ADVANCED_FACE ( 'NONE', ( #2654 ), #2638, .F. ) ;
#1177 = CARTESIAN_POINT ( 'NONE',  ( -1.324999999999999734, -0.002000000000000000042, 0.6750000000000007105 ) ) ;
#1178 = VECTOR ( 'NONE', #3052, 1000.000000000000000 ) ;
#1179 = CARTESIAN_POINT ( 'NONE',  ( -1.582834611868862762, 0.6979999999999999538, -2.241767963505902017 ) ) ;
#1180 = CARTESIAN_POINT ( 'NONE',  ( 1.874999999999999778, -0.002000000000000000042, -1.224999999999999423 ) ) ;
#1181 = VERTEX_POINT ( 'NONE', #1316 ) ;
#1182 = VECTOR ( 'NONE', #2483, 1000.000000000000000 ) ;
#1183 = ORIENTED_EDGE ( 'NONE', *, *, #2499, .F. ) ;
#1184 = VERTEX_POINT ( 'NONE', #61 ) ;
#1185 = SURFACE_STYLE_FILL_AREA ( #927 ) ;
#1186 = AXIS2_PLACEMENT_3D ( 'NONE', #3070, #1559, #3102 ) ;
#1187 = VECTOR ( 'NONE', #3015, 1000.000000000000000 ) ;
#1188 = EDGE_LOOP ( 'NONE', ( #2296, #3029, #2206, #1829 ) ) ;
#1189 = ORIENTED_EDGE ( 'NONE', *, *, #2142, .T. ) ;
#1190 = DIRECTION ( 'NONE',  ( 1.000000000000000000, 0.000000000000000000, 0.000000000000000000 ) ) ;
#1191 = EDGE_CURVE ( 'NONE', #2055, #1680, #1571, .T. ) ;
#1192 = AXIS2_PLACEMENT_3D ( 'NONE', #889, #131, #1825 ) ;
#1193 = DIRECTION ( 'NONE',  ( 8.673617379884027583E-16, 0.000000000000000000, -1.000000000000000000 ) ) ;
#1194 = FACE_OUTER_BOUND ( 'NONE', #2940, .T. ) ;
#1195 = DIRECTION ( 'NONE',  ( -8.673617379884027583E-16, 0.000000000000000000, -1.000000000000000000 ) ) ;
#1196 = PLANE ( 'NONE',  #2138 ) ;
#1197 = ADVANCED_FACE ( 'NONE', ( #2855 ), #2069, .F. ) ;
#1198 = CARTESIAN_POINT ( 'NONE',  ( 1.874999999999999778, 0.000000000000000000, -0.1249999999999996808 ) ) ;
#1199 = EDGE_CURVE ( 'NONE', #1243, #1999, #373, .T. ) ;
#1200 = CARTESIAN_POINT ( 'NONE',  ( 1.324999999999999734, -0.002000000000000000042, -0.9749999999999993117 ) ) ;
#1201 = ORIENTED_EDGE ( 'NONE', *, *, #2898, .F. ) ;
#1202 = PLANE ( 'NONE',  #659 ) ;
#1203 = ORIENTED_EDGE ( 'NONE', *, *, #359, .F. ) ;
#1204 = ORIENTED_EDGE ( 'NONE', *, *, #336, .F. ) ;
#1205 = FACE_OUTER_BOUND ( 'NONE', #329, .T. ) ;
#1206 = CARTESIAN_POINT ( 'NONE',  ( 1.874999999999999778, -0.002000000000000000042, 2.075000000000000622 ) ) ;
#1207 = ORIENTED_EDGE ( 'NONE', *, *, #1483, .T. ) ;
#1208 = PLANE ( 'NONE',  #3257 ) ;
#1209 = CARTESIAN_POINT ( 'NONE',  ( -1.874999999999999778, -0.002000000000000000042, -1.224999999999999423 ) ) ;
#1210 = CARTESIAN_POINT ( 'NONE',  ( 1.875000000000000000, -0.002000000000000000042, 0.1250000000000005551 ) ) ;
#1211 = CARTESIAN_POINT ( 'NONE',  ( -1.875000000000000000, -0.002000000000000000042, 0.1250000000000005551 ) ) ;
#1212 = CARTESIAN_POINT ( 'NONE',  ( -1.874999999999999778, -0.002000000000000000042, 0.9750000000000004219 ) ) ;
#1213 = EDGE_CURVE ( 'NONE', #2086, #694, #1361, .T. ) ;
#1214 = EDGE_LOOP ( 'NONE', ( #1848, #2023, #3238, #991 ) ) ;
#1215 = CARTESIAN_POINT ( 'NONE',  ( 1.324999999999999512, -0.000000000000000000, -0.6749999999999998224 ) ) ;
#1216 = DIRECTION ( 'NONE',  ( -1.000000000000000000, 0.000000000000000000, -0.000000000000000000 ) ) ;
#1217 = DIRECTION ( 'NONE',  ( 0.7071067811865466846, 0.000000000000000000, 0.7071067811865483499 ) ) ;
#1218 = DIRECTION ( 'NONE',  ( -0.000000000000000000, 0.000000000000000000, 1.000000000000000000 ) ) ;
#1219 = PLANE ( 'NONE',  #872 ) ;
#1220 = EDGE_CURVE ( 'NONE', #3224, #1166, #2603, .T. ) ;
#1221 = CARTESIAN_POINT ( 'NONE',  ( -2.000000000000000000, 0.6999999999999999556, 2.500000000000000444 ) ) ;
#1222 = VECTOR ( 'NONE', #828, 1000.000000000000000 ) ;
#1223 = DIRECTION ( 'NONE',  ( -0.000000000000000000, 1.000000000000000000, -0.000000000000000000 ) ) ;
#1224 = VECTOR ( 'NONE', #2627, 1000.000000000000000 ) ;
#1225 = FILL_AREA_STYLE ('',( #1476 ) ) ;
#1226 = VECTOR ( 'NONE', #658, 1000.000000000000000 ) ;
#1227 = ORIENTED_EDGE ( 'NONE', *, *, #76, .F. ) ;
#1228 = ORIENTED_EDGE ( 'NONE', *, *, #1951, .F. ) ;
#1229 = DIRECTION ( 'NONE',  ( 8.673617379884028570E-16, 0.000000000000000000, -1.000000000000000000 ) ) ;
#1230 = CARTESIAN_POINT ( 'NONE',  ( 1.324999999999999734, -0.002000000000000000042, 1.775000000000000577 ) ) ;
#1231 = AXIS2_PLACEMENT_3D ( 'NONE', #537, #1532, #1828 ) ;
#1232 = AXIS2_PLACEMENT_3D ( 'NONE', #742, #2233, #2491 ) ;
#1233 = CARTESIAN_POINT ( 'NONE',  ( 1.875000000000000000, 0.000000000000000000, 1.225000000000000533 ) ) ;
#1234 = EDGE_CURVE ( 'NONE', #990, #851, #360, .T. ) ;
#1235 = VECTOR ( 'NONE', #2664, 1000.000000000000000 ) ;
#1236 = CARTESIAN_POINT ( 'NONE',  ( 2.000000000000000000, 0.6999999999999999556, -2.499999999999999556 ) ) ;
#1237 = VECTOR ( 'NONE', #2761, 1000.000000000000000 ) ;
#1238 = CARTESIAN_POINT ( 'NONE',  ( -1.874999999999999778, 0.000000000000000000, -0.1249999999999996808 ) ) ;
#1239 = SURFACE_STYLE_FILL_AREA ( #1748 ) ;
#1240 = VECTOR ( 'NONE', #2995, 1000.000000000000000 ) ;
#1241 = DIRECTION ( 'NONE',  ( 1.000000000000000000, 0.000000000000000000, 0.000000000000000000 ) ) ;
#1242 = LINE ( 'NONE', #2256, #2519 ) ;
#1243 = VERTEX_POINT ( 'NONE', #1728 ) ;
#1244 = VERTEX_POINT ( 'NONE', #1901 ) ;
#1245 = FACE_OUTER_BOUND ( 'NONE', #3253, .T. ) ;
#1246 = DIRECTION ( 'NONE',  ( -0.000000000000000000, 1.000000000000000000, 0.000000000000000000 ) ) ;
#1247 = CARTESIAN_POINT ( 'NONE',  ( 1.324999999999999512, 0.000000000000000000, 1.525000000000000355 ) ) ;
#1248 = EDGE_CURVE ( 'NONE', #1320, #2763, #931, .T. ) ;
#1249 = ORIENTED_EDGE ( 'NONE', *, *, #1843, .T. ) ;
#1250 = EDGE_CURVE ( 'NONE', #2531, #1403, #711, .T. ) ;
#1251 = CARTESIAN_POINT ( 'NONE',  ( -2.000000000000000000, 0.6999999999999999556, 2.500000000000000444 ) ) ;
#1252 = CARTESIAN_POINT ( 'NONE',  ( 1.875000000000000000, -0.002000000000000000042, 2.325000000000000622 ) ) ;
#1253 = PLANE ( 'NONE',  #737 ) ;
#1254 = ORIENTED_EDGE ( 'NONE', *, *, #787, .F. ) ;
#1255 = DIRECTION ( 'NONE',  ( 1.000000000000000000, 0.000000000000000000, 0.000000000000000000 ) ) ;
#1256 = CARTESIAN_POINT ( 'NONE',  ( 1.875000000000000000, -0.002000000000000000042, 2.325000000000000622 ) ) ;
#1257 = VERTEX_POINT ( 'NONE', #1708 ) ;
#1258 = EDGE_LOOP ( 'NONE', ( #1426, #1303, #1000, #1138 ) ) ;
#1259 = FILL_AREA_STYLE_COLOUR ( '', #2872 ) ;
#1260 = FACE_OUTER_BOUND ( 'NONE', #3228, .T. ) ;
#1261 =( LENGTH_UNIT ( ) NAMED_UNIT ( * ) SI_UNIT ( .MILLI., .METRE. ) );
#1262 = CARTESIAN_POINT ( 'NONE',  ( 1.875000000000000000, 0.000000000000000000, 1.775000000000000577 ) ) ;
#1263 = PRODUCT_DEFINITION_SHAPE ( 'NONE', 'NONE',  #1012 ) ;
#1264 = EDGE_CURVE ( 'NONE', #17, #180, #183, .T. ) ;
#1265 = ORIENTED_EDGE ( 'NONE', *, *, #322, .T. ) ;
#1266 = EDGE_LOOP ( 'NONE', ( #721, #1569 ) ) ;
#1267 = DIRECTION ( 'NONE',  ( 0.000000000000000000, 0.000000000000000000, -1.000000000000000000 ) ) ;
#1268 = FACE_OUTER_BOUND ( 'NONE', #704, .T. ) ;
#1269 = EDGE_CURVE ( 'NONE', #911, #2444, #1168, .T. ) ;
#1270 = PLANE ( 'NONE',  #2840 ) ;
#1271 = EDGE_CURVE ( 'NONE', #1004, #3130, #729, .T. ) ;
#1272 = VERTEX_POINT ( 'NONE', #2184 ) ;
#1273 = AXIS2_PLACEMENT_3D ( 'NONE', #2815, #1530, #1299 ) ;
#1274 = CARTESIAN_POINT ( 'NONE',  ( -1.875000000000000000, -0.002000000000000000042, -0.9749999999999993117 ) ) ;
#1275 = DIRECTION ( 'NONE',  ( -0.000000000000000000, 0.000000000000000000, 1.000000000000000000 ) ) ;
#1276 = VECTOR ( 'NONE', #1369, 1000.000000000000000 ) ;
#1277 = EDGE_CURVE ( 'NONE', #487, #690, #2711, .T. ) ;
#1278 = ORIENTED_EDGE ( 'NONE', *, *, #2994, .F. ) ;
#1279 = UNCERTAINTY_MEASURE_WITH_UNIT (LENGTH_MEASURE( 1.000000000000000082E-05 ), #2998, 'distance_accuracy_value', 'NONE');
#1280 = ORIENTED_EDGE ( 'NONE', *, *, #3147, .T. ) ;
#1281 = FACE_BOUND ( 'NONE', #2162, .T. ) ;
#1282 = CARTESIAN_POINT ( 'NONE',  ( 1.874999999999999778, -0.002000000000000000042, 0.9750000000000004219 ) ) ;
#1283 = VECTOR ( 'NONE', #2386, 1000.000000000000000 ) ;
#1284 = PLANE ( 'NONE',  #3143 ) ;
#1285 = CARTESIAN_POINT ( 'NONE',  ( -1.875000000000000000, -0.002000000000000000042, -0.4249999999999996003 ) ) ;
#1286 = AXIS2_PLACEMENT_3D ( 'NONE', #2052, #2298, #323 ) ;
#1287 = ORIENTED_EDGE ( 'NONE', *, *, #1465, .F. ) ;
#1288 = ORIENTED_EDGE ( 'NONE', *, *, #2464, .F. ) ;
#1289 = CARTESIAN_POINT ( 'NONE',  ( -1.324999999999999734, 0.000000000000000000, 0.6750000000000007105 ) ) ;
#1290 = AXIS2_PLACEMENT_3D ( 'NONE', #1180, #703, #2703 ) ;
#1291 =( LENGTH_UNIT ( ) NAMED_UNIT ( * ) SI_UNIT ( .MILLI., .METRE. ) );
#1292 = CARTESIAN_POINT ( 'NONE',  ( 1.875000000000000000, -0.002000000000000000042, -0.9749999999999993117 ) ) ;
#1293 = ORIENTED_EDGE ( 'NONE', *, *, #114, .F. ) ;
#1294 = CARTESIAN_POINT ( 'NONE',  ( -1.875000000000000000, 0.000000000000000000, 1.775000000000000577 ) ) ;
#1295 = VERTEX_POINT ( 'NONE', #1405 ) ;
#1296 = FACE_OUTER_BOUND ( 'NONE', #1161, .T. ) ;
#1297 = AXIS2_PLACEMENT_3D ( 'NONE', #2759, #2558, #3264 ) ;
#1298 = EDGE_CURVE ( 'NONE', #690, #1745, #963, .T. ) ;
#1299 = DIRECTION ( 'NONE',  ( 0.000000000000000000, -0.000000000000000000, -1.000000000000000000 ) ) ;
#1300 = EDGE_CURVE ( 'NONE', #3246, #1574, #3208, .T. ) ;
#1301 = CARTESIAN_POINT ( 'NONE',  ( 1.875000000000000000, -0.002000000000000000042, -0.9749999999999993117 ) ) ;
#1302 = EDGE_LOOP ( 'NONE', ( #1830, #2869, #2970, #3028 ) ) ;
#1303 = ORIENTED_EDGE ( 'NONE', *, *, #1990, .F. ) ;
#1304 = LINE ( 'NONE', #745, #2669 ) ;
#1305 = FACE_OUTER_BOUND ( 'NONE', #1099, .T. ) ;
#1306 = CARTESIAN_POINT ( 'NONE',  ( -1.874999999999999778, 0.000000000000000000, -1.224999999999999423 ) ) ;
#1307 = ORIENTED_EDGE ( 'NONE', *, *, #1575, .T. ) ;
#1308 = LINE ( 'NONE', #65, #505 ) ;
#1309 = DIRECTION ( 'NONE',  ( 0.000000000000000000, -0.000000000000000000, 1.000000000000000000 ) ) ;
#1310 = UNCERTAINTY_MEASURE_WITH_UNIT (LENGTH_MEASURE( 1.000000000000000082E-05 ), #3060, 'distance_accuracy_value', 'NONE');
#1311 = FACE_BOUND ( 'NONE', #2665, .T. ) ;
#1312 = CARTESIAN_POINT ( 'NONE',  ( 1.324999999999999734, 0.000000000000000000, 2.325000000000000622 ) ) ;
#1313 = ADVANCED_FACE ( 'NONE', ( #1457 ), #2208, .F. ) ;
#1314 = ORIENTED_EDGE ( 'NONE', *, *, #962, .T. ) ;
#1315 = VERTEX_POINT ( 'NONE', #2695 ) ;
#1316 = CARTESIAN_POINT ( 'NONE',  ( -2.000000000000000000, 0.2999999999999999889, -2.499999999999999556 ) ) ;
#1317 = LINE ( 'NONE', #1101, #876 ) ;
#1318 = ORIENTED_EDGE ( 'NONE', *, *, #1767, .T. ) ;
#1319 = CARTESIAN_POINT ( 'NONE',  ( -1.875000000000000000, -0.002000000000000000042, -0.4249999999999996003 ) ) ;
#1320 = VERTEX_POINT ( 'NONE', #164 ) ;
#1321 = CARTESIAN_POINT ( 'NONE',  ( -1.875000000000000000, -0.002000000000000000042, -0.9749999999999993117 ) ) ;
#1322 = EDGE_CURVE ( 'NONE', #2398, #1166, #1942, .T. ) ;
#1323 = FACE_OUTER_BOUND ( 'NONE', #714, .T. ) ;
#1324 = DIRECTION ( 'NONE',  ( 0.000000000000000000, -0.000000000000000000, 1.000000000000000000 ) ) ;
#1325 =( GEOMETRIC_REPRESENTATION_CONTEXT ( 3 ) GLOBAL_UNCERTAINTY_ASSIGNED_CONTEXT ( ( #2584 ) ) GLOBAL_UNIT_ASSIGNED_CONTEXT ( ( #1769, #1033, #2597 ) ) REPRESENTATION_CONTEXT ( 'NONE', 'WORKASPACE' ) );
#1326 = DIRECTION ( 'NONE',  ( -1.000000000000000000, -0.000000000000000000, -0.000000000000000000 ) ) ;
#1327 = VERTEX_POINT ( 'NONE', #1678 ) ;
#1328 = ORIENTED_EDGE ( 'NONE', *, *, #1220, .F. ) ;
#1329 = ORIENTED_EDGE ( 'NONE', *, *, #142, .T. ) ;
#1330 = LINE ( 'NONE', #608, #30 ) ;
#1331 = EDGE_CURVE ( 'NONE', #1584, #256, #1921, .T. ) ;
#1332 = DIRECTION ( 'NONE',  ( -8.673617379884027583E-16, 0.000000000000000000, -1.000000000000000000 ) ) ;
#1333 = FACE_OUTER_BOUND ( 'NONE', #531, .T. ) ;
#1334 = AXIS2_PLACEMENT_3D ( 'NONE', #1517, #1813, #3096 ) ;
#1335 = PLANE ( 'NONE',  #1063 ) ;
#1336 = COLOUR_RGB ( '',0.1019607843137254888, 0.1019607843137254888, 0.1019607843137254888 ) ;
#1337 = LINE ( 'NONE', #857, #1080 ) ;
#1338 = MECHANICAL_DESIGN_GEOMETRIC_PRESENTATION_REPRESENTATION (  '', ( #2246 ), #515 ) ;
#1339 = EDGE_CURVE ( 'NONE', #1964, #2489, #439, .T. ) ;
#1340 = CARTESIAN_POINT ( 'NONE',  ( -1.875000000000000000, -0.002000000000000000042, -0.4249999999999996003 ) ) ;
#1341 = AXIS2_PLACEMENT_3D ( 'NONE', #1592, #1840, #2120 ) ;
#1342 = ORIENTED_EDGE ( 'NONE', *, *, #14, .F. ) ;
#1343 = VECTOR ( 'NONE', #867, 1000.000000000000000 ) ;
#1344 = DIRECTION ( 'NONE',  ( 0.000000000000000000, -1.000000000000000000, 0.000000000000000000 ) ) ;
#1345 = ORIENTED_EDGE ( 'NONE', *, *, #1541, .F. ) ;
#1346 = EDGE_LOOP ( 'NONE', ( #1939, #3131, #595, #3149 ) ) ;
#1347 = CARTESIAN_POINT ( 'NONE',  ( -1.875000000000000000, 0.000000000000000000, -2.124999999999999112 ) ) ;
#1348 = LINE ( 'NONE', #1070, #1389 ) ;
#1349 = EDGE_CURVE ( 'NONE', #579, #3071, #477, .T. ) ;
#1350 = DIRECTION ( 'NONE',  ( 0.000000000000000000, -0.000000000000000000, 1.000000000000000000 ) ) ;
#1351 = EDGE_CURVE ( 'NONE', #2453, #3169, #2943, .T. ) ;
#1352 = CARTESIAN_POINT ( 'NONE',  ( -1.582834611868862762, 0.6999999999999999556, -1.976800054911114657 ) ) ;
#1353 = DIRECTION ( 'NONE',  ( 8.673617379884028570E-16, 0.000000000000000000, 1.000000000000000000 ) ) ;
#1354 = DIRECTION ( 'NONE',  ( -8.673617379884027583E-16, -0.000000000000000000, 1.000000000000000000 ) ) ;
#1355 = DIRECTION ( 'NONE',  ( 1.000000000000000000, 0.000000000000000000, -0.000000000000000000 ) ) ;
#1356 = EDGE_LOOP ( 'NONE', ( #1417, #1707, #2129, #80 ) ) ;
#1357 = CARTESIAN_POINT ( 'NONE',  ( -1.324999999999999512, -0.002000000000000000042, 2.075000000000000622 ) ) ;
#1358 = EDGE_LOOP ( 'NONE', ( #1074, #1065, #2619, #770 ) ) ;
#1359 = ORIENTED_EDGE ( 'NONE', *, *, #2287, .F. ) ;
#1360 = VERTEX_POINT ( 'NONE', #217 ) ;
#1361 = LINE ( 'NONE', #1833, #1283 ) ;
#1362 = PLANE ( 'NONE',  #2687 ) ;
#1363 = APPLICATION_CONTEXT ( 'automotive_design' ) ;
#1364 = ORIENTED_EDGE ( 'NONE', *, *, #1067, .T. ) ;
#1365 = DIRECTION ( 'NONE',  ( -0.000000000000000000, 0.000000000000000000, 1.000000000000000000 ) ) ;
#1366 = ADVANCED_FACE ( 'NONE', ( #1205 ), #3185, .F. ) ;
#1367 = VERTEX_POINT ( 'NONE', #3170 ) ;
#1368 = LINE ( 'NONE', #3122, #1823 ) ;
#1369 = DIRECTION ( 'NONE',  ( 1.000000000000000000, -0.000000000000000000, -0.000000000000000000 ) ) ;
#1370 = LINE ( 'NONE', #419, #2350 ) ;
#1371 = EDGE_CURVE ( 'NONE', #2466, #2333, #896, .T. ) ;
#1372 = CARTESIAN_POINT ( 'NONE',  ( -2.000000000000000000, 0.2999999999999999889, -2.499999999999999556 ) ) ;
#1373 = ORIENTED_EDGE ( 'NONE', *, *, #3260, .T. ) ;
#1374 = VERTEX_POINT ( 'NONE', #411 ) ;
#1375 = DIRECTION ( 'NONE',  ( -1.000000000000000000, -0.000000000000000000, -0.000000000000000000 ) ) ;
#1376 = AXIS2_PLACEMENT_3D ( 'NONE', #281, #1044, #319 ) ;
#1377 = VERTEX_POINT ( 'NONE', #681 ) ;
#1378 = ORIENTED_EDGE ( 'NONE', *, *, #708, .T. ) ;
#1379 = EDGE_CURVE ( 'NONE', #1257, #2531, #980, .T. ) ;
#1380 = ORIENTED_EDGE ( 'NONE', *, *, #1351, .T. ) ;
#1381 = CARTESIAN_POINT ( 'NONE',  ( 1.875000000000000000, -0.002000000000000000042, -1.524999999999999467 ) ) ;
#1382 = FACE_OUTER_BOUND ( 'NONE', #2550, .T. ) ;
#1383 = CARTESIAN_POINT ( 'NONE',  ( 1.875000000000000000, -0.002000000000000000042, 1.225000000000000533 ) ) ;
#1384 = VECTOR ( 'NONE', #2591, 1000.000000000000000 ) ;
#1385 = FACE_OUTER_BOUND ( 'NONE', #1755, .T. ) ;
#1386 = VECTOR ( 'NONE', #3077, 1000.000000000000000 ) ;
#1387 = CARTESIAN_POINT ( 'NONE',  ( -1.875000000000000000, -0.002000000000000000042, -1.524999999999999467 ) ) ;
#1388 = LINE ( 'NONE', #348, #3216 ) ;
#1389 = VECTOR ( 'NONE', #1586, 1000.000000000000000 ) ;
#1390 = CARTESIAN_POINT ( 'NONE',  ( 1.324999999999999734, -0.002000000000000000042, 0.1250000000000005551 ) ) ;
#1391 = LINE ( 'NONE', #3196, #1980 ) ;
#1392 = ORIENTED_EDGE ( 'NONE', *, *, #881, .T. ) ;
#1393 = LINE ( 'NONE', #3178, #1819 ) ;
#1394 = VECTOR ( 'NONE', #572, 1000.000000000000000 ) ;
#1395 = ORIENTED_EDGE ( 'NONE', *, *, #626, .F. ) ;
#1396 = ORIENTED_EDGE ( 'NONE', *, *, #1051, .F. ) ;
#1397 = EDGE_CURVE ( 'NONE', #180, #1879, #2768, .T. ) ;
#1398 = EDGE_CURVE ( 'NONE', #1619, #2149, #1977, .T. ) ;
#1399 = DIRECTION ( 'NONE',  ( -0.000000000000000000, 1.000000000000000000, -0.000000000000000000 ) ) ;
#1400 = AXIS2_PLACEMENT_3D ( 'NONE', #2285, #1042, #1539 ) ;
#1401 = AXIS2_PLACEMENT_3D ( 'NONE', #10, #51, #2021 ) ;
#1402 = ORIENTED_EDGE ( 'NONE', *, *, #2691, .F. ) ;
#1403 = VERTEX_POINT ( 'NONE', #1262 ) ;
#1404 = ORIENTED_EDGE ( 'NONE', *, *, #1706, .T. ) ;
#1405 = CARTESIAN_POINT ( 'NONE',  ( 1.874999999999999778, -0.002000000000000000042, -0.6749999999999998224 ) ) ;
#1406 = DIRECTION ( 'NONE',  ( -0.000000000000000000, 1.000000000000000000, -0.000000000000000000 ) ) ;
#1407 =( LENGTH_UNIT ( ) NAMED_UNIT ( * ) SI_UNIT ( .MILLI., .METRE. ) );
#1408 = DIRECTION ( 'NONE',  ( -0.000000000000000000, 1.000000000000000000, -0.000000000000000000 ) ) ;
#1409 = DIRECTION ( 'NONE',  ( -0.000000000000000000, 1.000000000000000000, -0.000000000000000000 ) ) ;
#1410 = CARTESIAN_POINT ( 'NONE',  ( 1.875000000000000000, -0.002000000000000000042, 1.775000000000000577 ) ) ;
#1411 = LINE ( 'NONE', #2776, #609 ) ;
#1412 = SURFACE_STYLE_USAGE ( .BOTH. , #2417 ) ;
#1413 = ORIENTED_EDGE ( 'NONE', *, *, #1859, .T. ) ;
#1414 = CARTESIAN_POINT ( 'NONE',  ( -1.874999999999999778, -0.002000000000000000042, -2.360943084037137041 ) ) ;
#1415 = ORIENTED_EDGE ( 'NONE', *, *, #1826, .T. ) ;
#1416 = ORIENTED_EDGE ( 'NONE', *, *, #2866, .T. ) ;
#1417 = ORIENTED_EDGE ( 'NONE', *, *, #1397, .T. ) ;
#1418 = DIRECTION ( 'NONE',  ( 8.673617379884027583E-16, 0.000000000000000000, -1.000000000000000000 ) ) ;
#1419 = EDGE_CURVE ( 'NONE', #1492, #3071, #1500, .T. ) ;
#1420 = ADVANCED_FACE ( 'NONE', ( #291 ), #4, .F. ) ;
#1421 = ORIENTED_EDGE ( 'NONE', *, *, #2045, .F. ) ;
#1422 = ORIENTED_EDGE ( 'NONE', *, *, #2559, .F. ) ;
#1423 = EDGE_LOOP ( 'NONE', ( #264, #2637, #2798, #3113 ) ) ;
#1424 = DIRECTION ( 'NONE',  ( 0.000000000000000000, -0.000000000000000000, 1.000000000000000000 ) ) ;
#1425 = DIRECTION ( 'NONE',  ( 0.000000000000000000, 1.000000000000000000, 0.000000000000000000 ) ) ;
#1426 = ORIENTED_EDGE ( 'NONE', *, *, #1031, .T. ) ;
#1427 = DIRECTION ( 'NONE',  ( -1.000000000000000000, 0.000000000000000000, 0.000000000000000000 ) ) ;
#1428 = LINE ( 'NONE', #917, #3091 ) ;
#1429 = CARTESIAN_POINT ( 'NONE',  ( -1.874999999999999778, -0.002000000000000000042, -0.6749999999999998224 ) ) ;
#1430 = LINE ( 'NONE', #921, #2396 ) ;
#1431 = DIRECTION ( 'NONE',  ( -1.000000000000000000, 0.000000000000000000, 0.000000000000000000 ) ) ;
#1432 = ORIENTED_EDGE ( 'NONE', *, *, #331, .T. ) ;
#1433 = DIRECTION ( 'NONE',  ( -1.000000000000000000, 0.000000000000000000, 0.000000000000000000 ) ) ;
#1434 = EDGE_LOOP ( 'NONE', ( #2371, #2946, #471, #356 ) ) ;
#1435 = EDGE_CURVE ( 'NONE', #2286, #2561, #23, .T. ) ;
#1436 = ORIENTED_EDGE ( 'NONE', *, *, #3045, .T. ) ;
#1437 =( NAMED_UNIT ( * ) SI_UNIT ( $, .STERADIAN. ) SOLID_ANGLE_UNIT ( ) );
#1438 = ORIENTED_EDGE ( 'NONE', *, *, #2559, .T. ) ;
#1439 = ORIENTED_EDGE ( 'NONE', *, *, #9, .T. ) ;
#1440 = CARTESIAN_POINT ( 'NONE',  ( 1.874999999999999778, 0.000000000000000000, -2.324999999999999734 ) ) ;
#1441 = APPLICATION_PROTOCOL_DEFINITION ( 'draft international standard', 'automotive_design', 1998, #2351 ) ;
#1442 = VERTEX_POINT ( 'NONE', #491 ) ;
#1443 = VECTOR ( 'NONE', #2578, 1000.000000000000000 ) ;
#1444 = EDGE_CURVE ( 'NONE', #740, #1484, #2035, .T. ) ;
#1445 = CARTESIAN_POINT ( 'NONE',  ( -1.874999999999999778, -0.002000000000000000042, -0.1249999999999996808 ) ) ;
#1446 = PLANE ( 'NONE',  #250 ) ;
#1447 = COLOUR_RGB ( '',0.1019607843137254888, 0.1019607843137254888, 0.1019607843137254888 ) ;
#1448 = PLANE ( 'NONE',  #768 ) ;
#1449 = VECTOR ( 'NONE', #839, 1000.000000000000000 ) ;
#1450 = VERTEX_POINT ( 'NONE', #1285 ) ;
#1451 = DIRECTION ( 'NONE',  ( -8.673617379884027583E-16, -0.000000000000000000, 1.000000000000000000 ) ) ;
#1452 = EDGE_LOOP ( 'NONE', ( #3270, #695, #2705, #775 ) ) ;
#1453 = CARTESIAN_POINT ( 'NONE',  ( 2.000000000000000000, 0.6999999999999999556, 2.500000000000000444 ) ) ;
#1454 = CARTESIAN_POINT ( 'NONE',  ( -1.874999999999999778, -0.002000000000000000042, 0.4250000000000004885 ) ) ;
#1455 = VECTOR ( 'NONE', #2984, 1000.000000000000000 ) ;
#1456 = VERTEX_POINT ( 'NONE', #1233 ) ;
#1457 = FACE_OUTER_BOUND ( 'NONE', #1900, .T. ) ;
#1458 = AXIS2_PLACEMENT_3D ( 'NONE', #2007, #1275, #34 ) ;
#1459 = VECTOR ( 'NONE', #1120, 1000.000000000000000 ) ;
#1460 = SURFACE_SIDE_STYLE ('',( #479 ) ) ;
#1461 = ADVANCED_FACE ( 'NONE', ( #1988 ), #231, .F. ) ;
#1462 = CARTESIAN_POINT ( 'NONE',  ( 1.875000000000000000, -0.002000000000000000042, -1.524999999999999467 ) ) ;
#1463 = DIRECTION ( 'NONE',  ( -0.000000000000000000, 1.000000000000000000, -0.000000000000000000 ) ) ;
#1464 = DIRECTION ( 'NONE',  ( 0.000000000000000000, -1.000000000000000000, 0.000000000000000000 ) ) ;
#1465 = EDGE_CURVE ( 'NONE', #852, #2853, #2053, .T. ) ;
#1466 = CARTESIAN_POINT ( 'NONE',  ( 1.324999999999999734, -0.002000000000000000042, 1.225000000000000533 ) ) ;
#1467 = DIRECTION ( 'NONE',  ( 1.000000000000000000, -0.000000000000000000, -0.000000000000000000 ) ) ;
#1468 = EDGE_LOOP ( 'NONE', ( #765, #1510, #941, #526 ) ) ;
#1469 = ORIENTED_EDGE ( 'NONE', *, *, #1967, .T. ) ;
#1470 = FACE_OUTER_BOUND ( 'NONE', #784, .T. ) ;
#1471 = CARTESIAN_POINT ( 'NONE',  ( -2.000000000000000000, 0.2999999999999999889, 2.500000000000000444 ) ) ;
#1472 = ORIENTED_EDGE ( 'NONE', *, *, #1841, .F. ) ;
#1473 = DIRECTION ( 'NONE',  ( -0.000000000000000000, 1.000000000000000000, 0.000000000000000000 ) ) ;
#1474 = DIRECTION ( 'NONE',  ( -0.000000000000000000, 1.000000000000000000, -0.000000000000000000 ) ) ;
#1475 = LINE ( 'NONE', #236, #1017 ) ;
#1476 = FILL_AREA_STYLE_COLOUR ( '', #2948 ) ;
#1477 = EDGE_LOOP ( 'NONE', ( #2989, #181, #2787, #158 ) ) ;
#1478 = VERTEX_POINT ( 'NONE', #1247 ) ;
#1479 = SURFACE_SIDE_STYLE ('',( #1185 ) ) ;
#1480 = EDGE_CURVE ( 'NONE', #1295, #1184, #3033, .T. ) ;
#1481 = CARTESIAN_POINT ( 'NONE',  ( -1.875000000000000000, -0.002000000000000000042, 0.6750000000000007105 ) ) ;
#1482 = CARTESIAN_POINT ( 'NONE',  ( -1.874999999999999778, -0.002000000000000000042, 1.525000000000000355 ) ) ;
#1483 = EDGE_CURVE ( 'NONE', #2528, #436, #273, .T. ) ;
#1484 = VERTEX_POINT ( 'NONE', #3274 ) ;
#1485 = DIRECTION ( 'NONE',  ( 0.000000000000000000, 1.000000000000000000, 0.000000000000000000 ) ) ;
#1486 = PLANE ( 'NONE',  #3210 ) ;
#1487 = DIRECTION ( 'NONE',  ( 8.673617379884028570E-16, 0.000000000000000000, 1.000000000000000000 ) ) ;
#1488 = EDGE_CURVE ( 'NONE', #1295, #1561, #758, .T. ) ;
#1489 = LINE ( 'NONE', #546, #3083 ) ;
#1490 = CARTESIAN_POINT ( 'NONE',  ( -2.000000000000000000, 0.2999999999999999889, -2.499999999999999556 ) ) ;
#1491 = VECTOR ( 'NONE', #1190, 1000.000000000000000 ) ;
#1492 = VERTEX_POINT ( 'NONE', #2013 ) ;
#1493 = ORIENTED_EDGE ( 'NONE', *, *, #1667, .F. ) ;
#1494 = FACE_OUTER_BOUND ( 'NONE', #2280, .T. ) ;
#1495 = EDGE_CURVE ( 'NONE', #1745, #1759, #789, .T. ) ;
#1496 = SURFACE_STYLE_USAGE ( .BOTH. , #975 ) ;
#1497 = VECTOR ( 'NONE', #1375, 1000.000000000000000 ) ;
#1498 = ADVANCED_FACE ( 'NONE', ( #2786 ), #538, .F. ) ;
#1499 = VECTOR ( 'NONE', #1567, 1000.000000000000000 ) ;
#1500 = LINE ( 'NONE', #1471, #82 ) ;
#1501 = VERTEX_POINT ( 'NONE', #1797 ) ;
#1502 = STYLED_ITEM ( 'NONE', ( #1528 ), #2642 ) ;
#1503 = ORIENTED_EDGE ( 'NONE', *, *, #602, .F. ) ;
#1504 = DIRECTION ( 'NONE',  ( 1.000000000000000000, 0.000000000000000000, -0.000000000000000000 ) ) ;
#1505 = VECTOR ( 'NONE', #3281, 1000.000000000000000 ) ;
#1506 = DIRECTION ( 'NONE',  ( -0.000000000000000000, 0.000000000000000000, -1.000000000000000000 ) ) ;
#1507 = EDGE_LOOP ( 'NONE', ( #672, #424, #2864, #1092 ) ) ;
#1508 = PRESENTATION_STYLE_ASSIGNMENT (( #2509 ) ) ;
#1509 = VECTOR ( 'NONE', #855, 1000.000000000000000 ) ;
#1510 = ORIENTED_EDGE ( 'NONE', *, *, #1379, .F. ) ;
#1511 = CARTESIAN_POINT ( 'NONE',  ( -1.875000000000000000, -0.002000000000000000042, 2.325000000000000622 ) ) ;
#1512 = DIRECTION ( 'NONE',  ( 0.000000000000000000, 0.000000000000000000, -1.000000000000000000 ) ) ;
#1513 = ORIENTED_EDGE ( 'NONE', *, *, #358, .F. ) ;
#1514 = PLANE ( 'NONE',  #338 ) ;
#1515 = EDGE_CURVE ( 'NONE', #1320, #1315, #2820, .T. ) ;
#1516 = CARTESIAN_POINT ( 'NONE',  ( 1.875000000000000000, -0.002000000000000000042, -2.074999999999999734 ) ) ;
#1517 = CARTESIAN_POINT ( 'NONE',  ( -1.874999999999999778, -0.002000000000000000042, -2.402523876974400174 ) ) ;
#1518 = DIRECTION ( 'NONE',  ( -0.000000000000000000, 1.000000000000000000, -0.000000000000000000 ) ) ;
#1519 = ADVANCED_FACE ( 'NONE', ( #3258 ), #3010, .F. ) ;
#1520 = VERTEX_POINT ( 'NONE', #859 ) ;
#1521 = EDGE_LOOP ( 'NONE', ( #2985, #3204, #933, #240 ) ) ;
#1522 = DIRECTION ( 'NONE',  ( -8.673617379884028570E-16, 0.000000000000000000, 1.000000000000000000 ) ) ;
#1523 = EDGE_CURVE ( 'NONE', #2163, #2055, #2881, .T. ) ;
#1524 = LINE ( 'NONE', #276, #2352 ) ;
#1525 = DIRECTION ( 'NONE',  ( -1.000000000000000000, 0.000000000000000000, 8.673617379884028570E-16 ) ) ;
#1526 = ORIENTED_EDGE ( 'NONE', *, *, #614, .F. ) ;
#1527 = CARTESIAN_POINT ( 'NONE',  ( 1.874999999999999778, 0.000000000000000000, -1.224999999999999423 ) ) ;
#1528 = PRESENTATION_STYLE_ASSIGNMENT (( #2311 ) ) ;
#1529 = VERTEX_POINT ( 'NONE', #2140 ) ;
#1530 = DIRECTION ( 'NONE',  ( 0.000000000000000000, -1.000000000000000000, 0.000000000000000000 ) ) ;
#1531 = LINE ( 'NONE', #3093, #982 ) ;
#1532 = DIRECTION ( 'NONE',  ( -1.000000000000000000, 0.000000000000000000, -8.673617379884028570E-16 ) ) ;
#1533 = CARTESIAN_POINT ( 'NONE',  ( -1.875000000000000000, 0.000000000000000000, -0.4249999999999996003 ) ) ;
#1534 = ORIENTED_EDGE ( 'NONE', *, *, #1480, .T. ) ;
#1535 = DIRECTION ( 'NONE',  ( -1.000000000000000000, 0.000000000000000000, -8.673617379884028570E-16 ) ) ;
#1536 = SURFACE_STYLE_USAGE ( .BOTH. , #1992 ) ;
#1537 = ORIENTED_EDGE ( 'NONE', *, *, #2522, .T. ) ;
#1538 = EDGE_CURVE ( 'NONE', #1009, #970, #3159, .T. ) ;
#1539 = DIRECTION ( 'NONE',  ( 1.445602896647335761E-15, 0.000000000000000000, -1.000000000000000000 ) ) ;
#1540 = ORIENTED_EDGE ( 'NONE', *, *, #2214, .F. ) ;
#1541 = EDGE_CURVE ( 'NONE', #1377, #1501, #2686, .T. ) ;
#1542 = VECTOR ( 'NONE', #320, 1000.000000000000000 ) ;
#1543 = LINE ( 'NONE', #1274, #242 ) ;
#1544 = VERTEX_POINT ( 'NONE', #619 ) ;
#1545 = LINE ( 'NONE', #1764, #1505 ) ;
#1546 = EDGE_LOOP ( 'NONE', ( #274, #1402, #2752, #2580 ) ) ;
#1547 = CARTESIAN_POINT ( 'NONE',  ( 1.874999999999999778, 0.000000000000000000, -1.224999999999999423 ) ) ;
#1548 = VECTOR ( 'NONE', #934, 1000.000000000000000 ) ;
#1549 = ORIENTED_EDGE ( 'NONE', *, *, #2207, .T. ) ;
#1550 = VECTOR ( 'NONE', #2992, 1000.000000000000000 ) ;
#1551 = FILL_AREA_STYLE ('',( #573 ) ) ;
#1552 = PLANE ( 'NONE',  #925 ) ;
#1553 = AXIS2_PLACEMENT_3D ( 'NONE', #2701, #3218, #1431 ) ;
#1554 = VECTOR ( 'NONE', #1406, 1000.000000000000000 ) ;
#1555 = ORIENTED_EDGE ( 'NONE', *, *, #1264, .F. ) ;
#1556 = VERTEX_POINT ( 'NONE', #2646 ) ;
#1557 = DIRECTION ( 'NONE',  ( 0.000000000000000000, 0.000000000000000000, 1.000000000000000000 ) ) ;
#1558 = VECTOR ( 'NONE', #957, 1000.000000000000000 ) ;
#1559 = DIRECTION ( 'NONE',  ( 0.000000000000000000, 0.000000000000000000, -1.000000000000000000 ) ) ;
#1560 = DIRECTION ( 'NONE',  ( -1.000000000000000000, 0.000000000000000000, 0.000000000000000000 ) ) ;
#1561 = VERTEX_POINT ( 'NONE', #3140 ) ;
#1562 = LINE ( 'NONE', #781, #2662 ) ;
#1563 = EDGE_CURVE ( 'NONE', #1272, #2286, #1370, .T. ) ;
#1564 = EDGE_CURVE ( 'NONE', #1529, #2461, #1391, .T. ) ;
#1565 = VECTOR ( 'NONE', #1869, 1000.000000000000000 ) ;
#1566 = FACE_OUTER_BOUND ( 'NONE', #1962, .T. ) ;
#1567 = DIRECTION ( 'NONE',  ( -0.000000000000000000, 1.000000000000000000, -0.000000000000000000 ) ) ;
#1568 = DIRECTION ( 'NONE',  ( -8.673617379884027583E-16, -0.000000000000000000, 1.000000000000000000 ) ) ;
#1569 = ORIENTED_EDGE ( 'NONE', *, *, #1398, .T. ) ;
#1570 = ORIENTED_EDGE ( 'NONE', *, *, #1250, .F. ) ;
#1571 = LINE ( 'NONE', #2621, #2725 ) ;
#1572 = DIRECTION ( 'NONE',  ( -0.000000000000000000, 1.000000000000000000, -0.000000000000000000 ) ) ;
#1573 = DIRECTION ( 'NONE',  ( 0.000000000000000000, 1.000000000000000000, 0.000000000000000000 ) ) ;
#1574 = VERTEX_POINT ( 'NONE', #381 ) ;
#1575 = EDGE_CURVE ( 'NONE', #2500, #1053, #904, .T. ) ;
#1576 = DIRECTION ( 'NONE',  ( -8.673617379884027583E-16, 0.000000000000000000, -1.000000000000000000 ) ) ;
#1577 = ORIENTED_EDGE ( 'NONE', *, *, #2331, .T. ) ;
#1578 = LINE ( 'NONE', #3137, #623 ) ;
#1579 = UNCERTAINTY_MEASURE_WITH_UNIT (LENGTH_MEASURE( 1.000000000000000082E-05 ), #2244, 'distance_accuracy_value', 'NONE');
#1580 = DIRECTION ( 'NONE',  ( -1.000000000000000000, 0.000000000000000000, 8.673617379884028570E-16 ) ) ;
#1581 = EDGE_CURVE ( 'NONE', #2149, #1619, #870, .T. ) ;
#1582 = LINE ( 'NONE', #89, #140 ) ;
#1583 = ORIENTED_EDGE ( 'NONE', *, *, #2769, .T. ) ;
#1584 = VERTEX_POINT ( 'NONE', #2157 ) ;
#1585 = DIRECTION ( 'NONE',  ( 1.445602896647335761E-15, 0.000000000000000000, -1.000000000000000000 ) ) ;
#1586 = DIRECTION ( 'NONE',  ( -0.000000000000000000, 1.000000000000000000, -0.000000000000000000 ) ) ;
#1587 = LINE ( 'NONE', #2361, #186 ) ;
#1588 = ADVANCED_FACE ( 'NONE', ( #2900 ), #368, .F. ) ;
#1589 = CARTESIAN_POINT ( 'NONE',  ( 0.000000000000000000, -0.002000000000000000042, 0.000000000000000000 ) ) ;
#1590 = DIRECTION ( 'NONE',  ( -1.000000000000000000, 0.000000000000000000, 8.673617379884028570E-16 ) ) ;
#1591 = EDGE_CURVE ( 'NONE', #1793, #1520, #1932, .T. ) ;
#1592 = CARTESIAN_POINT ( 'NONE',  ( 0.000000000000000000, -0.002000000000000000042, 0.000000000000000000 ) ) ;
#1593 = FACE_OUTER_BOUND ( 'NONE', #18, .T. ) ;
#1594 = AXIS2_PLACEMENT_3D ( 'NONE', #2110, #2863, #2393 ) ;
#1595 = DIRECTION ( 'NONE',  ( -8.673617379884027583E-16, 0.000000000000000000, -1.000000000000000000 ) ) ;
#1596 = ORIENTED_EDGE ( 'NONE', *, *, #2678, .F. ) ;
#1597 = ORIENTED_EDGE ( 'NONE', *, *, #2234, .T. ) ;
#1598 = VECTOR ( 'NONE', #3002, 1000.000000000000000 ) ;
#1599 = DIRECTION ( 'NONE',  ( -1.000000000000000000, 0.000000000000000000, -0.000000000000000000 ) ) ;
#1600 = EDGE_CURVE ( 'NONE', #1899, #3224, #172, .T. ) ;
#1601 = ADVANCED_FACE ( 'NONE', ( #555 ), #1552, .F. ) ;
#1602 = ORIENTED_EDGE ( 'NONE', *, *, #2446, .T. ) ;
#1603 = ORIENTED_EDGE ( 'NONE', *, *, #1923, .T. ) ;
#1604 = AXIS2_PLACEMENT_3D ( 'NONE', #2743, #2427, #1424 ) ;
#1605 = DIRECTION ( 'NONE',  ( -0.000000000000000000, 0.000000000000000000, -1.000000000000000000 ) ) ;
#1606 = CARTESIAN_POINT ( 'NONE',  ( 1.324999999999999734, -0.002000000000000000042, -0.9749999999999993117 ) ) ;
#1607 = LINE ( 'NONE', #1640, #1509 ) ;
#1608 = VECTOR ( 'NONE', #1568, 1000.000000000000000 ) ;
#1609 = LINE ( 'NONE', #100, #2506 ) ;
#1610 = VECTOR ( 'NONE', #2753, 1000.000000000000000 ) ;
#1611 = LINE ( 'NONE', #1090, #571 ) ;
#1612 = MECHANICAL_DESIGN_GEOMETRIC_PRESENTATION_REPRESENTATION (  '', ( #1502 ), #3154 ) ;
#1613 = EDGE_CURVE ( 'NONE', #3058, #943, #2111, .T. ) ;
#1614 = DIRECTION ( 'NONE',  ( 1.000000000000000000, -0.000000000000000000, -0.000000000000000000 ) ) ;
#1615 = CARTESIAN_POINT ( 'NONE',  ( -1.874999999999999778, -0.002000000000000000042, -0.6749999999999998224 ) ) ;
#1616 = AXIS2_PLACEMENT_3D ( 'NONE', #2342, #2657, #1353 ) ;
#1617 = CARTESIAN_POINT ( 'NONE',  ( -1.875000000000000000, -0.002000000000000000042, -1.524999999999999467 ) ) ;
#1618 = LINE ( 'NONE', #370, #2297 ) ;
#1619 = VERTEX_POINT ( 'NONE', #1179 ) ;
#1620 = ORIENTED_EDGE ( 'NONE', *, *, #2124, .T. ) ;
#1621 = EDGE_CURVE ( 'NONE', #3222, #1004, #2955, .T. ) ;
#1622 = VERTEX_POINT ( 'NONE', #940 ) ;
#1623 = CARTESIAN_POINT ( 'NONE',  ( 2.000000000000000000, 0.000000000000000000, 2.500000000000000444 ) ) ;
#1624 = FACE_OUTER_BOUND ( 'NONE', #340, .T. ) ;
#1625 = CARTESIAN_POINT ( 'NONE',  ( -1.875000000000000000, -0.002000000000000000042, 2.325000000000000622 ) ) ;
#1626 = ADVANCED_FACE ( 'NONE', ( #430 ), #2196, .F. ) ;
#1627 = CARTESIAN_POINT ( 'NONE',  ( 1.875000000000000000, -0.002000000000000000042, -1.524999999999999467 ) ) ;
#1628 = CARTESIAN_POINT ( 'NONE',  ( -1.875000000000000000, 0.000000000000000000, 0.6750000000000007105 ) ) ;
#1629 = DIRECTION ( 'NONE',  ( -0.000000000000000000, 1.000000000000000000, -0.000000000000000000 ) ) ;
#1630 = DIRECTION ( 'NONE',  ( 1.000000000000000000, 0.000000000000000000, 0.000000000000000000 ) ) ;
#1631 = DIRECTION ( 'NONE',  ( -0.000000000000000000, 1.000000000000000000, -0.000000000000000000 ) ) ;
#1632 = VERTEX_POINT ( 'NONE', #2452 ) ;
#1633 = EDGE_CURVE ( 'NONE', #2489, #2258, #1582, .T. ) ;
#1634 = DIRECTION ( 'NONE',  ( 8.673617379884027583E-16, 0.000000000000000000, -1.000000000000000000 ) ) ;
#1635 = EDGE_CURVE ( 'NONE', #1520, #1680, #1083, .T. ) ;
#1636 = VERTEX_POINT ( 'NONE', #2838 ) ;
#1637 = ORIENTED_EDGE ( 'NONE', *, *, #2746, .F. ) ;
#1638 = DIRECTION ( 'NONE',  ( 1.000000000000000000, 0.000000000000000000, -8.673617379884028570E-16 ) ) ;
#1639 = DIRECTION ( 'NONE',  ( 0.000000000000000000, 0.000000000000000000, -1.000000000000000000 ) ) ;
#1640 = CARTESIAN_POINT ( 'NONE',  ( 1.324999999999999512, -0.002000000000000000042, 0.4250000000000004885 ) ) ;
#1641 = LINE ( 'NONE', #3121, #2666 ) ;
#1642 = ADVANCED_FACE ( 'NONE', ( #3063 ), #2349, .F. ) ;
#1643 = CARTESIAN_POINT ( 'NONE',  ( 1.324999999999999734, -0.002000000000000000042, -0.4249999999999996003 ) ) ;
#1644 = ORIENTED_EDGE ( 'NONE', *, *, #1150, .F. ) ;
#1645 = CARTESIAN_POINT ( 'NONE',  ( -1.874999999999999778, -0.002000000000000000042, -2.402523876974400174 ) ) ;
#1646 = ADVANCED_FACE ( 'NONE', ( #1037 ), #850, .T. ) ;
#1647 = PLANE ( 'NONE',  #1594 ) ;
#1648 = DIRECTION ( 'NONE',  ( -1.000000000000000000, 0.000000000000000000, -0.000000000000000000 ) ) ;
#1649 = CARTESIAN_POINT ( 'NONE',  ( -1.875000000000000000, 0.000000000000000000, -1.524999999999999467 ) ) ;
#1650 = VERTEX_POINT ( 'NONE', #2535 ) ;
#1651 = ORIENTED_EDGE ( 'NONE', *, *, #602, .T. ) ;
#1652 = FACE_OUTER_BOUND ( 'NONE', #408, .T. ) ;
#1653 =( GEOMETRIC_REPRESENTATION_CONTEXT ( 3 ) GLOBAL_UNCERTAINTY_ASSIGNED_CONTEXT ( ( #1579 ) ) GLOBAL_UNIT_ASSIGNED_CONTEXT ( ( #2244, #2959, #1437 ) ) REPRESENTATION_CONTEXT ( 'NONE', 'WORKASPACE' ) );
#1654 = DIRECTION ( 'NONE',  ( 1.000000000000000000, -0.000000000000000000, -0.000000000000000000 ) ) ;
#1655 = VECTOR ( 'NONE', #3040, 1000.000000000000000 ) ;
#1656 = VERTEX_POINT ( 'NONE', #2801 ) ;
#1657 = ORIENTED_EDGE ( 'NONE', *, *, #1480, .F. ) ;
#1658 = EDGE_LOOP ( 'NONE', ( #1422, #2357, #199, #2905 ) ) ;
#1659 = DIRECTION ( 'NONE',  ( 1.000000000000000000, 0.000000000000000000, 0.000000000000000000 ) ) ;
#1660 = VECTOR ( 'NONE', #3173, 1000.000000000000000 ) ;
#1661 = CARTESIAN_POINT ( 'NONE',  ( -1.874999999999999778, -0.002000000000000000042, 0.4250000000000004885 ) ) ;
#1662 = VECTOR ( 'NONE', #1693, 1000.000000000000000 ) ;
#1663 = LINE ( 'NONE', #2224, #2988 ) ;
#1664 = VECTOR ( 'NONE', #1148, 1000.000000000000000 ) ;
#1665 = LINE ( 'NONE', #427, #774 ) ;
#1666 = LINE ( 'NONE', #3193, #1877 ) ;
#1667 = EDGE_CURVE ( 'NONE', #1574, #2060, #70, .T. ) ;
#1668 = DIRECTION ( 'NONE',  ( -1.000000000000000000, 0.000000000000000000, 0.000000000000000000 ) ) ;
#1669 = ADVANCED_FACE ( 'NONE', ( #2571 ), #788, .F. ) ;
#1670 =( NAMED_UNIT ( * ) SI_UNIT ( $, .STERADIAN. ) SOLID_ANGLE_UNIT ( ) );
#1671 = FACE_OUTER_BOUND ( 'NONE', #1783, .T. ) ;
#1672 = ORIENTED_EDGE ( 'NONE', *, *, #2684, .F. ) ;
#1673 = ORIENTED_EDGE ( 'NONE', *, *, #2567, .F. ) ;
#1674 = DIRECTION ( 'NONE',  ( -1.000000000000000000, 0.000000000000000000, 8.673617379884028570E-16 ) ) ;
#1675 = VECTOR ( 'NONE', #2044, 1000.000000000000000 ) ;
#1676 = ORIENTED_EDGE ( 'NONE', *, *, #2930, .F. ) ;
#1677 = ORIENTED_EDGE ( 'NONE', *, *, #223, .F. ) ;
#1678 = CARTESIAN_POINT ( 'NONE',  ( -1.324999999999999734, -0.002000000000000000042, -0.9749999999999993117 ) ) ;
#1679 = SHAPE_DEFINITION_REPRESENTATION ( #1263, #2794 ) ;
#1680 = VERTEX_POINT ( 'NONE', #22 ) ;
#1681 = CARTESIAN_POINT ( 'NONE',  ( 1.324999999999999734, 0.000000000000000000, 1.775000000000000577 ) ) ;
#1682 = LINE ( 'NONE', #2211, #1182 ) ;
#1683 = FACE_OUTER_BOUND ( 'NONE', #2997, .T. ) ;
#1684 = CARTESIAN_POINT ( 'NONE',  ( 1.324999999999999512, -0.002000000000000000042, 2.075000000000000622 ) ) ;
#1685 = CARTESIAN_POINT ( 'NONE',  ( 1.874999999999999778, -0.002000000000000000042, -1.774999999999999689 ) ) ;
#1686 = CARTESIAN_POINT ( 'NONE',  ( 1.324999999999999734, -0.002000000000000000042, -2.074999999999999734 ) ) ;
#1687 = EDGE_LOOP ( 'NONE', ( #2523, #1570, #1203, #2590 ) ) ;
#1688 = FILL_AREA_STYLE ('',( #945 ) ) ;
#1689 = EDGE_CURVE ( 'NONE', #694, #486, #2329, .T. ) ;
#1690 = VERTEX_POINT ( 'NONE', #3051 ) ;
#1691 = ORIENTED_EDGE ( 'NONE', *, *, #1271, .T. ) ;
#1692 = ORIENTED_EDGE ( 'NONE', *, *, #525, .T. ) ;
#1693 = DIRECTION ( 'NONE',  ( -1.000000000000000000, -0.000000000000000000, -0.000000000000000000 ) ) ;
#1694 = PRESENTATION_STYLE_ASSIGNMENT (( #2697 ) ) ;
#1695 = CARTESIAN_POINT ( 'NONE',  ( 1.324999999999999734, 0.000000000000000000, 1.225000000000000533 ) ) ;
#1696 = FILL_AREA_STYLE_COLOUR ( '', #2415 ) ;
#1697 = DIRECTION ( 'NONE',  ( 8.673617379884028570E-16, 0.000000000000000000, 1.000000000000000000 ) ) ;
#1698 = ORIENTED_EDGE ( 'NONE', *, *, #2577, .F. ) ;
#1699 = CARTESIAN_POINT ( 'NONE',  ( 1.874999999999999778, 0.000000000000000000, 1.525000000000000355 ) ) ;
#1700 = EDGE_LOOP ( 'NONE', ( #2693, #1602, #2490, #2796 ) ) ;
#1701 = ORIENTED_EDGE ( 'NONE', *, *, #2583, .F. ) ;
#1702 = DIRECTION ( 'NONE',  ( -8.673617379884028570E-16, 0.000000000000000000, 1.000000000000000000 ) ) ;
#1703 = VECTOR ( 'NONE', #68, 1000.000000000000000 ) ;
#1704 = EDGE_LOOP ( 'NONE', ( #315, #2532, #2961, #2602 ) ) ;
#1705 = ORIENTED_EDGE ( 'NONE', *, *, #2813, .F. ) ;
#1706 = EDGE_CURVE ( 'NONE', #1367, #487, #836, .T. ) ;
#1707 = ORIENTED_EDGE ( 'NONE', *, *, #552, .F. ) ;
#1708 = CARTESIAN_POINT ( 'NONE',  ( 1.874999999999999778, -0.002000000000000000042, 1.525000000000000355 ) ) ;
#1709 = ADVANCED_FACE ( 'NONE', ( #311 ), #1061, .F. ) ;
#1710 = VECTOR ( 'NONE', #2879, 1000.000000000000000 ) ;
#1711 = ORIENTED_EDGE ( 'NONE', *, *, #1956, .F. ) ;
#1712 = VECTOR ( 'NONE', #684, 1000.000000000000000 ) ;
#1713 = LINE ( 'NONE', #2494, #1118 ) ;
#1714 = CARTESIAN_POINT ( 'NONE',  ( 1.875000000000000000, -0.002000000000000000042, -1.524999999999999467 ) ) ;
#1715 =( NAMED_UNIT ( * ) PLANE_ANGLE_UNIT ( ) SI_UNIT ( $, .RADIAN. ) );
#1716 = ADVANCED_FACE ( 'NONE', ( #587 ), #1284, .F. ) ;
#1717 = DIRECTION ( 'NONE',  ( -8.673617379884027583E-16, 0.000000000000000000, -1.000000000000000000 ) ) ;
#1718 = AXIS2_PLACEMENT_3D ( 'NONE', #1896, #1674, #2161 ) ;
#1719 = ORIENTED_EDGE ( 'NONE', *, *, #880, .F. ) ;
#1720 = PLANE ( 'NONE',  #306 ) ;
#1721 = ORIENTED_EDGE ( 'NONE', *, *, #961, .F. ) ;
#1722 = PRESENTATION_LAYER_ASSIGNMENT (  '', '', ( #459 ) ) ;
#1723 = ADVANCED_FACE ( 'NONE', ( #2818 ), #2921, .F. ) ;
#1724 = CARTESIAN_POINT ( 'NONE',  ( -1.324999999999999734, -0.002000000000000000042, 1.775000000000000577 ) ) ;
#1725 = CARTESIAN_POINT ( 'NONE',  ( 1.324999999999999512, -0.002000000000000000042, -0.6749999999999998224 ) ) ;
#1726 = DIRECTION ( 'NONE',  ( 1.000000000000000000, 0.000000000000000000, 8.673617379884028570E-16 ) ) ;
#1727 = AXIS2_PLACEMENT_3D ( 'NONE', #2291, #2547, #751 ) ;
#1728 = CARTESIAN_POINT ( 'NONE',  ( -1.324999999999999512, -0.002000000000000000042, 2.075000000000000622 ) ) ;
#1729 = VECTOR ( 'NONE', #2137, 1000.000000000000000 ) ;
#1730 = PRODUCT ( 'NIRSP31-DLARR', 'NIRSP31-DLARR', '', ( #1957 ) ) ;
#1731 = ORIENTED_EDGE ( 'NONE', *, *, #881, .F. ) ;
#1732 = EDGE_CURVE ( 'NONE', #977, #3167, #2616, .T. ) ;
#1733 =( GEOMETRIC_REPRESENTATION_CONTEXT ( 3 ) GLOBAL_UNCERTAINTY_ASSIGNED_CONTEXT ( ( #3109 ) ) GLOBAL_UNIT_ASSIGNED_CONTEXT ( ( #1407, #166, #2447 ) ) REPRESENTATION_CONTEXT ( 'NONE', 'WORKASPACE' ) );
#1734 =( NAMED_UNIT ( * ) PLANE_ANGLE_UNIT ( ) SI_UNIT ( $, .RADIAN. ) );
#1735 = LINE ( 'NONE', #27, #978 ) ;
#1736 = DIRECTION ( 'NONE',  ( -1.000000000000000000, 0.000000000000000000, 8.673617379884028570E-16 ) ) ;
#1737 = EDGE_CURVE ( 'NONE', #2421, #740, #1881, .T. ) ;
#1738 = CARTESIAN_POINT ( 'NONE',  ( -1.582834611868862762, 0.6999999999999999556, -2.109284009208508337 ) ) ;
#1739 = CARTESIAN_POINT ( 'NONE',  ( 1.324999999999999734, -0.002000000000000000042, 0.1250000000000005551 ) ) ;
#1740 = ORIENTED_EDGE ( 'NONE', *, *, #336, .T. ) ;
#1741 = ORIENTED_EDGE ( 'NONE', *, *, #2313, .F. ) ;
#1742 = LINE ( 'NONE', #641, #2569 ) ;
#1743 = EDGE_LOOP ( 'NONE', ( #1415, #2001, #1858, #1651 ) ) ;
#1744 = CARTESIAN_POINT ( 'NONE',  ( -1.875000000000000000, 0.000000000000000000, 2.325000000000000622 ) ) ;
#1745 = VERTEX_POINT ( 'NONE', #893 ) ;
#1746 = DIRECTION ( 'NONE',  ( -8.673617379884027583E-16, -0.000000000000000000, 1.000000000000000000 ) ) ;
#1747 =( NAMED_UNIT ( * ) SI_UNIT ( $, .STERADIAN. ) SOLID_ANGLE_UNIT ( ) );
#1748 = FILL_AREA_STYLE ('',( #3037 ) ) ;
#1749 = ADVANCED_FACE ( 'NONE', ( #637 ), #1862, .F. ) ;
#1750 = CARTESIAN_POINT ( 'NONE',  ( -1.324999999999999512, -0.002000000000000000042, -0.6749999999999998224 ) ) ;
#1751 = DIRECTION ( 'NONE',  ( 0.000000000000000000, 1.000000000000000000, 0.000000000000000000 ) ) ;
#1752 = ADVANCED_FACE ( 'NONE', ( #1652 ), #3165, .F. ) ;
#1753 = CARTESIAN_POINT ( 'NONE',  ( 1.875000000000000000, -0.002000000000000000042, 0.6750000000000007105 ) ) ;
#1754 = PRODUCT_DEFINITION_CONTEXT ( 'detailed design', #2351, 'design' ) ;
#1755 = EDGE_LOOP ( 'NONE', ( #2780, #753, #2268, #657 ) ) ;
#1756 = PRESENTATION_STYLE_ASSIGNMENT (( #3017 ) ) ;
#1757 = CARTESIAN_POINT ( 'NONE',  ( 1.875000000000000000, -0.002000000000000000042, -1.524999999999999467 ) ) ;
#1758 = DIRECTION ( 'NONE',  ( -0.000000000000000000, 1.000000000000000000, -0.000000000000000000 ) ) ;
#1759 = VERTEX_POINT ( 'NONE', #653 ) ;
#1760 = CARTESIAN_POINT ( 'NONE',  ( 1.875000000000000000, -0.002000000000000000042, -0.4249999999999996003 ) ) ;
#1761 = AXIS2_PLACEMENT_3D ( 'NONE', #227, #3254, #1229 ) ;
#1762 = DIRECTION ( 'NONE',  ( 1.000000000000000000, 0.000000000000000000, 0.000000000000000000 ) ) ;
#1763 = LINE ( 'NONE', #2024, #1222 ) ;
#1764 = CARTESIAN_POINT ( 'NONE',  ( 1.875000000000000000, -0.002000000000000000042, 1.225000000000000533 ) ) ;
#1765 = ORIENTED_EDGE ( 'NONE', *, *, #1778, .T. ) ;
#1766 = EDGE_CURVE ( 'NONE', #503, #3226, #675, .T. ) ;
#1767 = EDGE_CURVE ( 'NONE', #339, #2842, #2383, .T. ) ;
#1768 = ORIENTED_EDGE ( 'NONE', *, *, #827, .T. ) ;
#1769 =( LENGTH_UNIT ( ) NAMED_UNIT ( * ) SI_UNIT ( .MILLI., .METRE. ) );
#1770 = LINE ( 'NONE', #2050, #511 ) ;
#1771 = VECTOR ( 'NONE', #1834, 1000.000000000000000 ) ;
#1772 = DIRECTION ( 'NONE',  ( 1.000000000000000000, 0.000000000000000000, 0.000000000000000000 ) ) ;
#1773 = ORIENTED_EDGE ( 'NONE', *, *, #2142, .F. ) ;
#1774 = DIRECTION ( 'NONE',  ( 1.000000000000000000, 0.000000000000000000, 0.000000000000000000 ) ) ;
#1775 = VECTOR ( 'NONE', #1105, 1000.000000000000000 ) ;
#1776 = CARTESIAN_POINT ( 'NONE',  ( -1.875000000000000000, 0.000000000000000000, -0.9749999999999993117 ) ) ;
#1777 = ORIENTED_EDGE ( 'NONE', *, *, #1538, .F. ) ;
#1778 = EDGE_CURVE ( 'NONE', #2528, #1529, #2402, .T. ) ;
#1779 = VECTOR ( 'NONE', #2858, 1000.000000000000000 ) ;
#1780 = ORIENTED_EDGE ( 'NONE', *, *, #757, .F. ) ;
#1781 = LINE ( 'NONE', #1294, #445 ) ;
#1782 =( NAMED_UNIT ( * ) PLANE_ANGLE_UNIT ( ) SI_UNIT ( $, .RADIAN. ) );
#1783 = EDGE_LOOP ( 'NONE', ( #1603, #795, #1342, #388 ) ) ;
#1784 = EDGE_LOOP ( 'NONE', ( #1278, #1672 ) ) ;
#1785 = CARTESIAN_POINT ( 'NONE',  ( 1.324999999999999734, -0.002000000000000000042, 0.1250000000000005551 ) ) ;
#1786 = CARTESIAN_POINT ( 'NONE',  ( -1.874999999999999778, -0.002000000000000000042, 2.075000000000000622 ) ) ;
#1787 = CARTESIAN_POINT ( 'NONE',  ( 1.875000000000000000, 0.000000000000000000, -2.074999999999999734 ) ) ;
#1788 = EDGE_CURVE ( 'NONE', #1243, #690, #1133, .T. ) ;
#1789 = ORIENTED_EDGE ( 'NONE', *, *, #99, .T. ) ;
#1790 = LINE ( 'NONE', #2824, #866 ) ;
#1791 = FILL_AREA_STYLE_COLOUR ( '', #2472 ) ;
#1792 = DIRECTION ( 'NONE',  ( 1.000000000000000000, 0.000000000000000000, -0.000000000000000000 ) ) ;
#1793 = VERTEX_POINT ( 'NONE', #3181 ) ;
#1794 = PLANE ( 'NONE',  #2077 ) ;
#1795 = FACE_BOUND ( 'NONE', #2092, .T. ) ;
#1796 = SURFACE_STYLE_FILL_AREA ( #2011 ) ;
#1797 = CARTESIAN_POINT ( 'NONE',  ( 1.324999999999999734, 0.000000000000000000, -0.4249999999999996003 ) ) ;
#1798 = ORIENTED_EDGE ( 'NONE', *, *, #692, .F. ) ;
#1799 = ORIENTED_EDGE ( 'NONE', *, *, #3064, .F. ) ;
#1800 = EDGE_CURVE ( 'NONE', #1650, #1039, #2422, .T. ) ;
#1801 = LINE ( 'NONE', #3278, #1019 ) ;
#1802 = PLANE ( 'NONE',  #1186 ) ;
#1803 = CARTESIAN_POINT ( 'NONE',  ( 1.324999999999999734, -0.002000000000000000042, -0.4249999999999996003 ) ) ;
#1804 = ORIENTED_EDGE ( 'NONE', *, *, #539, .F. ) ;
#1805 = COLOUR_RGB ( '',0.7921568627450980005, 0.8196078431372548767, 0.9333333333333333481 ) ;
#1806 = CARTESIAN_POINT ( 'NONE',  ( -1.324999999999999512, 0.000000000000000000, 2.075000000000000622 ) ) ;
#1807 = ORIENTED_EDGE ( 'NONE', *, *, #1923, .F. ) ;
#1808 = VECTOR ( 'NONE', #2982, 1000.000000000000000 ) ;
#1809 = STYLED_ITEM ( 'NONE', ( #1694 ), #916 ) ;
#1810 = FILL_AREA_STYLE_COLOUR ( '', #1936 ) ;
#1811 = EDGE_CURVE ( 'NONE', #2689, #41, #908, .T. ) ;
#1812 = COLOUR_RGB ( '',0.1019607843137254888, 0.1019607843137254888, 0.1019607843137254888 ) ;
#1813 = DIRECTION ( 'NONE',  ( -0.000000000000000000, 1.000000000000000000, -0.000000000000000000 ) ) ;
#1814 = VECTOR ( 'NONE', #2114, 1000.000000000000000 ) ;
#1815 = VECTOR ( 'NONE', #62, 1000.000000000000000 ) ;
#1816 = ORIENTED_EDGE ( 'NONE', *, *, #1989, .F. ) ;
#1817 = ORIENTED_EDGE ( 'NONE', *, *, #1826, .F. ) ;
#1818 = CARTESIAN_POINT ( 'NONE',  ( -1.774999999999999689, -0.002000000000000000042, -2.374999999999999556 ) ) ;
#1819 = VECTOR ( 'NONE', #1146, 1000.000000000000000 ) ;
#1820 = CARTESIAN_POINT ( 'NONE',  ( -1.774999999999999689, 0.000000000000000000, -2.374999999999999556 ) ) ;
#1821 = CARTESIAN_POINT ( 'NONE',  ( 1.874999999999999778, -0.002000000000000000042, 0.9750000000000004219 ) ) ;
#1822 = ORIENTED_EDGE ( 'NONE', *, *, #1379, .T. ) ;
#1823 = VECTOR ( 'NONE', #2896, 1000.000000000000000 ) ;
#1824 = CARTESIAN_POINT ( 'NONE',  ( -1.874999999999999778, 0.000000000000000000, -2.360943084037137041 ) ) ;
#1825 = DIRECTION ( 'NONE',  ( 0.000000000000000000, 0.000000000000000000, 1.000000000000000000 ) ) ;
#1826 = EDGE_CURVE ( 'NONE', #1759, #487, #1846, .T. ) ;
#1827 = SURFACE_STYLE_FILL_AREA ( #535 ) ;
#1828 = DIRECTION ( 'NONE',  ( -8.673617379884028570E-16, 0.000000000000000000, 1.000000000000000000 ) ) ;
#1829 = ORIENTED_EDGE ( 'NONE', *, *, #833, .T. ) ;
#1830 = ORIENTED_EDGE ( 'NONE', *, *, #2859, .T. ) ;
#1831 = ORIENTED_EDGE ( 'NONE', *, *, #1800, .F. ) ;
#1832 = ADVANCED_FACE ( 'NONE', ( #2438 ), #2884, .T. ) ;
#1833 = CARTESIAN_POINT ( 'NONE',  ( -1.874999999999999778, 0.000000000000000000, -0.1249999999999996808 ) ) ;
#1834 = DIRECTION ( 'NONE',  ( -0.000000000000000000, 1.000000000000000000, -0.000000000000000000 ) ) ;
#1835 = CARTESIAN_POINT ( 'NONE',  ( -1.874999999999999778, 0.000000000000000000, -1.774999999999999689 ) ) ;
#1836 = FACE_OUTER_BOUND ( 'NONE', #2183, .T. ) ;
#1837 = ORIENTED_EDGE ( 'NONE', *, *, #3244, .T. ) ;
#1838 = DIRECTION ( 'NONE',  ( 1.000000000000000000, 0.000000000000000000, 0.000000000000000000 ) ) ;
#1839 = ORIENTED_EDGE ( 'NONE', *, *, #3188, .F. ) ;
#1840 = DIRECTION ( 'NONE',  ( 0.000000000000000000, 1.000000000000000000, 0.000000000000000000 ) ) ;
#1841 = EDGE_CURVE ( 'NONE', #1315, #3160, #2867, .T. ) ;
#1842 = DIRECTION ( 'NONE',  ( 0.000000000000000000, 1.000000000000000000, 0.000000000000000000 ) ) ;
#1843 = EDGE_CURVE ( 'NONE', #1184, #1377, #2904, .T. ) ;
#1844 = DIRECTION ( 'NONE',  ( 0.000000000000000000, -0.000000000000000000, 1.000000000000000000 ) ) ;
#1845 = ORIENTED_EDGE ( 'NONE', *, *, #400, .F. ) ;
#1846 = LINE ( 'NONE', #1915, #2084 ) ;
#1847 = ORIENTED_EDGE ( 'NONE', *, *, #539, .T. ) ;
#1848 = ORIENTED_EDGE ( 'NONE', *, *, #946, .T. ) ;
#1849 = ORIENTED_EDGE ( 'NONE', *, *, #1564, .F. ) ;
#1850 = FACE_OUTER_BOUND ( 'NONE', #1258, .T. ) ;
#1851 = DIRECTION ( 'NONE',  ( -1.000000000000000000, 0.000000000000000000, 0.000000000000000000 ) ) ;
#1852 = FACE_OUTER_BOUND ( 'NONE', #1423, .T. ) ;
#1853 = LINE ( 'NONE', #2643, #2880 ) ;
#1854 = PLANE ( 'NONE',  #1616 ) ;
#1855 = DIRECTION ( 'NONE',  ( -8.673617379884027583E-16, -0.000000000000000000, 1.000000000000000000 ) ) ;
#1856 = CIRCLE ( 'NONE', #2505, 0.1324839542973937911 ) ;
#1857 = LINE ( 'NONE', #136, #2476 ) ;
#1858 = ORIENTED_EDGE ( 'NONE', *, *, #1859, .F. ) ;
#1859 = EDGE_CURVE ( 'NONE', #843, #1367, #878, .T. ) ;
#1860 = EDGE_CURVE ( 'NONE', #1257, #1690, #622, .T. ) ;
#1861 = VECTOR ( 'NONE', #1041, 1000.000000000000000 ) ;
#1862 = PLANE ( 'NONE',  #825 ) ;
#1863 = VECTOR ( 'NONE', #1746, 1000.000000000000000 ) ;
#1864 = EDGE_CURVE ( 'NONE', #2399, #2466, #1618, .T. ) ;
#1865 = ORIENTED_EDGE ( 'NONE', *, *, #1737, .T. ) ;
#1866 = AXIS2_PLACEMENT_3D ( 'NONE', #3243, #1139, #912 ) ;
#1867 = CARTESIAN_POINT ( 'NONE',  ( -1.874999999999999778, -0.002000000000000000042, -1.774999999999999689 ) ) ;
#1868 = DIRECTION ( 'NONE',  ( -0.000000000000000000, 1.000000000000000000, -0.000000000000000000 ) ) ;
#1869 = DIRECTION ( 'NONE',  ( -0.000000000000000000, 1.000000000000000000, -0.000000000000000000 ) ) ;
#1870 = VECTOR ( 'NONE', #2632, 1000.000000000000000 ) ;
#1871 = CARTESIAN_POINT ( 'NONE',  ( -2.000000000000000000, 0.000000000000000000, 2.500000000000000444 ) ) ;
#1872 = AXIS2_PLACEMENT_3D ( 'NONE', #2236, #793, #2773 ) ;
#1873 = LINE ( 'NONE', #1628, #1729 ) ;
#1874 = AXIS2_PLACEMENT_3D ( 'NONE', #3161, #2381, #860 ) ;
#1875 = DIRECTION ( 'NONE',  ( 1.000000000000000000, 0.000000000000000000, 8.673617379884028570E-16 ) ) ;
#1876 = DIRECTION ( 'NONE',  ( 0.000000000000000000, 0.000000000000000000, 1.000000000000000000 ) ) ;
#1877 = VECTOR ( 'NONE', #2212, 1000.000000000000000 ) ;
#1878 = CARTESIAN_POINT ( 'NONE',  ( 1.874999999999999778, -0.002000000000000000042, -1.224999999999999423 ) ) ;
#1879 = VERTEX_POINT ( 'NONE', #168 ) ;
#1880 = ORIENTED_EDGE ( 'NONE', *, *, #1613, .T. ) ;
#1881 = LINE ( 'NONE', #862, #2240 ) ;
#1882 = ORIENTED_EDGE ( 'NONE', *, *, #1575, .F. ) ;
#1883 = ORIENTED_EDGE ( 'NONE', *, *, #2051, .F. ) ;
#1884 = EDGE_CURVE ( 'NONE', #3184, #1544, #1428, .T. ) ;
#1885 = DIRECTION ( 'NONE',  ( 1.445602896647335761E-15, 0.000000000000000000, -1.000000000000000000 ) ) ;
#1886 = EDGE_CURVE ( 'NONE', #1574, #1964, #443, .T. ) ;
#1887 = LINE ( 'NONE', #1985, #1125 ) ;
#1888 = LINE ( 'NONE', #2105, #3272 ) ;
#1889 = DIRECTION ( 'NONE',  ( -1.000000000000000000, 0.000000000000000000, 8.673617379884028570E-16 ) ) ;
#1890 = CARTESIAN_POINT ( 'NONE',  ( -1.324999999999999734, -0.002000000000000000042, -2.124999999999999112 ) ) ;
#1891 = CARTESIAN_POINT ( 'NONE',  ( -1.875000000000000000, -0.002000000000000000042, -0.9749999999999993117 ) ) ;
#1892 = DIRECTION ( 'NONE',  ( -1.000000000000000000, 0.000000000000000000, 0.000000000000000000 ) ) ;
#1893 = VERTEX_POINT ( 'NONE', #2715 ) ;
#1894 = LINE ( 'NONE', #1649, #1235 ) ;
#1895 = ORIENTED_EDGE ( 'NONE', *, *, #1331, .F. ) ;
#1896 = CARTESIAN_POINT ( 'NONE',  ( 1.875000000000000000, -0.002000000000000000042, 0.6750000000000007105 ) ) ;
#1897 = VERTEX_POINT ( 'NONE', #2980 ) ;
#1898 = VERTEX_POINT ( 'NONE', #663 ) ;
#1899 = VERTEX_POINT ( 'NONE', #3192 ) ;
#1900 = EDGE_LOOP ( 'NONE', ( #8, #1307, #257, #1145 ) ) ;
#1901 = CARTESIAN_POINT ( 'NONE',  ( 1.875000000000000000, 0.000000000000000000, -0.9749999999999993117 ) ) ;
#1902 = DIRECTION ( 'NONE',  ( 8.673617379884028570E-16, 0.000000000000000000, -1.000000000000000000 ) ) ;
#1903 = APPLICATION_PROTOCOL_DEFINITION ( 'draft international standard', 'automotive_design', 1998, #1363 ) ;
#1904 = ADVANCED_FACE ( 'NONE', ( #2154 ), #1959, .F. ) ;
#1905 = EDGE_CURVE ( 'NONE', #2181, #1501, #2681, .T. ) ;
#1906 = DIRECTION ( 'NONE',  ( 0.000000000000000000, 0.000000000000000000, -1.000000000000000000 ) ) ;
#1907 = DIRECTION ( 'NONE',  ( -0.000000000000000000, 1.000000000000000000, -0.000000000000000000 ) ) ;
#1908 = LINE ( 'NONE', #3110, #75 ) ;
#1909 = DIRECTION ( 'NONE',  ( -8.673617379884027583E-16, -0.000000000000000000, 1.000000000000000000 ) ) ;
#1910 = ORIENTED_EDGE ( 'NONE', *, *, #461, .F. ) ;
#1911 =( NAMED_UNIT ( * ) PLANE_ANGLE_UNIT ( ) SI_UNIT ( $, .RADIAN. ) );
#1912 = CLOSED_SHELL ( 'NONE', ( #802, #185, #916, #1519, #1642, #2245, #2973, #2112, #3171, #2016, #377, #1832, #1420, #161, #712, #679, #3024, #2991, #2090, #1153, #2887, #3095, #707, #628, #1135, #861, #2613, #58, #423, #2635, #2232, #1716, #920, #2093, #846, #170, #1313, #1601, #3115, #1723, #299, #2330, #2717, #1709, #1588, #2269, #2315, #1106, #939, #139, #2467, #2083, #156, #2874, #1132, #3013, #1461, #2784, #2410, #1626, #2540, #1669, #1036, #749, #1904, #1366, #1197, #245, #2831, #2394, #2706, #2512, #2748, #732, #397, #3004, #1032, #208, #2952, #1176, #2355, #1014, #2303, #1752, #474, #2487, #2707, #3220, #482, #3271, #2539, #806, #2439, #303, #260, #1749, #3050, #3189, #1646, #2807 ) ) ;
#1913 = ORIENTED_EDGE ( 'NONE', *, *, #899, .F. ) ;
#1914 = VERTEX_POINT ( 'NONE', #1975 ) ;
#1915 = CARTESIAN_POINT ( 'NONE',  ( -1.875000000000000000, 0.000000000000000000, 2.325000000000000622 ) ) ;
#1916 = EDGE_CURVE ( 'NONE', #1403, #864, #1665, .T. ) ;
#1917 = CARTESIAN_POINT ( 'NONE',  ( 1.324999999999999734, 0.000000000000000000, 1.775000000000000577 ) ) ;
#1918 = ORIENTED_EDGE ( 'NONE', *, *, #1766, .T. ) ;
#1919 = ORIENTED_EDGE ( 'NONE', *, *, #787, .T. ) ;
#1920 = ORIENTED_EDGE ( 'NONE', *, *, #1563, .T. ) ;
#1921 = LINE ( 'NONE', #697, #1662 ) ;
#1922 = VECTOR ( 'NONE', #346, 1000.000000000000000 ) ;
#1923 = EDGE_CURVE ( 'NONE', #1893, #2920, #1928, .T. ) ;
#1924 = CARTESIAN_POINT ( 'NONE',  ( -1.875000000000000000, -0.002000000000000000042, -1.524999999999999467 ) ) ;
#1925 = AXIS2_PLACEMENT_3D ( 'NONE', #1086, #2117, #640 ) ;
#1926 = CARTESIAN_POINT ( 'NONE',  ( -1.874999999999999778, -0.002000000000000000042, 0.9750000000000004219 ) ) ;
#1927 = COLOUR_RGB ( '',0.1019607843137254888, 0.1019607843137254888, 0.1019607843137254888 ) ;
#1928 = LINE ( 'NONE', #1695, #674 ) ;
#1929 = CARTESIAN_POINT ( 'NONE',  ( -1.324999999999999734, -0.002000000000000000042, 0.6750000000000007105 ) ) ;
#1930 =( GEOMETRIC_REPRESENTATION_CONTEXT ( 3 ) GLOBAL_UNCERTAINTY_ASSIGNED_CONTEXT ( ( #268 ) ) GLOBAL_UNIT_ASSIGNED_CONTEXT ( ( #807, #2071, #629 ) ) REPRESENTATION_CONTEXT ( 'NONE', 'WORKASPACE' ) );
#1931 = LINE ( 'NONE', #1466, #2610 ) ;
#1932 = LINE ( 'NONE', #2660, #976 ) ;
#1933 = CARTESIAN_POINT ( 'NONE',  ( -1.582834611868862762, 0.6979999999999999538, -2.109284009208508337 ) ) ;
#1934 = EDGE_CURVE ( 'NONE', #1501, #146, #685, .T. ) ;
#1935 = CARTESIAN_POINT ( 'NONE',  ( 1.324999999999999734, -0.002000000000000000042, -0.4249999999999996003 ) ) ;
#1936 = COLOUR_RGB ( '',0.7921568627450980005, 0.8196078431372548767, 0.9333333333333333481 ) ;
#1937 = EDGE_LOOP ( 'NONE', ( #1364, #1698, #1913, #3067 ) ) ;
#1938 = ORIENTED_EDGE ( 'NONE', *, *, #2994, .T. ) ;
#1939 = ORIENTED_EDGE ( 'NONE', *, *, #115, .T. ) ;
#1940 = ORIENTED_EDGE ( 'NONE', *, *, #2290, .T. ) ;
#1941 = VERTEX_POINT ( 'NONE', #935 ) ;
#1942 = LINE ( 'NONE', #3227, #134 ) ;
#1943 = LINE ( 'NONE', #1924, #2897 ) ;
#1944 = CARTESIAN_POINT ( 'NONE',  ( -1.324999999999999512, 0.000000000000000000, 1.525000000000000355 ) ) ;
#1945 = LINE ( 'NONE', #901, #1982 ) ;
#1946 = CARTESIAN_POINT ( 'NONE',  ( 1.874999999999999778, -0.002000000000000000042, 2.075000000000000622 ) ) ;
#1947 = DIRECTION ( 'NONE',  ( -0.000000000000000000, 0.000000000000000000, -1.000000000000000000 ) ) ;
#1948 = LINE ( 'NONE', #470, #463 ) ;
#1949 = ORIENTED_EDGE ( 'NONE', *, *, #1108, .T. ) ;
#1950 = PRODUCT_RELATED_PRODUCT_CATEGORY ( 'part', '', ( #1730 ) ) ;
#1951 = EDGE_CURVE ( 'NONE', #2842, #1636, #2928, .T. ) ;
#1952 = ORIENTED_EDGE ( 'NONE', *, *, #2885, .F. ) ;
#1953 = EDGE_LOOP ( 'NONE', ( #1116, #1201, #811, #1920 ) ) ;
#1954 = VERTEX_POINT ( 'NONE', #1462 ) ;
#1955 = DIRECTION ( 'NONE',  ( -8.673617379884027583E-16, -0.000000000000000000, 1.000000000000000000 ) ) ;
#1956 = EDGE_CURVE ( 'NONE', #382, #1181, #1682, .T. ) ;
#1957 = PRODUCT_CONTEXT ( 'NONE', #1363, 'mechanical' ) ;
#1958 = CARTESIAN_POINT ( 'NONE',  ( -1.875000000000000000, -0.002000000000000000042, 0.1250000000000005551 ) ) ;
#1959 = PLANE ( 'NONE',  #2190 ) ;
#1960 = CARTESIAN_POINT ( 'NONE',  ( -1.324999999999999512, -0.002000000000000000042, 1.525000000000000355 ) ) ;
#1961 = CARTESIAN_POINT ( 'NONE',  ( 1.875000000000000000, -0.002000000000000000042, 1.225000000000000533 ) ) ;
#1962 = EDGE_LOOP ( 'NONE', ( #1773, #2847, #551, #1895 ) ) ;
#1963 = LINE ( 'NONE', #2475, #1187 ) ;
#1964 = VERTEX_POINT ( 'NONE', #187 ) ;
#1965 =( NAMED_UNIT ( * ) SI_UNIT ( $, .STERADIAN. ) SOLID_ANGLE_UNIT ( ) );
#1966 = PLANE ( 'NONE',  #621 ) ;
#1967 = EDGE_CURVE ( 'NONE', #970, #41, #2413, .T. ) ;
#1968 = EDGE_LOOP ( 'NONE', ( #1432, #2723, #3031, #2014 ) ) ;
#1969 = VERTEX_POINT ( 'NONE', #966 ) ;
#1970 = CARTESIAN_POINT ( 'NONE',  ( 1.874999999999999778, -0.002000000000000000042, -1.224999999999999423 ) ) ;
#1971 = VECTOR ( 'NONE', #2529, 1000.000000000000000 ) ;
#1972 = EDGE_CURVE ( 'NONE', #575, #1244, #2225, .T. ) ;
#1973 = ORIENTED_EDGE ( 'NONE', *, *, #2782, .T. ) ;
#1974 = AXIS2_PLACEMENT_3D ( 'NONE', #3021, #2556, #510 ) ;
#1975 = CARTESIAN_POINT ( 'NONE',  ( 1.324999999999999512, -0.002000000000000000042, -0.1249999999999996808 ) ) ;
#1976 = LINE ( 'NONE', #2950, #3049 ) ;
#1977 = CIRCLE ( 'NONE', #2403, 0.1324839542973937911 ) ;
#1978 = EDGE_CURVE ( 'NONE', #3167, #2574, #417, .T. ) ;
#1979 = DIRECTION ( 'NONE',  ( -1.000000000000000000, 0.000000000000000000, 0.000000000000000000 ) ) ;
#1980 = VECTOR ( 'NONE', #104, 1000.000000000000000 ) ;
#1981 = CARTESIAN_POINT ( 'NONE',  ( -1.324999999999999734, -0.002000000000000000042, 0.6750000000000007105 ) ) ;
#1982 = VECTOR ( 'NONE', #2965, 1000.000000000000000 ) ;
#1983 = ORIENTED_EDGE ( 'NONE', *, *, #2434, .T. ) ;
#1984 = DIRECTION ( 'NONE',  ( -0.000000000000000000, 1.000000000000000000, -0.000000000000000000 ) ) ;
#1985 = CARTESIAN_POINT ( 'NONE',  ( 1.875000000000000000, -0.002000000000000000042, -0.9749999999999993117 ) ) ;
#1986 = AXIS2_PLACEMENT_3D ( 'NONE', #967, #1525, #1487 ) ;
#1987 = ORIENTED_EDGE ( 'NONE', *, *, #2769, .F. ) ;
#1988 = FACE_OUTER_BOUND ( 'NONE', #283, .T. ) ;
#1989 = EDGE_CURVE ( 'NONE', #2453, #1632, #2191, .T. ) ;
#1990 = EDGE_CURVE ( 'NONE', #3167, #638, #394, .T. ) ;
#1991 = CARTESIAN_POINT ( 'NONE',  ( 1.874999999999999778, 0.000000000000000000, -1.774999999999999689 ) ) ;
#1992 = SURFACE_SIDE_STYLE ('',( #3022 ) ) ;
#1993 = DIRECTION ( 'NONE',  ( -8.673617379884028570E-16, 0.000000000000000000, -1.000000000000000000 ) ) ;
#1994 = CARTESIAN_POINT ( 'NONE',  ( 1.875000000000000000, -0.002000000000000000042, -0.4249999999999996003 ) ) ;
#1995 = CARTESIAN_POINT ( 'NONE',  ( -1.324999999999999734, -0.002000000000000000042, -0.9749999999999993117 ) ) ;
#1996 = EDGE_LOOP ( 'NONE', ( #837, #1228, #2608, #656 ) ) ;
#1997 = VERTEX_POINT ( 'NONE', #1387 ) ;
#1998 = CARTESIAN_POINT ( 'NONE',  ( -1.875000000000000000, -0.002000000000000000042, -1.524999999999999467 ) ) ;
#1999 = VERTEX_POINT ( 'NONE', #1142 ) ;
#2000 = FILL_AREA_STYLE ('',( #744 ) ) ;
#2001 = ORIENTED_EDGE ( 'NONE', *, *, #1706, .F. ) ;
#2002 = CARTESIAN_POINT ( 'NONE',  ( 1.875000000000000000, -0.002000000000000000042, 0.6750000000000007105 ) ) ;
#2003 = CARTESIAN_POINT ( 'NONE',  ( 1.875000000000000000, -0.002000000000000000042, -2.074999999999999734 ) ) ;
#2004 = PLANE ( 'NONE',  #3007 ) ;
#2005 = EDGE_CURVE ( 'NONE', #2060, #1997, #1945, .T. ) ;
#2006 = CARTESIAN_POINT ( 'NONE',  ( -1.324999999999999512, 0.000000000000000000, -0.1249999999999996808 ) ) ;
#2007 = CARTESIAN_POINT ( 'NONE',  ( -1.874999999999999778, -0.002000000000000000042, -1.224999999999999423 ) ) ;
#2008 = ORIENTED_EDGE ( 'NONE', *, *, #1199, .T. ) ;
#2009 = ORIENTED_EDGE ( 'NONE', *, *, #2193, .T. ) ;
#2010 = FACE_BOUND ( 'NONE', #1507, .T. ) ;
#2011 = FILL_AREA_STYLE ('',( #1810 ) ) ;
#2012 = VECTOR ( 'NONE', #1654, 1000.000000000000000 ) ;
#2013 = CARTESIAN_POINT ( 'NONE',  ( -2.000000000000000000, 0.2999999999999999889, 2.500000000000000444 ) ) ;
#2014 = ORIENTED_EDGE ( 'NONE', *, *, #1990, .T. ) ;
#2015 = ORIENTED_EDGE ( 'NONE', *, *, #2107, .T. ) ;
#2016 = ADVANCED_FACE ( 'NONE', ( #2731 ), #1446, .F. ) ;
#2017 = LINE ( 'NONE', #1991, #1443 ) ;
#2018 = AXIS2_PLACEMENT_3D ( 'NONE', #502, #214, #453 ) ;
#2019 = CARTESIAN_POINT ( 'NONE',  ( -1.324999999999999734, -0.002000000000000000042, -1.524999999999999467 ) ) ;
#2020 = ORIENTED_EDGE ( 'NONE', *, *, #1220, .T. ) ;
#2021 = DIRECTION ( 'NONE',  ( 0.000000000000000000, 0.000000000000000000, -1.000000000000000000 ) ) ;
#2022 = VECTOR ( 'NONE', #988, 1000.000000000000000 ) ;
#2023 = ORIENTED_EDGE ( 'NONE', *, *, #1269, .T. ) ;
#2024 = CARTESIAN_POINT ( 'NONE',  ( 1.875000000000000000, 0.000000000000000000, 0.1250000000000005551 ) ) ;
#2025 = AXIS2_PLACEMENT_3D ( 'NONE', #1958, #1906, #2979 ) ;
#2026 = CARTESIAN_POINT ( 'NONE',  ( 2.000000000000000000, 0.6999999999999999556, -2.499999999999999556 ) ) ;
#2027 = VECTOR ( 'NONE', #524, 1000.000000000000000 ) ;
#2028 = ORIENTED_EDGE ( 'NONE', *, *, #3275, .F. ) ;
#2029 = SURFACE_STYLE_USAGE ( .BOTH. , #2064 ) ;
#2030 = ADVANCED_FACE ( 'NONE', ( #3000 ), #2758, .F. ) ;
#2031 = DIRECTION ( 'NONE',  ( 0.000000000000000000, -0.000000000000000000, 1.000000000000000000 ) ) ;
#2032 = VECTOR ( 'NONE', #1409, 1000.000000000000000 ) ;
#2033 = DIRECTION ( 'NONE',  ( 1.000000000000000000, 0.000000000000000000, -0.000000000000000000 ) ) ;
#2034 = MECHANICAL_DESIGN_GEOMETRIC_PRESENTATION_REPRESENTATION (  '', ( #459 ), #1930 ) ;
#2035 = LINE ( 'NONE', #1533, #2082 ) ;
#2036 = EDGE_CURVE ( 'NONE', #194, #357, #2283, .T. ) ;
#2037 = ORIENTED_EDGE ( 'NONE', *, *, #1150, .T. ) ;
#2038 = ORIENTED_EDGE ( 'NONE', *, *, #1199, .F. ) ;
#2039 = FACE_OUTER_BOUND ( 'NONE', #1302, .T. ) ;
#2040 = CIRCLE ( 'NONE', #1297, 0.04158079293726342496 ) ;
#2041 = PLANE ( 'NONE',  #3219 ) ;
#2042 = EDGE_LOOP ( 'NONE', ( #71, #3135, #3087, #1817 ) ) ;
#2043 = LINE ( 'NONE', #796, #968 ) ;
#2044 = DIRECTION ( 'NONE',  ( 0.000000000000000000, 0.000000000000000000, 1.000000000000000000 ) ) ;
#2045 = EDGE_CURVE ( 'NONE', #1622, #2302, #746, .T. ) ;
#2046 = VERTEX_POINT ( 'NONE', #512 ) ;
#2047 = ORIENTED_EDGE ( 'NONE', *, *, #1091, .F. ) ;
#2048 = PRESENTATION_STYLE_ASSIGNMENT (( #2029 ) ) ;
#2049 = EDGE_CURVE ( 'NONE', #2720, #2466, #1735, .T. ) ;
#2050 = CARTESIAN_POINT ( 'NONE',  ( 1.874999999999999778, -0.002000000000000000042, -0.1249999999999996808 ) ) ;
#2051 = EDGE_CURVE ( 'NONE', #2763, #3222, #2789, .T. ) ;
#2052 = CARTESIAN_POINT ( 'NONE',  ( -2.000000000000000000, 0.2999999999999999889, 2.500000000000000444 ) ) ;
#2053 = LINE ( 'NONE', #1003, #972 ) ;
#2054 = EDGE_LOOP ( 'NONE', ( #1583, #883, #2009, #1380 ) ) ;
#2055 = VERTEX_POINT ( 'NONE', #2525 ) ;
#2056 = CARTESIAN_POINT ( 'NONE',  ( 0.000000000000000000, -0.002000000000000000042, 0.000000000000000000 ) ) ;
#2057 = FILL_AREA_STYLE_COLOUR ( '', #2730 ) ;
#2058 = ORIENTED_EDGE ( 'NONE', *, *, #3239, .T. ) ;
#2059 = CARTESIAN_POINT ( 'NONE',  ( -1.582834611868862762, 0.6979999999999999538, -2.241767963505902017 ) ) ;
#2060 = VERTEX_POINT ( 'NONE', #2019 ) ;
#2061 = DIRECTION ( 'NONE',  ( 1.000000000000000000, 0.000000000000000000, 8.673617379884028570E-16 ) ) ;
#2062 = ORIENTED_EDGE ( 'NONE', *, *, #792, .F. ) ;
#2063 = CARTESIAN_POINT ( 'NONE',  ( 1.874999999999999778, -0.002000000000000000042, 0.4250000000000004885 ) ) ;
#2064 = SURFACE_SIDE_STYLE ('',( #1827 ) ) ;
#2065 = FACE_OUTER_BOUND ( 'NONE', #425, .T. ) ;
#2066 =( NAMED_UNIT ( * ) SI_UNIT ( $, .STERADIAN. ) SOLID_ANGLE_UNIT ( ) );
#2067 = ORIENTED_EDGE ( 'NONE', *, *, #2927, .T. ) ;
#2068 = ORIENTED_EDGE ( 'NONE', *, *, #1104, .T. ) ;
#2069 = PLANE ( 'NONE',  #2938 ) ;
#2070 = EDGE_CURVE ( 'NONE', #2689, #1165, #50, .T. ) ;
#2071 =( NAMED_UNIT ( * ) PLANE_ANGLE_UNIT ( ) SI_UNIT ( $, .RADIAN. ) );
#2072 = CARTESIAN_POINT ( 'NONE',  ( 1.874999999999999778, -0.002000000000000000042, -1.224999999999999423 ) ) ;
#2073 = VERTEX_POINT ( 'NONE', #480 ) ;
#2074 = COLOUR_RGB ( '',0.1098039215686274495, 0.1098039215686274495, 0.1098039215686274495 ) ;
#2075 = DIRECTION ( 'NONE',  ( -0.000000000000000000, 1.000000000000000000, -0.000000000000000000 ) ) ;
#2076 = PLANE ( 'NONE',  #1727 ) ;
#2077 = AXIS2_PLACEMENT_3D ( 'NONE', #2562, #2061, #3073 ) ;
#2078 = UNCERTAINTY_MEASURE_WITH_UNIT (LENGTH_MEASURE( 1.000000000000000082E-05 ), #562, 'distance_accuracy_value', 'NONE');
#2079 = FACE_BOUND ( 'NONE', #2671, .T. ) ;
#2080 =( GEOMETRIC_REPRESENTATION_CONTEXT ( 3 ) GLOBAL_UNCERTAINTY_ASSIGNED_CONTEXT ( ( #1279 ) ) GLOBAL_UNIT_ASSIGNED_CONTEXT ( ( #2998, #1734, #442 ) ) REPRESENTATION_CONTEXT ( 'NONE', 'WORKASPACE' ) );
#2081 = SURFACE_SIDE_STYLE ('',( #1796 ) ) ;
#2082 = VECTOR ( 'NONE', #2803, 1000.000000000000000 ) ;
#2083 = ADVANCED_FACE ( 'NONE', ( #1268 ), #1486, .F. ) ;
#2084 = VECTOR ( 'NONE', #1418, 1000.000000000000000 ) ;
#2085 = VERTEX_POINT ( 'NONE', #234 ) ;
#2086 = VERTEX_POINT ( 'NONE', #1238 ) ;
#2087 = CARTESIAN_POINT ( 'NONE',  ( 1.874999999999999778, -0.002000000000000000042, -1.774999999999999689 ) ) ;
#2088 = AXIS2_PLACEMENT_3D ( 'NONE', #1686, #2969, #3003 ) ;
#2089 = LINE ( 'NONE', #3103, #184 ) ;
#2090 = ADVANCED_FACE ( 'NONE', ( #2542 ), #1219, .F. ) ;
#2091 = CARTESIAN_POINT ( 'NONE',  ( -1.875000000000000000, -0.002000000000000000042, 0.1250000000000005551 ) ) ;
#2092 = EDGE_LOOP ( 'NONE', ( #2918, #1798, #38, #2696 ) ) ;
#2093 = ADVANCED_FACE ( 'NONE', ( #263 ), #2253, .F. ) ;
#2094 = CARTESIAN_POINT ( 'NONE',  ( -1.874999999999999778, -0.002000000000000000042, -0.6749999999999998224 ) ) ;
#2095 = PLANE ( 'NONE',  #308 ) ;
#2096 = VECTOR ( 'NONE', #2963, 1000.000000000000000 ) ;
#2097 = FACE_OUTER_BOUND ( 'NONE', #2420, .T. ) ;
#2098 = EDGE_LOOP ( 'NONE', ( #2653, #478, #1288, #2272 ) ) ;
#2099 = CARTESIAN_POINT ( 'NONE',  ( 1.324999999999999512, -0.002000000000000000042, -1.224999999999999423 ) ) ;
#2100 = SURFACE_STYLE_USAGE ( .BOTH. , #2316 ) ;
#2101 = ORIENTED_EDGE ( 'NONE', *, *, #823, .T. ) ;
#2102 = EDGE_LOOP ( 'NONE', ( #5, #547, #211, #1011 ) ) ;
#2103 = PLANE ( 'NONE',  #868 ) ;
#2104 = LINE ( 'NONE', #577, #2779 ) ;
#2105 = CARTESIAN_POINT ( 'NONE',  ( 1.875000000000000000, 0.000000000000000000, 1.225000000000000533 ) ) ;
#2106 = LINE ( 'NONE', #3136, #919 ) ;
#2107 = EDGE_CURVE ( 'NONE', #2738, #1360, #777, .T. ) ;
#2108 = EDGE_CURVE ( 'NONE', #2920, #1656, #1524, .T. ) ;
#2109 = DIRECTION ( 'NONE',  ( 0.000000000000000000, -0.000000000000000000, -1.000000000000000000 ) ) ;
#2110 = CARTESIAN_POINT ( 'NONE',  ( 1.875000000000000000, -0.002000000000000000042, 1.775000000000000577 ) ) ;
#2111 = LINE ( 'NONE', #3126, #508 ) ;
#2112 = ADVANCED_FACE ( 'NONE', ( #1305 ), #2639, .F. ) ;
#2113 =( LENGTH_UNIT ( ) NAMED_UNIT ( * ) SI_UNIT ( .MILLI., .METRE. ) );
#2114 = DIRECTION ( 'NONE',  ( 8.673617379884027583E-16, -0.000000000000000000, 1.000000000000000000 ) ) ;
#2115 = ORIENTED_EDGE ( 'NONE', *, *, #2124, .F. ) ;
#2116 = EDGE_LOOP ( 'NONE', ( #2008, #1378, #1413, #606 ) ) ;
#2117 = DIRECTION ( 'NONE',  ( 0.000000000000000000, 0.000000000000000000, -1.000000000000000000 ) ) ;
#2118 = LINE ( 'NONE', #887, #1565 ) ;
#2119 = CARTESIAN_POINT ( 'NONE',  ( -1.874999999999999778, -0.002000000000000000042, -2.402523876974400174 ) ) ;
#2120 = DIRECTION ( 'NONE',  ( 0.000000000000000000, -0.000000000000000000, 1.000000000000000000 ) ) ;
#2121 = DIRECTION ( 'NONE',  ( -0.000000000000000000, 1.000000000000000000, -0.000000000000000000 ) ) ;
#2122 =( NAMED_UNIT ( * ) SI_UNIT ( $, .STERADIAN. ) SOLID_ANGLE_UNIT ( ) );
#2123 = VERTEX_POINT ( 'NONE', #327 ) ;
#2124 = EDGE_CURVE ( 'NONE', #1544, #2086, #1348, .T. ) ;
#2125 = PRESENTATION_LAYER_ASSIGNMENT (  '', '', ( #1809 ) ) ;
#2126 = ADVANCED_FACE ( 'NONE', ( #374 ), #1802, .F. ) ;
#2127 = CARTESIAN_POINT ( 'NONE',  ( 0.000000000000000000, -0.002000000000000000042, 0.000000000000000000 ) ) ;
#2128 = VECTOR ( 'NONE', #2406, 1000.000000000000000 ) ;
#2129 = ORIENTED_EDGE ( 'NONE', *, *, #2036, .F. ) ;
#2130 = ORIENTED_EDGE ( 'NONE', *, *, #1886, .T. ) ;
#2131 = VECTOR ( 'NONE', #1399, 1000.000000000000000 ) ;
#2132 = DIRECTION ( 'NONE',  ( -0.000000000000000000, 1.000000000000000000, -0.000000000000000000 ) ) ;
#2133 = CARTESIAN_POINT ( 'NONE',  ( 0.000000000000000000, -0.002000000000000000042, 0.000000000000000000 ) ) ;
#2134 = LINE ( 'NONE', #2593, #2629 ) ;
#2135 = STYLED_ITEM ( 'NONE', ( #756 ), #2245 ) ;
#2136 = DIRECTION ( 'NONE',  ( 0.000000000000000000, 0.000000000000000000, 1.000000000000000000 ) ) ;
#2137 = DIRECTION ( 'NONE',  ( -1.000000000000000000, -0.000000000000000000, -0.000000000000000000 ) ) ;
#2138 = AXIS2_PLACEMENT_3D ( 'NONE', #1946, #2192, #954 ) ;
#2139 = CARTESIAN_POINT ( 'NONE',  ( -1.324999999999999734, -0.002000000000000000042, 1.225000000000000533 ) ) ;
#2140 = CARTESIAN_POINT ( 'NONE',  ( 1.875000000000000000, -0.002000000000000000042, 0.1250000000000005551 ) ) ;
#2141 = ORIENTED_EDGE ( 'NONE', *, *, #3125, .F. ) ;
#2142 = EDGE_CURVE ( 'NONE', #1166, #1584, #2844, .T. ) ;
#2143 = ORIENTED_EDGE ( 'NONE', *, *, #1351, .F. ) ;
#2144 = ORIENTED_EDGE ( 'NONE', *, *, #1916, .T. ) ;
#2145 = CARTESIAN_POINT ( 'NONE',  ( 1.324999999999999734, -0.002000000000000000042, 1.775000000000000577 ) ) ;
#2146 = EDGE_CURVE ( 'NONE', #926, #1897, #840, .T. ) ;
#2147 = EDGE_CURVE ( 'NONE', #452, #1181, #2856, .T. ) ;
#2148 = EDGE_LOOP ( 'NONE', ( #884, #1780, #1882, #2601 ) ) ;
#2149 = VERTEX_POINT ( 'NONE', #2873 ) ;
#2150 = ORIENTED_EDGE ( 'NONE', *, *, #1934, .T. ) ;
#2151 = CARTESIAN_POINT ( 'NONE',  ( -1.324999999999999734, 0.000000000000000000, -1.524999999999999467 ) ) ;
#2152 = LINE ( 'NONE', #932, #313 ) ;
#2153 = CARTESIAN_POINT ( 'NONE',  ( -1.774999999999999689, -0.002000000000000000042, -2.374999999999999556 ) ) ;
#2154 = FACE_OUTER_BOUND ( 'NONE', #123, .T. ) ;
#2155 = DIRECTION ( 'NONE',  ( -0.000000000000000000, 1.000000000000000000, -0.000000000000000000 ) ) ;
#2156 = DIRECTION ( 'NONE',  ( 8.673617379884028570E-16, 0.000000000000000000, 1.000000000000000000 ) ) ;
#2157 = CARTESIAN_POINT ( 'NONE',  ( 2.000000000000000000, 0.000000000000000000, -2.499999999999999556 ) ) ;
#2158 = FACE_OUTER_BOUND ( 'NONE', #1477, .T. ) ;
#2159 = ORIENTED_EDGE ( 'NONE', *, *, #2471, .F. ) ;
#2160 = ORIENTED_EDGE ( 'NONE', *, *, #11, .T. ) ;
#2161 = DIRECTION ( 'NONE',  ( 8.673617379884028570E-16, 0.000000000000000000, 1.000000000000000000 ) ) ;
#2162 = EDGE_LOOP ( 'NONE', ( #1005, #2634, #1555, #433 ) ) ;
#2163 = VERTEX_POINT ( 'NONE', #1820 ) ;
#2164 = DIRECTION ( 'NONE',  ( -0.000000000000000000, -1.000000000000000000, -0.000000000000000000 ) ) ;
#2165 =( LENGTH_UNIT ( ) NAMED_UNIT ( * ) SI_UNIT ( .MILLI., .METRE. ) );
#2166 = CARTESIAN_POINT ( 'NONE',  ( 2.000000000000000000, 0.2999999999999999889, 2.500000000000000444 ) ) ;
#2167 = EDGE_CURVE ( 'NONE', #2563, #3211, #2104, .T. ) ;
#2168 = LINE ( 'NONE', #2729, #1712 ) ;
#2169 = DIRECTION ( 'NONE',  ( 8.673617379884027583E-16, 0.000000000000000000, -1.000000000000000000 ) ) ;
#2170 = CARTESIAN_POINT ( 'NONE',  ( -1.324999999999999512, -0.002000000000000000042, 0.4250000000000004885 ) ) ;
#2171 = FACE_OUTER_BOUND ( 'NONE', #558, .T. ) ;
#2172 = CARTESIAN_POINT ( 'NONE',  ( -1.774999999999999689, 0.000000000000000000, -2.374999999999999556 ) ) ;
#2173 = LINE ( 'NONE', #448, #2517 ) ;
#2174 = ORIENTED_EDGE ( 'NONE', *, *, #3277, .F. ) ;
#2175 = ORIENTED_EDGE ( 'NONE', *, *, #223, .T. ) ;
#2176 = ORIENTED_EDGE ( 'NONE', *, *, #585, .F. ) ;
#2177 = DIRECTION ( 'NONE',  ( -8.673617379884027583E-16, 0.000000000000000000, -1.000000000000000000 ) ) ;
#2178 = AXIS2_PLACEMENT_3D ( 'NONE', #521, #1842, #2931 ) ;
#2179 = DIRECTION ( 'NONE',  ( -8.673617379884027583E-16, 0.000000000000000000, -1.000000000000000000 ) ) ;
#2180 = VECTOR ( 'NONE', #1614, 1000.000000000000000 ) ;
#2181 = VERTEX_POINT ( 'NONE', #2592 ) ;
#2182 = ORIENTED_EDGE ( 'NONE', *, *, #937, .F. ) ;
#2183 = EDGE_LOOP ( 'NONE', ( #3078, #2160, #2751, #1837 ) ) ;
#2184 = CARTESIAN_POINT ( 'NONE',  ( -1.324999999999999512, -0.002000000000000000042, 0.9750000000000004219 ) ) ;
#2185 = MECHANICAL_DESIGN_GEOMETRIC_PRESENTATION_REPRESENTATION (  '', ( #1809 ), #2080 ) ;
#2186 = CARTESIAN_POINT ( 'NONE',  ( 0.000000000000000000, 0.000000000000000000, 0.000000000000000000 ) ) ;
#2187 = VECTOR ( 'NONE', #1025, 1000.000000000000000 ) ;
#2188 = LINE ( 'NONE', #3212, #1548 ) ;
#2189 = EDGE_CURVE ( 'NONE', #1484, #2710, #1317, .T. ) ;
#2190 = AXIS2_PLACEMENT_3D ( 'NONE', #1714, #3231, #645 ) ;
#2191 = LINE ( 'NONE', #152, #200 ) ;
#2192 = DIRECTION ( 'NONE',  ( 0.000000000000000000, 0.000000000000000000, 1.000000000000000000 ) ) ;
#2193 = EDGE_CURVE ( 'NONE', #2563, #2453, #610, .T. ) ;
#2194 = VECTOR ( 'NONE', #3248, 1000.000000000000000 ) ;
#2195 = DIRECTION ( 'NONE',  ( -0.000000000000000000, 1.000000000000000000, -0.000000000000000000 ) ) ;
#2196 = PLANE ( 'NONE',  #1553 ) ;
#2197 = CARTESIAN_POINT ( 'NONE',  ( 1.875000000000000000, 0.000000000000000000, 0.1250000000000005551 ) ) ;
#2198 = PRESENTATION_LAYER_ASSIGNMENT (  '', '', ( #355 ) ) ;
#2199 = ORIENTED_EDGE ( 'NONE', *, *, #769, .T. ) ;
#2200 = EDGE_LOOP ( 'NONE', ( #2975, #2762, #922, #1865 ) ) ;
#2201 = SURFACE_STYLE_FILL_AREA ( #1688 ) ;
#2202 = AXIS2_PLACEMENT_3D ( 'NONE', #153, #581, #632 ) ;
#2203 = VECTOR ( 'NONE', #2408, 1000.000000000000000 ) ;
#2204 = ORIENTED_EDGE ( 'NONE', *, *, #337, .F. ) ;
#2205 = EDGE_LOOP ( 'NONE', ( #2704, #669, #2442, #1040 ) ) ;
#2206 = ORIENTED_EDGE ( 'NONE', *, *, #2728, .F. ) ;
#2207 = EDGE_CURVE ( 'NONE', #3099, #1622, #2360, .T. ) ;
#2208 = PLANE ( 'NONE',  #1604 ) ;
#2209 = EDGE_LOOP ( 'NONE', ( #402, #2115, #2548, #2670 ) ) ;
#2210 = FACE_OUTER_BOUND ( 'NONE', #2620, .T. ) ;
#2211 = CARTESIAN_POINT ( 'NONE',  ( -2.000000000000000000, 0.6999999999999999556, -2.499999999999999556 ) ) ;
#2212 = DIRECTION ( 'NONE',  ( -0.000000000000000000, -1.000000000000000000, -0.000000000000000000 ) ) ;
#2213 = LINE ( 'NONE', #2497, #2933 ) ;
#2214 = EDGE_CURVE ( 'NONE', #1367, #1243, #2624, .T. ) ;
#2215 = FACE_OUTER_BOUND ( 'NONE', #1266, .T. ) ;
#2216 = DIRECTION ( 'NONE',  ( -8.673617379884028570E-16, 0.000000000000000000, -1.000000000000000000 ) ) ;
#2217 = ORIENTED_EDGE ( 'NONE', *, *, #2690, .F. ) ;
#2218 = SURFACE_SIDE_STYLE ('',( #2201 ) ) ;
#2219 = EDGE_CURVE ( 'NONE', #3116, #2920, #111, .T. ) ;
#2220 = EDGE_LOOP ( 'NONE', ( #230, #1731, #1596, #421 ) ) ;
#2221 = ORIENTED_EDGE ( 'NONE', *, *, #747, .T. ) ;
#2222 = DIRECTION ( 'NONE',  ( -8.673617379884027583E-16, -0.000000000000000000, 1.000000000000000000 ) ) ;
#2223 = LINE ( 'NONE', #150, #3053 ) ;
#2224 = CARTESIAN_POINT ( 'NONE',  ( -1.874999999999999778, 0.000000000000000000, 1.525000000000000355 ) ) ;
#2225 = LINE ( 'NONE', #2449, #2886 ) ;
#2226 = PLANE ( 'NONE',  #1986 ) ;
#2227 = DIRECTION ( 'NONE',  ( -0.000000000000000000, 0.000000000000000000, -1.000000000000000000 ) ) ;
#2228 = LINE ( 'NONE', #1414, #1455 ) ;
#2229 = EDGE_LOOP ( 'NONE', ( #2589, #2770, #2176, #106 ) ) ;
#2230 = SURFACE_STYLE_USAGE ( .BOTH. , #2218 ) ;
#2231 = AXIS2_PLACEMENT_3D ( 'NONE', #1454, #725, #2479 ) ;
#2232 = ADVANCED_FACE ( 'NONE', ( #1624 ), #228, .F. ) ;
#2233 = DIRECTION ( 'NONE',  ( 0.000000000000000000, 1.000000000000000000, 0.000000000000000000 ) ) ;
#2234 = EDGE_CURVE ( 'NONE', #2421, #1450, #3256, .T. ) ;
#2235 = DIRECTION ( 'NONE',  ( -0.000000000000000000, 1.000000000000000000, -0.000000000000000000 ) ) ;
#2236 = CARTESIAN_POINT ( 'NONE',  ( 2.000000000000000000, 0.6999999999999999556, -2.499999999999999556 ) ) ;
#2237 = FACE_OUTER_BOUND ( 'NONE', #1468, .T. ) ;
#2238 = VECTOR ( 'NONE', #1885, 1000.000000000000000 ) ;
#2239 = DIRECTION ( 'NONE',  ( -8.673617379884028570E-16, 0.000000000000000000, 1.000000000000000000 ) ) ;
#2240 = VECTOR ( 'NONE', #3145, 1000.000000000000000 ) ;
#2241 = FACE_OUTER_BOUND ( 'NONE', #2823, .T. ) ;
#2242 = PRESENTATION_LAYER_ASSIGNMENT (  '', '', ( #2135 ) ) ;
#2243 = ORIENTED_EDGE ( 'NONE', *, *, #379, .F. ) ;
#2244 =( LENGTH_UNIT ( ) NAMED_UNIT ( * ) SI_UNIT ( .MILLI., .METRE. ) );
#2245 = ADVANCED_FACE ( 'NONE', ( #1382 ), #489, .F. ) ;
#2246 = STYLED_ITEM ( 'NONE', ( #105 ), #2485 ) ;
#2247 = CARTESIAN_POINT ( 'NONE',  ( -1.324999999999999734, 0.000000000000000000, 1.775000000000000577 ) ) ;
#2248 = STYLED_ITEM ( 'NONE', ( #1508 ), #3019 ) ;
#2249 = EDGE_CURVE ( 'NONE', #201, #3226, #2910, .T. ) ;
#2250 = DIRECTION ( 'NONE',  ( 8.673617379884027583E-16, -0.000000000000000000, 1.000000000000000000 ) ) ;
#2251 = EDGE_CURVE ( 'NONE', #3061, #1244, #1887, .T. ) ;
#2252 = LINE ( 'NONE', #1760, #1861 ) ;
#2253 = PLANE ( 'NONE',  #2999 ) ;
#2254 =( NAMED_UNIT ( * ) PLANE_ANGLE_UNIT ( ) SI_UNIT ( $, .RADIAN. ) );
#2255 = CARTESIAN_POINT ( 'NONE',  ( 1.874999999999999778, -0.002000000000000000042, 0.4250000000000004885 ) ) ;
#2256 = CARTESIAN_POINT ( 'NONE',  ( -1.874999999999999778, -0.002000000000000000042, -0.6749999999999998224 ) ) ;
#2257 = ORIENTED_EDGE ( 'NONE', *, *, #1331, .T. ) ;
#2258 = VERTEX_POINT ( 'NONE', #726 ) ;
#2259 = DIRECTION ( 'NONE',  ( 0.000000000000000000, 0.000000000000000000, 1.000000000000000000 ) ) ;
#2260 = ORIENTED_EDGE ( 'NONE', *, *, #1978, .T. ) ;
#2261 = DIRECTION ( 'NONE',  ( -0.000000000000000000, 1.000000000000000000, -0.000000000000000000 ) ) ;
#2262 = DIRECTION ( 'NONE',  ( 0.000000000000000000, 0.000000000000000000, 1.000000000000000000 ) ) ;
#2263 = ORIENTED_EDGE ( 'NONE', *, *, #1538, .T. ) ;
#2264 = CARTESIAN_POINT ( 'NONE',  ( 1.874999999999999778, -0.002000000000000000042, -2.324999999999999734 ) ) ;
#2265 = DIRECTION ( 'NONE',  ( -8.673617379884028570E-16, 0.000000000000000000, 1.000000000000000000 ) ) ;
#2266 = VERTEX_POINT ( 'NONE', #2675 ) ;
#2267 = DIRECTION ( 'NONE',  ( 0.000000000000000000, -0.000000000000000000, 1.000000000000000000 ) ) ;
#2268 = ORIENTED_EDGE ( 'NONE', *, *, #2207, .F. ) ;
#2269 = ADVANCED_FACE ( 'NONE', ( #3186 ), #1966, .F. ) ;
#2270 = CARTESIAN_POINT ( 'NONE',  ( -1.874999999999999778, -0.002000000000000000042, -1.224999999999999423 ) ) ;
#2271 = DIRECTION ( 'NONE',  ( 0.000000000000000000, 0.000000000000000000, 1.000000000000000000 ) ) ;
#2272 = ORIENTED_EDGE ( 'NONE', *, *, #1956, .T. ) ;
#2273 = EDGE_LOOP ( 'NONE', ( #173, #325, #2923, #1392 ) ) ;
#2274 = FACE_BOUND ( 'NONE', #1658, .T. ) ;
#2275 = ORIENTED_EDGE ( 'NONE', *, *, #1191, .T. ) ;
#2276 = PLANE ( 'NONE',  #2412 ) ;
#2277 = CARTESIAN_POINT ( 'NONE',  ( -1.324999999999999734, -0.002000000000000000042, -1.524999999999999467 ) ) ;
#2278 = CARTESIAN_POINT ( 'NONE',  ( -1.582834611868862762, 0.6979999999999999538, -2.109284009208508337 ) ) ;
#2279 = PRESENTATION_LAYER_ASSIGNMENT (  '', '', ( #238 ) ) ;
#2280 = EDGE_LOOP ( 'NONE', ( #2908, #605, #2339, #624 ) ) ;
#2281 = LINE ( 'NONE', #26, #2187 ) ;
#2282 = VECTOR ( 'NONE', #1255, 1000.000000000000000 ) ;
#2283 = LINE ( 'NONE', #2003, #2945 ) ;
#2284 = LINE ( 'NONE', #2649, #3129 ) ;
#2285 = CARTESIAN_POINT ( 'NONE',  ( -1.875000000000000000, -0.002000000000000000042, -2.124999999999999112 ) ) ;
#2286 = VERTEX_POINT ( 'NONE', #475 ) ;
#2287 = EDGE_CURVE ( 'NONE', #2060, #2489, #1742, .T. ) ;
#2288 = LINE ( 'NONE', #2255, #553 ) ;
#2289 = VECTOR ( 'NONE', #2358, 1000.000000000000000 ) ;
#2290 = EDGE_CURVE ( 'NONE', #3150, #851, #413, .T. ) ;
#2291 = CARTESIAN_POINT ( 'NONE',  ( 1.324999999999999734, -0.002000000000000000042, -0.9749999999999993117 ) ) ;
#2292 = EDGE_LOOP ( 'NONE', ( #680, #1147 ) ) ;
#2293 = VECTOR ( 'NONE', #1109, 1000.000000000000000 ) ;
#2294 = ORIENTED_EDGE ( 'NONE', *, *, #2903, .T. ) ;
#2295 = CARTESIAN_POINT ( 'NONE',  ( 1.874999999999999778, 0.000000000000000000, -2.324999999999999734 ) ) ;
#2296 = ORIENTED_EDGE ( 'NONE', *, *, #3277, .T. ) ;
#2297 = VECTOR ( 'NONE', #1112, 1000.000000000000000 ) ;
#2298 = DIRECTION ( 'NONE',  ( 1.000000000000000000, -0.000000000000000000, 0.000000000000000000 ) ) ;
#2299 = CARTESIAN_POINT ( 'NONE',  ( 1.874999999999999778, -0.002000000000000000042, -0.1249999999999996808 ) ) ;
#2300 = VECTOR ( 'NONE', #2534, 1000.000000000000000 ) ;
#2301 = ORIENTED_EDGE ( 'NONE', *, *, #1191, .F. ) ;
#2302 = VERTEX_POINT ( 'NONE', #3009 ) ;
#2303 = ADVANCED_FACE ( 'NONE', ( #1470 ), #392, .F. ) ;
#2304 = CARTESIAN_POINT ( 'NONE',  ( -1.324999999999999734, -0.002000000000000000042, 0.1250000000000005551 ) ) ;
#2305 = VECTOR ( 'NONE', #797, 1000.000000000000000 ) ;
#2306 = CARTESIAN_POINT ( 'NONE',  ( 1.874999999999999778, -0.002000000000000000042, -1.774999999999999689 ) ) ;
#2307 = LINE ( 'NONE', #2059, #1082 ) ;
#2308 = VERTEX_POINT ( 'NONE', #1230 ) ;
#2309 = CARTESIAN_POINT ( 'NONE',  ( -1.874999999999999778, 0.000000000000000000, 0.4250000000000004885 ) ) ;
#2310 = EDGE_LOOP ( 'NONE', ( #2301, #849, #2028, #15, #449 ) ) ;
#2311 = SURFACE_STYLE_USAGE ( .BOTH. , #3042 ) ;
#2312 = VERTEX_POINT ( 'NONE', #2247 ) ;
#2313 = EDGE_CURVE ( 'NONE', #3222, #1954, #992, .T. ) ;
#2314 = DIRECTION ( 'NONE',  ( -1.000000000000000000, 0.000000000000000000, 0.000000000000000000 ) ) ;
#2315 = ADVANCED_FACE ( 'NONE', ( #2518 ), #1119, .F. ) ;
#2316 = SURFACE_SIDE_STYLE ('',( #3114 ) ) ;
#2317 = CARTESIAN_POINT ( 'NONE',  ( -2.000000000000000000, 0.2999999999999999889, -2.499999999999999556 ) ) ;
#2318 = ORIENTED_EDGE ( 'NONE', *, *, #1300, .F. ) ;
#2319 = ORIENTED_EDGE ( 'NONE', *, *, #1264, .T. ) ;
#2320 = LINE ( 'NONE', #49, #1863 ) ;
#2321 = CARTESIAN_POINT ( 'NONE',  ( 2.000000000000000000, 0.000000000000000000, 2.500000000000000444 ) ) ;
#2322 = LINE ( 'NONE', #375, #1779 ) ;
#2323 = ORIENTED_EDGE ( 'NONE', *, *, #287, .F. ) ;
#2324 = LINE ( 'NONE', #3088, #2456 ) ;
#2325 = EDGE_CURVE ( 'NONE', #1997, #2258, #814, .T. ) ;
#2326 = LINE ( 'NONE', #66, #782 ) ;
#2327 = CARTESIAN_POINT ( 'NONE',  ( 1.324999999999999734, -0.002000000000000000042, 1.775000000000000577 ) ) ;
#2328 = PLANE ( 'NONE',  #780 ) ;
#2329 = LINE ( 'NONE', #1020, #1608 ) ;
#2330 = ADVANCED_FACE ( 'NONE', ( #1260 ), #1002, .F. ) ;
#2331 = EDGE_CURVE ( 'NONE', #1914, #2528, #1770, .T. ) ;
#2332 = EDGE_LOOP ( 'NONE', ( #213, #2942, #1845, #894 ) ) ;
#2333 = VERTEX_POINT ( 'NONE', #1312 ) ;
#2334 = ORIENTED_EDGE ( 'NONE', *, *, #979, .F. ) ;
#2335 = DIRECTION ( 'NONE',  ( 1.000000000000000000, 0.000000000000000000, -0.000000000000000000 ) ) ;
#2336 = DIRECTION ( 'NONE',  ( -8.673617379884028570E-16, 0.000000000000000000, 1.000000000000000000 ) ) ;
#2337 = VERTEX_POINT ( 'NONE', #800 ) ;
#2338 = FACE_OUTER_BOUND ( 'NONE', #673, .T. ) ;
#2339 = ORIENTED_EDGE ( 'NONE', *, *, #2446, .F. ) ;
#2340 = PRESENTATION_LAYER_ASSIGNMENT (  '', '', ( #2821 ) ) ;
#2341 = DIRECTION ( 'NONE',  ( -1.000000000000000000, -0.000000000000000000, -0.000000000000000000 ) ) ;
#2342 = CARTESIAN_POINT ( 'NONE',  ( 1.875000000000000000, -0.002000000000000000042, -0.9749999999999993117 ) ) ;
#2343 = MANIFOLD_SOLID_BREP ( 'Cut-Extrude1', #2716 ) ;
#2344 = UNCERTAINTY_MEASURE_WITH_UNIT (LENGTH_MEASURE( 1.000000000000000082E-05 ), #1261, 'distance_accuracy_value', 'NONE');
#2345 = DIRECTION ( 'NONE',  ( -1.000000000000000000, -0.000000000000000000, -0.000000000000000000 ) ) ;
#2346 = AXIS2_PLACEMENT_3D ( 'NONE', #393, #1365, #1838 ) ;
#2347 = DIRECTION ( 'NONE',  ( 0.000000000000000000, 1.000000000000000000, 0.000000000000000000 ) ) ;
#2348 = PRESENTATION_LAYER_ASSIGNMENT (  '', '', ( #2775 ) ) ;
#2349 = PLANE ( 'NONE',  #1286 ) ;
#2350 = VECTOR ( 'NONE', #2917, 1000.000000000000000 ) ;
#2351 = APPLICATION_CONTEXT ( 'automotive_design' ) ;
#2352 = VECTOR ( 'NONE', #3084, 1000.000000000000000 ) ;
#2353 = ORIENTED_EDGE ( 'NONE', *, *, #708, .F. ) ;
#2354 = ORIENTED_EDGE ( 'NONE', *, *, #1541, .T. ) ;
#2355 = ADVANCED_FACE ( 'NONE', ( #834 ), #2276, .F. ) ;
#2356 = EDGE_CURVE ( 'NONE', #3005, #970, #1531, .T. ) ;
#2357 = ORIENTED_EDGE ( 'NONE', *, *, #1972, .F. ) ;
#2358 = DIRECTION ( 'NONE',  ( -1.000000000000000000, 0.000000000000000000, 0.000000000000000000 ) ) ;
#2359 = PRESENTATION_LAYER_ASSIGNMENT (  '', '', ( #2246 ) ) ;
#2360 = LINE ( 'NONE', #2374, #3146 ) ;
#2361 = CARTESIAN_POINT ( 'NONE',  ( 1.875000000000000000, -0.002000000000000000042, 1.775000000000000577 ) ) ;
#2362 = DIRECTION ( 'NONE',  ( -8.673617379884028570E-16, 0.000000000000000000, 1.000000000000000000 ) ) ;
#2363 = PRESENTATION_LAYER_ASSIGNMENT (  '', '', ( #1030 ) ) ;
#2364 = PLANE ( 'NONE',  #818 ) ;
#2365 = CARTESIAN_POINT ( 'NONE',  ( -1.874999999999999778, 0.000000000000000000, -2.444104669911663752 ) ) ;
#2366 = VECTOR ( 'NONE', #1560, 1000.000000000000000 ) ;
#2367 = DIRECTION ( 'NONE',  ( 8.673617379884028570E-16, 0.000000000000000000, -1.000000000000000000 ) ) ;
#2368 = SURFACE_SIDE_STYLE ('',( #3112 ) ) ;
#2369 = VERTEX_POINT ( 'NONE', #288 ) ;
#2370 = DIRECTION ( 'NONE',  ( 8.673617379884027583E-16, 0.000000000000000000, -1.000000000000000000 ) ) ;
#2371 = ORIENTED_EDGE ( 'NONE', *, *, #2108, .T. ) ;
#2372 = ORIENTED_EDGE ( 'NONE', *, *, #541, .T. ) ;
#2373 = DIRECTION ( 'NONE',  ( -8.673617379884028570E-16, 0.000000000000000000, -1.000000000000000000 ) ) ;
#2374 = CARTESIAN_POINT ( 'NONE',  ( -1.875000000000000000, -0.002000000000000000042, 1.775000000000000577 ) ) ;
#2375 = PLANE ( 'NONE',  #987 ) ;
#2376 = DIRECTION ( 'NONE',  ( -1.000000000000000000, 0.000000000000000000, 0.000000000000000000 ) ) ;
#2377 = CARTESIAN_POINT ( 'NONE',  ( -1.874999999999999778, -0.002000000000000000042, -1.224999999999999423 ) ) ;
#2378 = EDGE_CURVE ( 'NONE', #3199, #1656, #309, .T. ) ;
#2379 = FACE_OUTER_BOUND ( 'NONE', #2520, .T. ) ;
#2380 = CARTESIAN_POINT ( 'NONE',  ( 1.875000000000000000, 0.000000000000000000, -0.4249999999999996003 ) ) ;
#2381 = DIRECTION ( 'NONE',  ( 1.000000000000000000, 0.000000000000000000, -8.673617379884028570E-16 ) ) ;
#2382 = EDGE_LOOP ( 'NONE', ( #269, #2159, #2143, #519 ) ) ;
#2383 = LINE ( 'NONE', #422, #3261 ) ;
#2384 = ORIENTED_EDGE ( 'NONE', *, *, #195, .T. ) ;
#2385 = ORIENTED_EDGE ( 'NONE', *, *, #2189, .T. ) ;
#2386 = DIRECTION ( 'NONE',  ( 1.000000000000000000, 0.000000000000000000, 0.000000000000000000 ) ) ;
#2387 = PRESENTATION_STYLE_ASSIGNMENT (( #854 ) ) ;
#2388 = DIRECTION ( 'NONE',  ( 1.000000000000000000, 0.000000000000000000, 0.000000000000000000 ) ) ;
#2389 = ORIENTED_EDGE ( 'NONE', *, *, #643, .T. ) ;
#2390 = DIRECTION ( 'NONE',  ( 0.000000000000000000, 0.000000000000000000, 1.000000000000000000 ) ) ;
#2391 = DIRECTION ( 'NONE',  ( 0.000000000000000000, -0.000000000000000000, 1.000000000000000000 ) ) ;
#2392 = EDGE_CURVE ( 'NONE', #951, #579, #1048, .T. ) ;
#2393 = DIRECTION ( 'NONE',  ( -1.000000000000000000, 0.000000000000000000, 0.000000000000000000 ) ) ;
#2394 = ADVANCED_FACE ( 'NONE', ( #2065 ), #1035, .F. ) ;
#2395 = DIRECTION ( 'NONE',  ( -0.000000000000000000, 1.000000000000000000, -0.000000000000000000 ) ) ;
#2396 = VECTOR ( 'NONE', #1717, 1000.000000000000000 ) ;
#2397 = ORIENTED_EDGE ( 'NONE', *, *, #962, .F. ) ;
#2398 = VERTEX_POINT ( 'NONE', #57 ) ;
#2399 = VERTEX_POINT ( 'NONE', #586 ) ;
#2400 = AXIS2_PLACEMENT_3D ( 'NONE', #2772, #1557, #1504 ) ;
#2401 = ORIENTED_EDGE ( 'NONE', *, *, #1465, .T. ) ;
#2402 = LINE ( 'NONE', #404, #33 ) ;
#2403 = AXIS2_PLACEMENT_3D ( 'NONE', #2278, #506, #2262 ) ;
#2404 = ORIENTED_EDGE ( 'NONE', *, *, #1172, .T. ) ;
#2405 = ORIENTED_EDGE ( 'NONE', *, *, #3044, .T. ) ;
#2406 = DIRECTION ( 'NONE',  ( -8.673617379884027583E-16, 0.000000000000000000, -1.000000000000000000 ) ) ;
#2407 = CARTESIAN_POINT ( 'NONE',  ( -1.874999999999999778, -0.002000000000000000042, -2.274999999999999467 ) ) ;
#2408 = DIRECTION ( 'NONE',  ( 0.7071067811865483499, 0.000000000000000000, -0.7071067811865467956 ) ) ;
#2409 = VECTOR ( 'NONE', #2495, 1000.000000000000000 ) ;
#2410 = ADVANCED_FACE ( 'NONE', ( #3076 ), #2328, .F. ) ;
#2411 = DIRECTION ( 'NONE',  ( 8.673617379884028570E-16, 0.000000000000000000, 1.000000000000000000 ) ) ;
#2412 = AXIS2_PLACEMENT_3D ( 'NONE', #1785, #2836, #2783 ) ;
#2413 = LINE ( 'NONE', #700, #2469 ) ;
#2414 = LINE ( 'NONE', #366, #2626 ) ;
#2415 = COLOUR_RGB ( '',0.1019607843137254888, 0.1019607843137254888, 0.1019607843137254888 ) ;
#2416 = DIRECTION ( 'NONE',  ( 1.000000000000000000, 0.000000000000000000, 0.000000000000000000 ) ) ;
#2417 = SURFACE_SIDE_STYLE ('',( #3018 ) ) ;
#2418 = ORIENTED_EDGE ( 'NONE', *, *, #1635, .F. ) ;
#2419 = CARTESIAN_POINT ( 'NONE',  ( 0.000000000000000000, -0.002000000000000000042, 0.000000000000000000 ) ) ;
#2420 = EDGE_LOOP ( 'NONE', ( #2354, #755, #1254, #2990 ) ) ;
#2421 = VERTEX_POINT ( 'NONE', #2587 ) ;
#2422 = LINE ( 'NONE', #159, #1664 ) ;
#2423 = LINE ( 'NONE', #160, #2553 ) ;
#2424 = EDGE_CURVE ( 'NONE', #1899, #2398, #69, .T. ) ;
#2425 = ORIENTED_EDGE ( 'NONE', *, *, #500, .F. ) ;
#2426 = ORIENTED_EDGE ( 'NONE', *, *, #2146, .T. ) ;
#2427 = DIRECTION ( 'NONE',  ( -0.000000000000000000, 1.000000000000000000, 0.000000000000000000 ) ) ;
#2428 = FILL_AREA_STYLE ('',( #2741 ) ) ;
#2429 = FACE_OUTER_BOUND ( 'NONE', #2935, .T. ) ;
#2430 = PLANE ( 'NONE',  #2560 ) ;
#2431 = DIRECTION ( 'NONE',  ( -1.000000000000000000, 0.000000000000000000, 0.000000000000000000 ) ) ;
#2432 = CARTESIAN_POINT ( 'NONE',  ( -1.874999999999999778, -0.002000000000000000042, 1.525000000000000355 ) ) ;
#2433 = CARTESIAN_POINT ( 'NONE',  ( -1.582834611868862762, 0.6979999999999999538, -2.109284009208508337 ) ) ;
#2434 = EDGE_CURVE ( 'NONE', #3150, #1136, #1081, .T. ) ;
#2435 = PLANE ( 'NONE',  #3213 ) ;
#2436 = ORIENTED_EDGE ( 'NONE', *, *, #88, .T. ) ;
#2437 = ORIENTED_EDGE ( 'NONE', *, *, #114, .T. ) ;
#2438 = FACE_OUTER_BOUND ( 'NONE', #2116, .T. ) ;
#2439 = ADVANCED_FACE ( 'NONE', ( #892 ), #351, .F. ) ;
#2440 = PLANE ( 'NONE',  #2231 ) ;
#2441 = DIRECTION ( 'NONE',  ( 8.673617379884027583E-16, 0.000000000000000000, -1.000000000000000000 ) ) ;
#2442 = ORIENTED_EDGE ( 'NONE', *, *, #414, .F. ) ;
#2443 = EDGE_CURVE ( 'NONE', #501, #17, #3141, .T. ) ;
#2444 = VERTEX_POINT ( 'NONE', #1372 ) ;
#2445 = DIRECTION ( 'NONE',  ( 8.673617379884027583E-16, -0.000000000000000000, 1.000000000000000000 ) ) ;
#2446 = EDGE_CURVE ( 'NONE', #579, #947, #1393, .T. ) ;
#2447 =( NAMED_UNIT ( * ) SI_UNIT ( $, .STERADIAN. ) SOLID_ANGLE_UNIT ( ) );
#2448 = FILL_AREA_STYLE ('',( #915 ) ) ;
#2449 = CARTESIAN_POINT ( 'NONE',  ( 1.875000000000000000, 0.000000000000000000, -0.9749999999999993117 ) ) ;
#2450 = VECTOR ( 'NONE', #2922, 1000.000000000000000 ) ;
#2451 = LINE ( 'NONE', #1684, #1598 ) ;
#2452 = CARTESIAN_POINT ( 'NONE',  ( 1.324999999999999512, -0.000000000000000000, -1.224999999999999423 ) ) ;
#2453 = VERTEX_POINT ( 'NONE', #2099 ) ;
#2454 = CARTESIAN_POINT ( 'NONE',  ( 0.000000000000000000, -0.002000000000000000042, 0.000000000000000000 ) ) ;
#2455 = ORIENTED_EDGE ( 'NONE', *, *, #258, .F. ) ;
#2456 = VECTOR ( 'NONE', #300, 1000.000000000000000 ) ;
#2457 = FACE_OUTER_BOUND ( 'NONE', #386, .T. ) ;
#2458 = AXIS2_PLACEMENT_3D ( 'NONE', #1177, #3195, #2239 ) ;
#2459 = ORIENTED_EDGE ( 'NONE', *, *, #1108, .F. ) ;
#2460 = EDGE_LOOP ( 'NONE', ( #520, #678, #3054, #2260 ) ) ;
#2461 = VERTEX_POINT ( 'NONE', #120 ) ;
#2462 = CARTESIAN_POINT ( 'NONE',  ( -1.324999999999999734, 0.000000000000000000, 2.325000000000000622 ) ) ;
#2463 = VECTOR ( 'NONE', #1267, 1000.000000000000000 ) ;
#2464 = EDGE_CURVE ( 'NONE', #382, #951, #1857, .T. ) ;
#2465 = VECTOR ( 'NONE', #2536, 1000.000000000000000 ) ;
#2466 = VERTEX_POINT ( 'NONE', #875 ) ;
#2467 = ADVANCED_FACE ( 'NONE', ( #2158 ), #620, .F. ) ;
#2468 = FACE_OUTER_BOUND ( 'NONE', #1968, .T. ) ;
#2469 = VECTOR ( 'NONE', #2431, 1000.000000000000000 ) ;
#2470 = CARTESIAN_POINT ( 'NONE',  ( -1.875000000000000000, -0.002000000000000000042, 2.325000000000000622 ) ) ;
#2471 = EDGE_CURVE ( 'NONE', #3169, #575, #86, .T. ) ;
#2472 = COLOUR_RGB ( '',0.1098039215686274495, 0.1098039215686274495, 0.1098039215686274495 ) ;
#2473 = PLANE ( 'NONE',  #2986 ) ;
#2474 = VERTEX_POINT ( 'NONE', #2598 ) ;
#2475 = CARTESIAN_POINT ( 'NONE',  ( -1.324999999999999734, -0.002000000000000000042, 1.775000000000000577 ) ) ;
#2476 = VECTOR ( 'NONE', #1129, 1000.000000000000000 ) ;
#2477 = ORIENTED_EDGE ( 'NONE', *, *, #500, .T. ) ;
#2478 = VECTOR ( 'NONE', #918, 1000.000000000000000 ) ;
#2479 = DIRECTION ( 'NONE',  ( 1.000000000000000000, 0.000000000000000000, 0.000000000000000000 ) ) ;
#2480 = ORIENTED_EDGE ( 'NONE', *, *, #2583, .T. ) ;
#2481 = DIRECTION ( 'NONE',  ( 1.000000000000000000, -0.000000000000000000, -0.000000000000000000 ) ) ;
#2482 = CARTESIAN_POINT ( 'NONE',  ( -1.874999999999999778, -0.002000000000000000042, -2.444104669911663752 ) ) ;
#2483 = DIRECTION ( 'NONE',  ( -0.000000000000000000, -1.000000000000000000, -0.000000000000000000 ) ) ;
#2484 = DIRECTION ( 'NONE',  ( 0.000000000000000000, -0.000000000000000000, -1.000000000000000000 ) ) ;
#2485 = ADVANCED_FACE ( 'NONE', ( #650, #2647 ), #383, .T. ) ;
#2486 = CARTESIAN_POINT ( 'NONE',  ( -1.874999999999999778, 0.000000000000000000, 2.075000000000000622 ) ) ;
#2487 = ADVANCED_FACE ( 'NONE', ( #157 ), #3127, .F. ) ;
#2488 = PLANE ( 'NONE',  #1028 ) ;
#2489 = VERTEX_POINT ( 'NONE', #369 ) ;
#2490 = ORIENTED_EDGE ( 'NONE', *, *, #691, .T. ) ;
#2491 = DIRECTION ( 'NONE',  ( 0.000000000000000000, -0.000000000000000000, 1.000000000000000000 ) ) ;
#2492 = CARTESIAN_POINT ( 'NONE',  ( 1.324999999999999734, -0.002000000000000000042, -1.524999999999999467 ) ) ;
#2493 = ORIENTED_EDGE ( 'NONE', *, *, #304, .T. ) ;
#2494 = CARTESIAN_POINT ( 'NONE',  ( 1.324999999999999734, -0.002000000000000000042, 2.325000000000000622 ) ) ;
#2495 = DIRECTION ( 'NONE',  ( 1.000000000000000000, -0.000000000000000000, -0.000000000000000000 ) ) ;
#2496 = PLANE ( 'NONE',  #1134 ) ;
#2497 = CARTESIAN_POINT ( 'NONE',  ( -1.875000000000000000, 0.000000000000000000, -0.9749999999999993117 ) ) ;
#2498 = DIRECTION ( 'NONE',  ( -8.673617379884027583E-16, 0.000000000000000000, -1.000000000000000000 ) ) ;
#2499 = EDGE_CURVE ( 'NONE', #2258, #2337, #1894, .T. ) ;
#2500 = VERTEX_POINT ( 'NONE', #671 ) ;
#2501 = PLANE ( 'NONE',  #3194 ) ;
#2502 = DIRECTION ( 'NONE',  ( -0.000000000000000000, 1.000000000000000000, -0.000000000000000000 ) ) ;
#2503 = MECHANICAL_DESIGN_GEOMETRIC_PRESENTATION_REPRESENTATION (  '', ( #238 ), #1325 ) ;
#2504 = CARTESIAN_POINT ( 'NONE',  ( 1.874999999999999778, -0.002000000000000000042, 1.525000000000000355 ) ) ;
#2505 = AXIS2_PLACEMENT_3D ( 'NONE', #1738, #222, #483 ) ;
#2506 = VECTOR ( 'NONE', #1089, 1000.000000000000000 ) ;
#2507 = CARTESIAN_POINT ( 'NONE',  ( -1.324999999999999734, -0.002000000000000000042, -1.524999999999999467 ) ) ;
#2508 = CARTESIAN_POINT ( 'NONE',  ( 1.324999999999999734, -0.002000000000000000042, 0.6750000000000007105 ) ) ;
#2509 = SURFACE_STYLE_USAGE ( .BOTH. , #495 ) ;
#2510 = DIRECTION ( 'NONE',  ( 1.000000000000000000, -0.000000000000000000, -0.000000000000000000 ) ) ;
#2511 = AXIS2_PLACEMENT_3D ( 'NONE', #3177, #668, #1648 ) ;
#2512 = ADVANCED_FACE ( 'NONE', ( #225 ), #237, .F. ) ;
#2513 = CARTESIAN_POINT ( 'NONE',  ( -1.874999999999999778, 0.000000000000000000, -2.402523876974400174 ) ) ;
#2514 = AXIS2_PLACEMENT_3D ( 'NONE', #561, #2826, #2336 ) ;
#2515 = ORIENTED_EDGE ( 'NONE', *, *, #2189, .F. ) ;
#2516 = DIRECTION ( 'NONE',  ( -1.000000000000000000, 0.000000000000000000, 0.000000000000000000 ) ) ;
#2517 = VECTOR ( 'NONE', #1433, 1000.000000000000000 ) ;
#2518 = FACE_OUTER_BOUND ( 'NONE', #2983, .T. ) ;
#2519 = VECTOR ( 'NONE', #3027, 1000.000000000000000 ) ;
#2520 = EDGE_LOOP ( 'NONE', ( #2144, #1677, #232, #2797 ) ) ;
#2521 = DIRECTION ( 'NONE',  ( -8.673617379884027583E-16, -0.000000000000000000, 1.000000000000000000 ) ) ;
#2522 = EDGE_CURVE ( 'NONE', #59, #2913, #193, .T. ) ;
#2523 = ORIENTED_EDGE ( 'NONE', *, *, #1916, .F. ) ;
#2524 = CARTESIAN_POINT ( 'NONE',  ( 1.324999999999999512, -0.002000000000000000042, -2.324999999999999734 ) ) ;
#2525 = CARTESIAN_POINT ( 'NONE',  ( -1.324999999999999512, 0.000000000000000000, -2.374999999999999556 ) ) ;
#2526 = ORIENTED_EDGE ( 'NONE', *, *, #1886, .F. ) ;
#2527 = DIRECTION ( 'NONE',  ( -0.000000000000000000, 1.000000000000000000, 0.000000000000000000 ) ) ;
#2528 = VERTEX_POINT ( 'NONE', #432 ) ;
#2529 = DIRECTION ( 'NONE',  ( -0.000000000000000000, 1.000000000000000000, -0.000000000000000000 ) ) ;
#2530 = LINE ( 'NONE', #1256, #3269 ) ;
#2531 = VERTEX_POINT ( 'NONE', #1699 ) ;
#2532 = ORIENTED_EDGE ( 'NONE', *, *, #2678, .T. ) ;
#2533 = FACE_OUTER_BOUND ( 'NONE', #2594, .T. ) ;
#2534 = DIRECTION ( 'NONE',  ( 1.000000000000000000, 0.000000000000000000, 0.000000000000000000 ) ) ;
#2535 = CARTESIAN_POINT ( 'NONE',  ( 1.324999999999999734, -0.002000000000000000042, -2.074999999999999734 ) ) ;
#2536 = DIRECTION ( 'NONE',  ( -1.000000000000000000, -0.000000000000000000, -0.000000000000000000 ) ) ;
#2537 = EDGE_CURVE ( 'NONE', #926, #1327, #689, .T. ) ;
#2538 = ORIENTED_EDGE ( 'NONE', *, *, #2424, .F. ) ;
#2539 = ADVANCED_FACE ( 'NONE', ( #1671 ), #2488, .F. ) ;
#2540 = ADVANCED_FACE ( 'NONE', ( #2241 ), #3268, .F. ) ;
#2541 = LINE ( 'NONE', #2264, #132 ) ;
#2542 = FACE_OUTER_BOUND ( 'NONE', #2220, .T. ) ;
#2543 = ORIENTED_EDGE ( 'NONE', *, *, #1621, .F. ) ;
#2544 = PLANE ( 'NONE',  #1400 ) ;
#2545 = ORIENTED_EDGE ( 'NONE', *, *, #614, .T. ) ;
#2546 = PLANE ( 'NONE',  #1376 ) ;
#2547 = DIRECTION ( 'NONE',  ( 1.000000000000000000, 0.000000000000000000, -8.673617379884028570E-16 ) ) ;
#2548 = ORIENTED_EDGE ( 'NONE', *, *, #1884, .F. ) ;
#2549 = UNCERTAINTY_MEASURE_WITH_UNIT (LENGTH_MEASURE( 1.000000000000000082E-05 ), #1291, 'distance_accuracy_value', 'NONE');
#2550 = EDGE_LOOP ( 'NONE', ( #958, #1328, #31, #492 ) ) ;
#2551 =( LENGTH_UNIT ( ) NAMED_UNIT ( * ) SI_UNIT ( .MILLI., .METRE. ) );
#2552 = CARTESIAN_POINT ( 'NONE',  ( -1.324999999999999734, -0.002000000000000000042, -2.124999999999999112 ) ) ;
#2553 = VECTOR ( 'NONE', #3182, 1000.000000000000000 ) ;
#2554 = CARTESIAN_POINT ( 'NONE',  ( -1.324999999999999734, 0.000000000000000000, 1.225000000000000533 ) ) ;
#2555 = ORIENTED_EDGE ( 'NONE', *, *, #582, .F. ) ;
#2556 = DIRECTION ( 'NONE',  ( 0.000000000000000000, 0.000000000000000000, 1.000000000000000000 ) ) ;
#2557 = VECTOR ( 'NONE', #2749, 1000.000000000000000 ) ;
#2558 = DIRECTION ( 'NONE',  ( 0.000000000000000000, -1.000000000000000000, 0.000000000000000000 ) ) ;
#2559 = EDGE_CURVE ( 'NONE', #1244, #3211, #2173, .T. ) ;
#2560 = AXIS2_PLACEMENT_3D ( 'NONE', #1445, #1218, #3262 ) ;
#2561 = VERTEX_POINT ( 'NONE', #212 ) ;
#2562 = CARTESIAN_POINT ( 'NONE',  ( -1.875000000000000000, -0.002000000000000000042, 1.775000000000000577 ) ) ;
#2563 = VERTEX_POINT ( 'NONE', #1200 ) ;
#2564 = DIRECTION ( 'NONE',  ( 0.000000000000000000, -0.000000000000000000, 1.000000000000000000 ) ) ;
#2565 = VECTOR ( 'NONE', #2674, 1000.000000000000000 ) ;
#2566 =( NAMED_UNIT ( * ) SI_UNIT ( $, .STERADIAN. ) SOLID_ANGLE_UNIT ( ) );
#2567 = EDGE_CURVE ( 'NONE', #2461, #2085, #3235, .T. ) ;
#2568 = CARTESIAN_POINT ( 'NONE',  ( 0.000000000000000000, -0.002000000000000000042, 0.000000000000000000 ) ) ;
#2569 = VECTOR ( 'NONE', #504, 1000.000000000000000 ) ;
#2570 = ORIENTED_EDGE ( 'NONE', *, *, #14, .T. ) ;
#2571 = FACE_OUTER_BOUND ( 'NONE', #1111, .T. ) ;
#2572 = MECHANICAL_DESIGN_GEOMETRIC_PRESENTATION_REPRESENTATION (  '', ( #355 ), #2680 ) ;
#2573 = DIRECTION ( 'NONE',  ( -0.000000000000000000, 0.000000000000000000, 1.000000000000000000 ) ) ;
#2574 = VERTEX_POINT ( 'NONE', #1212 ) ;
#2575 = EDGE_LOOP ( 'NONE', ( #1673, #2555, #389, #815 ) ) ;
#2576 = ORIENTED_EDGE ( 'NONE', *, *, #950, .F. ) ;
#2577 = EDGE_CURVE ( 'NONE', #3099, #2312, #1963, .T. ) ;
#2578 = DIRECTION ( 'NONE',  ( 1.000000000000000000, -0.000000000000000000, -0.000000000000000000 ) ) ;
#2579 = CARTESIAN_POINT ( 'NONE',  ( -1.324999999999999512, -0.002000000000000000042, -1.224999999999999423 ) ) ;
#2580 = ORIENTED_EDGE ( 'NONE', *, *, #2765, .F. ) ;
#2581 = DIRECTION ( 'NONE',  ( 8.673617379884027583E-16, 0.000000000000000000, -1.000000000000000000 ) ) ;
#2582 = SURFACE_STYLE_FILL_AREA ( #1225 ) ;
#2583 = EDGE_CURVE ( 'NONE', #2913, #2073, #3221, .T. ) ;
#2584 = UNCERTAINTY_MEASURE_WITH_UNIT (LENGTH_MEASURE( 1.000000000000000082E-05 ), #1769, 'distance_accuracy_value', 'NONE');
#2585 = FACE_OUTER_BOUND ( 'NONE', #2958, .T. ) ;
#2586 = EDGE_CURVE ( 'NONE', #2181, #929, #989, .T. ) ;
#2587 = CARTESIAN_POINT ( 'NONE',  ( -1.324999999999999734, -0.002000000000000000042, -0.4249999999999996003 ) ) ;
#2588 = DIRECTION ( 'NONE',  ( -0.000000000000000000, 1.000000000000000000, -0.000000000000000000 ) ) ;
#2589 = ORIENTED_EDGE ( 'NONE', *, *, #3144, .T. ) ;
#2590 = ORIENTED_EDGE ( 'NONE', *, *, #99, .F. ) ;
#2591 = DIRECTION ( 'NONE',  ( -0.000000000000000000, 1.000000000000000000, -0.000000000000000000 ) ) ;
#2592 = CARTESIAN_POINT ( 'NONE',  ( 1.324999999999999734, -0.002000000000000000042, -0.4249999999999996003 ) ) ;
#2593 = CARTESIAN_POINT ( 'NONE',  ( -1.875000000000000000, 0.000000000000000000, 0.1250000000000005551 ) ) ;
#2594 = EDGE_LOOP ( 'NONE', ( #809, #2068, #410, #2939 ) ) ;
#2595 = DIRECTION ( 'NONE',  ( -0.000000000000000000, -0.000000000000000000, 1.000000000000000000 ) ) ;
#2596 = CARTESIAN_POINT ( 'NONE',  ( 1.324999999999999512, -0.002000000000000000042, -1.774999999999999689 ) ) ;
#2597 =( NAMED_UNIT ( * ) SI_UNIT ( $, .STERADIAN. ) SOLID_ANGLE_UNIT ( ) );
#2598 = CARTESIAN_POINT ( 'NONE',  ( 1.324999999999999512, -0.002000000000000000042, 1.525000000000000355 ) ) ;
#2599 = EDGE_CURVE ( 'NONE', #948, #683, #2228, .T. ) ;
#2600 = CARTESIAN_POINT ( 'NONE',  ( 0.000000000000000000, -0.002000000000000000042, 0.000000000000000000 ) ) ;
#2601 = ORIENTED_EDGE ( 'NONE', *, *, #3081, .T. ) ;
#2602 = ORIENTED_EDGE ( 'NONE', *, *, #1050, .T. ) ;
#2603 = LINE ( 'NONE', #341, #3203 ) ;
#2604 = DIRECTION ( 'NONE',  ( 8.673617379884027583E-16, 0.000000000000000000, -1.000000000000000000 ) ) ;
#2605 = CARTESIAN_POINT ( 'NONE',  ( 1.324999999999999734, 0.000000000000000000, 2.325000000000000622 ) ) ;
#2606 = CIRCLE ( 'NONE', #1169, 0.04158079293726342496 ) ;
#2607 = CARTESIAN_POINT ( 'NONE',  ( -1.324999999999999734, -0.002000000000000000042, -0.9749999999999993117 ) ) ;
#2608 = ORIENTED_EDGE ( 'NONE', *, *, #1767, .F. ) ;
#2609 = DIRECTION ( 'NONE',  ( 0.000000000000000000, -1.000000000000000000, 0.000000000000000000 ) ) ;
#2610 = VECTOR ( 'NONE', #2195, 1000.000000000000000 ) ;
#2611 = UNCERTAINTY_MEASURE_WITH_UNIT (LENGTH_MEASURE( 1.000000000000000082E-05 ), #664, 'distance_accuracy_value', 'NONE');
#2612 = LINE ( 'NONE', #2139, #289 ) ;
#2613 = ADVANCED_FACE ( 'NONE', ( #720 ), #1720, .F. ) ;
#2614 = CARTESIAN_POINT ( 'NONE',  ( -1.874999999999999778, -0.002000000000000000042, -2.274999999999999467 ) ) ;
#2615 =( GEOMETRIC_REPRESENTATION_CONTEXT ( 3 ) GLOBAL_UNCERTAINTY_ASSIGNED_CONTEXT ( ( #333 ) ) GLOBAL_UNIT_ASSIGNED_CONTEXT ( ( #135, #1127, #1670 ) ) REPRESENTATION_CONTEXT ( 'NONE', 'WORKASPACE' ) );
#2616 = LINE ( 'NONE', #3128, #1497 ) ;
#2617 = VECTOR ( 'NONE', #2656, 1000.000000000000000 ) ;
#2618 = MECHANICAL_DESIGN_GEOMETRIC_PRESENTATION_REPRESENTATION (  '', ( #2677 ), #35 ) ;
#2619 = ORIENTED_EDGE ( 'NONE', *, *, #1800, .T. ) ;
#2620 = EDGE_LOOP ( 'NONE', ( #1280, #1910, #3020, #198 ) ) ;
#2621 = CARTESIAN_POINT ( 'NONE',  ( -1.324999999999999734, 0.000000000000000000, -2.124999999999999112 ) ) ;
#2622 = EDGE_CURVE ( 'NONE', #1039, #194, #1948, .T. ) ;
#2623 = AXIS2_PLACEMENT_3D ( 'NONE', #2419, #2347, #600 ) ;
#2624 = LINE ( 'NONE', #1087, #301 ) ;
#2625 = DIRECTION ( 'NONE',  ( -1.000000000000000000, 0.000000000000000000, -8.673617379884028570E-16 ) ) ;
#2626 = VECTOR ( 'NONE', #395, 1000.000000000000000 ) ;
#2627 = DIRECTION ( 'NONE',  ( 1.000000000000000000, 0.000000000000000000, 0.000000000000000000 ) ) ;
#2628 = DIRECTION ( 'NONE',  ( -0.000000000000000000, 1.000000000000000000, 0.000000000000000000 ) ) ;
#2629 = VECTOR ( 'NONE', #3153, 1000.000000000000000 ) ;
#2630 = LINE ( 'NONE', #1126, #2876 ) ;
#2631 = DIRECTION ( 'NONE',  ( 1.000000000000000000, 0.000000000000000000, 0.000000000000000000 ) ) ;
#2632 = DIRECTION ( 'NONE',  ( 8.673617379884027583E-16, -0.000000000000000000, 1.000000000000000000 ) ) ;
#2633 = ORIENTED_EDGE ( 'NONE', *, *, #3275, .T. ) ;
#2634 = ORIENTED_EDGE ( 'NONE', *, *, #1397, .F. ) ;
#2635 = ADVANCED_FACE ( 'NONE', ( #3251 ), #2435, .F. ) ;
#2636 = ORIENTED_EDGE ( 'NONE', *, *, #3188, .T. ) ;
#2637 = ORIENTED_EDGE ( 'NONE', *, *, #2746, .T. ) ;
#2638 = PLANE ( 'NONE',  #615 ) ;
#2639 = PLANE ( 'NONE',  #2514 ) ;
#2640 = EDGE_CURVE ( 'NONE', #353, #2085, #738, .T. ) ;
#2641 = DIRECTION ( 'NONE',  ( -1.000000000000000000, 0.000000000000000000, -0.000000000000000000 ) ) ;
#2642 = ADVANCED_FACE ( 'NONE', ( #2750 ), #485, .F. ) ;
#2643 = CARTESIAN_POINT ( 'NONE',  ( 1.875000000000000000, -0.002000000000000000042, -0.4249999999999996003 ) ) ;
#2644 = FACE_OUTER_BOUND ( 'NONE', #2756, .T. ) ;
#2645 = CARTESIAN_POINT ( 'NONE',  ( 1.875000000000000000, -0.002000000000000000042, 1.775000000000000577 ) ) ;
#2646 = CARTESIAN_POINT ( 'NONE',  ( 1.324999999999999734, -0.002000000000000000042, 2.325000000000000622 ) ) ;
#2647 = FACE_OUTER_BOUND ( 'NONE', #1700, .T. ) ;
#2648 = ORIENTED_EDGE ( 'NONE', *, *, #997, .T. ) ;
#2649 = CARTESIAN_POINT ( 'NONE',  ( -1.875000000000000000, 0.000000000000000000, 0.1250000000000005551 ) ) ;
#2650 = CARTESIAN_POINT ( 'NONE',  ( 1.324999999999999734, 0.000000000000000000, -1.524999999999999467 ) ) ;
#2651 = EDGE_LOOP ( 'NONE', ( #956, #965, #239, #2405 ) ) ;
#2652 = ORIENTED_EDGE ( 'NONE', *, *, #2804, .T. ) ;
#2653 = ORIENTED_EDGE ( 'NONE', *, *, #2691, .T. ) ;
#2654 = FACE_OUTER_BOUND ( 'NONE', #3225, .T. ) ;
#2655 = CARTESIAN_POINT ( 'NONE',  ( 1.874999999999999778, -0.002000000000000000042, 0.9750000000000004219 ) ) ;
#2656 = DIRECTION ( 'NONE',  ( -0.000000000000000000, 1.000000000000000000, -0.000000000000000000 ) ) ;
#2657 = DIRECTION ( 'NONE',  ( -1.000000000000000000, 0.000000000000000000, 8.673617379884028570E-16 ) ) ;
#2658 = STYLED_ITEM ( 'NONE', ( #473 ), #162 ) ;
#2659 = LINE ( 'NONE', #1107, #3032 ) ;
#2660 = CARTESIAN_POINT ( 'NONE',  ( -1.324999999999999734, -0.002000000000000000042, -2.124999999999999112 ) ) ;
#2661 = ORIENTED_EDGE ( 'NONE', *, *, #1523, .T. ) ;
#2662 = VECTOR ( 'NONE', #2510, 1000.000000000000000 ) ;
#2663 = EDGE_CURVE ( 'NONE', #911, #1584, #2812, .T. ) ;
#2664 = DIRECTION ( 'NONE',  ( 8.673617379884027583E-16, 0.000000000000000000, -1.000000000000000000 ) ) ;
#2665 = EDGE_LOOP ( 'NONE', ( #1526, #1154, #3234, #1807 ) ) ;
#2666 = VECTOR ( 'NONE', #1576, 1000.000000000000000 ) ;
#2667 = ORIENTED_EDGE ( 'NONE', *, *, #1667, .T. ) ;
#2668 = DIRECTION ( 'NONE',  ( 8.673617379884027583E-16, 0.000000000000000000, -1.000000000000000000 ) ) ;
#2669 = VECTOR ( 'NONE', #791, 1000.000000000000000 ) ;
#2670 = ORIENTED_EDGE ( 'NONE', *, *, #461, .T. ) ;
#2671 = EDGE_LOOP ( 'NONE', ( #1345, #3223, #1513, #324 ) ) ;
#2672 = VECTOR ( 'NONE', #2177, 1000.000000000000000 ) ;
#2673 = ORIENTED_EDGE ( 'NONE', *, *, #2849, .F. ) ;
#2674 = DIRECTION ( 'NONE',  ( -1.000000000000000000, 0.000000000000000000, 0.000000000000000000 ) ) ;
#2675 = CARTESIAN_POINT ( 'NONE',  ( -1.874999999999999778, 0.000000000000000000, 1.525000000000000355 ) ) ;
#2676 = LINE ( 'NONE', #1140, #2096 ) ;
#2677 = STYLED_ITEM ( 'NONE', ( #996 ), #2030 ) ;
#2678 = EDGE_CURVE ( 'NONE', #2399, #1556, #2326, .T. ) ;
#2679 = DIRECTION ( 'NONE',  ( 1.000000000000000000, 0.000000000000000000, 0.000000000000000000 ) ) ;
#2680 =( GEOMETRIC_REPRESENTATION_CONTEXT ( 3 ) GLOBAL_UNCERTAINTY_ASSIGNED_CONTEXT ( ( #37 ) ) GLOBAL_UNIT_ASSIGNED_CONTEXT ( ( #2551, #1018, #3048 ) ) REPRESENTATION_CONTEXT ( 'NONE', 'WORKASPACE' ) );
#2681 = LINE ( 'NONE', #1643, #2032 ) ;
#2682 = LINE ( 'NONE', #2966, #16 ) ;
#2683 = AXIS2_PLACEMENT_3D ( 'NONE', #2063, #2271, #812 ) ;
#2684 = EDGE_CURVE ( 'NONE', #2853, #683, #832, .T. ) ;
#2685 = PLANE ( 'NONE',  #1173 ) ;
#2686 = LINE ( 'NONE', #2380, #454 ) ;
#2687 = AXIS2_PLACEMENT_3D ( 'NONE', #1589, #3085, #824 ) ;
#2688 = DIRECTION ( 'NONE',  ( -8.673617379884027583E-16, -0.000000000000000000, 1.000000000000000000 ) ) ;
#2689 = VERTEX_POINT ( 'NONE', #1058 ) ;
#2690 = EDGE_CURVE ( 'NONE', #1374, #1456, #1545, .T. ) ;
#2691 = EDGE_CURVE ( 'NONE', #1181, #1492, #763, .T. ) ;
#2692 = CARTESIAN_POINT ( 'NONE',  ( -1.875000000000000000, 0.000000000000000000, 0.6750000000000007105 ) ) ;
#2693 = ORIENTED_EDGE ( 'NONE', *, *, #2392, .T. ) ;
#2694 = EDGE_LOOP ( 'NONE', ( #2257, #2889, #1131, #2708 ) ) ;
#2695 = CARTESIAN_POINT ( 'NONE',  ( 1.324999999999999734, 0.000000000000000000, -1.524999999999999467 ) ) ;
#2696 = ORIENTED_EDGE ( 'NONE', *, *, #1031, .F. ) ;
#2697 = SURFACE_STYLE_USAGE ( .BOTH. , #1460 ) ;
#2698 = DIRECTION ( 'NONE',  ( 8.673617379884027583E-16, 0.000000000000000000, -1.000000000000000000 ) ) ;
#2699 = SURFACE_STYLE_FILL_AREA ( #3175 ) ;
#2700 = CARTESIAN_POINT ( 'NONE',  ( 2.000000000000000000, 0.2999999999999999889, -2.499999999999999556 ) ) ;
#2701 = CARTESIAN_POINT ( 'NONE',  ( 1.875000000000000000, -0.002000000000000000042, -2.074999999999999734 ) ) ;
#2702 = EDGE_LOOP ( 'NONE', ( #2636, #2737, #723, #1949, #1983 ) ) ;
#2703 = DIRECTION ( 'NONE',  ( 1.000000000000000000, 0.000000000000000000, -0.000000000000000000 ) ) ;
#2704 = ORIENTED_EDGE ( 'NONE', *, *, #880, .T. ) ;
#2705 = ORIENTED_EDGE ( 'NONE', *, *, #769, .F. ) ;
#2706 = ADVANCED_FACE ( 'NONE', ( #1296 ), #2076, .F. ) ;
#2707 = ADVANCED_FACE ( 'NONE', ( #54 ), #1046, .F. ) ;
#2708 = ORIENTED_EDGE ( 'NONE', *, *, #2663, .T. ) ;
#2709 = EDGE_LOOP ( 'NONE', ( #1314, #2543, #1883, #2437 ) ) ;
#2710 = VERTEX_POINT ( 'NONE', #2795 ) ;
#2711 = LINE ( 'NONE', #457, #3038 ) ;
#2712 = EDGE_CURVE ( 'NONE', #947, #452, #517, .T. ) ;
#2713 = ORIENTED_EDGE ( 'NONE', *, *, #1277, .T. ) ;
#2714 = DIRECTION ( 'NONE',  ( -0.000000000000000000, 1.000000000000000000, -0.000000000000000000 ) ) ;
#2715 = CARTESIAN_POINT ( 'NONE',  ( 1.324999999999999734, 0.000000000000000000, 1.225000000000000533 ) ) ;
#2716 = CLOSED_SHELL ( 'NONE', ( #2802, #2126, #162, #2030, #3019, #2485, #2642, #1498, #36 ) ) ;
#2717 = ADVANCED_FACE ( 'NONE', ( #533 ), #568, .F. ) ;
#2718 = CARTESIAN_POINT ( 'NONE',  ( -2.000000000000000000, 0.2999999999999999889, 2.500000000000000444 ) ) ;
#2719 = DIRECTION ( 'NONE',  ( 1.000000000000000000, 0.000000000000000000, -8.673617379884028570E-16 ) ) ;
#2720 = VERTEX_POINT ( 'NONE', #266 ) ;
#2721 = CARTESIAN_POINT ( 'NONE',  ( 1.324999999999999734, 0.000000000000000000, 0.6750000000000007105 ) ) ;
#2722 = VECTOR ( 'NONE', #776, 1000.000000000000000 ) ;
#2723 = ORIENTED_EDGE ( 'NONE', *, *, #280, .F. ) ;
#2724 = DIRECTION ( 'NONE',  ( 8.673617379884027583E-16, -0.000000000000000000, 1.000000000000000000 ) ) ;
#2725 = VECTOR ( 'NONE', #326, 1000.000000000000000 ) ;
#2726 = EDGE_CURVE ( 'NONE', #1442, #1009, #253, .T. ) ;
#2727 = VECTOR ( 'NONE', #634, 1000.000000000000000 ) ;
#2728 = EDGE_CURVE ( 'NONE', #2890, #509, #1242, .T. ) ;
#2729 = CARTESIAN_POINT ( 'NONE',  ( -1.324999999999999734, -0.002000000000000000042, 1.775000000000000577 ) ) ;
#2730 = COLOUR_RGB ( '',0.1098039215686274495, 0.1098039215686274495, 0.1098039215686274495 ) ;
#2731 = FACE_OUTER_BOUND ( 'NONE', #1743, .T. ) ;
#2732 = LINE ( 'NONE', #2929, #2740 ) ;
#2733 = VECTOR ( 'NONE', #1332, 1000.000000000000000 ) ;
#2734 = CARTESIAN_POINT ( 'NONE',  ( -1.324999999999999734, 0.000000000000000000, 0.1250000000000005551 ) ) ;
#2735 = DIRECTION ( 'NONE',  ( -0.000000000000000000, 1.000000000000000000, 0.000000000000000000 ) ) ;
#2736 = VECTOR ( 'NONE', #1631, 1000.000000000000000 ) ;
#2737 = ORIENTED_EDGE ( 'NONE', *, *, #1591, .T. ) ;
#2738 = VERTEX_POINT ( 'NONE', #2778 ) ;
#2739 = PLANE ( 'NONE',  #1761 ) ;
#2740 = VECTOR ( 'NONE', #1474, 1000.000000000000000 ) ;
#2741 = FILL_AREA_STYLE_COLOUR ( '', #1336 ) ;
#2742 =( GEOMETRIC_REPRESENTATION_CONTEXT ( 3 ) GLOBAL_UNCERTAINTY_ASSIGNED_CONTEXT ( ( #2078 ) ) GLOBAL_UNIT_ASSIGNED_CONTEXT ( ( #562, #2254, #2774 ) ) REPRESENTATION_CONTEXT ( 'NONE', 'WORKASPACE' ) );
#2743 = CARTESIAN_POINT ( 'NONE',  ( 0.000000000000000000, -0.002000000000000000042, 0.000000000000000000 ) ) ;
#2744 = EDGE_CURVE ( 'NONE', #863, #2399, #2530, .T. ) ;
#2745 = DIRECTION ( 'NONE',  ( 8.673617379884027583E-16, -0.000000000000000000, 1.000000000000000000 ) ) ;
#2746 = EDGE_CURVE ( 'NONE', #1009, #2689, #2414, .T. ) ;
#2747 = DIRECTION ( 'NONE',  ( -8.673617379884027583E-16, 0.000000000000000000, -1.000000000000000000 ) ) ;
#2748 = ADVANCED_FACE ( 'NONE', ( #3090 ), #83, .F. ) ;
#2749 = DIRECTION ( 'NONE',  ( -1.000000000000000000, 0.000000000000000000, 0.000000000000000000 ) ) ;
#2750 = FACE_OUTER_BOUND ( 'NONE', #1546, .T. ) ;
#2751 = ORIENTED_EDGE ( 'NONE', *, *, #626, .T. ) ;
#2752 = ORIENTED_EDGE ( 'NONE', *, *, #2147, .F. ) ;
#2753 = DIRECTION ( 'NONE',  ( -0.000000000000000000, 1.000000000000000000, -0.000000000000000000 ) ) ;
#2754 = ORIENTED_EDGE ( 'NONE', *, *, #2567, .T. ) ;
#2755 = DIRECTION ( 'NONE',  ( -0.000000000000000000, 0.000000000000000000, 1.000000000000000000 ) ) ;
#2756 = EDGE_LOOP ( 'NONE', ( #2275, #2418, #545, #60 ) ) ;
#2757 = LINE ( 'NONE', #2871, #1384 ) ;
#2758 = PLANE ( 'NONE',  #1872 ) ;
#2759 = CARTESIAN_POINT ( 'NONE',  ( -1.874999999999999778, 0.000000000000000000, -2.402523876974400174 ) ) ;
#2760 = CARTESIAN_POINT ( 'NONE',  ( 1.875000000000000000, -0.002000000000000000042, 0.6750000000000007105 ) ) ;
#2761 = DIRECTION ( 'NONE',  ( 8.673617379884027583E-16, -0.000000000000000000, 1.000000000000000000 ) ) ;
#2762 = ORIENTED_EDGE ( 'NONE', *, *, #3066, .F. ) ;
#2763 = VERTEX_POINT ( 'NONE', #2596 ) ;
#2764 = FACE_OUTER_BOUND ( 'NONE', #1937, .T. ) ;
#2765 = EDGE_CURVE ( 'NONE', #3071, #452, #1611, .T. ) ;
#2766 = DIRECTION ( 'NONE',  ( 8.673617379884027583E-16, -0.000000000000000000, 1.000000000000000000 ) ) ;
#2767 = VECTOR ( 'NONE', #3092, 1000.000000000000000 ) ;
#2768 = LINE ( 'NONE', #1787, #722 ) ;
#2769 = EDGE_CURVE ( 'NONE', #3169, #3061, #2850, .T. ) ;
#2770 = ORIENTED_EDGE ( 'NONE', *, *, #2146, .F. ) ;
#2771 = VECTOR ( 'NONE', #2341, 1000.000000000000000 ) ;
#2772 = CARTESIAN_POINT ( 'NONE',  ( 1.874999999999999778, -0.002000000000000000042, -0.6749999999999998224 ) ) ;
#2773 = DIRECTION ( 'NONE',  ( 1.000000000000000000, 0.000000000000000000, -0.000000000000000000 ) ) ;
#2774 =( NAMED_UNIT ( * ) SI_UNIT ( $, .STERADIAN. ) SOLID_ANGLE_UNIT ( ) );
#2775 = STYLED_ITEM ( 'NONE', ( #2932 ), #1519 ) ;
#2776 = CARTESIAN_POINT ( 'NONE',  ( -1.875000000000000000, 0.000000000000000000, 1.775000000000000577 ) ) ;
#2777 = STYLED_ITEM ( 'NONE', ( #290 ), #1642 ) ;
#2778 = CARTESIAN_POINT ( 'NONE',  ( -1.324999999999999734, 0.000000000000000000, -0.9749999999999993117 ) ) ;
#2779 = VECTOR ( 'NONE', #1572, 1000.000000000000000 ) ;
#2780 = ORIENTED_EDGE ( 'NONE', *, *, #569, .T. ) ;
#2781 = PLANE ( 'NONE',  #2178 ) ;
#2782 = EDGE_CURVE ( 'NONE', #509, #2421, #1337, .T. ) ;
#2783 = DIRECTION ( 'NONE',  ( -8.673617379884028570E-16, 0.000000000000000000, -1.000000000000000000 ) ) ;
#2784 = ADVANCED_FACE ( 'NONE', ( #871 ), #616, .F. ) ;
#2785 = AXIS2_PLACEMENT_3D ( 'NONE', #2513, #305, #1512 ) ;
#2786 = FACE_OUTER_BOUND ( 'NONE', #540, .T. ) ;
#2787 = ORIENTED_EDGE ( 'NONE', *, *, #3260, .F. ) ;
#2788 = CARTESIAN_POINT ( 'NONE',  ( 1.874999999999999778, 0.000000000000000000, -1.774999999999999689 ) ) ;
#2789 = LINE ( 'NONE', #2306, #2409 ) ;
#2790 = CARTESIAN_POINT ( 'NONE',  ( 1.324999999999999734, 0.000000000000000000, 0.6750000000000007105 ) ) ;
#2791 = FACE_OUTER_BOUND ( 'NONE', #2957, .T. ) ;
#2792 = ORIENTED_EDGE ( 'NONE', *, *, #2712, .T. ) ;
#2793 = LINE ( 'NONE', #810, #2825 ) ;
#2794 = ADVANCED_BREP_SHAPE_REPRESENTATION ( 'NIRSP31-DLARR', ( #2343, #175, #46 ), #1733 ) ;
#2795 = CARTESIAN_POINT ( 'NONE',  ( -1.874999999999999778, 0.000000000000000000, -0.6749999999999998224 ) ) ;
#2796 = ORIENTED_EDGE ( 'NONE', *, *, #2464, .T. ) ;
#2797 = ORIENTED_EDGE ( 'NONE', *, *, #2930, .T. ) ;
#2798 = ORIENTED_EDGE ( 'NONE', *, *, #2070, .T. ) ;
#2799 = FACE_BOUND ( 'NONE', #2845, .T. ) ;
#2800 = DIRECTION ( 'NONE',  ( 0.000000000000000000, -0.000000000000000000, 1.000000000000000000 ) ) ;
#2801 = CARTESIAN_POINT ( 'NONE',  ( 1.874999999999999778, 0.000000000000000000, 0.9750000000000004219 ) ) ;
#2802 = ADVANCED_FACE ( 'NONE', ( #3107 ), #1124, .F. ) ;
#2803 = DIRECTION ( 'NONE',  ( -1.000000000000000000, -0.000000000000000000, -0.000000000000000000 ) ) ;
#2804 = EDGE_CURVE ( 'NONE', #803, #3117, #91, .T. ) ;
#2805 = EDGE_LOOP ( 'NONE', ( #1469, #1162, #1637, #2263 ) ) ;
#2806 = PLANE ( 'NONE',  #1974 ) ;
#2807 = ADVANCED_FACE ( 'NONE', ( #378 ), #2095, .T. ) ;
#2808 = CARTESIAN_POINT ( 'NONE',  ( -1.875000000000000000, -0.002000000000000000042, 1.775000000000000577 ) ) ;
#2809 = CARTESIAN_POINT ( 'NONE',  ( -2.000000000000000000, 0.6999999999999999556, -2.499999999999999556 ) ) ;
#2810 = ORIENTED_EDGE ( 'NONE', *, *, #322, .F. ) ;
#2811 = LINE ( 'NONE', #2270, #2282 ) ;
#2812 = LINE ( 'NONE', #999, #2305 ) ;
#2813 = EDGE_CURVE ( 'NONE', #1450, #2890, #1578, .T. ) ;
#2814 = ORIENTED_EDGE ( 'NONE', *, *, #2049, .T. ) ;
#2815 = CARTESIAN_POINT ( 'NONE',  ( 0.000000000000000000, 0.000000000000000000, 0.000000000000000000 ) ) ;
#2816 = ORIENTED_EDGE ( 'NONE', *, *, #2249, .T. ) ;
#2817 = PRESENTATION_STYLE_ASSIGNMENT (( #2852 ) ) ;
#2818 = FACE_OUTER_BOUND ( 'NONE', #2200, .T. ) ;
#2819 = VECTOR ( 'NONE', #1984, 1000.000000000000000 ) ;
#2820 = LINE ( 'NONE', #2492, #1022 ) ;
#2821 = STYLED_ITEM ( 'NONE', ( #1756 ), #175 ) ;
#2822 = ORIENTED_EDGE ( 'NONE', *, *, #1298, .T. ) ;
#2823 = EDGE_LOOP ( 'NONE', ( #2974, #3183, #1831, #216 ) ) ;
#2824 = CARTESIAN_POINT ( 'NONE',  ( -1.874999999999999778, -0.002000000000000000042, 0.4250000000000004885 ) ) ;
#2825 = VECTOR ( 'NONE', #532, 1000.000000000000000 ) ;
#2826 = DIRECTION ( 'NONE',  ( -1.000000000000000000, 0.000000000000000000, -8.673617379884028570E-16 ) ) ;
#2827 = EDGE_CURVE ( 'NONE', #509, #124, #1368, .T. ) ;
#2828 = DIRECTION ( 'NONE',  ( 0.000000000000000000, 0.000000000000000000, -1.000000000000000000 ) ) ;
#2829 = AXIS2_PLACEMENT_3D ( 'NONE', #2056, #1485, #316 ) ;
#2830 = EDGE_LOOP ( 'NONE', ( #2384, #93, #2243, #438 ) ) ;
#2831 = ADVANCED_FACE ( 'NONE', ( #1323 ), #1854, .F. ) ;
#2832 = DIRECTION ( 'NONE',  ( -0.000000000000000000, 1.000000000000000000, -0.000000000000000000 ) ) ;
#2833 = VECTOR ( 'NONE', #1518, 1000.000000000000000 ) ;
#2834 = DIRECTION ( 'NONE',  ( -0.000000000000000000, -1.000000000000000000, -0.000000000000000000 ) ) ;
#2835 = CARTESIAN_POINT ( 'NONE',  ( 1.874999999999999778, -0.002000000000000000042, -2.324999999999999734 ) ) ;
#2836 = DIRECTION ( 'NONE',  ( 1.000000000000000000, 0.000000000000000000, -8.673617379884028570E-16 ) ) ;
#2837 = VECTOR ( 'NONE', #734, 1000.000000000000000 ) ;
#2838 = CARTESIAN_POINT ( 'NONE',  ( -1.874999999999999778, 0.000000000000000000, -1.224999999999999423 ) ) ;
#2839 = VECTOR ( 'NONE', #2261, 1000.000000000000000 ) ;
#2840 = AXIS2_PLACEMENT_3D ( 'NONE', #1803, #3012, #1993 ) ;
#2841 = ORIENTED_EDGE ( 'NONE', *, *, #1841, .T. ) ;
#2842 = VERTEX_POINT ( 'NONE', #2377 ) ;
#2843 = DIRECTION ( 'NONE',  ( 1.000000000000000000, 0.000000000000000000, 0.000000000000000000 ) ) ;
#2844 = LINE ( 'NONE', #2321, #1815 ) ;
#2845 = EDGE_LOOP ( 'NONE', ( #3242, #435, #1115, #122 ) ) ;
#2846 = DIRECTION ( 'NONE',  ( -0.000000000000000000, 1.000000000000000000, -0.000000000000000000 ) ) ;
#2847 = ORIENTED_EDGE ( 'NONE', *, *, #1322, .F. ) ;
#2848 = LINE ( 'NONE', #1321, #2771 ) ;
#2849 = EDGE_CURVE ( 'NONE', #1650, #501, #1388, .T. ) ;
#2850 = LINE ( 'NONE', #598, #412 ) ;
#2851 = CARTESIAN_POINT ( 'NONE',  ( -1.324999999999999512, 0.000000000000000000, -0.6749999999999998224 ) ) ;
#2852 = SURFACE_STYLE_USAGE ( .BOTH. , #2081 ) ;
#2853 = VERTEX_POINT ( 'NONE', #2365 ) ;
#2854 = ORIENTED_EDGE ( 'NONE', *, *, #1371, .F. ) ;
#2855 = FACE_OUTER_BOUND ( 'NONE', #2709, .T. ) ;
#2856 = LINE ( 'NONE', #3119, #928 ) ;
#2857 = DIRECTION ( 'NONE',  ( 1.000000000000000000, 0.000000000000000000, 0.000000000000000000 ) ) ;
#2858 = DIRECTION ( 'NONE',  ( 1.000000000000000000, 0.000000000000000000, 0.000000000000000000 ) ) ;
#2859 = EDGE_CURVE ( 'NONE', #2046, #436, #2878, .T. ) ;
#2860 = DIRECTION ( 'NONE',  ( -1.000000000000000000, 0.000000000000000000, -0.000000000000000000 ) ) ;
#2861 = DIRECTION ( 'NONE',  ( 8.673617379884027583E-16, -0.000000000000000000, 1.000000000000000000 ) ) ;
#2862 = ORIENTED_EDGE ( 'NONE', *, *, #1339, .F. ) ;
#2863 = DIRECTION ( 'NONE',  ( -0.000000000000000000, 0.000000000000000000, -1.000000000000000000 ) ) ;
#2864 = ORIENTED_EDGE ( 'NONE', *, *, #119, .F. ) ;
#2865 = ORIENTED_EDGE ( 'NONE', *, *, #2599, .T. ) ;
#2866 = EDGE_CURVE ( 'NONE', #943, #503, #1873, .T. ) ;
#2867 = LINE ( 'NONE', #2650, #2672 ) ;
#2868 = VECTOR ( 'NONE', #2179, 1000.000000000000000 ) ;
#2869 = ORIENTED_EDGE ( 'NONE', *, *, #1483, .F. ) ;
#2870 = EDGE_LOOP ( 'NONE', ( #1691, #1644, #1741, #677 ) ) ;
#2871 = CARTESIAN_POINT ( 'NONE',  ( -1.324999999999999512, -0.002000000000000000042, -2.374999999999999556 ) ) ;
#2872 = COLOUR_RGB ( '',0.1019607843137254888, 0.1019607843137254888, 0.1019607843137254888 ) ;
#2873 = CARTESIAN_POINT ( 'NONE',  ( -1.582834611868862762, 0.6979999999999999538, -1.976800054911114657 ) ) ;
#2874 = ADVANCED_FACE ( 'NONE', ( #2644 ), #3156, .F. ) ;
#2875 = PLANE ( 'NONE',  #95 ) ;
#2876 = VECTOR ( 'NONE', #398, 1000.000000000000000 ) ;
#2877 = CARTESIAN_POINT ( 'NONE',  ( -1.874999999999999778, -0.002000000000000000042, -0.1249999999999996808 ) ) ;
#2878 = LINE ( 'NONE', #116, #1775 ) ;
#2879 = DIRECTION ( 'NONE',  ( 8.673617379884027583E-16, 0.000000000000000000, -1.000000000000000000 ) ) ;
#2880 = VECTOR ( 'NONE', #2376, 1000.000000000000000 ) ;
#2881 = LINE ( 'NONE', #2172, #451 ) ;
#2882 = DIRECTION ( 'NONE',  ( 0.7071067811865483499, 0.000000000000000000, -0.7071067811865467956 ) ) ;
#2883 = AXIS2_PLACEMENT_3D ( 'NONE', #2317, #155, #1355 ) ;
#2884 = PLANE ( 'NONE',  #617 ) ;
#2885 = EDGE_CURVE ( 'NONE', #59, #3058, #207, .T. ) ;
#2886 = VECTOR ( 'NONE', #1175, 1000.000000000000000 ) ;
#2887 = ADVANCED_FACE ( 'NONE', ( #3215 ), #1196, .F. ) ;
#2888 =( GEOMETRIC_REPRESENTATION_CONTEXT ( 3 ) GLOBAL_UNCERTAINTY_ASSIGNED_CONTEXT ( ( #1 ) ) GLOBAL_UNIT_ASSIGNED_CONTEXT ( ( #2165, #3172, #165 ) ) REPRESENTATION_CONTEXT ( 'NONE', 'WORKASPACE' ) );
#2889 = ORIENTED_EDGE ( 'NONE', *, *, #2903, .F. ) ;
#2890 = VERTEX_POINT ( 'NONE', #1429 ) ;
#2891 = DIRECTION ( 'NONE',  ( 0.000000000000000000, 0.000000000000000000, -1.000000000000000000 ) ) ;
#2892 = VECTOR ( 'NONE', #2498, 1000.000000000000000 ) ;
#2893 = CARTESIAN_POINT ( 'NONE',  ( 1.324999999999999512, -0.002000000000000000042, 0.9750000000000004219 ) ) ;
#2894 = AXIS2_PLACEMENT_3D ( 'NONE', #465, #1464, #2484 ) ;
#2895 = CARTESIAN_POINT ( 'NONE',  ( -1.324999999999999734, 0.000000000000000000, -0.4249999999999996003 ) ) ;
#2896 = DIRECTION ( 'NONE',  ( -0.000000000000000000, 1.000000000000000000, -0.000000000000000000 ) ) ;
#2897 = VECTOR ( 'NONE', #1193, 1000.000000000000000 ) ;
#2898 = EDGE_CURVE ( 'NONE', #977, #2561, #3232, .T. ) ;
#2899 = LINE ( 'NONE', #154, #1060 ) ;
#2900 = FACE_OUTER_BOUND ( 'NONE', #3236, .T. ) ;
#2901 = CARTESIAN_POINT ( 'NONE',  ( 1.324999999999999734, 0.000000000000000000, -2.074999999999999734 ) ) ;
#2902 = ORIENTED_EDGE ( 'NONE', *, *, #1104, .F. ) ;
#2903 = EDGE_CURVE ( 'NONE', #2444, #256, #1666, .T. ) ;
#2904 = LINE ( 'NONE', #3202, #1870 ) ;
#2905 = ORIENTED_EDGE ( 'NONE', *, *, #437, .F. ) ;
#2906 = EDGE_LOOP ( 'NONE', ( #2854, #67, #409, #2141 ) ) ;
#2907 = EDGE_CURVE ( 'NONE', #1556, #2369, #1976, .T. ) ;
#2908 = ORIENTED_EDGE ( 'NONE', *, *, #2765, .T. ) ;
#2909 = DIRECTION ( 'NONE',  ( -0.000000000000000000, 1.000000000000000000, -0.000000000000000000 ) ) ;
#2910 = LINE ( 'NONE', #1661, #1554 ) ;
#2911 = CARTESIAN_POINT ( 'NONE',  ( -1.324999999999999512, -0.002000000000000000042, -0.1249999999999996808 ) ) ;
#2912 = EDGE_CURVE ( 'NONE', #1914, #2046, #735, .T. ) ;
#2913 = VERTEX_POINT ( 'NONE', #1929 ) ;
#2914 = DIRECTION ( 'NONE',  ( 1.000000000000000000, 0.000000000000000000, -0.000000000000000000 ) ) ;
#2915 = DIRECTION ( 'NONE',  ( -1.000000000000000000, 0.000000000000000000, -8.673617379884028570E-16 ) ) ;
#2916 = LINE ( 'NONE', #848, #3034 ) ;
#2917 = DIRECTION ( 'NONE',  ( -0.000000000000000000, 1.000000000000000000, -0.000000000000000000 ) ) ;
#2918 = ORIENTED_EDGE ( 'NONE', *, *, #1435, .F. ) ;
#2919 = FILL_AREA_STYLE ('',( #1095 ) ) ;
#2920 = VERTEX_POINT ( 'NONE', #2967 ) ;
#2921 = PLANE ( 'NONE',  #248 ) ;
#2922 = DIRECTION ( 'NONE',  ( -0.000000000000000000, 1.000000000000000000, -0.000000000000000000 ) ) ;
#2923 = ORIENTED_EDGE ( 'NONE', *, *, #2907, .F. ) ;
#2924 = ORIENTED_EDGE ( 'NONE', *, *, #1737, .F. ) ;
#2925 = CARTESIAN_POINT ( 'NONE',  ( 1.875000000000000000, 0.000000000000000000, 2.325000000000000622 ) ) ;
#2926 = CARTESIAN_POINT ( 'NONE',  ( -1.875000000000000000, -0.002000000000000000042, 1.225000000000000533 ) ) ;
#2927 = EDGE_CURVE ( 'NONE', #1442, #3005, #2732, .T. ) ;
#2928 = LINE ( 'NONE', #1209, #2617 ) ;
#2929 = CARTESIAN_POINT ( 'NONE',  ( 1.874999999999999778, -0.002000000000000000042, 0.4250000000000004885 ) ) ;
#2930 = EDGE_CURVE ( 'NONE', #1690, #1403, #3249, .T. ) ;
#2931 = DIRECTION ( 'NONE',  ( 0.000000000000000000, -0.000000000000000000, 1.000000000000000000 ) ) ;
#2932 = PRESENTATION_STYLE_ASSIGNMENT (( #1412 ) ) ;
#2933 = VECTOR ( 'NONE', #3233, 1000.000000000000000 ) ;
#2934 = DIRECTION ( 'NONE',  ( -0.000000000000000000, 1.000000000000000000, 0.000000000000000000 ) ) ;
#2935 = EDGE_LOOP ( 'NONE', ( #2545, #752, #3068, #1064 ) ) ;
#2936 = ORIENTED_EDGE ( 'NONE', *, *, #3108, .T. ) ;
#2937 = DIRECTION ( 'NONE',  ( 8.673617379884027583E-16, -0.000000000000000000, 1.000000000000000000 ) ) ;
#2938 = AXIS2_PLACEMENT_3D ( 'NONE', #2087, #885, #2335 ) ;
#2939 = ORIENTED_EDGE ( 'NONE', *, *, #2051, .T. ) ;
#2940 = EDGE_LOOP ( 'NONE', ( #973, #1359, #1493, #2130 ) ) ;
#2941 = VECTOR ( 'NONE', #1195, 1000.000000000000000 ) ;
#2942 = ORIENTED_EDGE ( 'NONE', *, *, #3144, .F. ) ;
#2943 = LINE ( 'NONE', #1970, #2993 ) ;
#2944 = CARTESIAN_POINT ( 'NONE',  ( -1.874999999999999778, 0.000000000000000000, -2.274999999999999467 ) ) ;
#2945 = VECTOR ( 'NONE', #1008, 1000.000000000000000 ) ;
#2946 = ORIENTED_EDGE ( 'NONE', *, *, #2378, .F. ) ;
#2947 = DIRECTION ( 'NONE',  ( 1.000000000000000000, 0.000000000000000000, 0.000000000000000000 ) ) ;
#2948 = COLOUR_RGB ( '',0.1098039215686274495, 0.1098039215686274495, 0.1098039215686274495 ) ;
#2949 = DIRECTION ( 'NONE',  ( -0.000000000000000000, 1.000000000000000000, -0.000000000000000000 ) ) ;
#2950 = CARTESIAN_POINT ( 'NONE',  ( 1.324999999999999734, -0.002000000000000000042, 2.325000000000000622 ) ) ;
#2951 = VECTOR ( 'NONE', #2155, 1000.000000000000000 ) ;
#2952 = ADVANCED_FACE ( 'NONE', ( #1683 ), #2496, .F. ) ;
#2953 = DIRECTION ( 'NONE',  ( -1.000000000000000000, -0.000000000000000000, -0.000000000000000000 ) ) ;
#2954 = EDGE_CURVE ( 'NONE', #1969, #905, #235, .T. ) ;
#2955 = LINE ( 'NONE', #1685, #1023 ) ;
#2956 = DIRECTION ( 'NONE',  ( -0.000000000000000000, 1.000000000000000000, -0.000000000000000000 ) ) ;
#2957 = EDGE_LOOP ( 'NONE', ( #588, #655, #1549, #874 ) ) ;
#2958 = EDGE_LOOP ( 'NONE', ( #3179, #1919, #176, #1847 ) ) ;
#2959 =( NAMED_UNIT ( * ) PLANE_ANGLE_UNIT ( ) SI_UNIT ( $, .RADIAN. ) );
#2960 = VERTEX_POINT ( 'NONE', #3001 ) ;
#2961 = ORIENTED_EDGE ( 'NONE', *, *, #2907, .T. ) ;
#2962 = CARTESIAN_POINT ( 'NONE',  ( -2.000000000000000000, 0.2999999999999999889, -2.499999999999999556 ) ) ;
#2963 = DIRECTION ( 'NONE',  ( 1.000000000000000000, -0.000000000000000000, -0.000000000000000000 ) ) ;
#2964 = LINE ( 'NONE', #1926, #3200 ) ;
#2965 = DIRECTION ( 'NONE',  ( -1.000000000000000000, -0.000000000000000000, -0.000000000000000000 ) ) ;
#2966 = CARTESIAN_POINT ( 'NONE',  ( 1.324999999999999512, -0.002000000000000000042, -1.774999999999999689 ) ) ;
#2967 = CARTESIAN_POINT ( 'NONE',  ( 1.324999999999999512, 0.000000000000000000, 0.9750000000000004219 ) ) ;
#2968 = PLANE ( 'NONE',  #816 ) ;
#2969 = DIRECTION ( 'NONE',  ( 1.000000000000000000, 0.000000000000000000, -8.673617379884028570E-16 ) ) ;
#2970 = ORIENTED_EDGE ( 'NONE', *, *, #2331, .F. ) ;
#2971 = FILL_AREA_STYLE_COLOUR ( '', #1805 ) ;
#2972 = CARTESIAN_POINT ( 'NONE',  ( 1.874999999999999778, 0.000000000000000000, 2.075000000000000622 ) ) ;
#2973 = ADVANCED_FACE ( 'NONE', ( #444 ), #428, .F. ) ;
#2974 = ORIENTED_EDGE ( 'NONE', *, *, #2443, .T. ) ;
#2975 = ORIENTED_EDGE ( 'NONE', *, *, #1444, .T. ) ;
#2976 = CARTESIAN_POINT ( 'NONE',  ( 1.875000000000000000, 0.000000000000000000, 1.775000000000000577 ) ) ;
#2977 = CARTESIAN_POINT ( 'NONE',  ( -1.874999999999999778, 0.000000000000000000, 0.4250000000000004885 ) ) ;
#2978 = ORIENTED_EDGE ( 'NONE', *, *, #585, .T. ) ;
#2979 = DIRECTION ( 'NONE',  ( -1.000000000000000000, 0.000000000000000000, -0.000000000000000000 ) ) ;
#2980 = CARTESIAN_POINT ( 'NONE',  ( -1.324999999999999512, 0.000000000000000000, -1.224999999999999423 ) ) ;
#2981 = SURFACE_SIDE_STYLE ('',( #2699 ) ) ;
#2982 = DIRECTION ( 'NONE',  ( 1.000000000000000000, 0.000000000000000000, 0.000000000000000000 ) ) ;
#2983 = EDGE_LOOP ( 'NONE', ( #2978, #145, #1768, #1318 ) ) ;
#2984 = DIRECTION ( 'NONE',  ( -0.000000000000000000, 1.000000000000000000, -0.000000000000000000 ) ) ;
#2985 = ORIENTED_EDGE ( 'NONE', *, *, #3168, .T. ) ;
#2986 = AXIS2_PLACEMENT_3D ( 'NONE', #2760, #1947, #3266 ) ;
#2987 = SURFACE_STYLE_FILL_AREA ( #2428 ) ;
#2988 = VECTOR ( 'NONE', #2679, 1000.000000000000000 ) ;
#2989 = ORIENTED_EDGE ( 'NONE', *, *, #2499, .T. ) ;
#2990 = ORIENTED_EDGE ( 'NONE', *, *, #979, .T. ) ;
#2991 = ADVANCED_FACE ( 'NONE', ( #169 ), #2226, .F. ) ;
#2992 = DIRECTION ( 'NONE',  ( 1.000000000000000000, -0.000000000000000000, -0.000000000000000000 ) ) ;
#2993 = VECTOR ( 'NONE', #2481, 1000.000000000000000 ) ;
#2994 = EDGE_CURVE ( 'NONE', #683, #2853, #2040, .T. ) ;
#2995 = DIRECTION ( 'NONE',  ( -0.000000000000000000, 1.000000000000000000, -0.000000000000000000 ) ) ;
#2996 = AXIS2_PLACEMENT_3D ( 'NONE', #2433, #648, #1876 ) ;
#2997 = EDGE_LOOP ( 'NONE', ( #895, #1849, #3180, #1207 ) ) ;
#2998 =( LENGTH_UNIT ( ) NAMED_UNIT ( * ) SI_UNIT ( .MILLI., .METRE. ) );
#2999 = AXIS2_PLACEMENT_3D ( 'NONE', #3279, #3056, #2265 ) ;
#3000 = FACE_OUTER_BOUND ( 'NONE', #3166, .T. ) ;
#3001 = CARTESIAN_POINT ( 'NONE',  ( -1.875000000000000000, 0.000000000000000000, 1.775000000000000577 ) ) ;
#3002 = DIRECTION ( 'NONE',  ( -0.000000000000000000, 1.000000000000000000, -0.000000000000000000 ) ) ;
#3003 = DIRECTION ( 'NONE',  ( -8.673617379884028570E-16, 0.000000000000000000, -1.000000000000000000 ) ) ;
#3004 = ADVANCED_FACE ( 'NONE', ( #1010 ), #1270, .F. ) ;
#3005 = VERTEX_POINT ( 'NONE', #748 ) ;
#3006 = PLANE ( 'NONE',  #2018 ) ;
#3007 = AXIS2_PLACEMENT_3D ( 'NONE', #2809, #1762, #2828 ) ;
#3008 = EDGE_LOOP ( 'NONE', ( #2862, #1167, #1183, #1160 ) ) ;
#3009 = CARTESIAN_POINT ( 'NONE',  ( -1.874999999999999778, -0.002000000000000000042, 1.525000000000000355 ) ) ;
#3010 = PLANE ( 'NONE',  #2883 ) ;
#3011 = CARTESIAN_POINT ( 'NONE',  ( 1.875000000000000000, 0.000000000000000000, 0.6750000000000007105 ) ) ;
#3012 = DIRECTION ( 'NONE',  ( 1.000000000000000000, 0.000000000000000000, -8.673617379884028570E-16 ) ) ;
#3013 = ADVANCED_FACE ( 'NONE', ( #1026 ), #2544, .F. ) ;
#3014 = LINE ( 'NONE', #2432, #1808 ) ;
#3015 = DIRECTION ( 'NONE',  ( -0.000000000000000000, 1.000000000000000000, -0.000000000000000000 ) ) ;
#3016 = EDGE_LOOP ( 'NONE', ( #2493, #1027, #73, #2426 ) ) ;
#3017 = SURFACE_STYLE_USAGE ( .BOTH. , #1479 ) ;
#3018 = SURFACE_STYLE_FILL_AREA ( #2000 ) ;
#3019 = ADVANCED_FACE ( 'NONE', ( #513 ), #2004, .F. ) ;
#3020 = ORIENTED_EDGE ( 'NONE', *, *, #467, .F. ) ;
#3021 = CARTESIAN_POINT ( 'NONE',  ( 1.874999999999999778, -0.002000000000000000042, -0.1249999999999996808 ) ) ;
#3022 = SURFACE_STYLE_FILL_AREA ( #296 ) ;
#3023 = CARTESIAN_POINT ( 'NONE',  ( 0.000000000000000000, -0.002000000000000000042, 0.000000000000000000 ) ) ;
#3024 = ADVANCED_FACE ( 'NONE', ( #2791 ), #1253, .F. ) ;
#3025 = DIRECTION ( 'NONE',  ( -0.000000000000000000, 1.000000000000000000, -0.000000000000000000 ) ) ;
#3026 = EDGE_CURVE ( 'NONE', #852, #948, #886, .T. ) ;
#3027 = DIRECTION ( 'NONE',  ( 1.000000000000000000, 0.000000000000000000, 0.000000000000000000 ) ) ;
#3028 = ORIENTED_EDGE ( 'NONE', *, *, #2912, .T. ) ;
#3029 = ORIENTED_EDGE ( 'NONE', *, *, #2827, .F. ) ;
#3030 = FACE_BOUND ( 'NONE', #3008, .T. ) ;
#3031 = ORIENTED_EDGE ( 'NONE', *, *, #1978, .F. ) ;
#3032 = VECTOR ( 'NONE', #2121, 1000.000000000000000 ) ;
#3033 = LINE ( 'NONE', #993, #2833 ) ;
#3034 = VECTOR ( 'NONE', #1668, 1000.000000000000000 ) ;
#3035 = ORIENTED_EDGE ( 'NONE', *, *, #823, .F. ) ;
#3036 = CARTESIAN_POINT ( 'NONE',  ( 1.874999999999999778, -0.002000000000000000042, 0.9750000000000004219 ) ) ;
#3037 = FILL_AREA_STYLE_COLOUR ( '', #310 ) ;
#3038 = VECTOR ( 'NONE', #1659, 1000.000000000000000 ) ;
#3039 = ORIENTED_EDGE ( 'NONE', *, *, #2193, .F. ) ;
#3040 = DIRECTION ( 'NONE',  ( 1.000000000000000000, 0.000000000000000000, 0.000000000000000000 ) ) ;
#3041 = VECTOR ( 'NONE', #2169, 1000.000000000000000 ) ;
#3042 = SURFACE_SIDE_STYLE ('',( #2582 ) ) ;
#3043 = PRESENTATION_LAYER_ASSIGNMENT (  '', '', ( #2677 ) ) ;
#3044 = EDGE_CURVE ( 'NONE', #951, #1492, #278, .T. ) ;
#3045 = EDGE_CURVE ( 'NONE', #3130, #1315, #29, .T. ) ;
#3046 = ORIENTED_EDGE ( 'NONE', *, *, #1248, .F. ) ;
#3047 = AXIS2_PLACEMENT_3D ( 'NONE', #1301, #20, #2314 ) ;
#3048 =( NAMED_UNIT ( * ) SI_UNIT ( $, .STERADIAN. ) SOLID_ANGLE_UNIT ( ) );
#3049 = VECTOR ( 'NONE', #2747, 1000.000000000000000 ) ;
#3050 = ADVANCED_FACE ( 'NONE', ( #2237 ), #2041, .F. ) ;
#3051 = CARTESIAN_POINT ( 'NONE',  ( 1.875000000000000000, -0.002000000000000000042, 1.775000000000000577 ) ) ;
#3052 = DIRECTION ( 'NONE',  ( 8.673617379884027583E-16, -0.000000000000000000, 1.000000000000000000 ) ) ;
#3053 = VECTOR ( 'NONE', #3187, 1000.000000000000000 ) ;
#3054 = ORIENTED_EDGE ( 'NONE', *, *, #1732, .T. ) ;
#3055 = LINE ( 'NONE', #805, #556 ) ;
#3056 = DIRECTION ( 'NONE',  ( -1.000000000000000000, 0.000000000000000000, -8.673617379884028570E-16 ) ) ;
#3057 = CARTESIAN_POINT ( 'NONE',  ( 1.874999999999999778, -0.002000000000000000042, 1.525000000000000355 ) ) ;
#3058 = VERTEX_POINT ( 'NONE', #544 ) ;
#3059 = FACE_OUTER_BOUND ( 'NONE', #401, .T. ) ;
#3060 =( LENGTH_UNIT ( ) NAMED_UNIT ( * ) SI_UNIT ( .MILLI., .METRE. ) );
#3061 = VERTEX_POINT ( 'NONE', #1292 ) ;
#3062 = DIRECTION ( 'NONE',  ( -0.000000000000000000, 1.000000000000000000, 0.000000000000000000 ) ) ;
#3063 = FACE_OUTER_BOUND ( 'NONE', #574, .T. ) ;
#3064 = EDGE_CURVE ( 'NONE', #1619, #3117, #2307, .T. ) ;
#3065 = DIRECTION ( 'NONE',  ( 1.000000000000000000, 0.000000000000000000, 0.000000000000000000 ) ) ;
#3066 = EDGE_CURVE ( 'NONE', #1450, #1484, #986, .T. ) ;
#3067 = ORIENTED_EDGE ( 'NONE', *, *, #2954, .T. ) ;
#3068 = ORIENTED_EDGE ( 'NONE', *, *, #760, .F. ) ;
#3069 = DIRECTION ( 'NONE',  ( -0.000000000000000000, 1.000000000000000000, -0.000000000000000000 ) ) ;
#3070 = CARTESIAN_POINT ( 'NONE',  ( -2.000000000000000000, 0.6999999999999999556, 2.500000000000000444 ) ) ;
#3071 = VERTEX_POINT ( 'NONE', #363 ) ;
#3072 = ORIENTED_EDGE ( 'NONE', *, *, #2522, .F. ) ;
#3073 = DIRECTION ( 'NONE',  ( 8.673617379884028570E-16, 0.000000000000000000, -1.000000000000000000 ) ) ;
#3074 = EDGE_LOOP ( 'NONE', ( #877, #1719, #589, #1052 ) ) ;
#3075 = LINE ( 'NONE', #570, #1542 ) ;
#3076 = FACE_OUTER_BOUND ( 'NONE', #1356, .T. ) ;
#3077 = DIRECTION ( 'NONE',  ( -8.673617379884027583E-16, -0.000000000000000000, 1.000000000000000000 ) ) ;
#3078 = ORIENTED_EDGE ( 'NONE', *, *, #1860, .T. ) ;
#3079 = ORIENTED_EDGE ( 'NONE', *, *, #2167, .T. ) ;
#3080 = EDGE_CURVE ( 'NONE', #1165, #514, #1607, .T. ) ;
#3081 = EDGE_CURVE ( 'NONE', #2500, #694, #78, .T. ) ;
#3082 = CARTESIAN_POINT ( 'NONE',  ( -1.324999999999999734, -0.002000000000000000042, 2.325000000000000622 ) ) ;
#3083 = VECTOR ( 'NONE', #2075, 1000.000000000000000 ) ;
#3084 = DIRECTION ( 'NONE',  ( 1.000000000000000000, -0.000000000000000000, -0.000000000000000000 ) ) ;
#3085 = DIRECTION ( 'NONE',  ( 0.000000000000000000, 1.000000000000000000, 0.000000000000000000 ) ) ;
#3086 = AXIS2_PLACEMENT_3D ( 'NONE', #2119, #376, #2390 ) ;
#3087 = ORIENTED_EDGE ( 'NONE', *, *, #1277, .F. ) ;
#3088 = CARTESIAN_POINT ( 'NONE',  ( 1.875000000000000000, -0.002000000000000000042, 1.225000000000000533 ) ) ;
#3089 = VECTOR ( 'NONE', #2164, 1000.000000000000000 ) ;
#3090 = FACE_OUTER_BOUND ( 'NONE', #2054, .T. ) ;
#3091 = VECTOR ( 'NONE', #2698, 1000.000000000000000 ) ;
#3092 = DIRECTION ( 'NONE',  ( 1.000000000000000000, -0.000000000000000000, -0.000000000000000000 ) ) ;
#3093 = CARTESIAN_POINT ( 'NONE',  ( 1.875000000000000000, 0.000000000000000000, 0.6750000000000007105 ) ) ;
#3094 = VECTOR ( 'NONE', #149, 1000.000000000000000 ) ;
#3095 = ADVANCED_FACE ( 'NONE', ( #594 ), #127, .F. ) ;
#3096 = DIRECTION ( 'NONE',  ( 0.000000000000000000, 0.000000000000000000, 1.000000000000000000 ) ) ;
#3097 = AXIS2_PLACEMENT_3D ( 'NONE', #1110, #2934, #1844 ) ;
#3098 = PRESENTATION_LAYER_ASSIGNMENT (  '', '', ( #2248 ) ) ;
#3099 = VERTEX_POINT ( 'NONE', #317 ) ;
#3100 = ORIENTED_EDGE ( 'NONE', *, *, #337, .T. ) ;
#3101 = DIRECTION ( 'NONE',  ( -1.000000000000000000, 0.000000000000000000, 0.000000000000000000 ) ) ;
#3102 = DIRECTION ( 'NONE',  ( -1.000000000000000000, 0.000000000000000000, -0.000000000000000000 ) ) ;
#3103 = CARTESIAN_POINT ( 'NONE',  ( 1.324999999999999734, -0.002000000000000000042, 1.225000000000000533 ) ) ;
#3104 = CARTESIAN_POINT ( 'NONE',  ( 1.875000000000000000, 0.000000000000000000, -1.524999999999999467 ) ) ;
#3105 = ORIENTED_EDGE ( 'NONE', *, *, #1564, .T. ) ;
#3106 = DIRECTION ( 'NONE',  ( -1.000000000000000000, -0.000000000000000000, -0.000000000000000000 ) ) ;
#3107 = FACE_OUTER_BOUND ( 'NONE', #52, .T. ) ;
#3108 = EDGE_CURVE ( 'NONE', #2913, #943, #2118, .T. ) ;
#3109 = UNCERTAINTY_MEASURE_WITH_UNIT (LENGTH_MEASURE( 1.000000000000000082E-05 ), #1407, 'distance_accuracy_value', 'NONE');
#3110 = CARTESIAN_POINT ( 'NONE',  ( -1.324999999999999734, 0.000000000000000000, -0.9749999999999993117 ) ) ;
#3111 = ORIENTED_EDGE ( 'NONE', *, *, #670, .F. ) ;
#3112 = SURFACE_STYLE_FILL_AREA ( #2919 ) ;
#3113 = ORIENTED_EDGE ( 'NONE', *, *, #604, .T. ) ;
#3114 = SURFACE_STYLE_FILL_AREA ( #1551 ) ;
#3115 = ADVANCED_FACE ( 'NONE', ( #1333 ), #2375, .F. ) ;
#3116 = VERTEX_POINT ( 'NONE', #2893 ) ;
#3117 = VERTEX_POINT ( 'NONE', #112 ) ;
#3118 = PLANE ( 'NONE',  #1925 ) ;
#3119 = CARTESIAN_POINT ( 'NONE',  ( 2.000000000000000000, 0.2999999999999999889, -2.499999999999999556 ) ) ;
#3120 = DIRECTION ( 'NONE',  ( -8.673617379884027583E-16, 0.000000000000000000, -1.000000000000000000 ) ) ;
#3121 = CARTESIAN_POINT ( 'NONE',  ( 1.324999999999999734, -0.002000000000000000042, 0.1250000000000005551 ) ) ;
#3122 = CARTESIAN_POINT ( 'NONE',  ( -1.324999999999999512, -0.002000000000000000042, -0.6749999999999998224 ) ) ;
#3123 = EDGE_CURVE ( 'NONE', #1656, #1456, #1888, .T. ) ;
#3124 = CARTESIAN_POINT ( 'NONE',  ( -1.875000000000000000, -0.002000000000000000042, 0.6750000000000007105 ) ) ;
#3125 = EDGE_CURVE ( 'NONE', #2333, #710, #630, .T. ) ;
#3126 = CARTESIAN_POINT ( 'NONE',  ( -1.324999999999999734, 0.000000000000000000, 0.6750000000000007105 ) ) ;
#3127 = PLANE ( 'NONE',  #1874 ) ;
#3128 = CARTESIAN_POINT ( 'NONE',  ( -1.875000000000000000, -0.002000000000000000042, 1.225000000000000533 ) ) ;
#3129 = VECTOR ( 'NONE', #2441, 1000.000000000000000 ) ;
#3130 = VERTEX_POINT ( 'NONE', #3104 ) ;
#3131 = ORIENTED_EDGE ( 'NONE', *, *, #3080, .F. ) ;
#3132 = LINE ( 'NONE', #3151, #2289 ) ;
#3133 = CARTESIAN_POINT ( 'NONE',  ( 1.324999999999999512, -0.002000000000000000042, 0.9750000000000004219 ) ) ;
#3134 = CARTESIAN_POINT ( 'NONE',  ( 1.874999999999999778, 0.000000000000000000, 0.4250000000000004885 ) ) ;
#3135 = ORIENTED_EDGE ( 'NONE', *, *, #1298, .F. ) ;
#3136 = CARTESIAN_POINT ( 'NONE',  ( -1.324999999999999734, -0.002000000000000000042, 0.1250000000000005551 ) ) ;
#3137 = CARTESIAN_POINT ( 'NONE',  ( -1.875000000000000000, -0.002000000000000000042, -0.4249999999999996003 ) ) ;
#3138 = DIRECTION ( 'NONE',  ( 0.000000000000000000, -1.000000000000000000, 0.000000000000000000 ) ) ;
#3139 = AXIS2_PLACEMENT_3D ( 'NONE', #1482, #2755, #1772 ) ;
#3140 = CARTESIAN_POINT ( 'NONE',  ( 1.875000000000000000, -0.002000000000000000042, -0.4249999999999996003 ) ) ;
#3141 = LINE ( 'NONE', #2901, #3148 ) ;
#3142 = ORIENTED_EDGE ( 'NONE', *, *, #1972, .T. ) ;
#3143 = AXIS2_PLACEMENT_3D ( 'NONE', #2600, #335, #44 ) ;
#3144 = EDGE_CURVE ( 'NONE', #1636, #1897, #328, .T. ) ;
#3145 = DIRECTION ( 'NONE',  ( -0.000000000000000000, 1.000000000000000000, -0.000000000000000000 ) ) ;
#3146 = VECTOR ( 'NONE', #96, 1000.000000000000000 ) ;
#3147 = EDGE_CURVE ( 'NONE', #486, #1941, #2134, .T. ) ;
#3148 = VECTOR ( 'NONE', #1595, 1000.000000000000000 ) ;
#3149 = ORIENTED_EDGE ( 'NONE', *, *, #1811, .T. ) ;
#3150 = VERTEX_POINT ( 'NONE', #642 ) ;
#3151 = CARTESIAN_POINT ( 'NONE',  ( 1.875000000000000000, -0.002000000000000000042, -1.524999999999999467 ) ) ;
#3152 = VECTOR ( 'NONE', #174, 1000.000000000000000 ) ;
#3153 = DIRECTION ( 'NONE',  ( -1.000000000000000000, -0.000000000000000000, -0.000000000000000000 ) ) ;
#3154 =( GEOMETRIC_REPRESENTATION_CONTEXT ( 3 ) GLOBAL_UNCERTAINTY_ASSIGNED_CONTEXT ( ( #1310 ) ) GLOBAL_UNIT_ASSIGNED_CONTEXT ( ( #3060, #1782, #2566 ) ) REPRESENTATION_CONTEXT ( 'NONE', 'WORKASPACE' ) );
#3155 = LINE ( 'NONE', #844, #79 ) ;
#3156 = PLANE ( 'NONE',  #984 ) ;
#3157 = AXIS2_PLACEMENT_3D ( 'NONE', #1383, #3209, #3245 ) ;
#3158 = CARTESIAN_POINT ( 'NONE',  ( -1.874999999999999778, -0.002000000000000000042, 2.075000000000000622 ) ) ;
#3159 = LINE ( 'NONE', #118, #25 ) ;
#3160 = VERTEX_POINT ( 'NONE', #98 ) ;
#3161 = CARTESIAN_POINT ( 'NONE',  ( 1.324999999999999734, -0.002000000000000000042, 0.6750000000000007105 ) ) ;
#3162 = ORIENTED_EDGE ( 'NONE', *, *, #358, .T. ) ;
#3163 = ORIENTED_EDGE ( 'NONE', *, *, #437, .T. ) ;
#3164 = ORIENTED_EDGE ( 'NONE', *, *, #1788, .T. ) ;
#3165 = PLANE ( 'NONE',  #1718 ) ;
#3166 = EDGE_LOOP ( 'NONE', ( #924, #1711, #3276, #2792 ) ) ;
#3167 = VERTEX_POINT ( 'NONE', #1102 ) ;
#3168 = EDGE_CURVE ( 'NONE', #514, #3005, #344, .T. ) ;
#3169 = VERTEX_POINT ( 'NONE', #2072 ) ;
#3170 = CARTESIAN_POINT ( 'NONE',  ( -1.874999999999999778, -0.002000000000000000042, 2.075000000000000622 ) ) ;
#3171 = ADVANCED_FACE ( 'NONE', ( #2338 ), #1072, .F. ) ;
#3172 =( NAMED_UNIT ( * ) PLANE_ANGLE_UNIT ( ) SI_UNIT ( $, .RADIAN. ) );
#3173 = DIRECTION ( 'NONE',  ( -0.000000000000000000, 1.000000000000000000, -0.000000000000000000 ) ) ;
#3174 = CARTESIAN_POINT ( 'NONE',  ( 1.324999999999999734, 0.000000000000000000, -0.4249999999999996003 ) ) ;
#3175 = FILL_AREA_STYLE ('',( #1696 ) ) ;
#3176 = LINE ( 'NONE', #903, #2180 ) ;
#3177 = CARTESIAN_POINT ( 'NONE',  ( -1.875000000000000000, -0.002000000000000000042, -0.9749999999999993117 ) ) ;
#3178 = CARTESIAN_POINT ( 'NONE',  ( 2.000000000000000000, 0.6999999999999999556, 2.500000000000000444 ) ) ;
#3179 = ORIENTED_EDGE ( 'NONE', *, *, #1488, .T. ) ;
#3180 = ORIENTED_EDGE ( 'NONE', *, *, #1778, .F. ) ;
#3181 = CARTESIAN_POINT ( 'NONE',  ( -1.324999999999999512, -0.002000000000000000042, -2.374999999999999556 ) ) ;
#3182 = DIRECTION ( 'NONE',  ( -8.673617379884027583E-16, 0.000000000000000000, -1.000000000000000000 ) ) ;
#3183 = ORIENTED_EDGE ( 'NONE', *, *, #1172, .F. ) ;
#3184 = VERTEX_POINT ( 'NONE', #2091 ) ;
#3185 = PLANE ( 'NONE',  #1866 ) ;
#3186 = FACE_OUTER_BOUND ( 'NONE', #1996, .T. ) ;
#3187 = DIRECTION ( 'NONE',  ( -1.000000000000000000, 0.000000000000000000, 0.000000000000000000 ) ) ;
#3188 = EDGE_CURVE ( 'NONE', #1136, #1793, #2322, .T. ) ;
#3189 = ADVANCED_FACE ( 'NONE', ( #1836 ), #1362, .F. ) ;
#3190 = ORIENTED_EDGE ( 'NONE', *, *, #2287, .T. ) ;
#3191 = CARTESIAN_POINT ( 'NONE',  ( -1.875000000000000000, -0.002000000000000000042, 2.325000000000000622 ) ) ;
#3192 = CARTESIAN_POINT ( 'NONE',  ( -2.000000000000000000, 0.2999999999999999889, 2.500000000000000444 ) ) ;
#3193 = CARTESIAN_POINT ( 'NONE',  ( -2.000000000000000000, 0.2999999999999999889, -2.499999999999999556 ) ) ;
#3194 = AXIS2_PLACEMENT_3D ( 'NONE', #1453, #2516, #2259 ) ;
#3195 = DIRECTION ( 'NONE',  ( -1.000000000000000000, 0.000000000000000000, -8.673617379884028570E-16 ) ) ;
#3196 = CARTESIAN_POINT ( 'NONE',  ( 1.875000000000000000, -0.002000000000000000042, 0.1250000000000005551 ) ) ;
#3197 = ORIENTED_EDGE ( 'NONE', *, *, #2378, .T. ) ;
#3198 = DIRECTION ( 'NONE',  ( -1.000000000000000000, 0.000000000000000000, -0.000000000000000000 ) ) ;
#3199 = VERTEX_POINT ( 'NONE', #1821 ) ;
#3200 = VECTOR ( 'NONE', #2947, 1000.000000000000000 ) ;
#3201 = ORIENTED_EDGE ( 'NONE', *, *, #484, .F. ) ;
#3202 = CARTESIAN_POINT ( 'NONE',  ( 1.875000000000000000, 0.000000000000000000, -0.4249999999999996003 ) ) ;
#3203 = VECTOR ( 'NONE', #1117, 1000.000000000000000 ) ;
#3204 = ORIENTED_EDGE ( 'NONE', *, *, #2927, .F. ) ;
#3205 = ORIENTED_EDGE ( 'NONE', *, *, #981, .F. ) ;
#3206 =( GEOMETRIC_REPRESENTATION_CONTEXT ( 3 ) GLOBAL_UNCERTAINTY_ASSIGNED_CONTEXT ( ( #2344 ) ) GLOBAL_UNIT_ASSIGNED_CONTEXT ( ( #1261, #272, #2066 ) ) REPRESENTATION_CONTEXT ( 'NONE', 'WORKASPACE' ) );
#3207 = EDGE_LOOP ( 'NONE', ( #1287, #2455, #2865, #1938 ) ) ;
#3208 = LINE ( 'NONE', #202, #1491 ) ;
#3209 = DIRECTION ( 'NONE',  ( -0.000000000000000000, 0.000000000000000000, -1.000000000000000000 ) ) ;
#3210 = AXIS2_PLACEMENT_3D ( 'NONE', #543, #1473, #985 ) ;
#3211 = VERTEX_POINT ( 'NONE', #1088 ) ;
#3212 = CARTESIAN_POINT ( 'NONE',  ( -1.874999999999999778, -0.002000000000000000042, 1.525000000000000355 ) ) ;
#3213 = AXIS2_PLACEMENT_3D ( 'NONE', #971, #1159, #3198 ) ;
#3214 = CARTESIAN_POINT ( 'NONE',  ( -1.875000000000000000, -0.002000000000000000042, 1.225000000000000533 ) ) ;
#3215 = FACE_OUTER_BOUND ( 'NONE', #2102, .T. ) ;
#3216 = VECTOR ( 'NONE', #847, 1000.000000000000000 ) ;
#3217 = CARTESIAN_POINT ( 'NONE',  ( 1.875000000000000000, -0.002000000000000000042, -0.9749999999999993117 ) ) ;
#3218 = DIRECTION ( 'NONE',  ( -0.000000000000000000, 0.000000000000000000, -1.000000000000000000 ) ) ;
#3219 = AXIS2_PLACEMENT_3D ( 'NONE', #3057, #794, #1792 ) ;
#3220 = ADVANCED_FACE ( 'NONE', ( #1852 ), #2875, .F. ) ;
#3221 = LINE ( 'NONE', #420, #3152 ) ;
#3222 = VERTEX_POINT ( 'NONE', #203 ) ;
#3223 = ORIENTED_EDGE ( 'NONE', *, *, #1843, .F. ) ;
#3224 = VERTEX_POINT ( 'NONE', #2166 ) ;
#3225 = EDGE_LOOP ( 'NONE', ( #2754, #48, #2204, #3105 ) ) ;
#3226 = VERTEX_POINT ( 'NONE', #2977 ) ;
#3227 = CARTESIAN_POINT ( 'NONE',  ( -2.000000000000000000, 0.000000000000000000, 2.500000000000000444 ) ) ;
#3228 = EDGE_LOOP ( 'NONE', ( #639, #1973, #1597, #302 ) ) ;
#3229 = CARTESIAN_POINT ( 'NONE',  ( -1.874999999999999556, -0.000000000000000000, -2.274999999999999467 ) ) ;
#3230 = ORIENTED_EDGE ( 'NONE', *, *, #946, .F. ) ;
#3231 = DIRECTION ( 'NONE',  ( -0.000000000000000000, 0.000000000000000000, -1.000000000000000000 ) ) ;
#3232 = LINE ( 'NONE', #936, #518 ) ;
#3233 = DIRECTION ( 'NONE',  ( 8.673617379884027583E-16, 0.000000000000000000, -1.000000000000000000 ) ) ;
#3234 = ORIENTED_EDGE ( 'NONE', *, *, #2108, .F. ) ;
#3235 = LINE ( 'NONE', #2197, #1558 ) ;
#3236 = EDGE_LOOP ( 'NONE', ( #2015, #3111, #766, #2221 ) ) ;
#3237 = EDGE_CURVE ( 'NONE', #1879, #501, #2223, .T. ) ;
#3238 = ORIENTED_EDGE ( 'NONE', *, *, #484, .T. ) ;
#3239 = EDGE_CURVE ( 'NONE', #863, #2720, #218, .T. ) ;
#3240 = CARTESIAN_POINT ( 'NONE',  ( -1.875000000000000000, -0.002000000000000000042, -2.124999999999999112 ) ) ;
#3241 = ORIENTED_EDGE ( 'NONE', *, *, #1563, .F. ) ;
#3242 = ORIENTED_EDGE ( 'NONE', *, *, #1613, .F. ) ;
#3243 = CARTESIAN_POINT ( 'NONE',  ( 1.324999999999999734, -0.002000000000000000042, -1.524999999999999467 ) ) ;
#3244 = EDGE_CURVE ( 'NONE', #2474, #1257, #2676, .T. ) ;
#3245 = DIRECTION ( 'NONE',  ( -1.000000000000000000, 0.000000000000000000, 0.000000000000000000 ) ) ;
#3246 = VERTEX_POINT ( 'NONE', #730 ) ;
#3247 = PLANE ( 'NONE',  #396 ) ;
#3248 = DIRECTION ( 'NONE',  ( -0.000000000000000000, 1.000000000000000000, -0.000000000000000000 ) ) ;
#3249 = LINE ( 'NONE', #1410, #2951 ) ;
#3250 = LINE ( 'NONE', #2718, #2022 ) ;
#3251 = FACE_OUTER_BOUND ( 'NONE', #565, .T. ) ;
#3252 = ORIENTED_EDGE ( 'NONE', *, *, #2434, .F. ) ;
#3253 = EDGE_LOOP ( 'NONE', ( #108, #1137, #625, #3190 ) ) ;
#3254 = DIRECTION ( 'NONE',  ( 1.000000000000000000, 0.000000000000000000, 8.673617379884028570E-16 ) ) ;
#3255 = VECTOR ( 'NONE', #2345, 1000.000000000000000 ) ;
#3256 = LINE ( 'NONE', #3273, #3094 ) ;
#3257 = AXIS2_PLACEMENT_3D ( 'NONE', #2926, #952, #662 ) ;
#3258 = FACE_OUTER_BOUND ( 'NONE', #2694, .T. ) ;
#3259 = AXIS2_PLACEMENT_3D ( 'NONE', #1867, #125, #2843 ) ;
#3260 = EDGE_CURVE ( 'NONE', #1997, #3246, #1943, .T. ) ;
#3261 = VECTOR ( 'NONE', #1634, 1000.000000000000000 ) ;
#3262 = DIRECTION ( 'NONE',  ( 1.000000000000000000, 0.000000000000000000, 0.000000000000000000 ) ) ;
#3263 = DIRECTION ( 'NONE',  ( -1.000000000000000000, 0.000000000000000000, 0.000000000000000000 ) ) ;
#3264 = DIRECTION ( 'NONE',  ( 0.000000000000000000, 0.000000000000000000, -1.000000000000000000 ) ) ;
#3265 = VECTOR ( 'NONE', #2882, 1000.000000000000000 ) ;
#3266 = DIRECTION ( 'NONE',  ( -1.000000000000000000, 0.000000000000000000, 0.000000000000000000 ) ) ;
#3267 = PLANE ( 'NONE',  #549 ) ;
#3268 = PLANE ( 'NONE',  #2088 ) ;
#3269 = VECTOR ( 'NONE', #2861, 1000.000000000000000 ) ;
#3270 = ORIENTED_EDGE ( 'NONE', *, *, #97, .T. ) ;
#3271 = ADVANCED_FACE ( 'NONE', ( #2429 ), #713, .F. ) ;
#3272 = VECTOR ( 'NONE', #1056, 1000.000000000000000 ) ;
#3273 = CARTESIAN_POINT ( 'NONE',  ( -1.875000000000000000, -0.002000000000000000042, -0.4249999999999996003 ) ) ;
#3274 = CARTESIAN_POINT ( 'NONE',  ( -1.875000000000000000, -0.000000000000000000, -0.4249999999999996003 ) ) ;
#3275 = EDGE_CURVE ( 'NONE', #851, #2163, #458, .T. ) ;
#3276 = ORIENTED_EDGE ( 'NONE', *, *, #691, .F. ) ;
#3277 = EDGE_CURVE ( 'NONE', #2710, #124, #2152, .T. ) ;
#3278 = CARTESIAN_POINT ( 'NONE',  ( 1.324999999999999512, -0.002000000000000000042, 1.525000000000000355 ) ) ;
#3279 = CARTESIAN_POINT ( 'NONE',  ( -1.324999999999999734, -0.002000000000000000042, 0.1250000000000005551 ) ) ;
#3280 = CARTESIAN_POINT ( 'NONE',  ( -1.875000000000000000, 0.000000000000000000, 1.225000000000000533 ) ) ;
#3281 = DIRECTION ( 'NONE',  ( -0.000000000000000000, 1.000000000000000000, -0.000000000000000000 ) ) ;
ENDSEC;
END-ISO-10303-21;
