ISO-10303-21;
HEADER;
FILE_DESCRIPTION (( 'STEP AP214' ),
    '1' );
FILE_NAME ('IAUCN04S7L019ATMA1.STEP',
    '2025-11-17T00:32:41',
    ( '' ),
    ( '' ),
    'SwSTEP 2.0',
    'SolidWorks 2023',
    '' );
FILE_SCHEMA (( 'AUTOMOTIVE_DESIGN' ));
ENDSEC;

DATA;
#1 = DIRECTION ( 'NONE',  ( 0.000000000000000000, 0.000000000000000000, 1.000000000000000000 ) ) ;
#2 = FILL_AREA_STYLE ('',( #5310 ) ) ;
#3 = ORIENTED_EDGE ( 'NONE', *, *, #3271, .F. ) ;
#4 = FILL_AREA_STYLE ('',( #5060 ) ) ;
#5 = PRESENTATION_STYLE_ASSIGNMENT (( #5172 ) ) ;
#6 = ORIENTED_EDGE ( 'NONE', *, *, #7035, .F. ) ;
#7 = SURFACE_STYLE_USAGE ( .BOTH. , #2407 ) ;
#8 = LINE ( 'NONE', #6424, #1995 ) ;
#9 = PRESENTATION_STYLE_ASSIGNMENT (( #1004 ) ) ;
#10 = FILL_AREA_STYLE ('',( #2881 ) ) ;
#11 = VERTEX_POINT ( 'NONE', #411 ) ;
#12 = CYLINDRICAL_SURFACE ( 'NONE', #2008, 0.1499999999999999667 ) ;
#13 = CARTESIAN_POINT ( 'NONE',  ( 2.790000000000249614, -2.125000000000340172, 0.000000000000000000 ) ) ;
#14 = ORIENTED_EDGE ( 'NONE', *, *, #6498, .F. ) ;
#15 = VECTOR ( 'NONE', #2507, 1000.000000000000000 ) ;
#16 = VERTEX_POINT ( 'NONE', #5698 ) ;
#17 = AXIS2_PLACEMENT_3D ( 'NONE', #2956, #1821, #4134 ) ;
#18 = CARTESIAN_POINT ( 'NONE',  ( 2.789999999999699831, -1.685000000001110054, 0.000000000000000000 ) ) ;
#19 = SURFACE_STYLE_USAGE ( .BOTH. , #1708 ) ;
#20 = EDGE_CURVE ( 'NONE', #122, #645, #2752, .T. ) ;
#21 = ORIENTED_EDGE ( 'NONE', *, *, #3379, .T. ) ;
#22 = CARTESIAN_POINT ( 'NONE',  ( 2.919903810567660241, -2.200000000000000178, 0.000000000000000000 ) ) ;
#23 =( GEOMETRIC_REPRESENTATION_CONTEXT ( 3 ) GLOBAL_UNCERTAINTY_ASSIGNED_CONTEXT ( ( #5997 ) ) GLOBAL_UNIT_ASSIGNED_CONTEXT ( ( #2404, #643, #3028 ) ) REPRESENTATION_CONTEXT ( 'NONE', 'WORKASPACE' ) );
#24 = PRESENTATION_STYLE_ASSIGNMENT (( #5260 ) ) ;
#25 = COLOUR_RGB ( '',0.8666666666666666963, 0.8666666666666666963, 0.8666666666666666963 ) ;
#26 =( BOUNDED_CURVE ( )  B_SPLINE_CURVE ( 3, ( #2844, #7431, #7466, #2180 ),
 .UNSPECIFIED., .F., .F. ) 
 B_SPLINE_CURVE_WITH_KNOTS ( ( 4, 4 ),
 ( 4.712388980384689674, 5.410520681138035748 ),
 .UNSPECIFIED. ) 
 CURVE ( )  GEOMETRIC_REPRESENTATION_ITEM ( )  RATIONAL_B_SPLINE_CURVE ( ( 1.000000000000000000, 0.9597950805289992005, 0.9597950805289992005, 1.000000000000000000 ) ) 
 REPRESENTATION_ITEM ( '' )  );
#27 = CYLINDRICAL_SURFACE ( 'NONE', #6215, 0.2250000000028448965 ) ;
#28 = DIRECTION ( 'NONE',  ( -1.421043037891149910E-12, -1.000000000000000000, 0.000000000000000000 ) ) ;
#29 = DIRECTION ( 'NONE',  ( -1.000000000000000000, 1.836970198721029688E-16, 0.000000000000000000 ) ) ;
#30 = ADVANCED_BREP_SHAPE_REPRESENTATION ( 'IAUCN04S7L019ATMA1', ( #3084, #5445, #2967, #5545, #3068, #3710 ), #1642 ) ;
#31 = AXIS2_PLACEMENT_3D ( 'NONE', #4512, #5686, #5766 ) ;
#32 = CARTESIAN_POINT ( 'NONE',  ( 2.570000000014510011, -1.004999999999130145, 0.000000000000000000 ) ) ;
#33 = VERTEX_POINT ( 'NONE', #4486 ) ;
#34 = CARTESIAN_POINT ( 'NONE',  ( -2.924903810567190288, 0.9299999999986429122, 0.000000000000000000 ) ) ;
#35 = FILL_AREA_STYLE_COLOUR ( '', #686 ) ;
#36 =( LENGTH_UNIT ( ) NAMED_UNIT ( * ) SI_UNIT ( .MILLI., .METRE. ) );
#37 =( GEOMETRIC_REPRESENTATION_CONTEXT ( 3 ) GLOBAL_UNCERTAINTY_ASSIGNED_CONTEXT ( ( #4552 ) ) GLOBAL_UNIT_ASSIGNED_CONTEXT ( ( #6165, #5441, #243 ) ) REPRESENTATION_CONTEXT ( 'NONE', 'WORKASPACE' ) );
#38 = DIRECTION ( 'NONE',  ( -1.000000000000000000, 5.639130289675960134E-16, 0.000000000000000000 ) ) ;
#39 = EDGE_CURVE ( 'NONE', #5625, #3198, #5345, .T. ) ;
#40 = EDGE_CURVE ( 'NONE', #4908, #3547, #4197, .T. ) ;
#41 = STYLED_ITEM ( 'NONE', ( #4205 ), #7293 ) ;
#42 = PRESENTATION_STYLE_ASSIGNMENT (( #2367 ) ) ;
#43 = ORIENTED_EDGE ( 'NONE', *, *, #5036, .F. ) ;
#44 = CARTESIAN_POINT ( 'NONE',  ( -0.6800000000228580976, 2.377098005438369466, 0.2500000000000000000 ) ) ;
#45 = VECTOR ( 'NONE', #5097, 1000.000000000000000 ) ;
#46 = VERTEX_POINT ( 'NONE', #3590 ) ;
#47 =( NAMED_UNIT ( * ) SI_UNIT ( $, .STERADIAN. ) SOLID_ANGLE_UNIT ( ) );
#48 = DIRECTION ( 'NONE',  ( 1.000000000000000000, -1.836970198721029688E-16, 0.000000000000000000 ) ) ;
#49 = CIRCLE ( 'NONE', #765, 0.1500000000002879863 ) ;
#50 = EDGE_CURVE ( 'NONE', #5417, #6607, #5919, .T. ) ;
#51 = VECTOR ( 'NONE', #5265, 1000.000000000000000 ) ;
#52 = CARTESIAN_POINT ( 'NONE',  ( 2.575000000017050095, -2.275000000000380052, 0.000000000000000000 ) ) ;
#53 =( LENGTH_UNIT ( ) NAMED_UNIT ( * ) SI_UNIT ( .MILLI., .METRE. ) );
#54 = VERTEX_POINT ( 'NONE', #5305 ) ;
#55 = VERTEX_POINT ( 'NONE', #1259 ) ;
#56 =( LENGTH_UNIT ( ) NAMED_UNIT ( * ) SI_UNIT ( .MILLI., .METRE. ) );
#57 = FILL_AREA_STYLE_COLOUR ( '', #2096 ) ;
#58 = DIRECTION ( 'NONE',  ( 0.000000000000000000, 0.000000000000000000, 1.000000000000000000 ) ) ;
#59 = STYLED_ITEM ( 'NONE', ( #3572 ), #5049 ) ;
#60 = SURFACE_STYLE_FILL_AREA ( #3961 ) ;
#61 = CARTESIAN_POINT ( 'NONE',  ( -2.770000000045059974, 1.684999999999510001, 0.2500000000000000000 ) ) ;
#62 = VECTOR ( 'NONE', #5331, 1000.000000000000000 ) ;
#63 = COLOUR_RGB ( '',0.8666666666666666963, 0.8666666666666666963, 0.8666666666666666963 ) ;
#64 = COLOUR_RGB ( '',0.8666666666666666963, 0.8666666666666666963, 0.8666666666666666963 ) ;
#65 = CARTESIAN_POINT ( 'NONE',  ( 2.433578643779580108, 2.224999999999110134, 0.2500000000000000000 ) ) ;
#66 = CARTESIAN_POINT ( 'NONE',  ( -1.850000000000000089, 1.550000000000000044, 0.9990000000000001101 ) ) ;
#67 = SURFACE_STYLE_USAGE ( .BOTH. , #6891 ) ;
#68 = UNCERTAINTY_MEASURE_WITH_UNIT (LENGTH_MEASURE( 1.000000000000000082E-05 ), #6114, 'distance_accuracy_value', 'NONE');
#69 = ORIENTED_EDGE ( 'NONE', *, *, #2359, .T. ) ;
#70 = PRESENTATION_STYLE_ASSIGNMENT (( #1684 ) ) ;
#71 = CARTESIAN_POINT ( 'NONE',  ( -2.610271787389510045, -2.445271787389510010, 0.9173648177754361033 ) ) ;
#72 = VECTOR ( 'NONE', #6492, 1000.000000000000000 ) ;
#73 = DIRECTION ( 'NONE',  ( 0.1666666669683717072, -0.9860132971322718154, 0.000000000000000000 ) ) ;
#74 = SURFACE_STYLE_USAGE ( .BOTH. , #1762 ) ;
#75 = CYLINDRICAL_SURFACE ( 'NONE', #3121, 0.1500000000000450695 ) ;
#76 = ADVANCED_FACE ( 'NONE', ( #1841 ), #4760, .T. ) ;
#77 = AXIS2_PLACEMENT_3D ( 'NONE', #7195, #4308, #1422 ) ;
#78 = EDGE_CURVE ( 'NONE', #1710, #1299, #117, .T. ) ;
#79 = ADVANCED_FACE ( 'NONE', ( #7495 ), #5273, .T. ) ;
#80 = DIRECTION ( 'NONE',  ( 0.000000000000000000, 0.000000000000000000, 1.000000000000000000 ) ) ;
#81 = DIRECTION ( 'NONE',  ( 1.000000000000000000, 5.684341886080719698E-13, 0.000000000000000000 ) ) ;
#82 = PLANE ( 'NONE',  #1296 ) ;
#83 = ORIENTED_EDGE ( 'NONE', *, *, #3269, .F. ) ;
#84 = EDGE_CURVE ( 'NONE', #1729, #5822, #7052, .T. ) ;
#85 =( NAMED_UNIT ( * ) SI_UNIT ( $, .STERADIAN. ) SOLID_ANGLE_UNIT ( ) );
#86 = VERTEX_POINT ( 'NONE', #2515 ) ;
#87 = DIRECTION ( 'NONE',  ( 0.000000000000000000, 0.000000000000000000, 1.000000000000000000 ) ) ;
#88 = CARTESIAN_POINT ( 'NONE',  ( 2.355000000014419559, -2.150000000000090061, 0.000000000000000000 ) ) ;
#89 = VECTOR ( 'NONE', #2475, 1000.000000000000000 ) ;
#90 = CARTESIAN_POINT ( 'NONE',  ( -0.5800000000228350272, 2.705000000001180016, 0.000000000000000000 ) ) ;
#91 = CARTESIAN_POINT ( 'NONE',  ( -1.582747773907208000, 1.550000000000000044, 0.9990000000000001101 ) ) ;
#92 = CIRCLE ( 'NONE', #3635, 0.1500000000003270106 ) ;
#93 = DIRECTION ( 'NONE',  ( 5.473052566738132423E-12, 1.000000000000000000, 0.000000000000000000 ) ) ;
#94 = SURFACE_SIDE_STYLE ('',( #5719 ) ) ;
#95 = FACE_OUTER_BOUND ( 'NONE', #5311, .T. ) ;
#96 = ORIENTED_EDGE ( 'NONE', *, *, #7453, .F. ) ;
#97 = ORIENTED_EDGE ( 'NONE', *, *, #5334, .T. ) ;
#98 = SURFACE_SIDE_STYLE ('',( #2382 ) ) ;
#99 =( NAMED_UNIT ( * ) PLANE_ANGLE_UNIT ( ) SI_UNIT ( $, .RADIAN. ) );
#100 = SURFACE_SIDE_STYLE ('',( #5942 ) ) ;
#101 = COLOUR_RGB ( '',0.8666666666666666963, 0.8666666666666666963, 0.8666666666666666963 ) ;
#102 = SURFACE_SIDE_STYLE ('',( #3573 ) ) ;
#103 = EDGE_CURVE ( 'NONE', #1352, #609, #5385, .T. ) ;
#104 = AXIS2_PLACEMENT_3D ( 'NONE', #1929, #3224, #798 ) ;
#105 = CARTESIAN_POINT ( 'NONE',  ( -2.576069773055084333, 2.212499999999999911, 0.9766044443147507970 ) ) ;
#106 = CIRCLE ( 'NONE', #4595, 0.1499999999999999667 ) ;
#107 = DIRECTION ( 'NONE',  ( -1.000000000000000000, 0.000000000000000000, 0.000000000000000000 ) ) ;
#108 = STYLED_ITEM ( 'NONE', ( #448 ), #1919 ) ;
#109 =( NAMED_UNIT ( * ) SI_UNIT ( $, .STERADIAN. ) SOLID_ANGLE_UNIT ( ) );
#110 = VERTEX_POINT ( 'NONE', #744 ) ;
#111 =( NAMED_UNIT ( * ) PLANE_ANGLE_UNIT ( ) SI_UNIT ( $, .RADIAN. ) );
#112 = EDGE_CURVE ( 'NONE', #1619, #2129, #3098, .T. ) ;
#113 =( GEOMETRIC_REPRESENTATION_CONTEXT ( 3 ) GLOBAL_UNCERTAINTY_ASSIGNED_CONTEXT ( ( #2365 ) ) GLOBAL_UNIT_ASSIGNED_CONTEXT ( ( #5751, #2880, #5398 ) ) REPRESENTATION_CONTEXT ( 'NONE', 'WORKASPACE' ) );
#114 = FILL_AREA_STYLE ('',( #1806 ) ) ;
#115 = FILL_AREA_STYLE_COLOUR ( '', #4549 ) ;
#116 = VECTOR ( 'NONE', #2418, 1000.000000000000000 ) ;
#117 = CIRCLE ( 'NONE', #4375, 0.1499999999999999667 ) ;
#118 = SURFACE_STYLE_FILL_AREA ( #2482 ) ;
#119 = ORIENTED_EDGE ( 'NONE', *, *, #3520, .T. ) ;
#120 = DIRECTION ( 'NONE',  ( -1.000000000000000000, 8.239936510904392158E-13, 0.000000000000000000 ) ) ;
#121 =( LENGTH_UNIT ( ) NAMED_UNIT ( * ) SI_UNIT ( .MILLI., .METRE. ) );
#122 = VERTEX_POINT ( 'NONE', #2960 ) ;
#123 = FILL_AREA_STYLE ('',( #683 ) ) ;
#124 = AXIS2_PLACEMENT_3D ( 'NONE', #1042, #3383, #5664 ) ;
#125 = DIRECTION ( 'NONE',  ( -4.736951571666509666E-14, 1.000000000000000000, 0.000000000000000000 ) ) ;
#126 = EDGE_CURVE ( 'NONE', #7158, #1790, #611, .T. ) ;
#127 = DIRECTION ( 'NONE',  ( 0.8660254037880674716, -0.4999999999937148609, 0.000000000000000000 ) ) ;
#128 = CARTESIAN_POINT ( 'NONE',  ( 2.919903810567660241, -2.200000000000000178, 0.000000000000000000 ) ) ;
#129 = DIRECTION ( 'NONE',  ( 0.000000000000000000, -1.000000000000000000, 1.041797568577796133E-15 ) ) ;
#130 = VERTEX_POINT ( 'NONE', #133 ) ;
#131 = ORIENTED_EDGE ( 'NONE', *, *, #1676, .T. ) ;
#132 = DIRECTION ( 'NONE',  ( -1.000000000000000000, 7.274181257380620317E-12, 0.000000000000000000 ) ) ;
#133 = CARTESIAN_POINT ( 'NONE',  ( 2.790000000000339764, 1.684999999999970077, 0.2500000000000000000 ) ) ;
#134 = CARTESIAN_POINT ( 'NONE',  ( -3.220000000017390285, 0.3499797189057289870, 0.000000000000000000 ) ) ;
#135 =( NAMED_UNIT ( * ) SI_UNIT ( $, .STERADIAN. ) SOLID_ANGLE_UNIT ( ) );
#136 = EDGE_CURVE ( 'NONE', #4098, #1039, #5255, .T. ) ;
#137 = STYLED_ITEM ( 'NONE', ( #7362 ), #1490 ) ;
#138 = LINE ( 'NONE', #734, #5277 ) ;
#139 = CARTESIAN_POINT ( 'NONE',  ( -2.770000000044719801, 1.004999999999310001, 0.000000000000000000 ) ) ;
#140 = AXIS2_PLACEMENT_3D ( 'NONE', #1864, #4182, #1712 ) ;
#141 = LINE ( 'NONE', #3015, #4534 ) ;
#142 = UNCERTAINTY_MEASURE_WITH_UNIT (LENGTH_MEASURE( 1.000000000000000082E-05 ), #3088, 'distance_accuracy_value', 'NONE');
#143 = ORIENTED_EDGE ( 'NONE', *, *, #687, .T. ) ;
#144 = CARTESIAN_POINT ( 'NONE',  ( -2.794999999999910223, 0.8549999999993129762, 0.000000000000000000 ) ) ;
#145 = DIRECTION ( 'NONE',  ( 0.000000000000000000, 0.000000000000000000, -1.000000000000000000 ) ) ;
#146 = DIRECTION ( 'NONE',  ( 0.000000000000000000, 0.000000000000000000, 1.000000000000000000 ) ) ;
#147 =( LENGTH_UNIT ( ) NAMED_UNIT ( * ) SI_UNIT ( .MILLI., .METRE. ) );
#148 = VECTOR ( 'NONE', #5948, 1000.000000000000000 ) ;
#149 = CYLINDRICAL_SURFACE ( 'NONE', #431, 0.1000000000000000333 ) ;
#150 = ORIENTED_EDGE ( 'NONE', *, *, #5592, .F. ) ;
#151 = STYLED_ITEM ( 'NONE', ( #2815 ), #6930 ) ;
#152 = CARTESIAN_POINT ( 'NONE',  ( 3.220000000017900543, -2.199999999999930456, 0.000000000000000000 ) ) ;
#153 = LINE ( 'NONE', #3792, #2392 ) ;
#154 = ORIENTED_EDGE ( 'NONE', *, *, #5836, .F. ) ;
#155 = CARTESIAN_POINT ( 'NONE',  ( -2.789999999999469793, -2.125000000000889955, 0.000000000000000000 ) ) ;
#156 = DIRECTION ( 'NONE',  ( 2.115103963592559792E-12, 1.000000000000000000, 0.000000000000000000 ) ) ;
#157 = ORIENTED_EDGE ( 'NONE', *, *, #5128, .T. ) ;
#158 = PRESENTATION_STYLE_ASSIGNMENT (( #7130 ) ) ;
#159 =( LENGTH_UNIT ( ) NAMED_UNIT ( * ) SI_UNIT ( .MILLI., .METRE. ) );
#160 = AXIS2_PLACEMENT_3D ( 'NONE', #3846, #7208, #3278 ) ;
#161 = CARTESIAN_POINT ( 'NONE',  ( -2.576069773055085221, -2.411069773055085186, 0.9766044443147507970 ) ) ;
#162 = STYLED_ITEM ( 'NONE', ( #3892 ), #2081 ) ;
#163 = COLOUR_RGB ( '',0.8666666666666666963, 0.8666666666666666963, 0.8666666666666666963 ) ;
#164 = SURFACE_SIDE_STYLE ('',( #5359 ) ) ;
#165 = ORIENTED_EDGE ( 'NONE', *, *, #4590, .T. ) ;
#166 = EDGE_LOOP ( 'NONE', ( #641, #7275, #2910, #797 ) ) ;
#167 = DIRECTION ( 'NONE',  ( -1.512038128301959820E-12, -1.000000000000000000, 0.000000000000000000 ) ) ;
#168 =( NAMED_UNIT ( * ) SI_UNIT ( $, .STERADIAN. ) SOLID_ANGLE_UNIT ( ) );
#169 = DIRECTION ( 'NONE',  ( -2.454333033274330151E-11, 1.000000000000000000, 0.000000000000000000 ) ) ;
#170 = SURFACE_STYLE_USAGE ( .BOTH. , #7072 ) ;
#171 = VECTOR ( 'NONE', #29, 1000.000000000000000 ) ;
#172 = VECTOR ( 'NONE', #6819, 1000.000000000000000 ) ;
#173 = LINE ( 'NONE', #5978, #296 ) ;
#174 = LINE ( 'NONE', #2503, #6442 ) ;
#175 = CYLINDRICAL_SURFACE ( 'NONE', #7202, 0.1500000000001378564 ) ;
#176 = EDGE_CURVE ( 'NONE', #1547, #2451, #6489, .T. ) ;
#177 = LINE ( 'NONE', #3051, #3352 ) ;
#178 = CARTESIAN_POINT ( 'NONE',  ( -0.6800000000228580976, 2.377098005438369466, 0.000000000000000000 ) ) ;
#179 = AXIS2_PLACEMENT_3D ( 'NONE', #4587, #5764, #6920 ) ;
#180 = CARTESIAN_POINT ( 'NONE',  ( 2.919903810567320068, 0.3399999999993499888, 0.000000000000000000 ) ) ;
#181 = VERTEX_POINT ( 'NONE', #694 ) ;
#182 = PRESENTATION_LAYER_ASSIGNMENT (  '', '', ( #2743 ) ) ;
#183 = MECHANICAL_DESIGN_GEOMETRIC_PRESENTATION_REPRESENTATION (  '', ( #4209 ), #6961 ) ;
#184 = CARTESIAN_POINT ( 'NONE',  ( -2.744999999999898410, 0.8570980054293958483, 0.2500000000000000000 ) ) ;
#185 =( NAMED_UNIT ( * ) PLANE_ANGLE_UNIT ( ) SI_UNIT ( $, .RADIAN. ) );
#186 = CARTESIAN_POINT ( 'NONE',  ( -2.620000000044719890, 1.004999999999310001, 0.000000000000000000 ) ) ;
#187 = SURFACE_SIDE_STYLE ('',( #1459 ) ) ;
#188 = FILL_AREA_STYLE ('',( #115 ) ) ;
#189 = EDGE_CURVE ( 'NONE', #1299, #1086, #3610, .T. ) ;
#190 = STYLED_ITEM ( 'NONE', ( #5744 ), #6355 ) ;
#191 = SURFACE_STYLE_USAGE ( .BOTH. , #3712 ) ;
#192 = EDGE_LOOP ( 'NONE', ( #3896, #5065, #4225, #5829 ) ) ;
#193 = DIRECTION ( 'NONE',  ( -0.000000000000000000, 1.000000000000000000, 0.000000000000000000 ) ) ;
#194 = CARTESIAN_POINT ( 'NONE',  ( 2.433578643779580108, 2.224999999999110134, 0.000000000000000000 ) ) ;
#195 = VERTEX_POINT ( 'NONE', #5407 ) ;
#196 = LINE ( 'NONE', #2635, #6159 ) ;
#197 = CARTESIAN_POINT ( 'NONE',  ( -3.220221562247220337, -1.610000000000530118, 0.000000000000000000 ) ) ;
#198 = VERTEX_POINT ( 'NONE', #3007 ) ;
#199 = CARTESIAN_POINT ( 'NONE',  ( -2.924903810567280438, -0.3400000000016349944, 0.000000000000000000 ) ) ;
#200 = CARTESIAN_POINT ( 'NONE',  ( 2.374999999997129851, -1.520000000000780060, 0.000000000000000000 ) ) ;
#201 = VECTOR ( 'NONE', #870, 1000.000000000000000 ) ;
#202 = PRESENTATION_STYLE_ASSIGNMENT (( #7024 ) ) ;
#203 = SURFACE_SIDE_STYLE ('',( #3609 ) ) ;
#204 = CARTESIAN_POINT ( 'NONE',  ( 3.220000000017900543, 0.9200000000015510215, 0.000000000000000000 ) ) ;
#205 = ORIENTED_EDGE ( 'NONE', *, *, #395, .F. ) ;
#206 = SURFACE_STYLE_USAGE ( .BOTH. , #2419 ) ;
#207 = CARTESIAN_POINT ( 'NONE',  ( -0.1800000000228290098, -2.705000000001410054, 0.000000000000000000 ) ) ;
#208 = DIRECTION ( 'NONE',  ( 1.836970198721029688E-16, 1.000000000000000000, 0.000000000000000000 ) ) ;
#209 = EDGE_CURVE ( 'NONE', #1122, #1325, #7447, .T. ) ;
#210 = DIRECTION ( 'NONE',  ( 0.000000000000000000, 0.000000000000000000, 1.000000000000000000 ) ) ;
#211 = DIRECTION ( 'NONE',  ( -1.836970198721029688E-16, -1.000000000000000000, -5.777789833161709749E-32 ) ) ;
#212 = DIRECTION ( 'NONE',  ( 0.000000000000000000, 0.000000000000000000, 1.000000000000000000 ) ) ;
#213 = DIRECTION ( 'NONE',  ( 0.000000000000000000, 0.000000000000000000, 1.000000000000000000 ) ) ;
#214 = DIRECTION ( 'NONE',  ( 0.9990158634961664452, -0.04435430625101756397, 0.000000000000000000 ) ) ;
#215 = ADVANCED_FACE ( 'NONE', ( #4709 ), #1282, .F. ) ;
#216 = COLOUR_RGB ( '',0.8666666666666666963, 0.8666666666666666963, 0.8666666666666666963 ) ;
#217 =( LENGTH_UNIT ( ) NAMED_UNIT ( * ) SI_UNIT ( .MILLI., .METRE. ) );
#218 = UNCERTAINTY_MEASURE_WITH_UNIT (LENGTH_MEASURE( 1.000000000000000082E-05 ), #4081, 'distance_accuracy_value', 'NONE');
#219 = ORIENTED_EDGE ( 'NONE', *, *, #5691, .F. ) ;
#220 = SURFACE_STYLE_FILL_AREA ( #5418 ) ;
#221 = AXIS2_PLACEMENT_3D ( 'NONE', #5494, #6597, #4198 ) ;
#222 = FACE_OUTER_BOUND ( 'NONE', #5597, .T. ) ;
#223 = ADVANCED_FACE ( 'NONE', ( #2455 ), #3830, .T. ) ;
#224 = DIRECTION ( 'NONE',  ( 0.1666666669675726797, 0.9860132971324069295, 0.000000000000000000 ) ) ;
#225 =( NAMED_UNIT ( * ) PLANE_ANGLE_UNIT ( ) SI_UNIT ( $, .RADIAN. ) );
#226 = UNCERTAINTY_MEASURE_WITH_UNIT (LENGTH_MEASURE( 1.000000000000000082E-05 ), #36, 'distance_accuracy_value', 'NONE');
#227 = SURFACE_SIDE_STYLE ('',( #3150 ) ) ;
#228 = CARTESIAN_POINT ( 'NONE',  ( -2.790000000000339764, 2.124999999998840039, 0.000000000000000000 ) ) ;
#229 = VERTEX_POINT ( 'NONE', #2557 ) ;
#230 = DIRECTION ( 'NONE',  ( 0.000000000000000000, 0.000000000000000000, -1.000000000000000000 ) ) ;
#231 = DIRECTION ( 'NONE',  ( 0.000000000000000000, 0.000000000000000000, 1.000000000000000000 ) ) ;
#232 = EDGE_LOOP ( 'NONE', ( #6398, #301, #629, #6277 ) ) ;
#233 = CARTESIAN_POINT ( 'NONE',  ( -3.445000000017650166, -0.3500000000025230151, 0.000000000000000000 ) ) ;
#234 =( LENGTH_UNIT ( ) NAMED_UNIT ( * ) SI_UNIT ( .MILLI., .METRE. ) );
#235 = EDGE_LOOP ( 'NONE', ( #339, #3392, #3885, #6569 ) ) ;
#236 = LINE ( 'NONE', #6047, #6766 ) ;
#237 = AXIS2_PLACEMENT_3D ( 'NONE', #1413, #7050, #1300 ) ;
#238 = FILL_AREA_STYLE ('',( #5972 ) ) ;
#239 =( LENGTH_UNIT ( ) NAMED_UNIT ( * ) SI_UNIT ( .MILLI., .METRE. ) );
#240 = VECTOR ( 'NONE', #5723, 1000.000000000000000 ) ;
#241 = EDGE_LOOP ( 'NONE', ( #4010, #1838, #5054, #6676 ) ) ;
#242 = ORIENTED_EDGE ( 'NONE', *, *, #4328, .T. ) ;
#243 =( NAMED_UNIT ( * ) SI_UNIT ( $, .STERADIAN. ) SOLID_ANGLE_UNIT ( ) );
#244 = CARTESIAN_POINT ( 'NONE',  ( 0.1549999999992909827, -2.225000000000249667, 0.000000000000000000 ) ) ;
#245 = STYLED_ITEM ( 'NONE', ( #565 ), #6023 ) ;
#246 =( NAMED_UNIT ( * ) PLANE_ANGLE_UNIT ( ) SI_UNIT ( $, .RADIAN. ) );
#247 = EDGE_CURVE ( 'NONE', #5268, #6849, #4947, .T. ) ;
#248 = PRESENTATION_LAYER_ASSIGNMENT (  '', '', ( #848 ) ) ;
#249 = SURFACE_STYLE_USAGE ( .BOTH. , #6697 ) ;
#250 = DIRECTION ( 'NONE',  ( 0.000000000000000000, 0.000000000000000000, -1.000000000000000000 ) ) ;
#251 = DIRECTION ( 'NONE',  ( -1.000000000000000000, 0.000000000000000000, 0.000000000000000000 ) ) ;
#252 = VECTOR ( 'NONE', #2338, 1000.000000000000000 ) ;
#253 = AXIS2_PLACEMENT_3D ( 'NONE', #6281, #2884, #5791 ) ;
#254 =( NAMED_UNIT ( * ) SI_UNIT ( $, .STERADIAN. ) SOLID_ANGLE_UNIT ( ) );
#255 = VERTEX_POINT ( 'NONE', #6603 ) ;
#256 = CARTESIAN_POINT ( 'NONE',  ( 2.420000000014369768, -0.2500000000007960299, 0.000000000000000000 ) ) ;
#257 = STYLED_ITEM ( 'NONE', ( #1373 ), #3356 ) ;
#258 = CARTESIAN_POINT ( 'NONE',  ( 2.355000000014429773, -2.225000000001160050, 0.000000000000000000 ) ) ;
#259 = DIRECTION ( 'NONE',  ( 1.000000000000000000, -4.574771934209029633E-13, 0.000000000000000000 ) ) ;
#260 = MECHANICAL_DESIGN_GEOMETRIC_PRESENTATION_REPRESENTATION (  '', ( #1370 ), #4511 ) ;
#261 = PRESENTATION_LAYER_ASSIGNMENT (  '', '', ( #1501 ) ) ;
#262 = VERTEX_POINT ( 'NONE', #1543 ) ;
#263 = LINE ( 'NONE', #4237, #2376 ) ;
#264 = VERTEX_POINT ( 'NONE', #6076 ) ;
#265 = CARTESIAN_POINT ( 'NONE',  ( 3.445000000012059971, -0.9200202811074189579, 0.000000000000000000 ) ) ;
#266 = CARTESIAN_POINT ( 'NONE',  ( 3.220000000017710029, 0.3499797189057289870, 0.000000000000000000 ) ) ;
#267 = EDGE_LOOP ( 'NONE', ( #2723, #1363, #5382, #6428 ) ) ;
#268 = EDGE_CURVE ( 'NONE', #645, #4795, #1421, .T. ) ;
#269 = CARTESIAN_POINT ( 'NONE',  ( -2.310000001215910093, 2.124999999997390088, 0.000000000000000000 ) ) ;
#270 = EDGE_CURVE ( 'NONE', #6147, #2734, #3790, .T. ) ;
#271 = STYLED_ITEM ( 'NONE', ( #4750 ), #6804 ) ;
#272 = CARTESIAN_POINT ( 'NONE',  ( -2.770000000045059974, 1.684999999999510001, 0.2500000000000000000 ) ) ;
#273 =( LENGTH_UNIT ( ) NAMED_UNIT ( * ) SI_UNIT ( .MILLI., .METRE. ) );
#274 = VERTEX_POINT ( 'NONE', #7272 ) ;
#275 = DIRECTION ( 'NONE',  ( 0.000000000000000000, 0.000000000000000000, -1.000000000000000000 ) ) ;
#276 = ORIENTED_EDGE ( 'NONE', *, *, #2315, .F. ) ;
#277 = DIRECTION ( 'NONE',  ( -3.474679658979969860E-13, 1.000000000000000000, 0.000000000000000000 ) ) ;
#278 = COLOUR_RGB ( '',0.8666666666666666963, 0.8666666666666666963, 0.8666666666666666963 ) ;
#279 = EDGE_CURVE ( 'NONE', #3537, #2520, #2632, .T. ) ;
#280 = PRESENTATION_LAYER_ASSIGNMENT (  '', '', ( #4896 ) ) ;
#281 = FILL_AREA_STYLE_COLOUR ( '', #5887 ) ;
#282 = VECTOR ( 'NONE', #48, 1000.000000000000000 ) ;
#283 = DIRECTION ( 'NONE',  ( 0.000000000000000000, 1.000000000000000000, 0.000000000000000000 ) ) ;
#284 = CIRCLE ( 'NONE', #6228, 0.2250000000002927714 ) ;
#285 = PRESENTATION_LAYER_ASSIGNMENT (  '', '', ( #4792 ) ) ;
#286 = DIRECTION ( 'NONE',  ( 0.000000000000000000, 0.000000000000000000, 1.000000000000000000 ) ) ;
#287 = CARTESIAN_POINT ( 'NONE',  ( 2.570000000014549979, -0.8549999999989950084, 0.000000000000000000 ) ) ;
#288 = UNCERTAINTY_MEASURE_WITH_UNIT (LENGTH_MEASURE( 1.000000000000000082E-05 ), #2128, 'distance_accuracy_value', 'NONE');
#289 = SURFACE_STYLE_USAGE ( .BOTH. , #6285 ) ;
#290 = DIRECTION ( 'NONE',  ( 1.000000000000000000, 0.000000000000000000, 0.000000000000000000 ) ) ;
#291 =( LENGTH_UNIT ( ) NAMED_UNIT ( * ) SI_UNIT ( .MILLI., .METRE. ) );
#292 = COLOUR_RGB ( '',0.8666666666666666963, 0.8666666666666666963, 0.8666666666666666963 ) ;
#293 = AXIS2_PLACEMENT_3D ( 'NONE', #244, #1367, #1328 ) ;
#294 =( NAMED_UNIT ( * ) PLANE_ANGLE_UNIT ( ) SI_UNIT ( $, .RADIAN. ) );
#295 = STYLED_ITEM ( 'NONE', ( #6426 ), #2927 ) ;
#296 = VECTOR ( 'NONE', #7171, 1000.000000000000000 ) ;
#297 = DIRECTION ( 'NONE',  ( 1.000000000000000000, 0.000000000000000000, 0.000000000000000000 ) ) ;
#298 = ORIENTED_EDGE ( 'NONE', *, *, #858, .F. ) ;
#299 = CARTESIAN_POINT ( 'NONE',  ( -2.117252226092792178, 1.550000000000000044, 0.9979999999999999982 ) ) ;
#300 = ORIENTED_EDGE ( 'NONE', *, *, #5757, .T. ) ;
#301 = ORIENTED_EDGE ( 'NONE', *, *, #7357, .T. ) ;
#302 = VECTOR ( 'NONE', #6522, 1000.000000000000000 ) ;
#303 = LINE ( 'NONE', #2094, #6293 ) ;
#304 = AXIS2_PLACEMENT_3D ( 'NONE', #678, #1381, #81 ) ;
#305 = EDGE_CURVE ( 'NONE', #2369, #5514, #49, .T. ) ;
#306 = ADVANCED_FACE ( 'NONE', ( #831 ), #2022, .T. ) ;
#307 = EDGE_CURVE ( 'NONE', #4064, #1155, #6716, .T. ) ;
#308 = COLOUR_RGB ( '',0.8666666666666666963, 0.8666666666666666963, 0.8666666666666666963 ) ;
#309 = EDGE_CURVE ( 'NONE', #1464, #3077, #950, .T. ) ;
#310 = DIRECTION ( 'NONE',  ( 0.000000000000000000, 0.000000000000000000, -1.000000000000000000 ) ) ;
#311 =( LENGTH_UNIT ( ) NAMED_UNIT ( * ) SI_UNIT ( .MILLI., .METRE. ) );
#312 = ORIENTED_EDGE ( 'NONE', *, *, #2891, .T. ) ;
#313 = ORIENTED_EDGE ( 'NONE', *, *, #3267, .F. ) ;
#314 = EDGE_CURVE ( 'NONE', #7344, #3412, #3221, .T. ) ;
#315 = AXIS2_PLACEMENT_3D ( 'NONE', #3862, #6140, #7296 ) ;
#316 = EDGE_CURVE ( 'NONE', #5145, #7310, #426, .T. ) ;
#317 = CARTESIAN_POINT ( 'NONE',  ( -1.582747773907208000, 1.550000000000000044, 0.9979999999999999982 ) ) ;
#318 = EDGE_LOOP ( 'NONE', ( #3284, #2761, #3418, #3534 ) ) ;
#319 = CARTESIAN_POINT ( 'NONE',  ( 3.220000000017710029, 0.3499797189057289870, 0.000000000000000000 ) ) ;
#320 = SURFACE_STYLE_USAGE ( .BOTH. , #3389 ) ;
#321 = PRESENTATION_STYLE_ASSIGNMENT (( #6737 ) ) ;
#322 = VERTEX_POINT ( 'NONE', #7230 ) ;
#323 = PLANE ( 'NONE',  #5122 ) ;
#324 = CARTESIAN_POINT ( 'NONE',  ( 2.374999999997129851, 1.519999999999190221, 0.2500000000000000000 ) ) ;
#325 = ADVANCED_FACE ( 'NONE', ( #2058 ), #4381, .F. ) ;
#326 = STYLED_ITEM ( 'NONE', ( #4837 ), #624 ) ;
#327 = SURFACE_STYLE_USAGE ( .BOTH. , #6097 ) ;
#329 = DIRECTION ( 'NONE',  ( 1.000000000000000000, 0.000000000000000000, 0.000000000000000000 ) ) ;
#328 = DIRECTION ( 'NONE',  ( 1.000000000000000000, 1.414329687314046723E-11, 0.000000000000000000 ) ) ;
#330 = DIRECTION ( 'NONE',  ( -1.000000000000000000, 0.000000000000000000, 0.000000000000000000 ) ) ;
#331 = VECTOR ( 'NONE', #3806, 1000.000000000000000 ) ;
#332 = COLOUR_RGB ( '',0.3294117647058823484, 0.3294117647058823484, 0.3294117647058823484 ) ;
#333 = AXIS2_PLACEMENT_3D ( 'NONE', #1227, #634, #5994 ) ;
#334 =( NAMED_UNIT ( * ) PLANE_ANGLE_UNIT ( ) SI_UNIT ( $, .RADIAN. ) );
#335 = ORIENTED_EDGE ( 'NONE', *, *, #189, .F. ) ;
#336 = ADVANCED_FACE ( 'NONE', ( #3370 ), #7416, .F. ) ;
#337 = PRESENTATION_STYLE_ASSIGNMENT (( #1505 ) ) ;
#338 = FILL_AREA_STYLE ('',( #2713 ) ) ;
#339 = ORIENTED_EDGE ( 'NONE', *, *, #6890, .F. ) ;
#340 = CYLINDRICAL_SURFACE ( 'NONE', #696, 0.1499999999999999667 ) ;
#341 = ORIENTED_EDGE ( 'NONE', *, *, #4749, .T. ) ;
#342 = DIRECTION ( 'NONE',  ( -0.8660254037822180395, -0.5000000000038463677, 0.000000000000000000 ) ) ;
#343 = PRESENTATION_LAYER_ASSIGNMENT (  '', '', ( #3654 ) ) ;
#344 = DIRECTION ( 'NONE',  ( 0.000000000000000000, 0.000000000000000000, 1.000000000000000000 ) ) ;
#345 = CIRCLE ( 'NONE', #3045, 0.1500000000000278333 ) ;
#346 = CARTESIAN_POINT ( 'NONE',  ( 2.739999999999999769, -2.575000000000000178, 0.02000000000000000042 ) ) ;
#347 = ORIENTED_EDGE ( 'NONE', *, *, #4328, .F. ) ;
#348 = ORIENTED_EDGE ( 'NONE', *, *, #1793, .F. ) ;
#349 = EDGE_CURVE ( 'NONE', #600, #2584, #2749, .T. ) ;
#350 = AXIS2_PLACEMENT_3D ( 'NONE', #1852, #1813, #6250 ) ;
#351 = CARTESIAN_POINT ( 'NONE',  ( -2.770000000045520050, 0.2649999999995339972, 0.2500000000000000000 ) ) ;
#352 = DIRECTION ( 'NONE',  ( -0.000000000000000000, 1.000000000000000000, 0.000000000000000000 ) ) ;
#353 = VECTOR ( 'NONE', #1785, 1000.000000000000000 ) ;
#354 = CARTESIAN_POINT ( 'NONE',  ( -2.789999999999789981, -1.685000000000200115, 0.000000000000000000 ) ) ;
#355 = EDGE_LOOP ( 'NONE', ( #6648, #1504, #7379, #6 ) ) ;
#356 = VERTEX_POINT ( 'NONE', #5082 ) ;
#357 = FACE_OUTER_BOUND ( 'NONE', #5180, .T. ) ;
#358 =( NAMED_UNIT ( * ) SI_UNIT ( $, .STERADIAN. ) SOLID_ANGLE_UNIT ( ) );
#359 = EDGE_CURVE ( 'NONE', #4154, #2520, #4518, .T. ) ;
#360 = PRESENTATION_STYLE_ASSIGNMENT (( #4402 ) ) ;
#361 = UNCERTAINTY_MEASURE_WITH_UNIT (LENGTH_MEASURE( 1.000000000000000082E-05 ), #1045, 'distance_accuracy_value', 'NONE');
#362 =( LENGTH_UNIT ( ) NAMED_UNIT ( * ) SI_UNIT ( .MILLI., .METRE. ) );
#363 = DIRECTION ( 'NONE',  ( 0.000000000000000000, 0.000000000000000000, 1.000000000000000000 ) ) ;
#364 = DIRECTION ( 'NONE',  ( -0.000000000000000000, 1.000000000000000000, 0.000000000000000000 ) ) ;
#365 = MECHANICAL_DESIGN_GEOMETRIC_PRESENTATION_REPRESENTATION (  '', ( #2202 ), #5579 ) ;
#366 = DIRECTION ( 'NONE',  ( 0.000000000000000000, 1.000000000000000000, 0.000000000000000000 ) ) ;
#367 = UNCERTAINTY_MEASURE_WITH_UNIT (LENGTH_MEASURE( 1.000000000000000082E-05 ), #4840, 'distance_accuracy_value', 'NONE');
#368 = AXIS2_PLACEMENT_3D ( 'NONE', #2546, #1977, #7114 ) ;
#369 = COLOUR_RGB ( '',0.8666666666666666963, 0.8666666666666666963, 0.8666666666666666963 ) ;
#370 = PLANE ( 'NONE',  #7451 ) ;
#371 = ORIENTED_EDGE ( 'NONE', *, *, #627, .F. ) ;
#372 = DIRECTION ( 'NONE',  ( 0.000000000000000000, -0.6427876096525283467, 0.7660444431475167404 ) ) ;
#373 = SURFACE_SIDE_STYLE ('',( #1544 ) ) ;
#374 = ORIENTED_EDGE ( 'NONE', *, *, #5371, .F. ) ;
#375 = CARTESIAN_POINT ( 'NONE',  ( -2.794999999999910223, 0.4149999999991679789, 0.2500000000000000000 ) ) ;
#376 =( NAMED_UNIT ( * ) SI_UNIT ( $, .STERADIAN. ) SOLID_ANGLE_UNIT ( ) );
#377 = MECHANICAL_DESIGN_GEOMETRIC_PRESENTATION_REPRESENTATION (  '', ( #6919 ), #23 ) ;
#378 = ORIENTED_EDGE ( 'NONE', *, *, #270, .T. ) ;
#379 = DIRECTION ( 'NONE',  ( -1.000000000000000000, 1.138620055312090056E-13, 0.000000000000000000 ) ) ;
#380 = PRESENTATION_STYLE_ASSIGNMENT (( #4955 ) ) ;
#381 = SURFACE_STYLE_USAGE ( .BOTH. , #4353 ) ;
#382 = EDGE_LOOP ( 'NONE', ( #989, #6759, #2949, #6496 ) ) ;
#383 = EDGE_LOOP ( 'NONE', ( #4469, #6801, #1434, #335 ) ) ;
#384 = DIRECTION ( 'NONE',  ( 0.000000000000000000, 0.000000000000000000, -1.000000000000000000 ) ) ;
#385 = FILL_AREA_STYLE_COLOUR ( '', #5389 ) ;
#386 = ORIENTED_EDGE ( 'NONE', *, *, #4003, .F. ) ;
#387 = DIRECTION ( 'NONE',  ( 0.000000000000000000, 0.000000000000000000, 1.000000000000000000 ) ) ;
#388 = DIRECTION ( 'NONE',  ( 0.000000000000000000, 0.000000000000000000, 1.000000000000000000 ) ) ;
#389 = EDGE_LOOP ( 'NONE', ( #6780, #6002, #2341, #4991 ) ) ;
#390 = EDGE_LOOP ( 'NONE', ( #1777, #5017, #855, #1093 ) ) ;
#391 = FACE_OUTER_BOUND ( 'NONE', #5406, .T. ) ;
#392 = ORIENTED_EDGE ( 'NONE', *, *, #5757, .F. ) ;
#393 = FILL_AREA_STYLE_COLOUR ( '', #7187 ) ;
#394 = PRESENTATION_STYLE_ASSIGNMENT (( #6700 ) ) ;
#395 = EDGE_CURVE ( 'NONE', #2189, #7196, #1576, .T. ) ;
#396 = STYLED_ITEM ( 'NONE', ( #3729 ), #7148 ) ;
#397 = STYLED_ITEM ( 'NONE', ( #5960 ), #1992 ) ;
#398 = ADVANCED_FACE ( 'NONE', ( #1027 ), #2829, .F. ) ;
#399 = STYLED_ITEM ( 'NONE', ( #3528 ), #5220 ) ;
#400 = CARTESIAN_POINT ( 'NONE',  ( 2.420000000014369768, -1.020000000000760076, 0.000000000000000000 ) ) ;
#401 = DIRECTION ( 'NONE',  ( 0.000000000000000000, 0.000000000000000000, 1.000000000000000000 ) ) ;
#402 = AXIS2_PLACEMENT_3D ( 'NONE', #2674, #915, #6638 ) ;
#403 = VECTOR ( 'NONE', #6642, 1000.000000000000114 ) ;
#404 = FACE_OUTER_BOUND ( 'NONE', #6443, .T. ) ;
#405 = VECTOR ( 'NONE', #401, 1000.000000000000000 ) ;
#406 = PRESENTATION_STYLE_ASSIGNMENT (( #2630 ) ) ;
#407 = ORIENTED_EDGE ( 'NONE', *, *, #5229, .F. ) ;
#408 = SURFACE_SIDE_STYLE ('',( #2787 ) ) ;
#409 = EDGE_CURVE ( 'NONE', #6690, #4706, #1917, .T. ) ;
#410 = DIRECTION ( 'NONE',  ( -1.000000000000000000, 0.000000000000000000, 0.000000000000000000 ) ) ;
#411 = CARTESIAN_POINT ( 'NONE',  ( 2.727946210799999438, -2.562946210799999847, 0.2500000000000000000 ) ) ;
#412 = CARTESIAN_POINT ( 'NONE',  ( -2.620000000045539679, 0.2649999999995319988, 0.000000000000000000 ) ) ;
#413 = EDGE_LOOP ( 'NONE', ( #371, #3525, #1915, #1170 ) ) ;
#414 = EDGE_CURVE ( 'NONE', #5466, #2141, #4637, .T. ) ;
#415 = AXIS2_PLACEMENT_3D ( 'NONE', #4394, #6129, #2184 ) ;
#416 = VECTOR ( 'NONE', #7284, 1000.000000000000000 ) ;
#417 = STYLED_ITEM ( 'NONE', ( #3891 ), #662 ) ;
#418 = DIRECTION ( 'NONE',  ( 0.000000000000000000, 0.000000000000000000, 1.000000000000000000 ) ) ;
#419 = DIRECTION ( 'NONE',  ( 1.138620055312090056E-13, 1.000000000000000000, 0.000000000000000000 ) ) ;
#420 = ORIENTED_EDGE ( 'NONE', *, *, #2747, .T. ) ;
#421 = CARTESIAN_POINT ( 'NONE',  ( -2.790000000000339764, 2.124999999998840039, 0.000000000000000000 ) ) ;
#422 = DIRECTION ( 'NONE',  ( 0.000000000000000000, 0.000000000000000000, 1.000000000000000000 ) ) ;
#423 = ORIENTED_EDGE ( 'NONE', *, *, #5224, .T. ) ;
#424 = COLOUR_RGB ( '',0.3294117647058823484, 0.3294117647058823484, 0.3294117647058823484 ) ;
#425 =( NAMED_UNIT ( * ) SI_UNIT ( $, .STERADIAN. ) SOLID_ANGLE_UNIT ( ) );
#426 = CIRCLE ( 'NONE', #6609, 0.2250000000002927714 ) ;
#427 = DIRECTION ( 'NONE',  ( 0.000000000000000000, 0.000000000000000000, 1.000000000000000000 ) ) ;
#428 = ORIENTED_EDGE ( 'NONE', *, *, #4491, .F. ) ;
#429 = LINE ( 'NONE', #5523, #4995 ) ;
#430 = ORIENTED_EDGE ( 'NONE', *, *, #6037, .F. ) ;
#431 = AXIS2_PLACEMENT_3D ( 'NONE', #6564, #2483, #4803 ) ;
#432 = ORIENTED_EDGE ( 'NONE', *, *, #6039, .T. ) ;
#433 = CARTESIAN_POINT ( 'NONE',  ( -0.08000000002280670264, -2.377098005438139872, 0.000000000000000000 ) ) ;
#434 = CARTESIAN_POINT ( 'NONE',  ( 0.1549999999992909827, 2.149999999999860023, 0.000000000000000000 ) ) ;
#435 = EDGE_CURVE ( 'NONE', #7097, #2336, #707, .T. ) ;
#436 = ORIENTED_EDGE ( 'NONE', *, *, #3759, .F. ) ;
#437 = DIRECTION ( 'NONE',  ( 0.000000000000000000, 0.000000000000000000, -1.000000000000000000 ) ) ;
#438 = VECTOR ( 'NONE', #3677, 1000.000000000000000 ) ;
#439 = UNCERTAINTY_MEASURE_WITH_UNIT (LENGTH_MEASURE( 1.000000000000000082E-05 ), #2633, 'distance_accuracy_value', 'NONE');
#440 = PRESENTATION_STYLE_ASSIGNMENT (( #6666 ) ) ;
#441 = DIRECTION ( 'NONE',  ( -0.7071067811869490294, 0.7071067811861460051, 0.000000000000000000 ) ) ;
#442 = EDGE_CURVE ( 'NONE', #3800, #5625, #5536, .T. ) ;
#443 = UNCERTAINTY_MEASURE_WITH_UNIT (LENGTH_MEASURE( 1.000000000000000082E-05 ), #2263, 'distance_accuracy_value', 'NONE');
#444 = AXIS2_PLACEMENT_3D ( 'NONE', #1430, #4245, #2495 ) ;
#445 = PLANE ( 'NONE',  #663 ) ;
#446 = VERTEX_POINT ( 'NONE', #4226 ) ;
#447 = VERTEX_POINT ( 'NONE', #7008 ) ;
#448 = PRESENTATION_STYLE_ASSIGNMENT (( #522 ) ) ;
#449 = AXIS2_PLACEMENT_3D ( 'NONE', #3235, #6231, #879 ) ;
#450 = COLOUR_RGB ( '',0.8666666666666666963, 0.8666666666666666963, 0.8666666666666666963 ) ;
#451 = FILL_AREA_STYLE_COLOUR ( '', #101 ) ;
#452 = DIRECTION ( 'NONE',  ( 1.000000000000000000, -1.836970198721029688E-16, 0.000000000000000000 ) ) ;
#453 = ORIENTED_EDGE ( 'NONE', *, *, #5453, .F. ) ;
#454 = DIRECTION ( 'NONE',  ( -1.000000000000000000, 3.122502256755383083E-13, 0.000000000000000000 ) ) ;
#455 = FACE_OUTER_BOUND ( 'NONE', #4484, .T. ) ;
#456 = ORIENTED_EDGE ( 'NONE', *, *, #2838, .T. ) ;
#457 = LINE ( 'NONE', #3910, #4791 ) ;
#458 = COLOUR_RGB ( '',0.8666666666666666963, 0.8666666666666666963, 0.8666666666666666963 ) ;
#459 = FILL_AREA_STYLE_COLOUR ( '', #5318 ) ;
#460 = LINE ( 'NONE', #2806, #45 ) ;
#461 = ORIENTED_EDGE ( 'NONE', *, *, #1113, .T. ) ;
#462 = PLANE ( 'NONE',  #7266 ) ;
#463 =( LENGTH_UNIT ( ) NAMED_UNIT ( * ) SI_UNIT ( .MILLI., .METRE. ) );
#464 =( GEOMETRIC_REPRESENTATION_CONTEXT ( 3 ) GLOBAL_UNCERTAINTY_ASSIGNED_CONTEXT ( ( #1914 ) ) GLOBAL_UNIT_ASSIGNED_CONTEXT ( ( #631, #1839, #7006 ) ) REPRESENTATION_CONTEXT ( 'NONE', 'WORKASPACE' ) );
#465 = VERTEX_POINT ( 'NONE', #71 ) ;
#466 = ORIENTED_EDGE ( 'NONE', *, *, #625, .F. ) ;
#467 = FACE_OUTER_BOUND ( 'NONE', #5469, .T. ) ;
#468 = FILL_AREA_STYLE_COLOUR ( '', #278 ) ;
#469 = PRESENTATION_STYLE_ASSIGNMENT (( #5894 ) ) ;
#470 = MECHANICAL_DESIGN_GEOMETRIC_PRESENTATION_REPRESENTATION (  '', ( #4279 ), #3661 ) ;
#471 = ORIENTED_EDGE ( 'NONE', *, *, #2324, .T. ) ;
#472 = CARTESIAN_POINT ( 'NONE',  ( 0.1549999999992909827, -2.149999999999620215, 0.000000000000000000 ) ) ;
#473 = COLOUR_RGB ( '',0.8666666666666666963, 0.8666666666666666963, 0.8666666666666666963 ) ;
#474 = PLANE ( 'NONE',  #2952 ) ;
#475 = SURFACE_SIDE_STYLE ('',( #6404 ) ) ;
#476 = COLOUR_RGB ( '',0.8666666666666666963, 0.8666666666666666963, 0.8666666666666666963 ) ;
#477 = CARTESIAN_POINT ( 'NONE',  ( 2.374999999997129851, 1.519999999999190221, 0.000000000000000000 ) ) ;
#478 = DIRECTION ( 'NONE',  ( 0.000000000000000000, 0.000000000000000000, 1.000000000000000000 ) ) ;
#479 = SURFACE_SIDE_STYLE ('',( #5696 ) ) ;
#480 = CARTESIAN_POINT ( 'NONE',  ( 2.420000000014369768, 1.019999999999190221, 0.2500000000000000000 ) ) ;
#481 = ORIENTED_EDGE ( 'NONE', *, *, #584, .T. ) ;
#482 = VERTEX_POINT ( 'NONE', #6372 ) ;
#483 = FILL_AREA_STYLE ('',( #6783 ) ) ;
#484 = APPLICATION_CONTEXT ( 'automotive_design' ) ;
#485 = COLOUR_RGB ( '',0.3294117647058823484, 0.3294117647058823484, 0.3294117647058823484 ) ;
#486 = CARTESIAN_POINT ( 'NONE',  ( -0.08000000002280670264, 2.377098005438369466, 0.000000000000000000 ) ) ;
#487 = CARTESIAN_POINT ( 'NONE',  ( -2.870000000000000107, 2.445271787389520224, 0.9173648177754349931 ) ) ;
#488 = EDGE_LOOP ( 'NONE', ( #6807, #3852, #2531, #7444 ) ) ;
#489 =( LENGTH_UNIT ( ) NAMED_UNIT ( * ) SI_UNIT ( .MILLI., .METRE. ) );
#490 = ADVANCED_FACE ( 'NONE', ( #6483 ), #1840, .T. ) ;
#491 = CARTESIAN_POINT ( 'NONE',  ( -2.919903810566869762, -2.199999999999870059, 0.000000000000000000 ) ) ;
#492 = ORIENTED_EDGE ( 'NONE', *, *, #3495, .F. ) ;
#493 = AXIS2_PLACEMENT_3D ( 'NONE', #1835, #6927, #2900 ) ;
#494 = FILL_AREA_STYLE_COLOUR ( '', #6296 ) ;
#495 = LINE ( 'NONE', #4738, #3343 ) ;
#496 = CIRCLE ( 'NONE', #6799, 0.2250000000003958833 ) ;
#497 = ORIENTED_EDGE ( 'NONE', *, *, #4145, .T. ) ;
#498 = CYLINDRICAL_SURFACE ( 'NONE', #6729, 0.1499999999993879285 ) ;
#499 = COLOUR_RGB ( '',0.8666666666666666963, 0.8666666666666666963, 0.8666666666666666963 ) ;
#500 = SURFACE_STYLE_USAGE ( .BOTH. , #6351 ) ;
#501 = SURFACE_SIDE_STYLE ('',( #5720 ) ) ;
#502 = ORIENTED_EDGE ( 'NONE', *, *, #3355, .F. ) ;
#503 = ORIENTED_EDGE ( 'NONE', *, *, #3170, .T. ) ;
#504 = CARTESIAN_POINT ( 'NONE',  ( -0.6800000000228580976, -2.377098005438599948, 0.000000000000000000 ) ) ;
#505 = ORIENTED_EDGE ( 'NONE', *, *, #7061, .F. ) ;
#506 = AXIS2_PLACEMENT_3D ( 'NONE', #1529, #3775, #2078 ) ;
#507 = PLANE ( 'NONE',  #3734 ) ;
#508 = CARTESIAN_POINT ( 'NONE',  ( -2.310000001215910093, -0.8549999999999049471, 0.000000000000000000 ) ) ;
#509 = LINE ( 'NONE', #4554, #896 ) ;
#510 = DIRECTION ( 'NONE',  ( -1.836970198721029688E-16, -1.000000000000000000, 0.000000000000000000 ) ) ;
#511 = PRESENTATION_LAYER_ASSIGNMENT (  '', '', ( #151 ) ) ;
#512 = VECTOR ( 'NONE', #3423, 1000.000000000000000 ) ;
#513 = CARTESIAN_POINT ( 'NONE',  ( -0.1800000000228290098, 2.705000000001410054, 0.000000000000000000 ) ) ;
#514 = UNCERTAINTY_MEASURE_WITH_UNIT (LENGTH_MEASURE( 1.000000000000000082E-05 ), #2865, 'distance_accuracy_value', 'NONE');
#515 =( NAMED_UNIT ( * ) PLANE_ANGLE_UNIT ( ) SI_UNIT ( $, .RADIAN. ) );
#516 = VERTEX_POINT ( 'NONE', #2436 ) ;
#517 = SURFACE_STYLE_FILL_AREA ( #3552 ) ;
#518 = DIRECTION ( 'NONE',  ( 1.000000000000000000, 0.000000000000000000, 0.000000000000000000 ) ) ;
#519 = ORIENTED_EDGE ( 'NONE', *, *, #3137, .T. ) ;
#520 = COLOUR_RGB ( '',0.8666666666666666963, 0.8666666666666666963, 0.8666666666666666963 ) ;
#521 = COLOUR_RGB ( '',0.8666666666666666963, 0.8666666666666666963, 0.8666666666666666963 ) ;
#522 = SURFACE_STYLE_USAGE ( .BOTH. , #1075 ) ;
#523 = AXIS2_PLACEMENT_3D ( 'NONE', #3812, #7259, #5526 ) ;
#524 = FILL_AREA_STYLE ('',( #6977 ) ) ;
#525 = DIRECTION ( 'NONE',  ( 3.157967713279520302E-13, -1.000000000000000000, 0.000000000000000000 ) ) ;
#526 = FILL_AREA_STYLE_COLOUR ( '', #308 ) ;
#527 = ORIENTED_EDGE ( 'NONE', *, *, #7048, .F. ) ;
#528 = ORIENTED_EDGE ( 'NONE', *, *, #6256, .T. ) ;
#529 = CARTESIAN_POINT ( 'NONE',  ( -1.850000000000000089, 1.550000000000000044, 0.9990000000000001101 ) ) ;
#530 = EDGE_CURVE ( 'NONE', #2185, #1767, #3669, .T. ) ;
#531 = EDGE_CURVE ( 'NONE', #1979, #1720, #5341, .T. ) ;
#532 = EDGE_CURVE ( 'NONE', #3800, #1663, #3059, .T. ) ;
#533 = VECTOR ( 'NONE', #4782, 1000.000000000000000 ) ;
#534 = EDGE_CURVE ( 'NONE', #1163, #516, #5880, .T. ) ;
#535 = EDGE_LOOP ( 'NONE', ( #7456, #5752, #876, #3458 ) ) ;
#536 = DIRECTION ( 'NONE',  ( 0.000000000000000000, 0.000000000000000000, 1.000000000000000000 ) ) ;
#537 = AXIS2_PLACEMENT_3D ( 'NONE', #1961, #5405, #1891 ) ;
#538 = ORIENTED_EDGE ( 'NONE', *, *, #442, .F. ) ;
#539 = AXIS2_PLACEMENT_3D ( 'NONE', #2007, #4336, #6513 ) ;
#540 = ORIENTED_EDGE ( 'NONE', *, *, #4687, .F. ) ;
#541 = CARTESIAN_POINT ( 'NONE',  ( -3.220221562247220337, -1.610000000000530118, 0.000000000000000000 ) ) ;
#542 = EDGE_CURVE ( 'NONE', #6005, #11, #3702, .T. ) ;
#543 = CARTESIAN_POINT ( 'NONE',  ( 2.789999999999639879, -1.535000000001719878, 0.2500000000000000000 ) ) ;
#544 = VECTOR ( 'NONE', #410, 1000.000000000000000 ) ;
#545 = ORIENTED_EDGE ( 'NONE', *, *, #39, .T. ) ;
#546 = LINE ( 'NONE', #61, #1652 ) ;
#547 = CIRCLE ( 'NONE', #4820, 0.1499999999999800937 ) ;
#548 =( NAMED_UNIT ( * ) PLANE_ANGLE_UNIT ( ) SI_UNIT ( $, .RADIAN. ) );
#549 = FILL_AREA_STYLE ('',( #2894 ) ) ;
#550 = PRESENTATION_LAYER_ASSIGNMENT (  '', '', ( #6743 ) ) ;
#551 = CARTESIAN_POINT ( 'NONE',  ( 2.570000000014279529, -0.4150000000002140310, 0.2500000000000000000 ) ) ;
#552 = DIRECTION ( 'NONE',  ( -2.891205793294678228E-15, -1.000000000000000000, 0.000000000000000000 ) ) ;
#553 = DIRECTION ( 'NONE',  ( 0.000000000000000000, 0.000000000000000000, -1.000000000000000000 ) ) ;
#554 = FILL_AREA_STYLE ('',( #2282 ) ) ;
#555 = SURFACE_STYLE_USAGE ( .BOTH. , #4639 ) ;
#556 = CARTESIAN_POINT ( 'NONE',  ( 2.919903810567320068, 0.3399999999993499888, 0.000000000000000000 ) ) ;
#557 = PRESENTATION_STYLE_ASSIGNMENT (( #2147 ) ) ;
#558 = PRESENTATION_LAYER_ASSIGNMENT (  '', '', ( #6145 ) ) ;
#559 = EDGE_CURVE ( 'NONE', #564, #2889, #5907, .T. ) ;
#560 = CIRCLE ( 'NONE', #6993, 0.1499999999999999667 ) ;
#561 = CARTESIAN_POINT ( 'NONE',  ( -2.794999999999669971, 0.2649999999988409960, 0.2500000000000000000 ) ) ;
#562 = CARTESIAN_POINT ( 'NONE',  ( -3.445000000011790409, -0.9200202810965329991, 0.000000000000000000 ) ) ;
#563 = SURFACE_STYLE_USAGE ( .BOTH. , #640 ) ;
#564 = VERTEX_POINT ( 'NONE', #4978 ) ;
#565 = PRESENTATION_STYLE_ASSIGNMENT (( #4767 ) ) ;
#566 = ORIENTED_EDGE ( 'NONE', *, *, #4050, .T. ) ;
#567 = LINE ( 'NONE', #7355, #4660 ) ;
#568 = CYLINDRICAL_SURFACE ( 'NONE', #5860, 0.1000000000000000333 ) ;
#569 = VECTOR ( 'NONE', #3645, 1000.000000000000000 ) ;
#570 = ORIENTED_EDGE ( 'NONE', *, *, #4393, .T. ) ;
#571 = DIRECTION ( 'NONE',  ( 0.000000000000000000, 0.000000000000000000, 1.000000000000000000 ) ) ;
#572 = FILL_AREA_STYLE ('',( #4704 ) ) ;
#573 = EDGE_LOOP ( 'NONE', ( #3308, #1614, #2800, #374 ) ) ;
#574 = VECTOR ( 'NONE', #5163, 1000.000000000000000 ) ;
#575 = VERTEX_POINT ( 'NONE', #944 ) ;
#576 = FILL_AREA_STYLE ('',( #2454 ) ) ;
#577 = ORIENTED_EDGE ( 'NONE', *, *, #3864, .T. ) ;
#578 =( NAMED_UNIT ( * ) SI_UNIT ( $, .STERADIAN. ) SOLID_ANGLE_UNIT ( ) );
#579 = FACE_OUTER_BOUND ( 'NONE', #3980, .T. ) ;
#580 = CARTESIAN_POINT ( 'NONE',  ( 3.445000000020749908, 0.9200000000140750034, 0.000000000000000000 ) ) ;
#581 = AXIS2_PLACEMENT_3D ( 'NONE', #3444, #1722, #2211 ) ;
#582 = FILL_AREA_STYLE ('',( #5805 ) ) ;
#583 = VECTOR ( 'NONE', #87, 1000.000000000000000 ) ;
#584 = EDGE_CURVE ( 'NONE', #6192, #842, #2585, .T. ) ;
#585 = LINE ( 'NONE', #703, #1114 ) ;
#586 = UNCERTAINTY_MEASURE_WITH_UNIT (LENGTH_MEASURE( 1.000000000000000082E-05 ), #1499, 'distance_accuracy_value', 'NONE');
#587 = AXIS2_PLACEMENT_3D ( 'NONE', #3502, #4176, #6354 ) ;
#588 = VERTEX_POINT ( 'NONE', #184 ) ;
#589 = FILL_AREA_STYLE_COLOUR ( '', #7131 ) ;
#590 = SURFACE_SIDE_STYLE ('',( #5811 ) ) ;
#591 = FACE_OUTER_BOUND ( 'NONE', #7232, .T. ) ;
#592 = PRESENTATION_LAYER_ASSIGNMENT (  '', '', ( #3787 ) ) ;
#593 = PRESENTATION_STYLE_ASSIGNMENT (( #4230 ) ) ;
#594 = UNCERTAINTY_MEASURE_WITH_UNIT (LENGTH_MEASURE( 1.000000000000000082E-05 ), #1323, 'distance_accuracy_value', 'NONE');
#595 = CARTESIAN_POINT ( 'NONE',  ( 2.919903810567660241, -2.200000000000000178, 0.000000000000000000 ) ) ;
#596 = FILL_AREA_STYLE_COLOUR ( '', #7227 ) ;
#597 = CARTESIAN_POINT ( 'NONE',  ( -2.794999999999910223, -0.4150000000012140089, 0.000000000000000000 ) ) ;
#598 = ORIENTED_EDGE ( 'NONE', *, *, #5731, .F. ) ;
#599 = SURFACE_SIDE_STYLE ('',( #6233 ) ) ;
#600 = VERTEX_POINT ( 'NONE', #256 ) ;
#601 = LINE ( 'NONE', #6423, #4605 ) ;
#602 = FILL_AREA_STYLE ('',( #1274 ) ) ;
#603 = AXIS2_PLACEMENT_3D ( 'NONE', #2529, #1393, #5474 ) ;
#604 = CARTESIAN_POINT ( 'NONE',  ( -0.1800000000227439945, -2.477098005438509887, 0.2500000000000000000 ) ) ;
#605 = LINE ( 'NONE', #13, #252 ) ;
#606 = SURFACE_STYLE_FILL_AREA ( #1130 ) ;
#607 = VERTEX_POINT ( 'NONE', #3213 ) ;
#608 = VECTOR ( 'NONE', #5193, 1000.000000000000000 ) ;
#609 = VERTEX_POINT ( 'NONE', #1950 ) ;
#610 = CARTESIAN_POINT ( 'NONE',  ( 2.420000000014279617, -0.2650000000002140088, 0.2500000000000000000 ) ) ;
#611 = LINE ( 'NONE', #5364, #4560 ) ;
#612 = CARTESIAN_POINT ( 'NONE',  ( 2.919903810567599844, 2.199999999998480060, 0.000000000000000000 ) ) ;
#613 = CARTESIAN_POINT ( 'NONE',  ( -2.870000000000000107, -2.445271787389510010, 0.9173648177754361033 ) ) ;
#614 = ORIENTED_EDGE ( 'NONE', *, *, #1789, .F. ) ;
#615 = FILL_AREA_STYLE ('',( #3538 ) ) ;
#616 = PRESENTATION_LAYER_ASSIGNMENT (  '', '', ( #1370 ) ) ;
#617 = LINE ( 'NONE', #6883, #3479 ) ;
#618 = CIRCLE ( 'NONE', #140, 0.2250000000008509082 ) ;
#619 = CARTESIAN_POINT ( 'NONE',  ( -3.220222332087410155, -0.3400000000014820056, 0.2500000000000000000 ) ) ;
#620 = PRESENTATION_STYLE_ASSIGNMENT (( #4553 ) ) ;
#621 =( LENGTH_UNIT ( ) NAMED_UNIT ( * ) SI_UNIT ( .MILLI., .METRE. ) );
#622 = EDGE_CURVE ( 'NONE', #6847, #2876, #7223, .T. ) ;
#623 = CARTESIAN_POINT ( 'NONE',  ( 3.445000000017369945, 1.619982680676219866, 0.000000000000000000 ) ) ;
#624 = ADVANCED_FACE ( 'NONE', ( #222 ), #2049, .F. ) ;
#625 = EDGE_CURVE ( 'NONE', #6309, #465, #4485, .T. ) ;
#626 = COLOUR_RGB ( '',0.8666666666666666963, 0.8666666666666666963, 0.8666666666666666963 ) ;
#627 = EDGE_CURVE ( 'NONE', #6392, #2369, #6668, .T. ) ;
#628 = CARTESIAN_POINT ( 'NONE',  ( -2.919903810566869762, -2.199999999999870059, 0.000000000000000000 ) ) ;
#629 = ORIENTED_EDGE ( 'NONE', *, *, #1169, .T. ) ;
#630 = EDGE_CURVE ( 'NONE', #5501, #4540, #3627, .T. ) ;
#631 =( LENGTH_UNIT ( ) NAMED_UNIT ( * ) SI_UNIT ( .MILLI., .METRE. ) );
#632 =( NAMED_UNIT ( * ) PLANE_ANGLE_UNIT ( ) SI_UNIT ( $, .RADIAN. ) );
#633 = CARTESIAN_POINT ( 'NONE',  ( 2.355000000014429773, 2.150000000000320100, 0.000000000000000000 ) ) ;
#634 = DIRECTION ( 'NONE',  ( 0.000000000000000000, 0.000000000000000000, -1.000000000000000000 ) ) ;
#635 = MECHANICAL_DESIGN_GEOMETRIC_PRESENTATION_REPRESENTATION (  '', ( #3939 ), #5369 ) ;
#636 = CARTESIAN_POINT ( 'NONE',  ( 3.445000000018130226, -0.3500000000038029913, 0.000000000000000000 ) ) ;
#637 = COLOUR_RGB ( '',0.8666666666666666963, 0.8666666666666666963, 0.8666666666666666963 ) ;
#638 = MECHANICAL_DESIGN_GEOMETRIC_PRESENTATION_REPRESENTATION (  '', ( #4303 ), #4419 ) ;
#639 = CARTESIAN_POINT ( 'NONE',  ( 3.220000000017900543, -2.199999999999930456, 0.2500000000000000000 ) ) ;
#640 = SURFACE_SIDE_STYLE ('',( #4016 ) ) ;
#641 = ORIENTED_EDGE ( 'NONE', *, *, #6064, .F. ) ;
#642 = VECTOR ( 'NONE', #4830, 1000.000000000000000 ) ;
#643 =( NAMED_UNIT ( * ) PLANE_ANGLE_UNIT ( ) SI_UNIT ( $, .RADIAN. ) );
#644 = VECTOR ( 'NONE', #6775, 1000.000000000000000 ) ;
#645 = VERTEX_POINT ( 'NONE', #785 ) ;
#646 = FACE_OUTER_BOUND ( 'NONE', #3039, .T. ) ;
#647 = ADVANCED_FACE ( 'NONE', ( #7151 ), #6707, .T. ) ;
#648 = FACE_OUTER_BOUND ( 'NONE', #1524, .T. ) ;
#649 = MECHANICAL_DESIGN_GEOMETRIC_PRESENTATION_REPRESENTATION (  '', ( #4071 ), #6107 ) ;
#650 =( GEOMETRIC_REPRESENTATION_CONTEXT ( 3 ) GLOBAL_UNCERTAINTY_ASSIGNED_CONTEXT ( ( #6139 ) ) GLOBAL_UNIT_ASSIGNED_CONTEXT ( ( #3083, #4747, #135 ) ) REPRESENTATION_CONTEXT ( 'NONE', 'WORKASPACE' ) );
#651 = CARTESIAN_POINT ( 'NONE',  ( 2.789999999999519975, 0.2650000000012989743, 0.2500000000000000000 ) ) ;
#652 = ORIENTED_EDGE ( 'NONE', *, *, #4932, .T. ) ;
#653 = ORIENTED_EDGE ( 'NONE', *, *, #6029, .F. ) ;
#654 = CARTESIAN_POINT ( 'NONE',  ( -3.220221562247350011, 1.609999999999500053, 0.000000000000000000 ) ) ;
#655 = DIRECTION ( 'NONE',  ( 0.000000000000000000, -1.000000000000000000, 0.000000000000000000 ) ) ;
#656 =( NAMED_UNIT ( * ) SI_UNIT ( $, .STERADIAN. ) SOLID_ANGLE_UNIT ( ) );
#657 = DIRECTION ( 'NONE',  ( 1.593054392101948526E-12, 1.000000000000000000, 0.000000000000000000 ) ) ;
#658 = STYLED_ITEM ( 'NONE', ( #2617 ), #4945 ) ;
#659 = AXIS2_PLACEMENT_3D ( 'NONE', #4498, #1558, #3239 ) ;
#660 = AXIS2_PLACEMENT_3D ( 'NONE', #6547, #2538, #4856 ) ;
#661 = DIRECTION ( 'NONE',  ( 0.6427876096525283467, 0.000000000000000000, 0.7660444431475167404 ) ) ;
#662 = ADVANCED_FACE ( 'NONE', ( #3362 ), #2235, .T. ) ;
#663 = AXIS2_PLACEMENT_3D ( 'NONE', #7417, #4565, #3831 ) ;
#664 = DIRECTION ( 'NONE',  ( 0.000000000000000000, 0.000000000000000000, 1.000000000000000000 ) ) ;
#665 =( GEOMETRIC_REPRESENTATION_CONTEXT ( 3 ) GLOBAL_UNCERTAINTY_ASSIGNED_CONTEXT ( ( #3594 ) ) GLOBAL_UNIT_ASSIGNED_CONTEXT ( ( #56, #99, #6991 ) ) REPRESENTATION_CONTEXT ( 'NONE', 'WORKASPACE' ) );
#666 = VECTOR ( 'NONE', #2579, 1000.000000000000000 ) ;
#667 =( NAMED_UNIT ( * ) PLANE_ANGLE_UNIT ( ) SI_UNIT ( $, .RADIAN. ) );
#668 = UNCERTAINTY_MEASURE_WITH_UNIT (LENGTH_MEASURE( 1.000000000000000082E-05 ), #5980, 'distance_accuracy_value', 'NONE');
#669 = ORIENTED_EDGE ( 'NONE', *, *, #3584, .F. ) ;
#670 = EDGE_CURVE ( 'NONE', #274, #5501, #5568, .T. ) ;
#671 =( NAMED_UNIT ( * ) PLANE_ANGLE_UNIT ( ) SI_UNIT ( $, .RADIAN. ) );
#672 = PRESENTATION_LAYER_ASSIGNMENT (  '', '', ( #2145 ) ) ;
#673 = FILL_AREA_STYLE ('',( #6971 ) ) ;
#674 =( NAMED_UNIT ( * ) SI_UNIT ( $, .STERADIAN. ) SOLID_ANGLE_UNIT ( ) );
#675 = LINE ( 'NONE', #1842, #2660 ) ;
#676 = SURFACE_STYLE_FILL_AREA ( #5884 ) ;
#677 = UNCERTAINTY_MEASURE_WITH_UNIT (LENGTH_MEASURE( 1.000000000000000082E-05 ), #5733, 'distance_accuracy_value', 'NONE');
#678 = CARTESIAN_POINT ( 'NONE',  ( -0.1800000000228290098, 2.705000000001410054, 0.000000000000000000 ) ) ;
#679 = ORIENTED_EDGE ( 'NONE', *, *, #3827, .T. ) ;
#680 = DIRECTION ( 'NONE',  ( 0.000000000000000000, 0.000000000000000000, -1.000000000000000000 ) ) ;
#681 = ORIENTED_EDGE ( 'NONE', *, *, #4258, .T. ) ;
#682 =( NAMED_UNIT ( * ) PLANE_ANGLE_UNIT ( ) SI_UNIT ( $, .RADIAN. ) );
#683 = FILL_AREA_STYLE_COLOUR ( '', #4533 ) ;
#684 = DIRECTION ( 'NONE',  ( 2.477462178377830271E-13, 1.000000000000000000, 0.000000000000000000 ) ) ;
#685 = CARTESIAN_POINT ( 'NONE',  ( 2.420000000014739694, -1.535000000000650067, 0.000000000000000000 ) ) ;
#686 = COLOUR_RGB ( '',0.8666666666666666963, 0.8666666666666666963, 0.8666666666666666963 ) ;
#687 = EDGE_CURVE ( 'NONE', #465, #5069, #4105, .T. ) ;
#688 = PRESENTATION_LAYER_ASSIGNMENT (  '', '', ( #5669 ) ) ;
#689 = LINE ( 'NONE', #7102, #5153 ) ;
#690 = CARTESIAN_POINT ( 'NONE',  ( -0.5800000000228069386, -2.705000000001180016, 0.2500000000000000000 ) ) ;
#691 = ORIENTED_EDGE ( 'NONE', *, *, #6295, .F. ) ;
#692 = VERTEX_POINT ( 'NONE', #1210 ) ;
#693 = PRESENTATION_STYLE_ASSIGNMENT (( #5254 ) ) ;
#694 = CARTESIAN_POINT ( 'NONE',  ( 2.570000000014289743, 0.4150000000008379764, 0.2500000000000000000 ) ) ;
#695 = STYLED_ITEM ( 'NONE', ( #42 ), #1252 ) ;
#696 = AXIS2_PLACEMENT_3D ( 'NONE', #5085, #952, #5575 ) ;
#697 = SURFACE_STYLE_FILL_AREA ( #5370 ) ;
#698 = LINE ( 'NONE', #6434, #148 ) ;
#699 =( NAMED_UNIT ( * ) SI_UNIT ( $, .STERADIAN. ) SOLID_ANGLE_UNIT ( ) );
#700 = PRESENTATION_LAYER_ASSIGNMENT (  '', '', ( #6645 ) ) ;
#701 = DIRECTION ( 'NONE',  ( 0.000000000000000000, 0.000000000000000000, -1.000000000000000000 ) ) ;
#702 = VECTOR ( 'NONE', #2679, 1000.000000000000000 ) ;
#703 = CARTESIAN_POINT ( 'NONE',  ( -0.08000000002280670264, 2.377098005438369466, 0.000000000000000000 ) ) ;
#704 = ORIENTED_EDGE ( 'NONE', *, *, #5365, .T. ) ;
#705 = FILL_AREA_STYLE_COLOUR ( '', #5443 ) ;
#706 = PRESENTATION_LAYER_ASSIGNMENT (  '', '', ( #7245 ) ) ;
#707 = LINE ( 'NONE', #2937, #3990 ) ;
#708 = DIRECTION ( 'NONE',  ( 0.000000000000000000, 0.000000000000000000, -1.000000000000000000 ) ) ;
#709 = CARTESIAN_POINT ( 'NONE',  ( -2.789999999999789981, -0.8550000000003589173, 0.000000000000000000 ) ) ;
#710 = LINE ( 'NONE', #3144, #1205 ) ;
#711 = CARTESIAN_POINT ( 'NONE',  ( -2.744999999999950813, 0.4129019945693199189, 0.000000000000000000 ) ) ;
#712 = STYLED_ITEM ( 'NONE', ( #4777 ), #5695 ) ;
#713 = FILL_AREA_STYLE_COLOUR ( '', #332 ) ;
#714 = LINE ( 'NONE', #1351, #2267 ) ;
#715 = VERTEX_POINT ( 'NONE', #2200 ) ;
#716 =( NAMED_UNIT ( * ) SI_UNIT ( $, .STERADIAN. ) SOLID_ANGLE_UNIT ( ) );
#717 = ORIENTED_EDGE ( 'NONE', *, *, #3922, .F. ) ;
#718 = LINE ( 'NONE', #2332, #3582 ) ;
#719 = AXIS2_PLACEMENT_3D ( 'NONE', #2532, #7242, #3844 ) ;
#720 =( LENGTH_UNIT ( ) NAMED_UNIT ( * ) SI_UNIT ( .MILLI., .METRE. ) );
#721 = SURFACE_STYLE_FILL_AREA ( #6983 ) ;
#722 = DIRECTION ( 'NONE',  ( 0.000000000000000000, 0.000000000000000000, 1.000000000000000000 ) ) ;
#723 = EDGE_CURVE ( 'NONE', #6912, #3533, #4323, .T. ) ;
#724 =( LENGTH_UNIT ( ) NAMED_UNIT ( * ) SI_UNIT ( .MILLI., .METRE. ) );
#725 = PRESENTATION_STYLE_ASSIGNMENT (( #5938 ) ) ;
#726 = EDGE_LOOP ( 'NONE', ( #2170, #5634, #3420, #4423, #5210, #5665, #3751, #6557, #3109, #6881, #747, #5033, #3726, #3497, #83, #6764, #43, #1627, #2918, #1955, #3907, #960, #2207, #4656, #2755, #4871, #6176, #2488, #1002, #3655, #3219, #5952, #2098, #2222, #6393, #3424, #3312, #1049, #150, #6190, #5313, #4509, #5914, #3265, #6274, #3480, #7430, #2133, #5037, #5290, #7474, #5211, #6738, #3560, #6302, #5623, #7058, #6576, #7030, #5032, #6715, #6080, #4473, #3512, #6768, #5636, #386, #3339, #2596, #5175, #1953, #6979, #6871, #4452, #453, #5834, #3765, #7095, #7273, #4864, #1743, #1937, #2381, #6078 ) ) ;
#727 = ORIENTED_EDGE ( 'NONE', *, *, #723, .T. ) ;
#728 = LINE ( 'NONE', #1824, #116 ) ;
#729 = DIRECTION ( 'NONE',  ( 0.000000000000000000, 0.000000000000000000, 1.000000000000000000 ) ) ;
#730 = PRESENTATION_LAYER_ASSIGNMENT (  '', '', ( #5337 ) ) ;
#731 = LINE ( 'NONE', #3169, #5629 ) ;
#732 = DIRECTION ( 'NONE',  ( 0.000000000000000000, 0.000000000000000000, 1.000000000000000000 ) ) ;
#733 = MECHANICAL_DESIGN_GEOMETRIC_PRESENTATION_REPRESENTATION (  '', ( #3683 ), #6673 ) ;
#734 = CARTESIAN_POINT ( 'NONE',  ( 2.374999999997129851, -0.2500000000007960299, 0.000000000000000000 ) ) ;
#735 = DIRECTION ( 'NONE',  ( 0.000000000000000000, 0.000000000000000000, 1.000000000000000000 ) ) ;
#736 = CIRCLE ( 'NONE', #1975, 0.2672522260927919779 ) ;
#737 = CARTESIAN_POINT ( 'NONE',  ( -2.310000001215910093, 2.124999999997390088, 0.2500000000000000000 ) ) ;
#738 = DIRECTION ( 'NONE',  ( 0.000000000000000000, 0.000000000000000000, 1.000000000000000000 ) ) ;
#739 = UNCERTAINTY_MEASURE_WITH_UNIT (LENGTH_MEASURE( 1.000000000000000082E-05 ), #3949, 'distance_accuracy_value', 'NONE');
#740 = VERTEX_POINT ( 'NONE', #5047 ) ;
#741 = DIRECTION ( 'NONE',  ( 0.1710878698296509626, -0.1710878698296499634, 0.9702875252183267296 ) ) ;
#742 = CARTESIAN_POINT ( 'NONE',  ( -3.220000000017250397, 0.9200000000015510215, 0.000000000000000000 ) ) ;
#743 = SURFACE_STYLE_USAGE ( .BOTH. , #1303 ) ;
#744 = CARTESIAN_POINT ( 'NONE',  ( -2.739999999999999769, -2.575000000000000178, 0.02000000000000000042 ) ) ;
#745 = SURFACE_STYLE_FILL_AREA ( #6523 ) ;
#746 = FACE_OUTER_BOUND ( 'NONE', #5026, .T. ) ;
#747 = ORIENTED_EDGE ( 'NONE', *, *, #3135, .F. ) ;
#748 = EDGE_CURVE ( 'NONE', #7344, #2000, #5648, .T. ) ;
#749 = VECTOR ( 'NONE', #3122, 1000.000000000000000 ) ;
#750 =( NAMED_UNIT ( * ) PLANE_ANGLE_UNIT ( ) SI_UNIT ( $, .RADIAN. ) );
#751 = ORIENTED_EDGE ( 'NONE', *, *, #3204, .F. ) ;
#752 = LINE ( 'NONE', #3110, #945 ) ;
#753 = SURFACE_STYLE_FILL_AREA ( #4096 ) ;
#754 = VERTEX_POINT ( 'NONE', #3536 ) ;
#755 = SURFACE_STYLE_USAGE ( .BOTH. , #3114 ) ;
#756 = AXIS2_PLACEMENT_3D ( 'NONE', #2259, #2765, #5062 ) ;
#757 = CARTESIAN_POINT ( 'NONE',  ( -2.535547481933810410, -2.370547481933810818, 1.000000000000000000 ) ) ;
#758 = COLOUR_RGB ( '',0.8666666666666666963, 0.8666666666666666963, 0.8666666666666666963 ) ;
#759 =( GEOMETRIC_REPRESENTATION_CONTEXT ( 3 ) GLOBAL_UNCERTAINTY_ASSIGNED_CONTEXT ( ( #6516 ) ) GLOBAL_UNIT_ASSIGNED_CONTEXT ( ( #6346, #4575, #2915 ) ) REPRESENTATION_CONTEXT ( 'NONE', 'WORKASPACE' ) );
#760 = PRESENTATION_STYLE_ASSIGNMENT (( #806 ) ) ;
#761 = EDGE_CURVE ( 'NONE', #1112, #1926, #5687, .T. ) ;
#762 = ORIENTED_EDGE ( 'NONE', *, *, #3451, .T. ) ;
#764 = EDGE_CURVE ( 'NONE', #7067, #6352, #6956, .T. ) ;
#763 = FILL_AREA_STYLE_COLOUR ( '', #4926 ) ;
#765 = AXIS2_PLACEMENT_3D ( 'NONE', #1384, #3261, #6042 ) ;
#766 = DIRECTION ( 'NONE',  ( 0.8660254037880674716, -0.4999999999937148609, 0.000000000000000000 ) ) ;
#767 = EDGE_CURVE ( 'NONE', #7327, #2593, #6817, .T. ) ;
#768 = DIRECTION ( 'NONE',  ( 0.000000000000000000, 0.000000000000000000, 1.000000000000000000 ) ) ;
#769 = VECTOR ( 'NONE', #3436, 1000.000000000000000 ) ;
#770 = DIRECTION ( 'NONE',  ( 1.000000000000000000, 4.726382275045159701E-13, 0.000000000000000000 ) ) ;
#771 = DIRECTION ( 'NONE',  ( 1.000000000000000000, 0.000000000000000000, 0.000000000000000000 ) ) ;
#772 = EDGE_CURVE ( 'NONE', #1579, #4318, #5833, .T. ) ;
#773 = DIRECTION ( 'NONE',  ( 0.000000000000000000, 0.000000000000000000, 1.000000000000000000 ) ) ;
#774 = MECHANICAL_DESIGN_GEOMETRIC_PRESENTATION_REPRESENTATION (  '', ( #59 ), #2735 ) ;
#775 = DIRECTION ( 'NONE',  ( 0.000000000000000000, 0.000000000000000000, 1.000000000000000000 ) ) ;
#776 = DIRECTION ( 'NONE',  ( 0.000000000000000000, 0.000000000000000000, 1.000000000000000000 ) ) ;
#777 =( GEOMETRIC_REPRESENTATION_CONTEXT ( 3 ) GLOBAL_UNCERTAINTY_ASSIGNED_CONTEXT ( ( #7413 ) ) GLOBAL_UNIT_ASSIGNED_CONTEXT ( ( #5424, #1380, #3707 ) ) REPRESENTATION_CONTEXT ( 'NONE', 'WORKASPACE' ) );
#778 = AXIS2_PLACEMENT_3D ( 'NONE', #2738, #1641, #2117 ) ;
#779 = PRESENTATION_LAYER_ASSIGNMENT (  '', '', ( #2621 ) ) ;
#780 = DIRECTION ( 'NONE',  ( 1.000000000000000000, 2.130944959194069933E-13, 0.000000000000000000 ) ) ;
#781 = ORIENTED_EDGE ( 'NONE', *, *, #3779, .T. ) ;
#783 = PRESENTATION_LAYER_ASSIGNMENT (  '', '', ( #7313 ) ) ;
#782 = COLOUR_RGB ( '',1.000000000000000000, 1.000000000000000000, 1.000000000000000000 ) ;
#784 = PLANE ( 'NONE',  #3662 ) ;
#785 = CARTESIAN_POINT ( 'NONE',  ( 0.1549999999992909827, -2.225000000000249667, 0.2500000000000000000 ) ) ;
#786 = CARTESIAN_POINT ( 'NONE',  ( 3.445000000016990249, -1.619982680674169950, 0.000000000000000000 ) ) ;
#787 =( NAMED_UNIT ( * ) SI_UNIT ( $, .STERADIAN. ) SOLID_ANGLE_UNIT ( ) );
#788 = STYLED_ITEM ( 'NONE', ( #2244 ), #336 ) ;
#789 = COLOUR_RGB ( '',0.8666666666666666963, 0.8666666666666666963, 0.8666666666666666963 ) ;
#790 = FACE_OUTER_BOUND ( 'NONE', #1386, .T. ) ;
#791 = AXIS2_PLACEMENT_3D ( 'NONE', #1121, #1156, #454 ) ;
#792 = AXIS2_PLACEMENT_3D ( 'NONE', #258, #5956, #708 ) ;
#793 = DIRECTION ( 'NONE',  ( 0.000000000000000000, 0.000000000000000000, 1.000000000000000000 ) ) ;
#794 = CARTESIAN_POINT ( 'NONE',  ( -2.789999999999760227, -1.535000000000050102, 0.2500000000000000000 ) ) ;
#795 = ORIENTED_EDGE ( 'NONE', *, *, #2758, .F. ) ;
#796 = SURFACE_SIDE_STYLE ('',( #2595 ) ) ;
#797 = ORIENTED_EDGE ( 'NONE', *, *, #4915, .F. ) ;
#798 = DIRECTION ( 'NONE',  ( -5.233082485861795227E-13, 1.000000000000000000, 0.000000000000000000 ) ) ;
#799 = DIRECTION ( 'NONE',  ( 0.000000000000000000, 0.000000000000000000, 1.000000000000000000 ) ) ;
#800 = EDGE_LOOP ( 'NONE', ( #4057, #3810, #6982, #921 ) ) ;
#801 = DIRECTION ( 'NONE',  ( 0.000000000000000000, -1.000000000000000000, 0.000000000000000000 ) ) ;
#802 = PRESENTATION_LAYER_ASSIGNMENT (  '', '', ( #4337 ) ) ;
#803 = EDGE_CURVE ( 'NONE', #5974, #6914, #6248, .T. ) ;
#804 = DIRECTION ( 'NONE',  ( -0.000000000000000000, 1.000000000000000000, 0.000000000000000000 ) ) ;
#805 = FILL_AREA_STYLE ('',( #3195 ) ) ;
#806 = SURFACE_STYLE_USAGE ( .BOTH. , #6575 ) ;
#807 = ORIENTED_EDGE ( 'NONE', *, *, #189, .T. ) ;
#808 = VERTEX_POINT ( 'NONE', #5294 ) ;
#809 = CARTESIAN_POINT ( 'NONE',  ( -3.220000000017849917, 1.619982680674300068, 0.000000000000000000 ) ) ;
#810 = CARTESIAN_POINT ( 'NONE',  ( 2.789999999999679847, 2.124999999998290257, 0.2500000000000000000 ) ) ;
#811 =( NAMED_UNIT ( * ) PLANE_ANGLE_UNIT ( ) SI_UNIT ( $, .RADIAN. ) );
#812 = CARTESIAN_POINT ( 'NONE',  ( -0.1800000000227439945, 2.477098005438280293, 0.000000000000000000 ) ) ;
#813 = CARTESIAN_POINT ( 'NONE',  ( 2.420000000014369768, 0.2499999999992039701, 0.000000000000000000 ) ) ;
#814 = DIRECTION ( 'NONE',  ( -2.307182223049707582E-12, -1.000000000000000000, 0.000000000000000000 ) ) ;
#815 = CARTESIAN_POINT ( 'NONE',  ( -2.794999999999910223, 0.8549999999993129762, 0.000000000000000000 ) ) ;
#816 = VECTOR ( 'NONE', #5058, 1000.000000000000000 ) ;
#817 = UNCERTAINTY_MEASURE_WITH_UNIT (LENGTH_MEASURE( 1.000000000000000082E-05 ), #2830, 'distance_accuracy_value', 'NONE');
#818 = EDGE_CURVE ( 'NONE', #3547, #5417, #1248, .T. ) ;
#819 = ORIENTED_EDGE ( 'NONE', *, *, #268, .F. ) ;
#820 = SURFACE_STYLE_USAGE ( .BOTH. , #6032 ) ;
#821 = DIRECTION ( 'NONE',  ( 0.000000000000000000, 0.1736481777543558980, -0.9848077529967925736 ) ) ;
#822 = EDGE_CURVE ( 'NONE', #5438, #5716, #3374, .T. ) ;
#823 = CARTESIAN_POINT ( 'NONE',  ( 3.220221562246529778, -1.610000000000530118, 0.000000000000000000 ) ) ;
#824 = AXIS2_PLACEMENT_3D ( 'NONE', #4810, #1958, #877 ) ;
#825 = UNCERTAINTY_MEASURE_WITH_UNIT (LENGTH_MEASURE( 1.000000000000000082E-05 ), #6409, 'distance_accuracy_value', 'NONE');
#826 = PRESENTATION_LAYER_ASSIGNMENT (  '', '', ( #2055 ) ) ;
#827 =( NAMED_UNIT ( * ) PLANE_ANGLE_UNIT ( ) SI_UNIT ( $, .RADIAN. ) );
#828 =( NAMED_UNIT ( * ) SI_UNIT ( $, .STERADIAN. ) SOLID_ANGLE_UNIT ( ) );
#829 = VERTEX_POINT ( 'NONE', #2214 ) ;
#830 = AXIS2_PLACEMENT_3D ( 'NONE', #2374, #3682, #4130 ) ;
#831 = FACE_OUTER_BOUND ( 'NONE', #2213, .T. ) ;
#832 = EDGE_CURVE ( 'NONE', #3453, #6912, #4611, .T. ) ;
#833 = FACE_OUTER_BOUND ( 'NONE', #535, .T. ) ;
#834 = EDGE_LOOP ( 'NONE', ( #4306, #4433, #4417, #717 ) ) ;
#835 = CARTESIAN_POINT ( 'NONE',  ( 2.355000000014429773, 2.224999999999110134, 0.000000000000000000 ) ) ;
#836 = EDGE_LOOP ( 'NONE', ( #4241, #2490, #1999, #2990 ) ) ;
#837 = CARTESIAN_POINT ( 'NONE',  ( 0.1549999999992909827, -2.225000000000249667, 0.000000000000000000 ) ) ;
#838 =( GEOMETRIC_REPRESENTATION_CONTEXT ( 3 ) GLOBAL_UNCERTAINTY_ASSIGNED_CONTEXT ( ( #3964 ) ) GLOBAL_UNIT_ASSIGNED_CONTEXT ( ( #6594, #4342, #2814 ) ) REPRESENTATION_CONTEXT ( 'NONE', 'WORKASPACE' ) );
#839 = LINE ( 'NONE', #5732, #5400 ) ;
#840 = CARTESIAN_POINT ( 'NONE',  ( 2.420000000014369768, 0.2650000000008959633, 0.2500000000000000000 ) ) ;
#841 = AXIS2_PLACEMENT_3D ( 'NONE', #5439, #2070, #1518 ) ;
#842 = VERTEX_POINT ( 'NONE', #4055 ) ;
#843 = VERTEX_POINT ( 'NONE', #421 ) ;
#844 = DIRECTION ( 'NONE',  ( 0.000000000000000000, 0.000000000000000000, -1.000000000000000000 ) ) ;
#845 = FACE_OUTER_BOUND ( 'NONE', #3189, .T. ) ;
#846 = VERTEX_POINT ( 'NONE', #3382 ) ;
#847 = DIRECTION ( 'NONE',  ( 1.421043037891149910E-12, 1.000000000000000000, 0.000000000000000000 ) ) ;
#848 = STYLED_ITEM ( 'NONE', ( #7143 ), #3581 ) ;
#849 = FILL_AREA_STYLE ('',( #4364 ) ) ;
#850 = SURFACE_SIDE_STYLE ('',( #1016 ) ) ;
#851 = CARTESIAN_POINT ( 'NONE',  ( -0.1800000000228290098, 2.705000000001410054, 0.000000000000000000 ) ) ;
#852 = PRESENTATION_LAYER_ASSIGNMENT (  '', '', ( #1967 ) ) ;
#853 = MECHANICAL_DESIGN_GEOMETRIC_PRESENTATION_REPRESENTATION (  '', ( #137 ), #986 ) ;
#854 = CARTESIAN_POINT ( 'NONE',  ( 3.220000000017900543, 0.9200000000015510215, 0.000000000000000000 ) ) ;
#855 = ORIENTED_EDGE ( 'NONE', *, *, #1409, .F. ) ;
#857 = CARTESIAN_POINT ( 'NONE',  ( -1.080000000033179974, -2.225000000000249667, 0.000000000000000000 ) ) ;
#856 = FILL_AREA_STYLE ('',( #2158 ) ) ;
#858 = EDGE_CURVE ( 'NONE', #482, #2062, #4333, .T. ) ;
#859 = CARTESIAN_POINT ( 'NONE',  ( -2.594268284767865751, -2.429268284767867048, 0.9613340798499558915 ) ) ;
#860 = STYLED_ITEM ( 'NONE', ( #2095 ), #3084 ) ;
#861 = ADVANCED_FACE ( 'NONE', ( #5747 ), #6272, .T. ) ;
#862 = CARTESIAN_POINT ( 'NONE',  ( -2.770000000045059974, 1.534999999999530074, 0.000000000000000000 ) ) ;
#863 = VECTOR ( 'NONE', #2167, 1000.000000000000000 ) ;
#864 = ADVANCED_FACE ( 'NONE', ( #2877 ), #1655, .T. ) ;
#865 = PRESENTATION_STYLE_ASSIGNMENT (( #2085 ) ) ;
#866 = PRESENTATION_LAYER_ASSIGNMENT (  '', '', ( #1728 ) ) ;
#867 = ADVANCED_FACE ( 'NONE', ( #1000 ), #3337, .T. ) ;
#868 = VECTOR ( 'NONE', #6885, 1000.000000000000000 ) ;
#869 = EDGE_CURVE ( 'NONE', #4101, #4269, #5820, .T. ) ;
#870 = DIRECTION ( 'NONE',  ( 0.000000000000000000, 0.000000000000000000, 1.000000000000000000 ) ) ;
#871 = ORIENTED_EDGE ( 'NONE', *, *, #4453, .T. ) ;
#872 = CARTESIAN_POINT ( 'NONE',  ( -2.727946210799999438, 4.424999999999999822, 0.2500000000000000000 ) ) ;
#873 = FILL_AREA_STYLE ('',( #6530 ) ) ;
#874 = ORIENTED_EDGE ( 'NONE', *, *, #1066, .T. ) ;
#875 = DIRECTION ( 'NONE',  ( 0.000000000000000000, 0.000000000000000000, 1.000000000000000000 ) ) ;
#876 = ORIENTED_EDGE ( 'NONE', *, *, #2116, .F. ) ;
#877 = DIRECTION ( 'NONE',  ( -1.000000000000000000, 1.189897853553349989E-12, 0.000000000000000000 ) ) ;
#878 = PRESENTATION_LAYER_ASSIGNMENT (  '', '', ( #4054 ) ) ;
#879 = DIRECTION ( 'NONE',  ( -0.8660254037825347861, -0.5000000000032976955, 0.000000000000000000 ) ) ;
#880 = ORIENTED_EDGE ( 'NONE', *, *, #6999, .T. ) ;
#881 = EDGE_CURVE ( 'NONE', #54, #16, #1193, .T. ) ;
#882 = FACE_OUTER_BOUND ( 'NONE', #1148, .T. ) ;
#883 = ORIENTED_EDGE ( 'NONE', *, *, #6287, .F. ) ;
#884 = PLANE ( 'NONE',  #6701 ) ;
#885 = CIRCLE ( 'NONE', #1748, 0.1499999999993879285 ) ;
#886 = LINE ( 'NONE', #1969, #5879 ) ;
#887 = AXIS2_PLACEMENT_3D ( 'NONE', #1771, #1084, #5825 ) ;
#888 = EDGE_LOOP ( 'NONE', ( #6019, #3118, #7081, #1192 ) ) ;
#889 =( NAMED_UNIT ( * ) PLANE_ANGLE_UNIT ( ) SI_UNIT ( $, .RADIAN. ) );
#890 = FILL_AREA_STYLE_COLOUR ( '', #7147 ) ;
#891 = FILL_AREA_STYLE_COLOUR ( '', #369 ) ;
#892 = EDGE_LOOP ( 'NONE', ( #7358, #1596, #6241, #1090 ) ) ;
#893 = AXIS2_PLACEMENT_3D ( 'NONE', #928, #3167, #844 ) ;
#894 = CARTESIAN_POINT ( 'NONE',  ( -0.6800000000228580976, -2.377098005438599948, 0.2500000000000000000 ) ) ;
#895 = MECHANICAL_DESIGN_GEOMETRIC_PRESENTATION_REPRESENTATION (  '', ( #5869 ), #7073 ) ;
#896 = VECTOR ( 'NONE', #1832, 1000.000000000000000 ) ;
#897 = SURFACE_SIDE_STYLE ('',( #7146 ) ) ;
#898 = VECTOR ( 'NONE', #3225, 1000.000000000000000 ) ;
#899 = ADVANCED_FACE ( 'NONE', ( #2370 ), #7017, .F. ) ;
#900 = PRESENTATION_LAYER_ASSIGNMENT (  '', '', ( #658 ) ) ;
#901 = UNCERTAINTY_MEASURE_WITH_UNIT (LENGTH_MEASURE( 1.000000000000000082E-05 ), #6085, 'distance_accuracy_value', 'NONE');
#903 = DIRECTION ( 'NONE',  ( -0.7071067811869490294, -0.7071067811861460051, 0.000000000000000000 ) ) ;
#902 = CARTESIAN_POINT ( 'NONE',  ( 2.420000000014369768, -0.2500000000007960299, 0.000000000000000000 ) ) ;
#904 = DIRECTION ( 'NONE',  ( 0.000000000000000000, 0.000000000000000000, -1.000000000000000000 ) ) ;
#905 = DIRECTION ( 'NONE',  ( 1.000000000000000000, -9.094947017778909985E-12, 0.000000000000000000 ) ) ;
#906 = SURFACE_SIDE_STYLE ('',( #2051 ) ) ;
#907 = MECHANICAL_DESIGN_GEOMETRIC_PRESENTATION_REPRESENTATION (  '', ( #1772 ), #6361 ) ;
#908 = MECHANICAL_DESIGN_GEOMETRIC_PRESENTATION_REPRESENTATION (  '', ( #3607 ), #1774 ) ;
#909 = MECHANICAL_DESIGN_GEOMETRIC_PRESENTATION_REPRESENTATION (  '', ( #2743 ), #7437 ) ;
#910 = UNCERTAINTY_MEASURE_WITH_UNIT (LENGTH_MEASURE( 1.000000000000000082E-05 ), #1625, 'distance_accuracy_value', 'NONE');
#911 = EDGE_CURVE ( 'NONE', #2644, #356, #5966, .T. ) ;
#912 = VECTOR ( 'NONE', #2195, 1000.000000000000000 ) ;
#913 = CYLINDRICAL_SURFACE ( 'NONE', #6858, 0.1500000000000458189 ) ;
#914 = ORIENTED_EDGE ( 'NONE', *, *, #5693, .T. ) ;
#915 = DIRECTION ( 'NONE',  ( 0.7071067811880550336, -0.7071067811850400009, 0.000000000000000000 ) ) ;
#916 = COLOUR_RGB ( '',0.8666666666666666963, 0.8666666666666666963, 0.8666666666666666963 ) ;
#917 =( NAMED_UNIT ( * ) SI_UNIT ( $, .STERADIAN. ) SOLID_ANGLE_UNIT ( ) );
#918 = VERTEX_POINT ( 'NONE', #5354 ) ;
#919 = DIRECTION ( 'NONE',  ( 1.000000000000000000, 0.000000000000000000, 0.000000000000000000 ) ) ;
#920 = SURFACE_STYLE_USAGE ( .BOTH. , #1546 ) ;
#921 = ORIENTED_EDGE ( 'NONE', *, *, #6573, .F. ) ;
#922 = DIRECTION ( 'NONE',  ( 0.000000000000000000, 0.000000000000000000, 1.000000000000000000 ) ) ;
#923 = FILL_AREA_STYLE_COLOUR ( '', #1369 ) ;
#924 = DIRECTION ( 'NONE',  ( 1.000000000000000000, -1.138620055312090056E-13, 0.000000000000000000 ) ) ;
#925 = EDGE_LOOP ( 'NONE', ( #2641, #6503, #205, #6288 ) ) ;
#926 = SURFACE_SIDE_STYLE ('',( #6018 ) ) ;
#927 = VERTEX_POINT ( 'NONE', #4236 ) ;
#928 = CARTESIAN_POINT ( 'NONE',  ( 2.374999999997129851, 1.519999999999190221, 0.000000000000000000 ) ) ;
#929 = PRESENTATION_LAYER_ASSIGNMENT (  '', '', ( #3978 ) ) ;
#930 = EDGE_CURVE ( 'NONE', #1375, #1647, #4203, .T. ) ;
#931 = CARTESIAN_POINT ( 'NONE',  ( 3.220000000017900543, -0.9200202810956169541, 0.000000000000000000 ) ) ;
#932 = LINE ( 'NONE', #317, #6245 ) ;
#933 = VERTEX_POINT ( 'NONE', #152 ) ;
#934 = SURFACE_STYLE_USAGE ( .BOTH. , #2652 ) ;
#935 = SURFACE_SIDE_STYLE ('',( #2076 ) ) ;
#936 = ORIENTED_EDGE ( 'NONE', *, *, #3036, .F. ) ;
#937 = LINE ( 'NONE', #5003, #1874 ) ;
#938 = FILL_AREA_STYLE ('',( #6135 ) ) ;
#939 = CARTESIAN_POINT ( 'NONE',  ( 3.445000000016990249, -1.619982680674169950, 0.000000000000000000 ) ) ;
#940 = VECTOR ( 'NONE', #5917, 1000.000000000000000 ) ;
#941 = COLOUR_RGB ( '',0.8666666666666666963, 0.8666666666666666963, 0.8666666666666666963 ) ;
#942 = DIRECTION ( 'NONE',  ( 1.000000000000000000, -1.189897853553349989E-12, 0.000000000000000000 ) ) ;
#943 =( NAMED_UNIT ( * ) PLANE_ANGLE_UNIT ( ) SI_UNIT ( $, .RADIAN. ) );
#944 = CARTESIAN_POINT ( 'NONE',  ( -2.790000000000339764, 2.124999999998840039, 0.2500000000000000000 ) ) ;
#945 = VECTOR ( 'NONE', #5395, 1000.000000000000000 ) ;
#946 =( NAMED_UNIT ( * ) SI_UNIT ( $, .STERADIAN. ) SOLID_ANGLE_UNIT ( ) );
#947 = COLOUR_RGB ( '',0.8666666666666666963, 0.8666666666666666963, 0.8666666666666666963 ) ;
#948 = FACE_OUTER_BOUND ( 'NONE', #3112, .T. ) ;
#949 = ORIENTED_EDGE ( 'NONE', *, *, #1715, .F. ) ;
#950 = LINE ( 'NONE', #872, #5644 ) ;
#951 = ORIENTED_EDGE ( 'NONE', *, *, #1242, .T. ) ;
#952 = DIRECTION ( 'NONE',  ( 0.000000000000000000, 0.000000000000000000, 1.000000000000000000 ) ) ;
#953 =( LENGTH_UNIT ( ) NAMED_UNIT ( * ) SI_UNIT ( .MILLI., .METRE. ) );
#954 = ORIENTED_EDGE ( 'NONE', *, *, #5106, .F. ) ;
#955 = CARTESIAN_POINT ( 'NONE',  ( 2.570000000014549979, 1.685000000000490106, 0.000000000000000000 ) ) ;
#956 =( NAMED_UNIT ( * ) SI_UNIT ( $, .STERADIAN. ) SOLID_ANGLE_UNIT ( ) );
#957 = COLOUR_RGB ( '',0.8666666666666666963, 0.8666666666666666963, 0.8666666666666666963 ) ;
#958 = SURFACE_SIDE_STYLE ('',( #3272 ) ) ;
#959 = CARTESIAN_POINT ( 'NONE',  ( -2.794999999999910223, 0.8549999999993129762, 0.2500000000000000000 ) ) ;
#960 = ORIENTED_EDGE ( 'NONE', *, *, #4358, .F. ) ;
#961 = FILL_AREA_STYLE ('',( #3982 ) ) ;
#962 = ORIENTED_EDGE ( 'NONE', *, *, #4912, .T. ) ;
#963 = CARTESIAN_POINT ( 'NONE',  ( -2.789999999999789981, -1.685000000000200115, 0.2500000000000000000 ) ) ;
#964 = EDGE_CURVE ( 'NONE', #1654, #692, #2521, .T. ) ;
#965 = FACE_OUTER_BOUND ( 'NONE', #5440, .T. ) ;
#966 = PLANE ( 'NONE',  #415 ) ;
#967 = EDGE_CURVE ( 'NONE', #2631, #6192, #3205, .T. ) ;
#968 = ORIENTED_EDGE ( 'NONE', *, *, #4326, .F. ) ;
#969 = SURFACE_STYLE_FILL_AREA ( #3388 ) ;
#970 = PRESENTATION_LAYER_ASSIGNMENT (  '', '', ( #4257 ) ) ;
#971 = DIRECTION ( 'NONE',  ( -1.000000000000000000, -2.067033413106070175E-13, 0.000000000000000000 ) ) ;
#972 = EDGE_CURVE ( 'NONE', #7149, #5170, #7393, .T. ) ;
#973 = DIRECTION ( 'NONE',  ( 1.000000000000000000, 0.000000000000000000, 0.000000000000000000 ) ) ;
#974 = ORIENTED_EDGE ( 'NONE', *, *, #6026, .T. ) ;
#975 = CARTESIAN_POINT ( 'NONE',  ( 2.919903810567320068, -1.610000000000469944, 0.000000000000000000 ) ) ;
#976 = ORIENTED_EDGE ( 'NONE', *, *, #559, .F. ) ;
#977 = MECHANICAL_DESIGN_GEOMETRIC_PRESENTATION_REPRESENTATION (  '', ( #1477 ), #5208 ) ;
#978 = SURFACE_SIDE_STYLE ('',( #5682 ) ) ;
#979 = ADVANCED_FACE ( 'NONE', ( #1962 ), #7027, .T. ) ;
#980 = UNCERTAINTY_MEASURE_WITH_UNIT (LENGTH_MEASURE( 1.000000000000000082E-05 ), #3032, 'distance_accuracy_value', 'NONE');
#981 = FACE_OUTER_BOUND ( 'NONE', #5676, .T. ) ;
#982 = DIRECTION ( 'NONE',  ( -1.000000000000000000, -1.818545314333530122E-12, 0.000000000000000000 ) ) ;
#983 = EDGE_CURVE ( 'NONE', #3277, #4706, #6541, .T. ) ;
#984 = DIRECTION ( 'NONE',  ( 1.000000000000000000, 1.818545314333530122E-12, 0.000000000000000000 ) ) ;
#985 = UNCERTAINTY_MEASURE_WITH_UNIT (LENGTH_MEASURE( 1.000000000000000082E-05 ), #3861, 'distance_accuracy_value', 'NONE');
#986 =( GEOMETRIC_REPRESENTATION_CONTEXT ( 3 ) GLOBAL_UNCERTAINTY_ASSIGNED_CONTEXT ( ( #5779 ) ) GLOBAL_UNIT_ASSIGNED_CONTEXT ( ( #463, #4502, #1051 ) ) REPRESENTATION_CONTEXT ( 'NONE', 'WORKASPACE' ) );
#987 = VECTOR ( 'NONE', #146, 1000.000000000000000 ) ;
#988 = SURFACE_STYLE_USAGE ( .BOTH. , #4943 ) ;
#989 = ORIENTED_EDGE ( 'NONE', *, *, #7039, .T. ) ;
#990 = DIRECTION ( 'NONE',  ( -1.000000000000000000, -2.067033413106070175E-13, 0.000000000000000000 ) ) ;
#991 = ORIENTED_EDGE ( 'NONE', *, *, #4243, .T. ) ;
#992 = SURFACE_STYLE_USAGE ( .BOTH. , #5699 ) ;
#993 = VECTOR ( 'NONE', #4805, 1000.000000000000000 ) ;
#994 = VERTEX_POINT ( 'NONE', #1362 ) ;
#995 = LINE ( 'NONE', #2794, #2917 ) ;
#996 = MECHANICAL_DESIGN_GEOMETRIC_PRESENTATION_REPRESENTATION (  '', ( #1251 ), #4514 ) ;
#997 = ADVANCED_FACE ( 'NONE', ( #95 ), #3612, .F. ) ;
#998 = CARTESIAN_POINT ( 'NONE',  ( -1.080000000033179974, -2.225000000000249667, 0.000000000000000000 ) ) ;
#999 = VERTEX_POINT ( 'NONE', #3762 ) ;
#1000 = FACE_OUTER_BOUND ( 'NONE', #1324, .T. ) ;
#1001 = DIRECTION ( 'NONE',  ( 0.000000000000000000, 0.000000000000000000, 1.000000000000000000 ) ) ;
#1002 = ORIENTED_EDGE ( 'NONE', *, *, #6158, .F. ) ;
#1003 = FILL_AREA_STYLE ('',( #6872 ) ) ;
#1004 = SURFACE_STYLE_USAGE ( .BOTH. , #7356 ) ;
#1005 = DIRECTION ( 'NONE',  ( 0.000000000000000000, 0.000000000000000000, -1.000000000000000000 ) ) ;
#1006 = VECTOR ( 'NONE', #2820, 1000.000000000000000 ) ;
#1007 = ORIENTED_EDGE ( 'NONE', *, *, #4338, .F. ) ;
#1008 = SURFACE_SIDE_STYLE ('',( #969 ) ) ;
#1009 = LINE ( 'NONE', #3808, #3434 ) ;
#1010 = CARTESIAN_POINT ( 'NONE',  ( -2.727946210799999438, 2.562946210799999847, 0.2500000000000000000 ) ) ;
#1011 = EDGE_CURVE ( 'NONE', #5072, #6847, #496, .T. ) ;
#1012 = ORIENTED_EDGE ( 'NONE', *, *, #5095, .T. ) ;
#1013 = ORIENTED_EDGE ( 'NONE', *, *, #7086, .F. ) ;
#1014 =( LENGTH_UNIT ( ) NAMED_UNIT ( * ) SI_UNIT ( .MILLI., .METRE. ) );
#1015 = ORIENTED_EDGE ( 'NONE', *, *, #622, .T. ) ;
#1016 = SURFACE_STYLE_FILL_AREA ( #2193 ) ;
#1017 = FACE_OUTER_BOUND ( 'NONE', #4026, .T. ) ;
#1018 = AXIS2_PLACEMENT_3D ( 'NONE', #5284, #1273, #3111 ) ;
#1019 =( NAMED_UNIT ( * ) SI_UNIT ( $, .STERADIAN. ) SOLID_ANGLE_UNIT ( ) );
#1020 = PRESENTATION_LAYER_ASSIGNMENT (  '', '', ( #3102 ) ) ;
#1021 = COLOUR_RGB ( '',0.8666666666666666963, 0.8666666666666666963, 0.8666666666666666963 ) ;
#1022 = PRESENTATION_STYLE_ASSIGNMENT (( #3817 ) ) ;
#1023 =( NAMED_UNIT ( * ) SI_UNIT ( $, .STERADIAN. ) SOLID_ANGLE_UNIT ( ) );
#1024 = SURFACE_STYLE_FILL_AREA ( #5155 ) ;
#1025 = VECTOR ( 'NONE', #213, 1000.000000000000000 ) ;
#1026 = FILL_AREA_STYLE ('',( #7339 ) ) ;
#1027 = FACE_OUTER_BOUND ( 'NONE', #232, .T. ) ;
#1028 = FILL_AREA_STYLE ('',( #3932 ) ) ;
#1029 = ORIENTED_EDGE ( 'NONE', *, *, #6072, .F. ) ;
#1030 = CARTESIAN_POINT ( 'NONE',  ( 2.570000000014549979, 1.685000000000490106, 0.2500000000000000000 ) ) ;
#1031 = DIRECTION ( 'NONE',  ( 0.000000000000000000, 0.000000000000000000, 1.000000000000000000 ) ) ;
#1032 = ORIENTED_EDGE ( 'NONE', *, *, #6472, .T. ) ;
#1033 = PLANE ( 'NONE',  #581 ) ;
#1034 = VECTOR ( 'NONE', #4618, 1000.000000000000000 ) ;
#1035 = STYLED_ITEM ( 'NONE', ( #3085 ), #2650 ) ;
#1036 = VECTOR ( 'NONE', #2159, 1000.000000000000000 ) ;
#1037 = PRESENTATION_LAYER_ASSIGNMENT (  '', '', ( #2011 ) ) ;
#1038 = PRESENTATION_STYLE_ASSIGNMENT (( #5512 ) ) ;
#1039 = VERTEX_POINT ( 'NONE', #690 ) ;
#1040 = SURFACE_SIDE_STYLE ('',( #5783 ) ) ;
#1041 = AXIS2_PLACEMENT_3D ( 'NONE', #5904, #4287, #3043 ) ;
#1042 = CARTESIAN_POINT ( 'NONE',  ( 2.789999999999699831, -1.685000000001110054, 0.000000000000000000 ) ) ;
#1043 = ORIENTED_EDGE ( 'NONE', *, *, #1213, .F. ) ;
#1044 = PRESENTATION_LAYER_ASSIGNMENT (  '', '', ( #5643 ) ) ;
#1045 =( LENGTH_UNIT ( ) NAMED_UNIT ( * ) SI_UNIT ( .MILLI., .METRE. ) );
#1046 = LINE ( 'NONE', #6345, #1465 ) ;
#1047 = ADVANCED_FACE ( 'NONE', ( #4213 ), #3038, .T. ) ;
#1048 =( GEOMETRIC_REPRESENTATION_CONTEXT ( 3 ) GLOBAL_UNCERTAINTY_ASSIGNED_CONTEXT ( ( #3211 ) ) GLOBAL_UNIT_ASSIGNED_CONTEXT ( ( #5280, #6450, #1154 ) ) REPRESENTATION_CONTEXT ( 'NONE', 'WORKASPACE' ) );
#1049 = ORIENTED_EDGE ( 'NONE', *, *, #1673, .F. ) ;
#1050 = PRESENTATION_STYLE_ASSIGNMENT (( #934 ) ) ;
#1051 =( NAMED_UNIT ( * ) SI_UNIT ( $, .STERADIAN. ) SOLID_ANGLE_UNIT ( ) );
#1052 = ORIENTED_EDGE ( 'NONE', *, *, #4832, .F. ) ;
#1053 = ORIENTED_EDGE ( 'NONE', *, *, #5487, .T. ) ;
#1054 =( LENGTH_UNIT ( ) NAMED_UNIT ( * ) SI_UNIT ( .MILLI., .METRE. ) );
#1055 =( LENGTH_UNIT ( ) NAMED_UNIT ( * ) SI_UNIT ( .MILLI., .METRE. ) );
#1056 = DIRECTION ( 'NONE',  ( 0.000000000000000000, 0.000000000000000000, 1.000000000000000000 ) ) ;
#1057 = ORIENTED_EDGE ( 'NONE', *, *, #3396, .T. ) ;
#1058 = FACE_OUTER_BOUND ( 'NONE', #836, .T. ) ;
#1059 = DIRECTION ( 'NONE',  ( -1.000000000000000000, 8.518456002314038317E-12, 0.000000000000000000 ) ) ;
#1060 = VECTOR ( 'NONE', #231, 1000.000000000000000 ) ;
#1061 = UNCERTAINTY_MEASURE_WITH_UNIT (LENGTH_MEASURE( 1.000000000000000082E-05 ), #4265, 'distance_accuracy_value', 'NONE');
#1062 = FILL_AREA_STYLE ('',( #4140 ) ) ;
#1063 = VECTOR ( 'NONE', #1257, 1000.000000000000000 ) ;
#1064 = PRESENTATION_STYLE_ASSIGNMENT (( #3365 ) ) ;
#1065 = VECTOR ( 'NONE', #1582, 1000.000000000000000 ) ;
#1066 = EDGE_CURVE ( 'NONE', #4318, #516, #2175, .T. ) ;
#1067 = UNCERTAINTY_MEASURE_WITH_UNIT (LENGTH_MEASURE( 1.000000000000000082E-05 ), #3969, 'distance_accuracy_value', 'NONE');
#1068 = EDGE_CURVE ( 'NONE', #195, #2077, #4467, .T. ) ;
#1069 = CARTESIAN_POINT ( 'NONE',  ( -2.794999999999830287, -0.2650000000011680235, 0.000000000000000000 ) ) ;
#1070 = CIRCLE ( 'NONE', #5300, 0.2249999999941600104 ) ;
#1071 = FILL_AREA_STYLE ('',( #6264 ) ) ;
#1072 = ORIENTED_EDGE ( 'NONE', *, *, #3298, .T. ) ;
#1073 = SURFACE_STYLE_FILL_AREA ( #1611 ) ;
#1074 = VERTEX_POINT ( 'NONE', #5622 ) ;
#1075 = SURFACE_SIDE_STYLE ('',( #5121 ) ) ;
#1076 = CIRCLE ( 'NONE', #4721, 0.2249999999944019280 ) ;
#1077 = PRESENTATION_LAYER_ASSIGNMENT (  '', '', ( #7225 ) ) ;
#1078 = EDGE_CURVE ( 'NONE', #2631, #4380, #7240, .T. ) ;
#1079 = DIRECTION ( 'NONE',  ( 0.000000000000000000, 0.000000000000000000, -1.000000000000000000 ) ) ;
#1080 = ORIENTED_EDGE ( 'NONE', *, *, #1446, .T. ) ;
#1081 = ORIENTED_EDGE ( 'NONE', *, *, #5430, .F. ) ;
#1082 =( NAMED_UNIT ( * ) PLANE_ANGLE_UNIT ( ) SI_UNIT ( $, .RADIAN. ) );
#1083 =( GEOMETRIC_REPRESENTATION_CONTEXT ( 3 ) GLOBAL_UNCERTAINTY_ASSIGNED_CONTEXT ( ( #68 ) ) GLOBAL_UNIT_ASSIGNED_CONTEXT ( ( #6114, #2208, #2715 ) ) REPRESENTATION_CONTEXT ( 'NONE', 'WORKASPACE' ) );
#1084 = DIRECTION ( 'NONE',  ( -1.000000000000000000, 0.000000000000000000, 0.000000000000000000 ) ) ;
#1085 = AXIS2_PLACEMENT_3D ( 'NONE', #4242, #6535, #4206 ) ;
#1086 = VERTEX_POINT ( 'NONE', #1516 ) ;
#1087 = CYLINDRICAL_SURFACE ( 'NONE', #5269, 0.1499999999999441225 ) ;
#1088 = FACE_OUTER_BOUND ( 'NONE', #166, .T. ) ;
#1089 = STYLED_ITEM ( 'NONE', ( #2936 ), #5478 ) ;
#1090 = ORIENTED_EDGE ( 'NONE', *, *, #761, .F. ) ;
#1091 = ORIENTED_EDGE ( 'NONE', *, *, #4642, .F. ) ;
#1092 = COLOUR_RGB ( '',0.3294117647058823484, 0.3294117647058823484, 0.3294117647058823484 ) ;
#1093 = ORIENTED_EDGE ( 'NONE', *, *, #50, .F. ) ;
#1094 =( NAMED_UNIT ( * ) PLANE_ANGLE_UNIT ( ) SI_UNIT ( $, .RADIAN. ) );
#1095 = PRESENTATION_LAYER_ASSIGNMENT (  '', '', ( #7369 ) ) ;
#1096 = STYLED_ITEM ( 'NONE', ( #1187 ), #79 ) ;
#1097 = FILL_AREA_STYLE_COLOUR ( '', #499 ) ;
#1098 = DIRECTION ( 'NONE',  ( 0.000000000000000000, 0.000000000000000000, 1.000000000000000000 ) ) ;
#1099 = MECHANICAL_DESIGN_GEOMETRIC_PRESENTATION_REPRESENTATION (  '', ( #6661 ), #3666 ) ;
#1100 =( NAMED_UNIT ( * ) PLANE_ANGLE_UNIT ( ) SI_UNIT ( $, .RADIAN. ) );
#1101 = CARTESIAN_POINT ( 'NONE',  ( 2.790000000000270042, 1.005000000000070060, 0.2500000000000000000 ) ) ;
#1102 = EDGE_CURVE ( 'NONE', #2451, #5721, #7205, .T. ) ;
#1103 = EDGE_CURVE ( 'NONE', #6319, #482, #1552, .T. ) ;
#1104 = SURFACE_SIDE_STYLE ('',( #2316 ) ) ;
#1105 = EDGE_CURVE ( 'NONE', #6005, #110, #6647, .T. ) ;
#1106 = PRESENTATION_STYLE_ASSIGNMENT (( #5116 ) ) ;
#1107 = AXIS2_PLACEMENT_3D ( 'NONE', #2955, #5250, #3037 ) ;
#1108 =( LENGTH_UNIT ( ) NAMED_UNIT ( * ) SI_UNIT ( .MILLI., .METRE. ) );
#1109 = VERTEX_POINT ( 'NONE', #2097 ) ;
#1110 = PRESENTATION_STYLE_ASSIGNMENT (( #6973 ) ) ;
#1111 = DIRECTION ( 'NONE',  ( -1.000000000000000000, 0.000000000000000000, 0.000000000000000000 ) ) ;
#1112 = VERTEX_POINT ( 'NONE', #3876 ) ;
#1113 = EDGE_CURVE ( 'NONE', #1647, #6392, #3513, .T. ) ;
#1114 = VECTOR ( 'NONE', #4077, 1000.000000000000000 ) ;
#1115 = PRESENTATION_LAYER_ASSIGNMENT (  '', '', ( #6074 ) ) ;
#1116 = ADVANCED_FACE ( 'NONE', ( #2760 ), #6785, .F. ) ;
#1117 = SURFACE_SIDE_STYLE ('',( #6338 ) ) ;
#1118 = LINE ( 'NONE', #487, #2779 ) ;
#1119 = DIRECTION ( 'NONE',  ( 0.000000000000000000, 1.000000000000000000, 0.000000000000000000 ) ) ;
#1120 = ORIENTED_EDGE ( 'NONE', *, *, #2985, .T. ) ;
#1121 = CARTESIAN_POINT ( 'NONE',  ( 2.570000000014510011, -1.004999999999130145, 0.2500000000000000000 ) ) ;
#1122 = VERTEX_POINT ( 'NONE', #5513 ) ;
#1123 = PRESENTATION_STYLE_ASSIGNMENT (( #5786 ) ) ;
#1124 = AXIS2_PLACEMENT_3D ( 'NONE', #4628, #5217, #5188 ) ;
#1125 = SURFACE_SIDE_STYLE ('',( #2296 ) ) ;
#1126 = ORIENTED_EDGE ( 'NONE', *, *, #764, .T. ) ;
#1127 = CARTESIAN_POINT ( 'NONE',  ( -0.5800000000228069386, -2.705000000001180016, 0.000000000000000000 ) ) ;
#1128 = EDGE_CURVE ( 'NONE', #2185, #2876, #6687, .T. ) ;
#1129 = CARTESIAN_POINT ( 'NONE',  ( 2.420000000014279617, -0.2650000000002140088, 0.000000000000000000 ) ) ;
#1130 = FILL_AREA_STYLE ('',( #6318 ) ) ;
#1131 = VERTEX_POINT ( 'NONE', #4051 ) ;
#1132 = ORIENTED_EDGE ( 'NONE', *, *, #3029, .T. ) ;
#1133 = DIRECTION ( 'NONE',  ( -6.862435148435169986E-13, 1.000000000000000000, 0.000000000000000000 ) ) ;
#1134 =( NAMED_UNIT ( * ) PLANE_ANGLE_UNIT ( ) SI_UNIT ( $, .RADIAN. ) );
#1135 = ORIENTED_EDGE ( 'NONE', *, *, #2088, .T. ) ;
#1136 =( NAMED_UNIT ( * ) PLANE_ANGLE_UNIT ( ) SI_UNIT ( $, .RADIAN. ) );
#1137 =( NAMED_UNIT ( * ) SI_UNIT ( $, .STERADIAN. ) SOLID_ANGLE_UNIT ( ) );
#1138 =( GEOMETRIC_REPRESENTATION_CONTEXT ( 3 ) GLOBAL_UNCERTAINTY_ASSIGNED_CONTEXT ( ( #4340 ) ) GLOBAL_UNIT_ASSIGNED_CONTEXT ( ( #6174, #6207, #5724 ) ) REPRESENTATION_CONTEXT ( 'NONE', 'WORKASPACE' ) );
#1139 =( NAMED_UNIT ( * ) SI_UNIT ( $, .STERADIAN. ) SOLID_ANGLE_UNIT ( ) );
#1140 = FACE_OUTER_BOUND ( 'NONE', #7105, .T. ) ;
#1141 = EDGE_CURVE ( 'NONE', #2453, #3181, #6877, .T. ) ;
#1142 = PRESENTATION_LAYER_ASSIGNMENT (  '', '', ( #7294 ) ) ;
#1143 =( GEOMETRIC_REPRESENTATION_CONTEXT ( 3 ) GLOBAL_UNCERTAINTY_ASSIGNED_CONTEXT ( ( #1539 ) ) GLOBAL_UNIT_ASSIGNED_CONTEXT ( ( #5423, #225, #4940 ) ) REPRESENTATION_CONTEXT ( 'NONE', 'WORKASPACE' ) );
#1144 = COLOUR_RGB ( '',0.8666666666666666963, 0.8666666666666666963, 0.8666666666666666963 ) ;
#1145 = UNCERTAINTY_MEASURE_WITH_UNIT (LENGTH_MEASURE( 1.000000000000000082E-05 ), #3850, 'distance_accuracy_value', 'NONE');
#1146 = VECTOR ( 'NONE', #799, 1000.000000000000000 ) ;
#1147 =( NAMED_UNIT ( * ) SI_UNIT ( $, .STERADIAN. ) SOLID_ANGLE_UNIT ( ) );
#1148 = EDGE_LOOP ( 'NONE', ( #3158, #4447, #6605, #5577 ) ) ;
#1149 = DIRECTION ( 'NONE',  ( 2.450074203259640086E-13, -1.000000000000000000, 0.000000000000000000 ) ) ;
#1150 =( NAMED_UNIT ( * ) SI_UNIT ( $, .STERADIAN. ) SOLID_ANGLE_UNIT ( ) );
#1151 = EDGE_CURVE ( 'NONE', #5501, #2165, #6978, .T. ) ;
#1152 = COLOUR_RGB ( '',0.3294117647058823484, 0.3294117647058823484, 0.3294117647058823484 ) ;
#1153 = DIRECTION ( 'NONE',  ( -1.000000000000000000, -5.684341886080719698E-13, 0.000000000000000000 ) ) ;
#1154 =( NAMED_UNIT ( * ) SI_UNIT ( $, .STERADIAN. ) SOLID_ANGLE_UNIT ( ) );
#1155 = VERTEX_POINT ( 'NONE', #4644 ) ;
#1156 = DIRECTION ( 'NONE',  ( 0.000000000000000000, 0.000000000000000000, -1.000000000000000000 ) ) ;
#1157 = CARTESIAN_POINT ( 'NONE',  ( 3.445000000017750086, 0.3499797189101859773, 0.000000000000000000 ) ) ;
#1158 = ORIENTED_EDGE ( 'NONE', *, *, #6039, .F. ) ;
#1159 = DIRECTION ( 'NONE',  ( 0.000000000000000000, 0.000000000000000000, 1.000000000000000000 ) ) ;
#1160 = SURFACE_SIDE_STYLE ('',( #5129 ) ) ;
#1161 = SURFACE_STYLE_USAGE ( .BOTH. , #2846 ) ;
#1162 = COLOUR_RGB ( '',0.3294117647058823484, 0.3294117647058823484, 0.3294117647058823484 ) ;
#1163 = VERTEX_POINT ( 'NONE', #4015 ) ;
#1164 = LINE ( 'NONE', #5672, #7189 ) ;
#1165 = DIRECTION ( 'NONE',  ( -5.773159728274840208E-12, -1.000000000000000000, 0.000000000000000000 ) ) ;
#1167 =( GEOMETRIC_REPRESENTATION_CONTEXT ( 3 ) GLOBAL_UNCERTAINTY_ASSIGNED_CONTEXT ( ( #6672 ) ) GLOBAL_UNIT_ASSIGNED_CONTEXT ( ( #3749, #827, #4330 ) ) REPRESENTATION_CONTEXT ( 'NONE', 'WORKASPACE' ) );
#1166 = VECTOR ( 'NONE', #1429, 1000.000000000000000 ) ;
#1168 = ORIENTED_EDGE ( 'NONE', *, *, #4003, .T. ) ;
#1169 = EDGE_CURVE ( 'NONE', #3077, #11, #5168, .T. ) ;
#1170 = ORIENTED_EDGE ( 'NONE', *, *, #3623, .F. ) ;
#1171 = PLANE ( 'NONE',  #6542 ) ;
#1172 = DIRECTION ( 'NONE',  ( 1.000000000000000000, 0.000000000000000000, 0.000000000000000000 ) ) ;
#1173 = VERTEX_POINT ( 'NONE', #1191 ) ;
#1174 = PRESENTATION_STYLE_ASSIGNMENT (( #6253 ) ) ;
#1175 = VECTOR ( 'NONE', #2762, 1000.000000000000000 ) ;
#1176 = DIRECTION ( 'NONE',  ( -1.000000000000000000, 0.000000000000000000, 0.000000000000000000 ) ) ;
#1177 = CIRCLE ( 'NONE', #7324, 0.1500000000003219591 ) ;
#1178 = DIRECTION ( 'NONE',  ( -1.000000000000000000, -5.566149393180537039E-11, 0.000000000000000000 ) ) ;
#1179 = CYLINDRICAL_SURFACE ( 'NONE', #1270, 0.1499999999999999112 ) ;
#1180 = MECHANICAL_DESIGN_GEOMETRIC_PRESENTATION_REPRESENTATION (  '', ( #3978 ), #5650 ) ;
#1181 = FILL_AREA_STYLE_COLOUR ( '', #520 ) ;
#1182 = CARTESIAN_POINT ( 'NONE',  ( -2.924903810567280438, -0.3400000000016349944, 0.2500000000000000000 ) ) ;
#1183 = ORIENTED_EDGE ( 'NONE', *, *, #4702, .T. ) ;
#1184 = DIRECTION ( 'NONE',  ( 1.000000000000000000, 2.454333033125510019E-11, 0.000000000000000000 ) ) ;
#1185 = DIRECTION ( 'NONE',  ( -3.741306804034770044E-13, 1.000000000000000000, 0.000000000000000000 ) ) ;
#1186 = SURFACE_STYLE_USAGE ( .BOTH. , #4519 ) ;
#1187 = PRESENTATION_STYLE_ASSIGNMENT (( #4082 ) ) ;
#1188 = CARTESIAN_POINT ( 'NONE',  ( -2.620000000044719890, 1.004999999999310001, 0.2500000000000000000 ) ) ;
#1189 =( NAMED_UNIT ( * ) PLANE_ANGLE_UNIT ( ) SI_UNIT ( $, .RADIAN. ) );
#1190 = DIRECTION ( 'NONE',  ( -1.000000000000000000, 0.000000000000000000, 0.000000000000000000 ) ) ;
#1191 = CARTESIAN_POINT ( 'NONE',  ( -0.6800000000228580976, -2.225000000000249667, 0.000000000000000000 ) ) ;
#1192 = ORIENTED_EDGE ( 'NONE', *, *, #3379, .F. ) ;
#1193 = LINE ( 'NONE', #6453, #6440 ) ;
#1194 = ORIENTED_EDGE ( 'NONE', *, *, #1213, .T. ) ;
#1195 = LINE ( 'NONE', #5824, #5257 ) ;
#1196 = FILL_AREA_STYLE_COLOUR ( '', #957 ) ;
#1197 = CARTESIAN_POINT ( 'NONE',  ( 2.575000000017009683, -2.125000000000430322, 0.000000000000000000 ) ) ;
#1198 = AXIS2_PLACEMENT_3D ( 'NONE', #2683, #4956, #4916 ) ;
#1199 = AXIS2_PLACEMENT_3D ( 'NONE', #1265, #2401, #3596 ) ;
#1200 = ORIENTED_EDGE ( 'NONE', *, *, #5459, .T. ) ;
#1201 = FILL_AREA_STYLE_COLOUR ( '', #2996 ) ;
#1202 = DIRECTION ( 'NONE',  ( 1.000000000000000000, 0.000000000000000000, 0.000000000000000000 ) ) ;
#1203 = EDGE_CURVE ( 'NONE', #1661, #2185, #1076, .T. ) ;
#1204 = ORIENTED_EDGE ( 'NONE', *, *, #2221, .F. ) ;
#1205 = VECTOR ( 'NONE', #1920, 1000.000000000000000 ) ;
#1206 = ORIENTED_EDGE ( 'NONE', *, *, #2513, .F. ) ;
#1207 = FACE_OUTER_BOUND ( 'NONE', #573, .T. ) ;
#1208 = EDGE_CURVE ( 'NONE', #3547, #7168, #1766, .T. ) ;
#1209 = DIRECTION ( 'NONE',  ( 0.000000000000000000, 0.000000000000000000, 1.000000000000000000 ) ) ;
#1210 = CARTESIAN_POINT ( 'NONE',  ( 2.575000000016780088, 2.124999999998390177, 0.000000000000000000 ) ) ;
#1211 = VERTEX_POINT ( 'NONE', #3446 ) ;
#1212 = DIRECTION ( 'NONE',  ( 0.8660254037807098015, -0.5000000000064585004, 0.000000000000000000 ) ) ;
#1213 = EDGE_CURVE ( 'NONE', #3600, #6755, #1118, .T. ) ;
#1214 = LINE ( 'NONE', #2892, #5516 ) ;
#1215 = EDGE_CURVE ( 'NONE', #5281, #5241, #4090, .T. ) ;
#1216 = CARTESIAN_POINT ( 'NONE',  ( 2.511791012089840347, 2.212499999999999911, 0.9000000000000000222 ) ) ;
#1217 = LINE ( 'NONE', #6887, #6106 ) ;
#1218 = AXIS2_PLACEMENT_3D ( 'NONE', #1916, #3629, #3140 ) ;
#1219 = EDGE_CURVE ( 'NONE', #1695, #7465, #6833, .T. ) ;
#1220 = UNCERTAINTY_MEASURE_WITH_UNIT (LENGTH_MEASURE( 1.000000000000000082E-05 ), #7496, 'distance_accuracy_value', 'NONE');
#1221 = COLOUR_RGB ( '',0.8666666666666666963, 0.8666666666666666963, 0.8666666666666666963 ) ;
#1222 = EDGE_CURVE ( 'NONE', #2188, #2165, #7426, .T. ) ;
#1223 = EDGE_LOOP ( 'NONE', ( #3260, #5745, #4007, #6649 ) ) ;
#1224 = CARTESIAN_POINT ( 'NONE',  ( 3.445000000017750086, 0.3499797189101859773, 0.000000000000000000 ) ) ;
#1225 = SURFACE_SIDE_STYLE ('',( #4724 ) ) ;
#1226 =( LENGTH_UNIT ( ) NAMED_UNIT ( * ) SI_UNIT ( .MILLI., .METRE. ) );
#1227 = CARTESIAN_POINT ( 'NONE',  ( -2.790000000000119940, 2.274999999998830180, 0.2500000000000000000 ) ) ;
#1228 = PRESENTATION_LAYER_ASSIGNMENT (  '', '', ( #245 ) ) ;
#1229 =( GEOMETRIC_REPRESENTATION_CONTEXT ( 3 ) GLOBAL_UNCERTAINTY_ASSIGNED_CONTEXT ( ( #668 ) ) GLOBAL_UNIT_ASSIGNED_CONTEXT ( ( #5980, #811, #4891 ) ) REPRESENTATION_CONTEXT ( 'NONE', 'WORKASPACE' ) );
#1230 = SURFACE_STYLE_FILL_AREA ( #524 ) ;
#1231 = FILL_AREA_STYLE ('',( #3026 ) ) ;
#1232 = DIRECTION ( 'NONE',  ( 0.000000000000000000, 0.000000000000000000, -1.000000000000000000 ) ) ;
#1233 = ORIENTED_EDGE ( 'NONE', *, *, #268, .T. ) ;
#1234 = DIRECTION ( 'NONE',  ( 0.000000000000000000, -1.000000000000000000, 0.000000000000000000 ) ) ;
#1235 = FILL_AREA_STYLE ('',( #2948 ) ) ;
#1236 = ORIENTED_EDGE ( 'NONE', *, *, #7255, .F. ) ;
#1237 = CARTESIAN_POINT ( 'NONE',  ( 0.1549999999992909827, 2.149999999999860023, 0.2500000000000000000 ) ) ;
#1238 = SURFACE_STYLE_FILL_AREA ( #602 ) ;
#1239 = FACE_OUTER_BOUND ( 'NONE', #800, .T. ) ;
#1240 = VECTOR ( 'NONE', #3725, 1000.000000000000000 ) ;
#1241 = CIRCLE ( 'NONE', #2204, 0.1499999999999881706 ) ;
#1242 = EDGE_CURVE ( 'NONE', #7097, #6319, #4570, .T. ) ;
#1243 =( LENGTH_UNIT ( ) NAMED_UNIT ( * ) SI_UNIT ( .MILLI., .METRE. ) );
#1244 = ORIENTED_EDGE ( 'NONE', *, *, #2251, .F. ) ;
#1245 = ORIENTED_EDGE ( 'NONE', *, *, #5925, .T. ) ;
#1246 = SURFACE_STYLE_USAGE ( .BOTH. , #98 ) ;
#1247 = CARTESIAN_POINT ( 'NONE',  ( 2.790000000000000036, -0.8549999999989950084, 0.000000000000000000 ) ) ;
#1248 = LINE ( 'NONE', #3571, #6611 ) ;
#1249 = FACE_OUTER_BOUND ( 'NONE', #5794, .T. ) ;
#1250 = CYLINDRICAL_SURFACE ( 'NONE', #4321, 0.2672522260927919779 ) ;
#1251 = STYLED_ITEM ( 'NONE', ( #6403 ), #3481 ) ;
#1252 = ADVANCED_FACE ( 'NONE', ( #1727 ), #1694, .T. ) ;
#1253 = DIRECTION ( 'NONE',  ( 0.000000000000000000, 0.000000000000000000, -1.000000000000000000 ) ) ;
#1254 = SURFACE_SIDE_STYLE ('',( #3624 ) ) ;
#1255 = STYLED_ITEM ( 'NONE', ( #6329 ), #6710 ) ;
#1256 = ORIENTED_EDGE ( 'NONE', *, *, #2359, .F. ) ;
#1257 = DIRECTION ( 'NONE',  ( 0.000000000000000000, 0.000000000000000000, 1.000000000000000000 ) ) ;
#1258 = LINE ( 'NONE', #6932, #5882 ) ;
#1259 = CARTESIAN_POINT ( 'NONE',  ( 2.570000000014289743, 0.4150000000008370327, 0.000000000000000000 ) ) ;
#1260 = SURFACE_STYLE_FILL_AREA ( #2362 ) ;
#1261 = COLOUR_RGB ( '',0.8666666666666666963, 0.8666666666666666963, 0.8666666666666666963 ) ;
#1262 = AXIS2_PLACEMENT_3D ( 'NONE', #4867, #3748, #6713 ) ;
#1263 = FACE_OUTER_BOUND ( 'NONE', #383, .T. ) ;
#1264 = COLOUR_RGB ( '',0.8666666666666666963, 0.8666666666666666963, 0.8666666666666666963 ) ;
#1265 = CARTESIAN_POINT ( 'NONE',  ( -1.850000000000000089, 1.550000000000000044, 0.9979999999999999982 ) ) ;
#1266 =( LENGTH_UNIT ( ) NAMED_UNIT ( * ) SI_UNIT ( .MILLI., .METRE. ) );
#1267 = PRESENTATION_STYLE_ASSIGNMENT (( #4052 ) ) ;
#1268 = ORIENTED_EDGE ( 'NONE', *, *, #627, .T. ) ;
#1269 = VECTOR ( 'NONE', #2470, 1000.000000000000000 ) ;
#1270 = AXIS2_PLACEMENT_3D ( 'NONE', #139, #1293, #4828 ) ;
#1271 = VERTEX_POINT ( 'NONE', #7462 ) ;
#1272 = FILL_AREA_STYLE ('',( #5283 ) ) ;
#1273 = DIRECTION ( 'NONE',  ( 1.000000000000000000, -2.368475785599890213E-13, 0.000000000000000000 ) ) ;
#1274 = FILL_AREA_STYLE_COLOUR ( '', #1092 ) ;
#1275 =( NAMED_UNIT ( * ) PLANE_ANGLE_UNIT ( ) SI_UNIT ( $, .RADIAN. ) );
#1276 = STYLED_ITEM ( 'NONE', ( #1174 ), #4973 ) ;
#1277 = FACE_OUTER_BOUND ( 'NONE', #413, .T. ) ;
#1278 = PRESENTATION_STYLE_ASSIGNMENT (( #2605 ) ) ;
#1279 = EDGE_LOOP ( 'NONE', ( #456, #4543, #2440, #5282 ) ) ;
#1280 = EDGE_LOOP ( 'NONE', ( #97, #2848, #4235, #1650 ) ) ;
#1281 = DIRECTION ( 'NONE',  ( 0.000000000000000000, 0.000000000000000000, 1.000000000000000000 ) ) ;
#1282 = PLANE ( 'NONE',  #3970 ) ;
#1283 = PRESENTATION_LAYER_ASSIGNMENT (  '', '', ( #1772 ) ) ;
#1284 = LINE ( 'NONE', #134, #4295 ) ;
#1285 = VECTOR ( 'NONE', #768, 1000.000000000000000 ) ;
#1286 = CARTESIAN_POINT ( 'NONE',  ( -3.220222332087410155, -0.3400000000014820056, 0.2500000000000000000 ) ) ;
#1287 = MECHANICAL_DESIGN_GEOMETRIC_PRESENTATION_REPRESENTATION (  '', ( #295 ), #2249 ) ;
#1288 = AXIS2_PLACEMENT_3D ( 'NONE', #2690, #1590, #2074 ) ;
#1289 =( LENGTH_UNIT ( ) NAMED_UNIT ( * ) SI_UNIT ( .MILLI., .METRE. ) );
#1290 = PRESENTATION_LAYER_ASSIGNMENT (  '', '', ( #3367 ) ) ;
#1291 = FACE_OUTER_BOUND ( 'NONE', #7325, .T. ) ;
#1292 = VECTOR ( 'NONE', #5957, 1000.000000000000000 ) ;
#1293 = DIRECTION ( 'NONE',  ( 0.000000000000000000, 0.000000000000000000, 1.000000000000000000 ) ) ;
#1294 = PRESENTATION_LAYER_ASSIGNMENT (  '', '', ( #6590 ) ) ;
#1295 = DIRECTION ( 'NONE',  ( 1.454836254096609949E-11, -1.000000000000000000, 0.000000000000000000 ) ) ;
#1296 = AXIS2_PLACEMENT_3D ( 'NONE', #2402, #4124, #3487 ) ;
#1297 = CARTESIAN_POINT ( 'NONE',  ( -3.220222332087370187, 0.9299999999986420240, 0.2500000000000000000 ) ) ;
#1298 = UNCERTAINTY_MEASURE_WITH_UNIT (LENGTH_MEASURE( 1.000000000000000082E-05 ), #3090, 'distance_accuracy_value', 'NONE');
#1299 = VERTEX_POINT ( 'NONE', #2289 ) ;
#1300 = DIRECTION ( 'NONE',  ( 1.000000000000000000, -3.637090635158829833E-12, 0.000000000000000000 ) ) ;
#1301 = DIRECTION ( 'NONE',  ( 1.000000000000000000, 1.402668490622447894E-11, 0.000000000000000000 ) ) ;
#1302 = COLOUR_RGB ( '',0.8666666666666666963, 0.8666666666666666963, 0.8666666666666666963 ) ;
#1303 = SURFACE_SIDE_STYLE ('',( #5384 ) ) ;
#1304 = DIRECTION ( 'NONE',  ( -2.067033413106070175E-13, 1.000000000000000000, 0.000000000000000000 ) ) ;
#1305 = CARTESIAN_POINT ( 'NONE',  ( 2.420000000014279617, -0.2650000000002140088, 0.000000000000000000 ) ) ;
#1306 = FACE_OUTER_BOUND ( 'NONE', #235, .T. ) ;
#1307 = EDGE_CURVE ( 'NONE', #4413, #5438, #4608, .T. ) ;
#1308 = UNCERTAINTY_MEASURE_WITH_UNIT (LENGTH_MEASURE( 1.000000000000000082E-05 ), #5927, 'distance_accuracy_value', 'NONE');
#1309 =( NAMED_UNIT ( * ) SI_UNIT ( $, .STERADIAN. ) SOLID_ANGLE_UNIT ( ) );
#1310 = FILL_AREA_STYLE ('',( #4234 ) ) ;
#1311 = ORIENTED_EDGE ( 'NONE', *, *, #6064, .T. ) ;
#1312 = CARTESIAN_POINT ( 'NONE',  ( -3.220222332087410155, -0.3400000000014820056, 0.000000000000000000 ) ) ;
#1313 = ORIENTED_EDGE ( 'NONE', *, *, #7481, .T. ) ;
#1314 =( NAMED_UNIT ( * ) SI_UNIT ( $, .STERADIAN. ) SOLID_ANGLE_UNIT ( ) );
#1315 =( NAMED_UNIT ( * ) SI_UNIT ( $, .STERADIAN. ) SOLID_ANGLE_UNIT ( ) );
#1316 = STYLED_ITEM ( 'NONE', ( #3141 ), #647 ) ;
#1317 = PLANE ( 'NONE',  #5707 ) ;
#1318 = AXIS2_PLACEMENT_3D ( 'NONE', #4194, #1340, #1185 ) ;
#1319 = MECHANICAL_DESIGN_GEOMETRIC_PRESENTATION_REPRESENTATION (  '', ( #4347 ), #6511 ) ;
#1320 = ADVANCED_FACE ( 'NONE', ( #2988, #3597 ), #5309, .T. ) ;
#1321 = DIRECTION ( 'NONE',  ( 1.000000000000000000, 2.027357357016549895E-13, 0.000000000000000000 ) ) ;
#1322 = CARTESIAN_POINT ( 'NONE',  ( 2.789999999999699831, -1.685000000001110054, 0.2500000000000000000 ) ) ;
#1323 =( LENGTH_UNIT ( ) NAMED_UNIT ( * ) SI_UNIT ( .MILLI., .METRE. ) );
#1324 = EDGE_LOOP ( 'NONE', ( #7207, #3681, #6303, #7386 ) ) ;
#1325 = VERTEX_POINT ( 'NONE', #6491 ) ;
#1326 = CARTESIAN_POINT ( 'NONE',  ( -3.220221430730760392, 0.3399999999992359689, 0.2500000000000000000 ) ) ;
#1327 = VECTOR ( 'NONE', #6681, 1000.000000000000000 ) ;
#1328 = DIRECTION ( 'NONE',  ( 0.000000000000000000, 1.000000000000000000, 0.000000000000000000 ) ) ;
#1329 = FILL_AREA_STYLE_COLOUR ( '', #4556 ) ;
#1330 = VECTOR ( 'NONE', #1, 1000.000000000000000 ) ;
#1331 = STYLED_ITEM ( 'NONE', ( #4487 ), #4378 ) ;
#1332 = DIRECTION ( 'NONE',  ( 1.000000000000000000, 0.000000000000000000, 0.000000000000000000 ) ) ;
#1333 =( LENGTH_UNIT ( ) NAMED_UNIT ( * ) SI_UNIT ( .MILLI., .METRE. ) );
#1334 = EDGE_CURVE ( 'NONE', #5640, #4755, #3065, .T. ) ;
#1335 = VECTOR ( 'NONE', #6570, 1000.000000000000000 ) ;
#1336 = SURFACE_STYLE_FILL_AREA ( #4339 ) ;
#1337 = ORIENTED_EDGE ( 'NONE', *, *, #881, .T. ) ;
#1338 = CARTESIAN_POINT ( 'NONE',  ( -2.735094217804470151, 2.570094217804470116, 0.2094616378501029941 ) ) ;
#1339 = VECTOR ( 'NONE', #5679, 1000.000000000000000 ) ;
#1340 = DIRECTION ( 'NONE',  ( 1.000000000000000000, 3.741306804034770044E-13, 0.000000000000000000 ) ) ;
#1341 = FACE_OUTER_BOUND ( 'NONE', #5583, .T. ) ;
#1342 = PRESENTATION_STYLE_ASSIGNMENT (( #555 ) ) ;
#1343 = CARTESIAN_POINT ( 'NONE',  ( 2.570000000014739605, -1.535000000000650067, 0.2500000000000000000 ) ) ;
#1344 = MECHANICAL_DESIGN_GEOMETRIC_PRESENTATION_REPRESENTATION (  '', ( #2673 ), #113 ) ;
#1345 = CYLINDRICAL_SURFACE ( 'NONE', #2971, 0.2250000000004279688 ) ;
#1346 =( LENGTH_UNIT ( ) NAMED_UNIT ( * ) SI_UNIT ( .MILLI., .METRE. ) );
#1347 = EDGE_CURVE ( 'NONE', #4708, #447, #7122, .T. ) ;
#1348 = ADVANCED_FACE ( 'NONE', ( #5350 ), #7093, .T. ) ;
#1349 = ADVANCED_FACE ( 'NONE', ( #4160 ), #3711, .T. ) ;
#1350 = DIRECTION ( 'NONE',  ( -1.000000000000000000, -1.900169508679719798E-13, 0.000000000000000000 ) ) ;
#1351 = CARTESIAN_POINT ( 'NONE',  ( -2.620000000045079602, 1.534999999999509868, 0.000000000000000000 ) ) ;
#1352 = VERTEX_POINT ( 'NONE', #6060 ) ;
#1353 = DIRECTION ( 'NONE',  ( 0.000000000000000000, 0.000000000000000000, 1.000000000000000000 ) ) ;
#1354 = SURFACE_STYLE_USAGE ( .BOTH. , #796 ) ;
#1355 = ORIENTED_EDGE ( 'NONE', *, *, #4714, .F. ) ;
#1356 = PLANE ( 'NONE',  #4842 ) ;
#1357 = EDGE_LOOP ( 'NONE', ( #3701, #5758, #2687, #2852 ) ) ;
#1358 = SURFACE_STYLE_USAGE ( .BOTH. , #5316 ) ;
#1359 = SURFACE_STYLE_FILL_AREA ( #5933 ) ;
#1360 = EDGE_CURVE ( 'NONE', #6192, #5361, #3774, .T. ) ;
#1361 = SURFACE_STYLE_USAGE ( .BOTH. , #203 ) ;
#1362 = CARTESIAN_POINT ( 'NONE',  ( 2.355000000014429773, 2.224999999999110134, 0.000000000000000000 ) ) ;
#1363 = ORIENTED_EDGE ( 'NONE', *, *, #7255, .T. ) ;
#1364 = DIRECTION ( 'NONE',  ( 0.1666666669683717072, -0.9860132971322718154, 0.000000000000000000 ) ) ;
#1365 = CARTESIAN_POINT ( 'NONE',  ( 2.575000000017009683, -2.125000000000430322, 0.000000000000000000 ) ) ;
#1366 = CIRCLE ( 'NONE', #2318, 0.2249999999999079958 ) ;
#1367 = DIRECTION ( 'NONE',  ( 1.000000000000000000, 0.000000000000000000, 0.000000000000000000 ) ) ;
#1368 = CARTESIAN_POINT ( 'NONE',  ( 3.220222332087919970, -0.3400000000014820056, 0.000000000000000000 ) ) ;
#1369 = COLOUR_RGB ( '',0.3294117647058823484, 0.3294117647058823484, 0.3294117647058823484 ) ;
#1370 = STYLED_ITEM ( 'NONE', ( #5437 ), #997 ) ;
#1371 =( NAMED_UNIT ( * ) PLANE_ANGLE_UNIT ( ) SI_UNIT ( $, .RADIAN. ) );
#1372 = AXIS2_PLACEMENT_3D ( 'NONE', #3923, #3358, #2197 ) ;
#1373 = PRESENTATION_STYLE_ASSIGNMENT (( #6555 ) ) ;
#1374 = UNCERTAINTY_MEASURE_WITH_UNIT (LENGTH_MEASURE( 1.000000000000000082E-05 ), #3524, 'distance_accuracy_value', 'NONE');
#1375 = VERTEX_POINT ( 'NONE', #5909 ) ;
#1376 = SURFACE_STYLE_FILL_AREA ( #1871 ) ;
#1377 = FILL_AREA_STYLE ('',( #4373 ) ) ;
#1378 = FILL_AREA_STYLE_COLOUR ( '', #458 ) ;
#1379 = EDGE_CURVE ( 'NONE', #2584, #1109, #138, .T. ) ;
#1380 =( NAMED_UNIT ( * ) PLANE_ANGLE_UNIT ( ) SI_UNIT ( $, .RADIAN. ) );
#1381 = DIRECTION ( 'NONE',  ( -5.684341886080719698E-13, 1.000000000000000000, 0.000000000000000000 ) ) ;
#1382 = DIRECTION ( 'NONE',  ( 0.000000000000000000, 0.000000000000000000, -1.000000000000000000 ) ) ;
#1383 = VERTEX_POINT ( 'NONE', #3087 ) ;
#1384 = CARTESIAN_POINT ( 'NONE',  ( -2.770000000048429722, -0.2650000000009259948, 0.000000000000000000 ) ) ;
#1385 = DIRECTION ( 'NONE',  ( 0.000000000000000000, 0.000000000000000000, 1.000000000000000000 ) ) ;
#1386 = EDGE_LOOP ( 'NONE', ( #2417, #7323, #4505, #1686 ) ) ;
#1387 = LINE ( 'NONE', #2092, #403 ) ;
#1388 = ORIENTED_EDGE ( 'NONE', *, *, #6437, .T. ) ;
#1389 = LINE ( 'NONE', #4988, #1828 ) ;
#1390 = PRESENTATION_STYLE_ASSIGNMENT (( #1959 ) ) ;
#1391 =( BOUNDED_CURVE ( )  B_SPLINE_CURVE ( 3, ( #2149, #2105, #4927, #7320 ),
 .UNSPECIFIED., .F., .F. ) 
 B_SPLINE_CURVE_WITH_KNOTS ( ( 4, 4 ),
 ( 4.712388980384689674, 5.410520681137960253 ),
 .UNSPECIFIED. ) 
 CURVE ( )  GEOMETRIC_REPRESENTATION_ITEM ( )  RATIONAL_B_SPLINE_CURVE ( ( 1.000000000000000000, 0.9597950805290077492, 0.9597950805290077492, 1.000000000000000000 ) ) 
 REPRESENTATION_ITEM ( '' )  );
#1392 = PRESENTATION_STYLE_ASSIGNMENT (( #6539 ) ) ;
#1393 = DIRECTION ( 'NONE',  ( 0.000000000000000000, 0.000000000000000000, 1.000000000000000000 ) ) ;
#1394 = ORIENTED_EDGE ( 'NONE', *, *, #7453, .T. ) ;
#1395 =( NAMED_UNIT ( * ) SI_UNIT ( $, .STERADIAN. ) SOLID_ANGLE_UNIT ( ) );
#1396 = SURFACE_STYLE_USAGE ( .BOTH. , #6578 ) ;
#1397 = PRESENTATION_LAYER_ASSIGNMENT (  '', '', ( #5618 ) ) ;
#1398 = AXIS2_PLACEMENT_3D ( 'NONE', #1649, #1031, #1111 ) ;
#1399 = VECTOR ( 'NONE', #735, 1000.000000000000000 ) ;
#1400 = EDGE_CURVE ( 'NONE', #322, #4930, #5981, .T. ) ;
#1401 = ADVANCED_FACE ( 'NONE', ( #7112 ), #175, .F. ) ;
#1402 = DIRECTION ( 'NONE',  ( 0.000000000000000000, 1.000000000000000000, 0.000000000000000000 ) ) ;
#1403 =( LENGTH_UNIT ( ) NAMED_UNIT ( * ) SI_UNIT ( .MILLI., .METRE. ) );
#1404 = AXIS2_PLACEMENT_3D ( 'NONE', #4662, #5798, #1212 ) ;
#1405 = CARTESIAN_POINT ( 'NONE',  ( -2.310000001215910093, 2.124999999997390088, 0.000000000000000000 ) ) ;
#1406 = CARTESIAN_POINT ( 'NONE',  ( -0.6800000000228580976, 2.225000000000000089, 0.000000000000000000 ) ) ;
#1407 =( GEOMETRIC_REPRESENTATION_CONTEXT ( 3 ) GLOBAL_UNCERTAINTY_ASSIGNED_CONTEXT ( ( #6144 ) ) GLOBAL_UNIT_ASSIGNED_CONTEXT ( ( #4031, #1136, #7038 ) ) REPRESENTATION_CONTEXT ( 'NONE', 'WORKASPACE' ) );
#1408 =( GEOMETRIC_REPRESENTATION_CONTEXT ( 3 ) GLOBAL_UNCERTAINTY_ASSIGNED_CONTEXT ( ( #5308 ) ) GLOBAL_UNIT_ASSIGNED_CONTEXT ( ( #1980, #3323, #2821 ) ) REPRESENTATION_CONTEXT ( 'NONE', 'WORKASPACE' ) );
#1409 = EDGE_CURVE ( 'NONE', #6607, #7168, #4826, .T. ) ;
#1410 = CARTESIAN_POINT ( 'NONE',  ( 2.420000000014369768, -1.520000000000780060, 0.000000000000000000 ) ) ;
#1411 = EDGE_LOOP ( 'NONE', ( #6151, #5901, #5061, #2110 ) ) ;
#1412 = COLOUR_RGB ( '',0.8666666666666666963, 0.8666666666666666963, 0.8666666666666666963 ) ;
#1413 = CARTESIAN_POINT ( 'NONE',  ( -2.770000000044489763, 0.8549999999992219379, 0.000000000000000000 ) ) ;
#1414 = COLOUR_RGB ( '',0.8666666666666666963, 0.8666666666666666963, 0.8666666666666666963 ) ;
#1415 = DIRECTION ( 'NONE',  ( -2.477462178375860264E-13, -1.000000000000000000, 0.000000000000000000 ) ) ;
#1416 = LINE ( 'NONE', #6521, #1660 ) ;
#1417 = PRESENTATION_LAYER_ASSIGNMENT (  '', '', ( #190 ) ) ;
#1418 = COLOUR_RGB ( '',0.8666666666666666963, 0.8666666666666666963, 0.8666666666666666963 ) ;
#1419 = DIRECTION ( 'NONE',  ( 0.000000000000000000, 0.000000000000000000, 1.000000000000000000 ) ) ;
#1420 = VERTEX_POINT ( 'NONE', #1442 ) ;
#1421 = LINE ( 'NONE', #3752, #4070 ) ;
#1422 = DIRECTION ( 'NONE',  ( -5.233082485861765944E-13, 1.000000000000000000, 0.000000000000000000 ) ) ;
#1423 = EDGE_LOOP ( 'NONE', ( #7127, #1206, #7306, #3139 ) ) ;
#1424 = FILL_AREA_STYLE ('',( #2523 ) ) ;
#1425 = FILL_AREA_STYLE_COLOUR ( '', #2238 ) ;
#1426 = ORIENTED_EDGE ( 'NONE', *, *, #2695, .T. ) ;
#1427 = LINE ( 'NONE', #7165, #3179 ) ;
#1428 =( GEOMETRIC_REPRESENTATION_CONTEXT ( 3 ) GLOBAL_UNCERTAINTY_ASSIGNED_CONTEXT ( ( #6592 ) ) GLOBAL_UNIT_ASSIGNED_CONTEXT ( ( #121, #7018, #4348 ) ) REPRESENTATION_CONTEXT ( 'NONE', 'WORKASPACE' ) );
#1429 = DIRECTION ( 'NONE',  ( 1.000000000000000000, -1.836970198721029688E-16, 0.000000000000000000 ) ) ;
#1430 = CARTESIAN_POINT ( 'NONE',  ( -2.789999999999760227, -1.535000000000050102, 0.000000000000000000 ) ) ;
#1431 = DIRECTION ( 'NONE',  ( 0.9848077529967925736, -1.809062493724529160E-16, -0.1736481777543558980 ) ) ;
#1432 = ORIENTED_EDGE ( 'NONE', *, *, #1379, .T. ) ;
#1433 = DIRECTION ( 'NONE',  ( -0.9990152789796082899, -0.04436746967424964189, 0.000000000000000000 ) ) ;
#1434 = ORIENTED_EDGE ( 'NONE', *, *, #3623, .T. ) ;
#1435 = SURFACE_STYLE_FILL_AREA ( #3803 ) ;
#1436 = FACE_OUTER_BOUND ( 'NONE', #5561, .T. ) ;
#1437 = DIRECTION ( 'NONE',  ( 0.000000000000000000, 0.000000000000000000, 1.000000000000000000 ) ) ;
#1438 = VERTEX_POINT ( 'NONE', #3203 ) ;
#1439 = EDGE_CURVE ( 'NONE', #6914, #1122, #2466, .T. ) ;
#1440 = CARTESIAN_POINT ( 'NONE',  ( -0.1800000000228290098, 2.705000000001410054, 0.000000000000000000 ) ) ;
#1441 = EDGE_CURVE ( 'NONE', #7310, #4583, #6583, .T. ) ;
#1442 = CARTESIAN_POINT ( 'NONE',  ( 2.420000000014369768, -0.2500000000007960299, 0.2500000000000000000 ) ) ;
#1443 = ADVANCED_FACE ( 'NONE', ( #5483 ), #3050, .T. ) ;
#1444 = COLOUR_RGB ( '',0.8666666666666666963, 0.8666666666666666963, 0.8666666666666666963 ) ;
#1445 = PLANE ( 'NONE',  #506 ) ;
#1446 = EDGE_CURVE ( 'NONE', #6834, #5721, #429, .T. ) ;
#1447 = FACE_OUTER_BOUND ( 'NONE', #355, .T. ) ;
#1448 = LINE ( 'NONE', #5376, #5154 ) ;
#1449 = EDGE_CURVE ( 'NONE', #7312, #5809, #1486, .T. ) ;
#1450 = CARTESIAN_POINT ( 'NONE',  ( -2.770000000045520050, 0.2649999999995339972, 0.2500000000000000000 ) ) ;
#1451 = UNCERTAINTY_MEASURE_WITH_UNIT (LENGTH_MEASURE( 1.000000000000000082E-05 ), #2142, 'distance_accuracy_value', 'NONE');
#1452 = ORIENTED_EDGE ( 'NONE', *, *, #4642, .T. ) ;
#1454 = DIRECTION ( 'NONE',  ( 1.000000000000000000, 0.000000000000000000, 0.000000000000000000 ) ) ;
#1453 = SURFACE_SIDE_STYLE ('',( #4476 ) ) ;
#1455 = COLOUR_RGB ( '',0.8666666666666666963, 0.8666666666666666963, 0.8666666666666666963 ) ;
#1456 = FILL_AREA_STYLE_COLOUR ( '', #4579 ) ;
#1457 =( NAMED_UNIT ( * ) SI_UNIT ( $, .STERADIAN. ) SOLID_ANGLE_UNIT ( ) );
#1458 = FACE_OUTER_BOUND ( 'NONE', #6543, .T. ) ;
#1459 = SURFACE_STYLE_FILL_AREA ( #7118 ) ;
#1460 = COLOUR_RGB ( '',0.8666666666666666963, 0.8666666666666666963, 0.8666666666666666963 ) ;
#1461 = EDGE_CURVE ( 'NONE', #5069, #3600, #1593, .T. ) ;
#1462 = UNCERTAINTY_MEASURE_WITH_UNIT (LENGTH_MEASURE( 1.000000000000000082E-05 ), #5160, 'distance_accuracy_value', 'NONE');
#1463 = MECHANICAL_DESIGN_GEOMETRIC_PRESENTATION_REPRESENTATION (  '', ( #4132 ), #5934 ) ;
#1464 = VERTEX_POINT ( 'NONE', #1010 ) ;
#1465 = VECTOR ( 'NONE', #3385, 1000.000000000000000 ) ;
#1466 = DIRECTION ( 'NONE',  ( 0.000000000000000000, 0.000000000000000000, 1.000000000000000000 ) ) ;
#1467 = DIRECTION ( 'NONE',  ( 0.1666666669704653103, 0.9860132971319179873, 0.000000000000000000 ) ) ;
#1468 = ORIENTED_EDGE ( 'NONE', *, *, #4787, .T. ) ;
#1469 =( LENGTH_UNIT ( ) NAMED_UNIT ( * ) SI_UNIT ( .MILLI., .METRE. ) );
#1470 = CARTESIAN_POINT ( 'NONE',  ( 2.420000000014739694, 1.005000000000220162, 0.000000000000000000 ) ) ;
#1471 = VERTEX_POINT ( 'NONE', #6204 ) ;
#1472 = DIRECTION ( 'NONE',  ( 5.507747036240170140E-12, 1.000000000000000000, 0.000000000000000000 ) ) ;
#1473 = VECTOR ( 'NONE', #4065, 1000.000000000000000 ) ;
#1474 = CARTESIAN_POINT ( 'NONE',  ( -2.739999999999999769, 2.575000000000000178, 0.02000000000000000042 ) ) ;
#1475 = FACE_OUTER_BOUND ( 'NONE', #1782, .T. ) ;
#1476 =( NAMED_UNIT ( * ) PLANE_ANGLE_UNIT ( ) SI_UNIT ( $, .RADIAN. ) );
#1477 = STYLED_ITEM ( 'NONE', ( #6454 ), #5935 ) ;
#1478 = ORIENTED_EDGE ( 'NONE', *, *, #2032, .T. ) ;
#1479 =( NAMED_UNIT ( * ) PLANE_ANGLE_UNIT ( ) SI_UNIT ( $, .RADIAN. ) );
#1480 = ORIENTED_EDGE ( 'NONE', *, *, #1502, .T. ) ;
#1481 = DIRECTION ( 'NONE',  ( 0.000000000000000000, 0.000000000000000000, 1.000000000000000000 ) ) ;
#1482 = ADVANCED_FACE ( 'NONE', ( #3809 ), #7322, .T. ) ;
#1483 = SURFACE_STYLE_FILL_AREA ( #3770 ) ;
#1484 = ORIENTED_EDGE ( 'NONE', *, *, #4326, .T. ) ;
#1485 = CARTESIAN_POINT ( 'NONE',  ( 2.374999999997129851, -1.520000000000780060, 0.000000000000000000 ) ) ;
#1486 = LINE ( 'NONE', #2696, #1856 ) ;
#1487 = ORIENTED_EDGE ( 'NONE', *, *, #5867, .T. ) ;
#1488 = CARTESIAN_POINT ( 'NONE',  ( 2.420000000014739694, -1.535000000000650067, 0.2500000000000000000 ) ) ;
#1489 = LINE ( 'NONE', #2658, #3129 ) ;
#1490 = ADVANCED_FACE ( 'NONE', ( #2107 ), #6805, .T. ) ;
#1491 = STYLED_ITEM ( 'NONE', ( #4173 ), #3843 ) ;
#1492 =( GEOMETRIC_REPRESENTATION_CONTEXT ( 3 ) GLOBAL_UNCERTAINTY_ASSIGNED_CONTEXT ( ( #3673 ) ) GLOBAL_UNIT_ASSIGNED_CONTEXT ( ( #4468, #5001, #5068 ) ) REPRESENTATION_CONTEXT ( 'NONE', 'WORKASPACE' ) );
#1493 = DIRECTION ( 'NONE',  ( 1.000000000000000000, -4.779827929315450182E-13, 0.000000000000000000 ) ) ;
#1494 = LINE ( 'NONE', #5677, #1833 ) ;
#1495 = SURFACE_SIDE_STYLE ('',( #5531 ) ) ;
#1496 = STYLED_ITEM ( 'NONE', ( #2314 ), #3228 ) ;
#1497 = LINE ( 'NONE', #6669, #4689 ) ;
#1498 = FILL_AREA_STYLE ('',( #4866 ) ) ;
#1499 =( LENGTH_UNIT ( ) NAMED_UNIT ( * ) SI_UNIT ( .MILLI., .METRE. ) );
#1500 = AXIS2_PLACEMENT_3D ( 'NONE', #6613, #1431, #129 ) ;
#1501 = STYLED_ITEM ( 'NONE', ( #360 ), #3404 ) ;
#1502 = EDGE_CURVE ( 'NONE', #4847, #843, #1241, .T. ) ;
#1503 =( LENGTH_UNIT ( ) NAMED_UNIT ( * ) SI_UNIT ( .MILLI., .METRE. ) );
#1504 = ORIENTED_EDGE ( 'NONE', *, *, #6538, .T. ) ;
#1505 = SURFACE_STYLE_USAGE ( .BOTH. , #4984 ) ;
#1506 = CARTESIAN_POINT ( 'NONE',  ( -2.924903810567480278, 0.3399999999992359689, 0.000000000000000000 ) ) ;
#1507 = EDGE_LOOP ( 'NONE', ( #1948, #3933, #4341, #2303 ) ) ;
#1508 =( NAMED_UNIT ( * ) SI_UNIT ( $, .STERADIAN. ) SOLID_ANGLE_UNIT ( ) );
#1509 =( NAMED_UNIT ( * ) PLANE_ANGLE_UNIT ( ) SI_UNIT ( $, .RADIAN. ) );
#1510 = EDGE_LOOP ( 'NONE', ( #3877, #6786 ) ) ;
#1511 =( GEOMETRIC_REPRESENTATION_CONTEXT ( 3 ) GLOBAL_UNCERTAINTY_ASSIGNED_CONTEXT ( ( #2583 ) ) GLOBAL_UNIT_ASSIGNED_CONTEXT ( ( #2234, #4035, #3400 ) ) REPRESENTATION_CONTEXT ( 'NONE', 'WORKASPACE' ) );
#1512 = CARTESIAN_POINT ( 'NONE',  ( 3.220000000017900543, -0.9200202810956169541, 0.000000000000000000 ) ) ;
#1513 =( NAMED_UNIT ( * ) SI_UNIT ( $, .STERADIAN. ) SOLID_ANGLE_UNIT ( ) );
#1514 = COLOUR_RGB ( '',0.8666666666666666963, 0.8666666666666666963, 0.8666666666666666963 ) ;
#1515 =( NAMED_UNIT ( * ) PLANE_ANGLE_UNIT ( ) SI_UNIT ( $, .RADIAN. ) );
#1516 = CARTESIAN_POINT ( 'NONE',  ( -2.770000000045179878, -0.4150000000012140089, 0.2500000000000000000 ) ) ;
#1517 = ORIENTED_EDGE ( 'NONE', *, *, #818, .T. ) ;
#1518 = DIRECTION ( 'NONE',  ( 5.175258369995964598E-13, 1.000000000000000000, 0.000000000000000000 ) ) ;
#1519 = VERTEX_POINT ( 'NONE', #5251 ) ;
#1520 = CARTESIAN_POINT ( 'NONE',  ( -2.919903810567490154, 2.199999999998340172, 0.2500000000000000000 ) ) ;
#1521 = SURFACE_STYLE_FILL_AREA ( #2647 ) ;
#1522 = LINE ( 'NONE', #3883, #416 ) ;
#1523 = AXIS2_PLACEMENT_3D ( 'NONE', #5569, #4002, #2203 ) ;
#1524 = EDGE_LOOP ( 'NONE', ( #1057, #4493, #3728, #3430 ) ) ;
#1525 = CARTESIAN_POINT ( 'NONE',  ( 2.575000000017119817, 2.274999999998350120, 0.000000000000000000 ) ) ;
#1526 = FACE_OUTER_BOUND ( 'NONE', #925, .T. ) ;
#1527 = DIRECTION ( 'NONE',  ( 1.421043037891149910E-12, 1.000000000000000000, 0.000000000000000000 ) ) ;
#1528 = ORIENTED_EDGE ( 'NONE', *, *, #3825, .T. ) ;
#1529 = CARTESIAN_POINT ( 'NONE',  ( -2.794999999999910223, 0.4149999999991679789, 0.000000000000000000 ) ) ;
#1530 = VECTOR ( 'NONE', #3248, 1000.000000000000000 ) ;
#1531 = MECHANICAL_DESIGN_GEOMETRIC_PRESENTATION_REPRESENTATION (  '', ( #2861 ), #5379 ) ;
#1532 = DIRECTION ( 'NONE',  ( 0.000000000000000000, 0.000000000000000000, 1.000000000000000000 ) ) ;
#1533 = STYLED_ITEM ( 'NONE', ( #7328 ), #4962 ) ;
#1534 = PRESENTATION_STYLE_ASSIGNMENT (( #6745 ) ) ;
#1535 = UNCERTAINTY_MEASURE_WITH_UNIT (LENGTH_MEASURE( 1.000000000000000082E-05 ), #1555, 'distance_accuracy_value', 'NONE');
#1536 = CARTESIAN_POINT ( 'NONE',  ( -2.606146519691225016, -2.441146519691226313, 0.9407603734616215574 ) ) ;
#1537 = VECTOR ( 'NONE', #3539, 1000.000000000000000 ) ;
#1538 = VECTOR ( 'NONE', #4741, 1000.000000000000000 ) ;
#1539 = UNCERTAINTY_MEASURE_WITH_UNIT (LENGTH_MEASURE( 1.000000000000000082E-05 ), #5423, 'distance_accuracy_value', 'NONE');
#1540 = MECHANICAL_DESIGN_GEOMETRIC_PRESENTATION_REPRESENTATION (  '', ( #7084 ), #7440 ) ;
#1541 = PLANE ( 'NONE',  #1918 ) ;
#1542 = ORIENTED_EDGE ( 'NONE', *, *, #3630, .T. ) ;
#1543 = CARTESIAN_POINT ( 'NONE',  ( 2.919903810567459956, 1.609999999999100151, 0.2500000000000000000 ) ) ;
#1544 = SURFACE_STYLE_FILL_AREA ( #2166 ) ;
#1545 = ORIENTED_EDGE ( 'NONE', *, *, #2277, .T. ) ;
#1546 = SURFACE_SIDE_STYLE ('',( #1956 ) ) ;
#1547 = VERTEX_POINT ( 'NONE', #6986 ) ;
#1548 = ADVANCED_FACE ( 'NONE', ( #7473 ), #5139, .T. ) ;
#1549 = LINE ( 'NONE', #7276, #1335 ) ;
#1550 = PRESENTATION_LAYER_ASSIGNMENT (  '', '', ( #2750 ) ) ;
#1551 = SURFACE_STYLE_USAGE ( .BOTH. , #7278 ) ;
#1552 = LINE ( 'NONE', #3303, #816 ) ;
#1553 = ORIENTED_EDGE ( 'NONE', *, *, #2458, .T. ) ;
#1554 = VERTEX_POINT ( 'NONE', #1705 ) ;
#1555 =( LENGTH_UNIT ( ) NAMED_UNIT ( * ) SI_UNIT ( .MILLI., .METRE. ) );
#1556 = DIRECTION ( 'NONE',  ( -0.9428090415838672467, 0.3333333333282310629, 0.000000000000000000 ) ) ;
#1557 = EDGE_CURVE ( 'NONE', #33, #1122, #5178, .T. ) ;
#1558 = DIRECTION ( 'NONE',  ( 0.000000000000000000, 0.000000000000000000, -1.000000000000000000 ) ) ;
#1559 = ORIENTED_EDGE ( 'NONE', *, *, #6168, .F. ) ;
#1560 = FACE_OUTER_BOUND ( 'NONE', #6340, .T. ) ;
#1561 = ADVANCED_FACE ( 'NONE', ( #1088 ), #4705, .F. ) ;
#1562 = SURFACE_STYLE_FILL_AREA ( #3348 ) ;
#1563 = ORIENTED_EDGE ( 'NONE', *, *, #1805, .T. ) ;
#1564 = SURFACE_STYLE_FILL_AREA ( #849 ) ;
#1565 = ORIENTED_EDGE ( 'NONE', *, *, #1400, .F. ) ;
#1566 = SURFACE_STYLE_USAGE ( .BOTH. , #6290 ) ;
#1567 = PRESENTATION_LAYER_ASSIGNMENT (  '', '', ( #6036 ) ) ;
#1568 = CARTESIAN_POINT ( 'NONE',  ( 2.570000000014549979, 1.685000000000490106, 0.000000000000000000 ) ) ;
#1569 = DIRECTION ( 'NONE',  ( 0.000000000000000000, 0.000000000000000000, 1.000000000000000000 ) ) ;
#1570 = SURFACE_STYLE_FILL_AREA ( #1062 ) ;
#1571 = CARTESIAN_POINT ( 'NONE',  ( 2.420000000014369768, 0.2499999999992039701, 0.000000000000000000 ) ) ;
#1572 = VECTOR ( 'NONE', #4567, 1000.000000000000000 ) ;
#1573 = ADVANCED_FACE ( 'NONE', ( #3567 ), #4615, .F. ) ;
#1574 = VECTOR ( 'NONE', #1149, 1000.000000000000000 ) ;
#1575 = ORIENTED_EDGE ( 'NONE', *, *, #7262, .T. ) ;
#1576 = LINE ( 'NONE', #5053, #2646 ) ;
#1577 = ORIENTED_EDGE ( 'NONE', *, *, #3025, .T. ) ;
#1578 = CARTESIAN_POINT ( 'NONE',  ( 2.355000000014429773, 2.224999999999110134, 0.000000000000000000 ) ) ;
#1579 = VERTEX_POINT ( 'NONE', #3948 ) ;
#1580 = EDGE_CURVE ( 'NONE', #46, #7158, #1046, .T. ) ;
#1581 = STYLED_ITEM ( 'NONE', ( #158 ), #1671 ) ;
#1582 = DIRECTION ( 'NONE',  ( 1.836970198721029688E-16, 1.000000000000000000, 0.000000000000000000 ) ) ;
#1583 = DIRECTION ( 'NONE',  ( -2.454333033274330151E-11, 1.000000000000000000, 0.000000000000000000 ) ) ;
#1584 = ORIENTED_EDGE ( 'NONE', *, *, #1768, .F. ) ;
#1585 = DIRECTION ( 'NONE',  ( 0.000000000000000000, 0.000000000000000000, 1.000000000000000000 ) ) ;
#1586 = ORIENTED_EDGE ( 'NONE', *, *, #5455, .T. ) ;
#1587 = DIRECTION ( 'NONE',  ( 2.130944959194069933E-13, -1.000000000000000000, 0.000000000000000000 ) ) ;
#1588 = COLOUR_RGB ( '',0.8666666666666666963, 0.8666666666666666963, 0.8666666666666666963 ) ;
#1589 = ADVANCED_FACE ( 'NONE', ( #6873 ), #4059, .T. ) ;
#1590 = DIRECTION ( 'NONE',  ( 0.000000000000000000, 0.000000000000000000, -1.000000000000000000 ) ) ;
#1591 =( GEOMETRIC_REPRESENTATION_CONTEXT ( 3 ) GLOBAL_UNCERTAINTY_ASSIGNED_CONTEXT ( ( #2046 ) ) GLOBAL_UNIT_ASSIGNED_CONTEXT ( ( #4918, #6615, #1395 ) ) REPRESENTATION_CONTEXT ( 'NONE', 'WORKASPACE' ) );
#1592 = DIRECTION ( 'NONE',  ( 0.8660254037880674716, -0.4999999999937148609, 0.000000000000000000 ) ) ;
#1593 = LINE ( 'NONE', #2811, #6559 ) ;
#1594 = ORIENTED_EDGE ( 'NONE', *, *, #4338, .T. ) ;
#1595 = ORIENTED_EDGE ( 'NONE', *, *, #5553, .F. ) ;
#1596 = ORIENTED_EDGE ( 'NONE', *, *, #3553, .T. ) ;
#1597 = COLOUR_RGB ( '',0.8666666666666666963, 0.8666666666666666963, 0.8666666666666666963 ) ;
#1598 = DIRECTION ( 'NONE',  ( 0.000000000000000000, 0.000000000000000000, -1.000000000000000000 ) ) ;
#1599 = UNCERTAINTY_MEASURE_WITH_UNIT (LENGTH_MEASURE( 1.000000000000000082E-05 ), #7098, 'distance_accuracy_value', 'NONE');
#1600 = DIRECTION ( 'NONE',  ( -0.7071067811861460051, -0.7071067811869490294, 0.000000000000000000 ) ) ;
#1601 = LINE ( 'NONE', #3928, #3585 ) ;
#1602 =( GEOMETRIC_REPRESENTATION_CONTEXT ( 3 ) GLOBAL_UNCERTAINTY_ASSIGNED_CONTEXT ( ( #3894 ) ) GLOBAL_UNIT_ASSIGNED_CONTEXT ( ( #6131, #5556, #7361 ) ) REPRESENTATION_CONTEXT ( 'NONE', 'WORKASPACE' ) );
#1603 = CARTESIAN_POINT ( 'NONE',  ( 2.420000000014369768, 0.2499999999992039701, 0.000000000000000000 ) ) ;
#1604 = UNCERTAINTY_MEASURE_WITH_UNIT (LENGTH_MEASURE( 1.000000000000000082E-05 ), #4557, 'distance_accuracy_value', 'NONE');
#1605 = CLOSED_SHELL ( 'NONE', ( #2456, #6585, #6859, #7480 ) ) ;
#1606 = LINE ( 'NONE', #5570, #7330 ) ;
#1607 = ADVANCED_FACE ( 'NONE', ( #1735 ), #5712, .T. ) ;
#1608 = CARTESIAN_POINT ( 'NONE',  ( 2.727946210799999438, 4.424999999999999822, 0.2500000000000000000 ) ) ;
#1609 = PLANE ( 'NONE',  #7090 ) ;
#1610 = VERTEX_POINT ( 'NONE', #3527 ) ;
#1611 = FILL_AREA_STYLE ('',( #7274 ) ) ;
#1612 = CARTESIAN_POINT ( 'NONE',  ( 2.576069773055092771, 2.212499999999999911, 0.9766044443147514631 ) ) ;
#1613 = COLOUR_RGB ( '',0.8666666666666666963, 0.8666666666666666963, 0.8666666666666666963 ) ;
#1614 = ORIENTED_EDGE ( 'NONE', *, *, #4833, .T. ) ;
#1615 = COLOUR_RGB ( '',0.8666666666666666963, 0.8666666666666666963, 0.8666666666666666963 ) ;
#1616 = LINE ( 'NONE', #3841, #6753 ) ;
#1617 = ORIENTED_EDGE ( 'NONE', *, *, #1102, .T. ) ;
#1618 = FILL_AREA_STYLE ('',( #7352 ) ) ;
#1619 = VERTEX_POINT ( 'NONE', #90 ) ;
#1620 =( NAMED_UNIT ( * ) SI_UNIT ( $, .STERADIAN. ) SOLID_ANGLE_UNIT ( ) );
#1621 = DIRECTION ( 'NONE',  ( 0.000000000000000000, 0.000000000000000000, 1.000000000000000000 ) ) ;
#1622 = MECHANICAL_DESIGN_GEOMETRIC_PRESENTATION_REPRESENTATION (  '', ( #271 ), #6332 ) ;
#1623 = ORIENTED_EDGE ( 'NONE', *, *, #4877, .T. ) ;
#1624 =( LENGTH_UNIT ( ) NAMED_UNIT ( * ) SI_UNIT ( .MILLI., .METRE. ) );
#1625 =( LENGTH_UNIT ( ) NAMED_UNIT ( * ) SI_UNIT ( .MILLI., .METRE. ) );
#1626 = ORIENTED_EDGE ( 'NONE', *, *, #7028, .T. ) ;
#1627 = ORIENTED_EDGE ( 'NONE', *, *, #5740, .F. ) ;
#1628 = LINE ( 'NONE', #3431, #240 ) ;
#1629 = FILL_AREA_STYLE ('',( #468 ) ) ;
#1630 = FILL_AREA_STYLE_COLOUR ( '', #7363 ) ;
#1631 = ORIENTED_EDGE ( 'NONE', *, *, #4231, .T. ) ;
#1632 =( LENGTH_UNIT ( ) NAMED_UNIT ( * ) SI_UNIT ( .MILLI., .METRE. ) );
#1633 = AXIS2_PLACEMENT_3D ( 'NONE', #5196, #5883, #6487 ) ;
#1634 = EDGE_CURVE ( 'NONE', #1928, #1654, #2797, .T. ) ;
#1635 = CARTESIAN_POINT ( 'NONE',  ( 3.445000000017750086, 0.3499797189101859773, 0.2500000000000000000 ) ) ;
#1636 = ADVANCED_FACE ( 'NONE', ( #7100 ), #6386, .F. ) ;
#1637 =( GEOMETRIC_REPRESENTATION_CONTEXT ( 3 ) GLOBAL_UNCERTAINTY_ASSIGNED_CONTEXT ( ( #1535 ) ) GLOBAL_UNIT_ASSIGNED_CONTEXT ( ( #1555, #6087, #3880 ) ) REPRESENTATION_CONTEXT ( 'NONE', 'WORKASPACE' ) );
#1638 = SURFACE_SIDE_STYLE ('',( #1674 ) ) ;
#1639 = PRESENTATION_LAYER_ASSIGNMENT (  '', '', ( #5869 ) ) ;
#1640 = CARTESIAN_POINT ( 'NONE',  ( -2.610271787389510045, 2.445271787389520224, 0.9173648177754361033 ) ) ;
#1641 = DIRECTION ( 'NONE',  ( 0.000000000000000000, 0.000000000000000000, -1.000000000000000000 ) ) ;
#1642 =( GEOMETRIC_REPRESENTATION_CONTEXT ( 3 ) GLOBAL_UNCERTAINTY_ASSIGNED_CONTEXT ( ( #6292 ) ) GLOBAL_UNIT_ASSIGNED_CONTEXT ( ( #5614, #3901, #376 ) ) REPRESENTATION_CONTEXT ( 'NONE', 'WORKASPACE' ) );
#1643 = EDGE_CURVE ( 'NONE', #1131, #3800, #4770, .T. ) ;
#1644 = DIRECTION ( 'NONE',  ( -1.000000000000000000, 0.000000000000000000, 0.000000000000000000 ) ) ;
#1645 = AXIS2_PLACEMENT_3D ( 'NONE', #6994, #1827, #4964 ) ;
#1646 = CARTESIAN_POINT ( 'NONE',  ( 0.1549999999992909827, -2.149999999999620215, 0.000000000000000000 ) ) ;
#1647 = VERTEX_POINT ( 'NONE', #199 ) ;
#1648 = DIRECTION ( 'NONE',  ( 0.000000000000000000, 1.000000000000000000, 0.000000000000000000 ) ) ;
#1649 = CARTESIAN_POINT ( 'NONE',  ( -1.850000000000000089, 1.550000000000000044, 0.9979999999999999982 ) ) ;
#1650 = ORIENTED_EDGE ( 'NONE', *, *, #1764, .F. ) ;
#1651 = STYLED_ITEM ( 'NONE', ( #593 ), #2795 ) ;
#1652 = VECTOR ( 'NONE', #2925, 1000.000000000000000 ) ;
#1653 =( LENGTH_UNIT ( ) NAMED_UNIT ( * ) SI_UNIT ( .MILLI., .METRE. ) );
#1654 = VERTEX_POINT ( 'NONE', #3564 ) ;
#1655 = PLANE ( 'NONE',  #7318 ) ;
#1656 = AXIS2_PLACEMENT_3D ( 'NONE', #4725, #4228, #4117 ) ;
#1657 = LINE ( 'NONE', #6273, #5087 ) ;
#1658 = ORIENTED_EDGE ( 'NONE', *, *, #2758, .T. ) ;
#1659 =( NAMED_UNIT ( * ) PLANE_ANGLE_UNIT ( ) SI_UNIT ( $, .RADIAN. ) );
#1660 = VECTOR ( 'NONE', #3060, 1000.000000000000000 ) ;
#1661 = VERTEX_POINT ( 'NONE', #5896 ) ;
#1662 = DIRECTION ( 'NONE',  ( 0.8660254037852800346, -0.4999999999985429433, 0.000000000000000000 ) ) ;
#1663 = VERTEX_POINT ( 'NONE', #6458 ) ;
#1664 = VECTOR ( 'NONE', #7222, 1000.000000000000000 ) ;
#1665 = ORIENTED_EDGE ( 'NONE', *, *, #6832, .T. ) ;
#1666 = CARTESIAN_POINT ( 'NONE',  ( 2.919903810567320068, -1.610000000000469944, 0.2500000000000000000 ) ) ;
#1667 = LINE ( 'NONE', #3993, #3457 ) ;
#1668 = VERTEX_POINT ( 'NONE', #5857 ) ;
#1669 = LINE ( 'NONE', #5835, #2494 ) ;
#1670 = CARTESIAN_POINT ( 'NONE',  ( -2.770000000045179878, -0.4150000000012140089, 0.000000000000000000 ) ) ;
#1671 = ADVANCED_FACE ( 'NONE', ( #648 ), #3604, .T. ) ;
#1672 = EDGE_CURVE ( 'NONE', #846, #7149, #3722, .T. ) ;
#1673 = EDGE_CURVE ( 'NONE', #1173, #6951, #6007, .T. ) ;
#1674 = SURFACE_STYLE_FILL_AREA ( #3435 ) ;
#1675 = UNCERTAINTY_MEASURE_WITH_UNIT (LENGTH_MEASURE( 1.000000000000000082E-05 ), #234, 'distance_accuracy_value', 'NONE');
#1676 = EDGE_CURVE ( 'NONE', #4795, #2593, #1549, .T. ) ;
#1677 = FILL_AREA_STYLE ('',( #2199 ) ) ;
#1678 = MECHANICAL_DESIGN_GEOMETRIC_PRESENTATION_REPRESENTATION (  '', ( #326 ), #3988 ) ;
#1679 = FILL_AREA_STYLE ('',( #7450 ) ) ;
#1680 = COLOUR_RGB ( '',0.3294117647058823484, 0.3294117647058823484, 0.3294117647058823484 ) ;
#1681 = EDGE_CURVE ( 'NONE', #16, #2188, #345, .T. ) ;
#1682 =( NAMED_UNIT ( * ) PLANE_ANGLE_UNIT ( ) SI_UNIT ( $, .RADIAN. ) );
#1683 = UNCERTAINTY_MEASURE_WITH_UNIT (LENGTH_MEASURE( 1.000000000000000082E-05 ), #1346, 'distance_accuracy_value', 'NONE');
#1684 = SURFACE_STYLE_USAGE ( .BOTH. , #4116 ) ;
#1685 =( NAMED_UNIT ( * ) SI_UNIT ( $, .STERADIAN. ) SOLID_ANGLE_UNIT ( ) );
#1686 = ORIENTED_EDGE ( 'NONE', *, *, #4685, .F. ) ;
#1687 = LINE ( 'NONE', #4048, #1574 ) ;
#1688 = LINE ( 'NONE', #1612, #2864 ) ;
#1689 = VERTEX_POINT ( 'NONE', #4276 ) ;
#1690 = CARTESIAN_POINT ( 'NONE',  ( -2.794999999999669971, 0.2649999999988409960, 0.000000000000000000 ) ) ;
#1691 = EDGE_CURVE ( 'NONE', #1519, #3069, #1389, .T. ) ;
#1692 = MECHANICAL_DESIGN_GEOMETRIC_PRESENTATION_REPRESENTATION (  '', ( #695 ), #5915 ) ;
#1693 = STYLED_ITEM ( 'NONE', ( #1110 ), #4411 ) ;
#1694 = PLANE ( 'NONE',  #2286 ) ;
#1695 = VERTEX_POINT ( 'NONE', #3797 ) ;
#1696 = CARTESIAN_POINT ( 'NONE',  ( -0.6800000000228580976, -2.225000000000249667, 0.000000000000000000 ) ) ;
#1697 = PRESENTATION_STYLE_ASSIGNMENT (( #5624 ) ) ;
#1698 = VERTEX_POINT ( 'NONE', #3229 ) ;
#1699 = SURFACE_SIDE_STYLE ('',( #6344 ) ) ;
#1700 = SURFACE_STYLE_FILL_AREA ( #6945 ) ;
#1701 = FACE_OUTER_BOUND ( 'NONE', #888, .T. ) ;
#1702 = ORIENTED_EDGE ( 'NONE', *, *, #2916, .T. ) ;
#1703 = CARTESIAN_POINT ( 'NONE',  ( -3.220000000017390285, -0.9200202810956169541, 0.2500000000000000000 ) ) ;
#1704 =( NAMED_UNIT ( * ) SI_UNIT ( $, .STERADIAN. ) SOLID_ANGLE_UNIT ( ) );
#1705 = CARTESIAN_POINT ( 'NONE',  ( -2.511791012089830133, -2.346791012089830097, 1.000000000000000000 ) ) ;
#1706 = ORIENTED_EDGE ( 'NONE', *, *, #559, .T. ) ;
#1707 = ORIENTED_EDGE ( 'NONE', *, *, #7253, .F. ) ;
#1708 = SURFACE_SIDE_STYLE ('',( #1742 ) ) ;
#1709 = EDGE_CURVE ( 'NONE', #2701, #5241, #303, .T. ) ;
#1710 = VERTEX_POINT ( 'NONE', #4420 ) ;
#1711 =( GEOMETRIC_REPRESENTATION_CONTEXT ( 3 ) GLOBAL_UNCERTAINTY_ASSIGNED_CONTEXT ( ( #2508 ) ) GLOBAL_UNIT_ASSIGNED_CONTEXT ( ( #5363, #5326, #3042 ) ) REPRESENTATION_CONTEXT ( 'NONE', 'WORKASPACE' ) );
#1712 = DIRECTION ( 'NONE',  ( 0.9990158634961664452, -0.04435430625101756397, 0.000000000000000000 ) ) ;
#1713 = AXIS2_PLACEMENT_3D ( 'NONE', #6577, #3801, #275 ) ;
#1714 = CARTESIAN_POINT ( 'NONE',  ( -2.310000001215910093, -2.125000000001460165, 0.000000000000000000 ) ) ;
#1715 = EDGE_CURVE ( 'NONE', #6728, #1163, #7366, .T. ) ;
#1716 = SURFACE_STYLE_FILL_AREA ( #7489 ) ;
#1717 = LINE ( 'NONE', #6862, #7007 ) ;
#1718 = COLOUR_RGB ( '',0.8666666666666666963, 0.8666666666666666963, 0.8666666666666666963 ) ;
#1719 = SURFACE_STYLE_FILL_AREA ( #5775 ) ;
#1720 = VERTEX_POINT ( 'NONE', #2718 ) ;
#1721 = LINE ( 'NONE', #2981, #4474 ) ;
#1722 = DIRECTION ( 'NONE',  ( 7.576693188259789952E-13, 1.000000000000000000, 0.000000000000000000 ) ) ;
#1723 = EDGE_CURVE ( 'NONE', #5625, #6728, #3159, .T. ) ;
#1724 =( GEOMETRIC_REPRESENTATION_CONTEXT ( 3 ) GLOBAL_UNCERTAINTY_ASSIGNED_CONTEXT ( ( #7336 ) ) GLOBAL_UNIT_ASSIGNED_CONTEXT ( ( #3510, #4112, #2355 ) ) REPRESENTATION_CONTEXT ( 'NONE', 'WORKASPACE' ) );
#1725 = PRESENTATION_LAYER_ASSIGNMENT (  '', '', ( #137 ) ) ;
#1726 =( NAMED_UNIT ( * ) SI_UNIT ( $, .STERADIAN. ) SOLID_ANGLE_UNIT ( ) );
#1727 = FACE_OUTER_BOUND ( 'NONE', #1507, .T. ) ;
#1728 = STYLED_ITEM ( 'NONE', ( #6421 ), #867 ) ;
#1729 = VERTEX_POINT ( 'NONE', #6684 ) ;
#1730 = SURFACE_STYLE_USAGE ( .BOTH. , #1040 ) ;
#1731 =( NAMED_UNIT ( * ) PLANE_ANGLE_UNIT ( ) SI_UNIT ( $, .RADIAN. ) );
#1732 = ORIENTED_EDGE ( 'NONE', *, *, #2182, .T. ) ;
#1733 = FILL_AREA_STYLE ('',( #6790 ) ) ;
#1734 = VECTOR ( 'NONE', #5765, 1000.000000000000000 ) ;
#1735 = FACE_OUTER_BOUND ( 'NONE', #6164, .T. ) ;
#1736 = ORIENTED_EDGE ( 'NONE', *, *, #6572, .T. ) ;
#1737 = SURFACE_STYLE_USAGE ( .BOTH. , #1819 ) ;
#1738 = PRESENTATION_STYLE_ASSIGNMENT (( #7397 ) ) ;
#1739 = ORIENTED_EDGE ( 'NONE', *, *, #5131, .T. ) ;
#1740 = ORIENTED_EDGE ( 'NONE', *, *, #1307, .F. ) ;
#1741 = DIRECTION ( 'NONE',  ( -1.000000000000000000, 1.512038128301959820E-12, 0.000000000000000000 ) ) ;
#1742 = SURFACE_STYLE_FILL_AREA ( #5678 ) ;
#1743 = ORIENTED_EDGE ( 'NONE', *, *, #2725, .F. ) ;
#1744 =( NAMED_UNIT ( * ) PLANE_ANGLE_UNIT ( ) SI_UNIT ( $, .RADIAN. ) );
#1745 = COLOUR_RGB ( '',0.8666666666666666963, 0.8666666666666666963, 0.8666666666666666963 ) ;
#1746 = DIRECTION ( 'NONE',  ( 0.000000000000000000, 1.000000000000000000, 0.000000000000000000 ) ) ;
#1747 = CARTESIAN_POINT ( 'NONE',  ( 2.570000000014549979, 1.685000000000490106, 0.2500000000000000000 ) ) ;
#1748 = AXIS2_PLACEMENT_3D ( 'NONE', #543, #7477, #766 ) ;
#1749 = CARTESIAN_POINT ( 'NONE',  ( -0.1800000000227439945, -2.477098005438509887, 0.2500000000000000000 ) ) ;
#1750 = DIRECTION ( 'NONE',  ( 0.000000000000000000, 0.000000000000000000, 1.000000000000000000 ) ) ;
#1751 = DIRECTION ( 'NONE',  ( -0.7071067811869490294, -0.7071067811861460051, 0.000000000000000000 ) ) ;
#1752 = COLOUR_RGB ( '',0.8666666666666666963, 0.8666666666666666963, 0.8666666666666666963 ) ;
#1753 = AXIS2_PLACEMENT_3D ( 'NONE', #4799, #7497, #2437 ) ;
#1754 = PLANE ( 'NONE',  #1970 ) ;
#1755 = UNCERTAINTY_MEASURE_WITH_UNIT (LENGTH_MEASURE( 1.000000000000000082E-05 ), #5563, 'distance_accuracy_value', 'NONE');
#1756 = VERTEX_POINT ( 'NONE', #5434 ) ;
#1757 = STYLED_ITEM ( 'NONE', ( #337 ), #306 ) ;
#1758 = VECTOR ( 'NONE', #4488, 1000.000000000000000 ) ;
#1759 = DIRECTION ( 'NONE',  ( 0.000000000000000000, 0.000000000000000000, -1.000000000000000000 ) ) ;
#1760 = SURFACE_SIDE_STYLE ('',( #5813 ) ) ;
#1761 = FACE_OUTER_BOUND ( 'NONE', #5797, .T. ) ;
#1762 = SURFACE_SIDE_STYLE ('',( #1921 ) ) ;
#1763 = CARTESIAN_POINT ( 'NONE',  ( -2.770000000045529820, 0.2649999999995449884, 0.000000000000000000 ) ) ;
#1764 = EDGE_CURVE ( 'NONE', #692, #4022, #236, .T. ) ;
#1765 = MECHANICAL_DESIGN_GEOMETRIC_PRESENTATION_REPRESENTATION (  '', ( #1276 ), #5762 ) ;
#1766 = LINE ( 'NONE', #5199, #6280 ) ;
#1767 = VERTEX_POINT ( 'NONE', #5508 ) ;
#1768 = EDGE_CURVE ( 'NONE', #3916, #5615, #4351, .T. ) ;
#1769 = DIRECTION ( 'NONE',  ( 0.000000000000000000, 0.000000000000000000, 1.000000000000000000 ) ) ;
#1770 = ORIENTED_EDGE ( 'NONE', *, *, #4358, .T. ) ;
#1771 = CARTESIAN_POINT ( 'NONE',  ( -0.6800000000228580976, 2.377098005438369466, 0.000000000000000000 ) ) ;
#1772 = STYLED_ITEM ( 'NONE', ( #5850 ), #2809 ) ;
#1773 = EDGE_CURVE ( 'NONE', #6869, #2924, #1427, .T. ) ;
#1774 =( GEOMETRIC_REPRESENTATION_CONTEXT ( 3 ) GLOBAL_UNCERTAINTY_ASSIGNED_CONTEXT ( ( #4562 ) ) GLOBAL_UNIT_ASSIGNED_CONTEXT ( ( #3046, #2002, #4823 ) ) REPRESENTATION_CONTEXT ( 'NONE', 'WORKASPACE' ) );
#1775 = PRESENTATION_LAYER_ASSIGNMENT (  '', '', ( #417 ) ) ;
#1776 = COLOUR_RGB ( '',0.8666666666666666963, 0.8666666666666666963, 0.8666666666666666963 ) ;
#1777 = ORIENTED_EDGE ( 'NONE', *, *, #818, .F. ) ;
#1778 =( NAMED_UNIT ( * ) PLANE_ANGLE_UNIT ( ) SI_UNIT ( $, .RADIAN. ) );
#1779 =( NAMED_UNIT ( * ) PLANE_ANGLE_UNIT ( ) SI_UNIT ( $, .RADIAN. ) );
#1781 = PRESENTATION_LAYER_ASSIGNMENT (  '', '', ( #3127 ) ) ;
#1780 = CIRCLE ( 'NONE', #5768, 0.1499999999999350742 ) ;
#1782 = EDGE_LOOP ( 'NONE', ( #4845, #503, #1052, #2090 ) ) ;
#1783 = VECTOR ( 'NONE', #3663, 1000.000000000000000 ) ;
#1784 = ORIENTED_EDGE ( 'NONE', *, *, #3451, .F. ) ;
#1785 = DIRECTION ( 'NONE',  ( 0.000000000000000000, 0.000000000000000000, 1.000000000000000000 ) ) ;
#1786 = DIRECTION ( 'NONE',  ( 1.000000000000000000, 0.000000000000000000, 0.000000000000000000 ) ) ;
#1787 = STYLED_ITEM ( 'NONE', ( #4600 ), #325 ) ;
#1788 =( GEOMETRIC_REPRESENTATION_CONTEXT ( 3 ) GLOBAL_UNCERTAINTY_ASSIGNED_CONTEXT ( ( #5684 ) ) GLOBAL_UNIT_ASSIGNED_CONTEXT ( ( #6419, #5852, #6903 ) ) REPRESENTATION_CONTEXT ( 'NONE', 'WORKASPACE' ) );
#1790 = VERTEX_POINT ( 'NONE', #837 ) ;
#1789 = EDGE_CURVE ( 'NONE', #4380, #5822, #2063, .T. ) ;
#1791 = AXIS2_PLACEMENT_3D ( 'NONE', #5709, #3450, #4018 ) ;
#1792 = FACE_OUTER_BOUND ( 'NONE', #4735, .T. ) ;
#1793 = EDGE_CURVE ( 'NONE', #4908, #2293, #5578, .T. ) ;
#1794 = MECHANICAL_DESIGN_GEOMETRIC_PRESENTATION_REPRESENTATION (  '', ( #3371 ), #1048 ) ;
#1795 = CARTESIAN_POINT ( 'NONE',  ( 2.420000000014369768, 1.519999999999190221, 0.2500000000000000000 ) ) ;
#1796 = CYLINDRICAL_SURFACE ( 'NONE', #4404, 0.1499999999999999667 ) ;
#1797 = SURFACE_STYLE_FILL_AREA ( #582 ) ;
#1798 = DIRECTION ( 'NONE',  ( 0.000000000000000000, 0.000000000000000000, -1.000000000000000000 ) ) ;
#1799 = PRESENTATION_STYLE_ASSIGNMENT (( #2431 ) ) ;
#1800 = ORIENTED_EDGE ( 'NONE', *, *, #5836, .T. ) ;
#1801 = FILL_AREA_STYLE ('',( #3478 ) ) ;
#1802 = DIRECTION ( 'NONE',  ( -1.836970198721029688E-16, -1.000000000000000000, 0.000000000000000000 ) ) ;
#1803 = CARTESIAN_POINT ( 'NONE',  ( 3.220221562246670111, 1.609999999999500053, 0.000000000000000000 ) ) ;
#1804 = CYLINDRICAL_SURFACE ( 'NONE', #6283, 0.2249999999993688438 ) ;
#1805 = EDGE_CURVE ( 'NONE', #130, #262, #5560, .T. ) ;
#1806 = FILL_AREA_STYLE_COLOUR ( '', #4663 ) ;
#1807 = FILL_AREA_STYLE_COLOUR ( '', #1162 ) ;
#1808 = CIRCLE ( 'NONE', #1934, 0.1499999999986880717 ) ;
#1809 = CARTESIAN_POINT ( 'NONE',  ( -2.770000000045150124, 1.004999999997910232, 0.000000000000000000 ) ) ;
#1810 = DIRECTION ( 'NONE',  ( -1.000000000000000000, 1.836970198721029688E-16, 0.000000000000000000 ) ) ;
#1811 = VERTEX_POINT ( 'NONE', #2638 ) ;
#1812 = ORIENTED_EDGE ( 'NONE', *, *, #2191, .F. ) ;
#1813 = DIRECTION ( 'NONE',  ( -0.7071067811861460051, 0.7071067811869490294, 0.000000000000000000 ) ) ;
#1814 = CARTESIAN_POINT ( 'NONE',  ( 2.919903810567660241, -2.200000000000000178, 0.2500000000000000000 ) ) ;
#1815 = PLANE ( 'NONE',  #5748 ) ;
#1816 = VECTOR ( 'NONE', #3335, 1000.000000000000000 ) ;
#1817 = EDGE_CURVE ( 'NONE', #6031, #3899, #7236, .T. ) ;
#1818 = VECTOR ( 'NONE', #7233, 1000.000000000000000 ) ;
#1819 = SURFACE_SIDE_STYLE ('',( #5753 ) ) ;
#1820 = CARTESIAN_POINT ( 'NONE',  ( -0.5800000000228350272, -2.477098005438509887, 0.000000000000000000 ) ) ;
#1821 = DIRECTION ( 'NONE',  ( 0.000000000000000000, 0.000000000000000000, 1.000000000000000000 ) ) ;
#1822 = VERTEX_POINT ( 'NONE', #6155 ) ;
#1823 = ORIENTED_EDGE ( 'NONE', *, *, #832, .F. ) ;
#1824 = CARTESIAN_POINT ( 'NONE',  ( -1.080000000033069840, 2.225000000000000089, 0.000000000000000000 ) ) ;
#1825 = LINE ( 'NONE', #5832, #2854 ) ;
#1826 = CARTESIAN_POINT ( 'NONE',  ( 2.789999999999780211, -1.004999999999319993, 0.2500000000000000000 ) ) ;
#1827 = DIRECTION ( 'NONE',  ( 0.000000000000000000, 0.000000000000000000, 1.000000000000000000 ) ) ;
#1828 = VECTOR ( 'NONE', #379, 1000.000000000000000 ) ;
#1829 = DIRECTION ( 'NONE',  ( 0.000000000000000000, 0.000000000000000000, 1.000000000000000000 ) ) ;
#1830 = CIRCLE ( 'NONE', #6054, 0.2250000000000419442 ) ;
#1831 =( NAMED_UNIT ( * ) SI_UNIT ( $, .STERADIAN. ) SOLID_ANGLE_UNIT ( ) );
#1832 = DIRECTION ( 'NONE',  ( -2.554760398238409987E-14, -1.000000000000000000, 0.000000000000000000 ) ) ;
#1833 = VECTOR ( 'NONE', #2083, 1000.000000000000000 ) ;
#1834 = CARTESIAN_POINT ( 'NONE',  ( 2.570000000014140085, 0.2650000000010639956, 0.2500000000000000000 ) ) ;
#1835 = CARTESIAN_POINT ( 'NONE',  ( 2.789999999999509761, 1.535000000000339870, 0.000000000000000000 ) ) ;
#1836 = UNCERTAINTY_MEASURE_WITH_UNIT (LENGTH_MEASURE( 1.000000000000000082E-05 ), #4634, 'distance_accuracy_value', 'NONE');
#1837 = VECTOR ( 'NONE', #2178, 1000.000000000000000 ) ;
#1838 = ORIENTED_EDGE ( 'NONE', *, *, #6395, .T. ) ;
#1839 =( NAMED_UNIT ( * ) PLANE_ANGLE_UNIT ( ) SI_UNIT ( $, .RADIAN. ) );
#1840 = PLANE ( 'NONE',  #1318 ) ;
#1841 = FACE_OUTER_BOUND ( 'NONE', #5785, .T. ) ;
#1842 = CARTESIAN_POINT ( 'NONE',  ( -2.919903810567490154, 2.199999999998340172, 0.000000000000000000 ) ) ;
#1843 = AXIS2_PLACEMENT_3D ( 'NONE', #1932, #2445, #7060 ) ;
#1844 = FILL_AREA_STYLE ('',( #1807 ) ) ;
#1845 = VECTOR ( 'NONE', #5444, 1000.000000000000000 ) ;
#1846 = LINE ( 'NONE', #639, #6997 ) ;
#1847 = FILL_AREA_STYLE ('',( #5999 ) ) ;
#1848 = CARTESIAN_POINT ( 'NONE',  ( 2.420000000014739694, 1.005000000000220162, 0.000000000000000000 ) ) ;
#1849 = EDGE_LOOP ( 'NONE', ( #6420, #6046, #2442, #3432 ) ) ;
#1850 = SURFACE_STYLE_USAGE ( .BOTH. , #599 ) ;
#1851 = ORIENTED_EDGE ( 'NONE', *, *, #7382, .F. ) ;
#1852 = CARTESIAN_POINT ( 'NONE',  ( -0.5800000000228350272, 2.477098005438280293, 0.000000000000000000 ) ) ;
#1853 = FILL_AREA_STYLE_COLOUR ( '', #2603 ) ;
#1854 =( NAMED_UNIT ( * ) PLANE_ANGLE_UNIT ( ) SI_UNIT ( $, .RADIAN. ) );
#1855 = AXIS2_PLACEMENT_3D ( 'NONE', #6803, #6843, #1592 ) ;
#1856 = VECTOR ( 'NONE', #1527, 1000.000000000000000 ) ;
#1857 = FILL_AREA_STYLE ('',( #5937 ) ) ;
#1858 = ORIENTED_EDGE ( 'NONE', *, *, #7338, .T. ) ;
#1859 = ORIENTED_EDGE ( 'NONE', *, *, #4153, .T. ) ;
#1860 = CARTESIAN_POINT ( 'NONE',  ( 2.606146519691238339, 2.441146519691236527, 0.9407603734616221125 ) ) ;
#1861 = DIRECTION ( 'NONE',  ( 0.000000000000000000, 1.000000000000000000, 0.000000000000000000 ) ) ;
#1862 = CARTESIAN_POINT ( 'NONE',  ( 2.374999999997129851, 1.019999999999190221, 0.000000000000000000 ) ) ;
#1863 = COLOUR_RGB ( '',0.3294117647058823484, 0.3294117647058823484, 0.3294117647058823484 ) ;
#1864 = CARTESIAN_POINT ( 'NONE',  ( -3.445000000018240360, 0.3499797189057530233, 0.2500000000000000000 ) ) ;
#1865 = LINE ( 'NONE', #813, #3449 ) ;
#1866 = EDGE_CURVE ( 'NONE', #6352, #3533, #6118, .T. ) ;
#1867 =( NAMED_UNIT ( * ) PLANE_ANGLE_UNIT ( ) SI_UNIT ( $, .RADIAN. ) );
#1868 = SURFACE_STYLE_USAGE ( .BOTH. , #5266 ) ;
#1869 = LINE ( 'NONE', #6478, #608 ) ;
#1870 = ORIENTED_EDGE ( 'NONE', *, *, #1907, .T. ) ;
#1871 = FILL_AREA_STYLE ('',( #2435 ) ) ;
#1872 = CARTESIAN_POINT ( 'NONE',  ( 3.220000000017710029, 0.3499797189057289870, 0.2500000000000000000 ) ) ;
#1873 = PRESENTATION_STYLE_ASSIGNMENT (( #6561 ) ) ;
#1874 = VECTOR ( 'NONE', #6740, 1000.000000000000000 ) ;
#1875 = ADVANCED_FACE ( 'NONE', ( #3301 ), #5542, .F. ) ;
#1876 = COLOUR_RGB ( '',0.8666666666666666963, 0.8666666666666666963, 0.8666666666666666963 ) ;
#1877 =( GEOMETRIC_REPRESENTATION_CONTEXT ( 3 ) GLOBAL_UNCERTAINTY_ASSIGNED_CONTEXT ( ( #3890 ) ) GLOBAL_UNIT_ASSIGNED_CONTEXT ( ( #2492, #1275, #6571 ) ) REPRESENTATION_CONTEXT ( 'NONE', 'WORKASPACE' ) );
#1878 = MECHANICAL_DESIGN_GEOMETRIC_PRESENTATION_REPRESENTATION (  '', ( #396 ), #1637 ) ;
#1879 = DIRECTION ( 'NONE',  ( 1.000000000000000000, 0.000000000000000000, 0.000000000000000000 ) ) ;
#1880 = CARTESIAN_POINT ( 'NONE',  ( -0.5800000000228350272, -2.477098005438509887, 0.000000000000000000 ) ) ;
#1881 = ORIENTED_EDGE ( 'NONE', *, *, #5360, .F. ) ;
#1882 = VECTOR ( 'NONE', #4074, 1000.000000000000000 ) ;
#1883 = CARTESIAN_POINT ( 'NONE',  ( -2.870000000000000107, 2.411069773055093624, 0.9766044443147510190 ) ) ;
#1884 = VECTOR ( 'NONE', #1750, 1000.000000000000000 ) ;
#1885 = VERTEX_POINT ( 'NONE', #3415 ) ;
#1886 =( NAMED_UNIT ( * ) PLANE_ANGLE_UNIT ( ) SI_UNIT ( $, .RADIAN. ) );
#1887 = FACE_OUTER_BOUND ( 'NONE', #7394, .T. ) ;
#1888 = DIRECTION ( 'NONE',  ( -2.450074203259640086E-13, 1.000000000000000000, 0.000000000000000000 ) ) ;
#1889 = VECTOR ( 'NONE', #2061, 1000.000000000000000 ) ;
#1890 = PRESENTATION_LAYER_ASSIGNMENT (  '', '', ( #1533 ) ) ;
#1891 = DIRECTION ( 'NONE',  ( 5.473052566738132423E-12, 1.000000000000000000, 0.000000000000000000 ) ) ;
#1892 = CARTESIAN_POINT ( 'NONE',  ( 2.570000000014739605, 1.005000000000220162, 0.000000000000000000 ) ) ;
#1893 = FILL_AREA_STYLE ('',( #7066 ) ) ;
#1894 = ORIENTED_EDGE ( 'NONE', *, *, #2916, .F. ) ;
#1895 = ORIENTED_EDGE ( 'NONE', *, *, #5959, .F. ) ;
#1896 = SURFACE_STYLE_FILL_AREA ( #7069 ) ;
#1897 =( LENGTH_UNIT ( ) NAMED_UNIT ( * ) SI_UNIT ( .MILLI., .METRE. ) );
#1898 = DIRECTION ( 'NONE',  ( 0.000000000000000000, -1.000000000000000000, 3.505147955514480236E-15 ) ) ;
#1899 =( LENGTH_UNIT ( ) NAMED_UNIT ( * ) SI_UNIT ( .MILLI., .METRE. ) );
#1900 = COLOUR_RGB ( '',0.8666666666666666963, 0.8666666666666666963, 0.8666666666666666963 ) ;
#1901 = AXIS2_PLACEMENT_3D ( 'NONE', #4222, #3176, #5985 ) ;
#1902 = FILL_AREA_STYLE_COLOUR ( '', #5349 ) ;
#1903 =( NAMED_UNIT ( * ) SI_UNIT ( $, .STERADIAN. ) SOLID_ANGLE_UNIT ( ) );
#1904 = VECTOR ( 'NONE', #990, 1000.000000000000000 ) ;
#1905 =( NAMED_UNIT ( * ) SI_UNIT ( $, .STERADIAN. ) SOLID_ANGLE_UNIT ( ) );
#1906 = FILL_AREA_STYLE ('',( #4859 ) ) ;
#1907 = EDGE_CURVE ( 'NONE', #1661, #6147, #5702, .T. ) ;
#1908 = DIRECTION ( 'NONE',  ( -0.05226442753735779934, -0.05226442753735389968, -0.9972646886501019825 ) ) ;
#1909 = EDGE_CURVE ( 'NONE', #2129, #5615, #995, .T. ) ;
#1910 = EDGE_CURVE ( 'NONE', #7281, #5507, #5617, .T. ) ;
#1911 = VECTOR ( 'NONE', #7054, 1000.000000000000000 ) ;
#1912 = EDGE_CURVE ( 'NONE', #4706, #1519, #4855, .T. ) ;
#1913 = LINE ( 'NONE', #7181, #2446 ) ;
#1914 = UNCERTAINTY_MEASURE_WITH_UNIT (LENGTH_MEASURE( 1.000000000000000082E-05 ), #631, 'distance_accuracy_value', 'NONE');
#1915 = ORIENTED_EDGE ( 'NONE', *, *, #2793, .F. ) ;
#1916 = CARTESIAN_POINT ( 'NONE',  ( -2.794999999999830287, 1.534999999999099973, 0.000000000000000000 ) ) ;
#1917 = LINE ( 'NONE', #1872, #940 ) ;
#1918 = AXIS2_PLACEMENT_3D ( 'NONE', #4412, #2785, #297 ) ;
#1919 = ADVANCED_FACE ( 'NONE', ( #2756 ), #1033, .T. ) ;
#1920 = DIRECTION ( 'NONE',  ( -1.000000000000000000, -3.168182844508599708E-13, 0.000000000000000000 ) ) ;
#1921 = SURFACE_STYLE_FILL_AREA ( #114 ) ;
#1922 = CARTESIAN_POINT ( 'NONE',  ( 0.1549999999992909827, 2.225000000000000089, 0.000000000000000000 ) ) ;
#1923 = UNCERTAINTY_MEASURE_WITH_UNIT (LENGTH_MEASURE( 1.000000000000000082E-05 ), #311, 'distance_accuracy_value', 'NONE');
#1924 = CARTESIAN_POINT ( 'NONE',  ( 2.664535259100379641E-15, 0.000000000000000000, 1.000000000000000000 ) ) ;
#1925 = CARTESIAN_POINT ( 'NONE',  ( -0.1800000000227439945, 2.477098005438280293, 0.000000000000000000 ) ) ;
#1926 = VERTEX_POINT ( 'NONE', #4490 ) ;
#1927 = CARTESIAN_POINT ( 'NONE',  ( 2.420000000014369768, -1.520000000000780060, 0.2500000000000000000 ) ) ;
#1928 = VERTEX_POINT ( 'NONE', #3378 ) ;
#1929 = CARTESIAN_POINT ( 'NONE',  ( -2.794999999999830287, 1.534999999999099973, 0.2500000000000000000 ) ) ;
#1930 = VERTEX_POINT ( 'NONE', #6831 ) ;
#1931 =( LENGTH_UNIT ( ) NAMED_UNIT ( * ) SI_UNIT ( .MILLI., .METRE. ) );
#1932 = CARTESIAN_POINT ( 'NONE',  ( -2.770000000045059974, 1.534999999999530074, 0.000000000000000000 ) ) ;
#1933 = PRESENTATION_LAYER_ASSIGNMENT (  '', '', ( #5181 ) ) ;
#1934 = AXIS2_PLACEMENT_3D ( 'NONE', #1809, #2874, #2943 ) ;
#1935 = PLANE ( 'NONE',  #7460 ) ;
#1936 = ORIENTED_EDGE ( 'NONE', *, *, #1334, .T. ) ;
#1937 = ORIENTED_EDGE ( 'NONE', *, *, #1379, .F. ) ;
#1938 =( NAMED_UNIT ( * ) PLANE_ANGLE_UNIT ( ) SI_UNIT ( $, .RADIAN. ) );
#1939 = DIRECTION ( 'NONE',  ( 0.000000000000000000, 0.000000000000000000, 1.000000000000000000 ) ) ;
#1940 = MECHANICAL_DESIGN_GEOMETRIC_PRESENTATION_REPRESENTATION (  '', ( #5675 ), #6874 ) ;
#1941 = SURFACE_STYLE_FILL_AREA ( #4142 ) ;
#1942 = PRESENTATION_LAYER_ASSIGNMENT (  '', '', ( #1331 ) ) ;
#1943 = SURFACE_STYLE_USAGE ( .BOTH. , #6509 ) ;
#1944 = CARTESIAN_POINT ( 'NONE',  ( 2.919903810568900138, -0.9300000000011960921, 0.2500000000000000000 ) ) ;
#1945 = ADVANCED_FACE ( 'NONE', ( #3977 ), #5739, .F. ) ;
#1946 = CARTESIAN_POINT ( 'NONE',  ( -0.5800000000228350272, 2.705000000001180016, 0.000000000000000000 ) ) ;
#1947 = CARTESIAN_POINT ( 'NONE',  ( 2.374999999997129851, -1.520000000000780060, 0.000000000000000000 ) ) ;
#1948 = ORIENTED_EDGE ( 'NONE', *, *, #2156, .T. ) ;
#1949 = MECHANICAL_DESIGN_GEOMETRIC_PRESENTATION_REPRESENTATION (  '', ( #2055 ), #2796 ) ;
#1950 = CARTESIAN_POINT ( 'NONE',  ( -2.620000000045079602, 1.534999999999509868, 0.000000000000000000 ) ) ;
#1951 = SURFACE_STYLE_USAGE ( .BOTH. , #3097 ) ;
#1952 = DIRECTION ( 'NONE',  ( -0.8660254037831129903, -0.5000000000022961633, 0.000000000000000000 ) ) ;
#1953 = ORIENTED_EDGE ( 'NONE', *, *, #7283, .F. ) ;
#1954 = DIRECTION ( 'NONE',  ( 1.000000000000000000, -5.187984031940509593E-13, 0.000000000000000000 ) ) ;
#1955 = ORIENTED_EDGE ( 'NONE', *, *, #6963, .F. ) ;
#1956 = SURFACE_STYLE_FILL_AREA ( #123 ) ;
#1957 = EDGE_LOOP ( 'NONE', ( #4804, #6068, #614, #6659 ) ) ;
#1958 = DIRECTION ( 'NONE',  ( -1.189897853553349989E-12, -1.000000000000000000, 0.000000000000000000 ) ) ;
#1959 = SURFACE_STYLE_USAGE ( .BOTH. , #4171 ) ;
#1960 = ADVANCED_FACE ( 'NONE', ( #1306 ), #2364, .F. ) ;
#1961 = CARTESIAN_POINT ( 'NONE',  ( 2.789999999999519975, 0.2650000000012989743, 0.000000000000000000 ) ) ;
#1962 = FACE_OUTER_BOUND ( 'NONE', #2599, .T. ) ;
#1963 = ORIENTED_EDGE ( 'NONE', *, *, #4267, .T. ) ;
#1964 =( LENGTH_UNIT ( ) NAMED_UNIT ( * ) SI_UNIT ( .MILLI., .METRE. ) );
#1965 = CARTESIAN_POINT ( 'NONE',  ( -0.5800000000228069386, -2.705000000001180016, 0.000000000000000000 ) ) ;
#1966 = LINE ( 'NONE', #5408, #4184 ) ;
#1967 = STYLED_ITEM ( 'NONE', ( #6317 ), #3819 ) ;
#1968 = SURFACE_SIDE_STYLE ('',( #1941 ) ) ;
#1969 = CARTESIAN_POINT ( 'NONE',  ( 2.790000000000000036, -0.4150000000006680012, 0.000000000000000000 ) ) ;
#1970 = AXIS2_PLACEMENT_3D ( 'NONE', #4834, #3180, #738 ) ;
#1971 = STYLED_ITEM ( 'NONE', ( #1342 ), #76 ) ;
#1972 = CARTESIAN_POINT ( 'NONE',  ( 2.570000000014510011, -1.004999999999130145, 0.000000000000000000 ) ) ;
#1973 = DIRECTION ( 'NONE',  ( 1.325682462673240084E-12, -1.000000000000000000, 0.000000000000000000 ) ) ;
#1974 = DIRECTION ( 'NONE',  ( 0.000000000000000000, 0.000000000000000000, 1.000000000000000000 ) ) ;
#1975 = AXIS2_PLACEMENT_3D ( 'NONE', #3012, #1253, #4146 ) ;
#1976 = CARTESIAN_POINT ( 'NONE',  ( 2.570000000014289743, 0.4150000000008370327, 0.000000000000000000 ) ) ;
#1977 = DIRECTION ( 'NONE',  ( 0.000000000000000000, 0.000000000000000000, -1.000000000000000000 ) ) ;
#1978 = UNCERTAINTY_MEASURE_WITH_UNIT (LENGTH_MEASURE( 1.000000000000000082E-05 ), #4879, 'distance_accuracy_value', 'NONE');
#1979 = VERTEX_POINT ( 'NONE', #711 ) ;
#1980 =( LENGTH_UNIT ( ) NAMED_UNIT ( * ) SI_UNIT ( .MILLI., .METRE. ) );
#1981 = LINE ( 'NONE', #823, #3035 ) ;
#1982 = MECHANICAL_DESIGN_GEOMETRIC_PRESENTATION_REPRESENTATION (  '', ( #1255 ), #1511 ) ;
#1983 =( NAMED_UNIT ( * ) SI_UNIT ( $, .STERADIAN. ) SOLID_ANGLE_UNIT ( ) );
#1984 = ORIENTED_EDGE ( 'NONE', *, *, #4401, .F. ) ;
#1985 = STYLED_ITEM ( 'NONE', ( #5484 ), #6923 ) ;
#1986 = CARTESIAN_POINT ( 'NONE',  ( -2.770000000045520050, 0.2649999999995339972, 0.000000000000000000 ) ) ;
#1987 = ORIENTED_EDGE ( 'NONE', *, *, #2899, .F. ) ;
#1988 = CARTESIAN_POINT ( 'NONE',  ( -2.620000000045539679, 0.2649999999995319988, 0.2500000000000000000 ) ) ;
#1989 = PLANE ( 'NONE',  #4666 ) ;
#1990 = ORIENTED_EDGE ( 'NONE', *, *, #3823, .F. ) ;
#1991 = CARTESIAN_POINT ( 'NONE',  ( 2.790000000000079527, -0.2650000000006409451, 0.2500000000000000000 ) ) ;
#1992 = ADVANCED_FACE ( 'NONE', ( #2479 ), #1345, .F. ) ;
#1993 = ADVANCED_FACE ( 'NONE', ( #7188 ), #4980, .F. ) ;
#1994 = EDGE_CURVE ( 'NONE', #55, #1695, #3824, .T. ) ;
#1995 = VECTOR ( 'NONE', #3602, 1000.000000000000000 ) ;
#1996 = AXIS2_PLACEMENT_3D ( 'NONE', #4038, #1295, #1798 ) ;
#1997 = ADVANCED_FACE ( 'NONE', ( #2018 ), #3705, .T. ) ;
#1998 = MECHANICAL_DESIGN_GEOMETRIC_PRESENTATION_REPRESENTATION (  '', ( #6099 ), #1877 ) ;
#1999 = ORIENTED_EDGE ( 'NONE', *, *, #2217, .F. ) ;
#2000 = VERTEX_POINT ( 'NONE', #5496 ) ;
#2001 = PRESENTATION_STYLE_ASSIGNMENT (( #5481 ) ) ;
#2002 =( NAMED_UNIT ( * ) PLANE_ANGLE_UNIT ( ) SI_UNIT ( $, .RADIAN. ) );
#2003 = LINE ( 'NONE', #4329, #2196 ) ;
#2004 = PRODUCT_RELATED_PRODUCT_CATEGORY ( 'part', '', ( #7107 ) ) ;
#2005 = LINE ( 'NONE', #1946, #1399 ) ;
#2006 = ADVANCED_FACE ( 'NONE', ( #790 ), #4408, .T. ) ;
#2007 = CARTESIAN_POINT ( 'NONE',  ( -2.770000000044719801, 1.004999999999310001, 0.2500000000000000000 ) ) ;
#2008 = AXIS2_PLACEMENT_3D ( 'NONE', #7470, #2808, #7395 ) ;
#2009 = AXIS2_PLACEMENT_3D ( 'NONE', #2462, #1437, #4218 ) ;
#2010 = VECTOR ( 'NONE', #982, 1000.000000000000000 ) ;
#2011 = STYLED_ITEM ( 'NONE', ( #3222 ), #6143 ) ;
#2012 = STYLED_ITEM ( 'NONE', ( #3616 ), #215 ) ;
#2013 = ORIENTED_EDGE ( 'NONE', *, *, #5704, .F. ) ;
#2014 =( GEOMETRIC_REPRESENTATION_CONTEXT ( 3 ) GLOBAL_UNCERTAINTY_ASSIGNED_CONTEXT ( ( #3826 ) ) GLOBAL_UNIT_ASSIGNED_CONTEXT ( ( #1403, #3622, #1903 ) ) REPRESENTATION_CONTEXT ( 'NONE', 'WORKASPACE' ) );
#2015 = CARTESIAN_POINT ( 'NONE',  ( 2.420000000014369768, -1.520000000000780060, 0.000000000000000000 ) ) ;
#2016 = SURFACE_STYLE_FILL_AREA ( #4838 ) ;
#2017 = AXIS2_PLACEMENT_3D ( 'NONE', #1608, #4005, #6300 ) ;
#2018 = FACE_OUTER_BOUND ( 'NONE', #1849, .T. ) ;
#2019 =( LENGTH_UNIT ( ) NAMED_UNIT ( * ) SI_UNIT ( .MILLI., .METRE. ) );
#2020 = ORIENTED_EDGE ( 'NONE', *, *, #2582, .T. ) ;
#2021 = EDGE_CURVE ( 'NONE', #7029, #6005, #6860, .T. ) ;
#2022 = PLANE ( 'NONE',  #402 ) ;
#2023 = LINE ( 'NONE', #4271, #6733 ) ;
#2024 = ORIENTED_EDGE ( 'NONE', *, *, #911, .F. ) ;
#2025 = CARTESIAN_POINT ( 'NONE',  ( -3.220000000017990249, 2.199999999998570210, 0.000000000000000000 ) ) ;
#2026 = VERTEX_POINT ( 'NONE', #2709 ) ;
#2027 = DIRECTION ( 'NONE',  ( -3.474679658979979957E-13, 1.000000000000000000, 0.000000000000000000 ) ) ;
#2028 = CARTESIAN_POINT ( 'NONE',  ( -0.6800000000228580976, 2.225000000000000089, 0.000000000000000000 ) ) ;
#2029 = ORIENTED_EDGE ( 'NONE', *, *, #983, .T. ) ;
#2030 = VECTOR ( 'NONE', #7185, 1000.000000000000000 ) ;
#2031 = ORIENTED_EDGE ( 'NONE', *, *, #2570, .T. ) ;
#2032 = EDGE_CURVE ( 'NONE', #927, #7281, #4186, .T. ) ;
#2033 = DIRECTION ( 'NONE',  ( -4.726382275045159701E-13, 1.000000000000000000, 0.000000000000000000 ) ) ;
#2034 = VERTEX_POINT ( 'NONE', #3929 ) ;
#2035 =( NAMED_UNIT ( * ) SI_UNIT ( $, .STERADIAN. ) SOLID_ANGLE_UNIT ( ) );
#2036 = LINE ( 'NONE', #1485, #6431 ) ;
#2037 =( NAMED_UNIT ( * ) PLANE_ANGLE_UNIT ( ) SI_UNIT ( $, .RADIAN. ) );
#2038 = ORIENTED_EDGE ( 'NONE', *, *, #4685, .T. ) ;
#2039 = CIRCLE ( 'NONE', #4591, 0.2250000000003958833 ) ;
#2040 = PRESENTATION_STYLE_ASSIGNMENT (( #249 ) ) ;
#2041 = PRESENTATION_STYLE_ASSIGNMENT (( #3317 ) ) ;
#2042 = CARTESIAN_POINT ( 'NONE',  ( -0.5800000000228350272, -2.477098005438509887, 0.000000000000000000 ) ) ;
#2043 = MECHANICAL_DESIGN_GEOMETRIC_PRESENTATION_REPRESENTATION (  '', ( #3559 ), #3034 ) ;
#2044 = ADVANCED_FACE ( 'NONE', ( #404 ), #6889, .T. ) ;
#2045 = FILL_AREA_STYLE_COLOUR ( '', #2707 ) ;
#2046 = UNCERTAINTY_MEASURE_WITH_UNIT (LENGTH_MEASURE( 1.000000000000000082E-05 ), #4918, 'distance_accuracy_value', 'NONE');
#2048 = DIRECTION ( 'NONE',  ( 1.834452694921429767E-16, 0.9986295347625389063, -0.05233595609096159534 ) ) ;
#2047 = FILL_AREA_STYLE ('',( #3781 ) ) ;
#2049 = PLANE ( 'NONE',  #6269 ) ;
#2050 = DIRECTION ( 'NONE',  ( 9.094947017778909985E-12, 1.000000000000000000, 0.000000000000000000 ) ) ;
#2051 = SURFACE_STYLE_FILL_AREA ( #1498 ) ;
#2052 = FILL_AREA_STYLE_COLOUR ( '', #3706 ) ;
#2053 = VECTOR ( 'NONE', #684, 1000.000000000000000 ) ;
#2054 = UNCERTAINTY_MEASURE_WITH_UNIT (LENGTH_MEASURE( 1.000000000000000082E-05 ), #273, 'distance_accuracy_value', 'NONE');
#2055 = STYLED_ITEM ( 'NONE', ( #5314 ), #5367 ) ;
#2056 = EDGE_LOOP ( 'NONE', ( #2024, #3744, #1194, #4389 ) ) ;
#2057 = PRESENTATION_LAYER_ASSIGNMENT (  '', '', ( #7010 ) ) ;
#2058 = FACE_OUTER_BOUND ( 'NONE', #5204, .T. ) ;
#2059 = ORIENTED_EDGE ( 'NONE', *, *, #5130, .F. ) ;
#2060 = CARTESIAN_POINT ( 'NONE',  ( -2.770000000044489763, 0.8549999999992219379, 0.2500000000000000000 ) ) ;
#2061 = DIRECTION ( 'NONE',  ( 0.000000000000000000, 0.000000000000000000, 1.000000000000000000 ) ) ;
#2062 = VERTEX_POINT ( 'NONE', #2123 ) ;
#2063 = LINE ( 'NONE', #6722, #702 ) ;
#2064 = STYLED_ITEM ( 'NONE', ( #7476 ), #5601 ) ;
#2065 = DIRECTION ( 'NONE',  ( 2.368475785599890213E-13, 1.000000000000000000, 0.000000000000000000 ) ) ;
#2066 =( LENGTH_UNIT ( ) NAMED_UNIT ( * ) SI_UNIT ( .MILLI., .METRE. ) );
#2067 = DIRECTION ( 'NONE',  ( 0.000000000000000000, 0.000000000000000000, 1.000000000000000000 ) ) ;
#2068 = CIRCLE ( 'NONE', #841, 0.1500000000000437650 ) ;
#2069 = ORIENTED_EDGE ( 'NONE', *, *, #5792, .T. ) ;
#2070 = DIRECTION ( 'NONE',  ( 0.000000000000000000, 0.000000000000000000, -1.000000000000000000 ) ) ;
#2071 = ORIENTED_EDGE ( 'NONE', *, *, #247, .F. ) ;
#2072 = LINE ( 'NONE', #2688, #2859 ) ;
#2073 = CARTESIAN_POINT ( 'NONE',  ( 3.220221562246670111, 1.609999999999500053, 0.000000000000000000 ) ) ;
#2074 = DIRECTION ( 'NONE',  ( -1.000000000000000000, 1.983294894051544574E-11, 0.000000000000000000 ) ) ;
#2075 = ORIENTED_EDGE ( 'NONE', *, *, #1676, .F. ) ;
#2076 = SURFACE_STYLE_FILL_AREA ( #3346 ) ;
#2077 = VERTEX_POINT ( 'NONE', #4444 ) ;
#2078 = DIRECTION ( 'NONE',  ( 0.000000000000000000, 0.000000000000000000, -1.000000000000000000 ) ) ;
#2079 = DIRECTION ( 'NONE',  ( 0.000000000000000000, 0.000000000000000000, 1.000000000000000000 ) ) ;
#2080 = PRESENTATION_LAYER_ASSIGNMENT (  '', '', ( #4392 ) ) ;
#2081 = ADVANCED_FACE ( 'NONE', ( #5688 ), #5115, .T. ) ;
#2083 = DIRECTION ( 'NONE',  ( 0.000000000000000000, 0.000000000000000000, 1.000000000000000000 ) ) ;
#2082 = PLANE ( 'NONE',  #315 ) ;
#2084 =( GEOMETRIC_REPRESENTATION_CONTEXT ( 3 ) GLOBAL_UNCERTAINTY_ASSIGNED_CONTEXT ( ( #4719 ) ) GLOBAL_UNIT_ASSIGNED_CONTEXT ( ( #4975, #5075, #6813 ) ) REPRESENTATION_CONTEXT ( 'NONE', 'WORKASPACE' ) );
#2085 = SURFACE_STYLE_USAGE ( .BOTH. , #6038 ) ;
#2086 = DIRECTION ( 'NONE',  ( 0.000000000000000000, 0.000000000000000000, 1.000000000000000000 ) ) ;
#2087 = ORIENTED_EDGE ( 'NONE', *, *, #5792, .F. ) ;
#2088 = EDGE_CURVE ( 'NONE', #2141, #1554, #6962, .T. ) ;
#2089 =( LENGTH_UNIT ( ) NAMED_UNIT ( * ) SI_UNIT ( .MILLI., .METRE. ) );
#2090 = ORIENTED_EDGE ( 'NONE', *, *, #2493, .F. ) ;
#2091 =( NAMED_UNIT ( * ) PLANE_ANGLE_UNIT ( ) SI_UNIT ( $, .RADIAN. ) );
#2092 = CARTESIAN_POINT ( 'NONE',  ( -2.669756919571599774, -2.504756919571600182, 0.5800078692687689053 ) ) ;
#2093 = ORIENTED_EDGE ( 'NONE', *, *, #6156, .T. ) ;
#2094 = CARTESIAN_POINT ( 'NONE',  ( 2.355000000014429773, 2.224999999999110134, 0.2500000000000000000 ) ) ;
#2095 = PRESENTATION_STYLE_ASSIGNMENT (( #1551 ) ) ;
#2096 = COLOUR_RGB ( '',0.8666666666666666963, 0.8666666666666666963, 0.8666666666666666963 ) ;
#2097 = CARTESIAN_POINT ( 'NONE',  ( 2.374999999997129851, 0.2499999999992039701, 0.000000000000000000 ) ) ;
#2098 = ORIENTED_EDGE ( 'NONE', *, *, #7488, .F. ) ;
#2099 = FILL_AREA_STYLE_COLOUR ( '', #2194 ) ;
#2100 = ORIENTED_EDGE ( 'NONE', *, *, #625, .T. ) ;
#2101 = LINE ( 'NONE', #809, #3466 ) ;
#2102 = STYLED_ITEM ( 'NONE', ( #6275 ), #7220 ) ;
#2103 = PRESENTATION_STYLE_ASSIGNMENT (( #7498 ) ) ;
#2104 = PRESENTATION_LAYER_ASSIGNMENT (  '', '', ( #5375 ) ) ;
#2105 = CARTESIAN_POINT ( 'NONE',  ( 2.535547481933817515, -2.370547481933817480, 1.000000000000000000 ) ) ;
#2106 = COLOUR_RGB ( '',0.8666666666666666963, 0.8666666666666666963, 0.8666666666666666963 ) ;
#2107 = FACE_OUTER_BOUND ( 'NONE', #5201, .T. ) ;
#2108 = ORIENTED_EDGE ( 'NONE', *, *, #1105, .F. ) ;
#2109 = EDGE_CURVE ( 'NONE', #5656, #3899, #6367, .T. ) ;
#2110 = ORIENTED_EDGE ( 'NONE', *, *, #5925, .F. ) ;
#2111 = CIRCLE ( 'NONE', #7074, 0.1499999999999639677 ) ;
#2112 = CYLINDRICAL_SURFACE ( 'NONE', #5041, 0.1499999999999999667 ) ;
#2113 = PRESENTATION_LAYER_ASSIGNMENT (  '', '', ( #59 ) ) ;
#2114 = UNCERTAINTY_MEASURE_WITH_UNIT (LENGTH_MEASURE( 1.000000000000000082E-05 ), #3680, 'distance_accuracy_value', 'NONE');
#2115 = LINE ( 'NONE', #4440, #4772 ) ;
#2116 = EDGE_CURVE ( 'NONE', #3899, #181, #6829, .T. ) ;
#2117 = DIRECTION ( 'NONE',  ( -1.000000000000000000, 8.239936510904392158E-13, 0.000000000000000000 ) ) ;
#2118 = ADVANCED_FACE ( 'NONE', ( #1140 ), #3545, .F. ) ;
#2119 = DIRECTION ( 'NONE',  ( 0.000000000000000000, 0.000000000000000000, 1.000000000000000000 ) ) ;
#2120 = PRESENTATION_LAYER_ASSIGNMENT (  '', '', ( #1651 ) ) ;
#2121 = EDGE_CURVE ( 'NONE', #2062, #5974, #5874, .T. ) ;
#2122 = PRESENTATION_LAYER_ASSIGNMENT (  '', '', ( #1035 ) ) ;
#2123 = CARTESIAN_POINT ( 'NONE',  ( 2.570000000014549979, -0.8549999999989950084, 0.2500000000000000000 ) ) ;
#2124 = MECHANICAL_DESIGN_GEOMETRIC_PRESENTATION_REPRESENTATION (  '', ( #6010 ), #2379 ) ;
#2125 = UNCERTAINTY_MEASURE_WITH_UNIT (LENGTH_MEASURE( 1.000000000000000082E-05 ), #6935, 'distance_accuracy_value', 'NONE');
#2126 = CIRCLE ( 'NONE', #4686, 0.2250000000000419442 ) ;
#2127 = EDGE_CURVE ( 'NONE', #6246, #7312, #284, .T. ) ;
#2128 =( LENGTH_UNIT ( ) NAMED_UNIT ( * ) SI_UNIT ( .MILLI., .METRE. ) );
#2129 = VERTEX_POINT ( 'NONE', #2972 ) ;
#2130 = COLOUR_RGB ( '',0.3294117647058823484, 0.3294117647058823484, 0.3294117647058823484 ) ;
#2131 = CARTESIAN_POINT ( 'NONE',  ( 2.420000000014369768, -0.2500000000007960299, 0.000000000000000000 ) ) ;
#2132 =( NAMED_UNIT ( * ) PLANE_ANGLE_UNIT ( ) SI_UNIT ( $, .RADIAN. ) );
#2133 = ORIENTED_EDGE ( 'NONE', *, *, #6156, .F. ) ;
#2134 = PRESENTATION_LAYER_ASSIGNMENT (  '', '', ( #5646 ) ) ;
#2135 = FACE_OUTER_BOUND ( 'NONE', #382, .T. ) ;
#2136 = DIRECTION ( 'NONE',  ( 1.836970198721029688E-16, 1.000000000000000000, -1.348150961071064002E-31 ) ) ;
#2137 = VERTEX_POINT ( 'NONE', #5911 ) ;
#2138 = CARTESIAN_POINT ( 'NONE',  ( 2.919903810567660241, -2.200000000000000178, 0.2500000000000000000 ) ) ;
#2139 = COLOUR_RGB ( '',0.8666666666666666963, 0.8666666666666666963, 0.8666666666666666963 ) ;
#2140 = SURFACE_STYLE_FILL_AREA ( #5582 ) ;
#2141 = VERTEX_POINT ( 'NONE', #5769 ) ;
#2142 =( LENGTH_UNIT ( ) NAMED_UNIT ( * ) SI_UNIT ( .MILLI., .METRE. ) );
#2143 = ORIENTED_EDGE ( 'NONE', *, *, #39, .F. ) ;
#2144 = DIRECTION ( 'NONE',  ( 0.000000000000000000, 0.000000000000000000, -1.000000000000000000 ) ) ;
#2145 = STYLED_ITEM ( 'NONE', ( #406 ), #6520 ) ;
#2146 = CARTESIAN_POINT ( 'NONE',  ( 2.374999999997129851, 1.019999999999190221, 0.000000000000000000 ) ) ;
#2147 = SURFACE_STYLE_USAGE ( .BOTH. , #2727 ) ;
#2148 = ORIENTED_EDGE ( 'NONE', *, *, #4890, .F. ) ;
#2149 = CARTESIAN_POINT ( 'NONE',  ( 2.511791012089840347, -2.346791012089839867, 1.000000000000000000 ) ) ;
#2150 = ORIENTED_EDGE ( 'NONE', *, *, #5402, .F. ) ;
#2151 = ORIENTED_EDGE ( 'NONE', *, *, #6538, .F. ) ;
#2152 = CARTESIAN_POINT ( 'NONE',  ( 2.919903810568900138, -0.9300000000011960921, 0.2500000000000000000 ) ) ;
#2153 = VERTEX_POINT ( 'NONE', #5221 ) ;
#2154 = FACE_OUTER_BOUND ( 'NONE', #2572, .T. ) ;
#2155 = CARTESIAN_POINT ( 'NONE',  ( 2.420000000014739694, -1.535000000000650067, 0.2500000000000000000 ) ) ;
#2156 = EDGE_CURVE ( 'NONE', #7418, #7097, #141, .T. ) ;
#2157 = MECHANICAL_DESIGN_GEOMETRIC_PRESENTATION_REPRESENTATION (  '', ( #4461 ), #5910 ) ;
#2158 = FILL_AREA_STYLE_COLOUR ( '', #2766 ) ;
#2159 = DIRECTION ( 'NONE',  ( -1.000000000000000000, 0.000000000000000000, 0.000000000000000000 ) ) ;
#2160 = LINE ( 'NONE', #4477, #644 ) ;
#2161 = COLOUR_RGB ( '',0.8666666666666666963, 0.8666666666666666963, 0.8666666666666666963 ) ;
#2162 = STYLED_ITEM ( 'NONE', ( #3833 ), #4368 ) ;
#2163 = STYLED_ITEM ( 'NONE', ( #5346 ), #4588 ) ;
#2164 = FILL_AREA_STYLE ('',( #2710 ) ) ;
#2165 = VERTEX_POINT ( 'NONE', #551 ) ;
#2166 = FILL_AREA_STYLE ('',( #3898 ) ) ;
#2167 = DIRECTION ( 'NONE',  ( 1.000000000000000000, 0.000000000000000000, 0.000000000000000000 ) ) ;
#2168 = CARTESIAN_POINT ( 'NONE',  ( 0.1549999999992909827, 2.149999999999860023, 0.000000000000000000 ) ) ;
#2169 = CARTESIAN_POINT ( 'NONE',  ( -0.1800000000227439945, -2.477098005438509887, 0.000000000000000000 ) ) ;
#2170 = ORIENTED_EDGE ( 'NONE', *, *, #630, .F. ) ;
#2171 = CARTESIAN_POINT ( 'NONE',  ( 3.445000000020749908, 0.9200000000140750034, 0.2500000000000000000 ) ) ;
#2172 = MECHANICAL_DESIGN_GEOMETRIC_PRESENTATION_REPRESENTATION (  '', ( #2181 ), #6773 ) ;
#2173 = COLOUR_RGB ( '',0.8666666666666666963, 0.8666666666666666963, 0.8666666666666666963 ) ;
#2174 = CARTESIAN_POINT ( 'NONE',  ( 2.420000000014279617, -0.2650000000002140088, 0.2500000000000000000 ) ) ;
#2175 = LINE ( 'NONE', #959, #1816 ) ;
#2176 = ORIENTED_EDGE ( 'NONE', *, *, #1409, .T. ) ;
#2177 = EDGE_CURVE ( 'NONE', #5339, #6186, #2974, .T. ) ;
#2178 = DIRECTION ( 'NONE',  ( 0.000000000000000000, 0.000000000000000000, 1.000000000000000000 ) ) ;
#2179 = ORIENTED_EDGE ( 'NONE', *, *, #930, .T. ) ;
#2180 = CARTESIAN_POINT ( 'NONE',  ( -2.576069773055084333, 2.411069773055093179, 0.9766044443147507970 ) ) ;
#2181 = STYLED_ITEM ( 'NONE', ( #5340 ), #5545 ) ;
#2182 = EDGE_CURVE ( 'NONE', #2129, #5631, #2897, .T. ) ;
#2183 =( LENGTH_UNIT ( ) NAMED_UNIT ( * ) SI_UNIT ( .MILLI., .METRE. ) );
#2184 = DIRECTION ( 'NONE',  ( -3.741306804038510128E-13, -1.000000000000000000, 0.000000000000000000 ) ) ;
#2185 = VERTEX_POINT ( 'NONE', #2430 ) ;
#2186 = FILL_AREA_STYLE_COLOUR ( '', #450 ) ;
#2187 = DIRECTION ( 'NONE',  ( -1.000000000000000000, -4.726382275045159701E-13, 0.000000000000000000 ) ) ;
#2188 = VERTEX_POINT ( 'NONE', #5192 ) ;
#2189 = VERTEX_POINT ( 'NONE', #4752 ) ;
#2190 = DIRECTION ( 'NONE',  ( 0.000000000000000000, 0.000000000000000000, 1.000000000000000000 ) ) ;
#2192 = ORIENTED_EDGE ( 'NONE', *, *, #1909, .T. ) ;
#2191 = EDGE_CURVE ( 'NONE', #2714, #3198, #2393, .T. ) ;
#2193 = FILL_AREA_STYLE ('',( #6062 ) ) ;
#2194 = COLOUR_RGB ( '',0.3294117647058823484, 0.3294117647058823484, 0.3294117647058823484 ) ;
#2195 = DIRECTION ( 'NONE',  ( -2.454333033125510019E-11, 1.000000000000000000, 0.000000000000000000 ) ) ;
#2196 = VECTOR ( 'NONE', #6624, 1000.000000000000000 ) ;
#2197 = DIRECTION ( 'NONE',  ( 1.000000000000000000, 1.402668490622447894E-11, 0.000000000000000000 ) ) ;
#2198 = UNCERTAINTY_MEASURE_WITH_UNIT (LENGTH_MEASURE( 1.000000000000000082E-05 ), #1108, 'distance_accuracy_value', 'NONE');
#2199 = FILL_AREA_STYLE_COLOUR ( '', #5242 ) ;
#2200 = CARTESIAN_POINT ( 'NONE',  ( 0.1549999999992909827, 2.149999999999860023, 0.000000000000000000 ) ) ;
#2201 = LINE ( 'NONE', #4515, #2666 ) ;
#2202 = STYLED_ITEM ( 'NONE', ( #5632 ), #3650 ) ;
#2203 = DIRECTION ( 'NONE',  ( 0.000000000000000000, 0.000000000000000000, 1.000000000000000000 ) ) ;
#2204 = AXIS2_PLACEMENT_3D ( 'NONE', #4025, #4619, #6878 ) ;
#2205 = UNCERTAINTY_MEASURE_WITH_UNIT (LENGTH_MEASURE( 1.000000000000000082E-05 ), #621, 'distance_accuracy_value', 'NONE');
#2206 = FACE_OUTER_BOUND ( 'NONE', #5612, .T. ) ;
#2207 = ORIENTED_EDGE ( 'NONE', *, *, #2985, .F. ) ;
#2208 =( NAMED_UNIT ( * ) PLANE_ANGLE_UNIT ( ) SI_UNIT ( $, .RADIAN. ) );
#2209 = MECHANICAL_DESIGN_GEOMETRIC_PRESENTATION_REPRESENTATION (  '', ( #1728 ), #5473 ) ;
#2210 = ORIENTED_EDGE ( 'NONE', *, *, #3859, .F. ) ;
#2211 = DIRECTION ( 'NONE',  ( 1.000000000000000000, -7.576693188259789952E-13, 0.000000000000000000 ) ) ;
#2212 = FILL_AREA_STYLE ('',( #596 ) ) ;
#2213 = EDGE_LOOP ( 'NONE', ( #5482, #6227, #3771, #3587 ) ) ;
#2214 = CARTESIAN_POINT ( 'NONE',  ( 0.1549999999992909827, -2.149999999999620215, 0.000000000000000000 ) ) ;
#2215 = CARTESIAN_POINT ( 'NONE',  ( -3.220000000017390285, 0.3499797189057289870, 0.2500000000000000000 ) ) ;
#2216 = VERTEX_POINT ( 'NONE', #7487 ) ;
#2217 = EDGE_CURVE ( 'NONE', #3077, #110, #4631, .T. ) ;
#2218 = SURFACE_STYLE_USAGE ( .BOTH. , #1125 ) ;
#2219 = EDGE_CURVE ( 'NONE', #5631, #3106, #5447, .T. ) ;
#2220 = EDGE_CURVE ( 'NONE', #3106, #2607, #5527, .T. ) ;
#2221 = EDGE_CURVE ( 'NONE', #2889, #6186, #3814, .T. ) ;
#2222 = ORIENTED_EDGE ( 'NONE', *, *, #7037, .F. ) ;
#2223 =( LENGTH_UNIT ( ) NAMED_UNIT ( * ) SI_UNIT ( .MILLI., .METRE. ) );
#2224 = DIRECTION ( 'NONE',  ( 1.000000000000000000, 0.000000000000000000, 0.000000000000000000 ) ) ;
#2225 = ADVANCED_FACE ( 'NONE', ( #6553 ), #5415, .T. ) ;
#2226 = ORIENTED_EDGE ( 'NONE', *, *, #6963, .T. ) ;
#2227 = EDGE_LOOP ( 'NONE', ( #2913, #7016, #968, #6370 ) ) ;
#2228 = DIRECTION ( 'NONE',  ( 2.168115224387516786E-11, -1.000000000000000000, 0.000000000000000000 ) ) ;
#2229 = VECTOR ( 'NONE', #4746, 1000.000000000000000 ) ;
#2230 = EDGE_LOOP ( 'NONE', ( #4843, #7124, #2843, #2655 ) ) ;
#2231 = VECTOR ( 'NONE', #1621, 1000.000000000000000 ) ;
#2232 =( GEOMETRIC_REPRESENTATION_CONTEXT ( 3 ) GLOBAL_UNCERTAINTY_ASSIGNED_CONTEXT ( ( #361 ) ) GLOBAL_UNIT_ASSIGNED_CONTEXT ( ( #1045, #2294, #6236 ) ) REPRESENTATION_CONTEXT ( 'NONE', 'WORKASPACE' ) );
#2233 = FACE_OUTER_BOUND ( 'NONE', #5609, .T. ) ;
#2234 =( LENGTH_UNIT ( ) NAMED_UNIT ( * ) SI_UNIT ( .MILLI., .METRE. ) );
#2235 = PLANE ( 'NONE',  #5275 ) ;
#2236 = EDGE_CURVE ( 'NONE', #842, #1131, #6366, .T. ) ;
#2237 = CARTESIAN_POINT ( 'NONE',  ( 3.220000000017900543, 0.9200000000015510215, 0.2500000000000000000 ) ) ;
#2238 = COLOUR_RGB ( '',0.8666666666666666963, 0.8666666666666666963, 0.8666666666666666963 ) ;
#2239 = SURFACE_STYLE_FILL_AREA ( #7408 ) ;
#2240 = AXIS2_PLACEMENT_3D ( 'NONE', #2856, #5214, #1898 ) ;
#2241 = FILL_AREA_STYLE ('',( #2681 ) ) ;
#2242 = MECHANICAL_DESIGN_GEOMETRIC_PRESENTATION_REPRESENTATION (  '', ( #7078 ), #5509 ) ;
#2243 = VECTOR ( 'NONE', #732, 1000.000000000000000 ) ;
#2244 = PRESENTATION_STYLE_ASSIGNMENT (( #4046 ) ) ;
#2245 = VECTOR ( 'NONE', #6055, 1000.000000000000000 ) ;
#2246 = ORIENTED_EDGE ( 'NONE', *, *, #3072, .T. ) ;
#2247 = ORIENTED_EDGE ( 'NONE', *, *, #1449, .T. ) ;
#2248 = DIRECTION ( 'NONE',  ( -1.593054392101894807E-12, 1.000000000000000000, 0.000000000000000000 ) ) ;
#2249 =( GEOMETRIC_REPRESENTATION_CONTEXT ( 3 ) GLOBAL_UNCERTAINTY_ASSIGNED_CONTEXT ( ( #2279 ) ) GLOBAL_UNIT_ASSIGNED_CONTEXT ( ( #1243, #1778, #5176 ) ) REPRESENTATION_CONTEXT ( 'NONE', 'WORKASPACE' ) );
#2250 = COLOUR_RGB ( '',0.8666666666666666963, 0.8666666666666666963, 0.8666666666666666963 ) ;
#2251 = EDGE_CURVE ( 'NONE', #1163, #1579, #2544, .T. ) ;
#2252 = DIRECTION ( 'NONE',  ( 0.000000000000000000, 0.000000000000000000, -1.000000000000000000 ) ) ;
#2253 = SURFACE_SIDE_STYLE ('',( #4609 ) ) ;
#2254 = VERTEX_POINT ( 'NONE', #6063 ) ;
#2255 = FILL_AREA_STYLE ('',( #7428 ) ) ;
#2256 =( GEOMETRIC_REPRESENTATION_CONTEXT ( 3 ) GLOBAL_UNCERTAINTY_ASSIGNED_CONTEXT ( ( #226 ) ) GLOBAL_UNIT_ASSIGNED_CONTEXT ( ( #36, #2939, #674 ) ) REPRESENTATION_CONTEXT ( 'NONE', 'WORKASPACE' ) );
#2257 = SURFACE_STYLE_FILL_AREA ( #961 ) ;
#2258 = VERTEX_POINT ( 'NONE', #7179 ) ;
#2259 = CARTESIAN_POINT ( 'NONE',  ( 3.220000000017900543, -2.199999999999930456, 0.000000000000000000 ) ) ;
#2260 = CARTESIAN_POINT ( 'NONE',  ( 2.420000000014279617, -0.2650000000002140088, 0.000000000000000000 ) ) ;
#2261 = PRESENTATION_LAYER_ASSIGNMENT (  '', '', ( #6965 ) ) ;
#2262 = ORIENTED_EDGE ( 'NONE', *, *, #4172, .T. ) ;
#2263 =( LENGTH_UNIT ( ) NAMED_UNIT ( * ) SI_UNIT ( .MILLI., .METRE. ) );
#2264 =( NAMED_UNIT ( * ) PLANE_ANGLE_UNIT ( ) SI_UNIT ( $, .RADIAN. ) );
#2265 = EDGE_CURVE ( 'NONE', #55, #181, #4861, .T. ) ;
#2266 = ORIENTED_EDGE ( 'NONE', *, *, #279, .F. ) ;
#2267 = VECTOR ( 'NONE', #4764, 1000.000000000000000 ) ;
#2268 = VERTEX_POINT ( 'NONE', #2042 ) ;
#2269 = CARTESIAN_POINT ( 'NONE',  ( -2.310000001215910093, -2.125000000001460165, 0.000000000000000000 ) ) ;
#2270 = EDGE_LOOP ( 'NONE', ( #527, #6271, #6205, #6879 ) ) ;
#2271 = LINE ( 'NONE', #3506, #6120 ) ;
#2272 = DIRECTION ( 'NONE',  ( 1.836970198721029688E-16, 1.000000000000000000, -1.348150961071064002E-31 ) ) ;
#2273 = LINE ( 'NONE', #3508, #7056 ) ;
#2274 = PRESENTATION_LAYER_ASSIGNMENT (  '', '', ( #1316 ) ) ;
#2275 = SURFACE_STYLE_USAGE ( .BOTH. , #3543 ) ;
#2276 = AXIS2_PLACEMENT_3D ( 'NONE', #5231, #6931, #1301 ) ;
#2277 = EDGE_CURVE ( 'NONE', #4395, #588, #2872, .T. ) ;
#2278 = SURFACE_STYLE_FILL_AREA ( #4989 ) ;
#2279 = UNCERTAINTY_MEASURE_WITH_UNIT (LENGTH_MEASURE( 1.000000000000000082E-05 ), #1243, 'distance_accuracy_value', 'NONE');
#2280 = DIRECTION ( 'NONE',  ( -2.454333033125510019E-11, 1.000000000000000000, 0.000000000000000000 ) ) ;
#2281 = CIRCLE ( 'NONE', #1199, 0.2672522260927919779 ) ;
#2282 = FILL_AREA_STYLE_COLOUR ( '', #4086 ) ;
#2283 = DIRECTION ( 'NONE',  ( 1.000000000000000000, -3.474679658982749680E-13, 0.000000000000000000 ) ) ;
#2284 = ORIENTED_EDGE ( 'NONE', *, *, #911, .T. ) ;
#2285 = SURFACE_STYLE_USAGE ( .BOTH. , #7423 ) ;
#2286 = AXIS2_PLACEMENT_3D ( 'NONE', #6307, #525, #2875 ) ;
#2287 = MECHANICAL_DESIGN_GEOMETRIC_PRESENTATION_REPRESENTATION (  '', ( #5550 ), #3519 ) ;
#2288 = PRESENTATION_STYLE_ASSIGNMENT (( #5816 ) ) ;
#2289 = CARTESIAN_POINT ( 'NONE',  ( -2.744999999999924167, -0.4129019945705097450, 0.2500000000000000000 ) ) ;
#2290 = CARTESIAN_POINT ( 'NONE',  ( -0.08000000002280670264, 2.225000000000000089, 0.000000000000000000 ) ) ;
#2291 = ORIENTED_EDGE ( 'NONE', *, *, #2747, .F. ) ;
#2292 = FILL_AREA_STYLE ('',( #3030 ) ) ;
#2293 = VERTEX_POINT ( 'NONE', #737 ) ;
#2294 =( NAMED_UNIT ( * ) PLANE_ANGLE_UNIT ( ) SI_UNIT ( $, .RADIAN. ) );
#2295 =( NAMED_UNIT ( * ) SI_UNIT ( $, .STERADIAN. ) SOLID_ANGLE_UNIT ( ) );
#2296 = SURFACE_STYLE_FILL_AREA ( #7391 ) ;
#2297 = AXIS2_PLACEMENT_3D ( 'NONE', #3194, #6644, #1472 ) ;
#2298 = VERTEX_POINT ( 'NONE', #4294 ) ;
#2299 = DIRECTION ( 'NONE',  ( 0.000000000000000000, 0.000000000000000000, 1.000000000000000000 ) ) ;
#2300 = DIRECTION ( 'NONE',  ( 0.000000000000000000, 0.000000000000000000, 1.000000000000000000 ) ) ;
#2301 = MECHANICAL_DESIGN_GEOMETRIC_PRESENTATION_REPRESENTATION (  '', ( #7245 ), #6179 ) ;
#2302 = EDGE_LOOP ( 'NONE', ( #951, #5940, #3918, #6756 ) ) ;
#2303 = ORIENTED_EDGE ( 'NONE', *, *, #2502, .F. ) ;
#2304 = SURFACE_SIDE_STYLE ('',( #4623 ) ) ;
#2305 = AXIS2_PLACEMENT_3D ( 'NONE', #6909, #6237, #4574 ) ;
#2306 = VERTEX_POINT ( 'NONE', #3740 ) ;
#2307 = CARTESIAN_POINT ( 'NONE',  ( 2.420000000014739694, 1.005000000000220162, 0.2500000000000000000 ) ) ;
#2308 = PRESENTATION_LAYER_ASSIGNMENT (  '', '', ( #2064 ) ) ;
#2309 = DIRECTION ( 'NONE',  ( -1.000000000000000000, -5.566149393180537039E-11, 0.000000000000000000 ) ) ;
#2310 = AXIS2_PLACEMENT_3D ( 'NONE', #1157, #1769, #2912 ) ;
#2311 = CARTESIAN_POINT ( 'NONE',  ( -2.576069773055084333, 2.411069773055093179, 0.9766044443147507970 ) ) ;
#2312 = CARTESIAN_POINT ( 'NONE',  ( -0.5800000000228350272, 2.477098005438280293, 0.000000000000000000 ) ) ;
#2313 = EDGE_CURVE ( 'NONE', #3614, #1619, #3091, .T. ) ;
#2314 = PRESENTATION_STYLE_ASSIGNMENT (( #67 ) ) ;
#2315 = EDGE_CURVE ( 'NONE', #1471, #588, #1448, .T. ) ;
#2316 = SURFACE_STYLE_FILL_AREA ( #5159 ) ;
#2317 = DIRECTION ( 'NONE',  ( 0.000000000000000000, 0.000000000000000000, 1.000000000000000000 ) ) ;
#2318 = AXIS2_PLACEMENT_3D ( 'NONE', #5209, #3498, #5790 ) ;
#2319 = DIRECTION ( 'NONE',  ( 0.000000000000000000, 0.000000000000000000, 1.000000000000000000 ) ) ;
#2320 = DIRECTION ( 'NONE',  ( 0.000000000000000000, 0.000000000000000000, 1.000000000000000000 ) ) ;
#2321 = PRESENTATION_STYLE_ASSIGNMENT (( #5848 ) ) ;
#2322 = VECTOR ( 'NONE', #7004, 1000.000000000000000 ) ;
#2323 = COLOUR_RGB ( '',0.8666666666666666963, 0.8666666666666666963, 0.8666666666666666963 ) ;
#2324 = EDGE_CURVE ( 'NONE', #808, #740, #5486, .T. ) ;
#2325 = CARTESIAN_POINT ( 'NONE',  ( -0.08000000002280670264, -2.377098005438139872, 0.2500000000000000000 ) ) ;
#2326 = CARTESIAN_POINT ( 'NONE',  ( 2.420000000014369768, -1.020000000000760076, 0.000000000000000000 ) ) ;
#2327 = ORIENTED_EDGE ( 'NONE', *, *, #4890, .T. ) ;
#2328 = DIRECTION ( 'NONE',  ( -1.000000000000000000, 0.000000000000000000, 0.000000000000000000 ) ) ;
#2329 =( LENGTH_UNIT ( ) NAMED_UNIT ( * ) SI_UNIT ( .MILLI., .METRE. ) );
#2330 = VERTEX_POINT ( 'NONE', #2618 ) ;
#2331 = PLANE ( 'NONE',  #350 ) ;
#2332 = CARTESIAN_POINT ( 'NONE',  ( 3.220000000017900543, 2.199999999998340172, 0.000000000000000000 ) ) ;
#2333 = VECTOR ( 'NONE', #942, 1000.000000000000000 ) ;
#2334 = EDGE_CURVE ( 'NONE', #4755, #1112, #1489, .T. ) ;
#2335 = DIRECTION ( 'NONE',  ( 0.000000000000000000, 0.6427876096525354521, 0.7660444431475106342 ) ) ;
#2336 = VERTEX_POINT ( 'NONE', #7261 ) ;
#2337 = LINE ( 'NONE', #1127, #3363 ) ;
#2338 = DIRECTION ( 'NONE',  ( 0.000000000000000000, 0.000000000000000000, 1.000000000000000000 ) ) ;
#2339 = CARTESIAN_POINT ( 'NONE',  ( 3.220221430730699996, -0.9300000000010870682, 0.000000000000000000 ) ) ;
#2340 = ORIENTED_EDGE ( 'NONE', *, *, #5009, .T. ) ;
#2341 = ORIENTED_EDGE ( 'NONE', *, *, #3072, .F. ) ;
#2342 =( NAMED_UNIT ( * ) PLANE_ANGLE_UNIT ( ) SI_UNIT ( $, .RADIAN. ) );
#2343 = VERTEX_POINT ( 'NONE', #5642 ) ;
#2344 = MECHANICAL_DESIGN_GEOMETRIC_PRESENTATION_REPRESENTATION (  '', ( #2847 ), #4781 ) ;
#2345 = SURFACE_STYLE_FILL_AREA ( #3011 ) ;
#2346 = DIRECTION ( 'NONE',  ( 0.000000000000000000, 0.000000000000000000, -1.000000000000000000 ) ) ;
#2347 = ADVANCED_FACE ( 'NONE', ( #1017 ), #2112, .F. ) ;
#2348 = PRESENTATION_LAYER_ASSIGNMENT (  '', '', ( #4060 ) ) ;
#2349 = SURFACE_STYLE_FILL_AREA ( #6261 ) ;
#2350 = LINE ( 'NONE', #7001, #6591 ) ;
#2351 = DIRECTION ( 'NONE',  ( 0.000000000000000000, 0.000000000000000000, 1.000000000000000000 ) ) ;
#2352 = PRESENTATION_LAYER_ASSIGNMENT (  '', '', ( #2478 ) ) ;
#2353 = MECHANICAL_DESIGN_GEOMETRIC_PRESENTATION_REPRESENTATION (  '', ( #3102 ), #5746 ) ;
#2354 = AXIS2_PLACEMENT_3D ( 'NONE', #4616, #7467, #3985 ) ;
#2355 =( NAMED_UNIT ( * ) SI_UNIT ( $, .STERADIAN. ) SOLID_ANGLE_UNIT ( ) );
#2356 = UNCERTAINTY_MEASURE_WITH_UNIT (LENGTH_MEASURE( 1.000000000000000082E-05 ), #2677, 'distance_accuracy_value', 'NONE');
#2357 = ORIENTED_EDGE ( 'NONE', *, *, #2088, .F. ) ;
#2358 =( GEOMETRIC_REPRESENTATION_CONTEXT ( 3 ) GLOBAL_UNCERTAINTY_ASSIGNED_CONTEXT ( ( #5390 ) ) GLOBAL_UNIT_ASSIGNED_CONTEXT ( ( #6506, #7138, #168 ) ) REPRESENTATION_CONTEXT ( 'NONE', 'WORKASPACE' ) );
#2359 = EDGE_CURVE ( 'NONE', #1375, #5072, #5600, .T. ) ;
#2360 = PRESENTATION_STYLE_ASSIGNMENT (( #3548 ) ) ;
#2361 = MECHANICAL_DESIGN_GEOMETRIC_PRESENTATION_REPRESENTATION (  '', ( #6590 ), #5103 ) ;
#2362 = FILL_AREA_STYLE ('',( #4726 ) ) ;
#2363 = MECHANICAL_DESIGN_GEOMETRIC_PRESENTATION_REPRESENTATION (  '', ( #4792 ), #7177 ) ;
#2364 = CYLINDRICAL_SURFACE ( 'NONE', #1633, 0.1499999999999970246 ) ;
#2365 = UNCERTAINTY_MEASURE_WITH_UNIT (LENGTH_MEASURE( 1.000000000000000082E-05 ), #5751, 'distance_accuracy_value', 'NONE');
#2366 = CIRCLE ( 'NONE', #4544, 0.1499999999999999667 ) ;
#2367 = SURFACE_STYLE_USAGE ( .BOTH. , #5239 ) ;
#2368 =( LENGTH_UNIT ( ) NAMED_UNIT ( * ) SI_UNIT ( .MILLI., .METRE. ) );
#2369 = VERTEX_POINT ( 'NONE', #1670 ) ;
#2370 = FACE_OUTER_BOUND ( 'NONE', #2698, .T. ) ;
#2371 = ORIENTED_EDGE ( 'NONE', *, *, #3135, .T. ) ;
#2372 = SURFACE_STYLE_FILL_AREA ( #7020 ) ;
#2373 =( NAMED_UNIT ( * ) PLANE_ANGLE_UNIT ( ) SI_UNIT ( $, .RADIAN. ) );
#2374 = CARTESIAN_POINT ( 'NONE',  ( 0.1549999999992909827, 2.225000000000000089, 0.000000000000000000 ) ) ;
#2375 = VECTOR ( 'NONE', #58, 1000.000000000000000 ) ;
#2376 = VECTOR ( 'NONE', #7231, 1000.000000000000000 ) ;
#2377 = DIRECTION ( 'NONE',  ( 0.000000000000000000, 0.000000000000000000, 1.000000000000000000 ) ) ;
#2378 = LINE ( 'NONE', #6390, #6911 ) ;
#2379 =( GEOMETRIC_REPRESENTATION_CONTEXT ( 3 ) GLOBAL_UNCERTAINTY_ASSIGNED_CONTEXT ( ( #5236 ) ) GLOBAL_UNIT_ASSIGNED_CONTEXT ( ( #2439, #3674, #1983 ) ) REPRESENTATION_CONTEXT ( 'NONE', 'WORKASPACE' ) );
#2380 = EDGE_LOOP ( 'NONE', ( #4944, #3561, #2075, #2148 ) ) ;
#2381 = ORIENTED_EDGE ( 'NONE', *, *, #349, .F. ) ;
#2382 = SURFACE_STYLE_FILL_AREA ( #3080 ) ;
#2383 = CARTESIAN_POINT ( 'NONE',  ( -2.770000000045179878, -0.2650000000006689782, 0.2500000000000000000 ) ) ;
#2384 = DIRECTION ( 'NONE',  ( 0.05226442753735401764, 0.05226442753735401764, -0.9972646886501022045 ) ) ;
#2385 = VECTOR ( 'NONE', #4872, 1000.000000000000000 ) ;
#2386 =( GEOMETRIC_REPRESENTATION_CONTEXT ( 3 ) GLOBAL_UNCERTAINTY_ASSIGNED_CONTEXT ( ( #1061 ) ) GLOBAL_UNIT_ASSIGNED_CONTEXT ( ( #4265, #185, #3632 ) ) REPRESENTATION_CONTEXT ( 'NONE', 'WORKASPACE' ) );
#2387 = PRESENTATION_STYLE_ASSIGNMENT (( #2965 ) ) ;
#2388 = MECHANICAL_DESIGN_GEOMETRIC_PRESENTATION_REPRESENTATION (  '', ( #5646 ), #4439 ) ;
#2389 = DIRECTION ( 'NONE',  ( 0.000000000000000000, 0.000000000000000000, 1.000000000000000000 ) ) ;
#2390 =( NAMED_UNIT ( * ) SI_UNIT ( $, .STERADIAN. ) SOLID_ANGLE_UNIT ( ) );
#2391 = FILL_AREA_STYLE_COLOUR ( '', #626 ) ;
#2392 = VECTOR ( 'NONE', #3717, 1000.000000000000000 ) ;
#2393 = LINE ( 'NONE', #3053, #1269 ) ;
#2394 = EDGE_CURVE ( 'NONE', #6849, #4873, #6136, .T. ) ;
#2395 = DIRECTION ( 'NONE',  ( -1.000000000000000000, 3.122502256755383083E-13, 0.000000000000000000 ) ) ;
#2396 = ORIENTED_EDGE ( 'NONE', *, *, #3911, .F. ) ;
#2397 = DIRECTION ( 'NONE',  ( 0.000000000000000000, 0.000000000000000000, -1.000000000000000000 ) ) ;
#2398 = CARTESIAN_POINT ( 'NONE',  ( 3.220222332087919970, -0.3400000000014820056, 0.2500000000000000000 ) ) ;
#2399 = SURFACE_STYLE_FILL_AREA ( #3672 ) ;
#2400 =( LENGTH_UNIT ( ) NAMED_UNIT ( * ) SI_UNIT ( .MILLI., .METRE. ) );
#2401 = DIRECTION ( 'NONE',  ( 0.000000000000000000, 0.000000000000000000, 1.000000000000000000 ) ) ;
#2402 = CARTESIAN_POINT ( 'NONE',  ( 2.374999999997129851, -0.2500000000007960299, 0.000000000000000000 ) ) ;
#2403 = ORIENTED_EDGE ( 'NONE', *, *, #2493, .T. ) ;
#2404 =( LENGTH_UNIT ( ) NAMED_UNIT ( * ) SI_UNIT ( .MILLI., .METRE. ) );
#2405 = FACE_OUTER_BOUND ( 'NONE', #3641, .T. ) ;
#2406 = VERTEX_POINT ( 'NONE', #3996 ) ;
#2407 = SURFACE_SIDE_STYLE ('',( #2372 ) ) ;
#2408 = PRESENTATION_STYLE_ASSIGNMENT (( #5205 ) ) ;
#2409 = FILL_AREA_STYLE_COLOUR ( '', #6664 ) ;
#2410 = VECTOR ( 'NONE', #2944, 1000.000000000000000 ) ;
#2411 = STYLED_ITEM ( 'NONE', ( #1050 ), #4181 ) ;
#2412 = ADVANCED_FACE ( 'NONE', ( #3962 ), #507, .T. ) ;
#2413 = SURFACE_STYLE_FILL_AREA ( #6502 ) ;
#2414 = EDGE_LOOP ( 'NONE', ( #5891, #6116, #795, #6109 ) ) ;
#2415 = AXIS2_PLACEMENT_3D ( 'NONE', #862, #3061, #224 ) ;
#2416 = EDGE_CURVE ( 'NONE', #3628, #6690, #2126, .T. ) ;
#2417 = ORIENTED_EDGE ( 'NONE', *, *, #6796, .T. ) ;
#2418 = DIRECTION ( 'NONE',  ( -2.554760398238409987E-14, -1.000000000000000000, 0.000000000000000000 ) ) ;
#2419 = SURFACE_SIDE_STYLE ('',( #6465 ) ) ;
#2420 = CARTESIAN_POINT ( 'NONE',  ( 2.374999999997129851, 0.2499999999992039701, 0.2500000000000000000 ) ) ;
#2421 = DIRECTION ( 'NONE',  ( -2.127927463864883908E-12, -1.000000000000000000, 0.000000000000000000 ) ) ;
#2422 = VECTOR ( 'NONE', #3873, 1000.000000000000000 ) ;
#2423 = SURFACE_STYLE_USAGE ( .BOTH. , #102 ) ;
#2424 = VECTOR ( 'NONE', #478, 1000.000000000000000 ) ;
#2425 = SURFACE_STYLE_FILL_AREA ( #5870 ) ;
#2426 = MECHANICAL_DESIGN_GEOMETRIC_PRESENTATION_REPRESENTATION (  '', ( #7010 ), #5689 ) ;
#2427 = EDGE_CURVE ( 'NONE', #3193, #2153, #6599, .T. ) ;
#2428 = DIRECTION ( 'NONE',  ( 0.000000000000000000, 1.000000000000000000, 0.000000000000000000 ) ) ;
#2429 = CIRCLE ( 'NONE', #3302, 0.1499999999999999667 ) ;
#2430 = CARTESIAN_POINT ( 'NONE',  ( -3.220000000017390285, -0.9200202810956169541, 0.000000000000000000 ) ) ;
#2431 = SURFACE_STYLE_USAGE ( .BOTH. , #5225 ) ;
#2432 = UNCERTAINTY_MEASURE_WITH_UNIT (LENGTH_MEASURE( 1.000000000000000082E-05 ), #6867, 'distance_accuracy_value', 'NONE');
#2433 = COLOUR_RGB ( '',0.8666666666666666963, 0.8666666666666666963, 0.8666666666666666963 ) ;
#2434 = ORIENTED_EDGE ( 'NONE', *, *, #6128, .T. ) ;
#2435 = FILL_AREA_STYLE_COLOUR ( '', #5564 ) ;
#2436 = CARTESIAN_POINT ( 'NONE',  ( -2.794999999999910223, 0.8549999999993129762, 0.2500000000000000000 ) ) ;
#2437 = DIRECTION ( 'NONE',  ( 0.9990158634964972917, -0.04435430624356512253, 0.000000000000000000 ) ) ;
#2438 =( GEOMETRIC_REPRESENTATION_CONTEXT ( 3 ) GLOBAL_UNCERTAINTY_ASSIGNED_CONTEXT ( ( #5772 ) ) GLOBAL_UNIT_ASSIGNED_CONTEXT ( ( #53, #1779, #1704 ) ) REPRESENTATION_CONTEXT ( 'NONE', 'WORKASPACE' ) );
#2439 =( LENGTH_UNIT ( ) NAMED_UNIT ( * ) SI_UNIT ( .MILLI., .METRE. ) );
#2440 = ORIENTED_EDGE ( 'NONE', *, *, #4749, .F. ) ;
#2441 = FILL_AREA_STYLE ('',( #4695 ) ) ;
#2442 = ORIENTED_EDGE ( 'NONE', *, *, #6255, .F. ) ;
#2443 = DIRECTION ( 'NONE',  ( 1.000000000000000000, -2.115103963592559792E-12, 0.000000000000000000 ) ) ;
#2444 =( NAMED_UNIT ( * ) SI_UNIT ( $, .STERADIAN. ) SOLID_ANGLE_UNIT ( ) );
#2445 = DIRECTION ( 'NONE',  ( 0.000000000000000000, 0.000000000000000000, 1.000000000000000000 ) ) ;
#2446 = VECTOR ( 'NONE', #5988, 1000.000000000000000 ) ;
#2447 = SURFACE_STYLE_FILL_AREA ( #4883 ) ;
#2448 = DIRECTION ( 'NONE',  ( 0.000000000000000000, 0.000000000000000000, 1.000000000000000000 ) ) ;
#2449 =( NAMED_UNIT ( * ) SI_UNIT ( $, .STERADIAN. ) SOLID_ANGLE_UNIT ( ) );
#2450 = ADVANCED_FACE ( 'NONE', ( #2858 ), #3289, .F. ) ;
#2451 = VERTEX_POINT ( 'NONE', #2307 ) ;
#2452 = AXIS2_PLACEMENT_3D ( 'NONE', #2622, #4935, #1493 ) ;
#2453 = VERTEX_POINT ( 'NONE', #5800 ) ;
#2454 = FILL_AREA_STYLE_COLOUR ( '', #1221 ) ;
#2456 = ADVANCED_FACE ( 'NONE', ( #1792 ), #1250, .T. ) ;
#2455 = FACE_OUTER_BOUND ( 'NONE', #6898, .T. ) ;
#2457 = CARTESIAN_POINT ( 'NONE',  ( 2.739999999999999769, 2.575000000000000178, 0.02000000000000000042 ) ) ;
#2458 = EDGE_CURVE ( 'NONE', #4425, #3870, #546, .T. ) ;
#2459 = CARTESIAN_POINT ( 'NONE',  ( 2.610271787389519815, -2.445271787389510010, 0.9173648177754361033 ) ) ;
#2460 = AXIS2_PLACEMENT_3D ( 'NONE', #5393, #4844, #4778 ) ;
#2461 = EDGE_CURVE ( 'NONE', #3193, #255, #1214, .T. ) ;
#2462 = CARTESIAN_POINT ( 'NONE',  ( -2.770000000044719801, 1.004999999999310001, 0.000000000000000000 ) ) ;
#2463 = PRESENTATION_LAYER_ASSIGNMENT (  '', '', ( #4769 ) ) ;
#2464 = FACE_OUTER_BOUND ( 'NONE', #2230, .T. ) ;
#2465 = EDGE_CURVE ( 'NONE', #6951, #2268, #617, .T. ) ;
#2466 = LINE ( 'NONE', #1944, #3002 ) ;
#2467 =( NAMED_UNIT ( * ) PLANE_ANGLE_UNIT ( ) SI_UNIT ( $, .RADIAN. ) );
#2468 = PRESENTATION_LAYER_ASSIGNMENT (  '', '', ( #1255 ) ) ;
#2469 = LINE ( 'NONE', #7178, #5498 ) ;
#2470 = DIRECTION ( 'NONE',  ( -1.000000000000000000, -7.518817437593540007E-16, 0.000000000000000000 ) ) ;
#2471 = AXIS2_PLACEMENT_3D ( 'NONE', #2269, #4542, #3465 ) ;
#2472 = CARTESIAN_POINT ( 'NONE',  ( -0.1800000000228290098, -2.705000000001410054, 0.000000000000000000 ) ) ;
#2473 = EDGE_CURVE ( 'NONE', #2306, #4983, #5635, .T. ) ;
#2474 = ORIENTED_EDGE ( 'NONE', *, *, #6474, .T. ) ;
#2475 = DIRECTION ( 'NONE',  ( 0.000000000000000000, 0.000000000000000000, 1.000000000000000000 ) ) ;
#2476 = DIRECTION ( 'NONE',  ( 0.8660254037807098015, -0.5000000000064585004, 0.000000000000000000 ) ) ;
#2477 = FILL_AREA_STYLE ('',( #6933 ) ) ;
#2478 = STYLED_ITEM ( 'NONE', ( #2408 ), #7258 ) ;
#2479 = FACE_OUTER_BOUND ( 'NONE', #2414, .T. ) ;
#2480 = MECHANICAL_DESIGN_GEOMETRIC_PRESENTATION_REPRESENTATION (  '', ( #6587 ), #4418 ) ;
#2481 = CARTESIAN_POINT ( 'NONE',  ( -2.794999999999830287, 1.534999999999099973, 0.000000000000000000 ) ) ;
#2482 = FILL_AREA_STYLE ('',( #713 ) ) ;
#2483 = DIRECTION ( 'NONE',  ( -1.000000000000000000, 1.836970198721024757E-16, -3.659266894335745055E-31 ) ) ;
#2484 = ORIENTED_EDGE ( 'NONE', *, *, #5191, .F. ) ;
#2485 = CARTESIAN_POINT ( 'NONE',  ( 2.789999999999679847, 2.124999999998290257, 0.000000000000000000 ) ) ;
#2486 = AXIS2_PLACEMENT_3D ( 'NONE', #5152, #3577, #28 ) ;
#2487 = CARTESIAN_POINT ( 'NONE',  ( 0.1549999999992909827, 2.225000000000000089, 0.000000000000000000 ) ) ;
#2488 = ORIENTED_EDGE ( 'NONE', *, *, #6435, .F. ) ;
#2489 =( NAMED_UNIT ( * ) SI_UNIT ( $, .STERADIAN. ) SOLID_ANGLE_UNIT ( ) );
#2490 = ORIENTED_EDGE ( 'NONE', *, *, #3954, .F. ) ;
#2491 =( NAMED_UNIT ( * ) SI_UNIT ( $, .STERADIAN. ) SOLID_ANGLE_UNIT ( ) );
#2492 =( LENGTH_UNIT ( ) NAMED_UNIT ( * ) SI_UNIT ( .MILLI., .METRE. ) );
#2493 = EDGE_CURVE ( 'NONE', #264, #7161, #5187, .T. ) ;
#2494 = VECTOR ( 'NONE', #5681, 1000.000000000000000 ) ;
#2495 = DIRECTION ( 'NONE',  ( -0.8660254037831129903, -0.5000000000022961633, 0.000000000000000000 ) ) ;
#2496 = VERTEX_POINT ( 'NONE', #2968 ) ;
#2497 = ORIENTED_EDGE ( 'NONE', *, *, #5691, .T. ) ;
#2498 = SURFACE_STYLE_USAGE ( .BOTH. , #926 ) ;
#2499 = LINE ( 'NONE', #5977, #1285 ) ;
#2500 = CARTESIAN_POINT ( 'NONE',  ( 2.355000000014419559, -2.150000000000090061, 0.2500000000000000000 ) ) ;
#2501 = VECTOR ( 'NONE', #344, 1000.000000000000000 ) ;
#2502 = EDGE_CURVE ( 'NONE', #7418, #1689, #5295, .T. ) ;
#2503 = CARTESIAN_POINT ( 'NONE',  ( 2.420000000014739694, -1.535000000000650067, 0.000000000000000000 ) ) ;
#2504 = DIRECTION ( 'NONE',  ( 0.000000000000000000, 0.000000000000000000, 1.000000000000000000 ) ) ;
#2505 =( NAMED_UNIT ( * ) SI_UNIT ( $, .STERADIAN. ) SOLID_ANGLE_UNIT ( ) );
#2506 = CIRCLE ( 'NONE', #5778, 0.1500000000001429079 ) ;
#2507 = DIRECTION ( 'NONE',  ( -1.000000000000000000, -1.455280343333739846E-11, 0.000000000000000000 ) ) ;
#2508 = UNCERTAINTY_MEASURE_WITH_UNIT (LENGTH_MEASURE( 1.000000000000000082E-05 ), #5363, 'distance_accuracy_value', 'NONE');
#2509 = EDGE_LOOP ( 'NONE', ( #2807, #3300, #6528, #5245 ) ) ;
#2510 =( NAMED_UNIT ( * ) PLANE_ANGLE_UNIT ( ) SI_UNIT ( $, .RADIAN. ) );
#2511 = SURFACE_STYLE_USAGE ( .BOTH. , #7265 ) ;
#2512 = MECHANICAL_DESIGN_GEOMETRIC_PRESENTATION_REPRESENTATION (  '', ( #6975 ), #4934 ) ;
#2513 = EDGE_CURVE ( 'NONE', #11, #5069, #2271, .T. ) ;
#2514 = CARTESIAN_POINT ( 'NONE',  ( -2.576069773055085221, -2.411069773055085186, 0.9766044443147507970 ) ) ;
#2515 = CARTESIAN_POINT ( 'NONE',  ( -2.919903810567349822, -1.610000000000469944, 0.000000000000000000 ) ) ;
#2516 = SURFACE_STYLE_USAGE ( .BOTH. , #3786 ) ;
#2517 =( NAMED_UNIT ( * ) SI_UNIT ( $, .STERADIAN. ) SOLID_ANGLE_UNIT ( ) );
#2518 = DIRECTION ( 'NONE',  ( -5.639130289675960134E-16, -1.000000000000000000, 0.000000000000000000 ) ) ;
#2519 = PRESENTATION_STYLE_ASSIGNMENT (( #191 ) ) ;
#2520 = VERTEX_POINT ( 'NONE', #6359 ) ;
#2521 = LINE ( 'NONE', #2485, #993 ) ;
#2522 = ORIENTED_EDGE ( 'NONE', *, *, #858, .T. ) ;
#2523 = FILL_AREA_STYLE_COLOUR ( '', #4470 ) ;
#2524 = SURFACE_STYLE_FILL_AREA ( #3871 ) ;
#2525 = ORIENTED_EDGE ( 'NONE', *, *, #4075, .T. ) ;
#2526 = DIRECTION ( 'NONE',  ( 0.8660254037852800346, -0.4999999999985429433, 0.000000000000000000 ) ) ;
#2527 = DIRECTION ( 'NONE',  ( -2.307182223049707582E-12, -1.000000000000000000, 0.000000000000000000 ) ) ;
#2528 = VECTOR ( 'NONE', #6725, 1000.000000000000000 ) ;
#2529 = CARTESIAN_POINT ( 'NONE',  ( 2.789999999999509761, 1.535000000000339870, 0.000000000000000000 ) ) ;
#2530 =( NAMED_UNIT ( * ) PLANE_ANGLE_UNIT ( ) SI_UNIT ( $, .RADIAN. ) );
#2531 = ORIENTED_EDGE ( 'NONE', *, *, #2416, .F. ) ;
#2532 = CARTESIAN_POINT ( 'NONE',  ( -0.08000000002280670264, -2.225000000000249667, 0.000000000000000000 ) ) ;
#2533 = PRESENTATION_STYLE_ASSIGNMENT (( #1396 ) ) ;
#2534 = PRESENTATION_LAYER_ASSIGNMENT (  '', '', ( #3559 ) ) ;
#2535 = LINE ( 'NONE', #2420, #749 ) ;
#2536 = VECTOR ( 'NONE', #3952, 1000.000000000000000 ) ;
#2537 =( NAMED_UNIT ( * ) PLANE_ANGLE_UNIT ( ) SI_UNIT ( $, .RADIAN. ) );
#2538 = DIRECTION ( 'NONE',  ( 0.000000000000000000, 0.000000000000000000, -1.000000000000000000 ) ) ;
#2539 = COLOUR_RGB ( '',0.8666666666666666963, 0.8666666666666666963, 0.8666666666666666963 ) ;
#2540 = SURFACE_SIDE_STYLE ('',( #697 ) ) ;
#2541 = SURFACE_SIDE_STYLE ('',( #5412 ) ) ;
#2542 = SURFACE_STYLE_FILL_AREA ( #3738 ) ;
#2543 = LINE ( 'NONE', #105, #3233 ) ;
#2544 = LINE ( 'NONE', #815, #1783 ) ;
#2545 = MECHANICAL_DESIGN_GEOMETRIC_PRESENTATION_REPRESENTATION (  '', ( #4970 ), #6175 ) ;
#2546 = CARTESIAN_POINT ( 'NONE',  ( -3.445000000011790409, -0.9200202810965329991, 0.2500000000000000000 ) ) ;
#2547 = ORIENTED_EDGE ( 'NONE', *, *, #5693, .F. ) ;
#2548 =( LENGTH_UNIT ( ) NAMED_UNIT ( * ) SI_UNIT ( .MILLI., .METRE. ) );
#2549 = EDGE_CURVE ( 'NONE', #1926, #2189, #4108, .T. ) ;
#2550 = CARTESIAN_POINT ( 'NONE',  ( -1.850000000000000089, 1.550000000000000044, 0.9979999999999999982 ) ) ;
#2551 = PLANE ( 'NONE',  #4598 ) ;
#2552 = SURFACE_SIDE_STYLE ('',( #676 ) ) ;
#2553 = ADVANCED_FACE ( 'NONE', ( #579 ), #5215, .T. ) ;
#2554 = SURFACE_STYLE_USAGE ( .BOTH. , #227 ) ;
#2555 =( NAMED_UNIT ( * ) SI_UNIT ( $, .STERADIAN. ) SOLID_ANGLE_UNIT ( ) );
#2556 = EDGE_LOOP ( 'NONE', ( #2262, #1313, #4262, #4910 ) ) ;
#2557 = CARTESIAN_POINT ( 'NONE',  ( 2.374999999997129851, -1.520000000000780060, 0.2500000000000000000 ) ) ;
#2558 =( NAMED_UNIT ( * ) SI_UNIT ( $, .STERADIAN. ) SOLID_ANGLE_UNIT ( ) );
#2559 = ORIENTED_EDGE ( 'NONE', *, *, #7468, .T. ) ;
#2560 = DIRECTION ( 'NONE',  ( -0.000000000000000000, 1.000000000000000000, 0.000000000000000000 ) ) ;
#2561 = DIRECTION ( 'NONE',  ( 1.000000000000000000, -1.091571277802979994E-11, 0.000000000000000000 ) ) ;
#2562 = VECTOR ( 'NONE', #1585, 1000.000000000000000 ) ;
#2563 = ORIENTED_EDGE ( 'NONE', *, *, #6800, .F. ) ;
#2564 = CARTESIAN_POINT ( 'NONE',  ( -0.6800000000228580976, -2.225000000000249667, 0.000000000000000000 ) ) ;
#2565 = CARTESIAN_POINT ( 'NONE',  ( -2.789999999999469793, -2.125000000000889955, 0.000000000000000000 ) ) ;
#2566 = EDGE_CURVE ( 'NONE', #2137, #447, #3733, .T. ) ;
#2567 = DIRECTION ( 'NONE',  ( 0.000000000000000000, 0.000000000000000000, 1.000000000000000000 ) ) ;
#2568 = DIRECTION ( 'NONE',  ( 0.000000000000000000, 0.000000000000000000, -1.000000000000000000 ) ) ;
#2569 = ORIENTED_EDGE ( 'NONE', *, *, #1011, .T. ) ;
#2570 = EDGE_CURVE ( 'NONE', #999, #7256, #173, .T. ) ;
#2571 = PLANE ( 'NONE',  #1713 ) ;
#2572 = EDGE_LOOP ( 'NONE', ( #949, #1452, #5862, #4573 ) ) ;
#2573 = PLANE ( 'NONE',  #893 ) ;
#2574 = MECHANICAL_DESIGN_GEOMETRIC_PRESENTATION_REPRESENTATION (  '', ( #5337 ), #1602 ) ;
#2575 = CARTESIAN_POINT ( 'NONE',  ( -2.794999999999910223, 0.4149999999991679789, 0.000000000000000000 ) ) ;
#2576 = ORIENTED_EDGE ( 'NONE', *, *, #3128, .F. ) ;
#2577 = PRESENTATION_LAYER_ASSIGNMENT (  '', '', ( #3807 ) ) ;
#2578 = PRESENTATION_LAYER_ASSIGNMENT (  '', '', ( #1971 ) ) ;
#2579 = DIRECTION ( 'NONE',  ( 0.000000000000000000, 0.000000000000000000, 1.000000000000000000 ) ) ;
#2580 = PLANE ( 'NONE',  #5858 ) ;
#2581 = DIRECTION ( 'NONE',  ( 0.000000000000000000, 0.000000000000000000, 1.000000000000000000 ) ) ;
#2582 = EDGE_CURVE ( 'NONE', #7149, #6343, #6057, .T. ) ;
#2583 = UNCERTAINTY_MEASURE_WITH_UNIT (LENGTH_MEASURE( 1.000000000000000082E-05 ), #2234, 'distance_accuracy_value', 'NONE');
#2584 = VERTEX_POINT ( 'NONE', #6022 ) ;
#2585 = LINE ( 'NONE', #4937, #4345 ) ;
#2586 = LINE ( 'NONE', #5344, #4332 ) ;
#2587 =( NAMED_UNIT ( * ) PLANE_ANGLE_UNIT ( ) SI_UNIT ( $, .RADIAN. ) );
#2588 = FILL_AREA_STYLE ('',( #2052 ) ) ;
#2589 = VECTOR ( 'NONE', #283, 1000.000000000000000 ) ;
#2590 = UNCERTAINTY_MEASURE_WITH_UNIT (LENGTH_MEASURE( 1.000000000000000082E-05 ), #1653, 'distance_accuracy_value', 'NONE');
#2591 = EDGE_CURVE ( 'NONE', #2637, #4022, #6621, .T. ) ;
#2592 = LINE ( 'NONE', #3788, #201 ) ;
#2593 = VERTEX_POINT ( 'NONE', #2500 ) ;
#2594 =( NAMED_UNIT ( * ) PLANE_ANGLE_UNIT ( ) SI_UNIT ( $, .RADIAN. ) );
#2595 = SURFACE_STYLE_FILL_AREA ( #873 ) ;
#2596 = ORIENTED_EDGE ( 'NONE', *, *, #3914, .F. ) ;
#2597 = SURFACE_STYLE_USAGE ( .BOTH. , #3755 ) ;
#2598 = CARTESIAN_POINT ( 'NONE',  ( 2.374999999997129851, -1.020000000000780060, 0.000000000000000000 ) ) ;
#2599 = EDGE_LOOP ( 'NONE', ( #471, #5671, #6826, #4648 ) ) ;
#2600 = PRESENTATION_LAYER_ASSIGNMENT (  '', '', ( #5616 ) ) ;
#2601 = PRESENTATION_LAYER_ASSIGNMENT (  '', '', ( #399 ) ) ;
#2602 = CARTESIAN_POINT ( 'NONE',  ( -2.795000000000000373, 1.004999999999130145, 0.000000000000000000 ) ) ;
#2603 = COLOUR_RGB ( '',0.8666666666666666963, 0.8666666666666666963, 0.8666666666666666963 ) ;
#2604 = AXIS2_PLACEMENT_3D ( 'NONE', #3402, #364, #7297 ) ;
#2605 = SURFACE_STYLE_USAGE ( .BOTH. , #5899 ) ;
#2606 = DIRECTION ( 'NONE',  ( -0.8660254037827309626, -0.5000000000029577452, 0.000000000000000000 ) ) ;
#2607 = VERTEX_POINT ( 'NONE', #3126 ) ;
#2608 = ORIENTED_EDGE ( 'NONE', *, *, #3503, .T. ) ;
#2609 = SURFACE_STYLE_USAGE ( .BOTH. , #6580 ) ;
#2610 = LINE ( 'NONE', #4924, #533 ) ;
#2611 = ORIENTED_EDGE ( 'NONE', *, *, #1441, .F. ) ;
#2612 = DIRECTION ( 'NONE',  ( 0.1666666669683717072, -0.9860132971322718154, 0.000000000000000000 ) ) ;
#2613 = FILL_AREA_STYLE ('',( #281 ) ) ;
#2614 = ORIENTED_EDGE ( 'NONE', *, *, #6287, .T. ) ;
#2615 = CIRCLE ( 'NONE', #1645, 0.1499999999999878098 ) ;
#2616 = CARTESIAN_POINT ( 'NONE',  ( 2.420000000014369768, 1.019999999999190221, 0.000000000000000000 ) ) ;
#2617 = PRESENTATION_STYLE_ASSIGNMENT (( #2775 ) ) ;
#2618 = CARTESIAN_POINT ( 'NONE',  ( -2.919903810567769931, -0.9300000000009921441, 0.000000000000000000 ) ) ;
#2619 = VECTOR ( 'NONE', #571, 1000.000000000000000 ) ;
#2620 = CIRCLE ( 'NONE', #7435, 0.1499999999999999112 ) ;
#2621 = STYLED_ITEM ( 'NONE', ( #7378 ), #6157 ) ;
#2622 = CARTESIAN_POINT ( 'NONE',  ( 3.220000000017900543, 2.199999999998340172, 0.000000000000000000 ) ) ;
#2623 = VECTOR ( 'NONE', #729, 1000.000000000000000 ) ;
#2624 = AXIS2_PLACEMENT_3D ( 'NONE', #1924, #793, #1879 ) ;
#2625 = CARTESIAN_POINT ( 'NONE',  ( -5.740000000000000213, 2.430700975200000169, 1.000000000000000000 ) ) ;
#2626 = PLANE ( 'NONE',  #3496 ) ;
#2627 = CARTESIAN_POINT ( 'NONE',  ( 3.220000000017900543, -0.9200202810956169541, 0.000000000000000000 ) ) ;
#2628 = MECHANICAL_DESIGN_GEOMETRIC_PRESENTATION_REPRESENTATION (  '', ( #3618 ), #6013 ) ;
#2629 =( GEOMETRIC_REPRESENTATION_CONTEXT ( 3 ) GLOBAL_UNCERTAINTY_ASSIGNED_CONTEXT ( ( #5449 ) ) GLOBAL_UNIT_ASSIGNED_CONTEXT ( ( #362, #2705, #3322 ) ) REPRESENTATION_CONTEXT ( 'NONE', 'WORKASPACE' ) );
#2630 = SURFACE_STYLE_USAGE ( .BOTH. , #5654 ) ;
#2631 = VERTEX_POINT ( 'NONE', #2575 ) ;
#2632 = LINE ( 'NONE', #5539, #2730 ) ;
#2633 =( LENGTH_UNIT ( ) NAMED_UNIT ( * ) SI_UNIT ( .MILLI., .METRE. ) );
#2634 = ORIENTED_EDGE ( 'NONE', *, *, #1805, .F. ) ;
#2635 = CARTESIAN_POINT ( 'NONE',  ( -2.620000000045179966, -0.2650000000006689782, 0.000000000000000000 ) ) ;
#2636 = CARTESIAN_POINT ( 'NONE',  ( -2.870000000000000107, -2.411069773055082521, 0.9766044443147514631 ) ) ;
#2637 = VERTEX_POINT ( 'NONE', #4357 ) ;
#2638 = CARTESIAN_POINT ( 'NONE',  ( -2.924903810567569984, 1.609999999999060183, 0.000000000000000000 ) ) ;
#2639 = FILL_AREA_STYLE ('',( #451 ) ) ;
#2640 = CARTESIAN_POINT ( 'NONE',  ( 3.220222332087329775, 0.9299999999988129984, 0.000000000000000000 ) ) ;
#2641 = ORIENTED_EDGE ( 'NONE', *, *, #1334, .F. ) ;
#2642 = PRESENTATION_LAYER_ASSIGNMENT (  '', '', ( #326 ) ) ;
#2643 = SURFACE_STYLE_USAGE ( .BOTH. , #3276 ) ;
#2644 = VERTEX_POINT ( 'NONE', #6654 ) ;
#2645 = CARTESIAN_POINT ( 'NONE',  ( -2.310000001215910093, -0.8549999999999049471, 0.2500000000000000000 ) ) ;
#2646 = VECTOR ( 'NONE', #7342, 1000.000000000000000 ) ;
#2647 = FILL_AREA_STYLE ('',( #4427 ) ) ;
#2648 = AXIS2_PLACEMENT_3D ( 'NONE', #998, #5581, #310 ) ;
#2649 = DIRECTION ( 'NONE',  ( 0.000000000000000000, 0.000000000000000000, -1.000000000000000000 ) ) ;
#2650 = ADVANCED_FACE ( 'NONE', ( #845 ), #6507, .F. ) ;
#2651 = EDGE_LOOP ( 'NONE', ( #974, #5136, #6721, #2151 ) ) ;
#2652 = SURFACE_SIDE_STYLE ('',( #7287 ) ) ;
#2653 = DIRECTION ( 'NONE',  ( 0.000000000000000000, 0.000000000000000000, 1.000000000000000000 ) ) ;
#2654 =( NAMED_UNIT ( * ) SI_UNIT ( $, .STERADIAN. ) SOLID_ANGLE_UNIT ( ) );
#2655 = ORIENTED_EDGE ( 'NONE', *, *, #4258, .F. ) ;
#2656 = AXIS2_PLACEMENT_3D ( 'NONE', #5969, #2560, #3679 ) ;
#2657 = LINE ( 'NONE', #324, #4672 ) ;
#2658 = CARTESIAN_POINT ( 'NONE',  ( -2.310000001215910093, -1.685000000000290044, 0.000000000000000000 ) ) ;
#2659 = VECTOR ( 'NONE', #7279, 1000.000000000000000 ) ;
#2660 = VECTOR ( 'NONE', #4680, 1000.000000000000000 ) ;
#2661 = EDGE_CURVE ( 'NONE', #2520, #2216, #2610, .T. ) ;
#2662 = DIRECTION ( 'NONE',  ( -1.000000000000000000, 5.684341886081120565E-13, 0.000000000000000000 ) ) ;
#2663 = UNCERTAINTY_MEASURE_WITH_UNIT (LENGTH_MEASURE( 1.000000000000000082E-05 ), #1014, 'distance_accuracy_value', 'NONE');
#2665 = DIRECTION ( 'NONE',  ( -1.000000000000000000, 0.000000000000000000, -3.505147955514735038E-15 ) ) ;
#2664 = SURFACE_STYLE_FILL_AREA ( #2047 ) ;
#2666 = VECTOR ( 'NONE', #4979, 1000.000000000000000 ) ;
#2667 = DIRECTION ( 'NONE',  ( 0.000000000000000000, 0.000000000000000000, 1.000000000000000000 ) ) ;
#2668 = FACE_OUTER_BOUND ( 'NONE', #7243, .T. ) ;
#2669 = FILL_AREA_STYLE_COLOUR ( '', #5982 ) ;
#2670 = UNCERTAINTY_MEASURE_WITH_UNIT (LENGTH_MEASURE( 1.000000000000000082E-05 ), #3531, 'distance_accuracy_value', 'NONE');
#2671 = AXIS2_PLACEMENT_3D ( 'NONE', #34, #6444, #7414 ) ;
#2672 = ORIENTED_EDGE ( 'NONE', *, *, #6985, .F. ) ;
#2673 = STYLED_ITEM ( 'NONE', ( #5787 ), #1607 ) ;
#2674 = CARTESIAN_POINT ( 'NONE',  ( -0.1800000000227439945, -2.477098005438509887, 0.000000000000000000 ) ) ;
#2675 = SURFACE_SIDE_STYLE ('',( #3262 ) ) ;
#2676 = ORIENTED_EDGE ( 'NONE', *, *, #3730, .F. ) ;
#2677 =( LENGTH_UNIT ( ) NAMED_UNIT ( * ) SI_UNIT ( .MILLI., .METRE. ) );
#2678 = ORIENTED_EDGE ( 'NONE', *, *, #2416, .T. ) ;
#2679 = DIRECTION ( 'NONE',  ( 1.000000000000000000, 1.455280343333739846E-11, 0.000000000000000000 ) ) ;
#2680 = MECHANICAL_DESIGN_GEOMETRIC_PRESENTATION_REPRESENTATION (  '', ( #7369 ), #838 ) ;
#2681 = FILL_AREA_STYLE_COLOUR ( '', #782 ) ;
#2682 = EDGE_CURVE ( 'NONE', #1383, #2637, #4431, .T. ) ;
#2683 = CARTESIAN_POINT ( 'NONE',  ( -3.445000000017750086, -1.619982680670329911, 0.000000000000000000 ) ) ;
#2684 = PRESENTATION_LAYER_ASSIGNMENT (  '', '', ( #1477 ) ) ;
#2685 = VERTEX_POINT ( 'NONE', #6088 ) ;
#2686 =( NAMED_UNIT ( * ) SI_UNIT ( $, .STERADIAN. ) SOLID_ANGLE_UNIT ( ) );
#2687 = ORIENTED_EDGE ( 'NONE', *, *, #2984, .F. ) ;
#2688 = CARTESIAN_POINT ( 'NONE',  ( 2.374999999997129851, -1.520000000000780060, 0.2500000000000000000 ) ) ;
#2689 = SURFACE_SIDE_STYLE ('',( #5551 ) ) ;
#2690 = CARTESIAN_POINT ( 'NONE',  ( 3.445000000018130226, -0.3500000000038029913, 0.2500000000000000000 ) ) ;
#2691 = ORIENTED_EDGE ( 'NONE', *, *, #20, .F. ) ;
#2692 = CARTESIAN_POINT ( 'NONE',  ( -0.1800000000228290098, -2.705000000001410054, 0.2500000000000000000 ) ) ;
#2693 = EDGE_CURVE ( 'NONE', #274, #2188, #886, .T. ) ;
#2694 = CARTESIAN_POINT ( 'NONE',  ( 2.355000000014429773, 2.150000000000320100, 0.2500000000000000000 ) ) ;
#2695 = EDGE_CURVE ( 'NONE', #588, #4318, #2620, .T. ) ;
#2696 = CARTESIAN_POINT ( 'NONE',  ( 3.220000000017080310, 1.619982680674300068, 0.000000000000000000 ) ) ;
#2697 = EDGE_CURVE ( 'NONE', #6455, #1979, #6723, .T. ) ;
#2698 = EDGE_LOOP ( 'NONE', ( #1126, #4809, #5431, #5876 ) ) ;
#2699 = VECTOR ( 'NONE', #971, 1000.000000000000000 ) ;
#2700 = CARTESIAN_POINT ( 'NONE',  ( -3.220000000017250397, -0.3499999999993410049, 0.2500000000000000000 ) ) ;
#2701 = VERTEX_POINT ( 'NONE', #5552 ) ;
#2702 = SURFACE_SIDE_STYLE ('',( #5562 ) ) ;
#2703 = MECHANICAL_DESIGN_GEOMETRIC_PRESENTATION_REPRESENTATION (  '', ( #1496 ), #6792 ) ;
#2704 = EDGE_CURVE ( 'NONE', #564, #5339, #932, .T. ) ;
#2705 =( NAMED_UNIT ( * ) PLANE_ANGLE_UNIT ( ) SI_UNIT ( $, .RADIAN. ) );
#2706 = DIRECTION ( 'NONE',  ( -1.000000000000000000, 8.239936510904392158E-13, 0.000000000000000000 ) ) ;
#2707 = COLOUR_RGB ( '',0.8666666666666666963, 0.8666666666666666963, 0.8666666666666666963 ) ;
#2708 = DIRECTION ( 'NONE',  ( -1.818545314333530122E-12, 1.000000000000000000, 0.000000000000000000 ) ) ;
#2709 = CARTESIAN_POINT ( 'NONE',  ( -2.789999999999469793, -2.125000000000889955, 0.2500000000000000000 ) ) ;
#2710 = FILL_AREA_STYLE_COLOUR ( '', #1302 ) ;
#2711 = ORIENTED_EDGE ( 'NONE', *, *, #1634, .T. ) ;
#2712 = DIRECTION ( 'NONE',  ( -1.836970198721029688E-16, -1.000000000000000000, 0.000000000000000000 ) ) ;
#2713 = FILL_AREA_STYLE_COLOUR ( '', #63 ) ;
#2714 = VERTEX_POINT ( 'NONE', #4965 ) ;
#2715 =( NAMED_UNIT ( * ) SI_UNIT ( $, .STERADIAN. ) SOLID_ANGLE_UNIT ( ) );
#2716 = ORIENTED_EDGE ( 'NONE', *, *, #7156, .F. ) ;
#2717 = COLOUR_RGB ( '',0.8666666666666666963, 0.8666666666666666963, 0.8666666666666666963 ) ;
#2718 = CARTESIAN_POINT ( 'NONE',  ( -2.744999999999950813, 0.4129019945693187532, 0.2500000000000000000 ) ) ;
#2719 = AXIS2_PLACEMENT_3D ( 'NONE', #5366, #4819, #169 ) ;
#2720 = CARTESIAN_POINT ( 'NONE',  ( 3.445000000012059971, -0.9200202811074189579, 0.000000000000000000 ) ) ;
#2721 = ORIENTED_EDGE ( 'NONE', *, *, #7136, .T. ) ;
#2722 = DIRECTION ( 'NONE',  ( 0.000000000000000000, 0.000000000000000000, 1.000000000000000000 ) ) ;
#2723 = ORIENTED_EDGE ( 'NONE', *, *, #2127, .T. ) ;
#2724 = SURFACE_SIDE_STYLE ('',( #1521 ) ) ;
#2725 = EDGE_CURVE ( 'NONE', #1109, #918, #5518, .T. ) ;
#2726 = CIRCLE ( 'NONE', #6337, 0.2672522260927919779 ) ;
#2727 = SURFACE_SIDE_STYLE ('',( #6798 ) ) ;
#2728 = EDGE_LOOP ( 'NONE', ( #2676, #4657, #2357, #3163 ) ) ;
#2729 = SURFACE_SIDE_STYLE ('',( #5591 ) ) ;
#2730 = VECTOR ( 'NONE', #5015, 1000.000000000000000 ) ;
#2731 = ORIENTED_EDGE ( 'NONE', *, *, #772, .F. ) ;
#2732 = ORIENTED_EDGE ( 'NONE', *, *, #5262, .T. ) ;
#2733 = FILL_AREA_STYLE_COLOUR ( '', #1745 ) ;
#2734 = VERTEX_POINT ( 'NONE', #4463 ) ;
#2735 =( GEOMETRIC_REPRESENTATION_CONTEXT ( 3 ) GLOBAL_UNCERTAINTY_ASSIGNED_CONTEXT ( ( #6214 ) ) GLOBAL_UNIT_ASSIGNED_CONTEXT ( ( #6432, #2537, #6581 ) ) REPRESENTATION_CONTEXT ( 'NONE', 'WORKASPACE' ) );
#2736 = UNCERTAINTY_MEASURE_WITH_UNIT (LENGTH_MEASURE( 1.000000000000000082E-05 ), #3804, 'distance_accuracy_value', 'NONE');
#2737 = CARTESIAN_POINT ( 'NONE',  ( -3.445000000017650166, -0.3500000000025230151, 0.000000000000000000 ) ) ;
#2738 = CARTESIAN_POINT ( 'NONE',  ( 2.570000000014099673, 1.535000000000749987, 0.2500000000000000000 ) ) ;
#2739 = MECHANICAL_DESIGN_GEOMETRIC_PRESENTATION_REPRESENTATION (  '', ( #3606 ), #777 ) ;
#2740 = STYLED_ITEM ( 'NONE', ( #24 ), #2450 ) ;
#2741 = VECTOR ( 'NONE', #3401, 1000.000000000000000 ) ;
#2742 = EDGE_CURVE ( 'NONE', #5822, #1720, #3731, .T. ) ;
#2744 = PRESENTATION_LAYER_ASSIGNMENT (  '', '', ( #6010 ) ) ;
#2743 = STYLED_ITEM ( 'NONE', ( #202 ), #2967 ) ;
#2745 = UNCERTAINTY_MEASURE_WITH_UNIT (LENGTH_MEASURE( 1.000000000000000082E-05 ), #4434, 'distance_accuracy_value', 'NONE');
#2746 = PRESENTATION_LAYER_ASSIGNMENT (  '', '', ( #4209 ) ) ;
#2747 = EDGE_CURVE ( 'NONE', #6195, #3066, #1522, .T. ) ;
#2748 = ORIENTED_EDGE ( 'NONE', *, *, #1441, .T. ) ;
#2749 = LINE ( 'NONE', #2131, #6964 ) ;
#2750 = STYLED_ITEM ( 'NONE', ( #5493 ), #6260 ) ;
#2751 = PRESENTATION_STYLE_ASSIGNMENT (( #6150 ) ) ;
#2752 = LINE ( 'NONE', #2831, #863 ) ;
#2753 = STYLED_ITEM ( 'NONE', ( #3981 ), #861 ) ;
#2754 = FILL_AREA_STYLE_COLOUR ( '', #216 ) ;
#2755 = ORIENTED_EDGE ( 'NONE', *, *, #7033, .F. ) ;
#2756 = FACE_OUTER_BOUND ( 'NONE', #4527, .T. ) ;
#2757 = AXIS2_PLACEMENT_3D ( 'NONE', #2994, #3925, #6630 ) ;
#2758 = EDGE_CURVE ( 'NONE', #6343, #4450, #6848, .T. ) ;
#2759 = DIRECTION ( 'NONE',  ( 0.1710878698296528500, 0.1710878698296498801, -0.9702875252183263965 ) ) ;
#2760 = FACE_OUTER_BOUND ( 'NONE', #6086, .T. ) ;
#2761 = ORIENTED_EDGE ( 'NONE', *, *, #1793, .T. ) ;
#2762 = DIRECTION ( 'NONE',  ( 2.368475785599890213E-13, 1.000000000000000000, 0.000000000000000000 ) ) ;
#2763 = FACE_OUTER_BOUND ( 'NONE', #192, .T. ) ;
#2764 = ORIENTED_EDGE ( 'NONE', *, *, #4141, .T. ) ;
#2765 = DIRECTION ( 'NONE',  ( 1.000000000000000000, 1.421043037882229849E-12, 0.000000000000000000 ) ) ;
#2766 = COLOUR_RGB ( '',0.8666666666666666963, 0.8666666666666666963, 0.8666666666666666963 ) ;
#2767 = FILL_AREA_STYLE ('',( #3003 ) ) ;
#2768 = DIRECTION ( 'NONE',  ( 0.000000000000000000, 0.000000000000000000, 1.000000000000000000 ) ) ;
#2769 = ORIENTED_EDGE ( 'NONE', *, *, #6761, .T. ) ;
#2770 = DIRECTION ( 'NONE',  ( 1.000000000000000000, 0.000000000000000000, 0.000000000000000000 ) ) ;
#2771 = DIRECTION ( 'NONE',  ( -0.000000000000000000, 1.000000000000000000, 0.000000000000000000 ) ) ;
#2772 = VERTEX_POINT ( 'NONE', #6200 ) ;
#2773 = ORIENTED_EDGE ( 'NONE', *, *, #7156, .T. ) ;
#2774 = ORIENTED_EDGE ( 'NONE', *, *, #442, .T. ) ;
#2775 = SURFACE_STYLE_USAGE ( .BOTH. , #5641 ) ;
#2776 = VECTOR ( 'NONE', #6016, 1000.000000000000000 ) ;
#2777 = FACE_OUTER_BOUND ( 'NONE', #1279, .T. ) ;
#2778 =( LENGTH_UNIT ( ) NAMED_UNIT ( * ) SI_UNIT ( .MILLI., .METRE. ) );
#2779 = VECTOR ( 'NONE', #1810, 1000.000000000000000 ) ;
#2780 = MECHANICAL_DESIGN_GEOMETRIC_PRESENTATION_REPRESENTATION (  '', ( #2162 ), #1083 ) ;
#2781 =( NAMED_UNIT ( * ) PLANE_ANGLE_UNIT ( ) SI_UNIT ( $, .RADIAN. ) );
#2782 = ADVANCED_FACE ( 'NONE', ( #7248 ), #966, .T. ) ;
#2783 =( GEOMETRIC_REPRESENTATION_CONTEXT ( 3 ) GLOBAL_UNCERTAINTY_ASSIGNED_CONTEXT ( ( #7047 ) ) GLOBAL_UNIT_ASSIGNED_CONTEXT ( ( #147, #2587, #787 ) ) REPRESENTATION_CONTEXT ( 'NONE', 'WORKASPACE' ) );
#2784 = EDGE_CURVE ( 'NONE', #1610, #3653, #7307, .T. ) ;
#2785 = DIRECTION ( 'NONE',  ( 0.000000000000000000, 0.000000000000000000, 1.000000000000000000 ) ) ;
#2786 = ADVANCED_FACE ( 'NONE', ( #5588 ), #6936, .T. ) ;
#2787 = SURFACE_STYLE_FILL_AREA ( #554 ) ;
#2788 = SURFACE_STYLE_USAGE ( .BOTH. , #2675 ) ;
#2789 = ORIENTED_EDGE ( 'NONE', *, *, #1502, .F. ) ;
#2790 = CARTESIAN_POINT ( 'NONE',  ( 2.790000000000339764, 0.4150000000004410161, 0.2500000000000000000 ) ) ;
#2791 = VERTEX_POINT ( 'NONE', #1922 ) ;
#2792 = PRESENTATION_LAYER_ASSIGNMENT (  '', '', ( #6412 ) ) ;
#2793 = EDGE_CURVE ( 'NONE', #1086, #2453, #5306, .T. ) ;
#2794 = CARTESIAN_POINT ( 'NONE',  ( -0.5800000000228350272, 2.477098005438280293, 0.000000000000000000 ) ) ;
#2795 = ADVANCED_FACE ( 'NONE', ( #4729 ), #6974, .T. ) ;
#2796 =( GEOMETRIC_REPRESENTATION_CONTEXT ( 3 ) GLOBAL_UNCERTAINTY_ASSIGNED_CONTEXT ( ( #6663 ) ) GLOBAL_UNIT_ASSIGNED_CONTEXT ( ( #4699, #682, #47 ) ) REPRESENTATION_CONTEXT ( 'NONE', 'WORKASPACE' ) );
#2797 = CIRCLE ( 'NONE', #4369, 0.1499999999999418188 ) ;
#2798 =( LENGTH_UNIT ( ) NAMED_UNIT ( * ) SI_UNIT ( .MILLI., .METRE. ) );
#2799 = DIRECTION ( 'NONE',  ( 0.000000000000000000, 0.000000000000000000, 1.000000000000000000 ) ) ;
#2800 = ORIENTED_EDGE ( 'NONE', *, *, #5628, .F. ) ;
#2801 = DIRECTION ( 'NONE',  ( 0.000000000000000000, 0.000000000000000000, -1.000000000000000000 ) ) ;
#2802 = ORIENTED_EDGE ( 'NONE', *, *, #1912, .T. ) ;
#2803 = SURFACE_SIDE_STYLE ('',( #6312 ) ) ;
#2804 = AXIS2_PLACEMENT_3D ( 'NONE', #4976, #7264, #2228 ) ;
#2805 = SURFACE_SIDE_STYLE ('',( #1700 ) ) ;
#2806 = CARTESIAN_POINT ( 'NONE',  ( 2.374999999997129851, 1.019999999999190221, 0.000000000000000000 ) ) ;
#2807 = ORIENTED_EDGE ( 'NONE', *, *, #4280, .T. ) ;
#2808 = DIRECTION ( 'NONE',  ( 0.000000000000000000, 0.000000000000000000, 1.000000000000000000 ) ) ;
#2809 = ADVANCED_FACE ( 'NONE', ( #746 ), #75, .F. ) ;
#2810 = CARTESIAN_POINT ( 'NONE',  ( -2.620000000045079602, 1.534999999999509868, 0.2500000000000000000 ) ) ;
#2811 = CARTESIAN_POINT ( 'NONE',  ( 2.610271787389519815, 2.212499999999999911, 0.9173648177754361033 ) ) ;
#2812 = ORIENTED_EDGE ( 'NONE', *, *, #5580, .F. ) ;
#2813 = EDGE_LOOP ( 'NONE', ( #7169, #6113, #5252, #4078 ) ) ;
#2814 =( NAMED_UNIT ( * ) SI_UNIT ( $, .STERADIAN. ) SOLID_ANGLE_UNIT ( ) );
#2815 = PRESENTATION_STYLE_ASSIGNMENT (( #19 ) ) ;
#2816 = ORIENTED_EDGE ( 'NONE', *, *, #5262, .F. ) ;
#2817 = AXIS2_PLACEMENT_3D ( 'NONE', #6499, #4207, #2527 ) ;
#2818 = FILL_AREA_STYLE_COLOUR ( '', #7315 ) ;
#2819 = UNCERTAINTY_MEASURE_WITH_UNIT (LENGTH_MEASURE( 1.000000000000000082E-05 ), #2970, 'distance_accuracy_value', 'NONE');
#2820 = DIRECTION ( 'NONE',  ( 0.7071067811850400009, 0.7071067811880550336, 0.000000000000000000 ) ) ;
#2821 =( NAMED_UNIT ( * ) SI_UNIT ( $, .STERADIAN. ) SOLID_ANGLE_UNIT ( ) );
#2822 = FACE_OUTER_BOUND ( 'NONE', #3957, .T. ) ;
#2823 = MECHANICAL_DESIGN_GEOMETRIC_PRESENTATION_REPRESENTATION (  '', ( #6314 ), #3549 ) ;
#2824 = COLOUR_RGB ( '',0.3294117647058823484, 0.3294117647058823484, 0.3294117647058823484 ) ;
#2825 = ADVANCED_FACE ( 'NONE', ( #1263 ), #12, .F. ) ;
#2826 = UNCERTAINTY_MEASURE_WITH_UNIT (LENGTH_MEASURE( 1.000000000000000082E-05 ), #4548, 'distance_accuracy_value', 'NONE');
#2827 = PRESENTATION_LAYER_ASSIGNMENT (  '', '', ( #257 ) ) ;
#2828 =( LENGTH_UNIT ( ) NAMED_UNIT ( * ) SI_UNIT ( .MILLI., .METRE. ) );
#2829 = PLANE ( 'NONE',  #3631 ) ;
#2830 =( LENGTH_UNIT ( ) NAMED_UNIT ( * ) SI_UNIT ( .MILLI., .METRE. ) );
#2831 = CARTESIAN_POINT ( 'NONE',  ( -0.08000000002280670264, -2.225000000000249667, 0.2500000000000000000 ) ) ;
#2832 =( NAMED_UNIT ( * ) SI_UNIT ( $, .STERADIAN. ) SOLID_ANGLE_UNIT ( ) );
#2833 = CARTESIAN_POINT ( 'NONE',  ( -3.220221562247350011, 1.609999999999500053, 0.000000000000000000 ) ) ;
#2834 = VECTOR ( 'NONE', #5322, 1000.000000000000000 ) ;
#2835 = EDGE_LOOP ( 'NONE', ( #1770, #2869, #5599, #7049 ) ) ;
#2836 =( LENGTH_UNIT ( ) NAMED_UNIT ( * ) SI_UNIT ( .MILLI., .METRE. ) );
#2837 = STYLED_ITEM ( 'NONE', ( #4825 ), #3578 ) ;
#2838 = EDGE_CURVE ( 'NONE', #4098, #3223, #2337, .T. ) ;
#2839 =( NAMED_UNIT ( * ) PLANE_ANGLE_UNIT ( ) SI_UNIT ( $, .RADIAN. ) );
#2840 =( NAMED_UNIT ( * ) SI_UNIT ( $, .STERADIAN. ) SOLID_ANGLE_UNIT ( ) );
#2841 = ORIENTED_EDGE ( 'NONE', *, *, #5660, .F. ) ;
#2842 = FACE_OUTER_BOUND ( 'NONE', #5141, .T. ) ;
#2843 = ORIENTED_EDGE ( 'NONE', *, *, #78, .F. ) ;
#2844 = CARTESIAN_POINT ( 'NONE',  ( -2.511791012089830133, 2.346791012089839867, 1.000000000000000000 ) ) ;
#2845 = FILL_AREA_STYLE ('',( #494 ) ) ;
#2846 = SURFACE_SIDE_STYLE ('',( #6238 ) ) ;
#2847 = STYLED_ITEM ( 'NONE', ( #2040 ), #6846 ) ;
#2848 = ORIENTED_EDGE ( 'NONE', *, *, #6072, .T. ) ;
#2849 = SURFACE_STYLE_USAGE ( .BOTH. , #94 ) ;
#2850 = ORIENTED_EDGE ( 'NONE', *, *, #2315, .T. ) ;
#2851 = ADVANCED_FACE ( 'NONE', ( #6316 ), #1087, .F. ) ;
#2852 = ORIENTED_EDGE ( 'NONE', *, *, #5021, .T. ) ;
#2853 = CARTESIAN_POINT ( 'NONE',  ( -2.620000000045179966, -0.2650000000006679790, 0.000000000000000000 ) ) ;
#2854 = VECTOR ( 'NONE', #4779, 1000.000000000000000 ) ;
#2855 = ORIENTED_EDGE ( 'NONE', *, *, #4932, .F. ) ;
#2856 = CARTESIAN_POINT ( 'NONE',  ( -2.739999999999999769, 4.424999999999999822, 0.02000000000000000042 ) ) ;
#2857 = PRESENTATION_LAYER_ASSIGNMENT (  '', '', ( #6098 ) ) ;
#2858 = FACE_OUTER_BOUND ( 'NONE', #1423, .T. ) ;
#2859 = VECTOR ( 'NONE', #6691, 1000.000000000000000 ) ;
#2860 = VECTOR ( 'NONE', #251, 1000.000000000000000 ) ;
#2861 = STYLED_ITEM ( 'NONE', ( #6552 ), #4880 ) ;
#2862 = PLANE ( 'NONE',  #31 ) ;
#2863 = LINE ( 'NONE', #1714, #3840 ) ;
#2864 = VECTOR ( 'NONE', #2136, 1000.000000000000000 ) ;
#2865 =( LENGTH_UNIT ( ) NAMED_UNIT ( * ) SI_UNIT ( .MILLI., .METRE. ) );
#2866 =( GEOMETRIC_REPRESENTATION_CONTEXT ( 3 ) GLOBAL_UNCERTAINTY_ASSIGNED_CONTEXT ( ( #6441 ) ) GLOBAL_UNIT_ASSIGNED_CONTEXT ( ( #4997, #5064, #2906 ) ) REPRESENTATION_CONTEXT ( 'NONE', 'WORKASPACE' ) );
#2867 = AXIS2_PLACEMENT_3D ( 'NONE', #4626, #1829, #4713 ) ;
#2868 = PRESENTATION_STYLE_ASSIGNMENT (( #5734 ) ) ;
#2869 = ORIENTED_EDGE ( 'NONE', *, *, #2461, .T. ) ;
#2870 = DIRECTION ( 'NONE',  ( 0.000000000000000000, 0.000000000000000000, 1.000000000000000000 ) ) ;
#2871 = DIRECTION ( 'NONE',  ( 0.000000000000000000, 0.000000000000000000, 1.000000000000000000 ) ) ;
#2872 = CIRCLE ( 'NONE', #539, 0.1499999999999999112 ) ;
#2873 = MECHANICAL_DESIGN_GEOMETRIC_PRESENTATION_REPRESENTATION (  '', ( #2011 ), #6251 ) ;
#2874 = DIRECTION ( 'NONE',  ( 0.000000000000000000, 0.000000000000000000, 1.000000000000000000 ) ) ;
#2875 = DIRECTION ( 'NONE',  ( 0.000000000000000000, 0.000000000000000000, -1.000000000000000000 ) ) ;
#2876 = VERTEX_POINT ( 'NONE', #1703 ) ;
#2877 = FACE_OUTER_BOUND ( 'NONE', #3381, .T. ) ;
#2878 = CARTESIAN_POINT ( 'NONE',  ( 2.374999999997129851, 0.2499999999992039701, 0.000000000000000000 ) ) ;
#2879 = ORIENTED_EDGE ( 'NONE', *, *, #3493, .F. ) ;
#2880 =( NAMED_UNIT ( * ) PLANE_ANGLE_UNIT ( ) SI_UNIT ( $, .RADIAN. ) );
#2881 = FILL_AREA_STYLE_COLOUR ( '', #4664 ) ;
#2882 = AXIS2_PLACEMENT_3D ( 'NONE', #6527, #4305, #1952 ) ;
#2883 = ORIENTED_EDGE ( 'NONE', *, *, #5402, .T. ) ;
#2884 = DIRECTION ( 'NONE',  ( -1.836970198721029688E-16, -1.000000000000000000, -5.777789833161709749E-32 ) ) ;
#2885 = ORIENTED_EDGE ( 'NONE', *, *, #532, .F. ) ;
#2886 = EDGE_LOOP ( 'NONE', ( #2371, #1012, #298, #3349 ) ) ;
#2887 = LINE ( 'NONE', #857, #5323 ) ;
#2888 = SURFACE_STYLE_USAGE ( .BOTH. , #2304 ) ;
#2889 = VERTEX_POINT ( 'NONE', #5789 ) ;
#2890 = FACE_OUTER_BOUND ( 'NONE', #5504, .T. ) ;
#2891 = EDGE_CURVE ( 'NONE', #5170, #54, #4062, .T. ) ;
#2892 = CARTESIAN_POINT ( 'NONE',  ( 3.220000000017080310, -1.619982680672249931, 0.000000000000000000 ) ) ;
#2893 = LINE ( 'NONE', #4109, #868 ) ;
#2894 = FILL_AREA_STYLE_COLOUR ( '', #3332 ) ;
#2895 = FACE_OUTER_BOUND ( 'NONE', #6267, .T. ) ;
#2896 =( GEOMETRIC_REPRESENTATION_CONTEXT ( 3 ) GLOBAL_UNCERTAINTY_ASSIGNED_CONTEXT ( ( #1462 ) ) GLOBAL_UNIT_ASSIGNED_CONTEXT ( ( #5160, #671, #4677 ) ) REPRESENTATION_CONTEXT ( 'NONE', 'WORKASPACE' ) );
#2897 = LINE ( 'NONE', #2312, #7176 ) ;
#2898 = MECHANICAL_DESIGN_GEOMETRIC_PRESENTATION_REPRESENTATION (  '', ( #5669 ), #4946 ) ;
#2899 = EDGE_CURVE ( 'NONE', #195, #5716, #1164, .T. ) ;
#2900 = DIRECTION ( 'NONE',  ( 5.507747036240170140E-12, 1.000000000000000000, 0.000000000000000000 ) ) ;
#2901 = UNCERTAINTY_MEASURE_WITH_UNIT (LENGTH_MEASURE( 1.000000000000000082E-05 ), #3075, 'distance_accuracy_value', 'NONE');
#2902 = AXIS2_PLACEMENT_3D ( 'NONE', #6802, #352, #2770 ) ;
#2903 = DIRECTION ( 'NONE',  ( -3.474679658982749680E-13, -1.000000000000000000, 0.000000000000000000 ) ) ;
#2904 =( NAMED_UNIT ( * ) PLANE_ANGLE_UNIT ( ) SI_UNIT ( $, .RADIAN. ) );
#2905 = SURFACE_STYLE_FILL_AREA ( #5777 ) ;
#2906 =( NAMED_UNIT ( * ) SI_UNIT ( $, .STERADIAN. ) SOLID_ANGLE_UNIT ( ) );
#2907 =( GEOMETRIC_REPRESENTATION_CONTEXT ( 3 ) GLOBAL_UNCERTAINTY_ASSIGNED_CONTEXT ( ( #2356 ) ) GLOBAL_UNIT_ASSIGNED_CONTEXT ( ( #2677, #2091, #2832 ) ) REPRESENTATION_CONTEXT ( 'NONE', 'WORKASPACE' ) );
#2908 = DIRECTION ( 'NONE',  ( 0.000000000000000000, 0.000000000000000000, 1.000000000000000000 ) ) ;
#2909 = CARTESIAN_POINT ( 'NONE',  ( 2.570000000014279529, -0.4150000000002140310, 0.000000000000000000 ) ) ;
#2910 = ORIENTED_EDGE ( 'NONE', *, *, #6029, .T. ) ;
#2911 =( LENGTH_UNIT ( ) NAMED_UNIT ( * ) SI_UNIT ( .MILLI., .METRE. ) );
#2912 = DIRECTION ( 'NONE',  ( -0.9990158634952845951, -0.04435430627087891958, 0.000000000000000000 ) ) ;
#2913 = ORIENTED_EDGE ( 'NONE', *, *, #584, .F. ) ;
#2914 = PLANE ( 'NONE',  #6938 ) ;
#2915 =( NAMED_UNIT ( * ) SI_UNIT ( $, .STERADIAN. ) SOLID_ANGLE_UNIT ( ) );
#2916 = EDGE_CURVE ( 'NONE', #1885, #3069, #3425, .T. ) ;
#2917 = VECTOR ( 'NONE', #3333, 1000.000000000000000 ) ;
#2918 = ORIENTED_EDGE ( 'NONE', *, *, #3714, .F. ) ;
#2919 = SURFACE_STYLE_FILL_AREA ( #5137 ) ;
#2920 = FILL_AREA_STYLE_COLOUR ( '', #6674 ) ;
#2921 = ORIENTED_EDGE ( 'NONE', *, *, #1691, .F. ) ;
#2922 = ORIENTED_EDGE ( 'NONE', *, *, #1011, .F. ) ;
#2923 = LINE ( 'NONE', #5941, #353 ) ;
#2924 = VERTEX_POINT ( 'NONE', #604 ) ;
#2925 = DIRECTION ( 'NONE',  ( 1.000000000000000000, 1.454836254096609949E-11, 0.000000000000000000 ) ) ;
#2926 = AXIS2_PLACEMENT_3D ( 'NONE', #6631, #2048, #2665 ) ;
#2927 = ADVANCED_FACE ( 'NONE', ( #3459 ), #498, .F. ) ;
#2928 = CARTESIAN_POINT ( 'NONE',  ( 2.606146519691234786, -2.441146519691232530, 0.9407603734616247770 ) ) ;
#2929 = LINE ( 'NONE', #1749, #1006 ) ;
#2930 =( GEOMETRIC_REPRESENTATION_CONTEXT ( 3 ) GLOBAL_UNCERTAINTY_ASSIGNED_CONTEXT ( ( #1451 ) ) GLOBAL_UNIT_ASSIGNED_CONTEXT ( ( #2142, #3878, #7353 ) ) REPRESENTATION_CONTEXT ( 'NONE', 'WORKASPACE' ) );
#2931 = CARTESIAN_POINT ( 'NONE',  ( -0.1800000000227439945, 2.477098005438280293, 0.2500000000000000000 ) ) ;
#2932 = DIRECTION ( 'NONE',  ( 0.000000000000000000, 0.000000000000000000, -1.000000000000000000 ) ) ;
#2933 = EDGE_CURVE ( 'NONE', #7465, #6566, #3249, .T. ) ;
#2934 = FACE_OUTER_BOUND ( 'NONE', #2964, .T. ) ;
#2935 = ORIENTED_EDGE ( 'NONE', *, *, #4045, .T. ) ;
#2936 = PRESENTATION_STYLE_ASSIGNMENT (( #4044 ) ) ;
#2937 = CARTESIAN_POINT ( 'NONE',  ( 2.420000000014369768, -1.020000000000760076, 0.000000000000000000 ) ) ;
#2938 = COLOUR_RGB ( '',0.8666666666666666963, 0.8666666666666666963, 0.8666666666666666963 ) ;
#2939 =( NAMED_UNIT ( * ) PLANE_ANGLE_UNIT ( ) SI_UNIT ( $, .RADIAN. ) );
#2940 =( NAMED_UNIT ( * ) PLANE_ANGLE_UNIT ( ) SI_UNIT ( $, .RADIAN. ) );
#2941 =( LENGTH_UNIT ( ) NAMED_UNIT ( * ) SI_UNIT ( .MILLI., .METRE. ) );
#2942 = CARTESIAN_POINT ( 'NONE',  ( -3.220221430730760392, 0.3399999999992359689, 0.000000000000000000 ) ) ;
#2943 = DIRECTION ( 'NONE',  ( 4.365720747913147846E-12, -1.000000000000000000, 0.000000000000000000 ) ) ;
#2944 = DIRECTION ( 'NONE',  ( -1.000000000000000000, -1.818545314333530122E-12, 0.000000000000000000 ) ) ;
#2945 = DIRECTION ( 'NONE',  ( 1.593054392101948526E-12, 1.000000000000000000, 0.000000000000000000 ) ) ;
#2946 = ORIENTED_EDGE ( 'NONE', *, *, #6999, .F. ) ;
#2947 = CARTESIAN_POINT ( 'NONE',  ( -0.6800000000228580976, 2.225000000000000089, 0.000000000000000000 ) ) ;
#2948 = FILL_AREA_STYLE_COLOUR ( '', #7142 ) ;
#2949 = ORIENTED_EDGE ( 'NONE', *, *, #5420, .F. ) ;
#2950 = LINE ( 'NONE', #1237, #1339 ) ;
#2951 = DIRECTION ( 'NONE',  ( 0.000000000000000000, 0.000000000000000000, 1.000000000000000000 ) ) ;
#2952 = AXIS2_PLACEMENT_3D ( 'NONE', #7403, #3399, #2662 ) ;
#2953 = PRESENTATION_STYLE_ASSIGNMENT (( #1358 ) ) ;
#2954 =( NAMED_UNIT ( * ) PLANE_ANGLE_UNIT ( ) SI_UNIT ( $, .RADIAN. ) );
#2955 = CARTESIAN_POINT ( 'NONE',  ( -2.795000000000000373, 1.004999999999130145, 0.2500000000000000000 ) ) ;
#2956 = CARTESIAN_POINT ( 'NONE',  ( -1.850000000000000089, 1.550000000000000044, 0.9979999999999999982 ) ) ;
#2957 = ORIENTED_EDGE ( 'NONE', *, *, #3823, .T. ) ;
#2958 = EDGE_LOOP ( 'NONE', ( #3754, #1032, #6941, #4720, #3094, #7478, #5584, #3942, #3721 ) ) ;
#2959 = FACE_OUTER_BOUND ( 'NONE', #267, .T. ) ;
#2960 = CARTESIAN_POINT ( 'NONE',  ( -0.08000000002280670264, -2.225000000000249667, 0.2500000000000000000 ) ) ;
#2961 = CARTESIAN_POINT ( 'NONE',  ( 2.420000000014369768, 1.535000000000879883, 0.000000000000000000 ) ) ;
#2962 = DIRECTION ( 'NONE',  ( 0.000000000000000000, 1.000000000000000000, 0.000000000000000000 ) ) ;
#2963 = EDGE_CURVE ( 'NONE', #1695, #3314, #4811, .T. ) ;
#2964 = EDGE_LOOP ( 'NONE', ( #4581, #4733, #392, #4602 ) ) ;
#2965 = SURFACE_STYLE_USAGE ( .BOTH. , #6918 ) ;
#2966 = PRESENTATION_LAYER_ASSIGNMENT (  '', '', ( #6693 ) ) ;
#2967 = MANIFOLD_SOLID_BREP ( 'infineon-pg-tdson-8-33-3d-01-stp-package-en.stp<1>[3]', #5471 ) ;
#2968 = CARTESIAN_POINT ( 'NONE',  ( 2.374999999997129851, -0.2500000000007960299, 0.2500000000000000000 ) ) ;
#2969 = PRODUCT_DEFINITION_CONTEXT ( 'detailed design', #6556, 'design' ) ;
#2970 =( LENGTH_UNIT ( ) NAMED_UNIT ( * ) SI_UNIT ( .MILLI., .METRE. ) );
#2971 = AXIS2_PLACEMENT_3D ( 'NONE', #636, #4728, #6634 ) ;
#2972 = CARTESIAN_POINT ( 'NONE',  ( -0.5800000000228350272, 2.477098005438280293, 0.000000000000000000 ) ) ;
#2973 =( GEOMETRIC_REPRESENTATION_CONTEXT ( 3 ) GLOBAL_UNCERTAINTY_ASSIGNED_CONTEXT ( ( #1599 ) ) GLOBAL_UNIT_ASSIGNED_CONTEXT ( ( #7098, #5932, #4700 ) ) REPRESENTATION_CONTEXT ( 'NONE', 'WORKASPACE' ) );
#2974 = CIRCLE ( 'NONE', #6105, 0.2672522260927919779 ) ;
#2975 = SURFACE_STYLE_FILL_AREA ( #5338 ) ;
#2976 = UNCERTAINTY_MEASURE_WITH_UNIT (LENGTH_MEASURE( 1.000000000000000082E-05 ), #3913, 'distance_accuracy_value', 'NONE');
#2977 = ORIENTED_EDGE ( 'NONE', *, *, #4366, .T. ) ;
#2978 = DIRECTION ( 'NONE',  ( -0.9990158634952845951, -0.04435430627087891958, 0.000000000000000000 ) ) ;
#2979 =( NAMED_UNIT ( * ) SI_UNIT ( $, .STERADIAN. ) SOLID_ANGLE_UNIT ( ) );
#2980 =( LENGTH_UNIT ( ) NAMED_UNIT ( * ) SI_UNIT ( .MILLI., .METRE. ) );
#2981 = CARTESIAN_POINT ( 'NONE',  ( 3.220000000017710029, 0.3499797189057289870, 0.000000000000000000 ) ) ;
#2982 = PRESENTATION_LAYER_ASSIGNMENT (  '', '', ( #6349 ) ) ;
#2983 = SURFACE_SIDE_STYLE ('',( #2905 ) ) ;
#2984 = EDGE_CURVE ( 'NONE', #1554, #6309, #3485, .T. ) ;
#2985 = EDGE_CURVE ( 'NONE', #4966, #933, #5286, .T. ) ;
#2986 = PRESENTATION_LAYER_ASSIGNMENT (  '', '', ( #6598 ) ) ;
#2987 = DIRECTION ( 'NONE',  ( -1.421043037882229849E-12, 1.000000000000000000, 0.000000000000000000 ) ) ;
#2988 = FACE_BOUND ( 'NONE', #6132, .T. ) ;
#2989 = FACE_OUTER_BOUND ( 'NONE', #4247, .T. ) ;
#2990 = ORIENTED_EDGE ( 'NONE', *, *, #309, .F. ) ;
#2991 = SURFACE_SIDE_STYLE ('',( #6980 ) ) ;
#2992 = SURFACE_STYLE_FILL_AREA ( #4093 ) ;
#2993 = ORIENTED_EDGE ( 'NONE', *, *, #6579, .F. ) ;
#2994 = CARTESIAN_POINT ( 'NONE',  ( -2.789999999999789981, -2.275000000000889866, 0.000000000000000000 ) ) ;
#2995 = SURFACE_SIDE_STYLE ('',( #4848 ) ) ;
#2996 = COLOUR_RGB ( '',0.8666666666666666963, 0.8666666666666666963, 0.8666666666666666963 ) ;
#2997 = AXIS2_PLACEMENT_3D ( 'NONE', #351, #2649, #6734 ) ;
#2998 = VECTOR ( 'NONE', #5078, 1000.000000000000000 ) ;
#2999 = MECHANICAL_DESIGN_GEOMETRIC_PRESENTATION_REPRESENTATION (  '', ( #6003 ), #4682 ) ;
#3000 = EDGE_CURVE ( 'NONE', #1668, #3453, #689, .T. ) ;
#3001 = SURFACE_STYLE_FILL_AREA ( #5754 ) ;
#3002 = VECTOR ( 'NONE', #3131, 1000.000000000000000 ) ;
#3003 = FILL_AREA_STYLE_COLOUR ( '', #2323 ) ;
#3004 = ORIENTED_EDGE ( 'NONE', *, *, #1691, .T. ) ;
#3005 = ORIENTED_EDGE ( 'NONE', *, *, #349, .T. ) ;
#3006 = DIRECTION ( 'NONE',  ( 1.000000000000000000, 1.900169508679719798E-13, 0.000000000000000000 ) ) ;
#3007 = CARTESIAN_POINT ( 'NONE',  ( -2.919903810566869762, -2.199999999999870059, 0.2500000000000000000 ) ) ;
#3008 = PLANE ( 'NONE',  #2719 ) ;
#3009 = DIRECTION ( 'NONE',  ( -1.000000000000000000, 0.000000000000000000, 0.000000000000000000 ) ) ;
#3010 = PRESENTATION_STYLE_ASSIGNMENT (( #170 ) ) ;
#3011 = FILL_AREA_STYLE ('',( #4400 ) ) ;
#3012 = CARTESIAN_POINT ( 'NONE',  ( -1.850000000000000089, 1.550000000000000044, 1.000000000000000000 ) ) ;
#3013 = SURFACE_STYLE_USAGE ( .BOTH. , #1254 ) ;
#3014 = CARTESIAN_POINT ( 'NONE',  ( 2.420000000014369768, -1.520000000000780060, 0.2500000000000000000 ) ) ;
#3015 = CARTESIAN_POINT ( 'NONE',  ( 2.374999999997129851, -1.020000000000780060, 0.000000000000000000 ) ) ;
#3016 = VECTOR ( 'NONE', #290, 1000.000000000000000 ) ;
#3017 = ORIENTED_EDGE ( 'NONE', *, *, #3025, .F. ) ;
#3018 = SURFACE_SIDE_STYLE ('',( #1376 ) ) ;
#3019 = PLANE ( 'NONE',  #3860 ) ;
#3020 = FILL_AREA_STYLE ('',( #6410 ) ) ;
#3021 = VECTOR ( 'NONE', #1153, 1000.000000000000000 ) ;
#3022 = SURFACE_STYLE_FILL_AREA ( #1844 ) ;
#3023 = ADVANCED_FACE ( 'NONE', ( #1277 ), #3724, .T. ) ;
#3024 = EDGE_CURVE ( 'NONE', #1811, #7469, #4315, .T. ) ;
#3025 = EDGE_CURVE ( 'NONE', #3069, #3412, #1780, .T. ) ;
#3026 = FILL_AREA_STYLE_COLOUR ( '', #424 ) ;
#3027 = ORIENTED_EDGE ( 'NONE', *, *, #7374, .T. ) ;
#3028 =( NAMED_UNIT ( * ) SI_UNIT ( $, .STERADIAN. ) SOLID_ANGLE_UNIT ( ) );
#3029 = EDGE_CURVE ( 'NONE', #3614, #5397, #3838, .T. ) ;
#3030 = FILL_AREA_STYLE_COLOUR ( '', #2433 ) ;
#3031 = ORIENTED_EDGE ( 'NONE', *, *, #2177, .F. ) ;
#3032 =( LENGTH_UNIT ( ) NAMED_UNIT ( * ) SI_UNIT ( .MILLI., .METRE. ) );
#3033 = SURFACE_SIDE_STYLE ('',( #5399 ) ) ;
#3034 =( GEOMETRIC_REPRESENTATION_CONTEXT ( 3 ) GLOBAL_UNCERTAINTY_ASSIGNED_CONTEXT ( ( #1923 ) ) GLOBAL_UNIT_ASSIGNED_CONTEXT ( ( #311, #3196, #3273 ) ) REPRESENTATION_CONTEXT ( 'NONE', 'WORKASPACE' ) );
#3035 = VECTOR ( 'NONE', #3099, 1000.000000000000000 ) ;
#3036 = EDGE_CURVE ( 'NONE', #3236, #7029, #3270, .T. ) ;
#3037 = DIRECTION ( 'NONE',  ( -0.8660254037822180395, -0.5000000000038463677, 0.000000000000000000 ) ) ;
#3038 = PLANE ( 'NONE',  #5425 ) ;
#3039 = EDGE_LOOP ( 'NONE', ( #1732, #21, #5571, #4275 ) ) ;
#3040 = MECHANICAL_DESIGN_GEOMETRIC_PRESENTATION_REPRESENTATION (  '', ( #6645 ), #7237 ) ;
#3041 = ORIENTED_EDGE ( 'NONE', *, *, #3062, .T. ) ;
#3042 =( NAMED_UNIT ( * ) SI_UNIT ( $, .STERADIAN. ) SOLID_ANGLE_UNIT ( ) );
#3043 = DIRECTION ( 'NONE',  ( -0.9990158634986431307, -0.04435430619523234724, 0.000000000000000000 ) ) ;
#3044 = DIRECTION ( 'NONE',  ( 0.000000000000000000, 0.000000000000000000, 1.000000000000000000 ) ) ;
#3045 = AXIS2_PLACEMENT_3D ( 'NONE', #1991, #5470, #4313 ) ;
#3046 =( LENGTH_UNIT ( ) NAMED_UNIT ( * ) SI_UNIT ( .MILLI., .METRE. ) );
#3047 = EDGE_CURVE ( 'NONE', #1668, #7067, #839, .T. ) ;
#3048 = CIRCLE ( 'NONE', #3532, 0.2672522260927919779 ) ;
#3049 =( LENGTH_UNIT ( ) NAMED_UNIT ( * ) SI_UNIT ( .MILLI., .METRE. ) );
#3050 = PLANE ( 'NONE',  #4506 ) ;
#3051 = CARTESIAN_POINT ( 'NONE',  ( -1.080000000033179974, -2.225000000000249667, 0.2500000000000000000 ) ) ;
#3052 =( GEOMETRIC_REPRESENTATION_CONTEXT ( 3 ) GLOBAL_UNCERTAINTY_ASSIGNED_CONTEXT ( ( #3138 ) ) GLOBAL_UNIT_ASSIGNED_CONTEXT ( ( #1054, #5104, #7401 ) ) REPRESENTATION_CONTEXT ( 'NONE', 'WORKASPACE' ) );
#3053 = CARTESIAN_POINT ( 'NONE',  ( -3.220222332087370187, 0.9299999999986420240, 0.2500000000000000000 ) ) ;
#3054 = PRESENTATION_LAYER_ASSIGNMENT (  '', '', ( #1096 ) ) ;
#3055 = DIRECTION ( 'NONE',  ( 0.000000000000000000, 0.000000000000000000, -1.000000000000000000 ) ) ;
#3056 = UNCERTAINTY_MEASURE_WITH_UNIT (LENGTH_MEASURE( 1.000000000000000082E-05 ), #3247, 'distance_accuracy_value', 'NONE');
#3057 = EDGE_LOOP ( 'NONE', ( #5788, #6479, #6534, #1851 ) ) ;
#3058 = SURFACE_SIDE_STYLE ('',( #5991 ) ) ;
#3059 = LINE ( 'NONE', #742, #4224 ) ;
#3060 = DIRECTION ( 'NONE',  ( 0.000000000000000000, 0.000000000000000000, 1.000000000000000000 ) ) ;
#3061 = DIRECTION ( 'NONE',  ( 0.000000000000000000, 0.000000000000000000, 1.000000000000000000 ) ) ;
#3062 = EDGE_CURVE ( 'NONE', #5466, #2644, #6758, .T. ) ;
#3063 = CARTESIAN_POINT ( 'NONE',  ( -2.870000000000000107, -2.346791012089830097, 0.9000000000000000222 ) ) ;
#3064 = VECTOR ( 'NONE', #4099, 1000.000000000000000 ) ;
#3065 = LINE ( 'NONE', #4802, #6730 ) ;
#3066 = VERTEX_POINT ( 'NONE', #6049 ) ;
#3067 = DIRECTION ( 'NONE',  ( 0.000000000000000000, 0.000000000000000000, 1.000000000000000000 ) ) ;
#3068 = MANIFOLD_SOLID_BREP ( 'infineon-pg-tdson-8-33-3d-01-stp-package-en.stp<1>[5]', #1605 ) ;
#3069 = VERTEX_POINT ( 'NONE', #5544 ) ;
#3070 = CARTESIAN_POINT ( 'NONE',  ( -5.740000000000000213, 2.562946210799999847, 0.2500000000000000000 ) ) ;
#3071 =( NAMED_UNIT ( * ) SI_UNIT ( $, .STERADIAN. ) SOLID_ANGLE_UNIT ( ) );
#3072 = EDGE_CURVE ( 'NONE', #2216, #4930, #4559, .T. ) ;
#3073 = CIRCLE ( 'NONE', #493, 0.1499999999996239619 ) ;
#3074 = PRESENTATION_LAYER_ASSIGNMENT (  '', '', ( #4632 ) ) ;
#3075 =( LENGTH_UNIT ( ) NAMED_UNIT ( * ) SI_UNIT ( .MILLI., .METRE. ) );
#3076 = DIRECTION ( 'NONE',  ( -0.7071067811866481589, 0.7071067811864469865, 0.000000000000000000 ) ) ;
#3077 = VERTEX_POINT ( 'NONE', #4387 ) ;
#3078 = MECHANICAL_DESIGN_GEOMETRIC_PRESENTATION_REPRESENTATION (  '', ( #1501 ), #6563 ) ;
#3079 = ORIENTED_EDGE ( 'NONE', *, *, #7186, .T. ) ;
#3080 = FILL_AREA_STYLE ('',( #6430 ) ) ;
#3081 = FILL_AREA_STYLE_COLOUR ( '', #64 ) ;
#3082 = LINE ( 'NONE', #7034, #4525 ) ;
#3083 =( LENGTH_UNIT ( ) NAMED_UNIT ( * ) SI_UNIT ( .MILLI., .METRE. ) );
#3084 = MANIFOLD_SOLID_BREP ( 'infineon-pg-tdson-8-33-3d-01-stp-package-en.stp<1>[1]', #7392 ) ;
#3085 = PRESENTATION_STYLE_ASSIGNMENT (( #7141 ) ) ;
#3086 = EDGE_CURVE ( 'NONE', #2607, #2298, #7412, .T. ) ;
#3087 = CARTESIAN_POINT ( 'NONE',  ( 2.919903810567599844, 2.199999999998480060, 0.2500000000000000000 ) ) ;
#3088 =( LENGTH_UNIT ( ) NAMED_UNIT ( * ) SI_UNIT ( .MILLI., .METRE. ) );
#3089 = AXIS2_PLACEMENT_3D ( 'NONE', #3287, #4334, #4893 ) ;
#3090 =( LENGTH_UNIT ( ) NAMED_UNIT ( * ) SI_UNIT ( .MILLI., .METRE. ) );
#3091 = LINE ( 'NONE', #851, #3484 ) ;
#3092 = PRESENTATION_LAYER_ASSIGNMENT (  '', '', ( #1985 ) ) ;
#3093 = CARTESIAN_POINT ( 'NONE',  ( -2.919903810566869762, -2.199999999999870059, 0.2500000000000000000 ) ) ;
#3094 = ORIENTED_EDGE ( 'NONE', *, *, #3177, .T. ) ;
#3095 = FILL_AREA_STYLE_COLOUR ( '', #3540 ) ;
#3096 = CARTESIAN_POINT ( 'NONE',  ( -5.740000000000000213, -2.562946210799999847, 0.2500000000000000000 ) ) ;
#3097 = SURFACE_SIDE_STYLE ('',( #2016 ) ) ;
#3098 = LINE ( 'NONE', #5864, #5886 ) ;
#3099 = DIRECTION ( 'NONE',  ( 0.000000000000000000, 0.000000000000000000, 1.000000000000000000 ) ) ;
#3100 = COLOUR_RGB ( '',0.8666666666666666963, 0.8666666666666666963, 0.8666666666666666963 ) ;
#3101 = DIRECTION ( 'NONE',  ( 0.8660254037796203397, -0.5000000000083456575, 0.000000000000000000 ) ) ;
#3102 = STYLED_ITEM ( 'NONE', ( #5457 ), #2006 ) ;
#3103 = PRESENTATION_LAYER_ASSIGNMENT (  '', '', ( #6099 ) ) ;
#3104 = PRESENTATION_STYLE_ASSIGNMENT (( #5427 ) ) ;
#3105 = LINE ( 'NONE', #1880, #4703 ) ;
#3106 = VERTEX_POINT ( 'NONE', #2028 ) ;
#3107 = DIRECTION ( 'NONE',  ( -1.593054392101894807E-12, 1.000000000000000000, 0.000000000000000000 ) ) ;
#3108 = LINE ( 'NONE', #1927, #6623 ) ;
#3109 = ORIENTED_EDGE ( 'NONE', *, *, #6360, .F. ) ;
#3110 = CARTESIAN_POINT ( 'NONE',  ( 2.355000000014429773, 2.224999999999110134, 0.000000000000000000 ) ) ;
#3111 = DIRECTION ( 'NONE',  ( -2.368475785599890213E-13, -1.000000000000000000, 0.000000000000000000 ) ) ;
#3112 = EDGE_LOOP ( 'NONE', ( #6493, #157, #6880, #6760 ) ) ;
#3113 = CARTESIAN_POINT ( 'NONE',  ( -3.220000000017390285, 0.3499797189057289870, 0.000000000000000000 ) ) ;
#3114 = SURFACE_SIDE_STYLE ('',( #721 ) ) ;
#3115 = COLOUR_RGB ( '',0.8666666666666666963, 0.8666666666666666963, 0.8666666666666666963 ) ;
#3116 =( NAMED_UNIT ( * ) SI_UNIT ( $, .STERADIAN. ) SOLID_ANGLE_UNIT ( ) );
#3117 = SURFACE_SIDE_STYLE ('',( #2413 ) ) ;
#3118 = ORIENTED_EDGE ( 'NONE', *, *, #5653, .T. ) ;
#3119 = FILL_AREA_STYLE ('',( #4958 ) ) ;
#3120 = DIRECTION ( 'NONE',  ( 0.000000000000000000, 0.000000000000000000, -1.000000000000000000 ) ) ;
#3121 = AXIS2_PLACEMENT_3D ( 'NONE', #2481, #3518, #5815 ) ;
#3122 = DIRECTION ( 'NONE',  ( 1.000000000000000000, 0.000000000000000000, 0.000000000000000000 ) ) ;
#3123 = VECTOR ( 'NONE', #2389, 1000.000000000000000 ) ;
#3124 = CARTESIAN_POINT ( 'NONE',  ( 2.789999999999699831, -1.685000000001110054, 0.2500000000000000000 ) ) ;
#3125 = COLOUR_RGB ( '',0.8666666666666666963, 0.8666666666666666963, 0.8666666666666666963 ) ;
#3126 = CARTESIAN_POINT ( 'NONE',  ( -1.080000000033069840, 2.225000000000000089, 0.000000000000000000 ) ) ;
#3127 = STYLED_ITEM ( 'NONE', ( #3104 ), #1348 ) ;
#3128 = EDGE_CURVE ( 'NONE', #3412, #1547, #6297, .T. ) ;
#3129 = VECTOR ( 'NONE', #4972, 1000.000000000000000 ) ;
#3130 = CARTESIAN_POINT ( 'NONE',  ( -2.770000000045179878, -0.2650000000006689782, 0.000000000000000000 ) ) ;
#3131 = DIRECTION ( 'NONE',  ( 1.000000000000000000, 3.645073844453869748E-13, 0.000000000000000000 ) ) ;
#3132 =( GEOMETRIC_REPRESENTATION_CONTEXT ( 3 ) GLOBAL_UNCERTAINTY_ASSIGNED_CONTEXT ( ( #677 ) ) GLOBAL_UNIT_ASSIGNED_CONTEXT ( ( #5733, #3326, #6754 ) ) REPRESENTATION_CONTEXT ( 'NONE', 'WORKASPACE' ) );
#3133 = PRESENTATION_LAYER_ASSIGNMENT (  '', '', ( #2753 ) ) ;
#3134 = CARTESIAN_POINT ( 'NONE',  ( 2.570000000014739605, -1.535000000000650067, 0.000000000000000000 ) ) ;
#3135 = EDGE_CURVE ( 'NONE', #6319, #808, #5954, .T. ) ;
#3136 = SURFACE_STYLE_USAGE ( .BOTH. , #897 ) ;
#3137 = EDGE_CURVE ( 'NONE', #6629, #7288, #3073, .T. ) ;
#3138 = UNCERTAINTY_MEASURE_WITH_UNIT (LENGTH_MEASURE( 1.000000000000000082E-05 ), #1054, 'distance_accuracy_value', 'NONE');
#3139 = ORIENTED_EDGE ( 'NONE', *, *, #3938, .F. ) ;
#3140 = DIRECTION ( 'NONE',  ( -5.233082485861795227E-13, 1.000000000000000000, 0.000000000000000000 ) ) ;
#3141 = PRESENTATION_STYLE_ASSIGNMENT (( #6141 ) ) ;
#3142 =( GEOMETRIC_REPRESENTATION_CONTEXT ( 3 ) GLOBAL_UNCERTAINTY_ASSIGNED_CONTEXT ( ( #288 ) ) GLOBAL_UNIT_ASSIGNED_CONTEXT ( ( #2128, #334, #7228 ) ) REPRESENTATION_CONTEXT ( 'NONE', 'WORKASPACE' ) );
#3143 = CARTESIAN_POINT ( 'NONE',  ( -1.582747773907208000, 1.550000000000000044, 0.9979999999999999982 ) ) ;
#3144 = CARTESIAN_POINT ( 'NONE',  ( -2.919903810567769931, -0.9300000000009921441, 0.000000000000000000 ) ) ;
#3145 = ADVANCED_FACE ( 'NONE', ( #2934 ), #5807, .F. ) ;
#3146 = SURFACE_STYLE_FILL_AREA ( #5995 ) ;
#3147 = PRESENTATION_STYLE_ASSIGNMENT (( #6562 ) ) ;
#3148 = EDGE_CURVE ( 'NONE', #5119, #2216, #585, .T. ) ;
#3149 = UNCERTAINTY_MEASURE_WITH_UNIT (LENGTH_MEASURE( 1.000000000000000082E-05 ), #7406, 'distance_accuracy_value', 'NONE');
#3150 = SURFACE_STYLE_FILL_AREA ( #1231 ) ;
#3151 = CARTESIAN_POINT ( 'NONE',  ( -2.620000000045539679, 0.2649999999995319988, 0.000000000000000000 ) ) ;
#3152 = ORIENTED_EDGE ( 'NONE', *, *, #1222, .T. ) ;
#3153 = CARTESIAN_POINT ( 'NONE',  ( 2.789999999999570157, 0.8550000000001318767, 0.000000000000000000 ) ) ;
#3154 = DIRECTION ( 'NONE',  ( -1.000000000000000000, 0.000000000000000000, 0.000000000000000000 ) ) ;
#3155 = ORIENTED_EDGE ( 'NONE', *, *, #967, .T. ) ;
#3156 = LINE ( 'NONE', #2025, #1818 ) ;
#3157 = FACE_OUTER_BOUND ( 'NONE', #3796, .T. ) ;
#3158 = ORIENTED_EDGE ( 'NONE', *, *, #4547, .F. ) ;
#3159 = LINE ( 'NONE', #4911, #3529 ) ;
#3160 = VECTOR ( 'NONE', #6379, 1000.000000000000000 ) ;
#3161 =( LENGTH_UNIT ( ) NAMED_UNIT ( * ) SI_UNIT ( .MILLI., .METRE. ) );
#3162 =( NAMED_UNIT ( * ) PLANE_ANGLE_UNIT ( ) SI_UNIT ( $, .RADIAN. ) );
#3163 = ORIENTED_EDGE ( 'NONE', *, *, #414, .F. ) ;
#3164 = DIRECTION ( 'NONE',  ( 0.000000000000000000, 0.000000000000000000, 1.000000000000000000 ) ) ;
#3165 = ORIENTED_EDGE ( 'NONE', *, *, #4858, .F. ) ;
#3166 = AXIS2_PLACEMENT_3D ( 'NONE', #4422, #2067, #2606 ) ;
#3167 = DIRECTION ( 'NONE',  ( 0.000000000000000000, -1.000000000000000000, 0.000000000000000000 ) ) ;
#3168 = PRESENTATION_LAYER_ASSIGNMENT (  '', '', ( #2162 ) ) ;
#3169 = CARTESIAN_POINT ( 'NONE',  ( -2.511791012089830133, 2.212499999999999911, 1.000000000000000000 ) ) ;
#3170 = EDGE_CURVE ( 'NONE', #1173, #1211, #4673, .T. ) ;
#3171 = SURFACE_SIDE_STYLE ('',( #1483 ) ) ;
#3172 = MECHANICAL_DESIGN_GEOMETRIC_PRESENTATION_REPRESENTATION (  '', ( #2163 ), #2783 ) ;
#3173 = FILL_AREA_STYLE_COLOUR ( '', #1412 ) ;
#3174 = CARTESIAN_POINT ( 'NONE',  ( -0.1800000000227439945, -2.477098005438509887, 0.000000000000000000 ) ) ;
#3175 = VECTOR ( 'NONE', #922, 1000.000000000000000 ) ;
#3176 = DIRECTION ( 'NONE',  ( -3.776311290145020098E-13, -1.000000000000000000, 0.000000000000000000 ) ) ;
#3177 = EDGE_CURVE ( 'NONE', #5716, #7256, #1869, .T. ) ;
#3178 = CIRCLE ( 'NONE', #3416, 0.1500000000000459299 ) ;
#3179 = VECTOR ( 'NONE', #3758, 1000.000000000000000 ) ;
#3180 = DIRECTION ( 'NONE',  ( -1.000000000000000000, 0.000000000000000000, 0.000000000000000000 ) ) ;
#3181 = VERTEX_POINT ( 'NONE', #1182 ) ;
#3182 = CIRCLE ( 'NONE', #587, 0.1500000000000000222 ) ;
#3183 = FACE_OUTER_BOUND ( 'NONE', #3867, .T. ) ;
#3184 = DIRECTION ( 'NONE',  ( 0.000000000000000000, 0.000000000000000000, -1.000000000000000000 ) ) ;
#3185 = SURFACE_SIDE_STYLE ('',( #4376 ) ) ;
#3186 = STYLED_ITEM ( 'NONE', ( #3727 ), #5806 ) ;
#3187 = ORIENTED_EDGE ( 'NONE', *, *, #2570, .F. ) ;
#3188 = CARTESIAN_POINT ( 'NONE',  ( -2.919903810567769931, -0.9300000000009921441, 0.2500000000000000000 ) ) ;
#3189 = EDGE_LOOP ( 'NONE', ( #4204, #2850, #3909, #1895 ) ) ;
#3190 = CARTESIAN_POINT ( 'NONE',  ( 2.919903810567320068, 0.3399999999993499888, 0.2500000000000000000 ) ) ;
#3191 = DIRECTION ( 'NONE',  ( -1.000000000000000000, 0.000000000000000000, 0.000000000000000000 ) ) ;
#3192 = AXIS2_PLACEMENT_3D ( 'NONE', #4494, #7311, #5126 ) ;
#3193 = VERTEX_POINT ( 'NONE', #5842 ) ;
#3194 = CARTESIAN_POINT ( 'NONE',  ( 2.789999999999509761, 1.535000000000339870, 0.2500000000000000000 ) ) ;
#3195 = FILL_AREA_STYLE_COLOUR ( '', #1444 ) ;
#3196 =( NAMED_UNIT ( * ) PLANE_ANGLE_UNIT ( ) SI_UNIT ( $, .RADIAN. ) );
#3197 = ORIENTED_EDGE ( 'NONE', *, *, #1347, .T. ) ;
#3198 = VERTEX_POINT ( 'NONE', #1297 ) ;
#3199 = DIRECTION ( 'NONE',  ( 0.000000000000000000, 0.000000000000000000, 1.000000000000000000 ) ) ;
#3200 = PLANE ( 'NONE',  #3944 ) ;
#3201 = COLOUR_RGB ( '',0.8666666666666666963, 0.8666666666666666963, 0.8666666666666666963 ) ;
#3202 = CARTESIAN_POINT ( 'NONE',  ( 3.220221430731270207, 0.3399999999992359689, 0.2500000000000000000 ) ) ;
#3203 = CARTESIAN_POINT ( 'NONE',  ( 2.919903810567320068, -1.610000000000469944, 0.000000000000000000 ) ) ;
#3204 = EDGE_CURVE ( 'NONE', #2343, #999, #5912, .T. ) ;
#3205 = CIRCLE ( 'NONE', #5110, 0.1500000000003270106 ) ;
#3206 = DIRECTION ( 'NONE',  ( 0.000000000000000000, 0.000000000000000000, 1.000000000000000000 ) ) ;
#3207 = CARTESIAN_POINT ( 'NONE',  ( -0.1800000000227439945, 2.477098005438280293, 0.2500000000000000000 ) ) ;
#3208 = AXIS2_PLACEMENT_3D ( 'NONE', #3130, #6549, #2612 ) ;
#3209 = DIRECTION ( 'NONE',  ( 0.000000000000000000, 0.000000000000000000, 1.000000000000000000 ) ) ;
#3210 = CARTESIAN_POINT ( 'NONE',  ( 3.220222332087329775, 0.9299999999988129984, 0.000000000000000000 ) ) ;
#3211 = UNCERTAINTY_MEASURE_WITH_UNIT (LENGTH_MEASURE( 1.000000000000000082E-05 ), #5280, 'distance_accuracy_value', 'NONE');
#3212 = LINE ( 'NONE', #3958, #6059 ) ;
#3213 = CARTESIAN_POINT ( 'NONE',  ( 2.570000000014419861, -1.685000000000650200, 0.000000000000000000 ) ) ;
#3214 = DIRECTION ( 'NONE',  ( -1.000000000000000000, 8.518456002314038317E-12, 0.000000000000000000 ) ) ;
#3215 = DIRECTION ( 'NONE',  ( -1.000000000000000000, 2.115103963592559792E-12, 0.000000000000000000 ) ) ;
#3216 = PRESENTATION_STYLE_ASSIGNMENT (( #7153 ) ) ;
#3217 = STYLED_ITEM ( 'NONE', ( #620 ), #6714 ) ;
#3218 = FACE_OUTER_BOUND ( 'NONE', #3946, .T. ) ;
#3219 = ORIENTED_EDGE ( 'NONE', *, *, #126, .F. ) ;
#3220 = VECTOR ( 'NONE', #2384, 1000.000000000000000 ) ;
#3221 = LINE ( 'NONE', #3153, #2385 ) ;
#3222 = PRESENTATION_STYLE_ASSIGNMENT (( #1354 ) ) ;
#3223 = VERTEX_POINT ( 'NONE', #2472 ) ;
#3224 = DIRECTION ( 'NONE',  ( 0.000000000000000000, 0.000000000000000000, -1.000000000000000000 ) ) ;
#3225 = DIRECTION ( 'NONE',  ( 1.000000000000000000, -2.726707748505500025E-12, 0.000000000000000000 ) ) ;
#3226 = EDGE_LOOP ( 'NONE', ( #5548, #5433, #3568, #348 ) ) ;
#3227 = AXIS2_PLACEMENT_3D ( 'NONE', #1603, #5080, #366 ) ;
#3228 = ADVANCED_FACE ( 'NONE', ( #4152 ), #1754, .T. ) ;
#3229 = CARTESIAN_POINT ( 'NONE',  ( -2.511791012089830133, 2.346791012089839867, 1.000000000000000000 ) ) ;
#3230 = PRESENTATION_LAYER_ASSIGNMENT (  '', '', ( #5495 ) ) ;
#3231 = SURFACE_SIDE_STYLE ('',( #6686 ) ) ;
#3232 = COLOUR_RGB ( '',0.8666666666666666963, 0.8666666666666666963, 0.8666666666666666963 ) ;
#3233 = VECTOR ( 'NONE', #4335, 1000.000000000000000 ) ;
#3234 = DIRECTION ( 'NONE',  ( 5.773159728274840208E-12, 1.000000000000000000, 0.000000000000000000 ) ) ;
#3235 = CARTESIAN_POINT ( 'NONE',  ( -2.790000000000119940, 2.274999999998830180, 0.000000000000000000 ) ) ;
#3236 = VERTEX_POINT ( 'NONE', #3742 ) ;
#3237 = ORIENTED_EDGE ( 'NONE', *, *, #4915, .T. ) ;
#3238 = DIRECTION ( 'NONE',  ( 1.000000000000000000, -1.900169508683859993E-13, 0.000000000000000000 ) ) ;
#3239 = DIRECTION ( 'NONE',  ( 0.1666666669675726797, 0.9860132971324069295, 0.000000000000000000 ) ) ;
#3240 =( NAMED_UNIT ( * ) SI_UNIT ( $, .STERADIAN. ) SOLID_ANGLE_UNIT ( ) );
#3241 = AXIS2_PLACEMENT_3D ( 'NONE', #2942, #2518, #38 ) ;
#3242 = FILL_AREA_STYLE ('',( #891 ) ) ;
#3243 = ORIENTED_EDGE ( 'NONE', *, *, #4739, .F. ) ;
#3244 = PRESENTATION_LAYER_ASSIGNMENT (  '', '', ( #6482 ) ) ;
#3245 = VECTOR ( 'NONE', #1481, 1000.000000000000000 ) ;
#3246 = DIRECTION ( 'NONE',  ( 0.000000000000000000, 0.000000000000000000, 1.000000000000000000 ) ) ;
#3247 =( LENGTH_UNIT ( ) NAMED_UNIT ( * ) SI_UNIT ( .MILLI., .METRE. ) );
#3248 = DIRECTION ( 'NONE',  ( 0.000000000000000000, 0.000000000000000000, 1.000000000000000000 ) ) ;
#3249 = CIRCLE ( 'NONE', #3483, 0.1499999999991419863 ) ;
#3250 = AXIS2_PLACEMENT_3D ( 'NONE', #6863, #1759, #5232 ) ;
#3251 = LINE ( 'NONE', #4793, #3556 ) ;
#3252 = AXIS2_PLACEMENT_3D ( 'NONE', #2383, #4248, #1364 ) ;
#3253 = CARTESIAN_POINT ( 'NONE',  ( -3.220222332087370187, 0.9299999999986420240, 0.000000000000000000 ) ) ;
#3254 = DIRECTION ( 'NONE',  ( -1.000000000000000000, 5.639130289675960134E-16, 0.000000000000000000 ) ) ;
#3255 = FACE_OUTER_BOUND ( 'NONE', #4346, .T. ) ;
#3256 = CARTESIAN_POINT ( 'NONE',  ( 2.919903810567459956, 1.609999999999100151, 0.000000000000000000 ) ) ;
#3257 = FILL_AREA_STYLE_COLOUR ( '', #637 ) ;
#3258 = VECTOR ( 'NONE', #1419, 1000.000000000000000 ) ;
#3259 = DIRECTION ( 'NONE',  ( -0.8660254037827309626, -0.5000000000029577452, 0.000000000000000000 ) ) ;
#3260 = ORIENTED_EDGE ( 'NONE', *, *, #5036, .T. ) ;
#3261 = DIRECTION ( 'NONE',  ( 0.000000000000000000, 0.000000000000000000, 1.000000000000000000 ) ) ;
#3262 = SURFACE_STYLE_FILL_AREA ( #338 ) ;
#3263 = ORIENTED_EDGE ( 'NONE', *, *, #4465, .T. ) ;
#3264 = SURFACE_STYLE_FILL_AREA ( #6266 ) ;
#3265 = ORIENTED_EDGE ( 'NONE', *, *, #112, .F. ) ;
#3266 = DIRECTION ( 'NONE',  ( 1.000000000000000000, 7.518817437593540007E-16, 0.000000000000000000 ) ) ;
#3267 = EDGE_CURVE ( 'NONE', #2876, #6147, #6915, .T. ) ;
#3268 = EDGE_CURVE ( 'NONE', #7256, #198, #7080, .T. ) ;
#3269 = EDGE_CURVE ( 'NONE', #6688, #5302, #4296, .T. ) ;
#3270 = LINE ( 'NONE', #1474, #1166 ) ;
#3271 = EDGE_CURVE ( 'NONE', #1720, #4349, #6438, .T. ) ;
#3272 = SURFACE_STYLE_FILL_AREA ( #2639 ) ;
#3273 =( NAMED_UNIT ( * ) SI_UNIT ( $, .STERADIAN. ) SOLID_ANGLE_UNIT ( ) );
#3274 = ORIENTED_EDGE ( 'NONE', *, *, #4453, .F. ) ;
#3275 = MECHANICAL_DESIGN_GEOMETRIC_PRESENTATION_REPRESENTATION (  '', ( #1316 ), #1408 ) ;
#3276 = SURFACE_SIDE_STYLE ('',( #4286 ) ) ;
#3277 = VERTEX_POINT ( 'NONE', #854 ) ;
#3278 = DIRECTION ( 'NONE',  ( -1.000000000000000000, 0.000000000000000000, 0.000000000000000000 ) ) ;
#3279 = VECTOR ( 'NONE', #5953, 1000.000000000000000 ) ;
#3280 = CYLINDRICAL_SURFACE ( 'NONE', #3836, 0.1500000000000437650 ) ;
#3281 = EDGE_CURVE ( 'NONE', #2791, #4154, #1913, .T. ) ;
#3282 = VECTOR ( 'NONE', #2448, 1000.000000000000000 ) ;
#3283 = DIRECTION ( 'NONE',  ( 1.000000000000000000, -8.709757452300850463E-14, 0.000000000000000000 ) ) ;
#3284 = ORIENTED_EDGE ( 'NONE', *, *, #40, .F. ) ;
#3285 = ORIENTED_EDGE ( 'NONE', *, *, #3148, .T. ) ;
#3286 = MECHANICAL_DESIGN_GEOMETRIC_PRESENTATION_REPRESENTATION (  '', ( #6276 ), #3886 ) ;
#3287 = CARTESIAN_POINT ( 'NONE',  ( -2.620000000045079602, 1.534999999999509868, 0.000000000000000000 ) ) ;
#3288 = CARTESIAN_POINT ( 'NONE',  ( 2.789999999999780211, -1.004999999999319993, 0.000000000000000000 ) ) ;
#3289 = PLANE ( 'NONE',  #179 ) ;
#3290 = DIRECTION ( 'NONE',  ( 1.000000000000000000, -5.187984031940509593E-13, 0.000000000000000000 ) ) ;
#3291 = UNCERTAINTY_MEASURE_WITH_UNIT (LENGTH_MEASURE( 1.000000000000000082E-05 ), #4255, 'distance_accuracy_value', 'NONE');
#3292 =( NAMED_UNIT ( * ) SI_UNIT ( $, .STERADIAN. ) SOLID_ANGLE_UNIT ( ) );
#3293 = SURFACE_STYLE_USAGE ( .BOTH. , #906 ) ;
#3294 = AXIS2_PLACEMENT_3D ( 'NONE', #1690, #5659, #2248 ) ;
#3295 = UNCERTAINTY_MEASURE_WITH_UNIT (LENGTH_MEASURE( 1.000000000000000082E-05 ), #3874, 'distance_accuracy_value', 'NONE');
#3296 = STYLED_ITEM ( 'NONE', ( #70 ), #5458 ) ;
#3297 = ORIENTED_EDGE ( 'NONE', *, *, #3544, .F. ) ;
#3298 = EDGE_CURVE ( 'NONE', #3314, #6640, #3251, .T. ) ;
#3299 = ORIENTED_EDGE ( 'NONE', *, *, #5143, .T. ) ;
#3300 = ORIENTED_EDGE ( 'NONE', *, *, #4624, .T. ) ;
#3301 = FACE_OUTER_BOUND ( 'NONE', #4238, .T. ) ;
#3302 = AXIS2_PLACEMENT_3D ( 'NONE', #4658, #3615, #6953 ) ;
#3303 = CARTESIAN_POINT ( 'NONE',  ( 2.420000000014369768, -1.004999999999089955, 0.000000000000000000 ) ) ;
#3304 = ORIENTED_EDGE ( 'NONE', *, *, #176, .T. ) ;
#3305 = ORIENTED_EDGE ( 'NONE', *, *, #2697, .F. ) ;
#3306 = PRESENTATION_STYLE_ASSIGNMENT (( #2609 ) ) ;
#3307 = DIRECTION ( 'NONE',  ( 0.000000000000000000, 0.000000000000000000, 1.000000000000000000 ) ) ;
#3308 = ORIENTED_EDGE ( 'NONE', *, *, #3024, .F. ) ;
#3309 = FILL_AREA_STYLE ('',( #6170 ) ) ;
#3310 = CARTESIAN_POINT ( 'NONE',  ( -3.445000000017750086, -1.619982680670329911, 0.000000000000000000 ) ) ;
#3311 = DIRECTION ( 'NONE',  ( -2.450074203259640086E-13, 1.000000000000000000, 0.000000000000000000 ) ) ;
#3312 = ORIENTED_EDGE ( 'NONE', *, *, #2465, .F. ) ;
#3313 = MECHANICAL_DESIGN_GEOMETRIC_PRESENTATION_REPRESENTATION (  '', ( #1491 ), #5216 ) ;
#3314 = VERTEX_POINT ( 'NONE', #180 ) ;
#3315 = FILL_AREA_STYLE ('',( #2733 ) ) ;
#3316 = ORIENTED_EDGE ( 'NONE', *, *, #1102, .F. ) ;
#3317 = SURFACE_STYLE_USAGE ( .BOTH. , #850 ) ;
#3318 = SURFACE_STYLE_FILL_AREA ( #5039 ) ;
#3319 = EDGE_CURVE ( 'NONE', #1729, #2631, #5951, .T. ) ;
#3320 = VECTOR ( 'NONE', #3815, 1000.000000000000000 ) ;
#3321 = FILL_AREA_STYLE_COLOUR ( '', #25 ) ;
#3322 =( NAMED_UNIT ( * ) SI_UNIT ( $, .STERADIAN. ) SOLID_ANGLE_UNIT ( ) );
#3323 =( NAMED_UNIT ( * ) PLANE_ANGLE_UNIT ( ) SI_UNIT ( $, .RADIAN. ) );
#3324 =( NAMED_UNIT ( * ) SI_UNIT ( $, .STERADIAN. ) SOLID_ANGLE_UNIT ( ) );
#3325 = ORIENTED_EDGE ( 'NONE', *, *, #4696, .T. ) ;
#3326 =( NAMED_UNIT ( * ) PLANE_ANGLE_UNIT ( ) SI_UNIT ( $, .RADIAN. ) );
#3327 = FACE_OUTER_BOUND ( 'NONE', #6944, .T. ) ;
#3328 = ORIENTED_EDGE ( 'NONE', *, *, #7033, .T. ) ;
#3329 =( NAMED_UNIT ( * ) PLANE_ANGLE_UNIT ( ) SI_UNIT ( $, .RADIAN. ) );
#3330 = DIRECTION ( 'NONE',  ( 0.000000000000000000, 0.000000000000000000, 1.000000000000000000 ) ) ;
#3331 = ORIENTED_EDGE ( 'NONE', *, *, #7481, .F. ) ;
#3332 = COLOUR_RGB ( '',0.8666666666666666963, 0.8666666666666666963, 0.8666666666666666963 ) ;
#3333 = DIRECTION ( 'NONE',  ( 0.000000000000000000, 0.000000000000000000, 1.000000000000000000 ) ) ;
#3334 = CYLINDRICAL_SURFACE ( 'NONE', #3994, 0.2249999999941600104 ) ;
#3335 = DIRECTION ( 'NONE',  ( -1.000000000000000000, 3.637090635158829833E-12, 0.000000000000000000 ) ) ;
#3336 = ORIENTED_EDGE ( 'NONE', *, *, #5740, .T. ) ;
#3337 = PLANE ( 'NONE',  #5961 ) ;
#3338 =( LENGTH_UNIT ( ) NAMED_UNIT ( * ) SI_UNIT ( .MILLI., .METRE. ) );
#3339 = ORIENTED_EDGE ( 'NONE', *, *, #6744, .F. ) ;
#3340 = DIRECTION ( 'NONE',  ( 0.000000000000000000, 0.000000000000000000, 1.000000000000000000 ) ) ;
#3341 = COLOUR_RGB ( '',0.8666666666666666963, 0.8666666666666666963, 0.8666666666666666963 ) ;
#3342 = DIRECTION ( 'NONE',  ( 0.1666666669654747746, -0.9860132971327616458, 0.000000000000000000 ) ) ;
#3343 = VECTOR ( 'NONE', #1888, 1000.000000000000000 ) ;
#3344 = ORIENTED_EDGE ( 'NONE', *, *, #1723, .F. ) ;
#3345 = PLANE ( 'NONE',  #2902 ) ;
#3346 = FILL_AREA_STYLE ('',( #890 ) ) ;
#3347 = VECTOR ( 'NONE', #7159, 1000.000000000000000 ) ;
#3348 = FILL_AREA_STYLE ('',( #6763 ) ) ;
#3349 = ORIENTED_EDGE ( 'NONE', *, *, #1103, .F. ) ;
#3350 = ORIENTED_EDGE ( 'NONE', *, *, #3364, .T. ) ;
#3351 = VERTEX_POINT ( 'NONE', #3210 ) ;
#3352 = VECTOR ( 'NONE', #1332, 1000.000000000000000 ) ;
#3353 = SURFACE_STYLE_FILL_AREA ( #6209 ) ;
#3354 = DIRECTION ( 'NONE',  ( 0.000000000000000000, 0.000000000000000000, 1.000000000000000000 ) ) ;
#3355 = EDGE_CURVE ( 'NONE', #5302, #229, #6515, .T. ) ;
#3356 = ADVANCED_FACE ( 'NONE', ( #6628 ), #5488, .T. ) ;
#3357 = AXIS2_PLACEMENT_3D ( 'NONE', #4971, #2079, #6699 ) ;
#3358 = DIRECTION ( 'NONE',  ( 0.000000000000000000, 0.000000000000000000, -1.000000000000000000 ) ) ;
#3359 = UNCERTAINTY_MEASURE_WITH_UNIT (LENGTH_MEASURE( 1.000000000000000082E-05 ), #2828, 'distance_accuracy_value', 'NONE');
#3360 = ADVANCED_FACE ( 'NONE', ( #5528 ), #7221, .T. ) ;
#3361 = FACE_OUTER_BOUND ( 'NONE', #726, .T. ) ;
#3362 = FACE_OUTER_BOUND ( 'NONE', #2302, .T. ) ;
#3363 = VECTOR ( 'NONE', #4537, 1000.000000000000000 ) ;
#3364 = EDGE_CURVE ( 'NONE', #3198, #1663, #6685, .T. ) ;
#3365 = SURFACE_STYLE_USAGE ( .BOTH. , #6263 ) ;
#3366 =( GEOMETRIC_REPRESENTATION_CONTEXT ( 3 ) GLOBAL_UNCERTAINTY_ASSIGNED_CONTEXT ( ( #3149 ) ) GLOBAL_UNIT_ASSIGNED_CONTEXT ( ( #7406, #7371, #4711 ) ) REPRESENTATION_CONTEXT ( 'NONE', 'WORKASPACE' ) );
#3367 = STYLED_ITEM ( 'NONE', ( #2868 ), #6219 ) ;
#3368 = UNCERTAINTY_MEASURE_WITH_UNIT (LENGTH_MEASURE( 1.000000000000000082E-05 ), #2400, 'distance_accuracy_value', 'NONE');
#3369 =( GEOMETRIC_REPRESENTATION_CONTEXT ( 3 ) GLOBAL_UNCERTAINTY_ASSIGNED_CONTEXT ( ( #6071 ) ) GLOBAL_UNIT_ASSIGNED_CONTEXT ( ( #6188, #515, #1147 ) ) REPRESENTATION_CONTEXT ( 'NONE', 'WORKASPACE' ) );
#3370 = FACE_OUTER_BOUND ( 'NONE', #2270, .T. ) ;
#3371 = STYLED_ITEM ( 'NONE', ( #1267 ), #6377 ) ;
#3372 = SURFACE_STYLE_FILL_AREA ( #1028 ) ;
#3373 = ORIENTED_EDGE ( 'NONE', *, *, #4013, .T. ) ;
#3374 = CIRCLE ( 'NONE', #1791, 0.2249999999998169298 ) ;
#3375 = PLANE ( 'NONE',  #3772 ) ;
#3376 = CYLINDRICAL_SURFACE ( 'NONE', #1398, 0.2672522260927919779 ) ;
#3377 = ORIENTED_EDGE ( 'NONE', *, *, #930, .F. ) ;
#3378 = CARTESIAN_POINT ( 'NONE',  ( 2.919903810567599844, 2.199999999998480060, 0.000000000000000000 ) ) ;
#3379 = EDGE_CURVE ( 'NONE', #5631, #4101, #3997, .T. ) ;
#3380 = LINE ( 'NONE', #2174, #5422 ) ;
#3381 = EDGE_LOOP ( 'NONE', ( #5479, #1245, #4471, #6616 ) ) ;
#3382 = CARTESIAN_POINT ( 'NONE',  ( 3.220000000017900543, -0.9200202810956169541, 0.000000000000000000 ) ) ;
#3383 = DIRECTION ( 'NONE',  ( 7.274181257380620317E-12, 1.000000000000000000, 0.000000000000000000 ) ) ;
#3384 = EDGE_LOOP ( 'NONE', ( #1072, #3325, #347, #3274 ) ) ;
#3385 = DIRECTION ( 'NONE',  ( 0.000000000000000000, 1.000000000000000000, 0.000000000000000000 ) ) ;
#3386 = SURFACE_STYLE_FILL_AREA ( #5670 ) ;
#3387 = ORIENTED_EDGE ( 'NONE', *, *, #7299, .F. ) ;
#3388 = FILL_AREA_STYLE ('',( #7249 ) ) ;
#3389 = SURFACE_SIDE_STYLE ('',( #4538 ) ) ;
#3390 = SURFACE_SIDE_STYLE ('',( #5557 ) ) ;
#3391 = ORIENTED_EDGE ( 'NONE', *, *, #3821, .T. ) ;
#3392 = ORIENTED_EDGE ( 'NONE', *, *, #531, .T. ) ;
#3393 = CARTESIAN_POINT ( 'NONE',  ( 2.374999999997129851, 0.2499999999992039701, 0.2500000000000000000 ) ) ;
#3394 = PRESENTATION_STYLE_ASSIGNMENT (( #2888 ) ) ;
#3395 = CARTESIAN_POINT ( 'NONE',  ( -0.1800000000228290098, 2.705000000001410054, 0.2500000000000000000 ) ) ;
#3396 = EDGE_CURVE ( 'NONE', #6352, #6629, #6259, .T. ) ;
#3397 = ORIENTED_EDGE ( 'NONE', *, *, #5799, .F. ) ;
#3398 = PLANE ( 'NONE',  #5871 ) ;
#3399 = DIRECTION ( 'NONE',  ( -5.684341886081120565E-13, -1.000000000000000000, 0.000000000000000000 ) ) ;
#3400 =( NAMED_UNIT ( * ) SI_UNIT ( $, .STERADIAN. ) SOLID_ANGLE_UNIT ( ) );
#3401 = DIRECTION ( 'NONE',  ( 0.000000000000000000, 0.000000000000000000, 1.000000000000000000 ) ) ;
#3402 = CARTESIAN_POINT ( 'NONE',  ( 2.420000000014369768, 1.019999999999190221, 0.000000000000000000 ) ) ;
#3403 = VECTOR ( 'NONE', #5817, 1000.000000000000000 ) ;
#3404 = ADVANCED_FACE ( 'NONE', ( #2777 ), #474, .T. ) ;
#3405 = CIRCLE ( 'NONE', #104, 0.1500000000000450695 ) ;
#3406 =( NAMED_UNIT ( * ) PLANE_ANGLE_UNIT ( ) SI_UNIT ( $, .RADIAN. ) );
#3407 = DIRECTION ( 'NONE',  ( 0.000000000000000000, 0.000000000000000000, -1.000000000000000000 ) ) ;
#3408 = VECTOR ( 'NONE', #3215, 1000.000000000000000 ) ;
#3409 = LINE ( 'NONE', #6408, #6888 ) ;
#3410 = SURFACE_STYLE_FILL_AREA ( #6778 ) ;
#3411 = DIRECTION ( 'NONE',  ( 1.000000000000000000, -2.131628207265639862E-13, 0.000000000000000000 ) ) ;
#3412 = VERTEX_POINT ( 'NONE', #5602 ) ;
#3413 = CARTESIAN_POINT ( 'NONE',  ( 0.000000000000000000, 0.000000000000000000, 0.000000000000000000 ) ) ;
#3414 = ORIENTED_EDGE ( 'NONE', *, *, #6988, .T. ) ;
#3415 = CARTESIAN_POINT ( 'NONE',  ( 2.919903810567149982, 0.9299999999988468602, 0.000000000000000000 ) ) ;
#3416 = AXIS2_PLACEMENT_3D ( 'NONE', #5855, #2190, #4167 ) ;
#3417 = ADVANCED_FACE ( 'NONE', ( #2233 ), #4551, .T. ) ;
#3418 = ORIENTED_EDGE ( 'NONE', *, *, #4702, .F. ) ;
#3419 = CARTESIAN_POINT ( 'NONE',  ( 2.570000000014419861, -1.685000000000650200, 0.000000000000000000 ) ) ;
#3420 = ORIENTED_EDGE ( 'NONE', *, *, #6305, .F. ) ;
#3421 = MECHANICAL_DESIGN_GEOMETRIC_PRESENTATION_REPRESENTATION (  '', ( #2064 ), #3052 ) ;
#3422 = CARTESIAN_POINT ( 'NONE',  ( 2.374999999997129851, -1.520000000000780060, 0.000000000000000000 ) ) ;
#3423 = DIRECTION ( 'NONE',  ( 0.000000000000000000, 1.000000000000000000, 0.000000000000000000 ) ) ;
#3424 = ORIENTED_EDGE ( 'NONE', *, *, #6474, .F. ) ;
#3425 = LINE ( 'NONE', #5717, #2619 ) ;
#3426 = COLOUR_RGB ( '',0.8666666666666666963, 0.8666666666666666963, 0.8666666666666666963 ) ;
#3427 = FILL_AREA_STYLE_COLOUR ( '', #1718 ) ;
#3428 = PRESENTATION_STYLE_ASSIGNMENT (( #6391 ) ) ;
#3429 = EDGE_LOOP ( 'NONE', ( #3448, #6969, #4316, #5755 ) ) ;
#3430 = ORIENTED_EDGE ( 'NONE', *, *, #1866, .F. ) ;
#3431 = CARTESIAN_POINT ( 'NONE',  ( 2.919903810567459956, 1.609999999999100151, 0.2500000000000000000 ) ) ;
#3432 = ORIENTED_EDGE ( 'NONE', *, *, #2265, .F. ) ;
#3433 = CARTESIAN_POINT ( 'NONE',  ( -3.220000000017250397, -0.3499999999993410049, 0.000000000000000000 ) ) ;
#3434 = VECTOR ( 'NONE', #2187, 1000.000000000000000 ) ;
#3435 = FILL_AREA_STYLE ('',( #3321 ) ) ;
#3436 = DIRECTION ( 'NONE',  ( -3.741306804034770044E-13, 1.000000000000000000, 0.000000000000000000 ) ) ;
#3437 =( NAMED_UNIT ( * ) SI_UNIT ( $, .STERADIAN. ) SOLID_ANGLE_UNIT ( ) );
#3438 = AXIS2_PLACEMENT_3D ( 'NONE', #4580, #6845, #1202 ) ;
#3439 = UNCERTAINTY_MEASURE_WITH_UNIT (LENGTH_MEASURE( 1.000000000000000082E-05 ), #1333, 'distance_accuracy_value', 'NONE');
#3440 =( NAMED_UNIT ( * ) PLANE_ANGLE_UNIT ( ) SI_UNIT ( $, .RADIAN. ) );
#3441 = VERTEX_POINT ( 'NONE', #4667 ) ;
#3442 = FACE_OUTER_BOUND ( 'NONE', #6504, .T. ) ;
#3443 = ORIENTED_EDGE ( 'NONE', *, *, #1580, .T. ) ;
#3444 = CARTESIAN_POINT ( 'NONE',  ( -2.919903810567490154, 2.199999999998340172, 0.000000000000000000 ) ) ;
#3445 = LINE ( 'NONE', #2325, #5185 ) ;
#3446 = CARTESIAN_POINT ( 'NONE',  ( -0.6800000000228580976, -2.225000000000249667, 0.2500000000000000000 ) ) ;
#3447 = DIRECTION ( 'NONE',  ( 1.000000000000000000, 0.000000000000000000, 0.000000000000000000 ) ) ;
#3448 = ORIENTED_EDGE ( 'NONE', *, *, #1068, .F. ) ;
#3449 = VECTOR ( 'NONE', #2428, 1000.000000000000000 ) ;
#3450 = DIRECTION ( 'NONE',  ( 0.000000000000000000, 0.000000000000000000, -1.000000000000000000 ) ) ;
#3451 = EDGE_CURVE ( 'NONE', #2496, #5590, #2893, .T. ) ;
#3452 = LINE ( 'NONE', #5092, #1837 ) ;
#3453 = VERTEX_POINT ( 'NONE', #1795 ) ;
#3454 =( LENGTH_UNIT ( ) NAMED_UNIT ( * ) SI_UNIT ( .MILLI., .METRE. ) );
#3455 = SURFACE_STYLE_USAGE ( .BOTH. , #1160 ) ;
#3456 = DIRECTION ( 'NONE',  ( 0.000000000000000000, 0.000000000000000000, 1.000000000000000000 ) ) ;
#3457 = VECTOR ( 'NONE', #6286, 1000.000000000000000 ) ;
#3458 = ORIENTED_EDGE ( 'NONE', *, *, #2109, .F. ) ;
#3459 = FACE_OUTER_BOUND ( 'NONE', #5519, .T. ) ;
#3460 = DIRECTION ( 'NONE',  ( 1.000000000000000000, -5.773159728274840208E-12, 0.000000000000000000 ) ) ;
#3461 =( NAMED_UNIT ( * ) SI_UNIT ( $, .STERADIAN. ) SOLID_ANGLE_UNIT ( ) );
#3462 = ORIENTED_EDGE ( 'NONE', *, *, #532, .T. ) ;
#3463 = ORIENTED_EDGE ( 'NONE', *, *, #6295, .T. ) ;
#3464 = LINE ( 'NONE', #541, #3782 ) ;
#3465 = DIRECTION ( 'NONE',  ( 0.000000000000000000, 1.000000000000000000, 0.000000000000000000 ) ) ;
#3466 = VECTOR ( 'NONE', #3199, 1000.000000000000000 ) ;
#3467 = EDGE_LOOP ( 'NONE', ( #3041, #2284, #1707, #5524 ) ) ;
#3468 = FILL_AREA_STYLE_COLOUR ( '', #7303 ) ;
#3469 = COLOUR_RGB ( '',0.8666666666666666963, 0.8666666666666666963, 0.8666666666666666963 ) ;
#3470 = PRESENTATION_LAYER_ASSIGNMENT (  '', '', ( #1757 ) ) ;
#3471 = CYLINDRICAL_SURFACE ( 'NONE', #5227, 0.09999999999999979738 ) ;
#3472 = MECHANICAL_DESIGN_GEOMETRIC_PRESENTATION_REPRESENTATION (  '', ( #5497 ), #4812 ) ;
#3473 = STYLED_ITEM ( 'NONE', ( #6959 ), #4829 ) ;
#3474 =( NAMED_UNIT ( * ) PLANE_ANGLE_UNIT ( ) SI_UNIT ( $, .RADIAN. ) );
#3475 = LINE ( 'NONE', #5767, #1884 ) ;
#3476 = DIRECTION ( 'NONE',  ( 0.000000000000000000, 0.000000000000000000, 1.000000000000000000 ) ) ;
#3477 = STYLED_ITEM ( 'NONE', ( #2387 ), #5016 ) ;
#3478 = FILL_AREA_STYLE_COLOUR ( '', #3777 ) ;
#3479 = VECTOR ( 'NONE', #3620, 1000.000000000000000 ) ;
#3480 = ORIENTED_EDGE ( 'NONE', *, *, #6447, .F. ) ;
#3481 = ADVANCED_FACE ( 'NONE', ( #5261 ), #3471, .T. ) ;
#3482 =( NAMED_UNIT ( * ) PLANE_ANGLE_UNIT ( ) SI_UNIT ( $, .RADIAN. ) );
#3483 = AXIS2_PLACEMENT_3D ( 'NONE', #651, #3684, #93 ) ;
#3484 = VECTOR ( 'NONE', #6627, 1000.000000000000000 ) ;
#3485 =( BOUNDED_CURVE ( )  B_SPLINE_CURVE ( 3, ( #4849, #757, #4211, #161 ),
 .UNSPECIFIED., .F., .F. ) 
 B_SPLINE_CURVE_WITH_KNOTS ( ( 4, 4 ),
 ( 4.712388980384689674, 5.410520681138047294 ),
 .UNSPECIFIED. ) 
 CURVE ( )  GEOMETRIC_REPRESENTATION_ITEM ( )  RATIONAL_B_SPLINE_CURVE ( ( 1.000000000000000000, 0.9597950805289978682, 0.9597950805289978682, 1.000000000000000000 ) ) 
 REPRESENTATION_ITEM ( '' )  );
#3486 = CARTESIAN_POINT ( 'NONE',  ( 2.355000000014429773, 2.150000000000320100, 0.000000000000000000 ) ) ;
#3487 = DIRECTION ( 'NONE',  ( 0.000000000000000000, 1.000000000000000000, 0.000000000000000000 ) ) ;
#3488 = ORIENTED_EDGE ( 'NONE', *, *, #126, .T. ) ;
#3489 = SURFACE_STYLE_USAGE ( .BOTH. , #6341 ) ;
#3490 = CARTESIAN_POINT ( 'NONE',  ( 2.739999999999999769, -2.575000000000000178, 0.02000000000000000042 ) ) ;
#3491 = EDGE_LOOP ( 'NONE', ( #3005, #2069, #1081, #4166 ) ) ;
#3492 = SURFACE_SIDE_STYLE ('',( #4058 ) ) ;
#3493 = EDGE_CURVE ( 'NONE', #3441, #1074, #736, .T. ) ;
#3494 = EDGE_CURVE ( 'NONE', #3277, #3351, #3926, .T. ) ;
#3495 = EDGE_CURVE ( 'NONE', #1109, #5590, #3507, .T. ) ;
#3496 = AXIS2_PLACEMENT_3D ( 'NONE', #2290, #6308, #1119 ) ;
#3497 = ORIENTED_EDGE ( 'NONE', *, *, #3630, .F. ) ;
#3498 = DIRECTION ( 'NONE',  ( 0.000000000000000000, 0.000000000000000000, -1.000000000000000000 ) ) ;
#3499 = SURFACE_SIDE_STYLE ('',( #606 ) ) ;
#3500 = ORIENTED_EDGE ( 'NONE', *, *, #3281, .F. ) ;
#3501 = ORIENTED_EDGE ( 'NONE', *, *, #6210, .T. ) ;
#3502 = CARTESIAN_POINT ( 'NONE',  ( 2.570000000014279529, -0.2650000000002140088, 0.2500000000000000000 ) ) ;
#3503 = EDGE_CURVE ( 'NONE', #4354, #5024, #6922, .T. ) ;
#3504 = DIRECTION ( 'NONE',  ( 0.000000000000000000, 1.000000000000000000, 0.000000000000000000 ) ) ;
#3505 = ORIENTED_EDGE ( 'NONE', *, *, #3000, .F. ) ;
#3506 = CARTESIAN_POINT ( 'NONE',  ( 2.437553901007520007, -2.272553901007519972, 1.896896626227940086 ) ) ;
#3507 = LINE ( 'NONE', #5150, #1734 ) ;
#3508 = CARTESIAN_POINT ( 'NONE',  ( 2.420000000014739694, 1.005000000000220162, 0.000000000000000000 ) ) ;
#3509 = PRESENTATION_LAYER_ASSIGNMENT (  '', '', ( #4347 ) ) ;
#3510 =( LENGTH_UNIT ( ) NAMED_UNIT ( * ) SI_UNIT ( .MILLI., .METRE. ) );
#3511 = UNCERTAINTY_MEASURE_WITH_UNIT (LENGTH_MEASURE( 1.000000000000000082E-05 ), #1469, 'distance_accuracy_value', 'NONE');
#3512 = ORIENTED_EDGE ( 'NONE', *, *, #3047, .F. ) ;
#3513 = CIRCLE ( 'NONE', #3166, 0.1500000000000458189 ) ;
#3514 = CARTESIAN_POINT ( 'NONE',  ( -1.850000000000000089, 1.550000000000000044, 0.9979999999999999982 ) ) ;
#3515 = FILL_AREA_STYLE ('',( #35 ) ) ;
#3516 = SURFACE_SIDE_STYLE ('',( #1719 ) ) ;
#3517 =( NAMED_UNIT ( * ) SI_UNIT ( $, .STERADIAN. ) SOLID_ANGLE_UNIT ( ) );
#3518 = DIRECTION ( 'NONE',  ( 0.000000000000000000, 0.000000000000000000, 1.000000000000000000 ) ) ;
#3519 =( GEOMETRIC_REPRESENTATION_CONTEXT ( 3 ) GLOBAL_UNCERTAINTY_ASSIGNED_CONTEXT ( ( #5301 ) ) GLOBAL_UNIT_ASSIGNED_CONTEXT ( ( #5958, #4797, #4229 ) ) REPRESENTATION_CONTEXT ( 'NONE', 'WORKASPACE' ) );
#3520 = EDGE_CURVE ( 'NONE', #6601, #5069, #4254, .T. ) ;
#3521 = PLANE ( 'NONE',  #7341 ) ;
#3522 = CARTESIAN_POINT ( 'NONE',  ( 2.790000000000000036, -0.4150000000006690004, 0.2500000000000000000 ) ) ;
#3523 = ORIENTED_EDGE ( 'NONE', *, *, #1215, .F. ) ;
#3524 =( LENGTH_UNIT ( ) NAMED_UNIT ( * ) SI_UNIT ( .MILLI., .METRE. ) );
#3525 = ORIENTED_EDGE ( 'NONE', *, *, #5456, .T. ) ;
#3526 = LINE ( 'NONE', #3562, #4857 ) ;
#3527 = CARTESIAN_POINT ( 'NONE',  ( -2.744999999999927276, 1.682901994569371507, 0.2500000000000000000 ) ) ;
#3528 = PRESENTATION_STYLE_ASSIGNMENT (( #1161 ) ) ;
#3529 = VECTOR ( 'NONE', #3266, 1000.000000000000000 ) ;
#3530 = CARTESIAN_POINT ( 'NONE',  ( 2.789999999999859703, 2.274999999998240430, 0.000000000000000000 ) ) ;
#3531 =( LENGTH_UNIT ( ) NAMED_UNIT ( * ) SI_UNIT ( .MILLI., .METRE. ) );
#3532 = AXIS2_PLACEMENT_3D ( 'NONE', #3514, #4599, #6895 ) ;
#3533 = VERTEX_POINT ( 'NONE', #1747 ) ;
#3534 = ORIENTED_EDGE ( 'NONE', *, *, #1208, .F. ) ;
#3535 = DIRECTION ( 'NONE',  ( 0.000000000000000000, 0.000000000000000000, 1.000000000000000000 ) ) ;
#3536 = CARTESIAN_POINT ( 'NONE',  ( 2.374999999997129851, 1.019999999999190221, 0.000000000000000000 ) ) ;
#3537 = VERTEX_POINT ( 'NONE', #7448 ) ;
#3538 = FILL_AREA_STYLE_COLOUR ( '', #1152 ) ;
#3539 = DIRECTION ( 'NONE',  ( 0.000000000000000000, 0.000000000000000000, 1.000000000000000000 ) ) ;
#3540 = COLOUR_RGB ( '',0.8666666666666666963, 0.8666666666666666963, 0.8666666666666666963 ) ;
#3541 = FILL_AREA_STYLE_COLOUR ( '', #1863 ) ;
#3542 = EDGE_CURVE ( 'NONE', #3181, #5072, #5297, .T. ) ;
#3543 = SURFACE_SIDE_STYLE ('',( #4149 ) ) ;
#3544 = EDGE_CURVE ( 'NONE', #5893, #5793, #618, .T. ) ;
#3545 = CYLINDRICAL_SURFACE ( 'NONE', #5133, 0.2249999999991121880 ) ;
#3546 = DIRECTION ( 'NONE',  ( 0.000000000000000000, 0.000000000000000000, 1.000000000000000000 ) ) ;
#3547 = VERTEX_POINT ( 'NONE', #508 ) ;
#3548 = SURFACE_STYLE_USAGE ( .BOTH. , #590 ) ;
#3549 =( GEOMETRIC_REPRESENTATION_CONTEXT ( 3 ) GLOBAL_UNCERTAINTY_ASSIGNED_CONTEXT ( ( #443 ) ) GLOBAL_UNIT_ASSIGNED_CONTEXT ( ( #2263, #6876, #7471 ) ) REPRESENTATION_CONTEXT ( 'NONE', 'WORKASPACE' ) );
#3550 = VECTOR ( 'NONE', #2300, 1000.000000000000000 ) ;
#3551 = SURFACE_STYLE_USAGE ( .BOTH. , #1225 ) ;
#3552 = FILL_AREA_STYLE ('',( #4008 ) ) ;
#3553 = EDGE_CURVE ( 'NONE', #4755, #2189, #4033, .T. ) ;
#3554 = SURFACE_STYLE_USAGE ( .BOTH. , #2983 ) ;
#3555 =( NAMED_UNIT ( * ) SI_UNIT ( $, .STERADIAN. ) SOLID_ANGLE_UNIT ( ) );
#3556 = VECTOR ( 'NONE', #5380, 1000.000000000000000 ) ;
#3557 = MECHANICAL_DESIGN_GEOMETRIC_PRESENTATION_REPRESENTATION (  '', ( #1971 ), #3921 ) ;
#3558 = SURFACE_STYLE_USAGE ( .BOTH. , #4014 ) ;
#3559 = STYLED_ITEM ( 'NONE', ( #725 ), #1047 ) ;
#3560 = ORIENTED_EDGE ( 'NONE', *, *, #5334, .F. ) ;
#3561 = ORIENTED_EDGE ( 'NONE', *, *, #767, .T. ) ;
#3562 = CARTESIAN_POINT ( 'NONE',  ( 2.420000000014369768, -0.2500000000007960299, 0.2500000000000000000 ) ) ;
#3563 = AXIS2_PLACEMENT_3D ( 'NONE', #6702, #5566, #3290 ) ;
#3564 = CARTESIAN_POINT ( 'NONE',  ( 2.789999999999679847, 2.124999999998290257, 0.000000000000000000 ) ) ;
#3565 = SURFACE_STYLE_USAGE ( .BOTH. , #3033 ) ;
#3566 = CYLINDRICAL_SURFACE ( 'NONE', #4504, 0.1499999999999418188 ) ;
#3567 = FACE_OUTER_BOUND ( 'NONE', #3675, .T. ) ;
#3568 = ORIENTED_EDGE ( 'NONE', *, *, #4517, .F. ) ;
#3569 = EDGE_LOOP ( 'NONE', ( #2563, #3902, #6719, #7388 ) ) ;
#3570 = DIRECTION ( 'NONE',  ( 3.741306804038510128E-13, 1.000000000000000000, 0.000000000000000000 ) ) ;
#3571 = CARTESIAN_POINT ( 'NONE',  ( -2.310000001215910093, -0.8549999999999049471, 0.000000000000000000 ) ) ;
#3572 = PRESENTATION_STYLE_ASSIGNMENT (( #3619 ) ) ;
#3573 = SURFACE_STYLE_FILL_AREA ( #6400 ) ;
#3574 = CARTESIAN_POINT ( 'NONE',  ( 2.789999999999699831, -1.685000000001110054, 0.000000000000000000 ) ) ;
#3575 = COLOUR_RGB ( '',0.8666666666666666963, 0.8666666666666666963, 0.8666666666666666963 ) ;
#3576 = PRESENTATION_LAYER_ASSIGNMENT (  '', '', ( #4303 ) ) ;
#3577 = DIRECTION ( 'NONE',  ( 1.000000000000000000, -1.421043037891149910E-12, 0.000000000000000000 ) ) ;
#3578 = ADVANCED_FACE ( 'NONE', ( #2464 ), #4783, .F. ) ;
#3579 =( NAMED_UNIT ( * ) SI_UNIT ( $, .STERADIAN. ) SOLID_ANGLE_UNIT ( ) );
#3580 = EDGE_CURVE ( 'NONE', #5268, #6688, #174, .T. ) ;
#3581 = ADVANCED_FACE ( 'NONE', ( #7076 ), #5411, .T. ) ;
#3582 = VECTOR ( 'NONE', #2951, 1000.000000000000000 ) ;
#3583 = PRESENTATION_LAYER_ASSIGNMENT (  '', '', ( #162 ) ) ;
#3584 = EDGE_CURVE ( 'NONE', #4776, #2701, #3735, .T. ) ;
#3585 = VECTOR ( 'NONE', #6217, 1000.000000000000000 ) ;
#3586 = UNCERTAINTY_MEASURE_WITH_UNIT (LENGTH_MEASURE( 1.000000000000000082E-05 ), #1289, 'distance_accuracy_value', 'NONE');
#3587 = ORIENTED_EDGE ( 'NONE', *, *, #1773, .F. ) ;
#3588 = CARTESIAN_POINT ( 'NONE',  ( -2.744999999999924167, -0.4129019945705095229, 0.000000000000000000 ) ) ;
#3589 = DIRECTION ( 'NONE',  ( 0.000000000000000000, 0.000000000000000000, 1.000000000000000000 ) ) ;
#3590 = CARTESIAN_POINT ( 'NONE',  ( -0.08000000002280670264, -2.377098005438139872, 0.000000000000000000 ) ) ;
#3591 = PLANE ( 'NONE',  #5307 ) ;
#3592 = MECHANICAL_DESIGN_GEOMETRIC_PRESENTATION_REPRESENTATION (  '', ( #1533 ), #6357 ) ;
#3593 = PRESENTATION_STYLE_ASSIGNMENT (( #5029 ) ) ;
#3594 = UNCERTAINTY_MEASURE_WITH_UNIT (LENGTH_MEASURE( 1.000000000000000082E-05 ), #56, 'distance_accuracy_value', 'NONE');
#3595 = AXIS2_PLACEMENT_3D ( 'NONE', #5587, #384, #1556 ) ;
#3596 = DIRECTION ( 'NONE',  ( -1.000000000000000000, 0.000000000000000000, 0.000000000000000000 ) ) ;
#3597 = FACE_OUTER_BOUND ( 'NONE', #2728, .T. ) ;
#3598 = ORIENTED_EDGE ( 'NONE', *, *, #2566, .T. ) ;
#3599 = PLANE ( 'NONE',  #5703 ) ;
#3600 = VERTEX_POINT ( 'NONE', #7173 ) ;
#3601 = SURFACE_SIDE_STYLE ('',( #4736 ) ) ;
#3602 = DIRECTION ( 'NONE',  ( -1.836970198721029688E-16, -1.000000000000000000, 0.000000000000000000 ) ) ;
#3603 = EDGE_CURVE ( 'NONE', #1689, #2336, #2003, .T. ) ;
#3604 = PLANE ( 'NONE',  #824 ) ;
#3605 = PRESENTATION_STYLE_ASSIGNMENT (( #755 ) ) ;
#3606 = STYLED_ITEM ( 'NONE', ( #3147 ), #2825 ) ;
#3607 = STYLED_ITEM ( 'NONE', ( #4748 ), #2553 ) ;
#3608 = SURFACE_STYLE_FILL_AREA ( #238 ) ;
#3609 = SURFACE_STYLE_FILL_AREA ( #1857 ) ;
#3610 = CIRCLE ( 'NONE', #3252, 0.1499999999999999667 ) ;
#3611 = MECHANICAL_DESIGN_GEOMETRIC_PRESENTATION_REPRESENTATION (  '', ( #5643 ), #2014 ) ;
#3612 = PLANE ( 'NONE',  #1500 ) ;
#3613 = ORIENTED_EDGE ( 'NONE', *, *, #6473, .F. ) ;
#3614 = VERTEX_POINT ( 'NONE', #1440 ) ;
#3615 = DIRECTION ( 'NONE',  ( 0.000000000000000000, 0.000000000000000000, -1.000000000000000000 ) ) ;
#3616 = PRESENTATION_STYLE_ASSIGNMENT (( #206 ) ) ;
#3617 = FACE_OUTER_BOUND ( 'NONE', #6917, .T. ) ;
#3618 = STYLED_ITEM ( 'NONE', ( #3747 ), #6342 ) ;
#3619 = SURFACE_STYLE_USAGE ( .BOTH. , #1968 ) ;
#3620 = DIRECTION ( 'NONE',  ( 0.7071067811869490294, -0.7071067811861460051, 0.000000000000000000 ) ) ;
#3621 = MECHANICAL_DESIGN_GEOMETRIC_PRESENTATION_REPRESENTATION (  '', ( #2145 ), #3142 ) ;
#3622 =( NAMED_UNIT ( * ) PLANE_ANGLE_UNIT ( ) SI_UNIT ( $, .RADIAN. ) );
#3623 = EDGE_CURVE ( 'NONE', #2369, #1086, #6657, .T. ) ;
#3624 = SURFACE_STYLE_FILL_AREA ( #5298 ) ;
#3625 = FACE_OUTER_BOUND ( 'NONE', #6052, .T. ) ;
#3626 = DIRECTION ( 'NONE',  ( -0.9990152789796082899, -0.04436746967424964189, 0.000000000000000000 ) ) ;
#3627 = CIRCLE ( 'NONE', #5534, 0.1500000000000000222 ) ;
#3628 = VERTEX_POINT ( 'NONE', #3202 ) ;
#3629 = DIRECTION ( 'NONE',  ( 0.000000000000000000, 0.000000000000000000, 1.000000000000000000 ) ) ;
#3630 = EDGE_CURVE ( 'NONE', #5302, #7418, #2036, .T. ) ;
#3631 = AXIS2_PLACEMENT_3D ( 'NONE', #3096, #4757, #7085 ) ;
#3632 =( NAMED_UNIT ( * ) SI_UNIT ( $, .STERADIAN. ) SOLID_ANGLE_UNIT ( ) );
#3633 =( NAMED_UNIT ( * ) SI_UNIT ( $, .STERADIAN. ) SOLID_ANGLE_UNIT ( ) );
#3634 = SURFACE_STYLE_FILL_AREA ( #7053 ) ;
#3635 = AXIS2_PLACEMENT_3D ( 'NONE', #561, #4690, #7461 ) ;
#3636 = PRESENTATION_STYLE_ASSIGNMENT (( #3554 ) ) ;
#3637 = SURFACE_SIDE_STYLE ('',( #3022 ) ) ;
#3638 = MECHANICAL_DESIGN_GEOMETRIC_PRESENTATION_REPRESENTATION (  '', ( #7225 ), #6635 ) ;
#3639 = SURFACE_STYLE_USAGE ( .BOTH. , #6418 ) ;
#3640 = LINE ( 'NONE', #5462, #1911 ) ;
#3641 = EDGE_LOOP ( 'NONE', ( #4536, #3305, #3463, #3 ) ) ;
#3642 =( NAMED_UNIT ( * ) PLANE_ANGLE_UNIT ( ) SI_UNIT ( $, .RADIAN. ) );
#3643 = CARTESIAN_POINT ( 'NONE',  ( -3.220221430730680012, -0.9300000000010870682, 0.2500000000000000000 ) ) ;
#3644 = ORIENTED_EDGE ( 'NONE', *, *, #4445, .F. ) ;
#3645 = DIRECTION ( 'NONE',  ( -2.477462178377830271E-13, -1.000000000000000000, 0.000000000000000000 ) ) ;
#3646 = DIRECTION ( 'NONE',  ( 0.8660254037796203397, -0.5000000000083456575, 0.000000000000000000 ) ) ;
#3647 = FILL_AREA_STYLE ('',( #1196 ) ) ;
#3648 = FILL_AREA_STYLE_COLOUR ( '', #163 ) ;
#3649 = VECTOR ( 'NONE', #1350, 1000.000000000000000 ) ;
#3650 = ADVANCED_FACE ( 'NONE', ( #1526 ), #462, .T. ) ;
#3651 = FILL_AREA_STYLE_COLOUR ( '', #1900 ) ;
#3652 = CARTESIAN_POINT ( 'NONE',  ( 2.570000000014549979, -0.8549999999989950084, 0.000000000000000000 ) ) ;
#3653 = VERTEX_POINT ( 'NONE', #2810 ) ;
#3654 = STYLED_ITEM ( 'NONE', ( #5010 ), #4596 ) ;
#3655 = ORIENTED_EDGE ( 'NONE', *, *, #6832, .F. ) ;
#3656 = LINE ( 'NONE', #18, #4614 ) ;
#3657 = CARTESIAN_POINT ( 'NONE',  ( 2.570000000014739605, 1.005000000000220162, 0.2500000000000000000 ) ) ;
#3658 = LINE ( 'NONE', #5293, #3220 ) ;
#3659 = DIRECTION ( 'NONE',  ( 4.736951571666509666E-14, -1.000000000000000000, 0.000000000000000000 ) ) ;
#3660 =( GEOMETRIC_REPRESENTATION_CONTEXT ( 3 ) GLOBAL_UNCERTAINTY_ASSIGNED_CONTEXT ( ( #6525 ) ) GLOBAL_UNIT_ASSIGNED_CONTEXT ( ( #720, #1854, #2491 ) ) REPRESENTATION_CONTEXT ( 'NONE', 'WORKASPACE' ) );
#3661 =( GEOMETRIC_REPRESENTATION_CONTEXT ( 3 ) GLOBAL_UNCERTAINTY_ASSIGNED_CONTEXT ( ( #7268 ) ) GLOBAL_UNIT_ASSIGNED_CONTEXT ( ( #2183, #6838, #1620 ) ) REPRESENTATION_CONTEXT ( 'NONE', 'WORKASPACE' ) );
#3662 = AXIS2_PLACEMENT_3D ( 'NONE', #3818, #5183, #329 ) ;
#3663 = DIRECTION ( 'NONE',  ( 1.000000000000000000, -3.637090635158829833E-12, 0.000000000000000000 ) ) ;
#3664 = SURFACE_STYLE_FILL_AREA ( #4895 ) ;
#3665 = UNCERTAINTY_MEASURE_WITH_UNIT (LENGTH_MEASURE( 1.000000000000000082E-05 ), #3668, 'distance_accuracy_value', 'NONE');
#3666 =( GEOMETRIC_REPRESENTATION_CONTEXT ( 3 ) GLOBAL_UNCERTAINTY_ASSIGNED_CONTEXT ( ( #5989 ) ) GLOBAL_UNIT_ASSIGNED_CONTEXT ( ( #2329, #1731, #85 ) ) REPRESENTATION_CONTEXT ( 'NONE', 'WORKASPACE' ) );
#3667 = ORIENTED_EDGE ( 'NONE', *, *, #7117, .T. ) ;
#3668 =( LENGTH_UNIT ( ) NAMED_UNIT ( * ) SI_UNIT ( .MILLI., .METRE. ) );
#3669 = LINE ( 'NONE', #4155, #3279 ) ;
#3670 = DIRECTION ( 'NONE',  ( 1.000000000000000000, 2.067033413106070175E-13, 0.000000000000000000 ) ) ;
#3671 = FILL_AREA_STYLE_COLOUR ( '', #2539 ) ;
#3672 = FILL_AREA_STYLE ('',( #6413 ) ) ;
#3673 = UNCERTAINTY_MEASURE_WITH_UNIT (LENGTH_MEASURE( 1.000000000000000082E-05 ), #4468, 'distance_accuracy_value', 'NONE');
#3674 =( NAMED_UNIT ( * ) PLANE_ANGLE_UNIT ( ) SI_UNIT ( $, .RADIAN. ) );
#3675 = EDGE_LOOP ( 'NONE', ( #6407, #6053, #3297, #7211 ) ) ;
#3676 = PRESENTATION_STYLE_ASSIGNMENT (( #6494 ) ) ;
#3677 = DIRECTION ( 'NONE',  ( -1.000000000000000000, 0.000000000000000000, 0.000000000000000000 ) ) ;
#3678 = ORIENTED_EDGE ( 'NONE', *, *, #5826, .T. ) ;
#3679 = DIRECTION ( 'NONE',  ( 1.000000000000000000, 0.000000000000000000, 0.000000000000000000 ) ) ;
#3680 =( LENGTH_UNIT ( ) NAMED_UNIT ( * ) SI_UNIT ( .MILLI., .METRE. ) );
#3681 = ORIENTED_EDGE ( 'NONE', *, *, #3086, .T. ) ;
#3682 = DIRECTION ( 'NONE',  ( -0.000000000000000000, 1.000000000000000000, 0.000000000000000000 ) ) ;
#3683 = STYLED_ITEM ( 'NONE', ( #5511 ), #3068 ) ;
#3684 = DIRECTION ( 'NONE',  ( 0.000000000000000000, 0.000000000000000000, -1.000000000000000000 ) ) ;
#3685 = AXIS2_PLACEMENT_3D ( 'NONE', #5312, #3067, #120 ) ;
#3686 = ADVANCED_FACE ( 'NONE', ( #7321 ), #5099, .F. ) ;
#3687 =( NAMED_UNIT ( * ) PLANE_ANGLE_UNIT ( ) SI_UNIT ( $, .RADIAN. ) );
#3688 = FILL_AREA_STYLE_COLOUR ( '', #4633 ) ;
#3689 = ORIENTED_EDGE ( 'NONE', *, *, #209, .T. ) ;
#3690 = VECTOR ( 'NONE', #6213, 1000.000000000000000 ) ;
#3691 = DIRECTION ( 'NONE',  ( 0.000000000000000000, 0.000000000000000000, 1.000000000000000000 ) ) ;
#3692 = LINE ( 'NONE', #612, #6821 ) ;
#3693 = LINE ( 'NONE', #5943, #4550 ) ;
#3694 = DIRECTION ( 'NONE',  ( -1.000000000000000000, 9.094947017778909985E-12, 0.000000000000000000 ) ) ;
#3695 = CARTESIAN_POINT ( 'NONE',  ( -2.310000001215910093, -0.8549999999999049471, 0.000000000000000000 ) ) ;
#3696 = EDGE_CURVE ( 'NONE', #5640, #7196, #4967, .T. ) ;
#3697 = FACE_OUTER_BOUND ( 'NONE', #7241, .T. ) ;
#3698 =( GEOMETRIC_REPRESENTATION_CONTEXT ( 3 ) GLOBAL_UNCERTAINTY_ASSIGNED_CONTEXT ( ( #2819 ) ) GLOBAL_UNIT_ASSIGNED_CONTEXT ( ( #2970, #3474, #6364 ) ) REPRESENTATION_CONTEXT ( 'NONE', 'WORKASPACE' ) );
#3699 = EDGE_CURVE ( 'NONE', #5241, #2685, #6171, .T. ) ;
#3700 = MECHANICAL_DESIGN_GEOMETRIC_PRESENTATION_REPRESENTATION (  '', ( #4652 ), #37 ) ;
#3701 = ORIENTED_EDGE ( 'NONE', *, *, #7253, .T. ) ;
#3702 = LINE ( 'NONE', #5419, #2030 ) ;
#3703 = DIRECTION ( 'NONE',  ( -1.000000000000000000, 4.779827929315450182E-13, 0.000000000000000000 ) ) ;
#3704 = AXIS2_PLACEMENT_3D ( 'NONE', #4650, #4240, #3646 ) ;
#3705 = PLANE ( 'NONE',  #1262 ) ;
#3706 = COLOUR_RGB ( '',0.8666666666666666963, 0.8666666666666666963, 0.8666666666666666963 ) ;
#3707 =( NAMED_UNIT ( * ) SI_UNIT ( $, .STERADIAN. ) SOLID_ANGLE_UNIT ( ) );
#3708 = PRESENTATION_LAYER_ASSIGNMENT (  '', '', ( #5490 ) ) ;
#3709 =( GEOMETRIC_REPRESENTATION_CONTEXT ( 3 ) GLOBAL_UNCERTAINTY_ASSIGNED_CONTEXT ( ( #7121 ) ) GLOBAL_UNIT_ASSIGNED_CONTEXT ( ( #4270, #2594, #3868 ) ) REPRESENTATION_CONTEXT ( 'NONE', 'WORKASPACE' ) );
#3710 = AXIS2_PLACEMENT_3D ( 'NONE', #3413, #4451, #518 ) ;
#3711 = CYLINDRICAL_SURFACE ( 'NONE', #5401, 0.1000000000000001443 ) ;
#3712 = SURFACE_SIDE_STYLE ('',( #7191 ) ) ;
#3713 = ORIENTED_EDGE ( 'NONE', *, *, #7186, .F. ) ;
#3714 = EDGE_CURVE ( 'NONE', #1438, #4354, #5461, .T. ) ;
#3715 = CARTESIAN_POINT ( 'NONE',  ( 2.420000000014739694, -1.535000000000650067, 0.000000000000000000 ) ) ;
#3716 = MECHANICAL_DESIGN_GEOMETRIC_PRESENTATION_REPRESENTATION (  '', ( #6349 ), #7180 ) ;
#3717 = DIRECTION ( 'NONE',  ( 1.000000000000000000, 3.645073844453869748E-13, 0.000000000000000000 ) ) ;
#3718 = ORIENTED_EDGE ( 'NONE', *, *, #3364, .F. ) ;
#3719 =( NAMED_UNIT ( * ) PLANE_ANGLE_UNIT ( ) SI_UNIT ( $, .RADIAN. ) );
#3720 = LINE ( 'NONE', #6720, #3956 ) ;
#3721 = ORIENTED_EDGE ( 'NONE', *, *, #2549, .T. ) ;
#3722 = LINE ( 'NONE', #1512, #4604 ) ;
#3723 = FACE_OUTER_BOUND ( 'NONE', #2813, .T. ) ;
#3724 = PLANE ( 'NONE',  #7082 ) ;
#3725 = DIRECTION ( 'NONE',  ( -1.000000000000000000, 7.274181257380620317E-12, 0.000000000000000000 ) ) ;
#3726 = ORIENTED_EDGE ( 'NONE', *, *, #2156, .F. ) ;
#3727 = PRESENTATION_STYLE_ASSIGNMENT (( #2498 ) ) ;
#3728 = ORIENTED_EDGE ( 'NONE', *, *, #4366, .F. ) ;
#3729 = PRESENTATION_STYLE_ASSIGNMENT (( #3767 ) ) ;
#3730 = EDGE_CURVE ( 'NONE', #1698, #5466, #3915, .T. ) ;
#3731 = CIRCLE ( 'NONE', #2997, 0.1499999999999970246 ) ;
#3732 = PRESENTATION_LAYER_ASSIGNMENT (  '', '', ( #6003 ) ) ;
#3733 = LINE ( 'NONE', #4325, #62 ) ;
#3734 = AXIS2_PLACEMENT_3D ( 'NONE', #472, #4510, #3856 ) ;
#3735 = LINE ( 'NONE', #6025, #1845 ) ;
#3736 = CARTESIAN_POINT ( 'NONE',  ( -2.511791012089830133, 2.212499999999999911, 0.9000000000000000222 ) ) ;
#3737 = VECTOR ( 'NONE', #3931, 1000.000000000000000 ) ;
#3738 = FILL_AREA_STYLE ('',( #4716 ) ) ;
#3739 = CARTESIAN_POINT ( 'NONE',  ( 2.575000000017119817, 2.274999999998350120, 0.2500000000000000000 ) ) ;
#3740 = CARTESIAN_POINT ( 'NONE',  ( -2.744999999999926388, 1.682901994569377502, 0.000000000000000000 ) ) ;
#3741 = PRESENTATION_LAYER_ASSIGNMENT (  '', '', ( #6975 ) ) ;
#3742 = CARTESIAN_POINT ( 'NONE',  ( -2.739999999999999769, 2.575000000000000178, 0.02000000000000000042 ) ) ;
#3743 = UNCERTAINTY_MEASURE_WITH_UNIT (LENGTH_MEASURE( 1.000000000000000082E-05 ), #5726, 'distance_accuracy_value', 'NONE');
#3744 = ORIENTED_EDGE ( 'NONE', *, *, #5731, .T. ) ;
#3745 =( NAMED_UNIT ( * ) PLANE_ANGLE_UNIT ( ) SI_UNIT ( $, .RADIAN. ) );
#3746 = SURFACE_STYLE_FILL_AREA ( #1377 ) ;
#3747 = PRESENTATION_STYLE_ASSIGNMENT (( #1951 ) ) ;
#3748 = DIRECTION ( 'NONE',  ( -4.574771934209029633E-13, -1.000000000000000000, 0.000000000000000000 ) ) ;
#3749 =( LENGTH_UNIT ( ) NAMED_UNIT ( * ) SI_UNIT ( .MILLI., .METRE. ) );
#3750 = DIRECTION ( 'NONE',  ( 0.000000000000000000, 0.000000000000000000, -1.000000000000000000 ) ) ;
#3751 = ORIENTED_EDGE ( 'NONE', *, *, #4280, .F. ) ;
#3752 = CARTESIAN_POINT ( 'NONE',  ( 0.1549999999992909827, -2.225000000000249667, 0.2500000000000000000 ) ) ;
#3753 = DIRECTION ( 'NONE',  ( 0.000000000000000000, 0.000000000000000000, 1.000000000000000000 ) ) ;
#3754 = ORIENTED_EDGE ( 'NONE', *, *, #395, .T. ) ;
#3755 = SURFACE_SIDE_STYLE ('',( #7128 ) ) ;
#3756 =( NAMED_UNIT ( * ) SI_UNIT ( $, .STERADIAN. ) SOLID_ANGLE_UNIT ( ) );
#3757 = ORIENTED_EDGE ( 'NONE', *, *, #1078, .T. ) ;
#3758 = DIRECTION ( 'NONE',  ( 0.000000000000000000, 0.000000000000000000, 1.000000000000000000 ) ) ;
#3759 = EDGE_CURVE ( 'NONE', #4450, #16, #1009, .T. ) ;
#3760 = AXIS2_PLACEMENT_3D ( 'NONE', #486, #4731, #6448 ) ;
#3761 = CYLINDRICAL_SURFACE ( 'NONE', #603, 0.1499999999996239619 ) ;
#3762 = CARTESIAN_POINT ( 'NONE',  ( -3.220000000017930297, -2.199999999999930456, 0.000000000000000000 ) ) ;
#3763 = VERTEX_POINT ( 'NONE', #4501 ) ;
#3764 = FILL_AREA_STYLE_COLOUR ( '', #6181 ) ;
#3765 = ORIENTED_EDGE ( 'NONE', *, *, #2963, .F. ) ;
#3766 = AXIS2_PLACEMENT_3D ( 'NONE', #5662, #2252, #5781 ) ;
#3767 = SURFACE_STYLE_USAGE ( .BOTH. , #6731 ) ;
#3768 = VECTOR ( 'NONE', #80, 1000.000000000000000 ) ;
#3769 = DIRECTION ( 'NONE',  ( 0.000000000000000000, 0.000000000000000000, 1.000000000000000000 ) ) ;
#3770 = FILL_AREA_STYLE ('',( #1329 ) ) ;
#3771 = ORIENTED_EDGE ( 'NONE', *, *, #6761, .F. ) ;
#3772 = AXIS2_PLACEMENT_3D ( 'NONE', #2168, #919, #1648 ) ;
#3773 = DIRECTION ( 'NONE',  ( 0.000000000000000000, 0.000000000000000000, 1.000000000000000000 ) ) ;
#3774 = LINE ( 'NONE', #6027, #666 ) ;
#3775 = DIRECTION ( 'NONE',  ( 1.455280343333739846E-11, -1.000000000000000000, 0.000000000000000000 ) ) ;
#3776 =( NAMED_UNIT ( * ) SI_UNIT ( $, .STERADIAN. ) SOLID_ANGLE_UNIT ( ) );
#3777 = COLOUR_RGB ( '',0.8666666666666666963, 0.8666666666666666963, 0.8666666666666666963 ) ;
#3778 = PRESENTATION_LAYER_ASSIGNMENT (  '', '', ( #4279 ) ) ;
#3779 = EDGE_CURVE ( 'NONE', #7199, #1155, #2378, .T. ) ;
#3780 = EDGE_LOOP ( 'NONE', ( #5463, #1623, #5750, #7346 ) ) ;
#3781 = FILL_AREA_STYLE_COLOUR ( '', #6619 ) ;
#3782 = VECTOR ( 'NONE', #3006, 1000.000000000000000 ) ;
#3783 = CARTESIAN_POINT ( 'NONE',  ( -3.220000000017390285, -0.9200202810956169541, 0.2500000000000000000 ) ) ;
#3784 = EDGE_CURVE ( 'NONE', #2268, #1930, #4133, .T. ) ;
#3785 = CARTESIAN_POINT ( 'NONE',  ( -3.220221562247350011, 1.609999999999500053, 0.2500000000000000000 ) ) ;
#3786 = SURFACE_SIDE_STYLE ('',( #745 ) ) ;
#3787 = STYLED_ITEM ( 'NONE', ( #4390 ), #5808 ) ;
#3788 = CARTESIAN_POINT ( 'NONE',  ( -3.220221430730760392, 0.3399999999992359689, 0.000000000000000000 ) ) ;
#3789 = ORIENTED_EDGE ( 'NONE', *, *, #5091, .T. ) ;
#3790 = LINE ( 'NONE', #3188, #3347 ) ;
#3791 = ADVANCED_FACE ( 'NONE', ( #4578 ), #3566, .F. ) ;
#3792 = CARTESIAN_POINT ( 'NONE',  ( 2.919903810568900138, -0.9300000000011960921, 0.000000000000000000 ) ) ;
#3793 = ORIENTED_EDGE ( 'NONE', *, *, #3825, .F. ) ;
#3794 = CARTESIAN_POINT ( 'NONE',  ( -2.739999999999950031, -2.125000000001020073, 0.2500000000000000000 ) ) ;
#3795 =( GEOMETRIC_REPRESENTATION_CONTEXT ( 3 ) GLOBAL_UNCERTAINTY_ASSIGNED_CONTEXT ( ( #1978 ) ) GLOBAL_UNIT_ASSIGNED_CONTEXT ( ( #4879, #6008, #6712 ) ) REPRESENTATION_CONTEXT ( 'NONE', 'WORKASPACE' ) );
#3796 = EDGE_LOOP ( 'NONE', ( #570, #4993, #4539, #5356 ) ) ;
#3797 = CARTESIAN_POINT ( 'NONE',  ( 2.790000000000339764, 0.4150000000004410161, 0.000000000000000000 ) ) ;
#3798 = SURFACE_STYLE_USAGE ( .BOTH. , #3231 ) ;
#3799 = CARTESIAN_POINT ( 'NONE',  ( -2.794999999999910223, 0.4149999999991679789, 0.000000000000000000 ) ) ;
#3800 = VERTEX_POINT ( 'NONE', #5861 ) ;
#3801 = DIRECTION ( 'NONE',  ( 3.168182844508599708E-13, -1.000000000000000000, 0.000000000000000000 ) ) ;
#3802 = ORIENTED_EDGE ( 'NONE', *, *, #4839, .F. ) ;
#3803 = FILL_AREA_STYLE ('',( #4961 ) ) ;
#3804 =( LENGTH_UNIT ( ) NAMED_UNIT ( * ) SI_UNIT ( .MILLI., .METRE. ) );
#3805 =( NAMED_UNIT ( * ) PLANE_ANGLE_UNIT ( ) SI_UNIT ( $, .RADIAN. ) );
#3806 = DIRECTION ( 'NONE',  ( 3.474679658982749680E-13, 1.000000000000000000, 0.000000000000000000 ) ) ;
#3807 = STYLED_ITEM ( 'NONE', ( #1799 ), #3145 ) ;
#3808 = CARTESIAN_POINT ( 'NONE',  ( 3.220222332087919970, -0.3400000000014820056, 0.2500000000000000000 ) ) ;
#3809 = FACE_OUTER_BOUND ( 'NONE', #5819, .T. ) ;
#3810 = ORIENTED_EDGE ( 'NONE', *, *, #4839, .T. ) ;
#3811 = CARTESIAN_POINT ( 'NONE',  ( -2.770000000045529820, 0.2649999999995449884, 0.000000000000000000 ) ) ;
#3812 = CARTESIAN_POINT ( 'NONE',  ( 2.570000000014140085, 0.2650000000010639956, 0.000000000000000000 ) ) ;
#3813 = VECTOR ( 'NONE', #6433, 1000.000000000000000 ) ;
#3814 = LINE ( 'NONE', #7113, #1530 ) ;
#3815 = DIRECTION ( 'NONE',  ( -1.000000000000000000, 0.000000000000000000, 0.000000000000000000 ) ) ;
#3816 = UNCERTAINTY_MEASURE_WITH_UNIT (LENGTH_MEASURE( 1.000000000000000082E-05 ), #1632, 'distance_accuracy_value', 'NONE');
#3818 = CARTESIAN_POINT ( 'NONE',  ( -2.729046351645020074, 0.6353525405622779676, 0.000000000000000000 ) ) ;
#3817 = SURFACE_STYLE_USAGE ( .BOTH. , #4371 ) ;
#3819 = ADVANCED_FACE ( 'NONE', ( #5138 ), #4024, .T. ) ;
#3820 = DIRECTION ( 'NONE',  ( 0.05226442753735779934, -0.05226442753735400376, 0.9972646886501019825 ) ) ;
#3821 = EDGE_CURVE ( 'NONE', #255, #7367, #1366, .T. ) ;
#3822 =( LENGTH_UNIT ( ) NAMED_UNIT ( * ) SI_UNIT ( .MILLI., .METRE. ) );
#3823 = EDGE_CURVE ( 'NONE', #2258, #927, #605, .T. ) ;
#3824 = LINE ( 'NONE', #7267, #7172 ) ;
#3825 = EDGE_CURVE ( 'NONE', #6755, #465, #4655, .T. ) ;
#3826 = UNCERTAINTY_MEASURE_WITH_UNIT (LENGTH_MEASURE( 1.000000000000000082E-05 ), #1403, 'distance_accuracy_value', 'NONE');
#3827 = EDGE_CURVE ( 'NONE', #516, #2714, #5101, .T. ) ;
#3828 = CARTESIAN_POINT ( 'NONE',  ( -2.770000000045059974, 1.684999999999510001, 0.000000000000000000 ) ) ;
#3829 = ORIENTED_EDGE ( 'NONE', *, *, #6447, .T. ) ;
#3830 = CYLINDRICAL_SURFACE ( 'NONE', #4665, 0.09999999999999979738 ) ;
#3831 = DIRECTION ( 'NONE',  ( 0.000000000000000000, 0.000000000000000000, -1.000000000000000000 ) ) ;
#3832 = EDGE_LOOP ( 'NONE', ( #4457, #1870, #313, #6828 ) ) ;
#3833 = PRESENTATION_STYLE_ASSIGNMENT (( #5613 ) ) ;
#3834 =( NAMED_UNIT ( * ) SI_UNIT ( $, .STERADIAN. ) SOLID_ANGLE_UNIT ( ) );
#3835 = ORIENTED_EDGE ( 'NONE', *, *, #6477, .T. ) ;
#3836 = AXIS2_PLACEMENT_3D ( 'NONE', #3912, #3340, #5627 ) ;
#3837 = DIRECTION ( 'NONE',  ( 0.000000000000000000, 1.000000000000000000, 0.000000000000000000 ) ) ;
#3838 = LINE ( 'NONE', #513, #2501 ) ;
#3839 = AXIS2_PLACEMENT_3D ( 'NONE', #1834, #701, #4111 ) ;
#3840 = VECTOR ( 'NONE', #6857, 1000.000000000000000 ) ;
#3841 = CARTESIAN_POINT ( 'NONE',  ( 2.502891199240389941, 2.337891199240390350, 1.526350394809270039 ) ) ;
#3842 = ORIENTED_EDGE ( 'NONE', *, *, #1203, .T. ) ;
#3843 = ADVANCED_FACE ( 'NONE', ( #5358 ), #3761, .F. ) ;
#3844 = DIRECTION ( 'NONE',  ( 0.000000000000000000, 0.000000000000000000, -1.000000000000000000 ) ) ;
#3845 = EDGE_LOOP ( 'NONE', ( #4919, #5182, #3017, #1894 ) ) ;
#3846 = CARTESIAN_POINT ( 'NONE',  ( -1.850000000000000089, 1.550000000000000044, 0.9979999999999999982 ) ) ;
#3847 =( NAMED_UNIT ( * ) PLANE_ANGLE_UNIT ( ) SI_UNIT ( $, .RADIAN. ) );
#3848 = PRESENTATION_LAYER_ASSIGNMENT (  '', '', ( #1276 ) ) ;
#3849 = DIRECTION ( 'NONE',  ( -2.307182223049707582E-12, -1.000000000000000000, 0.000000000000000000 ) ) ;
#3850 =( LENGTH_UNIT ( ) NAMED_UNIT ( * ) SI_UNIT ( .MILLI., .METRE. ) );
#3851 = VECTOR ( 'NONE', #1190, 1000.000000000000000 ) ;
#3852 = ORIENTED_EDGE ( 'NONE', *, *, #4445, .T. ) ;
#3853 = AXIS2_PLACEMENT_3D ( 'NONE', #1368, #2033, #770 ) ;
#3854 = FACE_OUTER_BOUND ( 'NONE', #1957, .T. ) ;
#3855 = CYLINDRICAL_SURFACE ( 'NONE', #1404, 0.1500000000000278333 ) ;
#3856 = DIRECTION ( 'NONE',  ( -1.000000000000000000, 2.131628207265639862E-13, 0.000000000000000000 ) ) ;
#3857 = MECHANICAL_DESIGN_GEOMETRIC_PRESENTATION_REPRESENTATION (  '', ( #4208 ), #5040 ) ;
#3858 = PRESENTATION_LAYER_ASSIGNMENT (  '', '', ( #7084 ) ) ;
#3859 = EDGE_CURVE ( 'NONE', #5024, #2406, #6050, .T. ) ;
#3860 = AXIS2_PLACEMENT_3D ( 'NONE', #7494, #2319, #4638 ) ;
#3861 =( LENGTH_UNIT ( ) NAMED_UNIT ( * ) SI_UNIT ( .MILLI., .METRE. ) );
#3862 = CARTESIAN_POINT ( 'NONE',  ( 1.234101145984490167, -9.749546774551389172E-08, 0.000000000000000000 ) ) ;
#3863 = CARTESIAN_POINT ( 'NONE',  ( -2.794999999999910223, -0.4150000000012140089, 0.000000000000000000 ) ) ;
#3864 = EDGE_CURVE ( 'NONE', #86, #5640, #4753, .T. ) ;
#3865 = AXIS2_PLACEMENT_3D ( 'NONE', #3930, #3866, #6146 ) ;
#3866 = DIRECTION ( 'NONE',  ( 0.000000000000000000, 0.000000000000000000, 1.000000000000000000 ) ) ;
#3867 = EDGE_LOOP ( 'NONE', ( #4968, #4576, #2291, #3976 ) ) ;
#3868 =( NAMED_UNIT ( * ) SI_UNIT ( $, .STERADIAN. ) SOLID_ANGLE_UNIT ( ) );
#3869 = CARTESIAN_POINT ( 'NONE',  ( -2.117252226092792178, 1.550000000000000044, 0.9990000000000001101 ) ) ;
#3870 = VERTEX_POINT ( 'NONE', #272 ) ;
#3871 = FILL_AREA_STYLE ('',( #1425 ) ) ;
#3872 = ORIENTED_EDGE ( 'NONE', *, *, #2933, .T. ) ;
#3873 = DIRECTION ( 'NONE',  ( 0.000000000000000000, 0.000000000000000000, 1.000000000000000000 ) ) ;
#3874 =( LENGTH_UNIT ( ) NAMED_UNIT ( * ) SI_UNIT ( .MILLI., .METRE. ) );
#3875 = FACE_OUTER_BOUND ( 'NONE', #2509, .T. ) ;
#3876 = CARTESIAN_POINT ( 'NONE',  ( -2.310000001215910093, -2.125000000001460165, 0.000000000000000000 ) ) ;
#3877 = ORIENTED_EDGE ( 'NONE', *, *, #7250, .T. ) ;
#3878 =( NAMED_UNIT ( * ) PLANE_ANGLE_UNIT ( ) SI_UNIT ( $, .RADIAN. ) );
#3879 = EDGE_LOOP ( 'NONE', ( #2226, #4137, #540, #428 ) ) ;
#3880 =( NAMED_UNIT ( * ) SI_UNIT ( $, .STERADIAN. ) SOLID_ANGLE_UNIT ( ) );
#3881 = EDGE_CURVE ( 'NONE', #5119, #322, #5321, .T. ) ;
#3882 = COLOUR_RGB ( '',0.8666666666666666963, 0.8666666666666666963, 0.8666666666666666963 ) ;
#3883 = CARTESIAN_POINT ( 'NONE',  ( 2.355000000014429773, -2.225000000001160050, 0.2500000000000000000 ) ) ;
#3884 = SURFACE_SIDE_STYLE ('',( #1562 ) ) ;
#3885 = ORIENTED_EDGE ( 'NONE', *, *, #2742, .F. ) ;
#3886 =( GEOMETRIC_REPRESENTATION_CONTEXT ( 3 ) GLOBAL_UNCERTAINTY_ASSIGNED_CONTEXT ( ( #5226 ) ) GLOBAL_UNIT_ASSIGNED_CONTEXT ( ( #7197, #3329, #1508 ) ) REPRESENTATION_CONTEXT ( 'NONE', 'WORKASPACE' ) );
#3887 = ORIENTED_EDGE ( 'NONE', *, *, #5459, .F. ) ;
#3888 = DIRECTION ( 'NONE',  ( -0.9990158634952845951, -0.04435430627087891958, 0.000000000000000000 ) ) ;
#3889 =( GEOMETRIC_REPRESENTATION_CONTEXT ( 3 ) GLOBAL_UNCERTAINTY_ASSIGNED_CONTEXT ( ( #1220 ) ) GLOBAL_UNIT_ASSIGNED_CONTEXT ( ( #7496, #2940, #5234 ) ) REPRESENTATION_CONTEXT ( 'NONE', 'WORKASPACE' ) );
#3890 = UNCERTAINTY_MEASURE_WITH_UNIT (LENGTH_MEASURE( 1.000000000000000082E-05 ), #2492, 'distance_accuracy_value', 'NONE');
#3891 = PRESENTATION_STYLE_ASSIGNMENT (( #7334 ) ) ;
#3892 = PRESENTATION_STYLE_ASSIGNMENT (( #6749 ) ) ;
#3893 =( GEOMETRIC_REPRESENTATION_CONTEXT ( 3 ) GLOBAL_UNCERTAINTY_ASSIGNED_CONTEXT ( ( #3972 ) ) GLOBAL_UNIT_ASSIGNED_CONTEXT ( ( #2836, #3482, #4569 ) ) REPRESENTATION_CONTEXT ( 'NONE', 'WORKASPACE' ) );
#3894 = UNCERTAINTY_MEASURE_WITH_UNIT (LENGTH_MEASURE( 1.000000000000000082E-05 ), #6131, 'distance_accuracy_value', 'NONE');
#3895 = AXIS2_PLACEMENT_3D ( 'NONE', #7455, #1184, #2280 ) ;
#3896 = ORIENTED_EDGE ( 'NONE', *, *, #2021, .T. ) ;
#3897 = SURFACE_STYLE_USAGE ( .BOTH. , #6896 ) ;
#3898 = FILL_AREA_STYLE_COLOUR ( '', #1776 ) ;
#3899 = VERTEX_POINT ( 'NONE', #840 ) ;
#3900 = DIRECTION ( 'NONE',  ( 0.000000000000000000, -1.000000000000000000, 0.000000000000000000 ) ) ;
#3901 =( NAMED_UNIT ( * ) PLANE_ANGLE_UNIT ( ) SI_UNIT ( $, .RADIAN. ) );
#3902 = ORIENTED_EDGE ( 'NONE', *, *, #6573, .T. ) ;
#3903 = VECTOR ( 'NONE', #741, 1000.000000000000114 ) ;
#3904 =( NAMED_UNIT ( * ) SI_UNIT ( $, .STERADIAN. ) SOLID_ANGLE_UNIT ( ) );
#3905 =( NAMED_UNIT ( * ) SI_UNIT ( $, .STERADIAN. ) SOLID_ANGLE_UNIT ( ) );
#3906 =( GEOMETRIC_REPRESENTATION_CONTEXT ( 3 ) GLOBAL_UNCERTAINTY_ASSIGNED_CONTEXT ( ( #4260 ) ) GLOBAL_UNIT_ASSIGNED_CONTEXT ( ( #1964, #1938, #4317 ) ) REPRESENTATION_CONTEXT ( 'NONE', 'WORKASPACE' ) );
#3907 = ORIENTED_EDGE ( 'NONE', *, *, #2427, .F. ) ;
#3908 = CARTESIAN_POINT ( 'NONE',  ( -0.6800000000228580976, -2.377098005438599948, 0.000000000000000000 ) ) ;
#3909 = ORIENTED_EDGE ( 'NONE', *, *, #2277, .F. ) ;
#3910 = CARTESIAN_POINT ( 'NONE',  ( -0.6800000000228580976, -2.377098005438599948, 0.2500000000000000000 ) ) ;
#3911 = EDGE_CURVE ( 'NONE', #4966, #7281, #6574, .T. ) ;
#3912 = CARTESIAN_POINT ( 'NONE',  ( 2.790000000000170122, -2.275000000000389822, 0.000000000000000000 ) ) ;
#3913 =( LENGTH_UNIT ( ) NAMED_UNIT ( * ) SI_UNIT ( .MILLI., .METRE. ) );
#3914 = EDGE_CURVE ( 'NONE', #2000, #7436, #560, .T. ) ;
#3915 = LINE ( 'NONE', #6203, #4868 ) ;
#3916 = VERTEX_POINT ( 'NONE', #4773 ) ;
#3917 = ORIENTED_EDGE ( 'NONE', *, *, #1912, .F. ) ;
#3918 = ORIENTED_EDGE ( 'NONE', *, *, #4590, .F. ) ;
#3919 =( NAMED_UNIT ( * ) PLANE_ANGLE_UNIT ( ) SI_UNIT ( $, .RADIAN. ) );
#3920 = VECTOR ( 'NONE', #5472, 999.9999999999998863 ) ;
#3921 =( GEOMETRIC_REPRESENTATION_CONTEXT ( 3 ) GLOBAL_UNCERTAINTY_ASSIGNED_CONTEXT ( ( #6378 ) ) GLOBAL_UNIT_ASSIGNED_CONTEXT ( ( #1226, #2904, #3633 ) ) REPRESENTATION_CONTEXT ( 'NONE', 'WORKASPACE' ) );
#3922 = EDGE_CURVE ( 'NONE', #3223, #2034, #5436, .T. ) ;
#3923 = CARTESIAN_POINT ( 'NONE',  ( -3.445000000016360531, 0.9199999999983951016, 0.2500000000000000000 ) ) ;
#3924 = VECTOR ( 'NONE', #4164, 1000.000000000000000 ) ;
#3925 = DIRECTION ( 'NONE',  ( 0.000000000000000000, 0.000000000000000000, 1.000000000000000000 ) ) ;
#3926 = CIRCLE ( 'NONE', #5962, 0.2250000000028448965 ) ;
#3927 = ADVANCED_FACE ( 'NONE', ( #7103 ), #1935, .T. ) ;
#3928 = CARTESIAN_POINT ( 'NONE',  ( 3.220221430731270207, 0.3399999999992359689, 0.000000000000000000 ) ) ;
#3929 = CARTESIAN_POINT ( 'NONE',  ( -0.1800000000228290098, -2.705000000001410054, 0.2500000000000000000 ) ) ;
#3930 = CARTESIAN_POINT ( 'NONE',  ( -3.445000000017220287, 1.619982680674329822, 0.000000000000000000 ) ) ;
#3931 = DIRECTION ( 'NONE',  ( -1.000000000000000000, 0.000000000000000000, 0.000000000000000000 ) ) ;
#3932 = FILL_AREA_STYLE_COLOUR ( '', #4923 ) ;
#3933 = ORIENTED_EDGE ( 'NONE', *, *, #435, .T. ) ;
#3934 = FACE_OUTER_BOUND ( 'NONE', #241, .T. ) ;
#3935 = CARTESIAN_POINT ( 'NONE',  ( -0.5800000000228350272, -2.477098005438509887, 0.2500000000000000000 ) ) ;
#3936 = ORIENTED_EDGE ( 'NONE', *, *, #4401, .T. ) ;
#3937 =( GEOMETRIC_REPRESENTATION_CONTEXT ( 3 ) GLOBAL_UNCERTAINTY_ASSIGNED_CONTEXT ( ( #3291 ) ) GLOBAL_UNIT_ASSIGNED_CONTEXT ( ( #4255, #5413, #7144 ) ) REPRESENTATION_CONTEXT ( 'NONE', 'WORKASPACE' ) );
#3938 = EDGE_CURVE ( 'NONE', #3600, #1822, #1616, .T. ) ;
#3939 = STYLED_ITEM ( 'NONE', ( #3394 ), #6928 ) ;
#3940 = LINE ( 'NONE', #4388, #1065 ) ;
#3941 = DIRECTION ( 'NONE',  ( 0.000000000000000000, 0.000000000000000000, 1.000000000000000000 ) ) ;
#3942 = ORIENTED_EDGE ( 'NONE', *, *, #7445, .T. ) ;
#3943 = MECHANICAL_DESIGN_GEOMETRIC_PRESENTATION_REPRESENTATION (  '', ( #397 ), #5489 ) ;
#3944 = AXIS2_PLACEMENT_3D ( 'NONE', #931, #4889, #277 ) ;
#3945 = SURFACE_STYLE_USAGE ( .BOTH. , #6727 ) ;
#3946 = EDGE_LOOP ( 'NONE', ( #1626, #4106, #669, #1029 ) ) ;
#3947 = SURFACE_STYLE_USAGE ( .BOTH. , #1699 ) ;
#3948 = CARTESIAN_POINT ( 'NONE',  ( -2.770000000044489763, 0.8549999999992219379, 0.000000000000000000 ) ) ;
#3949 =( LENGTH_UNIT ( ) NAMED_UNIT ( * ) SI_UNIT ( .MILLI., .METRE. ) );
#3950 = VECTOR ( 'NONE', #1908, 1000.000000000000227 ) ;
#3951 = ORIENTED_EDGE ( 'NONE', *, *, #5922, .T. ) ;
#3952 = DIRECTION ( 'NONE',  ( 3.741306804038510128E-13, 1.000000000000000000, 0.000000000000000000 ) ) ;
#3953 = SURFACE_STYLE_USAGE ( .BOTH. , #935 ) ;
#3954 = EDGE_CURVE ( 'NONE', #110, #3236, #3940, .T. ) ;
#3955 = ORIENTED_EDGE ( 'NONE', *, *, #1439, .T. ) ;
#3956 = VECTOR ( 'NONE', #2561, 1000.000000000000000 ) ;
#3957 = EDGE_LOOP ( 'NONE', ( #2247, #1575, #2611, #1236 ) ) ;
#3958 = CARTESIAN_POINT ( 'NONE',  ( -0.5800000000228350272, 2.477098005438280293, 0.2500000000000000000 ) ) ;
#3959 = ORIENTED_EDGE ( 'NONE', *, *, #1219, .F. ) ;
#3960 = CIRCLE ( 'NONE', #523, 0.1499999999997740086 ) ;
#3961 = FILL_AREA_STYLE ('',( #3468 ) ) ;
#3962 = FACE_OUTER_BOUND ( 'NONE', #2380, .T. ) ;
#3963 = AXIS2_PLACEMENT_3D ( 'NONE', #3288, #286, #6660 ) ;
#3964 = UNCERTAINTY_MEASURE_WITH_UNIT (LENGTH_MEASURE( 1.000000000000000082E-05 ), #6594, 'distance_accuracy_value', 'NONE');
#3965 = FACE_OUTER_BOUND ( 'NONE', #4876, .T. ) ;
#3966 = CARTESIAN_POINT ( 'NONE',  ( 2.355000000014419559, -2.150000000000090061, 0.000000000000000000 ) ) ;
#3967 = LINE ( 'NONE', #4442, #172 ) ;
#3968 = COLOUR_RGB ( '',0.3294117647058823484, 0.3294117647058823484, 0.3294117647058823484 ) ;
#3969 =( LENGTH_UNIT ( ) NAMED_UNIT ( * ) SI_UNIT ( .MILLI., .METRE. ) );
#3970 = AXIS2_PLACEMENT_3D ( 'NONE', #5327, #3691, #7032 ) ;
#3971 = MECHANICAL_DESIGN_GEOMETRIC_PRESENTATION_REPRESENTATION (  '', ( #3127 ), #5521 ) ;
#3972 = UNCERTAINTY_MEASURE_WITH_UNIT (LENGTH_MEASURE( 1.000000000000000082E-05 ), #2836, 'distance_accuracy_value', 'NONE');
#3973 = DIRECTION ( 'NONE',  ( 0.000000000000000000, 0.000000000000000000, 1.000000000000000000 ) ) ;
#3974 = COLOUR_RGB ( '',0.8666666666666666963, 0.8666666666666666963, 0.8666666666666666963 ) ;
#3975 = ORIENTED_EDGE ( 'NONE', *, *, #2661, .T. ) ;
#3976 = ORIENTED_EDGE ( 'NONE', *, *, #6937, .F. ) ;
#3977 = FACE_OUTER_BOUND ( 'NONE', #3832, .T. ) ;
#3978 = STYLED_ITEM ( 'NONE', ( #2519 ), #6484 ) ;
#3979 = DIRECTION ( 'NONE',  ( 0.000000000000000000, 1.000000000000000000, 0.000000000000000000 ) ) ;
#3980 = EDGE_LOOP ( 'NONE', ( #312, #1337, #436, #7351 ) ) ;
#3981 = PRESENTATION_STYLE_ASSIGNMENT (( #3489 ) ) ;
#3982 = FILL_AREA_STYLE_COLOUR ( '', #3426 ) ;
#3983 = ORIENTED_EDGE ( 'NONE', *, *, #4547, .T. ) ;
#3984 = DIRECTION ( 'NONE',  ( -1.000000000000000000, 0.000000000000000000, 0.000000000000000000 ) ) ;
#3985 = DIRECTION ( 'NONE',  ( 0.9990152789799732203, -0.04436746966603190984, 0.000000000000000000 ) ) ;
#3986 = EDGE_LOOP ( 'NONE', ( #5014, #3197, #4094, #2059 ) ) ;
#3987 = PRESENTATION_STYLE_ASSIGNMENT (( #2849 ) ) ;
#3988 =( GEOMETRIC_REPRESENTATION_CONTEXT ( 3 ) GLOBAL_UNCERTAINTY_ASSIGNED_CONTEXT ( ( #5851 ) ) GLOBAL_UNIT_ASSIGNED_CONTEXT ( ( #6033, #5992, #4264 ) ) REPRESENTATION_CONTEXT ( 'NONE', 'WORKASPACE' ) );
#3989 = ORIENTED_EDGE ( 'NONE', *, *, #7117, .F. ) ;
#3990 = VECTOR ( 'NONE', #2317, 1000.000000000000000 ) ;
#3991 = ORIENTED_EDGE ( 'NONE', *, *, #3047, .T. ) ;
#3992 = SURFACE_STYLE_FILL_AREA ( #4028 ) ;
#3993 = CARTESIAN_POINT ( 'NONE',  ( 2.355000000014429773, -2.225000000001160050, 0.000000000000000000 ) ) ;
#3994 = AXIS2_PLACEMENT_3D ( 'NONE', #2720, #5023, #5621 ) ;
#3995 = ORIENTED_EDGE ( 'NONE', *, *, #6602, .T. ) ;
#3996 = CARTESIAN_POINT ( 'NONE',  ( 2.570000000014419861, -1.685000000000650200, 0.2500000000000000000 ) ) ;
#3997 = LINE ( 'NONE', #7331, #3690 ) ;
#3998 = SURFACE_STYLE_USAGE ( .BOTH. , #475 ) ;
#3999 = PRESENTATION_STYLE_ASSIGNMENT (( #2275 ) ) ;
#4000 = PRESENTATION_LAYER_ASSIGNMENT (  '', '', ( #6401 ) ) ;
#4001 = MECHANICAL_DESIGN_GEOMETRIC_PRESENTATION_REPRESENTATION (  '', ( #1331 ), #2907 ) ;
#4002 = DIRECTION ( 'NONE',  ( -1.000000000000000000, 2.477462178377830271E-13, 0.000000000000000000 ) ) ;
#4003 = EDGE_CURVE ( 'NONE', #6834, #754, #6122, .T. ) ;
#4004 = COLOUR_RGB ( '',0.8666666666666666963, 0.8666666666666666963, 0.8666666666666666963 ) ;
#4005 = DIRECTION ( 'NONE',  ( -0.9986295347625389063, 1.834452694921429520E-16, -0.05233595609096159534 ) ) ;
#4006 = PRESENTATION_STYLE_ASSIGNMENT (( #1186 ) ) ;
#4007 = ORIENTED_EDGE ( 'NONE', *, *, #4479, .F. ) ;
#4008 = FILL_AREA_STYLE_COLOUR ( '', #947 ) ;
#4009 = CARTESIAN_POINT ( 'NONE',  ( -2.789999999999469793, -2.125000000000889955, 0.000000000000000000 ) ) ;
#4010 = ORIENTED_EDGE ( 'NONE', *, *, #3914, .T. ) ;
#4011 = COLOUR_RGB ( '',0.8666666666666666963, 0.8666666666666666963, 0.8666666666666666963 ) ;
#4012 = PRESENTATION_LAYER_ASSIGNMENT (  '', '', ( #7247 ) ) ;
#4013 = EDGE_CURVE ( 'NONE', #5782, #1420, #3380, .T. ) ;
#4014 = SURFACE_SIDE_STYLE ('',( #1230 ) ) ;
#4015 = CARTESIAN_POINT ( 'NONE',  ( -2.794999999999910223, 0.8549999999993129762, 0.000000000000000000 ) ) ;
#4016 = SURFACE_STYLE_FILL_AREA ( #4732 ) ;
#4017 = ORIENTED_EDGE ( 'NONE', *, *, #5130, .T. ) ;
#4018 = DIRECTION ( 'NONE',  ( 1.000000000000000000, -8.557969148159210974E-12, 0.000000000000000000 ) ) ;
#4019 = ORIENTED_EDGE ( 'NONE', *, *, #103, .T. ) ;
#4020 = DIRECTION ( 'NONE',  ( 0.7071067811869490294, -0.7071067811861460051, 0.000000000000000000 ) ) ;
#4021 = FILL_AREA_STYLE_COLOUR ( '', #1144 ) ;
#4022 = VERTEX_POINT ( 'NONE', #7309 ) ;
#4023 = PRESENTATION_STYLE_ASSIGNMENT (( #1737 ) ) ;
#4024 = PLANE ( 'NONE',  #4156 ) ;
#4025 = CARTESIAN_POINT ( 'NONE',  ( -2.790000000000119940, 2.274999999998830180, 0.000000000000000000 ) ) ;
#4026 = EDGE_LOOP ( 'NONE', ( #5554, #2559, #3397, #154 ) ) ;
#4027 = ORIENTED_EDGE ( 'NONE', *, *, #3177, .F. ) ;
#4028 = FILL_AREA_STYLE ('',( #5142 ) ) ;
#4029 = FACE_OUTER_BOUND ( 'NONE', #5228, .T. ) ;
#4030 = EDGE_LOOP ( 'NONE', ( #4887, #6987, #2855, #4645 ) ) ;
#4031 =( LENGTH_UNIT ( ) NAMED_UNIT ( * ) SI_UNIT ( .MILLI., .METRE. ) );
#4032 = COLOUR_RGB ( '',0.8666666666666666963, 0.8666666666666666963, 0.8666666666666666963 ) ;
#4033 = LINE ( 'NONE', #6328, #4169 ) ;
#4034 = ADVANCED_FACE ( 'NONE', ( #1475 ), #5057, .T. ) ;
#4035 =( NAMED_UNIT ( * ) PLANE_ANGLE_UNIT ( ) SI_UNIT ( $, .RADIAN. ) );
#4036 = LINE ( 'NONE', #2931, #769 ) ;
#4037 = COLOUR_RGB ( '',0.8666666666666666963, 0.8666666666666666963, 0.8666666666666666963 ) ;
#4038 = CARTESIAN_POINT ( 'NONE',  ( -2.794999999999910223, 1.684999999999150067, 0.000000000000000000 ) ) ;
#4039 = DIRECTION ( 'NONE',  ( -1.000000000000000000, 0.000000000000000000, 0.000000000000000000 ) ) ;
#4040 = UNCERTAINTY_MEASURE_WITH_UNIT (LENGTH_MEASURE( 1.000000000000000082E-05 ), #4524, 'distance_accuracy_value', 'NONE');
#4041 = ADVANCED_FACE ( 'NONE', ( #3875 ), #3334, .F. ) ;
#4042 = PRESENTATION_LAYER_ASSIGNMENT (  '', '', ( #1251 ) ) ;
#4043 = EDGE_CURVE ( 'NONE', #5514, #1299, #7350, .T. ) ;
#4044 = SURFACE_STYLE_USAGE ( .BOTH. , #1104 ) ;
#4045 = EDGE_CURVE ( 'NONE', #5361, #4380, #92, .T. ) ;
#4046 = SURFACE_STYLE_USAGE ( .BOTH. , #408 ) ;
#4047 = ORIENTED_EDGE ( 'NONE', *, *, #6579, .T. ) ;
#4048 = CARTESIAN_POINT ( 'NONE',  ( -3.220000000017849917, 1.619982680674300068, 0.2500000000000000000 ) ) ;
#4049 = FILL_AREA_STYLE_COLOUR ( '', #2173 ) ;
#4050 = EDGE_CURVE ( 'NONE', #5397, #3916, #5742, .T. ) ;
#4051 = CARTESIAN_POINT ( 'NONE',  ( -3.220000000017390285, 0.3499797189057289870, 0.000000000000000000 ) ) ;
#4052 = SURFACE_STYLE_USAGE ( .BOTH. , #4571 ) ;
#4053 = ORIENTED_EDGE ( 'NONE', *, *, #5704, .T. ) ;
#4054 = STYLED_ITEM ( 'NONE', ( #5872 ), #6791 ) ;
#4055 = CARTESIAN_POINT ( 'NONE',  ( -3.220221430730760392, 0.3399999999992359689, 0.000000000000000000 ) ) ;
#4056 = CARTESIAN_POINT ( 'NONE',  ( -2.620000000044719890, 1.004999999999310001, 0.000000000000000000 ) ) ;
#4057 = ORIENTED_EDGE ( 'NONE', *, *, #2473, .F. ) ;
#4058 = SURFACE_STYLE_FILL_AREA ( #1733 ) ;
#4059 = PLANE ( 'NONE',  #4606 ) ;
#4060 = STYLED_ITEM ( 'NONE', ( #7109 ), #7120 ) ;
#4061 = EDGE_LOOP ( 'NONE', ( #519, #5538, #2634, #7304 ) ) ;
#4062 = LINE ( 'NONE', #5249, #1034 ) ;
#4063 = ORIENTED_EDGE ( 'NONE', *, *, #4135, .F. ) ;
#4064 = VERTEX_POINT ( 'NONE', #4607 ) ;
#4065 = DIRECTION ( 'NONE',  ( 1.000000000000000000, 0.000000000000000000, 0.000000000000000000 ) ) ;
#4066 =( GEOMETRIC_REPRESENTATION_CONTEXT ( 3 ) GLOBAL_UNCERTAINTY_ASSIGNED_CONTEXT ( ( #5007 ) ) GLOBAL_UNIT_ASSIGNED_CONTEXT ( ( #3454, #1082, #5094 ) ) REPRESENTATION_CONTEXT ( 'NONE', 'WORKASPACE' ) );
#4067 = ORIENTED_EDGE ( 'NONE', *, *, #5229, .T. ) ;
#4068 = CARTESIAN_POINT ( 'NONE',  ( -0.08000000002280670264, -2.377098005438139872, 0.2500000000000000000 ) ) ;
#4069 = FILL_AREA_STYLE_COLOUR ( '', #7308 ) ;
#4070 = VECTOR ( 'NONE', #4307, 1000.000000000000000 ) ;
#4071 = STYLED_ITEM ( 'NONE', ( #6153 ), #7399 ) ;
#4072 = PRESENTATION_LAYER_ASSIGNMENT (  '', '', ( #3473 ) ) ;
#4073 = CARTESIAN_POINT ( 'NONE',  ( -2.606146519691225905, 2.441146519691234751, 0.9407603734616217794 ) ) ;
#4074 = DIRECTION ( 'NONE',  ( 1.000000000000000000, 0.000000000000000000, 0.000000000000000000 ) ) ;
#4075 = EDGE_CURVE ( 'NONE', #1790, #645, #4122, .T. ) ;
#4076 =( GEOMETRIC_REPRESENTATION_CONTEXT ( 3 ) GLOBAL_UNCERTAINTY_ASSIGNED_CONTEXT ( ( #3816 ) ) GLOBAL_UNIT_ASSIGNED_CONTEXT ( ( #1632, #6326, #5763 ) ) REPRESENTATION_CONTEXT ( 'NONE', 'WORKASPACE' ) );
#4077 = DIRECTION ( 'NONE',  ( 0.000000000000000000, 0.000000000000000000, 1.000000000000000000 ) ) ;
#4078 = ORIENTED_EDGE ( 'NONE', *, *, #767, .F. ) ;
#4079 =( GEOMETRIC_REPRESENTATION_CONTEXT ( 3 ) GLOBAL_UNCERTAINTY_ASSIGNED_CONTEXT ( ( #1683 ) ) GLOBAL_UNIT_ASSIGNED_CONTEXT ( ( #1346, #5348, #3555 ) ) REPRESENTATION_CONTEXT ( 'NONE', 'WORKASPACE' ) );
#4080 = PRESENTATION_LAYER_ASSIGNMENT (  '', '', ( #3607 ) ) ;
#4081 =( LENGTH_UNIT ( ) NAMED_UNIT ( * ) SI_UNIT ( .MILLI., .METRE. ) );
#4082 = SURFACE_STYLE_USAGE ( .BOTH. , #1760 ) ;
#4083 = SURFACE_SIDE_STYLE ('',( #2399 ) ) ;
#4084 = DIRECTION ( 'NONE',  ( 1.000000000000000000, 0.000000000000000000, 0.000000000000000000 ) ) ;
#4085 = VECTOR ( 'NONE', #6095, 1000.000000000000000 ) ;
#4086 = COLOUR_RGB ( '',0.3294117647058823484, 0.3294117647058823484, 0.3294117647058823484 ) ;
#4087 = VECTOR ( 'NONE', #6004, 1000.000000000000000 ) ;
#4088 = PLANE ( 'NONE',  #3760 ) ;
#4089 = COLOUR_RGB ( '',0.8666666666666666963, 0.8666666666666666963, 0.8666666666666666963 ) ;
#4090 = LINE ( 'NONE', #3486, #1330 ) ;
#4091 = SURFACE_STYLE_USAGE ( .BOTH. , #2253 ) ;
#4092 = ORIENTED_EDGE ( 'NONE', *, *, #3271, .T. ) ;
#4093 = FILL_AREA_STYLE ('',( #6906 ) ) ;
#4094 = ORIENTED_EDGE ( 'NONE', *, *, #2566, .F. ) ;
#4095 = DIRECTION ( 'NONE',  ( -2.726707748505500025E-12, -1.000000000000000000, 0.000000000000000000 ) ) ;
#4096 = FILL_AREA_STYLE ('',( #1853 ) ) ;
#4097 = LINE ( 'NONE', #2260, #6460 ) ;
#4098 = VERTEX_POINT ( 'NONE', #5198 ) ;
#4099 = DIRECTION ( 'NONE',  ( -1.836970198721029688E-16, -1.000000000000000000, 0.000000000000000000 ) ) ;
#4100 =( LENGTH_UNIT ( ) NAMED_UNIT ( * ) SI_UNIT ( .MILLI., .METRE. ) );
#4101 = VERTEX_POINT ( 'NONE', #5705 ) ;
#4102 = CIRCLE ( 'NONE', #3865, 0.2249999999993688438 ) ;
#4103 = EDGE_CURVE ( 'NONE', #1471, #1352, #1808, .T. ) ;
#4104 = ORIENTED_EDGE ( 'NONE', *, *, #3355, .T. ) ;
#4105 = LINE ( 'NONE', #613, #2998 ) ;
#4106 = ORIENTED_EDGE ( 'NONE', *, *, #4361, .T. ) ;
#4107 = DIRECTION ( 'NONE',  ( -1.000000000000000000, 2.477462178375860264E-13, 0.000000000000000000 ) ) ;
#4108 = LINE ( 'NONE', #4180, #4801 ) ;
#4109 = CARTESIAN_POINT ( 'NONE',  ( 2.374999999997129851, -0.2500000000007960299, 0.2500000000000000000 ) ) ;
#4110 = ADVANCED_FACE ( 'NONE', ( #6306 ), #3521, .T. ) ;
#4111 = DIRECTION ( 'NONE',  ( -1.000000000000000000, -1.118173840558401627E-12, 0.000000000000000000 ) ) ;
#4112 =( NAMED_UNIT ( * ) PLANE_ANGLE_UNIT ( ) SI_UNIT ( $, .RADIAN. ) );
#4113 = UNCERTAINTY_MEASURE_WITH_UNIT (LENGTH_MEASURE( 1.000000000000000082E-05 ), #724, 'distance_accuracy_value', 'NONE');
#4114 = EDGE_LOOP ( 'NONE', ( #5658, #7439, #2576, #5680 ) ) ;
#4115 = VECTOR ( 'NONE', #4123, 1000.000000000000000 ) ;
#4116 = SURFACE_SIDE_STYLE ('',( #4722 ) ) ;
#4117 = DIRECTION ( 'NONE',  ( 0.6427876096525283467, 0.000000000000000000, 0.7660444431475167404 ) ) ;
#4118 = CARTESIAN_POINT ( 'NONE',  ( -3.445000000017220287, 1.619982680674329822, 0.000000000000000000 ) ) ;
#4119 = DIRECTION ( 'NONE',  ( 1.000000000000000000, -1.836970198721029688E-16, -1.348150961071064002E-31 ) ) ;
#4120 = CIRCLE ( 'NONE', #333, 0.1499999999999881706 ) ;
#4121 = UNCERTAINTY_MEASURE_WITH_UNIT (LENGTH_MEASURE( 1.000000000000000082E-05 ), #7432, 'distance_accuracy_value', 'NONE');
#4122 = LINE ( 'NONE', #5238, #4585 ) ;
#4123 = DIRECTION ( 'NONE',  ( 0.000000000000000000, 0.000000000000000000, 1.000000000000000000 ) ) ;
#4124 = DIRECTION ( 'NONE',  ( 1.000000000000000000, 0.000000000000000000, 0.000000000000000000 ) ) ;
#4125 = ORIENTED_EDGE ( 'NONE', *, *, #7075, .F. ) ;
#4126 = VECTOR ( 'NONE', #3837, 1000.000000000000000 ) ;
#4127 =( NAMED_UNIT ( * ) PLANE_ANGLE_UNIT ( ) SI_UNIT ( $, .RADIAN. ) );
#4128 = EDGE_LOOP ( 'NONE', ( #5845, #4620, #7381, #2071 ) ) ;
#4129 = DIRECTION ( 'NONE',  ( -3.474679658979979957E-13, 1.000000000000000000, 0.000000000000000000 ) ) ;
#4130 = DIRECTION ( 'NONE',  ( 1.000000000000000000, 0.000000000000000000, 0.000000000000000000 ) ) ;
#4131 = CARTESIAN_POINT ( 'NONE',  ( 2.355000000014419559, -2.150000000000090061, 0.000000000000000000 ) ) ;
#4132 = STYLED_ITEM ( 'NONE', ( #469 ), #5445 ) ;
#4133 = LINE ( 'NONE', #1820, #6073 ) ;
#4134 = DIRECTION ( 'NONE',  ( -1.000000000000000000, 0.000000000000000000, 0.000000000000000000 ) ) ;
#4135 = EDGE_CURVE ( 'NONE', #5002, #122, #3445, .T. ) ;
#4136 = ORIENTED_EDGE ( 'NONE', *, *, #3268, .F. ) ;
#4137 = ORIENTED_EDGE ( 'NONE', *, *, #6818, .T. ) ;
#4138 = CARTESIAN_POINT ( 'NONE',  ( 2.610271787389519815, 2.445271787389520224, 0.9173648177754349931 ) ) ;
#4139 = ADVANCED_FACE ( 'NONE', ( #6270 ), #4088, .T. ) ;
#4141 = EDGE_CURVE ( 'NONE', #6696, #6321, #2281, .T. ) ;
#4140 = FILL_AREA_STYLE_COLOUR ( '', #3125 ) ;
#4142 = FILL_AREA_STYLE ('',( #7140 ) ) ;
#4143 = EDGE_CURVE ( 'NONE', #7067, #6912, #7013, .T. ) ;
#4144 = DIRECTION ( 'NONE',  ( -0.1710878698296528500, 0.1710878698296498801, 0.9702875252183263965 ) ) ;
#4145 = EDGE_CURVE ( 'NONE', #5507, #255, #1846, .T. ) ;
#4146 = DIRECTION ( 'NONE',  ( -1.000000000000000000, 0.000000000000000000, 0.000000000000000000 ) ) ;
#4147 = PLANE ( 'NONE',  #5008 ) ;
#4148 = PRESENTATION_LAYER_ASSIGNMENT (  '', '', ( #7375 ) ) ;
#4149 = SURFACE_STYLE_FILL_AREA ( #1679 ) ;
#4150 = CARTESIAN_POINT ( 'NONE',  ( -2.870000000000000107, -2.346791012089830097, 1.000000000000000000 ) ) ;
#4151 = AXIS2_PLACEMENT_3D ( 'NONE', #3695, #771, #1402 ) ;
#4152 = FACE_OUTER_BOUND ( 'NONE', #5737, .T. ) ;
#4153 = EDGE_CURVE ( 'NONE', #7400, #3277, #4159, .T. ) ;
#4154 = VERTEX_POINT ( 'NONE', #6130 ) ;
#4155 = CARTESIAN_POINT ( 'NONE',  ( -3.220000000017390285, -0.9200202810956169541, 0.000000000000000000 ) ) ;
#4156 = AXIS2_PLACEMENT_3D ( 'NONE', #1129, #3460, #1165 ) ;
#4157 =( NAMED_UNIT ( * ) PLANE_ANGLE_UNIT ( ) SI_UNIT ( $, .RADIAN. ) );
#4158 = MECHANICAL_DESIGN_GEOMETRIC_PRESENTATION_REPRESENTATION (  '', ( #860 ), #5839 ) ;
#4159 = LINE ( 'NONE', #319, #331 ) ;
#4160 = FACE_OUTER_BOUND ( 'NONE', #6916, .T. ) ;
#4161 = PRESENTATION_LAYER_ASSIGNMENT (  '', '', ( #4998 ) ) ;
#4162 = FACE_OUTER_BOUND ( 'NONE', #5711, .T. ) ;
#4163 = EDGE_LOOP ( 'NONE', ( #1586, #1702, #2921, #5173 ) ) ;
#4164 = DIRECTION ( 'NONE',  ( -1.000000000000000000, 1.836970198721024757E-16, -3.659266894335745055E-31 ) ) ;
#4165 = FACE_OUTER_BOUND ( 'NONE', #488, .T. ) ;
#4166 = ORIENTED_EDGE ( 'NONE', *, *, #6618, .F. ) ;
#4167 = DIRECTION ( 'NONE',  ( -5.233082485861765944E-13, 1.000000000000000000, 0.000000000000000000 ) ) ;
#4168 = FACE_OUTER_BOUND ( 'NONE', #4987, .T. ) ;
#4169 = VECTOR ( 'NONE', #210, 1000.000000000000000 ) ;
#4170 =( NAMED_UNIT ( * ) PLANE_ANGLE_UNIT ( ) SI_UNIT ( $, .RADIAN. ) );
#4171 = SURFACE_SIDE_STYLE ('',( #1359 ) ) ;
#4172 = EDGE_CURVE ( 'NONE', #2141, #6601, #1391, .T. ) ;
#4173 = PRESENTATION_STYLE_ASSIGNMENT (( #1361 ) ) ;
#4174 = EDGE_LOOP ( 'NONE', ( #3835, #7229, #4531, #2484 ) ) ;
#4175 = ORIENTED_EDGE ( 'NONE', *, *, #2963, .T. ) ;
#4176 = DIRECTION ( 'NONE',  ( 0.000000000000000000, 0.000000000000000000, -1.000000000000000000 ) ) ;
#4177 = DIRECTION ( 'NONE',  ( 0.000000000000000000, 0.000000000000000000, 1.000000000000000000 ) ) ;
#4178 = FACE_OUTER_BOUND ( 'NONE', #3986, .T. ) ;
#4179 =( GEOMETRIC_REPRESENTATION_CONTEXT ( 3 ) GLOBAL_UNCERTAINTY_ASSIGNED_CONTEXT ( ( #4403 ) ) GLOBAL_UNIT_ASSIGNED_CONTEXT ( ( #6924, #4185, #1831 ) ) REPRESENTATION_CONTEXT ( 'NONE', 'WORKASPACE' ) );
#4180 = CARTESIAN_POINT ( 'NONE',  ( -2.310000001215910093, -1.685000000000290044, 0.2500000000000000000 ) ) ;
#4181 = ADVANCED_FACE ( 'NONE', ( #4500 ), #3345, .T. ) ;
#4182 = DIRECTION ( 'NONE',  ( 0.000000000000000000, 0.000000000000000000, -1.000000000000000000 ) ) ;
#4183 = PRESENTATION_STYLE_ASSIGNMENT (( #5372 ) ) ;
#4184 = VECTOR ( 'NONE', #4177, 1000.000000000000000 ) ;
#4185 =( NAMED_UNIT ( * ) PLANE_ANGLE_UNIT ( ) SI_UNIT ( $, .RADIAN. ) );
#4186 = CIRCLE ( 'NONE', #5124, 0.1500000000000437650 ) ;
#4187 = PRESENTATION_LAYER_ASSIGNMENT (  '', '', ( #4788 ) ) ;
#4188 = CARTESIAN_POINT ( 'NONE',  ( -2.744999999999927276, 1.682901994569371507, 0.000000000000000000 ) ) ;
#4189 = MECHANICAL_DESIGN_GEOMETRIC_PRESENTATION_REPRESENTATION (  '', ( #5495 ), #4421 ) ;
#4190 =( GEOMETRIC_REPRESENTATION_CONTEXT ( 3 ) GLOBAL_UNCERTAINTY_ASSIGNED_CONTEXT ( ( #1604 ) ) GLOBAL_UNIT_ASSIGNED_CONTEXT ( ( #4557, #1100, #3437 ) ) REPRESENTATION_CONTEXT ( 'NONE', 'WORKASPACE' ) );
#4191 = AXIS2_PLACEMENT_3D ( 'NONE', #6030, #6588, #1974 ) ;
#4192 = UNCERTAINTY_MEASURE_WITH_UNIT (LENGTH_MEASURE( 1.000000000000000082E-05 ), #7145, 'distance_accuracy_value', 'NONE');
#4193 = ORIENTED_EDGE ( 'NONE', *, *, #359, .F. ) ;
#4194 = CARTESIAN_POINT ( 'NONE',  ( -0.1800000000227439945, 2.477098005438280293, 0.000000000000000000 ) ) ;
#4195 = ADVANCED_FACE ( 'NONE', ( #6736 ), #6694, .F. ) ;
#4196 = CARTESIAN_POINT ( 'NONE',  ( 3.220000000017900543, 2.199999999998340172, 0.2500000000000000000 ) ) ;
#4197 = LINE ( 'NONE', #6972, #5841 ) ;
#4198 = DIRECTION ( 'NONE',  ( -1.247102268014080123E-13, 1.000000000000000000, 0.000000000000000000 ) ) ;
#4199 = UNCERTAINTY_MEASURE_WITH_UNIT (LENGTH_MEASURE( 1.000000000000000082E-05 ), #2911, 'distance_accuracy_value', 'NONE');
#4200 = MECHANICAL_DESIGN_GEOMETRIC_PRESENTATION_REPRESENTATION (  '', ( #6482 ), #2866 ) ;
#4201 = SURFACE_SIDE_STYLE ('',( #6449 ) ) ;
#4202 = ORIENTED_EDGE ( 'NONE', *, *, #3696, .F. ) ;
#4203 = LINE ( 'NONE', #1312, #4283 ) ;
#4204 = ORIENTED_EDGE ( 'NONE', *, *, #4103, .F. ) ;
#4205 = PRESENTATION_STYLE_ASSIGNMENT (( #6385 ) ) ;
#4206 = DIRECTION ( 'NONE',  ( 0.000000000000000000, 0.05233595609096159534, -0.9986295347625389063 ) ) ;
#4207 = DIRECTION ( 'NONE',  ( 0.000000000000000000, 0.000000000000000000, -1.000000000000000000 ) ) ;
#4208 = STYLED_ITEM ( 'NONE', ( #1392 ), #3023 ) ;
#4209 = STYLED_ITEM ( 'NONE', ( #7329 ), #2412 ) ;
#4210 = STYLED_ITEM ( 'NONE', ( #5847 ), #6257 ) ;
#4211 = CARTESIAN_POINT ( 'NONE',  ( -2.557871261342301583, -2.392871261342302436, 0.9918748087795452584 ) ) ;
#4212 = MECHANICAL_DESIGN_GEOMETRIC_PRESENTATION_REPRESENTATION (  '', ( #2012 ), #665 ) ;
#4213 = FACE_OUTER_BOUND ( 'NONE', #4163, .T. ) ;
#4214 = ORIENTED_EDGE ( 'NONE', *, *, #5718, .T. ) ;
#4215 = ORIENTED_EDGE ( 'NONE', *, *, #1723, .T. ) ;
#4216 =( NAMED_UNIT ( * ) PLANE_ANGLE_UNIT ( ) SI_UNIT ( $, .RADIAN. ) );
#4217 = FILL_AREA_STYLE_COLOUR ( '', #6471 ) ;
#4218 = DIRECTION ( 'NONE',  ( 0.1666666669654747746, -0.9860132971327616458, 0.000000000000000000 ) ) ;
#4219 = VECTOR ( 'NONE', #7270, 1000.000000000000000 ) ;
#4220 =( NAMED_UNIT ( * ) SI_UNIT ( $, .STERADIAN. ) SOLID_ANGLE_UNIT ( ) );
#4221 = SURFACE_SIDE_STYLE ('',( #4256 ) ) ;
#4222 = CARTESIAN_POINT ( 'NONE',  ( 2.919903810567320068, 0.3399999999993499888, 0.000000000000000000 ) ) ;
#4223 = CARTESIAN_POINT ( 'NONE',  ( -2.770000000045520050, 0.4149999999995320210, 0.000000000000000000 ) ) ;
#4224 = VECTOR ( 'NONE', #3589, 1000.000000000000000 ) ;
#4225 = ORIENTED_EDGE ( 'NONE', *, *, #3954, .T. ) ;
#4226 = CARTESIAN_POINT ( 'NONE',  ( -3.220000000017849917, 1.619982680674300068, 0.000000000000000000 ) ) ;
#4227 = FILL_AREA_STYLE_COLOUR ( '', #6373 ) ;
#4228 = DIRECTION ( 'NONE',  ( 1.836970198721029688E-16, 1.000000000000000000, -1.348150961071064002E-31 ) ) ;
#4229 =( NAMED_UNIT ( * ) SI_UNIT ( $, .STERADIAN. ) SOLID_ANGLE_UNIT ( ) );
#4230 = SURFACE_STYLE_USAGE ( .BOTH. , #3637 ) ;
#4231 = EDGE_CURVE ( 'NONE', #2034, #2924, #5555, .T. ) ;
#4232 = ADVANCED_FACE ( 'NONE', ( #1560 ), #4273, .T. ) ;
#4233 = VECTOR ( 'NONE', #6641, 1000.000000000000000 ) ;
#4234 = FILL_AREA_STYLE_COLOUR ( '', #6500 ) ;
#4235 = ORIENTED_EDGE ( 'NONE', *, *, #4912, .F. ) ;
#4236 = CARTESIAN_POINT ( 'NONE',  ( 2.790000000000249614, -2.125000000000340172, 0.2500000000000000000 ) ) ;
#4237 = CARTESIAN_POINT ( 'NONE',  ( 2.790000000000339764, 1.684999999999970077, 0.000000000000000000 ) ) ;
#4238 = EDGE_LOOP ( 'NONE', ( #6811, #3757, #6464, #6092 ) ) ;
#4239 = CARTESIAN_POINT ( 'NONE',  ( 2.789999999999699831, -1.685000000001110054, 0.000000000000000000 ) ) ;
#4240 = DIRECTION ( 'NONE',  ( 0.000000000000000000, 0.000000000000000000, -1.000000000000000000 ) ) ;
#4241 = ORIENTED_EDGE ( 'NONE', *, *, #6348, .F. ) ;
#4242 = CARTESIAN_POINT ( 'NONE',  ( -5.740000000000000213, 2.562946210799999847, 0.2500000000000000000 ) ) ;
#4243 = EDGE_CURVE ( 'NONE', #4246, #4425, #3405, .T. ) ;
#4244 = SURFACE_SIDE_STYLE ('',( #3608 ) ) ;
#4245 = DIRECTION ( 'NONE',  ( 0.000000000000000000, 0.000000000000000000, 1.000000000000000000 ) ) ;
#4246 = VERTEX_POINT ( 'NONE', #4874 ) ;
#4247 = EDGE_LOOP ( 'NONE', ( #1432, #6389, #1784, #2087 ) ) ;
#4248 = DIRECTION ( 'NONE',  ( 0.000000000000000000, 0.000000000000000000, -1.000000000000000000 ) ) ;
#4249 = CARTESIAN_POINT ( 'NONE',  ( 2.919903810567459956, 1.609999999999100151, 0.000000000000000000 ) ) ;
#4250 = MECHANICAL_DESIGN_GEOMETRIC_PRESENTATION_REPRESENTATION (  '', ( #108 ), #3893 ) ;
#4251 = CARTESIAN_POINT ( 'NONE',  ( 3.220000000017710029, -0.3499999999993410049, 0.000000000000000000 ) ) ;
#4252 = MECHANICAL_DESIGN_GEOMETRIC_PRESENTATION_REPRESENTATION (  '', ( #3296 ), #464 ) ;
#4253 = CARTESIAN_POINT ( 'NONE',  ( 3.220000000017080310, 1.619982680674300068, 0.2500000000000000000 ) ) ;
#4254 =( BOUNDED_CURVE ( )  B_SPLINE_CURVE ( 3, ( #6362, #6998, #2928, #5838 ),
 .UNSPECIFIED., .F., .F. ) 
 B_SPLINE_CURVE_WITH_KNOTS ( ( 4, 4 ),
 ( 5.410520681137960253, 6.108652381891368499 ),
 .UNSPECIFIED. ) 
 CURVE ( )  GEOMETRIC_REPRESENTATION_ITEM ( )  RATIONAL_B_SPLINE_CURVE ( ( 1.000000000000000000, 0.9597950805289920950, 0.9597950805289920950, 1.000000000000000000 ) ) 
 REPRESENTATION_ITEM ( '' )  );
#4255 =( LENGTH_UNIT ( ) NAMED_UNIT ( * ) SI_UNIT ( .MILLI., .METRE. ) );
#4256 = SURFACE_STYLE_FILL_AREA ( #1906 ) ;
#4257 = STYLED_ITEM ( 'NONE', ( #693 ), #5801 ) ;
#4258 = EDGE_CURVE ( 'NONE', #5853, #1710, #196, .T. ) ;
#4259 = DIRECTION ( 'NONE',  ( 0.000000000000000000, 0.000000000000000000, 1.000000000000000000 ) ) ;
#4260 = UNCERTAINTY_MEASURE_WITH_UNIT (LENGTH_MEASURE( 1.000000000000000082E-05 ), #1964, 'distance_accuracy_value', 'NONE');
#4261 = PRESENTATION_LAYER_ASSIGNMENT (  '', '', ( #5332 ) ) ;
#4262 = ORIENTED_EDGE ( 'NONE', *, *, #3062, .F. ) ;
#4263 = PLANE ( 'NONE',  #237 ) ;
#4264 =( NAMED_UNIT ( * ) SI_UNIT ( $, .STERADIAN. ) SOLID_ANGLE_UNIT ( ) );
#4265 =( LENGTH_UNIT ( ) NAMED_UNIT ( * ) SI_UNIT ( .MILLI., .METRE. ) );
#4266 = CYLINDRICAL_SURFACE ( 'NONE', #2415, 0.1499999999999800937 ) ;
#4267 = EDGE_CURVE ( 'NONE', #4064, #4847, #3156, .T. ) ;
#4268 = CARTESIAN_POINT ( 'NONE',  ( 2.420000000014279617, -0.2650000000002140088, 0.000000000000000000 ) ) ;
#4269 = VERTEX_POINT ( 'NONE', #5931 ) ;
#4270 =( LENGTH_UNIT ( ) NAMED_UNIT ( * ) SI_UNIT ( .MILLI., .METRE. ) );
#4271 = CARTESIAN_POINT ( 'NONE',  ( 3.220000000017900543, 2.199999999998340172, 0.000000000000000000 ) ) ;
#4272 = ORIENTED_EDGE ( 'NONE', *, *, #409, .F. ) ;
#4273 = PLANE ( 'NONE',  #2656 ) ;
#4274 = DIRECTION ( 'NONE',  ( 5.473052566738132423E-12, 1.000000000000000000, 0.000000000000000000 ) ) ;
#4275 = ORIENTED_EDGE ( 'NONE', *, *, #1909, .F. ) ;
#4276 = CARTESIAN_POINT ( 'NONE',  ( 2.374999999997129851, -1.020000000000780060, 0.2500000000000000000 ) ) ;
#4277 = PRESENTATION_STYLE_ASSIGNMENT (( #3565 ) ) ;
#4278 = MECHANICAL_DESIGN_GEOMETRIC_PRESENTATION_REPRESENTATION (  '', ( #257 ), #5727 ) ;
#4279 = STYLED_ITEM ( 'NONE', ( #9 ), #1573 ) ;
#4280 = EDGE_CURVE ( 'NONE', #33, #846, #1070, .T. ) ;
#4281 = VECTOR ( 'NONE', #2320, 1000.000000000000000 ) ;
#4282 = SURFACE_SIDE_STYLE ('',( #2447 ) ) ;
#4283 = VECTOR ( 'NONE', #1954, 1000.000000000000000 ) ;
#4284 = ORIENTED_EDGE ( 'NONE', *, *, #3544, .T. ) ;
#4285 =( GEOMETRIC_REPRESENTATION_CONTEXT ( 3 ) GLOBAL_UNCERTAINTY_ASSIGNED_CONTEXT ( ( #6222 ) ) GLOBAL_UNIT_ASSIGNED_CONTEXT ( ( #6771, #5044, #1137 ) ) REPRESENTATION_CONTEXT ( 'NONE', 'WORKASPACE' ) );
#4286 = SURFACE_STYLE_FILL_AREA ( #3119 ) ;
#4287 = DIRECTION ( 'NONE',  ( 0.000000000000000000, 0.000000000000000000, -1.000000000000000000 ) ) ;
#4288 = DIRECTION ( 'NONE',  ( 0.000000000000000000, 0.000000000000000000, 1.000000000000000000 ) ) ;
#4289 = DIRECTION ( 'NONE',  ( -2.454333033125510019E-11, 1.000000000000000000, 0.000000000000000000 ) ) ;
#4290 = CARTESIAN_POINT ( 'NONE',  ( -2.739999999999950031, -0.8549999999999049471, 0.2500000000000000000 ) ) ;
#4291 = LINE ( 'NONE', #6586, #4292 ) ;
#4292 = VECTOR ( 'NONE', #664, 1000.000000000000000 ) ;
#4293 = CARTESIAN_POINT ( 'NONE',  ( 2.433578643779530370, -2.225000000001160050, 0.000000000000000000 ) ) ;
#4294 = CARTESIAN_POINT ( 'NONE',  ( -1.080000000033069840, 2.225000000000000089, 0.2500000000000000000 ) ) ;
#4295 = VECTOR ( 'NONE', #3044, 1000.000000000000000 ) ;
#4296 = LINE ( 'NONE', #1410, #3320 ) ;
#4297 =( GEOMETRIC_REPRESENTATION_CONTEXT ( 3 ) GLOBAL_UNCERTAINTY_ASSIGNED_CONTEXT ( ( #367 ) ) GLOBAL_UNIT_ASSIGNED_CONTEXT ( ( #4840, #294, #2517 ) ) REPRESENTATION_CONTEXT ( 'NONE', 'WORKASPACE' ) );
#4298 = ORIENTED_EDGE ( 'NONE', *, *, #5360, .T. ) ;
#4299 = CARTESIAN_POINT ( 'NONE',  ( 2.790000000000079527, -0.2650000000006409451, 0.000000000000000000 ) ) ;
#4300 = EDGE_CURVE ( 'NONE', #1767, #1375, #2039, .T. ) ;
#4301 = SURFACE_STYLE_USAGE ( .BOTH. , #3185 ) ;
#4302 = MECHANICAL_DESIGN_GEOMETRIC_PRESENTATION_REPRESENTATION (  '', ( #5616 ), #4297 ) ;
#4303 = STYLED_ITEM ( 'NONE', ( #6652 ), #5166 ) ;
#4304 = VECTOR ( 'NONE', #847, 1000.000000000000000 ) ;
#4305 = DIRECTION ( 'NONE',  ( 0.000000000000000000, 0.000000000000000000, 1.000000000000000000 ) ) ;
#4306 = ORIENTED_EDGE ( 'NONE', *, *, #7037, .T. ) ;
#4307 = DIRECTION ( 'NONE',  ( 0.000000000000000000, 1.000000000000000000, 0.000000000000000000 ) ) ;
#4308 = DIRECTION ( 'NONE',  ( 0.000000000000000000, 0.000000000000000000, -1.000000000000000000 ) ) ;
#4309 = ORIENTED_EDGE ( 'NONE', *, *, #2984, .T. ) ;
#4310 = DIRECTION ( 'NONE',  ( -1.421043037882229849E-12, 1.000000000000000000, 0.000000000000000000 ) ) ;
#4311 = LINE ( 'NONE', #7163, #1146 ) ;
#4312 = VERTEX_POINT ( 'NONE', #155 ) ;
#4313 = DIRECTION ( 'NONE',  ( 0.8660254037807098015, -0.5000000000064585004, 0.000000000000000000 ) ) ;
#4314 = MECHANICAL_DESIGN_GEOMETRIC_PRESENTATION_REPRESENTATION (  '', ( #6598 ), #650 ) ;
#4315 = LINE ( 'NONE', #6612, #1538 ) ;
#4316 = ORIENTED_EDGE ( 'NONE', *, *, #822, .F. ) ;
#4317 =( NAMED_UNIT ( * ) SI_UNIT ( $, .STERADIAN. ) SOLID_ANGLE_UNIT ( ) );
#4318 = VERTEX_POINT ( 'NONE', #2060 ) ;
#4319 = PRESENTATION_LAYER_ASSIGNMENT (  '', '', ( #7078 ) ) ;
#4320 = CARTESIAN_POINT ( 'NONE',  ( 3.220000000017710029, -0.3499999999993410049, 0.000000000000000000 ) ) ;
#4321 = AXIS2_PLACEMENT_3D ( 'NONE', #6327, #5906, #1176 ) ;
#4322 =( LENGTH_UNIT ( ) NAMED_UNIT ( * ) SI_UNIT ( .MILLI., .METRE. ) );
#4323 = CIRCLE ( 'NONE', #778, 0.1499999999997349842 ) ;
#4324 = MECHANICAL_DESIGN_GEOMETRIC_PRESENTATION_REPRESENTATION (  '', ( #2621 ), #7194 ) ;
#4325 = CARTESIAN_POINT ( 'NONE',  ( 2.374999999997129851, 1.019999999999190221, 0.2500000000000000000 ) ) ;
#4326 = EDGE_CURVE ( 'NONE', #5793, #5361, #7162, .T. ) ;
#4327 = MECHANICAL_DESIGN_GEOMETRIC_PRESENTATION_REPRESENTATION (  '', ( #7313 ), #1167 ) ;
#4328 = EDGE_CURVE ( 'NONE', #6566, #3628, #5505, .T. ) ;
#4329 = CARTESIAN_POINT ( 'NONE',  ( 2.374999999997129851, -1.020000000000780060, 0.2500000000000000000 ) ) ;
#4330 =( NAMED_UNIT ( * ) SI_UNIT ( $, .STERADIAN. ) SOLID_ANGLE_UNIT ( ) );
#4331 = MECHANICAL_DESIGN_GEOMETRIC_PRESENTATION_REPRESENTATION (  '', ( #788 ), #3132 ) ;
#4332 = VECTOR ( 'NONE', #5454, 1000.000000000000000 ) ;
#4333 = CIRCLE ( 'NONE', #791, 0.1500000000001378564 ) ;
#4334 = DIRECTION ( 'NONE',  ( -1.000000000000000000, -6.862435148435169986E-13, 0.000000000000000000 ) ) ;
#4335 = DIRECTION ( 'NONE',  ( -1.836970198721029688E-16, -1.000000000000000000, -5.777789833161709749E-32 ) ) ;
#4336 = DIRECTION ( 'NONE',  ( 0.000000000000000000, 0.000000000000000000, -1.000000000000000000 ) ) ;
#4337 = STYLED_ITEM ( 'NONE', ( #4483 ), #6589 ) ;
#4338 = EDGE_CURVE ( 'NONE', #1663, #5893, #4950, .T. ) ;
#4339 = FILL_AREA_STYLE ('',( #2045 ) ) ;
#4340 = UNCERTAINTY_MEASURE_WITH_UNIT (LENGTH_MEASURE( 1.000000000000000082E-05 ), #6174, 'distance_accuracy_value', 'NONE');
#4341 = ORIENTED_EDGE ( 'NONE', *, *, #3603, .F. ) ;
#4342 =( NAMED_UNIT ( * ) PLANE_ANGLE_UNIT ( ) SI_UNIT ( $, .RADIAN. ) );
#4343 = FILL_AREA_STYLE ('',( #4227 ) ) ;
#4344 = DIRECTION ( 'NONE',  ( -2.127927463864883908E-12, -1.000000000000000000, 0.000000000000000000 ) ) ;
#4345 = VECTOR ( 'NONE', #3254, 1000.000000000000000 ) ;
#4346 = EDGE_LOOP ( 'NONE', ( #2093, #3285, #5100, #2266 ) ) ;
#4347 = STYLED_ITEM ( 'NONE', ( #2288 ), #4110 ) ;
#4348 =( NAMED_UNIT ( * ) SI_UNIT ( $, .STERADIAN. ) SOLID_ANGLE_UNIT ( ) );
#4349 = VERTEX_POINT ( 'NONE', #1988 ) ;
#4350 = ORIENTED_EDGE ( 'NONE', *, *, #1141, .T. ) ;
#4351 = LINE ( 'NONE', #6608, #7239 ) ;
#4352 = STYLED_ITEM ( 'NONE', ( #380 ), #4041 ) ;
#4353 = SURFACE_SIDE_STYLE ('',( #2140 ) ) ;
#4354 = VERTEX_POINT ( 'NONE', #4239 ) ;
#4355 = ORIENTED_EDGE ( 'NONE', *, *, #5371, .T. ) ;
#4356 = CARTESIAN_POINT ( 'NONE',  ( -0.08000000002280670264, -2.225000000000249667, 0.000000000000000000 ) ) ;
#4357 = CARTESIAN_POINT ( 'NONE',  ( 2.789999999999679847, 2.124999999998290257, 0.2500000000000000000 ) ) ;
#4358 = EDGE_CURVE ( 'NONE', #933, #3193, #6532, .T. ) ;
#4359 = PRESENTATION_LAYER_ASSIGNMENT (  '', '', ( #4963 ) ) ;
#4360 = FILL_AREA_STYLE_COLOUR ( '', #1615 ) ;
#4361 = EDGE_CURVE ( 'NONE', #994, #2701, #752, .T. ) ;
#4362 = ADVANCED_FACE ( 'NONE', ( #6606 ), #1356, .T. ) ;
#4363 = ORIENTED_EDGE ( 'NONE', *, *, #4103, .T. ) ;
#4364 = FILL_AREA_STYLE_COLOUR ( '', #3575 ) ;
#4365 =( GEOMETRIC_REPRESENTATION_CONTEXT ( 3 ) GLOBAL_UNCERTAINTY_ASSIGNED_CONTEXT ( ( #4635 ) ) GLOBAL_UNIT_ASSIGNED_CONTEXT ( ( #5849, #5347, #7091 ) ) REPRESENTATION_CONTEXT ( 'NONE', 'WORKASPACE' ) );
#4366 = EDGE_CURVE ( 'NONE', #3533, #130, #4521, .T. ) ;
#4367 = FILL_AREA_STYLE ('',( #6662 ) ) ;
#4368 = ADVANCED_FACE ( 'NONE', ( #2135 ), #3375, .T. ) ;
#4369 = AXIS2_PLACEMENT_3D ( 'NONE', #5285, #4701, #2526 ) ;
#4370 = DIRECTION ( 'NONE',  ( 0.000000000000000000, 0.000000000000000000, -1.000000000000000000 ) ) ;
#4372 = CARTESIAN_POINT ( 'NONE',  ( -2.924903810567569984, 1.609999999999060183, 0.2500000000000000000 ) ) ;
#4371 = SURFACE_SIDE_STYLE ('',( #2664 ) ) ;
#4373 = FILL_AREA_STYLE_COLOUR ( '', #4941 ) ;
#4374 = CARTESIAN_POINT ( 'NONE',  ( 3.220000000017710029, -0.3499999999993410049, 0.2500000000000000000 ) ) ;
#4375 = AXIS2_PLACEMENT_3D ( 'NONE', #4679, #2397, #73 ) ;
#4376 = SURFACE_STYLE_FILL_AREA ( #2588 ) ;
#4377 = PRESENTATION_LAYER_ASSIGNMENT (  '', '', ( #6661 ) ) ;
#4378 = ADVANCED_FACE ( 'NONE', ( #3934 ), #340, .F. ) ;
#4379 = LINE ( 'NONE', #3828, #5165 ) ;
#4380 = VERTEX_POINT ( 'NONE', #375 ) ;
#4381 = CYLINDRICAL_SURFACE ( 'NONE', #6012, 0.2672522260927919779 ) ;
#4382 = ORIENTED_EDGE ( 'NONE', *, *, #4714, .T. ) ;
#4383 = CARTESIAN_POINT ( 'NONE',  ( -2.924903810567480278, 0.3399999999992359689, 0.2500000000000000000 ) ) ;
#4384 = DIRECTION ( 'NONE',  ( 1.000000000000000000, -1.836970198721029688E-16, -1.348150961071064002E-31 ) ) ;
#4385 = ORIENTED_EDGE ( 'NONE', *, *, #1643, .T. ) ;
#4386 = CARTESIAN_POINT ( 'NONE',  ( 2.420000000014369768, 0.2499999999992039701, 0.2500000000000000000 ) ) ;
#4387 = CARTESIAN_POINT ( 'NONE',  ( -2.727946210799999438, -2.562946210799999847, 0.2500000000000000000 ) ) ;
#4388 = CARTESIAN_POINT ( 'NONE',  ( -2.739999999999999769, -2.575000000000000178, 0.02000000000000000042 ) ) ;
#4389 = ORIENTED_EDGE ( 'NONE', *, *, #4822, .F. ) ;
#4390 = PRESENTATION_STYLE_ASSIGNMENT (( #2643 ) ) ;
#4391 = EDGE_LOOP ( 'NONE', ( #3488, #2525, #2691, #5123 ) ) ;
#4392 = STYLED_ITEM ( 'NONE', ( #3428 ), #1548 ) ;
#4393 = EDGE_CURVE ( 'NONE', #994, #5281, #7305, .T. ) ;
#4394 = CARTESIAN_POINT ( 'NONE',  ( -0.1800000000228290098, -2.705000000001410054, 0.000000000000000000 ) ) ;
#4395 = VERTEX_POINT ( 'NONE', #1188 ) ;
#4396 = CARTESIAN_POINT ( 'NONE',  ( -3.220000000017990249, 2.199999999998570210, 0.000000000000000000 ) ) ;
#4397 = ORIENTED_EDGE ( 'NONE', *, *, #3603, .T. ) ;
#4398 = LINE ( 'NONE', #4472, #2589 ) ;
#4399 = CARTESIAN_POINT ( 'NONE',  ( -1.850000000000000089, 1.550000000000000044, 1.000000000000000000 ) ) ;
#4400 = FILL_AREA_STYLE_COLOUR ( '', #3968 ) ;
#4401 = EDGE_CURVE ( 'NONE', #4847, #7199, #675, .T. ) ;
#4402 = SURFACE_STYLE_USAGE ( .BOTH. , #1638 ) ;
#4403 = UNCERTAINTY_MEASURE_WITH_UNIT (LENGTH_MEASURE( 1.000000000000000082E-05 ), #6924, 'distance_accuracy_value', 'NONE');
#4404 = AXIS2_PLACEMENT_3D ( 'NONE', #3134, #212, #6512 ) ;
#4405 = CARTESIAN_POINT ( 'NONE',  ( -2.117252226092792178, 1.550000000000000044, 0.9979999999999999982 ) ) ;
#4406 = CARTESIAN_POINT ( 'NONE',  ( -2.610271787389510045, -2.445271787389510010, 0.9173648177754361033 ) ) ;
#4407 = PLANE ( 'NONE',  #2604 ) ;
#4408 = PLANE ( 'NONE',  #3227 ) ;
#4409 = MECHANICAL_DESIGN_GEOMETRIC_PRESENTATION_REPRESENTATION (  '', ( #151 ), #5607 ) ;
#4410 = UNCERTAINTY_MEASURE_WITH_UNIT (LENGTH_MEASURE( 1.000000000000000082E-05 ), #217, 'distance_accuracy_value', 'NONE');
#4411 = ADVANCED_FACE ( 'NONE', ( #591 ), #3591, .T. ) ;
#4412 = CARTESIAN_POINT ( 'NONE',  ( -1.850000000000000089, 1.550000000000000044, 0.9979999999999999982 ) ) ;
#4413 = VERTEX_POINT ( 'NONE', #6899 ) ;
#4414 = FILL_AREA_STYLE ('',( #5464 ) ) ;
#4415 = CYLINDRICAL_SURFACE ( 'NONE', #5404, 0.1500000000000459299 ) ;
#4416 = EDGE_LOOP ( 'NONE', ( #3377, #69, #4661, #6381 ) ) ;
#4417 = ORIENTED_EDGE ( 'NONE', *, *, #4231, .F. ) ;
#4418 =( GEOMETRIC_REPRESENTATION_CONTEXT ( 3 ) GLOBAL_UNCERTAINTY_ASSIGNED_CONTEXT ( ( #6298 ) ) GLOBAL_UNIT_ASSIGNED_CONTEXT ( ( #2941, #4157, #6524 ) ) REPRESENTATION_CONTEXT ( 'NONE', 'WORKASPACE' ) );
#4419 =( GEOMETRIC_REPRESENTATION_CONTEXT ( 3 ) GLOBAL_UNCERTAINTY_ASSIGNED_CONTEXT ( ( #2736 ) ) GLOBAL_UNIT_ASSIGNED_CONTEXT ( ( #3804, #4922, #6167 ) ) REPRESENTATION_CONTEXT ( 'NONE', 'WORKASPACE' ) );
#4420 = CARTESIAN_POINT ( 'NONE',  ( -2.620000000045179966, -0.2650000000006679790, 0.2500000000000000000 ) ) ;
#4421 =( GEOMETRIC_REPRESENTATION_CONTEXT ( 3 ) GLOBAL_UNCERTAINTY_ASSIGNED_CONTEXT ( ( #1675 ) ) GLOBAL_UNIT_ASSIGNED_CONTEXT ( ( #234, #1509, #3834 ) ) REPRESENTATION_CONTEXT ( 'NONE', 'WORKASPACE' ) );
#4422 = CARTESIAN_POINT ( 'NONE',  ( -2.794999999999830287, -0.2650000000011680235, 0.000000000000000000 ) ) ;
#4423 = ORIENTED_EDGE ( 'NONE', *, *, #2891, .F. ) ;
#4424 = LINE ( 'NONE', #491, #4981 ) ;
#4425 = VERTEX_POINT ( 'NONE', #6334 ) ;
#4426 = SURFACE_STYLE_FILL_AREA ( #6617 ) ;
#4427 = FILL_AREA_STYLE_COLOUR ( '', #1264 ) ;
#4428 = PRESENTATION_LAYER_ASSIGNMENT (  '', '', ( #3477 ) ) ;
#4429 = DIRECTION ( 'NONE',  ( -1.000000000000000000, -2.450074203259640086E-13, 0.000000000000000000 ) ) ;
#4430 = ORIENTED_EDGE ( 'NONE', *, *, #6255, .T. ) ;
#4431 = CIRCLE ( 'NONE', #660, 0.1499999999999418188 ) ;
#4432 = SURFACE_SIDE_STYLE ('',( #1564 ) ) ;
#4433 = ORIENTED_EDGE ( 'NONE', *, *, #1773, .T. ) ;
#4434 =( LENGTH_UNIT ( ) NAMED_UNIT ( * ) SI_UNIT ( .MILLI., .METRE. ) );
#4435 = VECTOR ( 'NONE', #5279, 1000.000000000000000 ) ;
#4436 = AXIS2_PLACEMENT_3D ( 'NONE', #7217, #776, #214 ) ;
#4437 =( GEOMETRIC_REPRESENTATION_CONTEXT ( 3 ) GLOBAL_UNCERTAINTY_ASSIGNED_CONTEXT ( ( #2198 ) ) GLOBAL_UNIT_ASSIGNED_CONTEXT ( ( #1108, #5812, #6301 ) ) REPRESENTATION_CONTEXT ( 'NONE', 'WORKASPACE' ) );
#4438 = SURFACE_STYLE_FILL_AREA ( #5728 ) ;
#4439 =( GEOMETRIC_REPRESENTATION_CONTEXT ( 3 ) GLOBAL_UNCERTAINTY_ASSIGNED_CONTEXT ( ( #4199 ) ) GLOBAL_UNIT_ASSIGNED_CONTEXT ( ( #2911, #5202, #4528 ) ) REPRESENTATION_CONTEXT ( 'NONE', 'WORKASPACE' ) );
#4440 = CARTESIAN_POINT ( 'NONE',  ( 3.220222332087919970, -0.3400000000014820056, 0.000000000000000000 ) ) ;
#4441 = CARTESIAN_POINT ( 'NONE',  ( -2.310000001215910093, -2.125000000001460165, 0.000000000000000000 ) ) ;
#4442 = CARTESIAN_POINT ( 'NONE',  ( -2.924903810567190288, 0.9299999999986429122, 0.000000000000000000 ) ) ;
#4443 =( GEOMETRIC_REPRESENTATION_CONTEXT ( 3 ) GLOBAL_UNCERTAINTY_ASSIGNED_CONTEXT ( ( #7182 ) ) GLOBAL_UNIT_ASSIGNED_CONTEXT ( ( #2368, #4905, #828 ) ) REPRESENTATION_CONTEXT ( 'NONE', 'WORKASPACE' ) );
#4444 = CARTESIAN_POINT ( 'NONE',  ( -3.220221562247220337, -1.610000000000530118, 0.000000000000000000 ) ) ;
#4445 = EDGE_CURVE ( 'NONE', #7400, #6690, #1721, .T. ) ;
#4446 = DIRECTION ( 'NONE',  ( -0.000000000000000000, 1.000000000000000000, 0.000000000000000000 ) ) ;
#4447 = ORIENTED_EDGE ( 'NONE', *, *, #5580, .T. ) ;
#4448 = CARTESIAN_POINT ( 'NONE',  ( 0.1549999999992909827, 2.225000000000000089, 0.2500000000000000000 ) ) ;
#4449 = CARTESIAN_POINT ( 'NONE',  ( 2.355000000014429773, -2.225000000001160050, 0.2500000000000000000 ) ) ;
#4450 = VERTEX_POINT ( 'NONE', #2398 ) ;
#4451 = DIRECTION ( 'NONE',  ( 0.000000000000000000, 0.000000000000000000, 1.000000000000000000 ) ) ;
#4452 = ORIENTED_EDGE ( 'NONE', *, *, #4153, .F. ) ;
#4453 = EDGE_CURVE ( 'NONE', #3314, #6566, #5274, .T. ) ;
#4454 = FILL_AREA_STYLE ('',( #5020 ) ) ;
#4455 = EDGE_CURVE ( 'NONE', #1155, #1271, #1687, .T. ) ;
#4456 = SURFACE_STYLE_FILL_AREA ( #6230 ) ;
#4457 = ORIENTED_EDGE ( 'NONE', *, *, #1203, .F. ) ;
#4458 = PLANE ( 'NONE',  #3192 ) ;
#4459 = ORIENTED_EDGE ( 'NONE', *, *, #7338, .F. ) ;
#4460 = CARTESIAN_POINT ( 'NONE',  ( 3.220221562246670111, 1.609999999999500053, 0.2500000000000000000 ) ) ;
#4461 = STYLED_ITEM ( 'NONE', ( #1038 ), #4034 ) ;
#4462 = ADVANCED_FACE ( 'NONE', ( #1761 ), #1804, .F. ) ;
#4463 = CARTESIAN_POINT ( 'NONE',  ( -2.919903810567769931, -0.9300000000009921441, 0.2500000000000000000 ) ) ;
#4464 = ORIENTED_EDGE ( 'NONE', *, *, #316, .T. ) ;
#4465 = EDGE_CURVE ( 'NONE', #575, #7199, #4120, .T. ) ;
#4466 = CARTESIAN_POINT ( 'NONE',  ( -2.310000001215910093, -1.685000000000290044, 0.000000000000000000 ) ) ;
#4467 = CIRCLE ( 'NONE', #1198, 0.2249999999998169298 ) ;
#4468 =( LENGTH_UNIT ( ) NAMED_UNIT ( * ) SI_UNIT ( .MILLI., .METRE. ) );
#4469 = ORIENTED_EDGE ( 'NONE', *, *, #4043, .F. ) ;
#4470 = COLOUR_RGB ( '',0.8666666666666666963, 0.8666666666666666963, 0.8666666666666666963 ) ;
#4471 = ORIENTED_EDGE ( 'NONE', *, *, #6572, .F. ) ;
#4472 = CARTESIAN_POINT ( 'NONE',  ( 0.1549999999992909827, -2.225000000000249667, 0.000000000000000000 ) ) ;
#4473 = ORIENTED_EDGE ( 'NONE', *, *, #764, .F. ) ;
#4474 = VECTOR ( 'NONE', #2870, 1000.000000000000000 ) ;
#4475 = UNCERTAINTY_MEASURE_WITH_UNIT (LENGTH_MEASURE( 1.000000000000000082E-05 ), #1897, 'distance_accuracy_value', 'NONE');
#4476 = SURFACE_STYLE_FILL_AREA ( #856 ) ;
#4477 = CARTESIAN_POINT ( 'NONE',  ( 3.220221562246529778, -1.610000000000530118, 0.2500000000000000000 ) ) ;
#4478 = FILL_AREA_STYLE_COLOUR ( '', #3469 ) ;
#4479 = EDGE_CURVE ( 'NONE', #2406, #6849, #106, .T. ) ;
#4480 = PRESENTATION_LAYER_ASSIGNMENT (  '', '', ( #4970 ) ) ;
#4481 = UNCERTAINTY_MEASURE_WITH_UNIT (LENGTH_MEASURE( 1.000000000000000082E-05 ), #2066, 'distance_accuracy_value', 'NONE');
#4482 = CIRCLE ( 'NONE', #1218, 0.1500000000000450695 ) ;
#4483 = PRESENTATION_STYLE_ASSIGNMENT (( #988 ) ) ;
#4484 = EDGE_LOOP ( 'NONE', ( #4489, #2038, #4125, #492 ) ) ;
#4485 =( BOUNDED_CURVE ( )  B_SPLINE_CURVE ( 3, ( #6632, #859, #1536, #4406 ),
 .UNSPECIFIED., .F., .F. ) 
 B_SPLINE_CURVE_WITH_KNOTS ( ( 4, 4 ),
 ( 5.410520681138047294, 6.108652381891375605 ),
 .UNSPECIFIED. ) 
 CURVE ( )  GEOMETRIC_REPRESENTATION_ITEM ( )  RATIONAL_B_SPLINE_CURVE ( ( 1.000000000000000000, 0.9597950805290011989, 0.9597950805290011989, 1.000000000000000000 ) ) 
 REPRESENTATION_ITEM ( '' )  );
#4486 = CARTESIAN_POINT ( 'NONE',  ( 3.220221430730699996, -0.9300000000010870682, 0.000000000000000000 ) ) ;
#4487 = PRESENTATION_STYLE_ASSIGNMENT (( #992 ) ) ;
#4488 = DIRECTION ( 'NONE',  ( 0.7071067811850400009, 0.7071067811880550336, 0.000000000000000000 ) ) ;
#4489 = ORIENTED_EDGE ( 'NONE', *, *, #2725, .T. ) ;
#4490 = CARTESIAN_POINT ( 'NONE',  ( -2.310000001215910093, -2.125000000001460165, 0.2500000000000000000 ) ) ;
#4491 = EDGE_CURVE ( 'NONE', #2153, #7367, #1981, .T. ) ;
#4492 = MECHANICAL_DESIGN_GEOMETRIC_PRESENTATION_REPRESENTATION (  '', ( #3787 ), #7022 ) ;
#4493 = ORIENTED_EDGE ( 'NONE', *, *, #6117, .T. ) ;
#4494 = CARTESIAN_POINT ( 'NONE',  ( 2.664535259100379641E-15, 0.000000000000000000, 0.02000000000000000042 ) ) ;
#4495 = ORIENTED_EDGE ( 'NONE', *, *, #3821, .F. ) ;
#4496 = DIRECTION ( 'NONE',  ( 0.000000000000000000, 0.000000000000000000, 1.000000000000000000 ) ) ;
#4497 = VECTOR ( 'NONE', #3773, 1000.000000000000000 ) ;
#4498 = CARTESIAN_POINT ( 'NONE',  ( -2.770000000045059974, 1.534999999999530074, 0.2500000000000000000 ) ) ;
#4499 = ORIENTED_EDGE ( 'NONE', *, *, #2473, .T. ) ;
#4500 = FACE_OUTER_BOUND ( 'NONE', #3491, .T. ) ;
#4501 = CARTESIAN_POINT ( 'NONE',  ( 2.355000000014429773, -2.225000000001160050, 0.000000000000000000 ) ) ;
#4502 =( NAMED_UNIT ( * ) PLANE_ANGLE_UNIT ( ) SI_UNIT ( $, .RADIAN. ) );
#4503 = EDGE_LOOP ( 'NONE', ( #96, #2100, #143, #6429 ) ) ;
#4504 = AXIS2_PLACEMENT_3D ( 'NONE', #3530, #5177, #1662 ) ;
#4505 = ORIENTED_EDGE ( 'NONE', *, *, #1817, .F. ) ;
#4506 = AXIS2_PLACEMENT_3D ( 'NONE', #6091, #6658, #973 ) ;
#4507 = FILL_AREA_STYLE_COLOUR ( '', #1261 ) ;
#4508 = CARTESIAN_POINT ( 'NONE',  ( -2.924903810567480278, 0.3399999999992359689, 0.2500000000000000000 ) ) ;
#4509 = ORIENTED_EDGE ( 'NONE', *, *, #2219, .F. ) ;
#4510 = DIRECTION ( 'NONE',  ( -2.131628207265639862E-13, -1.000000000000000000, 0.000000000000000000 ) ) ;
#4511 =( GEOMETRIC_REPRESENTATION_CONTEXT ( 3 ) GLOBAL_UNCERTAINTY_ASSIGNED_CONTEXT ( ( #594 ) ) GLOBAL_UNIT_ASSIGNED_CONTEXT ( ( #1323, #2530, #6462 ) ) REPRESENTATION_CONTEXT ( 'NONE', 'WORKASPACE' ) );
#4512 = CARTESIAN_POINT ( 'NONE',  ( -1.080000000033069840, 2.225000000000000089, 0.000000000000000000 ) ) ;
#4513 = DIRECTION ( 'NONE',  ( 0.000000000000000000, 0.000000000000000000, -1.000000000000000000 ) ) ;
#4514 =( GEOMETRIC_REPRESENTATION_CONTEXT ( 3 ) GLOBAL_UNCERTAINTY_ASSIGNED_CONTEXT ( ( #3586 ) ) GLOBAL_UNIT_ASSIGNED_CONTEXT ( ( #1289, #548, #2390 ) ) REPRESENTATION_CONTEXT ( 'NONE', 'WORKASPACE' ) );
#4515 = CARTESIAN_POINT ( 'NONE',  ( 2.420000000014369768, -1.020000000000760076, 0.2500000000000000000 ) ) ;
#4516 = CARTESIAN_POINT ( 'NONE',  ( 2.790000000000170122, -2.275000000000389822, 0.2500000000000000000 ) ) ;
#4517 = EDGE_CURVE ( 'NONE', #2293, #575, #5920, .T. ) ;
#4518 = LINE ( 'NONE', #4448, #3737 ) ;
#4519 = SURFACE_SIDE_STYLE ('',( #3372 ) ) ;
#4520 = ORIENTED_EDGE ( 'NONE', *, *, #5487, .F. ) ;
#4521 = LINE ( 'NONE', #1030, #1572 ) ;
#4522 = APPLICATION_PROTOCOL_DEFINITION ( 'draft international standard', 'automotive_design', 1998, #484 ) ;
#4523 = ORIENTED_EDGE ( 'NONE', *, *, #2217, .T. ) ;
#4524 =( LENGTH_UNIT ( ) NAMED_UNIT ( * ) SI_UNIT ( .MILLI., .METRE. ) );
#4525 = VECTOR ( 'NONE', #4710, 1000.000000000000000 ) ;
#4526 = CARTESIAN_POINT ( 'NONE',  ( -0.1800000000228290098, 2.705000000001410054, 0.2500000000000000000 ) ) ;
#4527 = EDGE_LOOP ( 'NONE', ( #6315, #6044, #4610, #1984 ) ) ;
#4528 =( NAMED_UNIT ( * ) SI_UNIT ( $, .STERADIAN. ) SOLID_ANGLE_UNIT ( ) );
#4529 =( GEOMETRIC_REPRESENTATION_CONTEXT ( 3 ) GLOBAL_UNCERTAINTY_ASSIGNED_CONTEXT ( ( #739 ) ) GLOBAL_UNIT_ASSIGNED_CONTEXT ( ( #3949, #4532, #6946 ) ) REPRESENTATION_CONTEXT ( 'NONE', 'WORKASPACE' ) );
#4530 = LINE ( 'NONE', #3419, #2562 ) ;
#4531 = ORIENTED_EDGE ( 'NONE', *, *, #4013, .F. ) ;
#4532 =( NAMED_UNIT ( * ) PLANE_ANGLE_UNIT ( ) SI_UNIT ( $, .RADIAN. ) );
#4533 = COLOUR_RGB ( '',0.8666666666666666963, 0.8666666666666666963, 0.8666666666666666963 ) ;
#4534 = VECTOR ( 'NONE', #5299, 1000.000000000000000 ) ;
#4535 = COLOUR_RGB ( '',0.8666666666666666963, 0.8666666666666666963, 0.8666666666666666963 ) ;
#4536 = ORIENTED_EDGE ( 'NONE', *, *, #531, .F. ) ;
#4537 = DIRECTION ( 'NONE',  ( 1.000000000000000000, -5.684341886081120565E-13, 0.000000000000000000 ) ) ;
#4538 = SURFACE_STYLE_FILL_AREA ( #5522 ) ;
#4539 = ORIENTED_EDGE ( 'NONE', *, *, #1709, .F. ) ;
#4540 = VERTEX_POINT ( 'NONE', #1305 ) ;
#4541 = DIRECTION ( 'NONE',  ( 0.000000000000000000, 0.000000000000000000, 1.000000000000000000 ) ) ;
#4542 = DIRECTION ( 'NONE',  ( 1.000000000000000000, 0.000000000000000000, 0.000000000000000000 ) ) ;
#4543 = ORIENTED_EDGE ( 'NONE', *, *, #3922, .T. ) ;
#4544 = AXIS2_PLACEMENT_3D ( 'NONE', #7036, #5330, #2421 ) ;
#4545 = DIRECTION ( 'NONE',  ( 0.000000000000000000, 0.000000000000000000, 1.000000000000000000 ) ) ;
#4546 = ADVANCED_FACE ( 'NONE', ( #5386 ), #7089, .T. ) ;
#4547 = EDGE_CURVE ( 'NONE', #2330, #1661, #710, .T. ) ;
#4548 =( LENGTH_UNIT ( ) NAMED_UNIT ( * ) SI_UNIT ( .MILLI., .METRE. ) );
#4549 = COLOUR_RGB ( '',0.8666666666666666963, 0.8666666666666666963, 0.8666666666666666963 ) ;
#4550 = VECTOR ( 'NONE', #3659, 1000.000000000000000 ) ;
#4551 = PLANE ( 'NONE',  #1124 ) ;
#4552 = UNCERTAINTY_MEASURE_WITH_UNIT (LENGTH_MEASURE( 1.000000000000000082E-05 ), #6165, 'distance_accuracy_value', 'NONE');
#4553 = SURFACE_STYLE_USAGE ( .BOTH. , #6816 ) ;
#4554 = CARTESIAN_POINT ( 'NONE',  ( -1.080000000033069840, 2.225000000000000089, 0.2500000000000000000 ) ) ;
#4555 = PRESENTATION_LAYER_ASSIGNMENT (  '', '', ( #295 ) ) ;
#4556 = COLOUR_RGB ( '',0.8666666666666666963, 0.8666666666666666963, 0.8666666666666666963 ) ;
#4557 =( LENGTH_UNIT ( ) NAMED_UNIT ( * ) SI_UNIT ( .MILLI., .METRE. ) );
#4558 = MECHANICAL_DESIGN_GEOMETRIC_PRESENTATION_REPRESENTATION (  '', ( #3367 ), #5043 ) ;
#4559 = LINE ( 'NONE', #7454, #3920 ) ;
#4560 = VECTOR ( 'NONE', #6544, 1000.000000000000000 ) ;
#4561 = VECTOR ( 'NONE', #6625, 1000.000000000000000 ) ;
#4562 = UNCERTAINTY_MEASURE_WITH_UNIT (LENGTH_MEASURE( 1.000000000000000082E-05 ), #3046, 'distance_accuracy_value', 'NONE');
#4563 = LINE ( 'NONE', #4636, #2424 ) ;
#4564 = PRESENTATION_LAYER_ASSIGNMENT (  '', '', ( #3618 ) ) ;
#4565 = DIRECTION ( 'NONE',  ( 3.645073844453869748E-13, -1.000000000000000000, 0.000000000000000000 ) ) ;
#4566 = ORIENTED_EDGE ( 'NONE', *, *, #7445, .F. ) ;
#4567 = DIRECTION ( 'NONE',  ( 1.000000000000000000, -1.189897853553349989E-12, 0.000000000000000000 ) ) ;
#4568 = EDGE_LOOP ( 'NONE', ( #751, #1800, #4136, #3187 ) ) ;
#4569 =( NAMED_UNIT ( * ) SI_UNIT ( $, .STERADIAN. ) SOLID_ANGLE_UNIT ( ) );
#4570 = LINE ( 'NONE', #2326, #3403 ) ;
#4571 = SURFACE_SIDE_STYLE ('',( #5818 ) ) ;
#4572 = ORIENTED_EDGE ( 'NONE', *, *, #7468, .F. ) ;
#4573 = ORIENTED_EDGE ( 'NONE', *, *, #534, .F. ) ;
#4574 = DIRECTION ( 'NONE',  ( 0.9990158634961664452, -0.04435430625101732804, 0.000000000000000000 ) ) ;
#4575 =( NAMED_UNIT ( * ) PLANE_ANGLE_UNIT ( ) SI_UNIT ( $, .RADIAN. ) );
#4576 = ORIENTED_EDGE ( 'NONE', *, *, #7382, .T. ) ;
#4577 = SURFACE_SIDE_STYLE ('',( #2919 ) ) ;
#4578 = FACE_OUTER_BOUND ( 'NONE', #7215, .T. ) ;
#4579 = COLOUR_RGB ( '',0.8666666666666666963, 0.8666666666666666963, 0.8666666666666666963 ) ;
#4580 = CARTESIAN_POINT ( 'NONE',  ( -1.850000000000000089, 1.550000000000000044, 0.9979999999999999982 ) ) ;
#4581 = ORIENTED_EDGE ( 'NONE', *, *, #630, .T. ) ;
#4582 =( GEOMETRIC_REPRESENTATION_CONTEXT ( 3 ) GLOBAL_UNCERTAINTY_ASSIGNED_CONTEXT ( ( #825 ) ) GLOBAL_UNIT_ASSIGNED_CONTEXT ( ( #6409, #632, #2979 ) ) REPRESENTATION_CONTEXT ( 'NONE', 'WORKASPACE' ) );
#4583 = VERTEX_POINT ( 'NONE', #6485 ) ;
#4584 = LINE ( 'NONE', #4372, #5692 ) ;
#4585 = VECTOR ( 'NONE', #2908, 1000.000000000000000 ) ;
#4586 = ORIENTED_EDGE ( 'NONE', *, *, #5651, .T. ) ;
#4587 = CARTESIAN_POINT ( 'NONE',  ( 2.595700975200000205, 4.424999999999999822, 1.000000000000000000 ) ) ;
#4588 = ADVANCED_FACE ( 'NONE', ( #1458 ), #4266, .F. ) ;
#4589 = ADVANCED_FACE ( 'NONE', ( #4761 ), #2551, .T. ) ;
#4590 = EDGE_CURVE ( 'NONE', #2336, #482, #2201, .T. ) ;
#4591 = AXIS2_PLACEMENT_3D ( 'NONE', #233, #875, #6567 ) ;
#4592 = EDGE_CURVE ( 'NONE', #7288, #6246, #6670, .T. ) ;
#4593 = FACE_OUTER_BOUND ( 'NONE', #1223, .T. ) ;
#4594 = MECHANICAL_DESIGN_GEOMETRIC_PRESENTATION_REPRESENTATION (  '', ( #6401 ), #5549 ) ;
#4595 = AXIS2_PLACEMENT_3D ( 'NONE', #1343, #3184, #4344 ) ;
#4596 = ADVANCED_FACE ( 'NONE', ( #2668 ), #4407, .T. ) ;
#4597 = DIRECTION ( 'NONE',  ( 0.000000000000000000, 0.000000000000000000, 1.000000000000000000 ) ) ;
#4598 = AXIS2_PLACEMENT_3D ( 'NONE', #6183, #2708, #984 ) ;
#4599 = DIRECTION ( 'NONE',  ( 0.000000000000000000, 0.000000000000000000, 1.000000000000000000 ) ) ;
#4600 = PRESENTATION_STYLE_ASSIGNMENT (( #3897 ) ) ;
#4601 = FACE_OUTER_BOUND ( 'NONE', #2958, .T. ) ;
#4602 = ORIENTED_EDGE ( 'NONE', *, *, #1151, .F. ) ;
#4603 = DIRECTION ( 'NONE',  ( 0.000000000000000000, 0.000000000000000000, -1.000000000000000000 ) ) ;
#4604 = VECTOR ( 'NONE', #2027, 1000.000000000000000 ) ;
#4605 = VECTOR ( 'NONE', #5071, 1000.000000000000000 ) ;
#4606 = AXIS2_PLACEMENT_3D ( 'NONE', #3422, #5667, #6198 ) ;
#4607 = CARTESIAN_POINT ( 'NONE',  ( -3.220000000017990249, 2.199999999998570210, 0.000000000000000000 ) ) ;
#4608 = LINE ( 'NONE', #6902, #3649 ) ;
#4609 = SURFACE_STYLE_FILL_AREA ( #2 ) ;
#4610 = ORIENTED_EDGE ( 'NONE', *, *, #3779, .F. ) ;
#4611 = LINE ( 'NONE', #6310, #1175 ) ;
#4612 = ORIENTED_EDGE ( 'NONE', *, *, #2704, .F. ) ;
#4613 = CARTESIAN_POINT ( 'NONE',  ( -3.220000000017930297, -2.199999999999930456, 0.2500000000000000000 ) ) ;
#4614 = VECTOR ( 'NONE', #132, 1000.000000000000000 ) ;
#4615 = CYLINDRICAL_SURFACE ( 'NONE', #2305, 0.2250000000008509082 ) ;
#4616 = CARTESIAN_POINT ( 'NONE',  ( -3.445000000017220287, 1.619982680674329822, 0.2500000000000000000 ) ) ;
#4617 = ORIENTED_EDGE ( 'NONE', *, *, #78, .T. ) ;
#4618 = DIRECTION ( 'NONE',  ( -1.000000000000000000, -4.726382275045159701E-13, 0.000000000000000000 ) ) ;
#4619 = DIRECTION ( 'NONE',  ( 0.000000000000000000, 0.000000000000000000, 1.000000000000000000 ) ) ;
#4620 = ORIENTED_EDGE ( 'NONE', *, *, #6794, .T. ) ;
#4621 = ORIENTED_EDGE ( 'NONE', *, *, #4712, .F. ) ;
#4622 = SURFACE_STYLE_FILL_AREA ( #576 ) ;
#4623 = SURFACE_STYLE_FILL_AREA ( #1629 ) ;
#4624 = EDGE_CURVE ( 'NONE', #846, #1325, #7335, .T. ) ;
#4625 = ORIENTED_EDGE ( 'NONE', *, *, #6744, .T. ) ;
#4626 = CARTESIAN_POINT ( 'NONE',  ( -2.770000000045069743, 1.534999999999530074, 0.000000000000000000 ) ) ;
#4627 = PRESENTATION_LAYER_ASSIGNMENT (  '', '', ( #6314 ) ) ;
#4628 = CARTESIAN_POINT ( 'NONE',  ( -2.919903810567349822, -1.610000000000469944, 0.000000000000000000 ) ) ;
#4629 = CARTESIAN_POINT ( 'NONE',  ( -2.594268284767865751, 2.429268284767874597, 0.9613340798499563356 ) ) ;
#4630 = VECTOR ( 'NONE', #4597, 1000.000000000000000 ) ;
#4631 = LINE ( 'NONE', #6926, #3950 ) ;
#4632 = STYLED_ITEM ( 'NONE', ( #1738 ), #1561 ) ;
#4633 = COLOUR_RGB ( '',0.3294117647058823484, 0.3294117647058823484, 0.3294117647058823484 ) ;
#4634 =( LENGTH_UNIT ( ) NAMED_UNIT ( * ) SI_UNIT ( .MILLI., .METRE. ) );
#4635 = UNCERTAINTY_MEASURE_WITH_UNIT (LENGTH_MEASURE( 1.000000000000000082E-05 ), #5849, 'distance_accuracy_value', 'NONE');
#4636 = CARTESIAN_POINT ( 'NONE',  ( -2.794999999999910223, -0.4150000000012140089, 0.000000000000000000 ) ) ;
#4637 = LINE ( 'NONE', #7493, #7110 ) ;
#4638 = DIRECTION ( 'NONE',  ( 1.000000000000000000, 0.000000000000000000, 0.000000000000000000 ) ) ;
#4639 = SURFACE_SIDE_STYLE ('',( #7088 ) ) ;
#4640 =( LENGTH_UNIT ( ) NAMED_UNIT ( * ) SI_UNIT ( .MILLI., .METRE. ) );
#4641 = FILL_AREA_STYLE ('',( #385 ) ) ;
#4642 = EDGE_CURVE ( 'NONE', #6728, #2714, #3967, .T. ) ;
#4643 = CARTESIAN_POINT ( 'NONE',  ( -2.744999999999924167, -0.4129019945705097450, 0.000000000000000000 ) ) ;
#4644 = CARTESIAN_POINT ( 'NONE',  ( -3.220000000017990249, 2.199999999998570210, 0.2500000000000000000 ) ) ;
#4645 = ORIENTED_EDGE ( 'NONE', *, *, #1347, .F. ) ;
#4646 = CARTESIAN_POINT ( 'NONE',  ( -2.789999999999789981, -0.8550000000003589173, 0.000000000000000000 ) ) ;
#4647 = SURFACE_SIDE_STYLE ('',( #2992 ) ) ;
#4648 = ORIENTED_EDGE ( 'NONE', *, *, #5095, .F. ) ;
#4649 = CARTESIAN_POINT ( 'NONE',  ( -3.220221562247220337, -1.610000000000530118, 0.2500000000000000000 ) ) ;
#4650 = CARTESIAN_POINT ( 'NONE',  ( 2.790000000000270042, 1.005000000000070060, 0.000000000000000000 ) ) ;
#4651 = SURFACE_STYLE_FILL_AREA ( #2767 ) ;
#4652 = STYLED_ITEM ( 'NONE', ( #3306 ), #7132 ) ;
#4653 = ORIENTED_EDGE ( 'NONE', *, *, #5628, .T. ) ;
#4654 = DIRECTION ( 'NONE',  ( -0.9428090415838672467, 0.3333333333282310629, 0.000000000000000000 ) ) ;
#4655 = LINE ( 'NONE', #6950, #3064 ) ;
#4656 = ORIENTED_EDGE ( 'NONE', *, *, #5826, .F. ) ;
#4657 = ORIENTED_EDGE ( 'NONE', *, *, #5021, .F. ) ;
#4658 = CARTESIAN_POINT ( 'NONE',  ( -2.789999999999789981, -2.275000000000889866, 0.2500000000000000000 ) ) ;
#4659 =( NAMED_UNIT ( * ) SI_UNIT ( $, .STERADIAN. ) SOLID_ANGLE_UNIT ( ) );
#4660 = VECTOR ( 'NONE', #4496, 1000.000000000000000 ) ;
#4661 = ORIENTED_EDGE ( 'NONE', *, *, #3542, .F. ) ;
#4662 = CARTESIAN_POINT ( 'NONE',  ( 2.790000000000079527, -0.2650000000006409451, 0.000000000000000000 ) ) ;
#4663 = COLOUR_RGB ( '',0.8666666666666666963, 0.8666666666666666963, 0.8666666666666666963 ) ;
#4664 = COLOUR_RGB ( '',0.3294117647058823484, 0.3294117647058823484, 0.3294117647058823484 ) ;
#4665 = AXIS2_PLACEMENT_3D ( 'NONE', #7302, #7193, #372 ) ;
#4666 = AXIS2_PLACEMENT_3D ( 'NONE', #835, #3191, #5468 ) ;
#4667 = CARTESIAN_POINT ( 'NONE',  ( -2.117252226092792178, 1.550000000000000044, 1.000000000000000000 ) ) ;
#4668 = MECHANICAL_DESIGN_GEOMETRIC_PRESENTATION_REPRESENTATION (  '', ( #3654 ), #7422 ) ;
#4669 = CARTESIAN_POINT ( 'NONE',  ( -2.924903810567190288, 0.9299999999986429122, 0.000000000000000000 ) ) ;
#4670 = SURFACE_STYLE_USAGE ( .BOTH. , #5219 ) ;
#4671 = PRESENTATION_STYLE_ASSIGNMENT (( #1868 ) ) ;
#4672 = VECTOR ( 'NONE', #5038, 1000.000000000000000 ) ;
#4673 = LINE ( 'NONE', #7046, #7389 ) ;
#4674 = EDGE_LOOP ( 'NONE', ( #6202, #1858, #5352, #936 ) ) ;
#4675 = PLANE ( 'NONE',  #2671 ) ;
#4676 = MECHANICAL_DESIGN_GEOMETRIC_PRESENTATION_REPRESENTATION (  '', ( #2740 ), #1407 ) ;
#4677 =( NAMED_UNIT ( * ) SI_UNIT ( $, .STERADIAN. ) SOLID_ANGLE_UNIT ( ) );
#4678 = CYLINDRICAL_SURFACE ( 'NONE', #6739, 0.2249999999999079958 ) ;
#4679 = CARTESIAN_POINT ( 'NONE',  ( -2.770000000045179878, -0.2650000000006689782, 0.2500000000000000000 ) ) ;
#4680 = DIRECTION ( 'NONE',  ( 0.000000000000000000, 0.000000000000000000, 1.000000000000000000 ) ) ;
#4681 = AXIS2_PLACEMENT_3D ( 'NONE', #5112, #1600, #441 ) ;
#4682 =( GEOMETRIC_REPRESENTATION_CONTEXT ( 3 ) GLOBAL_UNCERTAINTY_ASSIGNED_CONTEXT ( ( #817 ) ) GLOBAL_UNIT_ASSIGNED_CONTEXT ( ( #2830, #2132, #7343 ) ) REPRESENTATION_CONTEXT ( 'NONE', 'WORKASPACE' ) );
#4683 = SURFACE_STYLE_USAGE ( .BOTH. , #4083 ) ;
#4684 = VECTOR ( 'NONE', #773, 1000.000000000000000 ) ;
#4685 = EDGE_CURVE ( 'NONE', #918, #6031, #6748, .T. ) ;
#4686 = AXIS2_PLACEMENT_3D ( 'NONE', #1635, #1598, #3888 ) ;
#4687 = EDGE_CURVE ( 'NONE', #7367, #5596, #2160, .T. ) ;
#4688 = PRESENTATION_LAYER_ASSIGNMENT (  '', '', ( #788 ) ) ;
#4689 = VECTOR ( 'NONE', #3820, 1000.000000000000227 ) ;
#4690 = DIRECTION ( 'NONE',  ( 0.000000000000000000, 0.000000000000000000, -1.000000000000000000 ) ) ;
#4691 = AXIS2_PLACEMENT_3D ( 'NONE', #4646, #5125, #2801 ) ;
#4692 =( NAMED_UNIT ( * ) PLANE_ANGLE_UNIT ( ) SI_UNIT ( $, .RADIAN. ) );
#4693 = CARTESIAN_POINT ( 'NONE',  ( 2.789999999999780211, -1.004999999999319993, 0.000000000000000000 ) ) ;
#4694 = ORIENTED_EDGE ( 'NONE', *, *, #4172, .F. ) ;
#4695 = FILL_AREA_STYLE_COLOUR ( '', #1613 ) ;
#4696 = EDGE_CURVE ( 'NONE', #6640, #3628, #1601, .T. ) ;
#4697 = DIRECTION ( 'NONE',  ( 0.000000000000000000, 0.000000000000000000, 1.000000000000000000 ) ) ;
#4698 = ORIENTED_EDGE ( 'NONE', *, *, #4877, .F. ) ;
#4699 =( LENGTH_UNIT ( ) NAMED_UNIT ( * ) SI_UNIT ( .MILLI., .METRE. ) );
#4700 =( NAMED_UNIT ( * ) SI_UNIT ( $, .STERADIAN. ) SOLID_ANGLE_UNIT ( ) );
#4701 = DIRECTION ( 'NONE',  ( 0.000000000000000000, 0.000000000000000000, -1.000000000000000000 ) ) ;
#4702 = EDGE_CURVE ( 'NONE', #7168, #2293, #1217, .T. ) ;
#4703 = VECTOR ( 'NONE', #6001, 1000.000000000000000 ) ;
#4704 = FILL_AREA_STYLE_COLOUR ( '', #4032 ) ;
#4705 = CYLINDRICAL_SURFACE ( 'NONE', #17, 0.2672522260927919779 ) ;
#4706 = VERTEX_POINT ( 'NONE', #2237 ) ;
#4707 = VECTOR ( 'NONE', #3753, 1000.000000000000000 ) ;
#4708 = VERTEX_POINT ( 'NONE', #477 ) ;
#4709 = FACE_OUTER_BOUND ( 'NONE', #6333, .T. ) ;
#4710 = DIRECTION ( 'NONE',  ( -1.000000000000000000, 0.000000000000000000, 0.000000000000000000 ) ) ;
#4711 =( NAMED_UNIT ( * ) SI_UNIT ( $, .STERADIAN. ) SOLID_ANGLE_UNIT ( ) );
#4712 = EDGE_CURVE ( 'NONE', #2298, #7161, #509, .T. ) ;
#4713 = DIRECTION ( 'NONE',  ( 1.000000000000000000, -8.818177669549485472E-14, 0.000000000000000000 ) ) ;
#4714 = EDGE_CURVE ( 'NONE', #1112, #4312, #2863, .T. ) ;
#4715 = SURFACE_SIDE_STYLE ('',( #2425 ) ) ;
#4716 = FILL_AREA_STYLE_COLOUR ( '', #2717 ) ;
#4717 = FILL_AREA_STYLE ('',( #1181 ) ) ;
#4718 = COLOUR_RGB ( '',0.8666666666666666963, 0.8666666666666666963, 0.8666666666666666963 ) ;
#4719 = UNCERTAINTY_MEASURE_WITH_UNIT (LENGTH_MEASURE( 1.000000000000000082E-05 ), #4975, 'distance_accuracy_value', 'NONE');
#4720 = ORIENTED_EDGE ( 'NONE', *, *, #822, .T. ) ;
#4721 = AXIS2_PLACEMENT_3D ( 'NONE', #562, #7385, #6939 ) ;
#4722 = SURFACE_STYLE_FILL_AREA ( #1801 ) ;
#4723 = COLOUR_RGB ( '',0.8666666666666666963, 0.8666666666666666963, 0.8666666666666666963 ) ;
#4724 = SURFACE_STYLE_FILL_AREA ( #673 ) ;
#4725 = CARTESIAN_POINT ( 'NONE',  ( 2.511791012089840347, 2.212499999999999911, 0.9000000000000000222 ) ) ;
#4726 = FILL_AREA_STYLE_COLOUR ( '', #1455 ) ;
#4727 = ADVANCED_FACE ( 'NONE', ( #2822 ), #7485, .T. ) ;
#4728 = DIRECTION ( 'NONE',  ( 0.000000000000000000, 0.000000000000000000, 1.000000000000000000 ) ) ;
#4729 = FACE_OUTER_BOUND ( 'NONE', #4503, .T. ) ;
#4730 = COLOUR_RGB ( '',0.8666666666666666963, 0.8666666666666666963, 0.8666666666666666963 ) ;
#4731 = DIRECTION ( 'NONE',  ( 0.7071067811864469865, 0.7071067811866481589, 0.000000000000000000 ) ) ;
#4732 = FILL_AREA_STYLE ('',( #4938 ) ) ;
#4733 = ORIENTED_EDGE ( 'NONE', *, *, #5191, .T. ) ;
#4734 = VECTOR ( 'NONE', #7348, 1000.000000000000000 ) ;
#4735 = EDGE_LOOP ( 'NONE', ( #1053, #7420, #5140, #1204 ) ) ;
#4736 = SURFACE_STYLE_FILL_AREA ( #1272 ) ;
#4737 = LINE ( 'NONE', #3070, #282 ) ;
#4738 = CARTESIAN_POINT ( 'NONE',  ( -3.220000000017849917, 1.619982680674300068, 0.000000000000000000 ) ) ;
#4739 = EDGE_CURVE ( 'NONE', #4930, #5397, #4036, .T. ) ;
#4740 = PRESENTATION_LAYER_ASSIGNMENT (  '', '', ( #4132 ) ) ;
#4741 = DIRECTION ( 'NONE',  ( -1.000000000000000000, 1.512038128301959820E-12, 0.000000000000000000 ) ) ;
#4742 = FILL_AREA_STYLE ('',( #4815 ) ) ;
#4743 = ORIENTED_EDGE ( 'NONE', *, *, #2502, .T. ) ;
#4744 = ORIENTED_EDGE ( 'NONE', *, *, #670, .T. ) ;
#4745 = CARTESIAN_POINT ( 'NONE',  ( 2.576069773055092771, 2.411069773055091403, 0.9766044443147514631 ) ) ;
#4746 = DIRECTION ( 'NONE',  ( 1.000000000000000000, 5.517472001737950148E-13, 0.000000000000000000 ) ) ;
#4747 =( NAMED_UNIT ( * ) PLANE_ANGLE_UNIT ( ) SI_UNIT ( $, .RADIAN. ) );
#4748 = PRESENTATION_STYLE_ASSIGNMENT (( #2423 ) ) ;
#4749 = EDGE_CURVE ( 'NONE', #1039, #2034, #6925, .T. ) ;
#4750 = PRESENTATION_STYLE_ASSIGNMENT (( #3013 ) ) ;
#4751 = PRESENTATION_LAYER_ASSIGNMENT (  '', '', ( #6067 ) ) ;
#4752 = CARTESIAN_POINT ( 'NONE',  ( -2.310000001215910093, -1.685000000000290044, 0.2500000000000000000 ) ) ;
#4753 = CIRCLE ( 'NONE', #444, 0.1500000000001429079 ) ;
#4754 = CARTESIAN_POINT ( 'NONE',  ( 2.789999999999570157, 0.8550000000001318767, 0.2500000000000000000 ) ) ;
#4755 = VERTEX_POINT ( 'NONE', #6330 ) ;
#4756 = SURFACE_STYLE_USAGE ( .BOTH. , #3018 ) ;
#4757 = DIRECTION ( 'NONE',  ( 1.809062493724529160E-16, 0.9848077529967925736, -0.1736481777543558980 ) ) ;
#4758 = AXIS2_PLACEMENT_3D ( 'NONE', #3310, #2653, #6695 ) ;
#4759 = MECHANICAL_DESIGN_GEOMETRIC_PRESENTATION_REPRESENTATION (  '', ( #4392 ), #6322 ) ;
#4760 = PLANE ( 'NONE',  #6299 ) ;
#4761 = FACE_OUTER_BOUND ( 'NONE', #4925, .T. ) ;
#4762 =( NAMED_UNIT ( * ) SI_UNIT ( $, .STERADIAN. ) SOLID_ANGLE_UNIT ( ) );
#4763 = COLOUR_RGB ( '',0.8666666666666666963, 0.8666666666666666963, 0.8666666666666666963 ) ;
#4764 = DIRECTION ( 'NONE',  ( 0.000000000000000000, 0.000000000000000000, 1.000000000000000000 ) ) ;
#4765 = EDGE_LOOP ( 'NONE', ( #3829, #1132, #3243, #1565 ) ) ;
#4766 = DIRECTION ( 'NONE',  ( 0.000000000000000000, 0.000000000000000000, 1.000000000000000000 ) ) ;
#4767 = SURFACE_STYLE_USAGE ( .BOTH. , #5821 ) ;
#4768 = ORIENTED_EDGE ( 'NONE', *, *, #6395, .F. ) ;
#4769 = STYLED_ITEM ( 'NONE', ( #1534 ), #3417 ) ;
#4770 = LINE ( 'NONE', #3113, #2053 ) ;
#4771 = FILL_AREA_STYLE ('',( #3648 ) ) ;
#4772 = VECTOR ( 'NONE', #1569, 1000.000000000000000 ) ;
#4773 = CARTESIAN_POINT ( 'NONE',  ( -0.5800000000228350272, 2.705000000001180016, 0.2500000000000000000 ) ) ;
#4774 = DIRECTION ( 'NONE',  ( 1.000000000000000000, 1.414329687314046723E-11, 0.000000000000000000 ) ) ;
#4775 = ORIENTED_EDGE ( 'NONE', *, *, #4455, .F. ) ;
#4776 = VERTEX_POINT ( 'NONE', #65 ) ;
#4777 = PRESENTATION_STYLE_ASSIGNMENT (( #1246 ) ) ;
#4778 = DIRECTION ( 'NONE',  ( -1.000000000000000000, 1.983294894051544574E-11, 0.000000000000000000 ) ) ;
#4779 = DIRECTION ( 'NONE',  ( 0.000000000000000000, 0.000000000000000000, 1.000000000000000000 ) ) ;
#4780 = PLANE ( 'NONE',  #293 ) ;
#4781 =( GEOMETRIC_REPRESENTATION_CONTEXT ( 3 ) GLOBAL_UNCERTAINTY_ASSIGNED_CONTEXT ( ( #7404 ) ) GLOBAL_UNIT_ASSIGNED_CONTEXT ( ( #7257, #6093, #5035 ) ) REPRESENTATION_CONTEXT ( 'NONE', 'WORKASPACE' ) );
#4782 = DIRECTION ( 'NONE',  ( 0.000000000000000000, 1.000000000000000000, 0.000000000000000000 ) ) ;
#4783 = CYLINDRICAL_SURFACE ( 'NONE', #3208, 0.1499999999999999667 ) ;
#4784 = PRESENTATION_STYLE_ASSIGNMENT (( #7214 ) ) ;
#4785 = VECTOR ( 'NONE', #1939, 1000.000000000000000 ) ;
#4786 =( GEOMETRIC_REPRESENTATION_CONTEXT ( 3 ) GLOBAL_UNCERTAINTY_ASSIGNED_CONTEXT ( ( #1067 ) ) GLOBAL_UNIT_ASSIGNED_CONTEXT ( ( #3969, #3406, #7452 ) ) REPRESENTATION_CONTEXT ( 'NONE', 'WORKASPACE' ) );
#4787 = EDGE_CURVE ( 'NONE', #4349, #1710, #2350, .T. ) ;
#4788 = STYLED_ITEM ( 'NONE', ( #6910 ), #5237 ) ;
#4789 = PLANE ( 'NONE',  #4191 ) ;
#4790 = CARTESIAN_POINT ( 'NONE',  ( 2.570000000014549979, -0.8549999999989950084, 0.2500000000000000000 ) ) ;
#4791 = VECTOR ( 'NONE', #4020, 1000.000000000000000 ) ;
#4792 = STYLED_ITEM ( 'NONE', ( #3999 ), #4727 ) ;
#4793 = CARTESIAN_POINT ( 'NONE',  ( 2.919903810567320068, 0.3399999999993499888, 0.000000000000000000 ) ) ;
#4794 = UNCERTAINTY_MEASURE_WITH_UNIT (LENGTH_MEASURE( 1.000000000000000082E-05 ), #6289, 'distance_accuracy_value', 'NONE');
#4795 = VERTEX_POINT ( 'NONE', #7407 ) ;
#4796 = FILL_AREA_STYLE_COLOUR ( '', #4931 ) ;
#4797 =( NAMED_UNIT ( * ) PLANE_ANGLE_UNIT ( ) SI_UNIT ( $, .RADIAN. ) );
#4798 = EDGE_CURVE ( 'NONE', #2254, #4425, #3475, .T. ) ;
#4799 = CARTESIAN_POINT ( 'NONE',  ( -3.445000000011790409, -0.9200202810965329991, 0.000000000000000000 ) ) ;
#4800 = FILL_AREA_STYLE_COLOUR ( '', #292 ) ;
#4801 = VECTOR ( 'NONE', #1746, 1000.000000000000000 ) ;
#4802 = CARTESIAN_POINT ( 'NONE',  ( -2.739999999999950031, -1.685000000000290044, 0.000000000000000000 ) ) ;
#4803 = DIRECTION ( 'NONE',  ( 0.000000000000000000, 0.6427876096525354521, 0.7660444431475106342 ) ) ;
#4804 = ORIENTED_EDGE ( 'NONE', *, *, #3319, .F. ) ;
#4805 = DIRECTION ( 'NONE',  ( -1.000000000000000000, 9.094947017778909985E-12, 0.000000000000000000 ) ) ;
#4806 = DIRECTION ( 'NONE',  ( 0.000000000000000000, 0.000000000000000000, 1.000000000000000000 ) ) ;
#4807 = VERTEX_POINT ( 'NONE', #5730 ) ;
#4808 = DIRECTION ( 'NONE',  ( 0.000000000000000000, 0.000000000000000000, -1.000000000000000000 ) ) ;
#4809 = ORIENTED_EDGE ( 'NONE', *, *, #1866, .T. ) ;
#4810 = CARTESIAN_POINT ( 'NONE',  ( 2.570000000014549979, 1.685000000000490106, 0.000000000000000000 ) ) ;
#4811 = CIRCLE ( 'NONE', #537, 0.1499999999991419863 ) ;
#4812 =( GEOMETRIC_REPRESENTATION_CONTEXT ( 3 ) GLOBAL_UNCERTAINTY_ASSIGNED_CONTEXT ( ( #3439 ) ) GLOBAL_UNIT_ASSIGNED_CONTEXT ( ( #1333, #5950, #2505 ) ) REPRESENTATION_CONTEXT ( 'NONE', 'WORKASPACE' ) );
#4813 =( NAMED_UNIT ( * ) PLANE_ANGLE_UNIT ( ) SI_UNIT ( $, .RADIAN. ) );
#4814 = CARTESIAN_POINT ( 'NONE',  ( -0.1800000000228290098, -2.705000000001410054, 0.000000000000000000 ) ) ;
#4815 = FILL_AREA_STYLE_COLOUR ( '', #7045 ) ;
#4816 = ORIENTED_EDGE ( 'NONE', *, *, #530, .T. ) ;
#4817 = ORIENTED_EDGE ( 'NONE', *, *, #6305, .T. ) ;
#4818 =( NAMED_UNIT ( * ) SI_UNIT ( $, .STERADIAN. ) SOLID_ANGLE_UNIT ( ) );
#4819 = DIRECTION ( 'NONE',  ( 1.000000000000000000, 2.454333033274330151E-11, 0.000000000000000000 ) ) ;
#4820 = AXIS2_PLACEMENT_3D ( 'NONE', #7094, #3750, #6600 ) ;
#4821 = SURFACE_STYLE_FILL_AREA ( #6021 ) ;
#4822 = EDGE_CURVE ( 'NONE', #356, #6755, #6797, .T. ) ;
#4823 =( NAMED_UNIT ( * ) SI_UNIT ( $, .STERADIAN. ) SOLID_ANGLE_UNIT ( ) );
#4824 = AXIS2_PLACEMENT_3D ( 'NONE', #2737, #5605, #328 ) ;
#4825 = PRESENTATION_STYLE_ASSIGNMENT (( #5946 ) ) ;
#4826 = LINE ( 'NONE', #4290, #4561 ) ;
#4827 = SURFACE_STYLE_USAGE ( .BOTH. , #7000 ) ;
#4828 = DIRECTION ( 'NONE',  ( 0.1666666669654747746, -0.9860132971327616458, 0.000000000000000000 ) ) ;
#4829 = ADVANCED_FACE ( 'NONE', ( #2895 ), #1179, .F. ) ;
#4830 = DIRECTION ( 'NONE',  ( 0.000000000000000000, -1.000000000000000000, 0.000000000000000000 ) ) ;
#4831 = PRODUCT_DEFINITION_SHAPE ( 'NONE', 'NONE',  #5714 ) ;
#4832 = EDGE_CURVE ( 'NONE', #7161, #1211, #177, .T. ) ;
#4833 = EDGE_CURVE ( 'NONE', #1811, #4246, #2469, .T. ) ;
#4834 = CARTESIAN_POINT ( 'NONE',  ( -0.5800000000228350272, 2.705000000001180016, 0.000000000000000000 ) ) ;
#4835 = ORIENTED_EDGE ( 'NONE', *, *, #103, .F. ) ;
#4836 = LINE ( 'NONE', #1338, #3903 ) ;
#4837 = PRESENTATION_STYLE_ASSIGNMENT (( #2511 ) ) ;
#4838 = FILL_AREA_STYLE ('',( #4796 ) ) ;
#4839 = EDGE_CURVE ( 'NONE', #2306, #1610, #5414, .T. ) ;
#4840 =( LENGTH_UNIT ( ) NAMED_UNIT ( * ) SI_UNIT ( .MILLI., .METRE. ) );
#4841 = SURFACE_SIDE_STYLE ('',( #6414 ) ) ;
#4842 = AXIS2_PLACEMENT_3D ( 'NONE', #412, #6152, #6781 ) ;
#4843 = ORIENTED_EDGE ( 'NONE', *, *, #5651, .F. ) ;
#4844 = DIRECTION ( 'NONE',  ( 0.000000000000000000, 0.000000000000000000, -1.000000000000000000 ) ) ;
#4845 = ORIENTED_EDGE ( 'NONE', *, *, #5592, .T. ) ;
#4846 = CARTESIAN_POINT ( 'NONE',  ( 3.220000000017900543, -2.199999999999930456, 0.000000000000000000 ) ) ;
#4847 = VERTEX_POINT ( 'NONE', #5949 ) ;
#4848 = SURFACE_STYLE_FILL_AREA ( #3647 ) ;
#4849 = CARTESIAN_POINT ( 'NONE',  ( -2.511791012089830133, -2.346791012089830097, 1.000000000000000000 ) ) ;
#4850 = DIRECTION ( 'NONE',  ( 0.000000000000000000, 0.000000000000000000, -1.000000000000000000 ) ) ;
#4851 = SURFACE_STYLE_USAGE ( .BOTH. , #3117 ) ;
#4852 = EDGE_LOOP ( 'NONE', ( #300, #3373, #7183, #762, #7402, #6123, #5288, #4430, #3872, #242, #2678, #6841, #2802, #3004, #1577, #6593, #3304, #1617, #4951, #3598, #652, #6789, #727, #2977, #1563, #6244, #4464, #2748, #2614, #5674, #5394, #962, #5162, #4898, #6565, #6041, #5428, #3975, #2246, #6853, #566, #7340, #7280, #7365, #2340, #6252, #7235, #1736, #6643, #7354, #341, #1631, #2769, #5476, #6680, #1233, #131, #3789, #420, #528, #1200, #1478, #5098, #497, #3391, #4986, #7106, #6017, #5056, #5018, #432, #3079, #4397, #165, #2522, #5776, #7116, #3955, #3689, #5725, #1658, #5325, #7192, #3152 ) ) ;
#4853 = CARTESIAN_POINT ( 'NONE',  ( 3.220000000017900543, 2.199999999998340172, 0.000000000000000000 ) ) ;
#4854 = FACE_OUTER_BOUND ( 'NONE', #4030, .T. ) ;
#4855 = CIRCLE ( 'NONE', #7125, 0.2250000000028448965 ) ;
#4856 = DIRECTION ( 'NONE',  ( 0.8660254037852800346, -0.4999999999985429433, 0.000000000000000000 ) ) ;
#4857 = VECTOR ( 'NONE', #5823, 1000.000000000000000 ) ;
#4858 = EDGE_CURVE ( 'NONE', #356, #6309, #2543, .T. ) ;
#4859 = FILL_AREA_STYLE_COLOUR ( '', #5135 ) ;
#4860 = MECHANICAL_DESIGN_GEOMETRIC_PRESENTATION_REPRESENTATION (  '', ( #4257 ), #1591 ) ;
#4861 = LINE ( 'NONE', #1976, #6126 ) ;
#4862 = SURFACE_SIDE_STYLE ('',( #3664 ) ) ;
#4863 = UNCERTAINTY_MEASURE_WITH_UNIT (LENGTH_MEASURE( 1.000000000000000082E-05 ), #1503, 'distance_accuracy_value', 'NONE');
#4864 = ORIENTED_EDGE ( 'NONE', *, *, #6796, .F. ) ;
#4865 = DIRECTION ( 'NONE',  ( -2.891205793294678228E-15, -1.000000000000000000, 0.000000000000000000 ) ) ;
#4866 = FILL_AREA_STYLE_COLOUR ( '', #4730 ) ;
#4867 = CARTESIAN_POINT ( 'NONE',  ( 2.570000000014289743, 0.4150000000008370327, 0.000000000000000000 ) ) ;
#4868 = VECTOR ( 'NONE', #7396, 1000.000000000000000 ) ;
#4869 = PRESENTATION_STYLE_ASSIGNMENT (( #2554 ) ) ;
#4870 = LINE ( 'NONE', #1925, #5774 ) ;
#4871 = ORIENTED_EDGE ( 'NONE', *, *, #5134, .F. ) ;
#4872 = DIRECTION ( 'NONE',  ( 0.000000000000000000, 0.000000000000000000, 1.000000000000000000 ) ) ;
#4873 = VERTEX_POINT ( 'NONE', #3014 ) ;
#4874 = CARTESIAN_POINT ( 'NONE',  ( -2.924903810567569984, 1.609999999999060183, 0.2500000000000000000 ) ) ;
#4875 = LINE ( 'NONE', #197, #1889 ) ;
#4876 = EDGE_LOOP ( 'NONE', ( #4214, #2403, #4621, #6517 ) ) ;
#4877 = EDGE_CURVE ( 'NONE', #1619, #3916, #2005, .T. ) ;
#4878 = DIRECTION ( 'NONE',  ( 0.000000000000000000, 0.000000000000000000, 1.000000000000000000 ) ) ;
#4879 =( LENGTH_UNIT ( ) NAMED_UNIT ( * ) SI_UNIT ( .MILLI., .METRE. ) );
#4880 = ADVANCED_FACE ( 'NONE', ( #3625 ), #4789, .T. ) ;
#4881 = PRESENTATION_LAYER_ASSIGNMENT (  '', '', ( #3683 ) ) ;
#4882 = CLOSED_SHELL ( 'NONE', ( #6219, #215, #3650, #6416, #3417, #3686, #4880, #7210, #2347, #5353, #6930 ) ) ;
#4883 = FILL_AREA_STYLE ('',( #3651 ) ) ;
#4884 = ORIENTED_EDGE ( 'NONE', *, *, #5517, .T. ) ;
#4885 = PRESENTATION_LAYER_ASSIGNMENT (  '', '', ( #2837 ) ) ;
#4886 = CARTESIAN_POINT ( 'NONE',  ( 3.445000000017369945, 1.619982680676219866, 0.000000000000000000 ) ) ;
#4887 = ORIENTED_EDGE ( 'NONE', *, *, #6388, .T. ) ;
#4888 = DIRECTION ( 'NONE',  ( 1.900169508683859993E-13, 1.000000000000000000, 0.000000000000000000 ) ) ;
#4889 = DIRECTION ( 'NONE',  ( 1.000000000000000000, 3.474679658979969860E-13, 0.000000000000000000 ) ) ;
#4890 = EDGE_CURVE ( 'NONE', #829, #4795, #7042, .T. ) ;
#4891 =( NAMED_UNIT ( * ) SI_UNIT ( $, .STERADIAN. ) SOLID_ANGLE_UNIT ( ) );
#4892 = FILL_AREA_STYLE ('',( #3173 ) ) ;
#4893 = DIRECTION ( 'NONE',  ( -6.862435148435169986E-13, 1.000000000000000000, 0.000000000000000000 ) ) ;
#4894 =( NAMED_UNIT ( * ) SI_UNIT ( $, .STERADIAN. ) SOLID_ANGLE_UNIT ( ) );
#4895 = FILL_AREA_STYLE ('',( #5416 ) ) ;
#4896 = STYLED_ITEM ( 'NONE', ( #865 ), #1993 ) ;
#4897 = MECHANICAL_DESIGN_GEOMETRIC_PRESENTATION_REPRESENTATION (  '', ( #5490 ), #5983 ) ;
#4898 = ORIENTED_EDGE ( 'NONE', *, *, #1709, .T. ) ;
#4899 = CARTESIAN_POINT ( 'NONE',  ( 3.220000000017900543, -2.199999999999930456, 0.2500000000000000000 ) ) ;
#4900 = CIRCLE ( 'NONE', #3704, 0.1499999999999350742 ) ;
#4901 = CARTESIAN_POINT ( 'NONE',  ( 2.790000000000270042, 1.005000000000070060, 0.000000000000000000 ) ) ;
#4902 = VECTOR ( 'NONE', #7044, 1000.000000000000000 ) ;
#4903 = COLOUR_RGB ( '',0.8666666666666666963, 0.8666666666666666963, 0.8666666666666666963 ) ;
#4904 = VECTOR ( 'NONE', #5055, 1000.000000000000000 ) ;
#4905 =( NAMED_UNIT ( * ) PLANE_ANGLE_UNIT ( ) SI_UNIT ( $, .RADIAN. ) );
#4906 = VERTEX_POINT ( 'NONE', #4293 ) ;
#4907 = DIRECTION ( 'NONE',  ( -1.000000000000000000, -1.118173840558401627E-12, 0.000000000000000000 ) ) ;
#4908 = VERTEX_POINT ( 'NONE', #1405 ) ;
#4909 =( NAMED_UNIT ( * ) PLANE_ANGLE_UNIT ( ) SI_UNIT ( $, .RADIAN. ) );
#4910 = ORIENTED_EDGE ( 'NONE', *, *, #414, .T. ) ;
#4911 = CARTESIAN_POINT ( 'NONE',  ( -3.220222332087370187, 0.9299999999986420240, 0.000000000000000000 ) ) ;
#4912 = EDGE_CURVE ( 'NONE', #4022, #4776, #2111, .T. ) ;
#4913 = ADVANCED_FACE ( 'NONE', ( #1447 ), #5873, .F. ) ;
#4914 = EDGE_CURVE ( 'NONE', #5656, #55, #3960, .T. ) ;
#4915 = EDGE_CURVE ( 'NONE', #1074, #3441, #6717, .T. ) ;
#4916 = DIRECTION ( 'NONE',  ( 1.000000000000000000, -8.557969148159210974E-12, 0.000000000000000000 ) ) ;
#4917 = ORIENTED_EDGE ( 'NONE', *, *, #1910, .F. ) ;
#4918 =( LENGTH_UNIT ( ) NAMED_UNIT ( * ) SI_UNIT ( .MILLI., .METRE. ) );
#4919 = ORIENTED_EDGE ( 'NONE', *, *, #7283, .T. ) ;
#4920 = CARTESIAN_POINT ( 'NONE',  ( 3.220221562246529778, -1.610000000000530118, 0.000000000000000000 ) ) ;
#4921 = PRESENTATION_LAYER_ASSIGNMENT (  '', '', ( #2740 ) ) ;
#4922 =( NAMED_UNIT ( * ) PLANE_ANGLE_UNIT ( ) SI_UNIT ( $, .RADIAN. ) );
#4923 = COLOUR_RGB ( '',0.8666666666666666963, 0.8666666666666666963, 0.8666666666666666963 ) ;
#4924 = CARTESIAN_POINT ( 'NONE',  ( -0.08000000002280670264, 2.225000000000000089, 0.2500000000000000000 ) ) ;
#4925 = EDGE_LOOP ( 'NONE', ( #4744, #7364, #5059, #6208 ) ) ;
#4926 = COLOUR_RGB ( '',0.3294117647058823484, 0.3294117647058823484, 0.3294117647058823484 ) ;
#4927 = CARTESIAN_POINT ( 'NONE',  ( 2.557871261342306912, -2.392871261342305544, 0.9918748087795470347 ) ) ;
#4928 = SURFACE_STYLE_FILL_AREA ( #7111 ) ;
#4929 = SURFACE_SIDE_STYLE ('',( #5333 ) ) ;
#4930 = VERTEX_POINT ( 'NONE', #3207 ) ;
#4931 = COLOUR_RGB ( '',0.8666666666666666963, 0.8666666666666666963, 0.8666666666666666963 ) ;
#4932 = EDGE_CURVE ( 'NONE', #447, #3453, #2657, .T. ) ;
#4933 = PRESENTATION_STYLE_ASSIGNMENT (( #3136 ) ) ;
#4934 =( GEOMETRIC_REPRESENTATION_CONTEXT ( 3 ) GLOBAL_UNCERTAINTY_ASSIGNED_CONTEXT ( ( #5529 ) ) GLOBAL_UNIT_ASSIGNED_CONTEXT ( ( #2778, #943, #3292 ) ) REPRESENTATION_CONTEXT ( 'NONE', 'WORKASPACE' ) );
#4935 = DIRECTION ( 'NONE',  ( 4.779827929315450182E-13, 1.000000000000000000, 0.000000000000000000 ) ) ;
#4936 = UNCERTAINTY_MEASURE_WITH_UNIT (LENGTH_MEASURE( 1.000000000000000082E-05 ), #1055, 'distance_accuracy_value', 'NONE');
#4937 = CARTESIAN_POINT ( 'NONE',  ( -2.924903810567480278, 0.3399999999992359689, 0.000000000000000000 ) ) ;
#4938 = FILL_AREA_STYLE_COLOUR ( '', #2139 ) ;
#4939 =( NAMED_UNIT ( * ) SI_UNIT ( $, .STERADIAN. ) SOLID_ANGLE_UNIT ( ) );
#4940 =( NAMED_UNIT ( * ) SI_UNIT ( $, .STERADIAN. ) SOLID_ANGLE_UNIT ( ) );
#4941 = COLOUR_RGB ( '',0.3294117647058823484, 0.3294117647058823484, 0.3294117647058823484 ) ;
#4942 = UNCERTAINTY_MEASURE_WITH_UNIT (LENGTH_MEASURE( 1.000000000000000082E-05 ), #489, 'distance_accuracy_value', 'NONE');
#4943 = SURFACE_SIDE_STYLE ('',( #6223 ) ) ;
#4944 = ORIENTED_EDGE ( 'NONE', *, *, #6158, .T. ) ;
#4945 = ADVANCED_FACE ( 'NONE', ( #2154 ), #7292, .F. ) ;
#4946 =( GEOMETRIC_REPRESENTATION_CONTEXT ( 3 ) GLOBAL_UNCERTAINTY_ASSIGNED_CONTEXT ( ( #6750 ) ) GLOBAL_UNIT_ASSIGNED_CONTEXT ( ( #239, #3687, #3116 ) ) REPRESENTATION_CONTEXT ( 'NONE', 'WORKASPACE' ) );
#4947 = LINE ( 'NONE', #3715, #7298 ) ;
#4948 = CARTESIAN_POINT ( 'NONE',  ( -1.582747773907208000, 1.550000000000000044, 0.9979999999999999982 ) ) ;
#4949 = ORIENTED_EDGE ( 'NONE', *, *, #136, .T. ) ;
#4950 = LINE ( 'NONE', #5467, #569 ) ;
#4951 = ORIENTED_EDGE ( 'NONE', *, *, #6168, .T. ) ;
#4952 = DIRECTION ( 'NONE',  ( 0.000000000000000000, -1.000000000000000000, 0.000000000000000000 ) ) ;
#4953 = VECTOR ( 'NONE', #4310, 1000.000000000000000 ) ;
#4954 = DIRECTION ( 'NONE',  ( 0.8660254037796203397, -0.5000000000083456575, 0.000000000000000000 ) ) ;
#4955 = SURFACE_STYLE_USAGE ( .BOTH. , #958 ) ;
#4956 = DIRECTION ( 'NONE',  ( 0.000000000000000000, 0.000000000000000000, 1.000000000000000000 ) ) ;
#4957 = ORIENTED_EDGE ( 'NONE', *, *, #6794, .F. ) ;
#4958 = FILL_AREA_STYLE_COLOUR ( '', #1597 ) ;
#4959 = ORIENTED_EDGE ( 'NONE', *, *, #3699, .F. ) ;
#4960 = PRESENTATION_LAYER_ASSIGNMENT (  '', '', ( #695 ) ) ;
#4961 = FILL_AREA_STYLE_COLOUR ( '', #1514 ) ;
#4962 = ADVANCED_FACE ( 'NONE', ( #357 ), #3855, .F. ) ;
#4963 = STYLED_ITEM ( 'NONE', ( #2321 ), #4462 ) ;
#4964 = DIRECTION ( 'NONE',  ( 1.000000000000000000, -8.818177669549485472E-14, 0.000000000000000000 ) ) ;
#4965 = CARTESIAN_POINT ( 'NONE',  ( -2.924903810567190288, 0.9299999999986429122, 0.2500000000000000000 ) ) ;
#4966 = VERTEX_POINT ( 'NONE', #22 ) ;
#4967 = LINE ( 'NONE', #354, #6671 ) ;
#4968 = ORIENTED_EDGE ( 'NONE', *, *, #5701, .T. ) ;
#4969 = LINE ( 'NONE', #975, #7285 ) ;
#4970 = STYLED_ITEM ( 'NONE', ( #7458 ), #1875 ) ;
#4971 = CARTESIAN_POINT ( 'NONE',  ( -2.795000000000000373, 1.004999999999130145, 0.000000000000000000 ) ) ;
#4972 = DIRECTION ( 'NONE',  ( 0.000000000000000000, -1.000000000000000000, 0.000000000000000000 ) ) ;
#4973 = ADVANCED_FACE ( 'NONE', ( #2890 ), #3398, .T. ) ;
#4974 = MECHANICAL_DESIGN_GEOMETRIC_PRESENTATION_REPRESENTATION (  '', ( #7247 ), #5936 ) ;
#4975 =( LENGTH_UNIT ( ) NAMED_UNIT ( * ) SI_UNIT ( .MILLI., .METRE. ) );
#4976 = CARTESIAN_POINT ( 'NONE',  ( -2.770000000048429722, -0.2650000000009259948, 0.000000000000000000 ) ) ;
#4977 = MECHANICAL_DESIGN_GEOMETRIC_PRESENTATION_REPRESENTATION (  '', ( #712 ), #1711 ) ;
#4978 = CARTESIAN_POINT ( 'NONE',  ( -1.582747773907208000, 1.550000000000000044, 0.9979999999999999982 ) ) ;
#4979 = DIRECTION ( 'NONE',  ( 0.000000000000000000, 1.000000000000000000, 0.000000000000000000 ) ) ;
#4980 = CYLINDRICAL_SURFACE ( 'NONE', #6703, 0.1499999999999350742 ) ;
#4981 = VECTOR ( 'NONE', #422, 1000.000000000000000 ) ;
#4982 = CARTESIAN_POINT ( 'NONE',  ( -0.6800000000228580976, -2.225000000000249667, 0.2500000000000000000 ) ) ;
#4983 = VERTEX_POINT ( 'NONE', #6854 ) ;
#4984 = SURFACE_SIDE_STYLE ('',( #6110 ) ) ;
#4985 =( NAMED_UNIT ( * ) PLANE_ANGLE_UNIT ( ) SI_UNIT ( $, .RADIAN. ) );
#4986 = ORIENTED_EDGE ( 'NONE', *, *, #4687, .T. ) ;
#4987 = EDGE_LOOP ( 'NONE', ( #4175, #871, #5558, #3959 ) ) ;
#4988 = CARTESIAN_POINT ( 'NONE',  ( 3.220222332087329775, 0.9299999999988129984, 0.2500000000000000000 ) ) ;
#4989 = FILL_AREA_STYLE ('',( #923 ) ) ;
#4990 = DIRECTION ( 'NONE',  ( 1.000000000000000000, 0.000000000000000000, 0.000000000000000000 ) ) ;
#4991 = ORIENTED_EDGE ( 'NONE', *, *, #3148, .F. ) ;
#4992 = PRESENTATION_STYLE_ASSIGNMENT (( #3945 ) ) ;
#4993 = ORIENTED_EDGE ( 'NONE', *, *, #1215, .T. ) ;
#4994 = MECHANICAL_DESIGN_GEOMETRIC_PRESENTATION_REPRESENTATION (  '', ( #3807 ), #1724 ) ;
#4995 = VECTOR ( 'NONE', #388, 1000.000000000000000 ) ;
#4996 = LINE ( 'NONE', #2146, #5510 ) ;
#4997 =( LENGTH_UNIT ( ) NAMED_UNIT ( * ) SI_UNIT ( .MILLI., .METRE. ) );
#4998 = STYLED_ITEM ( 'NONE', ( #760 ), #979 ) ;
#4999 = ORIENTED_EDGE ( 'NONE', *, *, #7086, .T. ) ;
#5000 = FILL_AREA_STYLE ('',( #2186 ) ) ;
#5001 =( NAMED_UNIT ( * ) PLANE_ANGLE_UNIT ( ) SI_UNIT ( $, .RADIAN. ) );
#5002 = VERTEX_POINT ( 'NONE', #4068 ) ;
#5003 = CARTESIAN_POINT ( 'NONE',  ( 3.220000000017900543, -2.199999999999930456, 0.000000000000000000 ) ) ;
#5004 = ORIENTED_EDGE ( 'NONE', *, *, #2427, .T. ) ;
#5005 = FILL_AREA_STYLE_COLOUR ( '', #1414 ) ;
#5006 = PRESENTATION_STYLE_ASSIGNMENT (( #327 ) ) ;
#5007 = UNCERTAINTY_MEASURE_WITH_UNIT (LENGTH_MEASURE( 1.000000000000000082E-05 ), #3454, 'distance_accuracy_value', 'NONE');
#5008 = AXIS2_PLACEMENT_3D ( 'NONE', #6028, #1973, #6551 ) ;
#5009 = EDGE_CURVE ( 'NONE', #4269, #2298, #1669, .T. ) ;
#5010 = PRESENTATION_STYLE_ASSIGNMENT (( #6103 ) ) ;
#5011 = FILL_AREA_STYLE_COLOUR ( '', #1876 ) ;
#5012 = CIRCLE ( 'NONE', #5738, 0.1499999999999891143 ) ;
#5013 = UNCERTAINTY_MEASURE_WITH_UNIT (LENGTH_MEASURE( 1.000000000000000082E-05 ), #2223, 'distance_accuracy_value', 'NONE');
#5014 = ORIENTED_EDGE ( 'NONE', *, *, #5247, .T. ) ;
#5015 = DIRECTION ( 'NONE',  ( 0.000000000000000000, 0.000000000000000000, 1.000000000000000000 ) ) ;
#5016 = ADVANCED_FACE ( 'NONE', ( #1058 ), #6358, .F. ) ;
#5017 = ORIENTED_EDGE ( 'NONE', *, *, #1208, .T. ) ;
#5018 = ORIENTED_EDGE ( 'NONE', *, *, #2394, .T. ) ;
#5019 = PRESENTATION_LAYER_ASSIGNMENT (  '', '', ( #6587 ) ) ;
#5020 = FILL_AREA_STYLE_COLOUR ( '', #4011 ) ;
#5021 = EDGE_CURVE ( 'NONE', #1554, #1698, #731, .T. ) ;
#5022 = VECTOR ( 'NONE', #4384, 1000.000000000000000 ) ;
#5023 = DIRECTION ( 'NONE',  ( 0.000000000000000000, 0.000000000000000000, 1.000000000000000000 ) ) ;
#5024 = VERTEX_POINT ( 'NONE', #3124 ) ;
#5025 = CARTESIAN_POINT ( 'NONE',  ( -2.620000000045179966, -0.2650000000006689782, 0.000000000000000000 ) ) ;
#5026 = EDGE_LOOP ( 'NONE', ( #7055, #5186, #6655, #7319 ) ) ;
#5027 = FILL_AREA_STYLE_COLOUR ( '', #7071 ) ;
#5028 = ORIENTED_EDGE ( 'NONE', *, *, #4787, .F. ) ;
#5029 = SURFACE_STYLE_USAGE ( .BOTH. , #2729 ) ;
#5030 = DIRECTION ( 'NONE',  ( 0.000000000000000000, 1.000000000000000000, 0.000000000000000000 ) ) ;
#5031 = PRESENTATION_LAYER_ASSIGNMENT (  '', '', ( #6243 ) ) ;
#5032 = ORIENTED_EDGE ( 'NONE', *, *, #4592, .F. ) ;
#5033 = ORIENTED_EDGE ( 'NONE', *, *, #1242, .F. ) ;
#5034 = VECTOR ( 'NONE', #363, 1000.000000000000000 ) ;
#5035 =( NAMED_UNIT ( * ) SI_UNIT ( $, .STERADIAN. ) SOLID_ANGLE_UNIT ( ) );
#5036 = EDGE_CURVE ( 'NONE', #607, #5268, #2366, .T. ) ;
#5037 = ORIENTED_EDGE ( 'NONE', *, *, #6056, .F. ) ;
#5038 = DIRECTION ( 'NONE',  ( 1.000000000000000000, 0.000000000000000000, 0.000000000000000000 ) ) ;
#5039 = FILL_AREA_STYLE ('',( #5005 ) ) ;
#5040 =( GEOMETRIC_REPRESENTATION_CONTEXT ( 3 ) GLOBAL_UNCERTAINTY_ASSIGNED_CONTEXT ( ( #2901 ) ) GLOBAL_UNIT_ASSIGNED_CONTEXT ( ( #3075, #5319, #7133 ) ) REPRESENTATION_CONTEXT ( 'NONE', 'WORKASPACE' ) );
#5041 = AXIS2_PLACEMENT_3D ( 'NONE', #7368, #1532, #6178 ) ;
#5042 = MECHANICAL_DESIGN_GEOMETRIC_PRESENTATION_REPRESENTATION (  '', ( #1787 ), #3369 ) ;
#5043 =( GEOMETRIC_REPRESENTATION_CONTEXT ( 3 ) GLOBAL_UNCERTAINTY_ASSIGNED_CONTEXT ( ( #218 ) ) GLOBAL_UNIT_ASSIGNED_CONTEXT ( ( #4081, #5272, #5195 ) ) REPRESENTATION_CONTEXT ( 'NONE', 'WORKASPACE' ) );
#5044 =( NAMED_UNIT ( * ) PLANE_ANGLE_UNIT ( ) SI_UNIT ( $, .RADIAN. ) );
#5045 =( GEOMETRIC_REPRESENTATION_CONTEXT ( 3 ) GLOBAL_UNCERTAINTY_ASSIGNED_CONTEXT ( ( #4942 ) ) GLOBAL_UNIT_ASSIGNED_CONTEXT ( ( #489, #6787, #7387 ) ) REPRESENTATION_CONTEXT ( 'NONE', 'WORKASPACE' ) );
#5046 = CARTESIAN_POINT ( 'NONE',  ( 2.570000000014419861, 0.8550000000002230260, 0.000000000000000000 ) ) ;
#5047 = CARTESIAN_POINT ( 'NONE',  ( 2.790000000000000036, -0.8549999999989950084, 0.000000000000000000 ) ) ;
#5048 = SURFACE_STYLE_FILL_AREA ( #6709 ) ;
#5049 = ADVANCED_FACE ( 'NONE', ( #4178 ), #6546, .T. ) ;
#5050 = MECHANICAL_DESIGN_GEOMETRIC_PRESENTATION_REPRESENTATION (  '', ( #190 ), #1788 ) ;
#5051 = MECHANICAL_DESIGN_GEOMETRIC_PRESENTATION_REPRESENTATION (  '', ( #4337 ), #6137 ) ;
#5052 = ORIENTED_EDGE ( 'NONE', *, *, #4455, .T. ) ;
#5053 = CARTESIAN_POINT ( 'NONE',  ( -2.739999999999950031, -1.685000000000290044, 0.2500000000000000000 ) ) ;
#5054 = ORIENTED_EDGE ( 'NONE', *, *, #176, .F. ) ;
#5055 = DIRECTION ( 'NONE',  ( 1.247102268014080123E-13, -1.000000000000000000, 0.000000000000000000 ) ) ;
#5056 = ORIENTED_EDGE ( 'NONE', *, *, #4479, .T. ) ;
#5057 = PLANE ( 'NONE',  #2648 ) ;
#5058 = DIRECTION ( 'NONE',  ( 0.000000000000000000, 0.000000000000000000, 1.000000000000000000 ) ) ;
#5059 = ORIENTED_EDGE ( 'NONE', *, *, #1222, .F. ) ;
#5060 = FILL_AREA_STYLE_COLOUR ( '', #6014 ) ;
#5061 = ORIENTED_EDGE ( 'NONE', *, *, #7213, .F. ) ;
#5062 = DIRECTION ( 'NONE',  ( -1.421043037882229849E-12, 1.000000000000000000, 0.000000000000000000 ) ) ;
#5063 =( GEOMETRIC_REPRESENTATION_CONTEXT ( 3 ) GLOBAL_UNCERTAINTY_ASSIGNED_CONTEXT ( ( #7490 ) ) GLOBAL_UNIT_ASSIGNED_CONTEXT ( ( #2798, #2839, #7425 ) ) REPRESENTATION_CONTEXT ( 'NONE', 'WORKASPACE' ) );
#5064 =( NAMED_UNIT ( * ) PLANE_ANGLE_UNIT ( ) SI_UNIT ( $, .RADIAN. ) );
#5065 = ORIENTED_EDGE ( 'NONE', *, *, #1105, .T. ) ;
#5066 = PRESENTATION_STYLE_ASSIGNMENT (( #6242 ) ) ;
#5067 = PRESENTATION_STYLE_ASSIGNMENT (( #320 ) ) ;
#5068 =( NAMED_UNIT ( * ) SI_UNIT ( $, .STERADIAN. ) SOLID_ANGLE_UNIT ( ) );
#5069 = VERTEX_POINT ( 'NONE', #2459 ) ;
#5070 = EDGE_LOOP ( 'NONE', ( #1355, #6907, #4566, #4572 ) ) ;
#5071 = DIRECTION ( 'NONE',  ( 6.862435148435169986E-13, -1.000000000000000000, 0.000000000000000000 ) ) ;
#5072 = VERTEX_POINT ( 'NONE', #1286 ) ;
#5073 =( NAMED_UNIT ( * ) PLANE_ANGLE_UNIT ( ) SI_UNIT ( $, .RADIAN. ) );
#5074 = ADVANCED_FACE ( 'NONE', ( #1249 ), #4780, .T. ) ;
#5075 =( NAMED_UNIT ( * ) PLANE_ANGLE_UNIT ( ) SI_UNIT ( $, .RADIAN. ) );
#5076 = UNCERTAINTY_MEASURE_WITH_UNIT (LENGTH_MEASURE( 1.000000000000000082E-05 ), #2089, 'distance_accuracy_value', 'NONE');
#5077 = VECTOR ( 'NONE', #2871, 1000.000000000000000 ) ;
#5078 = DIRECTION ( 'NONE',  ( 1.000000000000000000, -1.836970198721029688E-16, 0.000000000000000000 ) ) ;
#5079 =( NAMED_UNIT ( * ) PLANE_ANGLE_UNIT ( ) SI_UNIT ( $, .RADIAN. ) );
#5080 = DIRECTION ( 'NONE',  ( 1.000000000000000000, 0.000000000000000000, 0.000000000000000000 ) ) ;
#5081 = UNCERTAINTY_MEASURE_WITH_UNIT (LENGTH_MEASURE( 1.000000000000000082E-05 ), #5649, 'distance_accuracy_value', 'NONE');
#5082 = CARTESIAN_POINT ( 'NONE',  ( -2.576069773055084333, 2.411069773055093179, 0.9766044443147507970 ) ) ;
#5083 = DIRECTION ( 'NONE',  ( -5.233082485861765944E-13, 1.000000000000000000, 0.000000000000000000 ) ) ;
#5084 = ORIENTED_EDGE ( 'NONE', *, *, #964, .T. ) ;
#5085 = CARTESIAN_POINT ( 'NONE',  ( 2.570000000014739605, 1.005000000000220162, 0.000000000000000000 ) ) ;
#5086 = ORIENTED_EDGE ( 'NONE', *, *, #6472, .F. ) ;
#5087 = VECTOR ( 'NONE', #1001, 1000.000000000000000 ) ;
#5088 = DIRECTION ( 'NONE',  ( 0.000000000000000000, 0.000000000000000000, 1.000000000000000000 ) ) ;
#5089 = MECHANICAL_DESIGN_GEOMETRIC_PRESENTATION_REPRESENTATION (  '', ( #6067 ), #3795 ) ;
#5090 = EDGE_LOOP ( 'NONE', ( #219, #681, #5028, #691 ) ) ;
#5091 = EDGE_CURVE ( 'NONE', #2593, #6195, #3693, .T. ) ;
#5092 = CARTESIAN_POINT ( 'NONE',  ( 3.220222332087329775, 0.9299999999988129984, 0.000000000000000000 ) ) ;
#5093 = EDGE_LOOP ( 'NONE', ( #1120, #6752, #4917, #2396 ) ) ;
#5094 =( NAMED_UNIT ( * ) SI_UNIT ( $, .STERADIAN. ) SOLID_ANGLE_UNIT ( ) );
#5095 = EDGE_CURVE ( 'NONE', #808, #2062, #2499, .T. ) ;
#5096 = SURFACE_STYLE_USAGE ( .BOTH. , #2805 ) ;
#5097 = DIRECTION ( 'NONE',  ( 0.000000000000000000, 1.000000000000000000, 0.000000000000000000 ) ) ;
#5098 = ORIENTED_EDGE ( 'NONE', *, *, #1910, .T. ) ;
#5099 = CYLINDRICAL_SURFACE ( 'NONE', #4758, 0.2249999999998169298 ) ;
#5100 = ORIENTED_EDGE ( 'NONE', *, *, #2661, .F. ) ;
#5101 = CIRCLE ( 'NONE', #1107, 0.1499999999998131717 ) ;
#5102 = ORIENTED_EDGE ( 'NONE', *, *, #6473, .T. ) ;
#5103 =( GEOMETRIC_REPRESENTATION_CONTEXT ( 3 ) GLOBAL_UNCERTAINTY_ASSIGNED_CONTEXT ( ( #910 ) ) GLOBAL_UNIT_ASSIGNED_CONTEXT ( ( #1625, #2037, #2654 ) ) REPRESENTATION_CONTEXT ( 'NONE', 'WORKASPACE' ) );
#5104 =( NAMED_UNIT ( * ) PLANE_ANGLE_UNIT ( ) SI_UNIT ( $, .RADIAN. ) );
#5105 = LINE ( 'NONE', #434, #583 ) ;
#5107 = ORIENTED_EDGE ( 'NONE', *, *, #881, .F. ) ;
#5106 = EDGE_CURVE ( 'NONE', #609, #2306, #2615, .T. ) ;
#5108 =( NAMED_UNIT ( * ) SI_UNIT ( $, .STERADIAN. ) SOLID_ANGLE_UNIT ( ) );
#5109 = PRESENTATION_LAYER_ASSIGNMENT (  '', '', ( #860 ) ) ;
#5110 = AXIS2_PLACEMENT_3D ( 'NONE', #6529, #1353, #3107 ) ;
#5111 = SURFACE_STYLE_USAGE ( .BOTH. , #5189 ) ;
#5112 = CARTESIAN_POINT ( 'NONE',  ( -0.6800000000228580976, -2.377098005438599948, 0.000000000000000000 ) ) ;
#5113 = VECTOR ( 'NONE', #7041, 1000.000000000000000 ) ;
#5114 = DIRECTION ( 'NONE',  ( 6.862435148435169986E-13, -1.000000000000000000, 0.000000000000000000 ) ) ;
#5115 = PLANE ( 'NONE',  #1996 ) ;
#5116 = SURFACE_STYLE_USAGE ( .BOTH. , #479 ) ;
#5117 = ORIENTED_EDGE ( 'NONE', *, *, #4624, .F. ) ;
#5118 = SHAPE_DEFINITION_REPRESENTATION ( #4831, #30 ) ;
#5119 = VERTEX_POINT ( 'NONE', #6199 ) ;
#5120 = PRESENTATION_LAYER_ASSIGNMENT (  '', '', ( #3217 ) ) ;
#5121 = SURFACE_STYLE_FILL_AREA ( #483 ) ;
#5122 = AXIS2_PLACEMENT_3D ( 'NONE', #5638, #6809, #1172 ) ;
#5123 = ORIENTED_EDGE ( 'NONE', *, *, #6268, .F. ) ;
#5124 = AXIS2_PLACEMENT_3D ( 'NONE', #4516, #7373, #6776 ) ;
#5125 = DIRECTION ( 'NONE',  ( 9.094947017758230469E-12, -1.000000000000000000, 0.000000000000000000 ) ) ;
#5126 = DIRECTION ( 'NONE',  ( 1.000000000000000000, 0.000000000000000000, 0.000000000000000000 ) ) ;
#5127 = ORIENTED_EDGE ( 'NONE', *, *, #309, .T. ) ;
#5128 = EDGE_CURVE ( 'NONE', #1647, #3181, #6692, .T. ) ;
#5129 = SURFACE_STYLE_FILL_AREA ( #2845 ) ;
#5130 = EDGE_CURVE ( 'NONE', #754, #2137, #4996, .T. ) ;
#5131 = EDGE_CURVE ( 'NONE', #6246, #5145, #6732, .T. ) ;
#5132 = PRESENTATION_LAYER_ASSIGNMENT (  '', '', ( #396 ) ) ;
#5133 = AXIS2_PLACEMENT_3D ( 'NONE', #5840, #3476, #7077 ) ;
#5134 = EDGE_CURVE ( 'NONE', #4906, #2772, #6476, .T. ) ;
#5135 = COLOUR_RGB ( '',0.8666666666666666963, 0.8666666666666666963, 0.8666666666666666963 ) ;
#5136 = ORIENTED_EDGE ( 'NONE', *, *, #1557, .T. ) ;
#5137 = FILL_AREA_STYLE ('',( #6984 ) ) ;
#5138 = FACE_OUTER_BOUND ( 'NONE', #4174, .T. ) ;
#5139 = CYLINDRICAL_SURFACE ( 'NONE', #253, 0.1000000000000001443 ) ;
#5140 = ORIENTED_EDGE ( 'NONE', *, *, #7250, .F. ) ;
#5141 = EDGE_LOOP ( 'NONE', ( #3336, #3951, #2210, #5213 ) ) ;
#5142 = FILL_AREA_STYLE_COLOUR ( '', #7134 ) ;
#5143 = EDGE_CURVE ( 'NONE', #1579, #1471, #6840, .T. ) ;
#5144 =( NAMED_UNIT ( * ) SI_UNIT ( $, .STERADIAN. ) SOLID_ANGLE_UNIT ( ) );
#5145 = VERTEX_POINT ( 'NONE', #4460 ) ;
#5146 =( GEOMETRIC_REPRESENTATION_CONTEXT ( 3 ) GLOBAL_UNCERTAINTY_ASSIGNED_CONTEXT ( ( #2745 ) ) GLOBAL_UNIT_ASSIGNED_CONTEXT ( ( #4434, #5073, #3776 ) ) REPRESENTATION_CONTEXT ( 'NONE', 'WORKASPACE' ) );
#5147 =( NAMED_UNIT ( * ) SI_UNIT ( $, .STERADIAN. ) SOLID_ANGLE_UNIT ( ) );
#5148 = AXIS2_PLACEMENT_3D ( 'NONE', #3063, #4119, #5276 ) ;
#5149 = VECTOR ( 'NONE', #3694, 1000.000000000000000 ) ;
#5150 = CARTESIAN_POINT ( 'NONE',  ( 2.374999999997129851, 0.2499999999992039701, 0.000000000000000000 ) ) ;
#5151 = ADVANCED_FACE ( 'NONE', ( #1436 ), #3200, .T. ) ;
#5152 = CARTESIAN_POINT ( 'NONE',  ( 3.220000000017080310, 1.619982680674300068, 0.000000000000000000 ) ) ;
#5153 = VECTOR ( 'NONE', #722, 1000.000000000000000 ) ;
#5154 = VECTOR ( 'NONE', #3209, 1000.000000000000000 ) ;
#5155 = FILL_AREA_STYLE ('',( #5011 ) ) ;
#5156 = VECTOR ( 'NONE', #3411, 1000.000000000000000 ) ;
#5157 = CARTESIAN_POINT ( 'NONE',  ( 2.511791012089840347, 2.346791012089839867, 1.000000000000000000 ) ) ;
#5158 = UNCERTAINTY_MEASURE_WITH_UNIT (LENGTH_MEASURE( 1.000000000000000082E-05 ), #3049, 'distance_accuracy_value', 'NONE');
#5159 = FILL_AREA_STYLE ('',( #589 ) ) ;
#5160 =( LENGTH_UNIT ( ) NAMED_UNIT ( * ) SI_UNIT ( .MILLI., .METRE. ) );
#5161 = CARTESIAN_POINT ( 'NONE',  ( 3.220000000017710029, 0.3499797189057289870, 0.000000000000000000 ) ) ;
#5162 = ORIENTED_EDGE ( 'NONE', *, *, #3584, .T. ) ;
#5163 = DIRECTION ( 'NONE',  ( 0.000000000000000000, 0.000000000000000000, 1.000000000000000000 ) ) ;
#5164 = DIRECTION ( 'NONE',  ( -1.000000000000000000, -5.566149393180537039E-11, 0.000000000000000000 ) ) ;
#5165 = VECTOR ( 'NONE', #2086, 1000.000000000000000 ) ;
#5166 = ADVANCED_FACE ( 'NONE', ( #965 ), #3280, .F. ) ;
#5167 = FILL_AREA_STYLE_COLOUR ( '', #941 ) ;
#5168 = LINE ( 'NONE', #6339, #6996 ) ;
#5169 = LINE ( 'NONE', #1848, #5525 ) ;
#5170 = VERTEX_POINT ( 'NONE', #6387 ) ;
#5171 = PRESENTATION_STYLE_ASSIGNMENT (( #1730 ) ) ;
#5172 = SURFACE_STYLE_USAGE ( .BOTH. , #6981 ) ;
#5173 = ORIENTED_EDGE ( 'NONE', *, *, #5867, .F. ) ;
#5174 = LINE ( 'NONE', #5206, #512 ) ;
#5175 = ORIENTED_EDGE ( 'NONE', *, *, #748, .F. ) ;
#5176 =( NAMED_UNIT ( * ) SI_UNIT ( $, .STERADIAN. ) SOLID_ANGLE_UNIT ( ) );
#5177 = DIRECTION ( 'NONE',  ( 0.000000000000000000, 0.000000000000000000, 1.000000000000000000 ) ) ;
#5178 = LINE ( 'NONE', #2339, #3550 ) ;
#5179 = EDGE_CURVE ( 'NONE', #2772, #7475, #6793, .T. ) ;
#5180 = EDGE_LOOP ( 'NONE', ( #4817, #5990, #5939, #5107 ) ) ;
#5181 = STYLED_ITEM ( 'NONE', ( #2360 ), #490 ) ;
#5182 = ORIENTED_EDGE ( 'NONE', *, *, #314, .T. ) ;
#5183 = DIRECTION ( 'NONE',  ( 0.000000000000000000, 0.000000000000000000, 1.000000000000000000 ) ) ;
#5184 = CARTESIAN_POINT ( 'NONE',  ( 3.220221562246529778, -1.610000000000530118, 0.000000000000000000 ) ) ;
#5185 = VECTOR ( 'NONE', #3979, 1000.000000000000000 ) ;
#5186 = ORIENTED_EDGE ( 'NONE', *, *, #4798, .T. ) ;
#5187 = LINE ( 'NONE', #7446, #1537 ) ;
#5188 = DIRECTION ( 'NONE',  ( 1.000000000000000000, 1.900169508679719798E-13, 0.000000000000000000 ) ) ;
#5189 = SURFACE_SIDE_STYLE ('',( #6958 ) ) ;
#5190 = PRESENTATION_LAYER_ASSIGNMENT (  '', '', ( #1693 ) ) ;
#5191 = EDGE_CURVE ( 'NONE', #4540, #5782, #4097, .T. ) ;
#5192 = CARTESIAN_POINT ( 'NONE',  ( 2.790000000000000036, -0.4150000000006680012, 0.2500000000000000000 ) ) ;
#5193 = DIRECTION ( 'NONE',  ( 0.000000000000000000, -1.000000000000000000, 0.000000000000000000 ) ) ;
#5194 = DIRECTION ( 'NONE',  ( -1.000000000000000000, 0.000000000000000000, 0.000000000000000000 ) ) ;
#5195 =( NAMED_UNIT ( * ) SI_UNIT ( $, .STERADIAN. ) SOLID_ANGLE_UNIT ( ) );
#5196 = CARTESIAN_POINT ( 'NONE',  ( -2.770000000045520050, 0.2649999999995339972, 0.000000000000000000 ) ) ;
#5197 =( NAMED_UNIT ( * ) PLANE_ANGLE_UNIT ( ) SI_UNIT ( $, .RADIAN. ) );
#5198 = CARTESIAN_POINT ( 'NONE',  ( -0.5800000000228069386, -2.705000000001180016, 0.000000000000000000 ) ) ;
#5199 = CARTESIAN_POINT ( 'NONE',  ( -2.310000001215910093, -0.8549999999999049471, 0.000000000000000000 ) ) ;
#5200 = CYLINDRICAL_SURFACE ( 'NONE', #2882, 0.1500000000001429079 ) ;
#5201 = EDGE_LOOP ( 'NONE', ( #2764, #2773 ) ) ;
#5202 =( NAMED_UNIT ( * ) PLANE_ANGLE_UNIT ( ) SI_UNIT ( $, .RADIAN. ) );
#5203 = CARTESIAN_POINT ( 'NONE',  ( 2.790000000000000036, -0.8549999999989950084, 0.2500000000000000000 ) ) ;
#5204 = EDGE_LOOP ( 'NONE', ( #2716, #1311, #2879, #653 ) ) ;
#5205 = SURFACE_STYLE_USAGE ( .BOTH. , #3492 ) ;
#5206 = CARTESIAN_POINT ( 'NONE',  ( -3.220000000017930297, -2.199999999999930456, 0.000000000000000000 ) ) ;
#5207 = ORIENTED_EDGE ( 'NONE', *, *, #279, .T. ) ;
#5208 =( GEOMETRIC_REPRESENTATION_CONTEXT ( 3 ) GLOBAL_UNCERTAINTY_ASSIGNED_CONTEXT ( ( #1374 ) ) GLOBAL_UNIT_ASSIGNED_CONTEXT ( ( #3524, #4127, #6495 ) ) REPRESENTATION_CONTEXT ( 'NONE', 'WORKASPACE' ) );
#5209 = CARTESIAN_POINT ( 'NONE',  ( 3.445000000016990249, -1.619982680674169950, 0.2500000000000000000 ) ) ;
#5210 = ORIENTED_EDGE ( 'NONE', *, *, #972, .F. ) ;
#5211 = ORIENTED_EDGE ( 'NONE', *, *, #4393, .F. ) ;
#5212 = CARTESIAN_POINT ( 'NONE',  ( -3.220000000017930297, -1.619982680672249931, 0.2500000000000000000 ) ) ;
#5213 = ORIENTED_EDGE ( 'NONE', *, *, #3503, .F. ) ;
#5214 = DIRECTION ( 'NONE',  ( 0.9986295347625387953, -1.834452694921429520E-16, -0.05233595609096539092 ) ) ;
#5215 = PLANE ( 'NONE',  #3853 ) ;
#5216 =( GEOMETRIC_REPRESENTATION_CONTEXT ( 3 ) GLOBAL_UNCERTAINTY_ASSIGNED_CONTEXT ( ( #4113 ) ) GLOBAL_UNIT_ASSIGNED_CONTEXT ( ( #724, #7065, #6501 ) ) REPRESENTATION_CONTEXT ( 'NONE', 'WORKASPACE' ) );
#5217 = DIRECTION ( 'NONE',  ( -1.900169508679719798E-13, 1.000000000000000000, 0.000000000000000000 ) ) ;
#5218 = FILL_AREA_STYLE_COLOUR ( '', #7405 ) ;
#5219 = SURFACE_SIDE_STYLE ('',( #1797 ) ) ;
#5220 = ADVANCED_FACE ( 'NONE', ( #5713 ), #568, .T. ) ;
#5221 = CARTESIAN_POINT ( 'NONE',  ( 3.220221562246529778, -1.610000000000530118, 0.000000000000000000 ) ) ;
#5222 = COLOUR_RGB ( '',0.8666666666666666963, 0.8666666666666666963, 0.8666666666666666963 ) ;
#5223 = VECTOR ( 'NONE', #1234, 1000.000000000000000 ) ;
#5224 = EDGE_CURVE ( 'NONE', #1271, #6325, #7411, .T. ) ;
#5225 = SURFACE_SIDE_STYLE ('',( #2975 ) ) ;
#5226 = UNCERTAINTY_MEASURE_WITH_UNIT (LENGTH_MEASURE( 1.000000000000000082E-05 ), #7197, 'distance_accuracy_value', 'NONE');
#5227 = AXIS2_PLACEMENT_3D ( 'NONE', #1216, #2272, #661 ) ;
#5228 = EDGE_LOOP ( 'NONE', ( #3443, #5253, #4063, #6006 ) ) ;
#5229 = EDGE_CURVE ( 'NONE', #999, #195, #5174, .T. ) ;
#5230 = FACE_OUTER_BOUND ( 'NONE', #6311, .T. ) ;
#5231 = CARTESIAN_POINT ( 'NONE',  ( -3.445000000016360531, 0.9199999999983951016, 0.000000000000000000 ) ) ;
#5232 = DIRECTION ( 'NONE',  ( -0.9428090415838672467, 0.3333333333282310629, 0.000000000000000000 ) ) ;
#5233 = CARTESIAN_POINT ( 'NONE',  ( -3.220222332087370187, 0.9299999999986420240, 0.000000000000000000 ) ) ;
#5234 =( NAMED_UNIT ( * ) SI_UNIT ( $, .STERADIAN. ) SOLID_ANGLE_UNIT ( ) );
#5235 =( NAMED_UNIT ( * ) SI_UNIT ( $, .STERADIAN. ) SOLID_ANGLE_UNIT ( ) );
#5236 = UNCERTAINTY_MEASURE_WITH_UNIT (LENGTH_MEASURE( 1.000000000000000082E-05 ), #2439, 'distance_accuracy_value', 'NONE');
#5237 = ADVANCED_FACE ( 'NONE', ( #1701 ), #7433, .T. ) ;
#5238 = CARTESIAN_POINT ( 'NONE',  ( 0.1549999999992909827, -2.225000000000249667, 0.000000000000000000 ) ) ;
#5239 = SURFACE_SIDE_STYLE ('',( #5743 ) ) ;
#5240 = PRESENTATION_STYLE_ASSIGNMENT (( #4091 ) ) ;
#5241 = VERTEX_POINT ( 'NONE', #5668 ) ;
#5242 = COLOUR_RGB ( '',0.8666666666666666963, 0.8666666666666666963, 0.8666666666666666963 ) ;
#5243 = DIRECTION ( 'NONE',  ( 1.000000000000000000, 0.000000000000000000, 0.000000000000000000 ) ) ;
#5244 = SURFACE_STYLE_FILL_AREA ( #2292 ) ;
#5245 = ORIENTED_EDGE ( 'NONE', *, *, #1557, .F. ) ;
#5246 = PLANE ( 'NONE',  #1018 ) ;
#5247 = EDGE_CURVE ( 'NONE', #754, #4708, #460, .T. ) ;
#5248 = FILL_AREA_STYLE_COLOUR ( '', #5259 ) ;
#5249 = CARTESIAN_POINT ( 'NONE',  ( 3.220222332087919970, -0.3400000000014820056, 0.000000000000000000 ) ) ;
#5250 = DIRECTION ( 'NONE',  ( 0.000000000000000000, 0.000000000000000000, -1.000000000000000000 ) ) ;
#5251 = CARTESIAN_POINT ( 'NONE',  ( 3.220222332087329775, 0.9299999999988129984, 0.2500000000000000000 ) ) ;
#5252 = ORIENTED_EDGE ( 'NONE', *, *, #5091, .F. ) ;
#5253 = ORIENTED_EDGE ( 'NONE', *, *, #6268, .T. ) ;
#5254 = SURFACE_STYLE_USAGE ( .BOTH. , #5903 ) ;
#5255 = LINE ( 'NONE', #1965, #2623 ) ;
#5256 = CARTESIAN_POINT ( 'NONE',  ( -2.770000000044489763, 0.8549999999992219379, 0.000000000000000000 ) ) ;
#5257 = VECTOR ( 'NONE', #4129, 1000.000000000000000 ) ;
#5258 = ORIENTED_EDGE ( 'NONE', *, *, #5553, .T. ) ;
#5259 = COLOUR_RGB ( '',0.8666666666666666963, 0.8666666666666666963, 0.8666666666666666963 ) ;
#5260 = SURFACE_STYLE_USAGE ( .BOTH. , #6470 ) ;
#5261 = FACE_OUTER_BOUND ( 'NONE', #2556, .T. ) ;
#5262 = EDGE_CURVE ( 'NONE', #446, #4064, #495, .T. ) ;
#5263 = PRESENTATION_LAYER_ASSIGNMENT (  '', '', ( #2861 ) ) ;
#5264 = PLANE ( 'NONE',  #3089 ) ;
#5265 = DIRECTION ( 'NONE',  ( 1.000000000000000000, -5.684341886081120565E-13, 0.000000000000000000 ) ) ;
#5266 = SURFACE_SIDE_STYLE ('',( #6439 ) ) ;
#5267 = FILL_AREA_STYLE_COLOUR ( '', #4037 ) ;
#5268 = VERTEX_POINT ( 'NONE', #685 ) ;
#5269 = AXIS2_PLACEMENT_3D ( 'NONE', #52, #2299, #4654 ) ;
#5270 = ADVANCED_FACE ( 'NONE', ( #3723 ), #1815, .T. ) ;
#5271 = AXIS2_PLACEMENT_3D ( 'NONE', #1763, #2768, #3283 ) ;
#5272 =( NAMED_UNIT ( * ) PLANE_ANGLE_UNIT ( ) SI_UNIT ( $, .RADIAN. ) );
#5273 = CYLINDRICAL_SURFACE ( 'NONE', #1656, 0.09999999999999979738 ) ;
#5274 = LINE ( 'NONE', #556, #574 ) ;
#5275 = AXIS2_PLACEMENT_3D ( 'NONE', #400, #1786, #2962 ) ;
#5276 = DIRECTION ( 'NONE',  ( 0.000000000000000000, -0.6427876096525283467, 0.7660444431475167404 ) ) ;
#5277 = VECTOR ( 'NONE', #7174, 1000.000000000000000 ) ;
#5278 = CARTESIAN_POINT ( 'NONE',  ( 2.420000000014369768, 1.535000000000879883, 0.000000000000000000 ) ) ;
#5279 = DIRECTION ( 'NONE',  ( 0.000000000000000000, 0.000000000000000000, 1.000000000000000000 ) ) ;
#5280 =( LENGTH_UNIT ( ) NAMED_UNIT ( * ) SI_UNIT ( .MILLI., .METRE. ) );
#5281 = VERTEX_POINT ( 'NONE', #6425 ) ;
#5282 = ORIENTED_EDGE ( 'NONE', *, *, #136, .F. ) ;
#5283 = FILL_AREA_STYLE_COLOUR ( '', #1588 ) ;
#5284 = CARTESIAN_POINT ( 'NONE',  ( 2.420000000014369768, 1.519999999999190221, 0.000000000000000000 ) ) ;
#5285 = CARTESIAN_POINT ( 'NONE',  ( 2.789999999999859703, 2.274999999998240430, 0.000000000000000000 ) ) ;
#5286 = LINE ( 'NONE', #7063, #6480 ) ;
#5287 = DIRECTION ( 'NONE',  ( 0.000000000000000000, -1.000000000000000000, 0.000000000000000000 ) ) ;
#5288 = ORIENTED_EDGE ( 'NONE', *, *, #2116, .T. ) ;
#5289 = CIRCLE ( 'NONE', #77, 0.1500000000000459299 ) ;
#5290 = ORIENTED_EDGE ( 'NONE', *, *, #7039, .F. ) ;
#5291 = CARTESIAN_POINT ( 'NONE',  ( 2.355000000014429773, -2.225000000001160050, 0.000000000000000000 ) ) ;
#5292 = DIRECTION ( 'NONE',  ( -2.130818669658178721E-12, -1.000000000000000000, 0.000000000000000000 ) ) ;
#5293 = CARTESIAN_POINT ( 'NONE',  ( 2.718923980744669677, 2.553923980744670086, 0.4221544054152969738 ) ) ;
#5294 = CARTESIAN_POINT ( 'NONE',  ( 2.570000000014549979, -0.8549999999989950084, 0.000000000000000000 ) ) ;
#5295 = LINE ( 'NONE', #7479, #3123 ) ;
#5296 = AXIS2_PLACEMENT_3D ( 'NONE', #2550, #2667, #330 ) ;
#5297 = LINE ( 'NONE', #619, #3813 ) ;
#5298 = FILL_AREA_STYLE ('',( #2391 ) ) ;
#5299 = DIRECTION ( 'NONE',  ( 1.000000000000000000, 3.157967713279520302E-13, 0.000000000000000000 ) ) ;
#5300 = AXIS2_PLACEMENT_3D ( 'NONE', #265, #4808, #6079 ) ;
#5301 = UNCERTAINTY_MEASURE_WITH_UNIT (LENGTH_MEASURE( 1.000000000000000082E-05 ), #5958, 'distance_accuracy_value', 'NONE');
#5302 = VERTEX_POINT ( 'NONE', #200 ) ;
#5303 =( GEOMETRIC_REPRESENTATION_CONTEXT ( 3 ) GLOBAL_UNCERTAINTY_ASSIGNED_CONTEXT ( ( #6369 ) ) GLOBAL_UNIT_ASSIGNED_CONTEXT ( ( #1624, #889, #2035 ) ) REPRESENTATION_CONTEXT ( 'NONE', 'WORKASPACE' ) );
#5304 = DIRECTION ( 'NONE',  ( 1.000000000000000000, -4.574771934209029633E-13, 0.000000000000000000 ) ) ;
#5305 = CARTESIAN_POINT ( 'NONE',  ( 2.919903810567209934, -0.3400000000016230040, 0.000000000000000000 ) ) ;
#5306 = LINE ( 'NONE', #5388, #3851 ) ;
#5307 = AXIS2_PLACEMENT_3D ( 'NONE', #6376, #5736, #4603 ) ;
#5308 = UNCERTAINTY_MEASURE_WITH_UNIT (LENGTH_MEASURE( 1.000000000000000082E-05 ), #1980, 'distance_accuracy_value', 'NONE');
#5309 = PLANE ( 'NONE',  #2624 ) ;
#5310 = FILL_AREA_STYLE_COLOUR ( '', #3974 ) ;
#5311 = EDGE_LOOP ( 'NONE', ( #3793, #1595, #5127, #5362 ) ) ;
#5312 = CARTESIAN_POINT ( 'NONE',  ( 2.570000000014099673, 1.535000000000749987, 0.000000000000000000 ) ) ;
#5313 = ORIENTED_EDGE ( 'NONE', *, *, #2220, .F. ) ;
#5314 = PRESENTATION_STYLE_ASSIGNMENT (( #7 ) ) ;
#5315 = CARTESIAN_POINT ( 'NONE',  ( 3.220000000017080310, 1.619982680674300068, 0.2500000000000000000 ) ) ;
#5316 = SURFACE_SIDE_STYLE ('',( #1238 ) ) ;
#5317 = PRESENTATION_LAYER_ASSIGNMENT (  '', '', ( #1089 ) ) ;
#5318 = COLOUR_RGB ( '',0.8666666666666666963, 0.8666666666666666963, 0.8666666666666666963 ) ;
#5319 =( NAMED_UNIT ( * ) PLANE_ANGLE_UNIT ( ) SI_UNIT ( $, .RADIAN. ) );
#5320 = ADVANCED_FACE ( 'NONE', ( #1239 ), #7101, .F. ) ;
#5321 = LINE ( 'NONE', #7026, #6148 ) ;
#5322 = DIRECTION ( 'NONE',  ( 0.000000000000000000, 0.000000000000000000, 1.000000000000000000 ) ) ;
#5323 = VECTOR ( 'NONE', #1454, 1000.000000000000000 ) ;
#5324 = ORIENTED_EDGE ( 'NONE', *, *, #4822, .T. ) ;
#5325 = ORIENTED_EDGE ( 'NONE', *, *, #3759, .T. ) ;
#5326 =( NAMED_UNIT ( * ) PLANE_ANGLE_UNIT ( ) SI_UNIT ( $, .RADIAN. ) );
#5327 = CARTESIAN_POINT ( 'NONE',  ( -2.788591757917379788, -1.905232929562640010, 0.000000000000000000 ) ) ;
#5328 = COLOUR_RGB ( '',0.3294117647058823484, 0.3294117647058823484, 0.3294117647058823484 ) ;
#5329 = CARTESIAN_POINT ( 'NONE',  ( 0.1549999999992909827, 2.149999999999860023, 0.000000000000000000 ) ) ;
#5330 = DIRECTION ( 'NONE',  ( 0.000000000000000000, 0.000000000000000000, -1.000000000000000000 ) ) ;
#5331 = DIRECTION ( 'NONE',  ( 0.000000000000000000, 1.000000000000000000, 0.000000000000000000 ) ) ;
#5332 = STYLED_ITEM ( 'NONE', ( #4992 ), #5885 ) ;
#5333 = SURFACE_STYLE_FILL_AREA ( #2613 ) ;
#5334 = EDGE_CURVE ( 'NONE', #692, #4807, #7025, .T. ) ;
#5335 = DIRECTION ( 'NONE',  ( 0.000000000000000000, 0.000000000000000000, 1.000000000000000000 ) ) ;
#5336 =( NAMED_UNIT ( * ) PLANE_ANGLE_UNIT ( ) SI_UNIT ( $, .RADIAN. ) );
#5337 = STYLED_ITEM ( 'NONE', ( #5067 ), #3686 ) ;
#5338 = FILL_AREA_STYLE ('',( #6967 ) ) ;
#5339 = VERTEX_POINT ( 'NONE', #91 ) ;
#5340 = PRESENTATION_STYLE_ASSIGNMENT (( #5383 ) ) ;
#5341 = LINE ( 'NONE', #7051, #1063 ) ;
#5342 = PRESENTATION_LAYER_ASSIGNMENT (  '', '', ( #1496 ) ) ;
#5343 = MECHANICAL_DESIGN_GEOMETRIC_PRESENTATION_REPRESENTATION (  '', ( #6074 ), #1492 ) ;
#5344 = CARTESIAN_POINT ( 'NONE',  ( -2.620000000045539679, 0.2649999999995319988, 0.000000000000000000 ) ) ;
#5345 = LINE ( 'NONE', #5233, #4281 ) ;
#5346 = PRESENTATION_STYLE_ASSIGNMENT (( #2516 ) ) ;
#5347 =( NAMED_UNIT ( * ) PLANE_ANGLE_UNIT ( ) SI_UNIT ( $, .RADIAN. ) );
#5348 =( NAMED_UNIT ( * ) PLANE_ANGLE_UNIT ( ) SI_UNIT ( $, .RADIAN. ) );
#5349 = COLOUR_RGB ( '',0.8666666666666666963, 0.8666666666666666963, 0.8666666666666666963 ) ;
#5350 = FACE_OUTER_BOUND ( 'NONE', #3780, .T. ) ;
#5351 =( NAMED_UNIT ( * ) PLANE_ANGLE_UNIT ( ) SI_UNIT ( $, .RADIAN. ) );
#5352 = ORIENTED_EDGE ( 'NONE', *, *, #7048, .T. ) ;
#5353 = ADVANCED_FACE ( 'NONE', ( #6536 ), #1317, .T. ) ;
#5354 = CARTESIAN_POINT ( 'NONE',  ( 2.420000000014369768, 0.2499999999992039701, 0.000000000000000000 ) ) ;
#5355 = CARTESIAN_POINT ( 'NONE',  ( -0.08000000002280670264, 2.225000000000000089, 0.000000000000000000 ) ) ;
#5356 = ORIENTED_EDGE ( 'NONE', *, *, #4361, .F. ) ;
#5357 = DIRECTION ( 'NONE',  ( 0.000000000000000000, 0.000000000000000000, 1.000000000000000000 ) ) ;
#5358 = FACE_OUTER_BOUND ( 'NONE', #4061, .T. ) ;
#5359 = SURFACE_STYLE_FILL_AREA ( #1893 ) ;
#5360 = EDGE_CURVE ( 'NONE', #5417, #2330, #3178, .T. ) ;
#5361 = VERTEX_POINT ( 'NONE', #4508 ) ;
#5362 = ORIENTED_EDGE ( 'NONE', *, *, #7357, .F. ) ;
#5363 =( LENGTH_UNIT ( ) NAMED_UNIT ( * ) SI_UNIT ( .MILLI., .METRE. ) );
#5365 = EDGE_CURVE ( 'NONE', #715, #2685, #5105, .T. ) ;
#5364 = CARTESIAN_POINT ( 'NONE',  ( -0.08000000002280670264, -2.225000000000249667, 0.000000000000000000 ) ) ;
#5366 = CARTESIAN_POINT ( 'NONE',  ( 2.420000000014739694, 1.005000000000220162, 0.000000000000000000 ) ) ;
#5367 = ADVANCED_FACE ( 'NONE', ( #646 ), #2331, .T. ) ;
#5368 = DIRECTION ( 'NONE',  ( 0.000000000000000000, 1.000000000000000000, 0.000000000000000000 ) ) ;
#5369 =( GEOMETRIC_REPRESENTATION_CONTEXT ( 3 ) GLOBAL_UNCERTAINTY_ASSIGNED_CONTEXT ( ( #4936 ) ) GLOBAL_UNIT_ASSIGNED_CONTEXT ( ( #1055, #2342, #5144 ) ) REPRESENTATION_CONTEXT ( 'NONE', 'WORKASPACE' ) );
#5370 = FILL_AREA_STYLE ('',( #4360 ) ) ;
#5371 = EDGE_CURVE ( 'NONE', #7469, #6325, #6384, .T. ) ;
#5372 = SURFACE_STYLE_USAGE ( .BOTH. , #2541 ) ;
#5373 = AXIS2_PLACEMENT_3D ( 'NONE', #5666, #1587, #2144 ) ;
#5374 = MECHANICAL_DESIGN_GEOMETRIC_PRESENTATION_REPRESENTATION (  '', ( #4896 ), #1143 ) ;
#5375 = STYLED_ITEM ( 'NONE', ( #4277 ), #5320 ) ;
#5376 = CARTESIAN_POINT ( 'NONE',  ( -2.744999999999898410, 0.8570980054293959594, 0.000000000000000000 ) ) ;
#5377 = VECTOR ( 'NONE', #1466, 1000.000000000000000 ) ;
#5378 = AXIS2_PLACEMENT_3D ( 'NONE', #6568, #7234, #4274 ) ;
#5379 =( GEOMETRIC_REPRESENTATION_CONTEXT ( 3 ) GLOBAL_UNCERTAINTY_ASSIGNED_CONTEXT ( ( #1298 ) ) GLOBAL_UNIT_ASSIGNED_CONTEXT ( ( #3090, #1371, #4894 ) ) REPRESENTATION_CONTEXT ( 'NONE', 'WORKASPACE' ) );
#5380 = DIRECTION ( 'NONE',  ( 1.000000000000000000, -3.776311290145020098E-13, 0.000000000000000000 ) ) ;
#5381 = UNCERTAINTY_MEASURE_WITH_UNIT (LENGTH_MEASURE( 1.000000000000000082E-05 ), #2548, 'distance_accuracy_value', 'NONE');
#5382 = ORIENTED_EDGE ( 'NONE', *, *, #316, .F. ) ;
#5383 = SURFACE_STYLE_USAGE ( .BOTH. , #3058 ) ;
#5384 = SURFACE_STYLE_FILL_AREA ( #4343 ) ;
#5385 = LINE ( 'NONE', #186, #1292 ) ;
#5386 = FACE_OUTER_BOUND ( 'NONE', #6422, .T. ) ;
#5387 = COLOUR_RGB ( '',0.8666666666666666963, 0.8666666666666666963, 0.8666666666666666963 ) ;
#5388 = CARTESIAN_POINT ( 'NONE',  ( -2.794999999999910223, -0.4150000000012140089, 0.2500000000000000000 ) ) ;
#5389 = COLOUR_RGB ( '',0.8666666666666666963, 0.8666666666666666963, 0.8666666666666666963 ) ;
#5390 = UNCERTAINTY_MEASURE_WITH_UNIT (LENGTH_MEASURE( 1.000000000000000082E-05 ), #6506, 'distance_accuracy_value', 'NONE');
#5391 = LINE ( 'NONE', #4268, #72 ) ;
#5392 = ORIENTED_EDGE ( 'NONE', *, *, #112, .T. ) ;
#5393 = CARTESIAN_POINT ( 'NONE',  ( 3.445000000018130226, -0.3500000000038029913, 0.000000000000000000 ) ) ;
#5394 = ORIENTED_EDGE ( 'NONE', *, *, #2591, .T. ) ;
#5395 = DIRECTION ( 'NONE',  ( 0.000000000000000000, 0.000000000000000000, 1.000000000000000000 ) ) ;
#5396 = SURFACE_STYLE_USAGE ( .BOTH. , #6682 ) ;
#5397 = VERTEX_POINT ( 'NONE', #3395 ) ;
#5398 =( NAMED_UNIT ( * ) SI_UNIT ( $, .STERADIAN. ) SOLID_ANGLE_UNIT ( ) );
#5399 = SURFACE_STYLE_FILL_AREA ( #4771 ) ;
#5401 = AXIS2_PLACEMENT_3D ( 'NONE', #3736, #211, #5947 ) ;
#5400 = VECTOR ( 'NONE', #2065, 1000.000000000000000 ) ;
#5402 = EDGE_CURVE ( 'NONE', #3653, #4395, #601, .T. ) ;
#5403 = PRESENTATION_LAYER_ASSIGNMENT (  '', '', ( #1787 ) ) ;
#5404 = AXIS2_PLACEMENT_3D ( 'NONE', #5573, #6718, #5083 ) ;
#5405 = DIRECTION ( 'NONE',  ( 0.000000000000000000, 0.000000000000000000, -1.000000000000000000 ) ) ;
#5406 = EDGE_LOOP ( 'NONE', ( #1484, #2935, #6125, #5926, #4092, #1468, #4617, #807, #7068, #4350, #6765, #2569, #1015, #7135, #378, #6235, #2176, #1183, #6864, #3263, #781, #5052, #423, #4653, #991, #1553, #1388, #5541, #2883, #1545, #1426, #874, #679, #6356, #3350, #1594, #4284 ) ) ;
#5407 = CARTESIAN_POINT ( 'NONE',  ( -3.220000000017930297, -1.619982680672249931, 0.000000000000000000 ) ) ;
#5408 = CARTESIAN_POINT ( 'NONE',  ( 2.789999999999679847, 2.124999999998290257, 0.000000000000000000 ) ) ;
#5409 = VECTOR ( 'NONE', #3447, 1000.000000000000000 ) ;
#5410 = COLOUR_RGB ( '',0.8666666666666666963, 0.8666666666666666963, 0.8666666666666666963 ) ;
#5411 = PLANE ( 'NONE',  #4151 ) ;
#5412 = SURFACE_STYLE_FILL_AREA ( #4892 ) ;
#5413 =( NAMED_UNIT ( * ) PLANE_ANGLE_UNIT ( ) SI_UNIT ( $, .RADIAN. ) );
#5414 = LINE ( 'NONE', #4188, #1025 ) ;
#5415 = PLANE ( 'NONE',  #1901 ) ;
#5416 = FILL_AREA_STYLE_COLOUR ( '', #3201 ) ;
#5417 = VERTEX_POINT ( 'NONE', #6456 ) ;
#5418 = FILL_AREA_STYLE ('',( #3095 ) ) ;
#5419 = CARTESIAN_POINT ( 'NONE',  ( 2.712847213500659826, -2.547847213500659791, 0.5381060321553189363 ) ) ;
#5420 = EDGE_CURVE ( 'NONE', #2685, #4154, #2950, .T. ) ;
#5421 = SURFACE_SIDE_STYLE ('',( #3634 ) ) ;
#5422 = VECTOR ( 'NONE', #3234, 1000.000000000000000 ) ;
#5423 =( LENGTH_UNIT ( ) NAMED_UNIT ( * ) SI_UNIT ( .MILLI., .METRE. ) );
#5424 =( LENGTH_UNIT ( ) NAMED_UNIT ( * ) SI_UNIT ( .MILLI., .METRE. ) );
#5425 = AXIS2_PLACEMENT_3D ( 'NONE', #2640, #419, #924 ) ;
#5426 = MECHANICAL_DESIGN_GEOMETRIC_PRESENTATION_REPRESENTATION (  '', ( #2411 ), #5303 ) ;
#5427 = SURFACE_STYLE_USAGE ( .BOTH. , #4201 ) ;
#5428 = ORIENTED_EDGE ( 'NONE', *, *, #359, .T. ) ;
#5429 = CARTESIAN_POINT ( 'NONE',  ( 3.445000000017369945, 1.619982680676219866, 0.2500000000000000000 ) ) ;
#5430 = EDGE_CURVE ( 'NONE', #1420, #2496, #3526, .T. ) ;
#5431 = ORIENTED_EDGE ( 'NONE', *, *, #723, .F. ) ;
#5432 = PRESENTATION_STYLE_ASSIGNMENT (( #920 ) ) ;
#5433 = ORIENTED_EDGE ( 'NONE', *, *, #6498, .T. ) ;
#5434 = CARTESIAN_POINT ( 'NONE',  ( 2.919903810568900138, -0.9300000000011960921, 0.000000000000000000 ) ) ;
#5435 = MECHANICAL_DESIGN_GEOMETRIC_PRESENTATION_REPRESENTATION (  '', ( #4963 ), #6291 ) ;
#5436 = LINE ( 'NONE', #4814, #3282 ) ;
#5437 = PRESENTATION_STYLE_ASSIGNMENT (( #4851 ) ) ;
#5438 = VERTEX_POINT ( 'NONE', #4649 ) ;
#5439 = CARTESIAN_POINT ( 'NONE',  ( 2.790000000000170122, -2.275000000000389822, 0.000000000000000000 ) ) ;
#5440 = EDGE_LOOP ( 'NONE', ( #3678, #6173, #5930, #1990 ) ) ;
#5441 =( NAMED_UNIT ( * ) PLANE_ANGLE_UNIT ( ) SI_UNIT ( $, .RADIAN. ) );
#5442 = MECHANICAL_DESIGN_GEOMETRIC_PRESENTATION_REPRESENTATION (  '', ( #1581 ), #3660 ) ;
#5443 = COLOUR_RGB ( '',0.8666666666666666963, 0.8666666666666666963, 0.8666666666666666963 ) ;
#5444 = DIRECTION ( 'NONE',  ( -1.000000000000000000, 0.000000000000000000, 0.000000000000000000 ) ) ;
#5445 = MANIFOLD_SOLID_BREP ( 'infineon-pg-tdson-8-33-3d-01-stp-package-en.stp<1>[2]', #6795 ) ;
#5446 = AXIS2_PLACEMENT_3D ( 'NONE', #4886, #3164, #1433 ) ;
#5447 = LINE ( 'NONE', #178, #642 ) ;
#5448 = DIRECTION ( 'NONE',  ( 0.1666666669704653103, 0.9860132971319179873, 0.000000000000000000 ) ) ;
#5449 = UNCERTAINTY_MEASURE_WITH_UNIT (LENGTH_MEASURE( 1.000000000000000082E-05 ), #362, 'distance_accuracy_value', 'NONE');
#5450 = MECHANICAL_DESIGN_GEOMETRIC_PRESENTATION_REPRESENTATION (  '', ( #245 ), #1428 ) ;
#5451 = ORIENTED_EDGE ( 'NONE', *, *, #5959, .T. ) ;
#5452 = FILL_AREA_STYLE ('',( #705 ) ) ;
#5453 = EDGE_CURVE ( 'NONE', #6640, #7400, #1830, .T. ) ;
#5454 = DIRECTION ( 'NONE',  ( 0.000000000000000000, 0.000000000000000000, 1.000000000000000000 ) ) ;
#5455 = EDGE_CURVE ( 'NONE', #3351, #1885, #1717, .T. ) ;
#5456 = EDGE_CURVE ( 'NONE', #6392, #2453, #4563, .T. ) ;
#5457 = PRESENTATION_STYLE_ASSIGNMENT (( #4301 ) ) ;
#5458 = ADVANCED_FACE ( 'NONE', ( #5230 ), #4675, .T. ) ;
#5459 = EDGE_CURVE ( 'NONE', #7475, #927, #3409, .T. ) ;
#5460 = UNCERTAINTY_MEASURE_WITH_UNIT (LENGTH_MEASURE( 1.000000000000000082E-05 ), #7104, 'distance_accuracy_value', 'NONE');
#5461 = CIRCLE ( 'NONE', #1855, 0.1499999999993879285 ) ;
#5462 = CARTESIAN_POINT ( 'NONE',  ( 2.355000000014419559, -2.150000000000090061, 0.000000000000000000 ) ) ;
#5463 = ORIENTED_EDGE ( 'NONE', *, *, #2313, .T. ) ;
#5464 = FILL_AREA_STYLE_COLOUR ( '', #2106 ) ;
#5465 = LINE ( 'NONE', #194, #6852 ) ;
#5466 = VERTEX_POINT ( 'NONE', #5773 ) ;
#5467 = CARTESIAN_POINT ( 'NONE',  ( -3.220000000017390285, 0.3499797189057289870, 0.2500000000000000000 ) ) ;
#5468 = DIRECTION ( 'NONE',  ( 0.000000000000000000, 0.000000000000000000, 1.000000000000000000 ) ) ;
#5469 = EDGE_LOOP ( 'NONE', ( #4523, #2108, #6350, #5547 ) ) ;
#5470 = DIRECTION ( 'NONE',  ( 0.000000000000000000, 0.000000000000000000, -1.000000000000000000 ) ) ;
#5471 = CLOSED_SHELL ( 'NONE', ( #2650, #5320, #3578, #1960, #6923, #5565, #2786, #1875, #6846, #6023, #4362, #2825, #3023, #6589, #3360, #6665, #4973, #1945, #5806, #6157, #861, #3581, #7258, #1116, #1919, #1482, #4462, #5695, #2809, #2081, #4588, #6804, #4829, #5499, #4945, #5458, #2118, #2044, #1573 ) ) ;
#5472 = DIRECTION ( 'NONE',  ( -0.7071067811866481589, 0.7071067811864469865, 0.000000000000000000 ) ) ;
#5473 =( GEOMETRIC_REPRESENTATION_CONTEXT ( 3 ) GLOBAL_UNCERTAINTY_ASSIGNED_CONTEXT ( ( #1308 ) ) GLOBAL_UNIT_ASSIGNED_CONTEXT ( ( #5927, #3642, #716 ) ) REPRESENTATION_CONTEXT ( 'NONE', 'WORKASPACE' ) );
#5474 = DIRECTION ( 'NONE',  ( 5.507747036240170140E-12, 1.000000000000000000, 0.000000000000000000 ) ) ;
#5475 = PRESENTATION_STYLE_ASSIGNMENT (( #381 ) ) ;
#5476 = ORIENTED_EDGE ( 'NONE', *, *, #4135, .T. ) ;
#5477 =( GEOMETRIC_REPRESENTATION_CONTEXT ( 3 ) GLOBAL_UNCERTAINTY_ASSIGNED_CONTEXT ( ( #5158 ) ) GLOBAL_UNIT_ASSIGNED_CONTEXT ( ( #3049, #246, #4220 ) ) REPRESENTATION_CONTEXT ( 'NONE', 'WORKASPACE' ) );
#5478 = ADVANCED_FACE ( 'NONE', ( #6929 ), #5694, .T. ) ;
#5479 = ORIENTED_EDGE ( 'NONE', *, *, #1673, .T. ) ;
#5480 = FACE_OUTER_BOUND ( 'NONE', #3879, .T. ) ;
#5481 = SURFACE_STYLE_USAGE ( .BOTH. , #2724 ) ;
#5482 = ORIENTED_EDGE ( 'NONE', *, *, #7488, .T. ) ;
#5483 = FACE_OUTER_BOUND ( 'NONE', #4114, .T. ) ;
#5484 = PRESENTATION_STYLE_ASSIGNMENT (( #7289 ) ) ;
#5485 = DIRECTION ( 'NONE',  ( -1.000000000000000000, 0.000000000000000000, 0.000000000000000000 ) ) ;
#5486 = LINE ( 'NONE', #287, #4085 ) ;
#5487 = EDGE_CURVE ( 'NONE', #2889, #564, #3048, .T. ) ;
#5488 = PLANE ( 'NONE',  #2452 ) ;
#5489 =( GEOMETRIC_REPRESENTATION_CONTEXT ( 3 ) GLOBAL_UNCERTAINTY_ASSIGNED_CONTEXT ( ( #2125 ) ) GLOBAL_UNIT_ASSIGNED_CONTEXT ( ( #6935, #1189, #5235 ) ) REPRESENTATION_CONTEXT ( 'NONE', 'WORKASPACE' ) );
#5490 = STYLED_ITEM ( 'NONE', ( #2001 ), #5151 ) ;
#5491 = DIRECTION ( 'NONE',  ( 0.000000000000000000, 0.000000000000000000, 1.000000000000000000 ) ) ;
#5492 = FILL_AREA_STYLE ('',( #1456 ) ) ;
#5493 = PRESENTATION_STYLE_ASSIGNMENT (( #743 ) ) ;
#5494 = CARTESIAN_POINT ( 'NONE',  ( -0.5800000000228350272, -2.477098005438509887, 0.000000000000000000 ) ) ;
#5495 = STYLED_ITEM ( 'NONE', ( #5432 ), #7347 ) ;
#5496 = CARTESIAN_POINT ( 'NONE',  ( 2.570000000014419861, 0.8550000000002230260, 0.000000000000000000 ) ) ;
#5497 = STYLED_ITEM ( 'NONE', ( #4933 ), #2225 ) ;
#5498 = VECTOR ( 'NONE', #5335, 1000.000000000000000 ) ;
#5499 = ADVANCED_FACE ( 'NONE', ( #5810 ), #4263, .T. ) ;
#5500 = DIRECTION ( 'NONE',  ( 0.000000000000000000, 0.000000000000000000, 1.000000000000000000 ) ) ;
#5501 = VERTEX_POINT ( 'NONE', #6519 ) ;
#5502 = DIRECTION ( 'NONE',  ( -0.9990152789796082899, -0.04436746967424964189, 0.000000000000000000 ) ) ;
#5503 = AXIS2_PLACEMENT_3D ( 'NONE', #1862, #6467, #5368 ) ;
#5504 = EDGE_LOOP ( 'NONE', ( #6226, #6741, #7464, #3989 ) ) ;
#5505 = LINE ( 'NONE', #3190, #1327 ) ;
#5506 = LINE ( 'NONE', #2636, #5022 ) ;
#5507 = VERTEX_POINT ( 'NONE', #4899 ) ;
#5508 = CARTESIAN_POINT ( 'NONE',  ( -3.220000000017250397, -0.3499999999993410049, 0.000000000000000000 ) ) ;
#5509 =( GEOMETRIC_REPRESENTATION_CONTEXT ( 3 ) GLOBAL_UNCERTAINTY_ASSIGNED_CONTEXT ( ( #2976 ) ) GLOBAL_UNIT_ASSIGNED_CONTEXT ( ( #3913, #5197, #4762 ) ) REPRESENTATION_CONTEXT ( 'NONE', 'WORKASPACE' ) );
#5510 = VECTOR ( 'NONE', #3307, 1000.000000000000000 ) ;
#5511 = PRESENTATION_STYLE_ASSIGNMENT (( #3798 ) ) ;
#5512 = SURFACE_STYLE_USAGE ( .BOTH. , #6646 ) ;
#5513 = CARTESIAN_POINT ( 'NONE',  ( 3.220221430730699996, -0.9300000000010870682, 0.2500000000000000000 ) ) ;
#5514 = VERTEX_POINT ( 'NONE', #3588 ) ;
#5515 = ORIENTED_EDGE ( 'NONE', *, *, #3864, .F. ) ;
#5516 = VECTOR ( 'NONE', #6995, 1000.000000000000000 ) ;
#5517 = EDGE_CURVE ( 'NONE', #2254, #1811, #4482, .T. ) ;
#5518 = LINE ( 'NONE', #6240, #5998 ) ;
#5519 = EDGE_LOOP ( 'NONE', ( #6163, #2608, #2672, #6084 ) ) ;
#5520 = AXIS2_PLACEMENT_3D ( 'NONE', #3657, #3120, #5292 ) ;
#5521 =( GEOMETRIC_REPRESENTATION_CONTEXT ( 3 ) GLOBAL_UNCERTAINTY_ASSIGNED_CONTEXT ( ( #6976 ) ) GLOBAL_UNIT_ASSIGNED_CONTEXT ( ( #1266, #5889, #1309 ) ) REPRESENTATION_CONTEXT ( 'NONE', 'WORKASPACE' ) );
#5522 = FILL_AREA_STYLE ('',( #5594 ) ) ;
#5523 = CARTESIAN_POINT ( 'NONE',  ( 2.420000000014369768, 1.019999999999190221, 0.000000000000000000 ) ) ;
#5524 = ORIENTED_EDGE ( 'NONE', *, *, #3730, .T. ) ;
#5525 = VECTOR ( 'NONE', #7463, 1000.000000000000000 ) ;
#5526 = DIRECTION ( 'NONE',  ( -1.000000000000000000, -1.118173840558401627E-12, 0.000000000000000000 ) ) ;
#5527 = LINE ( 'NONE', #1406, #2860 ) ;
#5528 = FACE_OUTER_BOUND ( 'NONE', #4416, .T. ) ;
#5529 = UNCERTAINTY_MEASURE_WITH_UNIT (LENGTH_MEASURE( 1.000000000000000082E-05 ), #2778, 'distance_accuracy_value', 'NONE');
#5530 = CARTESIAN_POINT ( 'NONE',  ( -2.789999999999789981, -1.685000000000200115, 0.000000000000000000 ) ) ;
#5531 = SURFACE_STYLE_FILL_AREA ( #5492 ) ;
#5532 = CARTESIAN_POINT ( 'NONE',  ( 2.789999999999679847, 2.124999999998290257, 0.000000000000000000 ) ) ;
#5533 = PRESENTATION_STYLE_ASSIGNMENT (( #3293 ) ) ;
#5534 = AXIS2_PLACEMENT_3D ( 'NONE', #6101, #904, #4865 ) ;
#5535 = UNCERTAINTY_MEASURE_WITH_UNIT (LENGTH_MEASURE( 1.000000000000000082E-05 ), #4100, 'distance_accuracy_value', 'NONE');
#5536 = CIRCLE ( 'NONE', #2276, 0.2249999999991121880 ) ;
#5537 = CARTESIAN_POINT ( 'NONE',  ( 2.576069773055084333, -2.411069773055083409, 0.9766044443147514631 ) ) ;
#5538 = ORIENTED_EDGE ( 'NONE', *, *, #7061, .T. ) ;
#5539 = CARTESIAN_POINT ( 'NONE',  ( -0.08000000002280670264, 2.225000000000000089, 0.000000000000000000 ) ) ;
#5540 = ORIENTED_EDGE ( 'NONE', *, *, #6890, .T. ) ;
#5541 = ORIENTED_EDGE ( 'NONE', *, *, #2784, .T. ) ;
#5542 = CYLINDRICAL_SURFACE ( 'NONE', #3294, 0.1500000000003270106 ) ;
#5543 = PRESENTATION_LAYER_ASSIGNMENT (  '', '', ( #6276 ) ) ;
#5544 = CARTESIAN_POINT ( 'NONE',  ( 2.919903810567149982, 0.9299999999988468602, 0.2500000000000000000 ) ) ;
#5545 = MANIFOLD_SOLID_BREP ( 'infineon-pg-tdson-8-33-3d-01-stp-package-en.stp<1>[4]', #4882 ) ;
#5546 = CARTESIAN_POINT ( 'NONE',  ( 2.420000000014739694, 1.005000000000220162, 0.2500000000000000000 ) ) ;
#5547 = ORIENTED_EDGE ( 'NONE', *, *, #1169, .F. ) ;
#5548 = ORIENTED_EDGE ( 'NONE', *, *, #7374, .F. ) ;
#5549 =( GEOMETRIC_REPRESENTATION_CONTEXT ( 3 ) GLOBAL_UNCERTAINTY_ASSIGNED_CONTEXT ( ( #2054 ) ) GLOBAL_UNIT_ASSIGNED_CONTEXT ( ( #273, #1476, #3905 ) ) REPRESENTATION_CONTEXT ( 'NONE', 'WORKASPACE' ) );
#5550 = STYLED_ITEM ( 'NONE', ( #1873 ), #4546 ) ;
#5551 = SURFACE_STYLE_FILL_AREA ( #6620 ) ;
#5552 = CARTESIAN_POINT ( 'NONE',  ( 2.355000000014429773, 2.224999999999110134, 0.2500000000000000000 ) ) ;
#5553 = EDGE_CURVE ( 'NONE', #1464, #6755, #4836, .T. ) ;
#5554 = ORIENTED_EDGE ( 'NONE', *, *, #6602, .F. ) ;
#5555 = LINE ( 'NONE', #2692, #2536 ) ;
#5556 =( NAMED_UNIT ( * ) PLANE_ANGLE_UNIT ( ) SI_UNIT ( $, .RADIAN. ) );
#5557 = SURFACE_STYLE_FILL_AREA ( #3242 ) ;
#5558 = ORIENTED_EDGE ( 'NONE', *, *, #2933, .F. ) ;
#5559 = CARTESIAN_POINT ( 'NONE',  ( 2.420000000014369768, 1.535000000000879883, 0.2500000000000000000 ) ) ;
#5560 = CIRCLE ( 'NONE', #2297, 0.1499999999996239619 ) ;
#5561 = EDGE_LOOP ( 'NONE', ( #6948, #2020, #3387, #5117 ) ) ;
#5562 = SURFACE_STYLE_FILL_AREA ( #938 ) ;
#5563 =( LENGTH_UNIT ( ) NAMED_UNIT ( * ) SI_UNIT ( .MILLI., .METRE. ) );
#5564 = COLOUR_RGB ( '',0.8666666666666666963, 0.8666666666666666963, 0.8666666666666666963 ) ;
#5565 = ADVANCED_FACE ( 'NONE', ( #7184 ), #784, .F. ) ;
#5566 = DIRECTION ( 'NONE',  ( 5.187984031940509593E-13, 1.000000000000000000, 0.000000000000000000 ) ) ;
#5567 = VECTOR ( 'NONE', #1133, 1000.000000000000000 ) ;
#5568 = LINE ( 'NONE', #6182, #2010 ) ;
#5569 = CARTESIAN_POINT ( 'NONE',  ( -3.220000000017250397, 0.9200000000015510215, 0.000000000000000000 ) ) ;
#5570 = CARTESIAN_POINT ( 'NONE',  ( 2.919903810568900138, -0.9300000000011960921, 0.000000000000000000 ) ) ;
#5571 = ORIENTED_EDGE ( 'NONE', *, *, #5595, .F. ) ;
#5572 = DIRECTION ( 'NONE',  ( 0.000000000000000000, 0.000000000000000000, 1.000000000000000000 ) ) ;
#5573 = CARTESIAN_POINT ( 'NONE',  ( -2.789999999999709601, -1.005000000000400018, 0.000000000000000000 ) ) ;
#5574 = EDGE_LOOP ( 'NONE', ( #2434, #880, #883, #5863 ) ) ;
#5575 = DIRECTION ( 'NONE',  ( -2.130818669658178721E-12, -1.000000000000000000, 0.000000000000000000 ) ) ;
#5576 = LINE ( 'NONE', #2169, #1758 ) ;
#5577 = ORIENTED_EDGE ( 'NONE', *, *, #1907, .F. ) ;
#5578 = LINE ( 'NONE', #269, #2422 ) ;
#5579 =( GEOMETRIC_REPRESENTATION_CONTEXT ( 3 ) GLOBAL_UNCERTAINTY_ASSIGNED_CONTEXT ( ( #1145 ) ) GLOBAL_UNIT_ASSIGNED_CONTEXT ( ( #3850, #6090, #3240 ) ) REPRESENTATION_CONTEXT ( 'NONE', 'WORKASPACE' ) );
#5580 = EDGE_CURVE ( 'NONE', #2330, #2734, #1494, .T. ) ;
#5581 = DIRECTION ( 'NONE',  ( 0.000000000000000000, -1.000000000000000000, 0.000000000000000000 ) ) ;
#5582 = FILL_AREA_STYLE ('',( #6162 ) ) ;
#5583 = EDGE_LOOP ( 'NONE', ( #5084, #7271, #7164, #1013 ) ) ;
#5584 = ORIENTED_EDGE ( 'NONE', *, *, #5799, .T. ) ;
#5585 = PLANE ( 'NONE',  #5373 ) ;
#5586 = COLOUR_RGB ( '',0.8666666666666666963, 0.8666666666666666963, 0.8666666666666666963 ) ;
#5587 = CARTESIAN_POINT ( 'NONE',  ( 2.575000000017050095, -2.275000000000380052, 0.000000000000000000 ) ) ;
#5588 = FACE_OUTER_BOUND ( 'NONE', #2227, .T. ) ;
#5589 =( GEOMETRIC_REPRESENTATION_CONTEXT ( 3 ) GLOBAL_UNCERTAINTY_ASSIGNED_CONTEXT ( ( #5460 ) ) GLOBAL_UNIT_ASSIGNED_CONTEXT ( ( #7104, #3162, #2449 ) ) REPRESENTATION_CONTEXT ( 'NONE', 'WORKASPACE' ) );
#5590 = VERTEX_POINT ( 'NONE', #3393 ) ;
#5591 = SURFACE_STYLE_FILL_AREA ( #3309 ) ;
#5592 = EDGE_CURVE ( 'NONE', #264, #1173, #2887, .T. ) ;
#5593 = MECHANICAL_DESIGN_GEOMETRIC_PRESENTATION_REPRESENTATION (  '', ( #6921 ), #2084 ) ;
#5594 = FILL_AREA_STYLE_COLOUR ( '', #2938 ) ;
#5595 = EDGE_CURVE ( 'NONE', #5615, #4101, #3212, .T. ) ;
#5596 = VERTEX_POINT ( 'NONE', #1666 ) ;
#5597 = EDGE_LOOP ( 'NONE', ( #1043, #6089, #4459, #5258 ) ) ;
#5598 = CARTESIAN_POINT ( 'NONE',  ( -1.850000000000000089, 1.550000000000000044, 0.9990000000000001101 ) ) ;
#5599 = ORIENTED_EDGE ( 'NONE', *, *, #4145, .F. ) ;
#5600 = LINE ( 'NONE', #6742, #6011 ) ;
#5601 = ADVANCED_FACE ( 'NONE', ( #467 ), #6070, .F. ) ;
#5602 = CARTESIAN_POINT ( 'NONE',  ( 2.789999999999570157, 0.8550000000001318767, 0.2500000000000000000 ) ) ;
#5603 = UNCERTAINTY_MEASURE_WITH_UNIT (LENGTH_MEASURE( 1.000000000000000082E-05 ), #291, 'distance_accuracy_value', 'NONE');
#5604 = PRESENTATION_LAYER_ASSIGNMENT (  '', '', ( #2847 ) ) ;
#5605 = DIRECTION ( 'NONE',  ( 0.000000000000000000, 0.000000000000000000, 1.000000000000000000 ) ) ;
#5606 = SURFACE_SIDE_STYLE ('',( #1570 ) ) ;
#5607 =( GEOMETRIC_REPRESENTATION_CONTEXT ( 3 ) GLOBAL_UNCERTAINTY_ASSIGNED_CONTEXT ( ( #2663 ) ) GLOBAL_UNIT_ASSIGNED_CONTEXT ( ( #1014, #1134, #4659 ) ) REPRESENTATION_CONTEXT ( 'NONE', 'WORKASPACE' ) );
#5608 = UNCERTAINTY_MEASURE_WITH_UNIT (LENGTH_MEASURE( 1.000000000000000082E-05 ), #3822, 'distance_accuracy_value', 'NONE');
#5609 = EDGE_LOOP ( 'NONE', ( #2547, #6383, #1740, #2013 ) ) ;
#5610 = PRESENTATION_LAYER_ASSIGNMENT (  '', '', ( #2102 ) ) ;
#5611 = LINE ( 'NONE', #1646, #5156 ) ;
#5612 = EDGE_LOOP ( 'NONE', ( #4520, #976 ) ) ;
#5613 = SURFACE_STYLE_USAGE ( .BOTH. , #6191 ) ;
#5614 =( LENGTH_UNIT ( ) NAMED_UNIT ( * ) SI_UNIT ( .MILLI., .METRE. ) );
#5615 = VERTEX_POINT ( 'NONE', #6100 ) ;
#5616 = STYLED_ITEM ( 'NONE', ( #3216 ), #1997 ) ;
#5617 = LINE ( 'NONE', #2138, #4734 ) ;
#5618 = STYLED_ITEM ( 'NONE', ( #2533 ), #223 ) ;
#5619 = PRODUCT_DEFINITION_FORMATION_WITH_SPECIFIED_SOURCE ( 'ANY', '', #7107, .NOT_KNOWN. ) ;
#5620 = MECHANICAL_DESIGN_GEOMETRIC_PRESENTATION_REPRESENTATION (  '', ( #3473 ), #5987 ) ;
#5621 = DIRECTION ( 'NONE',  ( -0.9990158634986431307, -0.04435430619523234724, 0.000000000000000000 ) ) ;
#5622 = CARTESIAN_POINT ( 'NONE',  ( -1.582747773907208000, 1.550000000000000044, 1.000000000000000000 ) ) ;
#5623 = ORIENTED_EDGE ( 'NONE', *, *, #1634, .F. ) ;
#5624 = SURFACE_STYLE_USAGE ( .BOTH. , #6870 ) ;
#5625 = VERTEX_POINT ( 'NONE', #3253 ) ;
#5626 = PLANE ( 'NONE',  #756 ) ;
#5627 = DIRECTION ( 'NONE',  ( 5.175258369995964598E-13, 1.000000000000000000, 0.000000000000000000 ) ) ;
#5628 = EDGE_CURVE ( 'NONE', #6325, #4246, #4584, .T. ) ;
#5629 = VECTOR ( 'NONE', #208, 1000.000000000000000 ) ;
#5630 = FILL_AREA_STYLE_COLOUR ( '', #2250 ) ;
#5631 = VERTEX_POINT ( 'NONE', #6667 ) ;
#5632 = PRESENTATION_STYLE_ASSIGNMENT (( #3953 ) ) ;
#5633 = DIRECTION ( 'NONE',  ( 1.836970198721029688E-16, 1.000000000000000000, 0.000000000000000000 ) ) ;
#5634 = ORIENTED_EDGE ( 'NONE', *, *, #670, .F. ) ;
#5635 = CIRCLE ( 'NONE', #2867, 0.1499999999999878098 ) ;
#5636 = ORIENTED_EDGE ( 'NONE', *, *, #5247, .F. ) ;
#5637 = MECHANICAL_DESIGN_GEOMETRIC_PRESENTATION_REPRESENTATION (  '', ( #417 ), #3366 ) ;
#5638 = CARTESIAN_POINT ( 'NONE',  ( -2.729046351645020074, 0.6353525405622779676, 0.2500000000000000000 ) ) ;
#5639 = STYLED_ITEM ( 'NONE', ( #4006 ), #6212 ) ;
#5640 = VERTEX_POINT ( 'NONE', #5530 ) ;
#5641 = SURFACE_SIDE_STYLE ('',( #3353 ) ) ;
#5642 = CARTESIAN_POINT ( 'NONE',  ( -2.919903810566869762, -2.199999999999870059, 0.000000000000000000 ) ) ;
#5643 = STYLED_ITEM ( 'NONE', ( #4183 ), #1401 ) ;
#5644 = VECTOR ( 'NONE', #2712, 1000.000000000000000 ) ;
#5645 = SURFACE_SIDE_STYLE ('',( #4438 ) ) ;
#5646 = STYLED_ITEM ( 'NONE', ( #5171 ), #864 ) ;
#5647 = LINE ( 'NONE', #5046, #1664 ) ;
#5648 = LINE ( 'NONE', #6396, #1036 ) ;
#5649 =( LENGTH_UNIT ( ) NAMED_UNIT ( * ) SI_UNIT ( .MILLI., .METRE. ) );
#5650 =( GEOMETRIC_REPRESENTATION_CONTEXT ( 3 ) GLOBAL_UNCERTAINTY_ASSIGNED_CONTEXT ( ( #7332 ) ) GLOBAL_UNIT_ASSIGNED_CONTEXT ( ( #2019, #5351, #2555 ) ) REPRESENTATION_CONTEXT ( 'NONE', 'WORKASPACE' ) );
#5651 = EDGE_CURVE ( 'NONE', #5514, #5853, #6893, .T. ) ;
#5652 = AXIS2_PLACEMENT_3D ( 'NONE', #1986, #1385, #1467 ) ;
#5653 = EDGE_CURVE ( 'NONE', #3106, #4269, #6808, .T. ) ;
#5654 = SURFACE_SIDE_STYLE ('',( #7300 ) ) ;
#5655 = FACE_OUTER_BOUND ( 'NONE', #2651, .T. ) ;
#5656 = VERTEX_POINT ( 'NONE', #6850 ) ;
#5657 = LINE ( 'NONE', #3935, #4904 ) ;
#5658 = ORIENTED_EDGE ( 'NONE', *, *, #748, .T. ) ;
#5659 = DIRECTION ( 'NONE',  ( 0.000000000000000000, 0.000000000000000000, 1.000000000000000000 ) ) ;
#5660 = EDGE_CURVE ( 'NONE', #262, #5145, #1628, .T. ) ;
#5661 = FILL_AREA_STYLE_COLOUR ( '', #4718 ) ;
#5662 = CARTESIAN_POINT ( 'NONE',  ( -2.794999999999830287, -0.2650000000011680235, 0.2500000000000000000 ) ) ;
#5663 = ORIENTED_EDGE ( 'NONE', *, *, #1066, .F. ) ;
#5664 = DIRECTION ( 'NONE',  ( 1.000000000000000000, -7.274181257380620317E-12, 0.000000000000000000 ) ) ;
#5665 = ORIENTED_EDGE ( 'NONE', *, *, #1672, .F. ) ;
#5666 = CARTESIAN_POINT ( 'NONE',  ( -3.220000000017930297, -2.199999999999930456, 0.000000000000000000 ) ) ;
#5667 = DIRECTION ( 'NONE',  ( 1.000000000000000000, 0.000000000000000000, 0.000000000000000000 ) ) ;
#5668 = CARTESIAN_POINT ( 'NONE',  ( 2.355000000014429773, 2.150000000000320100, 0.2500000000000000000 ) ) ;
#5669 = STYLED_ITEM ( 'NONE', ( #1278 ), #3927 ) ;
#5670 = FILL_AREA_STYLE ('',( #5630 ) ) ;
#5671 = ORIENTED_EDGE ( 'NONE', *, *, #7035, .T. ) ;
#5672 = CARTESIAN_POINT ( 'NONE',  ( -3.220000000017930297, -1.619982680672249931, 0.000000000000000000 ) ) ;
#5673 = VECTOR ( 'NONE', #6380, 1000.000000000000000 ) ;
#5674 = ORIENTED_EDGE ( 'NONE', *, *, #2682, .T. ) ;
#5675 = STYLED_ITEM ( 'NONE', ( #3593 ), #4232 ) ;
#5676 = EDGE_LOOP ( 'NONE', ( #6206, #1487, #3917, #6614 ) ) ;
#5677 = CARTESIAN_POINT ( 'NONE',  ( -2.919903810567769931, -0.9300000000009921441, 0.000000000000000000 ) ) ;
#5678 = FILL_AREA_STYLE ('',( #4507 ) ) ;
#5679 = DIRECTION ( 'NONE',  ( 0.000000000000000000, 1.000000000000000000, 0.000000000000000000 ) ) ;
#5680 = ORIENTED_EDGE ( 'NONE', *, *, #314, .F. ) ;
#5681 = DIRECTION ( 'NONE',  ( -1.000000000000000000, 0.000000000000000000, 0.000000000000000000 ) ) ;
#5682 = SURFACE_STYLE_FILL_AREA ( #6812 ) ;
#5683 = PRESENTATION_LAYER_ASSIGNMENT (  '', '', ( #5550 ) ) ;
#5684 = UNCERTAINTY_MEASURE_WITH_UNIT (LENGTH_MEASURE( 1.000000000000000082E-05 ), #6419, 'distance_accuracy_value', 'NONE');
#5685 = PRESENTATION_LAYER_ASSIGNMENT (  '', '', ( #108 ) ) ;
#5686 = DIRECTION ( 'NONE',  ( -1.000000000000000000, 2.554760398238409987E-14, 0.000000000000000000 ) ) ;
#5687 = LINE ( 'NONE', #4441, #5034 ) ;
#5688 = FACE_OUTER_BOUND ( 'NONE', #3569, .T. ) ;
#5689 =( GEOMETRIC_REPRESENTATION_CONTEXT ( 3 ) GLOBAL_UNCERTAINTY_ASSIGNED_CONTEXT ( ( #4121 ) ) GLOBAL_UNIT_ASSIGNED_CONTEXT ( ( #7432, #1659, #2295 ) ) REPRESENTATION_CONTEXT ( 'NONE', 'WORKASPACE' ) );
#5690 = UNCERTAINTY_MEASURE_WITH_UNIT (LENGTH_MEASURE( 1.000000000000000082E-05 ), #7002, 'distance_accuracy_value', 'NONE');
#5691 = EDGE_CURVE ( 'NONE', #5853, #6455, #6247, .T. ) ;
#5692 = VECTOR ( 'NONE', #6323, 1000.000000000000000 ) ;
#5693 = EDGE_CURVE ( 'NONE', #2077, #86, #3464, .T. ) ;
#5694 = PLANE ( 'NONE',  #3895 ) ;
#5695 = ADVANCED_FACE ( 'NONE', ( #1207 ), #1171, .T. ) ;
#5696 = SURFACE_STYLE_FILL_AREA ( #1071 ) ;
#5697 = LINE ( 'NONE', #480, #544 ) ;
#5698 = CARTESIAN_POINT ( 'NONE',  ( 2.919903810567209934, -0.3400000000016230040, 0.2500000000000000000 ) ) ;
#5699 = SURFACE_SIDE_STYLE ('',( #1073 ) ) ;
#5700 = ORIENTED_EDGE ( 'NONE', *, *, #1643, .F. ) ;
#5701 = EDGE_CURVE ( 'NONE', #3763, #4906, #6990, .T. ) ;
#5702 = LINE ( 'NONE', #6304, #5077 ) ;
#5703 = AXIS2_PLACEMENT_3D ( 'NONE', #2878, #5892, #680 ) ;
#5704 = EDGE_CURVE ( 'NONE', #86, #4413, #2923, .T. ) ;
#5705 = CARTESIAN_POINT ( 'NONE',  ( -0.6800000000228580976, 2.377098005438369466, 0.2500000000000000000 ) ) ;
#5706 = CARTESIAN_POINT ( 'NONE',  ( 2.790000000000339764, 0.4150000000004410161, 0.000000000000000000 ) ) ;
#5707 = AXIS2_PLACEMENT_3D ( 'NONE', #2565, #4095, #6810 ) ;
#5708 = ORIENTED_EDGE ( 'NONE', *, *, #2334, .T. ) ;
#5709 = CARTESIAN_POINT ( 'NONE',  ( -3.445000000017750086, -1.619982680670329911, 0.2500000000000000000 ) ) ;
#5710 = SURFACE_STYLE_FILL_AREA ( #7429 ) ;
#5711 = EDGE_LOOP ( 'NONE', ( #5515, #4053, #5086, #4202 ) ) ;
#5712 = PLANE ( 'NONE',  #830 ) ;
#5713 = FACE_OUTER_BOUND ( 'NONE', #3467, .T. ) ;
#5714 = PRODUCT_DEFINITION ( 'UNKNOWN', '', #5619, #2969 ) ;
#5715 = MECHANICAL_DESIGN_GEOMETRIC_PRESENTATION_REPRESENTATION (  '', ( #1967 ), #2438 ) ;
#5716 = VERTEX_POINT ( 'NONE', #5212 ) ;
#5717 = CARTESIAN_POINT ( 'NONE',  ( 2.919903810567149982, 0.9299999999988468602, 0.000000000000000000 ) ) ;
#5718 = EDGE_CURVE ( 'NONE', #2607, #264, #728, .T. ) ;
#5719 = SURFACE_STYLE_FILL_AREA ( #572 ) ;
#5720 = SURFACE_STYLE_FILL_AREA ( #7438 ) ;
#5721 = VERTEX_POINT ( 'NONE', #5831 ) ;
#5722 = ORIENTED_EDGE ( 'NONE', *, *, #1068, .T. ) ;
#5723 = DIRECTION ( 'NONE',  ( 1.000000000000000000, 1.325682462673240084E-12, 0.000000000000000000 ) ) ;
#5724 =( NAMED_UNIT ( * ) SI_UNIT ( $, .STERADIAN. ) SOLID_ANGLE_UNIT ( ) );
#5725 = ORIENTED_EDGE ( 'NONE', *, *, #7299, .T. ) ;
#5726 =( LENGTH_UNIT ( ) NAMED_UNIT ( * ) SI_UNIT ( .MILLI., .METRE. ) );
#5727 =( GEOMETRIC_REPRESENTATION_CONTEXT ( 3 ) GLOBAL_UNCERTAINTY_ASSIGNED_CONTEXT ( ( #4410 ) ) GLOBAL_UNIT_ASSIGNED_CONTEXT ( ( #217, #6065, #254 ) ) REPRESENTATION_CONTEXT ( 'NONE', 'WORKASPACE' ) );
#5728 = FILL_AREA_STYLE ('',( #1097 ) ) ;
#5729 = AXIS2_PLACEMENT_3D ( 'NONE', #3652, #5287, #2568 ) ;
#5730 = CARTESIAN_POINT ( 'NONE',  ( 2.433578643779580108, 2.224999999999110134, 0.000000000000000000 ) ) ;
#5731 = EDGE_CURVE ( 'NONE', #2644, #3600, #6229, .T. ) ;
#5732 = CARTESIAN_POINT ( 'NONE',  ( 2.420000000014369768, 1.519999999999190221, 0.000000000000000000 ) ) ;
#5733 =( LENGTH_UNIT ( ) NAMED_UNIT ( * ) SI_UNIT ( .MILLI., .METRE. ) );
#5734 = SURFACE_STYLE_USAGE ( .BOTH. , #3516 ) ;
#5735 = ORIENTED_EDGE ( 'NONE', *, *, #3024, .T. ) ;
#5736 = DIRECTION ( 'NONE',  ( 5.517472001737950148E-13, -1.000000000000000000, 0.000000000000000000 ) ) ;
#5737 = EDGE_LOOP ( 'NONE', ( #5392, #2192, #1584, #4698 ) ) ;
#5738 = AXIS2_PLACEMENT_3D ( 'NONE', #3811, #3246, #7326 ) ;
#5739 = CYLINDRICAL_SURFACE ( 'NONE', #1753, 0.2249999999944019280 ) ;
#5740 = EDGE_CURVE ( 'NONE', #4354, #607, #3656, .T. ) ;
#5741 =( GEOMETRIC_REPRESENTATION_CONTEXT ( 3 ) GLOBAL_UNCERTAINTY_ASSIGNED_CONTEXT ( ( #4475 ) ) GLOBAL_UNIT_ASSIGNED_CONTEXT ( ( #1897, #4216, #656 ) ) REPRESENTATION_CONTEXT ( 'NONE', 'WORKASPACE' ) );
#5742 = LINE ( 'NONE', #4526, #3021 ) ;
#5743 = SURFACE_STYLE_FILL_AREA ( #2212 ) ;
#5744 = PRESENTATION_STYLE_ASSIGNMENT (( #563 ) ) ;
#5745 = ORIENTED_EDGE ( 'NONE', *, *, #247, .T. ) ;
#5746 =( GEOMETRIC_REPRESENTATION_CONTEXT ( 3 ) GLOBAL_UNCERTAINTY_ASSIGNED_CONTEXT ( ( #586 ) ) GLOBAL_UNIT_ASSIGNED_CONTEXT ( ( #1499, #2781, #946 ) ) REPRESENTATION_CONTEXT ( 'NONE', 'WORKASPACE' ) );
#5747 = FACE_OUTER_BOUND ( 'NONE', #390, .T. ) ;
#5748 = AXIS2_PLACEMENT_3D ( 'NONE', #4131, #5971, #125 ) ;
#5749 = CYLINDRICAL_SURFACE ( 'NONE', #2310, 0.2250000000000419442 ) ;
#5750 = ORIENTED_EDGE ( 'NONE', *, *, #4050, .F. ) ;
#5751 =( LENGTH_UNIT ( ) NAMED_UNIT ( * ) SI_UNIT ( .MILLI., .METRE. ) );
#5752 = ORIENTED_EDGE ( 'NONE', *, *, #2265, .T. ) ;
#5753 = SURFACE_STYLE_FILL_AREA ( #6842 ) ;
#5754 = FILL_AREA_STYLE ('',( #3427 ) ) ;
#5755 = ORIENTED_EDGE ( 'NONE', *, *, #7360, .F. ) ;
#5756 = PRESENTATION_LAYER_ASSIGNMENT (  '', '', ( #4071 ) ) ;
#5757 = EDGE_CURVE ( 'NONE', #2165, #5782, #3182, .T. ) ;
#5758 = ORIENTED_EDGE ( 'NONE', *, *, #4858, .T. ) ;
#5759 = CARTESIAN_POINT ( 'NONE',  ( -0.6800000000228580976, 2.225000000000000089, 0.000000000000000000 ) ) ;
#5760 = DIRECTION ( 'NONE',  ( -1.000000000000000000, 1.900169508683859993E-13, 0.000000000000000000 ) ) ;
#5761 = ORIENTED_EDGE ( 'NONE', *, *, #2682, .F. ) ;
#5762 =( GEOMETRIC_REPRESENTATION_CONTEXT ( 3 ) GLOBAL_UNCERTAINTY_ASSIGNED_CONTEXT ( ( #4794 ) ) GLOBAL_UNIT_ASSIGNED_CONTEXT ( ( #6289, #1094, #578 ) ) REPRESENTATION_CONTEXT ( 'NONE', 'WORKASPACE' ) );
#5763 =( NAMED_UNIT ( * ) SI_UNIT ( $, .STERADIAN. ) SOLID_ANGLE_UNIT ( ) );
#5764 = DIRECTION ( 'NONE',  ( -0.9848077529967922406, 1.809062493724530146E-16, -0.1736481777543580352 ) ) ;
#5765 = DIRECTION ( 'NONE',  ( 0.000000000000000000, 0.000000000000000000, 1.000000000000000000 ) ) ;
#5766 = DIRECTION ( 'NONE',  ( 0.000000000000000000, 0.000000000000000000, 1.000000000000000000 ) ) ;
#5767 = CARTESIAN_POINT ( 'NONE',  ( -2.794999999999910223, 1.684999999999150067, 0.000000000000000000 ) ) ;
#5768 = AXIS2_PLACEMENT_3D ( 'NONE', #1101, #3407, #4954 ) ;
#5769 = CARTESIAN_POINT ( 'NONE',  ( 2.511791012089840347, -2.346791012089839867, 1.000000000000000000 ) ) ;
#5770 = PRESENTATION_LAYER_ASSIGNMENT (  '', '', ( #4210 ) ) ;
#5771 = DIRECTION ( 'NONE',  ( 0.000000000000000000, 0.000000000000000000, 1.000000000000000000 ) ) ;
#5772 = UNCERTAINTY_MEASURE_WITH_UNIT (LENGTH_MEASURE( 1.000000000000000082E-05 ), #53, 'distance_accuracy_value', 'NONE');
#5773 = CARTESIAN_POINT ( 'NONE',  ( 2.511791012089840347, 2.346791012089839867, 1.000000000000000000 ) ) ;
#5774 = VECTOR ( 'NONE', #5964, 1000.000000000000000 ) ;
#5775 = FILL_AREA_STYLE ('',( #6897 ) ) ;
#5776 = ORIENTED_EDGE ( 'NONE', *, *, #2121, .T. ) ;
#5777 = FILL_AREA_STYLE ('',( #4049 ) ) ;
#5778 = AXIS2_PLACEMENT_3D ( 'NONE', #794, #1382, #7123 ) ;
#5779 = UNCERTAINTY_MEASURE_WITH_UNIT (LENGTH_MEASURE( 1.000000000000000082E-05 ), #463, 'distance_accuracy_value', 'NONE');
#5780 = PRESENTATION_STYLE_ASSIGNMENT (( #3558 ) ) ;
#5781 = DIRECTION ( 'NONE',  ( -0.8660254037827309626, -0.5000000000029577452, 0.000000000000000000 ) ) ;
#5782 = VERTEX_POINT ( 'NONE', #610 ) ;
#5783 = SURFACE_STYLE_FILL_AREA ( #2255 ) ;
#5784 = SURFACE_STYLE_FILL_AREA ( #1235 ) ;
#5785 = EDGE_LOOP ( 'NONE', ( #3501, #704, #4959, #3523 ) ) ;
#5786 = SURFACE_STYLE_USAGE ( .BOTH. , #2803 ) ;
#5787 = PRESENTATION_STYLE_ASSIGNMENT (( #3455 ) ) ;
#5788 = ORIENTED_EDGE ( 'NONE', *, *, #5134, .T. ) ;
#5789 = CARTESIAN_POINT ( 'NONE',  ( -2.117252226092792178, 1.550000000000000044, 0.9979999999999999982 ) ) ;
#5790 = DIRECTION ( 'NONE',  ( -1.000000000000000000, 8.518456002314038317E-12, 0.000000000000000000 ) ) ;
#5791 = DIRECTION ( 'NONE',  ( -0.6427876096525390048, 0.000000000000000000, 0.7660444431475076366 ) ) ;
#5792 = EDGE_CURVE ( 'NONE', #2584, #2496, #6505, .T. ) ;
#5793 = VERTEX_POINT ( 'NONE', #1326 ) ;
#5794 = EDGE_LOOP ( 'NONE', ( #1665, #2327, #819, #6463 ) ) ;
#5795 = CYLINDRICAL_SURFACE ( 'NONE', #5446, 0.2250000000002927714 ) ;
#5796 = MECHANICAL_DESIGN_GEOMETRIC_PRESENTATION_REPRESENTATION (  '', ( #6036 ), #5063 ) ;
#5797 = EDGE_LOOP ( 'NONE', ( #2993, #4355, #5830, #7441 ) ) ;
#5798 = DIRECTION ( 'NONE',  ( 0.000000000000000000, 0.000000000000000000, 1.000000000000000000 ) ) ;
#5799 = EDGE_CURVE ( 'NONE', #198, #2026, #2429, .T. ) ;
#5800 = CARTESIAN_POINT ( 'NONE',  ( -2.794999999999910223, -0.4150000000012140089, 0.2500000000000000000 ) ) ;
#5801 = ADVANCED_FACE ( 'NONE', ( #2959 ), #5795, .F. ) ;
#5802 = COLOUR_RGB ( '',0.8666666666666666963, 0.8666666666666666963, 0.8666666666666666963 ) ;
#5803 = SURFACE_STYLE_USAGE ( .BOTH. , #4715 ) ;
#5804 = DIRECTION ( 'NONE',  ( -2.454333033274330151E-11, 1.000000000000000000, 0.000000000000000000 ) ) ;
#5805 = FILL_AREA_STYLE_COLOUR ( '', #4535 ) ;
#5806 = ADVANCED_FACE ( 'NONE', ( #882 ), #2571, .T. ) ;
#5807 = CYLINDRICAL_SURFACE ( 'NONE', #7043, 0.1500000000000000222 ) ;
#5808 = ADVANCED_FACE ( 'NONE', ( #5975 ), #6689, .T. ) ;
#5809 = VERTEX_POINT ( 'NONE', #4853 ) ;
#5810 = FACE_OUTER_BOUND ( 'NONE', #5965, .T. ) ;
#5811 = SURFACE_STYLE_FILL_AREA ( #3515 ) ;
#5812 =( NAMED_UNIT ( * ) PLANE_ANGLE_UNIT ( ) SI_UNIT ( $, .RADIAN. ) );
#5813 = SURFACE_STYLE_FILL_AREA ( #2477 ) ;
#5814 = PRESENTATION_LAYER_ASSIGNMENT (  '', '', ( #1581 ) ) ;
#5815 = DIRECTION ( 'NONE',  ( -5.233082485861795227E-13, 1.000000000000000000, 0.000000000000000000 ) ) ;
#5816 = SURFACE_STYLE_USAGE ( .BOTH. , #1117 ) ;
#5817 = DIRECTION ( 'NONE',  ( 0.000000000000000000, 1.000000000000000000, 0.000000000000000000 ) ) ;
#5818 = SURFACE_STYLE_FILL_AREA ( #6940 ) ;
#5819 = EDGE_LOOP ( 'NONE', ( #2816, #2721, #4775, #7129 ) ) ;
#5820 = LINE ( 'NONE', #44, #5223 ) ;
#5821 = SURFACE_SIDE_STYLE ('',( #5784 ) ) ;
#5822 = VERTEX_POINT ( 'NONE', #6124 ) ;
#5823 = DIRECTION ( 'NONE',  ( -1.000000000000000000, 0.000000000000000000, 0.000000000000000000 ) ) ;
#5824 = CARTESIAN_POINT ( 'NONE',  ( 3.220000000017900543, -0.9200202810956169541, 0.2500000000000000000 ) ) ;
#5825 = DIRECTION ( 'NONE',  ( 0.000000000000000000, 0.000000000000000000, 1.000000000000000000 ) ) ;
#5826 = EDGE_CURVE ( 'NONE', #2258, #4966, #2068, .T. ) ;
#5827 = MECHANICAL_DESIGN_GEOMETRIC_PRESENTATION_REPRESENTATION (  '', ( #5332 ), #2930 ) ;
#5828 =( NAMED_UNIT ( * ) SI_UNIT ( $, .STERADIAN. ) SOLID_ANGLE_UNIT ( ) );
#5829 = ORIENTED_EDGE ( 'NONE', *, *, #3036, .T. ) ;
#5830 = ORIENTED_EDGE ( 'NONE', *, *, #5224, .F. ) ;
#5831 = CARTESIAN_POINT ( 'NONE',  ( 2.420000000014369768, 1.019999999999190221, 0.2500000000000000000 ) ) ;
#5832 = CARTESIAN_POINT ( 'NONE',  ( -3.220000000017250397, -0.3499999999993410049, 0.000000000000000000 ) ) ;
#5833 = LINE ( 'NONE', #5256, #2375 ) ;
#5834 = ORIENTED_EDGE ( 'NONE', *, *, #3298, .F. ) ;
#5835 = CARTESIAN_POINT ( 'NONE',  ( -0.6800000000228580976, 2.225000000000000089, 0.2500000000000000000 ) ) ;
#5836 = EDGE_CURVE ( 'NONE', #2343, #198, #4424, .T. ) ;
#5837 = PRESENTATION_LAYER_ASSIGNMENT (  '', '', ( #2202 ) ) ;
#5838 = CARTESIAN_POINT ( 'NONE',  ( 2.610271787389519815, -2.445271787389510010, 0.9173648177754361033 ) ) ;
#5839 =( GEOMETRIC_REPRESENTATION_CONTEXT ( 3 ) GLOBAL_UNCERTAINTY_ASSIGNED_CONTEXT ( ( #3295 ) ) GLOBAL_UNIT_ASSIGNED_CONTEXT ( ( #3874, #6160, #956 ) ) REPRESENTATION_CONTEXT ( 'NONE', 'WORKASPACE' ) );
#5840 = CARTESIAN_POINT ( 'NONE',  ( -3.445000000016360531, 0.9199999999983951016, 0.000000000000000000 ) ) ;
#5841 = VECTOR ( 'NONE', #6375, 1000.000000000000000 ) ;
#5842 = CARTESIAN_POINT ( 'NONE',  ( 3.220000000017080310, -1.619982680672249931, 0.000000000000000000 ) ) ;
#5843 = UNCERTAINTY_MEASURE_WITH_UNIT (LENGTH_MEASURE( 1.000000000000000082E-05 ), #6083, 'distance_accuracy_value', 'NONE');
#5844 = MECHANICAL_DESIGN_GEOMETRIC_PRESENTATION_REPRESENTATION (  '', ( #2837 ), #5477 ) ;
#5845 = ORIENTED_EDGE ( 'NONE', *, *, #3580, .T. ) ;
#5846 = DIRECTION ( 'NONE',  ( -1.000000000000000000, 1.138620055312090056E-13, 0.000000000000000000 ) ) ;
#5847 = PRESENTATION_STYLE_ASSIGNMENT (( #3551 ) ) ;
#5848 = SURFACE_STYLE_USAGE ( .BOTH. , #5881 ) ;
#5849 =( LENGTH_UNIT ( ) NAMED_UNIT ( * ) SI_UNIT ( .MILLI., .METRE. ) );
#5850 = PRESENTATION_STYLE_ASSIGNMENT (( #7119 ) ) ;
#5851 = UNCERTAINTY_MEASURE_WITH_UNIT (LENGTH_MEASURE( 1.000000000000000082E-05 ), #6033, 'distance_accuracy_value', 'NONE');
#5852 =( NAMED_UNIT ( * ) PLANE_ANGLE_UNIT ( ) SI_UNIT ( $, .RADIAN. ) );
#5853 = VERTEX_POINT ( 'NONE', #5025 ) ;
#5854 = ORIENTED_EDGE ( 'NONE', *, *, #4143, .T. ) ;
#5855 = CARTESIAN_POINT ( 'NONE',  ( -2.789999999999709601, -1.005000000000400018, 0.000000000000000000 ) ) ;
#5856 = CARTESIAN_POINT ( 'NONE',  ( -2.310000001215910093, 2.124999999997390088, 0.000000000000000000 ) ) ;
#5857 = CARTESIAN_POINT ( 'NONE',  ( 2.420000000014369768, 1.519999999999190221, 0.000000000000000000 ) ) ;
#5858 = AXIS2_PLACEMENT_3D ( 'NONE', #5598, #6061, #6134 ) ;
#5859 = CARTESIAN_POINT ( 'NONE',  ( 2.789999999999639879, -1.535000000001719878, 0.000000000000000000 ) ) ;
#5860 = AXIS2_PLACEMENT_3D ( 'NONE', #6313, #6839, #2335 ) ;
#5861 = CARTESIAN_POINT ( 'NONE',  ( -3.220000000017250397, 0.9200000000015510215, 0.000000000000000000 ) ) ;
#5862 = ORIENTED_EDGE ( 'NONE', *, *, #3827, .F. ) ;
#5863 = ORIENTED_EDGE ( 'NONE', *, *, #7262, .F. ) ;
#5864 = CARTESIAN_POINT ( 'NONE',  ( -0.5800000000228350272, 2.705000000001180016, 0.000000000000000000 ) ) ;
#5865 = LINE ( 'NONE', #5329, #6698 ) ;
#5866 = DIRECTION ( 'NONE',  ( 0.000000000000000000, 0.000000000000000000, -1.000000000000000000 ) ) ;
#5867 = EDGE_CURVE ( 'NONE', #3351, #1519, #3452, .T. ) ;
#5868 = MECHANICAL_DESIGN_GEOMETRIC_PRESENTATION_REPRESENTATION (  '', ( #7294 ), #2232 ) ;
#5869 = STYLED_ITEM ( 'NONE', ( #4671 ), #2118 ) ;
#5870 = FILL_AREA_STYLE ('',( #3541 ) ) ;
#5871 = AXIS2_PLACEMENT_3D ( 'NONE', #3433, #4107, #4545 ) ;
#5872 = PRESENTATION_STYLE_ASSIGNMENT (( #4827 ) ) ;
#5873 = CYLINDRICAL_SURFACE ( 'NONE', #3963, 0.1500000000003219591 ) ;
#5874 = LINE ( 'NONE', #4790, #1882 ) ;
#5875 = AXIS2_PLACEMENT_3D ( 'NONE', #7246, #3769, #7316 ) ;
#5876 = ORIENTED_EDGE ( 'NONE', *, *, #4143, .F. ) ;
#5877 =( GEOMETRIC_REPRESENTATION_CONTEXT ( 3 ) GLOBAL_UNCERTAINTY_ASSIGNED_CONTEXT ( ( #5013 ) ) GLOBAL_UNIT_ASSIGNED_CONTEXT ( ( #2223, #2954, #6278 ) ) REPRESENTATION_CONTEXT ( 'NONE', 'WORKASPACE' ) );
#5878 =( NAMED_UNIT ( * ) SI_UNIT ( $, .STERADIAN. ) SOLID_ANGLE_UNIT ( ) );
#5879 = VECTOR ( 'NONE', #4288, 1000.000000000000000 ) ;
#5880 = LINE ( 'NONE', #144, #89 ) ;
#5881 = SURFACE_SIDE_STYLE ('',( #1260 ) ) ;
#5882 = VECTOR ( 'NONE', #5304, 1000.000000000000000 ) ;
#5883 = DIRECTION ( 'NONE',  ( 0.000000000000000000, 0.000000000000000000, 1.000000000000000000 ) ) ;
#5884 = FILL_AREA_STYLE ('',( #4800 ) ) ;
#5885 = ADVANCED_FACE ( 'NONE', ( #2763 ), #4458, .F. ) ;
#5886 = VECTOR ( 'NONE', #655, 1000.000000000000000 ) ;
#5887 = COLOUR_RGB ( '',0.8666666666666666963, 0.8666666666666666963, 0.8666666666666666963 ) ;
#5888 = MECHANICAL_DESIGN_GEOMETRIC_PRESENTATION_REPRESENTATION (  '', ( #2750 ), #2386 ) ;
#5889 =( NAMED_UNIT ( * ) PLANE_ANGLE_UNIT ( ) SI_UNIT ( $, .RADIAN. ) );
#5890 = CARTESIAN_POINT ( 'NONE',  ( 2.374999999997129851, 1.519999999999190221, 0.000000000000000000 ) ) ;
#5891 = ORIENTED_EDGE ( 'NONE', *, *, #972, .T. ) ;
#5892 = DIRECTION ( 'NONE',  ( 0.000000000000000000, -1.000000000000000000, 0.000000000000000000 ) ) ;
#5893 = VERTEX_POINT ( 'NONE', #2215 ) ;
#5894 = SURFACE_STYLE_USAGE ( .BOTH. , #3601 ) ;
#5895 = CARTESIAN_POINT ( 'NONE',  ( 3.220000000017080310, 1.619982680674300068, 0.000000000000000000 ) ) ;
#5896 = CARTESIAN_POINT ( 'NONE',  ( -3.220221430730680012, -0.9300000000010870682, 0.000000000000000000 ) ) ;
#5897 = MECHANICAL_DESIGN_GEOMETRIC_PRESENTATION_REPRESENTATION (  '', ( #6743 ), #2629 ) ;
#5898 =( NAMED_UNIT ( * ) SI_UNIT ( $, .STERADIAN. ) SOLID_ANGLE_UNIT ( ) );
#5899 = SURFACE_SIDE_STYLE ('',( #6540 ) ) ;
#5900 = CARTESIAN_POINT ( 'NONE',  ( -3.445000000017650166, -0.3500000000025230151, 0.2500000000000000000 ) ) ;
#5901 = ORIENTED_EDGE ( 'NONE', *, *, #3784, .T. ) ;
#5902 = ORIENTED_EDGE ( 'NONE', *, *, #2251, .T. ) ;
#5903 = SURFACE_SIDE_STYLE ('',( #4622 ) ) ;
#5904 = CARTESIAN_POINT ( 'NONE',  ( 3.445000000012059971, -0.9200202811074189579, 0.2500000000000000000 ) ) ;
#5905 = SURFACE_STYLE_USAGE ( .BOTH. , #100 ) ;
#5906 = DIRECTION ( 'NONE',  ( 0.000000000000000000, 0.000000000000000000, 1.000000000000000000 ) ) ;
#5907 = CIRCLE ( 'NONE', #5296, 0.2672522260927919779 ) ;
#5908 = CARTESIAN_POINT ( 'NONE',  ( -2.770000000045179878, -0.4150000000012140089, 0.000000000000000000 ) ) ;
#5909 = CARTESIAN_POINT ( 'NONE',  ( -3.220222332087410155, -0.3400000000014820056, 0.000000000000000000 ) ) ;
#5910 =( GEOMETRIC_REPRESENTATION_CONTEXT ( 3 ) GLOBAL_UNCERTAINTY_ASSIGNED_CONTEXT ( ( #5843 ) ) GLOBAL_UNIT_ASSIGNED_CONTEXT ( ( #6083, #6194, #6161 ) ) REPRESENTATION_CONTEXT ( 'NONE', 'WORKASPACE' ) );
#5911 = CARTESIAN_POINT ( 'NONE',  ( 2.374999999997129851, 1.019999999999190221, 0.2500000000000000000 ) ) ;
#5912 = LINE ( 'NONE', #628, #2322 ) ;
#5913 = UNCERTAINTY_MEASURE_WITH_UNIT (LENGTH_MEASURE( 1.000000000000000082E-05 ), #6656, 'distance_accuracy_value', 'NONE');
#5914 = ORIENTED_EDGE ( 'NONE', *, *, #2182, .F. ) ;
#5915 =( GEOMETRIC_REPRESENTATION_CONTEXT ( 3 ) GLOBAL_UNCERTAINTY_ASSIGNED_CONTEXT ( ( #2590 ) ) GLOBAL_UNIT_ASSIGNED_CONTEXT ( ( #1653, #4692, #2840 ) ) REPRESENTATION_CONTEXT ( 'NONE', 'WORKASPACE' ) );
#5916 = MECHANICAL_DESIGN_GEOMETRIC_PRESENTATION_REPRESENTATION (  '', ( #1693 ), #3889 ) ;
#5917 = DIRECTION ( 'NONE',  ( 3.474679658982749680E-13, 1.000000000000000000, 0.000000000000000000 ) ) ;
#5918 = PLANE ( 'NONE',  #792 ) ;
#5919 = LINE ( 'NONE', #709, #987 ) ;
#5920 = LINE ( 'NONE', #6035, #3408 ) ;
#5921 = PRESENTATION_STYLE_ASSIGNMENT (( #74 ) ) ;
#5922 = EDGE_CURVE ( 'NONE', #607, #2406, #4530, .T. ) ;
#5923 = EDGE_CURVE ( 'NONE', #46, #5002, #1657, .T. ) ;
#5924 = UNCERTAINTY_MEASURE_WITH_UNIT (LENGTH_MEASURE( 1.000000000000000082E-05 ), #1931, 'distance_accuracy_value', 'NONE');
#5925 = EDGE_CURVE ( 'NONE', #6951, #6875, #6788, .T. ) ;
#5926 = ORIENTED_EDGE ( 'NONE', *, *, #2742, .T. ) ;
#5927 =( LENGTH_UNIT ( ) NAMED_UNIT ( * ) SI_UNIT ( .MILLI., .METRE. ) );
#5928 = ADVANCED_FACE ( 'NONE', ( #2842 ), #6835, .T. ) ;
#5929 = CARTESIAN_POINT ( 'NONE',  ( 2.420000000014369768, 0.2499999999992039701, 0.2500000000000000000 ) ) ;
#5930 = ORIENTED_EDGE ( 'NONE', *, *, #2032, .F. ) ;
#5931 = CARTESIAN_POINT ( 'NONE',  ( -0.6800000000228580976, 2.225000000000000089, 0.2500000000000000000 ) ) ;
#5932 =( NAMED_UNIT ( * ) PLANE_ANGLE_UNIT ( ) SI_UNIT ( $, .RADIAN. ) );
#5933 = FILL_AREA_STYLE ('',( #2409 ) ) ;
#5934 =( GEOMETRIC_REPRESENTATION_CONTEXT ( 3 ) GLOBAL_UNCERTAINTY_ASSIGNED_CONTEXT ( ( #980 ) ) GLOBAL_UNIT_ASSIGNED_CONTEXT ( ( #3032, #1886, #1314 ) ) REPRESENTATION_CONTEXT ( 'NONE', 'WORKASPACE' ) );
#5935 = ADVANCED_FACE ( 'NONE', ( #455 ), #3599, .T. ) ;
#5936 =( GEOMETRIC_REPRESENTATION_CONTEXT ( 3 ) GLOBAL_UNCERTAINTY_ASSIGNED_CONTEXT ( ( #5924 ) ) GLOBAL_UNIT_ASSIGNED_CONTEXT ( ( #1931, #4170, #2444 ) ) REPRESENTATION_CONTEXT ( 'NONE', 'WORKASPACE' ) );
#5937 = FILL_AREA_STYLE_COLOUR ( '', #6554 ) ;
#5938 = SURFACE_STYLE_USAGE ( .BOTH. , #164 ) ;
#5939 = ORIENTED_EDGE ( 'NONE', *, *, #1681, .F. ) ;
#5940 = ORIENTED_EDGE ( 'NONE', *, *, #1103, .T. ) ;
#5941 = CARTESIAN_POINT ( 'NONE',  ( -2.919903810567349822, -1.610000000000469944, 0.000000000000000000 ) ) ;
#5942 = SURFACE_STYLE_FILL_AREA ( #6466 ) ;
#5943 = CARTESIAN_POINT ( 'NONE',  ( 2.355000000014419559, -2.150000000000090061, 0.2500000000000000000 ) ) ;
#5944 =( NAMED_UNIT ( * ) SI_UNIT ( $, .STERADIAN. ) SOLID_ANGLE_UNIT ( ) );
#5945 = VECTOR ( 'NONE', #2722, 1000.000000000000000 ) ;
#5946 = SURFACE_STYLE_USAGE ( .BOTH. , #2540 ) ;
#5947 = DIRECTION ( 'NONE',  ( -0.6427876096525390048, 0.000000000000000000, 0.7660444431475076366 ) ) ;
#5948 = DIRECTION ( 'NONE',  ( -1.000000000000000000, -1.454836254096609949E-11, 0.000000000000000000 ) ) ;
#5949 = CARTESIAN_POINT ( 'NONE',  ( -2.919903810567490154, 2.199999999998340172, 0.000000000000000000 ) ) ;
#5950 =( NAMED_UNIT ( * ) PLANE_ANGLE_UNIT ( ) SI_UNIT ( $, .RADIAN. ) );
#5951 = LINE ( 'NONE', #4223, #15 ) ;
#5952 = ORIENTED_EDGE ( 'NONE', *, *, #1580, .F. ) ;
#5953 = DIRECTION ( 'NONE',  ( 2.477462178375860264E-13, 1.000000000000000000, 0.000000000000000000 ) ) ;
#5954 = CIRCLE ( 'NONE', #6197, 0.1500000000001378564 ) ;
#5955 =( GEOMETRIC_REPRESENTATION_CONTEXT ( 3 ) GLOBAL_UNCERTAINTY_ASSIGNED_CONTEXT ( ( #2670 ) ) GLOBAL_UNIT_ASSIGNED_CONTEXT ( ( #3531, #2264, #5828 ) ) REPRESENTATION_CONTEXT ( 'NONE', 'WORKASPACE' ) );
#5956 = DIRECTION ( 'NONE',  ( 0.000000000000000000, -1.000000000000000000, 0.000000000000000000 ) ) ;
#5957 = DIRECTION ( 'NONE',  ( -6.862435148435169986E-13, 1.000000000000000000, 0.000000000000000000 ) ) ;
#5958 =( LENGTH_UNIT ( ) NAMED_UNIT ( * ) SI_UNIT ( .MILLI., .METRE. ) );
#5959 = EDGE_CURVE ( 'NONE', #1352, #4395, #7057, .T. ) ;
#5960 = PRESENTATION_STYLE_ASSIGNMENT (( #4683 ) ) ;
#5961 = AXIS2_PLACEMENT_3D ( 'NONE', #2947, #193, #5243 ) ;
#5962 = AXIS2_PLACEMENT_3D ( 'NONE', #580, #2346, #2309 ) ;
#5963 = PRESENTATION_STYLE_ASSIGNMENT (( #3639 ) ) ;
#5964 = DIRECTION ( 'NONE',  ( -3.741306804034770044E-13, 1.000000000000000000, 0.000000000000000000 ) ) ;
#5965 = EDGE_LOOP ( 'NONE', ( #1244, #6451, #5663, #2731 ) ) ;
#5966 = LINE ( 'NONE', #1883, #3924 ) ;
#5967 = LINE ( 'NONE', #2487, #438 ) ;
#5968 = EDGE_LOOP ( 'NONE', ( #1542, #4743, #3713, #502 ) ) ;
#5969 = CARTESIAN_POINT ( 'NONE',  ( 2.420000000014369768, -1.520000000000780060, 0.000000000000000000 ) ) ;
#5970 = ORIENTED_EDGE ( 'NONE', *, *, #5143, .F. ) ;
#5971 = DIRECTION ( 'NONE',  ( -1.000000000000000000, -4.736951571666509666E-14, 0.000000000000000000 ) ) ;
#5972 = FILL_AREA_STYLE_COLOUR ( '', #6009 ) ;
#5973 = SURFACE_STYLE_FILL_AREA ( #4742 ) ;
#5974 = VERTEX_POINT ( 'NONE', #5203 ) ;
#5975 = FACE_OUTER_BOUND ( 'NONE', #4391, .T. ) ;
#5976 = LINE ( 'NONE', #4249, #7409 ) ;
#5977 = CARTESIAN_POINT ( 'NONE',  ( 2.570000000014549979, -0.8549999999989950084, 0.000000000000000000 ) ) ;
#5978 = CARTESIAN_POINT ( 'NONE',  ( -3.220000000017930297, -2.199999999999930456, 0.000000000000000000 ) ) ;
#5979 = ADVANCED_FACE ( 'NONE', ( #4165 ), #5749, .F. ) ;
#5980 =( LENGTH_UNIT ( ) NAMED_UNIT ( * ) SI_UNIT ( .MILLI., .METRE. ) );
#5981 = LINE ( 'NONE', #812, #4684 ) ;
#5982 = COLOUR_RGB ( '',0.8666666666666666963, 0.8666666666666666963, 0.8666666666666666963 ) ;
#5983 =( GEOMETRIC_REPRESENTATION_CONTEXT ( 3 ) GLOBAL_UNCERTAINTY_ASSIGNED_CONTEXT ( ( #7115 ) ) GLOBAL_UNIT_ASSIGNED_CONTEXT ( ( #4322, #3847, #425 ) ) REPRESENTATION_CONTEXT ( 'NONE', 'WORKASPACE' ) );
#5984 = CARTESIAN_POINT ( 'NONE',  ( 0.1549999999992909827, -2.149999999999620215, 0.000000000000000000 ) ) ;
#5985 = DIRECTION ( 'NONE',  ( -1.000000000000000000, 3.776311290145020098E-13, 0.000000000000000000 ) ) ;
#5986 = VECTOR ( 'NONE', #3330, 1000.000000000000000 ) ;
#5987 =( GEOMETRIC_REPRESENTATION_CONTEXT ( 3 ) GLOBAL_UNCERTAINTY_ASSIGNED_CONTEXT ( ( #4192 ) ) GLOBAL_UNIT_ASSIGNED_CONTEXT ( ( #7145, #1867, #699 ) ) REPRESENTATION_CONTEXT ( 'NONE', 'WORKASPACE' ) );
#5988 = DIRECTION ( 'NONE',  ( 0.000000000000000000, 0.000000000000000000, 1.000000000000000000 ) ) ;
#5989 = UNCERTAINTY_MEASURE_WITH_UNIT (LENGTH_MEASURE( 1.000000000000000082E-05 ), #2329, 'distance_accuracy_value', 'NONE');
#5990 = ORIENTED_EDGE ( 'NONE', *, *, #2693, .T. ) ;
#5991 = SURFACE_STYLE_FILL_AREA ( #5452 ) ;
#5992 =( NAMED_UNIT ( * ) PLANE_ANGLE_UNIT ( ) SI_UNIT ( $, .RADIAN. ) );
#5993 = CARTESIAN_POINT ( 'NONE',  ( 2.420000000014369768, -1.004999999999089955, 0.000000000000000000 ) ) ;
#5994 = DIRECTION ( 'NONE',  ( -0.8660254037825347861, -0.5000000000032976955, 0.000000000000000000 ) ) ;
#5995 = FILL_AREA_STYLE ('',( #2669 ) ) ;
#5996 = MECHANICAL_DESIGN_GEOMETRIC_PRESENTATION_REPRESENTATION (  '', ( #6243 ), #5877 ) ;
#5997 = UNCERTAINTY_MEASURE_WITH_UNIT (LENGTH_MEASURE( 1.000000000000000082E-05 ), #2404, 'distance_accuracy_value', 'NONE');
#5998 = VECTOR ( 'NONE', #4084, 1000.000000000000000 ) ;
#6000 = AXIS2_PLACEMENT_3D ( 'NONE', #6774, #4513, #2706 ) ;
#5999 = FILL_AREA_STYLE_COLOUR ( '', #6856 ) ;
#6001 = DIRECTION ( 'NONE',  ( 1.247102268014080123E-13, -1.000000000000000000, 0.000000000000000000 ) ) ;
#6002 = ORIENTED_EDGE ( 'NONE', *, *, #1400, .T. ) ;
#6003 = STYLED_ITEM ( 'NONE', ( #2751 ), #6187 ) ;
#6004 = DIRECTION ( 'NONE',  ( 0.000000000000000000, 1.000000000000000000, 0.000000000000000000 ) ) ;
#6005 = VERTEX_POINT ( 'NONE', #3490 ) ;
#6006 = ORIENTED_EDGE ( 'NONE', *, *, #5923, .F. ) ;
#6007 = LINE ( 'NONE', #2564, #7483 ) ;
#6008 =( NAMED_UNIT ( * ) PLANE_ANGLE_UNIT ( ) SI_UNIT ( $, .RADIAN. ) );
#6010 = STYLED_ITEM ( 'NONE', ( #5963 ), #1320 ) ;
#6009 = COLOUR_RGB ( '',0.8666666666666666963, 0.8666666666666666963, 0.8666666666666666963 ) ;
#6011 = VECTOR ( 'NONE', #3354, 1000.000000000000000 ) ;
#6012 = AXIS2_PLACEMENT_3D ( 'NONE', #6225, #3973, #1644 ) ;
#6013 =( GEOMETRIC_REPRESENTATION_CONTEXT ( 3 ) GLOBAL_UNCERTAINTY_ASSIGNED_CONTEXT ( ( #5603 ) ) GLOBAL_UNIT_ASSIGNED_CONTEXT ( ( #291, #6034, #1457 ) ) REPRESENTATION_CONTEXT ( 'NONE', 'WORKASPACE' ) );
#6014 = COLOUR_RGB ( '',0.8666666666666666963, 0.8666666666666666963, 0.8666666666666666963 ) ;
#6015 = CARTESIAN_POINT ( 'NONE',  ( -2.770000000045179878, -0.4150000000012140089, 0.000000000000000000 ) ) ;
#6016 = DIRECTION ( 'NONE',  ( 0.000000000000000000, 0.000000000000000000, 1.000000000000000000 ) ) ;
#6017 = ORIENTED_EDGE ( 'NONE', *, *, #3859, .T. ) ;
#6018 = SURFACE_STYLE_FILL_AREA ( #7137 ) ;
#6019 = ORIENTED_EDGE ( 'NONE', *, *, #2219, .T. ) ;
#6020 = AXIS2_PLACEMENT_3D ( 'NONE', #4299, #145, #2476 ) ;
#6021 = FILL_AREA_STYLE ('',( #4217 ) ) ;
#6022 = CARTESIAN_POINT ( 'NONE',  ( 2.374999999997129851, -0.2500000000007960299, 0.000000000000000000 ) ) ;
#6023 = ADVANCED_FACE ( 'NONE', ( #2405 ), #6943, .F. ) ;
#6024 = VECTOR ( 'NONE', #5491, 1000.000000000000000 ) ;
#6025 = CARTESIAN_POINT ( 'NONE',  ( 2.433578643779580108, 2.224999999999110134, 0.2500000000000000000 ) ) ;
#6026 = EDGE_CURVE ( 'NONE', #1756, #33, #153, .T. ) ;
#6027 = CARTESIAN_POINT ( 'NONE',  ( -2.924903810567480278, 0.3399999999992359689, 0.000000000000000000 ) ) ;
#6028 = CARTESIAN_POINT ( 'NONE',  ( 2.919903810567459956, 1.609999999999100151, 0.000000000000000000 ) ) ;
#6029 = EDGE_CURVE ( 'NONE', #6696, #3441, #6077, .T. ) ;
#6030 = CARTESIAN_POINT ( 'NONE',  ( -3.220000000017930297, -1.619982680672249931, 0.000000000000000000 ) ) ;
#6031 = VERTEX_POINT ( 'NONE', #5929 ) ;
#6032 = SURFACE_SIDE_STYLE ('',( #220 ) ) ;
#6033 =( LENGTH_UNIT ( ) NAMED_UNIT ( * ) SI_UNIT ( .MILLI., .METRE. ) );
#6034 =( NAMED_UNIT ( * ) PLANE_ANGLE_UNIT ( ) SI_UNIT ( $, .RADIAN. ) );
#6035 = CARTESIAN_POINT ( 'NONE',  ( -2.739999999999950031, 2.124999999998290257, 0.2500000000000000000 ) ) ;
#6036 = STYLED_ITEM ( 'NONE', ( #5780 ), #4139 ) ;
#6037 = EDGE_CURVE ( 'NONE', #2734, #6607, #5289, .T. ) ;
#6038 = SURFACE_SIDE_STYLE ('',( #3146 ) ) ;
#6039 = EDGE_CURVE ( 'NONE', #4873, #229, #3108, .T. ) ;
#6040 = VECTOR ( 'NONE', #3941, 1000.000000000000000 ) ;
#6041 = ORIENTED_EDGE ( 'NONE', *, *, #5420, .T. ) ;
#6042 = DIRECTION ( 'NONE',  ( 2.168115224387516786E-11, -1.000000000000000000, 0.000000000000000000 ) ) ;
#6043 = LINE ( 'NONE', #4948, #4707 ) ;
#6044 = ORIENTED_EDGE ( 'NONE', *, *, #307, .T. ) ;
#6045 = PRESENTATION_STYLE_ASSIGNMENT (( #2597 ) ) ;
#6046 = ORIENTED_EDGE ( 'NONE', *, *, #1219, .T. ) ;
#6047 = CARTESIAN_POINT ( 'NONE',  ( 2.575000000016780088, 2.124999999998390177, 0.000000000000000000 ) ) ;
#6048 = VECTOR ( 'NONE', #3900, 1000.000000000000000 ) ;
#6049 = CARTESIAN_POINT ( 'NONE',  ( 2.433578643779530370, -2.225000000001160050, 0.2500000000000000000 ) ) ;
#6050 = LINE ( 'NONE', #1322, #1240 ) ;
#6051 = DIRECTION ( 'NONE',  ( 0.000000000000000000, 0.000000000000000000, -1.000000000000000000 ) ) ;
#6052 = EDGE_LOOP ( 'NONE', ( #407, #2031, #4027, #1987 ) ) ;
#6053 = ORIENTED_EDGE ( 'NONE', *, *, #6510, .T. ) ;
#6054 = AXIS2_PLACEMENT_3D ( 'NONE', #1224, #553, #2978 ) ;
#6055 = DIRECTION ( 'NONE',  ( 0.000000000000000000, 0.000000000000000000, 1.000000000000000000 ) ) ;
#6056 = EDGE_CURVE ( 'NONE', #2791, #3537, #5967, .T. ) ;
#6057 = LINE ( 'NONE', #4251, #2243 ) ;
#6058 = ORIENTED_EDGE ( 'NONE', *, *, #305, .T. ) ;
#6059 = VECTOR ( 'NONE', #903, 1000.000000000000000 ) ;
#6060 = CARTESIAN_POINT ( 'NONE',  ( -2.620000000044719890, 1.004999999999310001, 0.000000000000000000 ) ) ;
#6061 = DIRECTION ( 'NONE',  ( 0.000000000000000000, 0.000000000000000000, 1.000000000000000000 ) ) ;
#6062 = FILL_AREA_STYLE_COLOUR ( '', #521 ) ;
#6063 = CARTESIAN_POINT ( 'NONE',  ( -2.794999999999910223, 1.684999999999150067, 0.000000000000000000 ) ) ;
#6064 = EDGE_CURVE ( 'NONE', #6321, #1074, #6043, .T. ) ;
#6065 =( NAMED_UNIT ( * ) PLANE_ANGLE_UNIT ( ) SI_UNIT ( $, .RADIAN. ) );
#6066 = UNCERTAINTY_MEASURE_WITH_UNIT (LENGTH_MEASURE( 1.000000000000000082E-05 ), #2980, 'distance_accuracy_value', 'NONE');
#6067 = STYLED_ITEM ( 'NONE', ( #1390 ), #5353 ) ;
#6068 = ORIENTED_EDGE ( 'NONE', *, *, #84, .T. ) ;
#6070 = PLANE ( 'NONE',  #2926 ) ;
#6069 = FACE_OUTER_BOUND ( 'NONE', #6865, .T. ) ;
#6071 = UNCERTAINTY_MEASURE_WITH_UNIT (LENGTH_MEASURE( 1.000000000000000082E-05 ), #6188, 'distance_accuracy_value', 'NONE');
#6072 = EDGE_CURVE ( 'NONE', #4807, #4776, #5465, .T. ) ;
#6073 = VECTOR ( 'NONE', #536, 1000.000000000000000 ) ;
#6074 = STYLED_ITEM ( 'NONE', ( #321 ), #1482 ) ;
#6075 = ORIENTED_EDGE ( 'NONE', *, *, #4300, .T. ) ;
#6076 = CARTESIAN_POINT ( 'NONE',  ( -1.080000000033179974, -2.225000000000249667, 0.000000000000000000 ) ) ;
#6077 = LINE ( 'NONE', #299, #1060 ) ;
#6078 = ORIENTED_EDGE ( 'NONE', *, *, #6477, .F. ) ;
#6079 = DIRECTION ( 'NONE',  ( -0.9990158634986431307, -0.04435430619523234724, 0.000000000000000000 ) ) ;
#6080 = ORIENTED_EDGE ( 'NONE', *, *, #3396, .F. ) ;
#6081 = DIRECTION ( 'NONE',  ( 0.000000000000000000, -1.000000000000000000, 0.000000000000000000 ) ) ;
#6082 = VECTOR ( 'NONE', #4259, 1000.000000000000000 ) ;
#6083 =( LENGTH_UNIT ( ) NAMED_UNIT ( * ) SI_UNIT ( .MILLI., .METRE. ) );
#6084 = ORIENTED_EDGE ( 'NONE', *, *, #6818, .F. ) ;
#6085 =( LENGTH_UNIT ( ) NAMED_UNIT ( * ) SI_UNIT ( .MILLI., .METRE. ) );
#6086 = EDGE_LOOP ( 'NONE', ( #2789, #3936, #6989, #14 ) ) ;
#6087 =( NAMED_UNIT ( * ) PLANE_ANGLE_UNIT ( ) SI_UNIT ( $, .RADIAN. ) );
#6088 = CARTESIAN_POINT ( 'NONE',  ( 0.1549999999992909827, 2.149999999999860023, 0.2500000000000000000 ) ) ;
#6089 = ORIENTED_EDGE ( 'NONE', *, *, #3938, .T. ) ;
#6090 =( NAMED_UNIT ( * ) PLANE_ANGLE_UNIT ( ) SI_UNIT ( $, .RADIAN. ) );
#6091 = CARTESIAN_POINT ( 'NONE',  ( 2.789999999999570157, 0.8550000000001318767, 0.000000000000000000 ) ) ;
#6092 = ORIENTED_EDGE ( 'NONE', *, *, #1360, .F. ) ;
#6093 =( NAMED_UNIT ( * ) PLANE_ANGLE_UNIT ( ) SI_UNIT ( $, .RADIAN. ) );
#6094 = PRESENTATION_LAYER_ASSIGNMENT (  '', '', ( #271 ) ) ;
#6095 = DIRECTION ( 'NONE',  ( 1.000000000000000000, 0.000000000000000000, 0.000000000000000000 ) ) ;
#6096 = AXIS2_PLACEMENT_3D ( 'NONE', #433, #6249, #3504 ) ;
#6097 = SURFACE_SIDE_STYLE ('',( #1336 ) ) ;
#6098 = STYLED_ITEM ( 'NONE', ( #1064 ), #2044 ) ;
#6099 = STYLED_ITEM ( 'NONE', ( #3605 ), #5270 ) ;
#6100 = CARTESIAN_POINT ( 'NONE',  ( -0.5800000000228350272, 2.477098005438280293, 0.2500000000000000000 ) ) ;
#6101 = CARTESIAN_POINT ( 'NONE',  ( 2.570000000014279529, -0.2650000000002140088, 0.000000000000000000 ) ) ;
#6102 = CARTESIAN_POINT ( 'NONE',  ( 2.570000000014549979, 1.685000000000490106, 0.000000000000000000 ) ) ;
#6103 = SURFACE_STYLE_USAGE ( .BOTH. , #7372 ) ;
#6104 = CIRCLE ( 'NONE', #160, 0.2672522260927919779 ) ;
#6105 = AXIS2_PLACEMENT_3D ( 'NONE', #66, #2351, #107 ) ;
#6106 = VECTOR ( 'NONE', #6436, 1000.000000000000000 ) ;
#6107 =( GEOMETRIC_REPRESENTATION_CONTEXT ( 3 ) GLOBAL_UNCERTAINTY_ASSIGNED_CONTEXT ( ( #6746 ) ) GLOBAL_UNIT_ASSIGNED_CONTEXT ( ( #953, #4909, #3756 ) ) REPRESENTATION_CONTEXT ( 'NONE', 'WORKASPACE' ) );
#6108 = DIRECTION ( 'NONE',  ( 0.000000000000000000, 0.000000000000000000, 1.000000000000000000 ) ) ;
#6109 = ORIENTED_EDGE ( 'NONE', *, *, #2582, .F. ) ;
#6110 = SURFACE_STYLE_FILL_AREA ( #4414 ) ;
#6111 = MECHANICAL_DESIGN_GEOMETRIC_PRESENTATION_REPRESENTATION (  '', ( #658 ), #5146 ) ;
#6112 = CARTESIAN_POINT ( 'NONE',  ( 2.355000000014429773, 2.150000000000320100, 0.000000000000000000 ) ) ;
#6113 = ORIENTED_EDGE ( 'NONE', *, *, #6937, .T. ) ;
#6114 =( LENGTH_UNIT ( ) NAMED_UNIT ( * ) SI_UNIT ( .MILLI., .METRE. ) );
#6115 = CARTESIAN_POINT ( 'NONE',  ( 3.220221562246529778, -1.610000000000530118, 0.2500000000000000000 ) ) ;
#6116 = ORIENTED_EDGE ( 'NONE', *, *, #6708, .T. ) ;
#6117 = EDGE_CURVE ( 'NONE', #6629, #130, #263, .T. ) ;
#6118 = LINE ( 'NONE', #955, #3175 ) ;
#6119 = PRESENTATION_LAYER_ASSIGNMENT (  '', '', ( #3606 ) ) ;
#6120 = VECTOR ( 'NONE', #4144, 1000.000000000000227 ) ;
#6121 = CARTESIAN_POINT ( 'NONE',  ( 2.557871261342311353, 2.392871261342309985, 0.9918748087795461466 ) ) ;
#6122 = LINE ( 'NONE', #7204, #2528 ) ;
#6123 = ORIENTED_EDGE ( 'NONE', *, *, #1817, .T. ) ;
#6124 = CARTESIAN_POINT ( 'NONE',  ( -2.770000000045520050, 0.4149999999995320210, 0.2500000000000000000 ) ) ;
#6125 = ORIENTED_EDGE ( 'NONE', *, *, #1789, .T. ) ;
#6126 = VECTOR ( 'NONE', #2581, 1000.000000000000000 ) ;
#6127 = MECHANICAL_DESIGN_GEOMETRIC_PRESENTATION_REPRESENTATION (  '', ( #4210 ), #7092 ) ;
#6128 = EDGE_CURVE ( 'NONE', #5809, #1928, #2023, .T. ) ;
#6129 = DIRECTION ( 'NONE',  ( 1.000000000000000000, -3.741306804038510128E-13, 0.000000000000000000 ) ) ;
#6130 = CARTESIAN_POINT ( 'NONE',  ( 0.1549999999992909827, 2.225000000000000089, 0.2500000000000000000 ) ) ;
#6131 =( LENGTH_UNIT ( ) NAMED_UNIT ( * ) SI_UNIT ( .MILLI., .METRE. ) );
#6132 = EDGE_LOOP ( 'NONE', ( #7286, #3237 ) ) ;
#6133 = CIRCLE ( 'NONE', #6020, 0.1500000000000278333 ) ;
#6134 = DIRECTION ( 'NONE',  ( 1.000000000000000000, 0.000000000000000000, 0.000000000000000000 ) ) ;
#6135 = FILL_AREA_STYLE_COLOUR ( '', #3115 ) ;
#6136 = LINE ( 'NONE', #2155, #912 ) ;
#6137 =( GEOMETRIC_REPRESENTATION_CONTEXT ( 3 ) GLOBAL_UNCERTAINTY_ASSIGNED_CONTEXT ( ( #4863 ) ) GLOBAL_UNIT_ASSIGNED_CONTEXT ( ( #1503, #7376, #3324 ) ) REPRESENTATION_CONTEXT ( 'NONE', 'WORKASPACE' ) );
#6138 =( NAMED_UNIT ( * ) PLANE_ANGLE_UNIT ( ) SI_UNIT ( $, .RADIAN. ) );
#6139 = UNCERTAINTY_MEASURE_WITH_UNIT (LENGTH_MEASURE( 1.000000000000000082E-05 ), #3083, 'distance_accuracy_value', 'NONE');
#6140 = DIRECTION ( 'NONE',  ( 0.000000000000000000, 0.000000000000000000, 1.000000000000000000 ) ) ;
#6141 = SURFACE_STYLE_USAGE ( .BOTH. , #1495 ) ;
#6142 = DIRECTION ( 'NONE',  ( 1.000000000000000000, 1.325682462673240084E-12, 0.000000000000000000 ) ) ;
#6143 = ADVANCED_FACE ( 'NONE', ( #833 ), #7160, .F. ) ;
#6144 = UNCERTAINTY_MEASURE_WITH_UNIT (LENGTH_MEASURE( 1.000000000000000082E-05 ), #4031, 'distance_accuracy_value', 'NONE');
#6145 = STYLED_ITEM ( 'NONE', ( #1106 ), #398 ) ;
#6146 = DIRECTION ( 'NONE',  ( 0.9990152789799732203, -0.04436746966603190984, 0.000000000000000000 ) ) ;
#6147 = VERTEX_POINT ( 'NONE', #3643 ) ;
#6148 = VECTOR ( 'NONE', #3076, 999.9999999999998863 ) ;
#6149 = CARTESIAN_POINT ( 'NONE',  ( -3.220000000017990249, 2.199999999998570210, 0.000000000000000000 ) ) ;
#6150 = SURFACE_STYLE_USAGE ( .BOTH. , #373 ) ;
#6151 = ORIENTED_EDGE ( 'NONE', *, *, #2465, .T. ) ;
#6152 = DIRECTION ( 'NONE',  ( -1.000000000000000000, -6.862435148435169986E-13, 0.000000000000000000 ) ) ;
#6153 = PRESENTATION_STYLE_ASSIGNMENT (( #5396 ) ) ;
#6154 = ORIENTED_EDGE ( 'NONE', *, *, #3784, .F. ) ;
#6155 = CARTESIAN_POINT ( 'NONE',  ( 2.727946210799999438, 2.562946210799999847, 0.2500000000000000000 ) ) ;
#6156 = EDGE_CURVE ( 'NONE', #3537, #5119, #6639, .T. ) ;
#6157 = ADVANCED_FACE ( 'NONE', ( #3327 ), #4415, .F. ) ;
#6158 = EDGE_CURVE ( 'NONE', #829, #7327, #5611, .T. ) ;
#6159 = VECTOR ( 'NONE', #5357, 1000.000000000000000 ) ;
#6160 =( NAMED_UNIT ( * ) PLANE_ANGLE_UNIT ( ) SI_UNIT ( $, .RADIAN. ) );
#6161 =( NAMED_UNIT ( * ) SI_UNIT ( $, .STERADIAN. ) SOLID_ANGLE_UNIT ( ) );
#6162 = FILL_AREA_STYLE_COLOUR ( '', #2161 ) ;
#6163 = ORIENTED_EDGE ( 'NONE', *, *, #3714, .T. ) ;
#6164 = EDGE_LOOP ( 'NONE', ( #7291, #5207, #4193, #3500 ) ) ;
#6165 =( LENGTH_UNIT ( ) NAMED_UNIT ( * ) SI_UNIT ( .MILLI., .METRE. ) );
#6166 = COLOUR_RGB ( '',0.8666666666666666963, 0.8666666666666666963, 0.8666666666666666963 ) ;
#6167 =( NAMED_UNIT ( * ) SI_UNIT ( $, .STERADIAN. ) SOLID_ANGLE_UNIT ( ) );
#6168 = EDGE_CURVE ( 'NONE', #5721, #2137, #5697, .T. ) ;
#6169 = SURFACE_SIDE_STYLE ('',( #3386 ) ) ;
#6170 = FILL_AREA_STYLE_COLOUR ( '', #4723 ) ;
#6171 = LINE ( 'NONE', #2694, #2699 ) ;
#6172 = SURFACE_STYLE_USAGE ( .BOTH. , #3884 ) ;
#6173 = ORIENTED_EDGE ( 'NONE', *, *, #3911, .T. ) ;
#6174 =( LENGTH_UNIT ( ) NAMED_UNIT ( * ) SI_UNIT ( .MILLI., .METRE. ) );
#6175 =( GEOMETRIC_REPRESENTATION_CONTEXT ( 3 ) GLOBAL_UNCERTAINTY_ASSIGNED_CONTEXT ( ( #4040 ) ) GLOBAL_UNIT_ASSIGNED_CONTEXT ( ( #4524, #6336, #1150 ) ) REPRESENTATION_CONTEXT ( 'NONE', 'WORKASPACE' ) );
#6176 = ORIENTED_EDGE ( 'NONE', *, *, #5701, .F. ) ;
#6177 = SURFACE_STYLE_USAGE ( .BOTH. , #2702 ) ;
#6178 = DIRECTION ( 'NONE',  ( 2.127927463864883908E-12, 1.000000000000000000, 0.000000000000000000 ) ) ;
#6179 =( GEOMETRIC_REPRESENTATION_CONTEXT ( 3 ) GLOBAL_UNCERTAINTY_ASSIGNED_CONTEXT ( ( #5381 ) ) GLOBAL_UNIT_ASSIGNED_CONTEXT ( ( #2548, #2510, #6481 ) ) REPRESENTATION_CONTEXT ( 'NONE', 'WORKASPACE' ) );
#6180 = CARTESIAN_POINT ( 'NONE',  ( 2.790000000000339764, 1.684999999999970077, 0.000000000000000000 ) ) ;
#6181 = COLOUR_RGB ( '',0.8666666666666666963, 0.8666666666666666963, 0.8666666666666666963 ) ;
#6182 = CARTESIAN_POINT ( 'NONE',  ( 2.790000000000000036, -0.4150000000006690004, 0.000000000000000000 ) ) ;
#6183 = CARTESIAN_POINT ( 'NONE',  ( 2.790000000000000036, -0.4150000000006690004, 0.000000000000000000 ) ) ;
#6184 = SURFACE_SIDE_STYLE ('',( #2239 ) ) ;
#6185 = DIRECTION ( 'NONE',  ( 1.000000000000000000, 0.000000000000000000, 0.000000000000000000 ) ) ;
#6186 = VERTEX_POINT ( 'NONE', #3869 ) ;
#6187 = ADVANCED_FACE ( 'NONE', ( #5655 ), #445, .T. ) ;
#6188 =( LENGTH_UNIT ( ) NAMED_UNIT ( * ) SI_UNIT ( .MILLI., .METRE. ) );
#6189 = LINE ( 'NONE', #6112, #1904 ) ;
#6190 = ORIENTED_EDGE ( 'NONE', *, *, #5718, .F. ) ;
#6191 = SURFACE_SIDE_STYLE ('',( #3264 ) ) ;
#6192 = VERTEX_POINT ( 'NONE', #1506 ) ;
#6193 = SURFACE_STYLE_FILL_AREA ( #4454 ) ;
#6194 =( NAMED_UNIT ( * ) PLANE_ANGLE_UNIT ( ) SI_UNIT ( $, .RADIAN. ) );
#6195 = VERTEX_POINT ( 'NONE', #4449 ) ;
#6196 = ORIENTED_EDGE ( 'NONE', *, *, #3319, .T. ) ;
#6197 = AXIS2_PLACEMENT_3D ( 'NONE', #32, #3055, #2395 ) ;
#6198 = DIRECTION ( 'NONE',  ( 0.000000000000000000, 1.000000000000000000, 0.000000000000000000 ) ) ;
#6199 = CARTESIAN_POINT ( 'NONE',  ( -0.08000000002280670264, 2.377098005438369466, 0.000000000000000000 ) ) ;
#6200 = CARTESIAN_POINT ( 'NONE',  ( 2.575000000017009683, -2.125000000000430322, 0.000000000000000000 ) ) ;
#6201 = MECHANICAL_DESIGN_GEOMETRIC_PRESENTATION_REPRESENTATION (  '', ( #4998 ), #5589 ) ;
#6202 = ORIENTED_EDGE ( 'NONE', *, *, #6348, .T. ) ;
#6203 = CARTESIAN_POINT ( 'NONE',  ( -2.870000000000000107, 2.346791012089839867, 1.000000000000000000 ) ) ;
#6204 = CARTESIAN_POINT ( 'NONE',  ( -2.744999999999898854, 0.8570980054293990680, 0.000000000000000000 ) ) ;
#6205 = ORIENTED_EDGE ( 'NONE', *, *, #542, .F. ) ;
#6206 = ORIENTED_EDGE ( 'NONE', *, *, #3494, .T. ) ;
#6207 =( NAMED_UNIT ( * ) PLANE_ANGLE_UNIT ( ) SI_UNIT ( $, .RADIAN. ) );
#6208 = ORIENTED_EDGE ( 'NONE', *, *, #2693, .F. ) ;
#6209 = FILL_AREA_STYLE ('',( #393 ) ) ;
#6210 = EDGE_CURVE ( 'NONE', #5281, #715, #6189, .T. ) ;
#6211 = DIRECTION ( 'NONE',  ( 0.000000000000000000, 0.000000000000000000, -1.000000000000000000 ) ) ;
#6212 = ADVANCED_FACE ( 'NONE', ( #6779 ), #1609, .T. ) ;
#6213 = DIRECTION ( 'NONE',  ( 0.000000000000000000, 0.000000000000000000, 1.000000000000000000 ) ) ;
#6214 = UNCERTAINTY_MEASURE_WITH_UNIT (LENGTH_MEASURE( 1.000000000000000082E-05 ), #6432, 'distance_accuracy_value', 'NONE');
#6215 = AXIS2_PLACEMENT_3D ( 'NONE', #7449, #1098, #1178 ) ;
#6216 = CARTESIAN_POINT ( 'NONE',  ( 3.220000000017710029, 0.3499797189057289870, 0.2500000000000000000 ) ) ;
#6217 = DIRECTION ( 'NONE',  ( 0.000000000000000000, 0.000000000000000000, 1.000000000000000000 ) ) ;
#6218 = MECHANICAL_DESIGN_GEOMETRIC_PRESENTATION_REPRESENTATION (  '', ( #1985 ), #1138 ) ;
#6219 = ADVANCED_FACE ( 'NONE', ( #4601 ), #3019, .T. ) ;
#6220 = PRESENTATION_LAYER_ASSIGNMENT (  '', '', ( #397 ) ) ;
#6221 =( GEOMETRIC_REPRESENTATION_CONTEXT ( 3 ) GLOBAL_UNCERTAINTY_ASSIGNED_CONTEXT ( ( #7263 ) ) GLOBAL_UNIT_ASSIGNED_CONTEXT ( ( #159, #7023, #3071 ) ) REPRESENTATION_CONTEXT ( 'NONE', 'WORKASPACE' ) );
#6222 = UNCERTAINTY_MEASURE_WITH_UNIT (LENGTH_MEASURE( 1.000000000000000082E-05 ), #6771, 'distance_accuracy_value', 'NONE');
#6223 = SURFACE_STYLE_FILL_AREA ( #2164 ) ;
#6224 = PRESENTATION_LAYER_ASSIGNMENT (  '', '', ( #41 ) ) ;
#6225 = CARTESIAN_POINT ( 'NONE',  ( -1.850000000000000089, 1.550000000000000044, 0.9979999999999999982 ) ) ;
#6226 = ORIENTED_EDGE ( 'NONE', *, *, #530, .F. ) ;
#6227 = ORIENTED_EDGE ( 'NONE', *, *, #5923, .T. ) ;
#6228 = AXIS2_PLACEMENT_3D ( 'NONE', #623, #2932, #3626 ) ;
#6229 =( BOUNDED_CURVE ( )  B_SPLINE_CURVE ( 3, ( #4745, #7031, #1860, #4138 ),
 .UNSPECIFIED., .F., .F. ) 
 B_SPLINE_CURVE_WITH_KNOTS ( ( 4, 4 ),
 ( 5.410520681138013543, 6.108652381891384486 ),
 .UNSPECIFIED. ) 
 CURVE ( )  GEOMETRIC_REPRESENTATION_ITEM ( )  RATIONAL_B_SPLINE_CURVE ( ( 1.000000000000000000, 0.9597950805289963139, 0.9597950805289963139, 1.000000000000000000 ) ) 
 REPRESENTATION_ITEM ( '' )  );
#6230 = FILL_AREA_STYLE ('',( #5661 ) ) ;
#6231 = DIRECTION ( 'NONE',  ( 0.000000000000000000, 0.000000000000000000, 1.000000000000000000 ) ) ;
#6232 = EDGE_LOOP ( 'NONE', ( #1859, #2029, #4272, #3644 ) ) ;
#6233 = SURFACE_STYLE_FILL_AREA ( #1618 ) ;
#6234 =( NAMED_UNIT ( * ) PLANE_ANGLE_UNIT ( ) SI_UNIT ( $, .RADIAN. ) );
#6235 = ORIENTED_EDGE ( 'NONE', *, *, #6037, .T. ) ;
#6236 =( NAMED_UNIT ( * ) SI_UNIT ( $, .STERADIAN. ) SOLID_ANGLE_UNIT ( ) );
#6237 = DIRECTION ( 'NONE',  ( 0.000000000000000000, 0.000000000000000000, 1.000000000000000000 ) ) ;
#6238 = SURFACE_STYLE_FILL_AREA ( #10 ) ;
#6239 = MECHANICAL_DESIGN_GEOMETRIC_PRESENTATION_REPRESENTATION (  '', ( #3477 ), #4076 ) ;
#6240 = CARTESIAN_POINT ( 'NONE',  ( 2.374999999997129851, 0.2499999999992039701, 0.000000000000000000 ) ) ;
#6241 = ORIENTED_EDGE ( 'NONE', *, *, #2549, .F. ) ;
#6242 = SURFACE_STYLE_USAGE ( .BOTH. , #1008 ) ;
#6243 = STYLED_ITEM ( 'NONE', ( #4023 ), #2851 ) ;
#6244 = ORIENTED_EDGE ( 'NONE', *, *, #5660, .T. ) ;
#6245 = VECTOR ( 'NONE', #427, 1000.000000000000000 ) ;
#6246 = VERTEX_POINT ( 'NONE', #1803 ) ;
#6247 = LINE ( 'NONE', #2853, #5567 ) ;
#6248 = CIRCLE ( 'NONE', #6363, 0.1500000000003219591 ) ;
#6249 = DIRECTION ( 'NONE',  ( 1.000000000000000000, 0.000000000000000000, 0.000000000000000000 ) ) ;
#6250 = DIRECTION ( 'NONE',  ( 0.000000000000000000, 0.000000000000000000, 1.000000000000000000 ) ) ;
#6251 =( GEOMETRIC_REPRESENTATION_CONTEXT ( 3 ) GLOBAL_UNCERTAINTY_ASSIGNED_CONTEXT ( ( #439 ) ) GLOBAL_UNIT_ASSIGNED_CONTEXT ( ( #2633, #750, #2558 ) ) REPRESENTATION_CONTEXT ( 'NONE', 'WORKASPACE' ) );
#6252 = ORIENTED_EDGE ( 'NONE', *, *, #4712, .T. ) ;
#6253 = SURFACE_STYLE_USAGE ( .BOTH. , #6399 ) ;
#6254 =( NAMED_UNIT ( * ) PLANE_ANGLE_UNIT ( ) SI_UNIT ( $, .RADIAN. ) );
#6255 = EDGE_CURVE ( 'NONE', #181, #7465, #1258, .T. ) ;
#6256 = EDGE_CURVE ( 'NONE', #3066, #7475, #6486, .T. ) ;
#6257 = ADVANCED_FACE ( 'NONE', ( #6374 ), #4678, .F. ) ;
#6258 = AXIS2_PLACEMENT_3D ( 'NONE', #5532, #2050, #905 ) ;
#6259 = LINE ( 'NONE', #1568, #2333 ) ;
#6260 = ADVANCED_FACE ( 'NONE', ( #3183 ), #5918, .T. ) ;
#6261 = FILL_AREA_STYLE ('',( #5218 ) ) ;
#6262 =( NAMED_UNIT ( * ) PLANE_ANGLE_UNIT ( ) SI_UNIT ( $, .RADIAN. ) );
#6263 = SURFACE_SIDE_STYLE ('',( #1024 ) ) ;
#6264 = FILL_AREA_STYLE_COLOUR ( '', #1680 ) ;
#6265 = EDGE_LOOP ( 'NONE', ( #3331, #119, #6622, #598 ) ) ;
#6266 = FILL_AREA_STYLE ('',( #2754 ) ) ;
#6267 = EDGE_LOOP ( 'NONE', ( #276, #5970, #6531, #7005 ) ) ;
#6268 = EDGE_CURVE ( 'NONE', #7158, #122, #1416, .T. ) ;
#6269 = AXIS2_PLACEMENT_3D ( 'NONE', #2625, #6595, #821 ) ;
#6270 = FACE_OUTER_BOUND ( 'NONE', #389, .T. ) ;
#6271 = ORIENTED_EDGE ( 'NONE', *, *, #7337, .T. ) ;
#6272 = PLANE ( 'NONE',  #4691 ) ;
#6273 = CARTESIAN_POINT ( 'NONE',  ( -0.08000000002280670264, -2.377098005438139872, 0.000000000000000000 ) ) ;
#6274 = ORIENTED_EDGE ( 'NONE', *, *, #2313, .F. ) ;
#6275 = PRESENTATION_STYLE_ASSIGNMENT (( #3947 ) ) ;
#6276 = STYLED_ITEM ( 'NONE', ( #6045 ), #4362 ) ;
#6277 = ORIENTED_EDGE ( 'NONE', *, *, #2513, .T. ) ;
#6278 =( NAMED_UNIT ( * ) SI_UNIT ( $, .STERADIAN. ) SOLID_ANGLE_UNIT ( ) );
#6279 = DIRECTION ( 'NONE',  ( -1.000000000000000000, 7.576693188259789952E-13, 0.000000000000000000 ) ) ;
#6280 = VECTOR ( 'NONE', #2799, 1000.000000000000000 ) ;
#6281 = CARTESIAN_POINT ( 'NONE',  ( -2.511791012089830133, 2.212499999999999911, 0.9000000000000000222 ) ) ;
#6282 = ORIENTED_EDGE ( 'NONE', *, *, #7482, .F. ) ;
#6283 = AXIS2_PLACEMENT_3D ( 'NONE', #4118, #6446, #6411 ) ;
#6284 = EDGE_LOOP ( 'NONE', ( #481, #6904, #4385, #2774, #4215, #6726, #5902, #3299, #4363, #4019, #6683, #4499, #6806, #4884, #5735, #4047, #2732, #1963, #1480, #3027, #6777, #1517, #4298, #3983, #3842, #4816, #6075, #2179, #461, #1268, #6058, #4586, #2497, #6637, #5540, #6196, #3155 ) ) ;
#6285 = SURFACE_SIDE_STYLE ('',( #3992 ) ) ;
#6286 = DIRECTION ( 'NONE',  ( 0.000000000000000000, 0.000000000000000000, 1.000000000000000000 ) ) ;
#6287 = EDGE_CURVE ( 'NONE', #4583, #1383, #6560, .T. ) ;
#6288 = ORIENTED_EDGE ( 'NONE', *, *, #3553, .F. ) ;
#6289 =( LENGTH_UNIT ( ) NAMED_UNIT ( * ) SI_UNIT ( .MILLI., .METRE. ) );
#6290 = SURFACE_SIDE_STYLE ('',( #3318 ) ) ;
#6291 =( GEOMETRIC_REPRESENTATION_CONTEXT ( 3 ) GLOBAL_UNCERTAINTY_ASSIGNED_CONTEXT ( ( #6823 ) ) GLOBAL_UNIT_ASSIGNED_CONTEXT ( ( #4640, #111, #3517 ) ) REPRESENTATION_CONTEXT ( 'NONE', 'WORKASPACE' ) );
#6292 = UNCERTAINTY_MEASURE_WITH_UNIT (LENGTH_MEASURE( 1.000000000000000082E-05 ), #5614, 'distance_accuracy_value', 'NONE');
#6293 = VECTOR ( 'NONE', #6081, 1000.000000000000000 ) ;
#6294 =( NAMED_UNIT ( * ) PLANE_ANGLE_UNIT ( ) SI_UNIT ( $, .RADIAN. ) );
#6295 = EDGE_CURVE ( 'NONE', #6455, #4349, #2586, .T. ) ;
#6296 = COLOUR_RGB ( '',0.8666666666666666963, 0.8666666666666666963, 0.8666666666666666963 ) ;
#6297 = LINE ( 'NONE', #4754, #7152 ) ;
#6298 = UNCERTAINTY_MEASURE_WITH_UNIT (LENGTH_MEASURE( 1.000000000000000082E-05 ), #2941, 'distance_accuracy_value', 'NONE');
#6299 = AXIS2_PLACEMENT_3D ( 'NONE', #633, #1304, #3670 ) ;
#6300 = DIRECTION ( 'NONE',  ( -0.05233595609096159534, 0.000000000000000000, 0.9986295347625389063 ) ) ;
#6301 =( NAMED_UNIT ( * ) SI_UNIT ( $, .STERADIAN. ) SOLID_ANGLE_UNIT ( ) );
#6302 = ORIENTED_EDGE ( 'NONE', *, *, #964, .F. ) ;
#6303 = ORIENTED_EDGE ( 'NONE', *, *, #5009, .F. ) ;
#6304 = CARTESIAN_POINT ( 'NONE',  ( -3.220221430730680012, -0.9300000000010870682, 0.000000000000000000 ) ) ;
#6305 = EDGE_CURVE ( 'NONE', #54, #274, #6133, .T. ) ;
#6306 = FACE_OUTER_BOUND ( 'NONE', #5093, .T. ) ;
#6307 = CARTESIAN_POINT ( 'NONE',  ( 2.374999999997129851, -1.020000000000780060, 0.000000000000000000 ) ) ;
#6308 = DIRECTION ( 'NONE',  ( 1.000000000000000000, 0.000000000000000000, 0.000000000000000000 ) ) ;
#6309 = VERTEX_POINT ( 'NONE', #2514 ) ;
#6310 = CARTESIAN_POINT ( 'NONE',  ( 2.420000000014369768, 1.519999999999190221, 0.2500000000000000000 ) ) ;
#6311 = EDGE_LOOP ( 'NONE', ( #3344, #545, #1812, #1091 ) ) ;
#6312 = SURFACE_STYLE_FILL_AREA ( #7314 ) ;
#6313 = CARTESIAN_POINT ( 'NONE',  ( -2.870000000000000107, 2.346791012089839867, 0.9000000000000000222 ) ) ;
#6314 = STYLED_ITEM ( 'NONE', ( #3987 ), #3791 ) ;
#6315 = ORIENTED_EDGE ( 'NONE', *, *, #4267, .F. ) ;
#6316 = FACE_OUTER_BOUND ( 'NONE', #3057, .T. ) ;
#6317 = PRESENTATION_STYLE_ASSIGNMENT (( #500 ) ) ;
#6318 = FILL_AREA_STYLE_COLOUR ( '', #485 ) ;
#6319 = VERTEX_POINT ( 'NONE', #5993 ) ;
#6320 = AXIS2_PLACEMENT_3D ( 'NONE', #1450, #4370, #5448 ) ;
#6321 = VERTEX_POINT ( 'NONE', #3143 ) ;
#6322 =( GEOMETRIC_REPRESENTATION_CONTEXT ( 3 ) GLOBAL_UNCERTAINTY_ASSIGNED_CONTEXT ( ( #5535 ) ) GLOBAL_UNIT_ASSIGNED_CONTEXT ( ( #4100, #6913, #3461 ) ) REPRESENTATION_CONTEXT ( 'NONE', 'WORKASPACE' ) );
#6323 = DIRECTION ( 'NONE',  ( 1.000000000000000000, -1.512038128301959820E-12, 0.000000000000000000 ) ) ;
#6324 = FACE_OUTER_BOUND ( 'NONE', #892, .T. ) ;
#6325 = VERTEX_POINT ( 'NONE', #3785 ) ;
#6326 =( NAMED_UNIT ( * ) PLANE_ANGLE_UNIT ( ) SI_UNIT ( $, .RADIAN. ) );
#6327 = CARTESIAN_POINT ( 'NONE',  ( -1.850000000000000089, 1.550000000000000044, 0.9979999999999999982 ) ) ;
#6328 = CARTESIAN_POINT ( 'NONE',  ( -2.310000001215910093, -1.685000000000290044, 0.000000000000000000 ) ) ;
#6329 = PRESENTATION_STYLE_ASSIGNMENT (( #3998 ) ) ;
#6330 = CARTESIAN_POINT ( 'NONE',  ( -2.310000001215910093, -1.685000000000290044, 0.000000000000000000 ) ) ;
#6331 = CARTESIAN_POINT ( 'NONE',  ( 2.420000000014369768, 0.2650000000008959633, 0.000000000000000000 ) ) ;
#6332 =( GEOMETRIC_REPRESENTATION_CONTEXT ( 3 ) GLOBAL_UNCERTAINTY_ASSIGNED_CONTEXT ( ( #142 ) ) GLOBAL_UNIT_ASSIGNED_CONTEXT ( ( #3088, #2467, #1905 ) ) REPRESENTATION_CONTEXT ( 'NONE', 'WORKASPACE' ) );
#6333 = EDGE_LOOP ( 'NONE', ( #1936, #5708, #4382, #3995, #6952, #4067, #5722, #914, #577 ) ) ;
#6334 = CARTESIAN_POINT ( 'NONE',  ( -2.794999999999910223, 1.684999999999150067, 0.2500000000000000000 ) ) ;
#6335 = VECTOR ( 'NONE', #5760, 1000.000000000000000 ) ;
#6336 =( NAMED_UNIT ( * ) PLANE_ANGLE_UNIT ( ) SI_UNIT ( $, .RADIAN. ) );
#6337 = AXIS2_PLACEMENT_3D ( 'NONE', #529, #1159, #3984 ) ;
#6338 = SURFACE_STYLE_FILL_AREA ( #6417 ) ;
#6339 = CARTESIAN_POINT ( 'NONE',  ( -5.740000000000000213, -2.562946210799999847, 0.2500000000000000000 ) ) ;
#6340 = EDGE_LOOP ( 'NONE', ( #7301, #4104, #1158, #4957 ) ) ;
#6341 = SURFACE_SIDE_STYLE ('',( #6905 ) ) ;
#6342 = ADVANCED_FACE ( 'NONE', ( #1341 ), #6596, .T. ) ;
#6343 = VERTEX_POINT ( 'NONE', #4374 ) ;
#6344 = SURFACE_STYLE_FILL_AREA ( #1003 ) ;
#6345 = CARTESIAN_POINT ( 'NONE',  ( -0.08000000002280670264, -2.377098005438139872, 0.000000000000000000 ) ) ;
#6346 =( LENGTH_UNIT ( ) NAMED_UNIT ( * ) SI_UNIT ( .MILLI., .METRE. ) );
#6347 = MECHANICAL_DESIGN_GEOMETRIC_PRESENTATION_REPRESENTATION (  '', ( #5618 ), #2358 ) ;
#6348 = EDGE_CURVE ( 'NONE', #3236, #1464, #1497, .T. ) ;
#6349 = STYLED_ITEM ( 'NONE', ( #2041 ), #4913 ) ;
#6350 = ORIENTED_EDGE ( 'NONE', *, *, #542, .T. ) ;
#6351 = SURFACE_SIDE_STYLE ('',( #3001 ) ) ;
#6352 = VERTEX_POINT ( 'NONE', #6102 ) ;
#6353 = ORIENTED_EDGE ( 'NONE', *, *, #5179, .F. ) ;
#6354 = DIRECTION ( 'NONE',  ( -2.891205793294678228E-15, -1.000000000000000000, 0.000000000000000000 ) ) ;
#6356 = ORIENTED_EDGE ( 'NONE', *, *, #2191, .T. ) ;
#6355 = ADVANCED_FACE ( 'NONE', ( #3255 ), #2626, .T. ) ;
#6357 =( GEOMETRIC_REPRESENTATION_CONTEXT ( 3 ) GLOBAL_UNCERTAINTY_ASSIGNED_CONTEXT ( ( #3743 ) ) GLOBAL_UNIT_ASSIGNED_CONTEXT ( ( #5726, #1744, #5108 ) ) REPRESENTATION_CONTEXT ( 'NONE', 'WORKASPACE' ) );
#6358 = PLANE ( 'NONE',  #2240 ) ;
#6359 = CARTESIAN_POINT ( 'NONE',  ( -0.08000000002280670264, 2.225000000000000089, 0.2500000000000000000 ) ) ;
#6360 = EDGE_CURVE ( 'NONE', #740, #1756, #1177, .T. ) ;
#6361 =( GEOMETRIC_REPRESENTATION_CONTEXT ( 3 ) GLOBAL_UNCERTAINTY_ASSIGNED_CONTEXT ( ( #3368 ) ) GLOBAL_UNIT_ASSIGNED_CONTEXT ( ( #2400, #7011, #6488 ) ) REPRESENTATION_CONTEXT ( 'NONE', 'WORKASPACE' ) );
#6362 = CARTESIAN_POINT ( 'NONE',  ( 2.576069773055084333, -2.411069773055083409, 0.9766044443147514631 ) ) ;
#6363 = AXIS2_PLACEMENT_3D ( 'NONE', #1826, #5866, #657 ) ;
#6364 =( NAMED_UNIT ( * ) SI_UNIT ( $, .STERADIAN. ) SOLID_ANGLE_UNIT ( ) );
#6365 = CARTESIAN_POINT ( 'NONE',  ( -2.610271787389510045, 2.445271787389520224, 0.9173648177754361033 ) ) ;
#6366 = CIRCLE ( 'NONE', #4436, 0.2250000000008509082 ) ;
#6367 = LINE ( 'NONE', #6331, #4902 ) ;
#6368 = CARTESIAN_POINT ( 'NONE',  ( 2.570000000014279529, -0.2650000000002140088, 0.000000000000000000 ) ) ;
#6369 = UNCERTAINTY_MEASURE_WITH_UNIT (LENGTH_MEASURE( 1.000000000000000082E-05 ), #1624, 'distance_accuracy_value', 'NONE');
#6370 = ORIENTED_EDGE ( 'NONE', *, *, #6510, .F. ) ;
#6371 =( NAMED_UNIT ( * ) SI_UNIT ( $, .STERADIAN. ) SOLID_ANGLE_UNIT ( ) );
#6372 = CARTESIAN_POINT ( 'NONE',  ( 2.420000000014369768, -1.004999999999089955, 0.2500000000000000000 ) ) ;
#6373 = COLOUR_RGB ( '',0.8666666666666666963, 0.8666666666666666963, 0.8666666666666666963 ) ;
#6374 = FACE_OUTER_BOUND ( 'NONE', #6735, .T. ) ;
#6375 = DIRECTION ( 'NONE',  ( 0.000000000000000000, -1.000000000000000000, 0.000000000000000000 ) ) ;
#6376 = CARTESIAN_POINT ( 'NONE',  ( 2.575000000017009683, -2.125000000000430322, 0.000000000000000000 ) ) ;
#6377 = ADVANCED_FACE ( 'NONE', ( #2989 ), #82, .T. ) ;
#6378 = UNCERTAINTY_MEASURE_WITH_UNIT (LENGTH_MEASURE( 1.000000000000000082E-05 ), #1226, 'distance_accuracy_value', 'NONE');
#6379 = DIRECTION ( 'NONE',  ( 0.000000000000000000, 0.000000000000000000, 1.000000000000000000 ) ) ;
#6380 = DIRECTION ( 'NONE',  ( 0.000000000000000000, 0.000000000000000000, 1.000000000000000000 ) ) ;
#6381 = ORIENTED_EDGE ( 'NONE', *, *, #5128, .F. ) ;
#6382 = SURFACE_STYLE_USAGE ( .BOTH. , #4647 ) ;
#6383 = ORIENTED_EDGE ( 'NONE', *, *, #7360, .T. ) ;
#6384 = LINE ( 'NONE', #6497, #7486 ) ;
#6385 = SURFACE_STYLE_USAGE ( .BOTH. , #6533 ) ;
#6386 = PLANE ( 'NONE',  #1085 ) ;
#6387 = CARTESIAN_POINT ( 'NONE',  ( 3.220222332087919970, -0.3400000000014820056, 0.000000000000000000 ) ) ;
#6388 = EDGE_CURVE ( 'NONE', #4708, #1668, #7015, .T. ) ;
#6389 = ORIENTED_EDGE ( 'NONE', *, *, #3495, .T. ) ;
#6390 = CARTESIAN_POINT ( 'NONE',  ( -3.220000000017990249, 2.199999999998570210, 0.2500000000000000000 ) ) ;
#6391 = SURFACE_STYLE_USAGE ( .BOTH. , #3499 ) ;
#6392 = VERTEX_POINT ( 'NONE', #597 ) ;
#6393 = ORIENTED_EDGE ( 'NONE', *, *, #2838, .F. ) ;
#6394 = CARTESIAN_POINT ( 'NONE',  ( 2.374999999997129851, -0.2500000000007960299, 0.000000000000000000 ) ) ;
#6395 = EDGE_CURVE ( 'NONE', #7436, #2451, #5169, .T. ) ;
#6396 = CARTESIAN_POINT ( 'NONE',  ( 2.789999999999570157, 0.8550000000001318767, 0.000000000000000000 ) ) ;
#6397 = PRESENTATION_LAYER_ASSIGNMENT (  '', '', ( #4352 ) ) ;
#6398 = ORIENTED_EDGE ( 'NONE', *, *, #687, .F. ) ;
#6399 = SURFACE_SIDE_STYLE ('',( #60 ) ) ;
#6400 = FILL_AREA_STYLE ('',( #4069 ) ) ;
#6401 = STYLED_ITEM ( 'NONE', ( #5475 ), #1116 ) ;
#6402 = PRESENTATION_LAYER_ASSIGNMENT (  '', '', ( #2411 ) ) ;
#6403 = PRESENTATION_STYLE_ASSIGNMENT (( #5803 ) ) ;
#6404 = SURFACE_STYLE_FILL_AREA ( #1677 ) ;
#6405 = CARTESIAN_POINT ( 'NONE',  ( -0.5800000000228069386, -2.705000000001180016, 0.2500000000000000000 ) ) ;
#6406 = PRESENTATION_LAYER_ASSIGNMENT (  '', '', ( #2163 ) ) ;
#6407 = ORIENTED_EDGE ( 'NONE', *, *, #2236, .F. ) ;
#6408 = CARTESIAN_POINT ( 'NONE',  ( 2.575000000017009683, -2.125000000000430322, 0.2500000000000000000 ) ) ;
#6409 =( LENGTH_UNIT ( ) NAMED_UNIT ( * ) SI_UNIT ( .MILLI., .METRE. ) );
#6410 = FILL_AREA_STYLE_COLOUR ( '', #5222 ) ;
#6411 = DIRECTION ( 'NONE',  ( 0.9990152789799732203, -0.04436746966603190984, 0.000000000000000000 ) ) ;
#6412 = STYLED_ITEM ( 'NONE', ( #3636 ), #1945 ) ;
#6413 = FILL_AREA_STYLE_COLOUR ( '', #758 ) ;
#6414 = SURFACE_STYLE_FILL_AREA ( #188 ) ;
#6415 = PRESENTATION_LAYER_ASSIGNMENT (  '', '', ( #2181 ) ) ;
#6416 = ADVANCED_FACE ( 'NONE', ( #4162 ), #5200, .F. ) ;
#6417 = FILL_AREA_STYLE ('',( #5167 ) ) ;
#6418 = SURFACE_SIDE_STYLE ('',( #118 ) ) ;
#6419 =( LENGTH_UNIT ( ) NAMED_UNIT ( * ) SI_UNIT ( .MILLI., .METRE. ) );
#6420 = ORIENTED_EDGE ( 'NONE', *, *, #1994, .T. ) ;
#6421 = PRESENTATION_STYLE_ASSIGNMENT (( #1850 ) ) ;
#6422 = EDGE_LOOP ( 'NONE', ( #2474, #4949, #6282, #6154 ) ) ;
#6423 = CARTESIAN_POINT ( 'NONE',  ( -2.620000000044719890, 1.004999999999310001, 0.2500000000000000000 ) ) ;
#6424 = CARTESIAN_POINT ( 'NONE',  ( 2.727946210799999438, 4.424999999999999822, 0.2500000000000000000 ) ) ;
#6425 = CARTESIAN_POINT ( 'NONE',  ( 2.355000000014429773, 2.150000000000320100, 0.000000000000000000 ) ) ;
#6426 = PRESENTATION_STYLE_ASSIGNMENT (( #6949 ) ) ;
#6427 = MECHANICAL_DESIGN_GEOMETRIC_PRESENTATION_REPRESENTATION (  '', ( #3186 ), #3906 ) ;
#6428 = ORIENTED_EDGE ( 'NONE', *, *, #5131, .F. ) ;
#6429 = ORIENTED_EDGE ( 'NONE', *, *, #3520, .F. ) ;
#6430 = FILL_AREA_STYLE_COLOUR ( '', #473 ) ;
#6431 = VECTOR ( 'NONE', #5030, 1000.000000000000000 ) ;
#6432 =( LENGTH_UNIT ( ) NAMED_UNIT ( * ) SI_UNIT ( .MILLI., .METRE. ) );
#6433 = DIRECTION ( 'NONE',  ( -1.000000000000000000, 5.187984031940509593E-13, 0.000000000000000000 ) ) ;
#6434 = CARTESIAN_POINT ( 'NONE',  ( -2.770000000045059974, 1.684999999999510001, 0.000000000000000000 ) ) ;
#6435 = EDGE_CURVE ( 'NONE', #7327, #3763, #3640, .T. ) ;
#6436 = DIRECTION ( 'NONE',  ( 0.000000000000000000, 1.000000000000000000, 0.000000000000000000 ) ) ;
#6437 = EDGE_CURVE ( 'NONE', #3870, #1610, #547, .T. ) ;
#6438 = CIRCLE ( 'NONE', #6320, 0.1499999999999970246 ) ;
#6439 = SURFACE_STYLE_FILL_AREA ( #4717 ) ;
#6440 = VECTOR ( 'NONE', #4766, 1000.000000000000000 ) ;
#6441 = UNCERTAINTY_MEASURE_WITH_UNIT (LENGTH_MEASURE( 1.000000000000000082E-05 ), #4997, 'distance_accuracy_value', 'NONE');
#6442 = VECTOR ( 'NONE', #4289, 1000.000000000000000 ) ;
#6443 = EDGE_LOOP ( 'NONE', ( #5700, #3414, #1007, #2885 ) ) ;
#6444 = DIRECTION ( 'NONE',  ( -7.518817437593540007E-16, 1.000000000000000000, 0.000000000000000000 ) ) ;
#6445 = CARTESIAN_POINT ( 'NONE',  ( -2.770000000045520050, 0.4149999999995320210, 0.000000000000000000 ) ) ;
#6446 = DIRECTION ( 'NONE',  ( 0.000000000000000000, 0.000000000000000000, 1.000000000000000000 ) ) ;
#6447 = EDGE_CURVE ( 'NONE', #322, #3614, #4870, .T. ) ;
#6448 = DIRECTION ( 'NONE',  ( 0.000000000000000000, 0.000000000000000000, -1.000000000000000000 ) ) ;
#6449 = SURFACE_STYLE_FILL_AREA ( #1847 ) ;
#6450 =( NAMED_UNIT ( * ) PLANE_ANGLE_UNIT ( ) SI_UNIT ( $, .RADIAN. ) );
#6451 = ORIENTED_EDGE ( 'NONE', *, *, #534, .T. ) ;
#6452 = MECHANICAL_DESIGN_GEOMETRIC_PRESENTATION_REPRESENTATION (  '', ( #4054 ), #3937 ) ;
#6453 = CARTESIAN_POINT ( 'NONE',  ( 2.919903810567209934, -0.3400000000016230040, 0.000000000000000000 ) ) ;
#6454 = PRESENTATION_STYLE_ASSIGNMENT (( #6382 ) ) ;
#6455 = VERTEX_POINT ( 'NONE', #3151 ) ;
#6456 = CARTESIAN_POINT ( 'NONE',  ( -2.789999999999789981, -0.8550000000003589173, 0.000000000000000000 ) ) ;
#6457 = CYLINDRICAL_SURFACE ( 'NONE', #5378, 0.1499999999991419863 ) ;
#6458 = CARTESIAN_POINT ( 'NONE',  ( -3.220000000017250397, 0.9200000000015510215, 0.2500000000000000000 ) ) ;
#6459 = VECTOR ( 'NONE', #3570, 1000.000000000000000 ) ;
#6460 = VECTOR ( 'NONE', #3456, 1000.000000000000000 ) ;
#6461 = DIRECTION ( 'NONE',  ( -2.130818669658178721E-12, -1.000000000000000000, 0.000000000000000000 ) ) ;
#6462 =( NAMED_UNIT ( * ) SI_UNIT ( $, .STERADIAN. ) SOLID_ANGLE_UNIT ( ) );
#6463 = ORIENTED_EDGE ( 'NONE', *, *, #4075, .F. ) ;
#6464 = ORIENTED_EDGE ( 'NONE', *, *, #4045, .F. ) ;
#6465 = SURFACE_STYLE_FILL_AREA ( #7108 ) ;
#6466 = FILL_AREA_STYLE ('',( #57 ) ) ;
#6467 = DIRECTION ( 'NONE',  ( 1.000000000000000000, 0.000000000000000000, 0.000000000000000000 ) ) ;
#6468 = MECHANICAL_DESIGN_GEOMETRIC_PRESENTATION_REPRESENTATION (  '', ( #162 ), #4190 ) ;
#6469 = VECTOR ( 'NONE', #775, 1000.000000000000000 ) ;
#6470 = SURFACE_SIDE_STYLE ('',( #2345 ) ) ;
#6471 = COLOUR_RGB ( '',0.8666666666666666963, 0.8666666666666666963, 0.8666666666666666963 ) ;
#6472 = EDGE_CURVE ( 'NONE', #7196, #4413, #2506, .T. ) ;
#6473 = EDGE_CURVE ( 'NONE', #609, #3653, #714, .T. ) ;
#6474 = EDGE_CURVE ( 'NONE', #2268, #4098, #3105, .T. ) ;
#6475 = MECHANICAL_DESIGN_GEOMETRIC_PRESENTATION_REPRESENTATION (  '', ( #1035 ), #7079 ) ;
#6476 = CIRCLE ( 'NONE', #3595, 0.1499999999999441225 ) ;
#6477 = EDGE_CURVE ( 'NONE', #4540, #600, #5391, .T. ) ;
#6478 = CARTESIAN_POINT ( 'NONE',  ( -3.220000000017930297, -2.199999999999930456, 0.2500000000000000000 ) ) ;
#6479 = ORIENTED_EDGE ( 'NONE', *, *, #5179, .T. ) ;
#6480 = VECTOR ( 'NONE', #1321, 1000.000000000000000 ) ;
#6481 =( NAMED_UNIT ( * ) SI_UNIT ( $, .STERADIAN. ) SOLID_ANGLE_UNIT ( ) );
#6482 = STYLED_ITEM ( 'NONE', ( #2103 ), #2782 ) ;
#6483 = FACE_OUTER_BOUND ( 'NONE', #4765, .T. ) ;
#6484 = ADVANCED_FACE ( 'NONE', ( #7157 ), #149, .T. ) ;
#6485 = CARTESIAN_POINT ( 'NONE',  ( 3.220000000017900543, 2.199999999998340172, 0.2500000000000000000 ) ) ;
#6486 = CIRCLE ( 'NONE', #3250, 0.1499999999999441225 ) ;
#6487 = DIRECTION ( 'NONE',  ( 0.1666666669704653103, 0.9860132971319179873, 0.000000000000000000 ) ) ;
#6488 =( NAMED_UNIT ( * ) SI_UNIT ( $, .STERADIAN. ) SOLID_ANGLE_UNIT ( ) );
#6489 = CIRCLE ( 'NONE', #5520, 0.1499999999999999667 ) ;
#6490 = MECHANICAL_DESIGN_GEOMETRIC_PRESENTATION_REPRESENTATION (  '', ( #6965 ), #4443 ) ;
#6491 = CARTESIAN_POINT ( 'NONE',  ( 3.220000000017900543, -0.9200202810956169541, 0.2500000000000000000 ) ) ;
#6492 = DIRECTION ( 'NONE',  ( 5.773159728274840208E-12, 1.000000000000000000, 0.000000000000000000 ) ) ;
#6493 = ORIENTED_EDGE ( 'NONE', *, *, #1113, .F. ) ;
#6494 = SURFACE_STYLE_USAGE ( .BOTH. , #2991 ) ;
#6495 =( NAMED_UNIT ( * ) SI_UNIT ( $, .STERADIAN. ) SOLID_ANGLE_UNIT ( ) );
#6496 = ORIENTED_EDGE ( 'NONE', *, *, #5365, .F. ) ;
#6497 = CARTESIAN_POINT ( 'NONE',  ( -3.220221562247350011, 1.609999999999500053, 0.000000000000000000 ) ) ;
#6498 = EDGE_CURVE ( 'NONE', #843, #575, #6636, .T. ) ;
#6499 = CARTESIAN_POINT ( 'NONE',  ( 2.575000000017119817, 2.274999999998350120, 0.000000000000000000 ) ) ;
#6500 = COLOUR_RGB ( '',0.3294117647058823484, 0.3294117647058823484, 0.3294117647058823484 ) ;
#6501 =( NAMED_UNIT ( * ) SI_UNIT ( $, .STERADIAN. ) SOLID_ANGLE_UNIT ( ) );
#6502 = FILL_AREA_STYLE ('',( #3688 ) ) ;
#6503 = ORIENTED_EDGE ( 'NONE', *, *, #3696, .T. ) ;
#6504 = EDGE_LOOP ( 'NONE', ( #4612, #1706, #7206, #3031 ) ) ;
#6505 = LINE ( 'NONE', #6394, #7491 ) ;
#6506 =( LENGTH_UNIT ( ) NAMED_UNIT ( * ) SI_UNIT ( .MILLI., .METRE. ) );
#6507 = CYLINDRICAL_SURFACE ( 'NONE', #2009, 0.1499999999999999112 ) ;
#6508 = MECHANICAL_DESIGN_GEOMETRIC_PRESENTATION_REPRESENTATION (  '', ( #5181 ), #4582 ) ;
#6509 = SURFACE_SIDE_STYLE ('',( #4928 ) ) ;
#6510 = EDGE_CURVE ( 'NONE', #842, #5793, #2592, .T. ) ;
#6511 =( GEOMETRIC_REPRESENTATION_CONTEXT ( 3 ) GLOBAL_UNCERTAINTY_ASSIGNED_CONTEXT ( ( #2432 ) ) GLOBAL_UNIT_ASSIGNED_CONTEXT ( ( #6867, #6901, #1726 ) ) REPRESENTATION_CONTEXT ( 'NONE', 'WORKASPACE' ) );
#6512 = DIRECTION ( 'NONE',  ( -2.127927463864883908E-12, -1.000000000000000000, 0.000000000000000000 ) ) ;
#6513 = DIRECTION ( 'NONE',  ( 0.1666666669654747746, -0.9860132971327616458, 0.000000000000000000 ) ) ;
#6514 = PRESENTATION_LAYER_ASSIGNMENT (  '', '', ( #5675 ) ) ;
#6515 = LINE ( 'NONE', #1947, #6082 ) ;
#6516 = UNCERTAINTY_MEASURE_WITH_UNIT (LENGTH_MEASURE( 1.000000000000000082E-05 ), #6346, 'distance_accuracy_value', 'NONE');
#6517 = ORIENTED_EDGE ( 'NONE', *, *, #3086, .F. ) ;
#6518 = VECTOR ( 'NONE', #5088, 1000.000000000000000 ) ;
#6519 = CARTESIAN_POINT ( 'NONE',  ( 2.570000000014279529, -0.4150000000002140310, 0.000000000000000000 ) ) ;
#6520 = ADVANCED_FACE ( 'NONE', ( #3218 ), #370, .T. ) ;
#6521 = CARTESIAN_POINT ( 'NONE',  ( -0.08000000002280670264, -2.225000000000249667, 0.000000000000000000 ) ) ;
#6522 = DIRECTION ( 'NONE',  ( 0.000000000000000000, 0.000000000000000000, 1.000000000000000000 ) ) ;
#6523 = FILL_AREA_STYLE ('',( #1378 ) ) ;
#6524 =( NAMED_UNIT ( * ) SI_UNIT ( $, .STERADIAN. ) SOLID_ANGLE_UNIT ( ) );
#6525 = UNCERTAINTY_MEASURE_WITH_UNIT (LENGTH_MEASURE( 1.000000000000000082E-05 ), #720, 'distance_accuracy_value', 'NONE');
#6526 = CARTESIAN_POINT ( 'NONE',  ( 2.374999999997129851, 1.519999999999190221, 0.000000000000000000 ) ) ;
#6527 = CARTESIAN_POINT ( 'NONE',  ( -2.789999999999760227, -1.535000000000050102, 0.000000000000000000 ) ) ;
#6528 = ORIENTED_EDGE ( 'NONE', *, *, #209, .F. ) ;
#6529 = CARTESIAN_POINT ( 'NONE',  ( -2.794999999999669971, 0.2649999999988409960, 0.000000000000000000 ) ) ;
#6530 = FILL_AREA_STYLE_COLOUR ( '', #916 ) ;
#6531 = ORIENTED_EDGE ( 'NONE', *, *, #772, .T. ) ;
#6532 = LINE ( 'NONE', #4846, #4953 ) ;
#6533 = SURFACE_SIDE_STYLE ('',( #753 ) ) ;
#6534 = ORIENTED_EDGE ( 'NONE', *, *, #6256, .F. ) ;
#6535 = DIRECTION ( 'NONE',  ( -1.834452694921429520E-16, -0.9986295347625389063, -0.05233595609096159534 ) ) ;
#6536 = FACE_OUTER_BOUND ( 'NONE', #5070, .T. ) ;
#6537 =( GEOMETRIC_REPRESENTATION_CONTEXT ( 3 ) GLOBAL_UNCERTAINTY_ASSIGNED_CONTEXT ( ( #3359 ) ) GLOBAL_UNIT_ASSIGNED_CONTEXT ( ( #2828, #3440, #6371 ) ) REPRESENTATION_CONTEXT ( 'NONE', 'WORKASPACE' ) );
#6538 = EDGE_CURVE ( 'NONE', #1756, #6914, #1606, .T. ) ;
#6539 = SURFACE_STYLE_USAGE ( .BOTH. , #4282 ) ;
#6540 = SURFACE_STYLE_FILL_AREA ( #805 ) ;
#6541 = LINE ( 'NONE', #204, #2834 ) ;
#6542 = AXIS2_PLACEMENT_3D ( 'NONE', #654, #167, #1741 ) ;
#6543 = EDGE_LOOP ( 'NONE', ( #3802, #954, #5102, #7427 ) ) ;
#6544 = DIRECTION ( 'NONE',  ( 1.000000000000000000, 0.000000000000000000, 0.000000000000000000 ) ) ;
#6545 = LINE ( 'NONE', #1247, #4785 ) ;
#6546 = PLANE ( 'NONE',  #5503 ) ;
#6547 = CARTESIAN_POINT ( 'NONE',  ( 2.789999999999859703, 2.274999999998240430, 0.2500000000000000000 ) ) ;
#6548 =( GEOMETRIC_REPRESENTATION_CONTEXT ( 3 ) GLOBAL_UNCERTAINTY_ASSIGNED_CONTEXT ( ( #6814 ) ) GLOBAL_UNIT_ASSIGNED_CONTEXT ( ( #3338, #6234, #2686 ) ) REPRESENTATION_CONTEXT ( 'NONE', 'WORKASPACE' ) );
#6549 = DIRECTION ( 'NONE',  ( 0.000000000000000000, 0.000000000000000000, 1.000000000000000000 ) ) ;
#6550 = DIRECTION ( 'NONE',  ( -1.000000000000000000, 3.122502256755383083E-13, 0.000000000000000000 ) ) ;
#6551 = DIRECTION ( 'NONE',  ( 0.000000000000000000, 0.000000000000000000, -1.000000000000000000 ) ) ;
#6552 = PRESENTATION_STYLE_ASSIGNMENT (( #6626 ) ) ;
#6553 = FACE_OUTER_BOUND ( 'NONE', #3384, .T. ) ;
#6554 = COLOUR_RGB ( '',0.8666666666666666963, 0.8666666666666666963, 0.8666666666666666963 ) ;
#6555 = SURFACE_STYLE_USAGE ( .BOTH. , #4862 ) ;
#6556 = APPLICATION_CONTEXT ( 'automotive_design' ) ;
#6557 = ORIENTED_EDGE ( 'NONE', *, *, #6026, .F. ) ;
#6558 = VECTOR ( 'NONE', #780, 1000.000000000000000 ) ;
#6559 = VECTOR ( 'NONE', #5633, 1000.000000000000000 ) ;
#6560 = LINE ( 'NONE', #4196, #6610 ) ;
#6561 = SURFACE_STYLE_USAGE ( .BOTH. , #5421 ) ;
#6562 = SURFACE_STYLE_USAGE ( .BOTH. , #2552 ) ;
#6563 =( GEOMETRIC_REPRESENTATION_CONTEXT ( 3 ) GLOBAL_UNCERTAINTY_ASSIGNED_CONTEXT ( ( #985 ) ) GLOBAL_UNIT_ASSIGNED_CONTEXT ( ( #3861, #6138, #1019 ) ) REPRESENTATION_CONTEXT ( 'NONE', 'WORKASPACE' ) );
#6564 = CARTESIAN_POINT ( 'NONE',  ( -2.870000000000000107, 2.346791012089839867, 0.9000000000000000222 ) ) ;
#6565 = ORIENTED_EDGE ( 'NONE', *, *, #3699, .T. ) ;
#6566 = VERTEX_POINT ( 'NONE', #6675 ) ;
#6567 = DIRECTION ( 'NONE',  ( 1.000000000000000000, 1.414329687314046723E-11, 0.000000000000000000 ) ) ;
#6568 = CARTESIAN_POINT ( 'NONE',  ( 2.789999999999519975, 0.2650000000012989743, 0.000000000000000000 ) ) ;
#6569 = ORIENTED_EDGE ( 'NONE', *, *, #84, .F. ) ;
#6570 = DIRECTION ( 'NONE',  ( 1.000000000000000000, -2.131628207265639862E-13, 0.000000000000000000 ) ) ;
#6571 =( NAMED_UNIT ( * ) SI_UNIT ( $, .STERADIAN. ) SOLID_ANGLE_UNIT ( ) );
#6572 = EDGE_CURVE ( 'NONE', #1211, #6875, #6751, .T. ) ;
#6573 = EDGE_CURVE ( 'NONE', #4983, #3870, #4379, .T. ) ;
#6574 = LINE ( 'NONE', #128, #2776 ) ;
#6575 = SURFACE_SIDE_STYLE ('',( #5973 ) ) ;
#6576 = ORIENTED_EDGE ( 'NONE', *, *, #1449, .F. ) ;
#6577 = CARTESIAN_POINT ( 'NONE',  ( -3.220221430730680012, -0.9300000000010870682, 0.000000000000000000 ) ) ;
#6578 = SURFACE_SIDE_STYLE ('',( #1896 ) ) ;
#6579 = EDGE_CURVE ( 'NONE', #7469, #446, #4102, .T. ) ;
#6580 = SURFACE_SIDE_STYLE ('',( #1435 ) ) ;
#6581 =( NAMED_UNIT ( * ) SI_UNIT ( $, .STERADIAN. ) SOLID_ANGLE_UNIT ( ) );
#6582 = CARTESIAN_POINT ( 'NONE',  ( -2.770000000044719801, 1.004999999999310001, 0.2500000000000000000 ) ) ;
#6583 = LINE ( 'NONE', #4253, #4304 ) ;
#6584 =( GEOMETRIC_REPRESENTATION_CONTEXT ( 3 ) GLOBAL_UNCERTAINTY_ASSIGNED_CONTEXT ( ( #2114 ) ) GLOBAL_UNIT_ASSIGNED_CONTEXT ( ( #3680, #2373, #1315 ) ) REPRESENTATION_CONTEXT ( 'NONE', 'WORKASPACE' ) );
#6585 = ADVANCED_FACE ( 'NONE', ( #2206 ), #1541, .F. ) ;
#6586 = CARTESIAN_POINT ( 'NONE',  ( 2.420000000014369768, -1.520000000000780060, 0.000000000000000000 ) ) ;
#6587 = STYLED_ITEM ( 'NONE', ( #5921 ), #1960 ) ;
#6588 = DIRECTION ( 'NONE',  ( -1.000000000000000000, 0.000000000000000000, 0.000000000000000000 ) ) ;
#6589 = ADVANCED_FACE ( 'NONE', ( #948 ), #913, .F. ) ;
#6590 = STYLED_ITEM ( 'NONE', ( #4784 ), #1443 ) ;
#6591 = VECTOR ( 'NONE', #5114, 1000.000000000000000 ) ;
#6592 = UNCERTAINTY_MEASURE_WITH_UNIT (LENGTH_MEASURE( 1.000000000000000082E-05 ), #121, 'distance_accuracy_value', 'NONE');
#6593 = ORIENTED_EDGE ( 'NONE', *, *, #3128, .T. ) ;
#6594 =( LENGTH_UNIT ( ) NAMED_UNIT ( * ) SI_UNIT ( .MILLI., .METRE. ) );
#6595 = DIRECTION ( 'NONE',  ( -1.809062493724529160E-16, -0.9848077529967925736, -0.1736481777543558980 ) ) ;
#6596 = PLANE ( 'NONE',  #6258 ) ;
#6597 = DIRECTION ( 'NONE',  ( -1.000000000000000000, -1.247102268014080123E-13, 0.000000000000000000 ) ) ;
#6598 = STYLED_ITEM ( 'NONE', ( #3010 ), #5074 ) ;
#6599 = CIRCLE ( 'NONE', #7190, 0.2249999999999079958 ) ;
#6600 = DIRECTION ( 'NONE',  ( 0.1666666669675726797, 0.9860132971324069295, 0.000000000000000000 ) ) ;
#6601 = VERTEX_POINT ( 'NONE', #5537 ) ;
#6602 = EDGE_CURVE ( 'NONE', #4312, #2343, #6970, .T. ) ;
#6603 = CARTESIAN_POINT ( 'NONE',  ( 3.220000000017080310, -1.619982680672249931, 0.2500000000000000000 ) ) ;
#6604 = PRESENTATION_LAYER_ASSIGNMENT (  '', '', ( #5639 ) ) ;
#6605 = ORIENTED_EDGE ( 'NONE', *, *, #270, .F. ) ;
#6606 = FACE_OUTER_BOUND ( 'NONE', #5090, .T. ) ;
#6607 = VERTEX_POINT ( 'NONE', #6705 ) ;
#6608 = CARTESIAN_POINT ( 'NONE',  ( -0.5800000000228350272, 2.705000000001180016, 0.2500000000000000000 ) ) ;
#6609 = AXIS2_PLACEMENT_3D ( 'NONE', #5429, #230, #5502 ) ;
#6610 = VECTOR ( 'NONE', #3703, 1000.000000000000000 ) ;
#6611 = VECTOR ( 'NONE', #3009, 1000.000000000000000 ) ;
#6612 = CARTESIAN_POINT ( 'NONE',  ( -2.924903810567569984, 1.609999999999060183, 0.000000000000000000 ) ) ;
#6613 = CARTESIAN_POINT ( 'NONE',  ( -2.727946210799999438, 4.424999999999999822, 0.2500000000000000000 ) ) ;
#6614 = ORIENTED_EDGE ( 'NONE', *, *, #983, .F. ) ;
#6615 =( NAMED_UNIT ( * ) PLANE_ANGLE_UNIT ( ) SI_UNIT ( $, .RADIAN. ) );
#6616 = ORIENTED_EDGE ( 'NONE', *, *, #3170, .F. ) ;
#6617 = FILL_AREA_STYLE ('',( #7244 ) ) ;
#6618 = EDGE_CURVE ( 'NONE', #600, #1420, #6747, .T. ) ;
#6619 = COLOUR_RGB ( '',0.8666666666666666963, 0.8666666666666666963, 0.8666666666666666963 ) ;
#6620 = FILL_AREA_STYLE ('',( #6762 ) ) ;
#6621 = LINE ( 'NONE', #810, #5149 ) ;
#6622 = ORIENTED_EDGE ( 'NONE', *, *, #1461, .T. ) ;
#6623 = VECTOR ( 'NONE', #3154, 1000.000000000000000 ) ;
#6624 = DIRECTION ( 'NONE',  ( 1.000000000000000000, 3.157967713279520302E-13, 0.000000000000000000 ) ) ;
#6625 = DIRECTION ( 'NONE',  ( 1.000000000000000000, 9.094947017758230469E-12, 0.000000000000000000 ) ) ;
#6626 = SURFACE_STYLE_USAGE ( .BOTH. , #4221 ) ;
#6627 = DIRECTION ( 'NONE',  ( -1.000000000000000000, -5.684341886080719698E-13, 0.000000000000000000 ) ) ;
#6628 = FACE_OUTER_BOUND ( 'NONE', #5574, .T. ) ;
#6629 = VERTEX_POINT ( 'NONE', #6180 ) ;
#6631 = CARTESIAN_POINT ( 'NONE',  ( -5.740000000000000213, -2.575000000000000178, 0.02000000000000000042 ) ) ;
#6630 = DIRECTION ( 'NONE',  ( 2.127927463864883908E-12, 1.000000000000000000, 0.000000000000000000 ) ) ;
#6632 = CARTESIAN_POINT ( 'NONE',  ( -2.576069773055085221, -2.411069773055085186, 0.9766044443147507970 ) ) ;
#6633 = PRESENTATION_LAYER_ASSIGNMENT (  '', '', ( #4461 ) ) ;
#6634 = DIRECTION ( 'NONE',  ( -1.000000000000000000, 1.983294894051544574E-11, 0.000000000000000000 ) ) ;
#6635 =( GEOMETRIC_REPRESENTATION_CONTEXT ( 3 ) GLOBAL_UNCERTAINTY_ASSIGNED_CONTEXT ( ( #5913 ) ) GLOBAL_UNIT_ASSIGNED_CONTEXT ( ( #6656, #7212, #7359 ) ) REPRESENTATION_CONTEXT ( 'NONE', 'WORKASPACE' ) );
#6636 = LINE ( 'NONE', #228, #3258 ) ;
#6637 = ORIENTED_EDGE ( 'NONE', *, *, #2697, .T. ) ;
#6638 = DIRECTION ( 'NONE',  ( 0.000000000000000000, 0.000000000000000000, -1.000000000000000000 ) ) ;
#6639 = LINE ( 'NONE', #5355, #4087 ) ;
#6640 = VERTEX_POINT ( 'NONE', #7333 ) ;
#6641 = DIRECTION ( 'NONE',  ( 1.000000000000000000, -5.639130289675960134E-16, 0.000000000000000000 ) ) ;
#6642 = DIRECTION ( 'NONE',  ( -0.1710878698296509626, -0.1710878698296499634, -0.9702875252183267296 ) ) ;
#6643 = ORIENTED_EDGE ( 'NONE', *, *, #7213, .T. ) ;
#6644 = DIRECTION ( 'NONE',  ( 0.000000000000000000, 0.000000000000000000, -1.000000000000000000 ) ) ;
#6645 = STYLED_ITEM ( 'NONE', ( #5533 ), #4589 ) ;
#6646 = SURFACE_SIDE_STYLE ('',( #4456 ) ) ;
#6647 = LINE ( 'NONE', #346, #2659 ) ;
#6648 = ORIENTED_EDGE ( 'NONE', *, *, #6360, .T. ) ;
#6649 = ORIENTED_EDGE ( 'NONE', *, *, #5922, .F. ) ;
#6650 = CARTESIAN_POINT ( 'NONE',  ( -1.080000000033179974, -2.225000000000249667, 0.2500000000000000000 ) ) ;
#6651 = PRESENTATION_LAYER_ASSIGNMENT (  '', '', ( #3296 ) ) ;
#6652 = PRESENTATION_STYLE_ASSIGNMENT (( #7170 ) ) ;
#6653 = PRESENTATION_LAYER_ASSIGNMENT (  '', '', ( #2673 ) ) ;
#6654 = CARTESIAN_POINT ( 'NONE',  ( 2.576069773055092771, 2.411069773055091403, 0.9766044443147514631 ) ) ;
#6655 = ORIENTED_EDGE ( 'NONE', *, *, #4243, .F. ) ;
#6656 =( LENGTH_UNIT ( ) NAMED_UNIT ( * ) SI_UNIT ( .MILLI., .METRE. ) );
#6657 = LINE ( 'NONE', #5908, #4497 ) ;
#6658 = DIRECTION ( 'NONE',  ( -0.000000000000000000, 1.000000000000000000, 0.000000000000000000 ) ) ;
#6659 = ORIENTED_EDGE ( 'NONE', *, *, #1078, .F. ) ;
#6660 = DIRECTION ( 'NONE',  ( 1.593054392101948526E-12, 1.000000000000000000, 0.000000000000000000 ) ) ;
#6661 = STYLED_ITEM ( 'NONE', ( #5 ), #5979 ) ;
#6662 = FILL_AREA_STYLE_COLOUR ( '', #3232 ) ;
#6663 = UNCERTAINTY_MEASURE_WITH_UNIT (LENGTH_MEASURE( 1.000000000000000082E-05 ), #4699, 'distance_accuracy_value', 'NONE');
#6664 = COLOUR_RGB ( '',0.8666666666666666963, 0.8666666666666666963, 0.8666666666666666963 ) ;
#6665 = ADVANCED_FACE ( 'NONE', ( #6069 ), #6772, .F. ) ;
#6667 = CARTESIAN_POINT ( 'NONE',  ( -0.6800000000228580976, 2.377098005438369466, 0.000000000000000000 ) ) ;
#6666 = SURFACE_STYLE_USAGE ( .BOTH. , #1453 ) ;
#6668 = LINE ( 'NONE', #3863, #3016 ) ;
#6669 = CARTESIAN_POINT ( 'NONE',  ( -2.740613626472389708, 2.575613626472390116, 0.008291309371002279424 ) ) ;
#6670 = LINE ( 'NONE', #3256, #6884 ) ;
#6671 = VECTOR ( 'NONE', #7252, 1000.000000000000000 ) ;
#6672 = UNCERTAINTY_MEASURE_WITH_UNIT (LENGTH_MEASURE( 1.000000000000000082E-05 ), #3749, 'distance_accuracy_value', 'NONE');
#6673 =( GEOMETRIC_REPRESENTATION_CONTEXT ( 3 ) GLOBAL_UNCERTAINTY_ASSIGNED_CONTEXT ( ( #514 ) ) GLOBAL_UNIT_ASSIGNED_CONTEXT ( ( #2865, #1682, #1513 ) ) REPRESENTATION_CONTEXT ( 'NONE', 'WORKASPACE' ) );
#6674 = COLOUR_RGB ( '',0.3294117647058823484, 0.3294117647058823484, 0.3294117647058823484 ) ;
#6675 = CARTESIAN_POINT ( 'NONE',  ( 2.919903810567320068, 0.3399999999993499888, 0.2500000000000000000 ) ) ;
#6676 = ORIENTED_EDGE ( 'NONE', *, *, #6678, .F. ) ;
#6677 = FILL_AREA_STYLE_COLOUR ( '', #2130 ) ;
#6678 = EDGE_CURVE ( 'NONE', #2000, #1547, #5647, .T. ) ;
#6679 = DIRECTION ( 'NONE',  ( 0.000000000000000000, 0.000000000000000000, 1.000000000000000000 ) ) ;
#6680 = ORIENTED_EDGE ( 'NONE', *, *, #20, .T. ) ;
#6681 = DIRECTION ( 'NONE',  ( 1.000000000000000000, -3.776311290145020098E-13, 0.000000000000000000 ) ) ;
#6682 = SURFACE_SIDE_STYLE ('',( #2524 ) ) ;
#6683 = ORIENTED_EDGE ( 'NONE', *, *, #5106, .T. ) ;
#6684 = CARTESIAN_POINT ( 'NONE',  ( -2.770000000045520050, 0.4149999999995320210, 0.000000000000000000 ) ) ;
#6685 = CIRCLE ( 'NONE', #1372, 0.2249999999991121880 ) ;
#6686 = SURFACE_STYLE_FILL_AREA ( #2241 ) ;
#6687 = LINE ( 'NONE', #6868, #4115 ) ;
#6688 = VERTEX_POINT ( 'NONE', #2015 ) ;
#6689 = PLANE ( 'NONE',  #719 ) ;
#6690 = VERTEX_POINT ( 'NONE', #6216 ) ;
#6691 = DIRECTION ( 'NONE',  ( 0.000000000000000000, 1.000000000000000000, 0.000000000000000000 ) ) ;
#6692 = LINE ( 'NONE', #7209, #2245 ) ;
#6693 = STYLED_ITEM ( 'NONE', ( #7484 ), #6767 ) ;
#6694 = CYLINDRICAL_SURFACE ( 'NONE', #7349, 0.1499999999999639677 ) ;
#6695 = DIRECTION ( 'NONE',  ( 1.000000000000000000, -8.557969148159210974E-12, 0.000000000000000000 ) ) ;
#6696 = VERTEX_POINT ( 'NONE', #4405 ) ;
#6697 = SURFACE_SIDE_STYLE ('',( #7175 ) ) ;
#6698 = VECTOR ( 'NONE', #1861, 1000.000000000000000 ) ;
#6699 = DIRECTION ( 'NONE',  ( -0.8660254037822180395, -0.5000000000038463677, 0.000000000000000000 ) ) ;
#6700 = SURFACE_STYLE_USAGE ( .BOTH. , #978 ) ;
#6701 = AXIS2_PLACEMENT_3D ( 'NONE', #4920, #4888, #3238 ) ;
#6702 = CARTESIAN_POINT ( 'NONE',  ( -2.924903810567280438, -0.3400000000016349944, 0.000000000000000000 ) ) ;
#6703 = AXIS2_PLACEMENT_3D ( 'NONE', #4901, #7226, #3101 ) ;
#6704 = MECHANICAL_DESIGN_GEOMETRIC_PRESENTATION_REPRESENTATION (  '', ( #399 ), #759 ) ;
#6705 = CARTESIAN_POINT ( 'NONE',  ( -2.789999999999789981, -0.8550000000003589173, 0.2500000000000000000 ) ) ;
#6706 = ADVANCED_FACE ( 'NONE', ( #3361 ), #2082, .F. ) ;
#6707 = PLANE ( 'NONE',  #4681 ) ;
#6708 = EDGE_CURVE ( 'NONE', #5170, #4450, #2115, .T. ) ;
#6709 = FILL_AREA_STYLE ('',( #7224 ) ) ;
#6710 = ADVANCED_FACE ( 'NONE', ( #981 ), #27, .F. ) ;
#6711 = MECHANICAL_DESIGN_GEOMETRIC_PRESENTATION_REPRESENTATION (  '', ( #41 ), #6584 ) ;
#6712 =( NAMED_UNIT ( * ) SI_UNIT ( $, .STERADIAN. ) SOLID_ANGLE_UNIT ( ) );
#6713 = DIRECTION ( 'NONE',  ( -1.000000000000000000, 4.574771934209029633E-13, 0.000000000000000000 ) ) ;
#6714 = ADVANCED_FACE ( 'NONE', ( #3965 ), #2862, .T. ) ;
#6715 = ORIENTED_EDGE ( 'NONE', *, *, #3137, .F. ) ;
#6716 = LINE ( 'NONE', #6149, #5377 ) ;
#6717 = CIRCLE ( 'NONE', #7424, 0.2672522260927919779 ) ;
#6718 = DIRECTION ( 'NONE',  ( 0.000000000000000000, 0.000000000000000000, 1.000000000000000000 ) ) ;
#6719 = ORIENTED_EDGE ( 'NONE', *, *, #2458, .F. ) ;
#6720 = CARTESIAN_POINT ( 'NONE',  ( -2.790000000000339764, 2.124999999998840039, 0.000000000000000000 ) ) ;
#6721 = ORIENTED_EDGE ( 'NONE', *, *, #1439, .F. ) ;
#6722 = CARTESIAN_POINT ( 'NONE',  ( -2.770000000045520050, 0.4149999999995320210, 0.2500000000000000000 ) ) ;
#6723 = CIRCLE ( 'NONE', #5271, 0.1499999999999891143 ) ;
#6724 = CARTESIAN_POINT ( 'NONE',  ( 2.576069773055092771, 2.411069773055091403, 0.9766044443147514631 ) ) ;
#6725 = DIRECTION ( 'NONE',  ( -1.000000000000000000, 0.000000000000000000, 0.000000000000000000 ) ) ;
#6726 = ORIENTED_EDGE ( 'NONE', *, *, #1715, .T. ) ;
#6727 = SURFACE_SIDE_STYLE ('',( #5710 ) ) ;
#6728 = VERTEX_POINT ( 'NONE', #4669 ) ;
#6730 = VECTOR ( 'NONE', #7014, 1000.000000000000000 ) ;
#6729 = AXIS2_PLACEMENT_3D ( 'NONE', #5859, #2567, #127 ) ;
#6731 = SURFACE_SIDE_STYLE ('',( #4426 ) ) ;
#6732 = LINE ( 'NONE', #2073, #3245 ) ;
#6733 = VECTOR ( 'NONE', #7096, 1000.000000000000000 ) ;
#6734 = DIRECTION ( 'NONE',  ( 0.1666666669704653103, 0.9860132971319179873, 0.000000000000000000 ) ) ;
#6735 = EDGE_LOOP ( 'NONE', ( #5004, #7398, #4495, #6955 ) ) ;
#6736 = FACE_OUTER_BOUND ( 'NONE', #1280, .T. ) ;
#6737 = SURFACE_STYLE_USAGE ( .BOTH. , #3390 ) ;
#6738 = ORIENTED_EDGE ( 'NONE', *, *, #7028, .F. ) ;
#6739 = AXIS2_PLACEMENT_3D ( 'NONE', #786, #7087, #3214 ) ;
#6740 = DIRECTION ( 'NONE',  ( 0.000000000000000000, 0.000000000000000000, 1.000000000000000000 ) ) ;
#6741 = ORIENTED_EDGE ( 'NONE', *, *, #1128, .T. ) ;
#6742 = CARTESIAN_POINT ( 'NONE',  ( -3.220222332087410155, -0.3400000000014820056, 0.000000000000000000 ) ) ;
#6743 = STYLED_ITEM ( 'NONE', ( #1022 ), #6706 ) ;
#6744 = EDGE_CURVE ( 'NONE', #7436, #6834, #2273, .T. ) ;
#6745 = SURFACE_STYLE_USAGE ( .BOTH. , #5645 ) ;
#6746 = UNCERTAINTY_MEASURE_WITH_UNIT (LENGTH_MEASURE( 1.000000000000000082E-05 ), #953, 'distance_accuracy_value', 'NONE');
#6747 = LINE ( 'NONE', #902, #6024 ) ;
#6748 = LINE ( 'NONE', #1571, #405 ) ;
#6749 = SURFACE_STYLE_USAGE ( .BOTH. , #6184 ) ;
#6750 = UNCERTAINTY_MEASURE_WITH_UNIT (LENGTH_MEASURE( 1.000000000000000082E-05 ), #239, 'distance_accuracy_value', 'NONE');
#6751 = LINE ( 'NONE', #4982, #4219 ) ;
#6752 = ORIENTED_EDGE ( 'NONE', *, *, #6894, .T. ) ;
#6753 = VECTOR ( 'NONE', #2759, 1000.000000000000227 ) ;
#6754 =( NAMED_UNIT ( * ) SI_UNIT ( $, .STERADIAN. ) SOLID_ANGLE_UNIT ( ) );
#6755 = VERTEX_POINT ( 'NONE', #1640 ) ;
#6756 = ORIENTED_EDGE ( 'NONE', *, *, #435, .F. ) ;
#6757 = DIRECTION ( 'NONE',  ( 0.000000000000000000, 0.000000000000000000, -1.000000000000000000 ) ) ;
#6758 =( BOUNDED_CURVE ( )  B_SPLINE_CURVE ( 3, ( #5157, #7238, #6121, #6724 ),
 .UNSPECIFIED., .F., .F. ) 
 B_SPLINE_CURVE_WITH_KNOTS ( ( 4, 4 ),
 ( 4.712388980384689674, 5.410520681138013543 ),
 .UNSPECIFIED. ) 
 CURVE ( )  GEOMETRIC_REPRESENTATION_ITEM ( )  RATIONAL_B_SPLINE_CURVE ( ( 1.000000000000000000, 0.9597950805290016429, 0.9597950805290016429, 1.000000000000000000 ) ) 
 REPRESENTATION_ITEM ( '' )  );
#6759 = ORIENTED_EDGE ( 'NONE', *, *, #3281, .T. ) ;
#6760 = ORIENTED_EDGE ( 'NONE', *, *, #5456, .F. ) ;
#6761 = EDGE_CURVE ( 'NONE', #2924, #5002, #2929, .T. ) ;
#6762 = FILL_AREA_STYLE_COLOUR ( '', #1021 ) ;
#6763 = FILL_AREA_STYLE_COLOUR ( '', #2824 ) ;
#6764 = ORIENTED_EDGE ( 'NONE', *, *, #3580, .F. ) ;
#6765 = ORIENTED_EDGE ( 'NONE', *, *, #3542, .T. ) ;
#6766 = VECTOR ( 'NONE', #4878, 1000.000000000000000 ) ;
#6768 = ORIENTED_EDGE ( 'NONE', *, *, #6388, .F. ) ;
#6767 = ADVANCED_FACE ( 'NONE', ( #4593 ), #1796, .F. ) ;
#6769 =( NAMED_UNIT ( * ) SI_UNIT ( $, .STERADIAN. ) SOLID_ANGLE_UNIT ( ) );
#6770 = MECHANICAL_DESIGN_GEOMETRIC_PRESENTATION_REPRESENTATION (  '', ( #1089 ), #6537 ) ;
#6771 =( LENGTH_UNIT ( ) NAMED_UNIT ( * ) SI_UNIT ( .MILLI., .METRE. ) );
#6772 = CYLINDRICAL_SURFACE ( 'NONE', #4824, 0.2250000000003958833 ) ;
#6773 =( GEOMETRIC_REPRESENTATION_CONTEXT ( 3 ) GLOBAL_UNCERTAINTY_ASSIGNED_CONTEXT ( ( #3665 ) ) GLOBAL_UNIT_ASSIGNED_CONTEXT ( ( #3668, #3745, #5878 ) ) REPRESENTATION_CONTEXT ( 'NONE', 'WORKASPACE' ) );
#6774 = CARTESIAN_POINT ( 'NONE',  ( 2.570000000014099673, 1.535000000000749987, 0.000000000000000000 ) ) ;
#6775 = DIRECTION ( 'NONE',  ( -1.000000000000000000, 1.900169508683859993E-13, 0.000000000000000000 ) ) ;
#6776 = DIRECTION ( 'NONE',  ( 5.175258369995964598E-13, 1.000000000000000000, 0.000000000000000000 ) ) ;
#6777 = ORIENTED_EDGE ( 'NONE', *, *, #40, .T. ) ;
#6778 = FILL_AREA_STYLE ('',( #6677 ) ) ;
#6779 = FACE_OUTER_BOUND ( 'NONE', #6232, .T. ) ;
#6780 = ORIENTED_EDGE ( 'NONE', *, *, #3881, .T. ) ;
#6781 = DIRECTION ( 'NONE',  ( -6.862435148435169986E-13, 1.000000000000000000, 0.000000000000000000 ) ) ;
#6782 = ORIENTED_EDGE ( 'NONE', *, *, #1446, .F. ) ;
#6783 = FILL_AREA_STYLE_COLOUR ( '', #1460 ) ;
#6784 = CARTESIAN_POINT ( 'NONE',  ( 1.234101145984490167, -9.749546774551389172E-08, 0.2500000000000000000 ) ) ;
#6785 = CYLINDRICAL_SURFACE ( 'NONE', #449, 0.1499999999999881706 ) ;
#6786 = ORIENTED_EDGE ( 'NONE', *, *, #2177, .T. ) ;
#6787 =( NAMED_UNIT ( * ) PLANE_ANGLE_UNIT ( ) SI_UNIT ( $, .RADIAN. ) );
#6788 = LINE ( 'NONE', #3908, #5945 ) ;
#6789 = ORIENTED_EDGE ( 'NONE', *, *, #832, .T. ) ;
#6790 = FILL_AREA_STYLE_COLOUR ( '', #1752 ) ;
#6791 = ADVANCED_FACE ( 'NONE', ( #1291 ), #4147, .T. ) ;
#6792 =( GEOMETRIC_REPRESENTATION_CONTEXT ( 3 ) GLOBAL_UNCERTAINTY_ASSIGNED_CONTEXT ( ( #1836 ) ) GLOBAL_UNIT_ASSIGNED_CONTEXT ( ( #4634, #667, #109 ) ) REPRESENTATION_CONTEXT ( 'NONE', 'WORKASPACE' ) );
#6793 = LINE ( 'NONE', #1197, #2231 ) ;
#6794 = EDGE_CURVE ( 'NONE', #6688, #4873, #4291, .T. ) ;
#6795 = CLOSED_SHELL ( 'NONE', ( #6706, #3927, #3145, #3819, #4181, #6377, #5935, #2006, #6143, #1997, #7347, #2225, #5979, #6212, #6710, #1047, #1993, #1443, #4378, #7120, #4596, #5049, #7132, #7293, #899, #1671, #3843, #6791, #5801, #4727, #3356, #3791, #6342, #4195, #6520, #7399, #76, #4368, #1607, #6355, #4139, #490, #1348, #3228, #5367, #5237, #867, #6714, #4034, #864, #647, #4546, #3404, #2782, #306, #6928, #5808, #5074, #2412, #5270, #6260, #2851, #4411, #5166, #4110, #7220, #6257, #7148, #2927, #5928, #6767, #5478, #4232, #1589, #1252, #662, #1401, #979, #4913, #6187, #4041, #5151, #1992, #2553, #4962, #4589 ) ) ;
#6796 = EDGE_CURVE ( 'NONE', #918, #5656, #1865, .T. ) ;
#6797 =( BOUNDED_CURVE ( )  B_SPLINE_CURVE ( 3, ( #2311, #4629, #4073, #6365 ),
 .UNSPECIFIED., .F., .F. ) 
 B_SPLINE_CURVE_WITH_KNOTS ( ( 4, 4 ),
 ( 5.410520681138035748, 6.108652381891375605 ),
 .UNSPECIFIED. ) 
 CURVE ( )  GEOMETRIC_REPRESENTATION_ITEM ( )  RATIONAL_B_SPLINE_CURVE ( ( 1.000000000000000000, 0.9597950805289998666, 0.9597950805289998666, 1.000000000000000000 ) ) 
 REPRESENTATION_ITEM ( '' )  );
#6798 = SURFACE_STYLE_FILL_AREA ( #4641 ) ;
#6799 = AXIS2_PLACEMENT_3D ( 'NONE', #5900, #6051, #4774 ) ;
#6800 = EDGE_CURVE ( 'NONE', #4983, #2254, #698, .T. ) ;
#6801 = ORIENTED_EDGE ( 'NONE', *, *, #305, .F. ) ;
#6802 = CARTESIAN_POINT ( 'NONE',  ( 2.420000000014369768, -0.2500000000007960299, 0.000000000000000000 ) ) ;
#6803 = CARTESIAN_POINT ( 'NONE',  ( 2.789999999999639879, -1.535000000001719878, 0.000000000000000000 ) ) ;
#6804 = ADVANCED_FACE ( 'NONE', ( #3697 ), #5264, .T. ) ;
#6805 = PLANE ( 'NONE',  #3438 ) ;
#6806 = ORIENTED_EDGE ( 'NONE', *, *, #6800, .T. ) ;
#6807 = ORIENTED_EDGE ( 'NONE', *, *, #5453, .T. ) ;
#6808 = LINE ( 'NONE', #5759, #7251 ) ;
#6809 = DIRECTION ( 'NONE',  ( 0.000000000000000000, 0.000000000000000000, 1.000000000000000000 ) ) ;
#6810 = DIRECTION ( 'NONE',  ( -1.000000000000000000, 2.726707748505500025E-12, 0.000000000000000000 ) ) ;
#6811 = ORIENTED_EDGE ( 'NONE', *, *, #967, .F. ) ;
#6812 = FILL_AREA_STYLE ('',( #2818 ) ) ;
#6813 =( NAMED_UNIT ( * ) SI_UNIT ( $, .STERADIAN. ) SOLID_ANGLE_UNIT ( ) );
#6814 = UNCERTAINTY_MEASURE_WITH_UNIT (LENGTH_MEASURE( 1.000000000000000082E-05 ), #3338, 'distance_accuracy_value', 'NONE');
#6815 = MECHANICAL_DESIGN_GEOMETRIC_PRESENTATION_REPRESENTATION (  '', ( #3217 ), #3698 ) ;
#6816 = SURFACE_SIDE_STYLE ('',( #2349 ) ) ;
#6817 = LINE ( 'NONE', #3966, #2741 ) ;
#6818 = EDGE_CURVE ( 'NONE', #1438, #5596, #4969, .T. ) ;
#6819 = DIRECTION ( 'NONE',  ( 0.000000000000000000, 0.000000000000000000, 1.000000000000000000 ) ) ;
#6820 = CARTESIAN_POINT ( 'NONE',  ( 2.739999999999999769, 2.575000000000000178, 0.02000000000000000042 ) ) ;
#6821 = VECTOR ( 'NONE', #1209, 1000.000000000000000 ) ;
#6822 = MECHANICAL_DESIGN_GEOMETRIC_PRESENTATION_REPRESENTATION (  '', ( #4788 ), #4529 ) ;
#6823 = UNCERTAINTY_MEASURE_WITH_UNIT (LENGTH_MEASURE( 1.000000000000000082E-05 ), #4640, 'distance_accuracy_value', 'NONE');
#6824 = CARTESIAN_POINT ( 'NONE',  ( 2.433578643779580108, 2.224999999999110134, 0.000000000000000000 ) ) ;
#6825 = MECHANICAL_DESIGN_GEOMETRIC_PRESENTATION_REPRESENTATION (  '', ( #2478 ), #2973 ) ;
#6826 = ORIENTED_EDGE ( 'NONE', *, *, #2121, .F. ) ;
#6827 = APPLICATION_PROTOCOL_DEFINITION ( 'draft international standard', 'automotive_design', 1998, #6556 ) ;
#6828 = ORIENTED_EDGE ( 'NONE', *, *, #1128, .F. ) ;
#6829 = CIRCLE ( 'NONE', #3839, 0.1499999999997740086 ) ;
#6830 = VECTOR ( 'NONE', #2119, 1000.000000000000000 ) ;
#6831 = CARTESIAN_POINT ( 'NONE',  ( -0.5800000000228350272, -2.477098005438509887, 0.2500000000000000000 ) ) ;
#6832 = EDGE_CURVE ( 'NONE', #1790, #829, #4398, .T. ) ;
#6833 = LINE ( 'NONE', #5706, #5673 ) ;
#6834 = VERTEX_POINT ( 'NONE', #2616 ) ;
#6835 = PLANE ( 'NONE',  #124 ) ;
#6836 = ORIENTED_EDGE ( 'NONE', *, *, #50, .T. ) ;
#6837 = FACE_OUTER_BOUND ( 'NONE', #2835, .T. ) ;
#6838 =( NAMED_UNIT ( * ) PLANE_ANGLE_UNIT ( ) SI_UNIT ( $, .RADIAN. ) );
#6839 = DIRECTION ( 'NONE',  ( -1.000000000000000000, 1.836970198721024757E-16, -3.659266894335745055E-31 ) ) ;
#6840 = CIRCLE ( 'NONE', #5875, 0.1499999999986880717 ) ;
#6841 = ORIENTED_EDGE ( 'NONE', *, *, #409, .T. ) ;
#6842 = FILL_AREA_STYLE ('',( #1201 ) ) ;
#6843 = DIRECTION ( 'NONE',  ( 0.000000000000000000, 0.000000000000000000, -1.000000000000000000 ) ) ;
#6844 = COLOUR_RGB ( '',0.8666666666666666963, 0.8666666666666666963, 0.8666666666666666963 ) ;
#6845 = DIRECTION ( 'NONE',  ( 0.000000000000000000, 0.000000000000000000, 1.000000000000000000 ) ) ;
#6846 = ADVANCED_FACE ( 'NONE', ( #3854 ), #1445, .T. ) ;
#6847 = VERTEX_POINT ( 'NONE', #2700 ) ;
#6848 = CIRCLE ( 'NONE', #1288, 0.2250000000004279688 ) ;
#6849 = VERTEX_POINT ( 'NONE', #1488 ) ;
#6850 = CARTESIAN_POINT ( 'NONE',  ( 2.420000000014369768, 0.2650000000008959633, 0.000000000000000000 ) ) ;
#6851 = PLANE ( 'NONE',  #2471 ) ;
#6852 = VECTOR ( 'NONE', #4806, 1000.000000000000000 ) ;
#6853 = ORIENTED_EDGE ( 'NONE', *, *, #4739, .T. ) ;
#6854 = CARTESIAN_POINT ( 'NONE',  ( -2.770000000045059974, 1.684999999999510001, 0.000000000000000000 ) ) ;
#6855 =( NAMED_UNIT ( * ) PLANE_ANGLE_UNIT ( ) SI_UNIT ( $, .RADIAN. ) );
#6856 = COLOUR_RGB ( '',0.8666666666666666963, 0.8666666666666666963, 0.8666666666666666963 ) ;
#6857 = DIRECTION ( 'NONE',  ( -1.000000000000000000, 1.024503482365150050E-12, 0.000000000000000000 ) ) ;
#6858 = AXIS2_PLACEMENT_3D ( 'NONE', #1069, #5500, #3259 ) ;
#6859 = ADVANCED_FACE ( 'NONE', ( #7216 ), #2580, .T. ) ;
#6860 = LINE ( 'NONE', #6820, #7410 ) ;
#6861 = CARTESIAN_POINT ( 'NONE',  ( -1.080000000033069840, 2.225000000000000089, 0.000000000000000000 ) ) ;
#6862 = CARTESIAN_POINT ( 'NONE',  ( 3.220222332087329775, 0.9299999999988129984, 0.000000000000000000 ) ) ;
#6863 = CARTESIAN_POINT ( 'NONE',  ( 2.575000000017050095, -2.275000000000380052, 0.2500000000000000000 ) ) ;
#6864 = ORIENTED_EDGE ( 'NONE', *, *, #4517, .T. ) ;
#6865 = EDGE_LOOP ( 'NONE', ( #7019, #3667, #2922, #1256 ) ) ;
#6866 = MECHANICAL_DESIGN_GEOMETRIC_PRESENTATION_REPRESENTATION (  '', ( #4352 ), #7219 ) ;
#6867 =( LENGTH_UNIT ( ) NAMED_UNIT ( * ) SI_UNIT ( .MILLI., .METRE. ) );
#6868 = CARTESIAN_POINT ( 'NONE',  ( -3.220000000017390285, -0.9200202810956169541, 0.000000000000000000 ) ) ;
#6869 = VERTEX_POINT ( 'NONE', #3174 ) ;
#6870 = SURFACE_SIDE_STYLE ('',( #2257 ) ) ;
#6871 = ORIENTED_EDGE ( 'NONE', *, *, #3494, .F. ) ;
#6872 = FILL_AREA_STYLE_COLOUR ( '', #3341 ) ;
#6873 = FACE_OUTER_BOUND ( 'NONE', #5968, .T. ) ;
#6874 =( GEOMETRIC_REPRESENTATION_CONTEXT ( 3 ) GLOBAL_UNCERTAINTY_ASSIGNED_CONTEXT ( ( #3511 ) ) GLOBAL_UNIT_ASSIGNED_CONTEXT ( ( #1469, #3719, #2489 ) ) REPRESENTATION_CONTEXT ( 'NONE', 'WORKASPACE' ) );
#6875 = VERTEX_POINT ( 'NONE', #894 ) ;
#6876 =( NAMED_UNIT ( * ) PLANE_ANGLE_UNIT ( ) SI_UNIT ( $, .RADIAN. ) );
#6877 = CIRCLE ( 'NONE', #3766, 0.1500000000000458189 ) ;
#6878 = DIRECTION ( 'NONE',  ( -0.8660254037825347861, -0.5000000000032976955, 0.000000000000000000 ) ) ;
#6879 = ORIENTED_EDGE ( 'NONE', *, *, #2021, .F. ) ;
#6880 = ORIENTED_EDGE ( 'NONE', *, *, #1141, .F. ) ;
#6881 = ORIENTED_EDGE ( 'NONE', *, *, #2324, .F. ) ;
#6882 = SURFACE_STYLE_FILL_AREA ( #615 ) ;
#6883 = CARTESIAN_POINT ( 'NONE',  ( -0.6800000000228580976, -2.377098005438599948, 0.000000000000000000 ) ) ;
#6884 = VECTOR ( 'NONE', #6142, 1000.000000000000000 ) ;
#6885 = DIRECTION ( 'NONE',  ( 0.000000000000000000, 1.000000000000000000, 0.000000000000000000 ) ) ;
#6886 = AXIS2_PLACEMENT_3D ( 'NONE', #2602, #7201, #342 ) ;
#6887 = CARTESIAN_POINT ( 'NONE',  ( -2.310000001215910093, 2.124999999997390088, 0.2500000000000000000 ) ) ;
#6888 = VECTOR ( 'NONE', #7492, 1000.000000000000000 ) ;
#6889 = PLANE ( 'NONE',  #1523 ) ;
#6890 = EDGE_CURVE ( 'NONE', #1979, #1729, #5012, .T. ) ;
#6891 = SURFACE_SIDE_STYLE ('',( #1716 ) ) ;
#6892 = UNCERTAINTY_MEASURE_WITH_UNIT (LENGTH_MEASURE( 1.000000000000000082E-05 ), #3161, 'distance_accuracy_value', 'NONE');
#6893 = CIRCLE ( 'NONE', #2804, 0.1500000000002879863 ) ;
#6894 = EDGE_CURVE ( 'NONE', #933, #5507, #937, .T. ) ;
#6895 = DIRECTION ( 'NONE',  ( -1.000000000000000000, 0.000000000000000000, 0.000000000000000000 ) ) ;
#6896 = SURFACE_SIDE_STYLE ('',( #3410 ) ) ;
#6897 = FILL_AREA_STYLE_COLOUR ( '', #789 ) ;
#6898 = EDGE_LOOP ( 'NONE', ( #4309, #1394, #4694, #1135 ) ) ;
#6899 = CARTESIAN_POINT ( 'NONE',  ( -2.919903810567349822, -1.610000000000469944, 0.2500000000000000000 ) ) ;
#6900 = VECTOR ( 'NONE', #4697, 1000.000000000000000 ) ;
#6901 =( NAMED_UNIT ( * ) PLANE_ANGLE_UNIT ( ) SI_UNIT ( $, .RADIAN. ) );
#6902 = CARTESIAN_POINT ( 'NONE',  ( -3.220221562247220337, -1.610000000000530118, 0.2500000000000000000 ) ) ;
#6903 =( NAMED_UNIT ( * ) SI_UNIT ( $, .STERADIAN. ) SOLID_ANGLE_UNIT ( ) );
#6904 = ORIENTED_EDGE ( 'NONE', *, *, #2236, .T. ) ;
#6905 = SURFACE_STYLE_FILL_AREA ( #4 ) ;
#6906 = FILL_AREA_STYLE_COLOUR ( '', #476 ) ;
#6907 = ORIENTED_EDGE ( 'NONE', *, *, #761, .T. ) ;
#6908 = FACE_OUTER_BOUND ( 'NONE', #3226, .T. ) ;
#6909 = CARTESIAN_POINT ( 'NONE',  ( -3.445000000018240360, 0.3499797189057530233, 0.000000000000000000 ) ) ;
#6910 = PRESENTATION_STYLE_ASSIGNMENT (( #2218 ) ) ;
#6911 = VECTOR ( 'NONE', #6279, 1000.000000000000000 ) ;
#6912 = VERTEX_POINT ( 'NONE', #5559 ) ;
#6913 =( NAMED_UNIT ( * ) PLANE_ANGLE_UNIT ( ) SI_UNIT ( $, .RADIAN. ) );
#6914 = VERTEX_POINT ( 'NONE', #2152 ) ;
#6915 = CIRCLE ( 'NONE', #368, 0.2249999999944019280 ) ;
#6916 = EDGE_LOOP ( 'NONE', ( #3165, #5324, #1528, #466 ) ) ;
#6917 = EDGE_LOOP ( 'NONE', ( #4625, #1080, #3316, #4768 ) ) ;
#6918 = SURFACE_SIDE_STYLE ('',( #6882 ) ) ;
#6919 = STYLED_ITEM ( 'NONE', ( #3676 ), #899 ) ;
#6920 = DIRECTION ( 'NONE',  ( -0.1736481777543580352, 0.000000000000000000, 0.9848077529967922406 ) ) ;
#6921 = STYLED_ITEM ( 'NONE', ( #5006 ), #3360 ) ;
#6922 = LINE ( 'NONE', #3574, #5113 ) ;
#6923 = ADVANCED_FACE ( 'NONE', ( #391 ), #323, .T. ) ;
#6924 =( LENGTH_UNIT ( ) NAMED_UNIT ( * ) SI_UNIT ( .MILLI., .METRE. ) );
#6925 = LINE ( 'NONE', #6405, #51 ) ;
#6926 = CARTESIAN_POINT ( 'NONE',  ( -2.734536859228380301, -2.569536859228380266, 0.1242429361110240077 ) ) ;
#6927 = DIRECTION ( 'NONE',  ( 0.000000000000000000, 0.000000000000000000, -1.000000000000000000 ) ) ;
#6928 = ADVANCED_FACE ( 'NONE', ( #4029 ), #6954, .T. ) ;
#6929 = FACE_OUTER_BOUND ( 'NONE', #4128, .T. ) ;
#6930 = ADVANCED_FACE ( 'NONE', ( #6324 ), #6851, .T. ) ;
#6931 = DIRECTION ( 'NONE',  ( 0.000000000000000000, 0.000000000000000000, 1.000000000000000000 ) ) ;
#6932 = CARTESIAN_POINT ( 'NONE',  ( 2.570000000014289743, 0.4150000000008370327, 0.2500000000000000000 ) ) ;
#6933 = FILL_AREA_STYLE_COLOUR ( '', #5328 ) ;
#6934 = PRESENTATION_LAYER_ASSIGNMENT (  '', '', ( #4652 ) ) ;
#6935 =( LENGTH_UNIT ( ) NAMED_UNIT ( * ) SI_UNIT ( .MILLI., .METRE. ) );
#6936 = PLANE ( 'NONE',  #3241 ) ;
#6937 = EDGE_CURVE ( 'NONE', #3763, #6195, #1667, .T. ) ;
#6938 = AXIS2_PLACEMENT_3D ( 'NONE', #5856, #156, #2443 ) ;
#6939 = DIRECTION ( 'NONE',  ( 0.9990158634964972917, -0.04435430624356512253, 0.000000000000000000 ) ) ;
#6940 = FILL_AREA_STYLE ('',( #526 ) ) ;
#6941 = ORIENTED_EDGE ( 'NONE', *, *, #1307, .T. ) ;
#6942 = DIRECTION ( 'NONE',  ( 0.000000000000000000, 0.000000000000000000, 1.000000000000000000 ) ) ;
#6943 = CYLINDRICAL_SURFACE ( 'NONE', #5652, 0.1499999999999970246 ) ;
#6944 = EDGE_LOOP ( 'NONE', ( #1881, #6836, #430, #2812 ) ) ;
#6945 = FILL_AREA_STYLE ('',( #459 ) ) ;
#6946 =( NAMED_UNIT ( * ) SI_UNIT ( $, .STERADIAN. ) SOLID_ANGLE_UNIT ( ) );
#6947 = MECHANICAL_DESIGN_GEOMETRIC_PRESENTATION_REPRESENTATION (  '', ( #1757 ), #3709 ) ;
#6948 = ORIENTED_EDGE ( 'NONE', *, *, #1672, .T. ) ;
#6949 = SURFACE_STYLE_USAGE ( .BOTH. , #4577 ) ;
#6950 = CARTESIAN_POINT ( 'NONE',  ( -2.610271787389510045, 2.212499999999999911, 0.9173648177754361033 ) ) ;
#6951 = VERTEX_POINT ( 'NONE', #504 ) ;
#6952 = ORIENTED_EDGE ( 'NONE', *, *, #3204, .T. ) ;
#6953 = DIRECTION ( 'NONE',  ( 2.127927463864883908E-12, 1.000000000000000000, 0.000000000000000000 ) ) ;
#6954 = PLANE ( 'NONE',  #6096 ) ;
#6955 = ORIENTED_EDGE ( 'NONE', *, *, #2461, .F. ) ;
#6956 = CIRCLE ( 'NONE', #6000, 0.1499999999997349842 ) ;
#6957 = AXIS2_PLACEMENT_3D ( 'NONE', #7126, #6679, #4907 ) ;
#6958 = SURFACE_STYLE_FILL_AREA ( #549 ) ;
#6959 = PRESENTATION_STYLE_ASSIGNMENT (( #4670 ) ) ;
#6960 = PRESENTATION_LAYER_ASSIGNMENT (  '', '', ( #4208 ) ) ;
#6961 =( GEOMETRIC_REPRESENTATION_CONTEXT ( 3 ) GLOBAL_UNCERTAINTY_ASSIGNED_CONTEXT ( ( #1755 ) ) GLOBAL_UNIT_ASSIGNED_CONTEXT ( ( #5563, #6254, #358 ) ) REPRESENTATION_CONTEXT ( 'NONE', 'WORKASPACE' ) );
#6962 = LINE ( 'NONE', #4150, #171 ) ;
#6963 = EDGE_CURVE ( 'NONE', #2153, #1438, #7442, .T. ) ;
#6964 = VECTOR ( 'NONE', #5194, 1000.000000000000000 ) ;
#6965 = STYLED_ITEM ( 'NONE', ( #5240 ), #6416 ) ;
#6966 = MECHANICAL_DESIGN_GEOMETRIC_PRESENTATION_REPRESENTATION (  '', ( #2753 ), #5045 ) ;
#6967 = FILL_AREA_STYLE_COLOUR ( '', #5586 ) ;
#6968 = UNCERTAINTY_MEASURE_WITH_UNIT (LENGTH_MEASURE( 1.000000000000000082E-05 ), #1899, 'distance_accuracy_value', 'NONE');
#6969 = ORIENTED_EDGE ( 'NONE', *, *, #2899, .T. ) ;
#6970 = CIRCLE ( 'NONE', #2757, 0.1499999999999999667 ) ;
#6971 = FILL_AREA_STYLE_COLOUR ( '', #7443 ) ;
#6972 = CARTESIAN_POINT ( 'NONE',  ( -2.310000001215910093, 2.124999999997390088, 0.000000000000000000 ) ) ;
#6973 = SURFACE_STYLE_USAGE ( .BOTH. , #7457 ) ;
#6974 = CYLINDRICAL_SURFACE ( 'NONE', #5148, 0.09999999999999979738 ) ;
#6975 = STYLED_ITEM ( 'NONE', ( #440 ), #6665 ) ;
#6976 = UNCERTAINTY_MEASURE_WITH_UNIT (LENGTH_MEASURE( 1.000000000000000082E-05 ), #1266, 'distance_accuracy_value', 'NONE');
#6977 = FILL_AREA_STYLE_COLOUR ( '', #3882 ) ;
#6978 = LINE ( 'NONE', #2909, #6518 ) ;
#6979 = ORIENTED_EDGE ( 'NONE', *, *, #5455, .F. ) ;
#6980 = SURFACE_STYLE_FILL_AREA ( #2441 ) ;
#6981 = SURFACE_SIDE_STYLE ('',( #5244 ) ) ;
#6982 = ORIENTED_EDGE ( 'NONE', *, *, #6437, .F. ) ;
#6983 = FILL_AREA_STYLE ('',( #5248 ) ) ;
#6984 = FILL_AREA_STYLE_COLOUR ( '', #6844 ) ;
#6985 = EDGE_CURVE ( 'NONE', #5596, #5024, #885, .T. ) ;
#6986 = CARTESIAN_POINT ( 'NONE',  ( 2.570000000014419861, 0.8550000000002230260, 0.2500000000000000000 ) ) ;
#6987 = ORIENTED_EDGE ( 'NONE', *, *, #3000, .T. ) ;
#6988 = EDGE_CURVE ( 'NONE', #1131, #5893, #1284, .T. ) ;
#6989 = ORIENTED_EDGE ( 'NONE', *, *, #4465, .F. ) ;
#6990 = LINE ( 'NONE', #5291, #1473 ) ;
#6991 =( NAMED_UNIT ( * ) SI_UNIT ( $, .STERADIAN. ) SOLID_ANGLE_UNIT ( ) );
#6992 = LINE ( 'NONE', #207, #6459 ) ;
#6993 = AXIS2_PLACEMENT_3D ( 'NONE', #1892, #4850, #6461 ) ;
#6994 = CARTESIAN_POINT ( 'NONE',  ( -2.770000000045069743, 1.534999999999530074, 0.000000000000000000 ) ) ;
#6995 = DIRECTION ( 'NONE',  ( 0.000000000000000000, 0.000000000000000000, 1.000000000000000000 ) ) ;
#6996 = VECTOR ( 'NONE', #452, 1000.000000000000000 ) ;
#6997 = VECTOR ( 'NONE', #2987, 1000.000000000000000 ) ;
#6998 = CARTESIAN_POINT ( 'NONE',  ( 2.594268284767873300, -2.429268284767871044, 0.9613340798499611095 ) ) ;
#6999 = EDGE_CURVE ( 'NONE', #1928, #1383, #3692, .T. ) ;
#7000 = SURFACE_SIDE_STYLE ('',( #2542 ) ) ;
#7001 = CARTESIAN_POINT ( 'NONE',  ( -2.620000000045179966, -0.2650000000006679790, 0.2500000000000000000 ) ) ;
#7002 =( LENGTH_UNIT ( ) NAMED_UNIT ( * ) SI_UNIT ( .MILLI., .METRE. ) );
#7003 = MECHANICAL_DESIGN_GEOMETRIC_PRESENTATION_REPRESENTATION (  '', ( #6412 ), #4365 ) ;
#7004 = DIRECTION ( 'NONE',  ( -1.000000000000000000, -2.130944959194069933E-13, 0.000000000000000000 ) ) ;
#7005 = ORIENTED_EDGE ( 'NONE', *, *, #2695, .F. ) ;
#7006 =( NAMED_UNIT ( * ) SI_UNIT ( $, .STERADIAN. ) SOLID_ANGLE_UNIT ( ) );
#7007 = VECTOR ( 'NONE', #5846, 1000.000000000000000 ) ;
#7008 = CARTESIAN_POINT ( 'NONE',  ( 2.374999999997129851, 1.519999999999190221, 0.2500000000000000000 ) ) ;
#7009 =( NAMED_UNIT ( * ) PLANE_ANGLE_UNIT ( ) SI_UNIT ( $, .RADIAN. ) );
#7010 = STYLED_ITEM ( 'NONE', ( #7390 ), #1589 ) ;
#7011 =( NAMED_UNIT ( * ) PLANE_ANGLE_UNIT ( ) SI_UNIT ( $, .RADIAN. ) );
#7012 = PRESENTATION_LAYER_ASSIGNMENT (  '', '', ( #712 ) ) ;
#7013 = LINE ( 'NONE', #5278, #3768 ) ;
#7014 = DIRECTION ( 'NONE',  ( 1.000000000000000000, 0.000000000000000000, 0.000000000000000000 ) ) ;
#7015 = LINE ( 'NONE', #5890, #5409 ) ;
#7016 = ORIENTED_EDGE ( 'NONE', *, *, #1360, .T. ) ;
#7017 = CYLINDRICAL_SURFACE ( 'NONE', #3685, 0.1499999999997349842 ) ;
#7018 =( NAMED_UNIT ( * ) PLANE_ANGLE_UNIT ( ) SI_UNIT ( $, .RADIAN. ) );
#7019 = ORIENTED_EDGE ( 'NONE', *, *, #4300, .F. ) ;
#7020 = FILL_AREA_STYLE ('',( #1630 ) ) ;
#7021 = CARTESIAN_POINT ( 'NONE',  ( 2.789999999999570157, 0.8550000000001318767, 0.000000000000000000 ) ) ;
#7022 =( GEOMETRIC_REPRESENTATION_CONTEXT ( 3 ) GLOBAL_UNCERTAINTY_ASSIGNED_CONTEXT ( ( #901 ) ) GLOBAL_UNIT_ASSIGNED_CONTEXT ( ( #6085, #1479, #4818 ) ) REPRESENTATION_CONTEXT ( 'NONE', 'WORKASPACE' ) );
#7023 =( NAMED_UNIT ( * ) PLANE_ANGLE_UNIT ( ) SI_UNIT ( $, .RADIAN. ) );
#7024 = SURFACE_STYLE_USAGE ( .BOTH. , #4244 ) ;
#7025 = CIRCLE ( 'NONE', #2817, 0.1499999999999639677 ) ;
#7026 = CARTESIAN_POINT ( 'NONE',  ( -0.08000000002280670264, 2.377098005438369466, 0.000000000000000000 ) ) ;
#7027 = PLANE ( 'NONE',  #5729 ) ;
#7028 = EDGE_CURVE ( 'NONE', #4807, #994, #3082, .T. ) ;
#7029 = VERTEX_POINT ( 'NONE', #2457 ) ;
#7030 = ORIENTED_EDGE ( 'NONE', *, *, #2127, .F. ) ;
#7031 = CARTESIAN_POINT ( 'NONE',  ( 2.594268284767877297, 2.429268284767875485, 0.9613340798499576678 ) ) ;
#7033 = EDGE_CURVE ( 'NONE', #2772, #2258, #7139, .T. ) ;
#7032 = DIRECTION ( 'NONE',  ( 1.000000000000000000, 0.000000000000000000, 0.000000000000000000 ) ) ;
#7034 = CARTESIAN_POINT ( 'NONE',  ( 2.433578643779580108, 2.224999999999110134, 0.000000000000000000 ) ) ;
#7035 = EDGE_CURVE ( 'NONE', #740, #5974, #6545, .T. ) ;
#7036 = CARTESIAN_POINT ( 'NONE',  ( 2.570000000014739605, -1.535000000000650067, 0.000000000000000000 ) ) ;
#7037 = EDGE_CURVE ( 'NONE', #3223, #6869, #6992, .T. ) ;
#7038 =( NAMED_UNIT ( * ) SI_UNIT ( $, .STERADIAN. ) SOLID_ANGLE_UNIT ( ) );
#7039 = EDGE_CURVE ( 'NONE', #715, #2791, #5865, .T. ) ;
#7040 = PRESENTATION_LAYER_ASSIGNMENT (  '', '', ( #1491 ) ) ;
#7041 = DIRECTION ( 'NONE',  ( 0.000000000000000000, 0.000000000000000000, 1.000000000000000000 ) ) ;
#7042 = LINE ( 'NONE', #5984, #6469 ) ;
#7043 = AXIS2_PLACEMENT_3D ( 'NONE', #6368, #5771, #552 ) ;
#7044 = DIRECTION ( 'NONE',  ( 0.000000000000000000, 0.000000000000000000, 1.000000000000000000 ) ) ;
#7045 = COLOUR_RGB ( '',0.8666666666666666963, 0.8666666666666666963, 0.8666666666666666963 ) ;
#7046 = CARTESIAN_POINT ( 'NONE',  ( -0.6800000000228580976, -2.225000000000249667, 0.000000000000000000 ) ) ;
#7047 = UNCERTAINTY_MEASURE_WITH_UNIT (LENGTH_MEASURE( 1.000000000000000082E-05 ), #147, 'distance_accuracy_value', 'NONE');
#7048 = EDGE_CURVE ( 'NONE', #1822, #7029, #3658, .T. ) ;
#7049 = ORIENTED_EDGE ( 'NONE', *, *, #6894, .F. ) ;
#7050 = DIRECTION ( 'NONE',  ( 3.637090635158829833E-12, 1.000000000000000000, 0.000000000000000000 ) ) ;
#7051 = CARTESIAN_POINT ( 'NONE',  ( -2.744999999999950813, 0.4129019945693187532, 0.000000000000000000 ) ) ;
#7052 = LINE ( 'NONE', #6445, #302 ) ;
#7053 = FILL_AREA_STYLE ('',( #3671 ) ) ;
#7054 = DIRECTION ( 'NONE',  ( 4.736951571666509666E-14, -1.000000000000000000, 0.000000000000000000 ) ) ;
#7055 = ORIENTED_EDGE ( 'NONE', *, *, #5517, .F. ) ;
#7056 = VECTOR ( 'NONE', #5804, 1000.000000000000000 ) ;
#7057 = LINE ( 'NONE', #4056, #6900 ) ;
#7058 = ORIENTED_EDGE ( 'NONE', *, *, #6128, .F. ) ;
#7059 = CARTESIAN_POINT ( 'NONE',  ( 2.919903810567459956, 1.609999999999100151, 0.000000000000000000 ) ) ;
#7060 = DIRECTION ( 'NONE',  ( 0.1666666669675726797, 0.9860132971324069295, 0.000000000000000000 ) ) ;
#7061 = EDGE_CURVE ( 'NONE', #7288, #262, #5976, .T. ) ;
#7062 = MECHANICAL_DESIGN_GEOMETRIC_PRESENTATION_REPRESENTATION (  '', ( #4060 ), #5741 ) ;
#7063 = CARTESIAN_POINT ( 'NONE',  ( 2.919903810567660241, -2.200000000000000178, 0.000000000000000000 ) ) ;
#7064 = MECHANICAL_DESIGN_GEOMETRIC_PRESENTATION_REPRESENTATION (  '', ( #6098 ), #4786 ) ;
#7065 =( NAMED_UNIT ( * ) PLANE_ANGLE_UNIT ( ) SI_UNIT ( $, .RADIAN. ) );
#7066 = FILL_AREA_STYLE_COLOUR ( '', #4763 ) ;
#7067 = VERTEX_POINT ( 'NONE', #2961 ) ;
#7068 = ORIENTED_EDGE ( 'NONE', *, *, #2793, .T. ) ;
#7069 = FILL_AREA_STYLE ('',( #763 ) ) ;
#7070 = CARTESIAN_POINT ( 'NONE',  ( 2.420000000014369768, -1.020000000000760076, 0.000000000000000000 ) ) ;
#7071 = COLOUR_RGB ( '',0.8666666666666666963, 0.8666666666666666963, 0.8666666666666666963 ) ;
#7072 = SURFACE_SIDE_STYLE ('',( #4821 ) ) ;
#7073 =( GEOMETRIC_REPRESENTATION_CONTEXT ( 3 ) GLOBAL_UNCERTAINTY_ASSIGNED_CONTEXT ( ( #5690 ) ) GLOBAL_UNIT_ASSIGNED_CONTEXT ( ( #7002, #5336, #3579 ) ) REPRESENTATION_CONTEXT ( 'NONE', 'WORKASPACE' ) );
#7074 = AXIS2_PLACEMENT_3D ( 'NONE', #3739, #250, #814 ) ;
#7075 = EDGE_CURVE ( 'NONE', #5590, #6031, #2535, .T. ) ;
#7076 = FACE_OUTER_BOUND ( 'NONE', #318, .T. ) ;
#7077 = DIRECTION ( 'NONE',  ( 1.000000000000000000, 1.402668490622447894E-11, 0.000000000000000000 ) ) ;
#7078 = STYLED_ITEM ( 'NONE', ( #557 ), #2786 ) ;
#7079 =( GEOMETRIC_REPRESENTATION_CONTEXT ( 3 ) GLOBAL_UNCERTAINTY_ASSIGNED_CONTEXT ( ( #6968 ) ) GLOBAL_UNIT_ASSIGNED_CONTEXT ( ( #1899, #3805, #5944 ) ) REPRESENTATION_CONTEXT ( 'NONE', 'WORKASPACE' ) );
#7080 = LINE ( 'NONE', #3093, #6558 ) ;
#7081 = ORIENTED_EDGE ( 'NONE', *, *, #869, .F. ) ;
#7082 = AXIS2_PLACEMENT_3D ( 'NONE', #6015, #804, #7166 ) ;
#7083 = PRESENTATION_STYLE_ASSIGNMENT (( #4756 ) ) ;
#7084 = STYLED_ITEM ( 'NONE', ( #394 ), #2347 ) ;
#7085 = DIRECTION ( 'NONE',  ( -1.000000000000000000, 0.000000000000000000, -1.041797568577796133E-15 ) ) ;
#7086 = EDGE_CURVE ( 'NONE', #1654, #2637, #1966, .T. ) ;
#7087 = DIRECTION ( 'NONE',  ( 0.000000000000000000, 0.000000000000000000, 1.000000000000000000 ) ) ;
#7088 = SURFACE_STYLE_FILL_AREA ( #3020 ) ;
#7089 = PLANE ( 'NONE',  #221 ) ;
#7090 = AXIS2_PLACEMENT_3D ( 'NONE', #5161, #2283, #2903 ) ;
#7091 =( NAMED_UNIT ( * ) SI_UNIT ( $, .STERADIAN. ) SOLID_ANGLE_UNIT ( ) );
#7092 =( GEOMETRIC_REPRESENTATION_CONTEXT ( 3 ) GLOBAL_UNCERTAINTY_ASSIGNED_CONTEXT ( ( #6066 ) ) GLOBAL_UNIT_ASSIGNED_CONTEXT ( ( #2980, #7009, #1685 ) ) REPRESENTATION_CONTEXT ( 'NONE', 'WORKASPACE' ) );
#7093 = PLANE ( 'NONE',  #304 ) ;
#7094 = CARTESIAN_POINT ( 'NONE',  ( -2.770000000045059974, 1.534999999999530074, 0.2500000000000000000 ) ) ;
#7095 = ORIENTED_EDGE ( 'NONE', *, *, #1994, .F. ) ;
#7096 = DIRECTION ( 'NONE',  ( -1.000000000000000000, 4.779827929315450182E-13, 0.000000000000000000 ) ) ;
#7097 = VERTEX_POINT ( 'NONE', #7070 ) ;
#7098 =( LENGTH_UNIT ( ) NAMED_UNIT ( * ) SI_UNIT ( .MILLI., .METRE. ) );
#7099 = ORIENTED_EDGE ( 'NONE', *, *, #4592, .T. ) ;
#7100 = FACE_OUTER_BOUND ( 'NONE', #4674, .T. ) ;
#7101 = CYLINDRICAL_SURFACE ( 'NONE', #1843, 0.1499999999999800937 ) ;
#7102 = CARTESIAN_POINT ( 'NONE',  ( 2.420000000014369768, 1.519999999999190221, 0.000000000000000000 ) ) ;
#7103 = FACE_OUTER_BOUND ( 'NONE', #4852, .T. ) ;
#7104 =( LENGTH_UNIT ( ) NAMED_UNIT ( * ) SI_UNIT ( .MILLI., .METRE. ) );
#7105 = EDGE_LOOP ( 'NONE', ( #538, #3462, #3718, #2143 ) ) ;
#7106 = ORIENTED_EDGE ( 'NONE', *, *, #6985, .T. ) ;
#7107 = PRODUCT ( 'IAUCN04S7L019ATMA1', 'IAUCN04S7L019ATMA1', '', ( #7380 ) ) ;
#7108 = FILL_AREA_STYLE ('',( #3081 ) ) ;
#7109 = PRESENTATION_STYLE_ASSIGNMENT (( #5905 ) ) ;
#7110 = VECTOR ( 'NONE', #1802, 1000.000000000000000 ) ;
#7111 = FILL_AREA_STYLE ('',( #1902 ) ) ;
#7112 = FACE_OUTER_BOUND ( 'NONE', #2886, .T. ) ;
#7113 = CARTESIAN_POINT ( 'NONE',  ( -2.117252226092792178, 1.550000000000000044, 0.9979999999999999982 ) ) ;
#7114 = DIRECTION ( 'NONE',  ( 0.9990158634964972917, -0.04435430624356512253, 0.000000000000000000 ) ) ;
#7115 = UNCERTAINTY_MEASURE_WITH_UNIT (LENGTH_MEASURE( 1.000000000000000082E-05 ), #4322, 'distance_accuracy_value', 'NONE');
#7116 = ORIENTED_EDGE ( 'NONE', *, *, #803, .T. ) ;
#7117 = EDGE_CURVE ( 'NONE', #1767, #6847, #1825, .T. ) ;
#7118 = FILL_AREA_STYLE ('',( #3257 ) ) ;
#7119 = SURFACE_STYLE_USAGE ( .BOTH. , #4841 ) ;
#7120 = ADVANCED_FACE ( 'NONE', ( #3617 ), #3008, .T. ) ;
#7121 = UNCERTAINTY_MEASURE_WITH_UNIT (LENGTH_MEASURE( 1.000000000000000082E-05 ), #4270, 'distance_accuracy_value', 'NONE');
#7122 = LINE ( 'NONE', #6526, #4435 ) ;
#7123 = DIRECTION ( 'NONE',  ( -0.8660254037831129903, -0.5000000000022961633, 0.000000000000000000 ) ) ;
#7124 = ORIENTED_EDGE ( 'NONE', *, *, #4043, .T. ) ;
#7125 = AXIS2_PLACEMENT_3D ( 'NONE', #2171, #6757, #5164 ) ;
#7126 = CARTESIAN_POINT ( 'NONE',  ( 2.570000000014140085, 0.2650000000010639956, 0.000000000000000000 ) ) ;
#7127 = ORIENTED_EDGE ( 'NONE', *, *, #1461, .F. ) ;
#7128 = SURFACE_STYLE_FILL_AREA ( #1424 ) ;
#7129 = ORIENTED_EDGE ( 'NONE', *, *, #307, .F. ) ;
#7130 = SURFACE_STYLE_USAGE ( .BOTH. , #2995 ) ;
#7131 = COLOUR_RGB ( '',0.8666666666666666963, 0.8666666666666666963, 0.8666666666666666963 ) ;
#7132 = ADVANCED_FACE ( 'NONE', ( #4854 ), #2573, .T. ) ;
#7133 =( NAMED_UNIT ( * ) SI_UNIT ( $, .STERADIAN. ) SOLID_ANGLE_UNIT ( ) );
#7134 = COLOUR_RGB ( '',0.3294117647058823484, 0.3294117647058823484, 0.3294117647058823484 ) ;
#7135 = ORIENTED_EDGE ( 'NONE', *, *, #3267, .T. ) ;
#7136 = EDGE_CURVE ( 'NONE', #446, #1271, #2101, .T. ) ;
#7137 = FILL_AREA_STYLE ('',( #3764 ) ) ;
#7138 =( NAMED_UNIT ( * ) PLANE_ANGLE_UNIT ( ) SI_UNIT ( $, .RADIAN. ) );
#7139 = LINE ( 'NONE', #1365, #2229 ) ;
#7140 = FILL_AREA_STYLE_COLOUR ( '', #5387 ) ;
#7141 = SURFACE_STYLE_USAGE ( .BOTH. , #3171 ) ;
#7142 = COLOUR_RGB ( '',0.8666666666666666963, 0.8666666666666666963, 0.8666666666666666963 ) ;
#7143 = PRESENTATION_STYLE_ASSIGNMENT (( #1943 ) ) ;
#7144 =( NAMED_UNIT ( * ) SI_UNIT ( $, .STERADIAN. ) SOLID_ANGLE_UNIT ( ) );
#7145 =( LENGTH_UNIT ( ) NAMED_UNIT ( * ) SI_UNIT ( .MILLI., .METRE. ) );
#7146 = SURFACE_STYLE_FILL_AREA ( #4367 ) ;
#7147 = COLOUR_RGB ( '',0.8666666666666666963, 0.8666666666666666963, 0.8666666666666666963 ) ;
#7148 = ADVANCED_FACE ( 'NONE', ( #5480 ), #884, .T. ) ;
#7149 = VERTEX_POINT ( 'NONE', #4320 ) ;
#7150 = PRESENTATION_STYLE_ASSIGNMENT (( #820 ) ) ;
#7151 = FACE_OUTER_BOUND ( 'NONE', #1411, .T. ) ;
#7152 = VECTOR ( 'NONE', #4039, 1000.000000000000000 ) ;
#7153 = SURFACE_STYLE_USAGE ( .BOTH. , #187 ) ;
#7154 = PRESENTATION_LAYER_ASSIGNMENT (  '', '', ( #6919 ) ) ;
#7155 = PRESENTATION_LAYER_ASSIGNMENT (  '', '', ( #6921 ) ) ;
#7156 = EDGE_CURVE ( 'NONE', #6321, #6696, #6104, .T. ) ;
#7157 = FACE_OUTER_BOUND ( 'NONE', #2056, .T. ) ;
#7158 = VERTEX_POINT ( 'NONE', #4356 ) ;
#7159 = DIRECTION ( 'NONE',  ( 1.000000000000000000, 3.168182844508599708E-13, 0.000000000000000000 ) ) ;
#7160 = CYLINDRICAL_SURFACE ( 'NONE', #6957, 0.1499999999997740086 ) ;
#7161 = VERTEX_POINT ( 'NONE', #6650 ) ;
#7162 = LINE ( 'NONE', #4383, #4233 ) ;
#7163 = CARTESIAN_POINT ( 'NONE',  ( 2.433578643779530370, -2.225000000001160050, 0.000000000000000000 ) ) ;
#7164 = ORIENTED_EDGE ( 'NONE', *, *, #2591, .F. ) ;
#7165 = CARTESIAN_POINT ( 'NONE',  ( -0.1800000000227439945, -2.477098005438509887, 0.000000000000000000 ) ) ;
#7166 = DIRECTION ( 'NONE',  ( 1.000000000000000000, 0.000000000000000000, 0.000000000000000000 ) ) ;
#7167 = MECHANICAL_DESIGN_GEOMETRIC_PRESENTATION_REPRESENTATION (  '', ( #6693 ), #4179 ) ;
#7168 = VERTEX_POINT ( 'NONE', #2645 ) ;
#7169 = ORIENTED_EDGE ( 'NONE', *, *, #6435, .T. ) ;
#7170 = SURFACE_STYLE_USAGE ( .BOTH. , #2689 ) ;
#7171 = DIRECTION ( 'NONE',  ( 0.000000000000000000, 0.000000000000000000, 1.000000000000000000 ) ) ;
#7172 = VECTOR ( 'NONE', #259, 1000.000000000000000 ) ;
#7173 = CARTESIAN_POINT ( 'NONE',  ( 2.610271787389519815, 2.445271787389520224, 0.9173648177754349931 ) ) ;
#7174 = DIRECTION ( 'NONE',  ( 0.000000000000000000, 1.000000000000000000, 0.000000000000000000 ) ) ;
#7175 = SURFACE_STYLE_FILL_AREA ( #3315 ) ;
#7176 = VECTOR ( 'NONE', #1751, 1000.000000000000000 ) ;
#7177 =( GEOMETRIC_REPRESENTATION_CONTEXT ( 3 ) GLOBAL_UNCERTAINTY_ASSIGNED_CONTEXT ( ( #2205 ) ) GLOBAL_UNIT_ASSIGNED_CONTEXT ( ( #621, #6294, #1139 ) ) REPRESENTATION_CONTEXT ( 'NONE', 'WORKASPACE' ) );
#7178 = CARTESIAN_POINT ( 'NONE',  ( -2.924903810567569984, 1.609999999999060183, 0.000000000000000000 ) ) ;
#7179 = CARTESIAN_POINT ( 'NONE',  ( 2.790000000000249614, -2.125000000000340172, 0.000000000000000000 ) ) ;
#7180 =( GEOMETRIC_REPRESENTATION_CONTEXT ( 3 ) GLOBAL_UNCERTAINTY_ASSIGNED_CONTEXT ( ( #3056 ) ) GLOBAL_UNIT_ASSIGNED_CONTEXT ( ( #3247, #3919, #6769 ) ) REPRESENTATION_CONTEXT ( 'NONE', 'WORKASPACE' ) );
#7181 = CARTESIAN_POINT ( 'NONE',  ( 0.1549999999992909827, 2.225000000000000089, 0.000000000000000000 ) ) ;
#7182 = UNCERTAINTY_MEASURE_WITH_UNIT (LENGTH_MEASURE( 1.000000000000000082E-05 ), #2368, 'distance_accuracy_value', 'NONE');
#7183 = ORIENTED_EDGE ( 'NONE', *, *, #5430, .T. ) ;
#7184 = FACE_OUTER_BOUND ( 'NONE', #6284, .T. ) ;
#7185 = DIRECTION ( 'NONE',  ( -0.05226442753735401764, 0.05226442753735401764, 0.9972646886501022045 ) ) ;
#7186 = EDGE_CURVE ( 'NONE', #229, #1689, #2072, .T. ) ;
#7187 = COLOUR_RGB ( '',0.8666666666666666963, 0.8666666666666666963, 0.8666666666666666963 ) ;
#7188 = FACE_OUTER_BOUND ( 'NONE', #3845, .T. ) ;
#7189 = VECTOR ( 'NONE', #2377, 1000.000000000000000 ) ;
#7190 = AXIS2_PLACEMENT_3D ( 'NONE', #939, #6211, #1059 ) ;
#7191 = SURFACE_STYLE_FILL_AREA ( #1310 ) ;
#7192 = ORIENTED_EDGE ( 'NONE', *, *, #1681, .T. ) ;
#7193 = DIRECTION ( 'NONE',  ( 1.000000000000000000, -1.836970198721029688E-16, -1.348150961071064002E-31 ) ) ;
#7194 =( GEOMETRIC_REPRESENTATION_CONTEXT ( 3 ) GLOBAL_UNCERTAINTY_ASSIGNED_CONTEXT ( ( #5076 ) ) GLOBAL_UNIT_ASSIGNED_CONTEXT ( ( #2089, #4985, #917 ) ) REPRESENTATION_CONTEXT ( 'NONE', 'WORKASPACE' ) );
#7195 = CARTESIAN_POINT ( 'NONE',  ( -2.789999999999709601, -1.005000000000400018, 0.2500000000000000000 ) ) ;
#7196 = VERTEX_POINT ( 'NONE', #963 ) ;
#7197 =( LENGTH_UNIT ( ) NAMED_UNIT ( * ) SI_UNIT ( .MILLI., .METRE. ) );
#7198 = LINE ( 'NONE', #3794, #898 ) ;
#7199 = VERTEX_POINT ( 'NONE', #1520 ) ;
#7200 = PRESENTATION_LAYER_ASSIGNMENT (  '', '', ( #2012 ) ) ;
#7201 = DIRECTION ( 'NONE',  ( 0.000000000000000000, 0.000000000000000000, 1.000000000000000000 ) ) ;
#7202 = AXIS2_PLACEMENT_3D ( 'NONE', #1972, #2504, #6550 ) ;
#7203 = PRESENTATION_LAYER_ASSIGNMENT (  '', '', ( #3371 ) ) ;
#7204 = CARTESIAN_POINT ( 'NONE',  ( 2.420000000014369768, 1.019999999999190221, 0.000000000000000000 ) ) ;
#7205 = LINE ( 'NONE', #5546, #7472 ) ;
#7206 = ORIENTED_EDGE ( 'NONE', *, *, #2221, .T. ) ;
#7207 = ORIENTED_EDGE ( 'NONE', *, *, #2220, .T. ) ;
#7208 = DIRECTION ( 'NONE',  ( 0.000000000000000000, 0.000000000000000000, 1.000000000000000000 ) ) ;
#7209 = CARTESIAN_POINT ( 'NONE',  ( -2.924903810567280438, -0.3400000000016349944, 0.000000000000000000 ) ) ;
#7210 = ADVANCED_FACE ( 'NONE', ( #7282 ), #5585, .T. ) ;
#7211 = ORIENTED_EDGE ( 'NONE', *, *, #6988, .F. ) ;
#7212 =( NAMED_UNIT ( * ) PLANE_ANGLE_UNIT ( ) SI_UNIT ( $, .RADIAN. ) );
#7213 = EDGE_CURVE ( 'NONE', #6875, #1930, #457, .T. ) ;
#7214 = SURFACE_STYLE_USAGE ( .BOTH. , #4929 ) ;
#7215 = EDGE_LOOP ( 'NONE', ( #2711, #4999, #5761, #2946 ) ) ;
#7216 = FACE_OUTER_BOUND ( 'NONE', #1510, .T. ) ;
#7218 = VECTOR ( 'NONE', #1415, 1000.000000000000000 ) ;
#7217 = CARTESIAN_POINT ( 'NONE',  ( -3.445000000018240360, 0.3499797189057530233, 0.000000000000000000 ) ) ;
#7219 =( GEOMETRIC_REPRESENTATION_CONTEXT ( 3 ) GLOBAL_UNCERTAINTY_ASSIGNED_CONTEXT ( ( #4481 ) ) GLOBAL_UNIT_ASSIGNED_CONTEXT ( ( #2066, #1515, #3904 ) ) REPRESENTATION_CONTEXT ( 'NONE', 'WORKASPACE' ) );
#7220 = ADVANCED_FACE ( 'NONE', ( #6837 ), #5626, .T. ) ;
#7221 = PLANE ( 'NONE',  #3563 ) ;
#7222 = DIRECTION ( 'NONE',  ( 0.000000000000000000, 0.000000000000000000, 1.000000000000000000 ) ) ;
#7223 = LINE ( 'NONE', #3783, #7218 ) ;
#7224 = FILL_AREA_STYLE_COLOUR ( '', #4004 ) ;
#7225 = STYLED_ITEM ( 'NONE', ( #5066 ), #4195 ) ;
#7226 = DIRECTION ( 'NONE',  ( 0.000000000000000000, 0.000000000000000000, 1.000000000000000000 ) ) ;
#7227 = COLOUR_RGB ( '',0.8666666666666666963, 0.8666666666666666963, 0.8666666666666666963 ) ;
#7228 =( NAMED_UNIT ( * ) SI_UNIT ( $, .STERADIAN. ) SOLID_ANGLE_UNIT ( ) );
#7229 = ORIENTED_EDGE ( 'NONE', *, *, #6618, .T. ) ;
#7230 = CARTESIAN_POINT ( 'NONE',  ( -0.1800000000227439945, 2.477098005438280293, 0.000000000000000000 ) ) ;
#7231 = DIRECTION ( 'NONE',  ( 0.000000000000000000, 0.000000000000000000, 1.000000000000000000 ) ) ;
#7232 = EDGE_LOOP ( 'NONE', ( #3328, #2957, #3887, #6353 ) ) ;
#7233 = DIRECTION ( 'NONE',  ( 1.000000000000000000, -7.576693188259789952E-13, 0.000000000000000000 ) ) ;
#7234 = DIRECTION ( 'NONE',  ( 0.000000000000000000, 0.000000000000000000, 1.000000000000000000 ) ) ;
#7235 = ORIENTED_EDGE ( 'NONE', *, *, #4832, .T. ) ;
#7236 = LINE ( 'NONE', #4386, #4126 ) ;
#7237 =( GEOMETRIC_REPRESENTATION_CONTEXT ( 3 ) GLOBAL_UNCERTAINTY_ASSIGNED_CONTEXT ( ( #5608 ) ) GLOBAL_UNIT_ASSIGNED_CONTEXT ( ( #3822, #6262, #1023 ) ) REPRESENTATION_CONTEXT ( 'NONE', 'WORKASPACE' ) );
#7238 = CARTESIAN_POINT ( 'NONE',  ( 2.535547481933820624, 2.370547481933819256, 1.000000000000000222 ) ) ;
#7239 = VECTOR ( 'NONE', #4952, 1000.000000000000000 ) ;
#7240 = LINE ( 'NONE', #3799, #6040 ) ;
#7241 = EDGE_LOOP ( 'NONE', ( #4835, #5451, #2150, #3613 ) ) ;
#7242 = DIRECTION ( 'NONE',  ( 0.000000000000000000, -1.000000000000000000, 0.000000000000000000 ) ) ;
#7243 = EDGE_LOOP ( 'NONE', ( #1168, #4017, #1559, #6782 ) ) ;
#7244 = FILL_AREA_STYLE_COLOUR ( '', #3100 ) ;
#7245 = STYLED_ITEM ( 'NONE', ( #7083 ), #5499 ) ;
#7246 = CARTESIAN_POINT ( 'NONE',  ( -2.770000000045150124, 1.004999999997910232, 0.000000000000000000 ) ) ;
#7247 = STYLED_ITEM ( 'NONE', ( #2953 ), #1636 ) ;
#7248 = FACE_OUTER_BOUND ( 'NONE', #834, .T. ) ;
#7249 = FILL_AREA_STYLE_COLOUR ( '', #5802 ) ;
#7250 = EDGE_CURVE ( 'NONE', #6186, #5339, #2726, .T. ) ;
#7251 = VECTOR ( 'NONE', #4541, 1000.000000000000000 ) ;
#7252 = DIRECTION ( 'NONE',  ( 0.000000000000000000, 0.000000000000000000, 1.000000000000000000 ) ) ;
#7253 = EDGE_CURVE ( 'NONE', #1698, #356, #26, .T. ) ;
#7254 = MECHANICAL_DESIGN_GEOMETRIC_PRESENTATION_REPRESENTATION (  '', ( #1096 ), #2256 ) ;
#7255 = EDGE_CURVE ( 'NONE', #7312, #7310, #567, .T. ) ;
#7256 = VERTEX_POINT ( 'NONE', #4613 ) ;
#7257 =( LENGTH_UNIT ( ) NAMED_UNIT ( * ) SI_UNIT ( .MILLI., .METRE. ) );
#7258 = ADVANCED_FACE ( 'NONE', ( #6908 ), #2914, .T. ) ;
#7259 = DIRECTION ( 'NONE',  ( 0.000000000000000000, 0.000000000000000000, -1.000000000000000000 ) ) ;
#7260 = MECHANICAL_DESIGN_GEOMETRIC_PRESENTATION_REPRESENTATION (  '', ( #7375 ), #6548 ) ;
#7261 = CARTESIAN_POINT ( 'NONE',  ( 2.420000000014369768, -1.020000000000760076, 0.2500000000000000000 ) ) ;
#7262 = EDGE_CURVE ( 'NONE', #5809, #4583, #718, .T. ) ;
#7263 = UNCERTAINTY_MEASURE_WITH_UNIT (LENGTH_MEASURE( 1.000000000000000082E-05 ), #159, 'distance_accuracy_value', 'NONE');
#7264 = DIRECTION ( 'NONE',  ( 0.000000000000000000, 0.000000000000000000, 1.000000000000000000 ) ) ;
#7265 = SURFACE_SIDE_STYLE ('',( #3746 ) ) ;
#7266 = AXIS2_PLACEMENT_3D ( 'NONE', #4466, #2771, #2224 ) ;
#7267 = CARTESIAN_POINT ( 'NONE',  ( 2.570000000014289743, 0.4150000000008370327, 0.000000000000000000 ) ) ;
#7268 = UNCERTAINTY_MEASURE_WITH_UNIT (LENGTH_MEASURE( 1.000000000000000082E-05 ), #2183, 'distance_accuracy_value', 'NONE');
#7269 = MECHANICAL_DESIGN_GEOMETRIC_PRESENTATION_REPRESENTATION (  '', ( #4632 ), #5955 ) ;
#7270 = DIRECTION ( 'NONE',  ( 0.000000000000000000, -1.000000000000000000, 0.000000000000000000 ) ) ;
#7271 = ORIENTED_EDGE ( 'NONE', *, *, #1764, .T. ) ;
#7272 = CARTESIAN_POINT ( 'NONE',  ( 2.790000000000000036, -0.4150000000006680012, 0.000000000000000000 ) ) ;
#7273 = ORIENTED_EDGE ( 'NONE', *, *, #4914, .F. ) ;
#7274 = FILL_AREA_STYLE_COLOUR ( '', #6166 ) ;
#7275 = ORIENTED_EDGE ( 'NONE', *, *, #4141, .F. ) ;
#7276 = CARTESIAN_POINT ( 'NONE',  ( 0.1549999999992909827, -2.149999999999620215, 0.2500000000000000000 ) ) ;
#7277 = MECHANICAL_DESIGN_GEOMETRIC_PRESENTATION_REPRESENTATION (  '', ( #4769 ), #4285 ) ;
#7278 = SURFACE_SIDE_STYLE ('',( #2278 ) ) ;
#7279 = DIRECTION ( 'NONE',  ( -1.000000000000000000, 1.836970198721029688E-16, 0.000000000000000000 ) ) ;
#7280 = ORIENTED_EDGE ( 'NONE', *, *, #5595, .T. ) ;
#7281 = VERTEX_POINT ( 'NONE', #1814 ) ;
#7282 = FACE_OUTER_BOUND ( 'NONE', #4568, .T. ) ;
#7283 = EDGE_CURVE ( 'NONE', #1885, #7344, #4900, .T. ) ;
#7284 = DIRECTION ( 'NONE',  ( 1.000000000000000000, 0.000000000000000000, 0.000000000000000000 ) ) ;
#7285 = VECTOR ( 'NONE', #3206, 1000.000000000000000 ) ;
#7286 = ORIENTED_EDGE ( 'NONE', *, *, #3493, .T. ) ;
#7287 = SURFACE_STYLE_FILL_AREA ( #5000 ) ;
#7288 = VERTEX_POINT ( 'NONE', #7059 ) ;
#7289 = SURFACE_STYLE_USAGE ( .BOTH. , #4432 ) ;
#7290 = PRESENTATION_LAYER_ASSIGNMENT (  '', '', ( #3939 ) ) ;
#7291 = ORIENTED_EDGE ( 'NONE', *, *, #6056, .T. ) ;
#7292 = CYLINDRICAL_SURFACE ( 'NONE', #3357, 0.1499999999998131717 ) ;
#7293 = ADVANCED_FACE ( 'NONE', ( #1887 ), #5246, .T. ) ;
#7294 = STYLED_ITEM ( 'NONE', ( #1123 ), #7210 ) ;
#7295 = MECHANICAL_DESIGN_GEOMETRIC_PRESENTATION_REPRESENTATION (  '', ( #5375 ), #6221 ) ;
#7296 = DIRECTION ( 'NONE',  ( 1.000000000000000000, 0.000000000000000000, 0.000000000000000000 ) ) ;
#7297 = DIRECTION ( 'NONE',  ( 1.000000000000000000, 0.000000000000000000, 0.000000000000000000 ) ) ;
#7298 = VECTOR ( 'NONE', #5572, 1000.000000000000000 ) ;
#7299 = EDGE_CURVE ( 'NONE', #1325, #6343, #1195, .T. ) ;
#7300 = SURFACE_STYLE_FILL_AREA ( #1026 ) ;
#7301 = ORIENTED_EDGE ( 'NONE', *, *, #3269, .T. ) ;
#7302 = CARTESIAN_POINT ( 'NONE',  ( -2.870000000000000107, -2.346791012089830097, 0.9000000000000000222 ) ) ;
#7303 = COLOUR_RGB ( '',0.8666666666666666963, 0.8666666666666666963, 0.8666666666666666963 ) ;
#7304 = ORIENTED_EDGE ( 'NONE', *, *, #6117, .F. ) ;
#7305 = LINE ( 'NONE', #1578, #6048 ) ;
#7306 = ORIENTED_EDGE ( 'NONE', *, *, #7337, .F. ) ;
#7307 = CIRCLE ( 'NONE', #659, 0.1499999999999800937 ) ;
#7308 = COLOUR_RGB ( '',0.8666666666666666963, 0.8666666666666666963, 0.8666666666666666963 ) ;
#7309 = CARTESIAN_POINT ( 'NONE',  ( 2.575000000016780088, 2.124999999998390177, 0.2500000000000000000 ) ) ;
#7310 = VERTEX_POINT ( 'NONE', #5315 ) ;
#7311 = DIRECTION ( 'NONE',  ( 0.000000000000000000, 0.000000000000000000, 1.000000000000000000 ) ) ;
#7312 = VERTEX_POINT ( 'NONE', #5895 ) ;
#7313 = STYLED_ITEM ( 'NONE', ( #4869 ), #1349 ) ;
#7314 = FILL_AREA_STYLE ('',( #5027 ) ) ;
#7315 = COLOUR_RGB ( '',0.8666666666666666963, 0.8666666666666666963, 0.8666666666666666963 ) ;
#7316 = DIRECTION ( 'NONE',  ( 4.365720747913147846E-12, -1.000000000000000000, 0.000000000000000000 ) ) ;
#7317 = MECHANICAL_DESIGN_GEOMETRIC_PRESENTATION_REPRESENTATION (  '', ( #5639 ), #4437 ) ;
#7318 = AXIS2_PLACEMENT_3D ( 'NONE', #1696, #2328, #6942 ) ;
#7319 = ORIENTED_EDGE ( 'NONE', *, *, #4833, .F. ) ;
#7320 = CARTESIAN_POINT ( 'NONE',  ( 2.576069773055084333, -2.411069773055083409, 0.9766044443147514631 ) ) ;
#7321 = FACE_OUTER_BOUND ( 'NONE', #3429, .T. ) ;
#7322 = PLANE ( 'NONE',  #7383 ) ;
#7323 = ORIENTED_EDGE ( 'NONE', *, *, #2109, .T. ) ;
#7324 = AXIS2_PLACEMENT_3D ( 'NONE', #4693, #1232, #2945 ) ;
#7325 = EDGE_LOOP ( 'NONE', ( #7099, #1739, #2841, #505 ) ) ;
#7326 = DIRECTION ( 'NONE',  ( 1.000000000000000000, -8.709757452300850463E-14, 0.000000000000000000 ) ) ;
#7327 = VERTEX_POINT ( 'NONE', #88 ) ;
#7328 = PRESENTATION_STYLE_ASSIGNMENT (( #6177 ) ) ;
#7329 = PRESENTATION_STYLE_ASSIGNMENT (( #1566 ) ) ;
#7330 = VECTOR ( 'NONE', #6108, 1000.000000000000000 ) ;
#7331 = CARTESIAN_POINT ( 'NONE',  ( -0.6800000000228580976, 2.377098005438369466, 0.000000000000000000 ) ) ;
#7332 = UNCERTAINTY_MEASURE_WITH_UNIT (LENGTH_MEASURE( 1.000000000000000082E-05 ), #2019, 'distance_accuracy_value', 'NONE');
#7333 = CARTESIAN_POINT ( 'NONE',  ( 3.220221430731270207, 0.3399999999992359689, 0.000000000000000000 ) ) ;
#7334 = SURFACE_STYLE_USAGE ( .BOTH. , #5606 ) ;
#7335 = LINE ( 'NONE', #2627, #6830 ) ;
#7336 = UNCERTAINTY_MEASURE_WITH_UNIT (LENGTH_MEASURE( 1.000000000000000082E-05 ), #3510, 'distance_accuracy_value', 'NONE');
#7337 = EDGE_CURVE ( 'NONE', #1822, #11, #8, .T. ) ;
#7338 = EDGE_CURVE ( 'NONE', #1464, #1822, #4737, .T. ) ;
#7339 = FILL_AREA_STYLE_COLOUR ( '', #5410 ) ;
#7340 = ORIENTED_EDGE ( 'NONE', *, *, #1768, .T. ) ;
#7341 = AXIS2_PLACEMENT_3D ( 'NONE', #595, #7384, #1079 ) ;
#7342 = DIRECTION ( 'NONE',  ( -1.000000000000000000, 0.000000000000000000, 0.000000000000000000 ) ) ;
#7343 =( NAMED_UNIT ( * ) SI_UNIT ( $, .STERADIAN. ) SOLID_ANGLE_UNIT ( ) );
#7344 = VERTEX_POINT ( 'NONE', #7021 ) ;
#7345 = LINE ( 'NONE', #4009, #5986 ) ;
#7346 = ORIENTED_EDGE ( 'NONE', *, *, #3029, .F. ) ;
#7347 = ADVANCED_FACE ( 'NONE', ( #4168 ), #6457, .F. ) ;
#7348 = DIRECTION ( 'NONE',  ( 1.000000000000000000, 2.027357357016549895E-13, 0.000000000000000000 ) ) ;
#7349 = AXIS2_PLACEMENT_3D ( 'NONE', #1525, #387, #3849 ) ;
#7350 = LINE ( 'NONE', #4643, #3160 ) ;
#7351 = ORIENTED_EDGE ( 'NONE', *, *, #6708, .F. ) ;
#7352 = FILL_AREA_STYLE_COLOUR ( '', #4089 ) ;
#7353 =( NAMED_UNIT ( * ) SI_UNIT ( $, .STERADIAN. ) SOLID_ANGLE_UNIT ( ) );
#7354 = ORIENTED_EDGE ( 'NONE', *, *, #7482, .T. ) ;
#7355 = CARTESIAN_POINT ( 'NONE',  ( 3.220000000017080310, 1.619982680674300068, 0.000000000000000000 ) ) ;
#7356 = SURFACE_SIDE_STYLE ('',( #4651 ) ) ;
#7357 = EDGE_CURVE ( 'NONE', #465, #3077, #1387, .T. ) ;
#7358 = ORIENTED_EDGE ( 'NONE', *, *, #2334, .F. ) ;
#7359 =( NAMED_UNIT ( * ) SI_UNIT ( $, .STERADIAN. ) SOLID_ANGLE_UNIT ( ) );
#7360 = EDGE_CURVE ( 'NONE', #2077, #5438, #4875, .T. ) ;
#7361 =( NAMED_UNIT ( * ) SI_UNIT ( $, .STERADIAN. ) SOLID_ANGLE_UNIT ( ) );
#7362 = PRESENTATION_STYLE_ASSIGNMENT (( #6172 ) ) ;
#7363 = COLOUR_RGB ( '',0.8666666666666666963, 0.8666666666666666963, 0.8666666666666666963 ) ;
#7364 = ORIENTED_EDGE ( 'NONE', *, *, #1151, .T. ) ;
#7365 = ORIENTED_EDGE ( 'NONE', *, *, #869, .T. ) ;
#7366 = CIRCLE ( 'NONE', #6886, 0.1499999999998131717 ) ;
#7367 = VERTEX_POINT ( 'NONE', #6115 ) ;
#7368 = CARTESIAN_POINT ( 'NONE',  ( -2.789999999999789981, -2.275000000000889866, 0.000000000000000000 ) ) ;
#7369 = STYLED_ITEM ( 'NONE', ( #7150 ), #5565 ) ;
#7370 = PRESENTATION_LAYER_ASSIGNMENT (  '', '', ( #3186 ) ) ;
#7371 =( NAMED_UNIT ( * ) PLANE_ANGLE_UNIT ( ) SI_UNIT ( $, .RADIAN. ) );
#7372 = SURFACE_SIDE_STYLE ('',( #5048 ) ) ;
#7373 = DIRECTION ( 'NONE',  ( 0.000000000000000000, 0.000000000000000000, -1.000000000000000000 ) ) ;
#7374 = EDGE_CURVE ( 'NONE', #843, #4908, #3720, .T. ) ;
#7375 = STYLED_ITEM ( 'NONE', ( #1697 ), #5928 ) ;
#7376 =( NAMED_UNIT ( * ) PLANE_ANGLE_UNIT ( ) SI_UNIT ( $, .RADIAN. ) );
#7377 = MECHANICAL_DESIGN_GEOMETRIC_PRESENTATION_REPRESENTATION (  '', ( #848 ), #1229 ) ;
#7378 = PRESENTATION_STYLE_ASSIGNMENT (( #2788 ) ) ;
#7379 = ORIENTED_EDGE ( 'NONE', *, *, #803, .F. ) ;
#7380 = PRODUCT_CONTEXT ( 'NONE', #484, 'mechanical' ) ;
#7381 = ORIENTED_EDGE ( 'NONE', *, *, #2394, .F. ) ;
#7382 = EDGE_CURVE ( 'NONE', #4906, #3066, #4311, .T. ) ;
#7383 = AXIS2_PLACEMENT_3D ( 'NONE', #4396, #4429, #3311 ) ;
#7384 = DIRECTION ( 'NONE',  ( 2.027357357016549895E-13, -1.000000000000000000, 0.000000000000000000 ) ) ;
#7385 = DIRECTION ( 'NONE',  ( 0.000000000000000000, 0.000000000000000000, 1.000000000000000000 ) ) ;
#7386 = ORIENTED_EDGE ( 'NONE', *, *, #5653, .F. ) ;
#7387 =( NAMED_UNIT ( * ) SI_UNIT ( $, .STERADIAN. ) SOLID_ANGLE_UNIT ( ) );
#7388 = ORIENTED_EDGE ( 'NONE', *, *, #4798, .F. ) ;
#7389 = VECTOR ( 'NONE', #3546, 1000.000000000000000 ) ;
#7390 = PRESENTATION_STYLE_ASSIGNMENT (( #5096 ) ) ;
#7391 = FILL_AREA_STYLE ('',( #4021 ) ) ;
#7392 = CLOSED_SHELL ( 'NONE', ( #5220, #3481, #223, #1548, #325, #5885, #5601, #398, #1636, #336, #2450, #5016, #1490, #1561, #1320, #624, #997, #1349, #2795, #79, #6484 ) ) ;
#7393 = CIRCLE ( 'NONE', #2460, 0.2250000000004279688 ) ;
#7394 = EDGE_LOOP ( 'NONE', ( #3991, #5854, #1823, #3505 ) ) ;
#7395 = DIRECTION ( 'NONE',  ( 0.1666666669683717072, -0.9860132971322718154, 0.000000000000000000 ) ) ;
#7396 = DIRECTION ( 'NONE',  ( 1.000000000000000000, -1.836970198721029688E-16, 0.000000000000000000 ) ) ;
#7397 = SURFACE_STYLE_USAGE ( .BOTH. , #501 ) ;
#7398 = ORIENTED_EDGE ( 'NONE', *, *, #4491, .T. ) ;
#7399 = ADVANCED_FACE ( 'NONE', ( #3157 ), #1989, .T. ) ;
#7400 = VERTEX_POINT ( 'NONE', #266 ) ;
#7401 =( NAMED_UNIT ( * ) SI_UNIT ( $, .STERADIAN. ) SOLID_ANGLE_UNIT ( ) );
#7402 = ORIENTED_EDGE ( 'NONE', *, *, #7075, .T. ) ;
#7403 = CARTESIAN_POINT ( 'NONE',  ( -0.5800000000228069386, -2.705000000001180016, 0.000000000000000000 ) ) ;
#7404 = UNCERTAINTY_MEASURE_WITH_UNIT (LENGTH_MEASURE( 1.000000000000000082E-05 ), #7257, 'distance_accuracy_value', 'NONE');
#7405 = COLOUR_RGB ( '',0.8666666666666666963, 0.8666666666666666963, 0.8666666666666666963 ) ;
#7406 =( LENGTH_UNIT ( ) NAMED_UNIT ( * ) SI_UNIT ( .MILLI., .METRE. ) );
#7407 = CARTESIAN_POINT ( 'NONE',  ( 0.1549999999992909827, -2.149999999999620215, 0.2500000000000000000 ) ) ;
#7408 = FILL_AREA_STYLE ('',( #4478 ) ) ;
#7409 = VECTOR ( 'NONE', #3535, 1000.000000000000000 ) ;
#7410 = VECTOR ( 'NONE', #510, 1000.000000000000000 ) ;
#7411 = CIRCLE ( 'NONE', #2354, 0.2249999999993688438 ) ;
#7412 = LINE ( 'NONE', #6861, #4630 ) ;
#7413 = UNCERTAINTY_MEASURE_WITH_UNIT (LENGTH_MEASURE( 1.000000000000000082E-05 ), #5424, 'distance_accuracy_value', 'NONE');
#7414 = DIRECTION ( 'NONE',  ( 1.000000000000000000, 7.518817437593540007E-16, 0.000000000000000000 ) ) ;
#7415 = MECHANICAL_DESIGN_GEOMETRIC_PRESENTATION_REPRESENTATION (  '', ( #2102 ), #4066 ) ;
#7416 = PLANE ( 'NONE',  #2017 ) ;
#7417 = CARTESIAN_POINT ( 'NONE',  ( 2.919903810568900138, -0.9300000000011960921, 0.000000000000000000 ) ) ;
#7418 = VERTEX_POINT ( 'NONE', #2598 ) ;
#7419 = CARTESIAN_POINT ( 'NONE',  ( 2.575000000017009683, -2.125000000000430322, 0.2500000000000000000 ) ) ;
#7420 = ORIENTED_EDGE ( 'NONE', *, *, #2704, .T. ) ;
#7421 = PRESENTATION_LAYER_ASSIGNMENT (  '', '', ( #5497 ) ) ;
#7422 =( GEOMETRIC_REPRESENTATION_CONTEXT ( 3 ) GLOBAL_UNCERTAINTY_ASSIGNED_CONTEXT ( ( #5081 ) ) GLOBAL_UNIT_ASSIGNED_CONTEXT ( ( #5649, #5079, #4939 ) ) REPRESENTATION_CONTEXT ( 'NONE', 'WORKASPACE' ) );
#7423 = SURFACE_SIDE_STYLE ('',( #6193 ) ) ;
#7424 = AXIS2_PLACEMENT_3D ( 'NONE', #4399, #437, #5485 ) ;
#7425 =( NAMED_UNIT ( * ) SI_UNIT ( $, .STERADIAN. ) SOLID_ANGLE_UNIT ( ) );
#7426 = LINE ( 'NONE', #3522, #2410 ) ;
#7427 = ORIENTED_EDGE ( 'NONE', *, *, #2784, .F. ) ;
#7428 = FILL_AREA_STYLE_COLOUR ( '', #1418 ) ;
#7429 = FILL_AREA_STYLE ('',( #2099 ) ) ;
#7430 = ORIENTED_EDGE ( 'NONE', *, *, #3881, .F. ) ;
#7431 = CARTESIAN_POINT ( 'NONE',  ( -2.535547481933811298, 2.370547481933820144, 1.000000000000000000 ) ) ;
#7432 =( LENGTH_UNIT ( ) NAMED_UNIT ( * ) SI_UNIT ( .MILLI., .METRE. ) );
#7433 = PLANE ( 'NONE',  #887 ) ;
#7434 = MECHANICAL_DESIGN_GEOMETRIC_PRESENTATION_REPRESENTATION (  '', ( #1651 ), #4079 ) ;
#7435 = AXIS2_PLACEMENT_3D ( 'NONE', #6582, #1005, #3342 ) ;
#7436 = VERTEX_POINT ( 'NONE', #1470 ) ;
#7437 =( GEOMETRIC_REPRESENTATION_CONTEXT ( 3 ) GLOBAL_UNCERTAINTY_ASSIGNED_CONTEXT ( ( #6892 ) ) GLOBAL_UNIT_ASSIGNED_CONTEXT ( ( #3161, #4813, #5898 ) ) REPRESENTATION_CONTEXT ( 'NONE', 'WORKASPACE' ) );
#7438 = FILL_AREA_STYLE ('',( #2920 ) ) ;
#7439 = ORIENTED_EDGE ( 'NONE', *, *, #6678, .T. ) ;
#7440 =( GEOMETRIC_REPRESENTATION_CONTEXT ( 3 ) GLOBAL_UNCERTAINTY_ASSIGNED_CONTEXT ( ( #2826 ) ) GLOBAL_UNIT_ASSIGNED_CONTEXT ( ( #4548, #6855, #5147 ) ) REPRESENTATION_CONTEXT ( 'NONE', 'WORKASPACE' ) );
#7441 = ORIENTED_EDGE ( 'NONE', *, *, #7136, .F. ) ;
#7442 = LINE ( 'NONE', #5184, #6335 ) ;
#7443 = COLOUR_RGB ( '',0.8666666666666666963, 0.8666666666666666963, 0.8666666666666666963 ) ;
#7444 = ORIENTED_EDGE ( 'NONE', *, *, #4696, .F. ) ;
#7445 = EDGE_CURVE ( 'NONE', #2026, #1926, #7198, .T. ) ;
#7446 = CARTESIAN_POINT ( 'NONE',  ( -1.080000000033179974, -2.225000000000249667, 0.000000000000000000 ) ) ;
#7447 = CIRCLE ( 'NONE', #1041, 0.2249999999941600104 ) ;
#7448 = CARTESIAN_POINT ( 'NONE',  ( -0.08000000002280670264, 2.225000000000000089, 0.000000000000000000 ) ) ;
#7449 = CARTESIAN_POINT ( 'NONE',  ( 3.445000000020749908, 0.9200000000140750034, 0.000000000000000000 ) ) ;
#7450 = FILL_AREA_STYLE_COLOUR ( '', #4903 ) ;
#7451 = AXIS2_PLACEMENT_3D ( 'NONE', #6824, #4446, #6185 ) ;
#7452 =( NAMED_UNIT ( * ) SI_UNIT ( $, .STERADIAN. ) SOLID_ANGLE_UNIT ( ) );
#7453 = EDGE_CURVE ( 'NONE', #6309, #6601, #5506, .T. ) ;
#7454 = CARTESIAN_POINT ( 'NONE',  ( -0.08000000002280670264, 2.377098005438369466, 0.2500000000000000000 ) ) ;
#7455 = CARTESIAN_POINT ( 'NONE',  ( 2.420000000014739694, -1.535000000000650067, 0.000000000000000000 ) ) ;
#7456 = ORIENTED_EDGE ( 'NONE', *, *, #4914, .T. ) ;
#7457 = SURFACE_SIDE_STYLE ('',( #517 ) ) ;
#7458 = PRESENTATION_STYLE_ASSIGNMENT (( #2285 ) ) ;
#7459 = MECHANICAL_DESIGN_GEOMETRIC_PRESENTATION_REPRESENTATION (  '', ( #6145 ), #2896 ) ;
#7460 = AXIS2_PLACEMENT_3D ( 'NONE', #6784, #418, #4990 ) ;
#7461 = DIRECTION ( 'NONE',  ( -1.593054392101894807E-12, 1.000000000000000000, 0.000000000000000000 ) ) ;
#7462 = CARTESIAN_POINT ( 'NONE',  ( -3.220000000017849917, 1.619982680674300068, 0.2500000000000000000 ) ) ;
#7463 = DIRECTION ( 'NONE',  ( 0.000000000000000000, 0.000000000000000000, 1.000000000000000000 ) ) ;
#7464 = ORIENTED_EDGE ( 'NONE', *, *, #622, .F. ) ;
#7465 = VERTEX_POINT ( 'NONE', #2790 ) ;
#7466 = CARTESIAN_POINT ( 'NONE',  ( -2.557871261342301583, 2.392871261342310873, 0.9918748087795454804 ) ) ;
#7467 = DIRECTION ( 'NONE',  ( 0.000000000000000000, 0.000000000000000000, -1.000000000000000000 ) ) ;
#7468 = EDGE_CURVE ( 'NONE', #4312, #2026, #7345, .T. ) ;
#7469 = VERTEX_POINT ( 'NONE', #2833 ) ;
#7470 = CARTESIAN_POINT ( 'NONE',  ( -2.770000000045179878, -0.2650000000006689782, 0.000000000000000000 ) ) ;
#7471 =( NAMED_UNIT ( * ) SI_UNIT ( $, .STERADIAN. ) SOLID_ANGLE_UNIT ( ) );
#7472 = VECTOR ( 'NONE', #1583, 1000.000000000000000 ) ;
#7473 = FACE_OUTER_BOUND ( 'NONE', #1357, .T. ) ;
#7474 = ORIENTED_EDGE ( 'NONE', *, *, #6210, .F. ) ;
#7475 = VERTEX_POINT ( 'NONE', #7419 ) ;
#7476 = PRESENTATION_STYLE_ASSIGNMENT (( #289 ) ) ;
#7477 = DIRECTION ( 'NONE',  ( 0.000000000000000000, 0.000000000000000000, -1.000000000000000000 ) ) ;
#7478 = ORIENTED_EDGE ( 'NONE', *, *, #3268, .T. ) ;
#7479 = CARTESIAN_POINT ( 'NONE',  ( 2.374999999997129851, -1.020000000000780060, 0.000000000000000000 ) ) ;
#7480 = ADVANCED_FACE ( 'NONE', ( #3442 ), #3376, .T. ) ;
#7481 = EDGE_CURVE ( 'NONE', #6601, #2644, #1688, .T. ) ;
#7482 = EDGE_CURVE ( 'NONE', #1930, #1039, #5657, .T. ) ;
#7483 = VECTOR ( 'NONE', #801, 1000.000000000000000 ) ;
#7484 = PRESENTATION_STYLE_ASSIGNMENT (( #5111 ) ) ;
#7485 = PLANE ( 'NONE',  #2486 ) ;
#7486 = VECTOR ( 'NONE', #1056, 1000.000000000000000 ) ;
#7487 = CARTESIAN_POINT ( 'NONE',  ( -0.08000000002280670264, 2.377098005438369466, 0.2500000000000000000 ) ) ;
#7488 = EDGE_CURVE ( 'NONE', #6869, #46, #5576, .T. ) ;
#7489 = FILL_AREA_STYLE ('',( #5267 ) ) ;
#7490 = UNCERTAINTY_MEASURE_WITH_UNIT (LENGTH_MEASURE( 1.000000000000000082E-05 ), #2798, 'distance_accuracy_value', 'NONE');
#7491 = VECTOR ( 'NONE', #1281, 1000.000000000000000 ) ;
#7492 = DIRECTION ( 'NONE',  ( 1.000000000000000000, 5.517472001737950148E-13, 0.000000000000000000 ) ) ;
#7493 = CARTESIAN_POINT ( 'NONE',  ( 2.511791012089840347, 2.212499999999999911, 1.000000000000000000 ) ) ;
#7494 = CARTESIAN_POINT ( 'NONE',  ( -2.788591757917379788, -1.905232929562640010, 0.2500000000000000000 ) ) ;
#7495 = FACE_OUTER_BOUND ( 'NONE', #6265, .T. ) ;
#7496 =( LENGTH_UNIT ( ) NAMED_UNIT ( * ) SI_UNIT ( .MILLI., .METRE. ) );
#7497 = DIRECTION ( 'NONE',  ( 0.000000000000000000, 0.000000000000000000, 1.000000000000000000 ) ) ;
#7498 = SURFACE_STYLE_USAGE ( .BOTH. , #6169 ) ;
ENDSEC;
END-ISO-10303-21;
