ISO-10303-21;
HEADER;

/* File generated by Shapr3D Version 3.0 */

FILE_DESCRIPTION(('HOOPS Exchange Step'),'2;1');

FILE_NAME('C:\\Users\\30abd\\AppData\\Local\\Packages\\Shapr3D.Shapr3D_j403pzjkqtqbj\\TempState\\export\\temp_export',
'2023-03-02T15:50:27+08:00',
('30abd'),
('Shapr3D Limited'),
'HOOPS Exchange 2022.2',
'Shapr3D',
'Authorized');

FILE_SCHEMA( ('AUTOMOTIVE_DESIGN { 1 0 10303 214 1 1 1 1 }') );

ENDSEC;

DATA;
#3=(NAMED_UNIT(*)PLANE_ANGLE_UNIT()SI_UNIT($,.RADIAN.));
#4=PLANE_ANGLE_MEASURE_WITH_UNIT(PLANE_ANGLE_MEASURE(0.0174532925),#3);
#5=(CONVERSION_BASED_UNIT('DEGREE',#4)NAMED_UNIT(#6)PLANE_ANGLE_UNIT());
#6=DIMENSIONAL_EXPONENTS(0.,0.,0.,0.,0.,0.,0.);
#7=(NAMED_UNIT(*)SI_UNIT($,.STERADIAN.)SOLID_ANGLE_UNIT());
#8=(LENGTH_UNIT()NAMED_UNIT(*)SI_UNIT(.MILLI.,.METRE.));
#9=UNCERTAINTY_MEASURE_WITH_UNIT(LENGTH_MEASURE(1.000000E-03),#8,'DISTANCE_ACCURACY_VALUE','Maximum Tolerance applied to model');
#10=(GEOMETRIC_REPRESENTATION_CONTEXT(3)GLOBAL_UNCERTAINTY_ASSIGNED_CONTEXT((#9))GLOBAL_UNIT_ASSIGNED_CONTEXT((#8,#5,#7))REPRESENTATION_CONTEXT('','root'));
#12=CARTESIAN_POINT('',(0.,0.,0.));
#13=DIRECTION('',(0.,0.,1.));
#14=DIRECTION('',(1.,0.,0.));
#15=AXIS2_PLACEMENT_3D('',#12,#13,#14);
#26=(NAMED_UNIT(*)PLANE_ANGLE_UNIT()SI_UNIT($,.RADIAN.));
#27=PLANE_ANGLE_MEASURE_WITH_UNIT(PLANE_ANGLE_MEASURE(0.0174532925),#26);
#28=(CONVERSION_BASED_UNIT('DEGREE',#27)NAMED_UNIT(#29)PLANE_ANGLE_UNIT());
#29=DIMENSIONAL_EXPONENTS(0.,0.,0.,0.,0.,0.,0.);
#30=(NAMED_UNIT(*)SI_UNIT($,.STERADIAN.)SOLID_ANGLE_UNIT());
#31=(LENGTH_UNIT()NAMED_UNIT(*)SI_UNIT(.MILLI.,.METRE.));
#32=UNCERTAINTY_MEASURE_WITH_UNIT(LENGTH_MEASURE(1.000000E-03),#31,'DISTANCE_ACCURACY_VALUE','Maximum Tolerance applied to model');
#33=(GEOMETRIC_REPRESENTATION_CONTEXT(3)GLOBAL_UNCERTAINTY_ASSIGNED_CONTEXT((#32))GLOBAL_UNIT_ASSIGNED_CONTEXT((#31,#28,#30))REPRESENTATION_CONTEXT('','temp_import.stp'));
#45=CARTESIAN_POINT('',(0.,0.,0.));
#46=DIRECTION('',(0.,0.,1.));
#47=DIRECTION('',(1.,0.,-0.));
#48=AXIS2_PLACEMENT_3D('',#45,#46,#47);
#49=ITEM_DEFINED_TRANSFORMATION('','',#48,#15);
#50=(REPRESENTATION_RELATIONSHIP('','',#35,#16)REPRESENTATION_RELATIONSHIP_WITH_TRANSFORMATION(#49)SHAPE_REPRESENTATION_RELATIONSHIP());
#51=NEXT_ASSEMBLY_USAGE_OCCURRENCE('temp_import.stp_1','temp_import.stp','temp_import.stp',#25,#44,$);
#52=PRODUCT_DEFINITION_SHAPE('','',#51);
#53=CONTEXT_DEPENDENT_SHAPE_REPRESENTATION(#50,#52);
#35=SHAPE_REPRESENTATION('temp_import.stp',(#15),#33);
#54=APPLICATION_CONTEXT('data for automotive mechanical design processes');
#55=APPLICATION_PROTOCOL_DEFINITION('international standard','automotive_design',1994,#54);
#56=PRODUCT_CONTEXT('',#54,'mechanical');
#57=PRODUCT_DEFINITION_CONTEXT('part definition',#54,'design');
#43=PRODUCT('temp_import.stp','temp_import.stp','',(#56));
#58=PRODUCT_RELATED_PRODUCT_CATEGORY('part','',(#43));
#59=PRODUCT_DEFINITION_FORMATION_WITH_SPECIFIED_SOURCE('','',#43,.NOT_KNOWN.);
#44=PRODUCT_DEFINITION('design','',#59,#57);
#42=PRODUCT_DEFINITION_SHAPE('','',#44);
#60=SHAPE_DEFINITION_REPRESENTATION(#42,#35);
#34=DRAUGHTING_MODEL('',(),#33);
#61=(NAMED_UNIT(*)PLANE_ANGLE_UNIT()SI_UNIT($,.RADIAN.));
#62=PLANE_ANGLE_MEASURE_WITH_UNIT(PLANE_ANGLE_MEASURE(0.0174532925),#61);
#63=(CONVERSION_BASED_UNIT('DEGREE',#62)NAMED_UNIT(#64)PLANE_ANGLE_UNIT());
#64=DIMENSIONAL_EXPONENTS(0.,0.,0.,0.,0.,0.,0.);
#65=(NAMED_UNIT(*)SI_UNIT($,.STERADIAN.)SOLID_ANGLE_UNIT());
#66=(LENGTH_UNIT()NAMED_UNIT(*)SI_UNIT(.MILLI.,.METRE.));
#67=UNCERTAINTY_MEASURE_WITH_UNIT(LENGTH_MEASURE(1.000000E-05),#66,'DISTANCE_ACCURACY_VALUE','Maximum Tolerance applied to model');
#68=(GEOMETRIC_REPRESENTATION_CONTEXT(3)GLOBAL_UNCERTAINTY_ASSIGNED_CONTEXT((#67))GLOBAL_UNIT_ASSIGNED_CONTEXT((#66,#63,#65))REPRESENTATION_CONTEXT('','temp_import.stp'));
#80=CARTESIAN_POINT('',(0.,0.,0.));
#81=DIRECTION('',(0.,0.,1.));
#82=DIRECTION('',(1.,0.,-0.));
#83=AXIS2_PLACEMENT_3D('',#80,#81,#82);
#84=ITEM_DEFINED_TRANSFORMATION('','',#83,#15);
#85=(REPRESENTATION_RELATIONSHIP('','',#70,#16)REPRESENTATION_RELATIONSHIP_WITH_TRANSFORMATION(#84)SHAPE_REPRESENTATION_RELATIONSHIP());
#86=NEXT_ASSEMBLY_USAGE_OCCURRENCE('temp_import.stp_2','temp_import.stp','temp_import.stp',#25,#79,$);
#87=PRODUCT_DEFINITION_SHAPE('','',#86);
#88=CONTEXT_DEPENDENT_SHAPE_REPRESENTATION(#85,#87);
#90=CARTESIAN_POINT('',(-1.44,-0.18,2.485));
#91=DIRECTION('',(-1.,-0.,-0.));
#92=DIRECTION('',(-0.,1.,0.));
#93=AXIS2_PLACEMENT_3D('',#90,#91,#92);
#94=PLANE('',#93);
#95=CARTESIAN_POINT('',(-1.44,-0.37,2.425));
#96=VERTEX_POINT('',#95);
#97=CARTESIAN_POINT('',(-1.44,-0.37,2.545));
#98=VERTEX_POINT('',#97);
#99=CARTESIAN_POINT('',(-1.44,-0.37,2.425));
#100=DIRECTION('',(0.,-0.,1.));
#101=VECTOR('',#100,0.12);
#102=LINE('',#99,#101);
#103=EDGE_CURVE('',#96,#98,#102,.T.);
#104=ORIENTED_EDGE('',*,*,#103,.T.);
#105=CARTESIAN_POINT('',(-1.44,-0.23,2.545));
#106=VERTEX_POINT('',#105);
#107=CARTESIAN_POINT('',(-1.44,-0.23,2.545));
#108=DIRECTION('',(-0.,-1.,-0.));
#109=VECTOR('',#108,0.14);
#110=LINE('',#107,#109);
#111=EDGE_CURVE('',#106,#98,#110,.T.);
#112=ORIENTED_EDGE('',*,*,#111,.F.);
#113=CARTESIAN_POINT('',(-1.44,-0.23,2.425));
#114=VERTEX_POINT('',#113);
#115=CARTESIAN_POINT('',(-1.44,-0.23,2.545));
#116=DIRECTION('',(-0.,0.,-1.));
#117=VECTOR('',#116,0.12);
#118=LINE('',#115,#117);
#119=EDGE_CURVE('',#106,#114,#118,.T.);
#120=ORIENTED_EDGE('',*,*,#119,.T.);
#121=CARTESIAN_POINT('',(-1.44,-0.23,2.425));
#122=DIRECTION('',(0.,-1.,-0.));
#123=VECTOR('',#122,0.14);
#124=LINE('',#121,#123);
#125=EDGE_CURVE('',#114,#96,#124,.T.);
#126=ORIENTED_EDGE('',*,*,#125,.T.);
#127=EDGE_LOOP('',(#104,#112,#120,#126));
#128=FACE_BOUND('',#127,.T.);
#129=ADVANCED_FACE('',(#128),#94,.T.);
#130=CARTESIAN_POINT('',(-1.49,-0.37,2.485));
#131=DIRECTION('',(0.,-0.,1.));
#132=DIRECTION('',(1.,0.,0.));
#133=AXIS2_PLACEMENT_3D('',#130,#131,#132);
#134=CYLINDRICAL_SURFACE('',#133,0.05);
#135=ORIENTED_EDGE('',*,*,#103,.F.);
#136=CARTESIAN_POINT('',(-1.49,-0.42,2.425));
#137=VERTEX_POINT('',#136);
#138=CARTESIAN_POINT('',(-1.49,-0.37,2.425));
#139=DIRECTION('',(0.,-0.,1.));
#140=DIRECTION('',(0.,-1.,-0.));
#141=AXIS2_PLACEMENT_3D('',#138,#139,#140);
#142=CIRCLE('',#141,0.05);
#143=EDGE_CURVE('',#137,#96,#142,.T.);
#144=ORIENTED_EDGE('',*,*,#143,.F.);
#145=CARTESIAN_POINT('',(-1.49,-0.42,2.545));
#146=VERTEX_POINT('',#145);
#147=CARTESIAN_POINT('',(-1.49,-0.42,2.425));
#148=DIRECTION('',(0.,-0.,1.));
#149=VECTOR('',#148,0.12);
#150=LINE('',#147,#149);
#151=EDGE_CURVE('',#137,#146,#150,.T.);
#152=ORIENTED_EDGE('',*,*,#151,.T.);
#153=CARTESIAN_POINT('',(-1.49,-0.37,2.545));
#154=DIRECTION('',(0.,-0.,1.));
#155=DIRECTION('',(0.,-1.,-0.));
#156=AXIS2_PLACEMENT_3D('',#153,#154,#155);
#157=CIRCLE('',#156,0.05);
#158=EDGE_CURVE('',#146,#98,#157,.T.);
#159=ORIENTED_EDGE('',*,*,#158,.T.);
#160=EDGE_LOOP('',(#135,#144,#152,#159));
#161=FACE_BOUND('',#160,.T.);
#162=ADVANCED_FACE('',(#161),#134,.F.);
#163=CARTESIAN_POINT('',(-1.44,-0.42,2.485));
#164=DIRECTION('',(-0.,1.,0.));
#165=DIRECTION('',(1.,0.,0.));
#166=AXIS2_PLACEMENT_3D('',#163,#164,#165);
#167=PLANE('',#166);
#168=ORIENTED_EDGE('',*,*,#151,.F.);
#169=CARTESIAN_POINT('',(-1.63,-0.42,2.425));
#170=VERTEX_POINT('',#169);
#171=CARTESIAN_POINT('',(-1.49,-0.42,2.425));
#172=DIRECTION('',(-1.,-0.,-0.));
#173=VECTOR('',#172,0.14);
#174=LINE('',#171,#173);
#175=EDGE_CURVE('',#137,#170,#174,.T.);
#176=ORIENTED_EDGE('',*,*,#175,.T.);
#177=CARTESIAN_POINT('',(-1.63,-0.42,2.545));
#178=VERTEX_POINT('',#177);
#179=CARTESIAN_POINT('',(-1.63,-0.42,2.545));
#180=DIRECTION('',(-0.,0.,-1.));
#181=VECTOR('',#180,0.12);
#182=LINE('',#179,#181);
#183=EDGE_CURVE('',#178,#170,#182,.T.);
#184=ORIENTED_EDGE('',*,*,#183,.F.);
#185=CARTESIAN_POINT('',(-1.49,-0.42,2.545));
#186=DIRECTION('',(-1.,0.,0.));
#187=VECTOR('',#186,0.14);
#188=LINE('',#185,#187);
#189=EDGE_CURVE('',#146,#178,#188,.T.);
#190=ORIENTED_EDGE('',*,*,#189,.F.);
#191=EDGE_LOOP('',(#168,#176,#184,#190));
#192=FACE_BOUND('',#191,.T.);
#193=ADVANCED_FACE('',(#192),#167,.T.);
#194=CARTESIAN_POINT('',(-1.63,-0.42,2.485));
#195=DIRECTION('',(-1.,-0.,-0.));
#196=DIRECTION('',(-0.,1.,0.));
#197=AXIS2_PLACEMENT_3D('',#194,#195,#196);
#198=PLANE('',#197);
#199=ORIENTED_EDGE('',*,*,#183,.T.);
#200=CARTESIAN_POINT('',(-1.63,-0.5,2.425));
#201=VERTEX_POINT('',#200);
#202=CARTESIAN_POINT('',(-1.63,-0.42,2.425));
#203=DIRECTION('',(0.,-1.,-0.));
#204=VECTOR('',#203,0.08);
#205=LINE('',#202,#204);
#206=EDGE_CURVE('',#170,#201,#205,.T.);
#207=ORIENTED_EDGE('',*,*,#206,.T.);
#208=CARTESIAN_POINT('',(-1.63,-0.5,2.545));
#209=VERTEX_POINT('',#208);
#210=CARTESIAN_POINT('',(-1.63,-0.5,2.545));
#211=DIRECTION('',(-0.,0.,-1.));
#212=VECTOR('',#211,0.12);
#213=LINE('',#210,#212);
#214=EDGE_CURVE('',#209,#201,#213,.T.);
#215=ORIENTED_EDGE('',*,*,#214,.F.);
#216=CARTESIAN_POINT('',(-1.63,-0.42,2.545));
#217=DIRECTION('',(-0.,-1.,-0.));
#218=VECTOR('',#217,0.08);
#219=LINE('',#216,#218);
#220=EDGE_CURVE('',#178,#209,#219,.T.);
#221=ORIENTED_EDGE('',*,*,#220,.F.);
#222=EDGE_LOOP('',(#199,#207,#215,#221));
#223=FACE_BOUND('',#222,.T.);
#224=ADVANCED_FACE('',(#223),#198,.T.);
#225=CARTESIAN_POINT('',(-1.605,-0.525,2.485));
#226=DIRECTION('',(-0.707106781,-0.707106781,-0.));
#227=DIRECTION('',(-0.707106781,0.707106781,0.));
#228=AXIS2_PLACEMENT_3D('',#225,#226,#227);
#229=PLANE('',#228);
#230=CARTESIAN_POINT('',(-1.58,-0.55,2.425));
#231=VERTEX_POINT('',#230);
#232=CARTESIAN_POINT('',(-1.58,-0.55,2.545));
#233=VERTEX_POINT('',#232);
#234=CARTESIAN_POINT('',(-1.58,-0.55,2.425));
#235=DIRECTION('',(0.,-0.,1.));
#236=VECTOR('',#235,0.12);
#237=LINE('',#234,#236);
#238=EDGE_CURVE('',#231,#233,#237,.T.);
#239=ORIENTED_EDGE('',*,*,#238,.T.);
#240=CARTESIAN_POINT('',(-1.63,-0.5,2.545));
#241=DIRECTION('',(0.707106781,-0.707106781,0.));
#242=VECTOR('',#241,0.070710678);
#243=LINE('',#240,#242);
#244=EDGE_CURVE('',#209,#233,#243,.T.);
#245=ORIENTED_EDGE('',*,*,#244,.F.);
#246=ORIENTED_EDGE('',*,*,#214,.T.);
#247=CARTESIAN_POINT('',(-1.58,-0.55,2.425));
#248=DIRECTION('',(-0.707106781,0.707106781,0.));
#249=VECTOR('',#248,0.070710678);
#250=LINE('',#247,#249);
#251=EDGE_CURVE('',#231,#201,#250,.T.);
#252=ORIENTED_EDGE('',*,*,#251,.F.);
#253=EDGE_LOOP('',(#239,#245,#246,#252));
#254=FACE_BOUND('',#253,.T.);
#255=ADVANCED_FACE('',(#254),#229,.T.);
#256=CARTESIAN_POINT('',(-1.63,-0.55,2.485));
#257=DIRECTION('',(0.,-1.,-0.));
#258=DIRECTION('',(-1.,-0.,-0.));
#259=AXIS2_PLACEMENT_3D('',#256,#257,#258);
#260=PLANE('',#259);
#261=ORIENTED_EDGE('',*,*,#238,.F.);
#262=CARTESIAN_POINT('',(-1.33,-0.55,2.425));
#263=VERTEX_POINT('',#262);
#264=CARTESIAN_POINT('',(-1.58,-0.55,2.425));
#265=DIRECTION('',(1.,0.,0.));
#266=VECTOR('',#265,0.25);
#267=LINE('',#264,#266);
#268=EDGE_CURVE('',#231,#263,#267,.T.);
#269=ORIENTED_EDGE('',*,*,#268,.T.);
#270=CARTESIAN_POINT('',(-1.33,-0.55,2.545));
#271=VERTEX_POINT('',#270);
#272=CARTESIAN_POINT('',(-1.33,-0.55,2.545));
#273=DIRECTION('',(-0.,0.,-1.));
#274=VECTOR('',#273,0.12);
#275=LINE('',#272,#274);
#276=EDGE_CURVE('',#271,#263,#275,.T.);
#277=ORIENTED_EDGE('',*,*,#276,.F.);
#278=CARTESIAN_POINT('',(-1.58,-0.55,2.545));
#279=DIRECTION('',(1.,-0.,-0.));
#280=VECTOR('',#279,0.25);
#281=LINE('',#278,#280);
#282=EDGE_CURVE('',#233,#271,#281,.T.);
#283=ORIENTED_EDGE('',*,*,#282,.F.);
#284=EDGE_LOOP('',(#261,#269,#277,#283));
#285=FACE_BOUND('',#284,.T.);
#286=ADVANCED_FACE('',(#285),#260,.T.);
#287=CARTESIAN_POINT('',(-1.39,-0.23,2.485));
#288=DIRECTION('',(-0.,0.,-1.));
#289=DIRECTION('',(-1.,-0.,-0.));
#290=AXIS2_PLACEMENT_3D('',#287,#288,#289);
#291=CYLINDRICAL_SURFACE('',#290,0.05);
#292=ORIENTED_EDGE('',*,*,#119,.F.);
#293=CARTESIAN_POINT('',(-1.43,-0.2,2.545));
#294=VERTEX_POINT('',#293);
#295=CARTESIAN_POINT('',(-1.39,-0.23,2.545));
#296=DIRECTION('',(-0.,0.,-1.));
#297=DIRECTION('',(0.,1.,0.));
#298=AXIS2_PLACEMENT_3D('',#295,#296,#297);
#299=CIRCLE('',#298,0.05);
#300=EDGE_CURVE('',#106,#294,#299,.T.);
#301=ORIENTED_EDGE('',*,*,#300,.T.);
#302=CARTESIAN_POINT('',(-1.43,-0.2,2.425));
#303=VERTEX_POINT('',#302);
#304=CARTESIAN_POINT('',(-1.43,-0.2,2.545));
#305=DIRECTION('',(-0.,0.,-1.));
#306=VECTOR('',#305,0.12);
#307=LINE('',#304,#306);
#308=EDGE_CURVE('',#294,#303,#307,.T.);
#309=ORIENTED_EDGE('',*,*,#308,.T.);
#310=CARTESIAN_POINT('',(-1.39,-0.23,2.425));
#311=DIRECTION('',(-0.,0.,-1.));
#312=DIRECTION('',(0.,1.,0.));
#313=AXIS2_PLACEMENT_3D('',#310,#311,#312);
#314=CIRCLE('',#313,0.05);
#315=EDGE_CURVE('',#114,#303,#314,.T.);
#316=ORIENTED_EDGE('',*,*,#315,.F.);
#317=EDGE_LOOP('',(#292,#301,#309,#316));
#318=FACE_BOUND('',#317,.T.);
#319=ADVANCED_FACE('',(#318),#291,.T.);
#320=CARTESIAN_POINT('',(1.049014969,-0.20674359,2.425));
#321=DIRECTION('',(0.,-0.,1.));
#322=DIRECTION('',(1.,0.,0.));
#323=AXIS2_PLACEMENT_3D('',#320,#321,#322);
#324=PLANE('',#323);
#325=CARTESIAN_POINT('',(-1.32,-0.5,2.425));
#326=VERTEX_POINT('',#325);
#327=CARTESIAN_POINT('',(-1.32,-0.2,2.425));
#328=VERTEX_POINT('',#327);
#329=CARTESIAN_POINT('',(-1.32,-0.5,2.425));
#330=DIRECTION('',(-0.,1.,-0.));
#331=VECTOR('',#330,0.3);
#332=LINE('',#329,#331);
#333=EDGE_CURVE('',#326,#328,#332,.T.);
#334=ORIENTED_EDGE('',*,*,#333,.F.);
#335=CARTESIAN_POINT('',(-1.278222618,-0.5,2.425));
#336=VERTEX_POINT('',#335);
#337=CARTESIAN_POINT('',(-1.278222618,-0.5,2.425));
#338=DIRECTION('',(-1.,0.,-0.));
#339=VECTOR('',#338,0.041777382);
#340=LINE('',#337,#339);
#341=EDGE_CURVE('',#336,#326,#340,.T.);
#342=ORIENTED_EDGE('',*,*,#341,.F.);
#343=CARTESIAN_POINT('',(-1.33,-0.55,2.425));
#344=DIRECTION('',(0.719345609,0.694652355,0.));
#345=VECTOR('',#344,0.07197845);
#346=LINE('',#343,#345);
#347=EDGE_CURVE('',#263,#336,#346,.T.);
#348=ORIENTED_EDGE('',*,*,#347,.F.);
#349=ORIENTED_EDGE('',*,*,#268,.F.);
#350=ORIENTED_EDGE('',*,*,#251,.T.);
#351=ORIENTED_EDGE('',*,*,#206,.F.);
#352=ORIENTED_EDGE('',*,*,#175,.F.);
#353=ORIENTED_EDGE('',*,*,#143,.T.);
#354=ORIENTED_EDGE('',*,*,#125,.F.);
#355=ORIENTED_EDGE('',*,*,#315,.T.);
#356=CARTESIAN_POINT('',(-1.32,-0.2,2.425));
#357=DIRECTION('',(-1.,-0.,-0.));
#358=VECTOR('',#357,0.11);
#359=LINE('',#356,#358);
#360=EDGE_CURVE('',#328,#303,#359,.T.);
#361=ORIENTED_EDGE('',*,*,#360,.F.);
#362=EDGE_LOOP('',(#334,#342,#348,#349,#350,#351,#352,#353,#354,#355,#361));
#363=FACE_BOUND('',#362,.T.);
#364=ADVANCED_FACE('',(#363),#324,.F.);
#365=CARTESIAN_POINT('',(-1.049014969,-0.20674359,2.545));
#366=DIRECTION('',(0.,0.,-1.));
#367=DIRECTION('',(-1.,0.,0.));
#368=AXIS2_PLACEMENT_3D('',#365,#366,#367);
#369=PLANE('',#368);
#370=CARTESIAN_POINT('',(-1.278222618,-0.5,2.545));
#371=VERTEX_POINT('',#370);
#372=CARTESIAN_POINT('',(-1.33,-0.55,2.545));
#373=DIRECTION('',(0.719345609,0.694652355,0.));
#374=VECTOR('',#373,0.07197845);
#375=LINE('',#372,#374);
#376=EDGE_CURVE('',#271,#371,#375,.T.);
#377=ORIENTED_EDGE('',*,*,#376,.T.);
#378=CARTESIAN_POINT('',(-1.32,-0.5,2.545));
#379=VERTEX_POINT('',#378);
#380=CARTESIAN_POINT('',(-1.32,-0.5,2.545));
#381=DIRECTION('',(1.,-0.,0.));
#382=VECTOR('',#381,0.041777382);
#383=LINE('',#380,#382);
#384=EDGE_CURVE('',#379,#371,#383,.T.);
#385=ORIENTED_EDGE('',*,*,#384,.F.);
#386=CARTESIAN_POINT('',(-1.32,-0.2,2.545));
#387=VERTEX_POINT('',#386);
#388=CARTESIAN_POINT('',(-1.32,-0.2,2.545));
#389=DIRECTION('',(0.,-1.,0.));
#390=VECTOR('',#389,0.3);
#391=LINE('',#388,#390);
#392=EDGE_CURVE('',#387,#379,#391,.T.);
#393=ORIENTED_EDGE('',*,*,#392,.F.);
#394=CARTESIAN_POINT('',(-1.43,-0.2,2.545));
#395=DIRECTION('',(1.,0.,0.));
#396=VECTOR('',#395,0.11);
#397=LINE('',#394,#396);
#398=EDGE_CURVE('',#294,#387,#397,.T.);
#399=ORIENTED_EDGE('',*,*,#398,.F.);
#400=ORIENTED_EDGE('',*,*,#300,.F.);
#401=ORIENTED_EDGE('',*,*,#111,.T.);
#402=ORIENTED_EDGE('',*,*,#158,.F.);
#403=ORIENTED_EDGE('',*,*,#189,.T.);
#404=ORIENTED_EDGE('',*,*,#220,.T.);
#405=ORIENTED_EDGE('',*,*,#244,.T.);
#406=ORIENTED_EDGE('',*,*,#282,.T.);
#407=EDGE_LOOP('',(#377,#385,#393,#399,#400,#401,#402,#403,#404,#405,#406));
#408=FACE_BOUND('',#407,.T.);
#409=ADVANCED_FACE('',(#408),#369,.F.);
#410=CARTESIAN_POINT('',(-1.33,-0.55,2.485));
#411=DIRECTION('',(0.694652355,-0.719345609,-0.));
#412=DIRECTION('',(-0.719345609,-0.694652355,-0.));
#413=AXIS2_PLACEMENT_3D('',#410,#411,#412);
#414=PLANE('',#413);
#415=ORIENTED_EDGE('',*,*,#347,.T.);
#416=CARTESIAN_POINT('',(-1.278222618,-0.5,2.425));
#417=DIRECTION('',(0.,-0.,1.));
#418=VECTOR('',#417,0.12);
#419=LINE('',#416,#418);
#420=EDGE_CURVE('',#336,#371,#419,.T.);
#421=ORIENTED_EDGE('',*,*,#420,.T.);
#422=ORIENTED_EDGE('',*,*,#376,.F.);
#423=ORIENTED_EDGE('',*,*,#276,.T.);
#424=EDGE_LOOP('',(#415,#421,#422,#423));
#425=FACE_BOUND('',#424,.T.);
#426=ADVANCED_FACE('',(#425),#414,.T.);
#427=CARTESIAN_POINT('',(-1.44,1.4,7.185));
#428=DIRECTION('',(-0.,-1.,0.));
#429=DIRECTION('',(-1.,0.,0.));
#430=AXIS2_PLACEMENT_3D('',#427,#428,#429);
#431=PLANE('',#430);
#432=CARTESIAN_POINT('',(1.19,1.4,6.935));
#433=VERTEX_POINT('',#432);
#434=CARTESIAN_POINT('',(-1.19,1.4,6.935));
#435=VERTEX_POINT('',#434);
#436=CARTESIAN_POINT('',(1.19,1.4,6.935));
#437=DIRECTION('',(-1.,0.,0.));
#438=VECTOR('',#437,2.38);
#439=LINE('',#436,#438);
#440=EDGE_CURVE('',#433,#435,#439,.T.);
#441=ORIENTED_EDGE('',*,*,#440,.T.);
#442=CARTESIAN_POINT('',(-1.19,1.4,6.385));
#443=VERTEX_POINT('',#442);
#444=CARTESIAN_POINT('',(-1.19,1.4,6.385));
#445=DIRECTION('',(-0.,0.,1.));
#446=VECTOR('',#445,0.55);
#447=LINE('',#444,#446);
#448=EDGE_CURVE('',#443,#435,#447,.T.);
#449=ORIENTED_EDGE('',*,*,#448,.F.);
#450=CARTESIAN_POINT('',(-1.47,1.4,6.385));
#451=VERTEX_POINT('',#450);
#452=CARTESIAN_POINT('',(-1.47,1.4,6.385));
#453=DIRECTION('',(1.,0.,0.));
#454=VECTOR('',#453,0.28);
#455=LINE('',#452,#454);
#456=EDGE_CURVE('',#451,#443,#455,.T.);
#457=ORIENTED_EDGE('',*,*,#456,.F.);
#458=CARTESIAN_POINT('',(-1.47,1.4,7.185));
#459=VERTEX_POINT('',#458);
#460=CARTESIAN_POINT('',(-1.47,1.4,7.185));
#461=DIRECTION('',(-0.,0.,-1.));
#462=VECTOR('',#461,0.8);
#463=LINE('',#460,#462);
#464=EDGE_CURVE('',#459,#451,#463,.T.);
#465=ORIENTED_EDGE('',*,*,#464,.F.);
#466=CARTESIAN_POINT('',(1.47,1.4,7.185));
#467=VERTEX_POINT('',#466);
#468=CARTESIAN_POINT('',(-1.47,1.4,7.185));
#469=DIRECTION('',(1.,-0.,-0.));
#470=VECTOR('',#469,2.94);
#471=LINE('',#468,#470);
#472=EDGE_CURVE('',#459,#467,#471,.T.);
#473=ORIENTED_EDGE('',*,*,#472,.T.);
#474=CARTESIAN_POINT('',(1.47,1.4,6.385));
#475=VERTEX_POINT('',#474);
#476=CARTESIAN_POINT('',(1.47,1.4,6.385));
#477=DIRECTION('',(0.,-0.,1.));
#478=VECTOR('',#477,0.8);
#479=LINE('',#476,#478);
#480=EDGE_CURVE('',#475,#467,#479,.T.);
#481=ORIENTED_EDGE('',*,*,#480,.F.);
#482=CARTESIAN_POINT('',(1.19,1.4,6.385));
#483=VERTEX_POINT('',#482);
#484=CARTESIAN_POINT('',(1.47,1.4,6.385));
#485=DIRECTION('',(-1.,0.,0.));
#486=VECTOR('',#485,0.28);
#487=LINE('',#484,#486);
#488=EDGE_CURVE('',#475,#483,#487,.T.);
#489=ORIENTED_EDGE('',*,*,#488,.T.);
#490=CARTESIAN_POINT('',(1.19,1.4,6.385));
#491=DIRECTION('',(-0.,-0.,1.));
#492=VECTOR('',#491,0.55);
#493=LINE('',#490,#492);
#494=EDGE_CURVE('',#483,#433,#493,.T.);
#495=ORIENTED_EDGE('',*,*,#494,.T.);
#496=EDGE_LOOP('',(#441,#449,#457,#465,#473,#481,#489,#495));
#497=FACE_BOUND('',#496,.T.);
#498=ADVANCED_FACE('',(#497),#431,.F.);
#499=COLOUR_RGB('',0.411764711,0.411764711,0.411764711);
#500=FILL_AREA_STYLE_COLOUR('',#499);
#501=FILL_AREA_STYLE('',(#500));
#502=SURFACE_STYLE_FILL_AREA(#501);
#503=SURFACE_SIDE_STYLE('',(#502));
#504=SURFACE_STYLE_USAGE(.BOTH.,#503);
#505=PRESENTATION_STYLE_ASSIGNMENT((#504));
#506=OVER_RIDING_STYLED_ITEM('',(#505),#498,#89);
#507=CARTESIAN_POINT('',(-0.670201084,0.287954146,7.185));
#508=DIRECTION('',(0.,0.,-1.));
#509=DIRECTION('',(-1.,0.,0.));
#510=AXIS2_PLACEMENT_3D('',#507,#508,#509);
#511=PLANE('',#510);
#512=ORIENTED_EDGE('',*,*,#472,.F.);
#513=CARTESIAN_POINT('',(-1.47,-0.2,7.185));
#514=VERTEX_POINT('',#513);
#515=CARTESIAN_POINT('',(-1.47,-0.2,7.185));
#516=DIRECTION('',(-0.,1.,0.));
#517=VECTOR('',#516,1.6);
#518=LINE('',#515,#517);
#519=EDGE_CURVE('',#514,#459,#518,.T.);
#520=ORIENTED_EDGE('',*,*,#519,.F.);
#521=CARTESIAN_POINT('',(-1.32,-0.2,7.185));
#522=VERTEX_POINT('',#521);
#523=CARTESIAN_POINT('',(-1.47,-0.2,7.185));
#524=DIRECTION('',(1.,-0.,-0.));
#525=VECTOR('',#524,0.15);
#526=LINE('',#523,#525);
#527=EDGE_CURVE('',#514,#522,#526,.T.);
#528=ORIENTED_EDGE('',*,*,#527,.T.);
#529=CARTESIAN_POINT('',(-1.32,-0.5,7.185));
#530=VERTEX_POINT('',#529);
#531=CARTESIAN_POINT('',(-1.32,-0.2,7.185));
#532=DIRECTION('',(-0.,-1.,-0.));
#533=VECTOR('',#532,0.3);
#534=LINE('',#531,#533);
#535=EDGE_CURVE('',#522,#530,#534,.T.);
#536=ORIENTED_EDGE('',*,*,#535,.T.);
#537=CARTESIAN_POINT('',(1.32,-0.5,7.185));
#538=VERTEX_POINT('',#537);
#539=CARTESIAN_POINT('',(1.32,-0.5,7.185));
#540=DIRECTION('',(-1.,0.,-0.));
#541=VECTOR('',#540,2.64);
#542=LINE('',#539,#541);
#543=EDGE_CURVE('',#538,#530,#542,.T.);
#544=ORIENTED_EDGE('',*,*,#543,.F.);
#545=CARTESIAN_POINT('',(1.32,-0.2,7.185));
#546=VERTEX_POINT('',#545);
#547=CARTESIAN_POINT('',(1.32,-0.5,7.185));
#548=DIRECTION('',(0.,1.,0.));
#549=VECTOR('',#548,0.3);
#550=LINE('',#547,#549);
#551=EDGE_CURVE('',#538,#546,#550,.T.);
#552=ORIENTED_EDGE('',*,*,#551,.T.);
#553=CARTESIAN_POINT('',(1.47,-0.2,7.185));
#554=VERTEX_POINT('',#553);
#555=CARTESIAN_POINT('',(1.32,-0.2,7.185));
#556=DIRECTION('',(1.,-0.,-0.));
#557=VECTOR('',#556,0.15);
#558=LINE('',#555,#557);
#559=EDGE_CURVE('',#546,#554,#558,.T.);
#560=ORIENTED_EDGE('',*,*,#559,.T.);
#561=CARTESIAN_POINT('',(1.47,1.4,7.185));
#562=DIRECTION('',(-0.,-1.,-0.));
#563=VECTOR('',#562,1.6);
#564=LINE('',#561,#563);
#565=EDGE_CURVE('',#467,#554,#564,.T.);
#566=ORIENTED_EDGE('',*,*,#565,.F.);
#567=EDGE_LOOP('',(#512,#520,#528,#536,#544,#552,#560,#566));
#568=FACE_BOUND('',#567,.T.);
#569=ADVANCED_FACE('',(#568),#511,.F.);
#570=OVER_RIDING_STYLED_ITEM('',(#505),#569,#89);
#571=CARTESIAN_POINT('',(-1.44,1.4,2.185));
#572=DIRECTION('',(0.,1.,0.));
#573=DIRECTION('',(-1.,0.,0.));
#574=AXIS2_PLACEMENT_3D('',#571,#572,#573);
#575=PLANE('',#574);
#576=CARTESIAN_POINT('',(1.47,1.4,2.185));
#577=VERTEX_POINT('',#576);
#578=CARTESIAN_POINT('',(-1.47,1.4,2.185));
#579=VERTEX_POINT('',#578);
#580=CARTESIAN_POINT('',(1.47,1.4,2.185));
#581=DIRECTION('',(-1.,0.,0.));
#582=VECTOR('',#581,2.94);
#583=LINE('',#580,#582);
#584=EDGE_CURVE('',#577,#579,#583,.T.);
#585=ORIENTED_EDGE('',*,*,#584,.T.);
#586=CARTESIAN_POINT('',(-1.47,1.4,2.985));
#587=VERTEX_POINT('',#586);
#588=CARTESIAN_POINT('',(-1.47,1.4,2.185));
#589=DIRECTION('',(0.,0.,1.));
#590=VECTOR('',#589,0.8);
#591=LINE('',#588,#590);
#592=EDGE_CURVE('',#579,#587,#591,.T.);
#593=ORIENTED_EDGE('',*,*,#592,.T.);
#594=CARTESIAN_POINT('',(-1.19,1.4,2.985));
#595=VERTEX_POINT('',#594);
#596=CARTESIAN_POINT('',(-1.19,1.4,2.985));
#597=DIRECTION('',(-1.,-0.,0.));
#598=VECTOR('',#597,0.28);
#599=LINE('',#596,#598);
#600=EDGE_CURVE('',#595,#587,#599,.T.);
#601=ORIENTED_EDGE('',*,*,#600,.F.);
#602=CARTESIAN_POINT('',(-1.19,1.4,2.435));
#603=VERTEX_POINT('',#602);
#604=CARTESIAN_POINT('',(-1.19,1.4,2.435));
#605=DIRECTION('',(0.,0.,1.));
#606=VECTOR('',#605,0.55);
#607=LINE('',#604,#606);
#608=EDGE_CURVE('',#603,#595,#607,.T.);
#609=ORIENTED_EDGE('',*,*,#608,.F.);
#610=CARTESIAN_POINT('',(1.19,1.4,2.435));
#611=VERTEX_POINT('',#610);
#612=CARTESIAN_POINT('',(-1.19,1.4,2.435));
#613=DIRECTION('',(1.,-0.,-0.));
#614=VECTOR('',#613,2.38);
#615=LINE('',#612,#614);
#616=EDGE_CURVE('',#603,#611,#615,.T.);
#617=ORIENTED_EDGE('',*,*,#616,.T.);
#618=CARTESIAN_POINT('',(1.19,1.4,2.985));
#619=VERTEX_POINT('',#618);
#620=CARTESIAN_POINT('',(1.19,1.4,2.435));
#621=DIRECTION('',(0.,0.,1.));
#622=VECTOR('',#621,0.55);
#623=LINE('',#620,#622);
#624=EDGE_CURVE('',#611,#619,#623,.T.);
#625=ORIENTED_EDGE('',*,*,#624,.T.);
#626=CARTESIAN_POINT('',(1.47,1.4,2.985));
#627=VERTEX_POINT('',#626);
#628=CARTESIAN_POINT('',(1.19,1.4,2.985));
#629=DIRECTION('',(1.,-0.,-0.));
#630=VECTOR('',#629,0.28);
#631=LINE('',#628,#630);
#632=EDGE_CURVE('',#619,#627,#631,.T.);
#633=ORIENTED_EDGE('',*,*,#632,.T.);
#634=CARTESIAN_POINT('',(1.47,1.4,2.185));
#635=DIRECTION('',(0.,-0.,1.));
#636=VECTOR('',#635,0.8);
#637=LINE('',#634,#636);
#638=EDGE_CURVE('',#577,#627,#637,.T.);
#639=ORIENTED_EDGE('',*,*,#638,.F.);
#640=EDGE_LOOP('',(#585,#593,#601,#609,#617,#625,#633,#639));
#641=FACE_BOUND('',#640,.T.);
#642=ADVANCED_FACE('',(#641),#575,.T.);
#643=OVER_RIDING_STYLED_ITEM('',(#505),#642,#89);
#644=CARTESIAN_POINT('',(-0.670201084,0.287954146,2.185));
#645=DIRECTION('',(0.,0.,-1.));
#646=DIRECTION('',(-1.,0.,0.));
#647=AXIS2_PLACEMENT_3D('',#644,#645,#646);
#648=PLANE('',#647);
#649=CARTESIAN_POINT('',(-1.32,-0.5,2.185));
#650=VERTEX_POINT('',#649);
#651=CARTESIAN_POINT('',(1.32,-0.5,2.185));
#652=VERTEX_POINT('',#651);
#653=CARTESIAN_POINT('',(-1.32,-0.5,2.185));
#654=DIRECTION('',(1.,-0.,0.));
#655=VECTOR('',#654,2.64);
#656=LINE('',#653,#655);
#657=EDGE_CURVE('',#650,#652,#656,.T.);
#658=ORIENTED_EDGE('',*,*,#657,.F.);
#659=CARTESIAN_POINT('',(-1.32,-0.2,2.185));
#660=VERTEX_POINT('',#659);
#661=CARTESIAN_POINT('',(-1.32,-0.2,2.185));
#662=DIRECTION('',(0.,-1.,0.));
#663=VECTOR('',#662,0.3);
#664=LINE('',#661,#663);
#665=EDGE_CURVE('',#660,#650,#664,.T.);
#666=ORIENTED_EDGE('',*,*,#665,.F.);
#667=CARTESIAN_POINT('',(-1.47,-0.2,2.185));
#668=VERTEX_POINT('',#667);
#669=CARTESIAN_POINT('',(-1.47,-0.2,2.185));
#670=DIRECTION('',(1.,0.,0.));
#671=VECTOR('',#670,0.15);
#672=LINE('',#669,#671);
#673=EDGE_CURVE('',#668,#660,#672,.T.);
#674=ORIENTED_EDGE('',*,*,#673,.F.);
#675=CARTESIAN_POINT('',(-1.47,1.4,2.185));
#676=DIRECTION('',(0.,-1.,-0.));
#677=VECTOR('',#676,1.6);
#678=LINE('',#675,#677);
#679=EDGE_CURVE('',#579,#668,#678,.T.);
#680=ORIENTED_EDGE('',*,*,#679,.F.);
#681=ORIENTED_EDGE('',*,*,#584,.F.);
#682=CARTESIAN_POINT('',(1.47,-0.2,2.185));
#683=VERTEX_POINT('',#682);
#684=CARTESIAN_POINT('',(1.47,-0.2,2.185));
#685=DIRECTION('',(0.,1.,0.));
#686=VECTOR('',#685,1.6);
#687=LINE('',#684,#686);
#688=EDGE_CURVE('',#683,#577,#687,.T.);
#689=ORIENTED_EDGE('',*,*,#688,.F.);
#690=CARTESIAN_POINT('',(1.32,-0.2,2.185));
#691=VERTEX_POINT('',#690);
#692=CARTESIAN_POINT('',(1.47,-0.2,2.185));
#693=DIRECTION('',(-1.,0.,0.));
#694=VECTOR('',#693,0.15);
#695=LINE('',#692,#694);
#696=EDGE_CURVE('',#683,#691,#695,.T.);
#697=ORIENTED_EDGE('',*,*,#696,.T.);
#698=CARTESIAN_POINT('',(1.32,-0.5,2.185));
#699=DIRECTION('',(0.,1.,-0.));
#700=VECTOR('',#699,0.3);
#701=LINE('',#698,#700);
#702=EDGE_CURVE('',#652,#691,#701,.T.);
#703=ORIENTED_EDGE('',*,*,#702,.F.);
#704=EDGE_LOOP('',(#658,#666,#674,#680,#681,#689,#697,#703));
#705=FACE_BOUND('',#704,.T.);
#706=ADVANCED_FACE('',(#705),#648,.T.);
#707=OVER_RIDING_STYLED_ITEM('',(#505),#706,#89);
#708=CARTESIAN_POINT('',(0.,1.275,6.81));
#709=DIRECTION('',(0.,0.707106781,-0.707106781));
#710=DIRECTION('',(0.,-0.707106781,-0.707106781));
#711=AXIS2_PLACEMENT_3D('',#708,#709,#710);
#712=PLANE('',#711);
#713=CARTESIAN_POINT('',(0.94,1.15,6.685));
#714=VERTEX_POINT('',#713);
#715=CARTESIAN_POINT('',(-0.94,1.15,6.685));
#716=VERTEX_POINT('',#715);
#717=CARTESIAN_POINT('',(0.94,1.15,6.685));
#718=DIRECTION('',(-1.,-0.,-0.));
#719=VECTOR('',#718,1.88);
#720=LINE('',#717,#719);
#721=EDGE_CURVE('',#714,#716,#720,.T.);
#722=ORIENTED_EDGE('',*,*,#721,.T.);
#723=CARTESIAN_POINT('',(-1.19,1.4,6.935));
#724=DIRECTION('',(0.577350269,-0.577350269,-0.577350269));
#725=VECTOR('',#724,0.433012702);
#726=LINE('',#723,#725);
#727=EDGE_CURVE('',#435,#716,#726,.T.);
#728=ORIENTED_EDGE('',*,*,#727,.F.);
#729=ORIENTED_EDGE('',*,*,#440,.F.);
#730=CARTESIAN_POINT('',(1.19,1.4,6.935));
#731=DIRECTION('',(-0.577350269,-0.577350269,-0.577350269));
#732=VECTOR('',#731,0.433012702);
#733=LINE('',#730,#732);
#734=EDGE_CURVE('',#433,#714,#733,.T.);
#735=ORIENTED_EDGE('',*,*,#734,.T.);
#736=EDGE_LOOP('',(#722,#728,#729,#735));
#737=FACE_BOUND('',#736,.T.);
#738=ADVANCED_FACE('',(#737),#712,.T.);
#739=OVER_RIDING_STYLED_ITEM('',(#505),#738,#89);
#740=CARTESIAN_POINT('',(0.858889091,0.997862202,6.685));
#741=DIRECTION('',(-0.,-0.,-1.));
#742=DIRECTION('',(-1.,-0.,0.));
#743=AXIS2_PLACEMENT_3D('',#740,#741,#742);
#744=PLANE('',#743);
#745=CARTESIAN_POINT('',(-0.94,0.325,6.685));
#746=VERTEX_POINT('',#745);
#747=CARTESIAN_POINT('',(0.94,0.325,6.685));
#748=VERTEX_POINT('',#747);
#749=CARTESIAN_POINT('',(-0.94,0.325,6.685));
#750=DIRECTION('',(1.,0.,-0.));
#751=VECTOR('',#750,1.88);
#752=LINE('',#749,#751);
#753=EDGE_CURVE('',#746,#748,#752,.T.);
#754=ORIENTED_EDGE('',*,*,#753,.F.);
#755=CARTESIAN_POINT('',(-0.94,1.15,6.685));
#756=DIRECTION('',(-0.,-1.,-0.));
#757=VECTOR('',#756,0.825);
#758=LINE('',#755,#757);
#759=EDGE_CURVE('',#716,#746,#758,.T.);
#760=ORIENTED_EDGE('',*,*,#759,.F.);
#761=ORIENTED_EDGE('',*,*,#721,.F.);
#762=CARTESIAN_POINT('',(0.94,0.325,6.685));
#763=DIRECTION('',(-0.,1.,-0.));
#764=VECTOR('',#763,0.825);
#765=LINE('',#762,#764);
#766=EDGE_CURVE('',#748,#714,#765,.T.);
#767=ORIENTED_EDGE('',*,*,#766,.F.);
#768=EDGE_LOOP('',(#754,#760,#761,#767));
#769=FACE_BOUND('',#768,.T.);
#770=ADVANCED_FACE('',(#769),#744,.T.);
#771=OVER_RIDING_STYLED_ITEM('',(#505),#770,#89);
#772=CARTESIAN_POINT('',(-0.,0.3,6.66));
#773=DIRECTION('',(-0.,0.707106781,-0.707106781));
#774=DIRECTION('',(0.,0.707106781,0.707106781));
#775=AXIS2_PLACEMENT_3D('',#772,#773,#774);
#776=PLANE('',#775);
#777=CARTESIAN_POINT('',(0.89,0.275,6.635));
#778=VERTEX_POINT('',#777);
#779=CARTESIAN_POINT('',(-0.89,0.275,6.635));
#780=VERTEX_POINT('',#779);
#781=CARTESIAN_POINT('',(0.89,0.275,6.635));
#782=DIRECTION('',(-1.,-0.,0.));
#783=VECTOR('',#782,1.78);
#784=LINE('',#781,#783);
#785=EDGE_CURVE('',#778,#780,#784,.T.);
#786=ORIENTED_EDGE('',*,*,#785,.T.);
#787=CARTESIAN_POINT('',(-0.89,0.275,6.635));
#788=DIRECTION('',(-0.577350269,0.577350269,0.577350269));
#789=VECTOR('',#788,0.08660254);
#790=LINE('',#787,#789);
#791=EDGE_CURVE('',#780,#746,#790,.T.);
#792=ORIENTED_EDGE('',*,*,#791,.T.);
#793=ORIENTED_EDGE('',*,*,#753,.T.);
#794=CARTESIAN_POINT('',(0.89,0.275,6.635));
#795=DIRECTION('',(0.577350269,0.577350269,0.577350269));
#796=VECTOR('',#795,0.08660254);
#797=LINE('',#794,#796);
#798=EDGE_CURVE('',#778,#748,#797,.T.);
#799=ORIENTED_EDGE('',*,*,#798,.F.);
#800=EDGE_LOOP('',(#786,#792,#793,#799));
#801=FACE_BOUND('',#800,.T.);
#802=ADVANCED_FACE('',(#801),#776,.T.);
#803=OVER_RIDING_STYLED_ITEM('',(#505),#802,#89);
#804=CARTESIAN_POINT('',(-0.,0.3,6.));
#805=DIRECTION('',(0.,-0.707106781,-0.707106781));
#806=DIRECTION('',(-0.,-0.707106781,0.707106781));
#807=AXIS2_PLACEMENT_3D('',#804,#805,#806);
#808=PLANE('',#807);
#809=CARTESIAN_POINT('',(0.495,0.325,5.975));
#810=VERTEX_POINT('',#809);
#811=CARTESIAN_POINT('',(-0.495,0.325,5.975));
#812=VERTEX_POINT('',#811);
#813=CARTESIAN_POINT('',(0.495,0.325,5.975));
#814=DIRECTION('',(-1.,-0.,-0.));
#815=VECTOR('',#814,0.99);
#816=LINE('',#813,#815);
#817=EDGE_CURVE('',#810,#812,#816,.T.);
#818=ORIENTED_EDGE('',*,*,#817,.T.);
#819=CARTESIAN_POINT('',(-0.545,0.275,6.025));
#820=VERTEX_POINT('',#819);
#821=CARTESIAN_POINT('',(-0.545,0.275,6.025));
#822=DIRECTION('',(0.577350269,0.577350269,-0.577350269));
#823=VECTOR('',#822,0.08660254);
#824=LINE('',#821,#823);
#825=EDGE_CURVE('',#820,#812,#824,.T.);
#826=ORIENTED_EDGE('',*,*,#825,.F.);
#827=CARTESIAN_POINT('',(0.545,0.275,6.025));
#828=VERTEX_POINT('',#827);
#829=CARTESIAN_POINT('',(-0.545,0.275,6.025));
#830=DIRECTION('',(1.,0.,0.));
#831=VECTOR('',#830,1.09);
#832=LINE('',#829,#831);
#833=EDGE_CURVE('',#820,#828,#832,.T.);
#834=ORIENTED_EDGE('',*,*,#833,.T.);
#835=CARTESIAN_POINT('',(0.545,0.275,6.025));
#836=DIRECTION('',(-0.577350269,0.577350269,-0.577350269));
#837=VECTOR('',#836,0.08660254);
#838=LINE('',#835,#837);
#839=EDGE_CURVE('',#828,#810,#838,.T.);
#840=ORIENTED_EDGE('',*,*,#839,.T.);
#841=EDGE_LOOP('',(#818,#826,#834,#840));
#842=FACE_BOUND('',#841,.T.);
#843=ADVANCED_FACE('',(#842),#808,.F.);
#844=OVER_RIDING_STYLED_ITEM('',(#505),#843,#89);
#845=CARTESIAN_POINT('',(-0.,0.3,3.37));
#846=DIRECTION('',(-0.,0.707106781,-0.707106781));
#847=DIRECTION('',(-0.,-0.707106781,-0.707106781));
#848=AXIS2_PLACEMENT_3D('',#845,#846,#847);
#849=PLANE('',#848);
#850=CARTESIAN_POINT('',(-0.545,0.275,3.345));
#851=VERTEX_POINT('',#850);
#852=CARTESIAN_POINT('',(0.545,0.275,3.345));
#853=VERTEX_POINT('',#852);
#854=CARTESIAN_POINT('',(-0.545,0.275,3.345));
#855=DIRECTION('',(1.,0.,0.));
#856=VECTOR('',#855,1.09);
#857=LINE('',#854,#856);
#858=EDGE_CURVE('',#851,#853,#857,.T.);
#859=ORIENTED_EDGE('',*,*,#858,.F.);
#860=CARTESIAN_POINT('',(-0.495,0.325,3.395));
#861=VERTEX_POINT('',#860);
#862=CARTESIAN_POINT('',(-0.545,0.275,3.345));
#863=DIRECTION('',(0.577350269,0.577350269,0.577350269));
#864=VECTOR('',#863,0.08660254);
#865=LINE('',#862,#864);
#866=EDGE_CURVE('',#851,#861,#865,.T.);
#867=ORIENTED_EDGE('',*,*,#866,.T.);
#868=CARTESIAN_POINT('',(0.495,0.325,3.395));
#869=VERTEX_POINT('',#868);
#870=CARTESIAN_POINT('',(-0.495,0.325,3.395));
#871=DIRECTION('',(1.,0.,-0.));
#872=VECTOR('',#871,0.99);
#873=LINE('',#870,#872);
#874=EDGE_CURVE('',#861,#869,#873,.T.);
#875=ORIENTED_EDGE('',*,*,#874,.T.);
#876=CARTESIAN_POINT('',(0.545,0.275,3.345));
#877=DIRECTION('',(-0.577350269,0.577350269,0.577350269));
#878=VECTOR('',#877,0.08660254);
#879=LINE('',#876,#878);
#880=EDGE_CURVE('',#853,#869,#879,.T.);
#881=ORIENTED_EDGE('',*,*,#880,.F.);
#882=EDGE_LOOP('',(#859,#867,#875,#881));
#883=FACE_BOUND('',#882,.T.);
#884=ADVANCED_FACE('',(#883),#849,.T.);
#885=OVER_RIDING_STYLED_ITEM('',(#505),#884,#89);
#886=CARTESIAN_POINT('',(-0.,0.3,2.71));
#887=DIRECTION('',(0.,-0.707106781,-0.707106781));
#888=DIRECTION('',(0.,0.707106781,-0.707106781));
#889=AXIS2_PLACEMENT_3D('',#886,#887,#888);
#890=PLANE('',#889);
#891=CARTESIAN_POINT('',(-0.94,0.325,2.685));
#892=VERTEX_POINT('',#891);
#893=CARTESIAN_POINT('',(0.94,0.325,2.685));
#894=VERTEX_POINT('',#893);
#895=CARTESIAN_POINT('',(-0.94,0.325,2.685));
#896=DIRECTION('',(1.,0.,0.));
#897=VECTOR('',#896,1.88);
#898=LINE('',#895,#897);
#899=EDGE_CURVE('',#892,#894,#898,.T.);
#900=ORIENTED_EDGE('',*,*,#899,.F.);
#901=CARTESIAN_POINT('',(-0.89,0.275,2.735));
#902=VERTEX_POINT('',#901);
#903=CARTESIAN_POINT('',(-0.89,0.275,2.735));
#904=DIRECTION('',(-0.577350269,0.577350269,-0.577350269));
#905=VECTOR('',#904,0.08660254);
#906=LINE('',#903,#905);
#907=EDGE_CURVE('',#902,#892,#906,.T.);
#908=ORIENTED_EDGE('',*,*,#907,.F.);
#909=CARTESIAN_POINT('',(0.89,0.275,2.735));
#910=VERTEX_POINT('',#909);
#911=CARTESIAN_POINT('',(-0.89,0.275,2.735));
#912=DIRECTION('',(1.,0.,0.));
#913=VECTOR('',#912,1.78);
#914=LINE('',#911,#913);
#915=EDGE_CURVE('',#902,#910,#914,.T.);
#916=ORIENTED_EDGE('',*,*,#915,.T.);
#917=CARTESIAN_POINT('',(0.94,0.325,2.685));
#918=DIRECTION('',(-0.577350269,-0.577350269,0.577350269));
#919=VECTOR('',#918,0.08660254);
#920=LINE('',#917,#919);
#921=EDGE_CURVE('',#894,#910,#920,.T.);
#922=ORIENTED_EDGE('',*,*,#921,.F.);
#923=EDGE_LOOP('',(#900,#908,#916,#922));
#924=FACE_BOUND('',#923,.T.);
#925=ADVANCED_FACE('',(#924),#890,.F.);
#926=OVER_RIDING_STYLED_ITEM('',(#505),#925,#89);
#927=CARTESIAN_POINT('',(0.858889091,0.997862202,2.685));
#928=DIRECTION('',(0.,0.,-1.));
#929=DIRECTION('',(-1.,-0.,-0.));
#930=AXIS2_PLACEMENT_3D('',#927,#928,#929);
#931=PLANE('',#930);
#932=CARTESIAN_POINT('',(-0.94,1.15,2.685));
#933=VERTEX_POINT('',#932);
#934=CARTESIAN_POINT('',(0.94,1.15,2.685));
#935=VERTEX_POINT('',#934);
#936=CARTESIAN_POINT('',(-0.94,1.15,2.685));
#937=DIRECTION('',(1.,0.,-0.));
#938=VECTOR('',#937,1.88);
#939=LINE('',#936,#938);
#940=EDGE_CURVE('',#933,#935,#939,.T.);
#941=ORIENTED_EDGE('',*,*,#940,.F.);
#942=CARTESIAN_POINT('',(-0.94,1.15,2.685));
#943=DIRECTION('',(0.,-1.,-0.));
#944=VECTOR('',#943,0.825);
#945=LINE('',#942,#944);
#946=EDGE_CURVE('',#933,#892,#945,.T.);
#947=ORIENTED_EDGE('',*,*,#946,.T.);
#948=ORIENTED_EDGE('',*,*,#899,.T.);
#949=CARTESIAN_POINT('',(0.94,1.15,2.685));
#950=DIRECTION('',(0.,-1.,0.));
#951=VECTOR('',#950,0.825);
#952=LINE('',#949,#951);
#953=EDGE_CURVE('',#935,#894,#952,.T.);
#954=ORIENTED_EDGE('',*,*,#953,.F.);
#955=EDGE_LOOP('',(#941,#947,#948,#954));
#956=FACE_BOUND('',#955,.T.);
#957=ADVANCED_FACE('',(#956),#931,.F.);
#958=OVER_RIDING_STYLED_ITEM('',(#505),#957,#89);
#959=CARTESIAN_POINT('',(0.,1.275,2.56));
#960=DIRECTION('',(0.,0.707106781,0.707106781));
#961=DIRECTION('',(0.,-0.707106781,0.707106781));
#962=AXIS2_PLACEMENT_3D('',#959,#960,#961);
#963=PLANE('',#962);
#964=ORIENTED_EDGE('',*,*,#616,.F.);
#965=CARTESIAN_POINT('',(-1.19,1.4,2.435));
#966=DIRECTION('',(0.577350269,-0.577350269,0.577350269));
#967=VECTOR('',#966,0.433012702);
#968=LINE('',#965,#967);
#969=EDGE_CURVE('',#603,#933,#968,.T.);
#970=ORIENTED_EDGE('',*,*,#969,.T.);
#971=ORIENTED_EDGE('',*,*,#940,.T.);
#972=CARTESIAN_POINT('',(0.94,1.15,2.685));
#973=DIRECTION('',(0.577350269,0.577350269,-0.577350269));
#974=VECTOR('',#973,0.433012702);
#975=LINE('',#972,#974);
#976=EDGE_CURVE('',#935,#611,#975,.T.);
#977=ORIENTED_EDGE('',*,*,#976,.T.);
#978=EDGE_LOOP('',(#964,#970,#971,#977));
#979=FACE_BOUND('',#978,.T.);
#980=ADVANCED_FACE('',(#979),#963,.T.);
#981=OVER_RIDING_STYLED_ITEM('',(#505),#980,#89);
#982=CARTESIAN_POINT('',(0.545,0.275,3.6));
#983=DIRECTION('',(-0.,1.,0.));
#984=DIRECTION('',(1.,0.,0.));
#985=AXIS2_PLACEMENT_3D('',#982,#983,#984);
#986=PLANE('',#985);
#987=CARTESIAN_POINT('',(-0.545,0.275,6.025));
#988=DIRECTION('',(0.,0.,-1.));
#989=VECTOR('',#988,2.68);
#990=LINE('',#987,#989);
#991=EDGE_CURVE('',#820,#851,#990,.T.);
#992=ORIENTED_EDGE('',*,*,#991,.T.);
#993=ORIENTED_EDGE('',*,*,#858,.T.);
#994=CARTESIAN_POINT('',(0.545,0.275,6.025));
#995=DIRECTION('',(0.,0.,-1.));
#996=VECTOR('',#995,2.68);
#997=LINE('',#994,#996);
#998=EDGE_CURVE('',#828,#853,#997,.T.);
#999=ORIENTED_EDGE('',*,*,#998,.F.);
#1000=ORIENTED_EDGE('',*,*,#833,.F.);
#1001=EDGE_LOOP('',(#992,#993,#999,#1000));
#1002=FACE_BOUND('',#1001,.T.);
#1003=ORIENTED_EDGE('',*,*,#915,.F.);
#1004=CARTESIAN_POINT('',(-0.89,0.275,6.635));
#1005=DIRECTION('',(0.,-0.,-1.));
#1006=VECTOR('',#1005,3.9);
#1007=LINE('',#1004,#1006);
#1008=EDGE_CURVE('',#780,#902,#1007,.T.);
#1009=ORIENTED_EDGE('',*,*,#1008,.F.);
#1010=ORIENTED_EDGE('',*,*,#785,.F.);
#1011=CARTESIAN_POINT('',(0.89,0.275,2.735));
#1012=DIRECTION('',(-0.,0.,1.));
#1013=VECTOR('',#1012,3.9);
#1014=LINE('',#1011,#1013);
#1015=EDGE_CURVE('',#910,#778,#1014,.T.);
#1016=ORIENTED_EDGE('',*,*,#1015,.F.);
#1017=EDGE_LOOP('',(#1003,#1009,#1010,#1016));
#1018=FACE_BOUND('',#1017,.T.);
#1019=ADVANCED_FACE('',(#1002,#1018),#986,.T.);
#1020=OVER_RIDING_STYLED_ITEM('',(#505),#1019,#89);
#1021=CARTESIAN_POINT('',(-0.33009071,-0.5,2.900802924));
#1022=DIRECTION('',(-0.,-1.,0.));
#1023=DIRECTION('',(1.,-0.,0.));
#1024=AXIS2_PLACEMENT_3D('',#1021,#1022,#1023);
#1025=PLANE('',#1024);
#1026=ORIENTED_EDGE('',*,*,#543,.T.);
#1027=CARTESIAN_POINT('',(-1.32,-0.5,6.945));
#1028=VERTEX_POINT('',#1027);
#1029=CARTESIAN_POINT('',(-1.32,-0.5,6.945));
#1030=DIRECTION('',(0.,0.,1.));
#1031=VECTOR('',#1030,0.24);
#1032=LINE('',#1029,#1031);
#1033=EDGE_CURVE('',#1028,#530,#1032,.T.);
#1034=ORIENTED_EDGE('',*,*,#1033,.F.);
#1035=CARTESIAN_POINT('',(-1.278222618,-0.5,6.945));
#1036=VERTEX_POINT('',#1035);
#1037=CARTESIAN_POINT('',(-1.278222618,-0.5,6.945));
#1038=DIRECTION('',(-1.,-0.,-0.));
#1039=VECTOR('',#1038,0.041777382);
#1040=LINE('',#1037,#1039);
#1041=EDGE_CURVE('',#1036,#1028,#1040,.T.);
#1042=ORIENTED_EDGE('',*,*,#1041,.F.);
#1043=CARTESIAN_POINT('',(-1.278222618,-0.5,6.825));
#1044=VERTEX_POINT('',#1043);
#1045=CARTESIAN_POINT('',(-1.278222618,-0.5,6.945));
#1046=DIRECTION('',(-0.,-0.,-1.));
#1047=VECTOR('',#1046,0.12);
#1048=LINE('',#1045,#1047);
#1049=EDGE_CURVE('',#1036,#1044,#1048,.T.);
#1050=ORIENTED_EDGE('',*,*,#1049,.T.);
#1051=CARTESIAN_POINT('',(-1.32,-0.5,6.825));
#1052=VERTEX_POINT('',#1051);
#1053=CARTESIAN_POINT('',(-1.278222618,-0.5,6.825));
#1054=DIRECTION('',(-1.,0.,-0.));
#1055=VECTOR('',#1054,0.041777382);
#1056=LINE('',#1053,#1055);
#1057=EDGE_CURVE('',#1044,#1052,#1056,.T.);
#1058=ORIENTED_EDGE('',*,*,#1057,.T.);
#1059=CARTESIAN_POINT('',(-1.32,-0.5,2.545));
#1060=DIRECTION('',(0.,0.,1.));
#1061=VECTOR('',#1060,4.28);
#1062=LINE('',#1059,#1061);
#1063=EDGE_CURVE('',#379,#1052,#1062,.T.);
#1064=ORIENTED_EDGE('',*,*,#1063,.F.);
#1065=ORIENTED_EDGE('',*,*,#384,.T.);
#1066=ORIENTED_EDGE('',*,*,#420,.F.);
#1067=ORIENTED_EDGE('',*,*,#341,.T.);
#1068=CARTESIAN_POINT('',(-1.32,-0.5,2.185));
#1069=DIRECTION('',(0.,0.,1.));
#1070=VECTOR('',#1069,0.24);
#1071=LINE('',#1068,#1070);
#1072=EDGE_CURVE('',#650,#326,#1071,.T.);
#1073=ORIENTED_EDGE('',*,*,#1072,.F.);
#1074=ORIENTED_EDGE('',*,*,#657,.T.);
#1075=CARTESIAN_POINT('',(1.32,-0.5,2.425));
#1076=VERTEX_POINT('',#1075);
#1077=CARTESIAN_POINT('',(1.32,-0.5,2.425));
#1078=DIRECTION('',(-0.,-0.,-1.));
#1079=VECTOR('',#1078,0.24);
#1080=LINE('',#1077,#1079);
#1081=EDGE_CURVE('',#1076,#652,#1080,.T.);
#1082=ORIENTED_EDGE('',*,*,#1081,.F.);
#1083=CARTESIAN_POINT('',(1.278222618,-0.5,2.425));
#1084=VERTEX_POINT('',#1083);
#1085=CARTESIAN_POINT('',(1.278222618,-0.5,2.425));
#1086=DIRECTION('',(1.,-0.,-0.));
#1087=VECTOR('',#1086,0.041777382);
#1088=LINE('',#1085,#1087);
#1089=EDGE_CURVE('',#1084,#1076,#1088,.T.);
#1090=ORIENTED_EDGE('',*,*,#1089,.F.);
#1091=CARTESIAN_POINT('',(1.278222618,-0.5,2.545));
#1092=VERTEX_POINT('',#1091);
#1093=CARTESIAN_POINT('',(1.278222618,-0.5,2.425));
#1094=DIRECTION('',(0.,0.,1.));
#1095=VECTOR('',#1094,0.12);
#1096=LINE('',#1093,#1095);
#1097=EDGE_CURVE('',#1084,#1092,#1096,.T.);
#1098=ORIENTED_EDGE('',*,*,#1097,.T.);
#1099=CARTESIAN_POINT('',(1.32,-0.5,2.545));
#1100=VERTEX_POINT('',#1099);
#1101=CARTESIAN_POINT('',(1.278222618,-0.5,2.545));
#1102=DIRECTION('',(1.,-0.,0.));
#1103=VECTOR('',#1102,0.041777382);
#1104=LINE('',#1101,#1103);
#1105=EDGE_CURVE('',#1092,#1100,#1104,.T.);
#1106=ORIENTED_EDGE('',*,*,#1105,.T.);
#1107=CARTESIAN_POINT('',(1.32,-0.5,6.825));
#1108=VERTEX_POINT('',#1107);
#1109=CARTESIAN_POINT('',(1.32,-0.5,6.825));
#1110=DIRECTION('',(-0.,-0.,-1.));
#1111=VECTOR('',#1110,4.28);
#1112=LINE('',#1109,#1111);
#1113=EDGE_CURVE('',#1108,#1100,#1112,.T.);
#1114=ORIENTED_EDGE('',*,*,#1113,.F.);
#1115=CARTESIAN_POINT('',(1.278222618,-0.5,6.825));
#1116=VERTEX_POINT('',#1115);
#1117=CARTESIAN_POINT('',(1.32,-0.5,6.825));
#1118=DIRECTION('',(-1.,0.,-0.));
#1119=VECTOR('',#1118,0.041777382);
#1120=LINE('',#1117,#1119);
#1121=EDGE_CURVE('',#1108,#1116,#1120,.T.);
#1122=ORIENTED_EDGE('',*,*,#1121,.T.);
#1123=CARTESIAN_POINT('',(1.278222618,-0.5,6.945));
#1124=VERTEX_POINT('',#1123);
#1125=CARTESIAN_POINT('',(1.278222618,-0.5,6.945));
#1126=DIRECTION('',(-0.,-0.,-1.));
#1127=VECTOR('',#1126,0.12);
#1128=LINE('',#1125,#1127);
#1129=EDGE_CURVE('',#1124,#1116,#1128,.T.);
#1130=ORIENTED_EDGE('',*,*,#1129,.F.);
#1131=CARTESIAN_POINT('',(1.32,-0.5,6.945));
#1132=VERTEX_POINT('',#1131);
#1133=CARTESIAN_POINT('',(1.278222618,-0.5,6.945));
#1134=DIRECTION('',(1.,-0.,0.));
#1135=VECTOR('',#1134,0.041777382);
#1136=LINE('',#1133,#1135);
#1137=EDGE_CURVE('',#1124,#1132,#1136,.T.);
#1138=ORIENTED_EDGE('',*,*,#1137,.T.);
#1139=CARTESIAN_POINT('',(1.32,-0.5,7.185));
#1140=DIRECTION('',(-0.,-0.,-1.));
#1141=VECTOR('',#1140,0.24);
#1142=LINE('',#1139,#1141);
#1143=EDGE_CURVE('',#538,#1132,#1142,.T.);
#1144=ORIENTED_EDGE('',*,*,#1143,.F.);
#1145=EDGE_LOOP('',(#1026,#1034,#1042,#1050,#1058,#1064,#1065,#1066,#1067,#1073,#1074,#1082,#1090,#1098,#1106,#1114,#1122,#1130,#1138,#1144));
#1146=FACE_BOUND('',#1145,.T.);
#1147=ADVANCED_FACE('',(#1146),#1025,.T.);
#1148=OVER_RIDING_STYLED_ITEM('',(#505),#1147,#89);
#1149=CARTESIAN_POINT('',(0.2475,1.075,5.9));
#1150=DIRECTION('',(-0.,-0.707106781,-0.707106781));
#1151=DIRECTION('',(0.,0.707106781,-0.707106781));
#1152=AXIS2_PLACEMENT_3D('',#1149,#1150,#1151);
#1153=PLANE('',#1152);
#1154=CARTESIAN_POINT('',(0.445,1.15,5.825));
#1155=VERTEX_POINT('',#1154);
#1156=CARTESIAN_POINT('',(-0.445,1.15,5.825));
#1157=VERTEX_POINT('',#1156);
#1158=CARTESIAN_POINT('',(0.445,1.15,5.825));
#1159=DIRECTION('',(-1.,0.,0.));
#1160=VECTOR('',#1159,0.89);
#1161=LINE('',#1158,#1160);
#1162=EDGE_CURVE('',#1155,#1157,#1161,.T.);
#1163=ORIENTED_EDGE('',*,*,#1162,.T.);
#1164=CARTESIAN_POINT('',(-0.445,1.,5.975));
#1165=VERTEX_POINT('',#1164);
#1166=CARTESIAN_POINT('',(-0.445,1.,5.975));
#1167=DIRECTION('',(-0.,0.707106781,-0.707106781));
#1168=VECTOR('',#1167,0.212132034);
#1169=LINE('',#1166,#1168);
#1170=EDGE_CURVE('',#1165,#1157,#1169,.T.);
#1171=ORIENTED_EDGE('',*,*,#1170,.F.);
#1172=CARTESIAN_POINT('',(0.445,1.,5.975));
#1173=VERTEX_POINT('',#1172);
#1174=CARTESIAN_POINT('',(-0.445,1.,5.975));
#1175=DIRECTION('',(1.,-0.,-0.));
#1176=VECTOR('',#1175,0.89);
#1177=LINE('',#1174,#1176);
#1178=EDGE_CURVE('',#1165,#1173,#1177,.T.);
#1179=ORIENTED_EDGE('',*,*,#1178,.T.);
#1180=CARTESIAN_POINT('',(0.445,1.15,5.825));
#1181=DIRECTION('',(-0.,-0.707106781,0.707106781));
#1182=VECTOR('',#1181,0.212132034);
#1183=LINE('',#1180,#1182);
#1184=EDGE_CURVE('',#1155,#1173,#1183,.T.);
#1185=ORIENTED_EDGE('',*,*,#1184,.F.);
#1186=EDGE_LOOP('',(#1163,#1171,#1179,#1185));
#1187=FACE_BOUND('',#1186,.T.);
#1188=ADVANCED_FACE('',(#1187),#1153,.F.);
#1189=OVER_RIDING_STYLED_ITEM('',(#505),#1188,#89);
#1190=CARTESIAN_POINT('',(-0.746910357,0.17196322,5.975));
#1191=DIRECTION('',(0.,0.,1.));
#1192=DIRECTION('',(1.,0.,0.));
#1193=AXIS2_PLACEMENT_3D('',#1190,#1191,#1192);
#1194=PLANE('',#1193);
#1195=ORIENTED_EDGE('',*,*,#817,.F.);
#1196=CARTESIAN_POINT('',(0.495,0.929289322,5.975));
#1197=VERTEX_POINT('',#1196);
#1198=CARTESIAN_POINT('',(0.495,0.929289322,5.975));
#1199=DIRECTION('',(-0.,-1.,0.));
#1200=VECTOR('',#1199,0.604289322);
#1201=LINE('',#1198,#1200);
#1202=EDGE_CURVE('',#1197,#810,#1201,.T.);
#1203=ORIENTED_EDGE('',*,*,#1202,.F.);
#1204=CARTESIAN_POINT('',(0.495,0.929289322,5.975));
#1205=DIRECTION('',(-0.577350269,0.816496581,0.));
#1206=VECTOR('',#1205,0.08660254);
#1207=LINE('',#1204,#1206);
#1208=EDGE_CURVE('',#1197,#1173,#1207,.T.);
#1209=ORIENTED_EDGE('',*,*,#1208,.T.);
#1210=ORIENTED_EDGE('',*,*,#1178,.F.);
#1211=CARTESIAN_POINT('',(-0.495,0.929289322,5.975));
#1212=VERTEX_POINT('',#1211);
#1213=CARTESIAN_POINT('',(-0.445,1.,5.975));
#1214=DIRECTION('',(-0.577350269,-0.816496581,0.));
#1215=VECTOR('',#1214,0.08660254);
#1216=LINE('',#1213,#1215);
#1217=EDGE_CURVE('',#1165,#1212,#1216,.T.);
#1218=ORIENTED_EDGE('',*,*,#1217,.T.);
#1219=CARTESIAN_POINT('',(-0.495,0.929289322,5.975));
#1220=DIRECTION('',(-0.,-1.,-0.));
#1221=VECTOR('',#1220,0.604289322);
#1222=LINE('',#1219,#1221);
#1223=EDGE_CURVE('',#1212,#812,#1222,.T.);
#1224=ORIENTED_EDGE('',*,*,#1223,.T.);
#1225=EDGE_LOOP('',(#1195,#1203,#1209,#1210,#1218,#1224));
#1226=FACE_BOUND('',#1225,.T.);
#1227=ADVANCED_FACE('',(#1226),#1194,.T.);
#1228=OVER_RIDING_STYLED_ITEM('',(#505),#1227,#89);
#1229=CARTESIAN_POINT('',(-0.47,1.05732233,5.88232233));
#1230=DIRECTION('',(-0.707106781,0.5,0.5));
#1231=DIRECTION('',(-0.707106781,-0.5,-0.5));
#1232=AXIS2_PLACEMENT_3D('',#1229,#1230,#1231);
#1233=PLANE('',#1232);
#1234=ORIENTED_EDGE('',*,*,#1170,.T.);
#1235=CARTESIAN_POINT('',(-0.495,1.1,5.804289322));
#1236=VERTEX_POINT('',#1235);
#1237=CARTESIAN_POINT('',(-0.495,1.1,5.804289322));
#1238=DIRECTION('',(0.678598345,0.678598345,0.281084638));
#1239=VECTOR('',#1238,0.073681288);
#1240=LINE('',#1237,#1239);
#1241=EDGE_CURVE('',#1236,#1157,#1240,.T.);
#1242=ORIENTED_EDGE('',*,*,#1241,.F.);
#1243=CARTESIAN_POINT('',(-0.495,0.929289322,5.975));
#1244=DIRECTION('',(0.,0.707106781,-0.707106781));
#1245=VECTOR('',#1244,0.241421356);
#1246=LINE('',#1243,#1245);
#1247=EDGE_CURVE('',#1212,#1236,#1246,.T.);
#1248=ORIENTED_EDGE('',*,*,#1247,.F.);
#1249=ORIENTED_EDGE('',*,*,#1217,.F.);
#1250=EDGE_LOOP('',(#1234,#1242,#1248,#1249));
#1251=FACE_BOUND('',#1250,.T.);
#1252=ADVANCED_FACE('',(#1251),#1233,.T.);
#1253=OVER_RIDING_STYLED_ITEM('',(#505),#1252,#89);
#1254=CARTESIAN_POINT('',(0.47,1.05732233,5.88232233));
#1255=DIRECTION('',(-0.707106781,-0.5,-0.5));
#1256=DIRECTION('',(0.707106781,-0.5,-0.5));
#1257=AXIS2_PLACEMENT_3D('',#1254,#1255,#1256);
#1258=PLANE('',#1257);
#1259=ORIENTED_EDGE('',*,*,#1208,.F.);
#1260=CARTESIAN_POINT('',(0.495,1.1,5.804289322));
#1261=VERTEX_POINT('',#1260);
#1262=CARTESIAN_POINT('',(0.495,0.929289322,5.975));
#1263=DIRECTION('',(0.,0.707106781,-0.707106781));
#1264=VECTOR('',#1263,0.241421356);
#1265=LINE('',#1262,#1264);
#1266=EDGE_CURVE('',#1197,#1261,#1265,.T.);
#1267=ORIENTED_EDGE('',*,*,#1266,.T.);
#1268=CARTESIAN_POINT('',(0.445,1.15,5.825));
#1269=DIRECTION('',(0.678598345,-0.678598345,-0.281084638));
#1270=VECTOR('',#1269,0.073681288);
#1271=LINE('',#1268,#1270);
#1272=EDGE_CURVE('',#1155,#1261,#1271,.T.);
#1273=ORIENTED_EDGE('',*,*,#1272,.F.);
#1274=ORIENTED_EDGE('',*,*,#1184,.T.);
#1275=EDGE_LOOP('',(#1259,#1267,#1273,#1274));
#1276=FACE_BOUND('',#1275,.T.);
#1277=ADVANCED_FACE('',(#1276),#1258,.F.);
#1278=OVER_RIDING_STYLED_ITEM('',(#505),#1277,#89);
#1279=CARTESIAN_POINT('',(0.495,1.1,1.37));
#1280=DIRECTION('',(0.707106781,0.707106781,-0.));
#1281=DIRECTION('',(-0.707106781,0.707106781,-0.));
#1282=AXIS2_PLACEMENT_3D('',#1279,#1280,#1281);
#1283=PLANE('',#1282);
#1284=CARTESIAN_POINT('',(0.495,1.1,3.565710678));
#1285=VERTEX_POINT('',#1284);
#1286=CARTESIAN_POINT('',(0.495,1.1,5.804289322));
#1287=DIRECTION('',(-0.,-0.,-1.));
#1288=VECTOR('',#1287,2.238578644);
#1289=LINE('',#1286,#1288);
#1290=EDGE_CURVE('',#1261,#1285,#1289,.T.);
#1291=ORIENTED_EDGE('',*,*,#1290,.T.);
#1292=CARTESIAN_POINT('',(0.445,1.15,3.545));
#1293=VERTEX_POINT('',#1292);
#1294=CARTESIAN_POINT('',(0.495,1.1,3.565710678));
#1295=DIRECTION('',(-0.678598345,0.678598345,-0.281084638));
#1296=VECTOR('',#1295,0.073681288);
#1297=LINE('',#1294,#1296);
#1298=EDGE_CURVE('',#1285,#1293,#1297,.T.);
#1299=ORIENTED_EDGE('',*,*,#1298,.T.);
#1300=CARTESIAN_POINT('',(0.445,1.15,5.825));
#1301=DIRECTION('',(-0.,-0.,-1.));
#1302=VECTOR('',#1301,2.28);
#1303=LINE('',#1300,#1302);
#1304=EDGE_CURVE('',#1155,#1293,#1303,.T.);
#1305=ORIENTED_EDGE('',*,*,#1304,.F.);
#1306=ORIENTED_EDGE('',*,*,#1272,.T.);
#1307=EDGE_LOOP('',(#1291,#1299,#1305,#1306));
#1308=FACE_BOUND('',#1307,.T.);
#1309=ADVANCED_FACE('',(#1308),#1283,.T.);
#1310=OVER_RIDING_STYLED_ITEM('',(#505),#1309,#89);
#1311=CARTESIAN_POINT('',(-0.495,1.1,-2.4));
#1312=DIRECTION('',(-0.707106781,0.707106781,0.));
#1313=DIRECTION('',(0.707106781,0.707106781,0.));
#1314=AXIS2_PLACEMENT_3D('',#1311,#1312,#1313);
#1315=PLANE('',#1314);
#1316=CARTESIAN_POINT('',(-0.445,1.15,3.545));
#1317=VERTEX_POINT('',#1316);
#1318=CARTESIAN_POINT('',(-0.445,1.15,5.825));
#1319=DIRECTION('',(-0.,0.,-1.));
#1320=VECTOR('',#1319,2.28);
#1321=LINE('',#1318,#1320);
#1322=EDGE_CURVE('',#1157,#1317,#1321,.T.);
#1323=ORIENTED_EDGE('',*,*,#1322,.T.);
#1324=CARTESIAN_POINT('',(-0.495,1.1,3.565710678));
#1325=VERTEX_POINT('',#1324);
#1326=CARTESIAN_POINT('',(-0.495,1.1,3.565710678));
#1327=DIRECTION('',(0.678598345,0.678598345,-0.281084638));
#1328=VECTOR('',#1327,0.073681288);
#1329=LINE('',#1326,#1328);
#1330=EDGE_CURVE('',#1325,#1317,#1329,.T.);
#1331=ORIENTED_EDGE('',*,*,#1330,.F.);
#1332=CARTESIAN_POINT('',(-0.495,1.1,3.565710678));
#1333=DIRECTION('',(0.,-0.,1.));
#1334=VECTOR('',#1333,2.238578644);
#1335=LINE('',#1332,#1334);
#1336=EDGE_CURVE('',#1325,#1236,#1335,.T.);
#1337=ORIENTED_EDGE('',*,*,#1336,.T.);
#1338=ORIENTED_EDGE('',*,*,#1241,.T.);
#1339=EDGE_LOOP('',(#1323,#1331,#1337,#1338));
#1340=FACE_BOUND('',#1339,.T.);
#1341=ADVANCED_FACE('',(#1340),#1315,.T.);
#1342=OVER_RIDING_STYLED_ITEM('',(#505),#1341,#89);
#1343=CARTESIAN_POINT('',(0.47,1.05732233,3.48767767));
#1344=DIRECTION('',(0.707106781,0.5,-0.5));
#1345=DIRECTION('',(0.707106781,-0.5,0.5));
#1346=AXIS2_PLACEMENT_3D('',#1343,#1344,#1345);
#1347=PLANE('',#1346);
#1348=CARTESIAN_POINT('',(0.445,1.,3.395));
#1349=VERTEX_POINT('',#1348);
#1350=CARTESIAN_POINT('',(0.445,1.,3.395));
#1351=DIRECTION('',(0.,0.707106781,0.707106781));
#1352=VECTOR('',#1351,0.212132034);
#1353=LINE('',#1350,#1352);
#1354=EDGE_CURVE('',#1349,#1293,#1353,.T.);
#1355=ORIENTED_EDGE('',*,*,#1354,.T.);
#1356=ORIENTED_EDGE('',*,*,#1298,.F.);
#1357=CARTESIAN_POINT('',(0.495,0.929289322,3.395));
#1358=VERTEX_POINT('',#1357);
#1359=CARTESIAN_POINT('',(0.495,1.1,3.565710678));
#1360=DIRECTION('',(-0.,-0.707106781,-0.707106781));
#1361=VECTOR('',#1360,0.241421356);
#1362=LINE('',#1359,#1361);
#1363=EDGE_CURVE('',#1285,#1358,#1362,.T.);
#1364=ORIENTED_EDGE('',*,*,#1363,.T.);
#1365=CARTESIAN_POINT('',(0.495,0.929289322,3.395));
#1366=DIRECTION('',(-0.577350269,0.816496581,0.));
#1367=VECTOR('',#1366,0.08660254);
#1368=LINE('',#1365,#1367);
#1369=EDGE_CURVE('',#1358,#1349,#1368,.T.);
#1370=ORIENTED_EDGE('',*,*,#1369,.T.);
#1371=EDGE_LOOP('',(#1355,#1356,#1364,#1370));
#1372=FACE_BOUND('',#1371,.T.);
#1373=ADVANCED_FACE('',(#1372),#1347,.T.);
#1374=OVER_RIDING_STYLED_ITEM('',(#505),#1373,#89);
#1375=CARTESIAN_POINT('',(0.2475,1.075,3.47));
#1376=DIRECTION('',(0.,0.707106781,-0.707106781));
#1377=DIRECTION('',(0.,0.707106781,0.707106781));
#1378=AXIS2_PLACEMENT_3D('',#1375,#1376,#1377);
#1379=PLANE('',#1378);
#1380=ORIENTED_EDGE('',*,*,#1354,.F.);
#1381=CARTESIAN_POINT('',(-0.445,1.,3.395));
#1382=VERTEX_POINT('',#1381);
#1383=CARTESIAN_POINT('',(0.445,1.,3.395));
#1384=DIRECTION('',(-1.,0.,-0.));
#1385=VECTOR('',#1384,0.89);
#1386=LINE('',#1383,#1385);
#1387=EDGE_CURVE('',#1349,#1382,#1386,.T.);
#1388=ORIENTED_EDGE('',*,*,#1387,.T.);
#1389=CARTESIAN_POINT('',(-0.445,1.,3.395));
#1390=DIRECTION('',(0.,0.707106781,0.707106781));
#1391=VECTOR('',#1390,0.212132034);
#1392=LINE('',#1389,#1391);
#1393=EDGE_CURVE('',#1382,#1317,#1392,.T.);
#1394=ORIENTED_EDGE('',*,*,#1393,.T.);
#1395=CARTESIAN_POINT('',(-0.445,1.15,3.545));
#1396=DIRECTION('',(1.,-0.,0.));
#1397=VECTOR('',#1396,0.89);
#1398=LINE('',#1395,#1397);
#1399=EDGE_CURVE('',#1317,#1293,#1398,.T.);
#1400=ORIENTED_EDGE('',*,*,#1399,.T.);
#1401=EDGE_LOOP('',(#1380,#1388,#1394,#1400));
#1402=FACE_BOUND('',#1401,.T.);
#1403=ADVANCED_FACE('',(#1402),#1379,.T.);
#1404=OVER_RIDING_STYLED_ITEM('',(#505),#1403,#89);
#1405=CARTESIAN_POINT('',(-0.47,1.05732233,3.48767767));
#1406=DIRECTION('',(0.707106781,-0.5,0.5));
#1407=DIRECTION('',(-0.707106781,-0.5,0.5));
#1408=AXIS2_PLACEMENT_3D('',#1405,#1406,#1407);
#1409=PLANE('',#1408);
#1410=CARTESIAN_POINT('',(-0.495,0.929289322,3.395));
#1411=VERTEX_POINT('',#1410);
#1412=CARTESIAN_POINT('',(-0.445,1.,3.395));
#1413=DIRECTION('',(-0.577350269,-0.816496581,0.));
#1414=VECTOR('',#1413,0.08660254);
#1415=LINE('',#1412,#1414);
#1416=EDGE_CURVE('',#1382,#1411,#1415,.T.);
#1417=ORIENTED_EDGE('',*,*,#1416,.T.);
#1418=CARTESIAN_POINT('',(-0.495,1.1,3.565710678));
#1419=DIRECTION('',(0.,-0.707106781,-0.707106781));
#1420=VECTOR('',#1419,0.241421356);
#1421=LINE('',#1418,#1420);
#1422=EDGE_CURVE('',#1325,#1411,#1421,.T.);
#1423=ORIENTED_EDGE('',*,*,#1422,.F.);
#1424=ORIENTED_EDGE('',*,*,#1330,.T.);
#1425=ORIENTED_EDGE('',*,*,#1393,.F.);
#1426=EDGE_LOOP('',(#1417,#1423,#1424,#1425));
#1427=FACE_BOUND('',#1426,.T.);
#1428=ADVANCED_FACE('',(#1427),#1409,.F.);
#1429=OVER_RIDING_STYLED_ITEM('',(#505),#1428,#89);
#1430=CARTESIAN_POINT('',(-0.157313204,1.15,0.884525666));
#1431=DIRECTION('',(-0.,1.,0.));
#1432=DIRECTION('',(-1.,-0.,0.));
#1433=AXIS2_PLACEMENT_3D('',#1430,#1431,#1432);
#1434=PLANE('',#1433);
#1435=ORIENTED_EDGE('',*,*,#1322,.F.);
#1436=ORIENTED_EDGE('',*,*,#1162,.F.);
#1437=ORIENTED_EDGE('',*,*,#1304,.T.);
#1438=ORIENTED_EDGE('',*,*,#1399,.F.);
#1439=EDGE_LOOP('',(#1435,#1436,#1437,#1438));
#1440=FACE_BOUND('',#1439,.T.);
#1441=ADVANCED_FACE('',(#1440),#1434,.T.);
#1442=OVER_RIDING_STYLED_ITEM('',(#505),#1441,#89);
#1443=CARTESIAN_POINT('',(0.495,-0.4667,1.3575));
#1444=DIRECTION('',(1.,-0.,0.));
#1445=DIRECTION('',(0.,1.,-0.));
#1446=AXIS2_PLACEMENT_3D('',#1443,#1444,#1445);
#1447=PLANE('',#1446);
#1448=CARTESIAN_POINT('',(0.495,0.325,5.975));
#1449=DIRECTION('',(-0.,-0.,-1.));
#1450=VECTOR('',#1449,2.58);
#1451=LINE('',#1448,#1450);
#1452=EDGE_CURVE('',#810,#869,#1451,.T.);
#1453=ORIENTED_EDGE('',*,*,#1452,.T.);
#1454=CARTESIAN_POINT('',(0.495,0.325,3.395));
#1455=DIRECTION('',(0.,1.,-0.));
#1456=VECTOR('',#1455,0.604289322);
#1457=LINE('',#1454,#1456);
#1458=EDGE_CURVE('',#869,#1358,#1457,.T.);
#1459=ORIENTED_EDGE('',*,*,#1458,.T.);
#1460=ORIENTED_EDGE('',*,*,#1363,.F.);
#1461=ORIENTED_EDGE('',*,*,#1290,.F.);
#1462=ORIENTED_EDGE('',*,*,#1266,.F.);
#1463=ORIENTED_EDGE('',*,*,#1202,.T.);
#1464=EDGE_LOOP('',(#1453,#1459,#1460,#1461,#1462,#1463));
#1465=FACE_BOUND('',#1464,.T.);
#1466=CARTESIAN_POINT('',(0.495,0.74906316,3.745));
#1467=VERTEX_POINT('',#1466);
#1468=CARTESIAN_POINT('',(0.495,0.96,3.745));
#1469=VERTEX_POINT('',#1468);
#1470=CARTESIAN_POINT('',(0.495,0.74906316,3.745));
#1471=DIRECTION('',(0.,1.,-0.));
#1472=VECTOR('',#1471,0.21093684);
#1473=LINE('',#1470,#1472);
#1474=EDGE_CURVE('',#1467,#1469,#1473,.T.);
#1475=ORIENTED_EDGE('',*,*,#1474,.T.);
#1476=CARTESIAN_POINT('',(0.495,0.994090909,3.710909091));
#1477=VERTEX_POINT('',#1476);
#1478=CARTESIAN_POINT('',(0.495,0.994090909,3.710909091));
#1479=DIRECTION('',(-0.,-0.707106781,0.707106781));
#1480=VECTOR('',#1479,0.048211826);
#1481=LINE('',#1478,#1480);
#1482=EDGE_CURVE('',#1477,#1469,#1481,.T.);
#1483=ORIENTED_EDGE('',*,*,#1482,.F.);
#1484=CARTESIAN_POINT('',(0.495,0.994090909,3.659090909));
#1485=VERTEX_POINT('',#1484);
#1486=CARTESIAN_POINT('',(0.495,0.994090909,3.659090909));
#1487=DIRECTION('',(-0.,-0.,1.));
#1488=VECTOR('',#1487,0.051818182);
#1489=LINE('',#1486,#1488);
#1490=EDGE_CURVE('',#1485,#1477,#1489,.T.);
#1491=ORIENTED_EDGE('',*,*,#1490,.F.);
#1492=CARTESIAN_POINT('',(0.495,0.96,3.625));
#1493=VERTEX_POINT('',#1492);
#1494=CARTESIAN_POINT('',(0.495,0.96,3.625));
#1495=DIRECTION('',(0.,0.707106781,0.707106781));
#1496=VECTOR('',#1495,0.048211826);
#1497=LINE('',#1494,#1496);
#1498=EDGE_CURVE('',#1493,#1485,#1497,.T.);
#1499=ORIENTED_EDGE('',*,*,#1498,.F.);
#1500=CARTESIAN_POINT('',(0.495,0.74906316,3.625));
#1501=VERTEX_POINT('',#1500);
#1502=CARTESIAN_POINT('',(0.495,0.74906316,3.625));
#1503=DIRECTION('',(0.,1.,0.));
#1504=VECTOR('',#1503,0.21093684);
#1505=LINE('',#1502,#1504);
#1506=EDGE_CURVE('',#1501,#1493,#1505,.T.);
#1507=ORIENTED_EDGE('',*,*,#1506,.F.);
#1508=CARTESIAN_POINT('',(0.495,0.74906316,3.625));
#1509=DIRECTION('',(0.,0.,1.));
#1510=VECTOR('',#1509,0.12);
#1511=LINE('',#1508,#1510);
#1512=EDGE_CURVE('',#1501,#1467,#1511,.T.);
#1513=ORIENTED_EDGE('',*,*,#1512,.T.);
#1514=EDGE_LOOP('',(#1475,#1483,#1491,#1499,#1507,#1513));
#1515=FACE_BOUND('',#1514,.T.);
#1516=CARTESIAN_POINT('',(0.495,0.74906316,4.025));
#1517=VERTEX_POINT('',#1516);
#1518=CARTESIAN_POINT('',(0.495,0.74906316,4.145));
#1519=VERTEX_POINT('',#1518);
#1520=CARTESIAN_POINT('',(0.495,0.74906316,4.025));
#1521=DIRECTION('',(0.,0.,1.));
#1522=VECTOR('',#1521,0.12);
#1523=LINE('',#1520,#1522);
#1524=EDGE_CURVE('',#1517,#1519,#1523,.T.);
#1525=ORIENTED_EDGE('',*,*,#1524,.T.);
#1526=CARTESIAN_POINT('',(0.495,0.96,4.145));
#1527=VERTEX_POINT('',#1526);
#1528=CARTESIAN_POINT('',(0.495,0.74906316,4.145));
#1529=DIRECTION('',(0.,1.,-0.));
#1530=VECTOR('',#1529,0.21093684);
#1531=LINE('',#1528,#1530);
#1532=EDGE_CURVE('',#1519,#1527,#1531,.T.);
#1533=ORIENTED_EDGE('',*,*,#1532,.T.);
#1534=CARTESIAN_POINT('',(0.495,0.994090909,4.110909091));
#1535=VERTEX_POINT('',#1534);
#1536=CARTESIAN_POINT('',(0.495,0.994090909,4.110909091));
#1537=DIRECTION('',(-0.,-0.707106781,0.707106781));
#1538=VECTOR('',#1537,0.048211826);
#1539=LINE('',#1536,#1538);
#1540=EDGE_CURVE('',#1535,#1527,#1539,.T.);
#1541=ORIENTED_EDGE('',*,*,#1540,.F.);
#1542=CARTESIAN_POINT('',(0.495,0.994090909,4.059090909));
#1543=VERTEX_POINT('',#1542);
#1544=CARTESIAN_POINT('',(0.495,0.994090909,4.110909091));
#1545=DIRECTION('',(-0.,-0.,-1.));
#1546=VECTOR('',#1545,0.051818182);
#1547=LINE('',#1544,#1546);
#1548=EDGE_CURVE('',#1535,#1543,#1547,.T.);
#1549=ORIENTED_EDGE('',*,*,#1548,.T.);
#1550=CARTESIAN_POINT('',(0.495,0.96,4.025));
#1551=VERTEX_POINT('',#1550);
#1552=CARTESIAN_POINT('',(0.495,0.994090909,4.059090909));
#1553=DIRECTION('',(0.,-0.707106781,-0.707106781));
#1554=VECTOR('',#1553,0.048211826);
#1555=LINE('',#1552,#1554);
#1556=EDGE_CURVE('',#1543,#1551,#1555,.T.);
#1557=ORIENTED_EDGE('',*,*,#1556,.T.);
#1558=CARTESIAN_POINT('',(0.495,0.96,4.025));
#1559=DIRECTION('',(-0.,-1.,0.));
#1560=VECTOR('',#1559,0.21093684);
#1561=LINE('',#1558,#1560);
#1562=EDGE_CURVE('',#1551,#1517,#1561,.T.);
#1563=ORIENTED_EDGE('',*,*,#1562,.T.);
#1564=EDGE_LOOP('',(#1525,#1533,#1541,#1549,#1557,#1563));
#1565=FACE_BOUND('',#1564,.T.);
#1566=CARTESIAN_POINT('',(0.495,0.74906316,4.545));
#1567=VERTEX_POINT('',#1566);
#1568=CARTESIAN_POINT('',(0.495,0.74906316,4.425));
#1569=VERTEX_POINT('',#1568);
#1570=CARTESIAN_POINT('',(0.495,0.74906316,4.545));
#1571=DIRECTION('',(0.,0.,-1.));
#1572=VECTOR('',#1571,0.12);
#1573=LINE('',#1570,#1572);
#1574=EDGE_CURVE('',#1567,#1569,#1573,.T.);
#1575=ORIENTED_EDGE('',*,*,#1574,.F.);
#1576=CARTESIAN_POINT('',(0.495,0.96,4.545));
#1577=VERTEX_POINT('',#1576);
#1578=CARTESIAN_POINT('',(0.495,0.96,4.545));
#1579=DIRECTION('',(-0.,-1.,-0.));
#1580=VECTOR('',#1579,0.21093684);
#1581=LINE('',#1578,#1580);
#1582=EDGE_CURVE('',#1577,#1567,#1581,.T.);
#1583=ORIENTED_EDGE('',*,*,#1582,.F.);
#1584=CARTESIAN_POINT('',(0.495,0.994090909,4.510909091));
#1585=VERTEX_POINT('',#1584);
#1586=CARTESIAN_POINT('',(0.495,0.96,4.545));
#1587=DIRECTION('',(0.,0.707106781,-0.707106781));
#1588=VECTOR('',#1587,0.048211826);
#1589=LINE('',#1586,#1588);
#1590=EDGE_CURVE('',#1577,#1585,#1589,.T.);
#1591=ORIENTED_EDGE('',*,*,#1590,.T.);
#1592=CARTESIAN_POINT('',(0.495,0.994090909,4.459090909));
#1593=VERTEX_POINT('',#1592);
#1594=CARTESIAN_POINT('',(0.495,0.994090909,4.459090909));
#1595=DIRECTION('',(-0.,-0.,1.));
#1596=VECTOR('',#1595,0.051818182);
#1597=LINE('',#1594,#1596);
#1598=EDGE_CURVE('',#1593,#1585,#1597,.T.);
#1599=ORIENTED_EDGE('',*,*,#1598,.F.);
#1600=CARTESIAN_POINT('',(0.495,0.96,4.425));
#1601=VERTEX_POINT('',#1600);
#1602=CARTESIAN_POINT('',(0.495,0.96,4.425));
#1603=DIRECTION('',(0.,0.707106781,0.707106781));
#1604=VECTOR('',#1603,0.048211826);
#1605=LINE('',#1602,#1604);
#1606=EDGE_CURVE('',#1601,#1593,#1605,.T.);
#1607=ORIENTED_EDGE('',*,*,#1606,.F.);
#1608=CARTESIAN_POINT('',(0.495,0.74906316,4.425));
#1609=DIRECTION('',(0.,1.,0.));
#1610=VECTOR('',#1609,0.21093684);
#1611=LINE('',#1608,#1610);
#1612=EDGE_CURVE('',#1569,#1601,#1611,.T.);
#1613=ORIENTED_EDGE('',*,*,#1612,.F.);
#1614=EDGE_LOOP('',(#1575,#1583,#1591,#1599,#1607,#1613));
#1615=FACE_BOUND('',#1614,.T.);
#1616=CARTESIAN_POINT('',(0.495,0.994090909,4.859090909));
#1617=VERTEX_POINT('',#1616);
#1618=CARTESIAN_POINT('',(0.495,0.994090909,4.910909091));
#1619=VERTEX_POINT('',#1618);
#1620=CARTESIAN_POINT('',(0.495,0.994090909,4.859090909));
#1621=DIRECTION('',(-0.,-0.,1.));
#1622=VECTOR('',#1621,0.051818182);
#1623=LINE('',#1620,#1622);
#1624=EDGE_CURVE('',#1617,#1619,#1623,.T.);
#1625=ORIENTED_EDGE('',*,*,#1624,.F.);
#1626=CARTESIAN_POINT('',(0.495,0.96,4.825));
#1627=VERTEX_POINT('',#1626);
#1628=CARTESIAN_POINT('',(0.495,0.96,4.825));
#1629=DIRECTION('',(0.,0.707106781,0.707106781));
#1630=VECTOR('',#1629,0.048211826);
#1631=LINE('',#1628,#1630);
#1632=EDGE_CURVE('',#1627,#1617,#1631,.T.);
#1633=ORIENTED_EDGE('',*,*,#1632,.F.);
#1634=CARTESIAN_POINT('',(0.495,0.74906316,4.825));
#1635=VERTEX_POINT('',#1634);
#1636=CARTESIAN_POINT('',(0.495,0.74906316,4.825));
#1637=DIRECTION('',(0.,1.,0.));
#1638=VECTOR('',#1637,0.21093684);
#1639=LINE('',#1636,#1638);
#1640=EDGE_CURVE('',#1635,#1627,#1639,.T.);
#1641=ORIENTED_EDGE('',*,*,#1640,.F.);
#1642=CARTESIAN_POINT('',(0.495,0.74906316,4.945));
#1643=VERTEX_POINT('',#1642);
#1644=CARTESIAN_POINT('',(0.495,0.74906316,4.945));
#1645=DIRECTION('',(0.,0.,-1.));
#1646=VECTOR('',#1645,0.12);
#1647=LINE('',#1644,#1646);
#1648=EDGE_CURVE('',#1643,#1635,#1647,.T.);
#1649=ORIENTED_EDGE('',*,*,#1648,.F.);
#1650=CARTESIAN_POINT('',(0.495,0.96,4.945));
#1651=VERTEX_POINT('',#1650);
#1652=CARTESIAN_POINT('',(0.495,0.96,4.945));
#1653=DIRECTION('',(-0.,-1.,-0.));
#1654=VECTOR('',#1653,0.21093684);
#1655=LINE('',#1652,#1654);
#1656=EDGE_CURVE('',#1651,#1643,#1655,.T.);
#1657=ORIENTED_EDGE('',*,*,#1656,.F.);
#1658=CARTESIAN_POINT('',(0.495,0.96,4.945));
#1659=DIRECTION('',(0.,0.707106781,-0.707106781));
#1660=VECTOR('',#1659,0.048211826);
#1661=LINE('',#1658,#1660);
#1662=EDGE_CURVE('',#1651,#1619,#1661,.T.);
#1663=ORIENTED_EDGE('',*,*,#1662,.T.);
#1664=EDGE_LOOP('',(#1625,#1633,#1641,#1649,#1657,#1663));
#1665=FACE_BOUND('',#1664,.T.);
#1666=CARTESIAN_POINT('',(0.495,0.96,5.345));
#1667=VERTEX_POINT('',#1666);
#1668=CARTESIAN_POINT('',(0.495,0.74906316,5.345));
#1669=VERTEX_POINT('',#1668);
#1670=CARTESIAN_POINT('',(0.495,0.96,5.345));
#1671=DIRECTION('',(-0.,-1.,-0.));
#1672=VECTOR('',#1671,0.21093684);
#1673=LINE('',#1670,#1672);
#1674=EDGE_CURVE('',#1667,#1669,#1673,.T.);
#1675=ORIENTED_EDGE('',*,*,#1674,.F.);
#1676=CARTESIAN_POINT('',(0.495,0.994090909,5.310909091));
#1677=VERTEX_POINT('',#1676);
#1678=CARTESIAN_POINT('',(0.495,0.96,5.345));
#1679=DIRECTION('',(0.,0.707106781,-0.707106781));
#1680=VECTOR('',#1679,0.048211826);
#1681=LINE('',#1678,#1680);
#1682=EDGE_CURVE('',#1667,#1677,#1681,.T.);
#1683=ORIENTED_EDGE('',*,*,#1682,.T.);
#1684=CARTESIAN_POINT('',(0.495,0.994090909,5.259090909));
#1685=VERTEX_POINT('',#1684);
#1686=CARTESIAN_POINT('',(0.495,0.994090909,5.259090909));
#1687=DIRECTION('',(-0.,-0.,1.));
#1688=VECTOR('',#1687,0.051818182);
#1689=LINE('',#1686,#1688);
#1690=EDGE_CURVE('',#1685,#1677,#1689,.T.);
#1691=ORIENTED_EDGE('',*,*,#1690,.F.);
#1692=CARTESIAN_POINT('',(0.495,0.96,5.225));
#1693=VERTEX_POINT('',#1692);
#1694=CARTESIAN_POINT('',(0.495,0.96,5.225));
#1695=DIRECTION('',(0.,0.707106781,0.707106781));
#1696=VECTOR('',#1695,0.048211826);
#1697=LINE('',#1694,#1696);
#1698=EDGE_CURVE('',#1693,#1685,#1697,.T.);
#1699=ORIENTED_EDGE('',*,*,#1698,.F.);
#1700=CARTESIAN_POINT('',(0.495,0.74906316,5.225));
#1701=VERTEX_POINT('',#1700);
#1702=CARTESIAN_POINT('',(0.495,0.74906316,5.225));
#1703=DIRECTION('',(0.,1.,0.));
#1704=VECTOR('',#1703,0.21093684);
#1705=LINE('',#1702,#1704);
#1706=EDGE_CURVE('',#1701,#1693,#1705,.T.);
#1707=ORIENTED_EDGE('',*,*,#1706,.F.);
#1708=CARTESIAN_POINT('',(0.495,0.74906316,5.345));
#1709=DIRECTION('',(0.,0.,-1.));
#1710=VECTOR('',#1709,0.12);
#1711=LINE('',#1708,#1710);
#1712=EDGE_CURVE('',#1669,#1701,#1711,.T.);
#1713=ORIENTED_EDGE('',*,*,#1712,.F.);
#1714=EDGE_LOOP('',(#1675,#1683,#1691,#1699,#1707,#1713));
#1715=FACE_BOUND('',#1714,.T.);
#1716=CARTESIAN_POINT('',(0.495,0.96,5.745));
#1717=VERTEX_POINT('',#1716);
#1718=CARTESIAN_POINT('',(0.495,0.74906316,5.745));
#1719=VERTEX_POINT('',#1718);
#1720=CARTESIAN_POINT('',(0.495,0.96,5.745));
#1721=DIRECTION('',(-0.,-1.,-0.));
#1722=VECTOR('',#1721,0.21093684);
#1723=LINE('',#1720,#1722);
#1724=EDGE_CURVE('',#1717,#1719,#1723,.T.);
#1725=ORIENTED_EDGE('',*,*,#1724,.F.);
#1726=CARTESIAN_POINT('',(0.495,0.994090909,5.710909091));
#1727=VERTEX_POINT('',#1726);
#1728=CARTESIAN_POINT('',(0.495,0.96,5.745));
#1729=DIRECTION('',(0.,0.707106781,-0.707106781));
#1730=VECTOR('',#1729,0.048211826);
#1731=LINE('',#1728,#1730);
#1732=EDGE_CURVE('',#1717,#1727,#1731,.T.);
#1733=ORIENTED_EDGE('',*,*,#1732,.T.);
#1734=CARTESIAN_POINT('',(0.495,0.994090909,5.659090909));
#1735=VERTEX_POINT('',#1734);
#1736=CARTESIAN_POINT('',(0.495,0.994090909,5.659090909));
#1737=DIRECTION('',(-0.,-0.,1.));
#1738=VECTOR('',#1737,0.051818182);
#1739=LINE('',#1736,#1738);
#1740=EDGE_CURVE('',#1735,#1727,#1739,.T.);
#1741=ORIENTED_EDGE('',*,*,#1740,.F.);
#1742=CARTESIAN_POINT('',(0.495,0.96,5.625));
#1743=VERTEX_POINT('',#1742);
#1744=CARTESIAN_POINT('',(0.495,0.96,5.625));
#1745=DIRECTION('',(0.,0.707106781,0.707106781));
#1746=VECTOR('',#1745,0.048211826);
#1747=LINE('',#1744,#1746);
#1748=EDGE_CURVE('',#1743,#1735,#1747,.T.);
#1749=ORIENTED_EDGE('',*,*,#1748,.F.);
#1750=CARTESIAN_POINT('',(0.495,0.74906316,5.625));
#1751=VERTEX_POINT('',#1750);
#1752=CARTESIAN_POINT('',(0.495,0.74906316,5.625));
#1753=DIRECTION('',(0.,1.,0.));
#1754=VECTOR('',#1753,0.21093684);
#1755=LINE('',#1752,#1754);
#1756=EDGE_CURVE('',#1751,#1743,#1755,.T.);
#1757=ORIENTED_EDGE('',*,*,#1756,.F.);
#1758=CARTESIAN_POINT('',(0.495,0.74906316,5.745));
#1759=DIRECTION('',(0.,0.,-1.));
#1760=VECTOR('',#1759,0.12);
#1761=LINE('',#1758,#1760);
#1762=EDGE_CURVE('',#1719,#1751,#1761,.T.);
#1763=ORIENTED_EDGE('',*,*,#1762,.F.);
#1764=EDGE_LOOP('',(#1725,#1733,#1741,#1749,#1757,#1763));
#1765=FACE_BOUND('',#1764,.T.);
#1766=ADVANCED_FACE('',(#1465,#1515,#1565,#1615,#1665,#1715,#1765),#1447,.T.);
#1767=OVER_RIDING_STYLED_ITEM('',(#505),#1766,#89);
#1768=CARTESIAN_POINT('',(-0.746910357,0.17196322,3.395));
#1769=DIRECTION('',(0.,0.,1.));
#1770=DIRECTION('',(1.,0.,0.));
#1771=AXIS2_PLACEMENT_3D('',#1768,#1769,#1770);
#1772=PLANE('',#1771);
#1773=CARTESIAN_POINT('',(-0.495,0.929289322,3.395));
#1774=DIRECTION('',(-0.,-1.,-0.));
#1775=VECTOR('',#1774,0.604289322);
#1776=LINE('',#1773,#1775);
#1777=EDGE_CURVE('',#1411,#861,#1776,.T.);
#1778=ORIENTED_EDGE('',*,*,#1777,.F.);
#1779=ORIENTED_EDGE('',*,*,#1416,.F.);
#1780=ORIENTED_EDGE('',*,*,#1387,.F.);
#1781=ORIENTED_EDGE('',*,*,#1369,.F.);
#1782=ORIENTED_EDGE('',*,*,#1458,.F.);
#1783=ORIENTED_EDGE('',*,*,#874,.F.);
#1784=EDGE_LOOP('',(#1778,#1779,#1780,#1781,#1782,#1783));
#1785=FACE_BOUND('',#1784,.T.);
#1786=ADVANCED_FACE('',(#1785),#1772,.F.);
#1787=OVER_RIDING_STYLED_ITEM('',(#505),#1786,#89);
#1788=CARTESIAN_POINT('',(-0.495,-0.425075,3.6125));
#1789=DIRECTION('',(-1.,0.,0.));
#1790=DIRECTION('',(0.,1.,0.));
#1791=AXIS2_PLACEMENT_3D('',#1788,#1789,#1790);
#1792=PLANE('',#1791);
#1793=ORIENTED_EDGE('',*,*,#1336,.F.);
#1794=ORIENTED_EDGE('',*,*,#1422,.T.);
#1795=ORIENTED_EDGE('',*,*,#1777,.T.);
#1796=CARTESIAN_POINT('',(-0.495,0.325,3.395));
#1797=DIRECTION('',(-0.,-0.,1.));
#1798=VECTOR('',#1797,2.58);
#1799=LINE('',#1796,#1798);
#1800=EDGE_CURVE('',#861,#812,#1799,.T.);
#1801=ORIENTED_EDGE('',*,*,#1800,.T.);
#1802=ORIENTED_EDGE('',*,*,#1223,.F.);
#1803=ORIENTED_EDGE('',*,*,#1247,.T.);
#1804=EDGE_LOOP('',(#1793,#1794,#1795,#1801,#1802,#1803));
#1805=FACE_BOUND('',#1804,.T.);
#1806=CARTESIAN_POINT('',(-0.495,0.994090909,3.659090909));
#1807=VERTEX_POINT('',#1806);
#1808=CARTESIAN_POINT('',(-0.495,0.994090909,3.710909091));
#1809=VERTEX_POINT('',#1808);
#1810=CARTESIAN_POINT('',(-0.495,0.994090909,3.659090909));
#1811=DIRECTION('',(-0.,-0.,1.));
#1812=VECTOR('',#1811,0.051818182);
#1813=LINE('',#1810,#1812);
#1814=EDGE_CURVE('',#1807,#1809,#1813,.T.);
#1815=ORIENTED_EDGE('',*,*,#1814,.T.);
#1816=CARTESIAN_POINT('',(-0.495,0.96,3.745));
#1817=VERTEX_POINT('',#1816);
#1818=CARTESIAN_POINT('',(-0.495,0.994090909,3.710909091));
#1819=DIRECTION('',(0.,-0.707106781,0.707106781));
#1820=VECTOR('',#1819,0.048211826);
#1821=LINE('',#1818,#1820);
#1822=EDGE_CURVE('',#1809,#1817,#1821,.T.);
#1823=ORIENTED_EDGE('',*,*,#1822,.T.);
#1824=CARTESIAN_POINT('',(-0.495,0.74906316,3.745));
#1825=VERTEX_POINT('',#1824);
#1826=CARTESIAN_POINT('',(-0.495,0.96,3.745));
#1827=DIRECTION('',(-0.,-1.,-0.));
#1828=VECTOR('',#1827,0.21093684);
#1829=LINE('',#1826,#1828);
#1830=EDGE_CURVE('',#1817,#1825,#1829,.T.);
#1831=ORIENTED_EDGE('',*,*,#1830,.T.);
#1832=CARTESIAN_POINT('',(-0.495,0.74906316,3.625));
#1833=VERTEX_POINT('',#1832);
#1834=CARTESIAN_POINT('',(-0.495,0.74906316,3.745));
#1835=DIRECTION('',(0.,0.,-1.));
#1836=VECTOR('',#1835,0.12);
#1837=LINE('',#1834,#1836);
#1838=EDGE_CURVE('',#1825,#1833,#1837,.T.);
#1839=ORIENTED_EDGE('',*,*,#1838,.T.);
#1840=CARTESIAN_POINT('',(-0.495,0.96,3.625));
#1841=VERTEX_POINT('',#1840);
#1842=CARTESIAN_POINT('',(-0.495,0.74906316,3.625));
#1843=DIRECTION('',(0.,1.,0.));
#1844=VECTOR('',#1843,0.21093684);
#1845=LINE('',#1842,#1844);
#1846=EDGE_CURVE('',#1833,#1841,#1845,.T.);
#1847=ORIENTED_EDGE('',*,*,#1846,.T.);
#1848=CARTESIAN_POINT('',(-0.495,0.994090909,3.659090909));
#1849=DIRECTION('',(0.,-0.707106781,-0.707106781));
#1850=VECTOR('',#1849,0.048211826);
#1851=LINE('',#1848,#1850);
#1852=EDGE_CURVE('',#1807,#1841,#1851,.T.);
#1853=ORIENTED_EDGE('',*,*,#1852,.F.);
#1854=EDGE_LOOP('',(#1815,#1823,#1831,#1839,#1847,#1853));
#1855=FACE_BOUND('',#1854,.T.);
#1856=CARTESIAN_POINT('',(-0.495,0.74906316,4.025));
#1857=VERTEX_POINT('',#1856);
#1858=CARTESIAN_POINT('',(-0.495,0.96,4.025));
#1859=VERTEX_POINT('',#1858);
#1860=CARTESIAN_POINT('',(-0.495,0.74906316,4.025));
#1861=DIRECTION('',(0.,1.,0.));
#1862=VECTOR('',#1861,0.21093684);
#1863=LINE('',#1860,#1862);
#1864=EDGE_CURVE('',#1857,#1859,#1863,.T.);
#1865=ORIENTED_EDGE('',*,*,#1864,.T.);
#1866=CARTESIAN_POINT('',(-0.495,0.994090909,4.059090909));
#1867=VERTEX_POINT('',#1866);
#1868=CARTESIAN_POINT('',(-0.495,0.994090909,4.059090909));
#1869=DIRECTION('',(0.,-0.707106781,-0.707106781));
#1870=VECTOR('',#1869,0.048211826);
#1871=LINE('',#1868,#1870);
#1872=EDGE_CURVE('',#1867,#1859,#1871,.T.);
#1873=ORIENTED_EDGE('',*,*,#1872,.F.);
#1874=CARTESIAN_POINT('',(-0.495,0.994090909,4.110909091));
#1875=VERTEX_POINT('',#1874);
#1876=CARTESIAN_POINT('',(-0.495,0.994090909,4.059090909));
#1877=DIRECTION('',(-0.,-0.,1.));
#1878=VECTOR('',#1877,0.051818182);
#1879=LINE('',#1876,#1878);
#1880=EDGE_CURVE('',#1867,#1875,#1879,.T.);
#1881=ORIENTED_EDGE('',*,*,#1880,.T.);
#1882=CARTESIAN_POINT('',(-0.495,0.96,4.145));
#1883=VERTEX_POINT('',#1882);
#1884=CARTESIAN_POINT('',(-0.495,0.994090909,4.110909091));
#1885=DIRECTION('',(0.,-0.707106781,0.707106781));
#1886=VECTOR('',#1885,0.048211826);
#1887=LINE('',#1884,#1886);
#1888=EDGE_CURVE('',#1875,#1883,#1887,.T.);
#1889=ORIENTED_EDGE('',*,*,#1888,.T.);
#1890=CARTESIAN_POINT('',(-0.495,0.74906316,4.145));
#1891=VERTEX_POINT('',#1890);
#1892=CARTESIAN_POINT('',(-0.495,0.96,4.145));
#1893=DIRECTION('',(-0.,-1.,-0.));
#1894=VECTOR('',#1893,0.21093684);
#1895=LINE('',#1892,#1894);
#1896=EDGE_CURVE('',#1883,#1891,#1895,.T.);
#1897=ORIENTED_EDGE('',*,*,#1896,.T.);
#1898=CARTESIAN_POINT('',(-0.495,0.74906316,4.145));
#1899=DIRECTION('',(0.,0.,-1.));
#1900=VECTOR('',#1899,0.12);
#1901=LINE('',#1898,#1900);
#1902=EDGE_CURVE('',#1891,#1857,#1901,.T.);
#1903=ORIENTED_EDGE('',*,*,#1902,.T.);
#1904=EDGE_LOOP('',(#1865,#1873,#1881,#1889,#1897,#1903));
#1905=FACE_BOUND('',#1904,.T.);
#1906=CARTESIAN_POINT('',(-0.495,0.96,5.745));
#1907=VERTEX_POINT('',#1906);
#1908=CARTESIAN_POINT('',(-0.495,0.74906316,5.745));
#1909=VERTEX_POINT('',#1908);
#1910=CARTESIAN_POINT('',(-0.495,0.96,5.745));
#1911=DIRECTION('',(-0.,-1.,-0.));
#1912=VECTOR('',#1911,0.21093684);
#1913=LINE('',#1910,#1912);
#1914=EDGE_CURVE('',#1907,#1909,#1913,.T.);
#1915=ORIENTED_EDGE('',*,*,#1914,.T.);
#1916=CARTESIAN_POINT('',(-0.495,0.74906316,5.625));
#1917=VERTEX_POINT('',#1916);
#1918=CARTESIAN_POINT('',(-0.495,0.74906316,5.745));
#1919=DIRECTION('',(0.,0.,-1.));
#1920=VECTOR('',#1919,0.12);
#1921=LINE('',#1918,#1920);
#1922=EDGE_CURVE('',#1909,#1917,#1921,.T.);
#1923=ORIENTED_EDGE('',*,*,#1922,.T.);
#1924=CARTESIAN_POINT('',(-0.495,0.96,5.625));
#1925=VERTEX_POINT('',#1924);
#1926=CARTESIAN_POINT('',(-0.495,0.74906316,5.625));
#1927=DIRECTION('',(0.,1.,0.));
#1928=VECTOR('',#1927,0.21093684);
#1929=LINE('',#1926,#1928);
#1930=EDGE_CURVE('',#1917,#1925,#1929,.T.);
#1931=ORIENTED_EDGE('',*,*,#1930,.T.);
#1932=CARTESIAN_POINT('',(-0.495,0.994090909,5.659090909));
#1933=VERTEX_POINT('',#1932);
#1934=CARTESIAN_POINT('',(-0.495,0.994090909,5.659090909));
#1935=DIRECTION('',(0.,-0.707106781,-0.707106781));
#1936=VECTOR('',#1935,0.048211826);
#1937=LINE('',#1934,#1936);
#1938=EDGE_CURVE('',#1933,#1925,#1937,.T.);
#1939=ORIENTED_EDGE('',*,*,#1938,.F.);
#1940=CARTESIAN_POINT('',(-0.495,0.994090909,5.710909091));
#1941=VERTEX_POINT('',#1940);
#1942=CARTESIAN_POINT('',(-0.495,0.994090909,5.659090909));
#1943=DIRECTION('',(-0.,-0.,1.));
#1944=VECTOR('',#1943,0.051818182);
#1945=LINE('',#1942,#1944);
#1946=EDGE_CURVE('',#1933,#1941,#1945,.T.);
#1947=ORIENTED_EDGE('',*,*,#1946,.T.);
#1948=CARTESIAN_POINT('',(-0.495,0.994090909,5.710909091));
#1949=DIRECTION('',(0.,-0.707106781,0.707106781));
#1950=VECTOR('',#1949,0.048211826);
#1951=LINE('',#1948,#1950);
#1952=EDGE_CURVE('',#1941,#1907,#1951,.T.);
#1953=ORIENTED_EDGE('',*,*,#1952,.T.);
#1954=EDGE_LOOP('',(#1915,#1923,#1931,#1939,#1947,#1953));
#1955=FACE_BOUND('',#1954,.T.);
#1956=CARTESIAN_POINT('',(-0.495,0.96,5.345));
#1957=VERTEX_POINT('',#1956);
#1958=CARTESIAN_POINT('',(-0.495,0.74906316,5.345));
#1959=VERTEX_POINT('',#1958);
#1960=CARTESIAN_POINT('',(-0.495,0.96,5.345));
#1961=DIRECTION('',(-0.,-1.,-0.));
#1962=VECTOR('',#1961,0.21093684);
#1963=LINE('',#1960,#1962);
#1964=EDGE_CURVE('',#1957,#1959,#1963,.T.);
#1965=ORIENTED_EDGE('',*,*,#1964,.T.);
#1966=CARTESIAN_POINT('',(-0.495,0.74906316,5.225));
#1967=VERTEX_POINT('',#1966);
#1968=CARTESIAN_POINT('',(-0.495,0.74906316,5.345));
#1969=DIRECTION('',(0.,0.,-1.));
#1970=VECTOR('',#1969,0.12);
#1971=LINE('',#1968,#1970);
#1972=EDGE_CURVE('',#1959,#1967,#1971,.T.);
#1973=ORIENTED_EDGE('',*,*,#1972,.T.);
#1974=CARTESIAN_POINT('',(-0.495,0.96,5.225));
#1975=VERTEX_POINT('',#1974);
#1976=CARTESIAN_POINT('',(-0.495,0.96,5.225));
#1977=DIRECTION('',(0.,-1.,-0.));
#1978=VECTOR('',#1977,0.21093684);
#1979=LINE('',#1976,#1978);
#1980=EDGE_CURVE('',#1975,#1967,#1979,.T.);
#1981=ORIENTED_EDGE('',*,*,#1980,.F.);
#1982=CARTESIAN_POINT('',(-0.495,0.994090909,5.259090909));
#1983=VERTEX_POINT('',#1982);
#1984=CARTESIAN_POINT('',(-0.495,0.994090909,5.259090909));
#1985=DIRECTION('',(0.,-0.707106781,-0.707106781));
#1986=VECTOR('',#1985,0.048211826);
#1987=LINE('',#1984,#1986);
#1988=EDGE_CURVE('',#1983,#1975,#1987,.T.);
#1989=ORIENTED_EDGE('',*,*,#1988,.F.);
#1990=CARTESIAN_POINT('',(-0.495,0.994090909,5.310909091));
#1991=VERTEX_POINT('',#1990);
#1992=CARTESIAN_POINT('',(-0.495,0.994090909,5.259090909));
#1993=DIRECTION('',(-0.,-0.,1.));
#1994=VECTOR('',#1993,0.051818182);
#1995=LINE('',#1992,#1994);
#1996=EDGE_CURVE('',#1983,#1991,#1995,.T.);
#1997=ORIENTED_EDGE('',*,*,#1996,.T.);
#1998=CARTESIAN_POINT('',(-0.495,0.994090909,5.310909091));
#1999=DIRECTION('',(0.,-0.707106781,0.707106781));
#2000=VECTOR('',#1999,0.048211826);
#2001=LINE('',#1998,#2000);
#2002=EDGE_CURVE('',#1991,#1957,#2001,.T.);
#2003=ORIENTED_EDGE('',*,*,#2002,.T.);
#2004=EDGE_LOOP('',(#1965,#1973,#1981,#1989,#1997,#2003));
#2005=FACE_BOUND('',#2004,.T.);
#2006=CARTESIAN_POINT('',(-0.495,0.96,4.425));
#2007=VERTEX_POINT('',#2006);
#2008=CARTESIAN_POINT('',(-0.495,0.74906316,4.425));
#2009=VERTEX_POINT('',#2008);
#2010=CARTESIAN_POINT('',(-0.495,0.96,4.425));
#2011=DIRECTION('',(0.,-1.,-0.));
#2012=VECTOR('',#2011,0.21093684);
#2013=LINE('',#2010,#2012);
#2014=EDGE_CURVE('',#2007,#2009,#2013,.T.);
#2015=ORIENTED_EDGE('',*,*,#2014,.F.);
#2016=CARTESIAN_POINT('',(-0.495,0.994090909,4.459090909));
#2017=VERTEX_POINT('',#2016);
#2018=CARTESIAN_POINT('',(-0.495,0.96,4.425));
#2019=DIRECTION('',(0.,0.707106781,0.707106781));
#2020=VECTOR('',#2019,0.048211826);
#2021=LINE('',#2018,#2020);
#2022=EDGE_CURVE('',#2007,#2017,#2021,.T.);
#2023=ORIENTED_EDGE('',*,*,#2022,.T.);
#2024=CARTESIAN_POINT('',(-0.495,0.994090909,4.510909091));
#2025=VERTEX_POINT('',#2024);
#2026=CARTESIAN_POINT('',(-0.495,0.994090909,4.510909091));
#2027=DIRECTION('',(-0.,-0.,-1.));
#2028=VECTOR('',#2027,0.051818182);
#2029=LINE('',#2026,#2028);
#2030=EDGE_CURVE('',#2025,#2017,#2029,.T.);
#2031=ORIENTED_EDGE('',*,*,#2030,.F.);
#2032=CARTESIAN_POINT('',(-0.495,0.96,4.545));
#2033=VERTEX_POINT('',#2032);
#2034=CARTESIAN_POINT('',(-0.495,0.96,4.545));
#2035=DIRECTION('',(-0.,0.707106781,-0.707106781));
#2036=VECTOR('',#2035,0.048211826);
#2037=LINE('',#2034,#2036);
#2038=EDGE_CURVE('',#2033,#2025,#2037,.T.);
#2039=ORIENTED_EDGE('',*,*,#2038,.F.);
#2040=CARTESIAN_POINT('',(-0.495,0.74906316,4.545));
#2041=VERTEX_POINT('',#2040);
#2042=CARTESIAN_POINT('',(-0.495,0.74906316,4.545));
#2043=DIRECTION('',(-0.,1.,0.));
#2044=VECTOR('',#2043,0.21093684);
#2045=LINE('',#2042,#2044);
#2046=EDGE_CURVE('',#2041,#2033,#2045,.T.);
#2047=ORIENTED_EDGE('',*,*,#2046,.F.);
#2048=CARTESIAN_POINT('',(-0.495,0.74906316,4.425));
#2049=DIRECTION('',(0.,0.,1.));
#2050=VECTOR('',#2049,0.12);
#2051=LINE('',#2048,#2050);
#2052=EDGE_CURVE('',#2009,#2041,#2051,.T.);
#2053=ORIENTED_EDGE('',*,*,#2052,.F.);
#2054=EDGE_LOOP('',(#2015,#2023,#2031,#2039,#2047,#2053));
#2055=FACE_BOUND('',#2054,.T.);
#2056=CARTESIAN_POINT('',(-0.495,0.74906316,4.825));
#2057=VERTEX_POINT('',#2056);
#2058=CARTESIAN_POINT('',(-0.495,0.96,4.825));
#2059=VERTEX_POINT('',#2058);
#2060=CARTESIAN_POINT('',(-0.495,0.74906316,4.825));
#2061=DIRECTION('',(0.,1.,0.));
#2062=VECTOR('',#2061,0.21093684);
#2063=LINE('',#2060,#2062);
#2064=EDGE_CURVE('',#2057,#2059,#2063,.T.);
#2065=ORIENTED_EDGE('',*,*,#2064,.T.);
#2066=CARTESIAN_POINT('',(-0.495,0.994090909,4.859090909));
#2067=VERTEX_POINT('',#2066);
#2068=CARTESIAN_POINT('',(-0.495,0.994090909,4.859090909));
#2069=DIRECTION('',(0.,-0.707106781,-0.707106781));
#2070=VECTOR('',#2069,0.048211826);
#2071=LINE('',#2068,#2070);
#2072=EDGE_CURVE('',#2067,#2059,#2071,.T.);
#2073=ORIENTED_EDGE('',*,*,#2072,.F.);
#2074=CARTESIAN_POINT('',(-0.495,0.994090909,4.910909091));
#2075=VERTEX_POINT('',#2074);
#2076=CARTESIAN_POINT('',(-0.495,0.994090909,4.859090909));
#2077=DIRECTION('',(-0.,-0.,1.));
#2078=VECTOR('',#2077,0.051818182);
#2079=LINE('',#2076,#2078);
#2080=EDGE_CURVE('',#2067,#2075,#2079,.T.);
#2081=ORIENTED_EDGE('',*,*,#2080,.T.);
#2082=CARTESIAN_POINT('',(-0.495,0.96,4.945));
#2083=VERTEX_POINT('',#2082);
#2084=CARTESIAN_POINT('',(-0.495,0.994090909,4.910909091));
#2085=DIRECTION('',(0.,-0.707106781,0.707106781));
#2086=VECTOR('',#2085,0.048211826);
#2087=LINE('',#2084,#2086);
#2088=EDGE_CURVE('',#2075,#2083,#2087,.T.);
#2089=ORIENTED_EDGE('',*,*,#2088,.T.);
#2090=CARTESIAN_POINT('',(-0.495,0.74906316,4.945));
#2091=VERTEX_POINT('',#2090);
#2092=CARTESIAN_POINT('',(-0.495,0.96,4.945));
#2093=DIRECTION('',(-0.,-1.,-0.));
#2094=VECTOR('',#2093,0.21093684);
#2095=LINE('',#2092,#2094);
#2096=EDGE_CURVE('',#2083,#2091,#2095,.T.);
#2097=ORIENTED_EDGE('',*,*,#2096,.T.);
#2098=CARTESIAN_POINT('',(-0.495,0.74906316,4.945));
#2099=DIRECTION('',(0.,0.,-1.));
#2100=VECTOR('',#2099,0.12);
#2101=LINE('',#2098,#2100);
#2102=EDGE_CURVE('',#2091,#2057,#2101,.T.);
#2103=ORIENTED_EDGE('',*,*,#2102,.T.);
#2104=EDGE_LOOP('',(#2065,#2073,#2081,#2089,#2097,#2103));
#2105=FACE_BOUND('',#2104,.T.);
#2106=ADVANCED_FACE('',(#1805,#1855,#1905,#1955,#2005,#2055,#2105),#1792,.T.);
#2107=OVER_RIDING_STYLED_ITEM('',(#505),#2106,#89);
#2108=CARTESIAN_POINT('',(1.47,0.35,4.585));
#2109=DIRECTION('',(-1.,0.,0.));
#2110=DIRECTION('',(-0.,-1.,-0.));
#2111=AXIS2_PLACEMENT_3D('',#2108,#2109,#2110);
#2112=PLANE('',#2111);
#2113=CARTESIAN_POINT('',(1.47,1.15,6.285));
#2114=VERTEX_POINT('',#2113);
#2115=CARTESIAN_POINT('',(1.47,1.15,3.085));
#2116=VERTEX_POINT('',#2115);
#2117=CARTESIAN_POINT('',(1.47,1.15,6.285));
#2118=DIRECTION('',(-0.,-0.,-1.));
#2119=VECTOR('',#2118,3.2);
#2120=LINE('',#2117,#2119);
#2121=EDGE_CURVE('',#2114,#2116,#2120,.T.);
#2122=ORIENTED_EDGE('',*,*,#2121,.F.);
#2123=CARTESIAN_POINT('',(1.47,1.15,6.285));
#2124=DIRECTION('',(0.,0.928476691,0.371390676));
#2125=VECTOR('',#2124,0.26925824);
#2126=LINE('',#2123,#2125);
#2127=EDGE_CURVE('',#2114,#475,#2126,.T.);
#2128=ORIENTED_EDGE('',*,*,#2127,.T.);
#2129=ORIENTED_EDGE('',*,*,#480,.T.);
#2130=ORIENTED_EDGE('',*,*,#565,.T.);
#2131=CARTESIAN_POINT('',(1.47,-0.2,2.185));
#2132=DIRECTION('',(0.,-0.,1.));
#2133=VECTOR('',#2132,5.);
#2134=LINE('',#2131,#2133);
#2135=EDGE_CURVE('',#683,#554,#2134,.T.);
#2136=ORIENTED_EDGE('',*,*,#2135,.F.);
#2137=ORIENTED_EDGE('',*,*,#688,.T.);
#2138=ORIENTED_EDGE('',*,*,#638,.T.);
#2139=CARTESIAN_POINT('',(1.47,1.15,3.085));
#2140=DIRECTION('',(0.,0.928476691,-0.371390676));
#2141=VECTOR('',#2140,0.26925824);
#2142=LINE('',#2139,#2141);
#2143=EDGE_CURVE('',#2116,#627,#2142,.T.);
#2144=ORIENTED_EDGE('',*,*,#2143,.F.);
#2145=EDGE_LOOP('',(#2122,#2128,#2129,#2130,#2136,#2137,#2138,#2144));
#2146=FACE_BOUND('',#2145,.T.);
#2147=ADVANCED_FACE('',(#2146),#2112,.F.);
#2148=OVER_RIDING_STYLED_ITEM('',(#505),#2147,#89);
#2149=CARTESIAN_POINT('',(0.8899976,1.15,3.085));
#2150=DIRECTION('',(0.,0.371390676,0.928476691));
#2151=DIRECTION('',(0.,0.928476691,-0.371390676));
#2152=AXIS2_PLACEMENT_3D('',#2149,#2150,#2151);
#2153=PLANE('',#2152);
#2154=ORIENTED_EDGE('',*,*,#632,.F.);
#2155=CARTESIAN_POINT('',(0.94,1.15,3.085));
#2156=VERTEX_POINT('',#2155);
#2157=CARTESIAN_POINT('',(1.19,1.4,2.985));
#2158=DIRECTION('',(-0.680413817,-0.680413817,0.272165527));
#2159=VECTOR('',#2158,0.367423461);
#2160=LINE('',#2157,#2159);
#2161=EDGE_CURVE('',#619,#2156,#2160,.T.);
#2162=ORIENTED_EDGE('',*,*,#2161,.T.);
#2163=CARTESIAN_POINT('',(0.965,1.15,3.085));
#2164=VERTEX_POINT('',#2163);
#2165=CARTESIAN_POINT('',(0.965,1.15,3.085));
#2166=DIRECTION('',(-1.,-0.,-0.));
#2167=VECTOR('',#2166,0.025);
#2168=LINE('',#2165,#2167);
#2169=EDGE_CURVE('',#2164,#2156,#2168,.T.);
#2170=ORIENTED_EDGE('',*,*,#2169,.F.);
#2171=CARTESIAN_POINT('',(1.47,1.15,3.085));
#2172=DIRECTION('',(-1.,0.,-0.));
#2173=VECTOR('',#2172,0.505);
#2174=LINE('',#2171,#2173);
#2175=EDGE_CURVE('',#2116,#2164,#2174,.T.);
#2176=ORIENTED_EDGE('',*,*,#2175,.F.);
#2177=ORIENTED_EDGE('',*,*,#2143,.T.);
#2178=EDGE_LOOP('',(#2154,#2162,#2170,#2176,#2177));
#2179=FACE_BOUND('',#2178,.T.);
#2180=ADVANCED_FACE('',(#2179),#2153,.T.);
#2181=OVER_RIDING_STYLED_ITEM('',(#505),#2180,#89);
#2182=CARTESIAN_POINT('',(1.09,1.15,8.8));
#2183=DIRECTION('',(-0.,-1.,0.));
#2184=DIRECTION('',(-1.,0.,-0.));
#2185=AXIS2_PLACEMENT_3D('',#2182,#2183,#2184);
#2186=PLANE('',#2185);
#2187=ORIENTED_EDGE('',*,*,#2175,.T.);
#2188=CARTESIAN_POINT('',(0.965,1.15,6.285));
#2189=VERTEX_POINT('',#2188);
#2190=CARTESIAN_POINT('',(0.965,1.15,6.285));
#2191=DIRECTION('',(0.,-0.,-1.));
#2192=VECTOR('',#2191,3.2);
#2193=LINE('',#2190,#2192);
#2194=EDGE_CURVE('',#2189,#2164,#2193,.T.);
#2195=ORIENTED_EDGE('',*,*,#2194,.F.);
#2196=CARTESIAN_POINT('',(1.47,1.15,6.285));
#2197=DIRECTION('',(-1.,0.,0.));
#2198=VECTOR('',#2197,0.505);
#2199=LINE('',#2196,#2198);
#2200=EDGE_CURVE('',#2114,#2189,#2199,.T.);
#2201=ORIENTED_EDGE('',*,*,#2200,.F.);
#2202=ORIENTED_EDGE('',*,*,#2121,.T.);
#2203=EDGE_LOOP('',(#2187,#2195,#2201,#2202));
#2204=FACE_BOUND('',#2203,.T.);
#2205=ADVANCED_FACE('',(#2204),#2186,.F.);
#2206=OVER_RIDING_STYLED_ITEM('',(#505),#2205,#89);
#2207=CARTESIAN_POINT('',(0.8899976,1.15,6.285));
#2208=DIRECTION('',(-0.,-0.371390676,0.928476691));
#2209=DIRECTION('',(0.,0.928476691,0.371390676));
#2210=AXIS2_PLACEMENT_3D('',#2207,#2208,#2209);
#2211=PLANE('',#2210);
#2212=ORIENTED_EDGE('',*,*,#2200,.T.);
#2213=CARTESIAN_POINT('',(0.94,1.15,6.285));
#2214=VERTEX_POINT('',#2213);
#2215=CARTESIAN_POINT('',(0.965,1.15,6.285));
#2216=DIRECTION('',(-1.,0.,0.));
#2217=VECTOR('',#2216,0.025);
#2218=LINE('',#2215,#2217);
#2219=EDGE_CURVE('',#2189,#2214,#2218,.T.);
#2220=ORIENTED_EDGE('',*,*,#2219,.T.);
#2221=CARTESIAN_POINT('',(1.19,1.4,6.385));
#2222=DIRECTION('',(-0.680413817,-0.680413817,-0.272165527));
#2223=VECTOR('',#2222,0.367423461);
#2224=LINE('',#2221,#2223);
#2225=EDGE_CURVE('',#483,#2214,#2224,.T.);
#2226=ORIENTED_EDGE('',*,*,#2225,.F.);
#2227=ORIENTED_EDGE('',*,*,#488,.F.);
#2228=ORIENTED_EDGE('',*,*,#2127,.F.);
#2229=EDGE_LOOP('',(#2212,#2220,#2226,#2227,#2228));
#2230=FACE_BOUND('',#2229,.T.);
#2231=ADVANCED_FACE('',(#2230),#2211,.F.);
#2232=OVER_RIDING_STYLED_ITEM('',(#505),#2231,#89);
#2233=CARTESIAN_POINT('',(1.398453679,-0.2,5.530211128));
#2234=DIRECTION('',(0.,-1.,-0.));
#2235=DIRECTION('',(1.,0.,0.));
#2236=AXIS2_PLACEMENT_3D('',#2233,#2234,#2235);
#2237=PLANE('',#2236);
#2238=CARTESIAN_POINT('',(1.32,-0.2,2.545));
#2239=VERTEX_POINT('',#2238);
#2240=CARTESIAN_POINT('',(1.43,-0.2,2.545));
#2241=VERTEX_POINT('',#2240);
#2242=CARTESIAN_POINT('',(1.32,-0.2,2.545));
#2243=DIRECTION('',(1.,0.,0.));
#2244=VECTOR('',#2243,0.11);
#2245=LINE('',#2242,#2244);
#2246=EDGE_CURVE('',#2239,#2241,#2245,.T.);
#2247=ORIENTED_EDGE('',*,*,#2246,.T.);
#2248=CARTESIAN_POINT('',(1.43,-0.2,2.425));
#2249=VERTEX_POINT('',#2248);
#2250=CARTESIAN_POINT('',(1.43,-0.2,2.545));
#2251=DIRECTION('',(-0.,0.,-1.));
#2252=VECTOR('',#2251,0.12);
#2253=LINE('',#2250,#2252);
#2254=EDGE_CURVE('',#2241,#2249,#2253,.T.);
#2255=ORIENTED_EDGE('',*,*,#2254,.T.);
#2256=CARTESIAN_POINT('',(1.32,-0.2,2.425));
#2257=VERTEX_POINT('',#2256);
#2258=CARTESIAN_POINT('',(1.32,-0.2,2.425));
#2259=DIRECTION('',(1.,-0.,-0.));
#2260=VECTOR('',#2259,0.11);
#2261=LINE('',#2258,#2260);
#2262=EDGE_CURVE('',#2257,#2249,#2261,.T.);
#2263=ORIENTED_EDGE('',*,*,#2262,.F.);
#2264=CARTESIAN_POINT('',(1.32,-0.2,2.425));
#2265=DIRECTION('',(-0.,0.,-1.));
#2266=VECTOR('',#2265,0.24);
#2267=LINE('',#2264,#2266);
#2268=EDGE_CURVE('',#2257,#691,#2267,.T.);
#2269=ORIENTED_EDGE('',*,*,#2268,.T.);
#2270=ORIENTED_EDGE('',*,*,#696,.F.);
#2271=ORIENTED_EDGE('',*,*,#2135,.T.);
#2272=ORIENTED_EDGE('',*,*,#559,.F.);
#2273=CARTESIAN_POINT('',(1.32,-0.2,6.945));
#2274=VERTEX_POINT('',#2273);
#2275=CARTESIAN_POINT('',(1.32,-0.2,6.945));
#2276=DIRECTION('',(0.,0.,1.));
#2277=VECTOR('',#2276,0.24);
#2278=LINE('',#2275,#2277);
#2279=EDGE_CURVE('',#2274,#546,#2278,.T.);
#2280=ORIENTED_EDGE('',*,*,#2279,.F.);
#2281=CARTESIAN_POINT('',(1.43,-0.2,6.945));
#2282=VERTEX_POINT('',#2281);
#2283=CARTESIAN_POINT('',(1.32,-0.2,6.945));
#2284=DIRECTION('',(1.,0.,0.));
#2285=VECTOR('',#2284,0.11);
#2286=LINE('',#2283,#2285);
#2287=EDGE_CURVE('',#2274,#2282,#2286,.T.);
#2288=ORIENTED_EDGE('',*,*,#2287,.T.);
#2289=CARTESIAN_POINT('',(1.43,-0.2,6.825));
#2290=VERTEX_POINT('',#2289);
#2291=CARTESIAN_POINT('',(1.43,-0.2,6.825));
#2292=DIRECTION('',(0.,0.,1.));
#2293=VECTOR('',#2292,0.12);
#2294=LINE('',#2291,#2293);
#2295=EDGE_CURVE('',#2290,#2282,#2294,.T.);
#2296=ORIENTED_EDGE('',*,*,#2295,.F.);
#2297=CARTESIAN_POINT('',(1.32,-0.2,6.825));
#2298=VERTEX_POINT('',#2297);
#2299=CARTESIAN_POINT('',(1.43,-0.2,6.825));
#2300=DIRECTION('',(-1.,-0.,-0.));
#2301=VECTOR('',#2300,0.11);
#2302=LINE('',#2299,#2301);
#2303=EDGE_CURVE('',#2290,#2298,#2302,.T.);
#2304=ORIENTED_EDGE('',*,*,#2303,.T.);
#2305=CARTESIAN_POINT('',(1.32,-0.2,2.545));
#2306=DIRECTION('',(0.,0.,1.));
#2307=VECTOR('',#2306,4.28);
#2308=LINE('',#2305,#2307);
#2309=EDGE_CURVE('',#2239,#2298,#2308,.T.);
#2310=ORIENTED_EDGE('',*,*,#2309,.F.);
#2311=EDGE_LOOP('',(#2247,#2255,#2263,#2269,#2270,#2271,#2272,#2280,#2288,#2296,#2304,#2310));
#2312=FACE_BOUND('',#2311,.T.);
#2313=ADVANCED_FACE('',(#2312),#2237,.T.);
#2314=OVER_RIDING_STYLED_ITEM('',(#505),#2313,#89);
#2315=CARTESIAN_POINT('',(1.39,-0.285,5.625));
#2316=DIRECTION('',(0.,0.,1.));
#2317=DIRECTION('',(1.,0.,-0.));
#2318=AXIS2_PLACEMENT_3D('',#2315,#2316,#2317);
#2319=CYLINDRICAL_SURFACE('',#2318,0.05);
#2320=CARTESIAN_POINT('',(1.44,-0.285,5.625));
#2321=VERTEX_POINT('',#2320);
#2322=CARTESIAN_POINT('',(1.39,-0.235,5.625));
#2323=VERTEX_POINT('',#2322);
#2324=CARTESIAN_POINT('',(1.39,-0.285,5.625));
#2325=DIRECTION('',(0.,0.,1.));
#2326=DIRECTION('',(1.,0.,-0.));
#2327=AXIS2_PLACEMENT_3D('',#2324,#2325,#2326);
#2328=CIRCLE('',#2327,0.05);
#2329=EDGE_CURVE('',#2321,#2323,#2328,.T.);
#2330=ORIENTED_EDGE('',*,*,#2329,.T.);
#2331=CARTESIAN_POINT('',(1.39,-0.235,5.745));
#2332=VERTEX_POINT('',#2331);
#2333=CARTESIAN_POINT('',(1.39,-0.235,5.625));
#2334=DIRECTION('',(0.,0.,1.));
#2335=VECTOR('',#2334,0.12);
#2336=LINE('',#2333,#2335);
#2337=EDGE_CURVE('',#2323,#2332,#2336,.T.);
#2338=ORIENTED_EDGE('',*,*,#2337,.T.);
#2339=CARTESIAN_POINT('',(1.44,-0.285,5.745));
#2340=VERTEX_POINT('',#2339);
#2341=CARTESIAN_POINT('',(1.39,-0.285,5.745));
#2342=DIRECTION('',(0.,0.,1.));
#2343=DIRECTION('',(1.,0.,-0.));
#2344=AXIS2_PLACEMENT_3D('',#2341,#2342,#2343);
#2345=CIRCLE('',#2344,0.05);
#2346=EDGE_CURVE('',#2340,#2332,#2345,.T.);
#2347=ORIENTED_EDGE('',*,*,#2346,.F.);
#2348=CARTESIAN_POINT('',(1.44,-0.285,5.625));
#2349=DIRECTION('',(-0.,-0.,1.));
#2350=VECTOR('',#2349,0.12);
#2351=LINE('',#2348,#2350);
#2352=EDGE_CURVE('',#2321,#2340,#2351,.T.);
#2353=ORIENTED_EDGE('',*,*,#2352,.F.);
#2354=EDGE_LOOP('',(#2330,#2338,#2347,#2353));
#2355=FACE_BOUND('',#2354,.T.);
#2356=ADVANCED_FACE('',(#2355),#2319,.T.);
#2357=CARTESIAN_POINT('',(1.44,0.08,5.625));
#2358=DIRECTION('',(1.,0.,0.));
#2359=DIRECTION('',(0.,-1.,0.));
#2360=AXIS2_PLACEMENT_3D('',#2357,#2358,#2359);
#2361=PLANE('',#2360);
#2362=CARTESIAN_POINT('',(1.44,-0.37,5.625));
#2363=VERTEX_POINT('',#2362);
#2364=CARTESIAN_POINT('',(1.44,-0.37,5.625));
#2365=DIRECTION('',(-0.,1.,-0.));
#2366=VECTOR('',#2365,0.085);
#2367=LINE('',#2364,#2366);
#2368=EDGE_CURVE('',#2363,#2321,#2367,.T.);
#2369=ORIENTED_EDGE('',*,*,#2368,.T.);
#2370=ORIENTED_EDGE('',*,*,#2352,.T.);
#2371=CARTESIAN_POINT('',(1.44,-0.37,5.745));
#2372=VERTEX_POINT('',#2371);
#2373=CARTESIAN_POINT('',(1.44,-0.37,5.745));
#2374=DIRECTION('',(0.,1.,0.));
#2375=VECTOR('',#2374,0.085);
#2376=LINE('',#2373,#2375);
#2377=EDGE_CURVE('',#2372,#2340,#2376,.T.);
#2378=ORIENTED_EDGE('',*,*,#2377,.F.);
#2379=CARTESIAN_POINT('',(1.44,-0.37,5.625));
#2380=DIRECTION('',(0.,0.,1.));
#2381=VECTOR('',#2380,0.12);
#2382=LINE('',#2379,#2381);
#2383=EDGE_CURVE('',#2363,#2372,#2382,.T.);
#2384=ORIENTED_EDGE('',*,*,#2383,.F.);
#2385=EDGE_LOOP('',(#2369,#2370,#2378,#2384));
#2386=FACE_BOUND('',#2385,.T.);
#2387=ADVANCED_FACE('',(#2386),#2361,.T.);
#2388=CARTESIAN_POINT('',(1.49,-0.37,5.745));
#2389=DIRECTION('',(0.,0.,1.));
#2390=DIRECTION('',(1.,0.,-0.));
#2391=AXIS2_PLACEMENT_3D('',#2388,#2389,#2390);
#2392=CYLINDRICAL_SURFACE('',#2391,0.05);
#2393=CARTESIAN_POINT('',(1.49,-0.42,5.745));
#2394=VERTEX_POINT('',#2393);
#2395=CARTESIAN_POINT('',(1.49,-0.37,5.745));
#2396=DIRECTION('',(0.,0.,1.));
#2397=DIRECTION('',(1.,0.,-0.));
#2398=AXIS2_PLACEMENT_3D('',#2395,#2396,#2397);
#2399=CIRCLE('',#2398,0.05);
#2400=EDGE_CURVE('',#2372,#2394,#2399,.T.);
#2401=ORIENTED_EDGE('',*,*,#2400,.T.);
#2402=CARTESIAN_POINT('',(1.49,-0.42,5.625));
#2403=VERTEX_POINT('',#2402);
#2404=CARTESIAN_POINT('',(1.49,-0.42,5.625));
#2405=DIRECTION('',(-0.,-0.,1.));
#2406=VECTOR('',#2405,0.12);
#2407=LINE('',#2404,#2406);
#2408=EDGE_CURVE('',#2403,#2394,#2407,.T.);
#2409=ORIENTED_EDGE('',*,*,#2408,.F.);
#2410=CARTESIAN_POINT('',(1.49,-0.37,5.625));
#2411=DIRECTION('',(0.,0.,1.));
#2412=DIRECTION('',(1.,0.,-0.));
#2413=AXIS2_PLACEMENT_3D('',#2410,#2411,#2412);
#2414=CIRCLE('',#2413,0.05);
#2415=EDGE_CURVE('',#2363,#2403,#2414,.T.);
#2416=ORIENTED_EDGE('',*,*,#2415,.F.);
#2417=ORIENTED_EDGE('',*,*,#2383,.T.);
#2418=EDGE_LOOP('',(#2401,#2409,#2416,#2417));
#2419=FACE_BOUND('',#2418,.T.);
#2420=ADVANCED_FACE('',(#2419),#2392,.F.);
#2421=CARTESIAN_POINT('',(1.69,-0.42,5.745));
#2422=DIRECTION('',(0.,1.,0.));
#2423=DIRECTION('',(1.,0.,0.));
#2424=AXIS2_PLACEMENT_3D('',#2421,#2422,#2423);
#2425=PLANE('',#2424);
#2426=CARTESIAN_POINT('',(1.69,-0.42,5.745));
#2427=VERTEX_POINT('',#2426);
#2428=CARTESIAN_POINT('',(1.49,-0.42,5.745));
#2429=DIRECTION('',(1.,0.,-0.));
#2430=VECTOR('',#2429,0.2);
#2431=LINE('',#2428,#2430);
#2432=EDGE_CURVE('',#2394,#2427,#2431,.T.);
#2433=ORIENTED_EDGE('',*,*,#2432,.T.);
#2434=CARTESIAN_POINT('',(1.69,-0.42,5.625));
#2435=VERTEX_POINT('',#2434);
#2436=CARTESIAN_POINT('',(1.69,-0.42,5.625));
#2437=DIRECTION('',(-0.,-0.,1.));
#2438=VECTOR('',#2437,0.12);
#2439=LINE('',#2436,#2438);
#2440=EDGE_CURVE('',#2435,#2427,#2439,.T.);
#2441=ORIENTED_EDGE('',*,*,#2440,.F.);
#2442=CARTESIAN_POINT('',(1.69,-0.42,5.625));
#2443=DIRECTION('',(-1.,-0.,0.));
#2444=VECTOR('',#2443,0.2);
#2445=LINE('',#2442,#2444);
#2446=EDGE_CURVE('',#2435,#2403,#2445,.T.);
#2447=ORIENTED_EDGE('',*,*,#2446,.T.);
#2448=ORIENTED_EDGE('',*,*,#2408,.T.);
#2449=EDGE_LOOP('',(#2433,#2441,#2447,#2448));
#2450=FACE_BOUND('',#2449,.T.);
#2451=ADVANCED_FACE('',(#2450),#2425,.T.);
#2452=CARTESIAN_POINT('',(1.69,-0.55,5.745));
#2453=DIRECTION('',(1.,0.,0.));
#2454=DIRECTION('',(0.,-1.,0.));
#2455=AXIS2_PLACEMENT_3D('',#2452,#2453,#2454);
#2456=PLANE('',#2455);
#2457=CARTESIAN_POINT('',(1.69,-0.5,5.745));
#2458=VERTEX_POINT('',#2457);
#2459=CARTESIAN_POINT('',(1.69,-0.5,5.625));
#2460=VERTEX_POINT('',#2459);
#2461=CARTESIAN_POINT('',(1.69,-0.5,5.745));
#2462=DIRECTION('',(0.,0.,-1.));
#2463=VECTOR('',#2462,0.12);
#2464=LINE('',#2461,#2463);
#2465=EDGE_CURVE('',#2458,#2460,#2464,.T.);
#2466=ORIENTED_EDGE('',*,*,#2465,.T.);
#2467=CARTESIAN_POINT('',(1.69,-0.5,5.625));
#2468=DIRECTION('',(-0.,1.,-0.));
#2469=VECTOR('',#2468,0.08);
#2470=LINE('',#2467,#2469);
#2471=EDGE_CURVE('',#2460,#2435,#2470,.T.);
#2472=ORIENTED_EDGE('',*,*,#2471,.T.);
#2473=ORIENTED_EDGE('',*,*,#2440,.T.);
#2474=CARTESIAN_POINT('',(1.69,-0.42,5.745));
#2475=DIRECTION('',(0.,-1.,0.));
#2476=VECTOR('',#2475,0.08);
#2477=LINE('',#2474,#2476);
#2478=EDGE_CURVE('',#2427,#2458,#2477,.T.);
#2479=ORIENTED_EDGE('',*,*,#2478,.T.);
#2480=EDGE_LOOP('',(#2466,#2472,#2473,#2479));
#2481=FACE_BOUND('',#2480,.T.);
#2482=ADVANCED_FACE('',(#2481),#2456,.T.);
#2483=CARTESIAN_POINT('',(1.64,-0.5,5.625));
#2484=DIRECTION('',(0.,0.,-1.));
#2485=DIRECTION('',(-1.,0.,0.));
#2486=AXIS2_PLACEMENT_3D('',#2483,#2484,#2485);
#2487=CYLINDRICAL_SURFACE('',#2486,0.05);
#2488=ORIENTED_EDGE('',*,*,#2465,.F.);
#2489=CARTESIAN_POINT('',(1.64,-0.55,5.745));
#2490=VERTEX_POINT('',#2489);
#2491=CARTESIAN_POINT('',(1.64,-0.5,5.745));
#2492=DIRECTION('',(0.,0.,-1.));
#2493=DIRECTION('',(-1.,0.,0.));
#2494=AXIS2_PLACEMENT_3D('',#2491,#2492,#2493);
#2495=CIRCLE('',#2494,0.05);
#2496=EDGE_CURVE('',#2458,#2490,#2495,.T.);
#2497=ORIENTED_EDGE('',*,*,#2496,.T.);
#2498=CARTESIAN_POINT('',(1.64,-0.55,5.625));
#2499=VERTEX_POINT('',#2498);
#2500=CARTESIAN_POINT('',(1.64,-0.55,5.745));
#2501=DIRECTION('',(0.,0.,-1.));
#2502=VECTOR('',#2501,0.12);
#2503=LINE('',#2500,#2502);
#2504=EDGE_CURVE('',#2490,#2499,#2503,.T.);
#2505=ORIENTED_EDGE('',*,*,#2504,.T.);
#2506=CARTESIAN_POINT('',(1.64,-0.5,5.625));
#2507=DIRECTION('',(0.,0.,-1.));
#2508=DIRECTION('',(-1.,0.,0.));
#2509=AXIS2_PLACEMENT_3D('',#2506,#2507,#2508);
#2510=CIRCLE('',#2509,0.05);
#2511=EDGE_CURVE('',#2460,#2499,#2510,.T.);
#2512=ORIENTED_EDGE('',*,*,#2511,.F.);
#2513=EDGE_LOOP('',(#2488,#2497,#2505,#2512));
#2514=FACE_BOUND('',#2513,.T.);
#2515=ADVANCED_FACE('',(#2514),#2487,.T.);
#2516=CARTESIAN_POINT('',(1.39,-0.55,5.745));
#2517=DIRECTION('',(0.,-1.,0.));
#2518=DIRECTION('',(-1.,0.,0.));
#2519=AXIS2_PLACEMENT_3D('',#2516,#2517,#2518);
#2520=PLANE('',#2519);
#2521=CARTESIAN_POINT('',(1.410180186,-0.55,5.745));
#2522=VERTEX_POINT('',#2521);
#2523=CARTESIAN_POINT('',(1.410180186,-0.55,5.625));
#2524=VERTEX_POINT('',#2523);
#2525=CARTESIAN_POINT('',(1.410180186,-0.55,5.745));
#2526=DIRECTION('',(0.,0.,-1.));
#2527=VECTOR('',#2526,0.12);
#2528=LINE('',#2525,#2527);
#2529=EDGE_CURVE('',#2522,#2524,#2528,.T.);
#2530=ORIENTED_EDGE('',*,*,#2529,.T.);
#2531=CARTESIAN_POINT('',(1.410180186,-0.55,5.625));
#2532=DIRECTION('',(1.,-0.,-0.));
#2533=VECTOR('',#2532,0.229819814);
#2534=LINE('',#2531,#2533);
#2535=EDGE_CURVE('',#2524,#2499,#2534,.T.);
#2536=ORIENTED_EDGE('',*,*,#2535,.T.);
#2537=ORIENTED_EDGE('',*,*,#2504,.F.);
#2538=CARTESIAN_POINT('',(1.64,-0.55,5.745));
#2539=DIRECTION('',(-1.,0.,0.));
#2540=VECTOR('',#2539,0.229819814);
#2541=LINE('',#2538,#2540);
#2542=EDGE_CURVE('',#2490,#2522,#2541,.T.);
#2543=ORIENTED_EDGE('',*,*,#2542,.T.);
#2544=EDGE_LOOP('',(#2530,#2536,#2537,#2543));
#2545=FACE_BOUND('',#2544,.T.);
#2546=ADVANCED_FACE('',(#2545),#2520,.T.);
#2547=CARTESIAN_POINT('',(1.410180186,-0.5,5.625));
#2548=DIRECTION('',(0.,0.,-1.));
#2549=DIRECTION('',(-1.,0.,0.));
#2550=AXIS2_PLACEMENT_3D('',#2547,#2548,#2549);
#2551=CYLINDRICAL_SURFACE('',#2550,0.05);
#2552=ORIENTED_EDGE('',*,*,#2529,.F.);
#2553=CARTESIAN_POINT('',(1.375473408,-0.535992215,5.745));
#2554=VERTEX_POINT('',#2553);
#2555=CARTESIAN_POINT('',(1.410180186,-0.5,5.745));
#2556=DIRECTION('',(0.,0.,-1.));
#2557=DIRECTION('',(-1.,0.,0.));
#2558=AXIS2_PLACEMENT_3D('',#2555,#2556,#2557);
#2559=CIRCLE('',#2558,0.05);
#2560=EDGE_CURVE('',#2522,#2554,#2559,.T.);
#2561=ORIENTED_EDGE('',*,*,#2560,.T.);
#2562=CARTESIAN_POINT('',(1.375473408,-0.535992215,5.625));
#2563=VERTEX_POINT('',#2562);
#2564=CARTESIAN_POINT('',(1.375473408,-0.535992215,5.745));
#2565=DIRECTION('',(0.,0.,-1.));
#2566=VECTOR('',#2565,0.12);
#2567=LINE('',#2564,#2566);
#2568=EDGE_CURVE('',#2554,#2563,#2567,.T.);
#2569=ORIENTED_EDGE('',*,*,#2568,.T.);
#2570=CARTESIAN_POINT('',(1.410180186,-0.5,5.625));
#2571=DIRECTION('',(0.,0.,-1.));
#2572=DIRECTION('',(-1.,0.,0.));
#2573=AXIS2_PLACEMENT_3D('',#2570,#2571,#2572);
#2574=CIRCLE('',#2573,0.05);
#2575=EDGE_CURVE('',#2524,#2563,#2574,.T.);
#2576=ORIENTED_EDGE('',*,*,#2575,.F.);
#2577=EDGE_LOOP('',(#2552,#2561,#2569,#2576));
#2578=FACE_BOUND('',#2577,.T.);
#2579=ADVANCED_FACE('',(#2578),#2551,.T.);
#2580=CARTESIAN_POINT('',(1.29,-0.235,5.625));
#2581=DIRECTION('',(0.,1.,0.));
#2582=DIRECTION('',(1.,0.,0.));
#2583=AXIS2_PLACEMENT_3D('',#2580,#2581,#2582);
#2584=PLANE('',#2583);
#2585=CARTESIAN_POINT('',(1.34,-0.235,5.745));
#2586=VERTEX_POINT('',#2585);
#2587=CARTESIAN_POINT('',(1.34,-0.235,5.745));
#2588=DIRECTION('',(1.,0.,-0.));
#2589=VECTOR('',#2588,0.05);
#2590=LINE('',#2587,#2589);
#2591=EDGE_CURVE('',#2586,#2332,#2590,.T.);
#2592=ORIENTED_EDGE('',*,*,#2591,.T.);
#2593=ORIENTED_EDGE('',*,*,#2337,.F.);
#2594=CARTESIAN_POINT('',(1.34,-0.235,5.625));
#2595=VERTEX_POINT('',#2594);
#2596=CARTESIAN_POINT('',(1.39,-0.235,5.625));
#2597=DIRECTION('',(-1.,-0.,0.));
#2598=VECTOR('',#2597,0.05);
#2599=LINE('',#2596,#2598);
#2600=EDGE_CURVE('',#2323,#2595,#2599,.T.);
#2601=ORIENTED_EDGE('',*,*,#2600,.T.);
#2602=CARTESIAN_POINT('',(1.34,-0.235,5.745));
#2603=DIRECTION('',(0.,0.,-1.));
#2604=VECTOR('',#2603,0.12);
#2605=LINE('',#2602,#2604);
#2606=EDGE_CURVE('',#2586,#2595,#2605,.T.);
#2607=ORIENTED_EDGE('',*,*,#2606,.F.);
#2608=EDGE_LOOP('',(#2592,#2593,#2601,#2607));
#2609=FACE_BOUND('',#2608,.T.);
#2610=ADVANCED_FACE('',(#2609),#2584,.T.);
#2611=CARTESIAN_POINT('',(1.34,-0.185,5.625));
#2612=DIRECTION('',(0.,0.,-1.));
#2613=DIRECTION('',(-1.,0.,0.));
#2614=AXIS2_PLACEMENT_3D('',#2611,#2612,#2613);
#2615=CYLINDRICAL_SURFACE('',#2614,0.05);
#2616=CARTESIAN_POINT('',(1.32,-0.230825757,5.745));
#2617=VERTEX_POINT('',#2616);
#2618=CARTESIAN_POINT('',(1.32,-0.230825757,5.625));
#2619=VERTEX_POINT('',#2618);
#2620=CARTESIAN_POINT('',(1.32,-0.230825757,5.745));
#2621=DIRECTION('',(-0.,-0.,-1.));
#2622=VECTOR('',#2621,0.12);
#2623=LINE('',#2620,#2622);
#2624=EDGE_CURVE('',#2617,#2619,#2623,.T.);
#2625=ORIENTED_EDGE('',*,*,#2624,.F.);
#2626=CARTESIAN_POINT('',(1.34,-0.185,5.745));
#2627=DIRECTION('',(0.,0.,-1.));
#2628=DIRECTION('',(-1.,0.,0.));
#2629=AXIS2_PLACEMENT_3D('',#2626,#2627,#2628);
#2630=CIRCLE('',#2629,0.05);
#2631=EDGE_CURVE('',#2586,#2617,#2630,.T.);
#2632=ORIENTED_EDGE('',*,*,#2631,.F.);
#2633=ORIENTED_EDGE('',*,*,#2606,.T.);
#2634=CARTESIAN_POINT('',(1.34,-0.185,5.625));
#2635=DIRECTION('',(0.,0.,-1.));
#2636=DIRECTION('',(-1.,0.,0.));
#2637=AXIS2_PLACEMENT_3D('',#2634,#2635,#2636);
#2638=CIRCLE('',#2637,0.05);
#2639=EDGE_CURVE('',#2595,#2619,#2638,.T.);
#2640=ORIENTED_EDGE('',*,*,#2639,.T.);
#2641=EDGE_LOOP('',(#2625,#2632,#2633,#2640));
#2642=FACE_BOUND('',#2641,.T.);
#2643=ADVANCED_FACE('',(#2642),#2615,.F.);
#2644=CARTESIAN_POINT('',(1.335697637,0.215754265,5.745));
#2645=DIRECTION('',(0.,0.,1.));
#2646=DIRECTION('',(1.,0.,0.));
#2647=AXIS2_PLACEMENT_3D('',#2644,#2645,#2646);
#2648=PLANE('',#2647);
#2649=CARTESIAN_POINT('',(1.32,-0.4825,5.745));
#2650=VERTEX_POINT('',#2649);
#2651=CARTESIAN_POINT('',(1.32,-0.230825757,5.745));
#2652=DIRECTION('',(-0.,-1.,-0.));
#2653=VECTOR('',#2652,0.251674243);
#2654=LINE('',#2651,#2653);
#2655=EDGE_CURVE('',#2617,#2650,#2654,.T.);
#2656=ORIENTED_EDGE('',*,*,#2655,.T.);
#2657=CARTESIAN_POINT('',(1.375473408,-0.535992215,5.745));
#2658=DIRECTION('',(-0.719844295,0.694135571,0.));
#2659=VECTOR('',#2658,0.077063065);
#2660=LINE('',#2657,#2659);
#2661=EDGE_CURVE('',#2554,#2650,#2660,.T.);
#2662=ORIENTED_EDGE('',*,*,#2661,.F.);
#2663=ORIENTED_EDGE('',*,*,#2560,.F.);
#2664=ORIENTED_EDGE('',*,*,#2542,.F.);
#2665=ORIENTED_EDGE('',*,*,#2496,.F.);
#2666=ORIENTED_EDGE('',*,*,#2478,.F.);
#2667=ORIENTED_EDGE('',*,*,#2432,.F.);
#2668=ORIENTED_EDGE('',*,*,#2400,.F.);
#2669=ORIENTED_EDGE('',*,*,#2377,.T.);
#2670=ORIENTED_EDGE('',*,*,#2346,.T.);
#2671=ORIENTED_EDGE('',*,*,#2591,.F.);
#2672=ORIENTED_EDGE('',*,*,#2631,.T.);
#2673=EDGE_LOOP('',(#2656,#2662,#2663,#2664,#2665,#2666,#2667,#2668,#2669,#2670,#2671,#2672));
#2674=FACE_BOUND('',#2673,.T.);
#2675=ADVANCED_FACE('',(#2674),#2648,.T.);
#2676=CARTESIAN_POINT('',(1.25,-0.415,5.745));
#2677=DIRECTION('',(-0.694135571,-0.719844295,0.));
#2678=DIRECTION('',(-0.719844295,0.694135571,0.));
#2679=AXIS2_PLACEMENT_3D('',#2676,#2677,#2678);
#2680=PLANE('',#2679);
#2681=CARTESIAN_POINT('',(1.32,-0.4825,5.625));
#2682=VERTEX_POINT('',#2681);
#2683=CARTESIAN_POINT('',(1.32,-0.4825,5.745));
#2684=DIRECTION('',(0.,0.,-1.));
#2685=VECTOR('',#2684,0.12);
#2686=LINE('',#2683,#2685);
#2687=EDGE_CURVE('',#2650,#2682,#2686,.T.);
#2688=ORIENTED_EDGE('',*,*,#2687,.T.);
#2689=CARTESIAN_POINT('',(1.32,-0.4825,5.625));
#2690=DIRECTION('',(0.719844295,-0.694135571,-0.));
#2691=VECTOR('',#2690,0.077063065);
#2692=LINE('',#2689,#2691);
#2693=EDGE_CURVE('',#2682,#2563,#2692,.T.);
#2694=ORIENTED_EDGE('',*,*,#2693,.T.);
#2695=ORIENTED_EDGE('',*,*,#2568,.F.);
#2696=ORIENTED_EDGE('',*,*,#2661,.T.);
#2697=EDGE_LOOP('',(#2688,#2694,#2695,#2696));
#2698=FACE_BOUND('',#2697,.T.);
#2699=ADVANCED_FACE('',(#2698),#2680,.T.);
#2700=CARTESIAN_POINT('',(1.087616119,-0.20066064,5.625));
#2701=DIRECTION('',(0.,0.,-1.));
#2702=DIRECTION('',(-1.,0.,0.));
#2703=AXIS2_PLACEMENT_3D('',#2700,#2701,#2702);
#2704=PLANE('',#2703);
#2705=CARTESIAN_POINT('',(1.32,-0.4825,5.625));
#2706=DIRECTION('',(0.,1.,0.));
#2707=VECTOR('',#2706,0.251674243);
#2708=LINE('',#2705,#2707);
#2709=EDGE_CURVE('',#2682,#2619,#2708,.T.);
#2710=ORIENTED_EDGE('',*,*,#2709,.T.);
#2711=ORIENTED_EDGE('',*,*,#2639,.F.);
#2712=ORIENTED_EDGE('',*,*,#2600,.F.);
#2713=ORIENTED_EDGE('',*,*,#2329,.F.);
#2714=ORIENTED_EDGE('',*,*,#2368,.F.);
#2715=ORIENTED_EDGE('',*,*,#2415,.T.);
#2716=ORIENTED_EDGE('',*,*,#2446,.F.);
#2717=ORIENTED_EDGE('',*,*,#2471,.F.);
#2718=ORIENTED_EDGE('',*,*,#2511,.T.);
#2719=ORIENTED_EDGE('',*,*,#2535,.F.);
#2720=ORIENTED_EDGE('',*,*,#2575,.T.);
#2721=ORIENTED_EDGE('',*,*,#2693,.F.);
#2722=EDGE_LOOP('',(#2710,#2711,#2712,#2713,#2714,#2715,#2716,#2717,#2718,#2719,#2720,#2721));
#2723=FACE_BOUND('',#2722,.T.);
#2724=ADVANCED_FACE('',(#2723),#2704,.T.);
#2725=CARTESIAN_POINT('',(1.63,-0.55,2.485));
#2726=DIRECTION('',(-0.,1.,0.));
#2727=DIRECTION('',(1.,0.,0.));
#2728=AXIS2_PLACEMENT_3D('',#2725,#2726,#2727);
#2729=PLANE('',#2728);
#2730=CARTESIAN_POINT('',(1.58,-0.55,2.545));
#2731=VERTEX_POINT('',#2730);
#2732=CARTESIAN_POINT('',(1.33,-0.55,2.545));
#2733=VERTEX_POINT('',#2732);
#2734=CARTESIAN_POINT('',(1.58,-0.55,2.545));
#2735=DIRECTION('',(-1.,-0.,-0.));
#2736=VECTOR('',#2735,0.25);
#2737=LINE('',#2734,#2736);
#2738=EDGE_CURVE('',#2731,#2733,#2737,.T.);
#2739=ORIENTED_EDGE('',*,*,#2738,.T.);
#2740=CARTESIAN_POINT('',(1.33,-0.55,2.425));
#2741=VERTEX_POINT('',#2740);
#2742=CARTESIAN_POINT('',(1.33,-0.55,2.545));
#2743=DIRECTION('',(0.,0.,-1.));
#2744=VECTOR('',#2743,0.12);
#2745=LINE('',#2742,#2744);
#2746=EDGE_CURVE('',#2733,#2741,#2745,.T.);
#2747=ORIENTED_EDGE('',*,*,#2746,.T.);
#2748=CARTESIAN_POINT('',(1.58,-0.55,2.425));
#2749=VERTEX_POINT('',#2748);
#2750=CARTESIAN_POINT('',(1.58,-0.55,2.425));
#2751=DIRECTION('',(-1.,0.,0.));
#2752=VECTOR('',#2751,0.25);
#2753=LINE('',#2750,#2752);
#2754=EDGE_CURVE('',#2749,#2741,#2753,.T.);
#2755=ORIENTED_EDGE('',*,*,#2754,.F.);
#2756=CARTESIAN_POINT('',(1.58,-0.55,2.425));
#2757=DIRECTION('',(-0.,-0.,1.));
#2758=VECTOR('',#2757,0.12);
#2759=LINE('',#2756,#2758);
#2760=EDGE_CURVE('',#2749,#2731,#2759,.T.);
#2761=ORIENTED_EDGE('',*,*,#2760,.T.);
#2762=EDGE_LOOP('',(#2739,#2747,#2755,#2761));
#2763=FACE_BOUND('',#2762,.T.);
#2764=ADVANCED_FACE('',(#2763),#2729,.F.);
#2765=CARTESIAN_POINT('',(1.605,-0.525,2.485));
#2766=DIRECTION('',(-0.707106781,0.707106781,0.));
#2767=DIRECTION('',(0.707106781,0.707106781,0.));
#2768=AXIS2_PLACEMENT_3D('',#2765,#2766,#2767);
#2769=PLANE('',#2768);
#2770=CARTESIAN_POINT('',(1.63,-0.5,2.425));
#2771=VERTEX_POINT('',#2770);
#2772=CARTESIAN_POINT('',(1.58,-0.55,2.425));
#2773=DIRECTION('',(0.707106781,0.707106781,0.));
#2774=VECTOR('',#2773,0.070710678);
#2775=LINE('',#2772,#2774);
#2776=EDGE_CURVE('',#2749,#2771,#2775,.T.);
#2777=ORIENTED_EDGE('',*,*,#2776,.T.);
#2778=CARTESIAN_POINT('',(1.63,-0.5,2.545));
#2779=VERTEX_POINT('',#2778);
#2780=CARTESIAN_POINT('',(1.63,-0.5,2.545));
#2781=DIRECTION('',(0.,0.,-1.));
#2782=VECTOR('',#2781,0.12);
#2783=LINE('',#2780,#2782);
#2784=EDGE_CURVE('',#2779,#2771,#2783,.T.);
#2785=ORIENTED_EDGE('',*,*,#2784,.F.);
#2786=CARTESIAN_POINT('',(1.63,-0.5,2.545));
#2787=DIRECTION('',(-0.707106781,-0.707106781,-0.));
#2788=VECTOR('',#2787,0.070710678);
#2789=LINE('',#2786,#2788);
#2790=EDGE_CURVE('',#2779,#2731,#2789,.T.);
#2791=ORIENTED_EDGE('',*,*,#2790,.T.);
#2792=ORIENTED_EDGE('',*,*,#2760,.F.);
#2793=EDGE_LOOP('',(#2777,#2785,#2791,#2792));
#2794=FACE_BOUND('',#2793,.T.);
#2795=ADVANCED_FACE('',(#2794),#2769,.F.);
#2796=CARTESIAN_POINT('',(1.63,-0.42,2.485));
#2797=DIRECTION('',(-1.,-0.,0.));
#2798=DIRECTION('',(-0.,1.,0.));
#2799=AXIS2_PLACEMENT_3D('',#2796,#2797,#2798);
#2800=PLANE('',#2799);
#2801=CARTESIAN_POINT('',(1.63,-0.42,2.545));
#2802=VERTEX_POINT('',#2801);
#2803=CARTESIAN_POINT('',(1.63,-0.42,2.545));
#2804=DIRECTION('',(0.,-1.,-0.));
#2805=VECTOR('',#2804,0.08);
#2806=LINE('',#2803,#2805);
#2807=EDGE_CURVE('',#2802,#2779,#2806,.T.);
#2808=ORIENTED_EDGE('',*,*,#2807,.T.);
#2809=ORIENTED_EDGE('',*,*,#2784,.T.);
#2810=CARTESIAN_POINT('',(1.63,-0.42,2.425));
#2811=VERTEX_POINT('',#2810);
#2812=CARTESIAN_POINT('',(1.63,-0.42,2.425));
#2813=DIRECTION('',(-0.,-1.,-0.));
#2814=VECTOR('',#2813,0.08);
#2815=LINE('',#2812,#2814);
#2816=EDGE_CURVE('',#2811,#2771,#2815,.T.);
#2817=ORIENTED_EDGE('',*,*,#2816,.F.);
#2818=CARTESIAN_POINT('',(1.63,-0.42,2.545));
#2819=DIRECTION('',(0.,0.,-1.));
#2820=VECTOR('',#2819,0.12);
#2821=LINE('',#2818,#2820);
#2822=EDGE_CURVE('',#2802,#2811,#2821,.T.);
#2823=ORIENTED_EDGE('',*,*,#2822,.F.);
#2824=EDGE_LOOP('',(#2808,#2809,#2817,#2823));
#2825=FACE_BOUND('',#2824,.T.);
#2826=ADVANCED_FACE('',(#2825),#2800,.F.);
#2827=CARTESIAN_POINT('',(1.44,-0.42,2.485));
#2828=DIRECTION('',(0.,-1.,0.));
#2829=DIRECTION('',(-1.,-0.,0.));
#2830=AXIS2_PLACEMENT_3D('',#2827,#2828,#2829);
#2831=PLANE('',#2830);
#2832=CARTESIAN_POINT('',(1.49,-0.42,2.545));
#2833=VERTEX_POINT('',#2832);
#2834=CARTESIAN_POINT('',(1.49,-0.42,2.545));
#2835=DIRECTION('',(1.,0.,-0.));
#2836=VECTOR('',#2835,0.14);
#2837=LINE('',#2834,#2836);
#2838=EDGE_CURVE('',#2833,#2802,#2837,.T.);
#2839=ORIENTED_EDGE('',*,*,#2838,.T.);
#2840=ORIENTED_EDGE('',*,*,#2822,.T.);
#2841=CARTESIAN_POINT('',(1.49,-0.42,2.425));
#2842=VERTEX_POINT('',#2841);
#2843=CARTESIAN_POINT('',(1.49,-0.42,2.425));
#2844=DIRECTION('',(1.,-0.,-0.));
#2845=VECTOR('',#2844,0.14);
#2846=LINE('',#2843,#2845);
#2847=EDGE_CURVE('',#2842,#2811,#2846,.T.);
#2848=ORIENTED_EDGE('',*,*,#2847,.F.);
#2849=CARTESIAN_POINT('',(1.49,-0.42,2.425));
#2850=DIRECTION('',(-0.,-0.,1.));
#2851=VECTOR('',#2850,0.12);
#2852=LINE('',#2849,#2851);
#2853=EDGE_CURVE('',#2842,#2833,#2852,.T.);
#2854=ORIENTED_EDGE('',*,*,#2853,.T.);
#2855=EDGE_LOOP('',(#2839,#2840,#2848,#2854));
#2856=FACE_BOUND('',#2855,.T.);
#2857=ADVANCED_FACE('',(#2856),#2831,.F.);
#2858=CARTESIAN_POINT('',(1.49,-0.37,2.485));
#2859=DIRECTION('',(0.,0.,1.));
#2860=DIRECTION('',(-1.,0.,0.));
#2861=AXIS2_PLACEMENT_3D('',#2858,#2859,#2860);
#2862=CYLINDRICAL_SURFACE('',#2861,0.05);
#2863=CARTESIAN_POINT('',(1.44,-0.37,2.545));
#2864=VERTEX_POINT('',#2863);
#2865=CARTESIAN_POINT('',(1.49,-0.37,2.545));
#2866=DIRECTION('',(0.,0.,1.));
#2867=DIRECTION('',(1.,0.,-0.));
#2868=AXIS2_PLACEMENT_3D('',#2865,#2866,#2867);
#2869=CIRCLE('',#2868,0.05);
#2870=EDGE_CURVE('',#2864,#2833,#2869,.T.);
#2871=ORIENTED_EDGE('',*,*,#2870,.T.);
#2872=ORIENTED_EDGE('',*,*,#2853,.F.);
#2873=CARTESIAN_POINT('',(1.44,-0.37,2.425));
#2874=VERTEX_POINT('',#2873);
#2875=CARTESIAN_POINT('',(1.49,-0.37,2.425));
#2876=DIRECTION('',(-0.,-0.,-1.));
#2877=DIRECTION('',(1.,0.,-0.));
#2878=AXIS2_PLACEMENT_3D('',#2875,#2876,#2877);
#2879=CIRCLE('',#2878,0.05);
#2880=EDGE_CURVE('',#2842,#2874,#2879,.T.);
#2881=ORIENTED_EDGE('',*,*,#2880,.T.);
#2882=CARTESIAN_POINT('',(1.44,-0.37,2.425));
#2883=DIRECTION('',(0.,0.,1.));
#2884=VECTOR('',#2883,0.12);
#2885=LINE('',#2882,#2884);
#2886=EDGE_CURVE('',#2874,#2864,#2885,.T.);
#2887=ORIENTED_EDGE('',*,*,#2886,.T.);
#2888=EDGE_LOOP('',(#2871,#2872,#2881,#2887));
#2889=FACE_BOUND('',#2888,.T.);
#2890=ADVANCED_FACE('',(#2889),#2862,.F.);
#2891=CARTESIAN_POINT('',(1.44,-0.18,2.485));
#2892=DIRECTION('',(-1.,-0.,0.));
#2893=DIRECTION('',(-0.,1.,0.));
#2894=AXIS2_PLACEMENT_3D('',#2891,#2892,#2893);
#2895=PLANE('',#2894);
#2896=CARTESIAN_POINT('',(1.44,-0.23,2.425));
#2897=VERTEX_POINT('',#2896);
#2898=CARTESIAN_POINT('',(1.44,-0.23,2.425));
#2899=DIRECTION('',(-0.,-1.,-0.));
#2900=VECTOR('',#2899,0.14);
#2901=LINE('',#2898,#2900);
#2902=EDGE_CURVE('',#2897,#2874,#2901,.T.);
#2903=ORIENTED_EDGE('',*,*,#2902,.F.);
#2904=CARTESIAN_POINT('',(1.44,-0.23,2.545));
#2905=VERTEX_POINT('',#2904);
#2906=CARTESIAN_POINT('',(1.44,-0.23,2.545));
#2907=DIRECTION('',(0.,0.,-1.));
#2908=VECTOR('',#2907,0.12);
#2909=LINE('',#2906,#2908);
#2910=EDGE_CURVE('',#2905,#2897,#2909,.T.);
#2911=ORIENTED_EDGE('',*,*,#2910,.F.);
#2912=CARTESIAN_POINT('',(1.44,-0.23,2.545));
#2913=DIRECTION('',(0.,-1.,-0.));
#2914=VECTOR('',#2913,0.14);
#2915=LINE('',#2912,#2914);
#2916=EDGE_CURVE('',#2905,#2864,#2915,.T.);
#2917=ORIENTED_EDGE('',*,*,#2916,.T.);
#2918=ORIENTED_EDGE('',*,*,#2886,.F.);
#2919=EDGE_LOOP('',(#2903,#2911,#2917,#2918));
#2920=FACE_BOUND('',#2919,.T.);
#2921=ADVANCED_FACE('',(#2920),#2895,.F.);
#2922=CARTESIAN_POINT('',(1.39,-0.23,2.485));
#2923=DIRECTION('',(0.,0.,-1.));
#2924=DIRECTION('',(1.,-0.,0.));
#2925=AXIS2_PLACEMENT_3D('',#2922,#2923,#2924);
#2926=CYLINDRICAL_SURFACE('',#2925,0.05);
#2927=ORIENTED_EDGE('',*,*,#2254,.F.);
#2928=CARTESIAN_POINT('',(1.39,-0.23,2.545));
#2929=DIRECTION('',(0.,0.,-1.));
#2930=DIRECTION('',(-1.,0.,0.));
#2931=AXIS2_PLACEMENT_3D('',#2928,#2929,#2930);
#2932=CIRCLE('',#2931,0.05);
#2933=EDGE_CURVE('',#2241,#2905,#2932,.T.);
#2934=ORIENTED_EDGE('',*,*,#2933,.T.);
#2935=ORIENTED_EDGE('',*,*,#2910,.T.);
#2936=CARTESIAN_POINT('',(1.39,-0.23,2.425));
#2937=DIRECTION('',(-0.,-0.,1.));
#2938=DIRECTION('',(-1.,0.,0.));
#2939=AXIS2_PLACEMENT_3D('',#2936,#2937,#2938);
#2940=CIRCLE('',#2939,0.05);
#2941=EDGE_CURVE('',#2897,#2249,#2940,.T.);
#2942=ORIENTED_EDGE('',*,*,#2941,.T.);
#2943=EDGE_LOOP('',(#2927,#2934,#2935,#2942));
#2944=FACE_BOUND('',#2943,.T.);
#2945=ADVANCED_FACE('',(#2944),#2926,.T.);
#2946=CARTESIAN_POINT('',(-1.049014969,-0.20674359,2.425));
#2947=DIRECTION('',(0.,0.,-1.));
#2948=DIRECTION('',(-1.,0.,0.));
#2949=AXIS2_PLACEMENT_3D('',#2946,#2947,#2948);
#2950=PLANE('',#2949);
#2951=CARTESIAN_POINT('',(1.33,-0.55,2.425));
#2952=DIRECTION('',(-0.719345609,0.694652355,0.));
#2953=VECTOR('',#2952,0.07197845);
#2954=LINE('',#2951,#2953);
#2955=EDGE_CURVE('',#2741,#1084,#2954,.T.);
#2956=ORIENTED_EDGE('',*,*,#2955,.T.);
#2957=ORIENTED_EDGE('',*,*,#1089,.T.);
#2958=CARTESIAN_POINT('',(1.32,-0.5,2.425));
#2959=DIRECTION('',(0.,1.,0.));
#2960=VECTOR('',#2959,0.3);
#2961=LINE('',#2958,#2960);
#2962=EDGE_CURVE('',#1076,#2257,#2961,.T.);
#2963=ORIENTED_EDGE('',*,*,#2962,.T.);
#2964=ORIENTED_EDGE('',*,*,#2262,.T.);
#2965=ORIENTED_EDGE('',*,*,#2941,.F.);
#2966=ORIENTED_EDGE('',*,*,#2902,.T.);
#2967=ORIENTED_EDGE('',*,*,#2880,.F.);
#2968=ORIENTED_EDGE('',*,*,#2847,.T.);
#2969=ORIENTED_EDGE('',*,*,#2816,.T.);
#2970=ORIENTED_EDGE('',*,*,#2776,.F.);
#2971=ORIENTED_EDGE('',*,*,#2754,.T.);
#2972=EDGE_LOOP('',(#2956,#2957,#2963,#2964,#2965,#2966,#2967,#2968,#2969,#2970,#2971));
#2973=FACE_BOUND('',#2972,.T.);
#2974=ADVANCED_FACE('',(#2973),#2950,.T.);
#2975=CARTESIAN_POINT('',(1.33,-0.55,2.485));
#2976=DIRECTION('',(0.694652355,0.719345609,0.));
#2977=DIRECTION('',(0.719345609,-0.694652355,0.));
#2978=AXIS2_PLACEMENT_3D('',#2975,#2976,#2977);
#2979=PLANE('',#2978);
#2980=CARTESIAN_POINT('',(1.33,-0.55,2.545));
#2981=DIRECTION('',(-0.719345609,0.694652355,-0.));
#2982=VECTOR('',#2981,0.07197845);
#2983=LINE('',#2980,#2982);
#2984=EDGE_CURVE('',#2733,#1092,#2983,.T.);
#2985=ORIENTED_EDGE('',*,*,#2984,.T.);
#2986=ORIENTED_EDGE('',*,*,#1097,.F.);
#2987=ORIENTED_EDGE('',*,*,#2955,.F.);
#2988=ORIENTED_EDGE('',*,*,#2746,.F.);
#2989=EDGE_LOOP('',(#2985,#2986,#2987,#2988));
#2990=FACE_BOUND('',#2989,.T.);
#2991=ADVANCED_FACE('',(#2990),#2979,.F.);
#2992=CARTESIAN_POINT('',(-1.049014969,-0.20674359,2.545));
#2993=DIRECTION('',(0.,0.,-1.));
#2994=DIRECTION('',(-1.,0.,0.));
#2995=AXIS2_PLACEMENT_3D('',#2992,#2993,#2994);
#2996=PLANE('',#2995);
#2997=CARTESIAN_POINT('',(1.32,-0.5,2.545));
#2998=DIRECTION('',(0.,1.,-0.));
#2999=VECTOR('',#2998,0.3);
#3000=LINE('',#2997,#2999);
#3001=EDGE_CURVE('',#1100,#2239,#3000,.T.);
#3002=ORIENTED_EDGE('',*,*,#3001,.F.);
#3003=ORIENTED_EDGE('',*,*,#1105,.F.);
#3004=ORIENTED_EDGE('',*,*,#2984,.F.);
#3005=ORIENTED_EDGE('',*,*,#2738,.F.);
#3006=ORIENTED_EDGE('',*,*,#2790,.F.);
#3007=ORIENTED_EDGE('',*,*,#2807,.F.);
#3008=ORIENTED_EDGE('',*,*,#2838,.F.);
#3009=ORIENTED_EDGE('',*,*,#2870,.F.);
#3010=ORIENTED_EDGE('',*,*,#2916,.F.);
#3011=ORIENTED_EDGE('',*,*,#2933,.F.);
#3012=ORIENTED_EDGE('',*,*,#2246,.F.);
#3013=EDGE_LOOP('',(#3002,#3003,#3004,#3005,#3006,#3007,#3008,#3009,#3010,#3011,#3012));
#3014=FACE_BOUND('',#3013,.T.);
#3015=ADVANCED_FACE('',(#3014),#2996,.F.);
#3016=CARTESIAN_POINT('',(1.44,-0.18,6.885));
#3017=DIRECTION('',(1.,0.,0.));
#3018=DIRECTION('',(-0.,1.,0.));
#3019=AXIS2_PLACEMENT_3D('',#3016,#3017,#3018);
#3020=PLANE('',#3019);
#3021=CARTESIAN_POINT('',(1.44,-0.37,6.945));
#3022=VERTEX_POINT('',#3021);
#3023=CARTESIAN_POINT('',(1.44,-0.37,6.825));
#3024=VERTEX_POINT('',#3023);
#3025=CARTESIAN_POINT('',(1.44,-0.37,6.945));
#3026=DIRECTION('',(-0.,-0.,-1.));
#3027=VECTOR('',#3026,0.12);
#3028=LINE('',#3025,#3027);
#3029=EDGE_CURVE('',#3022,#3024,#3028,.T.);
#3030=ORIENTED_EDGE('',*,*,#3029,.T.);
#3031=CARTESIAN_POINT('',(1.44,-0.23,6.825));
#3032=VERTEX_POINT('',#3031);
#3033=CARTESIAN_POINT('',(1.44,-0.37,6.825));
#3034=DIRECTION('',(-0.,1.,0.));
#3035=VECTOR('',#3034,0.14);
#3036=LINE('',#3033,#3035);
#3037=EDGE_CURVE('',#3024,#3032,#3036,.T.);
#3038=ORIENTED_EDGE('',*,*,#3037,.T.);
#3039=CARTESIAN_POINT('',(1.44,-0.23,6.945));
#3040=VERTEX_POINT('',#3039);
#3041=CARTESIAN_POINT('',(1.44,-0.23,6.825));
#3042=DIRECTION('',(0.,0.,1.));
#3043=VECTOR('',#3042,0.12);
#3044=LINE('',#3041,#3043);
#3045=EDGE_CURVE('',#3032,#3040,#3044,.T.);
#3046=ORIENTED_EDGE('',*,*,#3045,.T.);
#3047=CARTESIAN_POINT('',(1.44,-0.23,6.945));
#3048=DIRECTION('',(0.,-1.,-0.));
#3049=VECTOR('',#3048,0.14);
#3050=LINE('',#3047,#3049);
#3051=EDGE_CURVE('',#3040,#3022,#3050,.T.);
#3052=ORIENTED_EDGE('',*,*,#3051,.T.);
#3053=EDGE_LOOP('',(#3030,#3038,#3046,#3052));
#3054=FACE_BOUND('',#3053,.T.);
#3055=ADVANCED_FACE('',(#3054),#3020,.T.);
#3056=CARTESIAN_POINT('',(1.49,-0.37,6.885));
#3057=DIRECTION('',(0.,0.,-1.));
#3058=DIRECTION('',(-1.,0.,0.));
#3059=AXIS2_PLACEMENT_3D('',#3056,#3057,#3058);
#3060=CYLINDRICAL_SURFACE('',#3059,0.05);
#3061=ORIENTED_EDGE('',*,*,#3029,.F.);
#3062=CARTESIAN_POINT('',(1.49,-0.42,6.945));
#3063=VERTEX_POINT('',#3062);
#3064=CARTESIAN_POINT('',(1.49,-0.37,6.945));
#3065=DIRECTION('',(0.,0.,-1.));
#3066=DIRECTION('',(-1.,0.,0.));
#3067=AXIS2_PLACEMENT_3D('',#3064,#3065,#3066);
#3068=CIRCLE('',#3067,0.05);
#3069=EDGE_CURVE('',#3063,#3022,#3068,.T.);
#3070=ORIENTED_EDGE('',*,*,#3069,.F.);
#3071=CARTESIAN_POINT('',(1.49,-0.42,6.825));
#3072=VERTEX_POINT('',#3071);
#3073=CARTESIAN_POINT('',(1.49,-0.42,6.945));
#3074=DIRECTION('',(0.,0.,-1.));
#3075=VECTOR('',#3074,0.12);
#3076=LINE('',#3073,#3075);
#3077=EDGE_CURVE('',#3063,#3072,#3076,.T.);
#3078=ORIENTED_EDGE('',*,*,#3077,.T.);
#3079=CARTESIAN_POINT('',(1.49,-0.37,6.825));
#3080=DIRECTION('',(0.,0.,-1.));
#3081=DIRECTION('',(-1.,0.,0.));
#3082=AXIS2_PLACEMENT_3D('',#3079,#3080,#3081);
#3083=CIRCLE('',#3082,0.05);
#3084=EDGE_CURVE('',#3072,#3024,#3083,.T.);
#3085=ORIENTED_EDGE('',*,*,#3084,.T.);
#3086=EDGE_LOOP('',(#3061,#3070,#3078,#3085));
#3087=FACE_BOUND('',#3086,.T.);
#3088=ADVANCED_FACE('',(#3087),#3060,.F.);
#3089=CARTESIAN_POINT('',(1.44,-0.42,6.885));
#3090=DIRECTION('',(-0.,1.,0.));
#3091=DIRECTION('',(-1.,-0.,0.));
#3092=AXIS2_PLACEMENT_3D('',#3089,#3090,#3091);
#3093=PLANE('',#3092);
#3094=ORIENTED_EDGE('',*,*,#3077,.F.);
#3095=CARTESIAN_POINT('',(1.63,-0.42,6.945));
#3096=VERTEX_POINT('',#3095);
#3097=CARTESIAN_POINT('',(1.49,-0.42,6.945));
#3098=DIRECTION('',(1.,0.,-0.));
#3099=VECTOR('',#3098,0.14);
#3100=LINE('',#3097,#3099);
#3101=EDGE_CURVE('',#3063,#3096,#3100,.T.);
#3102=ORIENTED_EDGE('',*,*,#3101,.T.);
#3103=CARTESIAN_POINT('',(1.63,-0.42,6.825));
#3104=VERTEX_POINT('',#3103);
#3105=CARTESIAN_POINT('',(1.63,-0.42,6.825));
#3106=DIRECTION('',(0.,0.,1.));
#3107=VECTOR('',#3106,0.12);
#3108=LINE('',#3105,#3107);
#3109=EDGE_CURVE('',#3104,#3096,#3108,.T.);
#3110=ORIENTED_EDGE('',*,*,#3109,.F.);
#3111=CARTESIAN_POINT('',(1.63,-0.42,6.825));
#3112=DIRECTION('',(-1.,-0.,0.));
#3113=VECTOR('',#3112,0.14);
#3114=LINE('',#3111,#3113);
#3115=EDGE_CURVE('',#3104,#3072,#3114,.T.);
#3116=ORIENTED_EDGE('',*,*,#3115,.T.);
#3117=EDGE_LOOP('',(#3094,#3102,#3110,#3116));
#3118=FACE_BOUND('',#3117,.T.);
#3119=ADVANCED_FACE('',(#3118),#3093,.T.);
#3120=CARTESIAN_POINT('',(1.63,-0.42,6.885));
#3121=DIRECTION('',(1.,0.,0.));
#3122=DIRECTION('',(-0.,1.,0.));
#3123=AXIS2_PLACEMENT_3D('',#3120,#3121,#3122);
#3124=PLANE('',#3123);
#3125=ORIENTED_EDGE('',*,*,#3109,.T.);
#3126=CARTESIAN_POINT('',(1.63,-0.5,6.945));
#3127=VERTEX_POINT('',#3126);
#3128=CARTESIAN_POINT('',(1.63,-0.42,6.945));
#3129=DIRECTION('',(0.,-1.,-0.));
#3130=VECTOR('',#3129,0.08);
#3131=LINE('',#3128,#3130);
#3132=EDGE_CURVE('',#3096,#3127,#3131,.T.);
#3133=ORIENTED_EDGE('',*,*,#3132,.T.);
#3134=CARTESIAN_POINT('',(1.63,-0.5,6.825));
#3135=VERTEX_POINT('',#3134);
#3136=CARTESIAN_POINT('',(1.63,-0.5,6.825));
#3137=DIRECTION('',(0.,0.,1.));
#3138=VECTOR('',#3137,0.12);
#3139=LINE('',#3136,#3138);
#3140=EDGE_CURVE('',#3135,#3127,#3139,.T.);
#3141=ORIENTED_EDGE('',*,*,#3140,.F.);
#3142=CARTESIAN_POINT('',(1.63,-0.5,6.825));
#3143=DIRECTION('',(-0.,1.,0.));
#3144=VECTOR('',#3143,0.08);
#3145=LINE('',#3142,#3144);
#3146=EDGE_CURVE('',#3135,#3104,#3145,.T.);
#3147=ORIENTED_EDGE('',*,*,#3146,.T.);
#3148=EDGE_LOOP('',(#3125,#3133,#3141,#3147));
#3149=FACE_BOUND('',#3148,.T.);
#3150=ADVANCED_FACE('',(#3149),#3124,.T.);
#3151=CARTESIAN_POINT('',(1.605,-0.525,6.885));
#3152=DIRECTION('',(0.707106781,-0.707106781,0.));
#3153=DIRECTION('',(0.707106781,0.707106781,0.));
#3154=AXIS2_PLACEMENT_3D('',#3151,#3152,#3153);
#3155=PLANE('',#3154);
#3156=CARTESIAN_POINT('',(1.58,-0.55,6.945));
#3157=VERTEX_POINT('',#3156);
#3158=CARTESIAN_POINT('',(1.58,-0.55,6.825));
#3159=VERTEX_POINT('',#3158);
#3160=CARTESIAN_POINT('',(1.58,-0.55,6.945));
#3161=DIRECTION('',(-0.,-0.,-1.));
#3162=VECTOR('',#3161,0.12);
#3163=LINE('',#3160,#3162);
#3164=EDGE_CURVE('',#3157,#3159,#3163,.T.);
#3165=ORIENTED_EDGE('',*,*,#3164,.T.);
#3166=CARTESIAN_POINT('',(1.58,-0.55,6.825));
#3167=DIRECTION('',(0.707106781,0.707106781,0.));
#3168=VECTOR('',#3167,0.070710678);
#3169=LINE('',#3166,#3168);
#3170=EDGE_CURVE('',#3159,#3135,#3169,.T.);
#3171=ORIENTED_EDGE('',*,*,#3170,.T.);
#3172=ORIENTED_EDGE('',*,*,#3140,.T.);
#3173=CARTESIAN_POINT('',(1.58,-0.55,6.945));
#3174=DIRECTION('',(0.707106781,0.707106781,0.));
#3175=VECTOR('',#3174,0.070710678);
#3176=LINE('',#3173,#3175);
#3177=EDGE_CURVE('',#3157,#3127,#3176,.T.);
#3178=ORIENTED_EDGE('',*,*,#3177,.F.);
#3179=EDGE_LOOP('',(#3165,#3171,#3172,#3178));
#3180=FACE_BOUND('',#3179,.T.);
#3181=ADVANCED_FACE('',(#3180),#3155,.T.);
#3182=CARTESIAN_POINT('',(1.63,-0.55,6.885));
#3183=DIRECTION('',(0.,-1.,0.));
#3184=DIRECTION('',(1.,0.,0.));
#3185=AXIS2_PLACEMENT_3D('',#3182,#3183,#3184);
#3186=PLANE('',#3185);
#3187=ORIENTED_EDGE('',*,*,#3164,.F.);
#3188=CARTESIAN_POINT('',(1.33,-0.55,6.945));
#3189=VERTEX_POINT('',#3188);
#3190=CARTESIAN_POINT('',(1.58,-0.55,6.945));
#3191=DIRECTION('',(-1.,-0.,-0.));
#3192=VECTOR('',#3191,0.25);
#3193=LINE('',#3190,#3192);
#3194=EDGE_CURVE('',#3157,#3189,#3193,.T.);
#3195=ORIENTED_EDGE('',*,*,#3194,.T.);
#3196=CARTESIAN_POINT('',(1.33,-0.55,6.825));
#3197=VERTEX_POINT('',#3196);
#3198=CARTESIAN_POINT('',(1.33,-0.55,6.825));
#3199=DIRECTION('',(0.,0.,1.));
#3200=VECTOR('',#3199,0.12);
#3201=LINE('',#3198,#3200);
#3202=EDGE_CURVE('',#3197,#3189,#3201,.T.);
#3203=ORIENTED_EDGE('',*,*,#3202,.F.);
#3204=CARTESIAN_POINT('',(1.33,-0.55,6.825));
#3205=DIRECTION('',(1.,0.,0.));
#3206=VECTOR('',#3205,0.25);
#3207=LINE('',#3204,#3206);
#3208=EDGE_CURVE('',#3197,#3159,#3207,.T.);
#3209=ORIENTED_EDGE('',*,*,#3208,.T.);
#3210=EDGE_LOOP('',(#3187,#3195,#3203,#3209));
#3211=FACE_BOUND('',#3210,.T.);
#3212=ADVANCED_FACE('',(#3211),#3186,.T.);
#3213=CARTESIAN_POINT('',(1.33,-0.55,6.885));
#3214=DIRECTION('',(-0.694652355,-0.719345609,0.));
#3215=DIRECTION('',(0.719345609,-0.694652355,0.));
#3216=AXIS2_PLACEMENT_3D('',#3213,#3214,#3215);
#3217=PLANE('',#3216);
#3218=CARTESIAN_POINT('',(1.33,-0.55,6.945));
#3219=DIRECTION('',(-0.719345609,0.694652355,-0.));
#3220=VECTOR('',#3219,0.07197845);
#3221=LINE('',#3218,#3220);
#3222=EDGE_CURVE('',#3189,#1124,#3221,.T.);
#3223=ORIENTED_EDGE('',*,*,#3222,.T.);
#3224=ORIENTED_EDGE('',*,*,#1129,.T.);
#3225=CARTESIAN_POINT('',(1.278222618,-0.5,6.825));
#3226=DIRECTION('',(0.719345609,-0.694652355,0.));
#3227=VECTOR('',#3226,0.07197845);
#3228=LINE('',#3225,#3227);
#3229=EDGE_CURVE('',#1116,#3197,#3228,.T.);
#3230=ORIENTED_EDGE('',*,*,#3229,.T.);
#3231=ORIENTED_EDGE('',*,*,#3202,.T.);
#3232=EDGE_LOOP('',(#3223,#3224,#3230,#3231));
#3233=FACE_BOUND('',#3232,.T.);
#3234=ADVANCED_FACE('',(#3233),#3217,.T.);
#3235=CARTESIAN_POINT('',(-1.049014969,-0.20674359,6.945));
#3236=DIRECTION('',(0.,0.,-1.));
#3237=DIRECTION('',(-1.,0.,0.));
#3238=AXIS2_PLACEMENT_3D('',#3235,#3236,#3237);
#3239=PLANE('',#3238);
#3240=CARTESIAN_POINT('',(1.32,-0.5,6.945));
#3241=DIRECTION('',(0.,1.,-0.));
#3242=VECTOR('',#3241,0.3);
#3243=LINE('',#3240,#3242);
#3244=EDGE_CURVE('',#1132,#2274,#3243,.T.);
#3245=ORIENTED_EDGE('',*,*,#3244,.F.);
#3246=ORIENTED_EDGE('',*,*,#1137,.F.);
#3247=ORIENTED_EDGE('',*,*,#3222,.F.);
#3248=ORIENTED_EDGE('',*,*,#3194,.F.);
#3249=ORIENTED_EDGE('',*,*,#3177,.T.);
#3250=ORIENTED_EDGE('',*,*,#3132,.F.);
#3251=ORIENTED_EDGE('',*,*,#3101,.F.);
#3252=ORIENTED_EDGE('',*,*,#3069,.T.);
#3253=ORIENTED_EDGE('',*,*,#3051,.F.);
#3254=CARTESIAN_POINT('',(1.39,-0.23,6.945));
#3255=DIRECTION('',(0.,0.,1.));
#3256=DIRECTION('',(1.,0.,-0.));
#3257=AXIS2_PLACEMENT_3D('',#3254,#3255,#3256);
#3258=CIRCLE('',#3257,0.05);
#3259=EDGE_CURVE('',#3040,#2282,#3258,.T.);
#3260=ORIENTED_EDGE('',*,*,#3259,.T.);
#3261=ORIENTED_EDGE('',*,*,#2287,.F.);
#3262=EDGE_LOOP('',(#3245,#3246,#3247,#3248,#3249,#3250,#3251,#3252,#3253,#3260,#3261));
#3263=FACE_BOUND('',#3262,.T.);
#3264=ADVANCED_FACE('',(#3263),#3239,.F.);
#3265=CARTESIAN_POINT('',(1.049014969,-0.20674359,6.825));
#3266=DIRECTION('',(0.,-0.,1.));
#3267=DIRECTION('',(1.,0.,0.));
#3268=AXIS2_PLACEMENT_3D('',#3265,#3266,#3267);
#3269=PLANE('',#3268);
#3270=ORIENTED_EDGE('',*,*,#3229,.F.);
#3271=ORIENTED_EDGE('',*,*,#1121,.F.);
#3272=CARTESIAN_POINT('',(1.32,-0.2,6.825));
#3273=DIRECTION('',(-0.,-1.,0.));
#3274=VECTOR('',#3273,0.3);
#3275=LINE('',#3272,#3274);
#3276=EDGE_CURVE('',#2298,#1108,#3275,.T.);
#3277=ORIENTED_EDGE('',*,*,#3276,.F.);
#3278=ORIENTED_EDGE('',*,*,#2303,.F.);
#3279=CARTESIAN_POINT('',(1.39,-0.23,6.825));
#3280=DIRECTION('',(0.,0.,1.));
#3281=DIRECTION('',(1.,0.,-0.));
#3282=AXIS2_PLACEMENT_3D('',#3279,#3280,#3281);
#3283=CIRCLE('',#3282,0.05);
#3284=EDGE_CURVE('',#3032,#2290,#3283,.T.);
#3285=ORIENTED_EDGE('',*,*,#3284,.F.);
#3286=ORIENTED_EDGE('',*,*,#3037,.F.);
#3287=ORIENTED_EDGE('',*,*,#3084,.F.);
#3288=ORIENTED_EDGE('',*,*,#3115,.F.);
#3289=ORIENTED_EDGE('',*,*,#3146,.F.);
#3290=ORIENTED_EDGE('',*,*,#3170,.F.);
#3291=ORIENTED_EDGE('',*,*,#3208,.F.);
#3292=EDGE_LOOP('',(#3270,#3271,#3277,#3278,#3285,#3286,#3287,#3288,#3289,#3290,#3291));
#3293=FACE_BOUND('',#3292,.T.);
#3294=ADVANCED_FACE('',(#3293),#3269,.F.);
#3295=CARTESIAN_POINT('',(1.39,-0.23,6.885));
#3296=DIRECTION('',(0.,0.,1.));
#3297=DIRECTION('',(1.,0.,-0.));
#3298=AXIS2_PLACEMENT_3D('',#3295,#3296,#3297);
#3299=CYLINDRICAL_SURFACE('',#3298,0.05);
#3300=ORIENTED_EDGE('',*,*,#3045,.F.);
#3301=ORIENTED_EDGE('',*,*,#3284,.T.);
#3302=ORIENTED_EDGE('',*,*,#2295,.T.);
#3303=ORIENTED_EDGE('',*,*,#3259,.F.);
#3304=EDGE_LOOP('',(#3300,#3301,#3302,#3303));
#3305=FACE_BOUND('',#3304,.T.);
#3306=ADVANCED_FACE('',(#3305),#3299,.T.);
#3307=CARTESIAN_POINT('',(1.39,-0.55,4.945));
#3308=DIRECTION('',(0.,-1.,0.));
#3309=DIRECTION('',(-1.,0.,0.));
#3310=AXIS2_PLACEMENT_3D('',#3307,#3308,#3309);
#3311=PLANE('',#3310);
#3312=CARTESIAN_POINT('',(1.410180186,-0.55,4.945));
#3313=VERTEX_POINT('',#3312);
#3314=CARTESIAN_POINT('',(1.410180186,-0.55,4.825));
#3315=VERTEX_POINT('',#3314);
#3316=CARTESIAN_POINT('',(1.410180186,-0.55,4.945));
#3317=DIRECTION('',(0.,0.,-1.));
#3318=VECTOR('',#3317,0.12);
#3319=LINE('',#3316,#3318);
#3320=EDGE_CURVE('',#3313,#3315,#3319,.T.);
#3321=ORIENTED_EDGE('',*,*,#3320,.T.);
#3322=CARTESIAN_POINT('',(1.64,-0.55,4.825));
#3323=VERTEX_POINT('',#3322);
#3324=CARTESIAN_POINT('',(1.410180186,-0.55,4.825));
#3325=DIRECTION('',(1.,-0.,-0.));
#3326=VECTOR('',#3325,0.229819814);
#3327=LINE('',#3324,#3326);
#3328=EDGE_CURVE('',#3315,#3323,#3327,.T.);
#3329=ORIENTED_EDGE('',*,*,#3328,.T.);
#3330=CARTESIAN_POINT('',(1.64,-0.55,4.945));
#3331=VERTEX_POINT('',#3330);
#3332=CARTESIAN_POINT('',(1.64,-0.55,4.945));
#3333=DIRECTION('',(0.,0.,-1.));
#3334=VECTOR('',#3333,0.12);
#3335=LINE('',#3332,#3334);
#3336=EDGE_CURVE('',#3331,#3323,#3335,.T.);
#3337=ORIENTED_EDGE('',*,*,#3336,.F.);
#3338=CARTESIAN_POINT('',(1.64,-0.55,4.945));
#3339=DIRECTION('',(-1.,0.,0.));
#3340=VECTOR('',#3339,0.229819814);
#3341=LINE('',#3338,#3340);
#3342=EDGE_CURVE('',#3331,#3313,#3341,.T.);
#3343=ORIENTED_EDGE('',*,*,#3342,.T.);
#3344=EDGE_LOOP('',(#3321,#3329,#3337,#3343));
#3345=FACE_BOUND('',#3344,.T.);
#3346=ADVANCED_FACE('',(#3345),#3311,.T.);
#3347=CARTESIAN_POINT('',(1.64,-0.5,4.825));
#3348=DIRECTION('',(0.,0.,-1.));
#3349=DIRECTION('',(-1.,0.,0.));
#3350=AXIS2_PLACEMENT_3D('',#3347,#3348,#3349);
#3351=CYLINDRICAL_SURFACE('',#3350,0.05);
#3352=CARTESIAN_POINT('',(1.69,-0.5,4.945));
#3353=VERTEX_POINT('',#3352);
#3354=CARTESIAN_POINT('',(1.69,-0.5,4.825));
#3355=VERTEX_POINT('',#3354);
#3356=CARTESIAN_POINT('',(1.69,-0.5,4.945));
#3357=DIRECTION('',(0.,0.,-1.));
#3358=VECTOR('',#3357,0.12);
#3359=LINE('',#3356,#3358);
#3360=EDGE_CURVE('',#3353,#3355,#3359,.T.);
#3361=ORIENTED_EDGE('',*,*,#3360,.F.);
#3362=CARTESIAN_POINT('',(1.64,-0.5,4.945));
#3363=DIRECTION('',(0.,0.,-1.));
#3364=DIRECTION('',(-1.,0.,0.));
#3365=AXIS2_PLACEMENT_3D('',#3362,#3363,#3364);
#3366=CIRCLE('',#3365,0.05);
#3367=EDGE_CURVE('',#3353,#3331,#3366,.T.);
#3368=ORIENTED_EDGE('',*,*,#3367,.T.);
#3369=ORIENTED_EDGE('',*,*,#3336,.T.);
#3370=CARTESIAN_POINT('',(1.64,-0.5,4.825));
#3371=DIRECTION('',(0.,0.,-1.));
#3372=DIRECTION('',(-1.,0.,0.));
#3373=AXIS2_PLACEMENT_3D('',#3370,#3371,#3372);
#3374=CIRCLE('',#3373,0.05);
#3375=EDGE_CURVE('',#3355,#3323,#3374,.T.);
#3376=ORIENTED_EDGE('',*,*,#3375,.F.);
#3377=EDGE_LOOP('',(#3361,#3368,#3369,#3376));
#3378=FACE_BOUND('',#3377,.T.);
#3379=ADVANCED_FACE('',(#3378),#3351,.T.);
#3380=CARTESIAN_POINT('',(1.69,-0.55,4.945));
#3381=DIRECTION('',(1.,0.,0.));
#3382=DIRECTION('',(0.,-1.,0.));
#3383=AXIS2_PLACEMENT_3D('',#3380,#3381,#3382);
#3384=PLANE('',#3383);
#3385=ORIENTED_EDGE('',*,*,#3360,.T.);
#3386=CARTESIAN_POINT('',(1.69,-0.42,4.825));
#3387=VERTEX_POINT('',#3386);
#3388=CARTESIAN_POINT('',(1.69,-0.5,4.825));
#3389=DIRECTION('',(-0.,1.,-0.));
#3390=VECTOR('',#3389,0.08);
#3391=LINE('',#3388,#3390);
#3392=EDGE_CURVE('',#3355,#3387,#3391,.T.);
#3393=ORIENTED_EDGE('',*,*,#3392,.T.);
#3394=CARTESIAN_POINT('',(1.69,-0.42,4.945));
#3395=VERTEX_POINT('',#3394);
#3396=CARTESIAN_POINT('',(1.69,-0.42,4.825));
#3397=DIRECTION('',(-0.,-0.,1.));
#3398=VECTOR('',#3397,0.12);
#3399=LINE('',#3396,#3398);
#3400=EDGE_CURVE('',#3387,#3395,#3399,.T.);
#3401=ORIENTED_EDGE('',*,*,#3400,.T.);
#3402=CARTESIAN_POINT('',(1.69,-0.42,4.945));
#3403=DIRECTION('',(0.,-1.,0.));
#3404=VECTOR('',#3403,0.08);
#3405=LINE('',#3402,#3404);
#3406=EDGE_CURVE('',#3395,#3353,#3405,.T.);
#3407=ORIENTED_EDGE('',*,*,#3406,.T.);
#3408=EDGE_LOOP('',(#3385,#3393,#3401,#3407));
#3409=FACE_BOUND('',#3408,.T.);
#3410=ADVANCED_FACE('',(#3409),#3384,.T.);
#3411=CARTESIAN_POINT('',(1.69,-0.42,4.945));
#3412=DIRECTION('',(0.,1.,0.));
#3413=DIRECTION('',(1.,0.,0.));
#3414=AXIS2_PLACEMENT_3D('',#3411,#3412,#3413);
#3415=PLANE('',#3414);
#3416=CARTESIAN_POINT('',(1.49,-0.42,4.945));
#3417=VERTEX_POINT('',#3416);
#3418=CARTESIAN_POINT('',(1.49,-0.42,4.945));
#3419=DIRECTION('',(1.,0.,-0.));
#3420=VECTOR('',#3419,0.2);
#3421=LINE('',#3418,#3420);
#3422=EDGE_CURVE('',#3417,#3395,#3421,.T.);
#3423=ORIENTED_EDGE('',*,*,#3422,.T.);
#3424=ORIENTED_EDGE('',*,*,#3400,.F.);
#3425=CARTESIAN_POINT('',(1.49,-0.42,4.825));
#3426=VERTEX_POINT('',#3425);
#3427=CARTESIAN_POINT('',(1.69,-0.42,4.825));
#3428=DIRECTION('',(-1.,-0.,0.));
#3429=VECTOR('',#3428,0.2);
#3430=LINE('',#3427,#3429);
#3431=EDGE_CURVE('',#3387,#3426,#3430,.T.);
#3432=ORIENTED_EDGE('',*,*,#3431,.T.);
#3433=CARTESIAN_POINT('',(1.49,-0.42,4.825));
#3434=DIRECTION('',(-0.,-0.,1.));
#3435=VECTOR('',#3434,0.12);
#3436=LINE('',#3433,#3435);
#3437=EDGE_CURVE('',#3426,#3417,#3436,.T.);
#3438=ORIENTED_EDGE('',*,*,#3437,.T.);
#3439=EDGE_LOOP('',(#3423,#3424,#3432,#3438));
#3440=FACE_BOUND('',#3439,.T.);
#3441=ADVANCED_FACE('',(#3440),#3415,.T.);
#3442=CARTESIAN_POINT('',(1.49,-0.37,4.945));
#3443=DIRECTION('',(0.,0.,1.));
#3444=DIRECTION('',(1.,0.,-0.));
#3445=AXIS2_PLACEMENT_3D('',#3442,#3443,#3444);
#3446=CYLINDRICAL_SURFACE('',#3445,0.05);
#3447=CARTESIAN_POINT('',(1.44,-0.37,4.945));
#3448=VERTEX_POINT('',#3447);
#3449=CARTESIAN_POINT('',(1.49,-0.37,4.945));
#3450=DIRECTION('',(0.,0.,1.));
#3451=DIRECTION('',(1.,0.,-0.));
#3452=AXIS2_PLACEMENT_3D('',#3449,#3450,#3451);
#3453=CIRCLE('',#3452,0.05);
#3454=EDGE_CURVE('',#3448,#3417,#3453,.T.);
#3455=ORIENTED_EDGE('',*,*,#3454,.T.);
#3456=ORIENTED_EDGE('',*,*,#3437,.F.);
#3457=CARTESIAN_POINT('',(1.44,-0.37,4.825));
#3458=VERTEX_POINT('',#3457);
#3459=CARTESIAN_POINT('',(1.49,-0.37,4.825));
#3460=DIRECTION('',(0.,0.,1.));
#3461=DIRECTION('',(1.,0.,-0.));
#3462=AXIS2_PLACEMENT_3D('',#3459,#3460,#3461);
#3463=CIRCLE('',#3462,0.05);
#3464=EDGE_CURVE('',#3458,#3426,#3463,.T.);
#3465=ORIENTED_EDGE('',*,*,#3464,.F.);
#3466=CARTESIAN_POINT('',(1.44,-0.37,4.825));
#3467=DIRECTION('',(0.,0.,1.));
#3468=VECTOR('',#3467,0.12);
#3469=LINE('',#3466,#3468);
#3470=EDGE_CURVE('',#3458,#3448,#3469,.T.);
#3471=ORIENTED_EDGE('',*,*,#3470,.T.);
#3472=EDGE_LOOP('',(#3455,#3456,#3465,#3471));
#3473=FACE_BOUND('',#3472,.T.);
#3474=ADVANCED_FACE('',(#3473),#3446,.F.);
#3475=CARTESIAN_POINT('',(1.44,0.08,4.825));
#3476=DIRECTION('',(1.,0.,0.));
#3477=DIRECTION('',(0.,-1.,0.));
#3478=AXIS2_PLACEMENT_3D('',#3475,#3476,#3477);
#3479=PLANE('',#3478);
#3480=CARTESIAN_POINT('',(1.44,-0.285,4.825));
#3481=VERTEX_POINT('',#3480);
#3482=CARTESIAN_POINT('',(1.44,-0.37,4.825));
#3483=DIRECTION('',(-0.,1.,-0.));
#3484=VECTOR('',#3483,0.085);
#3485=LINE('',#3482,#3484);
#3486=EDGE_CURVE('',#3458,#3481,#3485,.T.);
#3487=ORIENTED_EDGE('',*,*,#3486,.T.);
#3488=CARTESIAN_POINT('',(1.44,-0.285,4.945));
#3489=VERTEX_POINT('',#3488);
#3490=CARTESIAN_POINT('',(1.44,-0.285,4.825));
#3491=DIRECTION('',(-0.,-0.,1.));
#3492=VECTOR('',#3491,0.12);
#3493=LINE('',#3490,#3492);
#3494=EDGE_CURVE('',#3481,#3489,#3493,.T.);
#3495=ORIENTED_EDGE('',*,*,#3494,.T.);
#3496=CARTESIAN_POINT('',(1.44,-0.37,4.945));
#3497=DIRECTION('',(0.,1.,0.));
#3498=VECTOR('',#3497,0.085);
#3499=LINE('',#3496,#3498);
#3500=EDGE_CURVE('',#3448,#3489,#3499,.T.);
#3501=ORIENTED_EDGE('',*,*,#3500,.F.);
#3502=ORIENTED_EDGE('',*,*,#3470,.F.);
#3503=EDGE_LOOP('',(#3487,#3495,#3501,#3502));
#3504=FACE_BOUND('',#3503,.T.);
#3505=ADVANCED_FACE('',(#3504),#3479,.T.);
#3506=CARTESIAN_POINT('',(1.39,-0.285,4.825));
#3507=DIRECTION('',(0.,0.,1.));
#3508=DIRECTION('',(1.,0.,-0.));
#3509=AXIS2_PLACEMENT_3D('',#3506,#3507,#3508);
#3510=CYLINDRICAL_SURFACE('',#3509,0.05);
#3511=CARTESIAN_POINT('',(1.39,-0.235,4.825));
#3512=VERTEX_POINT('',#3511);
#3513=CARTESIAN_POINT('',(1.39,-0.285,4.825));
#3514=DIRECTION('',(0.,0.,1.));
#3515=DIRECTION('',(1.,0.,-0.));
#3516=AXIS2_PLACEMENT_3D('',#3513,#3514,#3515);
#3517=CIRCLE('',#3516,0.05);
#3518=EDGE_CURVE('',#3481,#3512,#3517,.T.);
#3519=ORIENTED_EDGE('',*,*,#3518,.T.);
#3520=CARTESIAN_POINT('',(1.39,-0.235,4.945));
#3521=VERTEX_POINT('',#3520);
#3522=CARTESIAN_POINT('',(1.39,-0.235,4.825));
#3523=DIRECTION('',(0.,0.,1.));
#3524=VECTOR('',#3523,0.12);
#3525=LINE('',#3522,#3524);
#3526=EDGE_CURVE('',#3512,#3521,#3525,.T.);
#3527=ORIENTED_EDGE('',*,*,#3526,.T.);
#3528=CARTESIAN_POINT('',(1.39,-0.285,4.945));
#3529=DIRECTION('',(0.,0.,1.));
#3530=DIRECTION('',(1.,0.,-0.));
#3531=AXIS2_PLACEMENT_3D('',#3528,#3529,#3530);
#3532=CIRCLE('',#3531,0.05);
#3533=EDGE_CURVE('',#3489,#3521,#3532,.T.);
#3534=ORIENTED_EDGE('',*,*,#3533,.F.);
#3535=ORIENTED_EDGE('',*,*,#3494,.F.);
#3536=EDGE_LOOP('',(#3519,#3527,#3534,#3535));
#3537=FACE_BOUND('',#3536,.T.);
#3538=ADVANCED_FACE('',(#3537),#3510,.T.);
#3539=CARTESIAN_POINT('',(1.29,-0.235,4.825));
#3540=DIRECTION('',(0.,1.,0.));
#3541=DIRECTION('',(1.,0.,0.));
#3542=AXIS2_PLACEMENT_3D('',#3539,#3540,#3541);
#3543=PLANE('',#3542);
#3544=CARTESIAN_POINT('',(1.34,-0.235,4.945));
#3545=VERTEX_POINT('',#3544);
#3546=CARTESIAN_POINT('',(1.34,-0.235,4.945));
#3547=DIRECTION('',(1.,0.,-0.));
#3548=VECTOR('',#3547,0.05);
#3549=LINE('',#3546,#3548);
#3550=EDGE_CURVE('',#3545,#3521,#3549,.T.);
#3551=ORIENTED_EDGE('',*,*,#3550,.T.);
#3552=ORIENTED_EDGE('',*,*,#3526,.F.);
#3553=CARTESIAN_POINT('',(1.34,-0.235,4.825));
#3554=VERTEX_POINT('',#3553);
#3555=CARTESIAN_POINT('',(1.39,-0.235,4.825));
#3556=DIRECTION('',(-1.,-0.,0.));
#3557=VECTOR('',#3556,0.05);
#3558=LINE('',#3555,#3557);
#3559=EDGE_CURVE('',#3512,#3554,#3558,.T.);
#3560=ORIENTED_EDGE('',*,*,#3559,.T.);
#3561=CARTESIAN_POINT('',(1.34,-0.235,4.945));
#3562=DIRECTION('',(0.,0.,-1.));
#3563=VECTOR('',#3562,0.12);
#3564=LINE('',#3561,#3563);
#3565=EDGE_CURVE('',#3545,#3554,#3564,.T.);
#3566=ORIENTED_EDGE('',*,*,#3565,.F.);
#3567=EDGE_LOOP('',(#3551,#3552,#3560,#3566));
#3568=FACE_BOUND('',#3567,.T.);
#3569=ADVANCED_FACE('',(#3568),#3543,.T.);
#3570=CARTESIAN_POINT('',(1.410180186,-0.5,4.825));
#3571=DIRECTION('',(0.,0.,-1.));
#3572=DIRECTION('',(-1.,0.,0.));
#3573=AXIS2_PLACEMENT_3D('',#3570,#3571,#3572);
#3574=CYLINDRICAL_SURFACE('',#3573,0.05);
#3575=ORIENTED_EDGE('',*,*,#3320,.F.);
#3576=CARTESIAN_POINT('',(1.375473408,-0.535992215,4.945));
#3577=VERTEX_POINT('',#3576);
#3578=CARTESIAN_POINT('',(1.410180186,-0.5,4.945));
#3579=DIRECTION('',(0.,0.,-1.));
#3580=DIRECTION('',(-1.,0.,0.));
#3581=AXIS2_PLACEMENT_3D('',#3578,#3579,#3580);
#3582=CIRCLE('',#3581,0.05);
#3583=EDGE_CURVE('',#3313,#3577,#3582,.T.);
#3584=ORIENTED_EDGE('',*,*,#3583,.T.);
#3585=CARTESIAN_POINT('',(1.375473408,-0.535992215,4.825));
#3586=VERTEX_POINT('',#3585);
#3587=CARTESIAN_POINT('',(1.375473408,-0.535992215,4.945));
#3588=DIRECTION('',(0.,0.,-1.));
#3589=VECTOR('',#3588,0.12);
#3590=LINE('',#3587,#3589);
#3591=EDGE_CURVE('',#3577,#3586,#3590,.T.);
#3592=ORIENTED_EDGE('',*,*,#3591,.T.);
#3593=CARTESIAN_POINT('',(1.410180186,-0.5,4.825));
#3594=DIRECTION('',(0.,0.,-1.));
#3595=DIRECTION('',(-1.,0.,0.));
#3596=AXIS2_PLACEMENT_3D('',#3593,#3594,#3595);
#3597=CIRCLE('',#3596,0.05);
#3598=EDGE_CURVE('',#3315,#3586,#3597,.T.);
#3599=ORIENTED_EDGE('',*,*,#3598,.F.);
#3600=EDGE_LOOP('',(#3575,#3584,#3592,#3599));
#3601=FACE_BOUND('',#3600,.T.);
#3602=ADVANCED_FACE('',(#3601),#3574,.T.);
#3603=CARTESIAN_POINT('',(1.25,-0.415,4.945));
#3604=DIRECTION('',(-0.694135571,-0.719844295,0.));
#3605=DIRECTION('',(-0.719844295,0.694135571,0.));
#3606=AXIS2_PLACEMENT_3D('',#3603,#3604,#3605);
#3607=PLANE('',#3606);
#3608=CARTESIAN_POINT('',(1.32,-0.4825,4.945));
#3609=VERTEX_POINT('',#3608);
#3610=CARTESIAN_POINT('',(1.32,-0.4825,4.825));
#3611=VERTEX_POINT('',#3610);
#3612=CARTESIAN_POINT('',(1.32,-0.4825,4.945));
#3613=DIRECTION('',(0.,0.,-1.));
#3614=VECTOR('',#3613,0.12);
#3615=LINE('',#3612,#3614);
#3616=EDGE_CURVE('',#3609,#3611,#3615,.T.);
#3617=ORIENTED_EDGE('',*,*,#3616,.T.);
#3618=CARTESIAN_POINT('',(1.32,-0.4825,4.825));
#3619=DIRECTION('',(0.719844295,-0.694135571,-0.));
#3620=VECTOR('',#3619,0.077063065);
#3621=LINE('',#3618,#3620);
#3622=EDGE_CURVE('',#3611,#3586,#3621,.T.);
#3623=ORIENTED_EDGE('',*,*,#3622,.T.);
#3624=ORIENTED_EDGE('',*,*,#3591,.F.);
#3625=CARTESIAN_POINT('',(1.375473408,-0.535992215,4.945));
#3626=DIRECTION('',(-0.719844295,0.694135571,0.));
#3627=VECTOR('',#3626,0.077063065);
#3628=LINE('',#3625,#3627);
#3629=EDGE_CURVE('',#3577,#3609,#3628,.T.);
#3630=ORIENTED_EDGE('',*,*,#3629,.T.);
#3631=EDGE_LOOP('',(#3617,#3623,#3624,#3630));
#3632=FACE_BOUND('',#3631,.T.);
#3633=ADVANCED_FACE('',(#3632),#3607,.T.);
#3634=CARTESIAN_POINT('',(1.087616119,-0.20066064,4.825));
#3635=DIRECTION('',(0.,0.,-1.));
#3636=DIRECTION('',(-1.,0.,0.));
#3637=AXIS2_PLACEMENT_3D('',#3634,#3635,#3636);
#3638=PLANE('',#3637);
#3639=CARTESIAN_POINT('',(1.32,-0.230825757,4.825));
#3640=VERTEX_POINT('',#3639);
#3641=CARTESIAN_POINT('',(1.32,-0.4825,4.825));
#3642=DIRECTION('',(0.,1.,0.));
#3643=VECTOR('',#3642,0.251674243);
#3644=LINE('',#3641,#3643);
#3645=EDGE_CURVE('',#3611,#3640,#3644,.T.);
#3646=ORIENTED_EDGE('',*,*,#3645,.T.);
#3647=CARTESIAN_POINT('',(1.34,-0.185,4.825));
#3648=DIRECTION('',(0.,0.,-1.));
#3649=DIRECTION('',(-1.,0.,0.));
#3650=AXIS2_PLACEMENT_3D('',#3647,#3648,#3649);
#3651=CIRCLE('',#3650,0.05);
#3652=EDGE_CURVE('',#3554,#3640,#3651,.T.);
#3653=ORIENTED_EDGE('',*,*,#3652,.F.);
#3654=ORIENTED_EDGE('',*,*,#3559,.F.);
#3655=ORIENTED_EDGE('',*,*,#3518,.F.);
#3656=ORIENTED_EDGE('',*,*,#3486,.F.);
#3657=ORIENTED_EDGE('',*,*,#3464,.T.);
#3658=ORIENTED_EDGE('',*,*,#3431,.F.);
#3659=ORIENTED_EDGE('',*,*,#3392,.F.);
#3660=ORIENTED_EDGE('',*,*,#3375,.T.);
#3661=ORIENTED_EDGE('',*,*,#3328,.F.);
#3662=ORIENTED_EDGE('',*,*,#3598,.T.);
#3663=ORIENTED_EDGE('',*,*,#3622,.F.);
#3664=EDGE_LOOP('',(#3646,#3653,#3654,#3655,#3656,#3657,#3658,#3659,#3660,#3661,#3662,#3663));
#3665=FACE_BOUND('',#3664,.T.);
#3666=ADVANCED_FACE('',(#3665),#3638,.T.);
#3667=CARTESIAN_POINT('',(1.34,-0.185,4.825));
#3668=DIRECTION('',(0.,0.,-1.));
#3669=DIRECTION('',(-1.,0.,0.));
#3670=AXIS2_PLACEMENT_3D('',#3667,#3668,#3669);
#3671=CYLINDRICAL_SURFACE('',#3670,0.05);
#3672=CARTESIAN_POINT('',(1.32,-0.230825757,4.945));
#3673=VERTEX_POINT('',#3672);
#3674=CARTESIAN_POINT('',(1.32,-0.230825757,4.945));
#3675=DIRECTION('',(-0.,-0.,-1.));
#3676=VECTOR('',#3675,0.12);
#3677=LINE('',#3674,#3676);
#3678=EDGE_CURVE('',#3673,#3640,#3677,.T.);
#3679=ORIENTED_EDGE('',*,*,#3678,.F.);
#3680=CARTESIAN_POINT('',(1.34,-0.185,4.945));
#3681=DIRECTION('',(0.,0.,-1.));
#3682=DIRECTION('',(-1.,0.,0.));
#3683=AXIS2_PLACEMENT_3D('',#3680,#3681,#3682);
#3684=CIRCLE('',#3683,0.05);
#3685=EDGE_CURVE('',#3545,#3673,#3684,.T.);
#3686=ORIENTED_EDGE('',*,*,#3685,.F.);
#3687=ORIENTED_EDGE('',*,*,#3565,.T.);
#3688=ORIENTED_EDGE('',*,*,#3652,.T.);
#3689=EDGE_LOOP('',(#3679,#3686,#3687,#3688));
#3690=FACE_BOUND('',#3689,.T.);
#3691=ADVANCED_FACE('',(#3690),#3671,.F.);
#3692=CARTESIAN_POINT('',(1.335697637,0.215754265,4.945));
#3693=DIRECTION('',(0.,0.,1.));
#3694=DIRECTION('',(1.,0.,0.));
#3695=AXIS2_PLACEMENT_3D('',#3692,#3693,#3694);
#3696=PLANE('',#3695);
#3697=CARTESIAN_POINT('',(1.32,-0.230825757,4.945));
#3698=DIRECTION('',(-0.,-1.,-0.));
#3699=VECTOR('',#3698,0.251674243);
#3700=LINE('',#3697,#3699);
#3701=EDGE_CURVE('',#3673,#3609,#3700,.T.);
#3702=ORIENTED_EDGE('',*,*,#3701,.T.);
#3703=ORIENTED_EDGE('',*,*,#3629,.F.);
#3704=ORIENTED_EDGE('',*,*,#3583,.F.);
#3705=ORIENTED_EDGE('',*,*,#3342,.F.);
#3706=ORIENTED_EDGE('',*,*,#3367,.F.);
#3707=ORIENTED_EDGE('',*,*,#3406,.F.);
#3708=ORIENTED_EDGE('',*,*,#3422,.F.);
#3709=ORIENTED_EDGE('',*,*,#3454,.F.);
#3710=ORIENTED_EDGE('',*,*,#3500,.T.);
#3711=ORIENTED_EDGE('',*,*,#3533,.T.);
#3712=ORIENTED_EDGE('',*,*,#3550,.F.);
#3713=ORIENTED_EDGE('',*,*,#3685,.T.);
#3714=EDGE_LOOP('',(#3702,#3703,#3704,#3705,#3706,#3707,#3708,#3709,#3710,#3711,#3712,#3713));
#3715=FACE_BOUND('',#3714,.T.);
#3716=ADVANCED_FACE('',(#3715),#3696,.T.);
#3717=CARTESIAN_POINT('',(1.39,-0.55,5.345));
#3718=DIRECTION('',(0.,-1.,0.));
#3719=DIRECTION('',(-1.,0.,0.));
#3720=AXIS2_PLACEMENT_3D('',#3717,#3718,#3719);
#3721=PLANE('',#3720);
#3722=CARTESIAN_POINT('',(1.410180186,-0.55,5.345));
#3723=VERTEX_POINT('',#3722);
#3724=CARTESIAN_POINT('',(1.410180186,-0.55,5.225));
#3725=VERTEX_POINT('',#3724);
#3726=CARTESIAN_POINT('',(1.410180186,-0.55,5.345));
#3727=DIRECTION('',(0.,0.,-1.));
#3728=VECTOR('',#3727,0.12);
#3729=LINE('',#3726,#3728);
#3730=EDGE_CURVE('',#3723,#3725,#3729,.T.);
#3731=ORIENTED_EDGE('',*,*,#3730,.T.);
#3732=CARTESIAN_POINT('',(1.64,-0.55,5.225));
#3733=VERTEX_POINT('',#3732);
#3734=CARTESIAN_POINT('',(1.410180186,-0.55,5.225));
#3735=DIRECTION('',(1.,-0.,-0.));
#3736=VECTOR('',#3735,0.229819814);
#3737=LINE('',#3734,#3736);
#3738=EDGE_CURVE('',#3725,#3733,#3737,.T.);
#3739=ORIENTED_EDGE('',*,*,#3738,.T.);
#3740=CARTESIAN_POINT('',(1.64,-0.55,5.345));
#3741=VERTEX_POINT('',#3740);
#3742=CARTESIAN_POINT('',(1.64,-0.55,5.345));
#3743=DIRECTION('',(0.,0.,-1.));
#3744=VECTOR('',#3743,0.12);
#3745=LINE('',#3742,#3744);
#3746=EDGE_CURVE('',#3741,#3733,#3745,.T.);
#3747=ORIENTED_EDGE('',*,*,#3746,.F.);
#3748=CARTESIAN_POINT('',(1.64,-0.55,5.345));
#3749=DIRECTION('',(-1.,0.,0.));
#3750=VECTOR('',#3749,0.229819814);
#3751=LINE('',#3748,#3750);
#3752=EDGE_CURVE('',#3741,#3723,#3751,.T.);
#3753=ORIENTED_EDGE('',*,*,#3752,.T.);
#3754=EDGE_LOOP('',(#3731,#3739,#3747,#3753));
#3755=FACE_BOUND('',#3754,.T.);
#3756=ADVANCED_FACE('',(#3755),#3721,.T.);
#3757=CARTESIAN_POINT('',(1.64,-0.5,5.225));
#3758=DIRECTION('',(0.,0.,-1.));
#3759=DIRECTION('',(-1.,0.,0.));
#3760=AXIS2_PLACEMENT_3D('',#3757,#3758,#3759);
#3761=CYLINDRICAL_SURFACE('',#3760,0.05);
#3762=CARTESIAN_POINT('',(1.69,-0.5,5.345));
#3763=VERTEX_POINT('',#3762);
#3764=CARTESIAN_POINT('',(1.69,-0.5,5.225));
#3765=VERTEX_POINT('',#3764);
#3766=CARTESIAN_POINT('',(1.69,-0.5,5.345));
#3767=DIRECTION('',(0.,0.,-1.));
#3768=VECTOR('',#3767,0.12);
#3769=LINE('',#3766,#3768);
#3770=EDGE_CURVE('',#3763,#3765,#3769,.T.);
#3771=ORIENTED_EDGE('',*,*,#3770,.F.);
#3772=CARTESIAN_POINT('',(1.64,-0.5,5.345));
#3773=DIRECTION('',(0.,0.,-1.));
#3774=DIRECTION('',(-1.,0.,0.));
#3775=AXIS2_PLACEMENT_3D('',#3772,#3773,#3774);
#3776=CIRCLE('',#3775,0.05);
#3777=EDGE_CURVE('',#3763,#3741,#3776,.T.);
#3778=ORIENTED_EDGE('',*,*,#3777,.T.);
#3779=ORIENTED_EDGE('',*,*,#3746,.T.);
#3780=CARTESIAN_POINT('',(1.64,-0.5,5.225));
#3781=DIRECTION('',(0.,0.,-1.));
#3782=DIRECTION('',(-1.,0.,0.));
#3783=AXIS2_PLACEMENT_3D('',#3780,#3781,#3782);
#3784=CIRCLE('',#3783,0.05);
#3785=EDGE_CURVE('',#3765,#3733,#3784,.T.);
#3786=ORIENTED_EDGE('',*,*,#3785,.F.);
#3787=EDGE_LOOP('',(#3771,#3778,#3779,#3786));
#3788=FACE_BOUND('',#3787,.T.);
#3789=ADVANCED_FACE('',(#3788),#3761,.T.);
#3790=CARTESIAN_POINT('',(1.69,-0.55,5.345));
#3791=DIRECTION('',(1.,0.,0.));
#3792=DIRECTION('',(0.,-1.,0.));
#3793=AXIS2_PLACEMENT_3D('',#3790,#3791,#3792);
#3794=PLANE('',#3793);
#3795=ORIENTED_EDGE('',*,*,#3770,.T.);
#3796=CARTESIAN_POINT('',(1.69,-0.42,5.225));
#3797=VERTEX_POINT('',#3796);
#3798=CARTESIAN_POINT('',(1.69,-0.5,5.225));
#3799=DIRECTION('',(-0.,1.,-0.));
#3800=VECTOR('',#3799,0.08);
#3801=LINE('',#3798,#3800);
#3802=EDGE_CURVE('',#3765,#3797,#3801,.T.);
#3803=ORIENTED_EDGE('',*,*,#3802,.T.);
#3804=CARTESIAN_POINT('',(1.69,-0.42,5.345));
#3805=VERTEX_POINT('',#3804);
#3806=CARTESIAN_POINT('',(1.69,-0.42,5.225));
#3807=DIRECTION('',(-0.,-0.,1.));
#3808=VECTOR('',#3807,0.12);
#3809=LINE('',#3806,#3808);
#3810=EDGE_CURVE('',#3797,#3805,#3809,.T.);
#3811=ORIENTED_EDGE('',*,*,#3810,.T.);
#3812=CARTESIAN_POINT('',(1.69,-0.42,5.345));
#3813=DIRECTION('',(0.,-1.,0.));
#3814=VECTOR('',#3813,0.08);
#3815=LINE('',#3812,#3814);
#3816=EDGE_CURVE('',#3805,#3763,#3815,.T.);
#3817=ORIENTED_EDGE('',*,*,#3816,.T.);
#3818=EDGE_LOOP('',(#3795,#3803,#3811,#3817));
#3819=FACE_BOUND('',#3818,.T.);
#3820=ADVANCED_FACE('',(#3819),#3794,.T.);
#3821=CARTESIAN_POINT('',(1.69,-0.42,5.345));
#3822=DIRECTION('',(0.,1.,0.));
#3823=DIRECTION('',(1.,0.,0.));
#3824=AXIS2_PLACEMENT_3D('',#3821,#3822,#3823);
#3825=PLANE('',#3824);
#3826=CARTESIAN_POINT('',(1.49,-0.42,5.345));
#3827=VERTEX_POINT('',#3826);
#3828=CARTESIAN_POINT('',(1.49,-0.42,5.345));
#3829=DIRECTION('',(1.,0.,-0.));
#3830=VECTOR('',#3829,0.2);
#3831=LINE('',#3828,#3830);
#3832=EDGE_CURVE('',#3827,#3805,#3831,.T.);
#3833=ORIENTED_EDGE('',*,*,#3832,.T.);
#3834=ORIENTED_EDGE('',*,*,#3810,.F.);
#3835=CARTESIAN_POINT('',(1.49,-0.42,5.225));
#3836=VERTEX_POINT('',#3835);
#3837=CARTESIAN_POINT('',(1.69,-0.42,5.225));
#3838=DIRECTION('',(-1.,-0.,0.));
#3839=VECTOR('',#3838,0.2);
#3840=LINE('',#3837,#3839);
#3841=EDGE_CURVE('',#3797,#3836,#3840,.T.);
#3842=ORIENTED_EDGE('',*,*,#3841,.T.);
#3843=CARTESIAN_POINT('',(1.49,-0.42,5.225));
#3844=DIRECTION('',(-0.,-0.,1.));
#3845=VECTOR('',#3844,0.12);
#3846=LINE('',#3843,#3845);
#3847=EDGE_CURVE('',#3836,#3827,#3846,.T.);
#3848=ORIENTED_EDGE('',*,*,#3847,.T.);
#3849=EDGE_LOOP('',(#3833,#3834,#3842,#3848));
#3850=FACE_BOUND('',#3849,.T.);
#3851=ADVANCED_FACE('',(#3850),#3825,.T.);
#3852=CARTESIAN_POINT('',(1.49,-0.37,5.345));
#3853=DIRECTION('',(0.,0.,1.));
#3854=DIRECTION('',(1.,0.,-0.));
#3855=AXIS2_PLACEMENT_3D('',#3852,#3853,#3854);
#3856=CYLINDRICAL_SURFACE('',#3855,0.05);
#3857=CARTESIAN_POINT('',(1.44,-0.37,5.345));
#3858=VERTEX_POINT('',#3857);
#3859=CARTESIAN_POINT('',(1.49,-0.37,5.345));
#3860=DIRECTION('',(0.,0.,1.));
#3861=DIRECTION('',(1.,0.,-0.));
#3862=AXIS2_PLACEMENT_3D('',#3859,#3860,#3861);
#3863=CIRCLE('',#3862,0.05);
#3864=EDGE_CURVE('',#3858,#3827,#3863,.T.);
#3865=ORIENTED_EDGE('',*,*,#3864,.T.);
#3866=ORIENTED_EDGE('',*,*,#3847,.F.);
#3867=CARTESIAN_POINT('',(1.44,-0.37,5.225));
#3868=VERTEX_POINT('',#3867);
#3869=CARTESIAN_POINT('',(1.49,-0.37,5.225));
#3870=DIRECTION('',(0.,0.,1.));
#3871=DIRECTION('',(1.,0.,-0.));
#3872=AXIS2_PLACEMENT_3D('',#3869,#3870,#3871);
#3873=CIRCLE('',#3872,0.05);
#3874=EDGE_CURVE('',#3868,#3836,#3873,.T.);
#3875=ORIENTED_EDGE('',*,*,#3874,.F.);
#3876=CARTESIAN_POINT('',(1.44,-0.37,5.225));
#3877=DIRECTION('',(0.,0.,1.));
#3878=VECTOR('',#3877,0.12);
#3879=LINE('',#3876,#3878);
#3880=EDGE_CURVE('',#3868,#3858,#3879,.T.);
#3881=ORIENTED_EDGE('',*,*,#3880,.T.);
#3882=EDGE_LOOP('',(#3865,#3866,#3875,#3881));
#3883=FACE_BOUND('',#3882,.T.);
#3884=ADVANCED_FACE('',(#3883),#3856,.F.);
#3885=CARTESIAN_POINT('',(1.44,0.08,5.225));
#3886=DIRECTION('',(1.,0.,0.));
#3887=DIRECTION('',(0.,-1.,0.));
#3888=AXIS2_PLACEMENT_3D('',#3885,#3886,#3887);
#3889=PLANE('',#3888);
#3890=CARTESIAN_POINT('',(1.44,-0.285,5.225));
#3891=VERTEX_POINT('',#3890);
#3892=CARTESIAN_POINT('',(1.44,-0.37,5.225));
#3893=DIRECTION('',(-0.,1.,-0.));
#3894=VECTOR('',#3893,0.085);
#3895=LINE('',#3892,#3894);
#3896=EDGE_CURVE('',#3868,#3891,#3895,.T.);
#3897=ORIENTED_EDGE('',*,*,#3896,.T.);
#3898=CARTESIAN_POINT('',(1.44,-0.285,5.345));
#3899=VERTEX_POINT('',#3898);
#3900=CARTESIAN_POINT('',(1.44,-0.285,5.225));
#3901=DIRECTION('',(-0.,-0.,1.));
#3902=VECTOR('',#3901,0.12);
#3903=LINE('',#3900,#3902);
#3904=EDGE_CURVE('',#3891,#3899,#3903,.T.);
#3905=ORIENTED_EDGE('',*,*,#3904,.T.);
#3906=CARTESIAN_POINT('',(1.44,-0.37,5.345));
#3907=DIRECTION('',(0.,1.,0.));
#3908=VECTOR('',#3907,0.085);
#3909=LINE('',#3906,#3908);
#3910=EDGE_CURVE('',#3858,#3899,#3909,.T.);
#3911=ORIENTED_EDGE('',*,*,#3910,.F.);
#3912=ORIENTED_EDGE('',*,*,#3880,.F.);
#3913=EDGE_LOOP('',(#3897,#3905,#3911,#3912));
#3914=FACE_BOUND('',#3913,.T.);
#3915=ADVANCED_FACE('',(#3914),#3889,.T.);
#3916=CARTESIAN_POINT('',(1.39,-0.285,5.225));
#3917=DIRECTION('',(0.,0.,1.));
#3918=DIRECTION('',(1.,0.,-0.));
#3919=AXIS2_PLACEMENT_3D('',#3916,#3917,#3918);
#3920=CYLINDRICAL_SURFACE('',#3919,0.05);
#3921=CARTESIAN_POINT('',(1.39,-0.235,5.225));
#3922=VERTEX_POINT('',#3921);
#3923=CARTESIAN_POINT('',(1.39,-0.285,5.225));
#3924=DIRECTION('',(0.,0.,1.));
#3925=DIRECTION('',(1.,0.,-0.));
#3926=AXIS2_PLACEMENT_3D('',#3923,#3924,#3925);
#3927=CIRCLE('',#3926,0.05);
#3928=EDGE_CURVE('',#3891,#3922,#3927,.T.);
#3929=ORIENTED_EDGE('',*,*,#3928,.T.);
#3930=CARTESIAN_POINT('',(1.39,-0.235,5.345));
#3931=VERTEX_POINT('',#3930);
#3932=CARTESIAN_POINT('',(1.39,-0.235,5.225));
#3933=DIRECTION('',(0.,0.,1.));
#3934=VECTOR('',#3933,0.12);
#3935=LINE('',#3932,#3934);
#3936=EDGE_CURVE('',#3922,#3931,#3935,.T.);
#3937=ORIENTED_EDGE('',*,*,#3936,.T.);
#3938=CARTESIAN_POINT('',(1.39,-0.285,5.345));
#3939=DIRECTION('',(0.,0.,1.));
#3940=DIRECTION('',(1.,0.,-0.));
#3941=AXIS2_PLACEMENT_3D('',#3938,#3939,#3940);
#3942=CIRCLE('',#3941,0.05);
#3943=EDGE_CURVE('',#3899,#3931,#3942,.T.);
#3944=ORIENTED_EDGE('',*,*,#3943,.F.);
#3945=ORIENTED_EDGE('',*,*,#3904,.F.);
#3946=EDGE_LOOP('',(#3929,#3937,#3944,#3945));
#3947=FACE_BOUND('',#3946,.T.);
#3948=ADVANCED_FACE('',(#3947),#3920,.T.);
#3949=CARTESIAN_POINT('',(1.29,-0.235,5.225));
#3950=DIRECTION('',(0.,1.,0.));
#3951=DIRECTION('',(1.,0.,0.));
#3952=AXIS2_PLACEMENT_3D('',#3949,#3950,#3951);
#3953=PLANE('',#3952);
#3954=CARTESIAN_POINT('',(1.34,-0.235,5.345));
#3955=VERTEX_POINT('',#3954);
#3956=CARTESIAN_POINT('',(1.34,-0.235,5.345));
#3957=DIRECTION('',(1.,0.,-0.));
#3958=VECTOR('',#3957,0.05);
#3959=LINE('',#3956,#3958);
#3960=EDGE_CURVE('',#3955,#3931,#3959,.T.);
#3961=ORIENTED_EDGE('',*,*,#3960,.T.);
#3962=ORIENTED_EDGE('',*,*,#3936,.F.);
#3963=CARTESIAN_POINT('',(1.34,-0.235,5.225));
#3964=VERTEX_POINT('',#3963);
#3965=CARTESIAN_POINT('',(1.39,-0.235,5.225));
#3966=DIRECTION('',(-1.,-0.,0.));
#3967=VECTOR('',#3966,0.05);
#3968=LINE('',#3965,#3967);
#3969=EDGE_CURVE('',#3922,#3964,#3968,.T.);
#3970=ORIENTED_EDGE('',*,*,#3969,.T.);
#3971=CARTESIAN_POINT('',(1.34,-0.235,5.345));
#3972=DIRECTION('',(0.,0.,-1.));
#3973=VECTOR('',#3972,0.12);
#3974=LINE('',#3971,#3973);
#3975=EDGE_CURVE('',#3955,#3964,#3974,.T.);
#3976=ORIENTED_EDGE('',*,*,#3975,.F.);
#3977=EDGE_LOOP('',(#3961,#3962,#3970,#3976));
#3978=FACE_BOUND('',#3977,.T.);
#3979=ADVANCED_FACE('',(#3978),#3953,.T.);
#3980=CARTESIAN_POINT('',(1.410180186,-0.5,5.225));
#3981=DIRECTION('',(0.,0.,-1.));
#3982=DIRECTION('',(-1.,0.,0.));
#3983=AXIS2_PLACEMENT_3D('',#3980,#3981,#3982);
#3984=CYLINDRICAL_SURFACE('',#3983,0.05);
#3985=ORIENTED_EDGE('',*,*,#3730,.F.);
#3986=CARTESIAN_POINT('',(1.375473408,-0.535992215,5.345));
#3987=VERTEX_POINT('',#3986);
#3988=CARTESIAN_POINT('',(1.410180186,-0.5,5.345));
#3989=DIRECTION('',(0.,0.,-1.));
#3990=DIRECTION('',(-1.,0.,0.));
#3991=AXIS2_PLACEMENT_3D('',#3988,#3989,#3990);
#3992=CIRCLE('',#3991,0.05);
#3993=EDGE_CURVE('',#3723,#3987,#3992,.T.);
#3994=ORIENTED_EDGE('',*,*,#3993,.T.);
#3995=CARTESIAN_POINT('',(1.375473408,-0.535992215,5.225));
#3996=VERTEX_POINT('',#3995);
#3997=CARTESIAN_POINT('',(1.375473408,-0.535992215,5.345));
#3998=DIRECTION('',(0.,0.,-1.));
#3999=VECTOR('',#3998,0.12);
#4000=LINE('',#3997,#3999);
#4001=EDGE_CURVE('',#3987,#3996,#4000,.T.);
#4002=ORIENTED_EDGE('',*,*,#4001,.T.);
#4003=CARTESIAN_POINT('',(1.410180186,-0.5,5.225));
#4004=DIRECTION('',(0.,0.,-1.));
#4005=DIRECTION('',(-1.,0.,0.));
#4006=AXIS2_PLACEMENT_3D('',#4003,#4004,#4005);
#4007=CIRCLE('',#4006,0.05);
#4008=EDGE_CURVE('',#3725,#3996,#4007,.T.);
#4009=ORIENTED_EDGE('',*,*,#4008,.F.);
#4010=EDGE_LOOP('',(#3985,#3994,#4002,#4009));
#4011=FACE_BOUND('',#4010,.T.);
#4012=ADVANCED_FACE('',(#4011),#3984,.T.);
#4013=CARTESIAN_POINT('',(1.25,-0.415,5.345));
#4014=DIRECTION('',(-0.694135571,-0.719844295,0.));
#4015=DIRECTION('',(-0.719844295,0.694135571,0.));
#4016=AXIS2_PLACEMENT_3D('',#4013,#4014,#4015);
#4017=PLANE('',#4016);
#4018=CARTESIAN_POINT('',(1.32,-0.4825,5.345));
#4019=VERTEX_POINT('',#4018);
#4020=CARTESIAN_POINT('',(1.32,-0.4825,5.225));
#4021=VERTEX_POINT('',#4020);
#4022=CARTESIAN_POINT('',(1.32,-0.4825,5.345));
#4023=DIRECTION('',(0.,0.,-1.));
#4024=VECTOR('',#4023,0.12);
#4025=LINE('',#4022,#4024);
#4026=EDGE_CURVE('',#4019,#4021,#4025,.T.);
#4027=ORIENTED_EDGE('',*,*,#4026,.T.);
#4028=CARTESIAN_POINT('',(1.32,-0.4825,5.225));
#4029=DIRECTION('',(0.719844295,-0.694135571,-0.));
#4030=VECTOR('',#4029,0.077063065);
#4031=LINE('',#4028,#4030);
#4032=EDGE_CURVE('',#4021,#3996,#4031,.T.);
#4033=ORIENTED_EDGE('',*,*,#4032,.T.);
#4034=ORIENTED_EDGE('',*,*,#4001,.F.);
#4035=CARTESIAN_POINT('',(1.375473408,-0.535992215,5.345));
#4036=DIRECTION('',(-0.719844295,0.694135571,0.));
#4037=VECTOR('',#4036,0.077063065);
#4038=LINE('',#4035,#4037);
#4039=EDGE_CURVE('',#3987,#4019,#4038,.T.);
#4040=ORIENTED_EDGE('',*,*,#4039,.T.);
#4041=EDGE_LOOP('',(#4027,#4033,#4034,#4040));
#4042=FACE_BOUND('',#4041,.T.);
#4043=ADVANCED_FACE('',(#4042),#4017,.T.);
#4044=CARTESIAN_POINT('',(1.087616119,-0.20066064,5.225));
#4045=DIRECTION('',(0.,0.,-1.));
#4046=DIRECTION('',(-1.,0.,0.));
#4047=AXIS2_PLACEMENT_3D('',#4044,#4045,#4046);
#4048=PLANE('',#4047);
#4049=CARTESIAN_POINT('',(1.32,-0.230825757,5.225));
#4050=VERTEX_POINT('',#4049);
#4051=CARTESIAN_POINT('',(1.32,-0.4825,5.225));
#4052=DIRECTION('',(0.,1.,0.));
#4053=VECTOR('',#4052,0.251674243);
#4054=LINE('',#4051,#4053);
#4055=EDGE_CURVE('',#4021,#4050,#4054,.T.);
#4056=ORIENTED_EDGE('',*,*,#4055,.T.);
#4057=CARTESIAN_POINT('',(1.34,-0.185,5.225));
#4058=DIRECTION('',(0.,0.,-1.));
#4059=DIRECTION('',(-1.,0.,0.));
#4060=AXIS2_PLACEMENT_3D('',#4057,#4058,#4059);
#4061=CIRCLE('',#4060,0.05);
#4062=EDGE_CURVE('',#3964,#4050,#4061,.T.);
#4063=ORIENTED_EDGE('',*,*,#4062,.F.);
#4064=ORIENTED_EDGE('',*,*,#3969,.F.);
#4065=ORIENTED_EDGE('',*,*,#3928,.F.);
#4066=ORIENTED_EDGE('',*,*,#3896,.F.);
#4067=ORIENTED_EDGE('',*,*,#3874,.T.);
#4068=ORIENTED_EDGE('',*,*,#3841,.F.);
#4069=ORIENTED_EDGE('',*,*,#3802,.F.);
#4070=ORIENTED_EDGE('',*,*,#3785,.T.);
#4071=ORIENTED_EDGE('',*,*,#3738,.F.);
#4072=ORIENTED_EDGE('',*,*,#4008,.T.);
#4073=ORIENTED_EDGE('',*,*,#4032,.F.);
#4074=EDGE_LOOP('',(#4056,#4063,#4064,#4065,#4066,#4067,#4068,#4069,#4070,#4071,#4072,#4073));
#4075=FACE_BOUND('',#4074,.T.);
#4076=ADVANCED_FACE('',(#4075),#4048,.T.);
#4077=CARTESIAN_POINT('',(1.34,-0.185,5.225));
#4078=DIRECTION('',(0.,0.,-1.));
#4079=DIRECTION('',(-1.,0.,0.));
#4080=AXIS2_PLACEMENT_3D('',#4077,#4078,#4079);
#4081=CYLINDRICAL_SURFACE('',#4080,0.05);
#4082=CARTESIAN_POINT('',(1.32,-0.230825757,5.345));
#4083=VERTEX_POINT('',#4082);
#4084=CARTESIAN_POINT('',(1.32,-0.230825757,5.345));
#4085=DIRECTION('',(-0.,-0.,-1.));
#4086=VECTOR('',#4085,0.12);
#4087=LINE('',#4084,#4086);
#4088=EDGE_CURVE('',#4083,#4050,#4087,.T.);
#4089=ORIENTED_EDGE('',*,*,#4088,.F.);
#4090=CARTESIAN_POINT('',(1.34,-0.185,5.345));
#4091=DIRECTION('',(0.,0.,-1.));
#4092=DIRECTION('',(-1.,0.,0.));
#4093=AXIS2_PLACEMENT_3D('',#4090,#4091,#4092);
#4094=CIRCLE('',#4093,0.05);
#4095=EDGE_CURVE('',#3955,#4083,#4094,.T.);
#4096=ORIENTED_EDGE('',*,*,#4095,.F.);
#4097=ORIENTED_EDGE('',*,*,#3975,.T.);
#4098=ORIENTED_EDGE('',*,*,#4062,.T.);
#4099=EDGE_LOOP('',(#4089,#4096,#4097,#4098));
#4100=FACE_BOUND('',#4099,.T.);
#4101=ADVANCED_FACE('',(#4100),#4081,.F.);
#4102=CARTESIAN_POINT('',(1.335697637,0.215754265,5.345));
#4103=DIRECTION('',(0.,0.,1.));
#4104=DIRECTION('',(1.,0.,0.));
#4105=AXIS2_PLACEMENT_3D('',#4102,#4103,#4104);
#4106=PLANE('',#4105);
#4107=CARTESIAN_POINT('',(1.32,-0.230825757,5.345));
#4108=DIRECTION('',(-0.,-1.,-0.));
#4109=VECTOR('',#4108,0.251674243);
#4110=LINE('',#4107,#4109);
#4111=EDGE_CURVE('',#4083,#4019,#4110,.T.);
#4112=ORIENTED_EDGE('',*,*,#4111,.T.);
#4113=ORIENTED_EDGE('',*,*,#4039,.F.);
#4114=ORIENTED_EDGE('',*,*,#3993,.F.);
#4115=ORIENTED_EDGE('',*,*,#3752,.F.);
#4116=ORIENTED_EDGE('',*,*,#3777,.F.);
#4117=ORIENTED_EDGE('',*,*,#3816,.F.);
#4118=ORIENTED_EDGE('',*,*,#3832,.F.);
#4119=ORIENTED_EDGE('',*,*,#3864,.F.);
#4120=ORIENTED_EDGE('',*,*,#3910,.T.);
#4121=ORIENTED_EDGE('',*,*,#3943,.T.);
#4122=ORIENTED_EDGE('',*,*,#3960,.F.);
#4123=ORIENTED_EDGE('',*,*,#4095,.T.);
#4124=EDGE_LOOP('',(#4112,#4113,#4114,#4115,#4116,#4117,#4118,#4119,#4120,#4121,#4122,#4123));
#4125=FACE_BOUND('',#4124,.T.);
#4126=ADVANCED_FACE('',(#4125),#4106,.T.);
#4127=CARTESIAN_POINT('',(1.194612985,0.527972958,3.085));
#4128=DIRECTION('',(-0.,-0.,1.));
#4129=DIRECTION('',(1.,0.,0.));
#4130=AXIS2_PLACEMENT_3D('',#4127,#4128,#4129);
#4131=PLANE('',#4130);
#4132=ORIENTED_EDGE('',*,*,#2169,.T.);
#4133=CARTESIAN_POINT('',(0.94,1.125,3.085));
#4134=VERTEX_POINT('',#4133);
#4135=CARTESIAN_POINT('',(0.94,1.15,3.085));
#4136=DIRECTION('',(0.,-1.,-0.));
#4137=VECTOR('',#4136,0.025);
#4138=LINE('',#4135,#4137);
#4139=EDGE_CURVE('',#2156,#4134,#4138,.T.);
#4140=ORIENTED_EDGE('',*,*,#4139,.T.);
#4141=CARTESIAN_POINT('',(0.965,1.15,3.085));
#4142=DIRECTION('',(-0.707106781,-0.707106781,0.));
#4143=VECTOR('',#4142,0.035355339);
#4144=LINE('',#4141,#4143);
#4145=EDGE_CURVE('',#2164,#4134,#4144,.T.);
#4146=ORIENTED_EDGE('',*,*,#4145,.F.);
#4147=EDGE_LOOP('',(#4132,#4140,#4146));
#4148=FACE_BOUND('',#4147,.T.);
#4149=ADVANCED_FACE('',(#4148),#4131,.T.);
#4150=OVER_RIDING_STYLED_ITEM('',(#505),#4149,#89);
#4151=CARTESIAN_POINT('',(0.9525,1.1375,12.1975));
#4152=DIRECTION('',(0.707106781,-0.707106781,0.));
#4153=DIRECTION('',(0.707106781,0.707106781,-0.));
#4154=AXIS2_PLACEMENT_3D('',#4151,#4152,#4153);
#4155=PLANE('',#4154);
#4156=CARTESIAN_POINT('',(0.94,1.125,6.285));
#4157=VERTEX_POINT('',#4156);
#4158=CARTESIAN_POINT('',(0.94,1.125,6.285));
#4159=DIRECTION('',(0.,-0.,-1.));
#4160=VECTOR('',#4159,3.2);
#4161=LINE('',#4158,#4160);
#4162=EDGE_CURVE('',#4157,#4134,#4161,.T.);
#4163=ORIENTED_EDGE('',*,*,#4162,.F.);
#4164=CARTESIAN_POINT('',(0.965,1.15,6.285));
#4165=DIRECTION('',(-0.707106781,-0.707106781,0.));
#4166=VECTOR('',#4165,0.035355339);
#4167=LINE('',#4164,#4166);
#4168=EDGE_CURVE('',#2189,#4157,#4167,.T.);
#4169=ORIENTED_EDGE('',*,*,#4168,.F.);
#4170=ORIENTED_EDGE('',*,*,#2194,.T.);
#4171=ORIENTED_EDGE('',*,*,#4145,.T.);
#4172=EDGE_LOOP('',(#4163,#4169,#4170,#4171));
#4173=FACE_BOUND('',#4172,.T.);
#4174=ADVANCED_FACE('',(#4173),#4155,.F.);
#4175=OVER_RIDING_STYLED_ITEM('',(#505),#4174,#89);
#4176=CARTESIAN_POINT('',(1.194612985,0.527972958,6.285));
#4177=DIRECTION('',(0.,0.,1.));
#4178=DIRECTION('',(1.,0.,-0.));
#4179=AXIS2_PLACEMENT_3D('',#4176,#4177,#4178);
#4180=PLANE('',#4179);
#4181=ORIENTED_EDGE('',*,*,#4168,.T.);
#4182=CARTESIAN_POINT('',(0.94,1.15,6.285));
#4183=DIRECTION('',(0.,-1.,0.));
#4184=VECTOR('',#4183,0.025);
#4185=LINE('',#4182,#4184);
#4186=EDGE_CURVE('',#2214,#4157,#4185,.T.);
#4187=ORIENTED_EDGE('',*,*,#4186,.F.);
#4188=ORIENTED_EDGE('',*,*,#2219,.F.);
#4189=EDGE_LOOP('',(#4181,#4187,#4188));
#4190=FACE_BOUND('',#4189,.T.);
#4191=ADVANCED_FACE('',(#4190),#4180,.F.);
#4192=OVER_RIDING_STYLED_ITEM('',(#505),#4191,#89);
#4193=CARTESIAN_POINT('',(1.065,1.275,6.535));
#4194=DIRECTION('',(0.707106781,-0.707106781,-0.));
#4195=DIRECTION('',(-0.707106781,-0.707106781,0.));
#4196=AXIS2_PLACEMENT_3D('',#4193,#4194,#4195);
#4197=PLANE('',#4196);
#4198=ORIENTED_EDGE('',*,*,#494,.F.);
#4199=ORIENTED_EDGE('',*,*,#2225,.T.);
#4200=CARTESIAN_POINT('',(0.94,1.15,6.685));
#4201=DIRECTION('',(0.,-0.,-1.));
#4202=VECTOR('',#4201,0.4);
#4203=LINE('',#4200,#4202);
#4204=EDGE_CURVE('',#714,#2214,#4203,.T.);
#4205=ORIENTED_EDGE('',*,*,#4204,.F.);
#4206=ORIENTED_EDGE('',*,*,#734,.F.);
#4207=EDGE_LOOP('',(#4198,#4199,#4205,#4206));
#4208=FACE_BOUND('',#4207,.T.);
#4209=ADVANCED_FACE('',(#4208),#4197,.F.);
#4210=OVER_RIDING_STYLED_ITEM('',(#505),#4209,#89);
#4211=CARTESIAN_POINT('',(0.94,0.34,7.35));
#4212=DIRECTION('',(-1.,-0.,0.));
#4213=DIRECTION('',(0.,-1.,0.));
#4214=AXIS2_PLACEMENT_3D('',#4211,#4212,#4213);
#4215=PLANE('',#4214);
#4216=CARTESIAN_POINT('',(0.94,0.325,6.685));
#4217=DIRECTION('',(0.,-0.,-1.));
#4218=VECTOR('',#4217,4.);
#4219=LINE('',#4216,#4218);
#4220=EDGE_CURVE('',#748,#894,#4219,.T.);
#4221=ORIENTED_EDGE('',*,*,#4220,.F.);
#4222=ORIENTED_EDGE('',*,*,#766,.T.);
#4223=ORIENTED_EDGE('',*,*,#4204,.T.);
#4224=ORIENTED_EDGE('',*,*,#4186,.T.);
#4225=ORIENTED_EDGE('',*,*,#4162,.T.);
#4226=ORIENTED_EDGE('',*,*,#4139,.F.);
#4227=CARTESIAN_POINT('',(0.94,1.15,2.685));
#4228=DIRECTION('',(0.,-0.,1.));
#4229=VECTOR('',#4228,0.4);
#4230=LINE('',#4227,#4229);
#4231=EDGE_CURVE('',#935,#2156,#4230,.T.);
#4232=ORIENTED_EDGE('',*,*,#4231,.F.);
#4233=ORIENTED_EDGE('',*,*,#953,.T.);
#4234=EDGE_LOOP('',(#4221,#4222,#4223,#4224,#4225,#4226,#4232,#4233));
#4235=FACE_BOUND('',#4234,.T.);
#4236=ADVANCED_FACE('',(#4235),#4215,.T.);
#4237=OVER_RIDING_STYLED_ITEM('',(#505),#4236,#89);
#4238=CARTESIAN_POINT('',(1.065,1.275,2.835));
#4239=DIRECTION('',(-0.707106781,0.707106781,0.));
#4240=DIRECTION('',(-0.707106781,-0.707106781,0.));
#4241=AXIS2_PLACEMENT_3D('',#4238,#4239,#4240);
#4242=PLANE('',#4241);
#4243=ORIENTED_EDGE('',*,*,#624,.F.);
#4244=ORIENTED_EDGE('',*,*,#976,.F.);
#4245=ORIENTED_EDGE('',*,*,#4231,.T.);
#4246=ORIENTED_EDGE('',*,*,#2161,.F.);
#4247=EDGE_LOOP('',(#4243,#4244,#4245,#4246));
#4248=FACE_BOUND('',#4247,.T.);
#4249=ADVANCED_FACE('',(#4248),#4242,.T.);
#4250=OVER_RIDING_STYLED_ITEM('',(#505),#4249,#89);
#4251=CARTESIAN_POINT('',(0.915,0.3,7.8025));
#4252=DIRECTION('',(0.707106781,-0.707106781,0.));
#4253=DIRECTION('',(0.707106781,0.707106781,0.));
#4254=AXIS2_PLACEMENT_3D('',#4251,#4252,#4253);
#4255=PLANE('',#4254);
#4256=ORIENTED_EDGE('',*,*,#1015,.T.);
#4257=ORIENTED_EDGE('',*,*,#798,.T.);
#4258=ORIENTED_EDGE('',*,*,#4220,.T.);
#4259=ORIENTED_EDGE('',*,*,#921,.T.);
#4260=EDGE_LOOP('',(#4256,#4257,#4258,#4259));
#4261=FACE_BOUND('',#4260,.T.);
#4262=ADVANCED_FACE('',(#4261),#4255,.F.);
#4263=OVER_RIDING_STYLED_ITEM('',(#505),#4262,#89);
#4264=CARTESIAN_POINT('',(1.32,-0.5,2.185));
#4265=DIRECTION('',(1.,-0.,0.));
#4266=DIRECTION('',(-0.,-0.,-1.));
#4267=AXIS2_PLACEMENT_3D('',#4264,#4265,#4266);
#4268=PLANE('',#4267);
#4269=ORIENTED_EDGE('',*,*,#3244,.T.);
#4270=ORIENTED_EDGE('',*,*,#2279,.T.);
#4271=ORIENTED_EDGE('',*,*,#551,.F.);
#4272=ORIENTED_EDGE('',*,*,#1143,.T.);
#4273=EDGE_LOOP('',(#4269,#4270,#4271,#4272));
#4274=FACE_BOUND('',#4273,.T.);
#4275=ADVANCED_FACE('',(#4274),#4268,.T.);
#4276=OVER_RIDING_STYLED_ITEM('',(#505),#4275,#89);
#4277=CARTESIAN_POINT('',(1.32,-0.5,2.185));
#4278=DIRECTION('',(1.,-0.,0.));
#4279=DIRECTION('',(-0.,-0.,-1.));
#4280=AXIS2_PLACEMENT_3D('',#4277,#4278,#4279);
#4281=PLANE('',#4280);
#4282=ORIENTED_EDGE('',*,*,#1113,.T.);
#4283=ORIENTED_EDGE('',*,*,#3001,.T.);
#4284=ORIENTED_EDGE('',*,*,#2309,.T.);
#4285=ORIENTED_EDGE('',*,*,#3276,.T.);
#4286=EDGE_LOOP('',(#4282,#4283,#4284,#4285));
#4287=FACE_BOUND('',#4286,.T.);
#4288=CARTESIAN_POINT('',(1.32,-0.4825,3.745));
#4289=VERTEX_POINT('',#4288);
#4290=CARTESIAN_POINT('',(1.32,-0.230825757,3.745));
#4291=VERTEX_POINT('',#4290);
#4292=CARTESIAN_POINT('',(1.32,-0.4825,3.745));
#4293=DIRECTION('',(0.,1.,-0.));
#4294=VECTOR('',#4293,0.251674243);
#4295=LINE('',#4292,#4294);
#4296=EDGE_CURVE('',#4289,#4291,#4295,.T.);
#4297=ORIENTED_EDGE('',*,*,#4296,.T.);
#4298=CARTESIAN_POINT('',(1.32,-0.230825757,3.625));
#4299=VERTEX_POINT('',#4298);
#4300=CARTESIAN_POINT('',(1.32,-0.230825757,3.745));
#4301=DIRECTION('',(-0.,-0.,-1.));
#4302=VECTOR('',#4301,0.12);
#4303=LINE('',#4300,#4302);
#4304=EDGE_CURVE('',#4291,#4299,#4303,.T.);
#4305=ORIENTED_EDGE('',*,*,#4304,.T.);
#4306=CARTESIAN_POINT('',(1.32,-0.4825,3.625));
#4307=VERTEX_POINT('',#4306);
#4308=CARTESIAN_POINT('',(1.32,-0.230825757,3.625));
#4309=DIRECTION('',(-0.,-1.,0.));
#4310=VECTOR('',#4309,0.251674243);
#4311=LINE('',#4308,#4310);
#4312=EDGE_CURVE('',#4299,#4307,#4311,.T.);
#4313=ORIENTED_EDGE('',*,*,#4312,.T.);
#4314=CARTESIAN_POINT('',(1.32,-0.4825,3.625));
#4315=DIRECTION('',(0.,0.,1.));
#4316=VECTOR('',#4315,0.12);
#4317=LINE('',#4314,#4316);
#4318=EDGE_CURVE('',#4307,#4289,#4317,.T.);
#4319=ORIENTED_EDGE('',*,*,#4318,.T.);
#4320=EDGE_LOOP('',(#4297,#4305,#4313,#4319));
#4321=FACE_BOUND('',#4320,.T.);
#4322=CARTESIAN_POINT('',(1.32,-0.4825,4.145));
#4323=VERTEX_POINT('',#4322);
#4324=CARTESIAN_POINT('',(1.32,-0.230825757,4.145));
#4325=VERTEX_POINT('',#4324);
#4326=CARTESIAN_POINT('',(1.32,-0.4825,4.145));
#4327=DIRECTION('',(0.,1.,-0.));
#4328=VECTOR('',#4327,0.251674243);
#4329=LINE('',#4326,#4328);
#4330=EDGE_CURVE('',#4323,#4325,#4329,.T.);
#4331=ORIENTED_EDGE('',*,*,#4330,.T.);
#4332=CARTESIAN_POINT('',(1.32,-0.230825757,4.025));
#4333=VERTEX_POINT('',#4332);
#4334=CARTESIAN_POINT('',(1.32,-0.230825757,4.145));
#4335=DIRECTION('',(-0.,-0.,-1.));
#4336=VECTOR('',#4335,0.12);
#4337=LINE('',#4334,#4336);
#4338=EDGE_CURVE('',#4325,#4333,#4337,.T.);
#4339=ORIENTED_EDGE('',*,*,#4338,.T.);
#4340=CARTESIAN_POINT('',(1.32,-0.4825,4.025));
#4341=VERTEX_POINT('',#4340);
#4342=CARTESIAN_POINT('',(1.32,-0.230825757,4.025));
#4343=DIRECTION('',(-0.,-1.,0.));
#4344=VECTOR('',#4343,0.251674243);
#4345=LINE('',#4342,#4344);
#4346=EDGE_CURVE('',#4333,#4341,#4345,.T.);
#4347=ORIENTED_EDGE('',*,*,#4346,.T.);
#4348=CARTESIAN_POINT('',(1.32,-0.4825,4.025));
#4349=DIRECTION('',(0.,0.,1.));
#4350=VECTOR('',#4349,0.12);
#4351=LINE('',#4348,#4350);
#4352=EDGE_CURVE('',#4341,#4323,#4351,.T.);
#4353=ORIENTED_EDGE('',*,*,#4352,.T.);
#4354=EDGE_LOOP('',(#4331,#4339,#4347,#4353));
#4355=FACE_BOUND('',#4354,.T.);
#4356=CARTESIAN_POINT('',(1.32,-0.230825757,4.545));
#4357=VERTEX_POINT('',#4356);
#4358=CARTESIAN_POINT('',(1.32,-0.4825,4.545));
#4359=VERTEX_POINT('',#4358);
#4360=CARTESIAN_POINT('',(1.32,-0.230825757,4.545));
#4361=DIRECTION('',(-0.,-1.,-0.));
#4362=VECTOR('',#4361,0.251674243);
#4363=LINE('',#4360,#4362);
#4364=EDGE_CURVE('',#4357,#4359,#4363,.T.);
#4365=ORIENTED_EDGE('',*,*,#4364,.F.);
#4366=CARTESIAN_POINT('',(1.32,-0.230825757,4.425));
#4367=VERTEX_POINT('',#4366);
#4368=CARTESIAN_POINT('',(1.32,-0.230825757,4.545));
#4369=DIRECTION('',(-0.,-0.,-1.));
#4370=VECTOR('',#4369,0.12);
#4371=LINE('',#4368,#4370);
#4372=EDGE_CURVE('',#4357,#4367,#4371,.T.);
#4373=ORIENTED_EDGE('',*,*,#4372,.T.);
#4374=CARTESIAN_POINT('',(1.32,-0.4825,4.425));
#4375=VERTEX_POINT('',#4374);
#4376=CARTESIAN_POINT('',(1.32,-0.4825,4.425));
#4377=DIRECTION('',(0.,1.,0.));
#4378=VECTOR('',#4377,0.251674243);
#4379=LINE('',#4376,#4378);
#4380=EDGE_CURVE('',#4375,#4367,#4379,.T.);
#4381=ORIENTED_EDGE('',*,*,#4380,.F.);
#4382=CARTESIAN_POINT('',(1.32,-0.4825,4.545));
#4383=DIRECTION('',(0.,0.,-1.));
#4384=VECTOR('',#4383,0.12);
#4385=LINE('',#4382,#4384);
#4386=EDGE_CURVE('',#4359,#4375,#4385,.T.);
#4387=ORIENTED_EDGE('',*,*,#4386,.F.);
#4388=EDGE_LOOP('',(#4365,#4373,#4381,#4387));
#4389=FACE_BOUND('',#4388,.T.);
#4390=ORIENTED_EDGE('',*,*,#3701,.F.);
#4391=ORIENTED_EDGE('',*,*,#3678,.T.);
#4392=ORIENTED_EDGE('',*,*,#3645,.F.);
#4393=ORIENTED_EDGE('',*,*,#3616,.F.);
#4394=EDGE_LOOP('',(#4390,#4391,#4392,#4393));
#4395=FACE_BOUND('',#4394,.T.);
#4396=ORIENTED_EDGE('',*,*,#4111,.F.);
#4397=ORIENTED_EDGE('',*,*,#4088,.T.);
#4398=ORIENTED_EDGE('',*,*,#4055,.F.);
#4399=ORIENTED_EDGE('',*,*,#4026,.F.);
#4400=EDGE_LOOP('',(#4396,#4397,#4398,#4399));
#4401=FACE_BOUND('',#4400,.T.);
#4402=ORIENTED_EDGE('',*,*,#2709,.F.);
#4403=ORIENTED_EDGE('',*,*,#2687,.F.);
#4404=ORIENTED_EDGE('',*,*,#2655,.F.);
#4405=ORIENTED_EDGE('',*,*,#2624,.T.);
#4406=EDGE_LOOP('',(#4402,#4403,#4404,#4405));
#4407=FACE_BOUND('',#4406,.T.);
#4408=ADVANCED_FACE('',(#4287,#4321,#4355,#4389,#4395,#4401,#4407),#4281,.T.);
#4409=OVER_RIDING_STYLED_ITEM('',(#505),#4408,#89);
#4410=CARTESIAN_POINT('',(1.32,-0.5,2.185));
#4411=DIRECTION('',(1.,-0.,0.));
#4412=DIRECTION('',(-0.,-0.,-1.));
#4413=AXIS2_PLACEMENT_3D('',#4410,#4411,#4412);
#4414=PLANE('',#4413);
#4415=ORIENTED_EDGE('',*,*,#1081,.T.);
#4416=ORIENTED_EDGE('',*,*,#702,.T.);
#4417=ORIENTED_EDGE('',*,*,#2268,.F.);
#4418=ORIENTED_EDGE('',*,*,#2962,.F.);
#4419=EDGE_LOOP('',(#4415,#4416,#4417,#4418));
#4420=FACE_BOUND('',#4419,.T.);
#4421=ADVANCED_FACE('',(#4420),#4414,.T.);
#4422=OVER_RIDING_STYLED_ITEM('',(#505),#4421,#89);
#4423=CARTESIAN_POINT('',(0.52,0.3,3.885));
#4424=DIRECTION('',(0.707106781,0.707106781,0.));
#4425=DIRECTION('',(0.707106781,-0.707106781,0.));
#4426=AXIS2_PLACEMENT_3D('',#4423,#4424,#4425);
#4427=PLANE('',#4426);
#4428=ORIENTED_EDGE('',*,*,#998,.T.);
#4429=ORIENTED_EDGE('',*,*,#880,.T.);
#4430=ORIENTED_EDGE('',*,*,#1452,.F.);
#4431=ORIENTED_EDGE('',*,*,#839,.F.);
#4432=EDGE_LOOP('',(#4428,#4429,#4430,#4431));
#4433=FACE_BOUND('',#4432,.T.);
#4434=ADVANCED_FACE('',(#4433),#4427,.T.);
#4435=OVER_RIDING_STYLED_ITEM('',(#505),#4434,#89);
#4436=CARTESIAN_POINT('',(1.39,-0.55,3.745));
#4437=DIRECTION('',(0.,-1.,0.));
#4438=DIRECTION('',(-1.,0.,0.));
#4439=AXIS2_PLACEMENT_3D('',#4436,#4437,#4438);
#4440=PLANE('',#4439);
#4441=CARTESIAN_POINT('',(1.410180186,-0.55,3.745));
#4442=VERTEX_POINT('',#4441);
#4443=CARTESIAN_POINT('',(1.410180186,-0.55,3.625));
#4444=VERTEX_POINT('',#4443);
#4445=CARTESIAN_POINT('',(1.410180186,-0.55,3.745));
#4446=DIRECTION('',(0.,0.,-1.));
#4447=VECTOR('',#4446,0.12);
#4448=LINE('',#4445,#4447);
#4449=EDGE_CURVE('',#4442,#4444,#4448,.T.);
#4450=ORIENTED_EDGE('',*,*,#4449,.T.);
#4451=CARTESIAN_POINT('',(1.64,-0.55,3.625));
#4452=VERTEX_POINT('',#4451);
#4453=CARTESIAN_POINT('',(1.410180186,-0.55,3.625));
#4454=DIRECTION('',(1.,-0.,-0.));
#4455=VECTOR('',#4454,0.229819814);
#4456=LINE('',#4453,#4455);
#4457=EDGE_CURVE('',#4444,#4452,#4456,.T.);
#4458=ORIENTED_EDGE('',*,*,#4457,.T.);
#4459=CARTESIAN_POINT('',(1.64,-0.55,3.745));
#4460=VERTEX_POINT('',#4459);
#4461=CARTESIAN_POINT('',(1.64,-0.55,3.745));
#4462=DIRECTION('',(0.,0.,-1.));
#4463=VECTOR('',#4462,0.12);
#4464=LINE('',#4461,#4463);
#4465=EDGE_CURVE('',#4460,#4452,#4464,.T.);
#4466=ORIENTED_EDGE('',*,*,#4465,.F.);
#4467=CARTESIAN_POINT('',(1.410180186,-0.55,3.745));
#4468=DIRECTION('',(1.,0.,-0.));
#4469=VECTOR('',#4468,0.229819814);
#4470=LINE('',#4467,#4469);
#4471=EDGE_CURVE('',#4442,#4460,#4470,.T.);
#4472=ORIENTED_EDGE('',*,*,#4471,.F.);
#4473=EDGE_LOOP('',(#4450,#4458,#4466,#4472));
#4474=FACE_BOUND('',#4473,.T.);
#4475=ADVANCED_FACE('',(#4474),#4440,.T.);
#4476=CARTESIAN_POINT('',(1.64,-0.5,3.625));
#4477=DIRECTION('',(0.,0.,-1.));
#4478=DIRECTION('',(-1.,0.,0.));
#4479=AXIS2_PLACEMENT_3D('',#4476,#4477,#4478);
#4480=CYLINDRICAL_SURFACE('',#4479,0.05);
#4481=CARTESIAN_POINT('',(1.69,-0.5,3.745));
#4482=VERTEX_POINT('',#4481);
#4483=CARTESIAN_POINT('',(1.69,-0.5,3.625));
#4484=VERTEX_POINT('',#4483);
#4485=CARTESIAN_POINT('',(1.69,-0.5,3.745));
#4486=DIRECTION('',(0.,0.,-1.));
#4487=VECTOR('',#4486,0.12);
#4488=LINE('',#4485,#4487);
#4489=EDGE_CURVE('',#4482,#4484,#4488,.T.);
#4490=ORIENTED_EDGE('',*,*,#4489,.F.);
#4491=CARTESIAN_POINT('',(1.64,-0.5,3.745));
#4492=DIRECTION('',(0.,0.,-1.));
#4493=DIRECTION('',(-1.,0.,0.));
#4494=AXIS2_PLACEMENT_3D('',#4491,#4492,#4493);
#4495=CIRCLE('',#4494,0.05);
#4496=EDGE_CURVE('',#4482,#4460,#4495,.T.);
#4497=ORIENTED_EDGE('',*,*,#4496,.T.);
#4498=ORIENTED_EDGE('',*,*,#4465,.T.);
#4499=CARTESIAN_POINT('',(1.64,-0.5,3.625));
#4500=DIRECTION('',(0.,0.,-1.));
#4501=DIRECTION('',(-1.,0.,0.));
#4502=AXIS2_PLACEMENT_3D('',#4499,#4500,#4501);
#4503=CIRCLE('',#4502,0.05);
#4504=EDGE_CURVE('',#4484,#4452,#4503,.T.);
#4505=ORIENTED_EDGE('',*,*,#4504,.F.);
#4506=EDGE_LOOP('',(#4490,#4497,#4498,#4505));
#4507=FACE_BOUND('',#4506,.T.);
#4508=ADVANCED_FACE('',(#4507),#4480,.T.);
#4509=CARTESIAN_POINT('',(1.69,-0.55,3.745));
#4510=DIRECTION('',(1.,0.,0.));
#4511=DIRECTION('',(0.,-1.,0.));
#4512=AXIS2_PLACEMENT_3D('',#4509,#4510,#4511);
#4513=PLANE('',#4512);
#4514=ORIENTED_EDGE('',*,*,#4489,.T.);
#4515=CARTESIAN_POINT('',(1.69,-0.42,3.625));
#4516=VERTEX_POINT('',#4515);
#4517=CARTESIAN_POINT('',(1.69,-0.5,3.625));
#4518=DIRECTION('',(-0.,1.,-0.));
#4519=VECTOR('',#4518,0.08);
#4520=LINE('',#4517,#4519);
#4521=EDGE_CURVE('',#4484,#4516,#4520,.T.);
#4522=ORIENTED_EDGE('',*,*,#4521,.T.);
#4523=CARTESIAN_POINT('',(1.69,-0.42,3.745));
#4524=VERTEX_POINT('',#4523);
#4525=CARTESIAN_POINT('',(1.69,-0.42,3.625));
#4526=DIRECTION('',(-0.,-0.,1.));
#4527=VECTOR('',#4526,0.12);
#4528=LINE('',#4525,#4527);
#4529=EDGE_CURVE('',#4516,#4524,#4528,.T.);
#4530=ORIENTED_EDGE('',*,*,#4529,.T.);
#4531=CARTESIAN_POINT('',(1.69,-0.5,3.745));
#4532=DIRECTION('',(0.,1.,0.));
#4533=VECTOR('',#4532,0.08);
#4534=LINE('',#4531,#4533);
#4535=EDGE_CURVE('',#4482,#4524,#4534,.T.);
#4536=ORIENTED_EDGE('',*,*,#4535,.F.);
#4537=EDGE_LOOP('',(#4514,#4522,#4530,#4536));
#4538=FACE_BOUND('',#4537,.T.);
#4539=ADVANCED_FACE('',(#4538),#4513,.T.);
#4540=CARTESIAN_POINT('',(1.69,-0.42,3.745));
#4541=DIRECTION('',(0.,1.,0.));
#4542=DIRECTION('',(1.,0.,0.));
#4543=AXIS2_PLACEMENT_3D('',#4540,#4541,#4542);
#4544=PLANE('',#4543);
#4545=CARTESIAN_POINT('',(1.49,-0.42,3.745));
#4546=VERTEX_POINT('',#4545);
#4547=CARTESIAN_POINT('',(1.69,-0.42,3.745));
#4548=DIRECTION('',(-1.,-0.,0.));
#4549=VECTOR('',#4548,0.2);
#4550=LINE('',#4547,#4549);
#4551=EDGE_CURVE('',#4524,#4546,#4550,.T.);
#4552=ORIENTED_EDGE('',*,*,#4551,.F.);
#4553=ORIENTED_EDGE('',*,*,#4529,.F.);
#4554=CARTESIAN_POINT('',(1.49,-0.42,3.625));
#4555=VERTEX_POINT('',#4554);
#4556=CARTESIAN_POINT('',(1.69,-0.42,3.625));
#4557=DIRECTION('',(-1.,-0.,0.));
#4558=VECTOR('',#4557,0.2);
#4559=LINE('',#4556,#4558);
#4560=EDGE_CURVE('',#4516,#4555,#4559,.T.);
#4561=ORIENTED_EDGE('',*,*,#4560,.T.);
#4562=CARTESIAN_POINT('',(1.49,-0.42,3.625));
#4563=DIRECTION('',(-0.,-0.,1.));
#4564=VECTOR('',#4563,0.12);
#4565=LINE('',#4562,#4564);
#4566=EDGE_CURVE('',#4555,#4546,#4565,.T.);
#4567=ORIENTED_EDGE('',*,*,#4566,.T.);
#4568=EDGE_LOOP('',(#4552,#4553,#4561,#4567));
#4569=FACE_BOUND('',#4568,.T.);
#4570=ADVANCED_FACE('',(#4569),#4544,.T.);
#4571=CARTESIAN_POINT('',(1.49,-0.37,3.745));
#4572=DIRECTION('',(0.,0.,1.));
#4573=DIRECTION('',(1.,0.,-0.));
#4574=AXIS2_PLACEMENT_3D('',#4571,#4572,#4573);
#4575=CYLINDRICAL_SURFACE('',#4574,0.05);
#4576=CARTESIAN_POINT('',(1.44,-0.37,3.745));
#4577=VERTEX_POINT('',#4576);
#4578=CARTESIAN_POINT('',(1.49,-0.37,3.745));
#4579=DIRECTION('',(0.,0.,1.));
#4580=DIRECTION('',(1.,0.,-0.));
#4581=AXIS2_PLACEMENT_3D('',#4578,#4579,#4580);
#4582=CIRCLE('',#4581,0.05);
#4583=EDGE_CURVE('',#4577,#4546,#4582,.T.);
#4584=ORIENTED_EDGE('',*,*,#4583,.T.);
#4585=ORIENTED_EDGE('',*,*,#4566,.F.);
#4586=CARTESIAN_POINT('',(1.44,-0.37,3.625));
#4587=VERTEX_POINT('',#4586);
#4588=CARTESIAN_POINT('',(1.49,-0.37,3.625));
#4589=DIRECTION('',(0.,0.,1.));
#4590=DIRECTION('',(1.,0.,-0.));
#4591=AXIS2_PLACEMENT_3D('',#4588,#4589,#4590);
#4592=CIRCLE('',#4591,0.05);
#4593=EDGE_CURVE('',#4587,#4555,#4592,.T.);
#4594=ORIENTED_EDGE('',*,*,#4593,.F.);
#4595=CARTESIAN_POINT('',(1.44,-0.37,3.625));
#4596=DIRECTION('',(0.,0.,1.));
#4597=VECTOR('',#4596,0.12);
#4598=LINE('',#4595,#4597);
#4599=EDGE_CURVE('',#4587,#4577,#4598,.T.);
#4600=ORIENTED_EDGE('',*,*,#4599,.T.);
#4601=EDGE_LOOP('',(#4584,#4585,#4594,#4600));
#4602=FACE_BOUND('',#4601,.T.);
#4603=ADVANCED_FACE('',(#4602),#4575,.F.);
#4604=CARTESIAN_POINT('',(1.44,0.08,3.625));
#4605=DIRECTION('',(1.,0.,0.));
#4606=DIRECTION('',(0.,-1.,0.));
#4607=AXIS2_PLACEMENT_3D('',#4604,#4605,#4606);
#4608=PLANE('',#4607);
#4609=CARTESIAN_POINT('',(1.44,-0.285,3.625));
#4610=VERTEX_POINT('',#4609);
#4611=CARTESIAN_POINT('',(1.44,-0.37,3.625));
#4612=DIRECTION('',(-0.,1.,-0.));
#4613=VECTOR('',#4612,0.085);
#4614=LINE('',#4611,#4613);
#4615=EDGE_CURVE('',#4587,#4610,#4614,.T.);
#4616=ORIENTED_EDGE('',*,*,#4615,.T.);
#4617=CARTESIAN_POINT('',(1.44,-0.285,3.745));
#4618=VERTEX_POINT('',#4617);
#4619=CARTESIAN_POINT('',(1.44,-0.285,3.625));
#4620=DIRECTION('',(-0.,-0.,1.));
#4621=VECTOR('',#4620,0.12);
#4622=LINE('',#4619,#4621);
#4623=EDGE_CURVE('',#4610,#4618,#4622,.T.);
#4624=ORIENTED_EDGE('',*,*,#4623,.T.);
#4625=CARTESIAN_POINT('',(1.44,-0.37,3.745));
#4626=DIRECTION('',(0.,1.,0.));
#4627=VECTOR('',#4626,0.085);
#4628=LINE('',#4625,#4627);
#4629=EDGE_CURVE('',#4577,#4618,#4628,.T.);
#4630=ORIENTED_EDGE('',*,*,#4629,.F.);
#4631=ORIENTED_EDGE('',*,*,#4599,.F.);
#4632=EDGE_LOOP('',(#4616,#4624,#4630,#4631));
#4633=FACE_BOUND('',#4632,.T.);
#4634=ADVANCED_FACE('',(#4633),#4608,.T.);
#4635=CARTESIAN_POINT('',(1.39,-0.285,3.625));
#4636=DIRECTION('',(0.,0.,1.));
#4637=DIRECTION('',(1.,0.,-0.));
#4638=AXIS2_PLACEMENT_3D('',#4635,#4636,#4637);
#4639=CYLINDRICAL_SURFACE('',#4638,0.05);
#4640=CARTESIAN_POINT('',(1.39,-0.235,3.625));
#4641=VERTEX_POINT('',#4640);
#4642=CARTESIAN_POINT('',(1.39,-0.285,3.625));
#4643=DIRECTION('',(0.,0.,1.));
#4644=DIRECTION('',(1.,0.,-0.));
#4645=AXIS2_PLACEMENT_3D('',#4642,#4643,#4644);
#4646=CIRCLE('',#4645,0.05);
#4647=EDGE_CURVE('',#4610,#4641,#4646,.T.);
#4648=ORIENTED_EDGE('',*,*,#4647,.T.);
#4649=CARTESIAN_POINT('',(1.39,-0.235,3.745));
#4650=VERTEX_POINT('',#4649);
#4651=CARTESIAN_POINT('',(1.39,-0.235,3.625));
#4652=DIRECTION('',(0.,0.,1.));
#4653=VECTOR('',#4652,0.12);
#4654=LINE('',#4651,#4653);
#4655=EDGE_CURVE('',#4641,#4650,#4654,.T.);
#4656=ORIENTED_EDGE('',*,*,#4655,.T.);
#4657=CARTESIAN_POINT('',(1.39,-0.285,3.745));
#4658=DIRECTION('',(0.,0.,1.));
#4659=DIRECTION('',(1.,0.,-0.));
#4660=AXIS2_PLACEMENT_3D('',#4657,#4658,#4659);
#4661=CIRCLE('',#4660,0.05);
#4662=EDGE_CURVE('',#4618,#4650,#4661,.T.);
#4663=ORIENTED_EDGE('',*,*,#4662,.F.);
#4664=ORIENTED_EDGE('',*,*,#4623,.F.);
#4665=EDGE_LOOP('',(#4648,#4656,#4663,#4664));
#4666=FACE_BOUND('',#4665,.T.);
#4667=ADVANCED_FACE('',(#4666),#4639,.T.);
#4668=CARTESIAN_POINT('',(1.29,-0.235,3.625));
#4669=DIRECTION('',(0.,1.,0.));
#4670=DIRECTION('',(1.,0.,0.));
#4671=AXIS2_PLACEMENT_3D('',#4668,#4669,#4670);
#4672=PLANE('',#4671);
#4673=CARTESIAN_POINT('',(1.34,-0.235,3.745));
#4674=VERTEX_POINT('',#4673);
#4675=CARTESIAN_POINT('',(1.34,-0.235,3.745));
#4676=DIRECTION('',(1.,0.,-0.));
#4677=VECTOR('',#4676,0.05);
#4678=LINE('',#4675,#4677);
#4679=EDGE_CURVE('',#4674,#4650,#4678,.T.);
#4680=ORIENTED_EDGE('',*,*,#4679,.T.);
#4681=ORIENTED_EDGE('',*,*,#4655,.F.);
#4682=CARTESIAN_POINT('',(1.34,-0.235,3.625));
#4683=VERTEX_POINT('',#4682);
#4684=CARTESIAN_POINT('',(1.39,-0.235,3.625));
#4685=DIRECTION('',(-1.,-0.,0.));
#4686=VECTOR('',#4685,0.05);
#4687=LINE('',#4684,#4686);
#4688=EDGE_CURVE('',#4641,#4683,#4687,.T.);
#4689=ORIENTED_EDGE('',*,*,#4688,.T.);
#4690=CARTESIAN_POINT('',(1.34,-0.235,3.745));
#4691=DIRECTION('',(0.,0.,-1.));
#4692=VECTOR('',#4691,0.12);
#4693=LINE('',#4690,#4692);
#4694=EDGE_CURVE('',#4674,#4683,#4693,.T.);
#4695=ORIENTED_EDGE('',*,*,#4694,.F.);
#4696=EDGE_LOOP('',(#4680,#4681,#4689,#4695));
#4697=FACE_BOUND('',#4696,.T.);
#4698=ADVANCED_FACE('',(#4697),#4672,.T.);
#4699=CARTESIAN_POINT('',(1.410180186,-0.5,3.625));
#4700=DIRECTION('',(0.,0.,-1.));
#4701=DIRECTION('',(-1.,0.,0.));
#4702=AXIS2_PLACEMENT_3D('',#4699,#4700,#4701);
#4703=CYLINDRICAL_SURFACE('',#4702,0.05);
#4704=ORIENTED_EDGE('',*,*,#4449,.F.);
#4705=CARTESIAN_POINT('',(1.375473408,-0.535992215,3.745));
#4706=VERTEX_POINT('',#4705);
#4707=CARTESIAN_POINT('',(1.410180186,-0.5,3.745));
#4708=DIRECTION('',(0.,0.,-1.));
#4709=DIRECTION('',(-1.,0.,0.));
#4710=AXIS2_PLACEMENT_3D('',#4707,#4708,#4709);
#4711=CIRCLE('',#4710,0.05);
#4712=EDGE_CURVE('',#4442,#4706,#4711,.T.);
#4713=ORIENTED_EDGE('',*,*,#4712,.T.);
#4714=CARTESIAN_POINT('',(1.375473408,-0.535992215,3.625));
#4715=VERTEX_POINT('',#4714);
#4716=CARTESIAN_POINT('',(1.375473408,-0.535992215,3.745));
#4717=DIRECTION('',(0.,0.,-1.));
#4718=VECTOR('',#4717,0.12);
#4719=LINE('',#4716,#4718);
#4720=EDGE_CURVE('',#4706,#4715,#4719,.T.);
#4721=ORIENTED_EDGE('',*,*,#4720,.T.);
#4722=CARTESIAN_POINT('',(1.410180186,-0.5,3.625));
#4723=DIRECTION('',(0.,0.,-1.));
#4724=DIRECTION('',(-1.,0.,0.));
#4725=AXIS2_PLACEMENT_3D('',#4722,#4723,#4724);
#4726=CIRCLE('',#4725,0.05);
#4727=EDGE_CURVE('',#4444,#4715,#4726,.T.);
#4728=ORIENTED_EDGE('',*,*,#4727,.F.);
#4729=EDGE_LOOP('',(#4704,#4713,#4721,#4728));
#4730=FACE_BOUND('',#4729,.T.);
#4731=ADVANCED_FACE('',(#4730),#4703,.T.);
#4732=CARTESIAN_POINT('',(1.25,-0.415,3.745));
#4733=DIRECTION('',(-0.694135571,-0.719844295,0.));
#4734=DIRECTION('',(-0.719844295,0.694135571,0.));
#4735=AXIS2_PLACEMENT_3D('',#4732,#4733,#4734);
#4736=PLANE('',#4735);
#4737=ORIENTED_EDGE('',*,*,#4318,.F.);
#4738=CARTESIAN_POINT('',(1.32,-0.4825,3.625));
#4739=DIRECTION('',(0.719844295,-0.694135571,-0.));
#4740=VECTOR('',#4739,0.077063065);
#4741=LINE('',#4738,#4740);
#4742=EDGE_CURVE('',#4307,#4715,#4741,.T.);
#4743=ORIENTED_EDGE('',*,*,#4742,.T.);
#4744=ORIENTED_EDGE('',*,*,#4720,.F.);
#4745=CARTESIAN_POINT('',(1.32,-0.4825,3.745));
#4746=DIRECTION('',(0.719844295,-0.694135571,0.));
#4747=VECTOR('',#4746,0.077063065);
#4748=LINE('',#4745,#4747);
#4749=EDGE_CURVE('',#4289,#4706,#4748,.T.);
#4750=ORIENTED_EDGE('',*,*,#4749,.F.);
#4751=EDGE_LOOP('',(#4737,#4743,#4744,#4750));
#4752=FACE_BOUND('',#4751,.T.);
#4753=ADVANCED_FACE('',(#4752),#4736,.T.);
#4754=CARTESIAN_POINT('',(1.087616119,-0.20066064,3.625));
#4755=DIRECTION('',(0.,0.,-1.));
#4756=DIRECTION('',(-1.,0.,0.));
#4757=AXIS2_PLACEMENT_3D('',#4754,#4755,#4756);
#4758=PLANE('',#4757);
#4759=ORIENTED_EDGE('',*,*,#4312,.F.);
#4760=CARTESIAN_POINT('',(1.34,-0.185,3.625));
#4761=DIRECTION('',(0.,0.,-1.));
#4762=DIRECTION('',(-1.,0.,0.));
#4763=AXIS2_PLACEMENT_3D('',#4760,#4761,#4762);
#4764=CIRCLE('',#4763,0.05);
#4765=EDGE_CURVE('',#4683,#4299,#4764,.T.);
#4766=ORIENTED_EDGE('',*,*,#4765,.F.);
#4767=ORIENTED_EDGE('',*,*,#4688,.F.);
#4768=ORIENTED_EDGE('',*,*,#4647,.F.);
#4769=ORIENTED_EDGE('',*,*,#4615,.F.);
#4770=ORIENTED_EDGE('',*,*,#4593,.T.);
#4771=ORIENTED_EDGE('',*,*,#4560,.F.);
#4772=ORIENTED_EDGE('',*,*,#4521,.F.);
#4773=ORIENTED_EDGE('',*,*,#4504,.T.);
#4774=ORIENTED_EDGE('',*,*,#4457,.F.);
#4775=ORIENTED_EDGE('',*,*,#4727,.T.);
#4776=ORIENTED_EDGE('',*,*,#4742,.F.);
#4777=EDGE_LOOP('',(#4759,#4766,#4767,#4768,#4769,#4770,#4771,#4772,#4773,#4774,#4775,#4776));
#4778=FACE_BOUND('',#4777,.T.);
#4779=ADVANCED_FACE('',(#4778),#4758,.T.);
#4780=CARTESIAN_POINT('',(1.34,-0.185,3.625));
#4781=DIRECTION('',(0.,0.,-1.));
#4782=DIRECTION('',(-1.,0.,0.));
#4783=AXIS2_PLACEMENT_3D('',#4780,#4781,#4782);
#4784=CYLINDRICAL_SURFACE('',#4783,0.05);
#4785=ORIENTED_EDGE('',*,*,#4304,.F.);
#4786=CARTESIAN_POINT('',(1.34,-0.185,3.745));
#4787=DIRECTION('',(0.,0.,-1.));
#4788=DIRECTION('',(-1.,0.,0.));
#4789=AXIS2_PLACEMENT_3D('',#4786,#4787,#4788);
#4790=CIRCLE('',#4789,0.05);
#4791=EDGE_CURVE('',#4674,#4291,#4790,.T.);
#4792=ORIENTED_EDGE('',*,*,#4791,.F.);
#4793=ORIENTED_EDGE('',*,*,#4694,.T.);
#4794=ORIENTED_EDGE('',*,*,#4765,.T.);
#4795=EDGE_LOOP('',(#4785,#4792,#4793,#4794));
#4796=FACE_BOUND('',#4795,.T.);
#4797=ADVANCED_FACE('',(#4796),#4784,.F.);
#4798=CARTESIAN_POINT('',(1.335697637,0.215754265,3.745));
#4799=DIRECTION('',(0.,0.,1.));
#4800=DIRECTION('',(1.,0.,0.));
#4801=AXIS2_PLACEMENT_3D('',#4798,#4799,#4800);
#4802=PLANE('',#4801);
#4803=ORIENTED_EDGE('',*,*,#4296,.F.);
#4804=ORIENTED_EDGE('',*,*,#4749,.T.);
#4805=ORIENTED_EDGE('',*,*,#4712,.F.);
#4806=ORIENTED_EDGE('',*,*,#4471,.T.);
#4807=ORIENTED_EDGE('',*,*,#4496,.F.);
#4808=ORIENTED_EDGE('',*,*,#4535,.T.);
#4809=ORIENTED_EDGE('',*,*,#4551,.T.);
#4810=ORIENTED_EDGE('',*,*,#4583,.F.);
#4811=ORIENTED_EDGE('',*,*,#4629,.T.);
#4812=ORIENTED_EDGE('',*,*,#4662,.T.);
#4813=ORIENTED_EDGE('',*,*,#4679,.F.);
#4814=ORIENTED_EDGE('',*,*,#4791,.T.);
#4815=EDGE_LOOP('',(#4803,#4804,#4805,#4806,#4807,#4808,#4809,#4810,#4811,#4812,#4813,#4814));
#4816=FACE_BOUND('',#4815,.T.);
#4817=ADVANCED_FACE('',(#4816),#4802,.T.);
#4818=CARTESIAN_POINT('',(1.39,-0.55,4.145));
#4819=DIRECTION('',(0.,-1.,0.));
#4820=DIRECTION('',(-1.,0.,0.));
#4821=AXIS2_PLACEMENT_3D('',#4818,#4819,#4820);
#4822=PLANE('',#4821);
#4823=CARTESIAN_POINT('',(1.410180186,-0.55,4.145));
#4824=VERTEX_POINT('',#4823);
#4825=CARTESIAN_POINT('',(1.410180186,-0.55,4.025));
#4826=VERTEX_POINT('',#4825);
#4827=CARTESIAN_POINT('',(1.410180186,-0.55,4.145));
#4828=DIRECTION('',(0.,0.,-1.));
#4829=VECTOR('',#4828,0.12);
#4830=LINE('',#4827,#4829);
#4831=EDGE_CURVE('',#4824,#4826,#4830,.T.);
#4832=ORIENTED_EDGE('',*,*,#4831,.T.);
#4833=CARTESIAN_POINT('',(1.64,-0.55,4.025));
#4834=VERTEX_POINT('',#4833);
#4835=CARTESIAN_POINT('',(1.410180186,-0.55,4.025));
#4836=DIRECTION('',(1.,-0.,-0.));
#4837=VECTOR('',#4836,0.229819814);
#4838=LINE('',#4835,#4837);
#4839=EDGE_CURVE('',#4826,#4834,#4838,.T.);
#4840=ORIENTED_EDGE('',*,*,#4839,.T.);
#4841=CARTESIAN_POINT('',(1.64,-0.55,4.145));
#4842=VERTEX_POINT('',#4841);
#4843=CARTESIAN_POINT('',(1.64,-0.55,4.145));
#4844=DIRECTION('',(0.,0.,-1.));
#4845=VECTOR('',#4844,0.12);
#4846=LINE('',#4843,#4845);
#4847=EDGE_CURVE('',#4842,#4834,#4846,.T.);
#4848=ORIENTED_EDGE('',*,*,#4847,.F.);
#4849=CARTESIAN_POINT('',(1.410180186,-0.55,4.145));
#4850=DIRECTION('',(1.,0.,-0.));
#4851=VECTOR('',#4850,0.229819814);
#4852=LINE('',#4849,#4851);
#4853=EDGE_CURVE('',#4824,#4842,#4852,.T.);
#4854=ORIENTED_EDGE('',*,*,#4853,.F.);
#4855=EDGE_LOOP('',(#4832,#4840,#4848,#4854));
#4856=FACE_BOUND('',#4855,.T.);
#4857=ADVANCED_FACE('',(#4856),#4822,.T.);
#4858=CARTESIAN_POINT('',(1.64,-0.5,4.025));
#4859=DIRECTION('',(0.,0.,-1.));
#4860=DIRECTION('',(-1.,0.,0.));
#4861=AXIS2_PLACEMENT_3D('',#4858,#4859,#4860);
#4862=CYLINDRICAL_SURFACE('',#4861,0.05);
#4863=CARTESIAN_POINT('',(1.69,-0.5,4.145));
#4864=VERTEX_POINT('',#4863);
#4865=CARTESIAN_POINT('',(1.69,-0.5,4.025));
#4866=VERTEX_POINT('',#4865);
#4867=CARTESIAN_POINT('',(1.69,-0.5,4.145));
#4868=DIRECTION('',(0.,0.,-1.));
#4869=VECTOR('',#4868,0.12);
#4870=LINE('',#4867,#4869);
#4871=EDGE_CURVE('',#4864,#4866,#4870,.T.);
#4872=ORIENTED_EDGE('',*,*,#4871,.F.);
#4873=CARTESIAN_POINT('',(1.64,-0.5,4.145));
#4874=DIRECTION('',(0.,0.,-1.));
#4875=DIRECTION('',(-1.,0.,0.));
#4876=AXIS2_PLACEMENT_3D('',#4873,#4874,#4875);
#4877=CIRCLE('',#4876,0.05);
#4878=EDGE_CURVE('',#4864,#4842,#4877,.T.);
#4879=ORIENTED_EDGE('',*,*,#4878,.T.);
#4880=ORIENTED_EDGE('',*,*,#4847,.T.);
#4881=CARTESIAN_POINT('',(1.64,-0.5,4.025));
#4882=DIRECTION('',(0.,0.,-1.));
#4883=DIRECTION('',(-1.,0.,0.));
#4884=AXIS2_PLACEMENT_3D('',#4881,#4882,#4883);
#4885=CIRCLE('',#4884,0.05);
#4886=EDGE_CURVE('',#4866,#4834,#4885,.T.);
#4887=ORIENTED_EDGE('',*,*,#4886,.F.);
#4888=EDGE_LOOP('',(#4872,#4879,#4880,#4887));
#4889=FACE_BOUND('',#4888,.T.);
#4890=ADVANCED_FACE('',(#4889),#4862,.T.);
#4891=CARTESIAN_POINT('',(1.69,-0.55,4.145));
#4892=DIRECTION('',(1.,0.,0.));
#4893=DIRECTION('',(0.,-1.,0.));
#4894=AXIS2_PLACEMENT_3D('',#4891,#4892,#4893);
#4895=PLANE('',#4894);
#4896=ORIENTED_EDGE('',*,*,#4871,.T.);
#4897=CARTESIAN_POINT('',(1.69,-0.42,4.025));
#4898=VERTEX_POINT('',#4897);
#4899=CARTESIAN_POINT('',(1.69,-0.5,4.025));
#4900=DIRECTION('',(-0.,1.,-0.));
#4901=VECTOR('',#4900,0.08);
#4902=LINE('',#4899,#4901);
#4903=EDGE_CURVE('',#4866,#4898,#4902,.T.);
#4904=ORIENTED_EDGE('',*,*,#4903,.T.);
#4905=CARTESIAN_POINT('',(1.69,-0.42,4.145));
#4906=VERTEX_POINT('',#4905);
#4907=CARTESIAN_POINT('',(1.69,-0.42,4.145));
#4908=DIRECTION('',(0.,0.,-1.));
#4909=VECTOR('',#4908,0.12);
#4910=LINE('',#4907,#4909);
#4911=EDGE_CURVE('',#4906,#4898,#4910,.T.);
#4912=ORIENTED_EDGE('',*,*,#4911,.F.);
#4913=CARTESIAN_POINT('',(1.69,-0.5,4.145));
#4914=DIRECTION('',(0.,1.,0.));
#4915=VECTOR('',#4914,0.08);
#4916=LINE('',#4913,#4915);
#4917=EDGE_CURVE('',#4864,#4906,#4916,.T.);
#4918=ORIENTED_EDGE('',*,*,#4917,.F.);
#4919=EDGE_LOOP('',(#4896,#4904,#4912,#4918));
#4920=FACE_BOUND('',#4919,.T.);
#4921=ADVANCED_FACE('',(#4920),#4895,.T.);
#4922=CARTESIAN_POINT('',(1.69,-0.42,4.145));
#4923=DIRECTION('',(0.,1.,0.));
#4924=DIRECTION('',(1.,0.,0.));
#4925=AXIS2_PLACEMENT_3D('',#4922,#4923,#4924);
#4926=PLANE('',#4925);
#4927=CARTESIAN_POINT('',(1.49,-0.42,4.145));
#4928=VERTEX_POINT('',#4927);
#4929=CARTESIAN_POINT('',(1.69,-0.42,4.145));
#4930=DIRECTION('',(-1.,-0.,0.));
#4931=VECTOR('',#4930,0.2);
#4932=LINE('',#4929,#4931);
#4933=EDGE_CURVE('',#4906,#4928,#4932,.T.);
#4934=ORIENTED_EDGE('',*,*,#4933,.F.);
#4935=ORIENTED_EDGE('',*,*,#4911,.T.);
#4936=CARTESIAN_POINT('',(1.49,-0.42,4.025));
#4937=VERTEX_POINT('',#4936);
#4938=CARTESIAN_POINT('',(1.69,-0.42,4.025));
#4939=DIRECTION('',(-1.,-0.,0.));
#4940=VECTOR('',#4939,0.2);
#4941=LINE('',#4938,#4940);
#4942=EDGE_CURVE('',#4898,#4937,#4941,.T.);
#4943=ORIENTED_EDGE('',*,*,#4942,.T.);
#4944=CARTESIAN_POINT('',(1.49,-0.42,4.025));
#4945=DIRECTION('',(-0.,-0.,1.));
#4946=VECTOR('',#4945,0.12);
#4947=LINE('',#4944,#4946);
#4948=EDGE_CURVE('',#4937,#4928,#4947,.T.);
#4949=ORIENTED_EDGE('',*,*,#4948,.T.);
#4950=EDGE_LOOP('',(#4934,#4935,#4943,#4949));
#4951=FACE_BOUND('',#4950,.T.);
#4952=ADVANCED_FACE('',(#4951),#4926,.T.);
#4953=CARTESIAN_POINT('',(1.49,-0.37,4.145));
#4954=DIRECTION('',(0.,0.,1.));
#4955=DIRECTION('',(1.,0.,-0.));
#4956=AXIS2_PLACEMENT_3D('',#4953,#4954,#4955);
#4957=CYLINDRICAL_SURFACE('',#4956,0.05);
#4958=CARTESIAN_POINT('',(1.44,-0.37,4.145));
#4959=VERTEX_POINT('',#4958);
#4960=CARTESIAN_POINT('',(1.49,-0.37,4.145));
#4961=DIRECTION('',(0.,0.,1.));
#4962=DIRECTION('',(1.,0.,-0.));
#4963=AXIS2_PLACEMENT_3D('',#4960,#4961,#4962);
#4964=CIRCLE('',#4963,0.05);
#4965=EDGE_CURVE('',#4959,#4928,#4964,.T.);
#4966=ORIENTED_EDGE('',*,*,#4965,.T.);
#4967=ORIENTED_EDGE('',*,*,#4948,.F.);
#4968=CARTESIAN_POINT('',(1.44,-0.37,4.025));
#4969=VERTEX_POINT('',#4968);
#4970=CARTESIAN_POINT('',(1.49,-0.37,4.025));
#4971=DIRECTION('',(0.,0.,1.));
#4972=DIRECTION('',(1.,0.,-0.));
#4973=AXIS2_PLACEMENT_3D('',#4970,#4971,#4972);
#4974=CIRCLE('',#4973,0.05);
#4975=EDGE_CURVE('',#4969,#4937,#4974,.T.);
#4976=ORIENTED_EDGE('',*,*,#4975,.F.);
#4977=CARTESIAN_POINT('',(1.44,-0.37,4.025));
#4978=DIRECTION('',(0.,0.,1.));
#4979=VECTOR('',#4978,0.12);
#4980=LINE('',#4977,#4979);
#4981=EDGE_CURVE('',#4969,#4959,#4980,.T.);
#4982=ORIENTED_EDGE('',*,*,#4981,.T.);
#4983=EDGE_LOOP('',(#4966,#4967,#4976,#4982));
#4984=FACE_BOUND('',#4983,.T.);
#4985=ADVANCED_FACE('',(#4984),#4957,.F.);
#4986=CARTESIAN_POINT('',(1.44,0.08,4.025));
#4987=DIRECTION('',(1.,0.,0.));
#4988=DIRECTION('',(0.,-1.,0.));
#4989=AXIS2_PLACEMENT_3D('',#4986,#4987,#4988);
#4990=PLANE('',#4989);
#4991=CARTESIAN_POINT('',(1.44,-0.285,4.025));
#4992=VERTEX_POINT('',#4991);
#4993=CARTESIAN_POINT('',(1.44,-0.37,4.025));
#4994=DIRECTION('',(-0.,1.,-0.));
#4995=VECTOR('',#4994,0.085);
#4996=LINE('',#4993,#4995);
#4997=EDGE_CURVE('',#4969,#4992,#4996,.T.);
#4998=ORIENTED_EDGE('',*,*,#4997,.T.);
#4999=CARTESIAN_POINT('',(1.44,-0.285,4.145));
#5000=VERTEX_POINT('',#4999);
#5001=CARTESIAN_POINT('',(1.44,-0.285,4.025));
#5002=DIRECTION('',(-0.,-0.,1.));
#5003=VECTOR('',#5002,0.12);
#5004=LINE('',#5001,#5003);
#5005=EDGE_CURVE('',#4992,#5000,#5004,.T.);
#5006=ORIENTED_EDGE('',*,*,#5005,.T.);
#5007=CARTESIAN_POINT('',(1.44,-0.37,4.145));
#5008=DIRECTION('',(0.,1.,0.));
#5009=VECTOR('',#5008,0.085);
#5010=LINE('',#5007,#5009);
#5011=EDGE_CURVE('',#4959,#5000,#5010,.T.);
#5012=ORIENTED_EDGE('',*,*,#5011,.F.);
#5013=ORIENTED_EDGE('',*,*,#4981,.F.);
#5014=EDGE_LOOP('',(#4998,#5006,#5012,#5013));
#5015=FACE_BOUND('',#5014,.T.);
#5016=ADVANCED_FACE('',(#5015),#4990,.T.);
#5017=CARTESIAN_POINT('',(1.39,-0.285,4.025));
#5018=DIRECTION('',(0.,0.,1.));
#5019=DIRECTION('',(1.,0.,-0.));
#5020=AXIS2_PLACEMENT_3D('',#5017,#5018,#5019);
#5021=CYLINDRICAL_SURFACE('',#5020,0.05);
#5022=CARTESIAN_POINT('',(1.39,-0.235,4.025));
#5023=VERTEX_POINT('',#5022);
#5024=CARTESIAN_POINT('',(1.39,-0.285,4.025));
#5025=DIRECTION('',(0.,0.,1.));
#5026=DIRECTION('',(1.,0.,-0.));
#5027=AXIS2_PLACEMENT_3D('',#5024,#5025,#5026);
#5028=CIRCLE('',#5027,0.05);
#5029=EDGE_CURVE('',#4992,#5023,#5028,.T.);
#5030=ORIENTED_EDGE('',*,*,#5029,.T.);
#5031=CARTESIAN_POINT('',(1.39,-0.235,4.145));
#5032=VERTEX_POINT('',#5031);
#5033=CARTESIAN_POINT('',(1.39,-0.235,4.025));
#5034=DIRECTION('',(0.,0.,1.));
#5035=VECTOR('',#5034,0.12);
#5036=LINE('',#5033,#5035);
#5037=EDGE_CURVE('',#5023,#5032,#5036,.T.);
#5038=ORIENTED_EDGE('',*,*,#5037,.T.);
#5039=CARTESIAN_POINT('',(1.39,-0.285,4.145));
#5040=DIRECTION('',(0.,0.,1.));
#5041=DIRECTION('',(1.,0.,-0.));
#5042=AXIS2_PLACEMENT_3D('',#5039,#5040,#5041);
#5043=CIRCLE('',#5042,0.05);
#5044=EDGE_CURVE('',#5000,#5032,#5043,.T.);
#5045=ORIENTED_EDGE('',*,*,#5044,.F.);
#5046=ORIENTED_EDGE('',*,*,#5005,.F.);
#5047=EDGE_LOOP('',(#5030,#5038,#5045,#5046));
#5048=FACE_BOUND('',#5047,.T.);
#5049=ADVANCED_FACE('',(#5048),#5021,.T.);
#5050=CARTESIAN_POINT('',(1.29,-0.235,4.025));
#5051=DIRECTION('',(0.,1.,0.));
#5052=DIRECTION('',(1.,0.,0.));
#5053=AXIS2_PLACEMENT_3D('',#5050,#5051,#5052);
#5054=PLANE('',#5053);
#5055=CARTESIAN_POINT('',(1.34,-0.235,4.145));
#5056=VERTEX_POINT('',#5055);
#5057=CARTESIAN_POINT('',(1.34,-0.235,4.145));
#5058=DIRECTION('',(1.,0.,-0.));
#5059=VECTOR('',#5058,0.05);
#5060=LINE('',#5057,#5059);
#5061=EDGE_CURVE('',#5056,#5032,#5060,.T.);
#5062=ORIENTED_EDGE('',*,*,#5061,.T.);
#5063=ORIENTED_EDGE('',*,*,#5037,.F.);
#5064=CARTESIAN_POINT('',(1.34,-0.235,4.025));
#5065=VERTEX_POINT('',#5064);
#5066=CARTESIAN_POINT('',(1.39,-0.235,4.025));
#5067=DIRECTION('',(-1.,-0.,0.));
#5068=VECTOR('',#5067,0.05);
#5069=LINE('',#5066,#5068);
#5070=EDGE_CURVE('',#5023,#5065,#5069,.T.);
#5071=ORIENTED_EDGE('',*,*,#5070,.T.);
#5072=CARTESIAN_POINT('',(1.34,-0.235,4.145));
#5073=DIRECTION('',(0.,0.,-1.));
#5074=VECTOR('',#5073,0.12);
#5075=LINE('',#5072,#5074);
#5076=EDGE_CURVE('',#5056,#5065,#5075,.T.);
#5077=ORIENTED_EDGE('',*,*,#5076,.F.);
#5078=EDGE_LOOP('',(#5062,#5063,#5071,#5077));
#5079=FACE_BOUND('',#5078,.T.);
#5080=ADVANCED_FACE('',(#5079),#5054,.T.);
#5081=CARTESIAN_POINT('',(1.410180186,-0.5,4.025));
#5082=DIRECTION('',(0.,0.,-1.));
#5083=DIRECTION('',(-1.,0.,0.));
#5084=AXIS2_PLACEMENT_3D('',#5081,#5082,#5083);
#5085=CYLINDRICAL_SURFACE('',#5084,0.05);
#5086=ORIENTED_EDGE('',*,*,#4831,.F.);
#5087=CARTESIAN_POINT('',(1.375473408,-0.535992215,4.145));
#5088=VERTEX_POINT('',#5087);
#5089=CARTESIAN_POINT('',(1.410180186,-0.5,4.145));
#5090=DIRECTION('',(0.,0.,-1.));
#5091=DIRECTION('',(-1.,0.,0.));
#5092=AXIS2_PLACEMENT_3D('',#5089,#5090,#5091);
#5093=CIRCLE('',#5092,0.05);
#5094=EDGE_CURVE('',#4824,#5088,#5093,.T.);
#5095=ORIENTED_EDGE('',*,*,#5094,.T.);
#5096=CARTESIAN_POINT('',(1.375473408,-0.535992215,4.025));
#5097=VERTEX_POINT('',#5096);
#5098=CARTESIAN_POINT('',(1.375473408,-0.535992215,4.145));
#5099=DIRECTION('',(0.,0.,-1.));
#5100=VECTOR('',#5099,0.12);
#5101=LINE('',#5098,#5100);
#5102=EDGE_CURVE('',#5088,#5097,#5101,.T.);
#5103=ORIENTED_EDGE('',*,*,#5102,.T.);
#5104=CARTESIAN_POINT('',(1.410180186,-0.5,4.025));
#5105=DIRECTION('',(0.,0.,-1.));
#5106=DIRECTION('',(-1.,0.,0.));
#5107=AXIS2_PLACEMENT_3D('',#5104,#5105,#5106);
#5108=CIRCLE('',#5107,0.05);
#5109=EDGE_CURVE('',#4826,#5097,#5108,.T.);
#5110=ORIENTED_EDGE('',*,*,#5109,.F.);
#5111=EDGE_LOOP('',(#5086,#5095,#5103,#5110));
#5112=FACE_BOUND('',#5111,.T.);
#5113=ADVANCED_FACE('',(#5112),#5085,.T.);
#5114=CARTESIAN_POINT('',(1.25,-0.415,4.145));
#5115=DIRECTION('',(-0.694135571,-0.719844295,0.));
#5116=DIRECTION('',(-0.719844295,0.694135571,0.));
#5117=AXIS2_PLACEMENT_3D('',#5114,#5115,#5116);
#5118=PLANE('',#5117);
#5119=ORIENTED_EDGE('',*,*,#4352,.F.);
#5120=CARTESIAN_POINT('',(1.32,-0.4825,4.025));
#5121=DIRECTION('',(0.719844295,-0.694135571,-0.));
#5122=VECTOR('',#5121,0.077063065);
#5123=LINE('',#5120,#5122);
#5124=EDGE_CURVE('',#4341,#5097,#5123,.T.);
#5125=ORIENTED_EDGE('',*,*,#5124,.T.);
#5126=ORIENTED_EDGE('',*,*,#5102,.F.);
#5127=CARTESIAN_POINT('',(1.32,-0.4825,4.145));
#5128=DIRECTION('',(0.719844295,-0.694135571,0.));
#5129=VECTOR('',#5128,0.077063065);
#5130=LINE('',#5127,#5129);
#5131=EDGE_CURVE('',#4323,#5088,#5130,.T.);
#5132=ORIENTED_EDGE('',*,*,#5131,.F.);
#5133=EDGE_LOOP('',(#5119,#5125,#5126,#5132));
#5134=FACE_BOUND('',#5133,.T.);
#5135=ADVANCED_FACE('',(#5134),#5118,.T.);
#5136=CARTESIAN_POINT('',(1.087616119,-0.20066064,4.025));
#5137=DIRECTION('',(0.,0.,-1.));
#5138=DIRECTION('',(-1.,0.,0.));
#5139=AXIS2_PLACEMENT_3D('',#5136,#5137,#5138);
#5140=PLANE('',#5139);
#5141=ORIENTED_EDGE('',*,*,#4346,.F.);
#5142=CARTESIAN_POINT('',(1.34,-0.185,4.025));
#5143=DIRECTION('',(0.,0.,-1.));
#5144=DIRECTION('',(-1.,0.,0.));
#5145=AXIS2_PLACEMENT_3D('',#5142,#5143,#5144);
#5146=CIRCLE('',#5145,0.05);
#5147=EDGE_CURVE('',#5065,#4333,#5146,.T.);
#5148=ORIENTED_EDGE('',*,*,#5147,.F.);
#5149=ORIENTED_EDGE('',*,*,#5070,.F.);
#5150=ORIENTED_EDGE('',*,*,#5029,.F.);
#5151=ORIENTED_EDGE('',*,*,#4997,.F.);
#5152=ORIENTED_EDGE('',*,*,#4975,.T.);
#5153=ORIENTED_EDGE('',*,*,#4942,.F.);
#5154=ORIENTED_EDGE('',*,*,#4903,.F.);
#5155=ORIENTED_EDGE('',*,*,#4886,.T.);
#5156=ORIENTED_EDGE('',*,*,#4839,.F.);
#5157=ORIENTED_EDGE('',*,*,#5109,.T.);
#5158=ORIENTED_EDGE('',*,*,#5124,.F.);
#5159=EDGE_LOOP('',(#5141,#5148,#5149,#5150,#5151,#5152,#5153,#5154,#5155,#5156,#5157,#5158));
#5160=FACE_BOUND('',#5159,.T.);
#5161=ADVANCED_FACE('',(#5160),#5140,.T.);
#5162=CARTESIAN_POINT('',(1.34,-0.185,4.025));
#5163=DIRECTION('',(0.,0.,-1.));
#5164=DIRECTION('',(-1.,0.,0.));
#5165=AXIS2_PLACEMENT_3D('',#5162,#5163,#5164);
#5166=CYLINDRICAL_SURFACE('',#5165,0.05);
#5167=ORIENTED_EDGE('',*,*,#4338,.F.);
#5168=CARTESIAN_POINT('',(1.34,-0.185,4.145));
#5169=DIRECTION('',(0.,0.,-1.));
#5170=DIRECTION('',(-1.,0.,0.));
#5171=AXIS2_PLACEMENT_3D('',#5168,#5169,#5170);
#5172=CIRCLE('',#5171,0.05);
#5173=EDGE_CURVE('',#5056,#4325,#5172,.T.);
#5174=ORIENTED_EDGE('',*,*,#5173,.F.);
#5175=ORIENTED_EDGE('',*,*,#5076,.T.);
#5176=ORIENTED_EDGE('',*,*,#5147,.T.);
#5177=EDGE_LOOP('',(#5167,#5174,#5175,#5176));
#5178=FACE_BOUND('',#5177,.T.);
#5179=ADVANCED_FACE('',(#5178),#5166,.F.);
#5180=CARTESIAN_POINT('',(1.335697637,0.215754265,4.145));
#5181=DIRECTION('',(0.,0.,1.));
#5182=DIRECTION('',(1.,0.,0.));
#5183=AXIS2_PLACEMENT_3D('',#5180,#5181,#5182);
#5184=PLANE('',#5183);
#5185=ORIENTED_EDGE('',*,*,#4330,.F.);
#5186=ORIENTED_EDGE('',*,*,#5131,.T.);
#5187=ORIENTED_EDGE('',*,*,#5094,.F.);
#5188=ORIENTED_EDGE('',*,*,#4853,.T.);
#5189=ORIENTED_EDGE('',*,*,#4878,.F.);
#5190=ORIENTED_EDGE('',*,*,#4917,.T.);
#5191=ORIENTED_EDGE('',*,*,#4933,.T.);
#5192=ORIENTED_EDGE('',*,*,#4965,.F.);
#5193=ORIENTED_EDGE('',*,*,#5011,.T.);
#5194=ORIENTED_EDGE('',*,*,#5044,.T.);
#5195=ORIENTED_EDGE('',*,*,#5061,.F.);
#5196=ORIENTED_EDGE('',*,*,#5173,.T.);
#5197=EDGE_LOOP('',(#5185,#5186,#5187,#5188,#5189,#5190,#5191,#5192,#5193,#5194,#5195,#5196));
#5198=FACE_BOUND('',#5197,.T.);
#5199=ADVANCED_FACE('',(#5198),#5184,.T.);
#5200=CARTESIAN_POINT('',(1.39,-0.55,4.545));
#5201=DIRECTION('',(0.,-1.,0.));
#5202=DIRECTION('',(-1.,0.,0.));
#5203=AXIS2_PLACEMENT_3D('',#5200,#5201,#5202);
#5204=PLANE('',#5203);
#5205=CARTESIAN_POINT('',(1.410180186,-0.55,4.545));
#5206=VERTEX_POINT('',#5205);
#5207=CARTESIAN_POINT('',(1.410180186,-0.55,4.425));
#5208=VERTEX_POINT('',#5207);
#5209=CARTESIAN_POINT('',(1.410180186,-0.55,4.545));
#5210=DIRECTION('',(0.,0.,-1.));
#5211=VECTOR('',#5210,0.12);
#5212=LINE('',#5209,#5211);
#5213=EDGE_CURVE('',#5206,#5208,#5212,.T.);
#5214=ORIENTED_EDGE('',*,*,#5213,.T.);
#5215=CARTESIAN_POINT('',(1.64,-0.55,4.425));
#5216=VERTEX_POINT('',#5215);
#5217=CARTESIAN_POINT('',(1.64,-0.55,4.425));
#5218=DIRECTION('',(-1.,0.,0.));
#5219=VECTOR('',#5218,0.229819814);
#5220=LINE('',#5217,#5219);
#5221=EDGE_CURVE('',#5216,#5208,#5220,.T.);
#5222=ORIENTED_EDGE('',*,*,#5221,.F.);
#5223=CARTESIAN_POINT('',(1.64,-0.55,4.545));
#5224=VERTEX_POINT('',#5223);
#5225=CARTESIAN_POINT('',(1.64,-0.55,4.545));
#5226=DIRECTION('',(0.,0.,-1.));
#5227=VECTOR('',#5226,0.12);
#5228=LINE('',#5225,#5227);
#5229=EDGE_CURVE('',#5224,#5216,#5228,.T.);
#5230=ORIENTED_EDGE('',*,*,#5229,.F.);
#5231=CARTESIAN_POINT('',(1.410180186,-0.55,4.545));
#5232=DIRECTION('',(1.,0.,-0.));
#5233=VECTOR('',#5232,0.229819814);
#5234=LINE('',#5231,#5233);
#5235=EDGE_CURVE('',#5206,#5224,#5234,.T.);
#5236=ORIENTED_EDGE('',*,*,#5235,.F.);
#5237=EDGE_LOOP('',(#5214,#5222,#5230,#5236));
#5238=FACE_BOUND('',#5237,.T.);
#5239=ADVANCED_FACE('',(#5238),#5204,.T.);
#5240=CARTESIAN_POINT('',(1.64,-0.5,4.425));
#5241=DIRECTION('',(0.,0.,-1.));
#5242=DIRECTION('',(-1.,0.,0.));
#5243=AXIS2_PLACEMENT_3D('',#5240,#5241,#5242);
#5244=CYLINDRICAL_SURFACE('',#5243,0.05);
#5245=CARTESIAN_POINT('',(1.69,-0.5,4.545));
#5246=VERTEX_POINT('',#5245);
#5247=CARTESIAN_POINT('',(1.69,-0.5,4.425));
#5248=VERTEX_POINT('',#5247);
#5249=CARTESIAN_POINT('',(1.69,-0.5,4.545));
#5250=DIRECTION('',(0.,0.,-1.));
#5251=VECTOR('',#5250,0.12);
#5252=LINE('',#5249,#5251);
#5253=EDGE_CURVE('',#5246,#5248,#5252,.T.);
#5254=ORIENTED_EDGE('',*,*,#5253,.F.);
#5255=CARTESIAN_POINT('',(1.64,-0.5,4.545));
#5256=DIRECTION('',(0.,0.,-1.));
#5257=DIRECTION('',(-1.,0.,0.));
#5258=AXIS2_PLACEMENT_3D('',#5255,#5256,#5257);
#5259=CIRCLE('',#5258,0.05);
#5260=EDGE_CURVE('',#5246,#5224,#5259,.T.);
#5261=ORIENTED_EDGE('',*,*,#5260,.T.);
#5262=ORIENTED_EDGE('',*,*,#5229,.T.);
#5263=CARTESIAN_POINT('',(1.64,-0.5,4.425));
#5264=DIRECTION('',(0.,0.,-1.));
#5265=DIRECTION('',(-1.,0.,0.));
#5266=AXIS2_PLACEMENT_3D('',#5263,#5264,#5265);
#5267=CIRCLE('',#5266,0.05);
#5268=EDGE_CURVE('',#5248,#5216,#5267,.T.);
#5269=ORIENTED_EDGE('',*,*,#5268,.F.);
#5270=EDGE_LOOP('',(#5254,#5261,#5262,#5269));
#5271=FACE_BOUND('',#5270,.T.);
#5272=ADVANCED_FACE('',(#5271),#5244,.T.);
#5273=CARTESIAN_POINT('',(1.69,-0.55,4.545));
#5274=DIRECTION('',(1.,0.,0.));
#5275=DIRECTION('',(0.,-1.,0.));
#5276=AXIS2_PLACEMENT_3D('',#5273,#5274,#5275);
#5277=PLANE('',#5276);
#5278=ORIENTED_EDGE('',*,*,#5253,.T.);
#5279=CARTESIAN_POINT('',(1.69,-0.42,4.425));
#5280=VERTEX_POINT('',#5279);
#5281=CARTESIAN_POINT('',(1.69,-0.42,4.425));
#5282=DIRECTION('',(-0.,-1.,-0.));
#5283=VECTOR('',#5282,0.08);
#5284=LINE('',#5281,#5283);
#5285=EDGE_CURVE('',#5280,#5248,#5284,.T.);
#5286=ORIENTED_EDGE('',*,*,#5285,.F.);
#5287=CARTESIAN_POINT('',(1.69,-0.42,4.545));
#5288=VERTEX_POINT('',#5287);
#5289=CARTESIAN_POINT('',(1.69,-0.42,4.545));
#5290=DIRECTION('',(0.,0.,-1.));
#5291=VECTOR('',#5290,0.12);
#5292=LINE('',#5289,#5291);
#5293=EDGE_CURVE('',#5288,#5280,#5292,.T.);
#5294=ORIENTED_EDGE('',*,*,#5293,.F.);
#5295=CARTESIAN_POINT('',(1.69,-0.5,4.545));
#5296=DIRECTION('',(0.,1.,0.));
#5297=VECTOR('',#5296,0.08);
#5298=LINE('',#5295,#5297);
#5299=EDGE_CURVE('',#5246,#5288,#5298,.T.);
#5300=ORIENTED_EDGE('',*,*,#5299,.F.);
#5301=EDGE_LOOP('',(#5278,#5286,#5294,#5300));
#5302=FACE_BOUND('',#5301,.T.);
#5303=ADVANCED_FACE('',(#5302),#5277,.T.);
#5304=CARTESIAN_POINT('',(1.69,-0.42,4.545));
#5305=DIRECTION('',(0.,1.,0.));
#5306=DIRECTION('',(1.,0.,0.));
#5307=AXIS2_PLACEMENT_3D('',#5304,#5305,#5306);
#5308=PLANE('',#5307);
#5309=CARTESIAN_POINT('',(1.49,-0.42,4.545));
#5310=VERTEX_POINT('',#5309);
#5311=CARTESIAN_POINT('',(1.69,-0.42,4.545));
#5312=DIRECTION('',(-1.,-0.,0.));
#5313=VECTOR('',#5312,0.2);
#5314=LINE('',#5311,#5313);
#5315=EDGE_CURVE('',#5288,#5310,#5314,.T.);
#5316=ORIENTED_EDGE('',*,*,#5315,.F.);
#5317=ORIENTED_EDGE('',*,*,#5293,.T.);
#5318=CARTESIAN_POINT('',(1.49,-0.42,4.425));
#5319=VERTEX_POINT('',#5318);
#5320=CARTESIAN_POINT('',(1.49,-0.42,4.425));
#5321=DIRECTION('',(1.,-0.,-0.));
#5322=VECTOR('',#5321,0.2);
#5323=LINE('',#5320,#5322);
#5324=EDGE_CURVE('',#5319,#5280,#5323,.T.);
#5325=ORIENTED_EDGE('',*,*,#5324,.F.);
#5326=CARTESIAN_POINT('',(1.49,-0.42,4.545));
#5327=DIRECTION('',(-0.,-0.,-1.));
#5328=VECTOR('',#5327,0.12);
#5329=LINE('',#5326,#5328);
#5330=EDGE_CURVE('',#5310,#5319,#5329,.T.);
#5331=ORIENTED_EDGE('',*,*,#5330,.F.);
#5332=EDGE_LOOP('',(#5316,#5317,#5325,#5331));
#5333=FACE_BOUND('',#5332,.T.);
#5334=ADVANCED_FACE('',(#5333),#5308,.T.);
#5335=CARTESIAN_POINT('',(1.49,-0.37,4.545));
#5336=DIRECTION('',(0.,0.,1.));
#5337=DIRECTION('',(1.,0.,-0.));
#5338=AXIS2_PLACEMENT_3D('',#5335,#5336,#5337);
#5339=CYLINDRICAL_SURFACE('',#5338,0.05);
#5340=CARTESIAN_POINT('',(1.44,-0.37,4.545));
#5341=VERTEX_POINT('',#5340);
#5342=CARTESIAN_POINT('',(1.49,-0.37,4.545));
#5343=DIRECTION('',(0.,0.,1.));
#5344=DIRECTION('',(1.,0.,-0.));
#5345=AXIS2_PLACEMENT_3D('',#5342,#5343,#5344);
#5346=CIRCLE('',#5345,0.05);
#5347=EDGE_CURVE('',#5341,#5310,#5346,.T.);
#5348=ORIENTED_EDGE('',*,*,#5347,.T.);
#5349=ORIENTED_EDGE('',*,*,#5330,.T.);
#5350=CARTESIAN_POINT('',(1.44,-0.37,4.425));
#5351=VERTEX_POINT('',#5350);
#5352=CARTESIAN_POINT('',(1.49,-0.37,4.425));
#5353=DIRECTION('',(0.,0.,1.));
#5354=DIRECTION('',(1.,0.,-0.));
#5355=AXIS2_PLACEMENT_3D('',#5352,#5353,#5354);
#5356=CIRCLE('',#5355,0.05);
#5357=EDGE_CURVE('',#5351,#5319,#5356,.T.);
#5358=ORIENTED_EDGE('',*,*,#5357,.F.);
#5359=CARTESIAN_POINT('',(1.44,-0.37,4.425));
#5360=DIRECTION('',(0.,0.,1.));
#5361=VECTOR('',#5360,0.12);
#5362=LINE('',#5359,#5361);
#5363=EDGE_CURVE('',#5351,#5341,#5362,.T.);
#5364=ORIENTED_EDGE('',*,*,#5363,.T.);
#5365=EDGE_LOOP('',(#5348,#5349,#5358,#5364));
#5366=FACE_BOUND('',#5365,.T.);
#5367=ADVANCED_FACE('',(#5366),#5339,.F.);
#5368=CARTESIAN_POINT('',(1.44,0.08,4.425));
#5369=DIRECTION('',(1.,0.,0.));
#5370=DIRECTION('',(0.,-1.,0.));
#5371=AXIS2_PLACEMENT_3D('',#5368,#5369,#5370);
#5372=PLANE('',#5371);
#5373=CARTESIAN_POINT('',(1.44,-0.285,4.425));
#5374=VERTEX_POINT('',#5373);
#5375=CARTESIAN_POINT('',(1.44,-0.285,4.425));
#5376=DIRECTION('',(-0.,-1.,-0.));
#5377=VECTOR('',#5376,0.085);
#5378=LINE('',#5375,#5377);
#5379=EDGE_CURVE('',#5374,#5351,#5378,.T.);
#5380=ORIENTED_EDGE('',*,*,#5379,.F.);
#5381=CARTESIAN_POINT('',(1.44,-0.285,4.545));
#5382=VERTEX_POINT('',#5381);
#5383=CARTESIAN_POINT('',(1.44,-0.285,4.425));
#5384=DIRECTION('',(-0.,-0.,1.));
#5385=VECTOR('',#5384,0.12);
#5386=LINE('',#5383,#5385);
#5387=EDGE_CURVE('',#5374,#5382,#5386,.T.);
#5388=ORIENTED_EDGE('',*,*,#5387,.T.);
#5389=CARTESIAN_POINT('',(1.44,-0.37,4.545));
#5390=DIRECTION('',(0.,1.,0.));
#5391=VECTOR('',#5390,0.085);
#5392=LINE('',#5389,#5391);
#5393=EDGE_CURVE('',#5341,#5382,#5392,.T.);
#5394=ORIENTED_EDGE('',*,*,#5393,.F.);
#5395=ORIENTED_EDGE('',*,*,#5363,.F.);
#5396=EDGE_LOOP('',(#5380,#5388,#5394,#5395));
#5397=FACE_BOUND('',#5396,.T.);
#5398=ADVANCED_FACE('',(#5397),#5372,.T.);
#5399=CARTESIAN_POINT('',(1.39,-0.285,4.425));
#5400=DIRECTION('',(0.,0.,1.));
#5401=DIRECTION('',(1.,0.,-0.));
#5402=AXIS2_PLACEMENT_3D('',#5399,#5400,#5401);
#5403=CYLINDRICAL_SURFACE('',#5402,0.05);
#5404=CARTESIAN_POINT('',(1.39,-0.235,4.425));
#5405=VERTEX_POINT('',#5404);
#5406=CARTESIAN_POINT('',(1.39,-0.285,4.425));
#5407=DIRECTION('',(0.,0.,1.));
#5408=DIRECTION('',(1.,0.,-0.));
#5409=AXIS2_PLACEMENT_3D('',#5406,#5407,#5408);
#5410=CIRCLE('',#5409,0.05);
#5411=EDGE_CURVE('',#5374,#5405,#5410,.T.);
#5412=ORIENTED_EDGE('',*,*,#5411,.T.);
#5413=CARTESIAN_POINT('',(1.39,-0.235,4.545));
#5414=VERTEX_POINT('',#5413);
#5415=CARTESIAN_POINT('',(1.39,-0.235,4.425));
#5416=DIRECTION('',(0.,0.,1.));
#5417=VECTOR('',#5416,0.12);
#5418=LINE('',#5415,#5417);
#5419=EDGE_CURVE('',#5405,#5414,#5418,.T.);
#5420=ORIENTED_EDGE('',*,*,#5419,.T.);
#5421=CARTESIAN_POINT('',(1.39,-0.285,4.545));
#5422=DIRECTION('',(0.,0.,1.));
#5423=DIRECTION('',(1.,0.,-0.));
#5424=AXIS2_PLACEMENT_3D('',#5421,#5422,#5423);
#5425=CIRCLE('',#5424,0.05);
#5426=EDGE_CURVE('',#5382,#5414,#5425,.T.);
#5427=ORIENTED_EDGE('',*,*,#5426,.F.);
#5428=ORIENTED_EDGE('',*,*,#5387,.F.);
#5429=EDGE_LOOP('',(#5412,#5420,#5427,#5428));
#5430=FACE_BOUND('',#5429,.T.);
#5431=ADVANCED_FACE('',(#5430),#5403,.T.);
#5432=CARTESIAN_POINT('',(1.29,-0.235,4.425));
#5433=DIRECTION('',(0.,1.,0.));
#5434=DIRECTION('',(1.,0.,0.));
#5435=AXIS2_PLACEMENT_3D('',#5432,#5433,#5434);
#5436=PLANE('',#5435);
#5437=CARTESIAN_POINT('',(1.34,-0.235,4.545));
#5438=VERTEX_POINT('',#5437);
#5439=CARTESIAN_POINT('',(1.39,-0.235,4.545));
#5440=DIRECTION('',(-1.,-0.,0.));
#5441=VECTOR('',#5440,0.05);
#5442=LINE('',#5439,#5441);
#5443=EDGE_CURVE('',#5414,#5438,#5442,.T.);
#5444=ORIENTED_EDGE('',*,*,#5443,.F.);
#5445=ORIENTED_EDGE('',*,*,#5419,.F.);
#5446=CARTESIAN_POINT('',(1.34,-0.235,4.425));
#5447=VERTEX_POINT('',#5446);
#5448=CARTESIAN_POINT('',(1.34,-0.235,4.425));
#5449=DIRECTION('',(1.,-0.,-0.));
#5450=VECTOR('',#5449,0.05);
#5451=LINE('',#5448,#5450);
#5452=EDGE_CURVE('',#5447,#5405,#5451,.T.);
#5453=ORIENTED_EDGE('',*,*,#5452,.F.);
#5454=CARTESIAN_POINT('',(1.34,-0.235,4.545));
#5455=DIRECTION('',(0.,0.,-1.));
#5456=VECTOR('',#5455,0.12);
#5457=LINE('',#5454,#5456);
#5458=EDGE_CURVE('',#5438,#5447,#5457,.T.);
#5459=ORIENTED_EDGE('',*,*,#5458,.F.);
#5460=EDGE_LOOP('',(#5444,#5445,#5453,#5459));
#5461=FACE_BOUND('',#5460,.T.);
#5462=ADVANCED_FACE('',(#5461),#5436,.T.);
#5463=CARTESIAN_POINT('',(1.410180186,-0.5,4.425));
#5464=DIRECTION('',(0.,0.,-1.));
#5465=DIRECTION('',(-1.,0.,0.));
#5466=AXIS2_PLACEMENT_3D('',#5463,#5464,#5465);
#5467=CYLINDRICAL_SURFACE('',#5466,0.05);
#5468=ORIENTED_EDGE('',*,*,#5213,.F.);
#5469=CARTESIAN_POINT('',(1.375473408,-0.535992215,4.545));
#5470=VERTEX_POINT('',#5469);
#5471=CARTESIAN_POINT('',(1.410180186,-0.5,4.545));
#5472=DIRECTION('',(0.,0.,-1.));
#5473=DIRECTION('',(-1.,0.,0.));
#5474=AXIS2_PLACEMENT_3D('',#5471,#5472,#5473);
#5475=CIRCLE('',#5474,0.05);
#5476=EDGE_CURVE('',#5206,#5470,#5475,.T.);
#5477=ORIENTED_EDGE('',*,*,#5476,.T.);
#5478=CARTESIAN_POINT('',(1.375473408,-0.535992215,4.425));
#5479=VERTEX_POINT('',#5478);
#5480=CARTESIAN_POINT('',(1.375473408,-0.535992215,4.545));
#5481=DIRECTION('',(0.,0.,-1.));
#5482=VECTOR('',#5481,0.12);
#5483=LINE('',#5480,#5482);
#5484=EDGE_CURVE('',#5470,#5479,#5483,.T.);
#5485=ORIENTED_EDGE('',*,*,#5484,.T.);
#5486=CARTESIAN_POINT('',(1.410180186,-0.5,4.425));
#5487=DIRECTION('',(0.,0.,-1.));
#5488=DIRECTION('',(-1.,0.,0.));
#5489=AXIS2_PLACEMENT_3D('',#5486,#5487,#5488);
#5490=CIRCLE('',#5489,0.05);
#5491=EDGE_CURVE('',#5208,#5479,#5490,.T.);
#5492=ORIENTED_EDGE('',*,*,#5491,.F.);
#5493=EDGE_LOOP('',(#5468,#5477,#5485,#5492));
#5494=FACE_BOUND('',#5493,.T.);
#5495=ADVANCED_FACE('',(#5494),#5467,.T.);
#5496=CARTESIAN_POINT('',(1.25,-0.415,4.545));
#5497=DIRECTION('',(-0.694135571,-0.719844295,0.));
#5498=DIRECTION('',(-0.719844295,0.694135571,0.));
#5499=AXIS2_PLACEMENT_3D('',#5496,#5497,#5498);
#5500=PLANE('',#5499);
#5501=ORIENTED_EDGE('',*,*,#4386,.T.);
#5502=CARTESIAN_POINT('',(1.375473408,-0.535992215,4.425));
#5503=DIRECTION('',(-0.719844295,0.694135571,0.));
#5504=VECTOR('',#5503,0.077063065);
#5505=LINE('',#5502,#5504);
#5506=EDGE_CURVE('',#5479,#4375,#5505,.T.);
#5507=ORIENTED_EDGE('',*,*,#5506,.F.);
#5508=ORIENTED_EDGE('',*,*,#5484,.F.);
#5509=CARTESIAN_POINT('',(1.32,-0.4825,4.545));
#5510=DIRECTION('',(0.719844295,-0.694135571,0.));
#5511=VECTOR('',#5510,0.077063065);
#5512=LINE('',#5509,#5511);
#5513=EDGE_CURVE('',#4359,#5470,#5512,.T.);
#5514=ORIENTED_EDGE('',*,*,#5513,.F.);
#5515=EDGE_LOOP('',(#5501,#5507,#5508,#5514));
#5516=FACE_BOUND('',#5515,.T.);
#5517=ADVANCED_FACE('',(#5516),#5500,.T.);
#5518=CARTESIAN_POINT('',(1.087616119,-0.20066064,4.425));
#5519=DIRECTION('',(0.,0.,-1.));
#5520=DIRECTION('',(-1.,0.,0.));
#5521=AXIS2_PLACEMENT_3D('',#5518,#5519,#5520);
#5522=PLANE('',#5521);
#5523=ORIENTED_EDGE('',*,*,#4380,.T.);
#5524=CARTESIAN_POINT('',(1.34,-0.185,4.425));
#5525=DIRECTION('',(0.,0.,-1.));
#5526=DIRECTION('',(-1.,0.,0.));
#5527=AXIS2_PLACEMENT_3D('',#5524,#5525,#5526);
#5528=CIRCLE('',#5527,0.05);
#5529=EDGE_CURVE('',#5447,#4367,#5528,.T.);
#5530=ORIENTED_EDGE('',*,*,#5529,.F.);
#5531=ORIENTED_EDGE('',*,*,#5452,.T.);
#5532=ORIENTED_EDGE('',*,*,#5411,.F.);
#5533=ORIENTED_EDGE('',*,*,#5379,.T.);
#5534=ORIENTED_EDGE('',*,*,#5357,.T.);
#5535=ORIENTED_EDGE('',*,*,#5324,.T.);
#5536=ORIENTED_EDGE('',*,*,#5285,.T.);
#5537=ORIENTED_EDGE('',*,*,#5268,.T.);
#5538=ORIENTED_EDGE('',*,*,#5221,.T.);
#5539=ORIENTED_EDGE('',*,*,#5491,.T.);
#5540=ORIENTED_EDGE('',*,*,#5506,.T.);
#5541=EDGE_LOOP('',(#5523,#5530,#5531,#5532,#5533,#5534,#5535,#5536,#5537,#5538,#5539,#5540));
#5542=FACE_BOUND('',#5541,.T.);
#5543=ADVANCED_FACE('',(#5542),#5522,.T.);
#5544=CARTESIAN_POINT('',(1.34,-0.185,4.425));
#5545=DIRECTION('',(0.,0.,-1.));
#5546=DIRECTION('',(-1.,0.,0.));
#5547=AXIS2_PLACEMENT_3D('',#5544,#5545,#5546);
#5548=CYLINDRICAL_SURFACE('',#5547,0.05);
#5549=ORIENTED_EDGE('',*,*,#4372,.F.);
#5550=CARTESIAN_POINT('',(1.34,-0.185,4.545));
#5551=DIRECTION('',(0.,0.,-1.));
#5552=DIRECTION('',(-1.,0.,0.));
#5553=AXIS2_PLACEMENT_3D('',#5550,#5551,#5552);
#5554=CIRCLE('',#5553,0.05);
#5555=EDGE_CURVE('',#5438,#4357,#5554,.T.);
#5556=ORIENTED_EDGE('',*,*,#5555,.F.);
#5557=ORIENTED_EDGE('',*,*,#5458,.T.);
#5558=ORIENTED_EDGE('',*,*,#5529,.T.);
#5559=EDGE_LOOP('',(#5549,#5556,#5557,#5558));
#5560=FACE_BOUND('',#5559,.T.);
#5561=ADVANCED_FACE('',(#5560),#5548,.F.);
#5562=CARTESIAN_POINT('',(1.335697637,0.215754265,4.545));
#5563=DIRECTION('',(0.,0.,1.));
#5564=DIRECTION('',(1.,0.,0.));
#5565=AXIS2_PLACEMENT_3D('',#5562,#5563,#5564);
#5566=PLANE('',#5565);
#5567=ORIENTED_EDGE('',*,*,#4364,.T.);
#5568=ORIENTED_EDGE('',*,*,#5513,.T.);
#5569=ORIENTED_EDGE('',*,*,#5476,.F.);
#5570=ORIENTED_EDGE('',*,*,#5235,.T.);
#5571=ORIENTED_EDGE('',*,*,#5260,.F.);
#5572=ORIENTED_EDGE('',*,*,#5299,.T.);
#5573=ORIENTED_EDGE('',*,*,#5315,.T.);
#5574=ORIENTED_EDGE('',*,*,#5347,.F.);
#5575=ORIENTED_EDGE('',*,*,#5393,.T.);
#5576=ORIENTED_EDGE('',*,*,#5426,.T.);
#5577=ORIENTED_EDGE('',*,*,#5443,.T.);
#5578=ORIENTED_EDGE('',*,*,#5555,.T.);
#5579=EDGE_LOOP('',(#5567,#5568,#5569,#5570,#5571,#5572,#5573,#5574,#5575,#5576,#5577,#5578));
#5580=FACE_BOUND('',#5579,.T.);
#5581=ADVANCED_FACE('',(#5580),#5566,.T.);
#5582=CARTESIAN_POINT('',(-0.965,1.15,-2.605));
#5583=DIRECTION('',(-0.,1.,0.));
#5584=DIRECTION('',(-1.,-0.,0.));
#5585=AXIS2_PLACEMENT_3D('',#5582,#5583,#5584);
#5586=PLANE('',#5585);
#5587=CARTESIAN_POINT('',(-0.965,1.15,3.085));
#5588=VERTEX_POINT('',#5587);
#5589=CARTESIAN_POINT('',(-1.47,1.15,3.085));
#5590=VERTEX_POINT('',#5589);
#5591=CARTESIAN_POINT('',(-0.965,1.15,3.085));
#5592=DIRECTION('',(-1.,-0.,0.));
#5593=VECTOR('',#5592,0.505);
#5594=LINE('',#5591,#5593);
#5595=EDGE_CURVE('',#5588,#5590,#5594,.T.);
#5596=ORIENTED_EDGE('',*,*,#5595,.T.);
#5597=CARTESIAN_POINT('',(-1.47,1.15,6.285));
#5598=VERTEX_POINT('',#5597);
#5599=CARTESIAN_POINT('',(-1.47,1.15,3.085));
#5600=DIRECTION('',(0.,0.,1.));
#5601=VECTOR('',#5600,3.2);
#5602=LINE('',#5599,#5601);
#5603=EDGE_CURVE('',#5590,#5598,#5602,.T.);
#5604=ORIENTED_EDGE('',*,*,#5603,.T.);
#5605=CARTESIAN_POINT('',(-0.965,1.15,6.285));
#5606=VERTEX_POINT('',#5605);
#5607=CARTESIAN_POINT('',(-0.965,1.15,6.285));
#5608=DIRECTION('',(-1.,-0.,-0.));
#5609=VECTOR('',#5608,0.505);
#5610=LINE('',#5607,#5609);
#5611=EDGE_CURVE('',#5606,#5598,#5610,.T.);
#5612=ORIENTED_EDGE('',*,*,#5611,.F.);
#5613=CARTESIAN_POINT('',(-0.965,1.15,6.285));
#5614=DIRECTION('',(-0.,-0.,-1.));
#5615=VECTOR('',#5614,3.2);
#5616=LINE('',#5613,#5615);
#5617=EDGE_CURVE('',#5606,#5588,#5616,.T.);
#5618=ORIENTED_EDGE('',*,*,#5617,.T.);
#5619=EDGE_LOOP('',(#5596,#5604,#5612,#5618));
#5620=FACE_BOUND('',#5619,.T.);
#5621=ADVANCED_FACE('',(#5620),#5586,.T.);
#5622=OVER_RIDING_STYLED_ITEM('',(#505),#5621,#89);
#5623=CARTESIAN_POINT('',(-1.194612985,0.527972958,6.285));
#5624=DIRECTION('',(0.,0.,-1.));
#5625=DIRECTION('',(-1.,0.,0.));
#5626=AXIS2_PLACEMENT_3D('',#5623,#5624,#5625);
#5627=PLANE('',#5626);
#5628=CARTESIAN_POINT('',(-0.94,1.125,6.285));
#5629=VERTEX_POINT('',#5628);
#5630=CARTESIAN_POINT('',(-0.94,1.125,6.285));
#5631=DIRECTION('',(-0.707106781,0.707106781,0.));
#5632=VECTOR('',#5631,0.035355339);
#5633=LINE('',#5630,#5632);
#5634=EDGE_CURVE('',#5629,#5606,#5633,.T.);
#5635=ORIENTED_EDGE('',*,*,#5634,.T.);
#5636=CARTESIAN_POINT('',(-0.94,1.15,6.285));
#5637=VERTEX_POINT('',#5636);
#5638=CARTESIAN_POINT('',(-0.965,1.15,6.285));
#5639=DIRECTION('',(1.,-0.,-0.));
#5640=VECTOR('',#5639,0.025);
#5641=LINE('',#5638,#5640);
#5642=EDGE_CURVE('',#5606,#5637,#5641,.T.);
#5643=ORIENTED_EDGE('',*,*,#5642,.T.);
#5644=CARTESIAN_POINT('',(-0.94,1.15,6.285));
#5645=DIRECTION('',(-0.,-1.,-0.));
#5646=VECTOR('',#5645,0.025);
#5647=LINE('',#5644,#5646);
#5648=EDGE_CURVE('',#5637,#5629,#5647,.T.);
#5649=ORIENTED_EDGE('',*,*,#5648,.T.);
#5650=EDGE_LOOP('',(#5635,#5643,#5649));
#5651=FACE_BOUND('',#5650,.T.);
#5652=ADVANCED_FACE('',(#5651),#5627,.T.);
#5653=OVER_RIDING_STYLED_ITEM('',(#505),#5652,#89);
#5654=CARTESIAN_POINT('',(-0.965,1.15,7.37));
#5655=DIRECTION('',(-0.707106781,-0.707106781,0.));
#5656=DIRECTION('',(0.707106781,-0.707106781,0.));
#5657=AXIS2_PLACEMENT_3D('',#5654,#5655,#5656);
#5658=PLANE('',#5657);
#5659=ORIENTED_EDGE('',*,*,#5617,.F.);
#5660=ORIENTED_EDGE('',*,*,#5634,.F.);
#5661=CARTESIAN_POINT('',(-0.94,1.125,3.085));
#5662=VERTEX_POINT('',#5661);
#5663=CARTESIAN_POINT('',(-0.94,1.125,3.085));
#5664=DIRECTION('',(0.,0.,1.));
#5665=VECTOR('',#5664,3.2);
#5666=LINE('',#5663,#5665);
#5667=EDGE_CURVE('',#5662,#5629,#5666,.T.);
#5668=ORIENTED_EDGE('',*,*,#5667,.F.);
#5669=CARTESIAN_POINT('',(-0.94,1.125,3.085));
#5670=DIRECTION('',(-0.707106781,0.707106781,-0.));
#5671=VECTOR('',#5670,0.035355339);
#5672=LINE('',#5669,#5671);
#5673=EDGE_CURVE('',#5662,#5588,#5672,.T.);
#5674=ORIENTED_EDGE('',*,*,#5673,.T.);
#5675=EDGE_LOOP('',(#5659,#5660,#5668,#5674));
#5676=FACE_BOUND('',#5675,.T.);
#5677=ADVANCED_FACE('',(#5676),#5658,.F.);
#5678=OVER_RIDING_STYLED_ITEM('',(#505),#5677,#89);
#5679=CARTESIAN_POINT('',(-1.194612985,0.527972958,3.085));
#5680=DIRECTION('',(0.,0.,-1.));
#5681=DIRECTION('',(-1.,0.,0.));
#5682=AXIS2_PLACEMENT_3D('',#5679,#5680,#5681);
#5683=PLANE('',#5682);
#5684=CARTESIAN_POINT('',(-0.94,1.15,3.085));
#5685=VERTEX_POINT('',#5684);
#5686=CARTESIAN_POINT('',(-0.94,1.15,3.085));
#5687=DIRECTION('',(-0.,-1.,-0.));
#5688=VECTOR('',#5687,0.025);
#5689=LINE('',#5686,#5688);
#5690=EDGE_CURVE('',#5685,#5662,#5689,.T.);
#5691=ORIENTED_EDGE('',*,*,#5690,.F.);
#5692=CARTESIAN_POINT('',(-0.965,1.15,3.085));
#5693=DIRECTION('',(1.,0.,-0.));
#5694=VECTOR('',#5693,0.025);
#5695=LINE('',#5692,#5694);
#5696=EDGE_CURVE('',#5588,#5685,#5695,.T.);
#5697=ORIENTED_EDGE('',*,*,#5696,.F.);
#5698=ORIENTED_EDGE('',*,*,#5673,.F.);
#5699=EDGE_LOOP('',(#5691,#5697,#5698));
#5700=FACE_BOUND('',#5699,.T.);
#5701=ADVANCED_FACE('',(#5700),#5683,.F.);
#5702=OVER_RIDING_STYLED_ITEM('',(#505),#5701,#89);
#5703=CARTESIAN_POINT('',(-0.8899976,1.15,6.285));
#5704=DIRECTION('',(-0.,0.371390676,-0.928476691));
#5705=DIRECTION('',(-0.,0.928476691,0.371390676));
#5706=AXIS2_PLACEMENT_3D('',#5703,#5704,#5705);
#5707=PLANE('',#5706);
#5708=ORIENTED_EDGE('',*,*,#5611,.T.);
#5709=CARTESIAN_POINT('',(-1.47,1.15,6.285));
#5710=DIRECTION('',(-0.,0.928476691,0.371390676));
#5711=VECTOR('',#5710,0.26925824);
#5712=LINE('',#5709,#5711);
#5713=EDGE_CURVE('',#5598,#451,#5712,.T.);
#5714=ORIENTED_EDGE('',*,*,#5713,.T.);
#5715=ORIENTED_EDGE('',*,*,#456,.T.);
#5716=CARTESIAN_POINT('',(-0.94,1.15,6.285));
#5717=DIRECTION('',(-0.680413817,0.680413817,0.272165527));
#5718=VECTOR('',#5717,0.367423461);
#5719=LINE('',#5716,#5718);
#5720=EDGE_CURVE('',#5637,#443,#5719,.T.);
#5721=ORIENTED_EDGE('',*,*,#5720,.F.);
#5722=ORIENTED_EDGE('',*,*,#5642,.F.);
#5723=EDGE_LOOP('',(#5708,#5714,#5715,#5721,#5722));
#5724=FACE_BOUND('',#5723,.T.);
#5725=ADVANCED_FACE('',(#5724),#5707,.T.);
#5726=OVER_RIDING_STYLED_ITEM('',(#505),#5725,#89);
#5727=CARTESIAN_POINT('',(-0.8899976,1.15,3.085));
#5728=DIRECTION('',(0.,-0.371390676,-0.928476691));
#5729=DIRECTION('',(-0.,0.928476691,-0.371390676));
#5730=AXIS2_PLACEMENT_3D('',#5727,#5728,#5729);
#5731=PLANE('',#5730);
#5732=ORIENTED_EDGE('',*,*,#600,.T.);
#5733=CARTESIAN_POINT('',(-1.47,1.4,2.985));
#5734=DIRECTION('',(0.,-0.928476691,0.371390676));
#5735=VECTOR('',#5734,0.26925824);
#5736=LINE('',#5733,#5735);
#5737=EDGE_CURVE('',#587,#5590,#5736,.T.);
#5738=ORIENTED_EDGE('',*,*,#5737,.T.);
#5739=ORIENTED_EDGE('',*,*,#5595,.F.);
#5740=ORIENTED_EDGE('',*,*,#5696,.T.);
#5741=CARTESIAN_POINT('',(-1.19,1.4,2.985));
#5742=DIRECTION('',(0.680413817,-0.680413817,0.272165527));
#5743=VECTOR('',#5742,0.367423461);
#5744=LINE('',#5741,#5743);
#5745=EDGE_CURVE('',#595,#5685,#5744,.T.);
#5746=ORIENTED_EDGE('',*,*,#5745,.F.);
#5747=EDGE_LOOP('',(#5732,#5738,#5739,#5740,#5746));
#5748=FACE_BOUND('',#5747,.T.);
#5749=ADVANCED_FACE('',(#5748),#5731,.F.);
#5750=OVER_RIDING_STYLED_ITEM('',(#505),#5749,#89);
#5751=CARTESIAN_POINT('',(-1.065,1.275,6.535));
#5752=DIRECTION('',(0.707106781,0.707106781,0.));
#5753=DIRECTION('',(0.707106781,-0.707106781,0.));
#5754=AXIS2_PLACEMENT_3D('',#5751,#5752,#5753);
#5755=PLANE('',#5754);
#5756=ORIENTED_EDGE('',*,*,#448,.T.);
#5757=ORIENTED_EDGE('',*,*,#727,.T.);
#5758=CARTESIAN_POINT('',(-0.94,1.15,6.285));
#5759=DIRECTION('',(0.,0.,1.));
#5760=VECTOR('',#5759,0.4);
#5761=LINE('',#5758,#5760);
#5762=EDGE_CURVE('',#5637,#716,#5761,.T.);
#5763=ORIENTED_EDGE('',*,*,#5762,.F.);
#5764=ORIENTED_EDGE('',*,*,#5720,.T.);
#5765=EDGE_LOOP('',(#5756,#5757,#5763,#5764));
#5766=FACE_BOUND('',#5765,.T.);
#5767=ADVANCED_FACE('',(#5766),#5755,.T.);
#5768=OVER_RIDING_STYLED_ITEM('',(#505),#5767,#89);
#5769=CARTESIAN_POINT('',(-0.94,0.625,-2.605));
#5770=DIRECTION('',(1.,0.,0.));
#5771=DIRECTION('',(0.,1.,0.));
#5772=AXIS2_PLACEMENT_3D('',#5769,#5770,#5771);
#5773=PLANE('',#5772);
#5774=CARTESIAN_POINT('',(-0.94,0.325,6.685));
#5775=DIRECTION('',(-0.,-0.,-1.));
#5776=VECTOR('',#5775,4.);
#5777=LINE('',#5774,#5776);
#5778=EDGE_CURVE('',#746,#892,#5777,.T.);
#5779=ORIENTED_EDGE('',*,*,#5778,.T.);
#5780=ORIENTED_EDGE('',*,*,#946,.F.);
#5781=CARTESIAN_POINT('',(-0.94,1.15,2.685));
#5782=DIRECTION('',(0.,0.,1.));
#5783=VECTOR('',#5782,0.4);
#5784=LINE('',#5781,#5783);
#5785=EDGE_CURVE('',#933,#5685,#5784,.T.);
#5786=ORIENTED_EDGE('',*,*,#5785,.T.);
#5787=ORIENTED_EDGE('',*,*,#5690,.T.);
#5788=ORIENTED_EDGE('',*,*,#5667,.T.);
#5789=ORIENTED_EDGE('',*,*,#5648,.F.);
#5790=ORIENTED_EDGE('',*,*,#5762,.T.);
#5791=ORIENTED_EDGE('',*,*,#759,.T.);
#5792=EDGE_LOOP('',(#5779,#5780,#5786,#5787,#5788,#5789,#5790,#5791));
#5793=FACE_BOUND('',#5792,.T.);
#5794=ADVANCED_FACE('',(#5793),#5773,.T.);
#5795=OVER_RIDING_STYLED_ITEM('',(#505),#5794,#89);
#5796=CARTESIAN_POINT('',(-1.065,1.275,2.835));
#5797=DIRECTION('',(-0.707106781,-0.707106781,0.));
#5798=DIRECTION('',(0.707106781,-0.707106781,0.));
#5799=AXIS2_PLACEMENT_3D('',#5796,#5797,#5798);
#5800=PLANE('',#5799);
#5801=ORIENTED_EDGE('',*,*,#608,.T.);
#5802=ORIENTED_EDGE('',*,*,#5745,.T.);
#5803=ORIENTED_EDGE('',*,*,#5785,.F.);
#5804=ORIENTED_EDGE('',*,*,#969,.F.);
#5805=EDGE_LOOP('',(#5801,#5802,#5803,#5804));
#5806=FACE_BOUND('',#5805,.T.);
#5807=ADVANCED_FACE('',(#5806),#5800,.F.);
#5808=OVER_RIDING_STYLED_ITEM('',(#505),#5807,#89);
#5809=CARTESIAN_POINT('',(-0.915,0.3,7.8025));
#5810=DIRECTION('',(0.707106781,0.707106781,-0.));
#5811=DIRECTION('',(-0.707106781,0.707106781,-0.));
#5812=AXIS2_PLACEMENT_3D('',#5809,#5810,#5811);
#5813=PLANE('',#5812);
#5814=ORIENTED_EDGE('',*,*,#1008,.T.);
#5815=ORIENTED_EDGE('',*,*,#907,.T.);
#5816=ORIENTED_EDGE('',*,*,#5778,.F.);
#5817=ORIENTED_EDGE('',*,*,#791,.F.);
#5818=EDGE_LOOP('',(#5814,#5815,#5816,#5817));
#5819=FACE_BOUND('',#5818,.T.);
#5820=ADVANCED_FACE('',(#5819),#5813,.T.);
#5821=OVER_RIDING_STYLED_ITEM('',(#505),#5820,#89);
#5822=CARTESIAN_POINT('',(-1.32,-0.4,2.185));
#5823=DIRECTION('',(-1.,-0.,0.));
#5824=DIRECTION('',(0.,-1.,0.));
#5825=AXIS2_PLACEMENT_3D('',#5822,#5823,#5824);
#5826=PLANE('',#5825);
#5827=ORIENTED_EDGE('',*,*,#333,.T.);
#5828=CARTESIAN_POINT('',(-1.32,-0.2,2.185));
#5829=DIRECTION('',(0.,-0.,1.));
#5830=VECTOR('',#5829,0.24);
#5831=LINE('',#5828,#5830);
#5832=EDGE_CURVE('',#660,#328,#5831,.T.);
#5833=ORIENTED_EDGE('',*,*,#5832,.F.);
#5834=ORIENTED_EDGE('',*,*,#665,.T.);
#5835=ORIENTED_EDGE('',*,*,#1072,.T.);
#5836=EDGE_LOOP('',(#5827,#5833,#5834,#5835));
#5837=FACE_BOUND('',#5836,.T.);
#5838=ADVANCED_FACE('',(#5837),#5826,.T.);
#5839=OVER_RIDING_STYLED_ITEM('',(#505),#5838,#89);
#5840=CARTESIAN_POINT('',(-1.32,-0.4,2.185));
#5841=DIRECTION('',(-1.,-0.,0.));
#5842=DIRECTION('',(0.,-1.,0.));
#5843=AXIS2_PLACEMENT_3D('',#5840,#5841,#5842);
#5844=PLANE('',#5843);
#5845=ORIENTED_EDGE('',*,*,#392,.T.);
#5846=ORIENTED_EDGE('',*,*,#1063,.T.);
#5847=CARTESIAN_POINT('',(-1.32,-0.2,6.825));
#5848=VERTEX_POINT('',#5847);
#5849=CARTESIAN_POINT('',(-1.32,-0.5,6.825));
#5850=DIRECTION('',(-0.,1.,-0.));
#5851=VECTOR('',#5850,0.3);
#5852=LINE('',#5849,#5851);
#5853=EDGE_CURVE('',#1052,#5848,#5852,.T.);
#5854=ORIENTED_EDGE('',*,*,#5853,.T.);
#5855=CARTESIAN_POINT('',(-1.32,-0.2,2.545));
#5856=DIRECTION('',(0.,-0.,1.));
#5857=VECTOR('',#5856,4.28);
#5858=LINE('',#5855,#5857);
#5859=EDGE_CURVE('',#387,#5848,#5858,.T.);
#5860=ORIENTED_EDGE('',*,*,#5859,.F.);
#5861=EDGE_LOOP('',(#5845,#5846,#5854,#5860));
#5862=FACE_BOUND('',#5861,.T.);
#5863=CARTESIAN_POINT('',(-1.32,-0.230825757,3.625));
#5864=VERTEX_POINT('',#5863);
#5865=CARTESIAN_POINT('',(-1.32,-0.4825,3.625));
#5866=VERTEX_POINT('',#5865);
#5867=CARTESIAN_POINT('',(-1.32,-0.230825757,3.625));
#5868=DIRECTION('',(0.,-1.,-0.));
#5869=VECTOR('',#5868,0.251674243);
#5870=LINE('',#5867,#5869);
#5871=EDGE_CURVE('',#5864,#5866,#5870,.T.);
#5872=ORIENTED_EDGE('',*,*,#5871,.F.);
#5873=CARTESIAN_POINT('',(-1.32,-0.230825757,3.745));
#5874=VERTEX_POINT('',#5873);
#5875=CARTESIAN_POINT('',(-1.32,-0.230825757,3.625));
#5876=DIRECTION('',(0.,0.,1.));
#5877=VECTOR('',#5876,0.12);
#5878=LINE('',#5875,#5877);
#5879=EDGE_CURVE('',#5864,#5874,#5878,.T.);
#5880=ORIENTED_EDGE('',*,*,#5879,.T.);
#5881=CARTESIAN_POINT('',(-1.32,-0.4825,3.745));
#5882=VERTEX_POINT('',#5881);
#5883=CARTESIAN_POINT('',(-1.32,-0.4825,3.745));
#5884=DIRECTION('',(-0.,1.,0.));
#5885=VECTOR('',#5884,0.251674243);
#5886=LINE('',#5883,#5885);
#5887=EDGE_CURVE('',#5882,#5874,#5886,.T.);
#5888=ORIENTED_EDGE('',*,*,#5887,.F.);
#5889=CARTESIAN_POINT('',(-1.32,-0.4825,3.625));
#5890=DIRECTION('',(0.,0.,1.));
#5891=VECTOR('',#5890,0.12);
#5892=LINE('',#5889,#5891);
#5893=EDGE_CURVE('',#5866,#5882,#5892,.T.);
#5894=ORIENTED_EDGE('',*,*,#5893,.F.);
#5895=EDGE_LOOP('',(#5872,#5880,#5888,#5894));
#5896=FACE_BOUND('',#5895,.T.);
#5897=CARTESIAN_POINT('',(-1.32,-0.230825757,4.025));
#5898=VERTEX_POINT('',#5897);
#5899=CARTESIAN_POINT('',(-1.32,-0.4825,4.025));
#5900=VERTEX_POINT('',#5899);
#5901=CARTESIAN_POINT('',(-1.32,-0.230825757,4.025));
#5902=DIRECTION('',(0.,-1.,-0.));
#5903=VECTOR('',#5902,0.251674243);
#5904=LINE('',#5901,#5903);
#5905=EDGE_CURVE('',#5898,#5900,#5904,.T.);
#5906=ORIENTED_EDGE('',*,*,#5905,.F.);
#5907=CARTESIAN_POINT('',(-1.32,-0.230825757,4.145));
#5908=VERTEX_POINT('',#5907);
#5909=CARTESIAN_POINT('',(-1.32,-0.230825757,4.025));
#5910=DIRECTION('',(0.,0.,1.));
#5911=VECTOR('',#5910,0.12);
#5912=LINE('',#5909,#5911);
#5913=EDGE_CURVE('',#5898,#5908,#5912,.T.);
#5914=ORIENTED_EDGE('',*,*,#5913,.T.);
#5915=CARTESIAN_POINT('',(-1.32,-0.4825,4.145));
#5916=VERTEX_POINT('',#5915);
#5917=CARTESIAN_POINT('',(-1.32,-0.4825,4.145));
#5918=DIRECTION('',(-0.,1.,0.));
#5919=VECTOR('',#5918,0.251674243);
#5920=LINE('',#5917,#5919);
#5921=EDGE_CURVE('',#5916,#5908,#5920,.T.);
#5922=ORIENTED_EDGE('',*,*,#5921,.F.);
#5923=CARTESIAN_POINT('',(-1.32,-0.4825,4.025));
#5924=DIRECTION('',(0.,0.,1.));
#5925=VECTOR('',#5924,0.12);
#5926=LINE('',#5923,#5925);
#5927=EDGE_CURVE('',#5900,#5916,#5926,.T.);
#5928=ORIENTED_EDGE('',*,*,#5927,.F.);
#5929=EDGE_LOOP('',(#5906,#5914,#5922,#5928));
#5930=FACE_BOUND('',#5929,.T.);
#5931=CARTESIAN_POINT('',(-1.32,-0.230825757,5.625));
#5932=VERTEX_POINT('',#5931);
#5933=CARTESIAN_POINT('',(-1.32,-0.4825,5.625));
#5934=VERTEX_POINT('',#5933);
#5935=CARTESIAN_POINT('',(-1.32,-0.230825757,5.625));
#5936=DIRECTION('',(0.,-1.,-0.));
#5937=VECTOR('',#5936,0.251674243);
#5938=LINE('',#5935,#5937);
#5939=EDGE_CURVE('',#5932,#5934,#5938,.T.);
#5940=ORIENTED_EDGE('',*,*,#5939,.F.);
#5941=CARTESIAN_POINT('',(-1.32,-0.230825757,5.745));
#5942=VERTEX_POINT('',#5941);
#5943=CARTESIAN_POINT('',(-1.32,-0.230825757,5.625));
#5944=DIRECTION('',(0.,0.,1.));
#5945=VECTOR('',#5944,0.12);
#5946=LINE('',#5943,#5945);
#5947=EDGE_CURVE('',#5932,#5942,#5946,.T.);
#5948=ORIENTED_EDGE('',*,*,#5947,.T.);
#5949=CARTESIAN_POINT('',(-1.32,-0.4825,5.745));
#5950=VERTEX_POINT('',#5949);
#5951=CARTESIAN_POINT('',(-1.32,-0.4825,5.745));
#5952=DIRECTION('',(-0.,1.,0.));
#5953=VECTOR('',#5952,0.251674243);
#5954=LINE('',#5951,#5953);
#5955=EDGE_CURVE('',#5950,#5942,#5954,.T.);
#5956=ORIENTED_EDGE('',*,*,#5955,.F.);
#5957=CARTESIAN_POINT('',(-1.32,-0.4825,5.625));
#5958=DIRECTION('',(0.,0.,1.));
#5959=VECTOR('',#5958,0.12);
#5960=LINE('',#5957,#5959);
#5961=EDGE_CURVE('',#5934,#5950,#5960,.T.);
#5962=ORIENTED_EDGE('',*,*,#5961,.F.);
#5963=EDGE_LOOP('',(#5940,#5948,#5956,#5962));
#5964=FACE_BOUND('',#5963,.T.);
#5965=CARTESIAN_POINT('',(-1.32,-0.230825757,5.225));
#5966=VERTEX_POINT('',#5965);
#5967=CARTESIAN_POINT('',(-1.32,-0.4825,5.225));
#5968=VERTEX_POINT('',#5967);
#5969=CARTESIAN_POINT('',(-1.32,-0.230825757,5.225));
#5970=DIRECTION('',(0.,-1.,-0.));
#5971=VECTOR('',#5970,0.251674243);
#5972=LINE('',#5969,#5971);
#5973=EDGE_CURVE('',#5966,#5968,#5972,.T.);
#5974=ORIENTED_EDGE('',*,*,#5973,.F.);
#5975=CARTESIAN_POINT('',(-1.32,-0.230825757,5.345));
#5976=VERTEX_POINT('',#5975);
#5977=CARTESIAN_POINT('',(-1.32,-0.230825757,5.225));
#5978=DIRECTION('',(0.,0.,1.));
#5979=VECTOR('',#5978,0.12);
#5980=LINE('',#5977,#5979);
#5981=EDGE_CURVE('',#5966,#5976,#5980,.T.);
#5982=ORIENTED_EDGE('',*,*,#5981,.T.);
#5983=CARTESIAN_POINT('',(-1.32,-0.4825,5.345));
#5984=VERTEX_POINT('',#5983);
#5985=CARTESIAN_POINT('',(-1.32,-0.4825,5.345));
#5986=DIRECTION('',(-0.,1.,0.));
#5987=VECTOR('',#5986,0.251674243);
#5988=LINE('',#5985,#5987);
#5989=EDGE_CURVE('',#5984,#5976,#5988,.T.);
#5990=ORIENTED_EDGE('',*,*,#5989,.F.);
#5991=CARTESIAN_POINT('',(-1.32,-0.4825,5.225));
#5992=DIRECTION('',(0.,0.,1.));
#5993=VECTOR('',#5992,0.12);
#5994=LINE('',#5991,#5993);
#5995=EDGE_CURVE('',#5968,#5984,#5994,.T.);
#5996=ORIENTED_EDGE('',*,*,#5995,.F.);
#5997=EDGE_LOOP('',(#5974,#5982,#5990,#5996));
#5998=FACE_BOUND('',#5997,.T.);
#5999=CARTESIAN_POINT('',(-1.32,-0.230825757,4.425));
#6000=VERTEX_POINT('',#5999);
#6001=CARTESIAN_POINT('',(-1.32,-0.4825,4.425));
#6002=VERTEX_POINT('',#6001);
#6003=CARTESIAN_POINT('',(-1.32,-0.230825757,4.425));
#6004=DIRECTION('',(0.,-1.,-0.));
#6005=VECTOR('',#6004,0.251674243);
#6006=LINE('',#6003,#6005);
#6007=EDGE_CURVE('',#6000,#6002,#6006,.T.);
#6008=ORIENTED_EDGE('',*,*,#6007,.F.);
#6009=CARTESIAN_POINT('',(-1.32,-0.230825757,4.545));
#6010=VERTEX_POINT('',#6009);
#6011=CARTESIAN_POINT('',(-1.32,-0.230825757,4.425));
#6012=DIRECTION('',(0.,0.,1.));
#6013=VECTOR('',#6012,0.12);
#6014=LINE('',#6011,#6013);
#6015=EDGE_CURVE('',#6000,#6010,#6014,.T.);
#6016=ORIENTED_EDGE('',*,*,#6015,.T.);
#6017=CARTESIAN_POINT('',(-1.32,-0.4825,4.545));
#6018=VERTEX_POINT('',#6017);
#6019=CARTESIAN_POINT('',(-1.32,-0.4825,4.545));
#6020=DIRECTION('',(-0.,1.,0.));
#6021=VECTOR('',#6020,0.251674243);
#6022=LINE('',#6019,#6021);
#6023=EDGE_CURVE('',#6018,#6010,#6022,.T.);
#6024=ORIENTED_EDGE('',*,*,#6023,.F.);
#6025=CARTESIAN_POINT('',(-1.32,-0.4825,4.425));
#6026=DIRECTION('',(0.,0.,1.));
#6027=VECTOR('',#6026,0.12);
#6028=LINE('',#6025,#6027);
#6029=EDGE_CURVE('',#6002,#6018,#6028,.T.);
#6030=ORIENTED_EDGE('',*,*,#6029,.F.);
#6031=EDGE_LOOP('',(#6008,#6016,#6024,#6030));
#6032=FACE_BOUND('',#6031,.T.);
#6033=CARTESIAN_POINT('',(-1.32,-0.230825757,4.825));
#6034=VERTEX_POINT('',#6033);
#6035=CARTESIAN_POINT('',(-1.32,-0.4825,4.825));
#6036=VERTEX_POINT('',#6035);
#6037=CARTESIAN_POINT('',(-1.32,-0.230825757,4.825));
#6038=DIRECTION('',(0.,-1.,-0.));
#6039=VECTOR('',#6038,0.251674243);
#6040=LINE('',#6037,#6039);
#6041=EDGE_CURVE('',#6034,#6036,#6040,.T.);
#6042=ORIENTED_EDGE('',*,*,#6041,.F.);
#6043=CARTESIAN_POINT('',(-1.32,-0.230825757,4.945));
#6044=VERTEX_POINT('',#6043);
#6045=CARTESIAN_POINT('',(-1.32,-0.230825757,4.825));
#6046=DIRECTION('',(0.,0.,1.));
#6047=VECTOR('',#6046,0.12);
#6048=LINE('',#6045,#6047);
#6049=EDGE_CURVE('',#6034,#6044,#6048,.T.);
#6050=ORIENTED_EDGE('',*,*,#6049,.T.);
#6051=CARTESIAN_POINT('',(-1.32,-0.4825,4.945));
#6052=VERTEX_POINT('',#6051);
#6053=CARTESIAN_POINT('',(-1.32,-0.4825,4.945));
#6054=DIRECTION('',(-0.,1.,0.));
#6055=VECTOR('',#6054,0.251674243);
#6056=LINE('',#6053,#6055);
#6057=EDGE_CURVE('',#6052,#6044,#6056,.T.);
#6058=ORIENTED_EDGE('',*,*,#6057,.F.);
#6059=CARTESIAN_POINT('',(-1.32,-0.4825,4.825));
#6060=DIRECTION('',(0.,0.,1.));
#6061=VECTOR('',#6060,0.12);
#6062=LINE('',#6059,#6061);
#6063=EDGE_CURVE('',#6036,#6052,#6062,.T.);
#6064=ORIENTED_EDGE('',*,*,#6063,.F.);
#6065=EDGE_LOOP('',(#6042,#6050,#6058,#6064));
#6066=FACE_BOUND('',#6065,.T.);
#6067=ADVANCED_FACE('',(#5862,#5896,#5930,#5964,#5998,#6032,#6066),#5844,.T.);
#6068=OVER_RIDING_STYLED_ITEM('',(#505),#6067,#89);
#6069=CARTESIAN_POINT('',(1.049014969,-0.20674359,6.825));
#6070=DIRECTION('',(0.,-0.,1.));
#6071=DIRECTION('',(1.,0.,0.));
#6072=AXIS2_PLACEMENT_3D('',#6069,#6070,#6071);
#6073=PLANE('',#6072);
#6074=CARTESIAN_POINT('',(-1.33,-0.55,6.825));
#6075=VERTEX_POINT('',#6074);
#6076=CARTESIAN_POINT('',(-1.278222618,-0.5,6.825));
#6077=DIRECTION('',(-0.719345609,-0.694652355,0.));
#6078=VECTOR('',#6077,0.07197845);
#6079=LINE('',#6076,#6078);
#6080=EDGE_CURVE('',#1044,#6075,#6079,.T.);
#6081=ORIENTED_EDGE('',*,*,#6080,.T.);
#6082=CARTESIAN_POINT('',(-1.58,-0.55,6.825));
#6083=VERTEX_POINT('',#6082);
#6084=CARTESIAN_POINT('',(-1.33,-0.55,6.825));
#6085=DIRECTION('',(-1.,-0.,-0.));
#6086=VECTOR('',#6085,0.25);
#6087=LINE('',#6084,#6086);
#6088=EDGE_CURVE('',#6075,#6083,#6087,.T.);
#6089=ORIENTED_EDGE('',*,*,#6088,.T.);
#6090=CARTESIAN_POINT('',(-1.63,-0.5,6.825));
#6091=VERTEX_POINT('',#6090);
#6092=CARTESIAN_POINT('',(-1.58,-0.55,6.825));
#6093=DIRECTION('',(-0.707106781,0.707106781,0.));
#6094=VECTOR('',#6093,0.070710678);
#6095=LINE('',#6092,#6094);
#6096=EDGE_CURVE('',#6083,#6091,#6095,.T.);
#6097=ORIENTED_EDGE('',*,*,#6096,.T.);
#6098=CARTESIAN_POINT('',(-1.63,-0.42,6.825));
#6099=VERTEX_POINT('',#6098);
#6100=CARTESIAN_POINT('',(-1.63,-0.5,6.825));
#6101=DIRECTION('',(-0.,1.,0.));
#6102=VECTOR('',#6101,0.08);
#6103=LINE('',#6100,#6102);
#6104=EDGE_CURVE('',#6091,#6099,#6103,.T.);
#6105=ORIENTED_EDGE('',*,*,#6104,.T.);
#6106=CARTESIAN_POINT('',(-1.49,-0.42,6.825));
#6107=VERTEX_POINT('',#6106);
#6108=CARTESIAN_POINT('',(-1.63,-0.42,6.825));
#6109=DIRECTION('',(1.,0.,0.));
#6110=VECTOR('',#6109,0.14);
#6111=LINE('',#6108,#6110);
#6112=EDGE_CURVE('',#6099,#6107,#6111,.T.);
#6113=ORIENTED_EDGE('',*,*,#6112,.T.);
#6114=CARTESIAN_POINT('',(-1.44,-0.37,6.825));
#6115=VERTEX_POINT('',#6114);
#6116=CARTESIAN_POINT('',(-1.49,-0.37,6.825));
#6117=DIRECTION('',(-0.,0.,-1.));
#6118=DIRECTION('',(0.,1.,0.));
#6119=AXIS2_PLACEMENT_3D('',#6116,#6117,#6118);
#6120=CIRCLE('',#6119,0.05);
#6121=EDGE_CURVE('',#6115,#6107,#6120,.T.);
#6122=ORIENTED_EDGE('',*,*,#6121,.F.);
#6123=CARTESIAN_POINT('',(-1.44,-0.23,6.825));
#6124=VERTEX_POINT('',#6123);
#6125=CARTESIAN_POINT('',(-1.44,-0.37,6.825));
#6126=DIRECTION('',(-0.,1.,0.));
#6127=VECTOR('',#6126,0.14);
#6128=LINE('',#6125,#6127);
#6129=EDGE_CURVE('',#6115,#6124,#6128,.T.);
#6130=ORIENTED_EDGE('',*,*,#6129,.T.);
#6131=CARTESIAN_POINT('',(-1.43,-0.2,6.825));
#6132=VERTEX_POINT('',#6131);
#6133=CARTESIAN_POINT('',(-1.39,-0.23,6.825));
#6134=DIRECTION('',(0.,-0.,1.));
#6135=DIRECTION('',(0.,-1.,-0.));
#6136=AXIS2_PLACEMENT_3D('',#6133,#6134,#6135);
#6137=CIRCLE('',#6136,0.05);
#6138=EDGE_CURVE('',#6132,#6124,#6137,.T.);
#6139=ORIENTED_EDGE('',*,*,#6138,.F.);
#6140=CARTESIAN_POINT('',(-1.32,-0.2,6.825));
#6141=DIRECTION('',(-1.,-0.,-0.));
#6142=VECTOR('',#6141,0.11);
#6143=LINE('',#6140,#6142);
#6144=EDGE_CURVE('',#5848,#6132,#6143,.T.);
#6145=ORIENTED_EDGE('',*,*,#6144,.F.);
#6146=ORIENTED_EDGE('',*,*,#5853,.F.);
#6147=ORIENTED_EDGE('',*,*,#1057,.F.);
#6148=EDGE_LOOP('',(#6081,#6089,#6097,#6105,#6113,#6122,#6130,#6139,#6145,#6146,#6147));
#6149=FACE_BOUND('',#6148,.T.);
#6150=ADVANCED_FACE('',(#6149),#6073,.F.);
#6151=CARTESIAN_POINT('',(-1.33,-0.55,6.885));
#6152=DIRECTION('',(-0.694652355,0.719345609,0.));
#6153=DIRECTION('',(-0.719345609,-0.694652355,-0.));
#6154=AXIS2_PLACEMENT_3D('',#6151,#6152,#6153);
#6155=PLANE('',#6154);
#6156=CARTESIAN_POINT('',(-1.33,-0.55,6.945));
#6157=VERTEX_POINT('',#6156);
#6158=CARTESIAN_POINT('',(-1.33,-0.55,6.945));
#6159=DIRECTION('',(0.719345609,0.694652355,0.));
#6160=VECTOR('',#6159,0.07197845);
#6161=LINE('',#6158,#6160);
#6162=EDGE_CURVE('',#6157,#1036,#6161,.T.);
#6163=ORIENTED_EDGE('',*,*,#6162,.F.);
#6164=CARTESIAN_POINT('',(-1.33,-0.55,6.825));
#6165=DIRECTION('',(0.,-0.,1.));
#6166=VECTOR('',#6165,0.12);
#6167=LINE('',#6164,#6166);
#6168=EDGE_CURVE('',#6075,#6157,#6167,.T.);
#6169=ORIENTED_EDGE('',*,*,#6168,.F.);
#6170=ORIENTED_EDGE('',*,*,#6080,.F.);
#6171=ORIENTED_EDGE('',*,*,#1049,.F.);
#6172=EDGE_LOOP('',(#6163,#6169,#6170,#6171));
#6173=FACE_BOUND('',#6172,.T.);
#6174=ADVANCED_FACE('',(#6173),#6155,.F.);
#6175=CARTESIAN_POINT('',(1.049014969,-0.20674359,6.945));
#6176=DIRECTION('',(0.,-0.,1.));
#6177=DIRECTION('',(1.,0.,0.));
#6178=AXIS2_PLACEMENT_3D('',#6175,#6176,#6177);
#6179=PLANE('',#6178);
#6180=ORIENTED_EDGE('',*,*,#1041,.T.);
#6181=CARTESIAN_POINT('',(-1.32,-0.2,6.945));
#6182=VERTEX_POINT('',#6181);
#6183=CARTESIAN_POINT('',(-1.32,-0.5,6.945));
#6184=DIRECTION('',(-0.,1.,0.));
#6185=VECTOR('',#6184,0.3);
#6186=LINE('',#6183,#6185);
#6187=EDGE_CURVE('',#1028,#6182,#6186,.T.);
#6188=ORIENTED_EDGE('',*,*,#6187,.T.);
#6189=CARTESIAN_POINT('',(-1.43,-0.2,6.945));
#6190=VERTEX_POINT('',#6189);
#6191=CARTESIAN_POINT('',(-1.32,-0.2,6.945));
#6192=DIRECTION('',(-1.,-0.,-0.));
#6193=VECTOR('',#6192,0.11);
#6194=LINE('',#6191,#6193);
#6195=EDGE_CURVE('',#6182,#6190,#6194,.T.);
#6196=ORIENTED_EDGE('',*,*,#6195,.T.);
#6197=CARTESIAN_POINT('',(-1.44,-0.23,6.945));
#6198=VERTEX_POINT('',#6197);
#6199=CARTESIAN_POINT('',(-1.39,-0.23,6.945));
#6200=DIRECTION('',(-0.,0.,-1.));
#6201=DIRECTION('',(0.,-1.,-0.));
#6202=AXIS2_PLACEMENT_3D('',#6199,#6200,#6201);
#6203=CIRCLE('',#6202,0.05);
#6204=EDGE_CURVE('',#6198,#6190,#6203,.T.);
#6205=ORIENTED_EDGE('',*,*,#6204,.F.);
#6206=CARTESIAN_POINT('',(-1.44,-0.37,6.945));
#6207=VERTEX_POINT('',#6206);
#6208=CARTESIAN_POINT('',(-1.44,-0.23,6.945));
#6209=DIRECTION('',(0.,-1.,-0.));
#6210=VECTOR('',#6209,0.14);
#6211=LINE('',#6208,#6210);
#6212=EDGE_CURVE('',#6198,#6207,#6211,.T.);
#6213=ORIENTED_EDGE('',*,*,#6212,.T.);
#6214=CARTESIAN_POINT('',(-1.49,-0.42,6.945));
#6215=VERTEX_POINT('',#6214);
#6216=CARTESIAN_POINT('',(-1.49,-0.37,6.945));
#6217=DIRECTION('',(0.,-0.,1.));
#6218=DIRECTION('',(0.,1.,0.));
#6219=AXIS2_PLACEMENT_3D('',#6216,#6217,#6218);
#6220=CIRCLE('',#6219,0.05);
#6221=EDGE_CURVE('',#6215,#6207,#6220,.T.);
#6222=ORIENTED_EDGE('',*,*,#6221,.F.);
#6223=CARTESIAN_POINT('',(-1.63,-0.42,6.945));
#6224=VERTEX_POINT('',#6223);
#6225=CARTESIAN_POINT('',(-1.49,-0.42,6.945));
#6226=DIRECTION('',(-1.,-0.,-0.));
#6227=VECTOR('',#6226,0.14);
#6228=LINE('',#6225,#6227);
#6229=EDGE_CURVE('',#6215,#6224,#6228,.T.);
#6230=ORIENTED_EDGE('',*,*,#6229,.T.);
#6231=CARTESIAN_POINT('',(-1.63,-0.5,6.945));
#6232=VERTEX_POINT('',#6231);
#6233=CARTESIAN_POINT('',(-1.63,-0.42,6.945));
#6234=DIRECTION('',(0.,-1.,-0.));
#6235=VECTOR('',#6234,0.08);
#6236=LINE('',#6233,#6235);
#6237=EDGE_CURVE('',#6224,#6232,#6236,.T.);
#6238=ORIENTED_EDGE('',*,*,#6237,.T.);
#6239=CARTESIAN_POINT('',(-1.58,-0.55,6.945));
#6240=VERTEX_POINT('',#6239);
#6241=CARTESIAN_POINT('',(-1.58,-0.55,6.945));
#6242=DIRECTION('',(-0.707106781,0.707106781,0.));
#6243=VECTOR('',#6242,0.070710678);
#6244=LINE('',#6241,#6243);
#6245=EDGE_CURVE('',#6240,#6232,#6244,.T.);
#6246=ORIENTED_EDGE('',*,*,#6245,.F.);
#6247=CARTESIAN_POINT('',(-1.58,-0.55,6.945));
#6248=DIRECTION('',(1.,0.,0.));
#6249=VECTOR('',#6248,0.25);
#6250=LINE('',#6247,#6249);
#6251=EDGE_CURVE('',#6240,#6157,#6250,.T.);
#6252=ORIENTED_EDGE('',*,*,#6251,.T.);
#6253=ORIENTED_EDGE('',*,*,#6162,.T.);
#6254=EDGE_LOOP('',(#6180,#6188,#6196,#6205,#6213,#6222,#6230,#6238,#6246,#6252,#6253));
#6255=FACE_BOUND('',#6254,.T.);
#6256=ADVANCED_FACE('',(#6255),#6179,.T.);
#6257=CARTESIAN_POINT('',(-1.32,-0.4,2.185));
#6258=DIRECTION('',(-1.,-0.,0.));
#6259=DIRECTION('',(0.,-1.,0.));
#6260=AXIS2_PLACEMENT_3D('',#6257,#6258,#6259);
#6261=PLANE('',#6260);
#6262=ORIENTED_EDGE('',*,*,#6187,.F.);
#6263=ORIENTED_EDGE('',*,*,#1033,.T.);
#6264=ORIENTED_EDGE('',*,*,#535,.F.);
#6265=CARTESIAN_POINT('',(-1.32,-0.2,6.945));
#6266=DIRECTION('',(0.,-0.,1.));
#6267=VECTOR('',#6266,0.24);
#6268=LINE('',#6265,#6267);
#6269=EDGE_CURVE('',#6182,#522,#6268,.T.);
#6270=ORIENTED_EDGE('',*,*,#6269,.F.);
#6271=EDGE_LOOP('',(#6262,#6263,#6264,#6270));
#6272=FACE_BOUND('',#6271,.T.);
#6273=ADVANCED_FACE('',(#6272),#6261,.T.);
#6274=OVER_RIDING_STYLED_ITEM('',(#505),#6273,#89);
#6275=CARTESIAN_POINT('',(-0.52,0.3,4.285));
#6276=DIRECTION('',(-0.707106781,0.707106781,0.));
#6277=DIRECTION('',(-0.707106781,-0.707106781,0.));
#6278=AXIS2_PLACEMENT_3D('',#6275,#6276,#6277);
#6279=PLANE('',#6278);
#6280=ORIENTED_EDGE('',*,*,#1800,.F.);
#6281=ORIENTED_EDGE('',*,*,#866,.F.);
#6282=ORIENTED_EDGE('',*,*,#991,.F.);
#6283=ORIENTED_EDGE('',*,*,#825,.T.);
#6284=EDGE_LOOP('',(#6280,#6281,#6282,#6283));
#6285=FACE_BOUND('',#6284,.T.);
#6286=ADVANCED_FACE('',(#6285),#6279,.T.);
#6287=OVER_RIDING_STYLED_ITEM('',(#505),#6286,#89);
#6288=CARTESIAN_POINT('',(-1.39,-0.55,4.025));
#6289=DIRECTION('',(0.,-1.,0.));
#6290=DIRECTION('',(1.,0.,0.));
#6291=AXIS2_PLACEMENT_3D('',#6288,#6289,#6290);
#6292=PLANE('',#6291);
#6293=CARTESIAN_POINT('',(-1.410180186,-0.55,4.025));
#6294=VERTEX_POINT('',#6293);
#6295=CARTESIAN_POINT('',(-1.410180186,-0.55,4.145));
#6296=VERTEX_POINT('',#6295);
#6297=CARTESIAN_POINT('',(-1.410180186,-0.55,4.025));
#6298=DIRECTION('',(0.,0.,1.));
#6299=VECTOR('',#6298,0.12);
#6300=LINE('',#6297,#6299);
#6301=EDGE_CURVE('',#6294,#6296,#6300,.T.);
#6302=ORIENTED_EDGE('',*,*,#6301,.T.);
#6303=CARTESIAN_POINT('',(-1.64,-0.55,4.145));
#6304=VERTEX_POINT('',#6303);
#6305=CARTESIAN_POINT('',(-1.410180186,-0.55,4.145));
#6306=DIRECTION('',(-1.,-0.,-0.));
#6307=VECTOR('',#6306,0.229819814);
#6308=LINE('',#6305,#6307);
#6309=EDGE_CURVE('',#6296,#6304,#6308,.T.);
#6310=ORIENTED_EDGE('',*,*,#6309,.T.);
#6311=CARTESIAN_POINT('',(-1.64,-0.55,4.025));
#6312=VERTEX_POINT('',#6311);
#6313=CARTESIAN_POINT('',(-1.64,-0.55,4.025));
#6314=DIRECTION('',(0.,0.,1.));
#6315=VECTOR('',#6314,0.12);
#6316=LINE('',#6313,#6315);
#6317=EDGE_CURVE('',#6312,#6304,#6316,.T.);
#6318=ORIENTED_EDGE('',*,*,#6317,.F.);
#6319=CARTESIAN_POINT('',(-1.64,-0.55,4.025));
#6320=DIRECTION('',(1.,0.,0.));
#6321=VECTOR('',#6320,0.229819814);
#6322=LINE('',#6319,#6321);
#6323=EDGE_CURVE('',#6312,#6294,#6322,.T.);
#6324=ORIENTED_EDGE('',*,*,#6323,.T.);
#6325=EDGE_LOOP('',(#6302,#6310,#6318,#6324));
#6326=FACE_BOUND('',#6325,.T.);
#6327=ADVANCED_FACE('',(#6326),#6292,.T.);
#6328=CARTESIAN_POINT('',(-1.64,-0.5,4.145));
#6329=DIRECTION('',(0.,-0.,1.));
#6330=DIRECTION('',(1.,0.,0.));
#6331=AXIS2_PLACEMENT_3D('',#6328,#6329,#6330);
#6332=CYLINDRICAL_SURFACE('',#6331,0.05);
#6333=CARTESIAN_POINT('',(-1.69,-0.5,4.025));
#6334=VERTEX_POINT('',#6333);
#6335=CARTESIAN_POINT('',(-1.69,-0.5,4.145));
#6336=VERTEX_POINT('',#6335);
#6337=CARTESIAN_POINT('',(-1.69,-0.5,4.025));
#6338=DIRECTION('',(0.,0.,1.));
#6339=VECTOR('',#6338,0.12);
#6340=LINE('',#6337,#6339);
#6341=EDGE_CURVE('',#6334,#6336,#6340,.T.);
#6342=ORIENTED_EDGE('',*,*,#6341,.F.);
#6343=CARTESIAN_POINT('',(-1.64,-0.5,4.025));
#6344=DIRECTION('',(0.,0.,1.));
#6345=DIRECTION('',(1.,0.,-0.));
#6346=AXIS2_PLACEMENT_3D('',#6343,#6344,#6345);
#6347=CIRCLE('',#6346,0.05);
#6348=EDGE_CURVE('',#6334,#6312,#6347,.T.);
#6349=ORIENTED_EDGE('',*,*,#6348,.T.);
#6350=ORIENTED_EDGE('',*,*,#6317,.T.);
#6351=CARTESIAN_POINT('',(-1.64,-0.5,4.145));
#6352=DIRECTION('',(0.,0.,1.));
#6353=DIRECTION('',(1.,0.,-0.));
#6354=AXIS2_PLACEMENT_3D('',#6351,#6352,#6353);
#6355=CIRCLE('',#6354,0.05);
#6356=EDGE_CURVE('',#6336,#6304,#6355,.T.);
#6357=ORIENTED_EDGE('',*,*,#6356,.F.);
#6358=EDGE_LOOP('',(#6342,#6349,#6350,#6357));
#6359=FACE_BOUND('',#6358,.T.);
#6360=ADVANCED_FACE('',(#6359),#6332,.T.);
#6361=CARTESIAN_POINT('',(-1.69,-0.55,4.025));
#6362=DIRECTION('',(-1.,-0.,0.));
#6363=DIRECTION('',(0.,-1.,0.));
#6364=AXIS2_PLACEMENT_3D('',#6361,#6362,#6363);
#6365=PLANE('',#6364);
#6366=ORIENTED_EDGE('',*,*,#6341,.T.);
#6367=CARTESIAN_POINT('',(-1.69,-0.42,4.145));
#6368=VERTEX_POINT('',#6367);
#6369=CARTESIAN_POINT('',(-1.69,-0.5,4.145));
#6370=DIRECTION('',(-0.,1.,-0.));
#6371=VECTOR('',#6370,0.08);
#6372=LINE('',#6369,#6371);
#6373=EDGE_CURVE('',#6336,#6368,#6372,.T.);
#6374=ORIENTED_EDGE('',*,*,#6373,.T.);
#6375=CARTESIAN_POINT('',(-1.69,-0.42,4.025));
#6376=VERTEX_POINT('',#6375);
#6377=CARTESIAN_POINT('',(-1.69,-0.42,4.025));
#6378=DIRECTION('',(0.,0.,1.));
#6379=VECTOR('',#6378,0.12);
#6380=LINE('',#6377,#6379);
#6381=EDGE_CURVE('',#6376,#6368,#6380,.T.);
#6382=ORIENTED_EDGE('',*,*,#6381,.F.);
#6383=CARTESIAN_POINT('',(-1.69,-0.42,4.025));
#6384=DIRECTION('',(0.,-1.,0.));
#6385=VECTOR('',#6384,0.08);
#6386=LINE('',#6383,#6385);
#6387=EDGE_CURVE('',#6376,#6334,#6386,.T.);
#6388=ORIENTED_EDGE('',*,*,#6387,.T.);
#6389=EDGE_LOOP('',(#6366,#6374,#6382,#6388));
#6390=FACE_BOUND('',#6389,.T.);
#6391=ADVANCED_FACE('',(#6390),#6365,.T.);
#6392=CARTESIAN_POINT('',(-1.69,-0.42,4.025));
#6393=DIRECTION('',(-0.,1.,0.));
#6394=DIRECTION('',(-1.,-0.,0.));
#6395=AXIS2_PLACEMENT_3D('',#6392,#6393,#6394);
#6396=PLANE('',#6395);
#6397=CARTESIAN_POINT('',(-1.49,-0.42,4.025));
#6398=VERTEX_POINT('',#6397);
#6399=CARTESIAN_POINT('',(-1.49,-0.42,4.025));
#6400=DIRECTION('',(-1.,-0.,0.));
#6401=VECTOR('',#6400,0.2);
#6402=LINE('',#6399,#6401);
#6403=EDGE_CURVE('',#6398,#6376,#6402,.T.);
#6404=ORIENTED_EDGE('',*,*,#6403,.T.);
#6405=ORIENTED_EDGE('',*,*,#6381,.T.);
#6406=CARTESIAN_POINT('',(-1.49,-0.42,4.145));
#6407=VERTEX_POINT('',#6406);
#6408=CARTESIAN_POINT('',(-1.69,-0.42,4.145));
#6409=DIRECTION('',(1.,0.,-0.));
#6410=VECTOR('',#6409,0.2);
#6411=LINE('',#6408,#6410);
#6412=EDGE_CURVE('',#6368,#6407,#6411,.T.);
#6413=ORIENTED_EDGE('',*,*,#6412,.T.);
#6414=CARTESIAN_POINT('',(-1.49,-0.42,4.145));
#6415=DIRECTION('',(-0.,-0.,-1.));
#6416=VECTOR('',#6415,0.12);
#6417=LINE('',#6414,#6416);
#6418=EDGE_CURVE('',#6407,#6398,#6417,.T.);
#6419=ORIENTED_EDGE('',*,*,#6418,.T.);
#6420=EDGE_LOOP('',(#6404,#6405,#6413,#6419));
#6421=FACE_BOUND('',#6420,.T.);
#6422=ADVANCED_FACE('',(#6421),#6396,.T.);
#6423=CARTESIAN_POINT('',(-1.49,-0.37,4.025));
#6424=DIRECTION('',(-0.,0.,-1.));
#6425=DIRECTION('',(-1.,-0.,0.));
#6426=AXIS2_PLACEMENT_3D('',#6423,#6424,#6425);
#6427=CYLINDRICAL_SURFACE('',#6426,0.05);
#6428=CARTESIAN_POINT('',(-1.44,-0.37,4.025));
#6429=VERTEX_POINT('',#6428);
#6430=CARTESIAN_POINT('',(-1.49,-0.37,4.025));
#6431=DIRECTION('',(0.,0.,-1.));
#6432=DIRECTION('',(-1.,0.,0.));
#6433=AXIS2_PLACEMENT_3D('',#6430,#6431,#6432);
#6434=CIRCLE('',#6433,0.05);
#6435=EDGE_CURVE('',#6429,#6398,#6434,.T.);
#6436=ORIENTED_EDGE('',*,*,#6435,.T.);
#6437=ORIENTED_EDGE('',*,*,#6418,.F.);
#6438=CARTESIAN_POINT('',(-1.44,-0.37,4.145));
#6439=VERTEX_POINT('',#6438);
#6440=CARTESIAN_POINT('',(-1.49,-0.37,4.145));
#6441=DIRECTION('',(0.,0.,-1.));
#6442=DIRECTION('',(-1.,0.,0.));
#6443=AXIS2_PLACEMENT_3D('',#6440,#6441,#6442);
#6444=CIRCLE('',#6443,0.05);
#6445=EDGE_CURVE('',#6439,#6407,#6444,.T.);
#6446=ORIENTED_EDGE('',*,*,#6445,.F.);
#6447=CARTESIAN_POINT('',(-1.44,-0.37,4.145));
#6448=DIRECTION('',(0.,0.,-1.));
#6449=VECTOR('',#6448,0.12);
#6450=LINE('',#6447,#6449);
#6451=EDGE_CURVE('',#6439,#6429,#6450,.T.);
#6452=ORIENTED_EDGE('',*,*,#6451,.T.);
#6453=EDGE_LOOP('',(#6436,#6437,#6446,#6452));
#6454=FACE_BOUND('',#6453,.T.);
#6455=ADVANCED_FACE('',(#6454),#6427,.F.);
#6456=CARTESIAN_POINT('',(-1.44,0.08,4.145));
#6457=DIRECTION('',(-1.,-0.,0.));
#6458=DIRECTION('',(0.,-1.,0.));
#6459=AXIS2_PLACEMENT_3D('',#6456,#6457,#6458);
#6460=PLANE('',#6459);
#6461=CARTESIAN_POINT('',(-1.44,-0.285,4.145));
#6462=VERTEX_POINT('',#6461);
#6463=CARTESIAN_POINT('',(-1.44,-0.37,4.145));
#6464=DIRECTION('',(-0.,1.,-0.));
#6465=VECTOR('',#6464,0.085);
#6466=LINE('',#6463,#6465);
#6467=EDGE_CURVE('',#6439,#6462,#6466,.T.);
#6468=ORIENTED_EDGE('',*,*,#6467,.T.);
#6469=CARTESIAN_POINT('',(-1.44,-0.285,4.025));
#6470=VERTEX_POINT('',#6469);
#6471=CARTESIAN_POINT('',(-1.44,-0.285,4.145));
#6472=DIRECTION('',(-0.,-0.,-1.));
#6473=VECTOR('',#6472,0.12);
#6474=LINE('',#6471,#6473);
#6475=EDGE_CURVE('',#6462,#6470,#6474,.T.);
#6476=ORIENTED_EDGE('',*,*,#6475,.T.);
#6477=CARTESIAN_POINT('',(-1.44,-0.285,4.025));
#6478=DIRECTION('',(0.,-1.,0.));
#6479=VECTOR('',#6478,0.085);
#6480=LINE('',#6477,#6479);
#6481=EDGE_CURVE('',#6470,#6429,#6480,.T.);
#6482=ORIENTED_EDGE('',*,*,#6481,.T.);
#6483=ORIENTED_EDGE('',*,*,#6451,.F.);
#6484=EDGE_LOOP('',(#6468,#6476,#6482,#6483));
#6485=FACE_BOUND('',#6484,.T.);
#6486=ADVANCED_FACE('',(#6485),#6460,.T.);
#6487=CARTESIAN_POINT('',(-1.39,-0.285,4.145));
#6488=DIRECTION('',(-0.,0.,-1.));
#6489=DIRECTION('',(-1.,-0.,0.));
#6490=AXIS2_PLACEMENT_3D('',#6487,#6488,#6489);
#6491=CYLINDRICAL_SURFACE('',#6490,0.05);
#6492=CARTESIAN_POINT('',(-1.39,-0.235,4.145));
#6493=VERTEX_POINT('',#6492);
#6494=CARTESIAN_POINT('',(-1.39,-0.285,4.145));
#6495=DIRECTION('',(0.,0.,-1.));
#6496=DIRECTION('',(-1.,0.,0.));
#6497=AXIS2_PLACEMENT_3D('',#6494,#6495,#6496);
#6498=CIRCLE('',#6497,0.05);
#6499=EDGE_CURVE('',#6462,#6493,#6498,.T.);
#6500=ORIENTED_EDGE('',*,*,#6499,.T.);
#6501=CARTESIAN_POINT('',(-1.39,-0.235,4.025));
#6502=VERTEX_POINT('',#6501);
#6503=CARTESIAN_POINT('',(-1.39,-0.235,4.145));
#6504=DIRECTION('',(0.,0.,-1.));
#6505=VECTOR('',#6504,0.12);
#6506=LINE('',#6503,#6505);
#6507=EDGE_CURVE('',#6493,#6502,#6506,.T.);
#6508=ORIENTED_EDGE('',*,*,#6507,.T.);
#6509=CARTESIAN_POINT('',(-1.39,-0.285,4.025));
#6510=DIRECTION('',(0.,0.,-1.));
#6511=DIRECTION('',(-1.,0.,0.));
#6512=AXIS2_PLACEMENT_3D('',#6509,#6510,#6511);
#6513=CIRCLE('',#6512,0.05);
#6514=EDGE_CURVE('',#6470,#6502,#6513,.T.);
#6515=ORIENTED_EDGE('',*,*,#6514,.F.);
#6516=ORIENTED_EDGE('',*,*,#6475,.F.);
#6517=EDGE_LOOP('',(#6500,#6508,#6515,#6516));
#6518=FACE_BOUND('',#6517,.T.);
#6519=ADVANCED_FACE('',(#6518),#6491,.T.);
#6520=CARTESIAN_POINT('',(-1.29,-0.235,4.145));
#6521=DIRECTION('',(-0.,1.,0.));
#6522=DIRECTION('',(-1.,-0.,0.));
#6523=AXIS2_PLACEMENT_3D('',#6520,#6521,#6522);
#6524=PLANE('',#6523);
#6525=CARTESIAN_POINT('',(-1.34,-0.235,4.025));
#6526=VERTEX_POINT('',#6525);
#6527=CARTESIAN_POINT('',(-1.34,-0.235,4.025));
#6528=DIRECTION('',(-1.,-0.,0.));
#6529=VECTOR('',#6528,0.05);
#6530=LINE('',#6527,#6529);
#6531=EDGE_CURVE('',#6526,#6502,#6530,.T.);
#6532=ORIENTED_EDGE('',*,*,#6531,.T.);
#6533=ORIENTED_EDGE('',*,*,#6507,.F.);
#6534=CARTESIAN_POINT('',(-1.34,-0.235,4.145));
#6535=VERTEX_POINT('',#6534);
#6536=CARTESIAN_POINT('',(-1.39,-0.235,4.145));
#6537=DIRECTION('',(1.,0.,-0.));
#6538=VECTOR('',#6537,0.05);
#6539=LINE('',#6536,#6538);
#6540=EDGE_CURVE('',#6493,#6535,#6539,.T.);
#6541=ORIENTED_EDGE('',*,*,#6540,.T.);
#6542=CARTESIAN_POINT('',(-1.34,-0.235,4.025));
#6543=DIRECTION('',(0.,0.,1.));
#6544=VECTOR('',#6543,0.12);
#6545=LINE('',#6542,#6544);
#6546=EDGE_CURVE('',#6526,#6535,#6545,.T.);
#6547=ORIENTED_EDGE('',*,*,#6546,.F.);
#6548=EDGE_LOOP('',(#6532,#6533,#6541,#6547));
#6549=FACE_BOUND('',#6548,.T.);
#6550=ADVANCED_FACE('',(#6549),#6524,.T.);
#6551=CARTESIAN_POINT('',(-1.410180186,-0.5,4.145));
#6552=DIRECTION('',(0.,-0.,1.));
#6553=DIRECTION('',(1.,0.,0.));
#6554=AXIS2_PLACEMENT_3D('',#6551,#6552,#6553);
#6555=CYLINDRICAL_SURFACE('',#6554,0.05);
#6556=ORIENTED_EDGE('',*,*,#6301,.F.);
#6557=CARTESIAN_POINT('',(-1.375473408,-0.535992215,4.025));
#6558=VERTEX_POINT('',#6557);
#6559=CARTESIAN_POINT('',(-1.410180186,-0.5,4.025));
#6560=DIRECTION('',(0.,0.,1.));
#6561=DIRECTION('',(1.,0.,-0.));
#6562=AXIS2_PLACEMENT_3D('',#6559,#6560,#6561);
#6563=CIRCLE('',#6562,0.05);
#6564=EDGE_CURVE('',#6294,#6558,#6563,.T.);
#6565=ORIENTED_EDGE('',*,*,#6564,.T.);
#6566=CARTESIAN_POINT('',(-1.375473408,-0.535992215,4.145));
#6567=VERTEX_POINT('',#6566);
#6568=CARTESIAN_POINT('',(-1.375473408,-0.535992215,4.025));
#6569=DIRECTION('',(0.,0.,1.));
#6570=VECTOR('',#6569,0.12);
#6571=LINE('',#6568,#6570);
#6572=EDGE_CURVE('',#6558,#6567,#6571,.T.);
#6573=ORIENTED_EDGE('',*,*,#6572,.T.);
#6574=CARTESIAN_POINT('',(-1.410180186,-0.5,4.145));
#6575=DIRECTION('',(0.,0.,1.));
#6576=DIRECTION('',(1.,0.,-0.));
#6577=AXIS2_PLACEMENT_3D('',#6574,#6575,#6576);
#6578=CIRCLE('',#6577,0.05);
#6579=EDGE_CURVE('',#6296,#6567,#6578,.T.);
#6580=ORIENTED_EDGE('',*,*,#6579,.F.);
#6581=EDGE_LOOP('',(#6556,#6565,#6573,#6580));
#6582=FACE_BOUND('',#6581,.T.);
#6583=ADVANCED_FACE('',(#6582),#6555,.T.);
#6584=CARTESIAN_POINT('',(-1.25,-0.415,4.025));
#6585=DIRECTION('',(0.694135571,-0.719844295,0.));
#6586=DIRECTION('',(0.719844295,0.694135571,0.));
#6587=AXIS2_PLACEMENT_3D('',#6584,#6585,#6586);
#6588=PLANE('',#6587);
#6589=ORIENTED_EDGE('',*,*,#5927,.T.);
#6590=CARTESIAN_POINT('',(-1.32,-0.4825,4.145));
#6591=DIRECTION('',(-0.719844295,-0.694135571,-0.));
#6592=VECTOR('',#6591,0.077063065);
#6593=LINE('',#6590,#6592);
#6594=EDGE_CURVE('',#5916,#6567,#6593,.T.);
#6595=ORIENTED_EDGE('',*,*,#6594,.T.);
#6596=ORIENTED_EDGE('',*,*,#6572,.F.);
#6597=CARTESIAN_POINT('',(-1.375473408,-0.535992215,4.025));
#6598=DIRECTION('',(0.719844295,0.694135571,0.));
#6599=VECTOR('',#6598,0.077063065);
#6600=LINE('',#6597,#6599);
#6601=EDGE_CURVE('',#6558,#5900,#6600,.T.);
#6602=ORIENTED_EDGE('',*,*,#6601,.T.);
#6603=EDGE_LOOP('',(#6589,#6595,#6596,#6602));
#6604=FACE_BOUND('',#6603,.T.);
#6605=ADVANCED_FACE('',(#6604),#6588,.T.);
#6606=CARTESIAN_POINT('',(-1.087616119,-0.20066064,4.145));
#6607=DIRECTION('',(0.,0.,1.));
#6608=DIRECTION('',(1.,0.,0.));
#6609=AXIS2_PLACEMENT_3D('',#6606,#6607,#6608);
#6610=PLANE('',#6609);
#6611=ORIENTED_EDGE('',*,*,#5921,.T.);
#6612=CARTESIAN_POINT('',(-1.34,-0.185,4.145));
#6613=DIRECTION('',(0.,0.,1.));
#6614=DIRECTION('',(1.,0.,-0.));
#6615=AXIS2_PLACEMENT_3D('',#6612,#6613,#6614);
#6616=CIRCLE('',#6615,0.05);
#6617=EDGE_CURVE('',#6535,#5908,#6616,.T.);
#6618=ORIENTED_EDGE('',*,*,#6617,.F.);
#6619=ORIENTED_EDGE('',*,*,#6540,.F.);
#6620=ORIENTED_EDGE('',*,*,#6499,.F.);
#6621=ORIENTED_EDGE('',*,*,#6467,.F.);
#6622=ORIENTED_EDGE('',*,*,#6445,.T.);
#6623=ORIENTED_EDGE('',*,*,#6412,.F.);
#6624=ORIENTED_EDGE('',*,*,#6373,.F.);
#6625=ORIENTED_EDGE('',*,*,#6356,.T.);
#6626=ORIENTED_EDGE('',*,*,#6309,.F.);
#6627=ORIENTED_EDGE('',*,*,#6579,.T.);
#6628=ORIENTED_EDGE('',*,*,#6594,.F.);
#6629=EDGE_LOOP('',(#6611,#6618,#6619,#6620,#6621,#6622,#6623,#6624,#6625,#6626,#6627,#6628));
#6630=FACE_BOUND('',#6629,.T.);
#6631=ADVANCED_FACE('',(#6630),#6610,.T.);
#6632=CARTESIAN_POINT('',(-1.34,-0.185,4.145));
#6633=DIRECTION('',(0.,-0.,1.));
#6634=DIRECTION('',(1.,0.,0.));
#6635=AXIS2_PLACEMENT_3D('',#6632,#6633,#6634);
#6636=CYLINDRICAL_SURFACE('',#6635,0.05);
#6637=ORIENTED_EDGE('',*,*,#5913,.F.);
#6638=CARTESIAN_POINT('',(-1.34,-0.185,4.025));
#6639=DIRECTION('',(0.,0.,1.));
#6640=DIRECTION('',(1.,0.,-0.));
#6641=AXIS2_PLACEMENT_3D('',#6638,#6639,#6640);
#6642=CIRCLE('',#6641,0.05);
#6643=EDGE_CURVE('',#6526,#5898,#6642,.T.);
#6644=ORIENTED_EDGE('',*,*,#6643,.F.);
#6645=ORIENTED_EDGE('',*,*,#6546,.T.);
#6646=ORIENTED_EDGE('',*,*,#6617,.T.);
#6647=EDGE_LOOP('',(#6637,#6644,#6645,#6646));
#6648=FACE_BOUND('',#6647,.T.);
#6649=ADVANCED_FACE('',(#6648),#6636,.F.);
#6650=CARTESIAN_POINT('',(-1.335697637,0.215754265,4.025));
#6651=DIRECTION('',(0.,0.,-1.));
#6652=DIRECTION('',(-1.,-0.,0.));
#6653=AXIS2_PLACEMENT_3D('',#6650,#6651,#6652);
#6654=PLANE('',#6653);
#6655=ORIENTED_EDGE('',*,*,#5905,.T.);
#6656=ORIENTED_EDGE('',*,*,#6601,.F.);
#6657=ORIENTED_EDGE('',*,*,#6564,.F.);
#6658=ORIENTED_EDGE('',*,*,#6323,.F.);
#6659=ORIENTED_EDGE('',*,*,#6348,.F.);
#6660=ORIENTED_EDGE('',*,*,#6387,.F.);
#6661=ORIENTED_EDGE('',*,*,#6403,.F.);
#6662=ORIENTED_EDGE('',*,*,#6435,.F.);
#6663=ORIENTED_EDGE('',*,*,#6481,.F.);
#6664=ORIENTED_EDGE('',*,*,#6514,.T.);
#6665=ORIENTED_EDGE('',*,*,#6531,.F.);
#6666=ORIENTED_EDGE('',*,*,#6643,.T.);
#6667=EDGE_LOOP('',(#6655,#6656,#6657,#6658,#6659,#6660,#6661,#6662,#6663,#6664,#6665,#6666));
#6668=FACE_BOUND('',#6667,.T.);
#6669=ADVANCED_FACE('',(#6668),#6654,.T.);
#6670=CARTESIAN_POINT('',(-1.39,-0.55,3.625));
#6671=DIRECTION('',(0.,-1.,0.));
#6672=DIRECTION('',(1.,0.,0.));
#6673=AXIS2_PLACEMENT_3D('',#6670,#6671,#6672);
#6674=PLANE('',#6673);
#6675=CARTESIAN_POINT('',(-1.410180186,-0.55,3.625));
#6676=VERTEX_POINT('',#6675);
#6677=CARTESIAN_POINT('',(-1.410180186,-0.55,3.745));
#6678=VERTEX_POINT('',#6677);
#6679=CARTESIAN_POINT('',(-1.410180186,-0.55,3.625));
#6680=DIRECTION('',(0.,0.,1.));
#6681=VECTOR('',#6680,0.12);
#6682=LINE('',#6679,#6681);
#6683=EDGE_CURVE('',#6676,#6678,#6682,.T.);
#6684=ORIENTED_EDGE('',*,*,#6683,.T.);
#6685=CARTESIAN_POINT('',(-1.64,-0.55,3.745));
#6686=VERTEX_POINT('',#6685);
#6687=CARTESIAN_POINT('',(-1.410180186,-0.55,3.745));
#6688=DIRECTION('',(-1.,-0.,-0.));
#6689=VECTOR('',#6688,0.229819814);
#6690=LINE('',#6687,#6689);
#6691=EDGE_CURVE('',#6678,#6686,#6690,.T.);
#6692=ORIENTED_EDGE('',*,*,#6691,.T.);
#6693=CARTESIAN_POINT('',(-1.64,-0.55,3.625));
#6694=VERTEX_POINT('',#6693);
#6695=CARTESIAN_POINT('',(-1.64,-0.55,3.625));
#6696=DIRECTION('',(0.,0.,1.));
#6697=VECTOR('',#6696,0.12);
#6698=LINE('',#6695,#6697);
#6699=EDGE_CURVE('',#6694,#6686,#6698,.T.);
#6700=ORIENTED_EDGE('',*,*,#6699,.F.);
#6701=CARTESIAN_POINT('',(-1.64,-0.55,3.625));
#6702=DIRECTION('',(1.,0.,0.));
#6703=VECTOR('',#6702,0.229819814);
#6704=LINE('',#6701,#6703);
#6705=EDGE_CURVE('',#6694,#6676,#6704,.T.);
#6706=ORIENTED_EDGE('',*,*,#6705,.T.);
#6707=EDGE_LOOP('',(#6684,#6692,#6700,#6706));
#6708=FACE_BOUND('',#6707,.T.);
#6709=ADVANCED_FACE('',(#6708),#6674,.T.);
#6710=CARTESIAN_POINT('',(-1.64,-0.5,3.745));
#6711=DIRECTION('',(0.,-0.,1.));
#6712=DIRECTION('',(1.,0.,0.));
#6713=AXIS2_PLACEMENT_3D('',#6710,#6711,#6712);
#6714=CYLINDRICAL_SURFACE('',#6713,0.05);
#6715=CARTESIAN_POINT('',(-1.69,-0.5,3.625));
#6716=VERTEX_POINT('',#6715);
#6717=CARTESIAN_POINT('',(-1.69,-0.5,3.745));
#6718=VERTEX_POINT('',#6717);
#6719=CARTESIAN_POINT('',(-1.69,-0.5,3.625));
#6720=DIRECTION('',(0.,0.,1.));
#6721=VECTOR('',#6720,0.12);
#6722=LINE('',#6719,#6721);
#6723=EDGE_CURVE('',#6716,#6718,#6722,.T.);
#6724=ORIENTED_EDGE('',*,*,#6723,.F.);
#6725=CARTESIAN_POINT('',(-1.64,-0.5,3.625));
#6726=DIRECTION('',(0.,0.,1.));
#6727=DIRECTION('',(1.,0.,-0.));
#6728=AXIS2_PLACEMENT_3D('',#6725,#6726,#6727);
#6729=CIRCLE('',#6728,0.05);
#6730=EDGE_CURVE('',#6716,#6694,#6729,.T.);
#6731=ORIENTED_EDGE('',*,*,#6730,.T.);
#6732=ORIENTED_EDGE('',*,*,#6699,.T.);
#6733=CARTESIAN_POINT('',(-1.64,-0.5,3.745));
#6734=DIRECTION('',(0.,0.,1.));
#6735=DIRECTION('',(1.,0.,-0.));
#6736=AXIS2_PLACEMENT_3D('',#6733,#6734,#6735);
#6737=CIRCLE('',#6736,0.05);
#6738=EDGE_CURVE('',#6718,#6686,#6737,.T.);
#6739=ORIENTED_EDGE('',*,*,#6738,.F.);
#6740=EDGE_LOOP('',(#6724,#6731,#6732,#6739));
#6741=FACE_BOUND('',#6740,.T.);
#6742=ADVANCED_FACE('',(#6741),#6714,.T.);
#6743=CARTESIAN_POINT('',(-1.69,-0.55,3.625));
#6744=DIRECTION('',(-1.,-0.,0.));
#6745=DIRECTION('',(0.,-1.,0.));
#6746=AXIS2_PLACEMENT_3D('',#6743,#6744,#6745);
#6747=PLANE('',#6746);
#6748=ORIENTED_EDGE('',*,*,#6723,.T.);
#6749=CARTESIAN_POINT('',(-1.69,-0.42,3.745));
#6750=VERTEX_POINT('',#6749);
#6751=CARTESIAN_POINT('',(-1.69,-0.5,3.745));
#6752=DIRECTION('',(-0.,1.,-0.));
#6753=VECTOR('',#6752,0.08);
#6754=LINE('',#6751,#6753);
#6755=EDGE_CURVE('',#6718,#6750,#6754,.T.);
#6756=ORIENTED_EDGE('',*,*,#6755,.T.);
#6757=CARTESIAN_POINT('',(-1.69,-0.42,3.625));
#6758=VERTEX_POINT('',#6757);
#6759=CARTESIAN_POINT('',(-1.69,-0.42,3.625));
#6760=DIRECTION('',(0.,0.,1.));
#6761=VECTOR('',#6760,0.12);
#6762=LINE('',#6759,#6761);
#6763=EDGE_CURVE('',#6758,#6750,#6762,.T.);
#6764=ORIENTED_EDGE('',*,*,#6763,.F.);
#6765=CARTESIAN_POINT('',(-1.69,-0.42,3.625));
#6766=DIRECTION('',(0.,-1.,0.));
#6767=VECTOR('',#6766,0.08);
#6768=LINE('',#6765,#6767);
#6769=EDGE_CURVE('',#6758,#6716,#6768,.T.);
#6770=ORIENTED_EDGE('',*,*,#6769,.T.);
#6771=EDGE_LOOP('',(#6748,#6756,#6764,#6770));
#6772=FACE_BOUND('',#6771,.T.);
#6773=ADVANCED_FACE('',(#6772),#6747,.T.);
#6774=CARTESIAN_POINT('',(-1.69,-0.42,3.625));
#6775=DIRECTION('',(-0.,1.,0.));
#6776=DIRECTION('',(-1.,-0.,0.));
#6777=AXIS2_PLACEMENT_3D('',#6774,#6775,#6776);
#6778=PLANE('',#6777);
#6779=CARTESIAN_POINT('',(-1.49,-0.42,3.625));
#6780=VERTEX_POINT('',#6779);
#6781=CARTESIAN_POINT('',(-1.49,-0.42,3.625));
#6782=DIRECTION('',(-1.,-0.,0.));
#6783=VECTOR('',#6782,0.2);
#6784=LINE('',#6781,#6783);
#6785=EDGE_CURVE('',#6780,#6758,#6784,.T.);
#6786=ORIENTED_EDGE('',*,*,#6785,.T.);
#6787=ORIENTED_EDGE('',*,*,#6763,.T.);
#6788=CARTESIAN_POINT('',(-1.49,-0.42,3.745));
#6789=VERTEX_POINT('',#6788);
#6790=CARTESIAN_POINT('',(-1.69,-0.42,3.745));
#6791=DIRECTION('',(1.,0.,-0.));
#6792=VECTOR('',#6791,0.2);
#6793=LINE('',#6790,#6792);
#6794=EDGE_CURVE('',#6750,#6789,#6793,.T.);
#6795=ORIENTED_EDGE('',*,*,#6794,.T.);
#6796=CARTESIAN_POINT('',(-1.49,-0.42,3.745));
#6797=DIRECTION('',(-0.,-0.,-1.));
#6798=VECTOR('',#6797,0.12);
#6799=LINE('',#6796,#6798);
#6800=EDGE_CURVE('',#6789,#6780,#6799,.T.);
#6801=ORIENTED_EDGE('',*,*,#6800,.T.);
#6802=EDGE_LOOP('',(#6786,#6787,#6795,#6801));
#6803=FACE_BOUND('',#6802,.T.);
#6804=ADVANCED_FACE('',(#6803),#6778,.T.);
#6805=CARTESIAN_POINT('',(-1.49,-0.37,3.625));
#6806=DIRECTION('',(-0.,0.,-1.));
#6807=DIRECTION('',(-1.,-0.,0.));
#6808=AXIS2_PLACEMENT_3D('',#6805,#6806,#6807);
#6809=CYLINDRICAL_SURFACE('',#6808,0.05);
#6810=CARTESIAN_POINT('',(-1.44,-0.37,3.625));
#6811=VERTEX_POINT('',#6810);
#6812=CARTESIAN_POINT('',(-1.49,-0.37,3.625));
#6813=DIRECTION('',(0.,0.,-1.));
#6814=DIRECTION('',(-1.,0.,0.));
#6815=AXIS2_PLACEMENT_3D('',#6812,#6813,#6814);
#6816=CIRCLE('',#6815,0.05);
#6817=EDGE_CURVE('',#6811,#6780,#6816,.T.);
#6818=ORIENTED_EDGE('',*,*,#6817,.T.);
#6819=ORIENTED_EDGE('',*,*,#6800,.F.);
#6820=CARTESIAN_POINT('',(-1.44,-0.37,3.745));
#6821=VERTEX_POINT('',#6820);
#6822=CARTESIAN_POINT('',(-1.49,-0.37,3.745));
#6823=DIRECTION('',(0.,0.,-1.));
#6824=DIRECTION('',(-1.,0.,0.));
#6825=AXIS2_PLACEMENT_3D('',#6822,#6823,#6824);
#6826=CIRCLE('',#6825,0.05);
#6827=EDGE_CURVE('',#6821,#6789,#6826,.T.);
#6828=ORIENTED_EDGE('',*,*,#6827,.F.);
#6829=CARTESIAN_POINT('',(-1.44,-0.37,3.745));
#6830=DIRECTION('',(0.,0.,-1.));
#6831=VECTOR('',#6830,0.12);
#6832=LINE('',#6829,#6831);
#6833=EDGE_CURVE('',#6821,#6811,#6832,.T.);
#6834=ORIENTED_EDGE('',*,*,#6833,.T.);
#6835=EDGE_LOOP('',(#6818,#6819,#6828,#6834));
#6836=FACE_BOUND('',#6835,.T.);
#6837=ADVANCED_FACE('',(#6836),#6809,.F.);
#6838=CARTESIAN_POINT('',(-1.44,0.08,3.745));
#6839=DIRECTION('',(-1.,-0.,0.));
#6840=DIRECTION('',(0.,-1.,0.));
#6841=AXIS2_PLACEMENT_3D('',#6838,#6839,#6840);
#6842=PLANE('',#6841);
#6843=CARTESIAN_POINT('',(-1.44,-0.285,3.745));
#6844=VERTEX_POINT('',#6843);
#6845=CARTESIAN_POINT('',(-1.44,-0.37,3.745));
#6846=DIRECTION('',(-0.,1.,-0.));
#6847=VECTOR('',#6846,0.085);
#6848=LINE('',#6845,#6847);
#6849=EDGE_CURVE('',#6821,#6844,#6848,.T.);
#6850=ORIENTED_EDGE('',*,*,#6849,.T.);
#6851=CARTESIAN_POINT('',(-1.44,-0.285,3.625));
#6852=VERTEX_POINT('',#6851);
#6853=CARTESIAN_POINT('',(-1.44,-0.285,3.745));
#6854=DIRECTION('',(-0.,-0.,-1.));
#6855=VECTOR('',#6854,0.12);
#6856=LINE('',#6853,#6855);
#6857=EDGE_CURVE('',#6844,#6852,#6856,.T.);
#6858=ORIENTED_EDGE('',*,*,#6857,.T.);
#6859=CARTESIAN_POINT('',(-1.44,-0.285,3.625));
#6860=DIRECTION('',(0.,-1.,0.));
#6861=VECTOR('',#6860,0.085);
#6862=LINE('',#6859,#6861);
#6863=EDGE_CURVE('',#6852,#6811,#6862,.T.);
#6864=ORIENTED_EDGE('',*,*,#6863,.T.);
#6865=ORIENTED_EDGE('',*,*,#6833,.F.);
#6866=EDGE_LOOP('',(#6850,#6858,#6864,#6865));
#6867=FACE_BOUND('',#6866,.T.);
#6868=ADVANCED_FACE('',(#6867),#6842,.T.);
#6869=CARTESIAN_POINT('',(-1.39,-0.285,3.745));
#6870=DIRECTION('',(-0.,0.,-1.));
#6871=DIRECTION('',(-1.,-0.,0.));
#6872=AXIS2_PLACEMENT_3D('',#6869,#6870,#6871);
#6873=CYLINDRICAL_SURFACE('',#6872,0.05);
#6874=CARTESIAN_POINT('',(-1.39,-0.235,3.745));
#6875=VERTEX_POINT('',#6874);
#6876=CARTESIAN_POINT('',(-1.39,-0.285,3.745));
#6877=DIRECTION('',(0.,0.,-1.));
#6878=DIRECTION('',(-1.,0.,0.));
#6879=AXIS2_PLACEMENT_3D('',#6876,#6877,#6878);
#6880=CIRCLE('',#6879,0.05);
#6881=EDGE_CURVE('',#6844,#6875,#6880,.T.);
#6882=ORIENTED_EDGE('',*,*,#6881,.T.);
#6883=CARTESIAN_POINT('',(-1.39,-0.235,3.625));
#6884=VERTEX_POINT('',#6883);
#6885=CARTESIAN_POINT('',(-1.39,-0.235,3.745));
#6886=DIRECTION('',(0.,0.,-1.));
#6887=VECTOR('',#6886,0.12);
#6888=LINE('',#6885,#6887);
#6889=EDGE_CURVE('',#6875,#6884,#6888,.T.);
#6890=ORIENTED_EDGE('',*,*,#6889,.T.);
#6891=CARTESIAN_POINT('',(-1.39,-0.285,3.625));
#6892=DIRECTION('',(0.,0.,-1.));
#6893=DIRECTION('',(-1.,0.,0.));
#6894=AXIS2_PLACEMENT_3D('',#6891,#6892,#6893);
#6895=CIRCLE('',#6894,0.05);
#6896=EDGE_CURVE('',#6852,#6884,#6895,.T.);
#6897=ORIENTED_EDGE('',*,*,#6896,.F.);
#6898=ORIENTED_EDGE('',*,*,#6857,.F.);
#6899=EDGE_LOOP('',(#6882,#6890,#6897,#6898));
#6900=FACE_BOUND('',#6899,.T.);
#6901=ADVANCED_FACE('',(#6900),#6873,.T.);
#6902=CARTESIAN_POINT('',(-1.29,-0.235,3.745));
#6903=DIRECTION('',(-0.,1.,0.));
#6904=DIRECTION('',(-1.,-0.,0.));
#6905=AXIS2_PLACEMENT_3D('',#6902,#6903,#6904);
#6906=PLANE('',#6905);
#6907=CARTESIAN_POINT('',(-1.34,-0.235,3.625));
#6908=VERTEX_POINT('',#6907);
#6909=CARTESIAN_POINT('',(-1.34,-0.235,3.625));
#6910=DIRECTION('',(-1.,-0.,0.));
#6911=VECTOR('',#6910,0.05);
#6912=LINE('',#6909,#6911);
#6913=EDGE_CURVE('',#6908,#6884,#6912,.T.);
#6914=ORIENTED_EDGE('',*,*,#6913,.T.);
#6915=ORIENTED_EDGE('',*,*,#6889,.F.);
#6916=CARTESIAN_POINT('',(-1.34,-0.235,3.745));
#6917=VERTEX_POINT('',#6916);
#6918=CARTESIAN_POINT('',(-1.39,-0.235,3.745));
#6919=DIRECTION('',(1.,0.,-0.));
#6920=VECTOR('',#6919,0.05);
#6921=LINE('',#6918,#6920);
#6922=EDGE_CURVE('',#6875,#6917,#6921,.T.);
#6923=ORIENTED_EDGE('',*,*,#6922,.T.);
#6924=CARTESIAN_POINT('',(-1.34,-0.235,3.625));
#6925=DIRECTION('',(0.,0.,1.));
#6926=VECTOR('',#6925,0.12);
#6927=LINE('',#6924,#6926);
#6928=EDGE_CURVE('',#6908,#6917,#6927,.T.);
#6929=ORIENTED_EDGE('',*,*,#6928,.F.);
#6930=EDGE_LOOP('',(#6914,#6915,#6923,#6929));
#6931=FACE_BOUND('',#6930,.T.);
#6932=ADVANCED_FACE('',(#6931),#6906,.T.);
#6933=CARTESIAN_POINT('',(-1.410180186,-0.5,3.745));
#6934=DIRECTION('',(0.,-0.,1.));
#6935=DIRECTION('',(1.,0.,0.));
#6936=AXIS2_PLACEMENT_3D('',#6933,#6934,#6935);
#6937=CYLINDRICAL_SURFACE('',#6936,0.05);
#6938=ORIENTED_EDGE('',*,*,#6683,.F.);
#6939=CARTESIAN_POINT('',(-1.375473408,-0.535992215,3.625));
#6940=VERTEX_POINT('',#6939);
#6941=CARTESIAN_POINT('',(-1.410180186,-0.5,3.625));
#6942=DIRECTION('',(0.,0.,1.));
#6943=DIRECTION('',(1.,0.,-0.));
#6944=AXIS2_PLACEMENT_3D('',#6941,#6942,#6943);
#6945=CIRCLE('',#6944,0.05);
#6946=EDGE_CURVE('',#6676,#6940,#6945,.T.);
#6947=ORIENTED_EDGE('',*,*,#6946,.T.);
#6948=CARTESIAN_POINT('',(-1.375473408,-0.535992215,3.745));
#6949=VERTEX_POINT('',#6948);
#6950=CARTESIAN_POINT('',(-1.375473408,-0.535992215,3.625));
#6951=DIRECTION('',(0.,0.,1.));
#6952=VECTOR('',#6951,0.12);
#6953=LINE('',#6950,#6952);
#6954=EDGE_CURVE('',#6940,#6949,#6953,.T.);
#6955=ORIENTED_EDGE('',*,*,#6954,.T.);
#6956=CARTESIAN_POINT('',(-1.410180186,-0.5,3.745));
#6957=DIRECTION('',(0.,0.,1.));
#6958=DIRECTION('',(1.,0.,-0.));
#6959=AXIS2_PLACEMENT_3D('',#6956,#6957,#6958);
#6960=CIRCLE('',#6959,0.05);
#6961=EDGE_CURVE('',#6678,#6949,#6960,.T.);
#6962=ORIENTED_EDGE('',*,*,#6961,.F.);
#6963=EDGE_LOOP('',(#6938,#6947,#6955,#6962));
#6964=FACE_BOUND('',#6963,.T.);
#6965=ADVANCED_FACE('',(#6964),#6937,.T.);
#6966=CARTESIAN_POINT('',(-1.25,-0.415,3.625));
#6967=DIRECTION('',(0.694135571,-0.719844295,0.));
#6968=DIRECTION('',(0.719844295,0.694135571,0.));
#6969=AXIS2_PLACEMENT_3D('',#6966,#6967,#6968);
#6970=PLANE('',#6969);
#6971=ORIENTED_EDGE('',*,*,#5893,.T.);
#6972=CARTESIAN_POINT('',(-1.32,-0.4825,3.745));
#6973=DIRECTION('',(-0.719844295,-0.694135571,-0.));
#6974=VECTOR('',#6973,0.077063065);
#6975=LINE('',#6972,#6974);
#6976=EDGE_CURVE('',#5882,#6949,#6975,.T.);
#6977=ORIENTED_EDGE('',*,*,#6976,.T.);
#6978=ORIENTED_EDGE('',*,*,#6954,.F.);
#6979=CARTESIAN_POINT('',(-1.375473408,-0.535992215,3.625));
#6980=DIRECTION('',(0.719844295,0.694135571,0.));
#6981=VECTOR('',#6980,0.077063065);
#6982=LINE('',#6979,#6981);
#6983=EDGE_CURVE('',#6940,#5866,#6982,.T.);
#6984=ORIENTED_EDGE('',*,*,#6983,.T.);
#6985=EDGE_LOOP('',(#6971,#6977,#6978,#6984));
#6986=FACE_BOUND('',#6985,.T.);
#6987=ADVANCED_FACE('',(#6986),#6970,.T.);
#6988=CARTESIAN_POINT('',(-1.087616119,-0.20066064,3.745));
#6989=DIRECTION('',(0.,0.,1.));
#6990=DIRECTION('',(1.,0.,0.));
#6991=AXIS2_PLACEMENT_3D('',#6988,#6989,#6990);
#6992=PLANE('',#6991);
#6993=ORIENTED_EDGE('',*,*,#5887,.T.);
#6994=CARTESIAN_POINT('',(-1.34,-0.185,3.745));
#6995=DIRECTION('',(0.,0.,1.));
#6996=DIRECTION('',(1.,0.,-0.));
#6997=AXIS2_PLACEMENT_3D('',#6994,#6995,#6996);
#6998=CIRCLE('',#6997,0.05);
#6999=EDGE_CURVE('',#6917,#5874,#6998,.T.);
#7000=ORIENTED_EDGE('',*,*,#6999,.F.);
#7001=ORIENTED_EDGE('',*,*,#6922,.F.);
#7002=ORIENTED_EDGE('',*,*,#6881,.F.);
#7003=ORIENTED_EDGE('',*,*,#6849,.F.);
#7004=ORIENTED_EDGE('',*,*,#6827,.T.);
#7005=ORIENTED_EDGE('',*,*,#6794,.F.);
#7006=ORIENTED_EDGE('',*,*,#6755,.F.);
#7007=ORIENTED_EDGE('',*,*,#6738,.T.);
#7008=ORIENTED_EDGE('',*,*,#6691,.F.);
#7009=ORIENTED_EDGE('',*,*,#6961,.T.);
#7010=ORIENTED_EDGE('',*,*,#6976,.F.);
#7011=EDGE_LOOP('',(#6993,#7000,#7001,#7002,#7003,#7004,#7005,#7006,#7007,#7008,#7009,#7010));
#7012=FACE_BOUND('',#7011,.T.);
#7013=ADVANCED_FACE('',(#7012),#6992,.T.);
#7014=CARTESIAN_POINT('',(-1.34,-0.185,3.745));
#7015=DIRECTION('',(0.,-0.,1.));
#7016=DIRECTION('',(1.,0.,0.));
#7017=AXIS2_PLACEMENT_3D('',#7014,#7015,#7016);
#7018=CYLINDRICAL_SURFACE('',#7017,0.05);
#7019=ORIENTED_EDGE('',*,*,#5879,.F.);
#7020=CARTESIAN_POINT('',(-1.34,-0.185,3.625));
#7021=DIRECTION('',(0.,0.,1.));
#7022=DIRECTION('',(1.,0.,-0.));
#7023=AXIS2_PLACEMENT_3D('',#7020,#7021,#7022);
#7024=CIRCLE('',#7023,0.05);
#7025=EDGE_CURVE('',#6908,#5864,#7024,.T.);
#7026=ORIENTED_EDGE('',*,*,#7025,.F.);
#7027=ORIENTED_EDGE('',*,*,#6928,.T.);
#7028=ORIENTED_EDGE('',*,*,#6999,.T.);
#7029=EDGE_LOOP('',(#7019,#7026,#7027,#7028));
#7030=FACE_BOUND('',#7029,.T.);
#7031=ADVANCED_FACE('',(#7030),#7018,.F.);
#7032=CARTESIAN_POINT('',(-1.335697637,0.215754265,3.625));
#7033=DIRECTION('',(0.,0.,-1.));
#7034=DIRECTION('',(-1.,-0.,0.));
#7035=AXIS2_PLACEMENT_3D('',#7032,#7033,#7034);
#7036=PLANE('',#7035);
#7037=ORIENTED_EDGE('',*,*,#5871,.T.);
#7038=ORIENTED_EDGE('',*,*,#6983,.F.);
#7039=ORIENTED_EDGE('',*,*,#6946,.F.);
#7040=ORIENTED_EDGE('',*,*,#6705,.F.);
#7041=ORIENTED_EDGE('',*,*,#6730,.F.);
#7042=ORIENTED_EDGE('',*,*,#6769,.F.);
#7043=ORIENTED_EDGE('',*,*,#6785,.F.);
#7044=ORIENTED_EDGE('',*,*,#6817,.F.);
#7045=ORIENTED_EDGE('',*,*,#6863,.F.);
#7046=ORIENTED_EDGE('',*,*,#6896,.T.);
#7047=ORIENTED_EDGE('',*,*,#6913,.F.);
#7048=ORIENTED_EDGE('',*,*,#7025,.T.);
#7049=EDGE_LOOP('',(#7037,#7038,#7039,#7040,#7041,#7042,#7043,#7044,#7045,#7046,#7047,#7048));
#7050=FACE_BOUND('',#7049,.T.);
#7051=ADVANCED_FACE('',(#7050),#7036,.T.);
#7052=CARTESIAN_POINT('',(-1.63,-0.55,6.885));
#7053=DIRECTION('',(-0.,1.,0.));
#7054=DIRECTION('',(-1.,-0.,-0.));
#7055=AXIS2_PLACEMENT_3D('',#7052,#7053,#7054);
#7056=PLANE('',#7055);
#7057=ORIENTED_EDGE('',*,*,#6088,.F.);
#7058=ORIENTED_EDGE('',*,*,#6168,.T.);
#7059=ORIENTED_EDGE('',*,*,#6251,.F.);
#7060=CARTESIAN_POINT('',(-1.58,-0.55,6.945));
#7061=DIRECTION('',(-0.,0.,-1.));
#7062=VECTOR('',#7061,0.12);
#7063=LINE('',#7060,#7062);
#7064=EDGE_CURVE('',#6240,#6083,#7063,.T.);
#7065=ORIENTED_EDGE('',*,*,#7064,.T.);
#7066=EDGE_LOOP('',(#7057,#7058,#7059,#7065));
#7067=FACE_BOUND('',#7066,.T.);
#7068=ADVANCED_FACE('',(#7067),#7056,.F.);
#7069=CARTESIAN_POINT('',(-1.605,-0.525,6.885));
#7070=DIRECTION('',(0.707106781,0.707106781,0.));
#7071=DIRECTION('',(-0.707106781,0.707106781,0.));
#7072=AXIS2_PLACEMENT_3D('',#7069,#7070,#7071);
#7073=PLANE('',#7072);
#7074=ORIENTED_EDGE('',*,*,#6245,.T.);
#7075=CARTESIAN_POINT('',(-1.63,-0.5,6.825));
#7076=DIRECTION('',(0.,-0.,1.));
#7077=VECTOR('',#7076,0.12);
#7078=LINE('',#7075,#7077);
#7079=EDGE_CURVE('',#6091,#6232,#7078,.T.);
#7080=ORIENTED_EDGE('',*,*,#7079,.F.);
#7081=ORIENTED_EDGE('',*,*,#6096,.F.);
#7082=ORIENTED_EDGE('',*,*,#7064,.F.);
#7083=EDGE_LOOP('',(#7074,#7080,#7081,#7082));
#7084=FACE_BOUND('',#7083,.T.);
#7085=ADVANCED_FACE('',(#7084),#7073,.F.);
#7086=CARTESIAN_POINT('',(-1.63,-0.42,6.885));
#7087=DIRECTION('',(1.,0.,0.));
#7088=DIRECTION('',(-0.,1.,0.));
#7089=AXIS2_PLACEMENT_3D('',#7086,#7087,#7088);
#7090=PLANE('',#7089);
#7091=ORIENTED_EDGE('',*,*,#6104,.F.);
#7092=ORIENTED_EDGE('',*,*,#7079,.T.);
#7093=ORIENTED_EDGE('',*,*,#6237,.F.);
#7094=CARTESIAN_POINT('',(-1.63,-0.42,6.825));
#7095=DIRECTION('',(0.,-0.,1.));
#7096=VECTOR('',#7095,0.12);
#7097=LINE('',#7094,#7096);
#7098=EDGE_CURVE('',#6099,#6224,#7097,.T.);
#7099=ORIENTED_EDGE('',*,*,#7098,.F.);
#7100=EDGE_LOOP('',(#7091,#7092,#7093,#7099));
#7101=FACE_BOUND('',#7100,.T.);
#7102=ADVANCED_FACE('',(#7101),#7090,.F.);
#7103=CARTESIAN_POINT('',(-1.44,-0.42,6.885));
#7104=DIRECTION('',(0.,-1.,-0.));
#7105=DIRECTION('',(1.,0.,0.));
#7106=AXIS2_PLACEMENT_3D('',#7103,#7104,#7105);
#7107=PLANE('',#7106);
#7108=ORIENTED_EDGE('',*,*,#6112,.F.);
#7109=ORIENTED_EDGE('',*,*,#7098,.T.);
#7110=ORIENTED_EDGE('',*,*,#6229,.F.);
#7111=CARTESIAN_POINT('',(-1.49,-0.42,6.945));
#7112=DIRECTION('',(-0.,0.,-1.));
#7113=VECTOR('',#7112,0.12);
#7114=LINE('',#7111,#7113);
#7115=EDGE_CURVE('',#6215,#6107,#7114,.T.);
#7116=ORIENTED_EDGE('',*,*,#7115,.T.);
#7117=EDGE_LOOP('',(#7108,#7109,#7110,#7116));
#7118=FACE_BOUND('',#7117,.T.);
#7119=ADVANCED_FACE('',(#7118),#7107,.F.);
#7120=CARTESIAN_POINT('',(-1.49,-0.37,6.885));
#7121=DIRECTION('',(-0.,0.,-1.));
#7122=DIRECTION('',(1.,0.,0.));
#7123=AXIS2_PLACEMENT_3D('',#7120,#7121,#7122);
#7124=CYLINDRICAL_SURFACE('',#7123,0.05);
#7125=ORIENTED_EDGE('',*,*,#6121,.T.);
#7126=ORIENTED_EDGE('',*,*,#7115,.F.);
#7127=ORIENTED_EDGE('',*,*,#6221,.T.);
#7128=CARTESIAN_POINT('',(-1.44,-0.37,6.945));
#7129=DIRECTION('',(-0.,0.,-1.));
#7130=VECTOR('',#7129,0.12);
#7131=LINE('',#7128,#7130);
#7132=EDGE_CURVE('',#6207,#6115,#7131,.T.);
#7133=ORIENTED_EDGE('',*,*,#7132,.T.);
#7134=EDGE_LOOP('',(#7125,#7126,#7127,#7133));
#7135=FACE_BOUND('',#7134,.T.);
#7136=ADVANCED_FACE('',(#7135),#7124,.F.);
#7137=CARTESIAN_POINT('',(-1.44,-0.18,6.885));
#7138=DIRECTION('',(1.,0.,0.));
#7139=DIRECTION('',(-0.,1.,0.));
#7140=AXIS2_PLACEMENT_3D('',#7137,#7138,#7139);
#7141=PLANE('',#7140);
#7142=ORIENTED_EDGE('',*,*,#6212,.F.);
#7143=CARTESIAN_POINT('',(-1.44,-0.23,6.825));
#7144=DIRECTION('',(0.,-0.,1.));
#7145=VECTOR('',#7144,0.12);
#7146=LINE('',#7143,#7145);
#7147=EDGE_CURVE('',#6124,#6198,#7146,.T.);
#7148=ORIENTED_EDGE('',*,*,#7147,.F.);
#7149=ORIENTED_EDGE('',*,*,#6129,.F.);
#7150=ORIENTED_EDGE('',*,*,#7132,.F.);
#7151=EDGE_LOOP('',(#7142,#7148,#7149,#7150));
#7152=FACE_BOUND('',#7151,.T.);
#7153=ADVANCED_FACE('',(#7152),#7141,.F.);
#7154=CARTESIAN_POINT('',(-1.39,-0.23,6.885));
#7155=DIRECTION('',(0.,-0.,1.));
#7156=DIRECTION('',(-1.,-0.,-0.));
#7157=AXIS2_PLACEMENT_3D('',#7154,#7155,#7156);
#7158=CYLINDRICAL_SURFACE('',#7157,0.05);
#7159=CARTESIAN_POINT('',(-1.43,-0.2,6.825));
#7160=DIRECTION('',(0.,-0.,1.));
#7161=VECTOR('',#7160,0.12);
#7162=LINE('',#7159,#7161);
#7163=EDGE_CURVE('',#6132,#6190,#7162,.T.);
#7164=ORIENTED_EDGE('',*,*,#7163,.F.);
#7165=ORIENTED_EDGE('',*,*,#6138,.T.);
#7166=ORIENTED_EDGE('',*,*,#7147,.T.);
#7167=ORIENTED_EDGE('',*,*,#6204,.T.);
#7168=EDGE_LOOP('',(#7164,#7165,#7166,#7167));
#7169=FACE_BOUND('',#7168,.T.);
#7170=ADVANCED_FACE('',(#7169),#7158,.T.);
#7171=CARTESIAN_POINT('',(-1.47,0.35,2.185));
#7172=DIRECTION('',(-1.,-0.,0.));
#7173=DIRECTION('',(0.,-0.,1.));
#7174=AXIS2_PLACEMENT_3D('',#7171,#7172,#7173);
#7175=PLANE('',#7174);
#7176=ORIENTED_EDGE('',*,*,#679,.T.);
#7177=CARTESIAN_POINT('',(-1.47,-0.2,7.185));
#7178=DIRECTION('',(-0.,0.,-1.));
#7179=VECTOR('',#7178,5.);
#7180=LINE('',#7177,#7179);
#7181=EDGE_CURVE('',#514,#668,#7180,.T.);
#7182=ORIENTED_EDGE('',*,*,#7181,.F.);
#7183=ORIENTED_EDGE('',*,*,#519,.T.);
#7184=ORIENTED_EDGE('',*,*,#464,.T.);
#7185=ORIENTED_EDGE('',*,*,#5713,.F.);
#7186=ORIENTED_EDGE('',*,*,#5603,.F.);
#7187=ORIENTED_EDGE('',*,*,#5737,.F.);
#7188=ORIENTED_EDGE('',*,*,#592,.F.);
#7189=EDGE_LOOP('',(#7176,#7182,#7183,#7184,#7185,#7186,#7187,#7188));
#7190=FACE_BOUND('',#7189,.T.);
#7191=ADVANCED_FACE('',(#7190),#7175,.T.);
#7192=OVER_RIDING_STYLED_ITEM('',(#505),#7191,#89);
#7193=CARTESIAN_POINT('',(1.398453679,-0.2,5.530211128));
#7194=DIRECTION('',(0.,-1.,-0.));
#7195=DIRECTION('',(1.,0.,0.));
#7196=AXIS2_PLACEMENT_3D('',#7193,#7194,#7195);
#7197=PLANE('',#7196);
#7198=ORIENTED_EDGE('',*,*,#360,.T.);
#7199=ORIENTED_EDGE('',*,*,#308,.F.);
#7200=ORIENTED_EDGE('',*,*,#398,.T.);
#7201=ORIENTED_EDGE('',*,*,#5859,.T.);
#7202=ORIENTED_EDGE('',*,*,#6144,.T.);
#7203=ORIENTED_EDGE('',*,*,#7163,.T.);
#7204=ORIENTED_EDGE('',*,*,#6195,.F.);
#7205=ORIENTED_EDGE('',*,*,#6269,.T.);
#7206=ORIENTED_EDGE('',*,*,#527,.F.);
#7207=ORIENTED_EDGE('',*,*,#7181,.T.);
#7208=ORIENTED_EDGE('',*,*,#673,.T.);
#7209=ORIENTED_EDGE('',*,*,#5832,.T.);
#7210=EDGE_LOOP('',(#7198,#7199,#7200,#7201,#7202,#7203,#7204,#7205,#7206,#7207,#7208,#7209));
#7211=FACE_BOUND('',#7210,.T.);
#7212=ADVANCED_FACE('',(#7211),#7197,.T.);
#7213=OVER_RIDING_STYLED_ITEM('',(#505),#7212,#89);
#7214=CARTESIAN_POINT('',(-1.39,-0.55,5.625));
#7215=DIRECTION('',(0.,-1.,0.));
#7216=DIRECTION('',(1.,0.,0.));
#7217=AXIS2_PLACEMENT_3D('',#7214,#7215,#7216);
#7218=PLANE('',#7217);
#7219=CARTESIAN_POINT('',(-1.410180186,-0.55,5.625));
#7220=VERTEX_POINT('',#7219);
#7221=CARTESIAN_POINT('',(-1.410180186,-0.55,5.745));
#7222=VERTEX_POINT('',#7221);
#7223=CARTESIAN_POINT('',(-1.410180186,-0.55,5.625));
#7224=DIRECTION('',(0.,0.,1.));
#7225=VECTOR('',#7224,0.12);
#7226=LINE('',#7223,#7225);
#7227=EDGE_CURVE('',#7220,#7222,#7226,.T.);
#7228=ORIENTED_EDGE('',*,*,#7227,.T.);
#7229=CARTESIAN_POINT('',(-1.64,-0.55,5.745));
#7230=VERTEX_POINT('',#7229);
#7231=CARTESIAN_POINT('',(-1.64,-0.55,5.745));
#7232=DIRECTION('',(1.,0.,0.));
#7233=VECTOR('',#7232,0.229819814);
#7234=LINE('',#7231,#7233);
#7235=EDGE_CURVE('',#7230,#7222,#7234,.T.);
#7236=ORIENTED_EDGE('',*,*,#7235,.F.);
#7237=CARTESIAN_POINT('',(-1.64,-0.55,5.625));
#7238=VERTEX_POINT('',#7237);
#7239=CARTESIAN_POINT('',(-1.64,-0.55,5.625));
#7240=DIRECTION('',(0.,0.,1.));
#7241=VECTOR('',#7240,0.12);
#7242=LINE('',#7239,#7241);
#7243=EDGE_CURVE('',#7238,#7230,#7242,.T.);
#7244=ORIENTED_EDGE('',*,*,#7243,.F.);
#7245=CARTESIAN_POINT('',(-1.410180186,-0.55,5.625));
#7246=DIRECTION('',(-1.,-0.,0.));
#7247=VECTOR('',#7246,0.229819814);
#7248=LINE('',#7245,#7247);
#7249=EDGE_CURVE('',#7220,#7238,#7248,.T.);
#7250=ORIENTED_EDGE('',*,*,#7249,.F.);
#7251=EDGE_LOOP('',(#7228,#7236,#7244,#7250));
#7252=FACE_BOUND('',#7251,.T.);
#7253=ADVANCED_FACE('',(#7252),#7218,.T.);
#7254=CARTESIAN_POINT('',(-1.64,-0.5,5.745));
#7255=DIRECTION('',(0.,-0.,1.));
#7256=DIRECTION('',(1.,0.,0.));
#7257=AXIS2_PLACEMENT_3D('',#7254,#7255,#7256);
#7258=CYLINDRICAL_SURFACE('',#7257,0.05);
#7259=CARTESIAN_POINT('',(-1.69,-0.5,5.625));
#7260=VERTEX_POINT('',#7259);
#7261=CARTESIAN_POINT('',(-1.69,-0.5,5.745));
#7262=VERTEX_POINT('',#7261);
#7263=CARTESIAN_POINT('',(-1.69,-0.5,5.625));
#7264=DIRECTION('',(0.,0.,1.));
#7265=VECTOR('',#7264,0.12);
#7266=LINE('',#7263,#7265);
#7267=EDGE_CURVE('',#7260,#7262,#7266,.T.);
#7268=ORIENTED_EDGE('',*,*,#7267,.F.);
#7269=CARTESIAN_POINT('',(-1.64,-0.5,5.625));
#7270=DIRECTION('',(0.,0.,1.));
#7271=DIRECTION('',(1.,0.,-0.));
#7272=AXIS2_PLACEMENT_3D('',#7269,#7270,#7271);
#7273=CIRCLE('',#7272,0.05);
#7274=EDGE_CURVE('',#7260,#7238,#7273,.T.);
#7275=ORIENTED_EDGE('',*,*,#7274,.T.);
#7276=ORIENTED_EDGE('',*,*,#7243,.T.);
#7277=CARTESIAN_POINT('',(-1.64,-0.5,5.745));
#7278=DIRECTION('',(0.,0.,1.));
#7279=DIRECTION('',(1.,0.,-0.));
#7280=AXIS2_PLACEMENT_3D('',#7277,#7278,#7279);
#7281=CIRCLE('',#7280,0.05);
#7282=EDGE_CURVE('',#7262,#7230,#7281,.T.);
#7283=ORIENTED_EDGE('',*,*,#7282,.F.);
#7284=EDGE_LOOP('',(#7268,#7275,#7276,#7283));
#7285=FACE_BOUND('',#7284,.T.);
#7286=ADVANCED_FACE('',(#7285),#7258,.T.);
#7287=CARTESIAN_POINT('',(-1.69,-0.55,5.625));
#7288=DIRECTION('',(-1.,-0.,0.));
#7289=DIRECTION('',(0.,-1.,0.));
#7290=AXIS2_PLACEMENT_3D('',#7287,#7288,#7289);
#7291=PLANE('',#7290);
#7292=ORIENTED_EDGE('',*,*,#7267,.T.);
#7293=CARTESIAN_POINT('',(-1.69,-0.42,5.745));
#7294=VERTEX_POINT('',#7293);
#7295=CARTESIAN_POINT('',(-1.69,-0.42,5.745));
#7296=DIRECTION('',(0.,-1.,-0.));
#7297=VECTOR('',#7296,0.08);
#7298=LINE('',#7295,#7297);
#7299=EDGE_CURVE('',#7294,#7262,#7298,.T.);
#7300=ORIENTED_EDGE('',*,*,#7299,.F.);
#7301=CARTESIAN_POINT('',(-1.69,-0.42,5.625));
#7302=VERTEX_POINT('',#7301);
#7303=CARTESIAN_POINT('',(-1.69,-0.42,5.745));
#7304=DIRECTION('',(-0.,-0.,-1.));
#7305=VECTOR('',#7304,0.12);
#7306=LINE('',#7303,#7305);
#7307=EDGE_CURVE('',#7294,#7302,#7306,.T.);
#7308=ORIENTED_EDGE('',*,*,#7307,.T.);
#7309=CARTESIAN_POINT('',(-1.69,-0.5,5.625));
#7310=DIRECTION('',(-0.,1.,0.));
#7311=VECTOR('',#7310,0.08);
#7312=LINE('',#7309,#7311);
#7313=EDGE_CURVE('',#7260,#7302,#7312,.T.);
#7314=ORIENTED_EDGE('',*,*,#7313,.F.);
#7315=EDGE_LOOP('',(#7292,#7300,#7308,#7314));
#7316=FACE_BOUND('',#7315,.T.);
#7317=ADVANCED_FACE('',(#7316),#7291,.T.);
#7318=CARTESIAN_POINT('',(-1.69,-0.42,5.625));
#7319=DIRECTION('',(-0.,1.,0.));
#7320=DIRECTION('',(-1.,-0.,0.));
#7321=AXIS2_PLACEMENT_3D('',#7318,#7319,#7320);
#7322=PLANE('',#7321);
#7323=CARTESIAN_POINT('',(-1.49,-0.42,5.625));
#7324=VERTEX_POINT('',#7323);
#7325=CARTESIAN_POINT('',(-1.69,-0.42,5.625));
#7326=DIRECTION('',(1.,0.,-0.));
#7327=VECTOR('',#7326,0.2);
#7328=LINE('',#7325,#7327);
#7329=EDGE_CURVE('',#7302,#7324,#7328,.T.);
#7330=ORIENTED_EDGE('',*,*,#7329,.F.);
#7331=ORIENTED_EDGE('',*,*,#7307,.F.);
#7332=CARTESIAN_POINT('',(-1.49,-0.42,5.745));
#7333=VERTEX_POINT('',#7332);
#7334=CARTESIAN_POINT('',(-1.49,-0.42,5.745));
#7335=DIRECTION('',(-1.,-0.,-0.));
#7336=VECTOR('',#7335,0.2);
#7337=LINE('',#7334,#7336);
#7338=EDGE_CURVE('',#7333,#7294,#7337,.T.);
#7339=ORIENTED_EDGE('',*,*,#7338,.F.);
#7340=CARTESIAN_POINT('',(-1.49,-0.42,5.745));
#7341=DIRECTION('',(-0.,-0.,-1.));
#7342=VECTOR('',#7341,0.12);
#7343=LINE('',#7340,#7342);
#7344=EDGE_CURVE('',#7333,#7324,#7343,.T.);
#7345=ORIENTED_EDGE('',*,*,#7344,.T.);
#7346=EDGE_LOOP('',(#7330,#7331,#7339,#7345));
#7347=FACE_BOUND('',#7346,.T.);
#7348=ADVANCED_FACE('',(#7347),#7322,.T.);
#7349=CARTESIAN_POINT('',(-1.49,-0.37,5.625));
#7350=DIRECTION('',(-0.,0.,-1.));
#7351=DIRECTION('',(-1.,-0.,0.));
#7352=AXIS2_PLACEMENT_3D('',#7349,#7350,#7351);
#7353=CYLINDRICAL_SURFACE('',#7352,0.05);
#7354=CARTESIAN_POINT('',(-1.44,-0.37,5.625));
#7355=VERTEX_POINT('',#7354);
#7356=CARTESIAN_POINT('',(-1.49,-0.37,5.625));
#7357=DIRECTION('',(0.,0.,-1.));
#7358=DIRECTION('',(-1.,0.,0.));
#7359=AXIS2_PLACEMENT_3D('',#7356,#7357,#7358);
#7360=CIRCLE('',#7359,0.05);
#7361=EDGE_CURVE('',#7355,#7324,#7360,.T.);
#7362=ORIENTED_EDGE('',*,*,#7361,.T.);
#7363=ORIENTED_EDGE('',*,*,#7344,.F.);
#7364=CARTESIAN_POINT('',(-1.44,-0.37,5.745));
#7365=VERTEX_POINT('',#7364);
#7366=CARTESIAN_POINT('',(-1.49,-0.37,5.745));
#7367=DIRECTION('',(0.,0.,-1.));
#7368=DIRECTION('',(-1.,0.,0.));
#7369=AXIS2_PLACEMENT_3D('',#7366,#7367,#7368);
#7370=CIRCLE('',#7369,0.05);
#7371=EDGE_CURVE('',#7365,#7333,#7370,.T.);
#7372=ORIENTED_EDGE('',*,*,#7371,.F.);
#7373=CARTESIAN_POINT('',(-1.44,-0.37,5.745));
#7374=DIRECTION('',(0.,0.,-1.));
#7375=VECTOR('',#7374,0.12);
#7376=LINE('',#7373,#7375);
#7377=EDGE_CURVE('',#7365,#7355,#7376,.T.);
#7378=ORIENTED_EDGE('',*,*,#7377,.T.);
#7379=EDGE_LOOP('',(#7362,#7363,#7372,#7378));
#7380=FACE_BOUND('',#7379,.T.);
#7381=ADVANCED_FACE('',(#7380),#7353,.F.);
#7382=CARTESIAN_POINT('',(-1.44,0.08,5.745));
#7383=DIRECTION('',(-1.,-0.,0.));
#7384=DIRECTION('',(0.,-1.,0.));
#7385=AXIS2_PLACEMENT_3D('',#7382,#7383,#7384);
#7386=PLANE('',#7385);
#7387=CARTESIAN_POINT('',(-1.44,-0.285,5.745));
#7388=VERTEX_POINT('',#7387);
#7389=CARTESIAN_POINT('',(-1.44,-0.285,5.745));
#7390=DIRECTION('',(0.,-1.,-0.));
#7391=VECTOR('',#7390,0.085);
#7392=LINE('',#7389,#7391);
#7393=EDGE_CURVE('',#7388,#7365,#7392,.T.);
#7394=ORIENTED_EDGE('',*,*,#7393,.F.);
#7395=CARTESIAN_POINT('',(-1.44,-0.285,5.625));
#7396=VERTEX_POINT('',#7395);
#7397=CARTESIAN_POINT('',(-1.44,-0.285,5.745));
#7398=DIRECTION('',(-0.,-0.,-1.));
#7399=VECTOR('',#7398,0.12);
#7400=LINE('',#7397,#7399);
#7401=EDGE_CURVE('',#7388,#7396,#7400,.T.);
#7402=ORIENTED_EDGE('',*,*,#7401,.T.);
#7403=CARTESIAN_POINT('',(-1.44,-0.37,5.625));
#7404=DIRECTION('',(-0.,1.,0.));
#7405=VECTOR('',#7404,0.085);
#7406=LINE('',#7403,#7405);
#7407=EDGE_CURVE('',#7355,#7396,#7406,.T.);
#7408=ORIENTED_EDGE('',*,*,#7407,.F.);
#7409=ORIENTED_EDGE('',*,*,#7377,.F.);
#7410=EDGE_LOOP('',(#7394,#7402,#7408,#7409));
#7411=FACE_BOUND('',#7410,.T.);
#7412=ADVANCED_FACE('',(#7411),#7386,.T.);
#7413=CARTESIAN_POINT('',(-1.39,-0.285,5.745));
#7414=DIRECTION('',(-0.,0.,-1.));
#7415=DIRECTION('',(-1.,-0.,0.));
#7416=AXIS2_PLACEMENT_3D('',#7413,#7414,#7415);
#7417=CYLINDRICAL_SURFACE('',#7416,0.05);
#7418=CARTESIAN_POINT('',(-1.39,-0.235,5.745));
#7419=VERTEX_POINT('',#7418);
#7420=CARTESIAN_POINT('',(-1.39,-0.285,5.745));
#7421=DIRECTION('',(0.,0.,-1.));
#7422=DIRECTION('',(-1.,0.,0.));
#7423=AXIS2_PLACEMENT_3D('',#7420,#7421,#7422);
#7424=CIRCLE('',#7423,0.05);
#7425=EDGE_CURVE('',#7388,#7419,#7424,.T.);
#7426=ORIENTED_EDGE('',*,*,#7425,.T.);
#7427=CARTESIAN_POINT('',(-1.39,-0.235,5.625));
#7428=VERTEX_POINT('',#7427);
#7429=CARTESIAN_POINT('',(-1.39,-0.235,5.745));
#7430=DIRECTION('',(0.,0.,-1.));
#7431=VECTOR('',#7430,0.12);
#7432=LINE('',#7429,#7431);
#7433=EDGE_CURVE('',#7419,#7428,#7432,.T.);
#7434=ORIENTED_EDGE('',*,*,#7433,.T.);
#7435=CARTESIAN_POINT('',(-1.39,-0.285,5.625));
#7436=DIRECTION('',(0.,0.,-1.));
#7437=DIRECTION('',(-1.,0.,0.));
#7438=AXIS2_PLACEMENT_3D('',#7435,#7436,#7437);
#7439=CIRCLE('',#7438,0.05);
#7440=EDGE_CURVE('',#7396,#7428,#7439,.T.);
#7441=ORIENTED_EDGE('',*,*,#7440,.F.);
#7442=ORIENTED_EDGE('',*,*,#7401,.F.);
#7443=EDGE_LOOP('',(#7426,#7434,#7441,#7442));
#7444=FACE_BOUND('',#7443,.T.);
#7445=ADVANCED_FACE('',(#7444),#7417,.T.);
#7446=CARTESIAN_POINT('',(-1.29,-0.235,5.745));
#7447=DIRECTION('',(-0.,1.,0.));
#7448=DIRECTION('',(-1.,-0.,0.));
#7449=AXIS2_PLACEMENT_3D('',#7446,#7447,#7448);
#7450=PLANE('',#7449);
#7451=CARTESIAN_POINT('',(-1.34,-0.235,5.625));
#7452=VERTEX_POINT('',#7451);
#7453=CARTESIAN_POINT('',(-1.39,-0.235,5.625));
#7454=DIRECTION('',(1.,0.,-0.));
#7455=VECTOR('',#7454,0.05);
#7456=LINE('',#7453,#7455);
#7457=EDGE_CURVE('',#7428,#7452,#7456,.T.);
#7458=ORIENTED_EDGE('',*,*,#7457,.F.);
#7459=ORIENTED_EDGE('',*,*,#7433,.F.);
#7460=CARTESIAN_POINT('',(-1.34,-0.235,5.745));
#7461=VERTEX_POINT('',#7460);
#7462=CARTESIAN_POINT('',(-1.34,-0.235,5.745));
#7463=DIRECTION('',(-1.,-0.,-0.));
#7464=VECTOR('',#7463,0.05);
#7465=LINE('',#7462,#7464);
#7466=EDGE_CURVE('',#7461,#7419,#7465,.T.);
#7467=ORIENTED_EDGE('',*,*,#7466,.F.);
#7468=CARTESIAN_POINT('',(-1.34,-0.235,5.625));
#7469=DIRECTION('',(0.,0.,1.));
#7470=VECTOR('',#7469,0.12);
#7471=LINE('',#7468,#7470);
#7472=EDGE_CURVE('',#7452,#7461,#7471,.T.);
#7473=ORIENTED_EDGE('',*,*,#7472,.F.);
#7474=EDGE_LOOP('',(#7458,#7459,#7467,#7473));
#7475=FACE_BOUND('',#7474,.T.);
#7476=ADVANCED_FACE('',(#7475),#7450,.T.);
#7477=CARTESIAN_POINT('',(-1.410180186,-0.5,5.745));
#7478=DIRECTION('',(0.,-0.,1.));
#7479=DIRECTION('',(1.,0.,0.));
#7480=AXIS2_PLACEMENT_3D('',#7477,#7478,#7479);
#7481=CYLINDRICAL_SURFACE('',#7480,0.05);
#7482=ORIENTED_EDGE('',*,*,#7227,.F.);
#7483=CARTESIAN_POINT('',(-1.375473408,-0.535992215,5.625));
#7484=VERTEX_POINT('',#7483);
#7485=CARTESIAN_POINT('',(-1.410180186,-0.5,5.625));
#7486=DIRECTION('',(0.,0.,1.));
#7487=DIRECTION('',(1.,0.,-0.));
#7488=AXIS2_PLACEMENT_3D('',#7485,#7486,#7487);
#7489=CIRCLE('',#7488,0.05);
#7490=EDGE_CURVE('',#7220,#7484,#7489,.T.);
#7491=ORIENTED_EDGE('',*,*,#7490,.T.);
#7492=CARTESIAN_POINT('',(-1.375473408,-0.535992215,5.745));
#7493=VERTEX_POINT('',#7492);
#7494=CARTESIAN_POINT('',(-1.375473408,-0.535992215,5.625));
#7495=DIRECTION('',(0.,0.,1.));
#7496=VECTOR('',#7495,0.12);
#7497=LINE('',#7494,#7496);
#7498=EDGE_CURVE('',#7484,#7493,#7497,.T.);
#7499=ORIENTED_EDGE('',*,*,#7498,.T.);
#7500=CARTESIAN_POINT('',(-1.410180186,-0.5,5.745));
#7501=DIRECTION('',(0.,0.,1.));
#7502=DIRECTION('',(1.,0.,-0.));
#7503=AXIS2_PLACEMENT_3D('',#7500,#7501,#7502);
#7504=CIRCLE('',#7503,0.05);
#7505=EDGE_CURVE('',#7222,#7493,#7504,.T.);
#7506=ORIENTED_EDGE('',*,*,#7505,.F.);
#7507=EDGE_LOOP('',(#7482,#7491,#7499,#7506));
#7508=FACE_BOUND('',#7507,.T.);
#7509=ADVANCED_FACE('',(#7508),#7481,.T.);
#7510=CARTESIAN_POINT('',(-1.25,-0.415,5.625));
#7511=DIRECTION('',(0.694135571,-0.719844295,0.));
#7512=DIRECTION('',(0.719844295,0.694135571,0.));
#7513=AXIS2_PLACEMENT_3D('',#7510,#7511,#7512);
#7514=PLANE('',#7513);
#7515=ORIENTED_EDGE('',*,*,#5961,.T.);
#7516=CARTESIAN_POINT('',(-1.375473408,-0.535992215,5.745));
#7517=DIRECTION('',(0.719844295,0.694135571,0.));
#7518=VECTOR('',#7517,0.077063065);
#7519=LINE('',#7516,#7518);
#7520=EDGE_CURVE('',#7493,#5950,#7519,.T.);
#7521=ORIENTED_EDGE('',*,*,#7520,.F.);
#7522=ORIENTED_EDGE('',*,*,#7498,.F.);
#7523=CARTESIAN_POINT('',(-1.32,-0.4825,5.625));
#7524=DIRECTION('',(-0.719844295,-0.694135571,0.));
#7525=VECTOR('',#7524,0.077063065);
#7526=LINE('',#7523,#7525);
#7527=EDGE_CURVE('',#5934,#7484,#7526,.T.);
#7528=ORIENTED_EDGE('',*,*,#7527,.F.);
#7529=EDGE_LOOP('',(#7515,#7521,#7522,#7528));
#7530=FACE_BOUND('',#7529,.T.);
#7531=ADVANCED_FACE('',(#7530),#7514,.T.);
#7532=CARTESIAN_POINT('',(-1.087616119,-0.20066064,5.745));
#7533=DIRECTION('',(0.,0.,1.));
#7534=DIRECTION('',(1.,0.,0.));
#7535=AXIS2_PLACEMENT_3D('',#7532,#7533,#7534);
#7536=PLANE('',#7535);
#7537=ORIENTED_EDGE('',*,*,#5955,.T.);
#7538=CARTESIAN_POINT('',(-1.34,-0.185,5.745));
#7539=DIRECTION('',(0.,0.,1.));
#7540=DIRECTION('',(1.,0.,-0.));
#7541=AXIS2_PLACEMENT_3D('',#7538,#7539,#7540);
#7542=CIRCLE('',#7541,0.05);
#7543=EDGE_CURVE('',#7461,#5942,#7542,.T.);
#7544=ORIENTED_EDGE('',*,*,#7543,.F.);
#7545=ORIENTED_EDGE('',*,*,#7466,.T.);
#7546=ORIENTED_EDGE('',*,*,#7425,.F.);
#7547=ORIENTED_EDGE('',*,*,#7393,.T.);
#7548=ORIENTED_EDGE('',*,*,#7371,.T.);
#7549=ORIENTED_EDGE('',*,*,#7338,.T.);
#7550=ORIENTED_EDGE('',*,*,#7299,.T.);
#7551=ORIENTED_EDGE('',*,*,#7282,.T.);
#7552=ORIENTED_EDGE('',*,*,#7235,.T.);
#7553=ORIENTED_EDGE('',*,*,#7505,.T.);
#7554=ORIENTED_EDGE('',*,*,#7520,.T.);
#7555=EDGE_LOOP('',(#7537,#7544,#7545,#7546,#7547,#7548,#7549,#7550,#7551,#7552,#7553,#7554));
#7556=FACE_BOUND('',#7555,.T.);
#7557=ADVANCED_FACE('',(#7556),#7536,.T.);
#7558=CARTESIAN_POINT('',(-1.34,-0.185,5.745));
#7559=DIRECTION('',(0.,-0.,1.));
#7560=DIRECTION('',(1.,0.,0.));
#7561=AXIS2_PLACEMENT_3D('',#7558,#7559,#7560);
#7562=CYLINDRICAL_SURFACE('',#7561,0.05);
#7563=ORIENTED_EDGE('',*,*,#5947,.F.);
#7564=CARTESIAN_POINT('',(-1.34,-0.185,5.625));
#7565=DIRECTION('',(0.,0.,1.));
#7566=DIRECTION('',(1.,0.,-0.));
#7567=AXIS2_PLACEMENT_3D('',#7564,#7565,#7566);
#7568=CIRCLE('',#7567,0.05);
#7569=EDGE_CURVE('',#7452,#5932,#7568,.T.);
#7570=ORIENTED_EDGE('',*,*,#7569,.F.);
#7571=ORIENTED_EDGE('',*,*,#7472,.T.);
#7572=ORIENTED_EDGE('',*,*,#7543,.T.);
#7573=EDGE_LOOP('',(#7563,#7570,#7571,#7572));
#7574=FACE_BOUND('',#7573,.T.);
#7575=ADVANCED_FACE('',(#7574),#7562,.F.);
#7576=CARTESIAN_POINT('',(-1.335697637,0.215754265,5.625));
#7577=DIRECTION('',(0.,0.,-1.));
#7578=DIRECTION('',(-1.,-0.,0.));
#7579=AXIS2_PLACEMENT_3D('',#7576,#7577,#7578);
#7580=PLANE('',#7579);
#7581=ORIENTED_EDGE('',*,*,#5939,.T.);
#7582=ORIENTED_EDGE('',*,*,#7527,.T.);
#7583=ORIENTED_EDGE('',*,*,#7490,.F.);
#7584=ORIENTED_EDGE('',*,*,#7249,.T.);
#7585=ORIENTED_EDGE('',*,*,#7274,.F.);
#7586=ORIENTED_EDGE('',*,*,#7313,.T.);
#7587=ORIENTED_EDGE('',*,*,#7329,.T.);
#7588=ORIENTED_EDGE('',*,*,#7361,.F.);
#7589=ORIENTED_EDGE('',*,*,#7407,.T.);
#7590=ORIENTED_EDGE('',*,*,#7440,.T.);
#7591=ORIENTED_EDGE('',*,*,#7457,.T.);
#7592=ORIENTED_EDGE('',*,*,#7569,.T.);
#7593=EDGE_LOOP('',(#7581,#7582,#7583,#7584,#7585,#7586,#7587,#7588,#7589,#7590,#7591,#7592));
#7594=FACE_BOUND('',#7593,.T.);
#7595=ADVANCED_FACE('',(#7594),#7580,.T.);
#7596=CARTESIAN_POINT('',(-1.39,-0.55,4.425));
#7597=DIRECTION('',(0.,-1.,0.));
#7598=DIRECTION('',(1.,0.,0.));
#7599=AXIS2_PLACEMENT_3D('',#7596,#7597,#7598);
#7600=PLANE('',#7599);
#7601=CARTESIAN_POINT('',(-1.410180186,-0.55,4.425));
#7602=VERTEX_POINT('',#7601);
#7603=CARTESIAN_POINT('',(-1.410180186,-0.55,4.545));
#7604=VERTEX_POINT('',#7603);
#7605=CARTESIAN_POINT('',(-1.410180186,-0.55,4.425));
#7606=DIRECTION('',(0.,0.,1.));
#7607=VECTOR('',#7606,0.12);
#7608=LINE('',#7605,#7607);
#7609=EDGE_CURVE('',#7602,#7604,#7608,.T.);
#7610=ORIENTED_EDGE('',*,*,#7609,.T.);
#7611=CARTESIAN_POINT('',(-1.64,-0.55,4.545));
#7612=VERTEX_POINT('',#7611);
#7613=CARTESIAN_POINT('',(-1.64,-0.55,4.545));
#7614=DIRECTION('',(1.,0.,0.));
#7615=VECTOR('',#7614,0.229819814);
#7616=LINE('',#7613,#7615);
#7617=EDGE_CURVE('',#7612,#7604,#7616,.T.);
#7618=ORIENTED_EDGE('',*,*,#7617,.F.);
#7619=CARTESIAN_POINT('',(-1.64,-0.55,4.425));
#7620=VERTEX_POINT('',#7619);
#7621=CARTESIAN_POINT('',(-1.64,-0.55,4.425));
#7622=DIRECTION('',(0.,0.,1.));
#7623=VECTOR('',#7622,0.12);
#7624=LINE('',#7621,#7623);
#7625=EDGE_CURVE('',#7620,#7612,#7624,.T.);
#7626=ORIENTED_EDGE('',*,*,#7625,.F.);
#7627=CARTESIAN_POINT('',(-1.410180186,-0.55,4.425));
#7628=DIRECTION('',(-1.,-0.,0.));
#7629=VECTOR('',#7628,0.229819814);
#7630=LINE('',#7627,#7629);
#7631=EDGE_CURVE('',#7602,#7620,#7630,.T.);
#7632=ORIENTED_EDGE('',*,*,#7631,.F.);
#7633=EDGE_LOOP('',(#7610,#7618,#7626,#7632));
#7634=FACE_BOUND('',#7633,.T.);
#7635=ADVANCED_FACE('',(#7634),#7600,.T.);
#7636=CARTESIAN_POINT('',(-1.64,-0.5,4.545));
#7637=DIRECTION('',(0.,-0.,1.));
#7638=DIRECTION('',(1.,0.,0.));
#7639=AXIS2_PLACEMENT_3D('',#7636,#7637,#7638);
#7640=CYLINDRICAL_SURFACE('',#7639,0.05);
#7641=CARTESIAN_POINT('',(-1.69,-0.5,4.425));
#7642=VERTEX_POINT('',#7641);
#7643=CARTESIAN_POINT('',(-1.69,-0.5,4.545));
#7644=VERTEX_POINT('',#7643);
#7645=CARTESIAN_POINT('',(-1.69,-0.5,4.425));
#7646=DIRECTION('',(0.,0.,1.));
#7647=VECTOR('',#7646,0.12);
#7648=LINE('',#7645,#7647);
#7649=EDGE_CURVE('',#7642,#7644,#7648,.T.);
#7650=ORIENTED_EDGE('',*,*,#7649,.F.);
#7651=CARTESIAN_POINT('',(-1.64,-0.5,4.425));
#7652=DIRECTION('',(0.,0.,1.));
#7653=DIRECTION('',(1.,0.,-0.));
#7654=AXIS2_PLACEMENT_3D('',#7651,#7652,#7653);
#7655=CIRCLE('',#7654,0.05);
#7656=EDGE_CURVE('',#7642,#7620,#7655,.T.);
#7657=ORIENTED_EDGE('',*,*,#7656,.T.);
#7658=ORIENTED_EDGE('',*,*,#7625,.T.);
#7659=CARTESIAN_POINT('',(-1.64,-0.5,4.545));
#7660=DIRECTION('',(0.,0.,1.));
#7661=DIRECTION('',(1.,0.,-0.));
#7662=AXIS2_PLACEMENT_3D('',#7659,#7660,#7661);
#7663=CIRCLE('',#7662,0.05);
#7664=EDGE_CURVE('',#7644,#7612,#7663,.T.);
#7665=ORIENTED_EDGE('',*,*,#7664,.F.);
#7666=EDGE_LOOP('',(#7650,#7657,#7658,#7665));
#7667=FACE_BOUND('',#7666,.T.);
#7668=ADVANCED_FACE('',(#7667),#7640,.T.);
#7669=CARTESIAN_POINT('',(-1.69,-0.55,4.425));
#7670=DIRECTION('',(-1.,-0.,0.));
#7671=DIRECTION('',(0.,-1.,0.));
#7672=AXIS2_PLACEMENT_3D('',#7669,#7670,#7671);
#7673=PLANE('',#7672);
#7674=ORIENTED_EDGE('',*,*,#7649,.T.);
#7675=CARTESIAN_POINT('',(-1.69,-0.42,4.545));
#7676=VERTEX_POINT('',#7675);
#7677=CARTESIAN_POINT('',(-1.69,-0.42,4.545));
#7678=DIRECTION('',(0.,-1.,-0.));
#7679=VECTOR('',#7678,0.08);
#7680=LINE('',#7677,#7679);
#7681=EDGE_CURVE('',#7676,#7644,#7680,.T.);
#7682=ORIENTED_EDGE('',*,*,#7681,.F.);
#7683=CARTESIAN_POINT('',(-1.69,-0.42,4.425));
#7684=VERTEX_POINT('',#7683);
#7685=CARTESIAN_POINT('',(-1.69,-0.42,4.425));
#7686=DIRECTION('',(0.,0.,1.));
#7687=VECTOR('',#7686,0.12);
#7688=LINE('',#7685,#7687);
#7689=EDGE_CURVE('',#7684,#7676,#7688,.T.);
#7690=ORIENTED_EDGE('',*,*,#7689,.F.);
#7691=CARTESIAN_POINT('',(-1.69,-0.5,4.425));
#7692=DIRECTION('',(-0.,1.,0.));
#7693=VECTOR('',#7692,0.08);
#7694=LINE('',#7691,#7693);
#7695=EDGE_CURVE('',#7642,#7684,#7694,.T.);
#7696=ORIENTED_EDGE('',*,*,#7695,.F.);
#7697=EDGE_LOOP('',(#7674,#7682,#7690,#7696));
#7698=FACE_BOUND('',#7697,.T.);
#7699=ADVANCED_FACE('',(#7698),#7673,.T.);
#7700=CARTESIAN_POINT('',(-1.69,-0.42,4.425));
#7701=DIRECTION('',(-0.,1.,0.));
#7702=DIRECTION('',(-1.,-0.,0.));
#7703=AXIS2_PLACEMENT_3D('',#7700,#7701,#7702);
#7704=PLANE('',#7703);
#7705=CARTESIAN_POINT('',(-1.49,-0.42,4.425));
#7706=VERTEX_POINT('',#7705);
#7707=CARTESIAN_POINT('',(-1.69,-0.42,4.425));
#7708=DIRECTION('',(1.,0.,-0.));
#7709=VECTOR('',#7708,0.2);
#7710=LINE('',#7707,#7709);
#7711=EDGE_CURVE('',#7684,#7706,#7710,.T.);
#7712=ORIENTED_EDGE('',*,*,#7711,.F.);
#7713=ORIENTED_EDGE('',*,*,#7689,.T.);
#7714=CARTESIAN_POINT('',(-1.49,-0.42,4.545));
#7715=VERTEX_POINT('',#7714);
#7716=CARTESIAN_POINT('',(-1.49,-0.42,4.545));
#7717=DIRECTION('',(-1.,-0.,-0.));
#7718=VECTOR('',#7717,0.2);
#7719=LINE('',#7716,#7718);
#7720=EDGE_CURVE('',#7715,#7676,#7719,.T.);
#7721=ORIENTED_EDGE('',*,*,#7720,.F.);
#7722=CARTESIAN_POINT('',(-1.49,-0.42,4.425));
#7723=DIRECTION('',(-0.,-0.,1.));
#7724=VECTOR('',#7723,0.12);
#7725=LINE('',#7722,#7724);
#7726=EDGE_CURVE('',#7706,#7715,#7725,.T.);
#7727=ORIENTED_EDGE('',*,*,#7726,.F.);
#7728=EDGE_LOOP('',(#7712,#7713,#7721,#7727));
#7729=FACE_BOUND('',#7728,.T.);
#7730=ADVANCED_FACE('',(#7729),#7704,.T.);
#7731=CARTESIAN_POINT('',(-1.49,-0.37,4.425));
#7732=DIRECTION('',(-0.,0.,-1.));
#7733=DIRECTION('',(-1.,-0.,0.));
#7734=AXIS2_PLACEMENT_3D('',#7731,#7732,#7733);
#7735=CYLINDRICAL_SURFACE('',#7734,0.05);
#7736=CARTESIAN_POINT('',(-1.44,-0.37,4.425));
#7737=VERTEX_POINT('',#7736);
#7738=CARTESIAN_POINT('',(-1.49,-0.37,4.425));
#7739=DIRECTION('',(0.,0.,-1.));
#7740=DIRECTION('',(-1.,0.,0.));
#7741=AXIS2_PLACEMENT_3D('',#7738,#7739,#7740);
#7742=CIRCLE('',#7741,0.05);
#7743=EDGE_CURVE('',#7737,#7706,#7742,.T.);
#7744=ORIENTED_EDGE('',*,*,#7743,.T.);
#7745=ORIENTED_EDGE('',*,*,#7726,.T.);
#7746=CARTESIAN_POINT('',(-1.44,-0.37,4.545));
#7747=VERTEX_POINT('',#7746);
#7748=CARTESIAN_POINT('',(-1.49,-0.37,4.545));
#7749=DIRECTION('',(0.,0.,-1.));
#7750=DIRECTION('',(-1.,0.,0.));
#7751=AXIS2_PLACEMENT_3D('',#7748,#7749,#7750);
#7752=CIRCLE('',#7751,0.05);
#7753=EDGE_CURVE('',#7747,#7715,#7752,.T.);
#7754=ORIENTED_EDGE('',*,*,#7753,.F.);
#7755=CARTESIAN_POINT('',(-1.44,-0.37,4.545));
#7756=DIRECTION('',(0.,0.,-1.));
#7757=VECTOR('',#7756,0.12);
#7758=LINE('',#7755,#7757);
#7759=EDGE_CURVE('',#7747,#7737,#7758,.T.);
#7760=ORIENTED_EDGE('',*,*,#7759,.T.);
#7761=EDGE_LOOP('',(#7744,#7745,#7754,#7760));
#7762=FACE_BOUND('',#7761,.T.);
#7763=ADVANCED_FACE('',(#7762),#7735,.F.);
#7764=CARTESIAN_POINT('',(-1.44,0.08,4.545));
#7765=DIRECTION('',(-1.,-0.,0.));
#7766=DIRECTION('',(0.,-1.,0.));
#7767=AXIS2_PLACEMENT_3D('',#7764,#7765,#7766);
#7768=PLANE('',#7767);
#7769=CARTESIAN_POINT('',(-1.44,-0.285,4.545));
#7770=VERTEX_POINT('',#7769);
#7771=CARTESIAN_POINT('',(-1.44,-0.285,4.545));
#7772=DIRECTION('',(0.,-1.,-0.));
#7773=VECTOR('',#7772,0.085);
#7774=LINE('',#7771,#7773);
#7775=EDGE_CURVE('',#7770,#7747,#7774,.T.);
#7776=ORIENTED_EDGE('',*,*,#7775,.F.);
#7777=CARTESIAN_POINT('',(-1.44,-0.285,4.425));
#7778=VERTEX_POINT('',#7777);
#7779=CARTESIAN_POINT('',(-1.44,-0.285,4.545));
#7780=DIRECTION('',(-0.,-0.,-1.));
#7781=VECTOR('',#7780,0.12);
#7782=LINE('',#7779,#7781);
#7783=EDGE_CURVE('',#7770,#7778,#7782,.T.);
#7784=ORIENTED_EDGE('',*,*,#7783,.T.);
#7785=CARTESIAN_POINT('',(-1.44,-0.37,4.425));
#7786=DIRECTION('',(-0.,1.,0.));
#7787=VECTOR('',#7786,0.085);
#7788=LINE('',#7785,#7787);
#7789=EDGE_CURVE('',#7737,#7778,#7788,.T.);
#7790=ORIENTED_EDGE('',*,*,#7789,.F.);
#7791=ORIENTED_EDGE('',*,*,#7759,.F.);
#7792=EDGE_LOOP('',(#7776,#7784,#7790,#7791));
#7793=FACE_BOUND('',#7792,.T.);
#7794=ADVANCED_FACE('',(#7793),#7768,.T.);
#7795=CARTESIAN_POINT('',(-1.39,-0.285,4.545));
#7796=DIRECTION('',(-0.,0.,-1.));
#7797=DIRECTION('',(-1.,-0.,0.));
#7798=AXIS2_PLACEMENT_3D('',#7795,#7796,#7797);
#7799=CYLINDRICAL_SURFACE('',#7798,0.05);
#7800=CARTESIAN_POINT('',(-1.39,-0.235,4.545));
#7801=VERTEX_POINT('',#7800);
#7802=CARTESIAN_POINT('',(-1.39,-0.285,4.545));
#7803=DIRECTION('',(0.,0.,-1.));
#7804=DIRECTION('',(-1.,0.,0.));
#7805=AXIS2_PLACEMENT_3D('',#7802,#7803,#7804);
#7806=CIRCLE('',#7805,0.05);
#7807=EDGE_CURVE('',#7770,#7801,#7806,.T.);
#7808=ORIENTED_EDGE('',*,*,#7807,.T.);
#7809=CARTESIAN_POINT('',(-1.39,-0.235,4.425));
#7810=VERTEX_POINT('',#7809);
#7811=CARTESIAN_POINT('',(-1.39,-0.235,4.545));
#7812=DIRECTION('',(0.,0.,-1.));
#7813=VECTOR('',#7812,0.12);
#7814=LINE('',#7811,#7813);
#7815=EDGE_CURVE('',#7801,#7810,#7814,.T.);
#7816=ORIENTED_EDGE('',*,*,#7815,.T.);
#7817=CARTESIAN_POINT('',(-1.39,-0.285,4.425));
#7818=DIRECTION('',(0.,0.,-1.));
#7819=DIRECTION('',(-1.,0.,0.));
#7820=AXIS2_PLACEMENT_3D('',#7817,#7818,#7819);
#7821=CIRCLE('',#7820,0.05);
#7822=EDGE_CURVE('',#7778,#7810,#7821,.T.);
#7823=ORIENTED_EDGE('',*,*,#7822,.F.);
#7824=ORIENTED_EDGE('',*,*,#7783,.F.);
#7825=EDGE_LOOP('',(#7808,#7816,#7823,#7824));
#7826=FACE_BOUND('',#7825,.T.);
#7827=ADVANCED_FACE('',(#7826),#7799,.T.);
#7828=CARTESIAN_POINT('',(-1.29,-0.235,4.545));
#7829=DIRECTION('',(-0.,1.,0.));
#7830=DIRECTION('',(-1.,-0.,0.));
#7831=AXIS2_PLACEMENT_3D('',#7828,#7829,#7830);
#7832=PLANE('',#7831);
#7833=CARTESIAN_POINT('',(-1.34,-0.235,4.425));
#7834=VERTEX_POINT('',#7833);
#7835=CARTESIAN_POINT('',(-1.39,-0.235,4.425));
#7836=DIRECTION('',(1.,0.,-0.));
#7837=VECTOR('',#7836,0.05);
#7838=LINE('',#7835,#7837);
#7839=EDGE_CURVE('',#7810,#7834,#7838,.T.);
#7840=ORIENTED_EDGE('',*,*,#7839,.F.);
#7841=ORIENTED_EDGE('',*,*,#7815,.F.);
#7842=CARTESIAN_POINT('',(-1.34,-0.235,4.545));
#7843=VERTEX_POINT('',#7842);
#7844=CARTESIAN_POINT('',(-1.34,-0.235,4.545));
#7845=DIRECTION('',(-1.,-0.,-0.));
#7846=VECTOR('',#7845,0.05);
#7847=LINE('',#7844,#7846);
#7848=EDGE_CURVE('',#7843,#7801,#7847,.T.);
#7849=ORIENTED_EDGE('',*,*,#7848,.F.);
#7850=CARTESIAN_POINT('',(-1.34,-0.235,4.425));
#7851=DIRECTION('',(0.,0.,1.));
#7852=VECTOR('',#7851,0.12);
#7853=LINE('',#7850,#7852);
#7854=EDGE_CURVE('',#7834,#7843,#7853,.T.);
#7855=ORIENTED_EDGE('',*,*,#7854,.F.);
#7856=EDGE_LOOP('',(#7840,#7841,#7849,#7855));
#7857=FACE_BOUND('',#7856,.T.);
#7858=ADVANCED_FACE('',(#7857),#7832,.T.);
#7859=CARTESIAN_POINT('',(-1.410180186,-0.5,4.545));
#7860=DIRECTION('',(0.,-0.,1.));
#7861=DIRECTION('',(1.,0.,0.));
#7862=AXIS2_PLACEMENT_3D('',#7859,#7860,#7861);
#7863=CYLINDRICAL_SURFACE('',#7862,0.05);
#7864=ORIENTED_EDGE('',*,*,#7609,.F.);
#7865=CARTESIAN_POINT('',(-1.375473408,-0.535992215,4.425));
#7866=VERTEX_POINT('',#7865);
#7867=CARTESIAN_POINT('',(-1.410180186,-0.5,4.425));
#7868=DIRECTION('',(0.,0.,1.));
#7869=DIRECTION('',(1.,0.,-0.));
#7870=AXIS2_PLACEMENT_3D('',#7867,#7868,#7869);
#7871=CIRCLE('',#7870,0.05);
#7872=EDGE_CURVE('',#7602,#7866,#7871,.T.);
#7873=ORIENTED_EDGE('',*,*,#7872,.T.);
#7874=CARTESIAN_POINT('',(-1.375473408,-0.535992215,4.545));
#7875=VERTEX_POINT('',#7874);
#7876=CARTESIAN_POINT('',(-1.375473408,-0.535992215,4.425));
#7877=DIRECTION('',(0.,0.,1.));
#7878=VECTOR('',#7877,0.12);
#7879=LINE('',#7876,#7878);
#7880=EDGE_CURVE('',#7866,#7875,#7879,.T.);
#7881=ORIENTED_EDGE('',*,*,#7880,.T.);
#7882=CARTESIAN_POINT('',(-1.410180186,-0.5,4.545));
#7883=DIRECTION('',(0.,0.,1.));
#7884=DIRECTION('',(1.,0.,-0.));
#7885=AXIS2_PLACEMENT_3D('',#7882,#7883,#7884);
#7886=CIRCLE('',#7885,0.05);
#7887=EDGE_CURVE('',#7604,#7875,#7886,.T.);
#7888=ORIENTED_EDGE('',*,*,#7887,.F.);
#7889=EDGE_LOOP('',(#7864,#7873,#7881,#7888));
#7890=FACE_BOUND('',#7889,.T.);
#7891=ADVANCED_FACE('',(#7890),#7863,.T.);
#7892=CARTESIAN_POINT('',(-1.25,-0.415,4.425));
#7893=DIRECTION('',(0.694135571,-0.719844295,0.));
#7894=DIRECTION('',(0.719844295,0.694135571,0.));
#7895=AXIS2_PLACEMENT_3D('',#7892,#7893,#7894);
#7896=PLANE('',#7895);
#7897=ORIENTED_EDGE('',*,*,#6029,.T.);
#7898=CARTESIAN_POINT('',(-1.375473408,-0.535992215,4.545));
#7899=DIRECTION('',(0.719844295,0.694135571,0.));
#7900=VECTOR('',#7899,0.077063065);
#7901=LINE('',#7898,#7900);
#7902=EDGE_CURVE('',#7875,#6018,#7901,.T.);
#7903=ORIENTED_EDGE('',*,*,#7902,.F.);
#7904=ORIENTED_EDGE('',*,*,#7880,.F.);
#7905=CARTESIAN_POINT('',(-1.32,-0.4825,4.425));
#7906=DIRECTION('',(-0.719844295,-0.694135571,0.));
#7907=VECTOR('',#7906,0.077063065);
#7908=LINE('',#7905,#7907);
#7909=EDGE_CURVE('',#6002,#7866,#7908,.T.);
#7910=ORIENTED_EDGE('',*,*,#7909,.F.);
#7911=EDGE_LOOP('',(#7897,#7903,#7904,#7910));
#7912=FACE_BOUND('',#7911,.T.);
#7913=ADVANCED_FACE('',(#7912),#7896,.T.);
#7914=CARTESIAN_POINT('',(-1.087616119,-0.20066064,4.545));
#7915=DIRECTION('',(0.,0.,1.));
#7916=DIRECTION('',(1.,0.,0.));
#7917=AXIS2_PLACEMENT_3D('',#7914,#7915,#7916);
#7918=PLANE('',#7917);
#7919=ORIENTED_EDGE('',*,*,#6023,.T.);
#7920=CARTESIAN_POINT('',(-1.34,-0.185,4.545));
#7921=DIRECTION('',(0.,0.,1.));
#7922=DIRECTION('',(1.,0.,-0.));
#7923=AXIS2_PLACEMENT_3D('',#7920,#7921,#7922);
#7924=CIRCLE('',#7923,0.05);
#7925=EDGE_CURVE('',#7843,#6010,#7924,.T.);
#7926=ORIENTED_EDGE('',*,*,#7925,.F.);
#7927=ORIENTED_EDGE('',*,*,#7848,.T.);
#7928=ORIENTED_EDGE('',*,*,#7807,.F.);
#7929=ORIENTED_EDGE('',*,*,#7775,.T.);
#7930=ORIENTED_EDGE('',*,*,#7753,.T.);
#7931=ORIENTED_EDGE('',*,*,#7720,.T.);
#7932=ORIENTED_EDGE('',*,*,#7681,.T.);
#7933=ORIENTED_EDGE('',*,*,#7664,.T.);
#7934=ORIENTED_EDGE('',*,*,#7617,.T.);
#7935=ORIENTED_EDGE('',*,*,#7887,.T.);
#7936=ORIENTED_EDGE('',*,*,#7902,.T.);
#7937=EDGE_LOOP('',(#7919,#7926,#7927,#7928,#7929,#7930,#7931,#7932,#7933,#7934,#7935,#7936));
#7938=FACE_BOUND('',#7937,.T.);
#7939=ADVANCED_FACE('',(#7938),#7918,.T.);
#7940=CARTESIAN_POINT('',(-1.34,-0.185,4.545));
#7941=DIRECTION('',(0.,-0.,1.));
#7942=DIRECTION('',(1.,0.,0.));
#7943=AXIS2_PLACEMENT_3D('',#7940,#7941,#7942);
#7944=CYLINDRICAL_SURFACE('',#7943,0.05);
#7945=ORIENTED_EDGE('',*,*,#6015,.F.);
#7946=CARTESIAN_POINT('',(-1.34,-0.185,4.425));
#7947=DIRECTION('',(0.,0.,1.));
#7948=DIRECTION('',(1.,0.,-0.));
#7949=AXIS2_PLACEMENT_3D('',#7946,#7947,#7948);
#7950=CIRCLE('',#7949,0.05);
#7951=EDGE_CURVE('',#7834,#6000,#7950,.T.);
#7952=ORIENTED_EDGE('',*,*,#7951,.F.);
#7953=ORIENTED_EDGE('',*,*,#7854,.T.);
#7954=ORIENTED_EDGE('',*,*,#7925,.T.);
#7955=EDGE_LOOP('',(#7945,#7952,#7953,#7954));
#7956=FACE_BOUND('',#7955,.T.);
#7957=ADVANCED_FACE('',(#7956),#7944,.F.);
#7958=CARTESIAN_POINT('',(-1.335697637,0.215754265,4.425));
#7959=DIRECTION('',(0.,0.,-1.));
#7960=DIRECTION('',(-1.,-0.,0.));
#7961=AXIS2_PLACEMENT_3D('',#7958,#7959,#7960);
#7962=PLANE('',#7961);
#7963=ORIENTED_EDGE('',*,*,#6007,.T.);
#7964=ORIENTED_EDGE('',*,*,#7909,.T.);
#7965=ORIENTED_EDGE('',*,*,#7872,.F.);
#7966=ORIENTED_EDGE('',*,*,#7631,.T.);
#7967=ORIENTED_EDGE('',*,*,#7656,.F.);
#7968=ORIENTED_EDGE('',*,*,#7695,.T.);
#7969=ORIENTED_EDGE('',*,*,#7711,.T.);
#7970=ORIENTED_EDGE('',*,*,#7743,.F.);
#7971=ORIENTED_EDGE('',*,*,#7789,.T.);
#7972=ORIENTED_EDGE('',*,*,#7822,.T.);
#7973=ORIENTED_EDGE('',*,*,#7839,.T.);
#7974=ORIENTED_EDGE('',*,*,#7951,.T.);
#7975=EDGE_LOOP('',(#7963,#7964,#7965,#7966,#7967,#7968,#7969,#7970,#7971,#7972,#7973,#7974));
#7976=FACE_BOUND('',#7975,.T.);
#7977=ADVANCED_FACE('',(#7976),#7962,.T.);
#7978=CARTESIAN_POINT('',(-1.39,-0.55,4.825));
#7979=DIRECTION('',(0.,-1.,0.));
#7980=DIRECTION('',(1.,0.,0.));
#7981=AXIS2_PLACEMENT_3D('',#7978,#7979,#7980);
#7982=PLANE('',#7981);
#7983=CARTESIAN_POINT('',(-1.410180186,-0.55,4.825));
#7984=VERTEX_POINT('',#7983);
#7985=CARTESIAN_POINT('',(-1.410180186,-0.55,4.945));
#7986=VERTEX_POINT('',#7985);
#7987=CARTESIAN_POINT('',(-1.410180186,-0.55,4.825));
#7988=DIRECTION('',(0.,0.,1.));
#7989=VECTOR('',#7988,0.12);
#7990=LINE('',#7987,#7989);
#7991=EDGE_CURVE('',#7984,#7986,#7990,.T.);
#7992=ORIENTED_EDGE('',*,*,#7991,.T.);
#7993=CARTESIAN_POINT('',(-1.64,-0.55,4.945));
#7994=VERTEX_POINT('',#7993);
#7995=CARTESIAN_POINT('',(-1.410180186,-0.55,4.945));
#7996=DIRECTION('',(-1.,-0.,-0.));
#7997=VECTOR('',#7996,0.229819814);
#7998=LINE('',#7995,#7997);
#7999=EDGE_CURVE('',#7986,#7994,#7998,.T.);
#8000=ORIENTED_EDGE('',*,*,#7999,.T.);
#8001=CARTESIAN_POINT('',(-1.64,-0.55,4.825));
#8002=VERTEX_POINT('',#8001);
#8003=CARTESIAN_POINT('',(-1.64,-0.55,4.825));
#8004=DIRECTION('',(0.,0.,1.));
#8005=VECTOR('',#8004,0.12);
#8006=LINE('',#8003,#8005);
#8007=EDGE_CURVE('',#8002,#7994,#8006,.T.);
#8008=ORIENTED_EDGE('',*,*,#8007,.F.);
#8009=CARTESIAN_POINT('',(-1.410180186,-0.55,4.825));
#8010=DIRECTION('',(-1.,-0.,0.));
#8011=VECTOR('',#8010,0.229819814);
#8012=LINE('',#8009,#8011);
#8013=EDGE_CURVE('',#7984,#8002,#8012,.T.);
#8014=ORIENTED_EDGE('',*,*,#8013,.F.);
#8015=EDGE_LOOP('',(#7992,#8000,#8008,#8014));
#8016=FACE_BOUND('',#8015,.T.);
#8017=ADVANCED_FACE('',(#8016),#7982,.T.);
#8018=CARTESIAN_POINT('',(-1.64,-0.5,4.945));
#8019=DIRECTION('',(0.,-0.,1.));
#8020=DIRECTION('',(1.,0.,0.));
#8021=AXIS2_PLACEMENT_3D('',#8018,#8019,#8020);
#8022=CYLINDRICAL_SURFACE('',#8021,0.05);
#8023=CARTESIAN_POINT('',(-1.69,-0.5,4.825));
#8024=VERTEX_POINT('',#8023);
#8025=CARTESIAN_POINT('',(-1.69,-0.5,4.945));
#8026=VERTEX_POINT('',#8025);
#8027=CARTESIAN_POINT('',(-1.69,-0.5,4.825));
#8028=DIRECTION('',(0.,0.,1.));
#8029=VECTOR('',#8028,0.12);
#8030=LINE('',#8027,#8029);
#8031=EDGE_CURVE('',#8024,#8026,#8030,.T.);
#8032=ORIENTED_EDGE('',*,*,#8031,.F.);
#8033=CARTESIAN_POINT('',(-1.64,-0.5,4.825));
#8034=DIRECTION('',(0.,0.,1.));
#8035=DIRECTION('',(1.,0.,-0.));
#8036=AXIS2_PLACEMENT_3D('',#8033,#8034,#8035);
#8037=CIRCLE('',#8036,0.05);
#8038=EDGE_CURVE('',#8024,#8002,#8037,.T.);
#8039=ORIENTED_EDGE('',*,*,#8038,.T.);
#8040=ORIENTED_EDGE('',*,*,#8007,.T.);
#8041=CARTESIAN_POINT('',(-1.64,-0.5,4.945));
#8042=DIRECTION('',(0.,0.,1.));
#8043=DIRECTION('',(1.,0.,-0.));
#8044=AXIS2_PLACEMENT_3D('',#8041,#8042,#8043);
#8045=CIRCLE('',#8044,0.05);
#8046=EDGE_CURVE('',#8026,#7994,#8045,.T.);
#8047=ORIENTED_EDGE('',*,*,#8046,.F.);
#8048=EDGE_LOOP('',(#8032,#8039,#8040,#8047));
#8049=FACE_BOUND('',#8048,.T.);
#8050=ADVANCED_FACE('',(#8049),#8022,.T.);
#8051=CARTESIAN_POINT('',(-1.69,-0.55,4.825));
#8052=DIRECTION('',(-1.,-0.,0.));
#8053=DIRECTION('',(0.,-1.,0.));
#8054=AXIS2_PLACEMENT_3D('',#8051,#8052,#8053);
#8055=PLANE('',#8054);
#8056=ORIENTED_EDGE('',*,*,#8031,.T.);
#8057=CARTESIAN_POINT('',(-1.69,-0.42,4.945));
#8058=VERTEX_POINT('',#8057);
#8059=CARTESIAN_POINT('',(-1.69,-0.42,4.945));
#8060=DIRECTION('',(0.,-1.,-0.));
#8061=VECTOR('',#8060,0.08);
#8062=LINE('',#8059,#8061);
#8063=EDGE_CURVE('',#8058,#8026,#8062,.T.);
#8064=ORIENTED_EDGE('',*,*,#8063,.F.);
#8065=CARTESIAN_POINT('',(-1.69,-0.42,4.825));
#8066=VERTEX_POINT('',#8065);
#8067=CARTESIAN_POINT('',(-1.69,-0.42,4.825));
#8068=DIRECTION('',(0.,0.,1.));
#8069=VECTOR('',#8068,0.12);
#8070=LINE('',#8067,#8069);
#8071=EDGE_CURVE('',#8066,#8058,#8070,.T.);
#8072=ORIENTED_EDGE('',*,*,#8071,.F.);
#8073=CARTESIAN_POINT('',(-1.69,-0.5,4.825));
#8074=DIRECTION('',(-0.,1.,0.));
#8075=VECTOR('',#8074,0.08);
#8076=LINE('',#8073,#8075);
#8077=EDGE_CURVE('',#8024,#8066,#8076,.T.);
#8078=ORIENTED_EDGE('',*,*,#8077,.F.);
#8079=EDGE_LOOP('',(#8056,#8064,#8072,#8078));
#8080=FACE_BOUND('',#8079,.T.);
#8081=ADVANCED_FACE('',(#8080),#8055,.T.);
#8082=CARTESIAN_POINT('',(-1.69,-0.42,4.825));
#8083=DIRECTION('',(-0.,1.,0.));
#8084=DIRECTION('',(-1.,-0.,0.));
#8085=AXIS2_PLACEMENT_3D('',#8082,#8083,#8084);
#8086=PLANE('',#8085);
#8087=CARTESIAN_POINT('',(-1.49,-0.42,4.825));
#8088=VERTEX_POINT('',#8087);
#8089=CARTESIAN_POINT('',(-1.69,-0.42,4.825));
#8090=DIRECTION('',(1.,0.,-0.));
#8091=VECTOR('',#8090,0.2);
#8092=LINE('',#8089,#8091);
#8093=EDGE_CURVE('',#8066,#8088,#8092,.T.);
#8094=ORIENTED_EDGE('',*,*,#8093,.F.);
#8095=ORIENTED_EDGE('',*,*,#8071,.T.);
#8096=CARTESIAN_POINT('',(-1.49,-0.42,4.945));
#8097=VERTEX_POINT('',#8096);
#8098=CARTESIAN_POINT('',(-1.69,-0.42,4.945));
#8099=DIRECTION('',(1.,0.,-0.));
#8100=VECTOR('',#8099,0.2);
#8101=LINE('',#8098,#8100);
#8102=EDGE_CURVE('',#8058,#8097,#8101,.T.);
#8103=ORIENTED_EDGE('',*,*,#8102,.T.);
#8104=CARTESIAN_POINT('',(-1.49,-0.42,4.945));
#8105=DIRECTION('',(-0.,-0.,-1.));
#8106=VECTOR('',#8105,0.12);
#8107=LINE('',#8104,#8106);
#8108=EDGE_CURVE('',#8097,#8088,#8107,.T.);
#8109=ORIENTED_EDGE('',*,*,#8108,.T.);
#8110=EDGE_LOOP('',(#8094,#8095,#8103,#8109));
#8111=FACE_BOUND('',#8110,.T.);
#8112=ADVANCED_FACE('',(#8111),#8086,.T.);
#8113=CARTESIAN_POINT('',(-1.49,-0.37,4.825));
#8114=DIRECTION('',(-0.,0.,-1.));
#8115=DIRECTION('',(-1.,-0.,0.));
#8116=AXIS2_PLACEMENT_3D('',#8113,#8114,#8115);
#8117=CYLINDRICAL_SURFACE('',#8116,0.05);
#8118=CARTESIAN_POINT('',(-1.44,-0.37,4.825));
#8119=VERTEX_POINT('',#8118);
#8120=CARTESIAN_POINT('',(-1.49,-0.37,4.825));
#8121=DIRECTION('',(0.,0.,-1.));
#8122=DIRECTION('',(-1.,0.,0.));
#8123=AXIS2_PLACEMENT_3D('',#8120,#8121,#8122);
#8124=CIRCLE('',#8123,0.05);
#8125=EDGE_CURVE('',#8119,#8088,#8124,.T.);
#8126=ORIENTED_EDGE('',*,*,#8125,.T.);
#8127=ORIENTED_EDGE('',*,*,#8108,.F.);
#8128=CARTESIAN_POINT('',(-1.44,-0.37,4.945));
#8129=VERTEX_POINT('',#8128);
#8130=CARTESIAN_POINT('',(-1.49,-0.37,4.945));
#8131=DIRECTION('',(0.,0.,-1.));
#8132=DIRECTION('',(-1.,0.,0.));
#8133=AXIS2_PLACEMENT_3D('',#8130,#8131,#8132);
#8134=CIRCLE('',#8133,0.05);
#8135=EDGE_CURVE('',#8129,#8097,#8134,.T.);
#8136=ORIENTED_EDGE('',*,*,#8135,.F.);
#8137=CARTESIAN_POINT('',(-1.44,-0.37,4.945));
#8138=DIRECTION('',(0.,0.,-1.));
#8139=VECTOR('',#8138,0.12);
#8140=LINE('',#8137,#8139);
#8141=EDGE_CURVE('',#8129,#8119,#8140,.T.);
#8142=ORIENTED_EDGE('',*,*,#8141,.T.);
#8143=EDGE_LOOP('',(#8126,#8127,#8136,#8142));
#8144=FACE_BOUND('',#8143,.T.);
#8145=ADVANCED_FACE('',(#8144),#8117,.F.);
#8146=CARTESIAN_POINT('',(-1.44,0.08,4.945));
#8147=DIRECTION('',(-1.,-0.,0.));
#8148=DIRECTION('',(0.,-1.,0.));
#8149=AXIS2_PLACEMENT_3D('',#8146,#8147,#8148);
#8150=PLANE('',#8149);
#8151=CARTESIAN_POINT('',(-1.44,-0.285,4.945));
#8152=VERTEX_POINT('',#8151);
#8153=CARTESIAN_POINT('',(-1.44,-0.37,4.945));
#8154=DIRECTION('',(-0.,1.,-0.));
#8155=VECTOR('',#8154,0.085);
#8156=LINE('',#8153,#8155);
#8157=EDGE_CURVE('',#8129,#8152,#8156,.T.);
#8158=ORIENTED_EDGE('',*,*,#8157,.T.);
#8159=CARTESIAN_POINT('',(-1.44,-0.285,4.825));
#8160=VERTEX_POINT('',#8159);
#8161=CARTESIAN_POINT('',(-1.44,-0.285,4.945));
#8162=DIRECTION('',(-0.,-0.,-1.));
#8163=VECTOR('',#8162,0.12);
#8164=LINE('',#8161,#8163);
#8165=EDGE_CURVE('',#8152,#8160,#8164,.T.);
#8166=ORIENTED_EDGE('',*,*,#8165,.T.);
#8167=CARTESIAN_POINT('',(-1.44,-0.37,4.825));
#8168=DIRECTION('',(-0.,1.,0.));
#8169=VECTOR('',#8168,0.085);
#8170=LINE('',#8167,#8169);
#8171=EDGE_CURVE('',#8119,#8160,#8170,.T.);
#8172=ORIENTED_EDGE('',*,*,#8171,.F.);
#8173=ORIENTED_EDGE('',*,*,#8141,.F.);
#8174=EDGE_LOOP('',(#8158,#8166,#8172,#8173));
#8175=FACE_BOUND('',#8174,.T.);
#8176=ADVANCED_FACE('',(#8175),#8150,.T.);
#8177=CARTESIAN_POINT('',(-1.39,-0.285,4.945));
#8178=DIRECTION('',(-0.,0.,-1.));
#8179=DIRECTION('',(-1.,-0.,0.));
#8180=AXIS2_PLACEMENT_3D('',#8177,#8178,#8179);
#8181=CYLINDRICAL_SURFACE('',#8180,0.05);
#8182=CARTESIAN_POINT('',(-1.39,-0.235,4.945));
#8183=VERTEX_POINT('',#8182);
#8184=CARTESIAN_POINT('',(-1.39,-0.285,4.945));
#8185=DIRECTION('',(0.,0.,-1.));
#8186=DIRECTION('',(-1.,0.,0.));
#8187=AXIS2_PLACEMENT_3D('',#8184,#8185,#8186);
#8188=CIRCLE('',#8187,0.05);
#8189=EDGE_CURVE('',#8152,#8183,#8188,.T.);
#8190=ORIENTED_EDGE('',*,*,#8189,.T.);
#8191=CARTESIAN_POINT('',(-1.39,-0.235,4.825));
#8192=VERTEX_POINT('',#8191);
#8193=CARTESIAN_POINT('',(-1.39,-0.235,4.945));
#8194=DIRECTION('',(0.,0.,-1.));
#8195=VECTOR('',#8194,0.12);
#8196=LINE('',#8193,#8195);
#8197=EDGE_CURVE('',#8183,#8192,#8196,.T.);
#8198=ORIENTED_EDGE('',*,*,#8197,.T.);
#8199=CARTESIAN_POINT('',(-1.39,-0.285,4.825));
#8200=DIRECTION('',(0.,0.,-1.));
#8201=DIRECTION('',(-1.,0.,0.));
#8202=AXIS2_PLACEMENT_3D('',#8199,#8200,#8201);
#8203=CIRCLE('',#8202,0.05);
#8204=EDGE_CURVE('',#8160,#8192,#8203,.T.);
#8205=ORIENTED_EDGE('',*,*,#8204,.F.);
#8206=ORIENTED_EDGE('',*,*,#8165,.F.);
#8207=EDGE_LOOP('',(#8190,#8198,#8205,#8206));
#8208=FACE_BOUND('',#8207,.T.);
#8209=ADVANCED_FACE('',(#8208),#8181,.T.);
#8210=CARTESIAN_POINT('',(-1.29,-0.235,4.945));
#8211=DIRECTION('',(-0.,1.,0.));
#8212=DIRECTION('',(-1.,-0.,0.));
#8213=AXIS2_PLACEMENT_3D('',#8210,#8211,#8212);
#8214=PLANE('',#8213);
#8215=CARTESIAN_POINT('',(-1.34,-0.235,4.825));
#8216=VERTEX_POINT('',#8215);
#8217=CARTESIAN_POINT('',(-1.39,-0.235,4.825));
#8218=DIRECTION('',(1.,0.,-0.));
#8219=VECTOR('',#8218,0.05);
#8220=LINE('',#8217,#8219);
#8221=EDGE_CURVE('',#8192,#8216,#8220,.T.);
#8222=ORIENTED_EDGE('',*,*,#8221,.F.);
#8223=ORIENTED_EDGE('',*,*,#8197,.F.);
#8224=CARTESIAN_POINT('',(-1.34,-0.235,4.945));
#8225=VERTEX_POINT('',#8224);
#8226=CARTESIAN_POINT('',(-1.34,-0.235,4.945));
#8227=DIRECTION('',(-1.,-0.,-0.));
#8228=VECTOR('',#8227,0.05);
#8229=LINE('',#8226,#8228);
#8230=EDGE_CURVE('',#8225,#8183,#8229,.T.);
#8231=ORIENTED_EDGE('',*,*,#8230,.F.);
#8232=CARTESIAN_POINT('',(-1.34,-0.235,4.825));
#8233=DIRECTION('',(0.,0.,1.));
#8234=VECTOR('',#8233,0.12);
#8235=LINE('',#8232,#8234);
#8236=EDGE_CURVE('',#8216,#8225,#8235,.T.);
#8237=ORIENTED_EDGE('',*,*,#8236,.F.);
#8238=EDGE_LOOP('',(#8222,#8223,#8231,#8237));
#8239=FACE_BOUND('',#8238,.T.);
#8240=ADVANCED_FACE('',(#8239),#8214,.T.);
#8241=CARTESIAN_POINT('',(-1.410180186,-0.5,4.945));
#8242=DIRECTION('',(0.,-0.,1.));
#8243=DIRECTION('',(1.,0.,0.));
#8244=AXIS2_PLACEMENT_3D('',#8241,#8242,#8243);
#8245=CYLINDRICAL_SURFACE('',#8244,0.05);
#8246=ORIENTED_EDGE('',*,*,#7991,.F.);
#8247=CARTESIAN_POINT('',(-1.375473408,-0.535992215,4.825));
#8248=VERTEX_POINT('',#8247);
#8249=CARTESIAN_POINT('',(-1.410180186,-0.5,4.825));
#8250=DIRECTION('',(0.,0.,1.));
#8251=DIRECTION('',(1.,0.,-0.));
#8252=AXIS2_PLACEMENT_3D('',#8249,#8250,#8251);
#8253=CIRCLE('',#8252,0.05);
#8254=EDGE_CURVE('',#7984,#8248,#8253,.T.);
#8255=ORIENTED_EDGE('',*,*,#8254,.T.);
#8256=CARTESIAN_POINT('',(-1.375473408,-0.535992215,4.945));
#8257=VERTEX_POINT('',#8256);
#8258=CARTESIAN_POINT('',(-1.375473408,-0.535992215,4.825));
#8259=DIRECTION('',(0.,0.,1.));
#8260=VECTOR('',#8259,0.12);
#8261=LINE('',#8258,#8260);
#8262=EDGE_CURVE('',#8248,#8257,#8261,.T.);
#8263=ORIENTED_EDGE('',*,*,#8262,.T.);
#8264=CARTESIAN_POINT('',(-1.410180186,-0.5,4.945));
#8265=DIRECTION('',(0.,0.,1.));
#8266=DIRECTION('',(1.,0.,-0.));
#8267=AXIS2_PLACEMENT_3D('',#8264,#8265,#8266);
#8268=CIRCLE('',#8267,0.05);
#8269=EDGE_CURVE('',#7986,#8257,#8268,.T.);
#8270=ORIENTED_EDGE('',*,*,#8269,.F.);
#8271=EDGE_LOOP('',(#8246,#8255,#8263,#8270));
#8272=FACE_BOUND('',#8271,.T.);
#8273=ADVANCED_FACE('',(#8272),#8245,.T.);
#8274=CARTESIAN_POINT('',(-1.25,-0.415,4.825));
#8275=DIRECTION('',(0.694135571,-0.719844295,0.));
#8276=DIRECTION('',(0.719844295,0.694135571,0.));
#8277=AXIS2_PLACEMENT_3D('',#8274,#8275,#8276);
#8278=PLANE('',#8277);
#8279=ORIENTED_EDGE('',*,*,#6063,.T.);
#8280=CARTESIAN_POINT('',(-1.32,-0.4825,4.945));
#8281=DIRECTION('',(-0.719844295,-0.694135571,-0.));
#8282=VECTOR('',#8281,0.077063065);
#8283=LINE('',#8280,#8282);
#8284=EDGE_CURVE('',#6052,#8257,#8283,.T.);
#8285=ORIENTED_EDGE('',*,*,#8284,.T.);
#8286=ORIENTED_EDGE('',*,*,#8262,.F.);
#8287=CARTESIAN_POINT('',(-1.32,-0.4825,4.825));
#8288=DIRECTION('',(-0.719844295,-0.694135571,0.));
#8289=VECTOR('',#8288,0.077063065);
#8290=LINE('',#8287,#8289);
#8291=EDGE_CURVE('',#6036,#8248,#8290,.T.);
#8292=ORIENTED_EDGE('',*,*,#8291,.F.);
#8293=EDGE_LOOP('',(#8279,#8285,#8286,#8292));
#8294=FACE_BOUND('',#8293,.T.);
#8295=ADVANCED_FACE('',(#8294),#8278,.T.);
#8296=CARTESIAN_POINT('',(-1.087616119,-0.20066064,4.945));
#8297=DIRECTION('',(0.,0.,1.));
#8298=DIRECTION('',(1.,0.,0.));
#8299=AXIS2_PLACEMENT_3D('',#8296,#8297,#8298);
#8300=PLANE('',#8299);
#8301=ORIENTED_EDGE('',*,*,#6057,.T.);
#8302=CARTESIAN_POINT('',(-1.34,-0.185,4.945));
#8303=DIRECTION('',(0.,0.,1.));
#8304=DIRECTION('',(1.,0.,-0.));
#8305=AXIS2_PLACEMENT_3D('',#8302,#8303,#8304);
#8306=CIRCLE('',#8305,0.05);
#8307=EDGE_CURVE('',#8225,#6044,#8306,.T.);
#8308=ORIENTED_EDGE('',*,*,#8307,.F.);
#8309=ORIENTED_EDGE('',*,*,#8230,.T.);
#8310=ORIENTED_EDGE('',*,*,#8189,.F.);
#8311=ORIENTED_EDGE('',*,*,#8157,.F.);
#8312=ORIENTED_EDGE('',*,*,#8135,.T.);
#8313=ORIENTED_EDGE('',*,*,#8102,.F.);
#8314=ORIENTED_EDGE('',*,*,#8063,.T.);
#8315=ORIENTED_EDGE('',*,*,#8046,.T.);
#8316=ORIENTED_EDGE('',*,*,#7999,.F.);
#8317=ORIENTED_EDGE('',*,*,#8269,.T.);
#8318=ORIENTED_EDGE('',*,*,#8284,.F.);
#8319=EDGE_LOOP('',(#8301,#8308,#8309,#8310,#8311,#8312,#8313,#8314,#8315,#8316,#8317,#8318));
#8320=FACE_BOUND('',#8319,.T.);
#8321=ADVANCED_FACE('',(#8320),#8300,.T.);
#8322=CARTESIAN_POINT('',(-1.34,-0.185,4.945));
#8323=DIRECTION('',(0.,-0.,1.));
#8324=DIRECTION('',(1.,0.,0.));
#8325=AXIS2_PLACEMENT_3D('',#8322,#8323,#8324);
#8326=CYLINDRICAL_SURFACE('',#8325,0.05);
#8327=ORIENTED_EDGE('',*,*,#6049,.F.);
#8328=CARTESIAN_POINT('',(-1.34,-0.185,4.825));
#8329=DIRECTION('',(0.,0.,1.));
#8330=DIRECTION('',(1.,0.,-0.));
#8331=AXIS2_PLACEMENT_3D('',#8328,#8329,#8330);
#8332=CIRCLE('',#8331,0.05);
#8333=EDGE_CURVE('',#8216,#6034,#8332,.T.);
#8334=ORIENTED_EDGE('',*,*,#8333,.F.);
#8335=ORIENTED_EDGE('',*,*,#8236,.T.);
#8336=ORIENTED_EDGE('',*,*,#8307,.T.);
#8337=EDGE_LOOP('',(#8327,#8334,#8335,#8336));
#8338=FACE_BOUND('',#8337,.T.);
#8339=ADVANCED_FACE('',(#8338),#8326,.F.);
#8340=CARTESIAN_POINT('',(-1.335697637,0.215754265,4.825));
#8341=DIRECTION('',(0.,0.,-1.));
#8342=DIRECTION('',(-1.,-0.,0.));
#8343=AXIS2_PLACEMENT_3D('',#8340,#8341,#8342);
#8344=PLANE('',#8343);
#8345=ORIENTED_EDGE('',*,*,#6041,.T.);
#8346=ORIENTED_EDGE('',*,*,#8291,.T.);
#8347=ORIENTED_EDGE('',*,*,#8254,.F.);
#8348=ORIENTED_EDGE('',*,*,#8013,.T.);
#8349=ORIENTED_EDGE('',*,*,#8038,.F.);
#8350=ORIENTED_EDGE('',*,*,#8077,.T.);
#8351=ORIENTED_EDGE('',*,*,#8093,.T.);
#8352=ORIENTED_EDGE('',*,*,#8125,.F.);
#8353=ORIENTED_EDGE('',*,*,#8171,.T.);
#8354=ORIENTED_EDGE('',*,*,#8204,.T.);
#8355=ORIENTED_EDGE('',*,*,#8221,.T.);
#8356=ORIENTED_EDGE('',*,*,#8333,.T.);
#8357=EDGE_LOOP('',(#8345,#8346,#8347,#8348,#8349,#8350,#8351,#8352,#8353,#8354,#8355,#8356));
#8358=FACE_BOUND('',#8357,.T.);
#8359=ADVANCED_FACE('',(#8358),#8344,.T.);
#8360=CARTESIAN_POINT('',(-1.39,-0.55,5.225));
#8361=DIRECTION('',(0.,-1.,0.));
#8362=DIRECTION('',(1.,0.,0.));
#8363=AXIS2_PLACEMENT_3D('',#8360,#8361,#8362);
#8364=PLANE('',#8363);
#8365=CARTESIAN_POINT('',(-1.410180186,-0.55,5.225));
#8366=VERTEX_POINT('',#8365);
#8367=CARTESIAN_POINT('',(-1.410180186,-0.55,5.345));
#8368=VERTEX_POINT('',#8367);
#8369=CARTESIAN_POINT('',(-1.410180186,-0.55,5.225));
#8370=DIRECTION('',(0.,0.,1.));
#8371=VECTOR('',#8370,0.12);
#8372=LINE('',#8369,#8371);
#8373=EDGE_CURVE('',#8366,#8368,#8372,.T.);
#8374=ORIENTED_EDGE('',*,*,#8373,.T.);
#8375=CARTESIAN_POINT('',(-1.64,-0.55,5.345));
#8376=VERTEX_POINT('',#8375);
#8377=CARTESIAN_POINT('',(-1.64,-0.55,5.345));
#8378=DIRECTION('',(1.,0.,0.));
#8379=VECTOR('',#8378,0.229819814);
#8380=LINE('',#8377,#8379);
#8381=EDGE_CURVE('',#8376,#8368,#8380,.T.);
#8382=ORIENTED_EDGE('',*,*,#8381,.F.);
#8383=CARTESIAN_POINT('',(-1.64,-0.55,5.225));
#8384=VERTEX_POINT('',#8383);
#8385=CARTESIAN_POINT('',(-1.64,-0.55,5.225));
#8386=DIRECTION('',(0.,0.,1.));
#8387=VECTOR('',#8386,0.12);
#8388=LINE('',#8385,#8387);
#8389=EDGE_CURVE('',#8384,#8376,#8388,.T.);
#8390=ORIENTED_EDGE('',*,*,#8389,.F.);
#8391=CARTESIAN_POINT('',(-1.410180186,-0.55,5.225));
#8392=DIRECTION('',(-1.,-0.,0.));
#8393=VECTOR('',#8392,0.229819814);
#8394=LINE('',#8391,#8393);
#8395=EDGE_CURVE('',#8366,#8384,#8394,.T.);
#8396=ORIENTED_EDGE('',*,*,#8395,.F.);
#8397=EDGE_LOOP('',(#8374,#8382,#8390,#8396));
#8398=FACE_BOUND('',#8397,.T.);
#8399=ADVANCED_FACE('',(#8398),#8364,.T.);
#8400=CARTESIAN_POINT('',(-1.64,-0.5,5.345));
#8401=DIRECTION('',(0.,-0.,1.));
#8402=DIRECTION('',(1.,0.,0.));
#8403=AXIS2_PLACEMENT_3D('',#8400,#8401,#8402);
#8404=CYLINDRICAL_SURFACE('',#8403,0.05);
#8405=CARTESIAN_POINT('',(-1.69,-0.5,5.225));
#8406=VERTEX_POINT('',#8405);
#8407=CARTESIAN_POINT('',(-1.69,-0.5,5.345));
#8408=VERTEX_POINT('',#8407);
#8409=CARTESIAN_POINT('',(-1.69,-0.5,5.225));
#8410=DIRECTION('',(0.,0.,1.));
#8411=VECTOR('',#8410,0.12);
#8412=LINE('',#8409,#8411);
#8413=EDGE_CURVE('',#8406,#8408,#8412,.T.);
#8414=ORIENTED_EDGE('',*,*,#8413,.F.);
#8415=CARTESIAN_POINT('',(-1.64,-0.5,5.225));
#8416=DIRECTION('',(0.,0.,1.));
#8417=DIRECTION('',(1.,0.,-0.));
#8418=AXIS2_PLACEMENT_3D('',#8415,#8416,#8417);
#8419=CIRCLE('',#8418,0.05);
#8420=EDGE_CURVE('',#8406,#8384,#8419,.T.);
#8421=ORIENTED_EDGE('',*,*,#8420,.T.);
#8422=ORIENTED_EDGE('',*,*,#8389,.T.);
#8423=CARTESIAN_POINT('',(-1.64,-0.5,5.345));
#8424=DIRECTION('',(0.,0.,1.));
#8425=DIRECTION('',(1.,0.,-0.));
#8426=AXIS2_PLACEMENT_3D('',#8423,#8424,#8425);
#8427=CIRCLE('',#8426,0.05);
#8428=EDGE_CURVE('',#8408,#8376,#8427,.T.);
#8429=ORIENTED_EDGE('',*,*,#8428,.F.);
#8430=EDGE_LOOP('',(#8414,#8421,#8422,#8429));
#8431=FACE_BOUND('',#8430,.T.);
#8432=ADVANCED_FACE('',(#8431),#8404,.T.);
#8433=CARTESIAN_POINT('',(-1.69,-0.55,5.225));
#8434=DIRECTION('',(-1.,-0.,0.));
#8435=DIRECTION('',(0.,-1.,0.));
#8436=AXIS2_PLACEMENT_3D('',#8433,#8434,#8435);
#8437=PLANE('',#8436);
#8438=ORIENTED_EDGE('',*,*,#8413,.T.);
#8439=CARTESIAN_POINT('',(-1.69,-0.42,5.345));
#8440=VERTEX_POINT('',#8439);
#8441=CARTESIAN_POINT('',(-1.69,-0.5,5.345));
#8442=DIRECTION('',(-0.,1.,-0.));
#8443=VECTOR('',#8442,0.08);
#8444=LINE('',#8441,#8443);
#8445=EDGE_CURVE('',#8408,#8440,#8444,.T.);
#8446=ORIENTED_EDGE('',*,*,#8445,.T.);
#8447=CARTESIAN_POINT('',(-1.69,-0.42,5.225));
#8448=VERTEX_POINT('',#8447);
#8449=CARTESIAN_POINT('',(-1.69,-0.42,5.345));
#8450=DIRECTION('',(-0.,-0.,-1.));
#8451=VECTOR('',#8450,0.12);
#8452=LINE('',#8449,#8451);
#8453=EDGE_CURVE('',#8440,#8448,#8452,.T.);
#8454=ORIENTED_EDGE('',*,*,#8453,.T.);
#8455=CARTESIAN_POINT('',(-1.69,-0.5,5.225));
#8456=DIRECTION('',(-0.,1.,0.));
#8457=VECTOR('',#8456,0.08);
#8458=LINE('',#8455,#8457);
#8459=EDGE_CURVE('',#8406,#8448,#8458,.T.);
#8460=ORIENTED_EDGE('',*,*,#8459,.F.);
#8461=EDGE_LOOP('',(#8438,#8446,#8454,#8460));
#8462=FACE_BOUND('',#8461,.T.);
#8463=ADVANCED_FACE('',(#8462),#8437,.T.);
#8464=CARTESIAN_POINT('',(-1.69,-0.42,5.225));
#8465=DIRECTION('',(-0.,1.,0.));
#8466=DIRECTION('',(-1.,-0.,0.));
#8467=AXIS2_PLACEMENT_3D('',#8464,#8465,#8466);
#8468=PLANE('',#8467);
#8469=CARTESIAN_POINT('',(-1.49,-0.42,5.225));
#8470=VERTEX_POINT('',#8469);
#8471=CARTESIAN_POINT('',(-1.69,-0.42,5.225));
#8472=DIRECTION('',(1.,0.,-0.));
#8473=VECTOR('',#8472,0.2);
#8474=LINE('',#8471,#8473);
#8475=EDGE_CURVE('',#8448,#8470,#8474,.T.);
#8476=ORIENTED_EDGE('',*,*,#8475,.F.);
#8477=ORIENTED_EDGE('',*,*,#8453,.F.);
#8478=CARTESIAN_POINT('',(-1.49,-0.42,5.345));
#8479=VERTEX_POINT('',#8478);
#8480=CARTESIAN_POINT('',(-1.69,-0.42,5.345));
#8481=DIRECTION('',(1.,0.,-0.));
#8482=VECTOR('',#8481,0.2);
#8483=LINE('',#8480,#8482);
#8484=EDGE_CURVE('',#8440,#8479,#8483,.T.);
#8485=ORIENTED_EDGE('',*,*,#8484,.T.);
#8486=CARTESIAN_POINT('',(-1.49,-0.42,5.345));
#8487=DIRECTION('',(-0.,-0.,-1.));
#8488=VECTOR('',#8487,0.12);
#8489=LINE('',#8486,#8488);
#8490=EDGE_CURVE('',#8479,#8470,#8489,.T.);
#8491=ORIENTED_EDGE('',*,*,#8490,.T.);
#8492=EDGE_LOOP('',(#8476,#8477,#8485,#8491));
#8493=FACE_BOUND('',#8492,.T.);
#8494=ADVANCED_FACE('',(#8493),#8468,.T.);
#8495=CARTESIAN_POINT('',(-1.49,-0.37,5.225));
#8496=DIRECTION('',(-0.,0.,-1.));
#8497=DIRECTION('',(-1.,-0.,0.));
#8498=AXIS2_PLACEMENT_3D('',#8495,#8496,#8497);
#8499=CYLINDRICAL_SURFACE('',#8498,0.05);
#8500=CARTESIAN_POINT('',(-1.44,-0.37,5.225));
#8501=VERTEX_POINT('',#8500);
#8502=CARTESIAN_POINT('',(-1.49,-0.37,5.225));
#8503=DIRECTION('',(0.,0.,-1.));
#8504=DIRECTION('',(-1.,0.,0.));
#8505=AXIS2_PLACEMENT_3D('',#8502,#8503,#8504);
#8506=CIRCLE('',#8505,0.05);
#8507=EDGE_CURVE('',#8501,#8470,#8506,.T.);
#8508=ORIENTED_EDGE('',*,*,#8507,.T.);
#8509=ORIENTED_EDGE('',*,*,#8490,.F.);
#8510=CARTESIAN_POINT('',(-1.44,-0.37,5.345));
#8511=VERTEX_POINT('',#8510);
#8512=CARTESIAN_POINT('',(-1.49,-0.37,5.345));
#8513=DIRECTION('',(0.,0.,-1.));
#8514=DIRECTION('',(-1.,0.,0.));
#8515=AXIS2_PLACEMENT_3D('',#8512,#8513,#8514);
#8516=CIRCLE('',#8515,0.05);
#8517=EDGE_CURVE('',#8511,#8479,#8516,.T.);
#8518=ORIENTED_EDGE('',*,*,#8517,.F.);
#8519=CARTESIAN_POINT('',(-1.44,-0.37,5.345));
#8520=DIRECTION('',(0.,0.,-1.));
#8521=VECTOR('',#8520,0.12);
#8522=LINE('',#8519,#8521);
#8523=EDGE_CURVE('',#8511,#8501,#8522,.T.);
#8524=ORIENTED_EDGE('',*,*,#8523,.T.);
#8525=EDGE_LOOP('',(#8508,#8509,#8518,#8524));
#8526=FACE_BOUND('',#8525,.T.);
#8527=ADVANCED_FACE('',(#8526),#8499,.F.);
#8528=CARTESIAN_POINT('',(-1.44,0.08,5.345));
#8529=DIRECTION('',(-1.,-0.,0.));
#8530=DIRECTION('',(0.,-1.,0.));
#8531=AXIS2_PLACEMENT_3D('',#8528,#8529,#8530);
#8532=PLANE('',#8531);
#8533=CARTESIAN_POINT('',(-1.44,-0.285,5.345));
#8534=VERTEX_POINT('',#8533);
#8535=CARTESIAN_POINT('',(-1.44,-0.37,5.345));
#8536=DIRECTION('',(-0.,1.,-0.));
#8537=VECTOR('',#8536,0.085);
#8538=LINE('',#8535,#8537);
#8539=EDGE_CURVE('',#8511,#8534,#8538,.T.);
#8540=ORIENTED_EDGE('',*,*,#8539,.T.);
#8541=CARTESIAN_POINT('',(-1.44,-0.285,5.225));
#8542=VERTEX_POINT('',#8541);
#8543=CARTESIAN_POINT('',(-1.44,-0.285,5.345));
#8544=DIRECTION('',(-0.,-0.,-1.));
#8545=VECTOR('',#8544,0.12);
#8546=LINE('',#8543,#8545);
#8547=EDGE_CURVE('',#8534,#8542,#8546,.T.);
#8548=ORIENTED_EDGE('',*,*,#8547,.T.);
#8549=CARTESIAN_POINT('',(-1.44,-0.37,5.225));
#8550=DIRECTION('',(-0.,1.,0.));
#8551=VECTOR('',#8550,0.085);
#8552=LINE('',#8549,#8551);
#8553=EDGE_CURVE('',#8501,#8542,#8552,.T.);
#8554=ORIENTED_EDGE('',*,*,#8553,.F.);
#8555=ORIENTED_EDGE('',*,*,#8523,.F.);
#8556=EDGE_LOOP('',(#8540,#8548,#8554,#8555));
#8557=FACE_BOUND('',#8556,.T.);
#8558=ADVANCED_FACE('',(#8557),#8532,.T.);
#8559=CARTESIAN_POINT('',(-1.39,-0.285,5.345));
#8560=DIRECTION('',(-0.,0.,-1.));
#8561=DIRECTION('',(-1.,-0.,0.));
#8562=AXIS2_PLACEMENT_3D('',#8559,#8560,#8561);
#8563=CYLINDRICAL_SURFACE('',#8562,0.05);
#8564=CARTESIAN_POINT('',(-1.39,-0.235,5.345));
#8565=VERTEX_POINT('',#8564);
#8566=CARTESIAN_POINT('',(-1.39,-0.285,5.345));
#8567=DIRECTION('',(0.,0.,-1.));
#8568=DIRECTION('',(-1.,0.,0.));
#8569=AXIS2_PLACEMENT_3D('',#8566,#8567,#8568);
#8570=CIRCLE('',#8569,0.05);
#8571=EDGE_CURVE('',#8534,#8565,#8570,.T.);
#8572=ORIENTED_EDGE('',*,*,#8571,.T.);
#8573=CARTESIAN_POINT('',(-1.39,-0.235,5.225));
#8574=VERTEX_POINT('',#8573);
#8575=CARTESIAN_POINT('',(-1.39,-0.235,5.345));
#8576=DIRECTION('',(0.,0.,-1.));
#8577=VECTOR('',#8576,0.12);
#8578=LINE('',#8575,#8577);
#8579=EDGE_CURVE('',#8565,#8574,#8578,.T.);
#8580=ORIENTED_EDGE('',*,*,#8579,.T.);
#8581=CARTESIAN_POINT('',(-1.39,-0.285,5.225));
#8582=DIRECTION('',(0.,0.,-1.));
#8583=DIRECTION('',(-1.,0.,0.));
#8584=AXIS2_PLACEMENT_3D('',#8581,#8582,#8583);
#8585=CIRCLE('',#8584,0.05);
#8586=EDGE_CURVE('',#8542,#8574,#8585,.T.);
#8587=ORIENTED_EDGE('',*,*,#8586,.F.);
#8588=ORIENTED_EDGE('',*,*,#8547,.F.);
#8589=EDGE_LOOP('',(#8572,#8580,#8587,#8588));
#8590=FACE_BOUND('',#8589,.T.);
#8591=ADVANCED_FACE('',(#8590),#8563,.T.);
#8592=CARTESIAN_POINT('',(-1.29,-0.235,5.345));
#8593=DIRECTION('',(-0.,1.,0.));
#8594=DIRECTION('',(-1.,-0.,0.));
#8595=AXIS2_PLACEMENT_3D('',#8592,#8593,#8594);
#8596=PLANE('',#8595);
#8597=CARTESIAN_POINT('',(-1.34,-0.235,5.225));
#8598=VERTEX_POINT('',#8597);
#8599=CARTESIAN_POINT('',(-1.34,-0.235,5.225));
#8600=DIRECTION('',(-1.,-0.,0.));
#8601=VECTOR('',#8600,0.05);
#8602=LINE('',#8599,#8601);
#8603=EDGE_CURVE('',#8598,#8574,#8602,.T.);
#8604=ORIENTED_EDGE('',*,*,#8603,.T.);
#8605=ORIENTED_EDGE('',*,*,#8579,.F.);
#8606=CARTESIAN_POINT('',(-1.34,-0.235,5.345));
#8607=VERTEX_POINT('',#8606);
#8608=CARTESIAN_POINT('',(-1.39,-0.235,5.345));
#8609=DIRECTION('',(1.,0.,-0.));
#8610=VECTOR('',#8609,0.05);
#8611=LINE('',#8608,#8610);
#8612=EDGE_CURVE('',#8565,#8607,#8611,.T.);
#8613=ORIENTED_EDGE('',*,*,#8612,.T.);
#8614=CARTESIAN_POINT('',(-1.34,-0.235,5.225));
#8615=DIRECTION('',(0.,0.,1.));
#8616=VECTOR('',#8615,0.12);
#8617=LINE('',#8614,#8616);
#8618=EDGE_CURVE('',#8598,#8607,#8617,.T.);
#8619=ORIENTED_EDGE('',*,*,#8618,.F.);
#8620=EDGE_LOOP('',(#8604,#8605,#8613,#8619));
#8621=FACE_BOUND('',#8620,.T.);
#8622=ADVANCED_FACE('',(#8621),#8596,.T.);
#8623=CARTESIAN_POINT('',(-1.410180186,-0.5,5.345));
#8624=DIRECTION('',(0.,-0.,1.));
#8625=DIRECTION('',(1.,0.,0.));
#8626=AXIS2_PLACEMENT_3D('',#8623,#8624,#8625);
#8627=CYLINDRICAL_SURFACE('',#8626,0.05);
#8628=ORIENTED_EDGE('',*,*,#8373,.F.);
#8629=CARTESIAN_POINT('',(-1.375473408,-0.535992215,5.225));
#8630=VERTEX_POINT('',#8629);
#8631=CARTESIAN_POINT('',(-1.410180186,-0.5,5.225));
#8632=DIRECTION('',(0.,0.,1.));
#8633=DIRECTION('',(1.,0.,-0.));
#8634=AXIS2_PLACEMENT_3D('',#8631,#8632,#8633);
#8635=CIRCLE('',#8634,0.05);
#8636=EDGE_CURVE('',#8366,#8630,#8635,.T.);
#8637=ORIENTED_EDGE('',*,*,#8636,.T.);
#8638=CARTESIAN_POINT('',(-1.375473408,-0.535992215,5.345));
#8639=VERTEX_POINT('',#8638);
#8640=CARTESIAN_POINT('',(-1.375473408,-0.535992215,5.225));
#8641=DIRECTION('',(0.,0.,1.));
#8642=VECTOR('',#8641,0.12);
#8643=LINE('',#8640,#8642);
#8644=EDGE_CURVE('',#8630,#8639,#8643,.T.);
#8645=ORIENTED_EDGE('',*,*,#8644,.T.);
#8646=CARTESIAN_POINT('',(-1.410180186,-0.5,5.345));
#8647=DIRECTION('',(0.,0.,1.));
#8648=DIRECTION('',(1.,0.,-0.));
#8649=AXIS2_PLACEMENT_3D('',#8646,#8647,#8648);
#8650=CIRCLE('',#8649,0.05);
#8651=EDGE_CURVE('',#8368,#8639,#8650,.T.);
#8652=ORIENTED_EDGE('',*,*,#8651,.F.);
#8653=EDGE_LOOP('',(#8628,#8637,#8645,#8652));
#8654=FACE_BOUND('',#8653,.T.);
#8655=ADVANCED_FACE('',(#8654),#8627,.T.);
#8656=CARTESIAN_POINT('',(-1.25,-0.415,5.225));
#8657=DIRECTION('',(0.694135571,-0.719844295,0.));
#8658=DIRECTION('',(0.719844295,0.694135571,0.));
#8659=AXIS2_PLACEMENT_3D('',#8656,#8657,#8658);
#8660=PLANE('',#8659);
#8661=ORIENTED_EDGE('',*,*,#5995,.T.);
#8662=CARTESIAN_POINT('',(-1.32,-0.4825,5.345));
#8663=DIRECTION('',(-0.719844295,-0.694135571,-0.));
#8664=VECTOR('',#8663,0.077063065);
#8665=LINE('',#8662,#8664);
#8666=EDGE_CURVE('',#5984,#8639,#8665,.T.);
#8667=ORIENTED_EDGE('',*,*,#8666,.T.);
#8668=ORIENTED_EDGE('',*,*,#8644,.F.);
#8669=CARTESIAN_POINT('',(-1.375473408,-0.535992215,5.225));
#8670=DIRECTION('',(0.719844295,0.694135571,0.));
#8671=VECTOR('',#8670,0.077063065);
#8672=LINE('',#8669,#8671);
#8673=EDGE_CURVE('',#8630,#5968,#8672,.T.);
#8674=ORIENTED_EDGE('',*,*,#8673,.T.);
#8675=EDGE_LOOP('',(#8661,#8667,#8668,#8674));
#8676=FACE_BOUND('',#8675,.T.);
#8677=ADVANCED_FACE('',(#8676),#8660,.T.);
#8678=CARTESIAN_POINT('',(-1.087616119,-0.20066064,5.345));
#8679=DIRECTION('',(0.,0.,1.));
#8680=DIRECTION('',(1.,0.,0.));
#8681=AXIS2_PLACEMENT_3D('',#8678,#8679,#8680);
#8682=PLANE('',#8681);
#8683=ORIENTED_EDGE('',*,*,#5989,.T.);
#8684=CARTESIAN_POINT('',(-1.34,-0.185,5.345));
#8685=DIRECTION('',(0.,0.,1.));
#8686=DIRECTION('',(1.,0.,-0.));
#8687=AXIS2_PLACEMENT_3D('',#8684,#8685,#8686);
#8688=CIRCLE('',#8687,0.05);
#8689=EDGE_CURVE('',#8607,#5976,#8688,.T.);
#8690=ORIENTED_EDGE('',*,*,#8689,.F.);
#8691=ORIENTED_EDGE('',*,*,#8612,.F.);
#8692=ORIENTED_EDGE('',*,*,#8571,.F.);
#8693=ORIENTED_EDGE('',*,*,#8539,.F.);
#8694=ORIENTED_EDGE('',*,*,#8517,.T.);
#8695=ORIENTED_EDGE('',*,*,#8484,.F.);
#8696=ORIENTED_EDGE('',*,*,#8445,.F.);
#8697=ORIENTED_EDGE('',*,*,#8428,.T.);
#8698=ORIENTED_EDGE('',*,*,#8381,.T.);
#8699=ORIENTED_EDGE('',*,*,#8651,.T.);
#8700=ORIENTED_EDGE('',*,*,#8666,.F.);
#8701=EDGE_LOOP('',(#8683,#8690,#8691,#8692,#8693,#8694,#8695,#8696,#8697,#8698,#8699,#8700));
#8702=FACE_BOUND('',#8701,.T.);
#8703=ADVANCED_FACE('',(#8702),#8682,.T.);
#8704=CARTESIAN_POINT('',(-1.34,-0.185,5.345));
#8705=DIRECTION('',(0.,-0.,1.));
#8706=DIRECTION('',(1.,0.,0.));
#8707=AXIS2_PLACEMENT_3D('',#8704,#8705,#8706);
#8708=CYLINDRICAL_SURFACE('',#8707,0.05);
#8709=ORIENTED_EDGE('',*,*,#5981,.F.);
#8710=CARTESIAN_POINT('',(-1.34,-0.185,5.225));
#8711=DIRECTION('',(0.,0.,1.));
#8712=DIRECTION('',(1.,0.,-0.));
#8713=AXIS2_PLACEMENT_3D('',#8710,#8711,#8712);
#8714=CIRCLE('',#8713,0.05);
#8715=EDGE_CURVE('',#8598,#5966,#8714,.T.);
#8716=ORIENTED_EDGE('',*,*,#8715,.F.);
#8717=ORIENTED_EDGE('',*,*,#8618,.T.);
#8718=ORIENTED_EDGE('',*,*,#8689,.T.);
#8719=EDGE_LOOP('',(#8709,#8716,#8717,#8718));
#8720=FACE_BOUND('',#8719,.T.);
#8721=ADVANCED_FACE('',(#8720),#8708,.F.);
#8722=CARTESIAN_POINT('',(-1.335697637,0.215754265,5.225));
#8723=DIRECTION('',(0.,0.,-1.));
#8724=DIRECTION('',(-1.,-0.,0.));
#8725=AXIS2_PLACEMENT_3D('',#8722,#8723,#8724);
#8726=PLANE('',#8725);
#8727=ORIENTED_EDGE('',*,*,#5973,.T.);
#8728=ORIENTED_EDGE('',*,*,#8673,.F.);
#8729=ORIENTED_EDGE('',*,*,#8636,.F.);
#8730=ORIENTED_EDGE('',*,*,#8395,.T.);
#8731=ORIENTED_EDGE('',*,*,#8420,.F.);
#8732=ORIENTED_EDGE('',*,*,#8459,.T.);
#8733=ORIENTED_EDGE('',*,*,#8475,.T.);
#8734=ORIENTED_EDGE('',*,*,#8507,.F.);
#8735=ORIENTED_EDGE('',*,*,#8553,.T.);
#8736=ORIENTED_EDGE('',*,*,#8586,.T.);
#8737=ORIENTED_EDGE('',*,*,#8603,.F.);
#8738=ORIENTED_EDGE('',*,*,#8715,.T.);
#8739=EDGE_LOOP('',(#8727,#8728,#8729,#8730,#8731,#8732,#8733,#8734,#8735,#8736,#8737,#8738));
#8740=FACE_BOUND('',#8739,.T.);
#8741=ADVANCED_FACE('',(#8740),#8726,.T.);
#8742=CARTESIAN_POINT('',(0.5,1.,4.425));
#8743=DIRECTION('',(0.,1.,0.));
#8744=DIRECTION('',(1.,0.,0.));
#8745=AXIS2_PLACEMENT_3D('',#8742,#8743,#8744);
#8746=PLANE('',#8745);
#8747=CARTESIAN_POINT('',(0.5,1.,4.465));
#8748=VERTEX_POINT('',#8747);
#8749=CARTESIAN_POINT('',(0.545,1.,4.465));
#8750=VERTEX_POINT('',#8749);
#8751=CARTESIAN_POINT('',(0.5,1.,4.465));
#8752=DIRECTION('',(1.,-0.,-0.));
#8753=VECTOR('',#8752,0.045);
#8754=LINE('',#8751,#8753);
#8755=EDGE_CURVE('',#8748,#8750,#8754,.T.);
#8756=ORIENTED_EDGE('',*,*,#8755,.F.);
#8757=CARTESIAN_POINT('',(0.5,1.,4.505));
#8758=VERTEX_POINT('',#8757);
#8759=CARTESIAN_POINT('',(0.5,1.,4.465));
#8760=DIRECTION('',(-0.,-0.,1.));
#8761=VECTOR('',#8760,0.04);
#8762=LINE('',#8759,#8761);
#8763=EDGE_CURVE('',#8748,#8758,#8762,.T.);
#8764=ORIENTED_EDGE('',*,*,#8763,.T.);
#8765=CARTESIAN_POINT('',(0.545,1.,4.505));
#8766=VERTEX_POINT('',#8765);
#8767=CARTESIAN_POINT('',(0.5,1.,4.505));
#8768=DIRECTION('',(1.,0.,-0.));
#8769=VECTOR('',#8768,0.045);
#8770=LINE('',#8767,#8769);
#8771=EDGE_CURVE('',#8758,#8766,#8770,.T.);
#8772=ORIENTED_EDGE('',*,*,#8771,.T.);
#8773=CARTESIAN_POINT('',(0.545,1.,4.465));
#8774=DIRECTION('',(-0.,-0.,1.));
#8775=VECTOR('',#8774,0.04);
#8776=LINE('',#8773,#8775);
#8777=EDGE_CURVE('',#8750,#8766,#8776,.T.);
#8778=ORIENTED_EDGE('',*,*,#8777,.F.);
#8779=EDGE_LOOP('',(#8756,#8764,#8772,#8778));
#8780=FACE_BOUND('',#8779,.T.);
#8781=ADVANCED_FACE('',(#8780),#8746,.T.);
#8782=CARTESIAN_POINT('',(0.596290252,0.735,4.425));
#8783=DIRECTION('',(0.,0.,1.));
#8784=DIRECTION('',(1.,0.,-0.));
#8785=AXIS2_PLACEMENT_3D('',#8782,#8783,#8784);
#8786=CYLINDRICAL_SURFACE('',#8785,0.1);
#8787=CARTESIAN_POINT('',(0.596290252,0.835,4.425));
#8788=VERTEX_POINT('',#8787);
#8789=CARTESIAN_POINT('',(0.502307555,0.76916508,4.425));
#8790=VERTEX_POINT('',#8789);
#8791=CARTESIAN_POINT('',(0.596290252,0.735,4.425));
#8792=DIRECTION('',(0.,0.,1.));
#8793=DIRECTION('',(1.,0.,-0.));
#8794=AXIS2_PLACEMENT_3D('',#8791,#8792,#8793);
#8795=CIRCLE('',#8794,0.1);
#8796=EDGE_CURVE('',#8788,#8790,#8795,.T.);
#8797=ORIENTED_EDGE('',*,*,#8796,.F.);
#8798=CARTESIAN_POINT('',(0.596290252,0.835,4.545));
#8799=VERTEX_POINT('',#8798);
#8800=CARTESIAN_POINT('',(0.596290252,0.835,4.425));
#8801=DIRECTION('',(0.,0.,1.));
#8802=VECTOR('',#8801,0.12);
#8803=LINE('',#8800,#8802);
#8804=EDGE_CURVE('',#8788,#8799,#8803,.T.);
#8805=ORIENTED_EDGE('',*,*,#8804,.T.);
#8806=CARTESIAN_POINT('',(0.502307555,0.76916508,4.545));
#8807=VERTEX_POINT('',#8806);
#8808=CARTESIAN_POINT('',(0.596290252,0.735,4.545));
#8809=DIRECTION('',(0.,0.,1.));
#8810=DIRECTION('',(1.,0.,-0.));
#8811=AXIS2_PLACEMENT_3D('',#8808,#8809,#8810);
#8812=CIRCLE('',#8811,0.1);
#8813=EDGE_CURVE('',#8799,#8807,#8812,.T.);
#8814=ORIENTED_EDGE('',*,*,#8813,.T.);
#8815=CARTESIAN_POINT('',(0.502307555,0.76916508,4.425));
#8816=DIRECTION('',(-0.,-0.,1.));
#8817=VECTOR('',#8816,0.12);
#8818=LINE('',#8815,#8817);
#8819=EDGE_CURVE('',#8790,#8807,#8818,.T.);
#8820=ORIENTED_EDGE('',*,*,#8819,.F.);
#8821=EDGE_LOOP('',(#8797,#8805,#8814,#8820));
#8822=FACE_BOUND('',#8821,.T.);
#8823=ADVANCED_FACE('',(#8822),#8786,.F.);
#8824=CARTESIAN_POINT('',(0.625,0.835,4.425));
#8825=DIRECTION('',(0.,-1.,0.));
#8826=DIRECTION('',(-1.,0.,0.));
#8827=AXIS2_PLACEMENT_3D('',#8824,#8825,#8826);
#8828=PLANE('',#8827);
#8829=CARTESIAN_POINT('',(0.625,0.835,4.425));
#8830=VERTEX_POINT('',#8829);
#8831=CARTESIAN_POINT('',(0.625,0.835,4.425));
#8832=DIRECTION('',(-1.,0.,0.));
#8833=VECTOR('',#8832,0.028709748);
#8834=LINE('',#8831,#8833);
#8835=EDGE_CURVE('',#8830,#8788,#8834,.T.);
#8836=ORIENTED_EDGE('',*,*,#8835,.F.);
#8837=CARTESIAN_POINT('',(0.625,0.835,4.545));
#8838=VERTEX_POINT('',#8837);
#8839=CARTESIAN_POINT('',(0.625,0.835,4.425));
#8840=DIRECTION('',(-0.,-0.,1.));
#8841=VECTOR('',#8840,0.12);
#8842=LINE('',#8839,#8841);
#8843=EDGE_CURVE('',#8830,#8838,#8842,.T.);
#8844=ORIENTED_EDGE('',*,*,#8843,.T.);
#8845=CARTESIAN_POINT('',(0.596290252,0.835,4.545));
#8846=DIRECTION('',(1.,0.,-0.));
#8847=VECTOR('',#8846,0.028709748);
#8848=LINE('',#8845,#8847);
#8849=EDGE_CURVE('',#8799,#8838,#8848,.T.);
#8850=ORIENTED_EDGE('',*,*,#8849,.F.);
#8851=ORIENTED_EDGE('',*,*,#8804,.F.);
#8852=EDGE_LOOP('',(#8836,#8844,#8850,#8851));
#8853=FACE_BOUND('',#8852,.T.);
#8854=ADVANCED_FACE('',(#8853),#8828,.T.);
#8855=CARTESIAN_POINT('',(0.625,0.885,4.425));
#8856=DIRECTION('',(0.,0.,1.));
#8857=DIRECTION('',(1.,0.,-0.));
#8858=AXIS2_PLACEMENT_3D('',#8855,#8856,#8857);
#8859=CYLINDRICAL_SURFACE('',#8858,0.05);
#8860=CARTESIAN_POINT('',(0.675,0.885,4.545));
#8861=VERTEX_POINT('',#8860);
#8862=CARTESIAN_POINT('',(0.675,0.885,4.425));
#8863=VERTEX_POINT('',#8862);
#8864=CARTESIAN_POINT('',(0.675,0.885,4.545));
#8865=DIRECTION('',(-0.,-0.,-1.));
#8866=VECTOR('',#8865,0.12);
#8867=LINE('',#8864,#8866);
#8868=EDGE_CURVE('',#8861,#8863,#8867,.T.);
#8869=ORIENTED_EDGE('',*,*,#8868,.T.);
#8870=CARTESIAN_POINT('',(0.653150803,0.926322298,4.425));
#8871=VERTEX_POINT('',#8870);
#8872=CARTESIAN_POINT('',(0.625,0.885,4.425));
#8873=DIRECTION('',(0.,0.,1.));
#8874=DIRECTION('',(1.,0.,-0.));
#8875=AXIS2_PLACEMENT_3D('',#8872,#8873,#8874);
#8876=CIRCLE('',#8875,0.05);
#8877=EDGE_CURVE('',#8863,#8871,#8876,.T.);
#8878=ORIENTED_EDGE('',*,*,#8877,.T.);
#8879=CARTESIAN_POINT('',(0.653150803,0.926322298,4.545));
#8880=VERTEX_POINT('',#8879);
#8881=CARTESIAN_POINT('',(0.653150803,0.926322298,4.425));
#8882=DIRECTION('',(0.,0.,1.));
#8883=VECTOR('',#8882,0.12);
#8884=LINE('',#8881,#8883);
#8885=EDGE_CURVE('',#8871,#8880,#8884,.T.);
#8886=ORIENTED_EDGE('',*,*,#8885,.T.);
#8887=CARTESIAN_POINT('',(0.625,0.885,4.545));
#8888=DIRECTION('',(0.,0.,1.));
#8889=DIRECTION('',(1.,0.,-0.));
#8890=AXIS2_PLACEMENT_3D('',#8887,#8888,#8889);
#8891=CIRCLE('',#8890,0.05);
#8892=EDGE_CURVE('',#8861,#8880,#8891,.T.);
#8893=ORIENTED_EDGE('',*,*,#8892,.F.);
#8894=EDGE_LOOP('',(#8869,#8878,#8886,#8893));
#8895=FACE_BOUND('',#8894,.T.);
#8896=ADVANCED_FACE('',(#8895),#8859,.T.);
#8897=CARTESIAN_POINT('',(0.545,1.,4.425));
#8898=DIRECTION('',(0.56301606,0.826445955,0.));
#8899=DIRECTION('',(0.826445955,-0.56301606,0.));
#8900=AXIS2_PLACEMENT_3D('',#8897,#8898,#8899);
#8901=PLANE('',#8900);
#8902=CARTESIAN_POINT('',(0.603715622,0.96,4.425));
#8903=VERTEX_POINT('',#8902);
#8904=CARTESIAN_POINT('',(0.603715622,0.96,4.425));
#8905=DIRECTION('',(0.826445955,-0.56301606,0.));
#8906=VECTOR('',#8905,0.059816593);
#8907=LINE('',#8904,#8906);
#8908=EDGE_CURVE('',#8903,#8871,#8907,.T.);
#8909=ORIENTED_EDGE('',*,*,#8908,.F.);
#8910=CARTESIAN_POINT('',(0.545,1.,4.465));
#8911=DIRECTION('',(0.720151219,-0.490602803,-0.490602803));
#8912=VECTOR('',#8911,0.081532351);
#8913=LINE('',#8910,#8912);
#8914=EDGE_CURVE('',#8750,#8903,#8913,.T.);
#8915=ORIENTED_EDGE('',*,*,#8914,.F.);
#8916=ORIENTED_EDGE('',*,*,#8777,.T.);
#8917=CARTESIAN_POINT('',(0.603715622,0.96,4.545));
#8918=VERTEX_POINT('',#8917);
#8919=CARTESIAN_POINT('',(0.545,1.,4.505));
#8920=DIRECTION('',(0.720151219,-0.490602803,0.490602803));
#8921=VECTOR('',#8920,0.081532351);
#8922=LINE('',#8919,#8921);
#8923=EDGE_CURVE('',#8766,#8918,#8922,.T.);
#8924=ORIENTED_EDGE('',*,*,#8923,.T.);
#8925=CARTESIAN_POINT('',(0.653150803,0.926322298,4.545));
#8926=DIRECTION('',(-0.826445955,0.56301606,0.));
#8927=VECTOR('',#8926,0.059816593);
#8928=LINE('',#8925,#8927);
#8929=EDGE_CURVE('',#8880,#8918,#8928,.T.);
#8930=ORIENTED_EDGE('',*,*,#8929,.F.);
#8931=ORIENTED_EDGE('',*,*,#8885,.F.);
#8932=EDGE_LOOP('',(#8909,#8915,#8916,#8924,#8930,#8931));
#8933=FACE_BOUND('',#8932,.T.);
#8934=ADVANCED_FACE('',(#8933),#8901,.T.);
#8935=CARTESIAN_POINT('',(1.087616119,-0.20066064,4.425));
#8936=DIRECTION('',(0.,0.,-1.));
#8937=DIRECTION('',(-1.,0.,0.));
#8938=AXIS2_PLACEMENT_3D('',#8935,#8936,#8937);
#8939=PLANE('',#8938);
#8940=ORIENTED_EDGE('',*,*,#1612,.T.);
#8941=CARTESIAN_POINT('',(0.495,0.96,4.425));
#8942=DIRECTION('',(1.,-0.,-0.));
#8943=VECTOR('',#8942,0.108715622);
#8944=LINE('',#8941,#8943);
#8945=EDGE_CURVE('',#1601,#8903,#8944,.T.);
#8946=ORIENTED_EDGE('',*,*,#8945,.T.);
#8947=ORIENTED_EDGE('',*,*,#8908,.T.);
#8948=ORIENTED_EDGE('',*,*,#8877,.F.);
#8949=CARTESIAN_POINT('',(0.625,0.885,4.425));
#8950=DIRECTION('',(0.,0.,1.));
#8951=DIRECTION('',(1.,0.,-0.));
#8952=AXIS2_PLACEMENT_3D('',#8949,#8950,#8951);
#8953=CIRCLE('',#8952,0.05);
#8954=EDGE_CURVE('',#8830,#8863,#8953,.T.);
#8955=ORIENTED_EDGE('',*,*,#8954,.F.);
#8956=ORIENTED_EDGE('',*,*,#8835,.T.);
#8957=ORIENTED_EDGE('',*,*,#8796,.T.);
#8958=CARTESIAN_POINT('',(0.502307555,0.76916508,4.425));
#8959=DIRECTION('',(-0.341650801,-0.939826968,0.));
#8960=VECTOR('',#8959,0.021388959);
#8961=LINE('',#8958,#8960);
#8962=EDGE_CURVE('',#8790,#1569,#8961,.T.);
#8963=ORIENTED_EDGE('',*,*,#8962,.T.);
#8964=EDGE_LOOP('',(#8940,#8946,#8947,#8948,#8955,#8956,#8957,#8963));
#8965=FACE_BOUND('',#8964,.T.);
#8966=ADVANCED_FACE('',(#8965),#8939,.T.);
#8967=CARTESIAN_POINT('',(0.5225,0.98,4.445));
#8968=DIRECTION('',(0.,0.707106781,-0.707106781));
#8969=DIRECTION('',(0.,0.707106781,0.707106781));
#8970=AXIS2_PLACEMENT_3D('',#8967,#8968,#8969);
#8971=PLANE('',#8970);
#8972=ORIENTED_EDGE('',*,*,#8945,.F.);
#8973=ORIENTED_EDGE('',*,*,#1606,.T.);
#8974=CARTESIAN_POINT('',(0.495,0.994090909,4.459090909));
#8975=DIRECTION('',(0.513436031,0.606788036,0.606788036));
#8976=VECTOR('',#8975,0.009738311);
#8977=LINE('',#8974,#8976);
#8978=EDGE_CURVE('',#1593,#8748,#8977,.T.);
#8979=ORIENTED_EDGE('',*,*,#8978,.T.);
#8980=ORIENTED_EDGE('',*,*,#8755,.T.);
#8981=ORIENTED_EDGE('',*,*,#8914,.T.);
#8982=EDGE_LOOP('',(#8972,#8973,#8979,#8980,#8981));
#8983=FACE_BOUND('',#8982,.T.);
#8984=ADVANCED_FACE('',(#8983),#8971,.T.);
#8985=CARTESIAN_POINT('',(0.39,0.87,4.425));
#8986=DIRECTION('',(-0.763386285,0.645942241,0.));
#8987=DIRECTION('',(0.645942241,0.763386285,0.));
#8988=AXIS2_PLACEMENT_3D('',#8985,#8986,#8987);
#8989=PLANE('',#8988);
#8990=ORIENTED_EDGE('',*,*,#1598,.T.);
#8991=CARTESIAN_POINT('',(0.495,0.994090909,4.510909091));
#8992=DIRECTION('',(0.513436031,0.606788036,-0.606788036));
#8993=VECTOR('',#8992,0.009738311);
#8994=LINE('',#8991,#8993);
#8995=EDGE_CURVE('',#1585,#8758,#8994,.T.);
#8996=ORIENTED_EDGE('',*,*,#8995,.T.);
#8997=ORIENTED_EDGE('',*,*,#8763,.F.);
#8998=ORIENTED_EDGE('',*,*,#8978,.F.);
#8999=EDGE_LOOP('',(#8990,#8996,#8997,#8998));
#9000=FACE_BOUND('',#8999,.T.);
#9001=ADVANCED_FACE('',(#9000),#8989,.T.);
#9002=CARTESIAN_POINT('',(0.5225,0.98,4.525));
#9003=DIRECTION('',(-0.,-0.707106781,-0.707106781));
#9004=DIRECTION('',(0.,0.707106781,-0.707106781));
#9005=AXIS2_PLACEMENT_3D('',#9002,#9003,#9004);
#9006=PLANE('',#9005);
#9007=CARTESIAN_POINT('',(0.495,0.96,4.545));
#9008=DIRECTION('',(1.,-0.,0.));
#9009=VECTOR('',#9008,0.108715622);
#9010=LINE('',#9007,#9009);
#9011=EDGE_CURVE('',#1577,#8918,#9010,.T.);
#9012=ORIENTED_EDGE('',*,*,#9011,.T.);
#9013=ORIENTED_EDGE('',*,*,#8923,.F.);
#9014=ORIENTED_EDGE('',*,*,#8771,.F.);
#9015=ORIENTED_EDGE('',*,*,#8995,.F.);
#9016=ORIENTED_EDGE('',*,*,#1590,.F.);
#9017=EDGE_LOOP('',(#9012,#9013,#9014,#9015,#9016));
#9018=FACE_BOUND('',#9017,.T.);
#9019=ADVANCED_FACE('',(#9018),#9006,.F.);
#9020=CARTESIAN_POINT('',(1.335697637,0.215754265,4.545));
#9021=DIRECTION('',(0.,0.,1.));
#9022=DIRECTION('',(1.,0.,0.));
#9023=AXIS2_PLACEMENT_3D('',#9020,#9021,#9022);
#9024=PLANE('',#9023);
#9025=ORIENTED_EDGE('',*,*,#1582,.T.);
#9026=CARTESIAN_POINT('',(0.495,0.74906316,4.545));
#9027=DIRECTION('',(0.341650801,0.939826968,0.));
#9028=VECTOR('',#9027,0.021388959);
#9029=LINE('',#9026,#9028);
#9030=EDGE_CURVE('',#1567,#8807,#9029,.T.);
#9031=ORIENTED_EDGE('',*,*,#9030,.T.);
#9032=ORIENTED_EDGE('',*,*,#8813,.F.);
#9033=ORIENTED_EDGE('',*,*,#8849,.T.);
#9034=CARTESIAN_POINT('',(0.625,0.885,4.545));
#9035=DIRECTION('',(0.,0.,1.));
#9036=DIRECTION('',(1.,0.,-0.));
#9037=AXIS2_PLACEMENT_3D('',#9034,#9035,#9036);
#9038=CIRCLE('',#9037,0.05);
#9039=EDGE_CURVE('',#8838,#8861,#9038,.T.);
#9040=ORIENTED_EDGE('',*,*,#9039,.T.);
#9041=ORIENTED_EDGE('',*,*,#8892,.T.);
#9042=ORIENTED_EDGE('',*,*,#8929,.T.);
#9043=ORIENTED_EDGE('',*,*,#9011,.F.);
#9044=EDGE_LOOP('',(#9025,#9031,#9032,#9033,#9040,#9041,#9042,#9043));
#9045=FACE_BOUND('',#9044,.T.);
#9046=ADVANCED_FACE('',(#9045),#9024,.T.);
#9047=CARTESIAN_POINT('',(0.502307555,0.76916508,4.425));
#9048=DIRECTION('',(0.939826968,-0.341650801,0.));
#9049=DIRECTION('',(-0.341650801,-0.939826968,0.));
#9050=AXIS2_PLACEMENT_3D('',#9047,#9048,#9049);
#9051=PLANE('',#9050);
#9052=ORIENTED_EDGE('',*,*,#1574,.T.);
#9053=ORIENTED_EDGE('',*,*,#8962,.F.);
#9054=ORIENTED_EDGE('',*,*,#8819,.T.);
#9055=ORIENTED_EDGE('',*,*,#9030,.F.);
#9056=EDGE_LOOP('',(#9052,#9053,#9054,#9055));
#9057=FACE_BOUND('',#9056,.T.);
#9058=ADVANCED_FACE('',(#9057),#9051,.T.);
#9059=CARTESIAN_POINT('',(-0.625,0.885,3.745));
#9060=DIRECTION('',(-0.,0.,-1.));
#9061=DIRECTION('',(-1.,-0.,0.));
#9062=AXIS2_PLACEMENT_3D('',#9059,#9060,#9061);
#9063=CYLINDRICAL_SURFACE('',#9062,0.05);
#9064=CARTESIAN_POINT('',(-0.675,0.885,3.625));
#9065=VERTEX_POINT('',#9064);
#9066=CARTESIAN_POINT('',(-0.675,0.885,3.745));
#9067=VERTEX_POINT('',#9066);
#9068=CARTESIAN_POINT('',(-0.675,0.885,3.625));
#9069=DIRECTION('',(-0.,-0.,1.));
#9070=VECTOR('',#9069,0.12);
#9071=LINE('',#9068,#9070);
#9072=EDGE_CURVE('',#9065,#9067,#9071,.T.);
#9073=ORIENTED_EDGE('',*,*,#9072,.T.);
#9074=CARTESIAN_POINT('',(-0.653150803,0.926322298,3.745));
#9075=VERTEX_POINT('',#9074);
#9076=CARTESIAN_POINT('',(-0.625,0.885,3.745));
#9077=DIRECTION('',(0.,0.,-1.));
#9078=DIRECTION('',(-1.,0.,0.));
#9079=AXIS2_PLACEMENT_3D('',#9076,#9077,#9078);
#9080=CIRCLE('',#9079,0.05);
#9081=EDGE_CURVE('',#9067,#9075,#9080,.T.);
#9082=ORIENTED_EDGE('',*,*,#9081,.T.);
#9083=CARTESIAN_POINT('',(-0.653150803,0.926322298,3.625));
#9084=VERTEX_POINT('',#9083);
#9085=CARTESIAN_POINT('',(-0.653150803,0.926322298,3.745));
#9086=DIRECTION('',(0.,0.,-1.));
#9087=VECTOR('',#9086,0.12);
#9088=LINE('',#9085,#9087);
#9089=EDGE_CURVE('',#9075,#9084,#9088,.T.);
#9090=ORIENTED_EDGE('',*,*,#9089,.T.);
#9091=CARTESIAN_POINT('',(-0.625,0.885,3.625));
#9092=DIRECTION('',(0.,0.,-1.));
#9093=DIRECTION('',(-1.,0.,0.));
#9094=AXIS2_PLACEMENT_3D('',#9091,#9092,#9093);
#9095=CIRCLE('',#9094,0.05);
#9096=EDGE_CURVE('',#9065,#9084,#9095,.T.);
#9097=ORIENTED_EDGE('',*,*,#9096,.F.);
#9098=EDGE_LOOP('',(#9073,#9082,#9090,#9097));
#9099=FACE_BOUND('',#9098,.T.);
#9100=ADVANCED_FACE('',(#9099),#9063,.T.);
#9101=CARTESIAN_POINT('',(-0.625,0.835,3.745));
#9102=DIRECTION('',(0.,-1.,0.));
#9103=DIRECTION('',(1.,0.,0.));
#9104=AXIS2_PLACEMENT_3D('',#9101,#9102,#9103);
#9105=PLANE('',#9104);
#9106=CARTESIAN_POINT('',(-0.596290252,0.835,3.745));
#9107=VERTEX_POINT('',#9106);
#9108=CARTESIAN_POINT('',(-0.625,0.835,3.745));
#9109=VERTEX_POINT('',#9108);
#9110=CARTESIAN_POINT('',(-0.596290252,0.835,3.745));
#9111=DIRECTION('',(-1.,-0.,-0.));
#9112=VECTOR('',#9111,0.028709748);
#9113=LINE('',#9110,#9112);
#9114=EDGE_CURVE('',#9107,#9109,#9113,.T.);
#9115=ORIENTED_EDGE('',*,*,#9114,.T.);
#9116=CARTESIAN_POINT('',(-0.625,0.835,3.625));
#9117=VERTEX_POINT('',#9116);
#9118=CARTESIAN_POINT('',(-0.625,0.835,3.745));
#9119=DIRECTION('',(-0.,-0.,-1.));
#9120=VECTOR('',#9119,0.12);
#9121=LINE('',#9118,#9120);
#9122=EDGE_CURVE('',#9109,#9117,#9121,.T.);
#9123=ORIENTED_EDGE('',*,*,#9122,.T.);
#9124=CARTESIAN_POINT('',(-0.596290252,0.835,3.625));
#9125=VERTEX_POINT('',#9124);
#9126=CARTESIAN_POINT('',(-0.625,0.835,3.625));
#9127=DIRECTION('',(1.,0.,0.));
#9128=VECTOR('',#9127,0.028709748);
#9129=LINE('',#9126,#9128);
#9130=EDGE_CURVE('',#9117,#9125,#9129,.T.);
#9131=ORIENTED_EDGE('',*,*,#9130,.T.);
#9132=CARTESIAN_POINT('',(-0.596290252,0.835,3.745));
#9133=DIRECTION('',(0.,0.,-1.));
#9134=VECTOR('',#9133,0.12);
#9135=LINE('',#9132,#9134);
#9136=EDGE_CURVE('',#9107,#9125,#9135,.T.);
#9137=ORIENTED_EDGE('',*,*,#9136,.F.);
#9138=EDGE_LOOP('',(#9115,#9123,#9131,#9137));
#9139=FACE_BOUND('',#9138,.T.);
#9140=ADVANCED_FACE('',(#9139),#9105,.T.);
#9141=CARTESIAN_POINT('',(-0.596290252,0.735,3.745));
#9142=DIRECTION('',(-0.,0.,-1.));
#9143=DIRECTION('',(-1.,-0.,0.));
#9144=AXIS2_PLACEMENT_3D('',#9141,#9142,#9143);
#9145=CYLINDRICAL_SURFACE('',#9144,0.1);
#9146=CARTESIAN_POINT('',(-0.502307555,0.76916508,3.745));
#9147=VERTEX_POINT('',#9146);
#9148=CARTESIAN_POINT('',(-0.596290252,0.735,3.745));
#9149=DIRECTION('',(0.,0.,-1.));
#9150=DIRECTION('',(-1.,0.,0.));
#9151=AXIS2_PLACEMENT_3D('',#9148,#9149,#9150);
#9152=CIRCLE('',#9151,0.1);
#9153=EDGE_CURVE('',#9107,#9147,#9152,.T.);
#9154=ORIENTED_EDGE('',*,*,#9153,.F.);
#9155=ORIENTED_EDGE('',*,*,#9136,.T.);
#9156=CARTESIAN_POINT('',(-0.502307555,0.76916508,3.625));
#9157=VERTEX_POINT('',#9156);
#9158=CARTESIAN_POINT('',(-0.596290252,0.735,3.625));
#9159=DIRECTION('',(0.,0.,-1.));
#9160=DIRECTION('',(-1.,0.,0.));
#9161=AXIS2_PLACEMENT_3D('',#9158,#9159,#9160);
#9162=CIRCLE('',#9161,0.1);
#9163=EDGE_CURVE('',#9125,#9157,#9162,.T.);
#9164=ORIENTED_EDGE('',*,*,#9163,.T.);
#9165=CARTESIAN_POINT('',(-0.502307555,0.76916508,3.745));
#9166=DIRECTION('',(-0.,-0.,-1.));
#9167=VECTOR('',#9166,0.12);
#9168=LINE('',#9165,#9167);
#9169=EDGE_CURVE('',#9147,#9157,#9168,.T.);
#9170=ORIENTED_EDGE('',*,*,#9169,.F.);
#9171=EDGE_LOOP('',(#9154,#9155,#9164,#9170));
#9172=FACE_BOUND('',#9171,.T.);
#9173=ADVANCED_FACE('',(#9172),#9145,.F.);
#9174=CARTESIAN_POINT('',(-0.5,1.,3.745));
#9175=DIRECTION('',(-0.,1.,0.));
#9176=DIRECTION('',(-1.,-0.,0.));
#9177=AXIS2_PLACEMENT_3D('',#9174,#9175,#9176);
#9178=PLANE('',#9177);
#9179=CARTESIAN_POINT('',(-0.545,1.,3.705));
#9180=VERTEX_POINT('',#9179);
#9181=CARTESIAN_POINT('',(-0.5,1.,3.705));
#9182=VERTEX_POINT('',#9181);
#9183=CARTESIAN_POINT('',(-0.545,1.,3.705));
#9184=DIRECTION('',(1.,0.,-0.));
#9185=VECTOR('',#9184,0.045);
#9186=LINE('',#9183,#9185);
#9187=EDGE_CURVE('',#9180,#9182,#9186,.T.);
#9188=ORIENTED_EDGE('',*,*,#9187,.T.);
#9189=CARTESIAN_POINT('',(-0.5,1.,3.665));
#9190=VERTEX_POINT('',#9189);
#9191=CARTESIAN_POINT('',(-0.5,1.,3.665));
#9192=DIRECTION('',(0.,0.,1.));
#9193=VECTOR('',#9192,0.04);
#9194=LINE('',#9191,#9193);
#9195=EDGE_CURVE('',#9190,#9182,#9194,.T.);
#9196=ORIENTED_EDGE('',*,*,#9195,.F.);
#9197=CARTESIAN_POINT('',(-0.545,1.,3.665));
#9198=VERTEX_POINT('',#9197);
#9199=CARTESIAN_POINT('',(-0.5,1.,3.665));
#9200=DIRECTION('',(-1.,-0.,0.));
#9201=VECTOR('',#9200,0.045);
#9202=LINE('',#9199,#9201);
#9203=EDGE_CURVE('',#9190,#9198,#9202,.T.);
#9204=ORIENTED_EDGE('',*,*,#9203,.T.);
#9205=CARTESIAN_POINT('',(-0.545,1.,3.665));
#9206=DIRECTION('',(0.,0.,1.));
#9207=VECTOR('',#9206,0.04);
#9208=LINE('',#9205,#9207);
#9209=EDGE_CURVE('',#9198,#9180,#9208,.T.);
#9210=ORIENTED_EDGE('',*,*,#9209,.T.);
#9211=EDGE_LOOP('',(#9188,#9196,#9204,#9210));
#9212=FACE_BOUND('',#9211,.T.);
#9213=ADVANCED_FACE('',(#9212),#9178,.T.);
#9214=CARTESIAN_POINT('',(-0.545,1.,3.745));
#9215=DIRECTION('',(-0.56301606,0.826445955,0.));
#9216=DIRECTION('',(-0.826445955,-0.56301606,0.));
#9217=AXIS2_PLACEMENT_3D('',#9214,#9215,#9216);
#9218=PLANE('',#9217);
#9219=CARTESIAN_POINT('',(-0.603715622,0.96,3.745));
#9220=VERTEX_POINT('',#9219);
#9221=CARTESIAN_POINT('',(-0.603715622,0.96,3.745));
#9222=DIRECTION('',(-0.826445955,-0.56301606,0.));
#9223=VECTOR('',#9222,0.059816593);
#9224=LINE('',#9221,#9223);
#9225=EDGE_CURVE('',#9220,#9075,#9224,.T.);
#9226=ORIENTED_EDGE('',*,*,#9225,.F.);
#9227=CARTESIAN_POINT('',(-0.545,1.,3.705));
#9228=DIRECTION('',(-0.720151219,-0.490602803,0.490602803));
#9229=VECTOR('',#9228,0.081532351);
#9230=LINE('',#9227,#9229);
#9231=EDGE_CURVE('',#9180,#9220,#9230,.T.);
#9232=ORIENTED_EDGE('',*,*,#9231,.F.);
#9233=ORIENTED_EDGE('',*,*,#9209,.F.);
#9234=CARTESIAN_POINT('',(-0.603715622,0.96,3.625));
#9235=VERTEX_POINT('',#9234);
#9236=CARTESIAN_POINT('',(-0.545,1.,3.665));
#9237=DIRECTION('',(-0.720151219,-0.490602803,-0.490602803));
#9238=VECTOR('',#9237,0.081532351);
#9239=LINE('',#9236,#9238);
#9240=EDGE_CURVE('',#9198,#9235,#9239,.T.);
#9241=ORIENTED_EDGE('',*,*,#9240,.T.);
#9242=CARTESIAN_POINT('',(-0.653150803,0.926322298,3.625));
#9243=DIRECTION('',(0.826445955,0.56301606,0.));
#9244=VECTOR('',#9243,0.059816593);
#9245=LINE('',#9242,#9244);
#9246=EDGE_CURVE('',#9084,#9235,#9245,.T.);
#9247=ORIENTED_EDGE('',*,*,#9246,.F.);
#9248=ORIENTED_EDGE('',*,*,#9089,.F.);
#9249=EDGE_LOOP('',(#9226,#9232,#9233,#9241,#9247,#9248));
#9250=FACE_BOUND('',#9249,.T.);
#9251=ADVANCED_FACE('',(#9250),#9218,.T.);
#9252=CARTESIAN_POINT('',(-0.5225,0.98,3.645));
#9253=DIRECTION('',(0.,-0.707106781,0.707106781));
#9254=DIRECTION('',(-0.,0.707106781,0.707106781));
#9255=AXIS2_PLACEMENT_3D('',#9252,#9253,#9254);
#9256=PLANE('',#9255);
#9257=CARTESIAN_POINT('',(-0.603715622,0.96,3.625));
#9258=DIRECTION('',(1.,0.,-0.));
#9259=VECTOR('',#9258,0.108715622);
#9260=LINE('',#9257,#9259);
#9261=EDGE_CURVE('',#9235,#1841,#9260,.T.);
#9262=ORIENTED_EDGE('',*,*,#9261,.F.);
#9263=ORIENTED_EDGE('',*,*,#9240,.F.);
#9264=ORIENTED_EDGE('',*,*,#9203,.F.);
#9265=CARTESIAN_POINT('',(-0.5,1.,3.665));
#9266=DIRECTION('',(0.513436031,-0.606788036,-0.606788036));
#9267=VECTOR('',#9266,0.009738311);
#9268=LINE('',#9265,#9267);
#9269=EDGE_CURVE('',#9190,#1807,#9268,.T.);
#9270=ORIENTED_EDGE('',*,*,#9269,.T.);
#9271=ORIENTED_EDGE('',*,*,#1852,.T.);
#9272=EDGE_LOOP('',(#9262,#9263,#9264,#9270,#9271));
#9273=FACE_BOUND('',#9272,.T.);
#9274=ADVANCED_FACE('',(#9273),#9256,.F.);
#9275=CARTESIAN_POINT('',(-1.335697637,0.215754265,3.625));
#9276=DIRECTION('',(0.,0.,-1.));
#9277=DIRECTION('',(-1.,-0.,0.));
#9278=AXIS2_PLACEMENT_3D('',#9275,#9276,#9277);
#9279=PLANE('',#9278);
#9280=ORIENTED_EDGE('',*,*,#1846,.F.);
#9281=CARTESIAN_POINT('',(-0.502307555,0.76916508,3.625));
#9282=DIRECTION('',(0.341650801,-0.939826968,0.));
#9283=VECTOR('',#9282,0.021388959);
#9284=LINE('',#9281,#9283);
#9285=EDGE_CURVE('',#9157,#1833,#9284,.T.);
#9286=ORIENTED_EDGE('',*,*,#9285,.F.);
#9287=ORIENTED_EDGE('',*,*,#9163,.F.);
#9288=ORIENTED_EDGE('',*,*,#9130,.F.);
#9289=CARTESIAN_POINT('',(-0.625,0.885,3.625));
#9290=DIRECTION('',(0.,0.,-1.));
#9291=DIRECTION('',(-1.,0.,0.));
#9292=AXIS2_PLACEMENT_3D('',#9289,#9290,#9291);
#9293=CIRCLE('',#9292,0.05);
#9294=EDGE_CURVE('',#9117,#9065,#9293,.T.);
#9295=ORIENTED_EDGE('',*,*,#9294,.T.);
#9296=ORIENTED_EDGE('',*,*,#9096,.T.);
#9297=ORIENTED_EDGE('',*,*,#9246,.T.);
#9298=ORIENTED_EDGE('',*,*,#9261,.T.);
#9299=EDGE_LOOP('',(#9280,#9286,#9287,#9288,#9295,#9296,#9297,#9298));
#9300=FACE_BOUND('',#9299,.T.);
#9301=ADVANCED_FACE('',(#9300),#9279,.T.);
#9302=CARTESIAN_POINT('',(-0.502307555,0.76916508,3.745));
#9303=DIRECTION('',(-0.939826968,-0.341650801,0.));
#9304=DIRECTION('',(0.341650801,-0.939826968,0.));
#9305=AXIS2_PLACEMENT_3D('',#9302,#9303,#9304);
#9306=PLANE('',#9305);
#9307=ORIENTED_EDGE('',*,*,#1838,.F.);
#9308=CARTESIAN_POINT('',(-0.495,0.74906316,3.745));
#9309=DIRECTION('',(-0.341650801,0.939826968,-0.));
#9310=VECTOR('',#9309,0.021388959);
#9311=LINE('',#9308,#9310);
#9312=EDGE_CURVE('',#1825,#9147,#9311,.T.);
#9313=ORIENTED_EDGE('',*,*,#9312,.T.);
#9314=ORIENTED_EDGE('',*,*,#9169,.T.);
#9315=ORIENTED_EDGE('',*,*,#9285,.T.);
#9316=EDGE_LOOP('',(#9307,#9313,#9314,#9315));
#9317=FACE_BOUND('',#9316,.T.);
#9318=ADVANCED_FACE('',(#9317),#9306,.T.);
#9319=CARTESIAN_POINT('',(-1.087616119,-0.20066064,3.745));
#9320=DIRECTION('',(0.,0.,1.));
#9321=DIRECTION('',(1.,0.,0.));
#9322=AXIS2_PLACEMENT_3D('',#9319,#9320,#9321);
#9323=PLANE('',#9322);
#9324=ORIENTED_EDGE('',*,*,#1830,.F.);
#9325=CARTESIAN_POINT('',(-0.603715622,0.96,3.745));
#9326=DIRECTION('',(1.,0.,0.));
#9327=VECTOR('',#9326,0.108715622);
#9328=LINE('',#9325,#9327);
#9329=EDGE_CURVE('',#9220,#1817,#9328,.T.);
#9330=ORIENTED_EDGE('',*,*,#9329,.F.);
#9331=ORIENTED_EDGE('',*,*,#9225,.T.);
#9332=ORIENTED_EDGE('',*,*,#9081,.F.);
#9333=CARTESIAN_POINT('',(-0.625,0.885,3.745));
#9334=DIRECTION('',(0.,0.,-1.));
#9335=DIRECTION('',(-1.,0.,0.));
#9336=AXIS2_PLACEMENT_3D('',#9333,#9334,#9335);
#9337=CIRCLE('',#9336,0.05);
#9338=EDGE_CURVE('',#9109,#9067,#9337,.T.);
#9339=ORIENTED_EDGE('',*,*,#9338,.F.);
#9340=ORIENTED_EDGE('',*,*,#9114,.F.);
#9341=ORIENTED_EDGE('',*,*,#9153,.T.);
#9342=ORIENTED_EDGE('',*,*,#9312,.F.);
#9343=EDGE_LOOP('',(#9324,#9330,#9331,#9332,#9339,#9340,#9341,#9342));
#9344=FACE_BOUND('',#9343,.T.);
#9345=ADVANCED_FACE('',(#9344),#9323,.T.);
#9346=CARTESIAN_POINT('',(-0.5225,0.98,3.725));
#9347=DIRECTION('',(-0.,0.707106781,0.707106781));
#9348=DIRECTION('',(-0.,0.707106781,-0.707106781));
#9349=AXIS2_PLACEMENT_3D('',#9346,#9347,#9348);
#9350=PLANE('',#9349);
#9351=ORIENTED_EDGE('',*,*,#9329,.T.);
#9352=ORIENTED_EDGE('',*,*,#1822,.F.);
#9353=CARTESIAN_POINT('',(-0.5,1.,3.705));
#9354=DIRECTION('',(0.513436031,-0.606788036,0.606788036));
#9355=VECTOR('',#9354,0.009738311);
#9356=LINE('',#9353,#9355);
#9357=EDGE_CURVE('',#9182,#1809,#9356,.T.);
#9358=ORIENTED_EDGE('',*,*,#9357,.F.);
#9359=ORIENTED_EDGE('',*,*,#9187,.F.);
#9360=ORIENTED_EDGE('',*,*,#9231,.T.);
#9361=EDGE_LOOP('',(#9351,#9352,#9358,#9359,#9360));
#9362=FACE_BOUND('',#9361,.T.);
#9363=ADVANCED_FACE('',(#9362),#9350,.T.);
#9364=CARTESIAN_POINT('',(-0.39,0.87,3.745));
#9365=DIRECTION('',(0.763386285,0.645942241,0.));
#9366=DIRECTION('',(-0.645942241,0.763386285,0.));
#9367=AXIS2_PLACEMENT_3D('',#9364,#9365,#9366);
#9368=PLANE('',#9367);
#9369=ORIENTED_EDGE('',*,*,#1814,.F.);
#9370=ORIENTED_EDGE('',*,*,#9269,.F.);
#9371=ORIENTED_EDGE('',*,*,#9195,.T.);
#9372=ORIENTED_EDGE('',*,*,#9357,.T.);
#9373=EDGE_LOOP('',(#9369,#9370,#9371,#9372));
#9374=FACE_BOUND('',#9373,.T.);
#9375=ADVANCED_FACE('',(#9374),#9368,.T.);
#9376=CARTESIAN_POINT('',(0.5,1.,4.025));
#9377=DIRECTION('',(0.,1.,0.));
#9378=DIRECTION('',(1.,0.,0.));
#9379=AXIS2_PLACEMENT_3D('',#9376,#9377,#9378);
#9380=PLANE('',#9379);
#9381=CARTESIAN_POINT('',(0.545,1.,4.065));
#9382=VERTEX_POINT('',#9381);
#9383=CARTESIAN_POINT('',(0.5,1.,4.065));
#9384=VERTEX_POINT('',#9383);
#9385=CARTESIAN_POINT('',(0.545,1.,4.065));
#9386=DIRECTION('',(-1.,-0.,0.));
#9387=VECTOR('',#9386,0.045);
#9388=LINE('',#9385,#9387);
#9389=EDGE_CURVE('',#9382,#9384,#9388,.T.);
#9390=ORIENTED_EDGE('',*,*,#9389,.T.);
#9391=CARTESIAN_POINT('',(0.5,1.,4.105));
#9392=VERTEX_POINT('',#9391);
#9393=CARTESIAN_POINT('',(0.5,1.,4.065));
#9394=DIRECTION('',(-0.,-0.,1.));
#9395=VECTOR('',#9394,0.04);
#9396=LINE('',#9393,#9395);
#9397=EDGE_CURVE('',#9384,#9392,#9396,.T.);
#9398=ORIENTED_EDGE('',*,*,#9397,.T.);
#9399=CARTESIAN_POINT('',(0.545,1.,4.105));
#9400=VERTEX_POINT('',#9399);
#9401=CARTESIAN_POINT('',(0.545,1.,4.105));
#9402=DIRECTION('',(-1.,0.,-0.));
#9403=VECTOR('',#9402,0.045);
#9404=LINE('',#9401,#9403);
#9405=EDGE_CURVE('',#9400,#9392,#9404,.T.);
#9406=ORIENTED_EDGE('',*,*,#9405,.F.);
#9407=CARTESIAN_POINT('',(0.545,1.,4.105));
#9408=DIRECTION('',(0.,0.,-1.));
#9409=VECTOR('',#9408,0.04);
#9410=LINE('',#9407,#9409);
#9411=EDGE_CURVE('',#9400,#9382,#9410,.T.);
#9412=ORIENTED_EDGE('',*,*,#9411,.T.);
#9413=EDGE_LOOP('',(#9390,#9398,#9406,#9412));
#9414=FACE_BOUND('',#9413,.T.);
#9415=ADVANCED_FACE('',(#9414),#9380,.T.);
#9416=CARTESIAN_POINT('',(0.596290252,0.735,4.025));
#9417=DIRECTION('',(0.,0.,1.));
#9418=DIRECTION('',(1.,0.,-0.));
#9419=AXIS2_PLACEMENT_3D('',#9416,#9417,#9418);
#9420=CYLINDRICAL_SURFACE('',#9419,0.1);
#9421=CARTESIAN_POINT('',(0.596290252,0.835,4.025));
#9422=VERTEX_POINT('',#9421);
#9423=CARTESIAN_POINT('',(0.502307555,0.76916508,4.025));
#9424=VERTEX_POINT('',#9423);
#9425=CARTESIAN_POINT('',(0.596290252,0.735,4.025));
#9426=DIRECTION('',(0.,0.,1.));
#9427=DIRECTION('',(1.,0.,-0.));
#9428=AXIS2_PLACEMENT_3D('',#9425,#9426,#9427);
#9429=CIRCLE('',#9428,0.1);
#9430=EDGE_CURVE('',#9422,#9424,#9429,.T.);
#9431=ORIENTED_EDGE('',*,*,#9430,.F.);
#9432=CARTESIAN_POINT('',(0.596290252,0.835,4.145));
#9433=VERTEX_POINT('',#9432);
#9434=CARTESIAN_POINT('',(0.596290252,0.835,4.025));
#9435=DIRECTION('',(0.,0.,1.));
#9436=VECTOR('',#9435,0.12);
#9437=LINE('',#9434,#9436);
#9438=EDGE_CURVE('',#9422,#9433,#9437,.T.);
#9439=ORIENTED_EDGE('',*,*,#9438,.T.);
#9440=CARTESIAN_POINT('',(0.502307555,0.76916508,4.145));
#9441=VERTEX_POINT('',#9440);
#9442=CARTESIAN_POINT('',(0.596290252,0.735,4.145));
#9443=DIRECTION('',(0.,0.,1.));
#9444=DIRECTION('',(1.,0.,-0.));
#9445=AXIS2_PLACEMENT_3D('',#9442,#9443,#9444);
#9446=CIRCLE('',#9445,0.1);
#9447=EDGE_CURVE('',#9433,#9441,#9446,.T.);
#9448=ORIENTED_EDGE('',*,*,#9447,.T.);
#9449=CARTESIAN_POINT('',(0.502307555,0.76916508,4.025));
#9450=DIRECTION('',(-0.,-0.,1.));
#9451=VECTOR('',#9450,0.12);
#9452=LINE('',#9449,#9451);
#9453=EDGE_CURVE('',#9424,#9441,#9452,.T.);
#9454=ORIENTED_EDGE('',*,*,#9453,.F.);
#9455=EDGE_LOOP('',(#9431,#9439,#9448,#9454));
#9456=FACE_BOUND('',#9455,.T.);
#9457=ADVANCED_FACE('',(#9456),#9420,.F.);
#9458=CARTESIAN_POINT('',(0.625,0.835,4.025));
#9459=DIRECTION('',(0.,-1.,0.));
#9460=DIRECTION('',(-1.,0.,0.));
#9461=AXIS2_PLACEMENT_3D('',#9458,#9459,#9460);
#9462=PLANE('',#9461);
#9463=CARTESIAN_POINT('',(0.625,0.835,4.025));
#9464=VERTEX_POINT('',#9463);
#9465=CARTESIAN_POINT('',(0.596290252,0.835,4.025));
#9466=DIRECTION('',(1.,-0.,-0.));
#9467=VECTOR('',#9466,0.028709748);
#9468=LINE('',#9465,#9467);
#9469=EDGE_CURVE('',#9422,#9464,#9468,.T.);
#9470=ORIENTED_EDGE('',*,*,#9469,.T.);
#9471=CARTESIAN_POINT('',(0.625,0.835,4.145));
#9472=VERTEX_POINT('',#9471);
#9473=CARTESIAN_POINT('',(0.625,0.835,4.025));
#9474=DIRECTION('',(-0.,-0.,1.));
#9475=VECTOR('',#9474,0.12);
#9476=LINE('',#9473,#9475);
#9477=EDGE_CURVE('',#9464,#9472,#9476,.T.);
#9478=ORIENTED_EDGE('',*,*,#9477,.T.);
#9479=CARTESIAN_POINT('',(0.625,0.835,4.145));
#9480=DIRECTION('',(-1.,0.,0.));
#9481=VECTOR('',#9480,0.028709748);
#9482=LINE('',#9479,#9481);
#9483=EDGE_CURVE('',#9472,#9433,#9482,.T.);
#9484=ORIENTED_EDGE('',*,*,#9483,.T.);
#9485=ORIENTED_EDGE('',*,*,#9438,.F.);
#9486=EDGE_LOOP('',(#9470,#9478,#9484,#9485));
#9487=FACE_BOUND('',#9486,.T.);
#9488=ADVANCED_FACE('',(#9487),#9462,.T.);
#9489=CARTESIAN_POINT('',(0.625,0.885,4.025));
#9490=DIRECTION('',(0.,0.,1.));
#9491=DIRECTION('',(1.,0.,-0.));
#9492=AXIS2_PLACEMENT_3D('',#9489,#9490,#9491);
#9493=CYLINDRICAL_SURFACE('',#9492,0.05);
#9494=CARTESIAN_POINT('',(0.675,0.885,4.145));
#9495=VERTEX_POINT('',#9494);
#9496=CARTESIAN_POINT('',(0.675,0.885,4.025));
#9497=VERTEX_POINT('',#9496);
#9498=CARTESIAN_POINT('',(0.675,0.885,4.145));
#9499=DIRECTION('',(-0.,-0.,-1.));
#9500=VECTOR('',#9499,0.12);
#9501=LINE('',#9498,#9500);
#9502=EDGE_CURVE('',#9495,#9497,#9501,.T.);
#9503=ORIENTED_EDGE('',*,*,#9502,.T.);
#9504=CARTESIAN_POINT('',(0.653150803,0.926322298,4.025));
#9505=VERTEX_POINT('',#9504);
#9506=CARTESIAN_POINT('',(0.625,0.885,4.025));
#9507=DIRECTION('',(0.,0.,1.));
#9508=DIRECTION('',(1.,0.,-0.));
#9509=AXIS2_PLACEMENT_3D('',#9506,#9507,#9508);
#9510=CIRCLE('',#9509,0.05);
#9511=EDGE_CURVE('',#9497,#9505,#9510,.T.);
#9512=ORIENTED_EDGE('',*,*,#9511,.T.);
#9513=CARTESIAN_POINT('',(0.653150803,0.926322298,4.145));
#9514=VERTEX_POINT('',#9513);
#9515=CARTESIAN_POINT('',(0.653150803,0.926322298,4.025));
#9516=DIRECTION('',(0.,0.,1.));
#9517=VECTOR('',#9516,0.12);
#9518=LINE('',#9515,#9517);
#9519=EDGE_CURVE('',#9505,#9514,#9518,.T.);
#9520=ORIENTED_EDGE('',*,*,#9519,.T.);
#9521=CARTESIAN_POINT('',(0.625,0.885,4.145));
#9522=DIRECTION('',(0.,0.,1.));
#9523=DIRECTION('',(1.,0.,-0.));
#9524=AXIS2_PLACEMENT_3D('',#9521,#9522,#9523);
#9525=CIRCLE('',#9524,0.05);
#9526=EDGE_CURVE('',#9495,#9514,#9525,.T.);
#9527=ORIENTED_EDGE('',*,*,#9526,.F.);
#9528=EDGE_LOOP('',(#9503,#9512,#9520,#9527));
#9529=FACE_BOUND('',#9528,.T.);
#9530=ADVANCED_FACE('',(#9529),#9493,.T.);
#9531=CARTESIAN_POINT('',(0.545,1.,4.025));
#9532=DIRECTION('',(0.56301606,0.826445955,0.));
#9533=DIRECTION('',(0.826445955,-0.56301606,0.));
#9534=AXIS2_PLACEMENT_3D('',#9531,#9532,#9533);
#9535=PLANE('',#9534);
#9536=CARTESIAN_POINT('',(0.603715622,0.96,4.025));
#9537=VERTEX_POINT('',#9536);
#9538=CARTESIAN_POINT('',(0.653150803,0.926322298,4.025));
#9539=DIRECTION('',(-0.826445955,0.56301606,-0.));
#9540=VECTOR('',#9539,0.059816593);
#9541=LINE('',#9538,#9540);
#9542=EDGE_CURVE('',#9505,#9537,#9541,.T.);
#9543=ORIENTED_EDGE('',*,*,#9542,.T.);
#9544=CARTESIAN_POINT('',(0.545,1.,4.065));
#9545=DIRECTION('',(0.720151219,-0.490602803,-0.490602803));
#9546=VECTOR('',#9545,0.081532351);
#9547=LINE('',#9544,#9546);
#9548=EDGE_CURVE('',#9382,#9537,#9547,.T.);
#9549=ORIENTED_EDGE('',*,*,#9548,.F.);
#9550=ORIENTED_EDGE('',*,*,#9411,.F.);
#9551=CARTESIAN_POINT('',(0.603715622,0.96,4.145));
#9552=VERTEX_POINT('',#9551);
#9553=CARTESIAN_POINT('',(0.603715622,0.96,4.145));
#9554=DIRECTION('',(-0.720151219,0.490602803,-0.490602803));
#9555=VECTOR('',#9554,0.081532351);
#9556=LINE('',#9553,#9555);
#9557=EDGE_CURVE('',#9552,#9400,#9556,.T.);
#9558=ORIENTED_EDGE('',*,*,#9557,.F.);
#9559=CARTESIAN_POINT('',(0.653150803,0.926322298,4.145));
#9560=DIRECTION('',(-0.826445955,0.56301606,0.));
#9561=VECTOR('',#9560,0.059816593);
#9562=LINE('',#9559,#9561);
#9563=EDGE_CURVE('',#9514,#9552,#9562,.T.);
#9564=ORIENTED_EDGE('',*,*,#9563,.F.);
#9565=ORIENTED_EDGE('',*,*,#9519,.F.);
#9566=EDGE_LOOP('',(#9543,#9549,#9550,#9558,#9564,#9565));
#9567=FACE_BOUND('',#9566,.T.);
#9568=ADVANCED_FACE('',(#9567),#9535,.T.);
#9569=CARTESIAN_POINT('',(1.087616119,-0.20066064,4.025));
#9570=DIRECTION('',(0.,0.,-1.));
#9571=DIRECTION('',(-1.,0.,0.));
#9572=AXIS2_PLACEMENT_3D('',#9569,#9570,#9571);
#9573=PLANE('',#9572);
#9574=ORIENTED_EDGE('',*,*,#1562,.F.);
#9575=CARTESIAN_POINT('',(0.603715622,0.96,4.025));
#9576=DIRECTION('',(-1.,0.,0.));
#9577=VECTOR('',#9576,0.108715622);
#9578=LINE('',#9575,#9577);
#9579=EDGE_CURVE('',#9537,#1551,#9578,.T.);
#9580=ORIENTED_EDGE('',*,*,#9579,.F.);
#9581=ORIENTED_EDGE('',*,*,#9542,.F.);
#9582=ORIENTED_EDGE('',*,*,#9511,.F.);
#9583=CARTESIAN_POINT('',(0.625,0.885,4.025));
#9584=DIRECTION('',(0.,0.,1.));
#9585=DIRECTION('',(1.,0.,-0.));
#9586=AXIS2_PLACEMENT_3D('',#9583,#9584,#9585);
#9587=CIRCLE('',#9586,0.05);
#9588=EDGE_CURVE('',#9464,#9497,#9587,.T.);
#9589=ORIENTED_EDGE('',*,*,#9588,.F.);
#9590=ORIENTED_EDGE('',*,*,#9469,.F.);
#9591=ORIENTED_EDGE('',*,*,#9430,.T.);
#9592=CARTESIAN_POINT('',(0.502307555,0.76916508,4.025));
#9593=DIRECTION('',(-0.341650801,-0.939826968,0.));
#9594=VECTOR('',#9593,0.021388959);
#9595=LINE('',#9592,#9594);
#9596=EDGE_CURVE('',#9424,#1517,#9595,.T.);
#9597=ORIENTED_EDGE('',*,*,#9596,.T.);
#9598=EDGE_LOOP('',(#9574,#9580,#9581,#9582,#9589,#9590,#9591,#9597));
#9599=FACE_BOUND('',#9598,.T.);
#9600=ADVANCED_FACE('',(#9599),#9573,.T.);
#9601=CARTESIAN_POINT('',(0.5225,0.98,4.045));
#9602=DIRECTION('',(0.,0.707106781,-0.707106781));
#9603=DIRECTION('',(0.,0.707106781,0.707106781));
#9604=AXIS2_PLACEMENT_3D('',#9601,#9602,#9603);
#9605=PLANE('',#9604);
#9606=ORIENTED_EDGE('',*,*,#9579,.T.);
#9607=ORIENTED_EDGE('',*,*,#1556,.F.);
#9608=CARTESIAN_POINT('',(0.5,1.,4.065));
#9609=DIRECTION('',(-0.513436031,-0.606788036,-0.606788036));
#9610=VECTOR('',#9609,0.009738311);
#9611=LINE('',#9608,#9610);
#9612=EDGE_CURVE('',#9384,#1543,#9611,.T.);
#9613=ORIENTED_EDGE('',*,*,#9612,.F.);
#9614=ORIENTED_EDGE('',*,*,#9389,.F.);
#9615=ORIENTED_EDGE('',*,*,#9548,.T.);
#9616=EDGE_LOOP('',(#9606,#9607,#9613,#9614,#9615));
#9617=FACE_BOUND('',#9616,.T.);
#9618=ADVANCED_FACE('',(#9617),#9605,.T.);
#9619=CARTESIAN_POINT('',(0.39,0.87,4.025));
#9620=DIRECTION('',(-0.763386285,0.645942241,0.));
#9621=DIRECTION('',(0.645942241,0.763386285,0.));
#9622=AXIS2_PLACEMENT_3D('',#9619,#9620,#9621);
#9623=PLANE('',#9622);
#9624=ORIENTED_EDGE('',*,*,#1548,.F.);
#9625=CARTESIAN_POINT('',(0.5,1.,4.105));
#9626=DIRECTION('',(-0.513436031,-0.606788036,0.606788036));
#9627=VECTOR('',#9626,0.009738311);
#9628=LINE('',#9625,#9627);
#9629=EDGE_CURVE('',#9392,#1535,#9628,.T.);
#9630=ORIENTED_EDGE('',*,*,#9629,.F.);
#9631=ORIENTED_EDGE('',*,*,#9397,.F.);
#9632=ORIENTED_EDGE('',*,*,#9612,.T.);
#9633=EDGE_LOOP('',(#9624,#9630,#9631,#9632));
#9634=FACE_BOUND('',#9633,.T.);
#9635=ADVANCED_FACE('',(#9634),#9623,.T.);
#9636=CARTESIAN_POINT('',(0.5225,0.98,4.125));
#9637=DIRECTION('',(-0.,-0.707106781,-0.707106781));
#9638=DIRECTION('',(0.,0.707106781,-0.707106781));
#9639=AXIS2_PLACEMENT_3D('',#9636,#9637,#9638);
#9640=PLANE('',#9639);
#9641=CARTESIAN_POINT('',(0.495,0.96,4.145));
#9642=DIRECTION('',(1.,-0.,0.));
#9643=VECTOR('',#9642,0.108715622);
#9644=LINE('',#9641,#9643);
#9645=EDGE_CURVE('',#1527,#9552,#9644,.T.);
#9646=ORIENTED_EDGE('',*,*,#9645,.T.);
#9647=ORIENTED_EDGE('',*,*,#9557,.T.);
#9648=ORIENTED_EDGE('',*,*,#9405,.T.);
#9649=ORIENTED_EDGE('',*,*,#9629,.T.);
#9650=ORIENTED_EDGE('',*,*,#1540,.T.);
#9651=EDGE_LOOP('',(#9646,#9647,#9648,#9649,#9650));
#9652=FACE_BOUND('',#9651,.T.);
#9653=ADVANCED_FACE('',(#9652),#9640,.F.);
#9654=CARTESIAN_POINT('',(1.335697637,0.215754265,4.145));
#9655=DIRECTION('',(0.,0.,1.));
#9656=DIRECTION('',(1.,0.,0.));
#9657=AXIS2_PLACEMENT_3D('',#9654,#9655,#9656);
#9658=PLANE('',#9657);
#9659=ORIENTED_EDGE('',*,*,#1532,.F.);
#9660=CARTESIAN_POINT('',(0.495,0.74906316,4.145));
#9661=DIRECTION('',(0.341650801,0.939826968,0.));
#9662=VECTOR('',#9661,0.021388959);
#9663=LINE('',#9660,#9662);
#9664=EDGE_CURVE('',#1519,#9441,#9663,.T.);
#9665=ORIENTED_EDGE('',*,*,#9664,.T.);
#9666=ORIENTED_EDGE('',*,*,#9447,.F.);
#9667=ORIENTED_EDGE('',*,*,#9483,.F.);
#9668=CARTESIAN_POINT('',(0.625,0.885,4.145));
#9669=DIRECTION('',(0.,0.,1.));
#9670=DIRECTION('',(1.,0.,-0.));
#9671=AXIS2_PLACEMENT_3D('',#9668,#9669,#9670);
#9672=CIRCLE('',#9671,0.05);
#9673=EDGE_CURVE('',#9472,#9495,#9672,.T.);
#9674=ORIENTED_EDGE('',*,*,#9673,.T.);
#9675=ORIENTED_EDGE('',*,*,#9526,.T.);
#9676=ORIENTED_EDGE('',*,*,#9563,.T.);
#9677=ORIENTED_EDGE('',*,*,#9645,.F.);
#9678=EDGE_LOOP('',(#9659,#9665,#9666,#9667,#9674,#9675,#9676,#9677));
#9679=FACE_BOUND('',#9678,.T.);
#9680=ADVANCED_FACE('',(#9679),#9658,.T.);
#9681=CARTESIAN_POINT('',(0.502307555,0.76916508,4.025));
#9682=DIRECTION('',(0.939826968,-0.341650801,0.));
#9683=DIRECTION('',(-0.341650801,-0.939826968,0.));
#9684=AXIS2_PLACEMENT_3D('',#9681,#9682,#9683);
#9685=PLANE('',#9684);
#9686=ORIENTED_EDGE('',*,*,#1524,.F.);
#9687=ORIENTED_EDGE('',*,*,#9596,.F.);
#9688=ORIENTED_EDGE('',*,*,#9453,.T.);
#9689=ORIENTED_EDGE('',*,*,#9664,.F.);
#9690=EDGE_LOOP('',(#9686,#9687,#9688,#9689));
#9691=FACE_BOUND('',#9690,.T.);
#9692=ADVANCED_FACE('',(#9691),#9685,.T.);
#9693=CARTESIAN_POINT('',(0.625,0.885,4.825));
#9694=DIRECTION('',(0.,0.,1.));
#9695=DIRECTION('',(1.,0.,-0.));
#9696=AXIS2_PLACEMENT_3D('',#9693,#9694,#9695);
#9697=CYLINDRICAL_SURFACE('',#9696,0.05);
#9698=CARTESIAN_POINT('',(0.675,0.885,4.945));
#9699=VERTEX_POINT('',#9698);
#9700=CARTESIAN_POINT('',(0.675,0.885,4.825));
#9701=VERTEX_POINT('',#9700);
#9702=CARTESIAN_POINT('',(0.675,0.885,4.945));
#9703=DIRECTION('',(-0.,-0.,-1.));
#9704=VECTOR('',#9703,0.12);
#9705=LINE('',#9702,#9704);
#9706=EDGE_CURVE('',#9699,#9701,#9705,.T.);
#9707=ORIENTED_EDGE('',*,*,#9706,.T.);
#9708=CARTESIAN_POINT('',(0.653150803,0.926322298,4.825));
#9709=VERTEX_POINT('',#9708);
#9710=CARTESIAN_POINT('',(0.625,0.885,4.825));
#9711=DIRECTION('',(0.,0.,1.));
#9712=DIRECTION('',(1.,0.,-0.));
#9713=AXIS2_PLACEMENT_3D('',#9710,#9711,#9712);
#9714=CIRCLE('',#9713,0.05);
#9715=EDGE_CURVE('',#9701,#9709,#9714,.T.);
#9716=ORIENTED_EDGE('',*,*,#9715,.T.);
#9717=CARTESIAN_POINT('',(0.653150803,0.926322298,4.945));
#9718=VERTEX_POINT('',#9717);
#9719=CARTESIAN_POINT('',(0.653150803,0.926322298,4.825));
#9720=DIRECTION('',(0.,0.,1.));
#9721=VECTOR('',#9720,0.12);
#9722=LINE('',#9719,#9721);
#9723=EDGE_CURVE('',#9709,#9718,#9722,.T.);
#9724=ORIENTED_EDGE('',*,*,#9723,.T.);
#9725=CARTESIAN_POINT('',(0.625,0.885,4.945));
#9726=DIRECTION('',(0.,0.,1.));
#9727=DIRECTION('',(1.,0.,-0.));
#9728=AXIS2_PLACEMENT_3D('',#9725,#9726,#9727);
#9729=CIRCLE('',#9728,0.05);
#9730=EDGE_CURVE('',#9699,#9718,#9729,.T.);
#9731=ORIENTED_EDGE('',*,*,#9730,.F.);
#9732=EDGE_LOOP('',(#9707,#9716,#9724,#9731));
#9733=FACE_BOUND('',#9732,.T.);
#9734=ADVANCED_FACE('',(#9733),#9697,.T.);
#9735=CARTESIAN_POINT('',(0.625,0.835,4.825));
#9736=DIRECTION('',(0.,-1.,0.));
#9737=DIRECTION('',(-1.,0.,0.));
#9738=AXIS2_PLACEMENT_3D('',#9735,#9736,#9737);
#9739=PLANE('',#9738);
#9740=CARTESIAN_POINT('',(0.625,0.835,4.825));
#9741=VERTEX_POINT('',#9740);
#9742=CARTESIAN_POINT('',(0.596290252,0.835,4.825));
#9743=VERTEX_POINT('',#9742);
#9744=CARTESIAN_POINT('',(0.625,0.835,4.825));
#9745=DIRECTION('',(-1.,0.,0.));
#9746=VECTOR('',#9745,0.028709748);
#9747=LINE('',#9744,#9746);
#9748=EDGE_CURVE('',#9741,#9743,#9747,.T.);
#9749=ORIENTED_EDGE('',*,*,#9748,.F.);
#9750=CARTESIAN_POINT('',(0.625,0.835,4.945));
#9751=VERTEX_POINT('',#9750);
#9752=CARTESIAN_POINT('',(0.625,0.835,4.825));
#9753=DIRECTION('',(-0.,-0.,1.));
#9754=VECTOR('',#9753,0.12);
#9755=LINE('',#9752,#9754);
#9756=EDGE_CURVE('',#9741,#9751,#9755,.T.);
#9757=ORIENTED_EDGE('',*,*,#9756,.T.);
#9758=CARTESIAN_POINT('',(0.596290252,0.835,4.945));
#9759=VERTEX_POINT('',#9758);
#9760=CARTESIAN_POINT('',(0.596290252,0.835,4.945));
#9761=DIRECTION('',(1.,0.,-0.));
#9762=VECTOR('',#9761,0.028709748);
#9763=LINE('',#9760,#9762);
#9764=EDGE_CURVE('',#9759,#9751,#9763,.T.);
#9765=ORIENTED_EDGE('',*,*,#9764,.F.);
#9766=CARTESIAN_POINT('',(0.596290252,0.835,4.825));
#9767=DIRECTION('',(0.,0.,1.));
#9768=VECTOR('',#9767,0.12);
#9769=LINE('',#9766,#9768);
#9770=EDGE_CURVE('',#9743,#9759,#9769,.T.);
#9771=ORIENTED_EDGE('',*,*,#9770,.F.);
#9772=EDGE_LOOP('',(#9749,#9757,#9765,#9771));
#9773=FACE_BOUND('',#9772,.T.);
#9774=ADVANCED_FACE('',(#9773),#9739,.T.);
#9775=CARTESIAN_POINT('',(0.596290252,0.735,4.825));
#9776=DIRECTION('',(0.,0.,1.));
#9777=DIRECTION('',(1.,0.,-0.));
#9778=AXIS2_PLACEMENT_3D('',#9775,#9776,#9777);
#9779=CYLINDRICAL_SURFACE('',#9778,0.1);
#9780=CARTESIAN_POINT('',(0.502307555,0.76916508,4.825));
#9781=VERTEX_POINT('',#9780);
#9782=CARTESIAN_POINT('',(0.596290252,0.735,4.825));
#9783=DIRECTION('',(0.,0.,1.));
#9784=DIRECTION('',(1.,0.,-0.));
#9785=AXIS2_PLACEMENT_3D('',#9782,#9783,#9784);
#9786=CIRCLE('',#9785,0.1);
#9787=EDGE_CURVE('',#9743,#9781,#9786,.T.);
#9788=ORIENTED_EDGE('',*,*,#9787,.F.);
#9789=ORIENTED_EDGE('',*,*,#9770,.T.);
#9790=CARTESIAN_POINT('',(0.502307555,0.76916508,4.945));
#9791=VERTEX_POINT('',#9790);
#9792=CARTESIAN_POINT('',(0.596290252,0.735,4.945));
#9793=DIRECTION('',(0.,0.,1.));
#9794=DIRECTION('',(1.,0.,-0.));
#9795=AXIS2_PLACEMENT_3D('',#9792,#9793,#9794);
#9796=CIRCLE('',#9795,0.1);
#9797=EDGE_CURVE('',#9759,#9791,#9796,.T.);
#9798=ORIENTED_EDGE('',*,*,#9797,.T.);
#9799=CARTESIAN_POINT('',(0.502307555,0.76916508,4.825));
#9800=DIRECTION('',(-0.,-0.,1.));
#9801=VECTOR('',#9800,0.12);
#9802=LINE('',#9799,#9801);
#9803=EDGE_CURVE('',#9781,#9791,#9802,.T.);
#9804=ORIENTED_EDGE('',*,*,#9803,.F.);
#9805=EDGE_LOOP('',(#9788,#9789,#9798,#9804));
#9806=FACE_BOUND('',#9805,.T.);
#9807=ADVANCED_FACE('',(#9806),#9779,.F.);
#9808=CARTESIAN_POINT('',(0.5,1.,4.825));
#9809=DIRECTION('',(0.,1.,0.));
#9810=DIRECTION('',(1.,0.,0.));
#9811=AXIS2_PLACEMENT_3D('',#9808,#9809,#9810);
#9812=PLANE('',#9811);
#9813=CARTESIAN_POINT('',(0.545,1.,4.865));
#9814=VERTEX_POINT('',#9813);
#9815=CARTESIAN_POINT('',(0.5,1.,4.865));
#9816=VERTEX_POINT('',#9815);
#9817=CARTESIAN_POINT('',(0.545,1.,4.865));
#9818=DIRECTION('',(-1.,-0.,0.));
#9819=VECTOR('',#9818,0.045);
#9820=LINE('',#9817,#9819);
#9821=EDGE_CURVE('',#9814,#9816,#9820,.T.);
#9822=ORIENTED_EDGE('',*,*,#9821,.T.);
#9823=CARTESIAN_POINT('',(0.5,1.,4.905));
#9824=VERTEX_POINT('',#9823);
#9825=CARTESIAN_POINT('',(0.5,1.,4.905));
#9826=DIRECTION('',(0.,0.,-1.));
#9827=VECTOR('',#9826,0.04);
#9828=LINE('',#9825,#9827);
#9829=EDGE_CURVE('',#9824,#9816,#9828,.T.);
#9830=ORIENTED_EDGE('',*,*,#9829,.F.);
#9831=CARTESIAN_POINT('',(0.545,1.,4.905));
#9832=VERTEX_POINT('',#9831);
#9833=CARTESIAN_POINT('',(0.545,1.,4.905));
#9834=DIRECTION('',(-1.,0.,-0.));
#9835=VECTOR('',#9834,0.045);
#9836=LINE('',#9833,#9835);
#9837=EDGE_CURVE('',#9832,#9824,#9836,.T.);
#9838=ORIENTED_EDGE('',*,*,#9837,.F.);
#9839=CARTESIAN_POINT('',(0.545,1.,4.905));
#9840=DIRECTION('',(0.,0.,-1.));
#9841=VECTOR('',#9840,0.04);
#9842=LINE('',#9839,#9841);
#9843=EDGE_CURVE('',#9832,#9814,#9842,.T.);
#9844=ORIENTED_EDGE('',*,*,#9843,.T.);
#9845=EDGE_LOOP('',(#9822,#9830,#9838,#9844));
#9846=FACE_BOUND('',#9845,.T.);
#9847=ADVANCED_FACE('',(#9846),#9812,.T.);
#9848=CARTESIAN_POINT('',(0.545,1.,4.825));
#9849=DIRECTION('',(0.56301606,0.826445955,0.));
#9850=DIRECTION('',(0.826445955,-0.56301606,0.));
#9851=AXIS2_PLACEMENT_3D('',#9848,#9849,#9850);
#9852=PLANE('',#9851);
#9853=CARTESIAN_POINT('',(0.603715622,0.96,4.825));
#9854=VERTEX_POINT('',#9853);
#9855=CARTESIAN_POINT('',(0.653150803,0.926322298,4.825));
#9856=DIRECTION('',(-0.826445955,0.56301606,-0.));
#9857=VECTOR('',#9856,0.059816593);
#9858=LINE('',#9855,#9857);
#9859=EDGE_CURVE('',#9709,#9854,#9858,.T.);
#9860=ORIENTED_EDGE('',*,*,#9859,.T.);
#9861=CARTESIAN_POINT('',(0.603715622,0.96,4.825));
#9862=DIRECTION('',(-0.720151219,0.490602803,0.490602803));
#9863=VECTOR('',#9862,0.081532351);
#9864=LINE('',#9861,#9863);
#9865=EDGE_CURVE('',#9854,#9814,#9864,.T.);
#9866=ORIENTED_EDGE('',*,*,#9865,.T.);
#9867=ORIENTED_EDGE('',*,*,#9843,.F.);
#9868=CARTESIAN_POINT('',(0.603715622,0.96,4.945));
#9869=VERTEX_POINT('',#9868);
#9870=CARTESIAN_POINT('',(0.603715622,0.96,4.945));
#9871=DIRECTION('',(-0.720151219,0.490602803,-0.490602803));
#9872=VECTOR('',#9871,0.081532351);
#9873=LINE('',#9870,#9872);
#9874=EDGE_CURVE('',#9869,#9832,#9873,.T.);
#9875=ORIENTED_EDGE('',*,*,#9874,.F.);
#9876=CARTESIAN_POINT('',(0.653150803,0.926322298,4.945));
#9877=DIRECTION('',(-0.826445955,0.56301606,0.));
#9878=VECTOR('',#9877,0.059816593);
#9879=LINE('',#9876,#9878);
#9880=EDGE_CURVE('',#9718,#9869,#9879,.T.);
#9881=ORIENTED_EDGE('',*,*,#9880,.F.);
#9882=ORIENTED_EDGE('',*,*,#9723,.F.);
#9883=EDGE_LOOP('',(#9860,#9866,#9867,#9875,#9881,#9882));
#9884=FACE_BOUND('',#9883,.T.);
#9885=ADVANCED_FACE('',(#9884),#9852,.T.);
#9886=CARTESIAN_POINT('',(0.5225,0.98,4.925));
#9887=DIRECTION('',(-0.,-0.707106781,-0.707106781));
#9888=DIRECTION('',(0.,0.707106781,-0.707106781));
#9889=AXIS2_PLACEMENT_3D('',#9886,#9887,#9888);
#9890=PLANE('',#9889);
#9891=CARTESIAN_POINT('',(0.495,0.96,4.945));
#9892=DIRECTION('',(1.,-0.,0.));
#9893=VECTOR('',#9892,0.108715622);
#9894=LINE('',#9891,#9893);
#9895=EDGE_CURVE('',#1651,#9869,#9894,.T.);
#9896=ORIENTED_EDGE('',*,*,#9895,.T.);
#9897=ORIENTED_EDGE('',*,*,#9874,.T.);
#9898=ORIENTED_EDGE('',*,*,#9837,.T.);
#9899=CARTESIAN_POINT('',(0.5,1.,4.905));
#9900=DIRECTION('',(-0.513436031,-0.606788036,0.606788036));
#9901=VECTOR('',#9900,0.009738311);
#9902=LINE('',#9899,#9901);
#9903=EDGE_CURVE('',#9824,#1619,#9902,.T.);
#9904=ORIENTED_EDGE('',*,*,#9903,.T.);
#9905=ORIENTED_EDGE('',*,*,#1662,.F.);
#9906=EDGE_LOOP('',(#9896,#9897,#9898,#9904,#9905));
#9907=FACE_BOUND('',#9906,.T.);
#9908=ADVANCED_FACE('',(#9907),#9890,.F.);
#9909=CARTESIAN_POINT('',(1.335697637,0.215754265,4.945));
#9910=DIRECTION('',(0.,0.,1.));
#9911=DIRECTION('',(1.,0.,0.));
#9912=AXIS2_PLACEMENT_3D('',#9909,#9910,#9911);
#9913=PLANE('',#9912);
#9914=ORIENTED_EDGE('',*,*,#1656,.T.);
#9915=CARTESIAN_POINT('',(0.495,0.74906316,4.945));
#9916=DIRECTION('',(0.341650801,0.939826968,0.));
#9917=VECTOR('',#9916,0.021388959);
#9918=LINE('',#9915,#9917);
#9919=EDGE_CURVE('',#1643,#9791,#9918,.T.);
#9920=ORIENTED_EDGE('',*,*,#9919,.T.);
#9921=ORIENTED_EDGE('',*,*,#9797,.F.);
#9922=ORIENTED_EDGE('',*,*,#9764,.T.);
#9923=CARTESIAN_POINT('',(0.625,0.885,4.945));
#9924=DIRECTION('',(0.,0.,1.));
#9925=DIRECTION('',(1.,0.,-0.));
#9926=AXIS2_PLACEMENT_3D('',#9923,#9924,#9925);
#9927=CIRCLE('',#9926,0.05);
#9928=EDGE_CURVE('',#9751,#9699,#9927,.T.);
#9929=ORIENTED_EDGE('',*,*,#9928,.T.);
#9930=ORIENTED_EDGE('',*,*,#9730,.T.);
#9931=ORIENTED_EDGE('',*,*,#9880,.T.);
#9932=ORIENTED_EDGE('',*,*,#9895,.F.);
#9933=EDGE_LOOP('',(#9914,#9920,#9921,#9922,#9929,#9930,#9931,#9932));
#9934=FACE_BOUND('',#9933,.T.);
#9935=ADVANCED_FACE('',(#9934),#9913,.T.);
#9936=CARTESIAN_POINT('',(0.502307555,0.76916508,4.825));
#9937=DIRECTION('',(0.939826968,-0.341650801,0.));
#9938=DIRECTION('',(-0.341650801,-0.939826968,0.));
#9939=AXIS2_PLACEMENT_3D('',#9936,#9937,#9938);
#9940=PLANE('',#9939);
#9941=ORIENTED_EDGE('',*,*,#1648,.T.);
#9942=CARTESIAN_POINT('',(0.502307555,0.76916508,4.825));
#9943=DIRECTION('',(-0.341650801,-0.939826968,0.));
#9944=VECTOR('',#9943,0.021388959);
#9945=LINE('',#9942,#9944);
#9946=EDGE_CURVE('',#9781,#1635,#9945,.T.);
#9947=ORIENTED_EDGE('',*,*,#9946,.F.);
#9948=ORIENTED_EDGE('',*,*,#9803,.T.);
#9949=ORIENTED_EDGE('',*,*,#9919,.F.);
#9950=EDGE_LOOP('',(#9941,#9947,#9948,#9949));
#9951=FACE_BOUND('',#9950,.T.);
#9952=ADVANCED_FACE('',(#9951),#9940,.T.);
#9953=CARTESIAN_POINT('',(1.087616119,-0.20066064,4.825));
#9954=DIRECTION('',(0.,0.,-1.));
#9955=DIRECTION('',(-1.,0.,0.));
#9956=AXIS2_PLACEMENT_3D('',#9953,#9954,#9955);
#9957=PLANE('',#9956);
#9958=ORIENTED_EDGE('',*,*,#1640,.T.);
#9959=CARTESIAN_POINT('',(0.603715622,0.96,4.825));
#9960=DIRECTION('',(-1.,0.,0.));
#9961=VECTOR('',#9960,0.108715622);
#9962=LINE('',#9959,#9961);
#9963=EDGE_CURVE('',#9854,#1627,#9962,.T.);
#9964=ORIENTED_EDGE('',*,*,#9963,.F.);
#9965=ORIENTED_EDGE('',*,*,#9859,.F.);
#9966=ORIENTED_EDGE('',*,*,#9715,.F.);
#9967=CARTESIAN_POINT('',(0.625,0.885,4.825));
#9968=DIRECTION('',(0.,0.,1.));
#9969=DIRECTION('',(1.,0.,-0.));
#9970=AXIS2_PLACEMENT_3D('',#9967,#9968,#9969);
#9971=CIRCLE('',#9970,0.05);
#9972=EDGE_CURVE('',#9741,#9701,#9971,.T.);
#9973=ORIENTED_EDGE('',*,*,#9972,.F.);
#9974=ORIENTED_EDGE('',*,*,#9748,.T.);
#9975=ORIENTED_EDGE('',*,*,#9787,.T.);
#9976=ORIENTED_EDGE('',*,*,#9946,.T.);
#9977=EDGE_LOOP('',(#9958,#9964,#9965,#9966,#9973,#9974,#9975,#9976));
#9978=FACE_BOUND('',#9977,.T.);
#9979=ADVANCED_FACE('',(#9978),#9957,.T.);
#9980=CARTESIAN_POINT('',(0.5225,0.98,4.845));
#9981=DIRECTION('',(0.,0.707106781,-0.707106781));
#9982=DIRECTION('',(0.,0.707106781,0.707106781));
#9983=AXIS2_PLACEMENT_3D('',#9980,#9981,#9982);
#9984=PLANE('',#9983);
#9985=ORIENTED_EDGE('',*,*,#9963,.T.);
#9986=ORIENTED_EDGE('',*,*,#1632,.T.);
#9987=CARTESIAN_POINT('',(0.5,1.,4.865));
#9988=DIRECTION('',(-0.513436031,-0.606788036,-0.606788036));
#9989=VECTOR('',#9988,0.009738311);
#9990=LINE('',#9987,#9989);
#9991=EDGE_CURVE('',#9816,#1617,#9990,.T.);
#9992=ORIENTED_EDGE('',*,*,#9991,.F.);
#9993=ORIENTED_EDGE('',*,*,#9821,.F.);
#9994=ORIENTED_EDGE('',*,*,#9865,.F.);
#9995=EDGE_LOOP('',(#9985,#9986,#9992,#9993,#9994));
#9996=FACE_BOUND('',#9995,.T.);
#9997=ADVANCED_FACE('',(#9996),#9984,.T.);
#9998=CARTESIAN_POINT('',(0.39,0.87,4.825));
#9999=DIRECTION('',(-0.763386285,0.645942241,0.));
#10000=DIRECTION('',(0.645942241,0.763386285,0.));
#10001=AXIS2_PLACEMENT_3D('',#9998,#9999,#10000);
#10002=PLANE('',#10001);
#10003=ORIENTED_EDGE('',*,*,#1624,.T.);
#10004=ORIENTED_EDGE('',*,*,#9903,.F.);
#10005=ORIENTED_EDGE('',*,*,#9829,.T.);
#10006=ORIENTED_EDGE('',*,*,#9991,.T.);
#10007=EDGE_LOOP('',(#10003,#10004,#10005,#10006));
#10008=FACE_BOUND('',#10007,.T.);
#10009=ADVANCED_FACE('',(#10008),#10002,.T.);
#10010=CARTESIAN_POINT('',(-0.5,1.,4.545));
#10011=DIRECTION('',(-0.,1.,0.));
#10012=DIRECTION('',(-1.,-0.,0.));
#10013=AXIS2_PLACEMENT_3D('',#10010,#10011,#10012);
#10014=PLANE('',#10013);
#10015=CARTESIAN_POINT('',(-0.5,1.,4.505));
#10016=VERTEX_POINT('',#10015);
#10017=CARTESIAN_POINT('',(-0.545,1.,4.505));
#10018=VERTEX_POINT('',#10017);
#10019=CARTESIAN_POINT('',(-0.5,1.,4.505));
#10020=DIRECTION('',(-1.,-0.,-0.));
#10021=VECTOR('',#10020,0.045);
#10022=LINE('',#10019,#10021);
#10023=EDGE_CURVE('',#10016,#10018,#10022,.T.);
#10024=ORIENTED_EDGE('',*,*,#10023,.F.);
#10025=CARTESIAN_POINT('',(-0.5,1.,4.465));
#10026=VERTEX_POINT('',#10025);
#10027=CARTESIAN_POINT('',(-0.5,1.,4.505));
#10028=DIRECTION('',(-0.,-0.,-1.));
#10029=VECTOR('',#10028,0.04);
#10030=LINE('',#10027,#10029);
#10031=EDGE_CURVE('',#10016,#10026,#10030,.T.);
#10032=ORIENTED_EDGE('',*,*,#10031,.T.);
#10033=CARTESIAN_POINT('',(-0.545,1.,4.465));
#10034=VERTEX_POINT('',#10033);
#10035=CARTESIAN_POINT('',(-0.5,1.,4.465));
#10036=DIRECTION('',(-1.,-0.,0.));
#10037=VECTOR('',#10036,0.045);
#10038=LINE('',#10035,#10037);
#10039=EDGE_CURVE('',#10026,#10034,#10038,.T.);
#10040=ORIENTED_EDGE('',*,*,#10039,.T.);
#10041=CARTESIAN_POINT('',(-0.545,1.,4.505));
#10042=DIRECTION('',(-0.,-0.,-1.));
#10043=VECTOR('',#10042,0.04);
#10044=LINE('',#10041,#10043);
#10045=EDGE_CURVE('',#10018,#10034,#10044,.T.);
#10046=ORIENTED_EDGE('',*,*,#10045,.F.);
#10047=EDGE_LOOP('',(#10024,#10032,#10040,#10046));
#10048=FACE_BOUND('',#10047,.T.);
#10049=ADVANCED_FACE('',(#10048),#10014,.T.);
#10050=CARTESIAN_POINT('',(-0.625,0.835,4.545));
#10051=DIRECTION('',(0.,-1.,0.));
#10052=DIRECTION('',(1.,0.,0.));
#10053=AXIS2_PLACEMENT_3D('',#10050,#10051,#10052);
#10054=PLANE('',#10053);
#10055=CARTESIAN_POINT('',(-0.625,0.835,4.545));
#10056=VERTEX_POINT('',#10055);
#10057=CARTESIAN_POINT('',(-0.596290252,0.835,4.545));
#10058=VERTEX_POINT('',#10057);
#10059=CARTESIAN_POINT('',(-0.625,0.835,4.545));
#10060=DIRECTION('',(1.,0.,0.));
#10061=VECTOR('',#10060,0.028709748);
#10062=LINE('',#10059,#10061);
#10063=EDGE_CURVE('',#10056,#10058,#10062,.T.);
#10064=ORIENTED_EDGE('',*,*,#10063,.F.);
#10065=CARTESIAN_POINT('',(-0.625,0.835,4.425));
#10066=VERTEX_POINT('',#10065);
#10067=CARTESIAN_POINT('',(-0.625,0.835,4.545));
#10068=DIRECTION('',(-0.,-0.,-1.));
#10069=VECTOR('',#10068,0.12);
#10070=LINE('',#10067,#10069);
#10071=EDGE_CURVE('',#10056,#10066,#10070,.T.);
#10072=ORIENTED_EDGE('',*,*,#10071,.T.);
#10073=CARTESIAN_POINT('',(-0.596290252,0.835,4.425));
#10074=VERTEX_POINT('',#10073);
#10075=CARTESIAN_POINT('',(-0.596290252,0.835,4.425));
#10076=DIRECTION('',(-1.,-0.,0.));
#10077=VECTOR('',#10076,0.028709748);
#10078=LINE('',#10075,#10077);
#10079=EDGE_CURVE('',#10074,#10066,#10078,.T.);
#10080=ORIENTED_EDGE('',*,*,#10079,.F.);
#10081=CARTESIAN_POINT('',(-0.596290252,0.835,4.545));
#10082=DIRECTION('',(0.,0.,-1.));
#10083=VECTOR('',#10082,0.12);
#10084=LINE('',#10081,#10083);
#10085=EDGE_CURVE('',#10058,#10074,#10084,.T.);
#10086=ORIENTED_EDGE('',*,*,#10085,.F.);
#10087=EDGE_LOOP('',(#10064,#10072,#10080,#10086));
#10088=FACE_BOUND('',#10087,.T.);
#10089=ADVANCED_FACE('',(#10088),#10054,.T.);
#10090=CARTESIAN_POINT('',(-0.625,0.885,4.545));
#10091=DIRECTION('',(-0.,0.,-1.));
#10092=DIRECTION('',(-1.,-0.,0.));
#10093=AXIS2_PLACEMENT_3D('',#10090,#10091,#10092);
#10094=CYLINDRICAL_SURFACE('',#10093,0.05);
#10095=CARTESIAN_POINT('',(-0.675,0.885,4.425));
#10096=VERTEX_POINT('',#10095);
#10097=CARTESIAN_POINT('',(-0.675,0.885,4.545));
#10098=VERTEX_POINT('',#10097);
#10099=CARTESIAN_POINT('',(-0.675,0.885,4.425));
#10100=DIRECTION('',(-0.,-0.,1.));
#10101=VECTOR('',#10100,0.12);
#10102=LINE('',#10099,#10101);
#10103=EDGE_CURVE('',#10096,#10098,#10102,.T.);
#10104=ORIENTED_EDGE('',*,*,#10103,.T.);
#10105=CARTESIAN_POINT('',(-0.653150803,0.926322298,4.545));
#10106=VERTEX_POINT('',#10105);
#10107=CARTESIAN_POINT('',(-0.625,0.885,4.545));
#10108=DIRECTION('',(0.,0.,-1.));
#10109=DIRECTION('',(-1.,0.,0.));
#10110=AXIS2_PLACEMENT_3D('',#10107,#10108,#10109);
#10111=CIRCLE('',#10110,0.05);
#10112=EDGE_CURVE('',#10098,#10106,#10111,.T.);
#10113=ORIENTED_EDGE('',*,*,#10112,.T.);
#10114=CARTESIAN_POINT('',(-0.653150803,0.926322298,4.425));
#10115=VERTEX_POINT('',#10114);
#10116=CARTESIAN_POINT('',(-0.653150803,0.926322298,4.545));
#10117=DIRECTION('',(0.,0.,-1.));
#10118=VECTOR('',#10117,0.12);
#10119=LINE('',#10116,#10118);
#10120=EDGE_CURVE('',#10106,#10115,#10119,.T.);
#10121=ORIENTED_EDGE('',*,*,#10120,.T.);
#10122=CARTESIAN_POINT('',(-0.625,0.885,4.425));
#10123=DIRECTION('',(0.,0.,-1.));
#10124=DIRECTION('',(-1.,0.,0.));
#10125=AXIS2_PLACEMENT_3D('',#10122,#10123,#10124);
#10126=CIRCLE('',#10125,0.05);
#10127=EDGE_CURVE('',#10096,#10115,#10126,.T.);
#10128=ORIENTED_EDGE('',*,*,#10127,.F.);
#10129=EDGE_LOOP('',(#10104,#10113,#10121,#10128));
#10130=FACE_BOUND('',#10129,.T.);
#10131=ADVANCED_FACE('',(#10130),#10094,.T.);
#10132=CARTESIAN_POINT('',(-0.545,1.,4.545));
#10133=DIRECTION('',(-0.56301606,0.826445955,0.));
#10134=DIRECTION('',(-0.826445955,-0.56301606,0.));
#10135=AXIS2_PLACEMENT_3D('',#10132,#10133,#10134);
#10136=PLANE('',#10135);
#10137=CARTESIAN_POINT('',(-0.603715622,0.96,4.545));
#10138=VERTEX_POINT('',#10137);
#10139=CARTESIAN_POINT('',(-0.603715622,0.96,4.545));
#10140=DIRECTION('',(-0.826445955,-0.56301606,0.));
#10141=VECTOR('',#10140,0.059816593);
#10142=LINE('',#10139,#10141);
#10143=EDGE_CURVE('',#10138,#10106,#10142,.T.);
#10144=ORIENTED_EDGE('',*,*,#10143,.F.);
#10145=CARTESIAN_POINT('',(-0.545,1.,4.505));
#10146=DIRECTION('',(-0.720151219,-0.490602803,0.490602803));
#10147=VECTOR('',#10146,0.081532351);
#10148=LINE('',#10145,#10147);
#10149=EDGE_CURVE('',#10018,#10138,#10148,.T.);
#10150=ORIENTED_EDGE('',*,*,#10149,.F.);
#10151=ORIENTED_EDGE('',*,*,#10045,.T.);
#10152=CARTESIAN_POINT('',(-0.603715622,0.96,4.425));
#10153=VERTEX_POINT('',#10152);
#10154=CARTESIAN_POINT('',(-0.545,1.,4.465));
#10155=DIRECTION('',(-0.720151219,-0.490602803,-0.490602803));
#10156=VECTOR('',#10155,0.081532351);
#10157=LINE('',#10154,#10156);
#10158=EDGE_CURVE('',#10034,#10153,#10157,.T.);
#10159=ORIENTED_EDGE('',*,*,#10158,.T.);
#10160=CARTESIAN_POINT('',(-0.653150803,0.926322298,4.425));
#10161=DIRECTION('',(0.826445955,0.56301606,0.));
#10162=VECTOR('',#10161,0.059816593);
#10163=LINE('',#10160,#10162);
#10164=EDGE_CURVE('',#10115,#10153,#10163,.T.);
#10165=ORIENTED_EDGE('',*,*,#10164,.F.);
#10166=ORIENTED_EDGE('',*,*,#10120,.F.);
#10167=EDGE_LOOP('',(#10144,#10150,#10151,#10159,#10165,#10166));
#10168=FACE_BOUND('',#10167,.T.);
#10169=ADVANCED_FACE('',(#10168),#10136,.T.);
#10170=CARTESIAN_POINT('',(-0.596290252,0.735,4.545));
#10171=DIRECTION('',(-0.,0.,-1.));
#10172=DIRECTION('',(-1.,-0.,0.));
#10173=AXIS2_PLACEMENT_3D('',#10170,#10171,#10172);
#10174=CYLINDRICAL_SURFACE('',#10173,0.1);
#10175=CARTESIAN_POINT('',(-0.502307555,0.76916508,4.545));
#10176=VERTEX_POINT('',#10175);
#10177=CARTESIAN_POINT('',(-0.596290252,0.735,4.545));
#10178=DIRECTION('',(0.,0.,-1.));
#10179=DIRECTION('',(-1.,0.,0.));
#10180=AXIS2_PLACEMENT_3D('',#10177,#10178,#10179);
#10181=CIRCLE('',#10180,0.1);
#10182=EDGE_CURVE('',#10058,#10176,#10181,.T.);
#10183=ORIENTED_EDGE('',*,*,#10182,.F.);
#10184=ORIENTED_EDGE('',*,*,#10085,.T.);
#10185=CARTESIAN_POINT('',(-0.502307555,0.76916508,4.425));
#10186=VERTEX_POINT('',#10185);
#10187=CARTESIAN_POINT('',(-0.596290252,0.735,4.425));
#10188=DIRECTION('',(0.,0.,-1.));
#10189=DIRECTION('',(-1.,0.,0.));
#10190=AXIS2_PLACEMENT_3D('',#10187,#10188,#10189);
#10191=CIRCLE('',#10190,0.1);
#10192=EDGE_CURVE('',#10074,#10186,#10191,.T.);
#10193=ORIENTED_EDGE('',*,*,#10192,.T.);
#10194=CARTESIAN_POINT('',(-0.502307555,0.76916508,4.545));
#10195=DIRECTION('',(-0.,-0.,-1.));
#10196=VECTOR('',#10195,0.12);
#10197=LINE('',#10194,#10196);
#10198=EDGE_CURVE('',#10176,#10186,#10197,.T.);
#10199=ORIENTED_EDGE('',*,*,#10198,.F.);
#10200=EDGE_LOOP('',(#10183,#10184,#10193,#10199));
#10201=FACE_BOUND('',#10200,.T.);
#10202=ADVANCED_FACE('',(#10201),#10174,.F.);
#10203=CARTESIAN_POINT('',(-0.502307555,0.76916508,4.545));
#10204=DIRECTION('',(-0.939826968,-0.341650801,0.));
#10205=DIRECTION('',(0.341650801,-0.939826968,0.));
#10206=AXIS2_PLACEMENT_3D('',#10203,#10204,#10205);
#10207=PLANE('',#10206);
#10208=ORIENTED_EDGE('',*,*,#2052,.T.);
#10209=CARTESIAN_POINT('',(-0.502307555,0.76916508,4.545));
#10210=DIRECTION('',(0.341650801,-0.939826968,0.));
#10211=VECTOR('',#10210,0.021388959);
#10212=LINE('',#10209,#10211);
#10213=EDGE_CURVE('',#10176,#2041,#10212,.T.);
#10214=ORIENTED_EDGE('',*,*,#10213,.F.);
#10215=ORIENTED_EDGE('',*,*,#10198,.T.);
#10216=CARTESIAN_POINT('',(-0.495,0.74906316,4.425));
#10217=DIRECTION('',(-0.341650801,0.939826968,0.));
#10218=VECTOR('',#10217,0.021388959);
#10219=LINE('',#10216,#10218);
#10220=EDGE_CURVE('',#2009,#10186,#10219,.T.);
#10221=ORIENTED_EDGE('',*,*,#10220,.F.);
#10222=EDGE_LOOP('',(#10208,#10214,#10215,#10221));
#10223=FACE_BOUND('',#10222,.T.);
#10224=ADVANCED_FACE('',(#10223),#10207,.T.);
#10225=CARTESIAN_POINT('',(-1.087616119,-0.20066064,4.545));
#10226=DIRECTION('',(0.,0.,1.));
#10227=DIRECTION('',(1.,0.,0.));
#10228=AXIS2_PLACEMENT_3D('',#10225,#10226,#10227);
#10229=PLANE('',#10228);
#10230=ORIENTED_EDGE('',*,*,#2046,.T.);
#10231=CARTESIAN_POINT('',(-0.495,0.96,4.545));
#10232=DIRECTION('',(-1.,-0.,-0.));
#10233=VECTOR('',#10232,0.108715622);
#10234=LINE('',#10231,#10233);
#10235=EDGE_CURVE('',#2033,#10138,#10234,.T.);
#10236=ORIENTED_EDGE('',*,*,#10235,.T.);
#10237=ORIENTED_EDGE('',*,*,#10143,.T.);
#10238=ORIENTED_EDGE('',*,*,#10112,.F.);
#10239=CARTESIAN_POINT('',(-0.625,0.885,4.545));
#10240=DIRECTION('',(0.,0.,-1.));
#10241=DIRECTION('',(-1.,0.,0.));
#10242=AXIS2_PLACEMENT_3D('',#10239,#10240,#10241);
#10243=CIRCLE('',#10242,0.05);
#10244=EDGE_CURVE('',#10056,#10098,#10243,.T.);
#10245=ORIENTED_EDGE('',*,*,#10244,.F.);
#10246=ORIENTED_EDGE('',*,*,#10063,.T.);
#10247=ORIENTED_EDGE('',*,*,#10182,.T.);
#10248=ORIENTED_EDGE('',*,*,#10213,.T.);
#10249=EDGE_LOOP('',(#10230,#10236,#10237,#10238,#10245,#10246,#10247,#10248));
#10250=FACE_BOUND('',#10249,.T.);
#10251=ADVANCED_FACE('',(#10250),#10229,.T.);
#10252=CARTESIAN_POINT('',(-0.5225,0.98,4.525));
#10253=DIRECTION('',(-0.,0.707106781,0.707106781));
#10254=DIRECTION('',(-0.,0.707106781,-0.707106781));
#10255=AXIS2_PLACEMENT_3D('',#10252,#10253,#10254);
#10256=PLANE('',#10255);
#10257=ORIENTED_EDGE('',*,*,#10235,.F.);
#10258=ORIENTED_EDGE('',*,*,#2038,.T.);
#10259=CARTESIAN_POINT('',(-0.495,0.994090909,4.510909091));
#10260=DIRECTION('',(-0.513436031,0.606788036,-0.606788036));
#10261=VECTOR('',#10260,0.009738311);
#10262=LINE('',#10259,#10261);
#10263=EDGE_CURVE('',#2025,#10016,#10262,.T.);
#10264=ORIENTED_EDGE('',*,*,#10263,.T.);
#10265=ORIENTED_EDGE('',*,*,#10023,.T.);
#10266=ORIENTED_EDGE('',*,*,#10149,.T.);
#10267=EDGE_LOOP('',(#10257,#10258,#10264,#10265,#10266));
#10268=FACE_BOUND('',#10267,.T.);
#10269=ADVANCED_FACE('',(#10268),#10256,.T.);
#10270=CARTESIAN_POINT('',(-0.39,0.87,4.545));
#10271=DIRECTION('',(0.763386285,0.645942241,0.));
#10272=DIRECTION('',(-0.645942241,0.763386285,0.));
#10273=AXIS2_PLACEMENT_3D('',#10270,#10271,#10272);
#10274=PLANE('',#10273);
#10275=ORIENTED_EDGE('',*,*,#2030,.T.);
#10276=CARTESIAN_POINT('',(-0.495,0.994090909,4.459090909));
#10277=DIRECTION('',(-0.513436031,0.606788036,0.606788036));
#10278=VECTOR('',#10277,0.009738311);
#10279=LINE('',#10276,#10278);
#10280=EDGE_CURVE('',#2017,#10026,#10279,.T.);
#10281=ORIENTED_EDGE('',*,*,#10280,.T.);
#10282=ORIENTED_EDGE('',*,*,#10031,.F.);
#10283=ORIENTED_EDGE('',*,*,#10263,.F.);
#10284=EDGE_LOOP('',(#10275,#10281,#10282,#10283));
#10285=FACE_BOUND('',#10284,.T.);
#10286=ADVANCED_FACE('',(#10285),#10274,.T.);
#10287=CARTESIAN_POINT('',(-0.5225,0.98,4.445));
#10288=DIRECTION('',(0.,-0.707106781,0.707106781));
#10289=DIRECTION('',(-0.,0.707106781,0.707106781));
#10290=AXIS2_PLACEMENT_3D('',#10287,#10288,#10289);
#10291=PLANE('',#10290);
#10292=CARTESIAN_POINT('',(-0.495,0.96,4.425));
#10293=DIRECTION('',(-1.,-0.,0.));
#10294=VECTOR('',#10293,0.108715622);
#10295=LINE('',#10292,#10294);
#10296=EDGE_CURVE('',#2007,#10153,#10295,.T.);
#10297=ORIENTED_EDGE('',*,*,#10296,.T.);
#10298=ORIENTED_EDGE('',*,*,#10158,.F.);
#10299=ORIENTED_EDGE('',*,*,#10039,.F.);
#10300=ORIENTED_EDGE('',*,*,#10280,.F.);
#10301=ORIENTED_EDGE('',*,*,#2022,.F.);
#10302=EDGE_LOOP('',(#10297,#10298,#10299,#10300,#10301));
#10303=FACE_BOUND('',#10302,.T.);
#10304=ADVANCED_FACE('',(#10303),#10291,.F.);
#10305=CARTESIAN_POINT('',(-1.335697637,0.215754265,4.425));
#10306=DIRECTION('',(0.,0.,-1.));
#10307=DIRECTION('',(-1.,-0.,0.));
#10308=AXIS2_PLACEMENT_3D('',#10305,#10306,#10307);
#10309=PLANE('',#10308);
#10310=ORIENTED_EDGE('',*,*,#2014,.T.);
#10311=ORIENTED_EDGE('',*,*,#10220,.T.);
#10312=ORIENTED_EDGE('',*,*,#10192,.F.);
#10313=ORIENTED_EDGE('',*,*,#10079,.T.);
#10314=CARTESIAN_POINT('',(-0.625,0.885,4.425));
#10315=DIRECTION('',(0.,0.,-1.));
#10316=DIRECTION('',(-1.,0.,0.));
#10317=AXIS2_PLACEMENT_3D('',#10314,#10315,#10316);
#10318=CIRCLE('',#10317,0.05);
#10319=EDGE_CURVE('',#10066,#10096,#10318,.T.);
#10320=ORIENTED_EDGE('',*,*,#10319,.T.);
#10321=ORIENTED_EDGE('',*,*,#10127,.T.);
#10322=ORIENTED_EDGE('',*,*,#10164,.T.);
#10323=ORIENTED_EDGE('',*,*,#10296,.F.);
#10324=EDGE_LOOP('',(#10310,#10311,#10312,#10313,#10320,#10321,#10322,#10323));
#10325=FACE_BOUND('',#10324,.T.);
#10326=ADVANCED_FACE('',(#10325),#10309,.T.);
#10327=CARTESIAN_POINT('',(-0.625,0.885,5.745));
#10328=DIRECTION('',(-0.,0.,-1.));
#10329=DIRECTION('',(-1.,-0.,0.));
#10330=AXIS2_PLACEMENT_3D('',#10327,#10328,#10329);
#10331=CYLINDRICAL_SURFACE('',#10330,0.05);
#10332=CARTESIAN_POINT('',(-0.675,0.885,5.625));
#10333=VERTEX_POINT('',#10332);
#10334=CARTESIAN_POINT('',(-0.675,0.885,5.745));
#10335=VERTEX_POINT('',#10334);
#10336=CARTESIAN_POINT('',(-0.675,0.885,5.625));
#10337=DIRECTION('',(-0.,-0.,1.));
#10338=VECTOR('',#10337,0.12);
#10339=LINE('',#10336,#10338);
#10340=EDGE_CURVE('',#10333,#10335,#10339,.T.);
#10341=ORIENTED_EDGE('',*,*,#10340,.T.);
#10342=CARTESIAN_POINT('',(-0.653150803,0.926322298,5.745));
#10343=VERTEX_POINT('',#10342);
#10344=CARTESIAN_POINT('',(-0.625,0.885,5.745));
#10345=DIRECTION('',(0.,0.,-1.));
#10346=DIRECTION('',(-1.,0.,0.));
#10347=AXIS2_PLACEMENT_3D('',#10344,#10345,#10346);
#10348=CIRCLE('',#10347,0.05);
#10349=EDGE_CURVE('',#10335,#10343,#10348,.T.);
#10350=ORIENTED_EDGE('',*,*,#10349,.T.);
#10351=CARTESIAN_POINT('',(-0.653150803,0.926322298,5.625));
#10352=VERTEX_POINT('',#10351);
#10353=CARTESIAN_POINT('',(-0.653150803,0.926322298,5.745));
#10354=DIRECTION('',(0.,0.,-1.));
#10355=VECTOR('',#10354,0.12);
#10356=LINE('',#10353,#10355);
#10357=EDGE_CURVE('',#10343,#10352,#10356,.T.);
#10358=ORIENTED_EDGE('',*,*,#10357,.T.);
#10359=CARTESIAN_POINT('',(-0.625,0.885,5.625));
#10360=DIRECTION('',(0.,0.,-1.));
#10361=DIRECTION('',(-1.,0.,0.));
#10362=AXIS2_PLACEMENT_3D('',#10359,#10360,#10361);
#10363=CIRCLE('',#10362,0.05);
#10364=EDGE_CURVE('',#10333,#10352,#10363,.T.);
#10365=ORIENTED_EDGE('',*,*,#10364,.F.);
#10366=EDGE_LOOP('',(#10341,#10350,#10358,#10365));
#10367=FACE_BOUND('',#10366,.T.);
#10368=ADVANCED_FACE('',(#10367),#10331,.T.);
#10369=CARTESIAN_POINT('',(-0.625,0.835,5.745));
#10370=DIRECTION('',(0.,-1.,0.));
#10371=DIRECTION('',(1.,0.,0.));
#10372=AXIS2_PLACEMENT_3D('',#10369,#10370,#10371);
#10373=PLANE('',#10372);
#10374=CARTESIAN_POINT('',(-0.625,0.835,5.745));
#10375=VERTEX_POINT('',#10374);
#10376=CARTESIAN_POINT('',(-0.596290252,0.835,5.745));
#10377=VERTEX_POINT('',#10376);
#10378=CARTESIAN_POINT('',(-0.625,0.835,5.745));
#10379=DIRECTION('',(1.,0.,0.));
#10380=VECTOR('',#10379,0.028709748);
#10381=LINE('',#10378,#10380);
#10382=EDGE_CURVE('',#10375,#10377,#10381,.T.);
#10383=ORIENTED_EDGE('',*,*,#10382,.F.);
#10384=CARTESIAN_POINT('',(-0.625,0.835,5.625));
#10385=VERTEX_POINT('',#10384);
#10386=CARTESIAN_POINT('',(-0.625,0.835,5.745));
#10387=DIRECTION('',(-0.,-0.,-1.));
#10388=VECTOR('',#10387,0.12);
#10389=LINE('',#10386,#10388);
#10390=EDGE_CURVE('',#10375,#10385,#10389,.T.);
#10391=ORIENTED_EDGE('',*,*,#10390,.T.);
#10392=CARTESIAN_POINT('',(-0.596290252,0.835,5.625));
#10393=VERTEX_POINT('',#10392);
#10394=CARTESIAN_POINT('',(-0.596290252,0.835,5.625));
#10395=DIRECTION('',(-1.,-0.,0.));
#10396=VECTOR('',#10395,0.028709748);
#10397=LINE('',#10394,#10396);
#10398=EDGE_CURVE('',#10393,#10385,#10397,.T.);
#10399=ORIENTED_EDGE('',*,*,#10398,.F.);
#10400=CARTESIAN_POINT('',(-0.596290252,0.835,5.745));
#10401=DIRECTION('',(0.,0.,-1.));
#10402=VECTOR('',#10401,0.12);
#10403=LINE('',#10400,#10402);
#10404=EDGE_CURVE('',#10377,#10393,#10403,.T.);
#10405=ORIENTED_EDGE('',*,*,#10404,.F.);
#10406=EDGE_LOOP('',(#10383,#10391,#10399,#10405));
#10407=FACE_BOUND('',#10406,.T.);
#10408=ADVANCED_FACE('',(#10407),#10373,.T.);
#10409=CARTESIAN_POINT('',(-0.596290252,0.735,5.745));
#10410=DIRECTION('',(-0.,0.,-1.));
#10411=DIRECTION('',(-1.,-0.,0.));
#10412=AXIS2_PLACEMENT_3D('',#10409,#10410,#10411);
#10413=CYLINDRICAL_SURFACE('',#10412,0.1);
#10414=CARTESIAN_POINT('',(-0.502307555,0.76916508,5.745));
#10415=VERTEX_POINT('',#10414);
#10416=CARTESIAN_POINT('',(-0.596290252,0.735,5.745));
#10417=DIRECTION('',(0.,0.,-1.));
#10418=DIRECTION('',(-1.,0.,0.));
#10419=AXIS2_PLACEMENT_3D('',#10416,#10417,#10418);
#10420=CIRCLE('',#10419,0.1);
#10421=EDGE_CURVE('',#10377,#10415,#10420,.T.);
#10422=ORIENTED_EDGE('',*,*,#10421,.F.);
#10423=ORIENTED_EDGE('',*,*,#10404,.T.);
#10424=CARTESIAN_POINT('',(-0.502307555,0.76916508,5.625));
#10425=VERTEX_POINT('',#10424);
#10426=CARTESIAN_POINT('',(-0.596290252,0.735,5.625));
#10427=DIRECTION('',(0.,0.,-1.));
#10428=DIRECTION('',(-1.,0.,0.));
#10429=AXIS2_PLACEMENT_3D('',#10426,#10427,#10428);
#10430=CIRCLE('',#10429,0.1);
#10431=EDGE_CURVE('',#10393,#10425,#10430,.T.);
#10432=ORIENTED_EDGE('',*,*,#10431,.T.);
#10433=CARTESIAN_POINT('',(-0.502307555,0.76916508,5.745));
#10434=DIRECTION('',(-0.,-0.,-1.));
#10435=VECTOR('',#10434,0.12);
#10436=LINE('',#10433,#10435);
#10437=EDGE_CURVE('',#10415,#10425,#10436,.T.);
#10438=ORIENTED_EDGE('',*,*,#10437,.F.);
#10439=EDGE_LOOP('',(#10422,#10423,#10432,#10438));
#10440=FACE_BOUND('',#10439,.T.);
#10441=ADVANCED_FACE('',(#10440),#10413,.F.);
#10442=CARTESIAN_POINT('',(-0.545,1.,5.745));
#10443=DIRECTION('',(-0.56301606,0.826445955,0.));
#10444=DIRECTION('',(-0.826445955,-0.56301606,0.));
#10445=AXIS2_PLACEMENT_3D('',#10442,#10443,#10444);
#10446=PLANE('',#10445);
#10447=CARTESIAN_POINT('',(-0.603715622,0.96,5.745));
#10448=VERTEX_POINT('',#10447);
#10449=CARTESIAN_POINT('',(-0.603715622,0.96,5.745));
#10450=DIRECTION('',(-0.826445955,-0.56301606,0.));
#10451=VECTOR('',#10450,0.059816593);
#10452=LINE('',#10449,#10451);
#10453=EDGE_CURVE('',#10448,#10343,#10452,.T.);
#10454=ORIENTED_EDGE('',*,*,#10453,.F.);
#10455=CARTESIAN_POINT('',(-0.545,1.,5.705));
#10456=VERTEX_POINT('',#10455);
#10457=CARTESIAN_POINT('',(-0.603715622,0.96,5.745));
#10458=DIRECTION('',(0.720151219,0.490602803,-0.490602803));
#10459=VECTOR('',#10458,0.081532351);
#10460=LINE('',#10457,#10459);
#10461=EDGE_CURVE('',#10448,#10456,#10460,.T.);
#10462=ORIENTED_EDGE('',*,*,#10461,.T.);
#10463=CARTESIAN_POINT('',(-0.545,1.,5.665));
#10464=VERTEX_POINT('',#10463);
#10465=CARTESIAN_POINT('',(-0.545,1.,5.705));
#10466=DIRECTION('',(-0.,-0.,-1.));
#10467=VECTOR('',#10466,0.04);
#10468=LINE('',#10465,#10467);
#10469=EDGE_CURVE('',#10456,#10464,#10468,.T.);
#10470=ORIENTED_EDGE('',*,*,#10469,.T.);
#10471=CARTESIAN_POINT('',(-0.603715622,0.96,5.625));
#10472=VERTEX_POINT('',#10471);
#10473=CARTESIAN_POINT('',(-0.545,1.,5.665));
#10474=DIRECTION('',(-0.720151219,-0.490602803,-0.490602803));
#10475=VECTOR('',#10474,0.081532351);
#10476=LINE('',#10473,#10475);
#10477=EDGE_CURVE('',#10464,#10472,#10476,.T.);
#10478=ORIENTED_EDGE('',*,*,#10477,.T.);
#10479=CARTESIAN_POINT('',(-0.653150803,0.926322298,5.625));
#10480=DIRECTION('',(0.826445955,0.56301606,0.));
#10481=VECTOR('',#10480,0.059816593);
#10482=LINE('',#10479,#10481);
#10483=EDGE_CURVE('',#10352,#10472,#10482,.T.);
#10484=ORIENTED_EDGE('',*,*,#10483,.F.);
#10485=ORIENTED_EDGE('',*,*,#10357,.F.);
#10486=EDGE_LOOP('',(#10454,#10462,#10470,#10478,#10484,#10485));
#10487=FACE_BOUND('',#10486,.T.);
#10488=ADVANCED_FACE('',(#10487),#10446,.T.);
#10489=CARTESIAN_POINT('',(-0.5,1.,5.745));
#10490=DIRECTION('',(-0.,1.,0.));
#10491=DIRECTION('',(-1.,-0.,0.));
#10492=AXIS2_PLACEMENT_3D('',#10489,#10490,#10491);
#10493=PLANE('',#10492);
#10494=CARTESIAN_POINT('',(-0.5,1.,5.705));
#10495=VERTEX_POINT('',#10494);
#10496=CARTESIAN_POINT('',(-0.5,1.,5.705));
#10497=DIRECTION('',(-1.,-0.,-0.));
#10498=VECTOR('',#10497,0.045);
#10499=LINE('',#10496,#10498);
#10500=EDGE_CURVE('',#10495,#10456,#10499,.T.);
#10501=ORIENTED_EDGE('',*,*,#10500,.F.);
#10502=CARTESIAN_POINT('',(-0.5,1.,5.665));
#10503=VERTEX_POINT('',#10502);
#10504=CARTESIAN_POINT('',(-0.5,1.,5.665));
#10505=DIRECTION('',(0.,0.,1.));
#10506=VECTOR('',#10505,0.04);
#10507=LINE('',#10504,#10506);
#10508=EDGE_CURVE('',#10503,#10495,#10507,.T.);
#10509=ORIENTED_EDGE('',*,*,#10508,.F.);
#10510=CARTESIAN_POINT('',(-0.5,1.,5.665));
#10511=DIRECTION('',(-1.,-0.,0.));
#10512=VECTOR('',#10511,0.045);
#10513=LINE('',#10510,#10512);
#10514=EDGE_CURVE('',#10503,#10464,#10513,.T.);
#10515=ORIENTED_EDGE('',*,*,#10514,.T.);
#10516=ORIENTED_EDGE('',*,*,#10469,.F.);
#10517=EDGE_LOOP('',(#10501,#10509,#10515,#10516));
#10518=FACE_BOUND('',#10517,.T.);
#10519=ADVANCED_FACE('',(#10518),#10493,.T.);
#10520=CARTESIAN_POINT('',(-0.5225,0.98,5.725));
#10521=DIRECTION('',(-0.,0.707106781,0.707106781));
#10522=DIRECTION('',(-0.,0.707106781,-0.707106781));
#10523=AXIS2_PLACEMENT_3D('',#10520,#10521,#10522);
#10524=PLANE('',#10523);
#10525=CARTESIAN_POINT('',(-0.495,0.96,5.745));
#10526=DIRECTION('',(-1.,-0.,-0.));
#10527=VECTOR('',#10526,0.108715622);
#10528=LINE('',#10525,#10527);
#10529=EDGE_CURVE('',#1907,#10448,#10528,.T.);
#10530=ORIENTED_EDGE('',*,*,#10529,.F.);
#10531=ORIENTED_EDGE('',*,*,#1952,.F.);
#10532=CARTESIAN_POINT('',(-0.5,1.,5.705));
#10533=DIRECTION('',(0.513436031,-0.606788036,0.606788036));
#10534=VECTOR('',#10533,0.009738311);
#10535=LINE('',#10532,#10534);
#10536=EDGE_CURVE('',#10495,#1941,#10535,.T.);
#10537=ORIENTED_EDGE('',*,*,#10536,.F.);
#10538=ORIENTED_EDGE('',*,*,#10500,.T.);
#10539=ORIENTED_EDGE('',*,*,#10461,.F.);
#10540=EDGE_LOOP('',(#10530,#10531,#10537,#10538,#10539));
#10541=FACE_BOUND('',#10540,.T.);
#10542=ADVANCED_FACE('',(#10541),#10524,.T.);
#10543=CARTESIAN_POINT('',(-0.39,0.87,5.745));
#10544=DIRECTION('',(0.763386285,0.645942241,0.));
#10545=DIRECTION('',(-0.645942241,0.763386285,0.));
#10546=AXIS2_PLACEMENT_3D('',#10543,#10544,#10545);
#10547=PLANE('',#10546);
#10548=ORIENTED_EDGE('',*,*,#1946,.F.);
#10549=CARTESIAN_POINT('',(-0.5,1.,5.665));
#10550=DIRECTION('',(0.513436031,-0.606788036,-0.606788036));
#10551=VECTOR('',#10550,0.009738311);
#10552=LINE('',#10549,#10551);
#10553=EDGE_CURVE('',#10503,#1933,#10552,.T.);
#10554=ORIENTED_EDGE('',*,*,#10553,.F.);
#10555=ORIENTED_EDGE('',*,*,#10508,.T.);
#10556=ORIENTED_EDGE('',*,*,#10536,.T.);
#10557=EDGE_LOOP('',(#10548,#10554,#10555,#10556));
#10558=FACE_BOUND('',#10557,.T.);
#10559=ADVANCED_FACE('',(#10558),#10547,.T.);
#10560=CARTESIAN_POINT('',(-0.5225,0.98,5.645));
#10561=DIRECTION('',(0.,-0.707106781,0.707106781));
#10562=DIRECTION('',(-0.,0.707106781,0.707106781));
#10563=AXIS2_PLACEMENT_3D('',#10560,#10561,#10562);
#10564=PLANE('',#10563);
#10565=CARTESIAN_POINT('',(-0.495,0.96,5.625));
#10566=DIRECTION('',(-1.,-0.,0.));
#10567=VECTOR('',#10566,0.108715622);
#10568=LINE('',#10565,#10567);
#10569=EDGE_CURVE('',#1925,#10472,#10568,.T.);
#10570=ORIENTED_EDGE('',*,*,#10569,.T.);
#10571=ORIENTED_EDGE('',*,*,#10477,.F.);
#10572=ORIENTED_EDGE('',*,*,#10514,.F.);
#10573=ORIENTED_EDGE('',*,*,#10553,.T.);
#10574=ORIENTED_EDGE('',*,*,#1938,.T.);
#10575=EDGE_LOOP('',(#10570,#10571,#10572,#10573,#10574));
#10576=FACE_BOUND('',#10575,.T.);
#10577=ADVANCED_FACE('',(#10576),#10564,.F.);
#10578=CARTESIAN_POINT('',(-1.335697637,0.215754265,5.625));
#10579=DIRECTION('',(0.,0.,-1.));
#10580=DIRECTION('',(-1.,-0.,0.));
#10581=AXIS2_PLACEMENT_3D('',#10578,#10579,#10580);
#10582=PLANE('',#10581);
#10583=ORIENTED_EDGE('',*,*,#1930,.F.);
#10584=CARTESIAN_POINT('',(-0.495,0.74906316,5.625));
#10585=DIRECTION('',(-0.341650801,0.939826968,0.));
#10586=VECTOR('',#10585,0.021388959);
#10587=LINE('',#10584,#10586);
#10588=EDGE_CURVE('',#1917,#10425,#10587,.T.);
#10589=ORIENTED_EDGE('',*,*,#10588,.T.);
#10590=ORIENTED_EDGE('',*,*,#10431,.F.);
#10591=ORIENTED_EDGE('',*,*,#10398,.T.);
#10592=CARTESIAN_POINT('',(-0.625,0.885,5.625));
#10593=DIRECTION('',(0.,0.,-1.));
#10594=DIRECTION('',(-1.,0.,0.));
#10595=AXIS2_PLACEMENT_3D('',#10592,#10593,#10594);
#10596=CIRCLE('',#10595,0.05);
#10597=EDGE_CURVE('',#10385,#10333,#10596,.T.);
#10598=ORIENTED_EDGE('',*,*,#10597,.T.);
#10599=ORIENTED_EDGE('',*,*,#10364,.T.);
#10600=ORIENTED_EDGE('',*,*,#10483,.T.);
#10601=ORIENTED_EDGE('',*,*,#10569,.F.);
#10602=EDGE_LOOP('',(#10583,#10589,#10590,#10591,#10598,#10599,#10600,#10601));
#10603=FACE_BOUND('',#10602,.T.);
#10604=ADVANCED_FACE('',(#10603),#10582,.T.);
#10605=CARTESIAN_POINT('',(-0.502307555,0.76916508,5.745));
#10606=DIRECTION('',(-0.939826968,-0.341650801,0.));
#10607=DIRECTION('',(0.341650801,-0.939826968,0.));
#10608=AXIS2_PLACEMENT_3D('',#10605,#10606,#10607);
#10609=PLANE('',#10608);
#10610=ORIENTED_EDGE('',*,*,#1922,.F.);
#10611=CARTESIAN_POINT('',(-0.502307555,0.76916508,5.745));
#10612=DIRECTION('',(0.341650801,-0.939826968,0.));
#10613=VECTOR('',#10612,0.021388959);
#10614=LINE('',#10611,#10613);
#10615=EDGE_CURVE('',#10415,#1909,#10614,.T.);
#10616=ORIENTED_EDGE('',*,*,#10615,.F.);
#10617=ORIENTED_EDGE('',*,*,#10437,.T.);
#10618=ORIENTED_EDGE('',*,*,#10588,.F.);
#10619=EDGE_LOOP('',(#10610,#10616,#10617,#10618));
#10620=FACE_BOUND('',#10619,.T.);
#10621=ADVANCED_FACE('',(#10620),#10609,.T.);
#10622=CARTESIAN_POINT('',(-1.087616119,-0.20066064,5.745));
#10623=DIRECTION('',(0.,0.,1.));
#10624=DIRECTION('',(1.,0.,0.));
#10625=AXIS2_PLACEMENT_3D('',#10622,#10623,#10624);
#10626=PLANE('',#10625);
#10627=ORIENTED_EDGE('',*,*,#1914,.F.);
#10628=ORIENTED_EDGE('',*,*,#10529,.T.);
#10629=ORIENTED_EDGE('',*,*,#10453,.T.);
#10630=ORIENTED_EDGE('',*,*,#10349,.F.);
#10631=CARTESIAN_POINT('',(-0.625,0.885,5.745));
#10632=DIRECTION('',(0.,0.,-1.));
#10633=DIRECTION('',(-1.,0.,0.));
#10634=AXIS2_PLACEMENT_3D('',#10631,#10632,#10633);
#10635=CIRCLE('',#10634,0.05);
#10636=EDGE_CURVE('',#10375,#10335,#10635,.T.);
#10637=ORIENTED_EDGE('',*,*,#10636,.F.);
#10638=ORIENTED_EDGE('',*,*,#10382,.T.);
#10639=ORIENTED_EDGE('',*,*,#10421,.T.);
#10640=ORIENTED_EDGE('',*,*,#10615,.T.);
#10641=EDGE_LOOP('',(#10627,#10628,#10629,#10630,#10637,#10638,#10639,#10640));
#10642=FACE_BOUND('',#10641,.T.);
#10643=ADVANCED_FACE('',(#10642),#10626,.T.);
#10644=CARTESIAN_POINT('',(0.625,0.885,3.625));
#10645=DIRECTION('',(0.,0.,1.));
#10646=DIRECTION('',(1.,0.,-0.));
#10647=AXIS2_PLACEMENT_3D('',#10644,#10645,#10646);
#10648=CYLINDRICAL_SURFACE('',#10647,0.05);
#10649=CARTESIAN_POINT('',(0.675,0.885,3.745));
#10650=VERTEX_POINT('',#10649);
#10651=CARTESIAN_POINT('',(0.675,0.885,3.625));
#10652=VERTEX_POINT('',#10651);
#10653=CARTESIAN_POINT('',(0.675,0.885,3.745));
#10654=DIRECTION('',(-0.,-0.,-1.));
#10655=VECTOR('',#10654,0.12);
#10656=LINE('',#10653,#10655);
#10657=EDGE_CURVE('',#10650,#10652,#10656,.T.);
#10658=ORIENTED_EDGE('',*,*,#10657,.T.);
#10659=CARTESIAN_POINT('',(0.653150803,0.926322298,3.625));
#10660=VERTEX_POINT('',#10659);
#10661=CARTESIAN_POINT('',(0.625,0.885,3.625));
#10662=DIRECTION('',(0.,0.,1.));
#10663=DIRECTION('',(1.,0.,-0.));
#10664=AXIS2_PLACEMENT_3D('',#10661,#10662,#10663);
#10665=CIRCLE('',#10664,0.05);
#10666=EDGE_CURVE('',#10652,#10660,#10665,.T.);
#10667=ORIENTED_EDGE('',*,*,#10666,.T.);
#10668=CARTESIAN_POINT('',(0.653150803,0.926322298,3.745));
#10669=VERTEX_POINT('',#10668);
#10670=CARTESIAN_POINT('',(0.653150803,0.926322298,3.625));
#10671=DIRECTION('',(0.,0.,1.));
#10672=VECTOR('',#10671,0.12);
#10673=LINE('',#10670,#10672);
#10674=EDGE_CURVE('',#10660,#10669,#10673,.T.);
#10675=ORIENTED_EDGE('',*,*,#10674,.T.);
#10676=CARTESIAN_POINT('',(0.625,0.885,3.745));
#10677=DIRECTION('',(0.,0.,1.));
#10678=DIRECTION('',(1.,0.,-0.));
#10679=AXIS2_PLACEMENT_3D('',#10676,#10677,#10678);
#10680=CIRCLE('',#10679,0.05);
#10681=EDGE_CURVE('',#10650,#10669,#10680,.T.);
#10682=ORIENTED_EDGE('',*,*,#10681,.F.);
#10683=EDGE_LOOP('',(#10658,#10667,#10675,#10682));
#10684=FACE_BOUND('',#10683,.T.);
#10685=ADVANCED_FACE('',(#10684),#10648,.T.);
#10686=CARTESIAN_POINT('',(0.625,0.835,3.625));
#10687=DIRECTION('',(0.,-1.,0.));
#10688=DIRECTION('',(-1.,0.,0.));
#10689=AXIS2_PLACEMENT_3D('',#10686,#10687,#10688);
#10690=PLANE('',#10689);
#10691=CARTESIAN_POINT('',(0.596290252,0.835,3.625));
#10692=VERTEX_POINT('',#10691);
#10693=CARTESIAN_POINT('',(0.625,0.835,3.625));
#10694=VERTEX_POINT('',#10693);
#10695=CARTESIAN_POINT('',(0.596290252,0.835,3.625));
#10696=DIRECTION('',(1.,-0.,-0.));
#10697=VECTOR('',#10696,0.028709748);
#10698=LINE('',#10695,#10697);
#10699=EDGE_CURVE('',#10692,#10694,#10698,.T.);
#10700=ORIENTED_EDGE('',*,*,#10699,.T.);
#10701=CARTESIAN_POINT('',(0.625,0.835,3.745));
#10702=VERTEX_POINT('',#10701);
#10703=CARTESIAN_POINT('',(0.625,0.835,3.625));
#10704=DIRECTION('',(-0.,-0.,1.));
#10705=VECTOR('',#10704,0.12);
#10706=LINE('',#10703,#10705);
#10707=EDGE_CURVE('',#10694,#10702,#10706,.T.);
#10708=ORIENTED_EDGE('',*,*,#10707,.T.);
#10709=CARTESIAN_POINT('',(0.596290252,0.835,3.745));
#10710=VERTEX_POINT('',#10709);
#10711=CARTESIAN_POINT('',(0.625,0.835,3.745));
#10712=DIRECTION('',(-1.,0.,0.));
#10713=VECTOR('',#10712,0.028709748);
#10714=LINE('',#10711,#10713);
#10715=EDGE_CURVE('',#10702,#10710,#10714,.T.);
#10716=ORIENTED_EDGE('',*,*,#10715,.T.);
#10717=CARTESIAN_POINT('',(0.596290252,0.835,3.625));
#10718=DIRECTION('',(0.,0.,1.));
#10719=VECTOR('',#10718,0.12);
#10720=LINE('',#10717,#10719);
#10721=EDGE_CURVE('',#10692,#10710,#10720,.T.);
#10722=ORIENTED_EDGE('',*,*,#10721,.F.);
#10723=EDGE_LOOP('',(#10700,#10708,#10716,#10722));
#10724=FACE_BOUND('',#10723,.T.);
#10725=ADVANCED_FACE('',(#10724),#10690,.T.);
#10726=CARTESIAN_POINT('',(0.596290252,0.735,3.625));
#10727=DIRECTION('',(0.,0.,1.));
#10728=DIRECTION('',(1.,0.,-0.));
#10729=AXIS2_PLACEMENT_3D('',#10726,#10727,#10728);
#10730=CYLINDRICAL_SURFACE('',#10729,0.1);
#10731=CARTESIAN_POINT('',(0.502307555,0.76916508,3.625));
#10732=VERTEX_POINT('',#10731);
#10733=CARTESIAN_POINT('',(0.596290252,0.735,3.625));
#10734=DIRECTION('',(0.,0.,1.));
#10735=DIRECTION('',(1.,0.,-0.));
#10736=AXIS2_PLACEMENT_3D('',#10733,#10734,#10735);
#10737=CIRCLE('',#10736,0.1);
#10738=EDGE_CURVE('',#10692,#10732,#10737,.T.);
#10739=ORIENTED_EDGE('',*,*,#10738,.F.);
#10740=ORIENTED_EDGE('',*,*,#10721,.T.);
#10741=CARTESIAN_POINT('',(0.502307555,0.76916508,3.745));
#10742=VERTEX_POINT('',#10741);
#10743=CARTESIAN_POINT('',(0.596290252,0.735,3.745));
#10744=DIRECTION('',(0.,0.,1.));
#10745=DIRECTION('',(1.,0.,-0.));
#10746=AXIS2_PLACEMENT_3D('',#10743,#10744,#10745);
#10747=CIRCLE('',#10746,0.1);
#10748=EDGE_CURVE('',#10710,#10742,#10747,.T.);
#10749=ORIENTED_EDGE('',*,*,#10748,.T.);
#10750=CARTESIAN_POINT('',(0.502307555,0.76916508,3.625));
#10751=DIRECTION('',(-0.,-0.,1.));
#10752=VECTOR('',#10751,0.12);
#10753=LINE('',#10750,#10752);
#10754=EDGE_CURVE('',#10732,#10742,#10753,.T.);
#10755=ORIENTED_EDGE('',*,*,#10754,.F.);
#10756=EDGE_LOOP('',(#10739,#10740,#10749,#10755));
#10757=FACE_BOUND('',#10756,.T.);
#10758=ADVANCED_FACE('',(#10757),#10730,.F.);
#10759=CARTESIAN_POINT('',(0.5,1.,3.625));
#10760=DIRECTION('',(0.,1.,0.));
#10761=DIRECTION('',(1.,0.,0.));
#10762=AXIS2_PLACEMENT_3D('',#10759,#10760,#10761);
#10763=PLANE('',#10762);
#10764=CARTESIAN_POINT('',(0.545,1.,3.665));
#10765=VERTEX_POINT('',#10764);
#10766=CARTESIAN_POINT('',(0.5,1.,3.665));
#10767=VERTEX_POINT('',#10766);
#10768=CARTESIAN_POINT('',(0.545,1.,3.665));
#10769=DIRECTION('',(-1.,-0.,0.));
#10770=VECTOR('',#10769,0.045);
#10771=LINE('',#10768,#10770);
#10772=EDGE_CURVE('',#10765,#10767,#10771,.T.);
#10773=ORIENTED_EDGE('',*,*,#10772,.T.);
#10774=CARTESIAN_POINT('',(0.5,1.,3.705));
#10775=VERTEX_POINT('',#10774);
#10776=CARTESIAN_POINT('',(0.5,1.,3.705));
#10777=DIRECTION('',(0.,0.,-1.));
#10778=VECTOR('',#10777,0.04);
#10779=LINE('',#10776,#10778);
#10780=EDGE_CURVE('',#10775,#10767,#10779,.T.);
#10781=ORIENTED_EDGE('',*,*,#10780,.F.);
#10782=CARTESIAN_POINT('',(0.545,1.,3.705));
#10783=VERTEX_POINT('',#10782);
#10784=CARTESIAN_POINT('',(0.5,1.,3.705));
#10785=DIRECTION('',(1.,0.,-0.));
#10786=VECTOR('',#10785,0.045);
#10787=LINE('',#10784,#10786);
#10788=EDGE_CURVE('',#10775,#10783,#10787,.T.);
#10789=ORIENTED_EDGE('',*,*,#10788,.T.);
#10790=CARTESIAN_POINT('',(0.545,1.,3.705));
#10791=DIRECTION('',(0.,0.,-1.));
#10792=VECTOR('',#10791,0.04);
#10793=LINE('',#10790,#10792);
#10794=EDGE_CURVE('',#10783,#10765,#10793,.T.);
#10795=ORIENTED_EDGE('',*,*,#10794,.T.);
#10796=EDGE_LOOP('',(#10773,#10781,#10789,#10795));
#10797=FACE_BOUND('',#10796,.T.);
#10798=ADVANCED_FACE('',(#10797),#10763,.T.);
#10799=CARTESIAN_POINT('',(0.545,1.,3.625));
#10800=DIRECTION('',(0.56301606,0.826445955,0.));
#10801=DIRECTION('',(0.826445955,-0.56301606,0.));
#10802=AXIS2_PLACEMENT_3D('',#10799,#10800,#10801);
#10803=PLANE('',#10802);
#10804=CARTESIAN_POINT('',(0.603715622,0.96,3.625));
#10805=VERTEX_POINT('',#10804);
#10806=CARTESIAN_POINT('',(0.603715622,0.96,3.625));
#10807=DIRECTION('',(0.826445955,-0.56301606,0.));
#10808=VECTOR('',#10807,0.059816593);
#10809=LINE('',#10806,#10808);
#10810=EDGE_CURVE('',#10805,#10660,#10809,.T.);
#10811=ORIENTED_EDGE('',*,*,#10810,.F.);
#10812=CARTESIAN_POINT('',(0.545,1.,3.665));
#10813=DIRECTION('',(0.720151219,-0.490602803,-0.490602803));
#10814=VECTOR('',#10813,0.081532351);
#10815=LINE('',#10812,#10814);
#10816=EDGE_CURVE('',#10765,#10805,#10815,.T.);
#10817=ORIENTED_EDGE('',*,*,#10816,.F.);
#10818=ORIENTED_EDGE('',*,*,#10794,.F.);
#10819=CARTESIAN_POINT('',(0.603715622,0.96,3.745));
#10820=VERTEX_POINT('',#10819);
#10821=CARTESIAN_POINT('',(0.545,1.,3.705));
#10822=DIRECTION('',(0.720151219,-0.490602803,0.490602803));
#10823=VECTOR('',#10822,0.081532351);
#10824=LINE('',#10821,#10823);
#10825=EDGE_CURVE('',#10783,#10820,#10824,.T.);
#10826=ORIENTED_EDGE('',*,*,#10825,.T.);
#10827=CARTESIAN_POINT('',(0.653150803,0.926322298,3.745));
#10828=DIRECTION('',(-0.826445955,0.56301606,0.));
#10829=VECTOR('',#10828,0.059816593);
#10830=LINE('',#10827,#10829);
#10831=EDGE_CURVE('',#10669,#10820,#10830,.T.);
#10832=ORIENTED_EDGE('',*,*,#10831,.F.);
#10833=ORIENTED_EDGE('',*,*,#10674,.F.);
#10834=EDGE_LOOP('',(#10811,#10817,#10818,#10826,#10832,#10833));
#10835=FACE_BOUND('',#10834,.T.);
#10836=ADVANCED_FACE('',(#10835),#10803,.T.);
#10837=CARTESIAN_POINT('',(0.5225,0.98,3.725));
#10838=DIRECTION('',(-0.,-0.707106781,-0.707106781));
#10839=DIRECTION('',(0.,0.707106781,-0.707106781));
#10840=AXIS2_PLACEMENT_3D('',#10837,#10838,#10839);
#10841=PLANE('',#10840);
#10842=CARTESIAN_POINT('',(0.603715622,0.96,3.745));
#10843=DIRECTION('',(-1.,-0.,0.));
#10844=VECTOR('',#10843,0.108715622);
#10845=LINE('',#10842,#10844);
#10846=EDGE_CURVE('',#10820,#1469,#10845,.T.);
#10847=ORIENTED_EDGE('',*,*,#10846,.F.);
#10848=ORIENTED_EDGE('',*,*,#10825,.F.);
#10849=ORIENTED_EDGE('',*,*,#10788,.F.);
#10850=CARTESIAN_POINT('',(0.495,0.994090909,3.710909091));
#10851=DIRECTION('',(0.513436031,0.606788036,-0.606788036));
#10852=VECTOR('',#10851,0.009738311);
#10853=LINE('',#10850,#10852);
#10854=EDGE_CURVE('',#1477,#10775,#10853,.T.);
#10855=ORIENTED_EDGE('',*,*,#10854,.F.);
#10856=ORIENTED_EDGE('',*,*,#1482,.T.);
#10857=EDGE_LOOP('',(#10847,#10848,#10849,#10855,#10856));
#10858=FACE_BOUND('',#10857,.T.);
#10859=ADVANCED_FACE('',(#10858),#10841,.F.);
#10860=CARTESIAN_POINT('',(0.39,0.87,3.625));
#10861=DIRECTION('',(-0.763386285,0.645942241,0.));
#10862=DIRECTION('',(0.645942241,0.763386285,0.));
#10863=AXIS2_PLACEMENT_3D('',#10860,#10861,#10862);
#10864=PLANE('',#10863);
#10865=ORIENTED_EDGE('',*,*,#1490,.T.);
#10866=ORIENTED_EDGE('',*,*,#10854,.T.);
#10867=ORIENTED_EDGE('',*,*,#10780,.T.);
#10868=CARTESIAN_POINT('',(0.5,1.,3.665));
#10869=DIRECTION('',(-0.513436031,-0.606788036,-0.606788036));
#10870=VECTOR('',#10869,0.009738311);
#10871=LINE('',#10868,#10870);
#10872=EDGE_CURVE('',#10767,#1485,#10871,.T.);
#10873=ORIENTED_EDGE('',*,*,#10872,.T.);
#10874=EDGE_LOOP('',(#10865,#10866,#10867,#10873));
#10875=FACE_BOUND('',#10874,.T.);
#10876=ADVANCED_FACE('',(#10875),#10864,.T.);
#10877=CARTESIAN_POINT('',(1.335697637,0.215754265,3.745));
#10878=DIRECTION('',(0.,0.,1.));
#10879=DIRECTION('',(1.,0.,0.));
#10880=AXIS2_PLACEMENT_3D('',#10877,#10878,#10879);
#10881=PLANE('',#10880);
#10882=ORIENTED_EDGE('',*,*,#1474,.F.);
#10883=CARTESIAN_POINT('',(0.502307555,0.76916508,3.745));
#10884=DIRECTION('',(-0.341650801,-0.939826968,0.));
#10885=VECTOR('',#10884,0.021388959);
#10886=LINE('',#10883,#10885);
#10887=EDGE_CURVE('',#10742,#1467,#10886,.T.);
#10888=ORIENTED_EDGE('',*,*,#10887,.F.);
#10889=ORIENTED_EDGE('',*,*,#10748,.F.);
#10890=ORIENTED_EDGE('',*,*,#10715,.F.);
#10891=CARTESIAN_POINT('',(0.625,0.885,3.745));
#10892=DIRECTION('',(0.,0.,1.));
#10893=DIRECTION('',(1.,0.,-0.));
#10894=AXIS2_PLACEMENT_3D('',#10891,#10892,#10893);
#10895=CIRCLE('',#10894,0.05);
#10896=EDGE_CURVE('',#10702,#10650,#10895,.T.);
#10897=ORIENTED_EDGE('',*,*,#10896,.T.);
#10898=ORIENTED_EDGE('',*,*,#10681,.T.);
#10899=ORIENTED_EDGE('',*,*,#10831,.T.);
#10900=ORIENTED_EDGE('',*,*,#10846,.T.);
#10901=EDGE_LOOP('',(#10882,#10888,#10889,#10890,#10897,#10898,#10899,#10900));
#10902=FACE_BOUND('',#10901,.T.);
#10903=ADVANCED_FACE('',(#10902),#10881,.T.);
#10904=CARTESIAN_POINT('',(0.5225,0.98,3.645));
#10905=DIRECTION('',(0.,0.707106781,-0.707106781));
#10906=DIRECTION('',(0.,0.707106781,0.707106781));
#10907=AXIS2_PLACEMENT_3D('',#10904,#10905,#10906);
#10908=PLANE('',#10907);
#10909=CARTESIAN_POINT('',(0.603715622,0.96,3.625));
#10910=DIRECTION('',(-1.,0.,0.));
#10911=VECTOR('',#10910,0.108715622);
#10912=LINE('',#10909,#10911);
#10913=EDGE_CURVE('',#10805,#1493,#10912,.T.);
#10914=ORIENTED_EDGE('',*,*,#10913,.T.);
#10915=ORIENTED_EDGE('',*,*,#1498,.T.);
#10916=ORIENTED_EDGE('',*,*,#10872,.F.);
#10917=ORIENTED_EDGE('',*,*,#10772,.F.);
#10918=ORIENTED_EDGE('',*,*,#10816,.T.);
#10919=EDGE_LOOP('',(#10914,#10915,#10916,#10917,#10918));
#10920=FACE_BOUND('',#10919,.T.);
#10921=ADVANCED_FACE('',(#10920),#10908,.T.);
#10922=CARTESIAN_POINT('',(1.087616119,-0.20066064,3.625));
#10923=DIRECTION('',(0.,0.,-1.));
#10924=DIRECTION('',(-1.,0.,0.));
#10925=AXIS2_PLACEMENT_3D('',#10922,#10923,#10924);
#10926=PLANE('',#10925);
#10927=ORIENTED_EDGE('',*,*,#1506,.T.);
#10928=ORIENTED_EDGE('',*,*,#10913,.F.);
#10929=ORIENTED_EDGE('',*,*,#10810,.T.);
#10930=ORIENTED_EDGE('',*,*,#10666,.F.);
#10931=CARTESIAN_POINT('',(0.625,0.885,3.625));
#10932=DIRECTION('',(0.,0.,1.));
#10933=DIRECTION('',(1.,0.,-0.));
#10934=AXIS2_PLACEMENT_3D('',#10931,#10932,#10933);
#10935=CIRCLE('',#10934,0.05);
#10936=EDGE_CURVE('',#10694,#10652,#10935,.T.);
#10937=ORIENTED_EDGE('',*,*,#10936,.F.);
#10938=ORIENTED_EDGE('',*,*,#10699,.F.);
#10939=ORIENTED_EDGE('',*,*,#10738,.T.);
#10940=CARTESIAN_POINT('',(0.495,0.74906316,3.625));
#10941=DIRECTION('',(0.341650801,0.939826968,-0.));
#10942=VECTOR('',#10941,0.021388959);
#10943=LINE('',#10940,#10942);
#10944=EDGE_CURVE('',#1501,#10732,#10943,.T.);
#10945=ORIENTED_EDGE('',*,*,#10944,.F.);
#10946=EDGE_LOOP('',(#10927,#10928,#10929,#10930,#10937,#10938,#10939,#10945));
#10947=FACE_BOUND('',#10946,.T.);
#10948=ADVANCED_FACE('',(#10947),#10926,.T.);
#10949=CARTESIAN_POINT('',(0.502307555,0.76916508,3.625));
#10950=DIRECTION('',(0.939826968,-0.341650801,0.));
#10951=DIRECTION('',(-0.341650801,-0.939826968,0.));
#10952=AXIS2_PLACEMENT_3D('',#10949,#10950,#10951);
#10953=PLANE('',#10952);
#10954=ORIENTED_EDGE('',*,*,#1512,.F.);
#10955=ORIENTED_EDGE('',*,*,#10944,.T.);
#10956=ORIENTED_EDGE('',*,*,#10754,.T.);
#10957=ORIENTED_EDGE('',*,*,#10887,.T.);
#10958=EDGE_LOOP('',(#10954,#10955,#10956,#10957));
#10959=FACE_BOUND('',#10958,.T.);
#10960=ADVANCED_FACE('',(#10959),#10953,.T.);
#10961=CARTESIAN_POINT('',(-0.625,0.885,5.345));
#10962=DIRECTION('',(-0.,0.,-1.));
#10963=DIRECTION('',(-1.,-0.,0.));
#10964=AXIS2_PLACEMENT_3D('',#10961,#10962,#10963);
#10965=CYLINDRICAL_SURFACE('',#10964,0.05);
#10966=CARTESIAN_POINT('',(-0.675,0.885,5.225));
#10967=VERTEX_POINT('',#10966);
#10968=CARTESIAN_POINT('',(-0.675,0.885,5.345));
#10969=VERTEX_POINT('',#10968);
#10970=CARTESIAN_POINT('',(-0.675,0.885,5.225));
#10971=DIRECTION('',(-0.,-0.,1.));
#10972=VECTOR('',#10971,0.12);
#10973=LINE('',#10970,#10972);
#10974=EDGE_CURVE('',#10967,#10969,#10973,.T.);
#10975=ORIENTED_EDGE('',*,*,#10974,.T.);
#10976=CARTESIAN_POINT('',(-0.653150803,0.926322298,5.345));
#10977=VERTEX_POINT('',#10976);
#10978=CARTESIAN_POINT('',(-0.625,0.885,5.345));
#10979=DIRECTION('',(0.,0.,-1.));
#10980=DIRECTION('',(-1.,0.,0.));
#10981=AXIS2_PLACEMENT_3D('',#10978,#10979,#10980);
#10982=CIRCLE('',#10981,0.05);
#10983=EDGE_CURVE('',#10969,#10977,#10982,.T.);
#10984=ORIENTED_EDGE('',*,*,#10983,.T.);
#10985=CARTESIAN_POINT('',(-0.653150803,0.926322298,5.225));
#10986=VERTEX_POINT('',#10985);
#10987=CARTESIAN_POINT('',(-0.653150803,0.926322298,5.345));
#10988=DIRECTION('',(0.,0.,-1.));
#10989=VECTOR('',#10988,0.12);
#10990=LINE('',#10987,#10989);
#10991=EDGE_CURVE('',#10977,#10986,#10990,.T.);
#10992=ORIENTED_EDGE('',*,*,#10991,.T.);
#10993=CARTESIAN_POINT('',(-0.625,0.885,5.225));
#10994=DIRECTION('',(0.,0.,-1.));
#10995=DIRECTION('',(-1.,0.,0.));
#10996=AXIS2_PLACEMENT_3D('',#10993,#10994,#10995);
#10997=CIRCLE('',#10996,0.05);
#10998=EDGE_CURVE('',#10967,#10986,#10997,.T.);
#10999=ORIENTED_EDGE('',*,*,#10998,.F.);
#11000=EDGE_LOOP('',(#10975,#10984,#10992,#10999));
#11001=FACE_BOUND('',#11000,.T.);
#11002=ADVANCED_FACE('',(#11001),#10965,.T.);
#11003=CARTESIAN_POINT('',(-0.625,0.835,5.345));
#11004=DIRECTION('',(0.,-1.,0.));
#11005=DIRECTION('',(1.,0.,0.));
#11006=AXIS2_PLACEMENT_3D('',#11003,#11004,#11005);
#11007=PLANE('',#11006);
#11008=CARTESIAN_POINT('',(-0.596290252,0.835,5.345));
#11009=VERTEX_POINT('',#11008);
#11010=CARTESIAN_POINT('',(-0.625,0.835,5.345));
#11011=VERTEX_POINT('',#11010);
#11012=CARTESIAN_POINT('',(-0.596290252,0.835,5.345));
#11013=DIRECTION('',(-1.,-0.,-0.));
#11014=VECTOR('',#11013,0.028709748);
#11015=LINE('',#11012,#11014);
#11016=EDGE_CURVE('',#11009,#11011,#11015,.T.);
#11017=ORIENTED_EDGE('',*,*,#11016,.T.);
#11018=CARTESIAN_POINT('',(-0.625,0.835,5.225));
#11019=VERTEX_POINT('',#11018);
#11020=CARTESIAN_POINT('',(-0.625,0.835,5.345));
#11021=DIRECTION('',(-0.,-0.,-1.));
#11022=VECTOR('',#11021,0.12);
#11023=LINE('',#11020,#11022);
#11024=EDGE_CURVE('',#11011,#11019,#11023,.T.);
#11025=ORIENTED_EDGE('',*,*,#11024,.T.);
#11026=CARTESIAN_POINT('',(-0.596290252,0.835,5.225));
#11027=VERTEX_POINT('',#11026);
#11028=CARTESIAN_POINT('',(-0.625,0.835,5.225));
#11029=DIRECTION('',(1.,0.,0.));
#11030=VECTOR('',#11029,0.028709748);
#11031=LINE('',#11028,#11030);
#11032=EDGE_CURVE('',#11019,#11027,#11031,.T.);
#11033=ORIENTED_EDGE('',*,*,#11032,.T.);
#11034=CARTESIAN_POINT('',(-0.596290252,0.835,5.345));
#11035=DIRECTION('',(0.,0.,-1.));
#11036=VECTOR('',#11035,0.12);
#11037=LINE('',#11034,#11036);
#11038=EDGE_CURVE('',#11009,#11027,#11037,.T.);
#11039=ORIENTED_EDGE('',*,*,#11038,.F.);
#11040=EDGE_LOOP('',(#11017,#11025,#11033,#11039));
#11041=FACE_BOUND('',#11040,.T.);
#11042=ADVANCED_FACE('',(#11041),#11007,.T.);
#11043=CARTESIAN_POINT('',(-0.596290252,0.735,5.345));
#11044=DIRECTION('',(-0.,0.,-1.));
#11045=DIRECTION('',(-1.,-0.,0.));
#11046=AXIS2_PLACEMENT_3D('',#11043,#11044,#11045);
#11047=CYLINDRICAL_SURFACE('',#11046,0.1);
#11048=CARTESIAN_POINT('',(-0.502307555,0.76916508,5.345));
#11049=VERTEX_POINT('',#11048);
#11050=CARTESIAN_POINT('',(-0.596290252,0.735,5.345));
#11051=DIRECTION('',(0.,0.,-1.));
#11052=DIRECTION('',(-1.,0.,0.));
#11053=AXIS2_PLACEMENT_3D('',#11050,#11051,#11052);
#11054=CIRCLE('',#11053,0.1);
#11055=EDGE_CURVE('',#11009,#11049,#11054,.T.);
#11056=ORIENTED_EDGE('',*,*,#11055,.F.);
#11057=ORIENTED_EDGE('',*,*,#11038,.T.);
#11058=CARTESIAN_POINT('',(-0.502307555,0.76916508,5.225));
#11059=VERTEX_POINT('',#11058);
#11060=CARTESIAN_POINT('',(-0.596290252,0.735,5.225));
#11061=DIRECTION('',(0.,0.,-1.));
#11062=DIRECTION('',(-1.,0.,0.));
#11063=AXIS2_PLACEMENT_3D('',#11060,#11061,#11062);
#11064=CIRCLE('',#11063,0.1);
#11065=EDGE_CURVE('',#11027,#11059,#11064,.T.);
#11066=ORIENTED_EDGE('',*,*,#11065,.T.);
#11067=CARTESIAN_POINT('',(-0.502307555,0.76916508,5.345));
#11068=DIRECTION('',(-0.,-0.,-1.));
#11069=VECTOR('',#11068,0.12);
#11070=LINE('',#11067,#11069);
#11071=EDGE_CURVE('',#11049,#11059,#11070,.T.);
#11072=ORIENTED_EDGE('',*,*,#11071,.F.);
#11073=EDGE_LOOP('',(#11056,#11057,#11066,#11072));
#11074=FACE_BOUND('',#11073,.T.);
#11075=ADVANCED_FACE('',(#11074),#11047,.F.);
#11076=CARTESIAN_POINT('',(-0.545,1.,5.345));
#11077=DIRECTION('',(-0.56301606,0.826445955,0.));
#11078=DIRECTION('',(-0.826445955,-0.56301606,0.));
#11079=AXIS2_PLACEMENT_3D('',#11076,#11077,#11078);
#11080=PLANE('',#11079);
#11081=CARTESIAN_POINT('',(-0.603715622,0.96,5.345));
#11082=VERTEX_POINT('',#11081);
#11083=CARTESIAN_POINT('',(-0.653150803,0.926322298,5.345));
#11084=DIRECTION('',(0.826445955,0.56301606,-0.));
#11085=VECTOR('',#11084,0.059816593);
#11086=LINE('',#11083,#11085);
#11087=EDGE_CURVE('',#10977,#11082,#11086,.T.);
#11088=ORIENTED_EDGE('',*,*,#11087,.T.);
#11089=CARTESIAN_POINT('',(-0.545,1.,5.305));
#11090=VERTEX_POINT('',#11089);
#11091=CARTESIAN_POINT('',(-0.603715622,0.96,5.345));
#11092=DIRECTION('',(0.720151219,0.490602803,-0.490602803));
#11093=VECTOR('',#11092,0.081532351);
#11094=LINE('',#11091,#11093);
#11095=EDGE_CURVE('',#11082,#11090,#11094,.T.);
#11096=ORIENTED_EDGE('',*,*,#11095,.T.);
#11097=CARTESIAN_POINT('',(-0.545,1.,5.265));
#11098=VERTEX_POINT('',#11097);
#11099=CARTESIAN_POINT('',(-0.545,1.,5.265));
#11100=DIRECTION('',(0.,0.,1.));
#11101=VECTOR('',#11100,0.04);
#11102=LINE('',#11099,#11101);
#11103=EDGE_CURVE('',#11098,#11090,#11102,.T.);
#11104=ORIENTED_EDGE('',*,*,#11103,.F.);
#11105=CARTESIAN_POINT('',(-0.603715622,0.96,5.225));
#11106=VERTEX_POINT('',#11105);
#11107=CARTESIAN_POINT('',(-0.603715622,0.96,5.225));
#11108=DIRECTION('',(0.720151219,0.490602803,0.490602803));
#11109=VECTOR('',#11108,0.081532351);
#11110=LINE('',#11107,#11109);
#11111=EDGE_CURVE('',#11106,#11098,#11110,.T.);
#11112=ORIENTED_EDGE('',*,*,#11111,.F.);
#11113=CARTESIAN_POINT('',(-0.603715622,0.96,5.225));
#11114=DIRECTION('',(-0.826445955,-0.56301606,0.));
#11115=VECTOR('',#11114,0.059816593);
#11116=LINE('',#11113,#11115);
#11117=EDGE_CURVE('',#11106,#10986,#11116,.T.);
#11118=ORIENTED_EDGE('',*,*,#11117,.T.);
#11119=ORIENTED_EDGE('',*,*,#10991,.F.);
#11120=EDGE_LOOP('',(#11088,#11096,#11104,#11112,#11118,#11119));
#11121=FACE_BOUND('',#11120,.T.);
#11122=ADVANCED_FACE('',(#11121),#11080,.T.);
#11123=CARTESIAN_POINT('',(-0.5,1.,5.345));
#11124=DIRECTION('',(-0.,1.,0.));
#11125=DIRECTION('',(-1.,-0.,0.));
#11126=AXIS2_PLACEMENT_3D('',#11123,#11124,#11125);
#11127=PLANE('',#11126);
#11128=CARTESIAN_POINT('',(-0.5,1.,5.305));
#11129=VERTEX_POINT('',#11128);
#11130=CARTESIAN_POINT('',(-0.545,1.,5.305));
#11131=DIRECTION('',(1.,0.,-0.));
#11132=VECTOR('',#11131,0.045);
#11133=LINE('',#11130,#11132);
#11134=EDGE_CURVE('',#11090,#11129,#11133,.T.);
#11135=ORIENTED_EDGE('',*,*,#11134,.T.);
#11136=CARTESIAN_POINT('',(-0.5,1.,5.265));
#11137=VERTEX_POINT('',#11136);
#11138=CARTESIAN_POINT('',(-0.5,1.,5.305));
#11139=DIRECTION('',(-0.,-0.,-1.));
#11140=VECTOR('',#11139,0.04);
#11141=LINE('',#11138,#11140);
#11142=EDGE_CURVE('',#11129,#11137,#11141,.T.);
#11143=ORIENTED_EDGE('',*,*,#11142,.T.);
#11144=CARTESIAN_POINT('',(-0.545,1.,5.265));
#11145=DIRECTION('',(1.,0.,-0.));
#11146=VECTOR('',#11145,0.045);
#11147=LINE('',#11144,#11146);
#11148=EDGE_CURVE('',#11098,#11137,#11147,.T.);
#11149=ORIENTED_EDGE('',*,*,#11148,.F.);
#11150=ORIENTED_EDGE('',*,*,#11103,.T.);
#11151=EDGE_LOOP('',(#11135,#11143,#11149,#11150));
#11152=FACE_BOUND('',#11151,.T.);
#11153=ADVANCED_FACE('',(#11152),#11127,.T.);
#11154=CARTESIAN_POINT('',(-0.5225,0.98,5.325));
#11155=DIRECTION('',(-0.,0.707106781,0.707106781));
#11156=DIRECTION('',(-0.,0.707106781,-0.707106781));
#11157=AXIS2_PLACEMENT_3D('',#11154,#11155,#11156);
#11158=PLANE('',#11157);
#11159=CARTESIAN_POINT('',(-0.603715622,0.96,5.345));
#11160=DIRECTION('',(1.,0.,0.));
#11161=VECTOR('',#11160,0.108715622);
#11162=LINE('',#11159,#11161);
#11163=EDGE_CURVE('',#11082,#1957,#11162,.T.);
#11164=ORIENTED_EDGE('',*,*,#11163,.T.);
#11165=ORIENTED_EDGE('',*,*,#2002,.F.);
#11166=CARTESIAN_POINT('',(-0.495,0.994090909,5.310909091));
#11167=DIRECTION('',(-0.513436031,0.606788036,-0.606788036));
#11168=VECTOR('',#11167,0.009738311);
#11169=LINE('',#11166,#11168);
#11170=EDGE_CURVE('',#1991,#11129,#11169,.T.);
#11171=ORIENTED_EDGE('',*,*,#11170,.T.);
#11172=ORIENTED_EDGE('',*,*,#11134,.F.);
#11173=ORIENTED_EDGE('',*,*,#11095,.F.);
#11174=EDGE_LOOP('',(#11164,#11165,#11171,#11172,#11173));
#11175=FACE_BOUND('',#11174,.T.);
#11176=ADVANCED_FACE('',(#11175),#11158,.T.);
#11177=CARTESIAN_POINT('',(-0.39,0.87,5.345));
#11178=DIRECTION('',(0.763386285,0.645942241,0.));
#11179=DIRECTION('',(-0.645942241,0.763386285,0.));
#11180=AXIS2_PLACEMENT_3D('',#11177,#11178,#11179);
#11181=PLANE('',#11180);
#11182=ORIENTED_EDGE('',*,*,#1996,.F.);
#11183=CARTESIAN_POINT('',(-0.495,0.994090909,5.259090909));
#11184=DIRECTION('',(-0.513436031,0.606788036,0.606788036));
#11185=VECTOR('',#11184,0.009738311);
#11186=LINE('',#11183,#11185);
#11187=EDGE_CURVE('',#1983,#11137,#11186,.T.);
#11188=ORIENTED_EDGE('',*,*,#11187,.T.);
#11189=ORIENTED_EDGE('',*,*,#11142,.F.);
#11190=ORIENTED_EDGE('',*,*,#11170,.F.);
#11191=EDGE_LOOP('',(#11182,#11188,#11189,#11190));
#11192=FACE_BOUND('',#11191,.T.);
#11193=ADVANCED_FACE('',(#11192),#11181,.T.);
#11194=CARTESIAN_POINT('',(-0.5225,0.98,5.245));
#11195=DIRECTION('',(0.,-0.707106781,0.707106781));
#11196=DIRECTION('',(-0.,0.707106781,0.707106781));
#11197=AXIS2_PLACEMENT_3D('',#11194,#11195,#11196);
#11198=PLANE('',#11197);
#11199=CARTESIAN_POINT('',(-0.603715622,0.96,5.225));
#11200=DIRECTION('',(1.,0.,-0.));
#11201=VECTOR('',#11200,0.108715622);
#11202=LINE('',#11199,#11201);
#11203=EDGE_CURVE('',#11106,#1975,#11202,.T.);
#11204=ORIENTED_EDGE('',*,*,#11203,.F.);
#11205=ORIENTED_EDGE('',*,*,#11111,.T.);
#11206=ORIENTED_EDGE('',*,*,#11148,.T.);
#11207=ORIENTED_EDGE('',*,*,#11187,.F.);
#11208=ORIENTED_EDGE('',*,*,#1988,.T.);
#11209=EDGE_LOOP('',(#11204,#11205,#11206,#11207,#11208));
#11210=FACE_BOUND('',#11209,.T.);
#11211=ADVANCED_FACE('',(#11210),#11198,.F.);
#11212=CARTESIAN_POINT('',(-1.335697637,0.215754265,5.225));
#11213=DIRECTION('',(0.,0.,-1.));
#11214=DIRECTION('',(-1.,-0.,0.));
#11215=AXIS2_PLACEMENT_3D('',#11212,#11213,#11214);
#11216=PLANE('',#11215);
#11217=ORIENTED_EDGE('',*,*,#1980,.T.);
#11218=CARTESIAN_POINT('',(-0.502307555,0.76916508,5.225));
#11219=DIRECTION('',(0.341650801,-0.939826968,0.));
#11220=VECTOR('',#11219,0.021388959);
#11221=LINE('',#11218,#11220);
#11222=EDGE_CURVE('',#11059,#1967,#11221,.T.);
#11223=ORIENTED_EDGE('',*,*,#11222,.F.);
#11224=ORIENTED_EDGE('',*,*,#11065,.F.);
#11225=ORIENTED_EDGE('',*,*,#11032,.F.);
#11226=CARTESIAN_POINT('',(-0.625,0.885,5.225));
#11227=DIRECTION('',(0.,0.,-1.));
#11228=DIRECTION('',(-1.,0.,0.));
#11229=AXIS2_PLACEMENT_3D('',#11226,#11227,#11228);
#11230=CIRCLE('',#11229,0.05);
#11231=EDGE_CURVE('',#11019,#10967,#11230,.T.);
#11232=ORIENTED_EDGE('',*,*,#11231,.T.);
#11233=ORIENTED_EDGE('',*,*,#10998,.T.);
#11234=ORIENTED_EDGE('',*,*,#11117,.F.);
#11235=ORIENTED_EDGE('',*,*,#11203,.T.);
#11236=EDGE_LOOP('',(#11217,#11223,#11224,#11225,#11232,#11233,#11234,#11235));
#11237=FACE_BOUND('',#11236,.T.);
#11238=ADVANCED_FACE('',(#11237),#11216,.T.);
#11239=CARTESIAN_POINT('',(-0.502307555,0.76916508,5.345));
#11240=DIRECTION('',(-0.939826968,-0.341650801,0.));
#11241=DIRECTION('',(0.341650801,-0.939826968,0.));
#11242=AXIS2_PLACEMENT_3D('',#11239,#11240,#11241);
#11243=PLANE('',#11242);
#11244=ORIENTED_EDGE('',*,*,#1972,.F.);
#11245=CARTESIAN_POINT('',(-0.495,0.74906316,5.345));
#11246=DIRECTION('',(-0.341650801,0.939826968,-0.));
#11247=VECTOR('',#11246,0.021388959);
#11248=LINE('',#11245,#11247);
#11249=EDGE_CURVE('',#1959,#11049,#11248,.T.);
#11250=ORIENTED_EDGE('',*,*,#11249,.T.);
#11251=ORIENTED_EDGE('',*,*,#11071,.T.);
#11252=ORIENTED_EDGE('',*,*,#11222,.T.);
#11253=EDGE_LOOP('',(#11244,#11250,#11251,#11252));
#11254=FACE_BOUND('',#11253,.T.);
#11255=ADVANCED_FACE('',(#11254),#11243,.T.);
#11256=CARTESIAN_POINT('',(-1.087616119,-0.20066064,5.345));
#11257=DIRECTION('',(0.,0.,1.));
#11258=DIRECTION('',(1.,0.,0.));
#11259=AXIS2_PLACEMENT_3D('',#11256,#11257,#11258);
#11260=PLANE('',#11259);
#11261=ORIENTED_EDGE('',*,*,#1964,.F.);
#11262=ORIENTED_EDGE('',*,*,#11163,.F.);
#11263=ORIENTED_EDGE('',*,*,#11087,.F.);
#11264=ORIENTED_EDGE('',*,*,#10983,.F.);
#11265=CARTESIAN_POINT('',(-0.625,0.885,5.345));
#11266=DIRECTION('',(0.,0.,-1.));
#11267=DIRECTION('',(-1.,0.,0.));
#11268=AXIS2_PLACEMENT_3D('',#11265,#11266,#11267);
#11269=CIRCLE('',#11268,0.05);
#11270=EDGE_CURVE('',#11011,#10969,#11269,.T.);
#11271=ORIENTED_EDGE('',*,*,#11270,.F.);
#11272=ORIENTED_EDGE('',*,*,#11016,.F.);
#11273=ORIENTED_EDGE('',*,*,#11055,.T.);
#11274=ORIENTED_EDGE('',*,*,#11249,.F.);
#11275=EDGE_LOOP('',(#11261,#11262,#11263,#11264,#11271,#11272,#11273,#11274));
#11276=FACE_BOUND('',#11275,.T.);
#11277=ADVANCED_FACE('',(#11276),#11260,.T.);
#11278=CARTESIAN_POINT('',(-0.5,1.,4.145));
#11279=DIRECTION('',(-0.,1.,0.));
#11280=DIRECTION('',(-1.,-0.,0.));
#11281=AXIS2_PLACEMENT_3D('',#11278,#11279,#11280);
#11282=PLANE('',#11281);
#11283=CARTESIAN_POINT('',(-0.5,1.,4.105));
#11284=VERTEX_POINT('',#11283);
#11285=CARTESIAN_POINT('',(-0.545,1.,4.105));
#11286=VERTEX_POINT('',#11285);
#11287=CARTESIAN_POINT('',(-0.5,1.,4.105));
#11288=DIRECTION('',(-1.,-0.,-0.));
#11289=VECTOR('',#11288,0.045);
#11290=LINE('',#11287,#11289);
#11291=EDGE_CURVE('',#11284,#11286,#11290,.T.);
#11292=ORIENTED_EDGE('',*,*,#11291,.F.);
#11293=CARTESIAN_POINT('',(-0.5,1.,4.065));
#11294=VERTEX_POINT('',#11293);
#11295=CARTESIAN_POINT('',(-0.5,1.,4.105));
#11296=DIRECTION('',(-0.,-0.,-1.));
#11297=VECTOR('',#11296,0.04);
#11298=LINE('',#11295,#11297);
#11299=EDGE_CURVE('',#11284,#11294,#11298,.T.);
#11300=ORIENTED_EDGE('',*,*,#11299,.T.);
#11301=CARTESIAN_POINT('',(-0.545,1.,4.065));
#11302=VERTEX_POINT('',#11301);
#11303=CARTESIAN_POINT('',(-0.5,1.,4.065));
#11304=DIRECTION('',(-1.,-0.,0.));
#11305=VECTOR('',#11304,0.045);
#11306=LINE('',#11303,#11305);
#11307=EDGE_CURVE('',#11294,#11302,#11306,.T.);
#11308=ORIENTED_EDGE('',*,*,#11307,.T.);
#11309=CARTESIAN_POINT('',(-0.545,1.,4.105));
#11310=DIRECTION('',(-0.,-0.,-1.));
#11311=VECTOR('',#11310,0.04);
#11312=LINE('',#11309,#11311);
#11313=EDGE_CURVE('',#11286,#11302,#11312,.T.);
#11314=ORIENTED_EDGE('',*,*,#11313,.F.);
#11315=EDGE_LOOP('',(#11292,#11300,#11308,#11314));
#11316=FACE_BOUND('',#11315,.T.);
#11317=ADVANCED_FACE('',(#11316),#11282,.T.);
#11318=CARTESIAN_POINT('',(-0.625,0.835,4.145));
#11319=DIRECTION('',(0.,-1.,0.));
#11320=DIRECTION('',(1.,0.,0.));
#11321=AXIS2_PLACEMENT_3D('',#11318,#11319,#11320);
#11322=PLANE('',#11321);
#11323=CARTESIAN_POINT('',(-0.596290252,0.835,4.145));
#11324=VERTEX_POINT('',#11323);
#11325=CARTESIAN_POINT('',(-0.625,0.835,4.145));
#11326=VERTEX_POINT('',#11325);
#11327=CARTESIAN_POINT('',(-0.596290252,0.835,4.145));
#11328=DIRECTION('',(-1.,-0.,-0.));
#11329=VECTOR('',#11328,0.028709748);
#11330=LINE('',#11327,#11329);
#11331=EDGE_CURVE('',#11324,#11326,#11330,.T.);
#11332=ORIENTED_EDGE('',*,*,#11331,.T.);
#11333=CARTESIAN_POINT('',(-0.625,0.835,4.025));
#11334=VERTEX_POINT('',#11333);
#11335=CARTESIAN_POINT('',(-0.625,0.835,4.145));
#11336=DIRECTION('',(-0.,-0.,-1.));
#11337=VECTOR('',#11336,0.12);
#11338=LINE('',#11335,#11337);
#11339=EDGE_CURVE('',#11326,#11334,#11338,.T.);
#11340=ORIENTED_EDGE('',*,*,#11339,.T.);
#11341=CARTESIAN_POINT('',(-0.596290252,0.835,4.025));
#11342=VERTEX_POINT('',#11341);
#11343=CARTESIAN_POINT('',(-0.596290252,0.835,4.025));
#11344=DIRECTION('',(-1.,-0.,0.));
#11345=VECTOR('',#11344,0.028709748);
#11346=LINE('',#11343,#11345);
#11347=EDGE_CURVE('',#11342,#11334,#11346,.T.);
#11348=ORIENTED_EDGE('',*,*,#11347,.F.);
#11349=CARTESIAN_POINT('',(-0.596290252,0.835,4.145));
#11350=DIRECTION('',(0.,0.,-1.));
#11351=VECTOR('',#11350,0.12);
#11352=LINE('',#11349,#11351);
#11353=EDGE_CURVE('',#11324,#11342,#11352,.T.);
#11354=ORIENTED_EDGE('',*,*,#11353,.F.);
#11355=EDGE_LOOP('',(#11332,#11340,#11348,#11354));
#11356=FACE_BOUND('',#11355,.T.);
#11357=ADVANCED_FACE('',(#11356),#11322,.T.);
#11358=CARTESIAN_POINT('',(-0.625,0.885,4.145));
#11359=DIRECTION('',(-0.,0.,-1.));
#11360=DIRECTION('',(-1.,-0.,0.));
#11361=AXIS2_PLACEMENT_3D('',#11358,#11359,#11360);
#11362=CYLINDRICAL_SURFACE('',#11361,0.05);
#11363=CARTESIAN_POINT('',(-0.675,0.885,4.025));
#11364=VERTEX_POINT('',#11363);
#11365=CARTESIAN_POINT('',(-0.675,0.885,4.145));
#11366=VERTEX_POINT('',#11365);
#11367=CARTESIAN_POINT('',(-0.675,0.885,4.025));
#11368=DIRECTION('',(-0.,-0.,1.));
#11369=VECTOR('',#11368,0.12);
#11370=LINE('',#11367,#11369);
#11371=EDGE_CURVE('',#11364,#11366,#11370,.T.);
#11372=ORIENTED_EDGE('',*,*,#11371,.T.);
#11373=CARTESIAN_POINT('',(-0.653150803,0.926322298,4.145));
#11374=VERTEX_POINT('',#11373);
#11375=CARTESIAN_POINT('',(-0.625,0.885,4.145));
#11376=DIRECTION('',(0.,0.,-1.));
#11377=DIRECTION('',(-1.,0.,0.));
#11378=AXIS2_PLACEMENT_3D('',#11375,#11376,#11377);
#11379=CIRCLE('',#11378,0.05);
#11380=EDGE_CURVE('',#11366,#11374,#11379,.T.);
#11381=ORIENTED_EDGE('',*,*,#11380,.T.);
#11382=CARTESIAN_POINT('',(-0.653150803,0.926322298,4.025));
#11383=VERTEX_POINT('',#11382);
#11384=CARTESIAN_POINT('',(-0.653150803,0.926322298,4.145));
#11385=DIRECTION('',(0.,0.,-1.));
#11386=VECTOR('',#11385,0.12);
#11387=LINE('',#11384,#11386);
#11388=EDGE_CURVE('',#11374,#11383,#11387,.T.);
#11389=ORIENTED_EDGE('',*,*,#11388,.T.);
#11390=CARTESIAN_POINT('',(-0.625,0.885,4.025));
#11391=DIRECTION('',(0.,0.,-1.));
#11392=DIRECTION('',(-1.,0.,0.));
#11393=AXIS2_PLACEMENT_3D('',#11390,#11391,#11392);
#11394=CIRCLE('',#11393,0.05);
#11395=EDGE_CURVE('',#11364,#11383,#11394,.T.);
#11396=ORIENTED_EDGE('',*,*,#11395,.F.);
#11397=EDGE_LOOP('',(#11372,#11381,#11389,#11396));
#11398=FACE_BOUND('',#11397,.T.);
#11399=ADVANCED_FACE('',(#11398),#11362,.T.);
#11400=CARTESIAN_POINT('',(-0.545,1.,4.145));
#11401=DIRECTION('',(-0.56301606,0.826445955,0.));
#11402=DIRECTION('',(-0.826445955,-0.56301606,0.));
#11403=AXIS2_PLACEMENT_3D('',#11400,#11401,#11402);
#11404=PLANE('',#11403);
#11405=CARTESIAN_POINT('',(-0.603715622,0.96,4.145));
#11406=VERTEX_POINT('',#11405);
#11407=CARTESIAN_POINT('',(-0.653150803,0.926322298,4.145));
#11408=DIRECTION('',(0.826445955,0.56301606,-0.));
#11409=VECTOR('',#11408,0.059816593);
#11410=LINE('',#11407,#11409);
#11411=EDGE_CURVE('',#11374,#11406,#11410,.T.);
#11412=ORIENTED_EDGE('',*,*,#11411,.T.);
#11413=CARTESIAN_POINT('',(-0.603715622,0.96,4.145));
#11414=DIRECTION('',(0.720151219,0.490602803,-0.490602803));
#11415=VECTOR('',#11414,0.081532351);
#11416=LINE('',#11413,#11415);
#11417=EDGE_CURVE('',#11406,#11286,#11416,.T.);
#11418=ORIENTED_EDGE('',*,*,#11417,.T.);
#11419=ORIENTED_EDGE('',*,*,#11313,.T.);
#11420=CARTESIAN_POINT('',(-0.603715622,0.96,4.025));
#11421=VERTEX_POINT('',#11420);
#11422=CARTESIAN_POINT('',(-0.545,1.,4.065));
#11423=DIRECTION('',(-0.720151219,-0.490602803,-0.490602803));
#11424=VECTOR('',#11423,0.081532351);
#11425=LINE('',#11422,#11424);
#11426=EDGE_CURVE('',#11302,#11421,#11425,.T.);
#11427=ORIENTED_EDGE('',*,*,#11426,.T.);
#11428=CARTESIAN_POINT('',(-0.653150803,0.926322298,4.025));
#11429=DIRECTION('',(0.826445955,0.56301606,0.));
#11430=VECTOR('',#11429,0.059816593);
#11431=LINE('',#11428,#11430);
#11432=EDGE_CURVE('',#11383,#11421,#11431,.T.);
#11433=ORIENTED_EDGE('',*,*,#11432,.F.);
#11434=ORIENTED_EDGE('',*,*,#11388,.F.);
#11435=EDGE_LOOP('',(#11412,#11418,#11419,#11427,#11433,#11434));
#11436=FACE_BOUND('',#11435,.T.);
#11437=ADVANCED_FACE('',(#11436),#11404,.T.);
#11438=CARTESIAN_POINT('',(-0.596290252,0.735,4.145));
#11439=DIRECTION('',(-0.,0.,-1.));
#11440=DIRECTION('',(-1.,-0.,0.));
#11441=AXIS2_PLACEMENT_3D('',#11438,#11439,#11440);
#11442=CYLINDRICAL_SURFACE('',#11441,0.1);
#11443=CARTESIAN_POINT('',(-0.502307555,0.76916508,4.145));
#11444=VERTEX_POINT('',#11443);
#11445=CARTESIAN_POINT('',(-0.596290252,0.735,4.145));
#11446=DIRECTION('',(0.,0.,-1.));
#11447=DIRECTION('',(-1.,0.,0.));
#11448=AXIS2_PLACEMENT_3D('',#11445,#11446,#11447);
#11449=CIRCLE('',#11448,0.1);
#11450=EDGE_CURVE('',#11324,#11444,#11449,.T.);
#11451=ORIENTED_EDGE('',*,*,#11450,.F.);
#11452=ORIENTED_EDGE('',*,*,#11353,.T.);
#11453=CARTESIAN_POINT('',(-0.502307555,0.76916508,4.025));
#11454=VERTEX_POINT('',#11453);
#11455=CARTESIAN_POINT('',(-0.596290252,0.735,4.025));
#11456=DIRECTION('',(0.,0.,-1.));
#11457=DIRECTION('',(-1.,0.,0.));
#11458=AXIS2_PLACEMENT_3D('',#11455,#11456,#11457);
#11459=CIRCLE('',#11458,0.1);
#11460=EDGE_CURVE('',#11342,#11454,#11459,.T.);
#11461=ORIENTED_EDGE('',*,*,#11460,.T.);
#11462=CARTESIAN_POINT('',(-0.502307555,0.76916508,4.145));
#11463=DIRECTION('',(-0.,-0.,-1.));
#11464=VECTOR('',#11463,0.12);
#11465=LINE('',#11462,#11464);
#11466=EDGE_CURVE('',#11444,#11454,#11465,.T.);
#11467=ORIENTED_EDGE('',*,*,#11466,.F.);
#11468=EDGE_LOOP('',(#11451,#11452,#11461,#11467));
#11469=FACE_BOUND('',#11468,.T.);
#11470=ADVANCED_FACE('',(#11469),#11442,.F.);
#11471=CARTESIAN_POINT('',(-0.502307555,0.76916508,4.145));
#11472=DIRECTION('',(-0.939826968,-0.341650801,0.));
#11473=DIRECTION('',(0.341650801,-0.939826968,0.));
#11474=AXIS2_PLACEMENT_3D('',#11471,#11472,#11473);
#11475=PLANE('',#11474);
#11476=ORIENTED_EDGE('',*,*,#1902,.F.);
#11477=CARTESIAN_POINT('',(-0.495,0.74906316,4.145));
#11478=DIRECTION('',(-0.341650801,0.939826968,-0.));
#11479=VECTOR('',#11478,0.021388959);
#11480=LINE('',#11477,#11479);
#11481=EDGE_CURVE('',#1891,#11444,#11480,.T.);
#11482=ORIENTED_EDGE('',*,*,#11481,.T.);
#11483=ORIENTED_EDGE('',*,*,#11466,.T.);
#11484=CARTESIAN_POINT('',(-0.495,0.74906316,4.025));
#11485=DIRECTION('',(-0.341650801,0.939826968,0.));
#11486=VECTOR('',#11485,0.021388959);
#11487=LINE('',#11484,#11486);
#11488=EDGE_CURVE('',#1857,#11454,#11487,.T.);
#11489=ORIENTED_EDGE('',*,*,#11488,.F.);
#11490=EDGE_LOOP('',(#11476,#11482,#11483,#11489));
#11491=FACE_BOUND('',#11490,.T.);
#11492=ADVANCED_FACE('',(#11491),#11475,.T.);
#11493=CARTESIAN_POINT('',(-1.087616119,-0.20066064,4.145));
#11494=DIRECTION('',(0.,0.,1.));
#11495=DIRECTION('',(1.,0.,0.));
#11496=AXIS2_PLACEMENT_3D('',#11493,#11494,#11495);
#11497=PLANE('',#11496);
#11498=ORIENTED_EDGE('',*,*,#1896,.F.);
#11499=CARTESIAN_POINT('',(-0.495,0.96,4.145));
#11500=DIRECTION('',(-1.,-0.,-0.));
#11501=VECTOR('',#11500,0.108715622);
#11502=LINE('',#11499,#11501);
#11503=EDGE_CURVE('',#1883,#11406,#11502,.T.);
#11504=ORIENTED_EDGE('',*,*,#11503,.T.);
#11505=ORIENTED_EDGE('',*,*,#11411,.F.);
#11506=ORIENTED_EDGE('',*,*,#11380,.F.);
#11507=CARTESIAN_POINT('',(-0.625,0.885,4.145));
#11508=DIRECTION('',(0.,0.,-1.));
#11509=DIRECTION('',(-1.,0.,0.));
#11510=AXIS2_PLACEMENT_3D('',#11507,#11508,#11509);
#11511=CIRCLE('',#11510,0.05);
#11512=EDGE_CURVE('',#11326,#11366,#11511,.T.);
#11513=ORIENTED_EDGE('',*,*,#11512,.F.);
#11514=ORIENTED_EDGE('',*,*,#11331,.F.);
#11515=ORIENTED_EDGE('',*,*,#11450,.T.);
#11516=ORIENTED_EDGE('',*,*,#11481,.F.);
#11517=EDGE_LOOP('',(#11498,#11504,#11505,#11506,#11513,#11514,#11515,#11516));
#11518=FACE_BOUND('',#11517,.T.);
#11519=ADVANCED_FACE('',(#11518),#11497,.T.);
#11520=CARTESIAN_POINT('',(-0.5225,0.98,4.125));
#11521=DIRECTION('',(-0.,0.707106781,0.707106781));
#11522=DIRECTION('',(-0.,0.707106781,-0.707106781));
#11523=AXIS2_PLACEMENT_3D('',#11520,#11521,#11522);
#11524=PLANE('',#11523);
#11525=ORIENTED_EDGE('',*,*,#11503,.F.);
#11526=ORIENTED_EDGE('',*,*,#1888,.F.);
#11527=CARTESIAN_POINT('',(-0.495,0.994090909,4.110909091));
#11528=DIRECTION('',(-0.513436031,0.606788036,-0.606788036));
#11529=VECTOR('',#11528,0.009738311);
#11530=LINE('',#11527,#11529);
#11531=EDGE_CURVE('',#1875,#11284,#11530,.T.);
#11532=ORIENTED_EDGE('',*,*,#11531,.T.);
#11533=ORIENTED_EDGE('',*,*,#11291,.T.);
#11534=ORIENTED_EDGE('',*,*,#11417,.F.);
#11535=EDGE_LOOP('',(#11525,#11526,#11532,#11533,#11534));
#11536=FACE_BOUND('',#11535,.T.);
#11537=ADVANCED_FACE('',(#11536),#11524,.T.);
#11538=CARTESIAN_POINT('',(-0.39,0.87,4.145));
#11539=DIRECTION('',(0.763386285,0.645942241,0.));
#11540=DIRECTION('',(-0.645942241,0.763386285,0.));
#11541=AXIS2_PLACEMENT_3D('',#11538,#11539,#11540);
#11542=PLANE('',#11541);
#11543=ORIENTED_EDGE('',*,*,#1880,.F.);
#11544=CARTESIAN_POINT('',(-0.495,0.994090909,4.059090909));
#11545=DIRECTION('',(-0.513436031,0.606788036,0.606788036));
#11546=VECTOR('',#11545,0.009738311);
#11547=LINE('',#11544,#11546);
#11548=EDGE_CURVE('',#1867,#11294,#11547,.T.);
#11549=ORIENTED_EDGE('',*,*,#11548,.T.);
#11550=ORIENTED_EDGE('',*,*,#11299,.F.);
#11551=ORIENTED_EDGE('',*,*,#11531,.F.);
#11552=EDGE_LOOP('',(#11543,#11549,#11550,#11551));
#11553=FACE_BOUND('',#11552,.T.);
#11554=ADVANCED_FACE('',(#11553),#11542,.T.);
#11555=CARTESIAN_POINT('',(-0.5225,0.98,4.045));
#11556=DIRECTION('',(0.,-0.707106781,0.707106781));
#11557=DIRECTION('',(-0.,0.707106781,0.707106781));
#11558=AXIS2_PLACEMENT_3D('',#11555,#11556,#11557);
#11559=PLANE('',#11558);
#11560=CARTESIAN_POINT('',(-0.603715622,0.96,4.025));
#11561=DIRECTION('',(1.,0.,-0.));
#11562=VECTOR('',#11561,0.108715622);
#11563=LINE('',#11560,#11562);
#11564=EDGE_CURVE('',#11421,#1859,#11563,.T.);
#11565=ORIENTED_EDGE('',*,*,#11564,.F.);
#11566=ORIENTED_EDGE('',*,*,#11426,.F.);
#11567=ORIENTED_EDGE('',*,*,#11307,.F.);
#11568=ORIENTED_EDGE('',*,*,#11548,.F.);
#11569=ORIENTED_EDGE('',*,*,#1872,.T.);
#11570=EDGE_LOOP('',(#11565,#11566,#11567,#11568,#11569));
#11571=FACE_BOUND('',#11570,.T.);
#11572=ADVANCED_FACE('',(#11571),#11559,.F.);
#11573=CARTESIAN_POINT('',(-1.335697637,0.215754265,4.025));
#11574=DIRECTION('',(0.,0.,-1.));
#11575=DIRECTION('',(-1.,-0.,0.));
#11576=AXIS2_PLACEMENT_3D('',#11573,#11574,#11575);
#11577=PLANE('',#11576);
#11578=ORIENTED_EDGE('',*,*,#1864,.F.);
#11579=ORIENTED_EDGE('',*,*,#11488,.T.);
#11580=ORIENTED_EDGE('',*,*,#11460,.F.);
#11581=ORIENTED_EDGE('',*,*,#11347,.T.);
#11582=CARTESIAN_POINT('',(-0.625,0.885,4.025));
#11583=DIRECTION('',(0.,0.,-1.));
#11584=DIRECTION('',(-1.,0.,0.));
#11585=AXIS2_PLACEMENT_3D('',#11582,#11583,#11584);
#11586=CIRCLE('',#11585,0.05);
#11587=EDGE_CURVE('',#11334,#11364,#11586,.T.);
#11588=ORIENTED_EDGE('',*,*,#11587,.T.);
#11589=ORIENTED_EDGE('',*,*,#11395,.T.);
#11590=ORIENTED_EDGE('',*,*,#11432,.T.);
#11591=ORIENTED_EDGE('',*,*,#11564,.T.);
#11592=EDGE_LOOP('',(#11578,#11579,#11580,#11581,#11588,#11589,#11590,#11591));
#11593=FACE_BOUND('',#11592,.T.);
#11594=ADVANCED_FACE('',(#11593),#11577,.T.);
#11595=CARTESIAN_POINT('',(0.5,1.,5.625));
#11596=DIRECTION('',(0.,1.,0.));
#11597=DIRECTION('',(1.,0.,0.));
#11598=AXIS2_PLACEMENT_3D('',#11595,#11596,#11597);
#11599=PLANE('',#11598);
#11600=CARTESIAN_POINT('',(0.545,1.,5.665));
#11601=VERTEX_POINT('',#11600);
#11602=CARTESIAN_POINT('',(0.5,1.,5.665));
#11603=VERTEX_POINT('',#11602);
#11604=CARTESIAN_POINT('',(0.545,1.,5.665));
#11605=DIRECTION('',(-1.,-0.,0.));
#11606=VECTOR('',#11605,0.045);
#11607=LINE('',#11604,#11606);
#11608=EDGE_CURVE('',#11601,#11603,#11607,.T.);
#11609=ORIENTED_EDGE('',*,*,#11608,.T.);
#11610=CARTESIAN_POINT('',(0.5,1.,5.705));
#11611=VERTEX_POINT('',#11610);
#11612=CARTESIAN_POINT('',(0.5,1.,5.705));
#11613=DIRECTION('',(0.,0.,-1.));
#11614=VECTOR('',#11613,0.04);
#11615=LINE('',#11612,#11614);
#11616=EDGE_CURVE('',#11611,#11603,#11615,.T.);
#11617=ORIENTED_EDGE('',*,*,#11616,.F.);
#11618=CARTESIAN_POINT('',(0.545,1.,5.705));
#11619=VERTEX_POINT('',#11618);
#11620=CARTESIAN_POINT('',(0.545,1.,5.705));
#11621=DIRECTION('',(-1.,0.,-0.));
#11622=VECTOR('',#11621,0.045);
#11623=LINE('',#11620,#11622);
#11624=EDGE_CURVE('',#11619,#11611,#11623,.T.);
#11625=ORIENTED_EDGE('',*,*,#11624,.F.);
#11626=CARTESIAN_POINT('',(0.545,1.,5.705));
#11627=DIRECTION('',(0.,0.,-1.));
#11628=VECTOR('',#11627,0.04);
#11629=LINE('',#11626,#11628);
#11630=EDGE_CURVE('',#11619,#11601,#11629,.T.);
#11631=ORIENTED_EDGE('',*,*,#11630,.T.);
#11632=EDGE_LOOP('',(#11609,#11617,#11625,#11631));
#11633=FACE_BOUND('',#11632,.T.);
#11634=ADVANCED_FACE('',(#11633),#11599,.T.);
#11635=CARTESIAN_POINT('',(0.625,0.835,5.625));
#11636=DIRECTION('',(0.,-1.,0.));
#11637=DIRECTION('',(-1.,0.,0.));
#11638=AXIS2_PLACEMENT_3D('',#11635,#11636,#11637);
#11639=PLANE('',#11638);
#11640=CARTESIAN_POINT('',(0.596290252,0.835,5.625));
#11641=VERTEX_POINT('',#11640);
#11642=CARTESIAN_POINT('',(0.625,0.835,5.625));
#11643=VERTEX_POINT('',#11642);
#11644=CARTESIAN_POINT('',(0.596290252,0.835,5.625));
#11645=DIRECTION('',(1.,-0.,-0.));
#11646=VECTOR('',#11645,0.028709748);
#11647=LINE('',#11644,#11646);
#11648=EDGE_CURVE('',#11641,#11643,#11647,.T.);
#11649=ORIENTED_EDGE('',*,*,#11648,.T.);
#11650=CARTESIAN_POINT('',(0.625,0.835,5.745));
#11651=VERTEX_POINT('',#11650);
#11652=CARTESIAN_POINT('',(0.625,0.835,5.625));
#11653=DIRECTION('',(-0.,-0.,1.));
#11654=VECTOR('',#11653,0.12);
#11655=LINE('',#11652,#11654);
#11656=EDGE_CURVE('',#11643,#11651,#11655,.T.);
#11657=ORIENTED_EDGE('',*,*,#11656,.T.);
#11658=CARTESIAN_POINT('',(0.596290252,0.835,5.745));
#11659=VERTEX_POINT('',#11658);
#11660=CARTESIAN_POINT('',(0.596290252,0.835,5.745));
#11661=DIRECTION('',(1.,0.,-0.));
#11662=VECTOR('',#11661,0.028709748);
#11663=LINE('',#11660,#11662);
#11664=EDGE_CURVE('',#11659,#11651,#11663,.T.);
#11665=ORIENTED_EDGE('',*,*,#11664,.F.);
#11666=CARTESIAN_POINT('',(0.596290252,0.835,5.625));
#11667=DIRECTION('',(0.,0.,1.));
#11668=VECTOR('',#11667,0.12);
#11669=LINE('',#11666,#11668);
#11670=EDGE_CURVE('',#11641,#11659,#11669,.T.);
#11671=ORIENTED_EDGE('',*,*,#11670,.F.);
#11672=EDGE_LOOP('',(#11649,#11657,#11665,#11671));
#11673=FACE_BOUND('',#11672,.T.);
#11674=ADVANCED_FACE('',(#11673),#11639,.T.);
#11675=CARTESIAN_POINT('',(0.625,0.885,5.625));
#11676=DIRECTION('',(0.,0.,1.));
#11677=DIRECTION('',(1.,0.,-0.));
#11678=AXIS2_PLACEMENT_3D('',#11675,#11676,#11677);
#11679=CYLINDRICAL_SURFACE('',#11678,0.05);
#11680=CARTESIAN_POINT('',(0.675,0.885,5.745));
#11681=VERTEX_POINT('',#11680);
#11682=CARTESIAN_POINT('',(0.675,0.885,5.625));
#11683=VERTEX_POINT('',#11682);
#11684=CARTESIAN_POINT('',(0.675,0.885,5.745));
#11685=DIRECTION('',(-0.,-0.,-1.));
#11686=VECTOR('',#11685,0.12);
#11687=LINE('',#11684,#11686);
#11688=EDGE_CURVE('',#11681,#11683,#11687,.T.);
#11689=ORIENTED_EDGE('',*,*,#11688,.T.);
#11690=CARTESIAN_POINT('',(0.653150803,0.926322298,5.625));
#11691=VERTEX_POINT('',#11690);
#11692=CARTESIAN_POINT('',(0.625,0.885,5.625));
#11693=DIRECTION('',(0.,0.,1.));
#11694=DIRECTION('',(1.,0.,-0.));
#11695=AXIS2_PLACEMENT_3D('',#11692,#11693,#11694);
#11696=CIRCLE('',#11695,0.05);
#11697=EDGE_CURVE('',#11683,#11691,#11696,.T.);
#11698=ORIENTED_EDGE('',*,*,#11697,.T.);
#11699=CARTESIAN_POINT('',(0.653150803,0.926322298,5.745));
#11700=VERTEX_POINT('',#11699);
#11701=CARTESIAN_POINT('',(0.653150803,0.926322298,5.625));
#11702=DIRECTION('',(0.,0.,1.));
#11703=VECTOR('',#11702,0.12);
#11704=LINE('',#11701,#11703);
#11705=EDGE_CURVE('',#11691,#11700,#11704,.T.);
#11706=ORIENTED_EDGE('',*,*,#11705,.T.);
#11707=CARTESIAN_POINT('',(0.625,0.885,5.745));
#11708=DIRECTION('',(0.,0.,1.));
#11709=DIRECTION('',(1.,0.,-0.));
#11710=AXIS2_PLACEMENT_3D('',#11707,#11708,#11709);
#11711=CIRCLE('',#11710,0.05);
#11712=EDGE_CURVE('',#11681,#11700,#11711,.T.);
#11713=ORIENTED_EDGE('',*,*,#11712,.F.);
#11714=EDGE_LOOP('',(#11689,#11698,#11706,#11713));
#11715=FACE_BOUND('',#11714,.T.);
#11716=ADVANCED_FACE('',(#11715),#11679,.T.);
#11717=CARTESIAN_POINT('',(0.545,1.,5.625));
#11718=DIRECTION('',(0.56301606,0.826445955,0.));
#11719=DIRECTION('',(0.826445955,-0.56301606,0.));
#11720=AXIS2_PLACEMENT_3D('',#11717,#11718,#11719);
#11721=PLANE('',#11720);
#11722=CARTESIAN_POINT('',(0.603715622,0.96,5.625));
#11723=VERTEX_POINT('',#11722);
#11724=CARTESIAN_POINT('',(0.653150803,0.926322298,5.625));
#11725=DIRECTION('',(-0.826445955,0.56301606,-0.));
#11726=VECTOR('',#11725,0.059816593);
#11727=LINE('',#11724,#11726);
#11728=EDGE_CURVE('',#11691,#11723,#11727,.T.);
#11729=ORIENTED_EDGE('',*,*,#11728,.T.);
#11730=CARTESIAN_POINT('',(0.603715622,0.96,5.625));
#11731=DIRECTION('',(-0.720151219,0.490602803,0.490602803));
#11732=VECTOR('',#11731,0.081532351);
#11733=LINE('',#11730,#11732);
#11734=EDGE_CURVE('',#11723,#11601,#11733,.T.);
#11735=ORIENTED_EDGE('',*,*,#11734,.T.);
#11736=ORIENTED_EDGE('',*,*,#11630,.F.);
#11737=CARTESIAN_POINT('',(0.603715622,0.96,5.745));
#11738=VERTEX_POINT('',#11737);
#11739=CARTESIAN_POINT('',(0.603715622,0.96,5.745));
#11740=DIRECTION('',(-0.720151219,0.490602803,-0.490602803));
#11741=VECTOR('',#11740,0.081532351);
#11742=LINE('',#11739,#11741);
#11743=EDGE_CURVE('',#11738,#11619,#11742,.T.);
#11744=ORIENTED_EDGE('',*,*,#11743,.F.);
#11745=CARTESIAN_POINT('',(0.653150803,0.926322298,5.745));
#11746=DIRECTION('',(-0.826445955,0.56301606,0.));
#11747=VECTOR('',#11746,0.059816593);
#11748=LINE('',#11745,#11747);
#11749=EDGE_CURVE('',#11700,#11738,#11748,.T.);
#11750=ORIENTED_EDGE('',*,*,#11749,.F.);
#11751=ORIENTED_EDGE('',*,*,#11705,.F.);
#11752=EDGE_LOOP('',(#11729,#11735,#11736,#11744,#11750,#11751));
#11753=FACE_BOUND('',#11752,.T.);
#11754=ADVANCED_FACE('',(#11753),#11721,.T.);
#11755=CARTESIAN_POINT('',(0.596290252,0.735,5.625));
#11756=DIRECTION('',(0.,0.,1.));
#11757=DIRECTION('',(1.,0.,-0.));
#11758=AXIS2_PLACEMENT_3D('',#11755,#11756,#11757);
#11759=CYLINDRICAL_SURFACE('',#11758,0.1);
#11760=CARTESIAN_POINT('',(0.502307555,0.76916508,5.625));
#11761=VERTEX_POINT('',#11760);
#11762=CARTESIAN_POINT('',(0.596290252,0.735,5.625));
#11763=DIRECTION('',(0.,0.,1.));
#11764=DIRECTION('',(1.,0.,-0.));
#11765=AXIS2_PLACEMENT_3D('',#11762,#11763,#11764);
#11766=CIRCLE('',#11765,0.1);
#11767=EDGE_CURVE('',#11641,#11761,#11766,.T.);
#11768=ORIENTED_EDGE('',*,*,#11767,.F.);
#11769=ORIENTED_EDGE('',*,*,#11670,.T.);
#11770=CARTESIAN_POINT('',(0.502307555,0.76916508,5.745));
#11771=VERTEX_POINT('',#11770);
#11772=CARTESIAN_POINT('',(0.596290252,0.735,5.745));
#11773=DIRECTION('',(0.,0.,1.));
#11774=DIRECTION('',(1.,0.,-0.));
#11775=AXIS2_PLACEMENT_3D('',#11772,#11773,#11774);
#11776=CIRCLE('',#11775,0.1);
#11777=EDGE_CURVE('',#11659,#11771,#11776,.T.);
#11778=ORIENTED_EDGE('',*,*,#11777,.T.);
#11779=CARTESIAN_POINT('',(0.502307555,0.76916508,5.625));
#11780=DIRECTION('',(-0.,-0.,1.));
#11781=VECTOR('',#11780,0.12);
#11782=LINE('',#11779,#11781);
#11783=EDGE_CURVE('',#11761,#11771,#11782,.T.);
#11784=ORIENTED_EDGE('',*,*,#11783,.F.);
#11785=EDGE_LOOP('',(#11768,#11769,#11778,#11784));
#11786=FACE_BOUND('',#11785,.T.);
#11787=ADVANCED_FACE('',(#11786),#11759,.F.);
#11788=CARTESIAN_POINT('',(0.502307555,0.76916508,5.625));
#11789=DIRECTION('',(0.939826968,-0.341650801,0.));
#11790=DIRECTION('',(-0.341650801,-0.939826968,0.));
#11791=AXIS2_PLACEMENT_3D('',#11788,#11789,#11790);
#11792=PLANE('',#11791);
#11793=ORIENTED_EDGE('',*,*,#1762,.T.);
#11794=CARTESIAN_POINT('',(0.495,0.74906316,5.625));
#11795=DIRECTION('',(0.341650801,0.939826968,-0.));
#11796=VECTOR('',#11795,0.021388959);
#11797=LINE('',#11794,#11796);
#11798=EDGE_CURVE('',#1751,#11761,#11797,.T.);
#11799=ORIENTED_EDGE('',*,*,#11798,.T.);
#11800=ORIENTED_EDGE('',*,*,#11783,.T.);
#11801=CARTESIAN_POINT('',(0.502307555,0.76916508,5.745));
#11802=DIRECTION('',(-0.341650801,-0.939826968,0.));
#11803=VECTOR('',#11802,0.021388959);
#11804=LINE('',#11801,#11803);
#11805=EDGE_CURVE('',#11771,#1719,#11804,.T.);
#11806=ORIENTED_EDGE('',*,*,#11805,.T.);
#11807=EDGE_LOOP('',(#11793,#11799,#11800,#11806));
#11808=FACE_BOUND('',#11807,.T.);
#11809=ADVANCED_FACE('',(#11808),#11792,.T.);
#11810=CARTESIAN_POINT('',(1.087616119,-0.20066064,5.625));
#11811=DIRECTION('',(0.,0.,-1.));
#11812=DIRECTION('',(-1.,0.,0.));
#11813=AXIS2_PLACEMENT_3D('',#11810,#11811,#11812);
#11814=PLANE('',#11813);
#11815=ORIENTED_EDGE('',*,*,#1756,.T.);
#11816=CARTESIAN_POINT('',(0.603715622,0.96,5.625));
#11817=DIRECTION('',(-1.,0.,0.));
#11818=VECTOR('',#11817,0.108715622);
#11819=LINE('',#11816,#11818);
#11820=EDGE_CURVE('',#11723,#1743,#11819,.T.);
#11821=ORIENTED_EDGE('',*,*,#11820,.F.);
#11822=ORIENTED_EDGE('',*,*,#11728,.F.);
#11823=ORIENTED_EDGE('',*,*,#11697,.F.);
#11824=CARTESIAN_POINT('',(0.625,0.885,5.625));
#11825=DIRECTION('',(0.,0.,1.));
#11826=DIRECTION('',(1.,0.,-0.));
#11827=AXIS2_PLACEMENT_3D('',#11824,#11825,#11826);
#11828=CIRCLE('',#11827,0.05);
#11829=EDGE_CURVE('',#11643,#11683,#11828,.T.);
#11830=ORIENTED_EDGE('',*,*,#11829,.F.);
#11831=ORIENTED_EDGE('',*,*,#11648,.F.);
#11832=ORIENTED_EDGE('',*,*,#11767,.T.);
#11833=ORIENTED_EDGE('',*,*,#11798,.F.);
#11834=EDGE_LOOP('',(#11815,#11821,#11822,#11823,#11830,#11831,#11832,#11833));
#11835=FACE_BOUND('',#11834,.T.);
#11836=ADVANCED_FACE('',(#11835),#11814,.T.);
#11837=CARTESIAN_POINT('',(0.5225,0.98,5.645));
#11838=DIRECTION('',(0.,0.707106781,-0.707106781));
#11839=DIRECTION('',(0.,0.707106781,0.707106781));
#11840=AXIS2_PLACEMENT_3D('',#11837,#11838,#11839);
#11841=PLANE('',#11840);
#11842=ORIENTED_EDGE('',*,*,#11820,.T.);
#11843=ORIENTED_EDGE('',*,*,#1748,.T.);
#11844=CARTESIAN_POINT('',(0.5,1.,5.665));
#11845=DIRECTION('',(-0.513436031,-0.606788036,-0.606788036));
#11846=VECTOR('',#11845,0.009738311);
#11847=LINE('',#11844,#11846);
#11848=EDGE_CURVE('',#11603,#1735,#11847,.T.);
#11849=ORIENTED_EDGE('',*,*,#11848,.F.);
#11850=ORIENTED_EDGE('',*,*,#11608,.F.);
#11851=ORIENTED_EDGE('',*,*,#11734,.F.);
#11852=EDGE_LOOP('',(#11842,#11843,#11849,#11850,#11851));
#11853=FACE_BOUND('',#11852,.T.);
#11854=ADVANCED_FACE('',(#11853),#11841,.T.);
#11855=CARTESIAN_POINT('',(0.39,0.87,5.625));
#11856=DIRECTION('',(-0.763386285,0.645942241,0.));
#11857=DIRECTION('',(0.645942241,0.763386285,0.));
#11858=AXIS2_PLACEMENT_3D('',#11855,#11856,#11857);
#11859=PLANE('',#11858);
#11860=ORIENTED_EDGE('',*,*,#1740,.T.);
#11861=CARTESIAN_POINT('',(0.5,1.,5.705));
#11862=DIRECTION('',(-0.513436031,-0.606788036,0.606788036));
#11863=VECTOR('',#11862,0.009738311);
#11864=LINE('',#11861,#11863);
#11865=EDGE_CURVE('',#11611,#1727,#11864,.T.);
#11866=ORIENTED_EDGE('',*,*,#11865,.F.);
#11867=ORIENTED_EDGE('',*,*,#11616,.T.);
#11868=ORIENTED_EDGE('',*,*,#11848,.T.);
#11869=EDGE_LOOP('',(#11860,#11866,#11867,#11868));
#11870=FACE_BOUND('',#11869,.T.);
#11871=ADVANCED_FACE('',(#11870),#11859,.T.);
#11872=CARTESIAN_POINT('',(0.5225,0.98,5.725));
#11873=DIRECTION('',(-0.,-0.707106781,-0.707106781));
#11874=DIRECTION('',(0.,0.707106781,-0.707106781));
#11875=AXIS2_PLACEMENT_3D('',#11872,#11873,#11874);
#11876=PLANE('',#11875);
#11877=CARTESIAN_POINT('',(0.495,0.96,5.745));
#11878=DIRECTION('',(1.,-0.,0.));
#11879=VECTOR('',#11878,0.108715622);
#11880=LINE('',#11877,#11879);
#11881=EDGE_CURVE('',#1717,#11738,#11880,.T.);
#11882=ORIENTED_EDGE('',*,*,#11881,.T.);
#11883=ORIENTED_EDGE('',*,*,#11743,.T.);
#11884=ORIENTED_EDGE('',*,*,#11624,.T.);
#11885=ORIENTED_EDGE('',*,*,#11865,.T.);
#11886=ORIENTED_EDGE('',*,*,#1732,.F.);
#11887=EDGE_LOOP('',(#11882,#11883,#11884,#11885,#11886));
#11888=FACE_BOUND('',#11887,.T.);
#11889=ADVANCED_FACE('',(#11888),#11876,.F.);
#11890=CARTESIAN_POINT('',(1.335697637,0.215754265,5.745));
#11891=DIRECTION('',(0.,0.,1.));
#11892=DIRECTION('',(1.,0.,0.));
#11893=AXIS2_PLACEMENT_3D('',#11890,#11891,#11892);
#11894=PLANE('',#11893);
#11895=ORIENTED_EDGE('',*,*,#1724,.T.);
#11896=ORIENTED_EDGE('',*,*,#11805,.F.);
#11897=ORIENTED_EDGE('',*,*,#11777,.F.);
#11898=ORIENTED_EDGE('',*,*,#11664,.T.);
#11899=CARTESIAN_POINT('',(0.625,0.885,5.745));
#11900=DIRECTION('',(0.,0.,1.));
#11901=DIRECTION('',(1.,0.,-0.));
#11902=AXIS2_PLACEMENT_3D('',#11899,#11900,#11901);
#11903=CIRCLE('',#11902,0.05);
#11904=EDGE_CURVE('',#11651,#11681,#11903,.T.);
#11905=ORIENTED_EDGE('',*,*,#11904,.T.);
#11906=ORIENTED_EDGE('',*,*,#11712,.T.);
#11907=ORIENTED_EDGE('',*,*,#11749,.T.);
#11908=ORIENTED_EDGE('',*,*,#11881,.F.);
#11909=EDGE_LOOP('',(#11895,#11896,#11897,#11898,#11905,#11906,#11907,#11908));
#11910=FACE_BOUND('',#11909,.T.);
#11911=ADVANCED_FACE('',(#11910),#11894,.T.);
#11912=CARTESIAN_POINT('',(-0.5,1.,4.945));
#11913=DIRECTION('',(-0.,1.,0.));
#11914=DIRECTION('',(-1.,-0.,0.));
#11915=AXIS2_PLACEMENT_3D('',#11912,#11913,#11914);
#11916=PLANE('',#11915);
#11917=CARTESIAN_POINT('',(-0.5,1.,4.905));
#11918=VERTEX_POINT('',#11917);
#11919=CARTESIAN_POINT('',(-0.545,1.,4.905));
#11920=VERTEX_POINT('',#11919);
#11921=CARTESIAN_POINT('',(-0.5,1.,4.905));
#11922=DIRECTION('',(-1.,-0.,-0.));
#11923=VECTOR('',#11922,0.045);
#11924=LINE('',#11921,#11923);
#11925=EDGE_CURVE('',#11918,#11920,#11924,.T.);
#11926=ORIENTED_EDGE('',*,*,#11925,.F.);
#11927=CARTESIAN_POINT('',(-0.5,1.,4.865));
#11928=VERTEX_POINT('',#11927);
#11929=CARTESIAN_POINT('',(-0.5,1.,4.865));
#11930=DIRECTION('',(0.,0.,1.));
#11931=VECTOR('',#11930,0.04);
#11932=LINE('',#11929,#11931);
#11933=EDGE_CURVE('',#11928,#11918,#11932,.T.);
#11934=ORIENTED_EDGE('',*,*,#11933,.F.);
#11935=CARTESIAN_POINT('',(-0.545,1.,4.865));
#11936=VERTEX_POINT('',#11935);
#11937=CARTESIAN_POINT('',(-0.5,1.,4.865));
#11938=DIRECTION('',(-1.,-0.,0.));
#11939=VECTOR('',#11938,0.045);
#11940=LINE('',#11937,#11939);
#11941=EDGE_CURVE('',#11928,#11936,#11940,.T.);
#11942=ORIENTED_EDGE('',*,*,#11941,.T.);
#11943=CARTESIAN_POINT('',(-0.545,1.,4.905));
#11944=DIRECTION('',(-0.,-0.,-1.));
#11945=VECTOR('',#11944,0.04);
#11946=LINE('',#11943,#11945);
#11947=EDGE_CURVE('',#11920,#11936,#11946,.T.);
#11948=ORIENTED_EDGE('',*,*,#11947,.F.);
#11949=EDGE_LOOP('',(#11926,#11934,#11942,#11948));
#11950=FACE_BOUND('',#11949,.T.);
#11951=ADVANCED_FACE('',(#11950),#11916,.T.);
#11952=CARTESIAN_POINT('',(-0.625,0.835,4.945));
#11953=DIRECTION('',(0.,-1.,0.));
#11954=DIRECTION('',(1.,0.,0.));
#11955=AXIS2_PLACEMENT_3D('',#11952,#11953,#11954);
#11956=PLANE('',#11955);
#11957=CARTESIAN_POINT('',(-0.596290252,0.835,4.945));
#11958=VERTEX_POINT('',#11957);
#11959=CARTESIAN_POINT('',(-0.625,0.835,4.945));
#11960=VERTEX_POINT('',#11959);
#11961=CARTESIAN_POINT('',(-0.596290252,0.835,4.945));
#11962=DIRECTION('',(-1.,-0.,-0.));
#11963=VECTOR('',#11962,0.028709748);
#11964=LINE('',#11961,#11963);
#11965=EDGE_CURVE('',#11958,#11960,#11964,.T.);
#11966=ORIENTED_EDGE('',*,*,#11965,.T.);
#11967=CARTESIAN_POINT('',(-0.625,0.835,4.825));
#11968=VERTEX_POINT('',#11967);
#11969=CARTESIAN_POINT('',(-0.625,0.835,4.945));
#11970=DIRECTION('',(-0.,-0.,-1.));
#11971=VECTOR('',#11970,0.12);
#11972=LINE('',#11969,#11971);
#11973=EDGE_CURVE('',#11960,#11968,#11972,.T.);
#11974=ORIENTED_EDGE('',*,*,#11973,.T.);
#11975=CARTESIAN_POINT('',(-0.596290252,0.835,4.825));
#11976=VERTEX_POINT('',#11975);
#11977=CARTESIAN_POINT('',(-0.625,0.835,4.825));
#11978=DIRECTION('',(1.,0.,0.));
#11979=VECTOR('',#11978,0.028709748);
#11980=LINE('',#11977,#11979);
#11981=EDGE_CURVE('',#11968,#11976,#11980,.T.);
#11982=ORIENTED_EDGE('',*,*,#11981,.T.);
#11983=CARTESIAN_POINT('',(-0.596290252,0.835,4.945));
#11984=DIRECTION('',(0.,0.,-1.));
#11985=VECTOR('',#11984,0.12);
#11986=LINE('',#11983,#11985);
#11987=EDGE_CURVE('',#11958,#11976,#11986,.T.);
#11988=ORIENTED_EDGE('',*,*,#11987,.F.);
#11989=EDGE_LOOP('',(#11966,#11974,#11982,#11988));
#11990=FACE_BOUND('',#11989,.T.);
#11991=ADVANCED_FACE('',(#11990),#11956,.T.);
#11992=CARTESIAN_POINT('',(-0.625,0.885,4.945));
#11993=DIRECTION('',(-0.,0.,-1.));
#11994=DIRECTION('',(-1.,-0.,0.));
#11995=AXIS2_PLACEMENT_3D('',#11992,#11993,#11994);
#11996=CYLINDRICAL_SURFACE('',#11995,0.05);
#11997=CARTESIAN_POINT('',(-0.675,0.885,4.825));
#11998=VERTEX_POINT('',#11997);
#11999=CARTESIAN_POINT('',(-0.675,0.885,4.945));
#12000=VERTEX_POINT('',#11999);
#12001=CARTESIAN_POINT('',(-0.675,0.885,4.825));
#12002=DIRECTION('',(-0.,-0.,1.));
#12003=VECTOR('',#12002,0.12);
#12004=LINE('',#12001,#12003);
#12005=EDGE_CURVE('',#11998,#12000,#12004,.T.);
#12006=ORIENTED_EDGE('',*,*,#12005,.T.);
#12007=CARTESIAN_POINT('',(-0.653150803,0.926322298,4.945));
#12008=VERTEX_POINT('',#12007);
#12009=CARTESIAN_POINT('',(-0.625,0.885,4.945));
#12010=DIRECTION('',(0.,0.,-1.));
#12011=DIRECTION('',(-1.,0.,0.));
#12012=AXIS2_PLACEMENT_3D('',#12009,#12010,#12011);
#12013=CIRCLE('',#12012,0.05);
#12014=EDGE_CURVE('',#12000,#12008,#12013,.T.);
#12015=ORIENTED_EDGE('',*,*,#12014,.T.);
#12016=CARTESIAN_POINT('',(-0.653150803,0.926322298,4.825));
#12017=VERTEX_POINT('',#12016);
#12018=CARTESIAN_POINT('',(-0.653150803,0.926322298,4.945));
#12019=DIRECTION('',(0.,0.,-1.));
#12020=VECTOR('',#12019,0.12);
#12021=LINE('',#12018,#12020);
#12022=EDGE_CURVE('',#12008,#12017,#12021,.T.);
#12023=ORIENTED_EDGE('',*,*,#12022,.T.);
#12024=CARTESIAN_POINT('',(-0.625,0.885,4.825));
#12025=DIRECTION('',(0.,0.,-1.));
#12026=DIRECTION('',(-1.,0.,0.));
#12027=AXIS2_PLACEMENT_3D('',#12024,#12025,#12026);
#12028=CIRCLE('',#12027,0.05);
#12029=EDGE_CURVE('',#11998,#12017,#12028,.T.);
#12030=ORIENTED_EDGE('',*,*,#12029,.F.);
#12031=EDGE_LOOP('',(#12006,#12015,#12023,#12030));
#12032=FACE_BOUND('',#12031,.T.);
#12033=ADVANCED_FACE('',(#12032),#11996,.T.);
#12034=CARTESIAN_POINT('',(-0.545,1.,4.945));
#12035=DIRECTION('',(-0.56301606,0.826445955,0.));
#12036=DIRECTION('',(-0.826445955,-0.56301606,0.));
#12037=AXIS2_PLACEMENT_3D('',#12034,#12035,#12036);
#12038=PLANE('',#12037);
#12039=CARTESIAN_POINT('',(-0.603715622,0.96,4.945));
#12040=VERTEX_POINT('',#12039);
#12041=CARTESIAN_POINT('',(-0.603715622,0.96,4.945));
#12042=DIRECTION('',(-0.826445955,-0.56301606,0.));
#12043=VECTOR('',#12042,0.059816593);
#12044=LINE('',#12041,#12043);
#12045=EDGE_CURVE('',#12040,#12008,#12044,.T.);
#12046=ORIENTED_EDGE('',*,*,#12045,.F.);
#12047=CARTESIAN_POINT('',(-0.545,1.,4.905));
#12048=DIRECTION('',(-0.720151219,-0.490602803,0.490602803));
#12049=VECTOR('',#12048,0.081532351);
#12050=LINE('',#12047,#12049);
#12051=EDGE_CURVE('',#11920,#12040,#12050,.T.);
#12052=ORIENTED_EDGE('',*,*,#12051,.F.);
#12053=ORIENTED_EDGE('',*,*,#11947,.T.);
#12054=CARTESIAN_POINT('',(-0.603715622,0.96,4.825));
#12055=VERTEX_POINT('',#12054);
#12056=CARTESIAN_POINT('',(-0.545,1.,4.865));
#12057=DIRECTION('',(-0.720151219,-0.490602803,-0.490602803));
#12058=VECTOR('',#12057,0.081532351);
#12059=LINE('',#12056,#12058);
#12060=EDGE_CURVE('',#11936,#12055,#12059,.T.);
#12061=ORIENTED_EDGE('',*,*,#12060,.T.);
#12062=CARTESIAN_POINT('',(-0.653150803,0.926322298,4.825));
#12063=DIRECTION('',(0.826445955,0.56301606,0.));
#12064=VECTOR('',#12063,0.059816593);
#12065=LINE('',#12062,#12064);
#12066=EDGE_CURVE('',#12017,#12055,#12065,.T.);
#12067=ORIENTED_EDGE('',*,*,#12066,.F.);
#12068=ORIENTED_EDGE('',*,*,#12022,.F.);
#12069=EDGE_LOOP('',(#12046,#12052,#12053,#12061,#12067,#12068));
#12070=FACE_BOUND('',#12069,.T.);
#12071=ADVANCED_FACE('',(#12070),#12038,.T.);
#12072=CARTESIAN_POINT('',(-0.596290252,0.735,4.945));
#12073=DIRECTION('',(-0.,0.,-1.));
#12074=DIRECTION('',(-1.,-0.,0.));
#12075=AXIS2_PLACEMENT_3D('',#12072,#12073,#12074);
#12076=CYLINDRICAL_SURFACE('',#12075,0.1);
#12077=CARTESIAN_POINT('',(-0.502307555,0.76916508,4.945));
#12078=VERTEX_POINT('',#12077);
#12079=CARTESIAN_POINT('',(-0.596290252,0.735,4.945));
#12080=DIRECTION('',(0.,0.,-1.));
#12081=DIRECTION('',(-1.,0.,0.));
#12082=AXIS2_PLACEMENT_3D('',#12079,#12080,#12081);
#12083=CIRCLE('',#12082,0.1);
#12084=EDGE_CURVE('',#11958,#12078,#12083,.T.);
#12085=ORIENTED_EDGE('',*,*,#12084,.F.);
#12086=ORIENTED_EDGE('',*,*,#11987,.T.);
#12087=CARTESIAN_POINT('',(-0.502307555,0.76916508,4.825));
#12088=VERTEX_POINT('',#12087);
#12089=CARTESIAN_POINT('',(-0.596290252,0.735,4.825));
#12090=DIRECTION('',(0.,0.,-1.));
#12091=DIRECTION('',(-1.,0.,0.));
#12092=AXIS2_PLACEMENT_3D('',#12089,#12090,#12091);
#12093=CIRCLE('',#12092,0.1);
#12094=EDGE_CURVE('',#11976,#12088,#12093,.T.);
#12095=ORIENTED_EDGE('',*,*,#12094,.T.);
#12096=CARTESIAN_POINT('',(-0.502307555,0.76916508,4.945));
#12097=DIRECTION('',(-0.,-0.,-1.));
#12098=VECTOR('',#12097,0.12);
#12099=LINE('',#12096,#12098);
#12100=EDGE_CURVE('',#12078,#12088,#12099,.T.);
#12101=ORIENTED_EDGE('',*,*,#12100,.F.);
#12102=EDGE_LOOP('',(#12085,#12086,#12095,#12101));
#12103=FACE_BOUND('',#12102,.T.);
#12104=ADVANCED_FACE('',(#12103),#12076,.F.);
#12105=CARTESIAN_POINT('',(-0.502307555,0.76916508,4.945));
#12106=DIRECTION('',(-0.939826968,-0.341650801,0.));
#12107=DIRECTION('',(0.341650801,-0.939826968,0.));
#12108=AXIS2_PLACEMENT_3D('',#12105,#12106,#12107);
#12109=PLANE('',#12108);
#12110=ORIENTED_EDGE('',*,*,#2102,.F.);
#12111=CARTESIAN_POINT('',(-0.495,0.74906316,4.945));
#12112=DIRECTION('',(-0.341650801,0.939826968,-0.));
#12113=VECTOR('',#12112,0.021388959);
#12114=LINE('',#12111,#12113);
#12115=EDGE_CURVE('',#2091,#12078,#12114,.T.);
#12116=ORIENTED_EDGE('',*,*,#12115,.T.);
#12117=ORIENTED_EDGE('',*,*,#12100,.T.);
#12118=CARTESIAN_POINT('',(-0.502307555,0.76916508,4.825));
#12119=DIRECTION('',(0.341650801,-0.939826968,0.));
#12120=VECTOR('',#12119,0.021388959);
#12121=LINE('',#12118,#12120);
#12122=EDGE_CURVE('',#12088,#2057,#12121,.T.);
#12123=ORIENTED_EDGE('',*,*,#12122,.T.);
#12124=EDGE_LOOP('',(#12110,#12116,#12117,#12123));
#12125=FACE_BOUND('',#12124,.T.);
#12126=ADVANCED_FACE('',(#12125),#12109,.T.);
#12127=CARTESIAN_POINT('',(-1.087616119,-0.20066064,4.945));
#12128=DIRECTION('',(0.,0.,1.));
#12129=DIRECTION('',(1.,0.,0.));
#12130=AXIS2_PLACEMENT_3D('',#12127,#12128,#12129);
#12131=PLANE('',#12130);
#12132=ORIENTED_EDGE('',*,*,#2096,.F.);
#12133=CARTESIAN_POINT('',(-0.603715622,0.96,4.945));
#12134=DIRECTION('',(1.,0.,0.));
#12135=VECTOR('',#12134,0.108715622);
#12136=LINE('',#12133,#12135);
#12137=EDGE_CURVE('',#12040,#2083,#12136,.T.);
#12138=ORIENTED_EDGE('',*,*,#12137,.F.);
#12139=ORIENTED_EDGE('',*,*,#12045,.T.);
#12140=ORIENTED_EDGE('',*,*,#12014,.F.);
#12141=CARTESIAN_POINT('',(-0.625,0.885,4.945));
#12142=DIRECTION('',(0.,0.,-1.));
#12143=DIRECTION('',(-1.,0.,0.));
#12144=AXIS2_PLACEMENT_3D('',#12141,#12142,#12143);
#12145=CIRCLE('',#12144,0.05);
#12146=EDGE_CURVE('',#11960,#12000,#12145,.T.);
#12147=ORIENTED_EDGE('',*,*,#12146,.F.);
#12148=ORIENTED_EDGE('',*,*,#11965,.F.);
#12149=ORIENTED_EDGE('',*,*,#12084,.T.);
#12150=ORIENTED_EDGE('',*,*,#12115,.F.);
#12151=EDGE_LOOP('',(#12132,#12138,#12139,#12140,#12147,#12148,#12149,#12150));
#12152=FACE_BOUND('',#12151,.T.);
#12153=ADVANCED_FACE('',(#12152),#12131,.T.);
#12154=CARTESIAN_POINT('',(-0.5225,0.98,4.925));
#12155=DIRECTION('',(-0.,0.707106781,0.707106781));
#12156=DIRECTION('',(-0.,0.707106781,-0.707106781));
#12157=AXIS2_PLACEMENT_3D('',#12154,#12155,#12156);
#12158=PLANE('',#12157);
#12159=ORIENTED_EDGE('',*,*,#12137,.T.);
#12160=ORIENTED_EDGE('',*,*,#2088,.F.);
#12161=CARTESIAN_POINT('',(-0.495,0.994090909,4.910909091));
#12162=DIRECTION('',(-0.513436031,0.606788036,-0.606788036));
#12163=VECTOR('',#12162,0.009738311);
#12164=LINE('',#12161,#12163);
#12165=EDGE_CURVE('',#2075,#11918,#12164,.T.);
#12166=ORIENTED_EDGE('',*,*,#12165,.T.);
#12167=ORIENTED_EDGE('',*,*,#11925,.T.);
#12168=ORIENTED_EDGE('',*,*,#12051,.T.);
#12169=EDGE_LOOP('',(#12159,#12160,#12166,#12167,#12168));
#12170=FACE_BOUND('',#12169,.T.);
#12171=ADVANCED_FACE('',(#12170),#12158,.T.);
#12172=CARTESIAN_POINT('',(-0.39,0.87,4.945));
#12173=DIRECTION('',(0.763386285,0.645942241,0.));
#12174=DIRECTION('',(-0.645942241,0.763386285,0.));
#12175=AXIS2_PLACEMENT_3D('',#12172,#12173,#12174);
#12176=PLANE('',#12175);
#12177=ORIENTED_EDGE('',*,*,#2080,.F.);
#12178=CARTESIAN_POINT('',(-0.495,0.994090909,4.859090909));
#12179=DIRECTION('',(-0.513436031,0.606788036,0.606788036));
#12180=VECTOR('',#12179,0.009738311);
#12181=LINE('',#12178,#12180);
#12182=EDGE_CURVE('',#2067,#11928,#12181,.T.);
#12183=ORIENTED_EDGE('',*,*,#12182,.T.);
#12184=ORIENTED_EDGE('',*,*,#11933,.T.);
#12185=ORIENTED_EDGE('',*,*,#12165,.F.);
#12186=EDGE_LOOP('',(#12177,#12183,#12184,#12185));
#12187=FACE_BOUND('',#12186,.T.);
#12188=ADVANCED_FACE('',(#12187),#12176,.T.);
#12189=CARTESIAN_POINT('',(-0.5225,0.98,4.845));
#12190=DIRECTION('',(0.,-0.707106781,0.707106781));
#12191=DIRECTION('',(-0.,0.707106781,0.707106781));
#12192=AXIS2_PLACEMENT_3D('',#12189,#12190,#12191);
#12193=PLANE('',#12192);
#12194=CARTESIAN_POINT('',(-0.603715622,0.96,4.825));
#12195=DIRECTION('',(1.,0.,-0.));
#12196=VECTOR('',#12195,0.108715622);
#12197=LINE('',#12194,#12196);
#12198=EDGE_CURVE('',#12055,#2059,#12197,.T.);
#12199=ORIENTED_EDGE('',*,*,#12198,.F.);
#12200=ORIENTED_EDGE('',*,*,#12060,.F.);
#12201=ORIENTED_EDGE('',*,*,#11941,.F.);
#12202=ORIENTED_EDGE('',*,*,#12182,.F.);
#12203=ORIENTED_EDGE('',*,*,#2072,.T.);
#12204=EDGE_LOOP('',(#12199,#12200,#12201,#12202,#12203));
#12205=FACE_BOUND('',#12204,.T.);
#12206=ADVANCED_FACE('',(#12205),#12193,.F.);
#12207=CARTESIAN_POINT('',(-1.335697637,0.215754265,4.825));
#12208=DIRECTION('',(0.,0.,-1.));
#12209=DIRECTION('',(-1.,-0.,0.));
#12210=AXIS2_PLACEMENT_3D('',#12207,#12208,#12209);
#12211=PLANE('',#12210);
#12212=ORIENTED_EDGE('',*,*,#2064,.F.);
#12213=ORIENTED_EDGE('',*,*,#12122,.F.);
#12214=ORIENTED_EDGE('',*,*,#12094,.F.);
#12215=ORIENTED_EDGE('',*,*,#11981,.F.);
#12216=CARTESIAN_POINT('',(-0.625,0.885,4.825));
#12217=DIRECTION('',(0.,0.,-1.));
#12218=DIRECTION('',(-1.,0.,0.));
#12219=AXIS2_PLACEMENT_3D('',#12216,#12217,#12218);
#12220=CIRCLE('',#12219,0.05);
#12221=EDGE_CURVE('',#11968,#11998,#12220,.T.);
#12222=ORIENTED_EDGE('',*,*,#12221,.T.);
#12223=ORIENTED_EDGE('',*,*,#12029,.T.);
#12224=ORIENTED_EDGE('',*,*,#12066,.T.);
#12225=ORIENTED_EDGE('',*,*,#12198,.T.);
#12226=EDGE_LOOP('',(#12212,#12213,#12214,#12215,#12222,#12223,#12224,#12225));
#12227=FACE_BOUND('',#12226,.T.);
#12228=ADVANCED_FACE('',(#12227),#12211,.T.);
#12229=CARTESIAN_POINT('',(0.5,1.,5.225));
#12230=DIRECTION('',(0.,1.,0.));
#12231=DIRECTION('',(1.,0.,0.));
#12232=AXIS2_PLACEMENT_3D('',#12229,#12230,#12231);
#12233=PLANE('',#12232);
#12234=CARTESIAN_POINT('',(0.545,1.,5.265));
#12235=VERTEX_POINT('',#12234);
#12236=CARTESIAN_POINT('',(0.5,1.,5.265));
#12237=VERTEX_POINT('',#12236);
#12238=CARTESIAN_POINT('',(0.545,1.,5.265));
#12239=DIRECTION('',(-1.,-0.,0.));
#12240=VECTOR('',#12239,0.045);
#12241=LINE('',#12238,#12240);
#12242=EDGE_CURVE('',#12235,#12237,#12241,.T.);
#12243=ORIENTED_EDGE('',*,*,#12242,.T.);
#12244=CARTESIAN_POINT('',(0.5,1.,5.305));
#12245=VERTEX_POINT('',#12244);
#12246=CARTESIAN_POINT('',(0.5,1.,5.305));
#12247=DIRECTION('',(0.,0.,-1.));
#12248=VECTOR('',#12247,0.04);
#12249=LINE('',#12246,#12248);
#12250=EDGE_CURVE('',#12245,#12237,#12249,.T.);
#12251=ORIENTED_EDGE('',*,*,#12250,.F.);
#12252=CARTESIAN_POINT('',(0.545,1.,5.305));
#12253=VERTEX_POINT('',#12252);
#12254=CARTESIAN_POINT('',(0.545,1.,5.305));
#12255=DIRECTION('',(-1.,0.,-0.));
#12256=VECTOR('',#12255,0.045);
#12257=LINE('',#12254,#12256);
#12258=EDGE_CURVE('',#12253,#12245,#12257,.T.);
#12259=ORIENTED_EDGE('',*,*,#12258,.F.);
#12260=CARTESIAN_POINT('',(0.545,1.,5.305));
#12261=DIRECTION('',(0.,0.,-1.));
#12262=VECTOR('',#12261,0.04);
#12263=LINE('',#12260,#12262);
#12264=EDGE_CURVE('',#12253,#12235,#12263,.T.);
#12265=ORIENTED_EDGE('',*,*,#12264,.T.);
#12266=EDGE_LOOP('',(#12243,#12251,#12259,#12265));
#12267=FACE_BOUND('',#12266,.T.);
#12268=ADVANCED_FACE('',(#12267),#12233,.T.);
#12269=CARTESIAN_POINT('',(0.625,0.835,5.225));
#12270=DIRECTION('',(0.,-1.,0.));
#12271=DIRECTION('',(-1.,0.,0.));
#12272=AXIS2_PLACEMENT_3D('',#12269,#12270,#12271);
#12273=PLANE('',#12272);
#12274=CARTESIAN_POINT('',(0.625,0.835,5.225));
#12275=VERTEX_POINT('',#12274);
#12276=CARTESIAN_POINT('',(0.596290252,0.835,5.225));
#12277=VERTEX_POINT('',#12276);
#12278=CARTESIAN_POINT('',(0.625,0.835,5.225));
#12279=DIRECTION('',(-1.,0.,0.));
#12280=VECTOR('',#12279,0.028709748);
#12281=LINE('',#12278,#12280);
#12282=EDGE_CURVE('',#12275,#12277,#12281,.T.);
#12283=ORIENTED_EDGE('',*,*,#12282,.F.);
#12284=CARTESIAN_POINT('',(0.625,0.835,5.345));
#12285=VERTEX_POINT('',#12284);
#12286=CARTESIAN_POINT('',(0.625,0.835,5.225));
#12287=DIRECTION('',(-0.,-0.,1.));
#12288=VECTOR('',#12287,0.12);
#12289=LINE('',#12286,#12288);
#12290=EDGE_CURVE('',#12275,#12285,#12289,.T.);
#12291=ORIENTED_EDGE('',*,*,#12290,.T.);
#12292=CARTESIAN_POINT('',(0.596290252,0.835,5.345));
#12293=VERTEX_POINT('',#12292);
#12294=CARTESIAN_POINT('',(0.596290252,0.835,5.345));
#12295=DIRECTION('',(1.,0.,-0.));
#12296=VECTOR('',#12295,0.028709748);
#12297=LINE('',#12294,#12296);
#12298=EDGE_CURVE('',#12293,#12285,#12297,.T.);
#12299=ORIENTED_EDGE('',*,*,#12298,.F.);
#12300=CARTESIAN_POINT('',(0.596290252,0.835,5.225));
#12301=DIRECTION('',(0.,0.,1.));
#12302=VECTOR('',#12301,0.12);
#12303=LINE('',#12300,#12302);
#12304=EDGE_CURVE('',#12277,#12293,#12303,.T.);
#12305=ORIENTED_EDGE('',*,*,#12304,.F.);
#12306=EDGE_LOOP('',(#12283,#12291,#12299,#12305));
#12307=FACE_BOUND('',#12306,.T.);
#12308=ADVANCED_FACE('',(#12307),#12273,.T.);
#12309=CARTESIAN_POINT('',(0.625,0.885,5.225));
#12310=DIRECTION('',(0.,0.,1.));
#12311=DIRECTION('',(1.,0.,-0.));
#12312=AXIS2_PLACEMENT_3D('',#12309,#12310,#12311);
#12313=CYLINDRICAL_SURFACE('',#12312,0.05);
#12314=CARTESIAN_POINT('',(0.675,0.885,5.345));
#12315=VERTEX_POINT('',#12314);
#12316=CARTESIAN_POINT('',(0.675,0.885,5.225));
#12317=VERTEX_POINT('',#12316);
#12318=CARTESIAN_POINT('',(0.675,0.885,5.345));
#12319=DIRECTION('',(-0.,-0.,-1.));
#12320=VECTOR('',#12319,0.12);
#12321=LINE('',#12318,#12320);
#12322=EDGE_CURVE('',#12315,#12317,#12321,.T.);
#12323=ORIENTED_EDGE('',*,*,#12322,.T.);
#12324=CARTESIAN_POINT('',(0.653150803,0.926322298,5.225));
#12325=VERTEX_POINT('',#12324);
#12326=CARTESIAN_POINT('',(0.625,0.885,5.225));
#12327=DIRECTION('',(0.,0.,1.));
#12328=DIRECTION('',(1.,0.,-0.));
#12329=AXIS2_PLACEMENT_3D('',#12326,#12327,#12328);
#12330=CIRCLE('',#12329,0.05);
#12331=EDGE_CURVE('',#12317,#12325,#12330,.T.);
#12332=ORIENTED_EDGE('',*,*,#12331,.T.);
#12333=CARTESIAN_POINT('',(0.653150803,0.926322298,5.345));
#12334=VERTEX_POINT('',#12333);
#12335=CARTESIAN_POINT('',(0.653150803,0.926322298,5.225));
#12336=DIRECTION('',(0.,0.,1.));
#12337=VECTOR('',#12336,0.12);
#12338=LINE('',#12335,#12337);
#12339=EDGE_CURVE('',#12325,#12334,#12338,.T.);
#12340=ORIENTED_EDGE('',*,*,#12339,.T.);
#12341=CARTESIAN_POINT('',(0.625,0.885,5.345));
#12342=DIRECTION('',(0.,0.,1.));
#12343=DIRECTION('',(1.,0.,-0.));
#12344=AXIS2_PLACEMENT_3D('',#12341,#12342,#12343);
#12345=CIRCLE('',#12344,0.05);
#12346=EDGE_CURVE('',#12315,#12334,#12345,.T.);
#12347=ORIENTED_EDGE('',*,*,#12346,.F.);
#12348=EDGE_LOOP('',(#12323,#12332,#12340,#12347));
#12349=FACE_BOUND('',#12348,.T.);
#12350=ADVANCED_FACE('',(#12349),#12313,.T.);
#12351=CARTESIAN_POINT('',(0.545,1.,5.225));
#12352=DIRECTION('',(0.56301606,0.826445955,0.));
#12353=DIRECTION('',(0.826445955,-0.56301606,0.));
#12354=AXIS2_PLACEMENT_3D('',#12351,#12352,#12353);
#12355=PLANE('',#12354);
#12356=CARTESIAN_POINT('',(0.603715622,0.96,5.225));
#12357=VERTEX_POINT('',#12356);
#12358=CARTESIAN_POINT('',(0.653150803,0.926322298,5.225));
#12359=DIRECTION('',(-0.826445955,0.56301606,-0.));
#12360=VECTOR('',#12359,0.059816593);
#12361=LINE('',#12358,#12360);
#12362=EDGE_CURVE('',#12325,#12357,#12361,.T.);
#12363=ORIENTED_EDGE('',*,*,#12362,.T.);
#12364=CARTESIAN_POINT('',(0.603715622,0.96,5.225));
#12365=DIRECTION('',(-0.720151219,0.490602803,0.490602803));
#12366=VECTOR('',#12365,0.081532351);
#12367=LINE('',#12364,#12366);
#12368=EDGE_CURVE('',#12357,#12235,#12367,.T.);
#12369=ORIENTED_EDGE('',*,*,#12368,.T.);
#12370=ORIENTED_EDGE('',*,*,#12264,.F.);
#12371=CARTESIAN_POINT('',(0.603715622,0.96,5.345));
#12372=VERTEX_POINT('',#12371);
#12373=CARTESIAN_POINT('',(0.603715622,0.96,5.345));
#12374=DIRECTION('',(-0.720151219,0.490602803,-0.490602803));
#12375=VECTOR('',#12374,0.081532351);
#12376=LINE('',#12373,#12375);
#12377=EDGE_CURVE('',#12372,#12253,#12376,.T.);
#12378=ORIENTED_EDGE('',*,*,#12377,.F.);
#12379=CARTESIAN_POINT('',(0.653150803,0.926322298,5.345));
#12380=DIRECTION('',(-0.826445955,0.56301606,0.));
#12381=VECTOR('',#12380,0.059816593);
#12382=LINE('',#12379,#12381);
#12383=EDGE_CURVE('',#12334,#12372,#12382,.T.);
#12384=ORIENTED_EDGE('',*,*,#12383,.F.);
#12385=ORIENTED_EDGE('',*,*,#12339,.F.);
#12386=EDGE_LOOP('',(#12363,#12369,#12370,#12378,#12384,#12385));
#12387=FACE_BOUND('',#12386,.T.);
#12388=ADVANCED_FACE('',(#12387),#12355,.T.);
#12389=CARTESIAN_POINT('',(0.596290252,0.735,5.225));
#12390=DIRECTION('',(0.,0.,1.));
#12391=DIRECTION('',(1.,0.,-0.));
#12392=AXIS2_PLACEMENT_3D('',#12389,#12390,#12391);
#12393=CYLINDRICAL_SURFACE('',#12392,0.1);
#12394=CARTESIAN_POINT('',(0.502307555,0.76916508,5.225));
#12395=VERTEX_POINT('',#12394);
#12396=CARTESIAN_POINT('',(0.596290252,0.735,5.225));
#12397=DIRECTION('',(0.,0.,1.));
#12398=DIRECTION('',(1.,0.,-0.));
#12399=AXIS2_PLACEMENT_3D('',#12396,#12397,#12398);
#12400=CIRCLE('',#12399,0.1);
#12401=EDGE_CURVE('',#12277,#12395,#12400,.T.);
#12402=ORIENTED_EDGE('',*,*,#12401,.F.);
#12403=ORIENTED_EDGE('',*,*,#12304,.T.);
#12404=CARTESIAN_POINT('',(0.502307555,0.76916508,5.345));
#12405=VERTEX_POINT('',#12404);
#12406=CARTESIAN_POINT('',(0.596290252,0.735,5.345));
#12407=DIRECTION('',(0.,0.,1.));
#12408=DIRECTION('',(1.,0.,-0.));
#12409=AXIS2_PLACEMENT_3D('',#12406,#12407,#12408);
#12410=CIRCLE('',#12409,0.1);
#12411=EDGE_CURVE('',#12293,#12405,#12410,.T.);
#12412=ORIENTED_EDGE('',*,*,#12411,.T.);
#12413=CARTESIAN_POINT('',(0.502307555,0.76916508,5.225));
#12414=DIRECTION('',(-0.,-0.,1.));
#12415=VECTOR('',#12414,0.12);
#12416=LINE('',#12413,#12415);
#12417=EDGE_CURVE('',#12395,#12405,#12416,.T.);
#12418=ORIENTED_EDGE('',*,*,#12417,.F.);
#12419=EDGE_LOOP('',(#12402,#12403,#12412,#12418));
#12420=FACE_BOUND('',#12419,.T.);
#12421=ADVANCED_FACE('',(#12420),#12393,.F.);
#12422=CARTESIAN_POINT('',(0.502307555,0.76916508,5.225));
#12423=DIRECTION('',(0.939826968,-0.341650801,0.));
#12424=DIRECTION('',(-0.341650801,-0.939826968,0.));
#12425=AXIS2_PLACEMENT_3D('',#12422,#12423,#12424);
#12426=PLANE('',#12425);
#12427=ORIENTED_EDGE('',*,*,#1712,.T.);
#12428=CARTESIAN_POINT('',(0.502307555,0.76916508,5.225));
#12429=DIRECTION('',(-0.341650801,-0.939826968,0.));
#12430=VECTOR('',#12429,0.021388959);
#12431=LINE('',#12428,#12430);
#12432=EDGE_CURVE('',#12395,#1701,#12431,.T.);
#12433=ORIENTED_EDGE('',*,*,#12432,.F.);
#12434=ORIENTED_EDGE('',*,*,#12417,.T.);
#12435=CARTESIAN_POINT('',(0.495,0.74906316,5.345));
#12436=DIRECTION('',(0.341650801,0.939826968,0.));
#12437=VECTOR('',#12436,0.021388959);
#12438=LINE('',#12435,#12437);
#12439=EDGE_CURVE('',#1669,#12405,#12438,.T.);
#12440=ORIENTED_EDGE('',*,*,#12439,.F.);
#12441=EDGE_LOOP('',(#12427,#12433,#12434,#12440));
#12442=FACE_BOUND('',#12441,.T.);
#12443=ADVANCED_FACE('',(#12442),#12426,.T.);
#12444=CARTESIAN_POINT('',(1.087616119,-0.20066064,5.225));
#12445=DIRECTION('',(0.,0.,-1.));
#12446=DIRECTION('',(-1.,0.,0.));
#12447=AXIS2_PLACEMENT_3D('',#12444,#12445,#12446);
#12448=PLANE('',#12447);
#12449=ORIENTED_EDGE('',*,*,#1706,.T.);
#12450=CARTESIAN_POINT('',(0.603715622,0.96,5.225));
#12451=DIRECTION('',(-1.,0.,0.));
#12452=VECTOR('',#12451,0.108715622);
#12453=LINE('',#12450,#12452);
#12454=EDGE_CURVE('',#12357,#1693,#12453,.T.);
#12455=ORIENTED_EDGE('',*,*,#12454,.F.);
#12456=ORIENTED_EDGE('',*,*,#12362,.F.);
#12457=ORIENTED_EDGE('',*,*,#12331,.F.);
#12458=CARTESIAN_POINT('',(0.625,0.885,5.225));
#12459=DIRECTION('',(0.,0.,1.));
#12460=DIRECTION('',(1.,0.,-0.));
#12461=AXIS2_PLACEMENT_3D('',#12458,#12459,#12460);
#12462=CIRCLE('',#12461,0.05);
#12463=EDGE_CURVE('',#12275,#12317,#12462,.T.);
#12464=ORIENTED_EDGE('',*,*,#12463,.F.);
#12465=ORIENTED_EDGE('',*,*,#12282,.T.);
#12466=ORIENTED_EDGE('',*,*,#12401,.T.);
#12467=ORIENTED_EDGE('',*,*,#12432,.T.);
#12468=EDGE_LOOP('',(#12449,#12455,#12456,#12457,#12464,#12465,#12466,#12467));
#12469=FACE_BOUND('',#12468,.T.);
#12470=ADVANCED_FACE('',(#12469),#12448,.T.);
#12471=CARTESIAN_POINT('',(0.5225,0.98,5.245));
#12472=DIRECTION('',(0.,0.707106781,-0.707106781));
#12473=DIRECTION('',(0.,0.707106781,0.707106781));
#12474=AXIS2_PLACEMENT_3D('',#12471,#12472,#12473);
#12475=PLANE('',#12474);
#12476=ORIENTED_EDGE('',*,*,#12454,.T.);
#12477=ORIENTED_EDGE('',*,*,#1698,.T.);
#12478=CARTESIAN_POINT('',(0.5,1.,5.265));
#12479=DIRECTION('',(-0.513436031,-0.606788036,-0.606788036));
#12480=VECTOR('',#12479,0.009738311);
#12481=LINE('',#12478,#12480);
#12482=EDGE_CURVE('',#12237,#1685,#12481,.T.);
#12483=ORIENTED_EDGE('',*,*,#12482,.F.);
#12484=ORIENTED_EDGE('',*,*,#12242,.F.);
#12485=ORIENTED_EDGE('',*,*,#12368,.F.);
#12486=EDGE_LOOP('',(#12476,#12477,#12483,#12484,#12485));
#12487=FACE_BOUND('',#12486,.T.);
#12488=ADVANCED_FACE('',(#12487),#12475,.T.);
#12489=CARTESIAN_POINT('',(0.39,0.87,5.225));
#12490=DIRECTION('',(-0.763386285,0.645942241,0.));
#12491=DIRECTION('',(0.645942241,0.763386285,0.));
#12492=AXIS2_PLACEMENT_3D('',#12489,#12490,#12491);
#12493=PLANE('',#12492);
#12494=ORIENTED_EDGE('',*,*,#1690,.T.);
#12495=CARTESIAN_POINT('',(0.5,1.,5.305));
#12496=DIRECTION('',(-0.513436031,-0.606788036,0.606788036));
#12497=VECTOR('',#12496,0.009738311);
#12498=LINE('',#12495,#12497);
#12499=EDGE_CURVE('',#12245,#1677,#12498,.T.);
#12500=ORIENTED_EDGE('',*,*,#12499,.F.);
#12501=ORIENTED_EDGE('',*,*,#12250,.T.);
#12502=ORIENTED_EDGE('',*,*,#12482,.T.);
#12503=EDGE_LOOP('',(#12494,#12500,#12501,#12502));
#12504=FACE_BOUND('',#12503,.T.);
#12505=ADVANCED_FACE('',(#12504),#12493,.T.);
#12506=CARTESIAN_POINT('',(0.5225,0.98,5.325));
#12507=DIRECTION('',(-0.,-0.707106781,-0.707106781));
#12508=DIRECTION('',(0.,0.707106781,-0.707106781));
#12509=AXIS2_PLACEMENT_3D('',#12506,#12507,#12508);
#12510=PLANE('',#12509);
#12511=CARTESIAN_POINT('',(0.495,0.96,5.345));
#12512=DIRECTION('',(1.,-0.,0.));
#12513=VECTOR('',#12512,0.108715622);
#12514=LINE('',#12511,#12513);
#12515=EDGE_CURVE('',#1667,#12372,#12514,.T.);
#12516=ORIENTED_EDGE('',*,*,#12515,.T.);
#12517=ORIENTED_EDGE('',*,*,#12377,.T.);
#12518=ORIENTED_EDGE('',*,*,#12258,.T.);
#12519=ORIENTED_EDGE('',*,*,#12499,.T.);
#12520=ORIENTED_EDGE('',*,*,#1682,.F.);
#12521=EDGE_LOOP('',(#12516,#12517,#12518,#12519,#12520));
#12522=FACE_BOUND('',#12521,.T.);
#12523=ADVANCED_FACE('',(#12522),#12510,.F.);
#12524=CARTESIAN_POINT('',(1.335697637,0.215754265,5.345));
#12525=DIRECTION('',(0.,0.,1.));
#12526=DIRECTION('',(1.,0.,0.));
#12527=AXIS2_PLACEMENT_3D('',#12524,#12525,#12526);
#12528=PLANE('',#12527);
#12529=ORIENTED_EDGE('',*,*,#1674,.T.);
#12530=ORIENTED_EDGE('',*,*,#12439,.T.);
#12531=ORIENTED_EDGE('',*,*,#12411,.F.);
#12532=ORIENTED_EDGE('',*,*,#12298,.T.);
#12533=CARTESIAN_POINT('',(0.625,0.885,5.345));
#12534=DIRECTION('',(0.,0.,1.));
#12535=DIRECTION('',(1.,0.,-0.));
#12536=AXIS2_PLACEMENT_3D('',#12533,#12534,#12535);
#12537=CIRCLE('',#12536,0.05);
#12538=EDGE_CURVE('',#12285,#12315,#12537,.T.);
#12539=ORIENTED_EDGE('',*,*,#12538,.T.);
#12540=ORIENTED_EDGE('',*,*,#12346,.T.);
#12541=ORIENTED_EDGE('',*,*,#12383,.T.);
#12542=ORIENTED_EDGE('',*,*,#12515,.F.);
#12543=EDGE_LOOP('',(#12529,#12530,#12531,#12532,#12539,#12540,#12541,#12542));
#12544=FACE_BOUND('',#12543,.T.);
#12545=ADVANCED_FACE('',(#12544),#12528,.T.);
#12546=CARTESIAN_POINT('',(0.625,0.885,4.425));
#12547=DIRECTION('',(0.,0.,1.));
#12548=DIRECTION('',(1.,0.,-0.));
#12549=AXIS2_PLACEMENT_3D('',#12546,#12547,#12548);
#12550=CYLINDRICAL_SURFACE('',#12549,0.05);
#12551=ORIENTED_EDGE('',*,*,#8868,.F.);
#12552=ORIENTED_EDGE('',*,*,#9039,.F.);
#12553=ORIENTED_EDGE('',*,*,#8843,.F.);
#12554=ORIENTED_EDGE('',*,*,#8954,.T.);
#12555=EDGE_LOOP('',(#12551,#12552,#12553,#12554));
#12556=FACE_BOUND('',#12555,.T.);
#12557=ADVANCED_FACE('',(#12556),#12550,.T.);
#12558=CARTESIAN_POINT('',(-0.625,0.885,3.745));
#12559=DIRECTION('',(-0.,0.,-1.));
#12560=DIRECTION('',(-1.,-0.,0.));
#12561=AXIS2_PLACEMENT_3D('',#12558,#12559,#12560);
#12562=CYLINDRICAL_SURFACE('',#12561,0.05);
#12563=ORIENTED_EDGE('',*,*,#9072,.F.);
#12564=ORIENTED_EDGE('',*,*,#9294,.F.);
#12565=ORIENTED_EDGE('',*,*,#9122,.F.);
#12566=ORIENTED_EDGE('',*,*,#9338,.T.);
#12567=EDGE_LOOP('',(#12563,#12564,#12565,#12566));
#12568=FACE_BOUND('',#12567,.T.);
#12569=ADVANCED_FACE('',(#12568),#12562,.T.);
#12570=CARTESIAN_POINT('',(0.625,0.885,4.025));
#12571=DIRECTION('',(0.,0.,1.));
#12572=DIRECTION('',(1.,0.,-0.));
#12573=AXIS2_PLACEMENT_3D('',#12570,#12571,#12572);
#12574=CYLINDRICAL_SURFACE('',#12573,0.05);
#12575=ORIENTED_EDGE('',*,*,#9502,.F.);
#12576=ORIENTED_EDGE('',*,*,#9673,.F.);
#12577=ORIENTED_EDGE('',*,*,#9477,.F.);
#12578=ORIENTED_EDGE('',*,*,#9588,.T.);
#12579=EDGE_LOOP('',(#12575,#12576,#12577,#12578));
#12580=FACE_BOUND('',#12579,.T.);
#12581=ADVANCED_FACE('',(#12580),#12574,.T.);
#12582=CARTESIAN_POINT('',(0.625,0.885,4.825));
#12583=DIRECTION('',(0.,0.,1.));
#12584=DIRECTION('',(1.,0.,-0.));
#12585=AXIS2_PLACEMENT_3D('',#12582,#12583,#12584);
#12586=CYLINDRICAL_SURFACE('',#12585,0.05);
#12587=ORIENTED_EDGE('',*,*,#9706,.F.);
#12588=ORIENTED_EDGE('',*,*,#9928,.F.);
#12589=ORIENTED_EDGE('',*,*,#9756,.F.);
#12590=ORIENTED_EDGE('',*,*,#9972,.T.);
#12591=EDGE_LOOP('',(#12587,#12588,#12589,#12590));
#12592=FACE_BOUND('',#12591,.T.);
#12593=ADVANCED_FACE('',(#12592),#12586,.T.);
#12594=CARTESIAN_POINT('',(-0.625,0.885,4.545));
#12595=DIRECTION('',(-0.,0.,-1.));
#12596=DIRECTION('',(-1.,-0.,0.));
#12597=AXIS2_PLACEMENT_3D('',#12594,#12595,#12596);
#12598=CYLINDRICAL_SURFACE('',#12597,0.05);
#12599=ORIENTED_EDGE('',*,*,#10103,.F.);
#12600=ORIENTED_EDGE('',*,*,#10319,.F.);
#12601=ORIENTED_EDGE('',*,*,#10071,.F.);
#12602=ORIENTED_EDGE('',*,*,#10244,.T.);
#12603=EDGE_LOOP('',(#12599,#12600,#12601,#12602));
#12604=FACE_BOUND('',#12603,.T.);
#12605=ADVANCED_FACE('',(#12604),#12598,.T.);
#12606=CARTESIAN_POINT('',(-0.625,0.885,5.745));
#12607=DIRECTION('',(-0.,0.,-1.));
#12608=DIRECTION('',(-1.,-0.,0.));
#12609=AXIS2_PLACEMENT_3D('',#12606,#12607,#12608);
#12610=CYLINDRICAL_SURFACE('',#12609,0.05);
#12611=ORIENTED_EDGE('',*,*,#10340,.F.);
#12612=ORIENTED_EDGE('',*,*,#10597,.F.);
#12613=ORIENTED_EDGE('',*,*,#10390,.F.);
#12614=ORIENTED_EDGE('',*,*,#10636,.T.);
#12615=EDGE_LOOP('',(#12611,#12612,#12613,#12614));
#12616=FACE_BOUND('',#12615,.T.);
#12617=ADVANCED_FACE('',(#12616),#12610,.T.);
#12618=CARTESIAN_POINT('',(0.625,0.885,3.625));
#12619=DIRECTION('',(0.,0.,1.));
#12620=DIRECTION('',(1.,0.,-0.));
#12621=AXIS2_PLACEMENT_3D('',#12618,#12619,#12620);
#12622=CYLINDRICAL_SURFACE('',#12621,0.05);
#12623=ORIENTED_EDGE('',*,*,#10657,.F.);
#12624=ORIENTED_EDGE('',*,*,#10896,.F.);
#12625=ORIENTED_EDGE('',*,*,#10707,.F.);
#12626=ORIENTED_EDGE('',*,*,#10936,.T.);
#12627=EDGE_LOOP('',(#12623,#12624,#12625,#12626));
#12628=FACE_BOUND('',#12627,.T.);
#12629=ADVANCED_FACE('',(#12628),#12622,.T.);
#12630=CARTESIAN_POINT('',(-0.625,0.885,5.345));
#12631=DIRECTION('',(-0.,0.,-1.));
#12632=DIRECTION('',(-1.,-0.,0.));
#12633=AXIS2_PLACEMENT_3D('',#12630,#12631,#12632);
#12634=CYLINDRICAL_SURFACE('',#12633,0.05);
#12635=ORIENTED_EDGE('',*,*,#10974,.F.);
#12636=ORIENTED_EDGE('',*,*,#11231,.F.);
#12637=ORIENTED_EDGE('',*,*,#11024,.F.);
#12638=ORIENTED_EDGE('',*,*,#11270,.T.);
#12639=EDGE_LOOP('',(#12635,#12636,#12637,#12638));
#12640=FACE_BOUND('',#12639,.T.);
#12641=ADVANCED_FACE('',(#12640),#12634,.T.);
#12642=CARTESIAN_POINT('',(-0.625,0.885,4.145));
#12643=DIRECTION('',(-0.,0.,-1.));
#12644=DIRECTION('',(-1.,-0.,0.));
#12645=AXIS2_PLACEMENT_3D('',#12642,#12643,#12644);
#12646=CYLINDRICAL_SURFACE('',#12645,0.05);
#12647=ORIENTED_EDGE('',*,*,#11371,.F.);
#12648=ORIENTED_EDGE('',*,*,#11587,.F.);
#12649=ORIENTED_EDGE('',*,*,#11339,.F.);
#12650=ORIENTED_EDGE('',*,*,#11512,.T.);
#12651=EDGE_LOOP('',(#12647,#12648,#12649,#12650));
#12652=FACE_BOUND('',#12651,.T.);
#12653=ADVANCED_FACE('',(#12652),#12646,.T.);
#12654=CARTESIAN_POINT('',(0.625,0.885,5.625));
#12655=DIRECTION('',(0.,0.,1.));
#12656=DIRECTION('',(1.,0.,-0.));
#12657=AXIS2_PLACEMENT_3D('',#12654,#12655,#12656);
#12658=CYLINDRICAL_SURFACE('',#12657,0.05);
#12659=ORIENTED_EDGE('',*,*,#11688,.F.);
#12660=ORIENTED_EDGE('',*,*,#11904,.F.);
#12661=ORIENTED_EDGE('',*,*,#11656,.F.);
#12662=ORIENTED_EDGE('',*,*,#11829,.T.);
#12663=EDGE_LOOP('',(#12659,#12660,#12661,#12662));
#12664=FACE_BOUND('',#12663,.T.);
#12665=ADVANCED_FACE('',(#12664),#12658,.T.);
#12666=CARTESIAN_POINT('',(-0.625,0.885,4.945));
#12667=DIRECTION('',(-0.,0.,-1.));
#12668=DIRECTION('',(-1.,-0.,0.));
#12669=AXIS2_PLACEMENT_3D('',#12666,#12667,#12668);
#12670=CYLINDRICAL_SURFACE('',#12669,0.05);
#12671=ORIENTED_EDGE('',*,*,#12005,.F.);
#12672=ORIENTED_EDGE('',*,*,#12221,.F.);
#12673=ORIENTED_EDGE('',*,*,#11973,.F.);
#12674=ORIENTED_EDGE('',*,*,#12146,.T.);
#12675=EDGE_LOOP('',(#12671,#12672,#12673,#12674));
#12676=FACE_BOUND('',#12675,.T.);
#12677=ADVANCED_FACE('',(#12676),#12670,.T.);
#12678=CARTESIAN_POINT('',(0.625,0.885,5.225));
#12679=DIRECTION('',(0.,0.,1.));
#12680=DIRECTION('',(1.,0.,-0.));
#12681=AXIS2_PLACEMENT_3D('',#12678,#12679,#12680);
#12682=CYLINDRICAL_SURFACE('',#12681,0.05);
#12683=ORIENTED_EDGE('',*,*,#12322,.F.);
#12684=ORIENTED_EDGE('',*,*,#12538,.F.);
#12685=ORIENTED_EDGE('',*,*,#12290,.F.);
#12686=ORIENTED_EDGE('',*,*,#12463,.T.);
#12687=EDGE_LOOP('',(#12683,#12684,#12685,#12686));
#12688=FACE_BOUND('',#12687,.T.);
#12689=ADVANCED_FACE('',(#12688),#12682,.T.);
#12690=CLOSED_SHELL('',(#129,#162,#193,#224,#255,#286,#319,#364,#409,#426,#498,#569,#642,#706,#738,#770,#802,#843,#884,#925,#957,#980,#1019,#1147,#1188,#1227,
#1252,#1277,#1309,#1341,#1373,#1403,#1428,#1441,#1766,#1786,#2106,#2147,#2180,#2205,#2231,#2313,#2356,#2387,#2420,#2451,#2482,#2515,#2546,#2579,#2610,
#2643,#2675,#2699,#2724,#2764,#2795,#2826,#2857,#2890,#2921,#2945,#2974,#2991,#3015,#3055,#3088,#3119,#3150,#3181,#3212,#3234,#3264,#3294,#3306,#3346,
#3379,#3410,#3441,#3474,#3505,#3538,#3569,#3602,#3633,#3666,#3691,#3716,#3756,#3789,#3820,#3851,#3884,#3915,#3948,#3979,#4012,#4043,#4076,#4101,#4126,
#4149,#4174,#4191,#4209,#4236,#4249,#4262,#4275,#4408,#4421,#4434,#4475,#4508,#4539,#4570,#4603,#4634,#4667,#4698,#4731,#4753,#4779,#4797,#4817,#4857,
#4890,#4921,#4952,#4985,#5016,#5049,#5080,#5113,#5135,#5161,#5179,#5199,#5239,#5272,#5303,#5334,#5367,#5398,#5431,#5462,#5495,#5517,#5543,#5561,#5581,
#5621,#5652,#5677,#5701,#5725,#5749,#5767,#5794,#5807,#5820,#5838,#6067,#6150,#6174,#6256,#6273,#6286,#6327,#6360,#6391,#6422,#6455,#6486,#6519,#6550,
#6583,#6605,#6631,#6649,#6669,#6709,#6742,#6773,#6804,#6837,#6868,#6901,#6932,#6965,#6987,#7013,#7031,#7051,#7068,#7085,#7102,#7119,#7136,#7153,#7170,
#7191,#7212,#7253,#7286,#7317,#7348,#7381,#7412,#7445,#7476,#7509,#7531,#7557,#7575,#7595,#7635,#7668,#7699,#7730,#7763,#7794,#7827,#7858,#7891,#7913,
#7939,#7957,#7977,#8017,#8050,#8081,#8112,#8145,#8176,#8209,#8240,#8273,#8295,#8321,#8339,#8359,#8399,#8432,#8463,#8494,#8527,#8558,#8591,#8622,#8655,
#8677,#8703,#8721,#8741,#8781,#8823,#8854,#8896,#8934,#8966,#8984,#9001,#9019,#9046,#9058,#9100,#9140,#9173,#9213,#9251,#9274,#9301,#9318,#9345,#9363,
#9375,#9415,#9457,#9488,#9530,#9568,#9600,#9618,#9635,#9653,#9680,#9692,#9734,#9774,#9807,#9847,#9885,#9908,#9935,#9952,#9979,#9997,#10009,#10049,#10089,
#10131,#10169,#10202,#10224,#10251,#10269,#10286,#10304,#10326,#10368,#10408,#10441,#10488,#10519,#10542,#10559,#10577,#10604,#10621,#10643,#10685,#10725,#10758,#10798,#10836,
#10859,#10876,#10903,#10921,#10948,#10960,#11002,#11042,#11075,#11122,#11153,#11176,#11193,#11211,#11238,#11255,#11277,#11317,#11357,#11399,#11437,#11470,#11492,#11519,#11537,
#11554,#11572,#11594,#11634,#11674,#11716,#11754,#11787,#11809,#11836,#11854,#11871,#11889,#11911,#11951,#11991,#12033,#12071,#12104,#12126,#12153,#12171,#12188,#12206,#12228,
#12268,#12308,#12350,#12388,#12421,#12443,#12470,#12488,#12505,#12523,#12545,#12557,#12569,#12581,#12593,#12605,#12617,#12629,#12641,#12653,#12665,#12677,#12689));
#12691=MANIFOLD_SOLID_BREP('Imported 01*1',#12690);
#12692=COLOUR_RGB('',1.,0.811764717,0.501960814);
#12693=FILL_AREA_STYLE_COLOUR('',#12692);
#12694=FILL_AREA_STYLE('',(#12693));
#12695=SURFACE_STYLE_FILL_AREA(#12694);
#12696=SURFACE_SIDE_STYLE('',(#12695));
#12697=SURFACE_STYLE_USAGE(.BOTH.,#12696);
#12698=PRESENTATION_STYLE_ASSIGNMENT((#12697));
#89=STYLED_ITEM('',(#12698),#12691);
#70=SHAPE_REPRESENTATION('temp_import.stp',(#15),#68);
#71=ADVANCED_BREP_SHAPE_REPRESENTATION('temp_import.stp',(#12691),#68);
#12706=SHAPE_REPRESENTATION_RELATIONSHIP('','',#70,#71);
#78=PRODUCT('temp_import.stp','temp_import.stp','',(#56));
#12707=PRODUCT_RELATED_PRODUCT_CATEGORY('part','',(#78));
#12708=PRODUCT_DEFINITION_FORMATION_WITH_SPECIFIED_SOURCE('','',#78,.NOT_KNOWN.);
#79=PRODUCT_DEFINITION('design','',#12708,#57);
#77=PRODUCT_DEFINITION_SHAPE('','',#79);
#12709=SHAPE_DEFINITION_REPRESENTATION(#77,#70);
#69=DRAUGHTING_MODEL('',(),#68);
#16=SHAPE_REPRESENTATION('root',(#15,#48,#83),#10);
#24=PRODUCT('root','root','',(#56));
#12710=PRODUCT_RELATED_PRODUCT_CATEGORY('part','',(#24));
#12711=PRODUCT_DEFINITION_FORMATION_WITH_SPECIFIED_SOURCE('','',#24,.NOT_KNOWN.);
#25=PRODUCT_DEFINITION('design','',#12711,#57);
#23=PRODUCT_DEFINITION_SHAPE('','',#25);
#12712=SHAPE_DEFINITION_REPRESENTATION(#23,#16);
#11=DRAUGHTING_MODEL('',(),#10);
#1=MECHANICAL_DESIGN_GEOMETRIC_PRESENTATION_REPRESENTATION('',(#506,#570,#643,#707,#739,#771,#803,#844,#885,#926,#958,#981,#1020,#1148,#1189,#1228,#1253,#1278,#1310,#1342,#1374,#1404,#1429,#1442,#1767,#1787,
#2107,#2148,#2181,#2206,#2232,#2314,#4150,#4175,#4192,#4210,#4237,#4250,#4263,#4276,#4409,#4422,#4435,#5622,#5653,#5678,#5702,#5726,#5750,#5768,#5795,
#5808,#5821,#5839,#6068,#6274,#6287,#7192,#7213,#89),#10);
ENDSEC;
END-ISO-10303-21;
