ISO-10303-21;
HEADER;
FILE_DESCRIPTION (( 'STEP AP214' ),
    '1' );
FILE_NAME ('RDL10W.STEP',
    '2024-06-14T03:40:23',
    ( '' ),
    ( '' ),
    'SwSTEP 2.0',
    'SolidWorks 2017',
    '' );
FILE_SCHEMA (( 'AUTOMOTIVE_DESIGN' ));
ENDSEC;

DATA;
#1 = LINE ( 'NONE', #476, #576 ) ;
#2 =( GEOMETRIC_REPRESENTATION_CONTEXT ( 3 ) GLOBAL_UNCERTAINTY_ASSIGNED_CONTEXT ( ( #1001 ) ) GLOBAL_UNIT_ASSIGNED_CONTEXT ( ( #2048, #919, #1234 ) ) REPRESENTATION_CONTEXT ( 'NONE', 'WORKASPACE' ) );
#3 = DIRECTION ( 'NONE',  ( -0.0000000000000000000, -0.0000000000000000000, 1.000000000000000000 ) ) ;
#4 = DIRECTION ( 'NONE',  ( 1.000000000000000000, 0.0000000000000000000, 0.0000000000000000000 ) ) ;
#5 = AXIS2_PLACEMENT_3D ( 'NONE', #972, #1560, #986 ) ;
#6 =( LENGTH_UNIT ( ) NAMED_UNIT ( * ) SI_UNIT ( .MILLI., .METRE. ) );
#7 = LINE ( 'NONE', #338, #1336 ) ;
#8 = EDGE_CURVE ( 'NONE', #2983, #42, #1745, .T. ) ;
#9 = DIRECTION ( 'NONE',  ( -0.0000000000000000000, -1.000000000000000000, 0.0000000000000000000 ) ) ;
#10 = LINE ( 'NONE', #2655, #2498 ) ;
#11 = ORIENTED_EDGE ( 'NONE', *, *, #1093, .T. ) ;
#12 = CARTESIAN_POINT ( 'NONE',  ( 4.799999999999999800, -0.5000000000000000000, -4.500000000000001800 ) ) ;
#13 = DIRECTION ( 'NONE',  ( -1.000000000000000000, 0.0000000000000000000, -0.0000000000000000000 ) ) ;
#14 = VECTOR ( 'NONE', #1799, 1000.000000000000000 ) ;
#15 = CARTESIAN_POINT ( 'NONE',  ( 5.500000000000000000, -3.700000000000000200, -4.500000000000001800 ) ) ;
#16 = EDGE_CURVE ( 'NONE', #1269, #3672, #60, .T. ) ;
#17 = ORIENTED_EDGE ( 'NONE', *, *, #1526, .F. ) ;
#18 = CARTESIAN_POINT ( 'NONE',  ( 10.03090482271094300, 11.47420630358270300, 3.987256140890369500 ) ) ;
#19 = FACE_OUTER_BOUND ( 'NONE', #636, .T. ) ;
#20 = VERTEX_POINT ( 'NONE', #2301 ) ;
#21 = PLANE ( 'NONE',  #1110 ) ;
#22 = CARTESIAN_POINT ( 'NONE',  ( -6.250000000000000000, -0.5000000000000000000, -4.500000000000001800 ) ) ;
#23 = DIRECTION ( 'NONE',  ( 1.000000000000000000, -0.0000000000000000000, 0.0000000000000000000 ) ) ;
#24 = FILL_AREA_STYLE ('',( #2000 ) ) ;
#25 = ORIENTED_EDGE ( 'NONE', *, *, #1246, .T. ) ;
#26 = ORIENTED_EDGE ( 'NONE', *, *, #3482, .T. ) ;
#27 = EDGE_CURVE ( 'NONE', #3449, #3012, #3095, .T. ) ;
#28 = FILL_AREA_STYLE ('',( #3145 ) ) ;
#29 = VECTOR ( 'NONE', #678, 1000.000000000000000 ) ;
#30 = ORIENTED_EDGE ( 'NONE', *, *, #3376, .T. ) ;
#31 = UNCERTAINTY_MEASURE_WITH_UNIT (LENGTH_MEASURE( 1.000000000000000100E-005 ), #3140, 'distance_accuracy_value', 'NONE');
#32 = ORIENTED_EDGE ( 'NONE', *, *, #2276, .F. ) ;
#33 =( LENGTH_UNIT ( ) NAMED_UNIT ( * ) SI_UNIT ( .MILLI., .METRE. ) );
#34 = PRESENTATION_LAYER_ASSIGNMENT (  '', '', ( #3648 ) ) ;
#35 = ORIENTED_EDGE ( 'NONE', *, *, #2907, .T. ) ;
#36 = EDGE_CURVE ( 'NONE', #2690, #89, #1155, .T. ) ;
#37 = CARTESIAN_POINT ( 'NONE',  ( 4.349999999999999600, -0.5000000000000000000, 4.500000000000001800 ) ) ;
#38 = SURFACE_STYLE_FILL_AREA ( #1089 ) ;
#39 = ORIENTED_EDGE ( 'NONE', *, *, #3131, .F. ) ;
#40 = DIRECTION ( 'NONE',  ( 0.0000000000000000000, 1.000000000000000000, 0.0000000000000000000 ) ) ;
#41 = CARTESIAN_POINT ( 'NONE',  ( -10.28676639560898600, 10.93784168589329800, -4.628080810222051900 ) ) ;
#42 = VERTEX_POINT ( 'NONE', #1161 ) ;
#43 = EDGE_CURVE ( 'NONE', #42, #2218, #1867, .T. ) ;
#44 =( NAMED_UNIT ( * ) PLANE_ANGLE_UNIT ( ) SI_UNIT ( $, .RADIAN. ) );
#45 = CARTESIAN_POINT ( 'NONE',  ( -6.250000000000000000, -0.5000000000000000000, 4.799999999999999800 ) ) ;
#46 = CARTESIAN_POINT ( 'NONE',  ( 9.926670610591299800, 11.50000000000000000, 0.0000000000000000000 ) ) ;
#47 = PLANE ( 'NONE',  #834 ) ;
#48 = PRESENTATION_STYLE_ASSIGNMENT (( #1482 ) ) ;
#49 = FILL_AREA_STYLE_COLOUR ( '', #309 ) ;
#50 = PRESENTATION_LAYER_ASSIGNMENT (  '', '', ( #2676 ) ) ;
#51 = CARTESIAN_POINT ( 'NONE',  ( 10.05701156010634300, 11.50000000000000200, -3.778806990397320000 ) ) ;
#52 = CARTESIAN_POINT ( 'NONE',  ( -10.13763353899456400, 11.35016745887869400, -4.254271493487177500 ) ) ;
#53 = FACE_OUTER_BOUND ( 'NONE', #2379, .T. ) ;
#54 = LINE ( 'NONE', #3066, #3647 ) ;
#55 = FILL_AREA_STYLE_COLOUR ( '', #936 ) ;
#56 = CARTESIAN_POINT ( 'NONE',  ( 9.978806990397350400, 11.50000000000000200, -3.857011560106353300 ) ) ;
#57 = VECTOR ( 'NONE', #1049, 1000.000000000000000 ) ;
#58 = AXIS2_PLACEMENT_3D ( 'NONE', #889, #1726, #326 ) ;
#59 = DIRECTION ( 'NONE',  ( -1.000000000000000000, 0.0000000000000000000, -0.0000000000000000000 ) ) ;
#60 = LINE ( 'NONE', #2870, #3133 ) ;
#61 = CARTESIAN_POINT ( 'NONE',  ( 9.926670610591299800, 11.50000000000000200, -3.726670610591305000 ) ) ;
#62 = ORIENTED_EDGE ( 'NONE', *, *, #3032, .F. ) ;
#63 = VECTOR ( 'NONE', #1889, 999.9999999999998900 ) ;
#64 = DIRECTION ( 'NONE',  ( 0.0000000000000000000, 0.0000000000000000000, -1.000000000000000000 ) ) ;
#65 = CARTESIAN_POINT ( 'NONE',  ( 6.550000000000000700, 0.0000000000000000000, 0.0000000000000000000 ) ) ;
#66 = DIRECTION ( 'NONE',  ( 0.0000000000000000000, 0.006981260297960499600, -0.9999756307053947500 ) ) ;
#67 = ORIENTED_EDGE ( 'NONE', *, *, #3465, .T. ) ;
#68 = CARTESIAN_POINT ( 'NONE',  ( 10.92578676727666400, 10.63008984507728600, 4.126317073073103400 ) ) ;
#69 = DIRECTION ( 'NONE',  ( 1.000000000000000000, 0.0000000000000000000, 0.0000000000000000000 ) ) ;
#70 = CARTESIAN_POINT ( 'NONE',  ( 6.110000000000002100, -4.599999999999999600, -0.9100000000000000300 ) ) ;
#71 = CARTESIAN_POINT ( 'NONE',  ( -6.250000000000000000, -0.5000000000000000000, 4.500000000000001800 ) ) ;
#72 = EDGE_LOOP ( 'NONE', ( #2979, #868, #1841, #680 ) ) ;
#73 = PLANE ( 'NONE',  #2711 ) ;
#74 = ORIENTED_EDGE ( 'NONE', *, *, #2612, .F. ) ;
#75 = VERTEX_POINT ( 'NONE', #1132 ) ;
#76 =( NAMED_UNIT ( * ) SI_UNIT ( $, .STERADIAN. ) SOLID_ANGLE_UNIT ( ) );
#77 = FILL_AREA_STYLE_COLOUR ( '', #1684 ) ;
#78 = AXIS2_PLACEMENT_3D ( 'NONE', #1158, #3188, #1470 ) ;
#79 = ORIENTED_EDGE ( 'NONE', *, *, #631, .F. ) ;
#80 = ORIENTED_EDGE ( 'NONE', *, *, #1612, .T. ) ;
#81 = DIRECTION ( 'NONE',  ( 0.0000000000000000000, 0.0000000000000000000, 1.000000000000000000 ) ) ;
#82 =( NAMED_UNIT ( * ) SI_UNIT ( $, .STERADIAN. ) SOLID_ANGLE_UNIT ( ) );
#83 = CARTESIAN_POINT ( 'NONE',  ( 10.72888800394930800, 11.11266644525685800, 4.047559360875287600 ) ) ;
#84 = VECTOR ( 'NONE', #2958, 1000.000000000000000 ) ;
#85 = ORIENTED_EDGE ( 'NONE', *, *, #3124, .F. ) ;
#86 = UNCERTAINTY_MEASURE_WITH_UNIT (LENGTH_MEASURE( 1.000000000000000100E-005 ), #1207, 'distance_accuracy_value', 'NONE');
#87 = CARTESIAN_POINT ( 'NONE',  ( -10.69416889492792700, 11.19450411710567500, -4.494168894927897300 ) ) ;
#88 = DIRECTION ( 'NONE',  ( -0.0000000000000000000, 1.000000000000000000, 0.0000000000000000000 ) ) ;
#89 = VERTEX_POINT ( 'NONE', #1472 ) ;
#90 = AXIS2_PLACEMENT_3D ( 'NONE', #203, #1024, #2182 ) ;
#91 = DIRECTION ( 'NONE',  ( -1.000000000000000000, 0.0000000000000000000, 0.0000000000000000000 ) ) ;
#92 =( NAMED_UNIT ( * ) SI_UNIT ( $, .STERADIAN. ) SOLID_ANGLE_UNIT ( ) );
#93 = MECHANICAL_DESIGN_GEOMETRIC_PRESENTATION_REPRESENTATION (  '', ( #478 ), #1147 ) ;
#94 = EDGE_CURVE ( 'NONE', #1664, #1456, #276, .T. ) ;
#95 = DIRECTION ( 'NONE',  ( -0.0000000000000000000, -1.000000000000000000, -0.0000000000000000000 ) ) ;
#96 = LINE ( 'NONE', #2760, #2807 ) ;
#97 = EDGE_CURVE ( 'NONE', #1070, #1538, #3350, .T. ) ;
#98 = DIRECTION ( 'NONE',  ( 1.000000000000000000, 0.0000000000000000000, 0.0000000000000000000 ) ) ;
#99 = CARTESIAN_POINT ( 'NONE',  ( 4.050000000000003400, -0.5000000000000000000, -4.799999999999999800 ) ) ;
#100 = PRESENTATION_STYLE_ASSIGNMENT (( #1534 ) ) ;
#101 = LINE ( 'NONE', #1958, #756 ) ;
#102 = SURFACE_STYLE_USAGE ( .BOTH. , #925 ) ;
#103 = ADVANCED_FACE ( 'NONE', ( #1059 ), #3305, .T. ) ;
#104 = EDGE_LOOP ( 'NONE', ( #2524, #3368, #1357, #3500 ) ) ;
#105 = VECTOR ( 'NONE', #2735, 1000.000000000000000 ) ;
#106 = VECTOR ( 'NONE', #3023, 1000.000000000000000 ) ;
#107 = CARTESIAN_POINT ( 'NONE',  ( -9.926670610591310500, 11.50000000000000200, 3.726670610591305000 ) ) ;
#108 = FILL_AREA_STYLE ('',( #77 ) ) ;
#109 = ORIENTED_EDGE ( 'NONE', *, *, #1241, .F. ) ;
#110 = AXIS2_PLACEMENT_3D ( 'NONE', #1386, #281, #1144 ) ;
#111 = PLANE ( 'NONE',  #3472 ) ;
#112 = EDGE_CURVE ( 'NONE', #20, #189, #3048, .T. ) ;
#113 = FACE_OUTER_BOUND ( 'NONE', #1648, .T. ) ;
#114 = CARTESIAN_POINT ( 'NONE',  ( -6.550000000000000700, -0.1999999999999999800, -4.500000000000001800 ) ) ;
#115 = ORIENTED_EDGE ( 'NONE', *, *, #312, .T. ) ;
#116 = CARTESIAN_POINT ( 'NONE',  ( 9.926670610591299800, 11.50000000000000200, -3.726670610591305000 ) ) ;
#117 = ORIENTED_EDGE ( 'NONE', *, *, #768, .F. ) ;
#118 = ORIENTED_EDGE ( 'NONE', *, *, #2708, .T. ) ;
#119 = DIRECTION ( 'NONE',  ( 0.0000000000000000000, 0.0000000000000000000, 1.000000000000000000 ) ) ;
#120 = SURFACE_STYLE_FILL_AREA ( #1378 ) ;
#121 = EDGE_LOOP ( 'NONE', ( #677, #2665, #3161, #505 ) ) ;
#122 = AXIS2_PLACEMENT_3D ( 'NONE', #757, #181, #2174 ) ;
#123 = EDGE_CURVE ( 'NONE', #1775, #370, #7, .T. ) ;
#124 = ORIENTED_EDGE ( 'NONE', *, *, #853, .F. ) ;
#125 = UNCERTAINTY_MEASURE_WITH_UNIT (LENGTH_MEASURE( 1.000000000000000100E-005 ), #1112, 'distance_accuracy_value', 'NONE');
#126 = ADVANCED_FACE ( 'NONE', ( #1248 ), #1194, .F. ) ;
#127 = DIRECTION ( 'NONE',  ( 0.0000000000000000000, -1.000000000000000000, 0.0000000000000000000 ) ) ;
#128 = MECHANICAL_DESIGN_GEOMETRIC_PRESENTATION_REPRESENTATION (  '', ( #1300 ), #1327 ) ;
#129 = VECTOR ( 'NONE', #3469, 1000.000000000000000 ) ;
#130 = ORIENTED_EDGE ( 'NONE', *, *, #3687, .T. ) ;
#131 = LINE ( 'NONE', #2491, #3073 ) ;
#132 = FACE_OUTER_BOUND ( 'NONE', #1187, .T. ) ;
#133 = LINE ( 'NONE', #3531, #3641 ) ;
#134 = EDGE_CURVE ( 'NONE', #2831, #1552, #319, .T. ) ;
#135 = DIRECTION ( 'NONE',  ( 0.006981090177864065200, -0.9999512631922903300, 0.006981090177864065200 ) ) ;
#136 =( NAMED_UNIT ( * ) SI_UNIT ( $, .STERADIAN. ) SOLID_ANGLE_UNIT ( ) );
#137 = LINE ( 'NONE', #719, #313 ) ;
#138 = CARTESIAN_POINT ( 'NONE',  ( -10.99999999999999500, 0.0000000000000000000, -4.551481466597424600 ) ) ;
#139 =( GEOMETRIC_REPRESENTATION_CONTEXT ( 3 ) GLOBAL_UNCERTAINTY_ASSIGNED_CONTEXT ( ( #1104 ) ) GLOBAL_UNIT_ASSIGNED_CONTEXT ( ( #2441, #2129, #425 ) ) REPRESENTATION_CONTEXT ( 'NONE', 'WORKASPACE' ) );
#140 = VECTOR ( 'NONE', #1356, 1000.000000000000000 ) ;
#141 = CARTESIAN_POINT ( 'NONE',  ( -10.03090482271095300, 11.47420630358270300, 3.987256140890369500 ) ) ;
#142 = FACE_OUTER_BOUND ( 'NONE', #2645, .T. ) ;
#143 = DIRECTION ( 'NONE',  ( 0.0000000000000000000, -1.000000000000000000, 0.0000000000000000000 ) ) ;
#144 = ORIENTED_EDGE ( 'NONE', *, *, #3376, .F. ) ;
#145 = CARTESIAN_POINT ( 'NONE',  ( -4.049999999999999800, -4.599999999999999600, -1.310000000000000500 ) ) ;
#146 = VECTOR ( 'NONE', #226, 1000.000000000000000 ) ;
#147 = DIRECTION ( 'NONE',  ( 1.000000000000000000, -0.0000000000000000000, 0.0000000000000000000 ) ) ;
#148 = ORIENTED_EDGE ( 'NONE', *, *, #1022, .F. ) ;
#149 = MECHANICAL_DESIGN_GEOMETRIC_PRESENTATION_REPRESENTATION (  '', ( #2505 ), #345 ) ;
#150 = DIRECTION ( 'NONE',  ( -1.000000000000000000, 0.0000000000000000000, -0.0000000000000000000 ) ) ;
#151 = EDGE_LOOP ( 'NONE', ( #1181, #2729, #2203, #288 ) ) ;
#152 = VERTEX_POINT ( 'NONE', #298 ) ;
#153 = ORIENTED_EDGE ( 'NONE', *, *, #3223, .T. ) ;
#154 = PRESENTATION_LAYER_ASSIGNMENT (  '', '', ( #3398 ) ) ;
#155 = ADVANCED_FACE ( 'NONE', ( #2963 ), #489, .T. ) ;
#156 = EDGE_CURVE ( 'NONE', #1349, #2787, #3267, .T. ) ;
#157 = CARTESIAN_POINT ( 'NONE',  ( 6.250000000000000000, -0.5000000000000000000, 4.799999999999999800 ) ) ;
#158 = VERTEX_POINT ( 'NONE', #1521 ) ;
#159 = ORIENTED_EDGE ( 'NONE', *, *, #1931, .T. ) ;
#160 = CARTESIAN_POINT ( 'NONE',  ( 3.569999999999999800, -4.599999999999999600, -1.310000000000000500 ) ) ;
#161 = VECTOR ( 'NONE', #2183, 1000.000000000000000 ) ;
#162 = ORIENTED_EDGE ( 'NONE', *, *, #1818, .F. ) ;
#163 = LINE ( 'NONE', #1423, #2082 ) ;
#164 = EDGE_LOOP ( 'NONE', ( #545, #1924, #1712, #2926 ) ) ;
#165 = EDGE_CURVE ( 'NONE', #559, #2073, #2546, .T. ) ;
#166 = VECTOR ( 'NONE', #873, 1000.000000000000000 ) ;
#167 = ORIENTED_EDGE ( 'NONE', *, *, #3196, .T. ) ;
#168 = CARTESIAN_POINT ( 'NONE',  ( 6.250000000000000000, -0.5000000000000000000, 4.500000000000001800 ) ) ;
#169 = DIRECTION ( 'NONE',  ( -1.000000000000000000, -0.0000000000000000000, -0.0000000000000000000 ) ) ;
#170 = CARTESIAN_POINT ( 'NONE',  ( 6.610000000000000300, 0.0000000000000000000, -1.310000000000000500 ) ) ;
#171 = CARTESIAN_POINT ( 'NONE',  ( -3.550000000000000300, 0.0000000000000000000, -1.310000000000000500 ) ) ;
#172 = PRODUCT_DEFINITION ( 'UNKNOWN', '', #3065, #612 ) ;
#173 = ADVANCED_FACE ( 'NONE', ( #3435 ), #1249, .F. ) ;
#174 = FACE_OUTER_BOUND ( 'NONE', #3100, .T. ) ;
#175 = PRESENTATION_LAYER_ASSIGNMENT (  '', '', ( #230 ) ) ;
#176 = EDGE_CURVE ( 'NONE', #1087, #1543, #2319, .T. ) ;
#177 = DIRECTION ( 'NONE',  ( 1.000000000000000000, 0.0000000000000000000, -0.0000000000000000000 ) ) ;
#178 = PLANE ( 'NONE',  #913 ) ;
#179 = FACE_OUTER_BOUND ( 'NONE', #2969, .T. ) ;
#180 = CIRCLE ( 'NONE', #1685, 0.2999999999999999300 ) ;
#181 = DIRECTION ( 'NONE',  ( 0.0000000000000000000, 0.0000000000000000000, 1.000000000000000000 ) ) ;
#182 = CARTESIAN_POINT ( 'NONE',  ( -10.10116427992325700, 11.40293503417391100, 4.162903090769997800 ) ) ;
#183 =( BOUNDED_CURVE ( )  B_SPLINE_CURVE ( 3, ( #507, #1680, #3062, #1344 ),
 .UNSPECIFIED., .F., .F. ) 
 B_SPLINE_CURVE_WITH_KNOTS ( ( 4, 4 ),
 ( 5.497811512779843000, 7.068559101579349900 ),
 .UNSPECIFIED. ) 
 CURVE ( )  GEOMETRIC_REPRESENTATION_ITEM ( )  RATIONAL_B_SPLINE_CURVE ( ( 1.000000000000000000, 0.8047493416400730600, 0.8047493416400730600, 1.000000000000000000 ) ) 
 REPRESENTATION_ITEM ( '' )  );
#184 = EDGE_CURVE ( 'NONE', #242, #1003, #3006, .T. ) ;
#185 = ORIENTED_EDGE ( 'NONE', *, *, #1267, .F. ) ;
#186 = LINE ( 'NONE', #2801, #1921 ) ;
#187 = ADVANCED_FACE ( 'NONE', ( #142 ), #3278, .F. ) ;
#188 = DIRECTION ( 'NONE',  ( -1.000000000000000000, 0.0000000000000000000, 0.0000000000000000000 ) ) ;
#189 = VERTEX_POINT ( 'NONE', #1581 ) ;
#190 = AXIS2_PLACEMENT_3D ( 'NONE', #2363, #3227, #1502 ) ;
#191 = CARTESIAN_POINT ( 'NONE',  ( -6.590000000000002500, 0.0000000000000000000, -1.310000000000000500 ) ) ;
#192 = DIRECTION ( 'NONE',  ( -0.0000000000000000000, -0.0000000000000000000, 1.000000000000000000 ) ) ;
#193 = CARTESIAN_POINT ( 'NONE',  ( 0.0000000000000000000, -4.599999999999999600, 0.0000000000000000000 ) ) ;
#194 = MECHANICAL_DESIGN_GEOMETRIC_PRESENTATION_REPRESENTATION (  '', ( #3138 ), #3390 ) ;
#195 = VERTEX_POINT ( 'NONE', #3020 ) ;
#196 = CARTESIAN_POINT ( 'NONE',  ( 10.07431314577904600, 11.42939081706862600, 4.095777049293495500 ) ) ;
#197 = EDGE_CURVE ( 'NONE', #453, #1759, #1479, .T. ) ;
#198 = ORIENTED_EDGE ( 'NONE', *, *, #1737, .T. ) ;
#199 = ADVANCED_FACE ( 'NONE', ( #2920 ), #3571, .F. ) ;
#200 = VERTEX_POINT ( 'NONE', #736 ) ;
#201 = EDGE_CURVE ( 'NONE', #2944, #1339, #1425, .T. ) ;
#202 = SURFACE_SIDE_STYLE ('',( #210 ) ) ;
#203 = CARTESIAN_POINT ( 'NONE',  ( -6.550000000000000700, -0.5000000000000000000, -4.500000000000001800 ) ) ;
#204 = VECTOR ( 'NONE', #2278, 1000.000000000000000 ) ;
#205 = VECTOR ( 'NONE', #2320, 1000.000000000000000 ) ;
#206 = VERTEX_POINT ( 'NONE', #3592 ) ;
#207 =( NAMED_UNIT ( * ) SI_UNIT ( $, .STERADIAN. ) SOLID_ANGLE_UNIT ( ) );
#208 = CARTESIAN_POINT ( 'NONE',  ( -4.799999999999999800, -0.5100000000000000100, 4.799999999999999800 ) ) ;
#209 = CARTESIAN_POINT ( 'NONE',  ( 4.049999999999999800, -0.5000000000000000000, -4.500000000000001800 ) ) ;
#210 = SURFACE_STYLE_FILL_AREA ( #1651 ) ;
#211 = FACE_OUTER_BOUND ( 'NONE', #945, .T. ) ;
#212 = EDGE_LOOP ( 'NONE', ( #2621, #2290, #1535, #1991 ) ) ;
#213 = FACE_OUTER_BOUND ( 'NONE', #1653, .T. ) ;
#214 = PRESENTATION_STYLE_ASSIGNMENT (( #2800 ) ) ;
#215 = SURFACE_SIDE_STYLE ('',( #3004 ) ) ;
#216 = CYLINDRICAL_SURFACE ( 'NONE', #1056, 0.2999999999999999300 ) ;
#217 = CARTESIAN_POINT ( 'NONE',  ( 10.32666086287345800, 10.50698126029795900, 4.726646241296700500 ) ) ;
#218 = VECTOR ( 'NONE', #3078, 1000.000000000000000 ) ;
#219 = PRESENTATION_STYLE_ASSIGNMENT (( #957 ) ) ;
#220 = CARTESIAN_POINT ( 'NONE',  ( -11.00000000000000000, 0.0000000000000000000, -4.799999999999999800 ) ) ;
#221 = MECHANICAL_DESIGN_GEOMETRIC_PRESENTATION_REPRESENTATION (  '', ( #3648 ), #410 ) ;
#222 = EDGE_CURVE ( 'NONE', #1042, #1402, #180, .T. ) ;
#223 = DIRECTION ( 'NONE',  ( 0.0000000000000000000, 0.0000000000000000000, 1.000000000000000000 ) ) ;
#224 = CYLINDRICAL_SURFACE ( 'NONE', #3135, 1.000000000000000400 ) ;
#225 = ADVANCED_FACE ( 'NONE', ( #667 ), #1875, .T. ) ;
#226 = DIRECTION ( 'NONE',  ( 1.000000000000000000, 0.0000000000000000000, 0.0000000000000000000 ) ) ;
#228 = B_SPLINE_CURVE_WITH_KNOTS ( 'NONE', 3,
 ( #3371, #1074, #800, #552, #1691, #2233, #1956, #815, #1384, #2789, #2261, #280, #2545, #2532, #1371, #839, #2811, #2272, #1062, #1111, #1088, #3094, #3080, #3403, #2246 ),
 .UNSPECIFIED., .F., .F.,
 ( 4, 2, 2, 2, 1, 2, 2, 2, 2, 1, 1, 2, 2, 4 ),
 ( 0.0000000000000000000, 0.2500000000000115500, 0.3750000000000158200, 0.4375000000000159900, 0.4687500000000172100, 0.4843750000000187100, 0.5000000000000202100, 0.6250000000000144300, 0.6875000000000117700, 0.7187500000000106600, 0.7343750000000108800, 0.7421875000000109900, 0.7500000000000109900, 1.000000000000000000 ),
 .UNSPECIFIED. ) ;
#227 = LINE ( 'NONE', #825, #3045 ) ;
#229 = DIRECTION ( 'NONE',  ( 0.0000000000000000000, 0.0000000000000000000, -1.000000000000000000 ) ) ;
#230 = STYLED_ITEM ( 'NONE', ( #3120 ), #1393 ) ;
#231 = EDGE_CURVE ( 'NONE', #2020, #413, #2540, .T. ) ;
#232 = LINE ( 'NONE', #2610, #929 ) ;
#233 = SURFACE_STYLE_USAGE ( .BOTH. , #215 ) ;
#234 = PLANE ( 'NONE',  #3427 ) ;
#235 = DIRECTION ( 'NONE',  ( -0.0000000000000000000, -0.0000000000000000000, -1.000000000000000000 ) ) ;
#236 =( BOUNDED_SURFACE ( )  B_SPLINE_SURFACE ( 3, 2, ( 
 ( #1417, #1975, #878 ),
 ( #2581, #1146, #3448 ),
 ( #285, #2277, #566 ),
 ( #3163, #1738, #2028 ),
 ( #2313, #273, #2565 ),
 ( #614, #1213, #3476 ),
 ( #3514, #1179, #1772 ),
 ( #373, #2095, #666 ),
 ( #1228, #1756, #1510 ),
 ( #946, #2619, #3460 ),
 ( #56, #3498, #1484 ),
 ( #1522, #2672, #3191 ) ),
 .UNSPECIFIED., .F., .F., .F. ) 
 B_SPLINE_SURFACE_WITH_KNOTS ( ( 4, 2, 2, 2, 2, 4 ),
 ( 3, 3 ),
 ( 6.290166624187561300, 6.485643500410926500, 6.681120376634291700, 7.072074129081022100, 7.463027881527752400, 7.853981633974482800 ),
 ( 0.0000000000000000000, 1.000000000000000000 ),
 .UNSPECIFIED. ) 
 GEOMETRIC_REPRESENTATION_ITEM ( )  RATIONAL_B_SPLINE_SURFACE ( (
 ( 1.000000000000000000, 0.7071240124601015900, 1.000000000000000000),
 ( 1.000000000000000000, 0.7074115579367573600, 1.000000000000000000),
 ( 1.000000000000000000, 0.7123629597728139400, 1.000000000000000000),
 ( 1.000000000000000000, 0.7301572864437740900, 1.000000000000000000),
 ( 1.000000000000000000, 0.7429957423541595500, 1.000000000000000000),
 ( 1.000000000000000000, 0.7890376324339051200, 1.000000000000000000),
 ( 1.000000000000000000, 0.8294576405485640800, 1.000000000000000000),
 ( 1.000000000000000000, 0.9046073121847402200, 1.000000000000000000),
 ( 1.000000000000000000, 0.9391739925251564300, 1.000000000000000000),
 ( 1.000000000000000000, 0.9868506014342574000, 1.000000000000000000),
 ( 1.000000000000000000, 1.000155778129288000, 1.000000000000000000),
 ( 1.000000000000000000, 1.000000000000000000, 1.000000000000000000) ) ) 
 REPRESENTATION_ITEM ( '' )  SURFACE ( )  );
#237 = DIRECTION ( 'NONE',  ( -0.0000000000000000000, -1.000000000000000000, -0.0000000000000000000 ) ) ;
#238 = DIRECTION ( 'NONE',  ( 0.0000000000000000000, -0.0000000000000000000, -1.000000000000000000 ) ) ;
#239 = VECTOR ( 'NONE', #3447, 1000.000000000000000 ) ;
#240 = MECHANICAL_DESIGN_GEOMETRIC_PRESENTATION_REPRESENTATION (  '', ( #2994 ), #1375 ) ;
#241 = ORIENTED_EDGE ( 'NONE', *, *, #1145, .T. ) ;
#242 = VERTEX_POINT ( 'NONE', #971 ) ;
#243 = CARTESIAN_POINT ( 'NONE',  ( 10.92619134497049400, 10.57213930072083500, 4.126478904241178500 ) ) ;
#244 = CARTESIAN_POINT ( 'NONE',  ( -10.87378385142088400, 10.82744799779385600, -4.105515906923119300 ) ) ;
#245 = ORIENTED_EDGE ( 'NONE', *, *, #442, .T. ) ;
#246 = ORIENTED_EDGE ( 'NONE', *, *, #556, .T. ) ;
#247 = DIRECTION ( 'NONE',  ( 0.0000000000000000000, -0.0000000000000000000, -1.000000000000000000 ) ) ;
#248 = PLANE ( 'NONE',  #1312 ) ;
#249 = CARTESIAN_POINT ( 'NONE',  ( -11.00000000000000000, 0.0000000000000000000, 4.799999999999999800 ) ) ;
#250 = CARTESIAN_POINT ( 'NONE',  ( -6.550000000000000700, 0.0000000000000000000, 0.0000000000000000000 ) ) ;
#251 = ORIENTED_EDGE ( 'NONE', *, *, #1246, .F. ) ;
#252 = VERTEX_POINT ( 'NONE', #705 ) ;
#253 = CARTESIAN_POINT ( 'NONE',  ( -9.129999999999999000, 0.0000000000000000000, -0.9100000000000000300 ) ) ;
#254 = ORIENTED_EDGE ( 'NONE', *, *, #2537, .F. ) ;
#255 =( NAMED_UNIT ( * ) PLANE_ANGLE_UNIT ( ) SI_UNIT ( $, .RADIAN. ) );
#256 = ORIENTED_EDGE ( 'NONE', *, *, #2312, .T. ) ;
#257 = DIRECTION ( 'NONE',  ( -1.000000000000000000, 0.0000000000000000000, 0.0000000000000000000 ) ) ;
#258 = DIRECTION ( 'NONE',  ( -1.000000000000000000, 0.0000000000000000000, 0.0000000000000000000 ) ) ;
#259 = CARTESIAN_POINT ( 'NONE',  ( 4.069999999999999400, -4.599999999999999600, 0.0000000000000000000 ) ) ;
#260 =( NAMED_UNIT ( * ) PLANE_ANGLE_UNIT ( ) SI_UNIT ( $, .RADIAN. ) );
#261 = DIRECTION ( 'NONE',  ( 0.0000000000000000000, -0.9999756307053947500, 0.006981260297961568200 ) ) ;
#262 = ADVANCED_FACE ( 'NONE', ( #1289 ), #2127, .T. ) ;
#263 = CARTESIAN_POINT ( 'NONE',  ( 10.26998056648396600, 11.43935973971777100, 3.863954490510875100 ) ) ;
#264 = LINE ( 'NONE', #2426, #1051 ) ;
#265 = VECTOR ( 'NONE', #247, 1000.000000000000000 ) ;
#266 = AXIS2_PLACEMENT_3D ( 'NONE', #754, #1294, #188 ) ;
#267 = CARTESIAN_POINT ( 'NONE',  ( 4.799999999999999800, -0.5000000000000000000, -4.790000000000000000 ) ) ;
#268 = CARTESIAN_POINT ( 'NONE',  ( -6.250000000000000000, -0.2000000000000000100, -4.500000000000001800 ) ) ;
#269 = PRESENTATION_LAYER_ASSIGNMENT (  '', '', ( #3138 ) ) ;
#270 =( NAMED_UNIT ( * ) SI_UNIT ( $, .STERADIAN. ) SOLID_ANGLE_UNIT ( ) );
#271 =( LENGTH_UNIT ( ) NAMED_UNIT ( * ) SI_UNIT ( .MILLI., .METRE. ) );
#272 = SURFACE_STYLE_USAGE ( .BOTH. , #2839 ) ;
#273 = CARTESIAN_POINT ( 'NONE',  ( 10.81993718131097100, 10.98752584656653900, -4.619937181310986900 ) ) ;
#274 = VECTOR ( 'NONE', #2415, 1000.000000000000000 ) ;
#275 = EDGE_CURVE ( 'NONE', #2162, #2975, #3431, .T. ) ;
#276 = LINE ( 'NONE', #3179, #406 ) ;
#277 = CARTESIAN_POINT ( 'NONE',  ( -3.550000000000000300, -4.599999999999999600, -1.310000000000000500 ) ) ;
#278 = ORIENTED_EDGE ( 'NONE', *, *, #2935, .T. ) ;
#279 = CARTESIAN_POINT ( 'NONE',  ( 4.799999999999999800, -4.000000000000000000, -4.790000000000000000 ) ) ;
#280 = CARTESIAN_POINT ( 'NONE',  ( -10.63651462796214500, 11.20439717407483100, 4.010608121811346300 ) ) ;
#281 = DIRECTION ( 'NONE',  ( 0.0000000000000000000, 0.0000000000000000000, -1.000000000000000000 ) ) ;
#282 = ORIENTED_EDGE ( 'NONE', *, *, #3677, .F. ) ;
#283 = CARTESIAN_POINT ( 'NONE',  ( 9.926670610591299800, 11.50000000000000200, 3.726670610591305000 ) ) ;
#284 = EDGE_CURVE ( 'NONE', #2151, #864, #1523, .T. ) ;
#285 = CARTESIAN_POINT ( 'NONE',  ( 10.32374151637109000, 10.63724988177732400, -4.719347875040778500 ) ) ;
#286 = ORIENTED_EDGE ( 'NONE', *, *, #284, .F. ) ;
#287 = VECTOR ( 'NONE', #501, 1000.000000000000000 ) ;
#288 = ORIENTED_EDGE ( 'NONE', *, *, #3665, .F. ) ;
#289 = ORIENTED_EDGE ( 'NONE', *, *, #1923, .F. ) ;
#290 = DIRECTION ( 'NONE',  ( 0.0000000000000000000, 0.0000000000000000000, 1.000000000000000000 ) ) ;
#291 = ORIENTED_EDGE ( 'NONE', *, *, #3244, .F. ) ;
#292 = DIRECTION ( 'NONE',  ( 1.000000000000000000, 0.0000000000000000000, -0.0000000000000000000 ) ) ;
#293 = DIRECTION ( 'NONE',  ( 1.000000000000000000, 0.0000000000000000000, 0.0000000000000000000 ) ) ;
#294 = FACE_OUTER_BOUND ( 'NONE', #1946, .T. ) ;
#295 = EDGE_LOOP ( 'NONE', ( #2407, #616, #856, #3105 ) ) ;
#296 = AXIS2_PLACEMENT_3D ( 'NONE', #1541, #2971, #1797 ) ;
#297 = EDGE_CURVE ( 'NONE', #1499, #1034, #2957, .T. ) ;
#298 = CARTESIAN_POINT ( 'NONE',  ( 9.150000000000000400, -4.599999999999999600, -1.310000000000000500 ) ) ;
#299 = CARTESIAN_POINT ( 'NONE',  ( -6.590000000000002500, 0.0000000000000000000, -1.310000000000000500 ) ) ;
#300 = UNCERTAINTY_MEASURE_WITH_UNIT (LENGTH_MEASURE( 1.000000000000000100E-005 ), #3552, 'distance_accuracy_value', 'NONE');
#301 = VECTOR ( 'NONE', #1343, 1000.000000000000000 ) ;
#302 = PLANE ( 'NONE',  #1611 ) ;
#303 = ORIENTED_EDGE ( 'NONE', *, *, #2266, .F. ) ;
#304 = CARTESIAN_POINT ( 'NONE',  ( 3.569999999999999800, -4.599999999999999600, -0.9100000000000000300 ) ) ;
#305 = SURFACE_STYLE_FILL_AREA ( #1567 ) ;
#306 = FACE_OUTER_BOUND ( 'NONE', #3252, .T. ) ;
#307 = DIRECTION ( 'NONE',  ( 1.000000000000000000, 0.0000000000000000000, -0.0000000000000000000 ) ) ;
#308 = MECHANICAL_DESIGN_GEOMETRIC_PRESENTATION_REPRESENTATION (  '', ( #2676 ), #3682 ) ;
#309 = COLOUR_RGB ( '',0.0000000000000000000, 0.0000000000000000000, 0.0000000000000000000 ) ;
#310 = FILL_AREA_STYLE_COLOUR ( '', #3116 ) ;
#311 = LINE ( 'NONE', #3187, #564 ) ;
#312 = EDGE_CURVE ( 'NONE', #1709, #1349, #2860, .T. ) ;
#313 = VECTOR ( 'NONE', #2723, 1000.000000000000000 ) ;
#314 = VECTOR ( 'NONE', #3551, 1000.000000000000000 ) ;
#315 =( GEOMETRIC_REPRESENTATION_CONTEXT ( 3 ) GLOBAL_UNCERTAINTY_ASSIGNED_CONTEXT ( ( #2483 ) ) GLOBAL_UNIT_ASSIGNED_CONTEXT ( ( #3669, #1081, #3125 ) ) REPRESENTATION_CONTEXT ( 'NONE', 'WORKASPACE' ) );
#316 = CARTESIAN_POINT ( 'NONE',  ( -10.32647890424122900, 10.57213930072083500, 4.726191344970501100 ) ) ;
#317 = DIRECTION ( 'NONE',  ( -0.0000000000000000000, -0.0000000000000000000, 1.000000000000000000 ) ) ;
#318 = DIRECTION ( 'NONE',  ( 0.0000000000000000000, 0.0000000000000000000, 1.000000000000000000 ) ) ;
#319 = LINE ( 'NONE', #1426, #1824 ) ;
#320 =( LENGTH_UNIT ( ) NAMED_UNIT ( * ) SI_UNIT ( .MILLI., .METRE. ) );
#321 = EDGE_CURVE ( 'NONE', #3286, #206, #54, .T. ) ;
#322 = DIRECTION ( 'NONE',  ( 0.0000000000000000000, 0.0000000000000000000, 1.000000000000000000 ) ) ;
#323 = LINE ( 'NONE', #1010, #106 ) ;
#324 = ORIENTED_EDGE ( 'NONE', *, *, #3566, .T. ) ;
#325 = DIRECTION ( 'NONE',  ( -0.006981090177864065200, -0.9999512631922903300, -0.006981090177864065200 ) ) ;
#326 = DIRECTION ( 'NONE',  ( 0.0000000000000000000, -0.0000000000000000000, -1.000000000000000000 ) ) ;
#327 = ORIENTED_EDGE ( 'NONE', *, *, #788, .T. ) ;
#328 = CARTESIAN_POINT ( 'NONE',  ( -6.089999999999999900, 0.0000000000000000000, -0.9100000000000000300 ) ) ;
#329 = ORIENTED_EDGE ( 'NONE', *, *, #1526, .T. ) ;
#330 =( NAMED_UNIT ( * ) PLANE_ANGLE_UNIT ( ) SI_UNIT ( $, .RADIAN. ) );
#331 = DIRECTION ( 'NONE',  ( 0.0000000000000000000, 1.000000000000000000, 0.0000000000000000000 ) ) ;
#332 = CARTESIAN_POINT ( 'NONE',  ( -10.12570414300027200, 11.36805560871039100, -4.224415315841402400 ) ) ;
#333 = LINE ( 'NONE', #2843, #2242 ) ;
#334 = DIRECTION ( 'NONE',  ( -1.000000000000000000, -0.0000000000000000000, -0.0000000000000000000 ) ) ;
#335 = VERTEX_POINT ( 'NONE', #1043 ) ;
#336 = EDGE_LOOP ( 'NONE', ( #1663, #3451, #1837, #1134, #907, #609, #85, #1698, #1036, #2923, #3115, #74 ) ) ;
#337 = CARTESIAN_POINT ( 'NONE',  ( 10.32666086287346900, 10.50698126029798600, -4.726646241296698700 ) ) ;
#338 = CARTESIAN_POINT ( 'NONE',  ( 6.610000000000000300, -4.599999999999999600, -0.9100000000000000300 ) ) ;
#339 = EDGE_CURVE ( 'NONE', #3137, #699, #2634, .T. ) ;
#340 = DIRECTION ( 'NONE',  ( -0.0000000000000000000, -1.000000000000000000, -0.0000000000000000000 ) ) ;
#341 = ORIENTED_EDGE ( 'NONE', *, *, #1545, .F. ) ;
#342 = ORIENTED_EDGE ( 'NONE', *, *, #456, .F. ) ;
#343 = DIRECTION ( 'NONE',  ( -0.0000000000000000000, 0.0000000000000000000, 1.000000000000000000 ) ) ;
#344 = STYLED_ITEM ( 'NONE', ( #1424 ), #3251 ) ;
#345 =( GEOMETRIC_REPRESENTATION_CONTEXT ( 3 ) GLOBAL_UNCERTAINTY_ASSIGNED_CONTEXT ( ( #625 ) ) GLOBAL_UNIT_ASSIGNED_CONTEXT ( ( #1414, #3651, #1950 ) ) REPRESENTATION_CONTEXT ( 'NONE', 'WORKASPACE' ) );
#346 = EDGE_LOOP ( 'NONE', ( #3577, #908, #254, #3189 ) ) ;
#347 = SURFACE_SIDE_STYLE ('',( #2857 ) ) ;
#348 = VECTOR ( 'NONE', #3207, 1000.000000000000000 ) ;
#349 = VECTOR ( 'NONE', #1400, 1000.000000000000000 ) ;
#350 = VERTEX_POINT ( 'NONE', #2448 ) ;
#351 =( NAMED_UNIT ( * ) PLANE_ANGLE_UNIT ( ) SI_UNIT ( $, .RADIAN. ) );
#352 = EDGE_CURVE ( 'NONE', #2191, #416, #3037, .T. ) ;
#353 = CARTESIAN_POINT ( 'NONE',  ( -11.00000000000000000, 6.054835387612032200E-018, -4.799999999999999800 ) ) ;
#354 = CARTESIAN_POINT ( 'NONE',  ( 10.10116427993538600, 11.40293503416355300, -4.162903090796255000 ) ) ;
#355 = DIRECTION ( 'NONE',  ( 0.0000000000000000000, 0.0000000000000000000, -1.000000000000000000 ) ) ;
#356 = LINE ( 'NONE', #661, #3684 ) ;
#357 = DIRECTION ( 'NONE',  ( 0.0000000000000000000, 0.0000000000000000000, -1.000000000000000000 ) ) ;
#358 = DIRECTION ( 'NONE',  ( 0.0000000000000000000, -1.000000000000000000, 0.0000000000000000000 ) ) ;
#359 = LINE ( 'NONE', #2624, #3299 ) ;
#360 = SURFACE_STYLE_USAGE ( .BOTH. , #1767 ) ;
#361 = EDGE_CURVE ( 'NONE', #2132, #3619, #2265, .T. ) ;
#362 = CARTESIAN_POINT ( 'NONE',  ( 10.20364491267109500, 11.22168341824161400, -4.419107279820451600 ) ) ;
#363 = CARTESIAN_POINT ( 'NONE',  ( -10.92664624129670500, 10.50698126029795900, -4.126660862873463600 ) ) ;
#364 = AXIS2_PLACEMENT_3D ( 'NONE', #1436, #2909, #2879 ) ;
#365 = CARTESIAN_POINT ( 'NONE',  ( 4.799999999999999800, -0.5000000000000000000, -4.500000000000001800 ) ) ;
#366 = FACE_BOUND ( 'NONE', #695, .T. ) ;
#367 = AXIS2_PLACEMENT_3D ( 'NONE', #1478, #1996, #292 ) ;
#368 = EDGE_CURVE ( 'NONE', #2504, #2108, #1140, .T. ) ;
#369 = SURFACE_SIDE_STYLE ('',( #1007 ) ) ;
#370 = VERTEX_POINT ( 'NONE', #3322 ) ;
#371 = PLANE ( 'NONE',  #1557 ) ;
#372 = DIRECTION ( 'NONE',  ( 0.0000000000000000000, 0.0000000000000000000, 1.000000000000000000 ) ) ;
#373 = CARTESIAN_POINT ( 'NONE',  ( 10.17153640792642300, 11.30139713574539200, -4.338835103929164400 ) ) ;
#374 = ORIENTED_EDGE ( 'NONE', *, *, #3540, .F. ) ;
#375 = CARTESIAN_POINT ( 'NONE',  ( -6.590000000000002500, -4.599999999999999600, -1.310000000000000500 ) ) ;
#376 = EDGE_LOOP ( 'NONE', ( #2736, #1500, #3209, #832 ) ) ;
#377 = CARTESIAN_POINT ( 'NONE',  ( 4.799999999999999800, -3.700000000000000200, -4.799999999999999800 ) ) ;
#378 = AXIS2_PLACEMENT_3D ( 'NONE', #3304, #143, #2402 ) ;
#379 = VERTEX_POINT ( 'NONE', #1917 ) ;
#380 = EDGE_CURVE ( 'NONE', #859, #1456, #475, .T. ) ;
#381 = ORIENTED_EDGE ( 'NONE', *, *, #2856, .T. ) ;
#382 = CARTESIAN_POINT ( 'NONE',  ( -6.590000000000002500, -4.599999999999999600, -0.9100000000000000300 ) ) ;
#383 = CARTESIAN_POINT ( 'NONE',  ( -5.500000000000000000, -3.700000000000000200, 4.500000000000001800 ) ) ;
#384 = LINE ( 'NONE', #2329, #2465 ) ;
#385 = ORIENTED_EDGE ( 'NONE', *, *, #1647, .T. ) ;
#386 = VECTOR ( 'NONE', #1765, 1000.000000000000000 ) ;
#387 = EDGE_LOOP ( 'NONE', ( #1231, #2343, #1660, #3462 ) ) ;
#388 =( GEOMETRIC_REPRESENTATION_CONTEXT ( 3 ) GLOBAL_UNCERTAINTY_ASSIGNED_CONTEXT ( ( #452 ) ) GLOBAL_UNIT_ASSIGNED_CONTEXT ( ( #1247, #2668, #703 ) ) REPRESENTATION_CONTEXT ( 'NONE', 'WORKASPACE' ) );
#389 = CARTESIAN_POINT ( 'NONE',  ( -9.926670610591310500, 11.50000000000000200, 3.726670610591305000 ) ) ;
#390 = ORIENTED_EDGE ( 'NONE', *, *, #3084, .T. ) ;
#391 = EDGE_CURVE ( 'NONE', #1034, #1621, #2229, .T. ) ;
#392 = FILL_AREA_STYLE_COLOUR ( '', #3410 ) ;
#393 = CARTESIAN_POINT ( 'NONE',  ( -10.04216374157381300, 11.46106901589520700, -4.015400214603133100 ) ) ;
#394 = EDGE_CURVE ( 'NONE', #1339, #413, #1326, .T. ) ;
#395 = LINE ( 'NONE', #2463, #218 ) ;
#396 = DIRECTION ( 'NONE',  ( -1.000000000000000000, 0.0000000000000000000, -0.0000000000000000000 ) ) ;
#397 = CARTESIAN_POINT ( 'NONE',  ( 11.00000000000000000, 0.0000000000000000000, 4.799999999999999800 ) ) ;
#398 = ADVANCED_FACE ( 'NONE', ( #533 ), #216, .T. ) ;
#399 = CARTESIAN_POINT ( 'NONE',  ( -10.24551218122706300, 11.11774433732765000, 4.523774537180639000 ) ) ;
#400 = VECTOR ( 'NONE', #2574, 1000.000000000000000 ) ;
#401 = COLOUR_RGB ( '',0.0000000000000000000, 0.0000000000000000000, 0.0000000000000000000 ) ;
#402 = CARTESIAN_POINT ( 'NONE',  ( 0.0000000000000000000, 0.0000000000000000000, 4.500000000000001800 ) ) ;
#403 = DIRECTION ( 'NONE',  ( 1.000000000000000000, 0.0000000000000000000, 0.0000000000000000000 ) ) ;
#404 = CARTESIAN_POINT ( 'NONE',  ( -9.129999999999999000, -4.599999999999999600, -1.310000000000000500 ) ) ;
#405 = AXIS2_PLACEMENT_3D ( 'NONE', #70, #852, #3144 ) ;
#406 = VECTOR ( 'NONE', #1771, 999.9999999999998900 ) ;
#407 = DIRECTION ( 'NONE',  ( -1.000000000000000000, 0.0000000000000000000, 0.0000000000000000000 ) ) ;
#408 = CARTESIAN_POINT ( 'NONE',  ( -11.00000000000000400, 0.0000000000000000000, 4.200014621576764600 ) ) ;
#409 = VECTOR ( 'NONE', #88, 1000.000000000000000 ) ;
#410 =( GEOMETRIC_REPRESENTATION_CONTEXT ( 3 ) GLOBAL_UNCERTAINTY_ASSIGNED_CONTEXT ( ( #1159 ) ) GLOBAL_UNIT_ASSIGNED_CONTEXT ( ( #775, #2752, #2449 ) ) REPRESENTATION_CONTEXT ( 'NONE', 'WORKASPACE' ) );
#411 = CARTESIAN_POINT ( 'NONE',  ( 4.050000000000007800, 0.0000000000000000000, -4.799999999999999800 ) ) ;
#412 = EDGE_CURVE ( 'NONE', #460, #453, #2528, .T. ) ;
#413 = VERTEX_POINT ( 'NONE', #789 ) ;
#414 = VECTOR ( 'NONE', #431, 1000.000000000000000 ) ;
#415 = LINE ( 'NONE', #1076, #3356 ) ;
#416 = VERTEX_POINT ( 'NONE', #910 ) ;
#417 = ADVANCED_FACE ( 'NONE', ( #1511 ), #2911, .F. ) ;
#418 = EDGE_CURVE ( 'NONE', #1302, #1938, #2264, .T. ) ;
#419 = CARTESIAN_POINT ( 'NONE',  ( -4.049999999999999800, -4.599999999999999600, -1.310000000000000500 ) ) ;
#420 = CARTESIAN_POINT ( 'NONE',  ( 6.550000000000000700, -0.1999999999999999800, -4.500000000000001800 ) ) ;
#421 = EDGE_LOOP ( 'NONE', ( #2710, #3195, #1211, #2455 ) ) ;
#422 = DIRECTION ( 'NONE',  ( 0.0000000000000000000, 0.0000000000000000000, 1.000000000000000000 ) ) ;
#423 = CARTESIAN_POINT ( 'NONE',  ( -10.12729269955188900, 11.37488576364193100, -4.228225832992781500 ) ) ;
#424 = ORIENTED_EDGE ( 'NONE', *, *, #962, .T. ) ;
#425 =( NAMED_UNIT ( * ) SI_UNIT ( $, .STERADIAN. ) SOLID_ANGLE_UNIT ( ) );
#426 = EDGE_LOOP ( 'NONE', ( #1763, #2511, #2658, #3288 ) ) ;
#427 = ORIENTED_EDGE ( 'NONE', *, *, #1129, .T. ) ;
#428 = AXIS2_PLACEMENT_3D ( 'NONE', #2111, #1798, #686 ) ;
#429 = VERTEX_POINT ( 'NONE', #3175 ) ;
#430 = DIRECTION ( 'NONE',  ( 0.0000000000000000000, 0.0000000000000000000, 1.000000000000000000 ) ) ;
#431 = DIRECTION ( 'NONE',  ( -1.000000000000000000, -0.0000000000000000000, 0.0000000000000000000 ) ) ;
#432 = VECTOR ( 'NONE', #3, 1000.000000000000000 ) ;
#433 = FACE_OUTER_BOUND ( 'NONE', #1656, .T. ) ;
#434 = ORIENTED_EDGE ( 'NONE', *, *, #2770, .F. ) ;
#435 =( LENGTH_UNIT ( ) NAMED_UNIT ( * ) SI_UNIT ( .MILLI., .METRE. ) );
#436 = CARTESIAN_POINT ( 'NONE',  ( 4.799999999999999800, -0.5000000000000000000, 0.0000000000000000000 ) ) ;
#437 = SURFACE_STYLE_FILL_AREA ( #2832 ) ;
#438 = CARTESIAN_POINT ( 'NONE',  ( -11.00000000000000000, -3.636964013045448600E-017, 4.200014621576765500 ) ) ;
#439 = ADVANCED_FACE ( 'NONE', ( #3679 ), #2630, .T. ) ;
#440 = COLOUR_RGB ( '',0.0000000000000000000, 0.0000000000000000000, 0.0000000000000000000 ) ;
#441 = SURFACE_STYLE_FILL_AREA ( #512 ) ;
#442 = EDGE_CURVE ( 'NONE', #543, #75, #2759, .T. ) ;
#443 = CARTESIAN_POINT ( 'NONE',  ( 10.40004386223620100, -0.008377104074294480100, 4.200043862236214000 ) ) ;
#444 =( LENGTH_UNIT ( ) NAMED_UNIT ( * ) SI_UNIT ( .MILLI., .METRE. ) );
#445 = FILL_AREA_STYLE_COLOUR ( '', #1724 ) ;
#446 = ORIENTED_EDGE ( 'NONE', *, *, #456, .T. ) ;
#447 = CARTESIAN_POINT ( 'NONE',  ( 10.92664624129670000, 10.50698126029796100, 4.799999999999999800 ) ) ;
#448 = VECTOR ( 'NONE', #668, 1000.000000000000000 ) ;
#449 = DIRECTION ( 'NONE',  ( 0.0000000000000000000, -0.0000000000000000000, -1.000000000000000000 ) ) ;
#450 = CARTESIAN_POINT ( 'NONE',  ( -9.988823677433538600, 11.48975837781412500, 3.882534416029583800 ) ) ;
#451 = ORIENTED_EDGE ( 'NONE', *, *, #2569, .F. ) ;
#452 = UNCERTAINTY_MEASURE_WITH_UNIT (LENGTH_MEASURE( 1.000000000000000100E-005 ), #1247, 'distance_accuracy_value', 'NONE');
#453 = VERTEX_POINT ( 'NONE', #3480 ) ;
#454 = ORIENTED_EDGE ( 'NONE', *, *, #783, .T. ) ;
#455 =( GEOMETRIC_REPRESENTATION_CONTEXT ( 3 ) GLOBAL_UNCERTAINTY_ASSIGNED_CONTEXT ( ( #3273 ) ) GLOBAL_UNIT_ASSIGNED_CONTEXT ( ( #964, #2980, #1250 ) ) REPRESENTATION_CONTEXT ( 'NONE', 'WORKASPACE' ) );
#456 = EDGE_CURVE ( 'NONE', #2205, #1874, #3340, .T. ) ;
#457 = CARTESIAN_POINT ( 'NONE',  ( 0.0000000000000000000, 0.0000000000000000000, -0.9100000000000000300 ) ) ;
#458 = CARTESIAN_POINT ( 'NONE',  ( -4.049999999999999800, -0.1999999999999999800, -4.500000000000001800 ) ) ;
#459 = ORIENTED_EDGE ( 'NONE', *, *, #2986, .F. ) ;
#460 = VERTEX_POINT ( 'NONE', #1192 ) ;
#461 = DIRECTION ( 'NONE',  ( 1.000000000000000000, 0.0000000000000000000, -0.0000000000000000000 ) ) ;
#462 = DIRECTION ( 'NONE',  ( 0.0000000000000000000, 0.0000000000000000000, 1.000000000000000000 ) ) ;
#463 = DIRECTION ( 'NONE',  ( 0.0000000000000000000, 0.0000000000000000000, 1.000000000000000000 ) ) ;
#464 = PRESENTATION_STYLE_ASSIGNMENT (( #3610 ) ) ;
#465 = ORIENTED_EDGE ( 'NONE', *, *, #197, .T. ) ;
#466 = ORIENTED_EDGE ( 'NONE', *, *, #2349, .F. ) ;
#467 = EDGE_CURVE ( 'NONE', #1709, #2191, #2436, .T. ) ;
#468 = CYLINDRICAL_SURFACE ( 'NONE', #2284, 0.6000000000000002000 ) ;
#469 = VECTOR ( 'NONE', #1682, 1000.000000000000000 ) ;
#470 = CARTESIAN_POINT ( 'NONE',  ( 10.91934787504077400, 10.63724988177732700, 4.123741516371089800 ) ) ;
#471 = DIRECTION ( 'NONE',  ( 0.0000000000000000000, -0.0000000000000000000, -1.000000000000000000 ) ) ;
#472 = CARTESIAN_POINT ( 'NONE',  ( 5.799999999999999800, -4.000000000000000000, -4.799999999999999800 ) ) ;
#473 = DIRECTION ( 'NONE',  ( -1.000000000000000000, -0.0000000000000000000, 0.0000000000000000000 ) ) ;
#474 = FACE_OUTER_BOUND ( 'NONE', #3316, .T. ) ;
#475 = LINE ( 'NONE', #3359, #2675 ) ;
#476 = CARTESIAN_POINT ( 'NONE',  ( 4.069999999999999400, 0.0000000000000000000, -1.310000000000000500 ) ) ;
#477 = VECTOR ( 'NONE', #2908, 1000.000000000000000 ) ;
#478 = STYLED_ITEM ( 'NONE', ( #1774 ), #1872 ) ;
#479 = EDGE_CURVE ( 'NONE', #1499, #3070, #311, .T. ) ;
#480 = VECTOR ( 'NONE', #1122, 1000.000000000000000 ) ;
#481 = CARTESIAN_POINT ( 'NONE',  ( 0.0000000000000000000, 11.50000000000000200, -3.726670610591305000 ) ) ;
#482 =( NAMED_UNIT ( * ) SI_UNIT ( $, .STERADIAN. ) SOLID_ANGLE_UNIT ( ) );
#483 = CARTESIAN_POINT ( 'NONE',  ( -4.799999999999999800, -0.5100000000000000100, 4.799999999999999800 ) ) ;
#484 = CIRCLE ( 'NONE', #1925, 0.2999999999999999300 ) ;
#485 = DIRECTION ( 'NONE',  ( -1.000000000000000000, 0.0000000000000000000, -0.0000000000000000000 ) ) ;
#486 = DIRECTION ( 'NONE',  ( -1.000000000000000000, 0.0000000000000000000, 0.0000000000000000000 ) ) ;
#487 = SURFACE_STYLE_FILL_AREA ( #2726 ) ;
#488 = AXIS2_PLACEMENT_3D ( 'NONE', #3088, #3344, #3075 ) ;
#489 = CYLINDRICAL_SURFACE ( 'NONE', #730, 0.2999999999999999300 ) ;
#490 = EDGE_CURVE ( 'NONE', #1003, #3286, #662, .T. ) ;
#491 = EDGE_LOOP ( 'NONE', ( #2031, #3015, #2367, #1834 ) ) ;
#492 = CARTESIAN_POINT ( 'NONE',  ( 10.89314384534051600, 10.76490596051460500, 4.113259904490995200 ) ) ;
#493 = VECTOR ( 'NONE', #95, 1000.000000000000000 ) ;
#494 = ORIENTED_EDGE ( 'NONE', *, *, #631, .T. ) ;
#495 = UNCERTAINTY_MEASURE_WITH_UNIT (LENGTH_MEASURE( 1.000000000000000100E-005 ), #3432, 'distance_accuracy_value', 'NONE');
#496 = FILL_AREA_STYLE ('',( #1321 ) ) ;
#497 = DIRECTION ( 'NONE',  ( 1.000000000000000000, 0.0000000000000000000, -0.0000000000000000000 ) ) ;
#498 = ORIENTED_EDGE ( 'NONE', *, *, #1227, .F. ) ;
#499 = CARTESIAN_POINT ( 'NONE',  ( 10.04216374160656000, 11.46106901586516900, 4.015400214679339700 ) ) ;
#500 = ORIENTED_EDGE ( 'NONE', *, *, #3353, .T. ) ;
#501 = DIRECTION ( 'NONE',  ( -0.0000000000000000000, -1.000000000000000000, -0.0000000000000000000 ) ) ;
#502 = VERTEX_POINT ( 'NONE', #813 ) ;
#503 = LINE ( 'NONE', #253, #1935 ) ;
#504 = VECTOR ( 'NONE', #2004, 1000.000000000000000 ) ;
#505 = ORIENTED_EDGE ( 'NONE', *, *, #3566, .F. ) ;
#506 = ORIENTED_EDGE ( 'NONE', *, *, #2207, .F. ) ;
#507 = CARTESIAN_POINT ( 'NONE',  ( 10.40001462157676200, 0.0000000000000000000, 4.800000000000000700 ) ) ;
#508 = LINE ( 'NONE', #2761, #1981 ) ;
#509 = ORIENTED_EDGE ( 'NONE', *, *, #3284, .T. ) ;
#510 =( NAMED_UNIT ( * ) PLANE_ANGLE_UNIT ( ) SI_UNIT ( $, .RADIAN. ) );
#511 =( GEOMETRIC_REPRESENTATION_CONTEXT ( 3 ) GLOBAL_UNCERTAINTY_ASSIGNED_CONTEXT ( ( #1732 ) ) GLOBAL_UNIT_ASSIGNED_CONTEXT ( ( #2854, #3394, #3430 ) ) REPRESENTATION_CONTEXT ( 'NONE', 'WORKASPACE' ) );
#512 = FILL_AREA_STYLE ('',( #3361 ) ) ;
#513 = CARTESIAN_POINT ( 'NONE',  ( 10.24453664626667600, 11.10751531898996600, 4.521703094121956900 ) ) ;
#514 = CIRCLE ( 'NONE', #1441, 0.6000000000000002000 ) ;
#515 = ORIENTED_EDGE ( 'NONE', *, *, #3424, .T. ) ;
#516 = FILL_AREA_STYLE ('',( #3642 ) ) ;
#517 = FACE_OUTER_BOUND ( 'NONE', #1791, .T. ) ;
#518 = ORIENTED_EDGE ( 'NONE', *, *, #1728, .T. ) ;
#519 = EDGE_CURVE ( 'NONE', #2119, #1592, #2627, .T. ) ;
#520 = VECTOR ( 'NONE', #3197, 1000.000000000000100 ) ;
#521 = PRESENTATION_LAYER_ASSIGNMENT (  '', '', ( #344 ) ) ;
#522 = CARTESIAN_POINT ( 'NONE',  ( 10.92561531622244400, 10.61551355783130800, 4.725615316222374000 ) ) ;
#523 = COLOUR_RGB ( '',0.8980392156862745400, 0.8980392156862745400, 0.8980392156862745400 ) ;
#524 = STYLED_ITEM ( 'NONE', ( #1743 ), #2685 ) ;
#525 = CARTESIAN_POINT ( 'NONE',  ( 4.349999999999999600, -0.2000000000000000100, 0.0000000000000000000 ) ) ;
#526 = SURFACE_STYLE_USAGE ( .BOTH. , #1127 ) ;
#527 = PLANE ( 'NONE',  #3637 ) ;
#528 = LINE ( 'NONE', #2445, #2721 ) ;
#529 = CARTESIAN_POINT ( 'NONE',  ( 4.799999999999999800, -4.000000000000000000, -4.799999999999999800 ) ) ;
#530 = STYLED_ITEM ( 'NONE', ( #1224 ), #1879 ) ;
#531 = EDGE_CURVE ( 'NONE', #1938, #3596, #1939, .T. ) ;
#532 = CARTESIAN_POINT ( 'NONE',  ( 0.0000000000000000000, 0.0000000000000000000, 0.0000000000000000000 ) ) ;
#533 = FACE_OUTER_BOUND ( 'NONE', #1533, .T. ) ;
#534 = DIRECTION ( 'NONE',  ( -1.000000000000000000, 0.0000000000000000000, -0.0000000000000000000 ) ) ;
#535 = COLOUR_RGB ( '',0.0000000000000000000, 0.0000000000000000000, 0.0000000000000000000 ) ;
#536 = CARTESIAN_POINT ( 'NONE',  ( -11.00000000000000700, 0.0000000000000000000, 0.0000000000000000000 ) ) ;
#537 = DIRECTION ( 'NONE',  ( 0.0000000000000000000, 0.0000000000000000000, 1.000000000000000000 ) ) ;
#538 = ORIENTED_EDGE ( 'NONE', *, *, #2325, .F. ) ;
#539 = DIRECTION ( 'NONE',  ( 0.0000000000000000000, 0.0000000000000000000, -1.000000000000000000 ) ) ;
#540 = CYLINDRICAL_SURFACE ( 'NONE', #1027, 0.2999999999999999300 ) ;
#541 = CARTESIAN_POINT ( 'NONE',  ( 10.25168120960929000, 11.44580821307311400, 3.856596558040860300 ) ) ;
#542 = SURFACE_STYLE_FILL_AREA ( #876 ) ;
#543 = VERTEX_POINT ( 'NONE', #2689 ) ;
#544 = CARTESIAN_POINT ( 'NONE',  ( 4.049999999999999800, 0.0000000000000000000, 4.500000000000001800 ) ) ;
#545 = ORIENTED_EDGE ( 'NONE', *, *, #1728, .F. ) ;
#546 = DIRECTION ( 'NONE',  ( 0.0000000000000000000, 0.0000000000000000000, 1.000000000000000000 ) ) ;
#547 = CARTESIAN_POINT ( 'NONE',  ( 6.610000000000000300, 0.0000000000000000000, -1.310000000000000500 ) ) ;
#548 = SURFACE_SIDE_STYLE ('',( #3182 ) ) ;
#549 = ORIENTED_EDGE ( 'NONE', *, *, #1858, .F. ) ;
#550 =( GEOMETRIC_REPRESENTATION_CONTEXT ( 3 ) GLOBAL_UNCERTAINTY_ASSIGNED_CONTEXT ( ( #1279 ) ) GLOBAL_UNIT_ASSIGNED_CONTEXT ( ( #1770, #351, #2340 ) ) REPRESENTATION_CONTEXT ( 'NONE', 'WORKASPACE' ) );
#551 = CARTESIAN_POINT ( 'NONE',  ( 3.569999999999999800, 0.0000000000000000000, -0.9100000000000000300 ) ) ;
#552 = CARTESIAN_POINT ( 'NONE',  ( -10.82807770519341000, 10.93784807833907300, 4.086766375525457700 ) ) ;
#553 = CARTESIAN_POINT ( 'NONE',  ( 10.57618977835911500, 11.26050300087152500, 3.986451026998920600 ) ) ;
#554 = ORIENTED_EDGE ( 'NONE', *, *, #3032, .T. ) ;
#555 = ORIENTED_EDGE ( 'NONE', *, *, #2569, .T. ) ;
#556 = EDGE_CURVE ( 'NONE', #3502, #2993, #3036, .T. ) ;
#557 = SURFACE_STYLE_USAGE ( .BOTH. , #2267 ) ;
#558 = VERTEX_POINT ( 'NONE', #3230 ) ;
#559 = VERTEX_POINT ( 'NONE', #2366 ) ;
#560 = CARTESIAN_POINT ( 'NONE',  ( 5.799999999999999800, -0.5000000000000000000, -4.500000000000001800 ) ) ;
#561 = CARTESIAN_POINT ( 'NONE',  ( -10.40001462157676700, 0.0000000000000000000, 4.800000000000000700 ) ) ;
#562 = CARTESIAN_POINT ( 'NONE',  ( -4.049999999999999800, -0.5000000000000000000, -4.500000000000001800 ) ) ;
#563 = CARTESIAN_POINT ( 'NONE',  ( 10.08893819635117900, 11.48889580872602100, 3.791360486512629800 ) ) ;
#564 = VECTOR ( 'NONE', #1780, 1000.000000000000000 ) ;
#565 = DIRECTION ( 'NONE',  ( -1.000000000000000000, -0.0000000000000000000, 0.0000000000000000000 ) ) ;
#566 = CARTESIAN_POINT ( 'NONE',  ( 10.91934787504077400, 10.63724988177732700, -4.123741516371089800 ) ) ;
#567 = MANIFOLD_SOLID_BREP ( '¿é¤J1', #2697 ) ;
#568 = CARTESIAN_POINT ( 'NONE',  ( 10.39554237475977600, 11.40857005285945600, 4.195542374759731400 ) ) ;
#569 = DIRECTION ( 'NONE',  ( 0.0000000000000000000, 0.0000000000000000000, 1.000000000000000000 ) ) ;
#570 = MECHANICAL_DESIGN_GEOMETRIC_PRESENTATION_REPRESENTATION (  '', ( #3422 ), #3351 ) ;
#571 = DIRECTION ( 'NONE',  ( -1.000000000000000000, 0.0000000000000000000, -0.0000000000000000000 ) ) ;
#572 = SURFACE_STYLE_USAGE ( .BOTH. , #2547 ) ;
#573 = EDGE_CURVE ( 'NONE', #2703, #3621, #1281, .T. ) ;
#574 = LINE ( 'NONE', #1993, #3525 ) ;
#575 = DIRECTION ( 'NONE',  ( 0.0000000000000000000, 1.000000000000000000, 0.0000000000000000000 ) ) ;
#576 = VECTOR ( 'NONE', #1894, 1000.000000000000000 ) ;
#577 = DIRECTION ( 'NONE',  ( 0.0000000000000000000, 1.000000000000000000, 0.0000000000000000000 ) ) ;
#578 = SURFACE_SIDE_STYLE ('',( #1029 ) ) ;
#579 = MECHANICAL_DESIGN_GEOMETRIC_PRESENTATION_REPRESENTATION (  '', ( #1092 ), #455 ) ;
#580 = CARTESIAN_POINT ( 'NONE',  ( 3.569999999999999800, -4.599999999999999600, -1.310000000000000500 ) ) ;
#581 = EDGE_CURVE ( 'NONE', #1543, #335, #704, .T. ) ;
#582 = FACE_OUTER_BOUND ( 'NONE', #2305, .T. ) ;
#583 = CARTESIAN_POINT ( 'NONE',  ( 9.150000000000000400, -4.599999999999999600, -1.310000000000000500 ) ) ;
#584 = PRESENTATION_LAYER_ASSIGNMENT (  '', '', ( #3338 ) ) ;
#585 = ORIENTED_EDGE ( 'NONE', *, *, #339, .T. ) ;
#586 = SURFACE_SIDE_STYLE ('',( #1280 ) ) ;
#587 = CARTESIAN_POINT ( 'NONE',  ( -6.550000000000000700, -0.5000000000000000000, 4.799999999999999800 ) ) ;
#588 = LINE ( 'NONE', #901, #493 ) ;
#589 = SURFACE_SIDE_STYLE ('',( #3027 ) ) ;
#590 = EDGE_LOOP ( 'NONE', ( #2649, #1796, #2256, #3616 ) ) ;
#591 = FILL_AREA_STYLE ('',( #3686 ) ) ;
#592 =( GEOMETRIC_REPRESENTATION_CONTEXT ( 3 ) GLOBAL_UNCERTAINTY_ASSIGNED_CONTEXT ( ( #3604 ) ) GLOBAL_UNIT_ASSIGNED_CONTEXT ( ( #985, #1843, #721 ) ) REPRESENTATION_CONTEXT ( 'NONE', 'WORKASPACE' ) );
#593 = CARTESIAN_POINT ( 'NONE',  ( 6.110000000000002100, -4.599999999999999600, -1.310000000000000500 ) ) ;
#594 = ORIENTED_EDGE ( 'NONE', *, *, #394, .T. ) ;
#595 = CARTESIAN_POINT ( 'NONE',  ( -4.799999999999999800, -0.5100000000000000100, 4.790000000000000000 ) ) ;
#596 = VECTOR ( 'NONE', #1091, 1000.000000000000000 ) ;
#597 = EDGE_LOOP ( 'NONE', ( #2744, #2750, #1451, #39 ) ) ;
#598 = ORIENTED_EDGE ( 'NONE', *, *, #467, .F. ) ;
#599 = EDGE_CURVE ( 'NONE', #2550, #3231, #2397, .T. ) ;
#600 = CARTESIAN_POINT ( 'NONE',  ( -10.92561531622245700, 10.61551355783130800, 4.725615316222374000 ) ) ;
#601 = VECTOR ( 'NONE', #2303, 1000.000000000000000 ) ;
#602 = ORIENTED_EDGE ( 'NONE', *, *, #1267, .T. ) ;
#603 = ORIENTED_EDGE ( 'NONE', *, *, #1913, .F. ) ;
#604 = DIRECTION ( 'NONE',  ( -1.000000000000000000, 0.0000000000000000000, -0.0000000000000000000 ) ) ;
#605 = CARTESIAN_POINT ( 'NONE',  ( 6.610000000000000300, 0.0000000000000000000, -0.9100000000000000300 ) ) ;
#606 = FILL_AREA_STYLE ('',( #3107 ) ) ;
#607 =( NAMED_UNIT ( * ) PLANE_ANGLE_UNIT ( ) SI_UNIT ( $, .RADIAN. ) );
#608 = VECTOR ( 'NONE', #1319, 1000.000000000000000 ) ;
#609 = ORIENTED_EDGE ( 'NONE', *, *, #176, .F. ) ;
#610 = AXIS2_PLACEMENT_3D ( 'NONE', #3383, #1669, #3128 ) ;
#611 = EDGE_CURVE ( 'NONE', #1452, #859, #3076, .T. ) ;
#612 = PRODUCT_DEFINITION_CONTEXT ( 'detailed design', #1407, 'design' ) ;
#613 = CARTESIAN_POINT ( 'NONE',  ( 0.0000000000000000000, -0.5100000000000000100, -4.790000000000000000 ) ) ;
#614 = CARTESIAN_POINT ( 'NONE',  ( 10.27521579983385200, 11.00765076376855100, -4.598033583697684000 ) ) ;
#615 = DIRECTION ( 'NONE',  ( 0.0000000000000000000, 0.0000000000000000000, -1.000000000000000000 ) ) ;
#616 = ORIENTED_EDGE ( 'NONE', *, *, #2394, .T. ) ;
#617 = CARTESIAN_POINT ( 'NONE',  ( -10.32374151637109500, 10.63724988177732400, 4.719347875040778500 ) ) ;
#618 = FILL_AREA_STYLE ('',( #640 ) ) ;
#619 = DIRECTION ( 'NONE',  ( 0.0000000000000000000, 1.000000000000000000, 0.0000000000000000000 ) ) ;
#620 = PRESENTATION_LAYER_ASSIGNMENT (  '', '', ( #1823 ) ) ;
#621 = CARTESIAN_POINT ( 'NONE',  ( 6.550000000000000700, -0.5000000000000000000, -4.799999999999999800 ) ) ;
#622 = CARTESIAN_POINT ( 'NONE',  ( 10.42822583299268900, 11.37488576364197500, -3.927292699551996800 ) ) ;
#623 = CARTESIAN_POINT ( 'NONE',  ( 3.569999999999999800, -4.599999999999999600, -0.9100000000000000300 ) ) ;
#624 = FILL_AREA_STYLE_COLOUR ( '', #535 ) ;
#625 = UNCERTAINTY_MEASURE_WITH_UNIT (LENGTH_MEASURE( 1.000000000000000100E-005 ), #1414, 'distance_accuracy_value', 'NONE');
#626 = CARTESIAN_POINT ( 'NONE',  ( -10.32374151637109500, 10.63724988177732400, -4.719347875040778500 ) ) ;
#627 = VECTOR ( 'NONE', #2556, 1000.000000000000000 ) ;
#628 = FILL_AREA_STYLE_COLOUR ( '', #1591 ) ;
#629 = SURFACE_SIDE_STYLE ('',( #744 ) ) ;
#630 = CARTESIAN_POINT ( 'NONE',  ( 3.569999999999999800, -4.599999999999999600, -1.310000000000000500 ) ) ;
#631 = EDGE_CURVE ( 'NONE', #2944, #2197, #133, .T. ) ;
#632 = CARTESIAN_POINT ( 'NONE',  ( -10.24453664626167000, 11.10751531901007100, -4.521703094106350700 ) ) ;
#633 = CARTESIAN_POINT ( 'NONE',  ( 4.349999999999999600, -0.2000000000000000100, 4.799999999999999800 ) ) ;
#634 = LINE ( 'NONE', #3198, #3573 ) ;
#635 = VECTOR ( 'NONE', #396, 1000.000000000000000 ) ;
#636 = EDGE_LOOP ( 'NONE', ( #1439, #1597, #1982, #2794 ) ) ;
#637 = CARTESIAN_POINT ( 'NONE',  ( -10.32647890424122900, 10.57213930072083500, -4.726191344970501100 ) ) ;
#638 =( NAMED_UNIT ( * ) SI_UNIT ( $, .STERADIAN. ) SOLID_ANGLE_UNIT ( ) );
#639 = VERTEX_POINT ( 'NONE', #2746 ) ;
#640 = FILL_AREA_STYLE_COLOUR ( '', #2950 ) ;
#641 = ORIENTED_EDGE ( 'NONE', *, *, #3050, .F. ) ;
#642 = CARTESIAN_POINT ( 'NONE',  ( 10.32666086287346900, 10.50698126029798600, -4.726646241296698700 ) ) ;
#643 = CARTESIAN_POINT ( 'NONE',  ( -10.08537476833464200, 11.41799756728391600, -4.123445364968415700 ) ) ;
#644 = DIRECTION ( 'NONE',  ( -1.000000000000000000, 0.0000000000000000000, -0.0000000000000000000 ) ) ;
#645 = ORIENTED_EDGE ( 'NONE', *, *, #1908, .F. ) ;
#646 = PRESENTATION_LAYER_ASSIGNMENT (  '', '', ( #1899 ) ) ;
#647 = CARTESIAN_POINT ( 'NONE',  ( -10.92561531622245700, 10.61551355783130800, -4.725615316222374000 ) ) ;
#648 = ORIENTED_EDGE ( 'NONE', *, *, #861, .F. ) ;
#649 = ORIENTED_EDGE ( 'NONE', *, *, #222, .F. ) ;
#650 = MECHANICAL_DESIGN_GEOMETRIC_PRESENTATION_REPRESENTATION (  '', ( #344 ), #2315 ) ;
#651 = MECHANICAL_DESIGN_GEOMETRIC_PRESENTATION_REPRESENTATION (  '', ( #3583 ), #1084 ) ;
#652 = SURFACE_STYLE_FILL_AREA ( #2172 ) ;
#653 = ORIENTED_EDGE ( 'NONE', *, *, #3353, .F. ) ;
#654 = DIRECTION ( 'NONE',  ( 0.0000000000000000000, 0.0000000000000000000, 1.000000000000000000 ) ) ;
#655 = ORIENTED_EDGE ( 'NONE', *, *, #2066, .T. ) ;
#656 = FILL_AREA_STYLE_COLOUR ( '', #3292 ) ;
#657 = AXIS2_PLACEMENT_3D ( 'NONE', #1245, #91, #2651 ) ;
#658 = ORIENTED_EDGE ( 'NONE', *, *, #156, .F. ) ;
#659 = EDGE_CURVE ( 'NONE', #335, #350, #2090, .T. ) ;
#660 =( NAMED_UNIT ( * ) SI_UNIT ( $, .STERADIAN. ) SOLID_ANGLE_UNIT ( ) );
#661 = CARTESIAN_POINT ( 'NONE',  ( 8.650000000000000400, -4.599999999999999600, -0.9100000000000000300 ) ) ;
#662 = LINE ( 'NONE', #2311, #1999 ) ;
#663 = CARTESIAN_POINT ( 'NONE',  ( 6.550000000000000700, -0.5000000000000000000, -4.500000000000001800 ) ) ;
#664 = CARTESIAN_POINT ( 'NONE',  ( -4.799999999999999800, -0.5100000000000000100, 4.790000000000000000 ) ) ;
#665 = EDGE_CURVE ( 'NONE', #2831, #699, #2996, .T. ) ;
#666 = CARTESIAN_POINT ( 'NONE',  ( 10.53883510392917000, 11.30139713574537700, -3.971536407926429000 ) ) ;
#667 = FACE_OUTER_BOUND ( 'NONE', #2833, .T. ) ;
#668 = DIRECTION ( 'NONE',  ( 0.0000000000000000000, 1.000000000000000000, 0.0000000000000000000 ) ) ;
#669 = VECTOR ( 'NONE', #169, 1000.000000000000000 ) ;
#670 = CYLINDRICAL_SURFACE ( 'NONE', #2187, 0.9999999999999991100 ) ;
#671 = STYLED_ITEM ( 'NONE', ( #1601 ), #1577 ) ;
#672 = ADVANCED_FACE ( 'NONE', ( #2429 ), #1602, .F. ) ;
#673 = EDGE_CURVE ( 'NONE', #2132, #379, #2042, .T. ) ;
#674 = ORIENTED_EDGE ( 'NONE', *, *, #2784, .F. ) ;
#675 = CARTESIAN_POINT ( 'NONE',  ( 10.40001462157676700, 0.0000000000000000000, -4.799999999999998900 ) ) ;
#676 = FILL_AREA_STYLE_COLOUR ( '', #1960 ) ;
#677 = ORIENTED_EDGE ( 'NONE', *, *, #321, .F. ) ;
#678 = DIRECTION ( 'NONE',  ( 1.000000000000000000, 0.0000000000000000000, 0.0000000000000000000 ) ) ;
#679 = FACE_OUTER_BOUND ( 'NONE', #1266, .T. ) ;
#680 = ORIENTED_EDGE ( 'NONE', *, *, #1556, .F. ) ;
#681 = UNCERTAINTY_MEASURE_WITH_UNIT (LENGTH_MEASURE( 1.000000000000000100E-005 ), #2015, 'distance_accuracy_value', 'NONE');
#682 = CARTESIAN_POINT ( 'NONE',  ( -10.72377453718062800, 11.11774433732766500, 4.045512181227057800 ) ) ;
#683 = AXIS2_PLACEMENT_3D ( 'NONE', #3357, #2228, #3599 ) ;
#684 = VERTEX_POINT ( 'NONE', #732 ) ;
#685 = CARTESIAN_POINT ( 'NONE',  ( -5.799999999999999800, -3.700000000000000200, 0.0000000000000000000 ) ) ;
#686 = DIRECTION ( 'NONE',  ( 0.0000000000000000000, -0.006981260297960499600, -0.9999756307053947500 ) ) ;
#687 = CARTESIAN_POINT ( 'NONE',  ( -4.049999999999997200, 0.0000000000000000000, 4.500000000000001800 ) ) ;
#688 = LINE ( 'NONE', #903, #1628 ) ;
#689 = EDGE_LOOP ( 'NONE', ( #807, #3628, #11, #148, #603, #645 ) ) ;
#690 = ORIENTED_EDGE ( 'NONE', *, *, #3687, .F. ) ;
#691 = CARTESIAN_POINT ( 'NONE',  ( 0.0000000000000000000, -0.5000000000000000000, 0.0000000000000000000 ) ) ;
#692 = CARTESIAN_POINT ( 'NONE',  ( -10.18725614089040700, 11.47420630358269000, -3.830904822710915300 ) ) ;
#693 = FILL_AREA_STYLE_COLOUR ( '', #1405 ) ;
#694 = FACE_OUTER_BOUND ( 'NONE', #3405, .T. ) ;
#695 = EDGE_LOOP ( 'NONE', ( #1965, #1632, #3214, #25 ) ) ;
#696 = ADVANCED_FACE ( 'NONE', ( #213 ), #1318, .T. ) ;
#697 = CARTESIAN_POINT ( 'NONE',  ( -10.27521579983385700, 11.00765076376855100, 4.598033583697684000 ) ) ;
#698 = COLOUR_RGB ( '',0.0000000000000000000, 0.0000000000000000000, 0.0000000000000000000 ) ;
#699 = VERTEX_POINT ( 'NONE', #168 ) ;
#700 = COLOUR_RGB ( '',0.0000000000000000000, 0.0000000000000000000, 0.0000000000000000000 ) ;
#701 = EDGE_LOOP ( 'NONE', ( #2289, #2616, #2064, #1209 ) ) ;
#702 = DIRECTION ( 'NONE',  ( 0.0000000000000000000, 0.0000000000000000000, 1.000000000000000000 ) ) ;
#703 =( NAMED_UNIT ( * ) SI_UNIT ( $, .STERADIAN. ) SOLID_ANGLE_UNIT ( ) );
#704 = LINE ( 'NONE', #663, #836 ) ;
#705 = CARTESIAN_POINT ( 'NONE',  ( -4.049999999999999800, 0.0000000000000000000, -1.310000000000000500 ) ) ;
#706 = CARTESIAN_POINT ( 'NONE',  ( -9.129999999999999000, 0.0000000000000000000, -1.310000000000000500 ) ) ;
#707 = CARTESIAN_POINT ( 'NONE',  ( -4.349999999999999600, -0.5000000000000000000, -4.500000000000001800 ) ) ;
#708 = MECHANICAL_DESIGN_GEOMETRIC_PRESENTATION_REPRESENTATION (  '', ( #3338 ), #827 ) ;
#709 = DIRECTION ( 'NONE',  ( 1.000000000000000000, -0.0000000000000000000, 0.0000000000000000000 ) ) ;
#710 = EDGE_CURVE ( 'NONE', #779, #3666, #1675, .T. ) ;
#711 = VECTOR ( 'NONE', #2704, 1000.000000000000000 ) ;
#712 = CARTESIAN_POINT ( 'NONE',  ( 10.18565513816449200, 11.26219844008661200, -4.374213213842112100 ) ) ;
#713 = PRESENTATION_LAYER_ASSIGNMENT (  '', '', ( #974 ) ) ;
#714 = LINE ( 'NONE', #3221, #806 ) ;
#715 = VERTEX_POINT ( 'NONE', #2138 ) ;
#716 = LINE ( 'NONE', #1783, #409 ) ;
#717 = VERTEX_POINT ( 'NONE', #3558 ) ;
#718 = EDGE_CURVE ( 'NONE', #870, #1339, #1238, .T. ) ;
#719 = CARTESIAN_POINT ( 'NONE',  ( 4.049999999999999800, -0.1999999999999999800, -4.799999999999999800 ) ) ;
#720 = ORIENTED_EDGE ( 'NONE', *, *, #1744, .F. ) ;
#721 =( NAMED_UNIT ( * ) SI_UNIT ( $, .STERADIAN. ) SOLID_ANGLE_UNIT ( ) );
#722 = CARTESIAN_POINT ( 'NONE',  ( -4.049999999999999800, -0.1999999999999999800, -4.799999999999999800 ) ) ;
#723 = COLOUR_RGB ( '',0.0000000000000000000, 0.0000000000000000000, 0.0000000000000000000 ) ;
#724 = ORIENTED_EDGE ( 'NONE', *, *, #953, .T. ) ;
#725 = CARTESIAN_POINT ( 'NONE',  ( -9.129999999999999000, 0.0000000000000000000, -0.9100000000000000300 ) ) ;
#726 = UNCERTAINTY_MEASURE_WITH_UNIT (LENGTH_MEASURE( 1.000000000000000100E-005 ), #1023, 'distance_accuracy_value', 'NONE');
#727 = ADVANCED_FACE ( 'NONE', ( #877 ), #2171, .F. ) ;
#728 = ORIENTED_EDGE ( 'NONE', *, *, #1202, .T. ) ;
#729 = ORIENTED_EDGE ( 'NONE', *, *, #2713, .F. ) ;
#730 = AXIS2_PLACEMENT_3D ( 'NONE', #3523, #2671, #1205 ) ;
#731 = ORIENTED_EDGE ( 'NONE', *, *, #1115, .F. ) ;
#732 = CARTESIAN_POINT ( 'NONE',  ( 5.100000000000000500, -4.000000000000000000, -4.799999999999999800 ) ) ;
#733 = DIRECTION ( 'NONE',  ( 0.0000000000000000000, -0.0000000000000000000, -1.000000000000000000 ) ) ;
#734 = CIRCLE ( 'NONE', #2152, 0.2999999999999999300 ) ;
#735 = ORIENTED_EDGE ( 'NONE', *, *, #36, .T. ) ;
#736 = CARTESIAN_POINT ( 'NONE',  ( 10.99999999999999300, 0.0000000000000000000, 4.200014621576764600 ) ) ;
#737 = VECTOR ( 'NONE', #2050, 1000.000000000000000 ) ;
#738 = EDGE_CURVE ( 'NONE', #3488, #1113, #1777, .T. ) ;
#739 = ADVANCED_FACE ( 'NONE', ( #1137 ), #468, .T. ) ;
#740 = SURFACE_STYLE_USAGE ( .BOTH. , #3334 ) ;
#741 = DIRECTION ( 'NONE',  ( -1.000000000000000000, 0.0000000000000000000, -0.0000000000000000000 ) ) ;
#742 = CARTESIAN_POINT ( 'NONE',  ( -5.799999999999999800, -4.000000000000000000, 4.790000000000000000 ) ) ;
#743 = CARTESIAN_POINT ( 'NONE',  ( -10.16013875023534400, 11.31256114322888000, 4.310530001440965500 ) ) ;
#744 = SURFACE_STYLE_FILL_AREA ( #2648 ) ;
#745 = CARTESIAN_POINT ( 'NONE',  ( -10.75148146659741900, 0.0000000000000000000, -4.800000000000000700 ) ) ;
#746 =( GEOMETRIC_REPRESENTATION_CONTEXT ( 3 ) GLOBAL_UNCERTAINTY_ASSIGNED_CONTEXT ( ( #2837 ) ) GLOBAL_UNIT_ASSIGNED_CONTEXT ( ( #997, #510, #207 ) ) REPRESENTATION_CONTEXT ( 'NONE', 'WORKASPACE' ) );
#747 = LINE ( 'NONE', #277, #627 ) ;
#748 = VECTOR ( 'NONE', #1347, 1000.000000000000000 ) ;
#749 = EDGE_CURVE ( 'NONE', #2900, #684, #1315, .T. ) ;
#750 = AXIS2_PLACEMENT_3D ( 'NONE', #529, #2251, #2827 ) ;
#751 = DIRECTION ( 'NONE',  ( 0.0000000000000000000, 0.0000000000000000000, 1.000000000000000000 ) ) ;
#752 = CARTESIAN_POINT ( 'NONE',  ( 10.32374151637109000, 10.63724988177732400, 4.719347875040778500 ) ) ;
#753 = COLOUR_RGB ( '',0.0000000000000000000, 0.0000000000000000000, 0.0000000000000000000 ) ;
#754 = CARTESIAN_POINT ( 'NONE',  ( -5.100000000000000500, -3.700000000000000200, 0.0000000000000000000 ) ) ;
#755 = FILL_AREA_STYLE_COLOUR ( '', #1123 ) ;
#756 = VECTOR ( 'NONE', #9, 1000.000000000000000 ) ;
#757 = CARTESIAN_POINT ( 'NONE',  ( 4.349999999999999600, -0.2000000000000000100, -4.799999999999999800 ) ) ;
#758 = DIRECTION ( 'NONE',  ( -1.000000000000000000, 0.0000000000000000000, 0.0000000000000000000 ) ) ;
#759 = ORIENTED_EDGE ( 'NONE', *, *, #2076, .F. ) ;
#760 = AXIS2_PLACEMENT_3D ( 'NONE', #1464, #64, #571 ) ;
#761 = VECTOR ( 'NONE', #2998, 1000.000000000000000 ) ;
#762 = VECTOR ( 'NONE', #2237, 1000.000000000000000 ) ;
#763 = ADVANCED_FACE ( 'NONE', ( #1600 ), #1637, .F. ) ;
#764 = EDGE_CURVE ( 'NONE', #2604, #3137, #3416, .T. ) ;
#765 = ORIENTED_EDGE ( 'NONE', *, *, #1353, .F. ) ;
#766 = ORIENTED_EDGE ( 'NONE', *, *, #1301, .F. ) ;
#767 = AXIS2_PLACEMENT_3D ( 'NONE', #3487, #2069, #119 ) ;
#768 = EDGE_CURVE ( 'NONE', #3611, #242, #3629, .T. ) ;
#769 = CARTESIAN_POINT ( 'NONE',  ( 4.349999999999999600, -0.2000000000000000100, 4.500000000000001800 ) ) ;
#770 = DIRECTION ( 'NONE',  ( -0.0000000000000000000, 0.0000000000000000000, 1.000000000000000000 ) ) ;
#771 = CARTESIAN_POINT ( 'NONE',  ( -10.32666086287806800, 10.50698126029799100, -4.726646241296700500 ) ) ;
#772 = EDGE_LOOP ( 'NONE', ( #2210, #947, #674, #1068 ) ) ;
#773 = ORIENTED_EDGE ( 'NONE', *, *, #1004, .T. ) ;
#774 = UNCERTAINTY_MEASURE_WITH_UNIT (LENGTH_MEASURE( 1.000000000000000100E-005 ), #3174, 'distance_accuracy_value', 'NONE');
#775 =( LENGTH_UNIT ( ) NAMED_UNIT ( * ) SI_UNIT ( .MILLI., .METRE. ) );
#776 = ADVANCED_FACE ( 'NONE', ( #831 ), #234, .T. ) ;
#777 = CARTESIAN_POINT ( 'NONE',  ( 10.12634240696187000, 11.36903106745021200, -4.226044821861136400 ) ) ;
#778 = VECTOR ( 'NONE', #2644, 1000.000000000000000 ) ;
#779 = VERTEX_POINT ( 'NONE', #1901 ) ;
#780 =( NAMED_UNIT ( * ) SI_UNIT ( $, .STERADIAN. ) SOLID_ANGLE_UNIT ( ) );
#781 = FACE_OUTER_BOUND ( 'NONE', #1803, .T. ) ;
#782 = ORIENTED_EDGE ( 'NONE', *, *, #710, .T. ) ;
#783 = EDGE_CURVE ( 'NONE', #1874, #1269, #1635, .T. ) ;
#784 = ADVANCED_FACE ( 'NONE', ( #2669 ), #2194, .F. ) ;
#785 = ORIENTED_EDGE ( 'NONE', *, *, #2443, .T. ) ;
#786 = CARTESIAN_POINT ( 'NONE',  ( 10.79803358369765800, 11.00765076376860200, 4.075215799833876500 ) ) ;
#787 = CARTESIAN_POINT ( 'NONE',  ( 8.650000000000000400, -4.599999999999999600, -1.310000000000000500 ) ) ;
#788 = EDGE_CURVE ( 'NONE', #684, #1042, #1989, .T. ) ;
#789 = CARTESIAN_POINT ( 'NONE',  ( 6.110000000000002100, 0.0000000000000000000, -0.9100000000000000300 ) ) ;
#790 = PLANE ( 'NONE',  #3346 ) ;
#791 = CARTESIAN_POINT ( 'NONE',  ( 4.349999999999999600, -0.5000000000000000000, 4.799999999999999800 ) ) ;
#792 = DIRECTION ( 'NONE',  ( -1.000000000000000000, -0.0000000000000000000, -0.0000000000000000000 ) ) ;
#793 = VECTOR ( 'NONE', #1072, 1000.000000000000000 ) ;
#794 = EDGE_CURVE ( 'NONE', #1031, #158, #1718, .T. ) ;
#795 = COLOUR_RGB ( '',0.0000000000000000000, 0.0000000000000000000, 0.0000000000000000000 ) ;
#796 = ADVANCED_FACE ( 'NONE', ( #1413 ), #1232, .T. ) ;
#797 = CARTESIAN_POINT ( 'NONE',  ( 6.610000000000000300, -4.599999999999999600, -1.310000000000000500 ) ) ;
#798 = LINE ( 'NONE', #1039, #2051 ) ;
#799 = CARTESIAN_POINT ( 'NONE',  ( 4.349999999999999600, -0.2000000000000000100, 0.0000000000000000000 ) ) ;
#800 = CARTESIAN_POINT ( 'NONE',  ( -10.90187228589780900, 10.75683545724122100, 4.116300517599609200 ) ) ;
#801 = CARTESIAN_POINT ( 'NONE',  ( 10.06627113087572500, 11.43714171816331200, -4.075696514920623200 ) ) ;
#802 = VECTOR ( 'NONE', #895, 1000.000000000000000 ) ;
#803 = CARTESIAN_POINT ( 'NONE',  ( 9.926670610591299800, 11.50000000000000200, 3.726670610591305000 ) ) ;
#804 = PRESENTATION_LAYER_ASSIGNMENT (  '', '', ( #1952 ) ) ;
#805 = VECTOR ( 'NONE', #923, 1000.000000000000000 ) ;
#806 = VECTOR ( 'NONE', #3481, 1000.000000000000000 ) ;
#807 = ORIENTED_EDGE ( 'NONE', *, *, #2013, .F. ) ;
#808 = CARTESIAN_POINT ( 'NONE',  ( -5.799999999999999800, -4.000000000000000000, 4.799999999999999800 ) ) ;
#809 = CARTESIAN_POINT ( 'NONE',  ( 10.32647890424121900, 10.57213930072083500, 4.726191344970501100 ) ) ;
#810 = CARTESIAN_POINT ( 'NONE',  ( -10.92664624129669800, 10.50698126029795900, -4.126660862873467100 ) ) ;
#811 = ORIENTED_EDGE ( 'NONE', *, *, #1836, .F. ) ;
#812 = STYLED_ITEM ( 'NONE', ( #2222 ), #3541 ) ;
#813 = CARTESIAN_POINT ( 'NONE',  ( 5.799999999999999800, -3.700000000000000200, -4.500000000000001800 ) ) ;
#814 = CARTESIAN_POINT ( 'NONE',  ( -6.550000000000000700, 0.0000000000000000000, 0.0000000000000000000 ) ) ;
#815 = CARTESIAN_POINT ( 'NONE',  ( -10.68944219201429400, 11.14689054538018800, 4.031712128667145100 ) ) ;
#816 = CARTESIAN_POINT ( 'NONE',  ( 0.0000000000000000000, -4.000000000000000000, 0.0000000000000000000 ) ) ;
#817 = ORIENTED_EDGE ( 'NONE', *, *, #1962, .T. ) ;
#818 = DIRECTION ( 'NONE',  ( -2.168404344971010300E-016, -1.000000000000000000, 0.0000000000000000000 ) ) ;
#819 = EDGE_CURVE ( 'NONE', #453, #3488, #1595, .T. ) ;
#820 = ORIENTED_EDGE ( 'NONE', *, *, #2113, .F. ) ;
#821 = CARTESIAN_POINT ( 'NONE',  ( -3.550000000000000300, -4.599999999999999600, -0.9100000000000000300 ) ) ;
#822 = ORIENTED_EDGE ( 'NONE', *, *, #819, .T. ) ;
#823 = ORIENTED_EDGE ( 'NONE', *, *, #1537, .F. ) ;
#824 = VERTEX_POINT ( 'NONE', #845 ) ;
#825 = CARTESIAN_POINT ( 'NONE',  ( 4.050000000000003400, 0.0000000000000000000, 0.0000000000000000000 ) ) ;
#826 = VERTEX_POINT ( 'NONE', #1151 ) ;
#827 =( GEOMETRIC_REPRESENTATION_CONTEXT ( 3 ) GLOBAL_UNCERTAINTY_ASSIGNED_CONTEXT ( ( #1662 ) ) GLOBAL_UNIT_ASSIGNED_CONTEXT ( ( #2868, #2548, #1416 ) ) REPRESENTATION_CONTEXT ( 'NONE', 'WORKASPACE' ) );
#828 = DIRECTION ( 'NONE',  ( 0.0000000000000000000, 0.0000000000000000000, -1.000000000000000000 ) ) ;
#829 = CARTESIAN_POINT ( 'NONE',  ( 10.30360648644472500, 11.42625015174497200, 3.877444929414902500 ) ) ;
#830 = ORIENTED_EDGE ( 'NONE', *, *, #718, .T. ) ;
#831 = FACE_OUTER_BOUND ( 'NONE', #905, .T. ) ;
#832 = ORIENTED_EDGE ( 'NONE', *, *, #2856, .F. ) ;
#833 = DIRECTION ( 'NONE',  ( 0.0000000000000000000, 0.0000000000000000000, -1.000000000000000000 ) ) ;
#834 = AXIS2_PLACEMENT_3D ( 'NONE', #2269, #3438, #1448 ) ;
#835 = CARTESIAN_POINT ( 'NONE',  ( 10.72377453718061700, 11.11774433732766500, 4.045512181227057800 ) ) ;
#836 = VECTOR ( 'NONE', #920, 1000.000000000000000 ) ;
#837 = SURFACE_STYLE_USAGE ( .BOTH. , #548 ) ;
#838 =( GEOMETRIC_REPRESENTATION_CONTEXT ( 3 ) GLOBAL_UNCERTAINTY_ASSIGNED_CONTEXT ( ( #952 ) ) GLOBAL_UNIT_ASSIGNED_CONTEXT ( ( #3202, #2951, #2341 ) ) REPRESENTATION_CONTEXT ( 'NONE', 'WORKASPACE' ) );
#839 = CARTESIAN_POINT ( 'NONE',  ( -10.43257502500510400, 11.36326665977587600, 3.928978524115299500 ) ) ;
#840 = DIRECTION ( 'NONE',  ( 0.0000000000000000000, -0.0000000000000000000, 1.000000000000000000 ) ) ;
#841 =( NAMED_UNIT ( * ) SI_UNIT ( $, .STERADIAN. ) SOLID_ANGLE_UNIT ( ) );
#842 = AXIS2_PLACEMENT_3D ( 'NONE', #1196, #3181, #2314 ) ;
#843 = UNCERTAINTY_MEASURE_WITH_UNIT (LENGTH_MEASURE( 1.000000000000000100E-005 ), #1893, 'distance_accuracy_value', 'NONE');
#844 = EDGE_CURVE ( 'NONE', #75, #559, #2468, .T. ) ;
#845 = CARTESIAN_POINT ( 'NONE',  ( 8.650000000000000400, 0.0000000000000000000, -0.9100000000000000300 ) ) ;
#846 = DIRECTION ( 'NONE',  ( 0.0000000000000000000, 0.0000000000000000000, 1.000000000000000000 ) ) ;
#847 = DIRECTION ( 'NONE',  ( 0.0000000000000000000, 1.000000000000000000, 0.0000000000000000000 ) ) ;
#848 = FILL_AREA_STYLE_COLOUR ( '', #1551 ) ;
#849 = VECTOR ( 'NONE', #2418, 1000.000000000000000 ) ;
#850 = CARTESIAN_POINT ( 'NONE',  ( 10.21290797298642000, 11.45854495665641100, 3.841013162325334300 ) ) ;
#851 = ORIENTED_EDGE ( 'NONE', *, *, #749, .F. ) ;
#852 = DIRECTION ( 'NONE',  ( 0.0000000000000000000, 0.0000000000000000000, -1.000000000000000000 ) ) ;
#853 = EDGE_CURVE ( 'NONE', #2975, #335, #1807, .T. ) ;
#854 = ORIENTED_EDGE ( 'NONE', *, *, #1812, .T. ) ;
#855 = PLANE ( 'NONE',  #2362 ) ;
#856 = ORIENTED_EDGE ( 'NONE', *, *, #1314, .T. ) ;
#857 = SURFACE_STYLE_USAGE ( .BOTH. , #1704 ) ;
#858 = DIRECTION ( 'NONE',  ( 0.0000000000000000000, -0.0000000000000000000, -1.000000000000000000 ) ) ;
#859 = VERTEX_POINT ( 'NONE', #2583 ) ;
#860 = VERTEX_POINT ( 'NONE', #267 ) ;
#861 = EDGE_CURVE ( 'NONE', #2197, #370, #3063, .T. ) ;
#862 = FILL_AREA_STYLE ('',( #55 ) ) ;
#863 = LINE ( 'NONE', #3461, #601 ) ;
#864 = VERTEX_POINT ( 'NONE', #1688 ) ;
#865 = CARTESIAN_POINT ( 'NONE',  ( -11.00000000000000000, 0.0000000000000000000, -4.799999999999999800 ) ) ;
#866 = LINE ( 'NONE', #2847, #1185 ) ;
#867 = VECTOR ( 'NONE', #81, 1000.000000000000000 ) ;
#868 = ORIENTED_EDGE ( 'NONE', *, *, #1826, .T. ) ;
#869 = DIRECTION ( 'NONE',  ( 1.000000000000000000, 0.0000000000000000000, 0.0000000000000000000 ) ) ;
#870 = VERTEX_POINT ( 'NONE', #547 ) ;
#871 = DIRECTION ( 'NONE',  ( -0.006981090177863988900, 0.9999512631922904400, -0.006981090177864073000 ) ) ;
#872 =( GEOMETRIC_REPRESENTATION_CONTEXT ( 3 ) GLOBAL_UNCERTAINTY_ASSIGNED_CONTEXT ( ( #843 ) ) GLOBAL_UNIT_ASSIGNED_CONTEXT ( ( #1893, #2462, #1627 ) ) REPRESENTATION_CONTEXT ( 'NONE', 'WORKASPACE' ) );
#873 = DIRECTION ( 'NONE',  ( -1.000000000000000000, -0.0000000000000000000, -0.0000000000000000000 ) ) ;
#874 = SURFACE_STYLE_USAGE ( .BOTH. , #589 ) ;
#875 = DIRECTION ( 'NONE',  ( 0.006981090177864065200, -0.9999512631922903300, -0.006981090177864065200 ) ) ;
#876 = FILL_AREA_STYLE ('',( #2275 ) ) ;
#877 = FACE_OUTER_BOUND ( 'NONE', #3578, .T. ) ;
#878 = CARTESIAN_POINT ( 'NONE',  ( 10.92664624129669400, 10.50698126029795900, -4.126660862873463600 ) ) ;
#879 = FILL_AREA_STYLE ('',( #755 ) ) ;
#880 = LINE ( 'NONE', #1918, #1465 ) ;
#881 = VECTOR ( 'NONE', #2678, 1000.000000000000000 ) ;
#882 = CARTESIAN_POINT ( 'NONE',  ( -10.92619134497050500, 10.57213930072083500, 4.126478904241178500 ) ) ;
#883 = FILL_AREA_STYLE_COLOUR ( '', #2679 ) ;
#884 = CARTESIAN_POINT ( 'NONE',  ( 4.069999999999999400, -4.599999999999999600, -1.310000000000000500 ) ) ;
#885 = PLANE ( 'NONE',  #2730 ) ;
#886 = EDGE_CURVE ( 'NONE', #3012, #3488, #866, .T. ) ;
#887 = CARTESIAN_POINT ( 'NONE',  ( -10.22728616132818900, 11.15978290487171000, -4.478320954532766700 ) ) ;
#888 = UNCERTAINTY_MEASURE_WITH_UNIT (LENGTH_MEASURE( 1.000000000000000100E-005 ), #1108, 'distance_accuracy_value', 'NONE');
#889 = CARTESIAN_POINT ( 'NONE',  ( 0.0000000000000000000, -0.5000000000000000000, 0.0000000000000000000 ) ) ;
#890 = CARTESIAN_POINT ( 'NONE',  ( 4.050000000000001600, 0.0000000000000000000, 4.799999999999999800 ) ) ;
#891 = MECHANICAL_DESIGN_GEOMETRIC_PRESENTATION_REPRESENTATION (  '', ( #1994 ), #2232 ) ;
#892 = EDGE_LOOP ( 'NONE', ( #690, #3204, #2654, #731, #2699, #62 ) ) ;
#893 = VECTOR ( 'NONE', #1811, 1000.000000000000000 ) ;
#894 = LINE ( 'NONE', #250, #762 ) ;
#895 = DIRECTION ( 'NONE',  ( 0.0000000000000000000, 0.0000000000000000000, -1.000000000000000000 ) ) ;
#896 = DIRECTION ( 'NONE',  ( 0.0000000000000000000, 0.0000000000000000000, -1.000000000000000000 ) ) ;
#897 = CARTESIAN_POINT ( 'NONE',  ( 4.799999999999999800, -4.000000000000000000, -4.799999999999999800 ) ) ;
#898 = SURFACE_SIDE_STYLE ('',( #2354 ) ) ;
#899 = ORIENTED_EDGE ( 'NONE', *, *, #361, .F. ) ;
#900 = SURFACE_SIDE_STYLE ('',( #1603 ) ) ;
#901 = CARTESIAN_POINT ( 'NONE',  ( -6.089999999999999900, -4.599999999999999600, -0.9100000000000000300 ) ) ;
#902 = ORIENTED_EDGE ( 'NONE', *, *, #519, .T. ) ;
#903 = CARTESIAN_POINT ( 'NONE',  ( 5.799999999999999800, -4.000000000000000000, -4.790000000000000000 ) ) ;
#904 = STYLED_ITEM ( 'NONE', ( #3355 ), #2805 ) ;
#905 = EDGE_LOOP ( 'NONE', ( #773, #555, #494, #1225 ) ) ;
#906 = CARTESIAN_POINT ( 'NONE',  ( 9.988823677413778400, 11.48975837782182400, -3.882534415980713600 ) ) ;
#907 = ORIENTED_EDGE ( 'NONE', *, *, #581, .F. ) ;
#908 = ORIENTED_EDGE ( 'NONE', *, *, #3233, .T. ) ;
#909 = CARTESIAN_POINT ( 'NONE',  ( 9.926670610591299800, 11.50000000000000200, -3.726670610591305000 ) ) ;
#910 = CARTESIAN_POINT ( 'NONE',  ( 11.00000000000000000, 0.0000000000000000000, -4.200014621576762900 ) ) ;
#911 = DIRECTION ( 'NONE',  ( -0.0000000000000000000, -0.0000000000000000000, 1.000000000000000000 ) ) ;
#912 = EDGE_LOOP ( 'NONE', ( #130, #1937, #3396, #3358 ) ) ;
#913 = AXIS2_PLACEMENT_3D ( 'NONE', #3529, #3545, #1787 ) ;
#914 = EDGE_CURVE ( 'NONE', #1538, #2504, #2749, .T. ) ;
#915 = CARTESIAN_POINT ( 'NONE',  ( -10.89314384534053000, 10.76490596051460500, -4.113259904490995200 ) ) ;
#916 = FILL_AREA_STYLE_COLOUR ( '', #2293 ) ;
#917 = ORIENTED_EDGE ( 'NONE', *, *, #2254, .F. ) ;
#918 = SHAPE_DEFINITION_REPRESENTATION ( #3530, #1512 ) ;
#919 =( NAMED_UNIT ( * ) PLANE_ANGLE_UNIT ( ) SI_UNIT ( $, .RADIAN. ) );
#920 = DIRECTION ( 'NONE',  ( -1.000000000000000000, 0.0000000000000000000, -0.0000000000000000000 ) ) ;
#921 = CARTESIAN_POINT ( 'NONE',  ( 0.0000000000000000000, -4.599999999999999600, 0.0000000000000000000 ) ) ;
#922 = CYLINDRICAL_SURFACE ( 'NONE', #1715, 0.9999999999999991100 ) ;
#923 = DIRECTION ( 'NONE',  ( -1.000000000000000000, 0.0000000000000000000, -0.0000000000000000000 ) ) ;
#924 = CARTESIAN_POINT ( 'NONE',  ( -10.59243774320070700, 11.28647249959463400, -4.392437743200762400 ) ) ;
#925 = SURFACE_SIDE_STYLE ('',( #1711 ) ) ;
#926 = VECTOR ( 'NONE', #461, 1000.000000000000000 ) ;
#927 = MECHANICAL_DESIGN_GEOMETRIC_PRESENTATION_REPRESENTATION (  '', ( #3673 ), #3003 ) ;
#928 = CARTESIAN_POINT ( 'NONE',  ( -10.32666086287346900, 10.50698126029795900, 4.726646241296700500 ) ) ;
#929 = VECTOR ( 'NONE', #1733, 1000.000000000000000 ) ;
#930 = MECHANICAL_DESIGN_GEOMETRIC_PRESENTATION_REPRESENTATION (  '', ( #3241 ), #2088 ) ;
#931 = CARTESIAN_POINT ( 'NONE',  ( -11.00000000000000000, 0.0000000000000000000, -4.799999999999999800 ) ) ;
#932 = EDGE_CURVE ( 'NONE', #2385, #1408, #1849, .T. ) ;
#933 = CARTESIAN_POINT ( 'NONE',  ( -9.993274304634177000, 11.50000000000000400, -3.893179845698468100 ) ) ;
#934 = PLANE ( 'NONE',  #1605 ) ;
#935 = FILL_AREA_STYLE ('',( #2360 ) ) ;
#936 = COLOUR_RGB ( '',0.0000000000000000000, 0.0000000000000000000, 0.0000000000000000000 ) ;
#937 = VECTOR ( 'NONE', #334, 1000.000000000000000 ) ;
#938 = DIRECTION ( 'NONE',  ( 1.000000000000000000, -0.0000000000000000000, 0.0000000000000000000 ) ) ;
#939 = ORIENTED_EDGE ( 'NONE', *, *, #531, .T. ) ;
#940 = LINE ( 'NONE', #1604, #105 ) ;
#941 = CARTESIAN_POINT ( 'NONE',  ( -9.978806990397361100, 11.50000000000000200, 3.857011560106353300 ) ) ;
#942 = EDGE_LOOP ( 'NONE', ( #2125, #278, #902, #1183 ) ) ;
#943 = EDGE_CURVE ( 'NONE', #3137, #1552, #3409, .T. ) ;
#944 = SURFACE_SIDE_STYLE ('',( #652 ) ) ;
#945 = EDGE_LOOP ( 'NONE', ( #2300, #2883, #655, #1305 ) ) ;
#946 = CARTESIAN_POINT ( 'NONE',  ( 10.03090482271094300, 11.47420630358270300, -3.987256140890369500 ) ) ;
#947 = ORIENTED_EDGE ( 'NONE', *, *, #976, .F. ) ;
#948 = ORIENTED_EDGE ( 'NONE', *, *, #479, .F. ) ;
#949 = ADVANCED_FACE ( 'NONE', ( #1845 ), #2892, .T. ) ;
#950 = LINE ( 'NONE', #1547, #29 ) ;
#951 = ORIENTED_EDGE ( 'NONE', *, *, #2907, .F. ) ;
#952 = UNCERTAINTY_MEASURE_WITH_UNIT (LENGTH_MEASURE( 1.000000000000000100E-005 ), #3202, 'distance_accuracy_value', 'NONE');
#953 = EDGE_CURVE ( 'NONE', #715, #2795, #2887, .T. ) ;
#954 = LINE ( 'NONE', #1998, #1313 ) ;
#955 = ORIENTED_EDGE ( 'NONE', *, *, #3124, .T. ) ;
#956 = DIRECTION ( 'NONE',  ( -1.000000000000000000, 0.0000000000000000000, 0.0000000000000000000 ) ) ;
#957 = SURFACE_STYLE_USAGE ( .BOTH. , #369 ) ;
#958 = DIRECTION ( 'NONE',  ( 1.000000000000000000, 2.168404344971010300E-016, 0.0000000000000000000 ) ) ;
#959 = COLOUR_RGB ( '',0.0000000000000000000, 0.0000000000000000000, 0.0000000000000000000 ) ;
#960 = LINE ( 'NONE', #1005, #2472 ) ;
#961 = ORIENTED_EDGE ( 'NONE', *, *, #1337, .F. ) ;
#962 = EDGE_CURVE ( 'NONE', #2218, #2205, #503, .T. ) ;
#963 = SURFACE_SIDE_STYLE ('',( #487 ) ) ;
#964 =( LENGTH_UNIT ( ) NAMED_UNIT ( * ) SI_UNIT ( .MILLI., .METRE. ) );
#965 = CARTESIAN_POINT ( 'NONE',  ( -10.85699799546397900, 10.90463574984752000, 4.656997995463974900 ) ) ;
#966 = ADVANCED_FACE ( 'NONE', ( #1802 ), #1964, .F. ) ;
#967 = DIRECTION ( 'NONE',  ( -0.0000000000000000000, -0.0000000000000000000, -1.000000000000000000 ) ) ;
#968 = DIRECTION ( 'NONE',  ( 1.000000000000000000, -0.0000000000000000000, 0.0000000000000000000 ) ) ;
#969 = AXIS2_PLACEMENT_3D ( 'NONE', #3010, #147, #1013 ) ;
#970 = AXIS2_PLACEMENT_3D ( 'NONE', #145, #2973, #3265 ) ;
#971 = CARTESIAN_POINT ( 'NONE',  ( 6.550000000000006000, 0.0000000000000000000, 4.500000000000001800 ) ) ;
#972 = CARTESIAN_POINT ( 'NONE',  ( 10.39897167859464100, 0.1451993946456235900, -4.198971678594639400 ) ) ;
#973 = FACE_OUTER_BOUND ( 'NONE', #2513, .T. ) ;
#974 = STYLED_ITEM ( 'NONE', ( #1676 ), #1334 ) ;
#975 = CARTESIAN_POINT ( 'NONE',  ( -10.40001462157675900, 4.231476801406799400E-019, -4.800000000000000700 ) ) ;
#976 = EDGE_CURVE ( 'NONE', #195, #2993, #2656, .T. ) ;
#977 = VECTOR ( 'NONE', #2327, 1000.000000000000000 ) ;
#978 = LINE ( 'NONE', #1781, #3655 ) ;
#979 =( GEOMETRIC_REPRESENTATION_CONTEXT ( 3 ) GLOBAL_UNCERTAINTY_ASSIGNED_CONTEXT ( ( #2432 ) ) GLOBAL_UNIT_ASSIGNED_CONTEXT ( ( #271, #1957, #3420 ) ) REPRESENTATION_CONTEXT ( 'NONE', 'WORKASPACE' ) );
#980 = EDGE_CURVE ( 'NONE', #2151, #379, #3058, .T. ) ;
#981 = SURFACE_SIDE_STYLE ('',( #305 ) ) ;
#982 = ORIENTED_EDGE ( 'NONE', *, *, #201, .F. ) ;
#983 = DIRECTION ( 'NONE',  ( 0.0000000000000000000, -1.000000000000000000, 0.0000000000000000000 ) ) ;
#984 = LINE ( 'NONE', #209, #1253 ) ;
#985 =( LENGTH_UNIT ( ) NAMED_UNIT ( * ) SI_UNIT ( .MILLI., .METRE. ) );
#986 = DIRECTION ( 'NONE',  ( 0.0000000000000000000, 0.006981260297961583800, -0.9999756307053947500 ) ) ;
#987 = ORIENTED_EDGE ( 'NONE', *, *, #3590, .F. ) ;
#988 = CARTESIAN_POINT ( 'NONE',  ( 0.0000000000000000000, 0.0000000000000000000, -4.500000000000001800 ) ) ;
#989 = ADVANCED_FACE ( 'NONE', ( #2459 ), #1391, .T. ) ;
#990 = PRESENTATION_STYLE_ASSIGNMENT (( #557 ) ) ;
#991 = ORIENTED_EDGE ( 'NONE', *, *, #1744, .T. ) ;
#992 = CARTESIAN_POINT ( 'NONE',  ( -10.30551590692313900, 10.82744799779388100, 4.673783851420865600 ) ) ;
#993 = ORIENTED_EDGE ( 'NONE', *, *, #2076, .T. ) ;
#994 = ORIENTED_EDGE ( 'NONE', *, *, #43, .F. ) ;
#995 = ORIENTED_EDGE ( 'NONE', *, *, #2372, .F. ) ;
#996 = VERTEX_POINT ( 'NONE', #3408 ) ;
#997 =( LENGTH_UNIT ( ) NAMED_UNIT ( * ) SI_UNIT ( .MILLI., .METRE. ) );
#998 = DIRECTION ( 'NONE',  ( 0.0000000000000000000, 0.0000000000000000000, -1.000000000000000000 ) ) ;
#999 = LINE ( 'NONE', #472, #2938 ) ;
#1000 = ORIENTED_EDGE ( 'NONE', *, *, #3178, .T. ) ;
#1001 = UNCERTAINTY_MEASURE_WITH_UNIT (LENGTH_MEASURE( 1.000000000000000100E-005 ), #2048, 'distance_accuracy_value', 'NONE');
#1002 = FACE_OUTER_BOUND ( 'NONE', #3240, .T. ) ;
#1003 = VERTEX_POINT ( 'NONE', #544 ) ;
#1004 = EDGE_CURVE ( 'NONE', #370, #2020, #333, .T. ) ;
#1005 = CARTESIAN_POINT ( 'NONE',  ( -8.630000000000000800, -4.599999999999999600, -1.310000000000000500 ) ) ;
#1006 = ADVANCED_FACE ( 'NONE', ( #113 ), #1988, .F. ) ;
#1007 = SURFACE_STYLE_FILL_AREA ( #1258 ) ;
#1008 = DIRECTION ( 'NONE',  ( 0.0000000000000000000, 1.000000000000000000, 0.0000000000000000000 ) ) ;
#1009 = SURFACE_SIDE_STYLE ('',( #1287 ) ) ;
#1010 = CARTESIAN_POINT ( 'NONE',  ( -5.799999999999999800, -0.5000000000000000000, 4.500000000000001800 ) ) ;
#1011 = CIRCLE ( 'NONE', #3489, 0.2999999999999999300 ) ;
#1012 = PLANE ( 'NONE',  #1741 ) ;
#1013 = DIRECTION ( 'NONE',  ( 0.0000000000000000000, 0.0000000000000000000, -1.000000000000000000 ) ) ;
#1014 = CARTESIAN_POINT ( 'NONE',  ( -9.959957748996199500, 11.50000000000000000, 3.809888456603510900 ) ) ;
#1015 = CARTESIAN_POINT ( 'NONE',  ( -6.250000000000000000, -0.2000000000000000100, 0.0000000000000000000 ) ) ;
#1016 = VECTOR ( 'NONE', #2177, 1000.000000000000000 ) ;
#1017 = ORIENTED_EDGE ( 'NONE', *, *, #2514, .T. ) ;
#1018 = VECTOR ( 'NONE', #733, 1000.000000000000000 ) ;
#1019 =( GEOMETRIC_REPRESENTATION_CONTEXT ( 3 ) GLOBAL_UNCERTAINTY_ASSIGNED_CONTEXT ( ( #86 ) ) GLOBAL_UNIT_ASSIGNED_CONTEXT ( ( #1207, #2673, #660 ) ) REPRESENTATION_CONTEXT ( 'NONE', 'WORKASPACE' ) );
#1020 = DIRECTION ( 'NONE',  ( 0.0000000000000000000, 0.0000000000000000000, 1.000000000000000000 ) ) ;
#1021 = CIRCLE ( 'NONE', #3576, 0.2999999999999999300 ) ;
#1022 = EDGE_CURVE ( 'NONE', #1402, #502, #3315, .T. ) ;
#1023 =( LENGTH_UNIT ( ) NAMED_UNIT ( * ) SI_UNIT ( .MILLI., .METRE. ) );
#1024 = DIRECTION ( 'NONE',  ( 0.0000000000000000000, 0.0000000000000000000, -1.000000000000000000 ) ) ;
#1025 = ORIENTED_EDGE ( 'NONE', *, *, #1227, .T. ) ;
#1026 = CARTESIAN_POINT ( 'NONE',  ( 6.110000000000002100, 0.0000000000000000000, -1.310000000000000500 ) ) ;
#1027 = AXIS2_PLACEMENT_3D ( 'NONE', #1015, #3039, #1865 ) ;
#1028 = DIRECTION ( 'NONE',  ( -1.000000000000000000, -2.168404344971010300E-016, -0.0000000000000000000 ) ) ;
#1029 = SURFACE_STYLE_FILL_AREA ( #2302 ) ;
#1030 = ADVANCED_FACE ( 'NONE', ( #19 ), #3678, .F. ) ;
#1031 = VERTEX_POINT ( 'NONE', #45 ) ;
#1032 = DIRECTION ( 'NONE',  ( 1.000000000000000000, 0.0000000000000000000, -0.0000000000000000000 ) ) ;
#1033 = ORIENTED_EDGE ( 'NONE', *, *, #112, .T. ) ;
#1034 = VERTEX_POINT ( 'NONE', #299 ) ;
#1035 = EDGE_CURVE ( 'NONE', #2993, #715, #1067, .T. ) ;
#1036 = ORIENTED_EDGE ( 'NONE', *, *, #2066, .F. ) ;
#1037 = ADVANCED_FACE ( 'NONE', ( #679 ), #236, .T. ) ;
#1038 = CARTESIAN_POINT ( 'NONE',  ( 10.81993718131097100, 10.98752584656653900, 4.619937181310986900 ) ) ;
#1039 = CARTESIAN_POINT ( 'NONE',  ( -4.799999999999999800, -4.000000000000000000, 4.799999999999999800 ) ) ;
#1040 = DIRECTION ( 'NONE',  ( -0.006981090177864065200, -0.9999512631922903300, 0.006981090177864065200 ) ) ;
#1041 = LINE ( 'NONE', #1201, #867 ) ;
#1042 = VERTEX_POINT ( 'NONE', #2871 ) ;
#1043 = CARTESIAN_POINT ( 'NONE',  ( 4.349999999999999600, -0.5000000000000000000, -4.500000000000001800 ) ) ;
#1044 = SURFACE_STYLE_USAGE ( .BOTH. , #1009 ) ;
#1045 = CARTESIAN_POINT ( 'NONE',  ( 10.10681412667406300, 11.39298057614344200, 4.177118469377653300 ) ) ;
#1046 = ORIENTED_EDGE ( 'NONE', *, *, #962, .F. ) ;
#1047 = B_SPLINE_CURVE_WITH_KNOTS ( 'NONE', 3,
 ( #2765, #1014, #450, #1864, #2215, #3067, #2160, #3038, #3310, #1607, #1876, #182, #2175, #743, #3046, #1322, #1616, #3683, #1097, #3121, #1933, #1399, #1365, #3392 ),
 .UNSPECIFIED., .F., .F.,
 ( 4, 2, 2, 1, 1, 2, 2, 2, 2, 2, 2, 2, 4 ),
 ( 0.0000000000000000000, 0.1250000000000073800, 0.1875000000000097400, 0.2187500000000116000, 0.2343750000000133200, 0.2421875000000141000, 0.2500000000000149300, 0.3750000000000207600, 0.4375000000000242600, 0.4687500000000245900, 0.5000000000000248700, 0.7500000000000124300, 1.000000000000000000 ),
 .UNSPECIFIED. ) ;
#1048 = EDGE_CURVE ( 'NONE', #3319, #3365, #588, .T. ) ;
#1049 = DIRECTION ( 'NONE',  ( 1.000000000000000000, 0.0000000000000000000, 0.0000000000000000000 ) ) ;
#1050 = CARTESIAN_POINT ( 'NONE',  ( 10.87378385142087300, 10.82744799779385600, 4.105515906923119300 ) ) ;
#1051 = VECTOR ( 'NONE', #1863, 1000.000000000000000 ) ;
#1052 = DIRECTION ( 'NONE',  ( 0.0000000000000000000, 0.0000000000000000000, 1.000000000000000000 ) ) ;
#1053 = DIRECTION ( 'NONE',  ( -0.0000000000000000000, -1.000000000000000000, 0.0000000000000000000 ) ) ;
#1054 = CARTESIAN_POINT ( 'NONE',  ( 10.32666086287347300, 10.50698126029796100, -4.726646241296698700 ) ) ;
#1055 = CARTESIAN_POINT ( 'NONE',  ( 10.28676639561678200, 10.93784168585252900, 4.628080810241852900 ) ) ;
#1056 = AXIS2_PLACEMENT_3D ( 'NONE', #799, #1905, #2198 ) ;
#1057 = CIRCLE ( 'NONE', #1412, 0.2999999999999999300 ) ;
#1058 = CARTESIAN_POINT ( 'NONE',  ( 6.550000000000000700, -0.5000000000000000000, 4.500000000000001800 ) ) ;
#1059 = FACE_OUTER_BOUND ( 'NONE', #1504, .T. ) ;
#1060 = CARTESIAN_POINT ( 'NONE',  ( -10.72377453718062800, 11.11774433732766500, -4.045512181227057800 ) ) ;
#1061 = FACE_BOUND ( 'NONE', #942, .T. ) ;
#1062 = CARTESIAN_POINT ( 'NONE',  ( -10.33637054388425400, 11.41229555051707400, 3.890545930074121600 ) ) ;
#1063 = ORIENTED_EDGE ( 'NONE', *, *, #1301, .T. ) ;
#1064 = VECTOR ( 'NONE', #958, 1000.000000000000000 ) ;
#1065 = LINE ( 'NONE', #2493, #3268 ) ;
#1066 = ORIENTED_EDGE ( 'NONE', *, *, #2948, .T. ) ;
#1067 = LINE ( 'NONE', #3180, #2411 ) ;
#1068 = ORIENTED_EDGE ( 'NONE', *, *, #3233, .F. ) ;
#1069 = FILL_AREA_STYLE_COLOUR ( '', #959 ) ;
#1070 = VERTEX_POINT ( 'NONE', #71 ) ;
#1071 = ORIENTED_EDGE ( 'NONE', *, *, #1801, .T. ) ;
#1072 = DIRECTION ( 'NONE',  ( -0.0000000000000000000, 0.0000000000000000000, 1.000000000000000000 ) ) ;
#1073 = AXIS2_PLACEMENT_3D ( 'NONE', #3097, #486, #2480 ) ;
#1074 = CARTESIAN_POINT ( 'NONE',  ( -10.92578685636125300, 10.63007708485885900, 4.126317108707373100 ) ) ;
#1075 = CARTESIAN_POINT ( 'NONE',  ( 10.32666086287344800, 10.50279250411918300, 4.126660862873462700 ) ) ;
#1076 = CARTESIAN_POINT ( 'NONE',  ( 9.150000000000000400, -4.599999999999999600, -0.9100000000000000300 ) ) ;
#1077 = VERTEX_POINT ( 'NONE', #1473 ) ;
#1078 = ORIENTED_EDGE ( 'NONE', *, *, #2612, .T. ) ;
#1079 = EDGE_LOOP ( 'NONE', ( #2836, #2785, #30, #1355 ) ) ;
#1080 = MECHANICAL_DESIGN_GEOMETRIC_PRESENTATION_REPRESENTATION (  '', ( #1899 ), #2816 ) ;
#1081 =( NAMED_UNIT ( * ) PLANE_ANGLE_UNIT ( ) SI_UNIT ( $, .RADIAN. ) );
#1082 = ORIENTED_EDGE ( 'NONE', *, *, #2708, .F. ) ;
#1083 = SURFACE_STYLE_USAGE ( .BOTH. , #202 ) ;
#1084 =( GEOMETRIC_REPRESENTATION_CONTEXT ( 3 ) GLOBAL_UNCERTAINTY_ASSIGNED_CONTEXT ( ( #1622 ) ) GLOBAL_UNIT_ASSIGNED_CONTEXT ( ( #2601, #2551, #841 ) ) REPRESENTATION_CONTEXT ( 'NONE', 'WORKASPACE' ) );
#1085 = VECTOR ( 'NONE', #1873, 1000.000000000000000 ) ;
#1086 = VECTOR ( 'NONE', #847, 1000.000000000000000 ) ;
#1087 = VERTEX_POINT ( 'NONE', #3224 ) ;
#1088 = CARTESIAN_POINT ( 'NONE',  ( -10.31599036594010100, 11.42111341262773500, 3.882398093550265100 ) ) ;
#1089 = FILL_AREA_STYLE ('',( #848 ) ) ;
#1090 = DIRECTION ( 'NONE',  ( 0.0000000000000000000, 0.0000000000000000000, -1.000000000000000000 ) ) ;
#1091 = DIRECTION ( 'NONE',  ( 0.0000000000000000000, 1.000000000000000000, -0.0000000000000000000 ) ) ;
#1092 = STYLED_ITEM ( 'NONE', ( #100 ), #2178 ) ;
#1093 = EDGE_CURVE ( 'NONE', #3280, #502, #10, .T. ) ;
#1094 = CARTESIAN_POINT ( 'NONE',  ( -9.129999999999999000, -4.599999999999999600, -1.310000000000000500 ) ) ;
#1095 = CARTESIAN_POINT ( 'NONE',  ( 10.29801000595609000, 11.44502904687313600, 4.098010005956159500 ) ) ;
#1096 = DIRECTION ( 'NONE',  ( -1.000000000000000000, 0.0000000000000000000, 0.0000000000000000000 ) ) ;
#1097 = CARTESIAN_POINT ( 'NONE',  ( -10.20364491267108600, 11.22168341823876700, 4.419107279823322200 ) ) ;
#1098 = CARTESIAN_POINT ( 'NONE',  ( 10.40001462157676200, 0.0000000000000000000, 4.800000000000000700 ) ) ;
#1099 = ADVANCED_FACE ( 'NONE', ( #2731 ), #2331, .T. ) ;
#1100 = COLOUR_RGB ( '',0.0000000000000000000, 0.0000000000000000000, 0.0000000000000000000 ) ;
#1101 = CARTESIAN_POINT ( 'NONE',  ( 10.51498448841514300, 11.30928870227869800, 3.961932566809458500 ) ) ;
#1102 = EDGE_CURVE ( 'NONE', #2170, #20, #3657, .T. ) ;
#1103 = SURFACE_SIDE_STYLE ('',( #2157 ) ) ;
#1104 = UNCERTAINTY_MEASURE_WITH_UNIT (LENGTH_MEASURE( 1.000000000000000100E-005 ), #2441, 'distance_accuracy_value', 'NONE');
#1105 = FACE_BOUND ( 'NONE', #1306, .T. ) ;
#1106 = DIRECTION ( 'NONE',  ( -0.0000000000000000000, -1.000000000000000000, -0.0000000000000000000 ) ) ;
#1107 = VECTOR ( 'NONE', #2052, 1000.000000000000000 ) ;
#1108 =( LENGTH_UNIT ( ) NAMED_UNIT ( * ) SI_UNIT ( .MILLI., .METRE. ) );
#1109 = ORIENTED_EDGE ( 'NONE', *, *, #2640, .F. ) ;
#1110 = AXIS2_PLACEMENT_3D ( 'NONE', #1463, #2308, #2010 ) ;
#1111 = CARTESIAN_POINT ( 'NONE',  ( -10.32417028704807100, 11.41761309823057700, 3.885668713248163100 ) ) ;
#1112 =( LENGTH_UNIT ( ) NAMED_UNIT ( * ) SI_UNIT ( .MILLI., .METRE. ) );
#1113 = VERTEX_POINT ( 'NONE', #3562 ) ;
#1114 = AXIS2_PLACEMENT_3D ( 'NONE', #3242, #357, #3253 ) ;
#1115 = EDGE_CURVE ( 'NONE', #1346, #3206, #2961, .T. ) ;
#1116 = SURFACE_STYLE_USAGE ( .BOTH. , #578 ) ;
#1117 = ORIENTED_EDGE ( 'NONE', *, *, #3071, .T. ) ;
#1118 = ORIENTED_EDGE ( 'NONE', *, *, #2180, .T. ) ;
#1119 =( NAMED_UNIT ( * ) PLANE_ANGLE_UNIT ( ) SI_UNIT ( $, .RADIAN. ) );
#1120 = VERTEX_POINT ( 'NONE', #116 ) ;
#1121 = CARTESIAN_POINT ( 'NONE',  ( 4.349999999999999600, -0.4999999999999998900, 0.0000000000000000000 ) ) ;
#1122 = DIRECTION ( 'NONE',  ( -1.000000000000000000, -0.0000000000000000000, -0.0000000000000000000 ) ) ;
#1123 = COLOUR_RGB ( '',0.0000000000000000000, 0.0000000000000000000, 0.0000000000000000000 ) ;
#1124 = ORIENTED_EDGE ( 'NONE', *, *, #1677, .T. ) ;
#1125 = FILL_AREA_STYLE ('',( #2850 ) ) ;
#1126 = DIRECTION ( 'NONE',  ( 1.000000000000000000, 0.0000000000000000000, -0.0000000000000000000 ) ) ;
#1127 = SURFACE_SIDE_STYLE ('',( #38 ) ) ;
#1128 = SURFACE_SIDE_STYLE ('',( #1485 ) ) ;
#1129 = EDGE_CURVE ( 'NONE', #1874, #2967, #3391, .T. ) ;
#1130 = LINE ( 'NONE', #65, #205 ) ;
#1131 = ORIENTED_EDGE ( 'NONE', *, *, #3093, .T. ) ;
#1132 = CARTESIAN_POINT ( 'NONE',  ( -4.799999999999999800, -0.5000000000000000000, 4.790000000000000000 ) ) ;
#1133 = DIRECTION ( 'NONE',  ( -0.0000000000000000000, -0.0000000000000000000, 1.000000000000000000 ) ) ;
#1134 = ORIENTED_EDGE ( 'NONE', *, *, #659, .F. ) ;
#1135 = COLOUR_RGB ( '',0.8980392156862745400, 0.8980392156862745400, 0.8980392156862745400 ) ;
#1136 = STYLED_ITEM ( 'NONE', ( #2435 ), #3342 ) ;
#1137 = FACE_OUTER_BOUND ( 'NONE', #1583, .T. ) ;
#1138 = DIRECTION ( 'NONE',  ( -1.000000000000000000, 0.0000000000000000000, 0.0000000000000000000 ) ) ;
#1139 = VECTOR ( 'NONE', #537, 1000.000000000000000 ) ;
#1140 = LINE ( 'NONE', #742, #2755 ) ;
#1141 = DIRECTION ( 'NONE',  ( -1.000000000000000000, 0.0000000000000000000, 0.0000000000000000000 ) ) ;
#1142 = DIRECTION ( 'NONE',  ( -0.006981090177864065200, -0.9999512631922903300, -0.006981090177864065200 ) ) ;
#1143 = VECTOR ( 'NONE', #462, 1000.000000000000000 ) ;
#1144 = DIRECTION ( 'NONE',  ( -1.000000000000000000, 0.0000000000000000000, 0.0000000000000000000 ) ) ;
#1145 = EDGE_CURVE ( 'NONE', #2154, #2162, #2324, .T. ) ;
#1146 = CARTESIAN_POINT ( 'NONE',  ( 10.92561531622244400, 10.61551355783130800, -4.725615316222374000 ) ) ;
#1147 =( GEOMETRIC_REPRESENTATION_CONTEXT ( 3 ) GLOBAL_UNCERTAINTY_ASSIGNED_CONTEXT ( ( #3339 ) ) GLOBAL_UNIT_ASSIGNED_CONTEXT ( ( #2949, #1553, #2748 ) ) REPRESENTATION_CONTEXT ( 'NONE', 'WORKASPACE' ) );
#1148 = DIRECTION ( 'NONE',  ( 0.0000000000000000000, 0.0000000000000000000, -1.000000000000000000 ) ) ;
#1149 = EDGE_CURVE ( 'NONE', #2550, #3280, #1866, .T. ) ;
#1150 = PRESENTATION_STYLE_ASSIGNMENT (( #2140 ) ) ;
#1151 = CARTESIAN_POINT ( 'NONE',  ( -5.500000000000000000, -4.000000000000000000, 4.799999999999999800 ) ) ;
#1152 = DIRECTION ( 'NONE',  ( -0.006981090177864319300, -0.9999512631922903300, 0.006981090177864072100 ) ) ;
#1153 = SURFACE_STYLE_USAGE ( .BOTH. , #586 ) ;
#1154 = SURFACE_SIDE_STYLE ('',( #1725 ) ) ;
#1155 = LINE ( 'NONE', #3475, #977 ) ;
#1156 = CARTESIAN_POINT ( 'NONE',  ( 10.79803358369761300, 11.00765076376867700, -4.075215799834051500 ) ) ;
#1157 = CARTESIAN_POINT ( 'NONE',  ( -6.590000000000002500, -4.599999999999999600, -1.310000000000000500 ) ) ;
#1158 = CARTESIAN_POINT ( 'NONE',  ( 6.250000000000000000, -0.2000000000000000100, -4.500000000000001800 ) ) ;
#1159 = UNCERTAINTY_MEASURE_WITH_UNIT (LENGTH_MEASURE( 1.000000000000000100E-005 ), #775, 'distance_accuracy_value', 'NONE');
#1160 = ORIENTED_EDGE ( 'NONE', *, *, #1737, .F. ) ;
#1161 = CARTESIAN_POINT ( 'NONE',  ( -9.129999999999999000, -4.599999999999999600, -0.9100000000000000300 ) ) ;
#1162 = EDGE_CURVE ( 'NONE', #379, #2739, #3047, .T. ) ;
#1163 =( NAMED_UNIT ( * ) SI_UNIT ( $, .STERADIAN. ) SOLID_ANGLE_UNIT ( ) );
#1164 = LINE ( 'NONE', #3559, #414 ) ;
#1165 = DIRECTION ( 'NONE',  ( -0.0000000000000000000, -1.000000000000000000, 0.0000000000000000000 ) ) ;
#1166 = ORIENTED_EDGE ( 'NONE', *, *, #201, .T. ) ;
#1167 = EDGE_CURVE ( 'NONE', #864, #2073, #1687, .T. ) ;
#1168 = DIRECTION ( 'NONE',  ( 0.0000000000000000000, 0.0000000000000000000, 1.000000000000000000 ) ) ;
#1169 = EDGE_LOOP ( 'NONE', ( #256, #2146, #241, #1317 ) ) ;
#1170 =( NAMED_UNIT ( * ) PLANE_ANGLE_UNIT ( ) SI_UNIT ( $, .RADIAN. ) );
#1171 =( NAMED_UNIT ( * ) SI_UNIT ( $, .STERADIAN. ) SOLID_ANGLE_UNIT ( ) );
#1172 = CARTESIAN_POINT ( 'NONE',  ( 0.0000000000000000000, -0.5000000000000000000, 0.0000000000000000000 ) ) ;
#1173 = CARTESIAN_POINT ( 'NONE',  ( -10.21813193522516400, 11.18506672671813900, -4.455351131157049100 ) ) ;
#1174 = DIRECTION ( 'NONE',  ( 1.000000000000000000, -0.0000000000000000000, 0.0000000000000000000 ) ) ;
#1175 = EDGE_LOOP ( 'NONE', ( #2661, #2291, #3661, #3676, #117, #3406 ) ) ;
#1176 = EDGE_LOOP ( 'NONE', ( #2696, #728, #80, #3445 ) ) ;
#1177 = AXIS2_PLACEMENT_3D ( 'NONE', #3428, #1142, #2579 ) ;
#1178 = EDGE_CURVE ( 'NONE', #3231, #3366, #1057, .T. ) ;
#1179 = CARTESIAN_POINT ( 'NONE',  ( 10.59243774320070300, 11.28647249959463400, -4.392437743200762400 ) ) ;
#1180 = ORIENTED_EDGE ( 'NONE', *, *, #556, .F. ) ;
#1181 = ORIENTED_EDGE ( 'NONE', *, *, #2915, .F. ) ;
#1182 = FACE_OUTER_BOUND ( 'NONE', #1928, .T. ) ;
#1183 = ORIENTED_EDGE ( 'NONE', *, *, #2732, .T. ) ;
#1184 =( LENGTH_UNIT ( ) NAMED_UNIT ( * ) SI_UNIT ( .MILLI., .METRE. ) );
#1185 = VECTOR ( 'NONE', #2834, 1000.000000000000000 ) ;
#1186 = PRESENTATION_STYLE_ASSIGNMENT (( #874 ) ) ;
#1187 = EDGE_LOOP ( 'NONE', ( #1118, #3106, #2563, #374 ) ) ;
#1188 = AXIS2_PLACEMENT_3D ( 'NONE', #3471, #875, #66 ) ;
#1189 = DIRECTION ( 'NONE',  ( 0.0000000000000000000, 0.0000000000000000000, 1.000000000000000000 ) ) ;
#1190 = CARTESIAN_POINT ( 'NONE',  ( 5.500000000000000000, -4.000000000000000000, -4.500000000000001800 ) ) ;
#1191 = VECTOR ( 'NONE', #1106, 1000.000000000000000 ) ;
#1192 = CARTESIAN_POINT ( 'NONE',  ( 4.069999999999999400, -4.599999999999999600, -0.9100000000000000300 ) ) ;
#1193 = DIRECTION ( 'NONE',  ( 0.0000000000000000000, -1.000000000000000000, 0.0000000000000000000 ) ) ;
#1194 = PLANE ( 'NONE',  #405 ) ;
#1195 = FILL_AREA_STYLE ('',( #2054 ) ) ;
#1196 = CARTESIAN_POINT ( 'NONE',  ( -5.100000000000000500, -3.700000000000000200, 4.500000000000001800 ) ) ;
#1197 = PRESENTATION_LAYER_ASSIGNMENT (  '', '', ( #1689 ) ) ;
#1198 =( LENGTH_UNIT ( ) NAMED_UNIT ( * ) SI_UNIT ( .MILLI., .METRE. ) );
#1199 = SURFACE_STYLE_USAGE ( .BOTH. , #2663 ) ;
#1200 = CARTESIAN_POINT ( 'NONE',  ( -10.92664624129669800, 10.50698126029795900, -4.126660862873467100 ) ) ;
#1201 = CARTESIAN_POINT ( 'NONE',  ( 5.100000000000000500, -4.000000000000000000, 0.0000000000000000000 ) ) ;
#1202 = EDGE_CURVE ( 'NONE', #429, #2702, #3570, .T. ) ;
#1203 = CARTESIAN_POINT ( 'NONE',  ( -6.550000000000000700, -0.5000000000000000000, -4.500000000000001800 ) ) ;
#1204 = CARTESIAN_POINT ( 'NONE',  ( 10.19974062634291000, 11.23087429501170200, -4.409361423126714600 ) ) ;
#1205 = DIRECTION ( 'NONE',  ( 1.000000000000000000, 0.0000000000000000000, 0.0000000000000000000 ) ) ;
#1206 = CARTESIAN_POINT ( 'NONE',  ( -10.87378385142088400, 10.82744799779385600, -4.105515906923119300 ) ) ;
#1207 =( LENGTH_UNIT ( ) NAMED_UNIT ( * ) SI_UNIT ( .MILLI., .METRE. ) );
#1208 = CARTESIAN_POINT ( 'NONE',  ( 10.05871977050180100, 11.44403299336657500, -4.056882556399503200 ) ) ;
#1209 = ORIENTED_EDGE ( 'NONE', *, *, #1992, .T. ) ;
#1210 = CARTESIAN_POINT ( 'NONE',  ( 6.550000000000000700, -0.5000000000000000000, -4.500000000000001800 ) ) ;
#1211 = ORIENTED_EDGE ( 'NONE', *, *, #1468, .T. ) ;
#1212 = PLANE ( 'NONE',  #2764 ) ;
#1213 = CARTESIAN_POINT ( 'NONE',  ( 10.69416889492791600, 11.19450411710567500, -4.494168894927897300 ) ) ;
#1214 = ORIENTED_EDGE ( 'NONE', *, *, #673, .T. ) ;
#1215 = FILL_AREA_STYLE ('',( #693 ) ) ;
#1216 = PRESENTATION_LAYER_ASSIGNMENT (  '', '', ( #2503 ) ) ;
#1217 = VECTOR ( 'NONE', #1133, 1000.000000000000000 ) ;
#1218 = ORIENTED_EDGE ( 'NONE', *, *, #531, .F. ) ;
#1219 = DIRECTION ( 'NONE',  ( 0.0000000000000000000, 0.0000000000000000000, 1.000000000000000000 ) ) ;
#1220 = VERTEX_POINT ( 'NONE', #408 ) ;
#1221 = EDGE_LOOP ( 'NONE', ( #2930, #1661, #327, #1619 ) ) ;
#1222 =( NAMED_UNIT ( * ) PLANE_ANGLE_UNIT ( ) SI_UNIT ( $, .RADIAN. ) );
#1223 = CARTESIAN_POINT ( 'NONE',  ( -6.550000000000000700, -0.5000000000000000000, -4.799999999999999800 ) ) ;
#1224 = PRESENTATION_STYLE_ASSIGNMENT (( #2357 ) ) ;
#1225 = ORIENTED_EDGE ( 'NONE', *, *, #861, .T. ) ;
#1226 = STYLED_ITEM ( 'NONE', ( #2968 ), #2236 ) ;
#1227 = EDGE_CURVE ( 'NONE', #860, #1543, #3005, .T. ) ;
#1228 = CARTESIAN_POINT ( 'NONE',  ( 10.12729269955187700, 11.37488576364193100, -4.228225832992781500 ) ) ;
#1229 = CARTESIAN_POINT ( 'NONE',  ( -6.550000000000000700, -0.1999999999999999800, 4.799999999999999800 ) ) ;
#1230 = VECTOR ( 'NONE', #967, 1000.000000000000000 ) ;
#1231 = ORIENTED_EDGE ( 'NONE', *, *, #352, .F. ) ;
#1232 =( BOUNDED_SURFACE ( )  B_SPLINE_SURFACE ( 3, 2, ( 
 ( #2211, #3369, #217 ),
 ( #243, #522, #809 ),
 ( #470, #2774, #752 ),
 ( #492, #2486, #2758 ),
 ( #1050, #1038, #1328 ),
 ( #786, #1716, #1410 ),
 ( #835, #2861, #3153 ),
 ( #2876, #568, #2257 ),
 ( #1447, #1095, #2573 ),
 ( #2555, #1431, #18 ),
 ( #2006, #1420, #1679 ),
 ( #3425, #3671, #2241 ) ),
 .UNSPECIFIED., .F., .F., .F. ) 
 B_SPLINE_SURFACE_WITH_KNOTS ( ( 4, 2, 2, 2, 2, 4 ),
 ( 3, 3 ),
 ( 6.290166624187561300, 6.485643500410926500, 6.681120376634291700, 7.072074129081022100, 7.463027881527752400, 7.853981633974482800 ),
 ( 0.0000000000000000000, 1.000000000000000000 ),
 .UNSPECIFIED. ) 
 GEOMETRIC_REPRESENTATION_ITEM ( )  RATIONAL_B_SPLINE_SURFACE ( (
 ( 1.000000000000000000, 0.7071240124601015900, 1.000000000000000000),
 ( 1.000000000000000000, 0.7074115579367573600, 1.000000000000000000),
 ( 1.000000000000000000, 0.7123629597728139400, 1.000000000000000000),
 ( 1.000000000000000000, 0.7301572864437740900, 1.000000000000000000),
 ( 1.000000000000000000, 0.7429957423541595500, 1.000000000000000000),
 ( 1.000000000000000000, 0.7890376324339051200, 1.000000000000000000),
 ( 1.000000000000000000, 0.8294576405485640800, 1.000000000000000000),
 ( 1.000000000000000000, 0.9046073121847402200, 1.000000000000000000),
 ( 1.000000000000000000, 0.9391739925251564300, 1.000000000000000000),
 ( 1.000000000000000000, 0.9868506014342574000, 1.000000000000000000),
 ( 1.000000000000000000, 1.000155778129288000, 1.000000000000000000),
 ( 1.000000000000000000, 1.000000000000000000, 1.000000000000000000) ) ) 
 REPRESENTATION_ITEM ( '' )  SURFACE ( )  );
#1233 = CARTESIAN_POINT ( 'NONE',  ( -10.39554237475978700, 11.40857005285945600, 4.195542374759731400 ) ) ;
#1234 =( NAMED_UNIT ( * ) SI_UNIT ( $, .STERADIAN. ) SOLID_ANGLE_UNIT ( ) );
#1235 = ORIENTED_EDGE ( 'NONE', *, *, #2433, .T. ) ;
#1236 = ADVANCED_FACE ( 'NONE', ( #2494 ), #2142, .T. ) ;
#1237 = FILL_AREA_STYLE_COLOUR ( '', #2615 ) ;
#1238 = LINE ( 'NONE', #1827, #3423 ) ;
#1239 = VECTOR ( 'NONE', #1363, 999.9999999999998900 ) ;
#1240 = CARTESIAN_POINT ( 'NONE',  ( -10.08024767079747100, 11.42336632572671300, -4.110618834074971400 ) ) ;
#1241 = EDGE_CURVE ( 'NONE', #1113, #3449, #1, .T. ) ;
#1242 = CARTESIAN_POINT ( 'NONE',  ( -9.926670610591310500, 11.50000000000000200, -3.726670610591305000 ) ) ;
#1243 = FILL_AREA_STYLE ('',( #2096 ) ) ;
#1244 = VECTOR ( 'NONE', #2862, 1000.000000000000000 ) ;
#1245 = CARTESIAN_POINT ( 'NONE',  ( 6.550000000000000700, -0.5000000000000000000, -4.799999999999999800 ) ) ;
#1246 = EDGE_CURVE ( 'NONE', #996, #252, #1284, .T. ) ;
#1247 =( LENGTH_UNIT ( ) NAMED_UNIT ( * ) SI_UNIT ( .MILLI., .METRE. ) );
#1248 = FACE_OUTER_BOUND ( 'NONE', #3354, .T. ) ;
#1249 = PLANE ( 'NONE',  #2842 ) ;
#1250 =( NAMED_UNIT ( * ) SI_UNIT ( $, .STERADIAN. ) SOLID_ANGLE_UNIT ( ) );
#1251 = ADVANCED_FACE ( 'NONE', ( #1379 ), #3021, .T. ) ;
#1252 = ORIENTED_EDGE ( 'NONE', *, *, #412, .T. ) ;
#1253 = VECTOR ( 'NONE', #3638, 1000.000000000000000 ) ;
#1254 = CARTESIAN_POINT ( 'NONE',  ( -10.53883510392918100, 11.30139713574537700, 3.971536407926429000 ) ) ;
#1255 = STYLED_ITEM ( 'NONE', ( #3172 ), #439 ) ;
#1256 = ORIENTED_EDGE ( 'NONE', *, *, #3665, .T. ) ;
#1257 = DIRECTION ( 'NONE',  ( 0.0000000000000000000, 0.0000000000000000000, -1.000000000000000000 ) ) ;
#1258 = FILL_AREA_STYLE ('',( #3547 ) ) ;
#1259 = CARTESIAN_POINT ( 'NONE',  ( 0.0000000000000000000, -4.599999999999999600, 0.0000000000000000000 ) ) ;
#1260 = ORIENTED_EDGE ( 'NONE', *, *, #3071, .F. ) ;
#1261 = DIRECTION ( 'NONE',  ( 1.000000000000000000, 0.0000000000000000000, -0.0000000000000000000 ) ) ;
#1262 = CARTESIAN_POINT ( 'NONE',  ( -10.29801000595610800, 11.44502904687313600, -4.098010005956159500 ) ) ;
#1263 = ORIENTED_EDGE ( 'NONE', *, *, #3506, .F. ) ;
#1264 = FACE_OUTER_BOUND ( 'NONE', #387, .T. ) ;
#1265 = ORIENTED_EDGE ( 'NONE', *, *, #1943, .F. ) ;
#1266 = EDGE_LOOP ( 'NONE', ( #653, #1071, #598 ) ) ;
#1267 = EDGE_CURVE ( 'NONE', #1775, #870, #1449, .T. ) ;
#1268 = LINE ( 'NONE', #2089, #84 ) ;
#1269 = VERTEX_POINT ( 'NONE', #3348 ) ;
#1270 = ADVANCED_FACE ( 'NONE', ( #1002 ), #790, .F. ) ;
#1271 =( NAMED_UNIT ( * ) PLANE_ANGLE_UNIT ( ) SI_UNIT ( $, .RADIAN. ) );
#1272 = CARTESIAN_POINT ( 'NONE',  ( 5.100000000000000500, -4.000000000000000000, -4.500000000000001800 ) ) ;
#1273 = LINE ( 'NONE', #3478, #3417 ) ;
#1274 = ORIENTED_EDGE ( 'NONE', *, *, #165, .F. ) ;
#1275 = FILL_AREA_STYLE ('',( #2405 ) ) ;
#1276 = CARTESIAN_POINT ( 'NONE',  ( 10.19046060220307700, 11.25183963770549200, -4.386201610472277900 ) ) ;
#1277 = DIRECTION ( 'NONE',  ( 0.0000000000000000000, -0.0000000000000000000, -1.000000000000000000 ) ) ;
#1278 = DIRECTION ( 'NONE',  ( 0.0000000000000000000, -1.000000000000000000, 0.0000000000000000000 ) ) ;
#1279 = UNCERTAINTY_MEASURE_WITH_UNIT (LENGTH_MEASURE( 1.000000000000000100E-005 ), #1770, 'distance_accuracy_value', 'NONE');
#1280 = SURFACE_STYLE_FILL_AREA ( #2021 ) ;
#1281 = LINE ( 'NONE', #1210, #2529 ) ;
#1282 = CARTESIAN_POINT ( 'NONE',  ( -4.349999999999999600, -0.2000000000000000100, -4.799999999999999800 ) ) ;
#1283 =( NAMED_UNIT ( * ) SI_UNIT ( $, .STERADIAN. ) SOLID_ANGLE_UNIT ( ) );
#1284 = LINE ( 'NONE', #2695, #1515 ) ;
#1285 =( NAMED_UNIT ( * ) PLANE_ANGLE_UNIT ( ) SI_UNIT ( $, .RADIAN. ) );
#1286 = DIRECTION ( 'NONE',  ( -1.000000000000000000, 0.0000000000000000000, 0.0000000000000000000 ) ) ;
#1287 = SURFACE_STYLE_FILL_AREA ( #3582 ) ;
#1288 = ADVANCED_FACE ( 'NONE', ( #3615 ), #2464, .F. ) ;
#1289 = FACE_OUTER_BOUND ( 'NONE', #1976, .T. ) ;
#1290 = MECHANICAL_DESIGN_GEOMETRIC_PRESENTATION_REPRESENTATION (  '', ( #530 ), #2253 ) ;
#1291 = EDGE_CURVE ( 'NONE', #1703, #2779, #3082, .T. ) ;
#1292 = DIRECTION ( 'NONE',  ( -0.0000000000000000000, -0.0000000000000000000, -1.000000000000000000 ) ) ;
#1293 = ORIENTED_EDGE ( 'NONE', *, *, #749, .T. ) ;
#1294 = DIRECTION ( 'NONE',  ( 0.0000000000000000000, 0.0000000000000000000, -1.000000000000000000 ) ) ;
#1295 = FACE_BOUND ( 'NONE', #3549, .T. ) ;
#1296 = DIRECTION ( 'NONE',  ( 0.0000000000000000000, 0.0000000000000000000, 1.000000000000000000 ) ) ;
#1297 = DIRECTION ( 'NONE',  ( -0.0000000000000000000, 0.0000000000000000000, 1.000000000000000000 ) ) ;
#1298 = EDGE_LOOP ( 'NONE', ( #1311, #948, #3553, #3061 ) ) ;
#1299 = ORIENTED_EDGE ( 'NONE', *, *, #914, .T. ) ;
#1300 = STYLED_ITEM ( 'NONE', ( #2259 ), #796 ) ;
#1301 = EDGE_CURVE ( 'NONE', #1446, #2821, #2873, .T. ) ;
#1302 = VERTEX_POINT ( 'NONE', #2199 ) ;
#1303 = ADVANCED_FACE ( 'NONE', ( #3303 ), #1348, .F. ) ;
#1304 = SURFACE_SIDE_STYLE ('',( #2623 ) ) ;
#1305 = ORIENTED_EDGE ( 'NONE', *, *, #3617, .F. ) ;
#1306 = EDGE_LOOP ( 'NONE', ( #424, #446, #427, #1922 ) ) ;
#1307 = FILL_AREA_STYLE_COLOUR ( '', #2098 ) ;
#1308 = DIRECTION ( 'NONE',  ( -0.0000000000000000000, -0.0000000000000000000, 1.000000000000000000 ) ) ;
#1309 = DIRECTION ( 'NONE',  ( 0.0000000000000000000, -1.000000000000000000, 0.0000000000000000000 ) ) ;
#1310 = CYLINDRICAL_SURFACE ( 'NONE', #1753, 0.2999999999999999300 ) ;
#1311 = ORIENTED_EDGE ( 'NONE', *, *, #3093, .F. ) ;
#1312 = AXIS2_PLACEMENT_3D ( 'NONE', #3173, #846, #307 ) ;
#1313 = VECTOR ( 'NONE', #2866, 1000.000000000000000 ) ;
#1314 = EDGE_CURVE ( 'NONE', #3512, #1452, #1047, .T. ) ;
#1315 = CIRCLE ( 'NONE', #3505, 0.2999999999999999300 ) ;
#1316 = FACE_OUTER_BOUND ( 'NONE', #3454, .T. ) ;
#1317 = ORIENTED_EDGE ( 'NONE', *, *, #2948, .F. ) ;
#1318 = PLANE ( 'NONE',  #378 ) ;
#1319 = DIRECTION ( 'NONE',  ( -0.0000000000000000000, -0.0000000000000000000, -1.000000000000000000 ) ) ;
#1320 = COLOUR_RGB ( '',0.0000000000000000000, 0.0000000000000000000, 0.0000000000000000000 ) ;
#1321 = FILL_AREA_STYLE_COLOUR ( '', #2440 ) ;
#1322 = CARTESIAN_POINT ( 'NONE',  ( -10.18565513815237000, 11.26219844010492600, 4.374213213820644000 ) ) ;
#1323 = CARTESIAN_POINT ( 'NONE',  ( 10.21282912199514400, 11.19888268567917500, 4.442067749762355100 ) ) ;
#1324 =( GEOMETRIC_REPRESENTATION_CONTEXT ( 3 ) GLOBAL_UNCERTAINTY_ASSIGNED_CONTEXT ( ( #1562 ) ) GLOBAL_UNIT_ASSIGNED_CONTEXT ( ( #1766, #1955, #1383 ) ) REPRESENTATION_CONTEXT ( 'NONE', 'WORKASPACE' ) );
#1325 = EDGE_CURVE ( 'NONE', #416, #200, #131, .T. ) ;
#1326 = LINE ( 'NONE', #1026, #1377 ) ;
#1327 =( GEOMETRIC_REPRESENTATION_CONTEXT ( 3 ) GLOBAL_UNCERTAINTY_ASSIGNED_CONTEXT ( ( #3544 ) ) GLOBAL_UNIT_ASSIGNED_CONTEXT ( ( #3645, #1640, #482 ) ) REPRESENTATION_CONTEXT ( 'NONE', 'WORKASPACE' ) );
#1328 = CARTESIAN_POINT ( 'NONE',  ( 10.30551590692312800, 10.82744799779388100, 4.673783851420865600 ) ) ;
#1329 = PLANE ( 'NONE',  #2056 ) ;
#1330 = VECTOR ( 'NONE', #569, 1000.000000000000000 ) ;
#1331 = VECTOR ( 'NONE', #1370, 999.9999999999998900 ) ;
#1332 = CARTESIAN_POINT ( 'NONE',  ( 10.99895705701788100, 0.1493881508244005500, -4.198971678594642000 ) ) ;
#1333 = DIRECTION ( 'NONE',  ( 0.0000000000000000000, -0.0000000000000000000, 1.000000000000000000 ) ) ;
#1334 = ADVANCED_FACE ( 'NONE', ( #3337 ), #3557, .T. ) ;
#1335 = CARTESIAN_POINT ( 'NONE',  ( 10.08024767080006800, 11.42336632572353300, 4.110618834082641700 ) ) ;
#1336 = VECTOR ( 'NONE', #2916, 1000.000000000000000 ) ;
#1337 = EDGE_CURVE ( 'NONE', #859, #3512, #228, .T. ) ;
#1338 = FACE_OUTER_BOUND ( 'NONE', #121, .T. ) ;
#1339 = VERTEX_POINT ( 'NONE', #1645 ) ;
#1340 = UNCERTAINTY_MEASURE_WITH_UNIT (LENGTH_MEASURE( 1.000000000000000100E-005 ), #1455, 'distance_accuracy_value', 'NONE');
#1341 = ADVANCED_FACE ( 'NONE', ( #474 ), #2625, .T. ) ;
#1342 = EDGE_CURVE ( 'NONE', #2795, #252, #2799, .T. ) ;
#1343 = DIRECTION ( 'NONE',  ( -0.0000000000000000000, 1.000000000000000000, 0.0000000000000000000 ) ) ;
#1344 = CARTESIAN_POINT ( 'NONE',  ( 10.99999999999999300, 0.0000000000000000000, 4.200014621576764600 ) ) ;
#1345 = CARTESIAN_POINT ( 'NONE',  ( -6.550000000000000700, 0.0000000000000000000, 4.500000000000001800 ) ) ;
#1346 = VERTEX_POINT ( 'NONE', #2822 ) ;
#1347 = DIRECTION ( 'NONE',  ( -0.0000000000000000000, -0.0000000000000000000, 1.000000000000000000 ) ) ;
#1348 = PLANE ( 'NONE',  #2635 ) ;
#1349 = VERTEX_POINT ( 'NONE', #2022 ) ;
#1350 = CARTESIAN_POINT ( 'NONE',  ( 10.23171213620130300, 11.14688852164915600, 4.489443918152386600 ) ) ;
#1351 = EDGE_LOOP ( 'NONE', ( #3670, #167, #2552, #3277 ) ) ;
#1352 = EDGE_LOOP ( 'NONE', ( #823, #549, #2869, #3203, #2121, #291 ) ) ;
#1353 = EDGE_CURVE ( 'NONE', #1070, #1031, #3467, .T. ) ;
#1354 = CIRCLE ( 'NONE', #3656, 0.2999999999999999300 ) ;
#1355 = ORIENTED_EDGE ( 'NONE', *, *, #3301, .F. ) ;
#1356 = DIRECTION ( 'NONE',  ( -0.0000000000000000000, 0.0000000000000000000, 1.000000000000000000 ) ) ;
#1357 = ORIENTED_EDGE ( 'NONE', *, *, #1241, .T. ) ;
#1358 = PRESENTATION_LAYER_ASSIGNMENT (  '', '', ( #904 ) ) ;
#1359 = CARTESIAN_POINT ( 'NONE',  ( -10.79803358369766800, 11.00765076376860200, -4.075215799833876500 ) ) ;
#1360 = STYLED_ITEM ( 'NONE', ( #3266 ), #1236 ) ;
#1361 = ORIENTED_EDGE ( 'NONE', *, *, #794, .F. ) ;
#1362 = EDGE_CURVE ( 'NONE', #2878, #1930, #2712, .T. ) ;
#1363 = DIRECTION ( 'NONE',  ( 0.006981090177864066000, -0.9999512631922904400, -0.006981090177864066000 ) ) ;
#1364 = CARTESIAN_POINT ( 'NONE',  ( -3.550000000000000300, -4.599999999999999600, -1.310000000000000500 ) ) ;
#1365 = CARTESIAN_POINT ( 'NONE',  ( -10.32631706201963900, 10.63009387212149200, 4.725786739162138000 ) ) ;
#1366 = ADVANCED_FACE ( 'NONE', ( #1898 ), #2335, .F. ) ;
#1367 = LINE ( 'NONE', #562, #469 ) ;
#1368 = ORIENTED_EDGE ( 'NONE', *, *, #3261, .F. ) ;
#1369 = EDGE_CURVE ( 'NONE', #1077, #826, #2043, .T. ) ;
#1370 = DIRECTION ( 'NONE',  ( 0.006981090177863988900, -0.9999512631922904400, -0.006981090177864073000 ) ) ;
#1371 = CARTESIAN_POINT ( 'NONE',  ( -10.46109790892009900, 11.34584211604592800, 3.940376523281389400 ) ) ;
#1372 = DIRECTION ( 'NONE',  ( 0.006981090177864065200, -0.9999512631922903300, 0.006981090177864065200 ) ) ;
#1373 = ADVANCED_FACE ( 'NONE', ( #517 ), #2038, .F. ) ;
#1374 = CARTESIAN_POINT ( 'NONE',  ( 10.21813193522665700, 11.18506672671285400, 4.455351131162097500 ) ) ;
#1375 =( GEOMETRIC_REPRESENTATION_CONTEXT ( 3 ) GLOBAL_UNCERTAINTY_ASSIGNED_CONTEXT ( ( #2960 ) ) GLOBAL_UNIT_ASSIGNED_CONTEXT ( ( #3510, #2972, #82 ) ) REPRESENTATION_CONTEXT ( 'NONE', 'WORKASPACE' ) );
#1376 = LINE ( 'NONE', #1730, #1642 ) ;
#1377 = VECTOR ( 'NONE', #1932, 1000.000000000000000 ) ;
#1378 = FILL_AREA_STYLE ('',( #916 ) ) ;
#1379 = FACE_OUTER_BOUND ( 'NONE', #3117, .T. ) ;
#1380 = ADVANCED_FACE ( 'NONE', ( #306 ), #2585, .F. ) ;
#1381 = CARTESIAN_POINT ( 'NONE',  ( -10.91934787504078500, 10.63724988177732700, -4.123741516371089800 ) ) ;
#1382 = MECHANICAL_DESIGN_GEOMETRIC_PRESENTATION_REPRESENTATION (  '', ( #1689 ), #2406 ) ;
#1383 =( NAMED_UNIT ( * ) SI_UNIT ( $, .STERADIAN. ) SOLID_ANGLE_UNIT ( ) );
#1384 = CARTESIAN_POINT ( 'NONE',  ( -10.67275816929025100, 11.16623153269624100, 4.025073168402212100 ) ) ;
#1385 = ORIENTED_EDGE ( 'NONE', *, *, #1149, .T. ) ;
#1386 = CARTESIAN_POINT ( 'NONE',  ( -5.100000000000000500, -3.700000000000000200, 4.799999999999999800 ) ) ;
#1387 = CARTESIAN_POINT ( 'NONE',  ( 0.0000000000000000000, 0.0000000000000000000, 4.800000000000000700 ) ) ;
#1388 =( GEOMETRIC_REPRESENTATION_CONTEXT ( 3 ) GLOBAL_UNCERTAINTY_ASSIGNED_CONTEXT ( ( #774 ) ) GLOBAL_UNIT_ASSIGNED_CONTEXT ( ( #3174, #3185, #1171 ) ) REPRESENTATION_CONTEXT ( 'NONE', 'WORKASPACE' ) );
#1389 = EDGE_CURVE ( 'NONE', #1456, #1938, #1638, .T. ) ;
#1390 = ORIENTED_EDGE ( 'NONE', *, *, #2732, .F. ) ;
#1391 = PLANE ( 'NONE',  #58 ) ;
#1392 = UNCERTAINTY_MEASURE_WITH_UNIT (LENGTH_MEASURE( 1.000000000000000100E-005 ), #1614, 'distance_accuracy_value', 'NONE');
#1393 = ADVANCED_FACE ( 'NONE', ( #3255 ), #3141, .F. ) ;
#1394 = EDGE_LOOP ( 'NONE', ( #1218, #2845, #2791 ) ) ;
#1395 = DIRECTION ( 'NONE',  ( -1.000000000000000000, 0.0000000000000000000, -0.0000000000000000000 ) ) ;
#1396 = DIRECTION ( 'NONE',  ( 0.0000000000000000000, 1.000000000000000000, 0.0000000000000000000 ) ) ;
#1397 = CARTESIAN_POINT ( 'NONE',  ( -10.92619134497050500, 10.57213930072083500, -4.126478904241178500 ) ) ;
#1398 = EDGE_LOOP ( 'NONE', ( #2891, #1751, #3457, #3272 ) ) ;
#1399 = CARTESIAN_POINT ( 'NONE',  ( -10.31630044756799500, 10.75686001420819200, 4.701865818084595400 ) ) ;
#1400 = DIRECTION ( 'NONE',  ( 0.0000000000000000000, 1.000000000000000000, -0.0000000000000000000 ) ) ;
#1401 = CARTESIAN_POINT ( 'NONE',  ( 10.59351512221290800, 11.24546327125938700, 3.993393938802546600 ) ) ;
#1402 = VERTEX_POINT ( 'NONE', #1453 ) ;
#1403 = ADVANCED_FACE ( 'NONE', ( #1990 ), #1734, .F. ) ;
#1404 = ORIENTED_EDGE ( 'NONE', *, *, #581, .T. ) ;
#1405 = COLOUR_RGB ( '',0.0000000000000000000, 0.0000000000000000000, 0.0000000000000000000 ) ;
#1406 = ORIENTED_EDGE ( 'NONE', *, *, #3590, .T. ) ;
#1407 = APPLICATION_CONTEXT ( 'automotive_design' ) ;
#1408 = VERTEX_POINT ( 'NONE', #22 ) ;
#1409 = MECHANICAL_DESIGN_GEOMETRIC_PRESENTATION_REPRESENTATION (  '', ( #524 ), #388 ) ;
#1410 = CARTESIAN_POINT ( 'NONE',  ( 10.27521579983385200, 11.00765076376855100, 4.598033583697684000 ) ) ;
#1411 = CARTESIAN_POINT ( 'NONE',  ( 0.0000000000000000000, 10.50000000000000000, 3.726670610591305000 ) ) ;
#1412 = AXIS2_PLACEMENT_3D ( 'NONE', #2147, #2387, #1286 ) ;
#1413 = FACE_OUTER_BOUND ( 'NONE', #3112, .T. ) ;
#1414 =( LENGTH_UNIT ( ) NAMED_UNIT ( * ) SI_UNIT ( .MILLI., .METRE. ) );
#1415 = CARTESIAN_POINT ( 'NONE',  ( 6.550000000000000700, -0.5000000000000000000, 4.799999999999999800 ) ) ;
#1416 =( NAMED_UNIT ( * ) SI_UNIT ( $, .STERADIAN. ) SOLID_ANGLE_UNIT ( ) );
#1417 = CARTESIAN_POINT ( 'NONE',  ( 10.32666086287345800, 10.50698126029795900, -4.726646241296700500 ) ) ;
#1418 = EDGE_CURVE ( 'NONE', #2604, #1003, #2217, .T. ) ;
#1419 = SURFACE_STYLE_USAGE ( .BOTH. , #1650 ) ;
#1420 = CARTESIAN_POINT ( 'NONE',  ( 10.01788529588358000, 11.49999999938891000, 3.817885295883505200 ) ) ;
#1421 = PLANE ( 'NONE',  #2931 ) ;
#1422 = DIRECTION ( 'NONE',  ( -1.000000000000000000, 0.0000000000000000000, -0.0000000000000000000 ) ) ;
#1423 = CARTESIAN_POINT ( 'NONE',  ( 0.0000000000000000000, 0.0000000000000000000, -0.9100000000000000300 ) ) ;
#1424 = PRESENTATION_STYLE_ASSIGNMENT (( #837 ) ) ;
#1425 = LINE ( 'NONE', #1606, #3130 ) ;
#1426 = CARTESIAN_POINT ( 'NONE',  ( 6.550000000000000700, -0.5000000000000000000, 4.799999999999999800 ) ) ;
#1427 = EDGE_CURVE ( 'NONE', #2975, #3231, #2844, .T. ) ;
#1428 = VECTOR ( 'NONE', #3536, 1000.000000000000000 ) ;
#1429 = VECTOR ( 'NONE', #3561, 1000.000000000000000 ) ;
#1430 = LINE ( 'NONE', #1387, #937 ) ;
#1431 = CARTESIAN_POINT ( 'NONE',  ( 10.11135110625116700, 11.48981571149361600, 3.911351106251113900 ) ) ;
#1432 = DIRECTION ( 'NONE',  ( -0.0000000000000000000, -1.000000000000000000, 0.0000000000000000000 ) ) ;
#1433 = ORIENTED_EDGE ( 'NONE', *, *, #418, .T. ) ;
#1434 = SURFACE_STYLE_FILL_AREA ( #2747 ) ;
#1435 = COLOUR_RGB ( '',0.0000000000000000000, 0.0000000000000000000, 0.0000000000000000000 ) ;
#1436 = CARTESIAN_POINT ( 'NONE',  ( 0.0000000000000000000, -4.599999999999999600, 0.0000000000000000000 ) ) ;
#1437 = CARTESIAN_POINT ( 'NONE',  ( -4.049999999999999800, -4.599999999999999600, -1.310000000000000500 ) ) ;
#1438 = CARTESIAN_POINT ( 'NONE',  ( 6.550000000000000700, -0.1999999999999999800, 4.799999999999999800 ) ) ;
#1439 = ORIENTED_EDGE ( 'NONE', *, *, #3534, .F. ) ;
#1440 = CARTESIAN_POINT ( 'NONE',  ( 4.799999999999999800, -0.5100000000000000100, -4.790000000000000000 ) ) ;
#1441 = AXIS2_PLACEMENT_3D ( 'NONE', #1075, #1372, #3081 ) ;
#1442 = UNCERTAINTY_MEASURE_WITH_UNIT (LENGTH_MEASURE( 1.000000000000000100E-005 ), #3274, 'distance_accuracy_value', 'NONE');
#1443 = EDGE_CURVE ( 'NONE', #2878, #1070, #3595, .T. ) ;
#1444 = DIRECTION ( 'NONE',  ( -1.000000000000000000, -0.0000000000000000000, 0.0000000000000000000 ) ) ;
#1445 = ORIENTED_EDGE ( 'NONE', *, *, #412, .F. ) ;
#1446 = VERTEX_POINT ( 'NONE', #2596 ) ;
#1447 = CARTESIAN_POINT ( 'NONE',  ( 10.42822583299275200, 11.37488576364194300, 3.927292699551912000 ) ) ;
#1448 = DIRECTION ( 'NONE',  ( 1.000000000000000000, 0.0000000000000000000, -0.0000000000000000000 ) ) ;
#1449 = LINE ( 'NONE', #170, #2029 ) ;
#1450 = VECTOR ( 'NONE', #343, 1000.000000000000000 ) ;
#1451 = ORIENTED_EDGE ( 'NONE', *, *, #1633, .F. ) ;
#1452 = VERTEX_POINT ( 'NONE', #2391 ) ;
#1453 = CARTESIAN_POINT ( 'NONE',  ( 5.799999999999999800, -3.700000000000000200, -4.799999999999999800 ) ) ;
#1454 = CARTESIAN_POINT ( 'NONE',  ( -4.799999999999999800, -4.000000000000000000, 4.790000000000000000 ) ) ;
#1455 =( LENGTH_UNIT ( ) NAMED_UNIT ( * ) SI_UNIT ( .MILLI., .METRE. ) );
#1456 = VERTEX_POINT ( 'NONE', #1200 ) ;
#1457 = SURFACE_STYLE_USAGE ( .BOTH. , #2053 ) ;
#1458 =( NAMED_UNIT ( * ) PLANE_ANGLE_UNIT ( ) SI_UNIT ( $, .RADIAN. ) );
#1459 = CIRCLE ( 'NONE', #1114, 0.2999999999999999300 ) ;
#1460 = ORIENTED_EDGE ( 'NONE', *, *, #3168, .F. ) ;
#1461 = FILL_AREA_STYLE ('',( #3680 ) ) ;
#1462 = ORIENTED_EDGE ( 'NONE', *, *, #3606, .T. ) ;
#1463 = CARTESIAN_POINT ( 'NONE',  ( -11.00000000000000000, 0.0000000000000000000, 4.799999999999999800 ) ) ;
#1464 = CARTESIAN_POINT ( 'NONE',  ( -9.129999999999999000, -4.599999999999999600, -0.9100000000000000300 ) ) ;
#1465 = VECTOR ( 'NONE', #1644, 1000.000000000000000 ) ;
#1466 = DIRECTION ( 'NONE',  ( 0.0000000000000000000, -0.0000000000000000000, -1.000000000000000000 ) ) ;
#1467 = VECTOR ( 'NONE', #2145, 1000.000000000000000 ) ;
#1468 = EDGE_CURVE ( 'NONE', #1710, #2831, #1459, .T. ) ;
#1469 = CARTESIAN_POINT ( 'NONE',  ( -10.21282912199786500, 11.19888268567307700, -4.442067749768499500 ) ) ;
#1470 = DIRECTION ( 'NONE',  ( -1.000000000000000000, 0.0000000000000000000, 0.0000000000000000000 ) ) ;
#1471 = CYLINDRICAL_SURFACE ( 'NONE', #2103, 0.2999999999999999300 ) ;
#1472 = CARTESIAN_POINT ( 'NONE',  ( -6.550000000000000700, -0.1999999999999999800, -4.799999999999999800 ) ) ;
#1473 = CARTESIAN_POINT ( 'NONE',  ( -5.100000000000000500, -4.000000000000000000, 4.799999999999999800 ) ) ;
#1474 =( LENGTH_UNIT ( ) NAMED_UNIT ( * ) SI_UNIT ( .MILLI., .METRE. ) );
#1475 = CIRCLE ( 'NONE', #2126, 0.2999999999999999300 ) ;
#1476 = PRESENTATION_STYLE_ASSIGNMENT (( #233 ) ) ;
#1477 = CARTESIAN_POINT ( 'NONE',  ( -11.00000000000000500, 0.0000000000000000000, 4.551481466597423700 ) ) ;
#1478 = CARTESIAN_POINT ( 'NONE',  ( -6.550000000000000700, -0.5000000000000000000, -4.799999999999999800 ) ) ;
#1479 = LINE ( 'NONE', #160, #711 ) ;
#1480 = CARTESIAN_POINT ( 'NONE',  ( -8.630000000000000800, 0.0000000000000000000, 0.0000000000000000000 ) ) ;
#1481 = FILL_AREA_STYLE ('',( #624 ) ) ;
#1482 = SURFACE_STYLE_USAGE ( .BOTH. , #900 ) ;
#1483 = VERTEX_POINT ( 'NONE', #1505 ) ;
#1484 = CARTESIAN_POINT ( 'NONE',  ( 10.05701156010636400, 11.50000000000000200, -3.778806990397298300 ) ) ;
#1485 = SURFACE_STYLE_FILL_AREA ( #591 ) ;
#1486 =( NAMED_UNIT ( * ) PLANE_ANGLE_UNIT ( ) SI_UNIT ( $, .RADIAN. ) );
#1487 = MECHANICAL_DESIGN_GEOMETRIC_PRESENTATION_REPRESENTATION (  '', ( #904 ), #2173 ) ;
#1488 = EDGE_LOOP ( 'NONE', ( #3056, #2342, #2026, #1109 ) ) ;
#1489 = FILL_AREA_STYLE ('',( #628 ) ) ;
#1490 = CARTESIAN_POINT ( 'NONE',  ( 10.03660781186316500, 11.46174733616988000, -4.001851509143975200 ) ) ;
#1491 = EDGE_LOOP ( 'NONE', ( #3008, #3113, #2116, #1361, #32, #286 ) ) ;
#1492 = CARTESIAN_POINT ( 'NONE',  ( 10.72377453718056000, 11.11774433732774100, -4.045512181227210600 ) ) ;
#1493 = DIRECTION ( 'NONE',  ( 0.0000000000000000000, -0.0000000000000000000, -1.000000000000000000 ) ) ;
#1494 = ORIENTED_EDGE ( 'NONE', *, *, #361, .T. ) ;
#1495 = MECHANICAL_DESIGN_GEOMETRIC_PRESENTATION_REPRESENTATION (  '', ( #1941 ), #2370 ) ;
#1496 = EDGE_CURVE ( 'NONE', #2213, #2572, #1273, .T. ) ;
#1497 = CARTESIAN_POINT ( 'NONE',  ( -10.81993718131098200, 10.98752584656653900, -4.619937181310986900 ) ) ;
#1498 = COLOUR_RGB ( '',0.0000000000000000000, 0.0000000000000000000, 0.0000000000000000000 ) ;
#1499 = VERTEX_POINT ( 'NONE', #2650 ) ;
#1500 = ORIENTED_EDGE ( 'NONE', *, *, #2640, .T. ) ;
#1501 = ORIENTED_EDGE ( 'NONE', *, *, #3178, .F. ) ;
#1502 = DIRECTION ( 'NONE',  ( -1.000000000000000000, 0.0000000000000000000, -0.0000000000000000000 ) ) ;
#1503 = VECTOR ( 'NONE', #1396, 1000.000000000000000 ) ;
#1504 = EDGE_LOOP ( 'NONE', ( #1851, #2250, #3581, #1584 ) ) ;
#1505 = CARTESIAN_POINT ( 'NONE',  ( 10.32666086287346900, 10.50698126029795900, 4.726646241296699600 ) ) ;
#1506 = DIRECTION ( 'NONE',  ( 1.000000000000000000, 0.0000000000000000000, 0.0000000000000000000 ) ) ;
#1507 = CARTESIAN_POINT ( 'NONE',  ( 10.92664624129669400, 10.50698126029795900, 4.126660862873464500 ) ) ;
#1508 = AXIS2_PLACEMENT_3D ( 'NONE', #3294, #1296, #1261 ) ;
#1509 = DIRECTION ( 'NONE',  ( 1.000000000000000000, 0.0000000000000000000, -0.0000000000000000000 ) ) ;
#1510 = CARTESIAN_POINT ( 'NONE',  ( 10.42822583299275200, 11.37488576364194300, -3.927292699551912000 ) ) ;
#1511 = FACE_OUTER_BOUND ( 'NONE', #491, .T. ) ;
#1512 = ADVANCED_BREP_SHAPE_REPRESENTATION ( 'RDL10W', ( #567, #2849 ), #2875 ) ;
#1513 = CARTESIAN_POINT ( 'NONE',  ( -10.89314384534053000, 10.76490596051460500, 4.113259904490995200 ) ) ;
#1514 = VECTOR ( 'NONE', #1509, 1000.000000000000000 ) ;
#1515 = VECTOR ( 'NONE', #1907, 1000.000000000000000 ) ;
#1516 = PRESENTATION_LAYER_ASSIGNMENT (  '', '', ( #3241 ) ) ;
#1517 = DIRECTION ( 'NONE',  ( 0.0000000000000000000, -1.000000000000000000, -0.0000000000000000000 ) ) ;
#1518 = EDGE_CURVE ( 'NONE', #3365, #2213, #2893, .T. ) ;
#1519 = CARTESIAN_POINT ( 'NONE',  ( -10.10681412666321300, 11.39298057615897600, -4.177118469346685200 ) ) ;
#1520 = DIRECTION ( 'NONE',  ( 0.0000000000000000000, 0.0000000000000000000, 1.000000000000000000 ) ) ;
#1521 = CARTESIAN_POINT ( 'NONE',  ( -6.550000000000000700, -0.1999999999999999800, 4.799999999999999800 ) ) ;
#1522 = CARTESIAN_POINT ( 'NONE',  ( 9.926670610591299800, 11.50000000000000200, -3.726670610591305000 ) ) ;
#1523 = CIRCLE ( 'NONE', #2143, 0.2999999999999999300 ) ;
#1524 = DIRECTION ( 'NONE',  ( 0.0000000000000000000, 0.0000000000000000000, -1.000000000000000000 ) ) ;
#1525 = AXIS2_PLACEMENT_3D ( 'NONE', #1668, #2628, #258 ) ;
#1526 = EDGE_CURVE ( 'NONE', #1269, #2983, #960, .T. ) ;
#1527 = PRESENTATION_STYLE_ASSIGNMENT (( #1985 ) ) ;
#1528 = ORIENTED_EDGE ( 'NONE', *, *, #3084, .F. ) ;
#1529 = CARTESIAN_POINT ( 'NONE',  ( 6.550000000000000700, -0.5000000000000000000, -4.799999999999999800 ) ) ;
#1530 = LINE ( 'NONE', #404, #761 ) ;
#1531 = FILL_AREA_STYLE ('',( #2964 ) ) ;
#1532 = DIRECTION ( 'NONE',  ( -1.000000000000000000, -0.0000000000000000000, 0.0000000000000000000 ) ) ;
#1533 = EDGE_LOOP ( 'NONE', ( #2557, #1066, #2380, #2389 ) ) ;
#1534 = SURFACE_STYLE_USAGE ( .BOTH. , #3248 ) ;
#1535 = ORIENTED_EDGE ( 'NONE', *, *, #284, .T. ) ;
#1536 = CARTESIAN_POINT ( 'NONE',  ( -10.31325990449100200, 10.76490596051460900, 4.693143845340520300 ) ) ;
#1537 = EDGE_CURVE ( 'NONE', #3054, #89, #1945, .T. ) ;
#1538 = VERTEX_POINT ( 'NONE', #2772 ) ;
#1539 = ORIENTED_EDGE ( 'NONE', *, *, #312, .F. ) ;
#1540 = ADVANCED_FACE ( 'NONE', ( #211 ), #2169, .T. ) ;
#1541 = CARTESIAN_POINT ( 'NONE',  ( -4.799999999999999800, -4.000000000000000000, 4.799999999999999800 ) ) ;
#1542 = LINE ( 'NONE', #865, #2030 ) ;
#1543 = VERTEX_POINT ( 'NONE', #365 ) ;
#1544 = ORIENTED_EDGE ( 'NONE', *, *, #2713, .T. ) ;
#1545 = EDGE_CURVE ( 'NONE', #2577, #1483, #514, .T. ) ;
#1546 = CARTESIAN_POINT ( 'NONE',  ( -4.049999999999999800, -0.5000000000000000000, -4.799999999999999800 ) ) ;
#1547 = CARTESIAN_POINT ( 'NONE',  ( 0.0000000000000000000, -4.599999999999999600, -1.310000000000000500 ) ) ;
#1548 = SURFACE_STYLE_FILL_AREA ( #3254 ) ;
#1549 = EDGE_LOOP ( 'NONE', ( #3439, #1460, #2285, #3375 ) ) ;
#1550 = PRESENTATION_LAYER_ASSIGNMENT (  '', '', ( #1226 ) ) ;
#1551 = COLOUR_RGB ( '',0.0000000000000000000, 0.0000000000000000000, 0.0000000000000000000 ) ;
#1552 = VERTEX_POINT ( 'NONE', #791 ) ;
#1553 =( NAMED_UNIT ( * ) PLANE_ANGLE_UNIT ( ) SI_UNIT ( $, .RADIAN. ) );
#1554 = PRESENTATION_STYLE_ASSIGNMENT (( #2734 ) ) ;
#1555 = COLOUR_RGB ( '',0.0000000000000000000, 0.0000000000000000000, 0.0000000000000000000 ) ;
#1556 = EDGE_CURVE ( 'NONE', #826, #639, #3165, .T. ) ;
#1557 = AXIS2_PLACEMENT_3D ( 'NONE', #1223, #968, #3245 ) ;
#1558 = LINE ( 'NONE', #722, #1143 ) ;
#1559 = SURFACE_STYLE_USAGE ( .BOTH. , #2414 ) ;
#1560 = DIRECTION ( 'NONE',  ( 0.006981090177864065200, -0.9999512631922903300, -0.006981090177864065200 ) ) ;
#1561 = AXIS2_PLACEMENT_3D ( 'NONE', #193, #1309, #1598 ) ;
#1562 = UNCERTAINTY_MEASURE_WITH_UNIT (LENGTH_MEASURE( 1.000000000000000100E-005 ), #1766, 'distance_accuracy_value', 'NONE');
#1563 = ADVANCED_FACE ( 'NONE', ( #2988 ), #3372, .T. ) ;
#1564 = CARTESIAN_POINT ( 'NONE',  ( -10.87378385142088400, 10.82744799779385600, 4.105515906923119300 ) ) ;
#1565 = FACE_OUTER_BOUND ( 'NONE', #3236, .T. ) ;
#1566 = EDGE_CURVE ( 'NONE', #3672, #42, #2754, .T. ) ;
#1567 = FILL_AREA_STYLE ('',( #445 ) ) ;
#1568 = SURFACE_STYLE_USAGE ( .BOTH. , #3533 ) ;
#1569 = CYLINDRICAL_SURFACE ( 'NONE', #1586, 0.2999999999999999300 ) ;
#1570 = SURFACE_STYLE_FILL_AREA ( #1531 ) ;
#1571 = SURFACE_STYLE_USAGE ( .BOTH. , #1862 ) ;
#1572 = CARTESIAN_POINT ( 'NONE',  ( -10.05701156010637300, 11.50000000000000200, -3.778806990397298300 ) ) ;
#1573 = CARTESIAN_POINT ( 'NONE',  ( 0.0000000000000000000, 0.0000000000000000000, 0.0000000000000000000 ) ) ;
#1574 = ORIENTED_EDGE ( 'NONE', *, *, #1035, .T. ) ;
#1575 = FACE_OUTER_BOUND ( 'NONE', #1398, .T. ) ;
#1576 = ORIENTED_EDGE ( 'NONE', *, *, #1697, .T. ) ;
#1577 = ADVANCED_FACE ( 'NONE', ( #1316 ), #1707, .T. ) ;
#1578 = FILL_AREA_STYLE ('',( #3016 ) ) ;
#1579 = DIRECTION ( 'NONE',  ( 1.000000000000000000, 0.0000000000000000000, 0.0000000000000000000 ) ) ;
#1580 = EDGE_LOOP ( 'NONE', ( #1124, #1987, #1809, #3537, #1842, #2929 ) ) ;
#1581 = CARTESIAN_POINT ( 'NONE',  ( 5.799999999999999800, -0.5100000000000000100, -4.790000000000000000 ) ) ;
#1582 = CARTESIAN_POINT ( 'NONE',  ( -9.926670610591310500, 11.50000000000000200, -3.726670610591305000 ) ) ;
#1583 = EDGE_LOOP ( 'NONE', ( #3402, #2989, #2670, #1117 ) ) ;
#1584 = ORIENTED_EDGE ( 'NONE', *, *, #2226, .F. ) ;
#1585 = SURFACE_STYLE_USAGE ( .BOTH. , #2718 ) ;
#1586 = AXIS2_PLACEMENT_3D ( 'NONE', #3343, #1020, #3042 ) ;
#1587 = ORIENTED_EDGE ( 'NONE', *, *, #886, .F. ) ;
#1588 = ORIENTED_EDGE ( 'NONE', *, *, #16, .T. ) ;
#1589 = AXIS2_PLACEMENT_3D ( 'NONE', #249, #3685, #261 ) ;
#1590 = EDGE_CURVE ( 'NONE', #2890, #3206, #1367, .T. ) ;
#1591 = COLOUR_RGB ( '',0.0000000000000000000, 0.0000000000000000000, 0.0000000000000000000 ) ;
#1592 = VERTEX_POINT ( 'NONE', #2823 ) ;
#1593 = DIRECTION ( 'NONE',  ( 1.000000000000000000, 0.0000000000000000000, -0.0000000000000000000 ) ) ;
#1594 = CARTESIAN_POINT ( 'NONE',  ( -9.129999999999999000, 0.0000000000000000000, -1.310000000000000500 ) ) ;
#1595 = LINE ( 'NONE', #304, #1503 ) ;
#1596 = LINE ( 'NONE', #1810, #3249 ) ;
#1597 = ORIENTED_EDGE ( 'NONE', *, *, #3482, .F. ) ;
#1598 = DIRECTION ( 'NONE',  ( 0.0000000000000000000, -0.0000000000000000000, -1.000000000000000000 ) ) ;
#1599 = ADVANCED_FACE ( 'NONE', ( #2304 ), #3652, .F. ) ;
#1600 = FACE_OUTER_BOUND ( 'NONE', #1977, .T. ) ;
#1601 = PRESENTATION_STYLE_ASSIGNMENT (( #572 ) ) ;
#1602 = PLANE ( 'NONE',  #2163 ) ;
#1603 = SURFACE_STYLE_FILL_AREA ( #935 ) ;
#1604 = CARTESIAN_POINT ( 'NONE',  ( 8.650000000000000400, -4.599999999999999600, -1.310000000000000500 ) ) ;
#1605 = AXIS2_PLACEMENT_3D ( 'NONE', #3232, #1520, #3511 ) ;
#1606 = CARTESIAN_POINT ( 'NONE',  ( 6.110000000000002100, -4.599999999999999600, -1.310000000000000500 ) ) ;
#1607 = CARTESIAN_POINT ( 'NONE',  ( -10.07137136374186400, 11.43227754581030800, 4.088424494773652100 ) ) ;
#1608 = CARTESIAN_POINT ( 'NONE',  ( -5.500000000000000000, -4.000000000000000000, 0.0000000000000000000 ) ) ;
#1609 = FILL_AREA_STYLE ('',( #1833 ) ) ;
#1610 = SURFACE_STYLE_FILL_AREA ( #1854 ) ;
#1611 = AXIS2_PLACEMENT_3D ( 'NONE', #397, #1815, #2361 ) ;
#1612 = EDGE_CURVE ( 'NONE', #2702, #1077, #2840, .T. ) ;
#1613 = FILL_AREA_STYLE_COLOUR ( '', #1746 ) ;
#1614 =( LENGTH_UNIT ( ) NAMED_UNIT ( * ) SI_UNIT ( .MILLI., .METRE. ) );
#1615 = SURFACE_SIDE_STYLE ('',( #3565 ) ) ;
#1616 = CARTESIAN_POINT ( 'NONE',  ( -10.19046060219285200, 11.25183963772125900, 4.386201610454424600 ) ) ;
#1617 = ORIENTED_EDGE ( 'NONE', *, *, #368, .F. ) ;
#1618 = CYLINDRICAL_SURFACE ( 'NONE', #266, 0.2999999999999999300 ) ;
#1619 = ORIENTED_EDGE ( 'NONE', *, *, #3617, .T. ) ;
#1620 = PRESENTATION_LAYER_ASSIGNMENT (  '', '', ( #2902 ) ) ;
#1621 = VERTEX_POINT ( 'NONE', #2521 ) ;
#1622 = UNCERTAINTY_MEASURE_WITH_UNIT (LENGTH_MEASURE( 1.000000000000000100E-005 ), #2601, 'distance_accuracy_value', 'NONE');
#1623 = CARTESIAN_POINT ( 'NONE',  ( 5.100000000000000500, -3.700000000000000200, -4.799999999999999800 ) ) ;
#1624 = CARTESIAN_POINT ( 'NONE',  ( -5.799999999999999800, -0.5100000000000001200, 4.799999999999999800 ) ) ;
#1625 = ORIENTED_EDGE ( 'NONE', *, *, #3459, .F. ) ;
#1626 = ORIENTED_EDGE ( 'NONE', *, *, #2123, .F. ) ;
#1627 =( NAMED_UNIT ( * ) SI_UNIT ( $, .STERADIAN. ) SOLID_ANGLE_UNIT ( ) );
#1628 = VECTOR ( 'NONE', #1165, 1000.000000000000000 ) ;
#1629 = ORIENTED_EDGE ( 'NONE', *, *, #3474, .T. ) ;
#1630 = PRESENTATION_STYLE_ASSIGNMENT (( #1044 ) ) ;
#1631 = VECTOR ( 'NONE', #2336, 1000.000000000000000 ) ;
#1632 = ORIENTED_EDGE ( 'NONE', *, *, #2784, .T. ) ;
#1633 = EDGE_CURVE ( 'NONE', #1621, #3319, #163, .T. ) ;
#1634 = FILL_AREA_STYLE ('',( #2471 ) ) ;
#1635 = LINE ( 'NONE', #2786, #3030 ) ;
#1636 = ORIENTED_EDGE ( 'NONE', *, *, #2091, .T. ) ;
#1637 = PLANE ( 'NONE',  #2864 ) ;
#1638 = CIRCLE ( 'NONE', #1177, 0.6000000000000002000 ) ;
#1639 = AXIS2_PLACEMENT_3D ( 'NONE', #3650, #2777, #2490 ) ;
#1640 =( NAMED_UNIT ( * ) PLANE_ANGLE_UNIT ( ) SI_UNIT ( $, .RADIAN. ) );
#1641 = CARTESIAN_POINT ( 'NONE',  ( 6.550000000000000700, -0.1999999999999999800, -4.799999999999999800 ) ) ;
#1642 = VECTOR ( 'NONE', #317, 1000.000000000000000 ) ;
#1643 = AXIS2_PLACEMENT_3D ( 'NONE', #2553, #833, #2570 ) ;
#1644 = DIRECTION ( 'NONE',  ( -0.0000000000000000000, 0.0000000000000000000, 1.000000000000000000 ) ) ;
#1645 = CARTESIAN_POINT ( 'NONE',  ( 6.110000000000002100, 0.0000000000000000000, -1.310000000000000500 ) ) ;
#1646 = COLOUR_RGB ( '',0.0000000000000000000, 0.0000000000000000000, 0.0000000000000000000 ) ;
#1647 = EDGE_CURVE ( 'NONE', #3286, #717, #954, .T. ) ;
#1648 = EDGE_LOOP ( 'NONE', ( #451, #2014, #3059, #982 ) ) ;
#1649 = FACE_OUTER_BOUND ( 'NONE', #3014, .T. ) ;
#1650 = SURFACE_SIDE_STYLE ('',( #437 ) ) ;
#1651 = FILL_AREA_STYLE ('',( #1069 ) ) ;
#1652 = DIRECTION ( 'NONE',  ( -1.000000000000000000, 0.0000000000000000000, -0.0000000000000000000 ) ) ;
#1653 = EDGE_LOOP ( 'NONE', ( #1385, #1629, #2148, #1025, #1404, #124, #3584, #1714 ) ) ;
#1654 = CARTESIAN_POINT ( 'NONE',  ( 0.0000000000000000000, 0.0000000000000000000, 4.799999999999999800 ) ) ;
#1655 =( NAMED_UNIT ( * ) PLANE_ANGLE_UNIT ( ) SI_UNIT ( $, .RADIAN. ) );
#1656 = EDGE_LOOP ( 'NONE', ( #1617, #1882, #2567, #3499, #282, #759 ) ) ;
#1657 = CARTESIAN_POINT ( 'NONE',  ( 10.07680885739180700, 11.42689601180388900, 4.102017640823829600 ) ) ;
#1658 = ADVANCED_FACE ( 'NONE', ( #433 ), #3384, .F. ) ;
#1659 = PRESENTATION_STYLE_ASSIGNMENT (( #1116 ) ) ;
#1660 = ORIENTED_EDGE ( 'NONE', *, *, #2802, .T. ) ;
#1661 = ORIENTED_EDGE ( 'NONE', *, *, #1812, .F. ) ;
#1662 = UNCERTAINTY_MEASURE_WITH_UNIT (LENGTH_MEASURE( 1.000000000000000100E-005 ), #2868, 'distance_accuracy_value', 'NONE');
#1663 = ORIENTED_EDGE ( 'NONE', *, *, #573, .T. ) ;
#1664 = VERTEX_POINT ( 'NONE', #1972 ) ;
#1665 = DIRECTION ( 'NONE',  ( 0.0000000000000000000, 0.0000000000000000000, -1.000000000000000000 ) ) ;
#1666 = SURFACE_STYLE_FILL_AREA ( #1489 ) ;
#1667 = ORIENTED_EDGE ( 'NONE', *, *, #3332, .F. ) ;
#1668 = CARTESIAN_POINT ( 'NONE',  ( -4.349999999999999600, -0.2000000000000000100, 0.0000000000000000000 ) ) ;
#1669 = DIRECTION ( 'NONE',  ( 1.000000000000000000, 0.0000000000000000000, 0.0000000000000000000 ) ) ;
#1670 = CARTESIAN_POINT ( 'NONE',  ( -5.799999999999999800, -4.000000000000000000, 4.799999999999999800 ) ) ;
#1671 = CARTESIAN_POINT ( 'NONE',  ( 10.01331649399632600, 11.50000000000000400, 3.761328963953293000 ) ) ;
#1672 = VERTEX_POINT ( 'NONE', #1098 ) ;
#1673 = B_SPLINE_CURVE_WITH_KNOTS ( 'NONE', 3,
 ( #61, #2332, #906, #3208, #1490, #2636, #1208, #801, #2790, #3122, #2597, #354, #777, #2614, #3580, #712, #1276, #1204, #362, #3295, #2351, #3213, #2041, #337 ),
 .UNSPECIFIED., .F., .F.,
 ( 4, 2, 2, 1, 1, 2, 2, 2, 2, 2, 2, 2, 4 ),
 ( 0.0000000000000000000, 0.1249999999999829600, 0.1874999999999735200, 0.2187499999999679400, 0.2343749999999648600, 0.2421874999999650600, 0.2499999999999652800, 0.3749999999999691900, 0.4374999999999692500, 0.4687499999999707500, 0.4999999999999722400, 0.7499999999999861200, 1.000000000000000000 ),
 .UNSPECIFIED. ) ;
#1674 = MECHANICAL_DESIGN_GEOMETRIC_PRESENTATION_REPRESENTATION (  '', ( #3101 ), #3289 ) ;
#1675 = CIRCLE ( 'NONE', #3127, 0.2999999999999999300 ) ;
#1676 = PRESENTATION_STYLE_ASSIGNMENT (( #1983 ) ) ;
#1677 = EDGE_CURVE ( 'NONE', #1710, #717, #1713, .T. ) ;
#1678 = APPLICATION_PROTOCOL_DEFINITION ( 'draft international standard', 'automotive_design', 1998, #2846 ) ;
#1679 = CARTESIAN_POINT ( 'NONE',  ( 9.978806990397350400, 11.50000000000000200, 3.857011560106353300 ) ) ;
#1680 = CARTESIAN_POINT ( 'NONE',  ( 10.75148146659741500, 0.0000000000000000000, 4.799999999999993600 ) ) ;
#1681 = FILL_AREA_STYLE ('',( #1971 ) ) ;
#1682 = DIRECTION ( 'NONE',  ( 0.0000000000000000000, 1.000000000000000000, -0.0000000000000000000 ) ) ;
#1683 = CARTESIAN_POINT ( 'NONE',  ( 10.37389299489111700, 11.39728014348982300, 3.905560068595589600 ) ) ;
#1684 = COLOUR_RGB ( '',0.0000000000000000000, 0.0000000000000000000, 0.0000000000000000000 ) ;
#1685 = AXIS2_PLACEMENT_3D ( 'NONE', #2999, #2114, #407 ) ;
#1686 = CARTESIAN_POINT ( 'NONE',  ( -6.550000000000000700, -0.5000000000000000000, 4.799999999999999800 ) ) ;
#1687 = LINE ( 'NONE', #1844, #3086 ) ;
#1688 = CARTESIAN_POINT ( 'NONE',  ( -4.349999999999999600, -0.5000000000000000000, 4.799999999999999800 ) ) ;
#1689 = STYLED_ITEM ( 'NONE', ( #2539 ), #3612 ) ;
#1690 = DIRECTION ( 'NONE',  ( 0.0000000000000000000, -0.0000000000000000000, -1.000000000000000000 ) ) ;
#1691 = CARTESIAN_POINT ( 'NONE',  ( -10.79721581235772400, 10.99662379432188100, 4.074503452265326500 ) ) ;
#1692 = VECTOR ( 'NONE', #577, 1000.000000000000000 ) ;
#1693 = CARTESIAN_POINT ( 'NONE',  ( 6.550000000000000700, -0.5000000000000000000, 4.799999999999999800 ) ) ;
#1694 = FACE_BOUND ( 'NONE', #2035, .T. ) ;
#1695 = CARTESIAN_POINT ( 'NONE',  ( -5.799999999999999800, -0.5000000000000000000, 4.790000000000000000 ) ) ;
#1696 = LINE ( 'NONE', #3404, #2688 ) ;
#1697 = EDGE_CURVE ( 'NONE', #3206, #3484, #3374, .T. ) ;
#1698 = ORIENTED_EDGE ( 'NONE', *, *, #1291, .F. ) ;
#1699 = LINE ( 'NONE', #447, #2281 ) ;
#1700 = ORIENTED_EDGE ( 'NONE', *, *, #231, .F. ) ;
#1701 = CARTESIAN_POINT ( 'NONE',  ( -5.799999999999999800, -0.5000000000000000000, 4.799999999999999800 ) ) ;
#1702 = CARTESIAN_POINT ( 'NONE',  ( -4.049999999999999800, -4.599999999999999600, -0.9100000000000000300 ) ) ;
#1703 = VERTEX_POINT ( 'NONE', #1190 ) ;
#1704 = SURFACE_SIDE_STYLE ('',( #3433 ) ) ;
#1705 = AXIS2_PLACEMENT_3D ( 'NONE', #691, #2694, #449 ) ;
#1706 = SURFACE_STYLE_USAGE ( .BOTH. , #1154 ) ;
#1707 = PLANE ( 'NONE',  #1589 ) ;
#1708 = DIRECTION ( 'NONE',  ( 0.0000000000000000000, 0.0000000000000000000, -1.000000000000000000 ) ) ;
#1709 = VERTEX_POINT ( 'NONE', #642 ) ;
#1710 = VERTEX_POINT ( 'NONE', #1438 ) ;
#1711 = SURFACE_STYLE_FILL_AREA ( #1215 ) ;
#1712 = ORIENTED_EDGE ( 'NONE', *, *, #27, .F. ) ;
#1713 = LINE ( 'NONE', #1693, #349 ) ;
#1714 = ORIENTED_EDGE ( 'NONE', *, *, #599, .F. ) ;
#1715 = AXIS2_PLACEMENT_3D ( 'NONE', #3504, #654, #2607 ) ;
#1716 = CARTESIAN_POINT ( 'NONE',  ( 10.69416889492791600, 11.19450411710567500, 4.494168894927897300 ) ) ;
#1717 = CARTESIAN_POINT ( 'NONE',  ( -6.089999999999999900, -4.599999999999999600, 0.0000000000000000000 ) ) ;
#1718 = CIRCLE ( 'NONE', #488, 0.2999999999999999300 ) ;
#1719 = VERTEX_POINT ( 'NONE', #1721 ) ;
#1720 = PLANE ( 'NONE',  #1776 ) ;
#1721 = CARTESIAN_POINT ( 'NONE',  ( 8.650000000000000400, -4.599999999999999600, -0.9100000000000000300 ) ) ;
#1722 = EDGE_CURVE ( 'NONE', #1938, #1709, #2255, .T. ) ;
#1723 = DIRECTION ( 'NONE',  ( -1.000000000000000000, 0.0000000000000000000, 0.0000000000000000000 ) ) ;
#1724 = COLOUR_RGB ( '',0.0000000000000000000, 0.0000000000000000000, 0.0000000000000000000 ) ;
#1725 = SURFACE_STYLE_FILL_AREA ( #1764 ) ;
#1726 = DIRECTION ( 'NONE',  ( 0.0000000000000000000, -1.000000000000000000, 0.0000000000000000000 ) ) ;
#1727 = DIRECTION ( 'NONE',  ( -1.000000000000000000, 0.0000000000000000000, 0.0000000000000000000 ) ) ;
#1728 = EDGE_CURVE ( 'NONE', #1759, #2526, #2469, .T. ) ;
#1729 = CARTESIAN_POINT ( 'NONE',  ( -10.92664624129670500, 10.50698126029795900, 4.126660862873463600 ) ) ;
#1730 = CARTESIAN_POINT ( 'NONE',  ( -9.129999999999999000, 0.0000000000000000000, -1.310000000000000500 ) ) ;
#1731 = STYLED_ITEM ( 'NONE', ( #2371 ), #2442 ) ;
#1732 = UNCERTAINTY_MEASURE_WITH_UNIT (LENGTH_MEASURE( 1.000000000000000100E-005 ), #2854, 'distance_accuracy_value', 'NONE');
#1733 = DIRECTION ( 'NONE',  ( -0.0000000000000000000, 1.000000000000000000, 0.0000000000000000000 ) ) ;
#1734 = PLANE ( 'NONE',  #760 ) ;
#1735 = CARTESIAN_POINT ( 'NONE',  ( -3.550000000000000300, -4.599999999999999600, 0.0000000000000000000 ) ) ;
#1736 = CARTESIAN_POINT ( 'NONE',  ( 0.0000000000000000000, -0.5000000000000000000, 4.500000000000001800 ) ) ;
#1737 = EDGE_CURVE ( 'NONE', #429, #559, #3326, .T. ) ;
#1738 = CARTESIAN_POINT ( 'NONE',  ( 10.85699799546397100, 10.90463574984752000, -4.656997995463974900 ) ) ;
#1739 = VECTOR ( 'NONE', #2427, 1000.000000000000000 ) ;
#1740 = CARTESIAN_POINT ( 'NONE',  ( 6.550000000000000700, -0.5000000000000000000, -4.500000000000001800 ) ) ;
#1741 = AXIS2_PLACEMENT_3D ( 'NONE', #2156, #2437, #534 ) ;
#1742 = MECHANICAL_DESIGN_GEOMETRIC_PRESENTATION_REPRESENTATION (  '', ( #974 ), #1929 ) ;
#1743 = PRESENTATION_STYLE_ASSIGNMENT (( #1568 ) ) ;
#1744 = EDGE_CURVE ( 'NONE', #2900, #2170, #2620, .T. ) ;
#1745 = LINE ( 'NONE', #3458, #239 ) ;
#1746 = COLOUR_RGB ( '',0.0000000000000000000, 0.0000000000000000000, 0.0000000000000000000 ) ;
#1747 = VECTOR ( 'NONE', #3574, 1000.000000000000000 ) ;
#1748 = CARTESIAN_POINT ( 'NONE',  ( -11.00000000000000400, 0.0000000000000000000, 4.200014621576764600 ) ) ;
#1749 = FILL_AREA_STYLE_COLOUR ( '', #2428 ) ;
#1750 = CARTESIAN_POINT ( 'NONE',  ( 9.926670610591299800, 11.50000000000000200, 3.726670610591305000 ) ) ;
#1751 = ORIENTED_EDGE ( 'NONE', *, *, #43, .T. ) ;
#1752 = DIRECTION ( 'NONE',  ( 0.0000000000000000000, 0.0000000000000000000, 1.000000000000000000 ) ) ;
#1753 = AXIS2_PLACEMENT_3D ( 'NONE', #2365, #1257, #956 ) ;
#1754 = EDGE_CURVE ( 'NONE', #3621, #2787, #1130, .T. ) ;
#1755 = SURFACE_STYLE_FILL_AREA ( #28 ) ;
#1756 = CARTESIAN_POINT ( 'NONE',  ( 10.29801000595609000, 11.44502904687313600, -4.098010005956159500 ) ) ;
#1757 = VERTEX_POINT ( 'NONE', #2611 ) ;
#1758 = DIRECTION ( 'NONE',  ( 0.0000000000000000000, 0.0000000000000000000, -1.000000000000000000 ) ) ;
#1759 = VERTEX_POINT ( 'NONE', #630 ) ;
#1760 = VERTEX_POINT ( 'NONE', #1750 ) ;
#1761 = DIRECTION ( 'NONE',  ( 0.0000000000000000000, 0.0000000000000000000, 1.000000000000000000 ) ) ;
#1762 = ORIENTED_EDGE ( 'NONE', *, *, #2588, .T. ) ;
#1763 = ORIENTED_EDGE ( 'NONE', *, *, #768, .T. ) ;
#1764 = FILL_AREA_STYLE ('',( #1749 ) ) ;
#1765 = DIRECTION ( 'NONE',  ( 1.000000000000000000, 0.0000000000000000000, 0.0000000000000000000 ) ) ;
#1766 =( LENGTH_UNIT ( ) NAMED_UNIT ( * ) SI_UNIT ( .MILLI., .METRE. ) );
#1767 = SURFACE_SIDE_STYLE ('',( #542 ) ) ;
#1768 = LINE ( 'NONE', #3335, #608 ) ;
#1769 = EDGE_LOOP ( 'NONE', ( #554, #735, #3364, #2417 ) ) ;
#1770 =( LENGTH_UNIT ( ) NAMED_UNIT ( * ) SI_UNIT ( .MILLI., .METRE. ) );
#1771 = DIRECTION ( 'NONE',  ( 0.006981090177864066000, 0.9999512631922904400, 0.006981090177864066000 ) ) ;
#1772 = CARTESIAN_POINT ( 'NONE',  ( 10.72377453718061700, 11.11774433732766500, -4.045512181227057800 ) ) ;
#1773 = DIRECTION ( 'NONE',  ( 1.000000000000000000, -0.0000000000000000000, 0.0000000000000000000 ) ) ;
#1774 = PRESENTATION_STYLE_ASSIGNMENT (( #3264 ) ) ;
#1775 = VERTEX_POINT ( 'NONE', #605 ) ;
#1776 = AXIS2_PLACEMENT_3D ( 'NONE', #3418, #1141, #2209 ) ;
#1777 = LINE ( 'NONE', #457, #3072 ) ;
#1778 = CARTESIAN_POINT ( 'NONE',  ( 10.92664624129669800, 10.50698126029795900, -4.126660862873464500 ) ) ;
#1779 = EDGE_CURVE ( 'NONE', #826, #3393, #2571, .T. ) ;
#1780 = DIRECTION ( 'NONE',  ( -0.0000000000000000000, -1.000000000000000000, 0.0000000000000000000 ) ) ;
#1781 = CARTESIAN_POINT ( 'NONE',  ( 8.650000000000000400, -4.599999999999999600, -0.9100000000000000300 ) ) ;
#1782 = CARTESIAN_POINT ( 'NONE',  ( -10.79803358369766800, 11.00765076376860200, -4.075215799833876500 ) ) ;
#1783 = CARTESIAN_POINT ( 'NONE',  ( -4.049999999999999800, -0.5000000000000000000, -4.799999999999999800 ) ) ;
#1784 = PRESENTATION_STYLE_ASSIGNMENT (( #2060 ) ) ;
#1785 =( BOUNDED_CURVE ( )  B_SPLINE_CURVE ( 3, ( #3585, #138, #745, #975 ),
 .UNSPECIFIED., .F., .F. ) 
 B_SPLINE_CURVE_WITH_KNOTS ( ( 4, 4 ),
 ( 5.497811512779822600, 7.068559101579346300 ),
 .UNSPECIFIED. ) 
 CURVE ( )  GEOMETRIC_REPRESENTATION_ITEM ( )  RATIONAL_B_SPLINE_CURVE ( ( 1.000000000000000000, 0.8047493416400689500, 0.8047493416400689500, 1.000000000000000000 ) ) 
 REPRESENTATION_ITEM ( '' )  );
#1786 = AXIS2_PLACEMENT_3D ( 'NONE', #1573, #1278, #2706 ) ;
#1787 = DIRECTION ( 'NONE',  ( 1.000000000000000000, 0.0000000000000000000, -0.0000000000000000000 ) ) ;
#1788 = CARTESIAN_POINT ( 'NONE',  ( -10.07680885739048900, 11.42689601180546600, -4.102017640819896700 ) ) ;
#1789 = PRESENTATION_STYLE_ASSIGNMENT (( #2094 ) ) ;
#1790 = SURFACE_SIDE_STYLE ('',( #3352 ) ) ;
#1791 = EDGE_LOOP ( 'NONE', ( #1263, #3250, #109, #3496 ) ) ;
#1792 = PRESENTATION_LAYER_ASSIGNMENT (  '', '', ( #1360 ) ) ;
#1793 = FACE_OUTER_BOUND ( 'NONE', #1176, .T. ) ;
#1794 = FACE_OUTER_BOUND ( 'NONE', #1169, .T. ) ;
#1795 =( LENGTH_UNIT ( ) NAMED_UNIT ( * ) SI_UNIT ( .MILLI., .METRE. ) );
#1796 = ORIENTED_EDGE ( 'NONE', *, *, #1697, .F. ) ;
#1797 = DIRECTION ( 'NONE',  ( 0.0000000000000000000, 0.0000000000000000000, 1.000000000000000000 ) ) ;
#1798 = DIRECTION ( 'NONE',  ( -0.006981090177864065200, -0.9999512631922903300, 0.006981090177864065200 ) ) ;
#1799 = DIRECTION ( 'NONE',  ( 1.000000000000000000, 0.0000000000000000000, 0.0000000000000000000 ) ) ;
#1800 = ORIENTED_EDGE ( 'NONE', *, *, #1162, .T. ) ;
#1801 = EDGE_CURVE ( 'NONE', #1120, #2191, #2686, .T. ) ;
#1802 = FACE_OUTER_BOUND ( 'NONE', #3199, .T. ) ;
#1803 = EDGE_LOOP ( 'NONE', ( #2330, #3587, #1078, #2381 ) ) ;
#1804 = ORIENTED_EDGE ( 'NONE', *, *, #97, .T. ) ;
#1805 = AXIS2_PLACEMENT_3D ( 'NONE', #1440, #818, #2297 ) ;
#1806 = EDGE_LOOP ( 'NONE', ( #2516, #2200, #2419, #2733 ) ) ;
#1807 = LINE ( 'NONE', #1968, #2347 ) ;
#1808 = LINE ( 'NONE', #685, #1230 ) ;
#1809 = ORIENTED_EDGE ( 'NONE', *, *, #321, .T. ) ;
#1810 = CARTESIAN_POINT ( 'NONE',  ( -4.349999999999999600, -0.4999999999999998900, 0.0000000000000000000 ) ) ;
#1811 = DIRECTION ( 'NONE',  ( -0.0000000000000000000, 1.000000000000000000, 0.0000000000000000000 ) ) ;
#1812 = EDGE_CURVE ( 'NONE', #684, #2779, #1041, .T. ) ;
#1813 = VERTEX_POINT ( 'NONE', #2063 ) ;
#1814 = CARTESIAN_POINT ( 'NONE',  ( 6.550000000000000700, -0.5000000000000000000, -4.500000000000001800 ) ) ;
#1815 = DIRECTION ( 'NONE',  ( 0.9999756307053948600, 0.006981260297961569000, -0.0000000000000000000 ) ) ;
#1816 = ADVANCED_FACE ( 'NONE', ( #294 ), #885, .T. ) ;
#1817 = PLANE ( 'NONE',  #657 ) ;
#1818 = EDGE_CURVE ( 'NONE', #2294, #639, #734, .T. ) ;
#1819 = DIRECTION ( 'NONE',  ( -1.000000000000000000, 0.0000000000000000000, -0.0000000000000000000 ) ) ;
#1820 = PLANE ( 'NONE',  #767 ) ;
#1821 = FACE_OUTER_BOUND ( 'NONE', #772, .T. ) ;
#1822 = CARTESIAN_POINT ( 'NONE',  ( -10.12729269955188900, 11.37488576364193100, 4.228225832992781500 ) ) ;
#1823 = STYLED_ITEM ( 'NONE', ( #1919 ), #398 ) ;
#1824 = VECTOR ( 'NONE', #2002, 1000.000000000000000 ) ;
#1825 = FACE_OUTER_BOUND ( 'NONE', #2348, .T. ) ;
#1826 = EDGE_CURVE ( 'NONE', #3393, #2294, #1808, .T. ) ;
#1827 = CARTESIAN_POINT ( 'NONE',  ( 6.110000000000002100, 0.0000000000000000000, -1.310000000000000500 ) ) ;
#1828 = ORIENTED_EDGE ( 'NONE', *, *, #783, .F. ) ;
#1829 = CARTESIAN_POINT ( 'NONE',  ( 8.650000000000000400, -4.599999999999999600, -0.9100000000000000300 ) ) ;
#1830 = CARTESIAN_POINT ( 'NONE',  ( 6.110000000000002100, -4.599999999999999600, -0.9100000000000000300 ) ) ;
#1831 =( NAMED_UNIT ( * ) PLANE_ANGLE_UNIT ( ) SI_UNIT ( $, .RADIAN. ) );
#1832 = EDGE_LOOP ( 'NONE', ( #955, #2981, #1293, #854 ) ) ;
#1833 = FILL_AREA_STYLE_COLOUR ( '', #2454 ) ;
#1834 = ORIENTED_EDGE ( 'NONE', *, *, #479, .T. ) ;
#1835 = CARTESIAN_POINT ( 'NONE',  ( -10.42822583299276200, 11.37488576364194300, 3.927292699551912000 ) ) ;
#1836 = EDGE_CURVE ( 'NONE', #2739, #1930, #3507, .T. ) ;
#1837 = ORIENTED_EDGE ( 'NONE', *, *, #2312, .F. ) ;
#1838 = ORIENTED_EDGE ( 'NONE', *, *, #788, .F. ) ;
#1839 = CARTESIAN_POINT ( 'NONE',  ( 6.250000000000000000, -0.4999999999999998900, 0.0000000000000000000 ) ) ;
#1840 = CARTESIAN_POINT ( 'NONE',  ( 10.75148146659742600, 0.0000000000000000000, -4.799999999999996300 ) ) ;
#1841 = ORIENTED_EDGE ( 'NONE', *, *, #1818, .T. ) ;
#1842 = ORIENTED_EDGE ( 'NONE', *, *, #134, .F. ) ;
#1843 =( NAMED_UNIT ( * ) PLANE_ANGLE_UNIT ( ) SI_UNIT ( $, .RADIAN. ) );
#1844 = CARTESIAN_POINT ( 'NONE',  ( -4.349999999999999600, -0.4999999999999998900, 0.0000000000000000000 ) ) ;
#1845 = FACE_OUTER_BOUND ( 'NONE', #3246, .T. ) ;
#1846 = PLANE ( 'NONE',  #1786 ) ;
#1847 = ORIENTED_EDGE ( 'NONE', *, *, #2226, .T. ) ;
#1848 = ADVANCED_FACE ( 'NONE', ( #2664 ), #2446, .F. ) ;
#1849 = LINE ( 'NONE', #1980, #348 ) ;
#1850 = ORIENTED_EDGE ( 'NONE', *, *, #2192, .F. ) ;
#1851 = ORIENTED_EDGE ( 'NONE', *, *, #94, .T. ) ;
#1852 = DIRECTION ( 'NONE',  ( 1.000000000000000000, 0.0000000000000000000, 0.0000000000000000000 ) ) ;
#1853 = DIRECTION ( 'NONE',  ( 1.000000000000000000, 0.0000000000000000000, 0.0000000000000000000 ) ) ;
#1854 = FILL_AREA_STYLE ('',( #1307 ) ) ;
#1855 = SURFACE_STYLE_FILL_AREA ( #618 ) ;
#1856 = FACE_OUTER_BOUND ( 'NONE', #701, .T. ) ;
#1857 = ADVANCED_FACE ( 'NONE', ( #2164 ), #178, .F. ) ;
#1858 = EDGE_CURVE ( 'NONE', #3484, #3054, #1891, .T. ) ;
#1859 = CARTESIAN_POINT ( 'NONE',  ( 6.110000000000002100, -4.599999999999999600, -1.310000000000000500 ) ) ;
#1860 = DIRECTION ( 'NONE',  ( 0.0000000000000000000, 1.000000000000000000, -0.0000000000000000000 ) ) ;
#1861 = VECTOR ( 'NONE', #871, 999.9999999999998900 ) ;
#1862 = SURFACE_SIDE_STYLE ('',( #2725 ) ) ;
#1863 = DIRECTION ( 'NONE',  ( 1.000000000000000000, 0.0000000000000000000, 0.0000000000000000000 ) ) ;
#1864 = CARTESIAN_POINT ( 'NONE',  ( -10.02549075513825000, 11.46939657569946100, 3.974156109352134700 ) ) ;
#1865 = DIRECTION ( 'NONE',  ( 1.000000000000000000, 0.0000000000000000000, 0.0000000000000000000 ) ) ;
#1866 = LINE ( 'NONE', #1814, #635 ) ;
#1867 = LINE ( 'NONE', #2885, #1692 ) ;
#1868 = LINE ( 'NONE', #171, #1016 ) ;
#1869 = LINE ( 'NONE', #1203, #1107 ) ;
#1870 = ORIENTED_EDGE ( 'NONE', *, *, #391, .T. ) ;
#1871 = EDGE_CURVE ( 'NONE', #2243, #779, #1596, .T. ) ;
#1872 = ADVANCED_FACE ( 'NONE', ( #2299 ), #1817, .F. ) ;
#1873 = DIRECTION ( 'NONE',  ( 1.000000000000000000, 0.0000000000000000000, 0.0000000000000000000 ) ) ;
#1874 = VERTEX_POINT ( 'NONE', #3519 ) ;
#1875 = PLANE ( 'NONE',  #1705 ) ;
#1876 = CARTESIAN_POINT ( 'NONE',  ( -10.07159983650306900, 11.43206424550630900, 4.088993781192666400 ) ) ;
#1877 = VERTEX_POINT ( 'NONE', #2382 ) ;
#1878 = STYLED_ITEM ( 'NONE', ( #3509 ), #1512 ) ;
#1879 = ADVANCED_FACE ( 'NONE', ( #781 ), #1310, .T. ) ;
#1880 = EDGE_LOOP ( 'NONE', ( #2087, #2657, #1046, #994 ) ) ;
#1881 = CARTESIAN_POINT ( 'NONE',  ( -4.049999999999999800, -4.599999999999999600, -1.310000000000000500 ) ) ;
#1882 = ORIENTED_EDGE ( 'NONE', *, *, #914, .F. ) ;
#1883 = MECHANICAL_DESIGN_GEOMETRIC_PRESENTATION_REPRESENTATION (  '', ( #230 ), #1388 ) ;
#1884 = EDGE_CURVE ( 'NONE', #1877, #824, #1268, .T. ) ;
#1885 = FACE_OUTER_BOUND ( 'NONE', #336, .T. ) ;
#1886 = ORIENTED_EDGE ( 'NONE', *, *, #718, .F. ) ;
#1887 = UNCERTAINTY_MEASURE_WITH_UNIT (LENGTH_MEASURE( 1.000000000000000100E-005 ), #2373, 'distance_accuracy_value', 'NONE');
#1888 = DIRECTION ( 'NONE',  ( 1.000000000000000000, 0.0000000000000000000, 0.0000000000000000000 ) ) ;
#1889 = DIRECTION ( 'NONE',  ( 0.006981090177863988900, -0.9999512631922904400, 0.006981090177864073000 ) ) ;
#1890 = DIRECTION ( 'NONE',  ( 0.0000000000000000000, -0.006981260297961569000, -0.9999756307053947500 ) ) ;
#1891 = LINE ( 'NONE', #931, #2523 ) ;
#1892 = ORIENTED_EDGE ( 'NONE', *, *, #2113, .T. ) ;
#1893 =( LENGTH_UNIT ( ) NAMED_UNIT ( * ) SI_UNIT ( .MILLI., .METRE. ) );
#1894 = DIRECTION ( 'NONE',  ( -0.0000000000000000000, -0.0000000000000000000, -1.000000000000000000 ) ) ;
#1895 = VECTOR ( 'NONE', #2221, 1000.000000000000000 ) ;
#1896 = ORIENTED_EDGE ( 'NONE', *, *, #1129, .F. ) ;
#1897 = MECHANICAL_DESIGN_GEOMETRIC_PRESENTATION_REPRESENTATION (  '', ( #1952 ), #746 ) ;
#1898 = FACE_OUTER_BOUND ( 'NONE', #3591, .T. ) ;
#1899 = STYLED_ITEM ( 'NONE', ( #2298 ), #949 ) ;
#1900 = ADVANCED_FACE ( 'NONE', ( #2120 ), #111, .T. ) ;
#1901 = CARTESIAN_POINT ( 'NONE',  ( -4.349999999999999600, -0.5000000000000000000, -4.799999999999999800 ) ) ;
#1902 = CARTESIAN_POINT ( 'NONE',  ( 0.0000000000000000000, -4.599999999999999600, -1.310000000000000500 ) ) ;
#1903 =( NAMED_UNIT ( * ) SI_UNIT ( $, .STERADIAN. ) SOLID_ANGLE_UNIT ( ) );
#1904 = AXIS2_PLACEMENT_3D ( 'NONE', #3077, #1665, #1652 ) ;
#1905 = DIRECTION ( 'NONE',  ( 0.0000000000000000000, 0.0000000000000000000, 1.000000000000000000 ) ) ;
#1906 = CARTESIAN_POINT ( 'NONE',  ( 4.069999999999999400, 0.0000000000000000000, -1.310000000000000500 ) ) ;
#1907 = DIRECTION ( 'NONE',  ( -1.000000000000000000, -0.0000000000000000000, 0.0000000000000000000 ) ) ;
#1908 = EDGE_CURVE ( 'NONE', #189, #1813, #1768, .T. ) ;
#1909 = CIRCLE ( 'NONE', #1979, 0.2999999999999999300 ) ;
#1910 = ADVANCED_FACE ( 'NONE', ( #694 ), #2793, .T. ) ;
#1911 = FACE_OUTER_BOUND ( 'NONE', #426, .T. ) ;
#1912 = CARTESIAN_POINT ( 'NONE',  ( -6.550000000000000700, -0.5000000000000000000, -4.799999999999999800 ) ) ;
#1913 = EDGE_CURVE ( 'NONE', #1813, #1402, #999, .T. ) ;
#1914 = DIRECTION ( 'NONE',  ( 0.0000000000000000000, -0.0000000000000000000, -1.000000000000000000 ) ) ;
#1915 = VECTOR ( 'NONE', #3190, 1000.000000000000000 ) ;
#1916 = CARTESIAN_POINT ( 'NONE',  ( 4.349999999999999600, -0.5000000000000000000, -4.799999999999999800 ) ) ;
#1917 = CARTESIAN_POINT ( 'NONE',  ( -4.049999999999994500, 0.0000000000000000000, 4.799999999999999800 ) ) ;
#1918 = CARTESIAN_POINT ( 'NONE',  ( 9.150000000000000400, -4.599999999999999600, 0.0000000000000000000 ) ) ;
#1919 = PRESENTATION_STYLE_ASSIGNMENT (( #3602 ) ) ;
#1920 = CARTESIAN_POINT ( 'NONE',  ( 10.09712013791657600, 11.40496564956349700, 4.152843107280059300 ) ) ;
#1921 = VECTOR ( 'NONE', #3373, 1000.000000000000000 ) ;
#1922 = ORIENTED_EDGE ( 'NONE', *, *, #3148, .T. ) ;
#1923 = EDGE_CURVE ( 'NONE', #1446, #543, #2660, .T. ) ;
#1924 = ORIENTED_EDGE ( 'NONE', *, *, #2192, .T. ) ;
#1925 = AXIS2_PLACEMENT_3D ( 'NONE', #2258, #290, #4 ) ;
#1926 = DIRECTION ( 'NONE',  ( -0.0000000000000000000, -1.000000000000000000, 0.0000000000000000000 ) ) ;
#1927 = CARTESIAN_POINT ( 'NONE',  ( 5.799999999999999800, -0.5000000000000000000, -4.790000000000000000 ) ) ;
#1928 = EDGE_LOOP ( 'NONE', ( #729, #993, #766, #2112 ) ) ;
#1929 =( GEOMETRIC_REPRESENTATION_CONTEXT ( 3 ) GLOBAL_UNCERTAINTY_ASSIGNED_CONTEXT ( ( #2104 ) ) GLOBAL_UNIT_ASSIGNED_CONTEXT ( ( #3674, #260, #270 ) ) REPRESENTATION_CONTEXT ( 'NONE', 'WORKASPACE' ) );
#1930 = VERTEX_POINT ( 'NONE', #1345 ) ;
#1931 = EDGE_CURVE ( 'NONE', #3319, #1499, #508, .T. ) ;
#1932 = DIRECTION ( 'NONE',  ( -0.0000000000000000000, -0.0000000000000000000, 1.000000000000000000 ) ) ;
#1933 = CARTESIAN_POINT ( 'NONE',  ( -10.27692159146908000, 10.99820769791708700, 4.603466966282334200 ) ) ;
#1934 = ADVANCED_FACE ( 'NONE', ( #1182 ), #73, .F. ) ;
#1935 = VECTOR ( 'NONE', #2538, 1000.000000000000000 ) ;
#1936 = CARTESIAN_POINT ( 'NONE',  ( 10.32666086287346900, 10.50698126029795900, 4.726646241296699600 ) ) ;
#1937 = ORIENTED_EDGE ( 'NONE', *, *, #932, .F. ) ;
#1938 = VERTEX_POINT ( 'NONE', #771 ) ;
#1939 = B_SPLINE_CURVE_WITH_KNOTS ( 'NONE', 3,
 ( #2882, #2231, #2337, #41, #2598, #2898, #632, #2024, #887, #1173, #1469, #3456, #2040, #52, #332, #1519, #2350, #643, #1240, #1788, #3220, #393, #933, #2383 ),
 .UNSPECIFIED., .F., .F.,
 ( 4, 2, 2, 2, 2, 2, 2, 2, 1, 1, 2, 2, 4 ),
 ( 0.0000000000000000000, 0.2499999999999789600, 0.3749999999999681400, 0.4374999999999639700, 0.4687499999999614800, 0.4999999999999590300, 0.6249999999999583700, 0.6874999999999582600, 0.7187499999999593700, 0.7343749999999593700, 0.7421874999999593700, 0.7499999999999593700, 1.000000000000000000 ),
 .UNSPECIFIED. ) ;
#1940 = ORIENTED_EDGE ( 'NONE', *, *, #3223, .F. ) ;
#1941 = STYLED_ITEM ( 'NONE', ( #464 ), #1910 ) ;
#1942 = UNCERTAINTY_MEASURE_WITH_UNIT (LENGTH_MEASURE( 1.000000000000000100E-005 ), #1184, 'distance_accuracy_value', 'NONE');
#1943 = EDGE_CURVE ( 'NONE', #1757, #429, #3370, .T. ) ;
#1944 = VECTOR ( 'NONE', #2542, 1000.000000000000000 ) ;
#1945 = LINE ( 'NONE', #2934, #2086 ) ;
#1946 = EDGE_LOOP ( 'NONE', ( #585, #3166, #3327, #3411 ) ) ;
#1947 = DIRECTION ( 'NONE',  ( -1.000000000000000000, 0.0000000000000000000, 0.0000000000000000000 ) ) ;
#1948 = CARTESIAN_POINT ( 'NONE',  ( -8.630000000000000800, -4.599999999999999600, -0.9100000000000000300 ) ) ;
#1949 = DIRECTION ( 'NONE',  ( -1.000000000000000000, 0.0000000000000000000, -0.0000000000000000000 ) ) ;
#1950 =( NAMED_UNIT ( * ) SI_UNIT ( $, .STERADIAN. ) SOLID_ANGLE_UNIT ( ) );
#1951 = CARTESIAN_POINT ( 'NONE',  ( 10.31630053769096200, 10.75682854143293600, 4.701874107263840600 ) ) ;
#1952 = STYLED_ITEM ( 'NONE', ( #2489 ), #262 ) ;
#1953 = CARTESIAN_POINT ( 'NONE',  ( 6.610000000000000300, -4.599999999999999600, 0.0000000000000000000 ) ) ;
#1954 = CARTESIAN_POINT ( 'NONE',  ( -10.18725614089040700, 11.47420630358269000, -3.830904822710915300 ) ) ;
#1955 =( NAMED_UNIT ( * ) PLANE_ANGLE_UNIT ( ) SI_UNIT ( $, .RADIAN. ) );
#1956 = CARTESIAN_POINT ( 'NONE',  ( -10.72170064743211500, 11.10751847135379900, 4.044536634965370900 ) ) ;
#1957 =( NAMED_UNIT ( * ) PLANE_ANGLE_UNIT ( ) SI_UNIT ( $, .RADIAN. ) );
#1958 = CARTESIAN_POINT ( 'NONE',  ( 6.610000000000000300, -4.599999999999999600, -1.310000000000000500 ) ) ;
#1959 = ADVANCED_FACE ( 'NONE', ( #1885 ), #3450, .F. ) ;
#1960 = COLOUR_RGB ( '',0.0000000000000000000, 0.0000000000000000000, 0.0000000000000000000 ) ;
#1961 = AXIS2_PLACEMENT_3D ( 'NONE', #884, #3419, #318 ) ;
#1962 = EDGE_CURVE ( 'NONE', #2154, #3484, #1542, .T. ) ;
#1963 = VECTOR ( 'NONE', #911, 1000.000000000000000 ) ;
#1964 = PLANE ( 'NONE',  #750 ) ;
#1965 = ORIENTED_EDGE ( 'NONE', *, *, #2537, .T. ) ;
#1966 = FACE_OUTER_BOUND ( 'NONE', #2105, .T. ) ;
#1967 = FACE_OUTER_BOUND ( 'NONE', #3282, .T. ) ;
#1968 = CARTESIAN_POINT ( 'NONE',  ( 4.349999999999999600, -0.4999999999999998900, 0.0000000000000000000 ) ) ;
#1969 = PLANE ( 'NONE',  #3463 ) ;
#1970 = ORIENTED_EDGE ( 'NONE', *, *, #3506, .T. ) ;
#1971 = FILL_AREA_STYLE_COLOUR ( '', #700 ) ;
#1972 = CARTESIAN_POINT ( 'NONE',  ( -10.99999999999999600, -2.371692252312040900E-017, -4.200014621576765500 ) ) ;
#1973 = ORIENTED_EDGE ( 'NONE', *, *, #3546, .T. ) ;
#1974 = CARTESIAN_POINT ( 'NONE',  ( 10.62078748665586000, 11.21990082771024300, 4.004315954187788400 ) ) ;
#1975 = CARTESIAN_POINT ( 'NONE',  ( 10.92661700063724500, 10.51116960819348000, -4.726617000637249400 ) ) ;
#1976 = EDGE_LOOP ( 'NONE', ( #390, #817, #2280, #1017, #1433, #2461, #115, #3626 ) ) ;
#1977 = EDGE_LOOP ( 'NONE', ( #17, #1828, #342, #303 ) ) ;
#1978 = ORIENTED_EDGE ( 'NONE', *, *, #1537, .T. ) ;
#1979 = AXIS2_PLACEMENT_3D ( 'NONE', #2307, #2835, #869 ) ;
#1980 = CARTESIAN_POINT ( 'NONE',  ( -6.250000000000000000, -0.4999999999999998900, 0.0000000000000000000 ) ) ;
#1981 = VECTOR ( 'NONE', #3053, 1000.000000000000000 ) ;
#1982 = ORIENTED_EDGE ( 'NONE', *, *, #1362, .F. ) ;
#1983 = SURFACE_STYLE_USAGE ( .BOTH. , #2507 ) ;
#1984 =( NAMED_UNIT ( * ) SI_UNIT ( $, .STERADIAN. ) SOLID_ANGLE_UNIT ( ) );
#1985 = SURFACE_STYLE_USAGE ( .BOTH. , #1128 ) ;
#1986 = VECTOR ( 'NONE', #2310, 1000.000000000000000 ) ;
#1987 = ORIENTED_EDGE ( 'NONE', *, *, #1647, .F. ) ;
#1988 = PLANE ( 'NONE',  #2176 ) ;
#1989 = LINE ( 'NONE', #2474, #1895 ) ;
#1990 = FACE_OUTER_BOUND ( 'NONE', #1880, .T. ) ;
#1991 = ORIENTED_EDGE ( 'NONE', *, *, #1167, .T. ) ;
#1992 = EDGE_CURVE ( 'NONE', #1120, #1760, #2208, .T. ) ;
#1993 = CARTESIAN_POINT ( 'NONE',  ( 8.650000000000000400, -4.599999999999999600, -1.310000000000000500 ) ) ;
#1994 = STYLED_ITEM ( 'NONE', ( #3395 ), #2502 ) ;
#1995 =( NAMED_UNIT ( * ) SI_UNIT ( $, .STERADIAN. ) SOLID_ANGLE_UNIT ( ) );
#1996 = DIRECTION ( 'NONE',  ( 0.0000000000000000000, 0.0000000000000000000, 1.000000000000000000 ) ) ;
#1997 = VECTOR ( 'NONE', #355, 1000.000000000000000 ) ;
#1998 = CARTESIAN_POINT ( 'NONE',  ( -11.00000000000000000, 0.0000000000000000000, 4.799999999999999800 ) ) ;
#1999 = VECTOR ( 'NONE', #2245, 1000.000000000000000 ) ;
#2000 = FILL_AREA_STYLE_COLOUR ( '', #1435 ) ;
#2001 = LINE ( 'NONE', #2848, #480 ) ;
#2002 = DIRECTION ( 'NONE',  ( -1.000000000000000000, 0.0000000000000000000, -0.0000000000000000000 ) ) ;
#2003 = STYLED_ITEM ( 'NONE', ( #1150 ), #225 ) ;
#2004 = DIRECTION ( 'NONE',  ( 1.000000000000000000, -2.168404344971010300E-016, 0.0000000000000000000 ) ) ;
#2005 = VECTOR ( 'NONE', #1152, 1000.000000000000000 ) ;
#2006 = CARTESIAN_POINT ( 'NONE',  ( 10.05701156010636400, 11.50000000000000200, 3.778806990397298300 ) ) ;
#2007 = DIRECTION ( 'NONE',  ( 0.0000000000000000000, 0.0000000000000000000, -1.000000000000000000 ) ) ;
#2008 = LINE ( 'NONE', #279, #2724 ) ;
#2009 = UNCERTAINTY_MEASURE_WITH_UNIT (LENGTH_MEASURE( 1.000000000000000100E-005 ), #33, 'distance_accuracy_value', 'NONE');
#2010 = DIRECTION ( 'NONE',  ( -0.006981260297961568200, -0.9999756307053947500, 0.0000000000000000000 ) ) ;
#2011 = CARTESIAN_POINT ( 'NONE',  ( 0.0000000000000000000, -4.599999999999999600, -1.310000000000000500 ) ) ;
#2012 = MECHANICAL_DESIGN_GEOMETRIC_PRESENTATION_REPRESENTATION (  '', ( #671 ), #979 ) ;
#2013 = EDGE_CURVE ( 'NONE', #3025, #189, #688, .T. ) ;
#2014 = ORIENTED_EDGE ( 'NONE', *, *, #231, .T. ) ;
#2015 =( LENGTH_UNIT ( ) NAMED_UNIT ( * ) SI_UNIT ( .MILLI., .METRE. ) );
#2016 = LINE ( 'NONE', #2652, #14 ) ;
#2017 = SURFACE_STYLE_FILL_AREA ( #1609 ) ;
#2018 =( NAMED_UNIT ( * ) PLANE_ANGLE_UNIT ( ) SI_UNIT ( $, .RADIAN. ) );
#2019 = ORIENTED_EDGE ( 'NONE', *, *, #1178, .F. ) ;
#2020 = VERTEX_POINT ( 'NONE', #2872 ) ;
#2021 = FILL_AREA_STYLE ('',( #49 ) ) ;
#2022 = CARTESIAN_POINT ( 'NONE',  ( 10.40001462157676700, 0.0000000000000000000, -4.799999999999998900 ) ) ;
#2023 = CARTESIAN_POINT ( 'NONE',  ( 10.53883510392910100, 11.30139713574543100, -3.971536407926535600 ) ) ;
#2024 = CARTESIAN_POINT ( 'NONE',  ( -10.23171213619790800, 11.14688852166206200, -4.489443918141375900 ) ) ;
#2025 = ORIENTED_EDGE ( 'NONE', *, *, #1325, .T. ) ;
#2026 = ORIENTED_EDGE ( 'NONE', *, *, #2935, .F. ) ;
#2027 =( NAMED_UNIT ( * ) SI_UNIT ( $, .STERADIAN. ) SOLID_ANGLE_UNIT ( ) );
#2028 = CARTESIAN_POINT ( 'NONE',  ( 10.89314384534051600, 10.76490596051460500, -4.113259904490995200 ) ) ;
#2029 = VECTOR ( 'NONE', #2738, 1000.000000000000000 ) ;
#2030 = VECTOR ( 'NONE', #59, 1000.000000000000000 ) ;
#2031 = ORIENTED_EDGE ( 'NONE', *, *, #3424, .F. ) ;
#2032 = EDGE_LOOP ( 'NONE', ( #1252, #465, #518, #1970 ) ) ;
#2033 = DIRECTION ( 'NONE',  ( 2.168404344971010300E-016, -1.000000000000000000, 0.0000000000000000000 ) ) ;
#2034 = PRESENTATION_STYLE_ASSIGNMENT (( #3378 ) ) ;
#2035 = EDGE_LOOP ( 'NONE', ( #594, #1636, #602, #830 ) ) ;
#2036 = EDGE_LOOP ( 'NONE', ( #782, #67, #1235, #2933 ) ) ;
#2037 = PLANE ( 'NONE',  #364 ) ;
#2038 = PLANE ( 'NONE',  #1961 ) ;
#2039 = CARTESIAN_POINT ( 'NONE',  ( 10.89314384534050000, 10.76490596051465900, -4.113259904491204800 ) ) ;
#2040 = CARTESIAN_POINT ( 'NONE',  ( -10.17142988228620300, 11.29369108104846300, -4.338752359166727900 ) ) ;
#2041 = CARTESIAN_POINT ( 'NONE',  ( 10.32631706201972200, 10.63009387208829000, -4.725786739162370700 ) ) ;
#2042 = LINE ( 'NONE', #3043, #1085 ) ;
#2043 = LINE ( 'NONE', #2851, #166 ) ;
#2044 = ORIENTED_EDGE ( 'NONE', *, *, #467, .T. ) ;
#2045 = LINE ( 'NONE', #259, #2905 ) ;
#2046 = VECTOR ( 'NONE', #2092, 1000.000000000000000 ) ;
#2047 = CARTESIAN_POINT ( 'NONE',  ( -10.91934787504078500, 10.63724988177732700, 4.123741516371089800 ) ) ;
#2048 =( LENGTH_UNIT ( ) NAMED_UNIT ( * ) SI_UNIT ( .MILLI., .METRE. ) );
#2049 = AXIS2_PLACEMENT_3D ( 'NONE', #3143, #3159, #1090 ) ;
#2050 = DIRECTION ( 'NONE',  ( -0.0000000000000000000, -0.0000000000000000000, -1.000000000000000000 ) ) ;
#2051 = VECTOR ( 'NONE', #1860, 1000.000000000000000 ) ;
#2052 = DIRECTION ( 'NONE',  ( 0.0000000000000000000, 1.000000000000000000, 0.0000000000000000000 ) ) ;
#2053 = SURFACE_SIDE_STYLE ('',( #2189 ) ) ;
#2054 = FILL_AREA_STYLE_COLOUR ( '', #3308 ) ;
#2055 = DIRECTION ( 'NONE',  ( -1.000000000000000000, 0.0000000000000000000, -0.0000000000000000000 ) ) ;
#2056 = AXIS2_PLACEMENT_3D ( 'NONE', #2715, #709, #3317 ) ;
#2057 = STYLED_ITEM ( 'NONE', ( #2279 ), #1099 ) ;
#2058 = LINE ( 'NONE', #2927, #1963 ) ;
#2059 = COLOUR_RGB ( '',0.0000000000000000000, 0.0000000000000000000, 0.0000000000000000000 ) ;
#2060 = SURFACE_STYLE_USAGE ( .BOTH. , #347 ) ;
#2061 = ORIENTED_EDGE ( 'NONE', *, *, #3606, .F. ) ;
#2062 = DIRECTION ( 'NONE',  ( 0.0000000000000000000, 0.0000000000000000000, -1.000000000000000000 ) ) ;
#2063 = CARTESIAN_POINT ( 'NONE',  ( 5.799999999999999800, -0.5100000000000001200, -4.799999999999999800 ) ) ;
#2064 = ORIENTED_EDGE ( 'NONE', *, *, #1801, .F. ) ;
#2065 = PLANE ( 'NONE',  #3155 ) ;
#2066 = EDGE_CURVE ( 'NONE', #502, #1703, #1354, .T. ) ;
#2067 = CARTESIAN_POINT ( 'NONE',  ( -10.85699799546397900, 10.90463574984752000, -4.656997995463974900 ) ) ;
#2068 = ORIENTED_EDGE ( 'NONE', *, *, #2180, .F. ) ;
#2069 = DIRECTION ( 'NONE',  ( -1.000000000000000000, 0.0000000000000000000, 0.0000000000000000000 ) ) ;
#2070 = ORIENTED_EDGE ( 'NONE', *, *, #2013, .T. ) ;
#2071 = CARTESIAN_POINT ( 'NONE',  ( -5.100000000000000500, -4.000000000000000000, 0.0000000000000000000 ) ) ;
#2072 = ORIENTED_EDGE ( 'NONE', *, *, #1754, .T. ) ;
#2073 = VERTEX_POINT ( 'NONE', #3193 ) ;
#2074 = SURFACE_SIDE_STYLE ('',( #1548 ) ) ;
#2075 = CARTESIAN_POINT ( 'NONE',  ( 4.049999999999999800, -0.1999999999999999800, 4.500000000000001800 ) ) ;
#2076 = EDGE_CURVE ( 'NONE', #2108, #2821, #384, .T. ) ;
#2077 = FACE_OUTER_BOUND ( 'NONE', #151, .T. ) ;
#2078 = ORIENTED_EDGE ( 'NONE', *, *, #2974, .T. ) ;
#2079 = CARTESIAN_POINT ( 'NONE',  ( -6.250000000000000000, -0.2000000000000000100, 0.0000000000000000000 ) ) ;
#2080 = CARTESIAN_POINT ( 'NONE',  ( -10.92661700063725200, 10.51116960819348000, -4.726617000637249400 ) ) ;
#2081 = PLANE ( 'NONE',  #2829 ) ;
#2082 = VECTOR ( 'NONE', #293, 1000.000000000000000 ) ;
#2083 = ORIENTED_EDGE ( 'NONE', *, *, #1167, .F. ) ;
#2084 =( GEOMETRIC_REPRESENTATION_CONTEXT ( 3 ) GLOBAL_UNCERTAINTY_ASSIGNED_CONTEXT ( ( #1942 ) ) GLOBAL_UNIT_ASSIGNED_CONTEXT ( ( #1184, #2316, #2955 ) ) REPRESENTATION_CONTEXT ( 'NONE', 'WORKASPACE' ) );
#2085 = PLANE ( 'NONE',  #190 ) ;
#2086 = VECTOR ( 'NONE', #1517, 1000.000000000000000 ) ;
#2087 = ORIENTED_EDGE ( 'NONE', *, *, #8, .F. ) ;
#2088 =( GEOMETRIC_REPRESENTATION_CONTEXT ( 3 ) GLOBAL_UNCERTAINTY_ASSIGNED_CONTEXT ( ( #125 ) ) GLOBAL_UNIT_ASSIGNED_CONTEXT ( ( #1112, #1655, #1984 ) ) REPRESENTATION_CONTEXT ( 'NONE', 'WORKASPACE' ) );
#2089 = CARTESIAN_POINT ( 'NONE',  ( 8.650000000000000400, 0.0000000000000000000, -1.310000000000000500 ) ) ;
#2090 = CIRCLE ( 'NONE', #2947, 0.2999999999999999300 ) ;
#2091 = EDGE_CURVE ( 'NONE', #413, #1775, #863, .T. ) ;
#2092 = DIRECTION ( 'NONE',  ( -0.0000000000000000000, 0.0000000000000000000, 1.000000000000000000 ) ) ;
#2093 = CARTESIAN_POINT ( 'NONE',  ( 4.050000000000002500, 0.0000000000000000000, -4.500000000000001800 ) ) ;
#2094 = SURFACE_STYLE_USAGE ( .BOTH. , #2682 ) ;
#2095 = CARTESIAN_POINT ( 'NONE',  ( 10.39554237475977600, 11.40857005285945600, -4.195542374759731400 ) ) ;
#2096 = FILL_AREA_STYLE_COLOUR ( '', #2190 ) ;
#2097 = STYLED_ITEM ( 'NONE', ( #1554 ), #739 ) ;
#2098 = COLOUR_RGB ( '',0.0000000000000000000, 0.0000000000000000000, 0.0000000000000000000 ) ;
#2099 = ADVANCED_FACE ( 'NONE', ( #3625 ), #3477, .F. ) ;
#2100 = CARTESIAN_POINT ( 'NONE',  ( 0.0000000000000000000, -4.000000000000000000, 0.0000000000000000000 ) ) ;
#2101 =( GEOMETRIC_REPRESENTATION_CONTEXT ( 3 ) GLOBAL_UNCERTAINTY_ASSIGNED_CONTEXT ( ( #3381 ) ) GLOBAL_UNIT_ASSIGNED_CONTEXT ( ( #3618, #2204, #780 ) ) REPRESENTATION_CONTEXT ( 'NONE', 'WORKASPACE' ) );
#2102 = CARTESIAN_POINT ( 'NONE',  ( -10.39554237475978700, 11.40857005285945600, -4.195542374759731400 ) ) ;
#2103 = AXIS2_PLACEMENT_3D ( 'NONE', #3238, #1524, #3466 ) ;
#2104 = UNCERTAINTY_MEASURE_WITH_UNIT (LENGTH_MEASURE( 1.000000000000000100E-005 ), #3674, 'distance_accuracy_value', 'NONE');
#2105 = EDGE_LOOP ( 'NONE', ( #3311, #1847, #2817, #2609, #3400, #1576, #2252, #2078, #2345, #2072, #658, #2220, #2025, #1260, #2741, #2249, #3103, #2889, #509, #1800, #3331, #26, #1494, #2061 ) ) ;
#2106 = FACE_OUTER_BOUND ( 'NONE', #1488, .T. ) ;
#2107 = CARTESIAN_POINT ( 'NONE',  ( -10.79803358369766800, 11.00765076376860200, 4.075215799833876500 ) ) ;
#2108 = VERTEX_POINT ( 'NONE', #2632 ) ;
#2109 = DIRECTION ( 'NONE',  ( 0.0000000000000000000, 0.0000000000000000000, 1.000000000000000000 ) ) ;
#2110 = DIRECTION ( 'NONE',  ( 0.0000000000000000000, -0.0000000000000000000, -1.000000000000000000 ) ) ;
#2111 = CARTESIAN_POINT ( 'NONE',  ( -10.32666086287346700, 10.50279250411918300, 4.126660862873462700 ) ) ;
#2112 = ORIENTED_EDGE ( 'NONE', *, *, #1923, .T. ) ;
#2113 = EDGE_CURVE ( 'NONE', #2170, #1813, #2888, .T. ) ;
#2114 = DIRECTION ( 'NONE',  ( -0.0000000000000000000, -0.0000000000000000000, 1.000000000000000000 ) ) ;
#2115 = CARTESIAN_POINT ( 'NONE',  ( 0.0000000000000000000, 0.0000000000000000000, -4.500000000000001800 ) ) ;
#2116 = ORIENTED_EDGE ( 'NONE', *, *, #3534, .T. ) ;
#2117 = CARTESIAN_POINT ( 'NONE',  ( 4.069999999999999400, -4.599999999999999600, -0.9100000000000000300 ) ) ;
#2118 = ADVANCED_FACE ( 'NONE', ( #1264 ), #302, .T. ) ;
#2119 = VERTEX_POINT ( 'NONE', #2344 ) ;
#2120 = FACE_OUTER_BOUND ( 'NONE', #1221, .T. ) ;
#2121 = ORIENTED_EDGE ( 'NONE', *, *, #3658, .F. ) ;
#2122 = DIRECTION ( 'NONE',  ( -0.0000000000000000000, -1.000000000000000000, 0.0000000000000000000 ) ) ;
#2123 = EDGE_CURVE ( 'NONE', #1113, #460, #3156, .T. ) ;
#2124 = PRESENTATION_STYLE_ASSIGNMENT (( #526 ) ) ;
#2125 = ORIENTED_EDGE ( 'NONE', *, *, #1884, .T. ) ;
#2126 = AXIS2_PLACEMENT_3D ( 'NONE', #268, #235, #2475 ) ;
#2127 = PLANE ( 'NONE',  #1639 ) ;
#2128 =( GEOMETRIC_REPRESENTATION_CONTEXT ( 3 ) GLOBAL_UNCERTAINTY_ASSIGNED_CONTEXT ( ( #300 ) ) GLOBAL_UNIT_ASSIGNED_CONTEXT ( ( #3552, #1831, #136 ) ) REPRESENTATION_CONTEXT ( 'NONE', 'WORKASPACE' ) );
#2129 =( NAMED_UNIT ( * ) PLANE_ANGLE_UNIT ( ) SI_UNIT ( $, .RADIAN. ) );
#2130 = EDGE_CURVE ( 'NONE', #3018, #152, #950, .T. ) ;
#2131 = SURFACE_STYLE_FILL_AREA ( #1681 ) ;
#2132 = VERTEX_POINT ( 'NONE', #2942 ) ;
#2133 = CARTESIAN_POINT ( 'NONE',  ( -10.11135110625117800, 11.48981571149361600, 3.911351106251113900 ) ) ;
#2134 = VECTOR ( 'NONE', #238, 1000.000000000000000 ) ;
#2135 = MECHANICAL_DESIGN_GEOMETRIC_PRESENTATION_REPRESENTATION (  '', ( #3147 ), #2323 ) ;
#2136 = ADVANCED_FACE ( 'NONE', ( #2077 ), #3539, .F. ) ;
#2137 = EDGE_CURVE ( 'NONE', #3666, #3484, #716, .T. ) ;
#2138 = CARTESIAN_POINT ( 'NONE',  ( -4.049999999999999800, -4.599999999999999600, -0.9100000000000000300 ) ) ;
#2139 = PLANE ( 'NONE',  #3087 ) ;
#2140 = SURFACE_STYLE_USAGE ( .BOTH. , #2716 ) ;
#2141 = CARTESIAN_POINT ( 'NONE',  ( -4.799999999999999800, -3.700000000000000200, 4.799999999999999800 ) ) ;
#2142 = CYLINDRICAL_SURFACE ( 'NONE', #5, 0.6000000000000002000 ) ;
#2143 = AXIS2_PLACEMENT_3D ( 'NONE', #2214, #2762, #2788 ) ;
#2144 = VECTOR ( 'NONE', #1532, 1000.000000000000000 ) ;
#2145 = DIRECTION ( 'NONE',  ( 0.0000000000000000000, 0.0000000000000000000, -1.000000000000000000 ) ) ;
#2146 = ORIENTED_EDGE ( 'NONE', *, *, #2974, .F. ) ;
#2147 = CARTESIAN_POINT ( 'NONE',  ( 6.250000000000000000, -0.2000000000000000100, -4.799999999999999800 ) ) ;
#2148 = ORIENTED_EDGE ( 'NONE', *, *, #3261, .T. ) ;
#2149 = CARTESIAN_POINT ( 'NONE',  ( 6.610000000000000300, -4.599999999999999600, -1.310000000000000500 ) ) ;
#2150 = ADVANCED_FACE ( 'NONE', ( #582 ), #1820, .F. ) ;
#2151 = VERTEX_POINT ( 'NONE', #2659 ) ;
#2152 = AXIS2_PLACEMENT_3D ( 'NONE', #383, #3044, #1506 ) ;
#2153 = EDGE_CURVE ( 'NONE', #158, #2878, #2966, .T. ) ;
#2154 = VERTEX_POINT ( 'NONE', #411 ) ;
#2155 = DIRECTION ( 'NONE',  ( 0.0000000000000000000, -0.006981260297961569000, -0.9999756307053947500 ) ) ;
#2156 = CARTESIAN_POINT ( 'NONE',  ( 0.0000000000000000000, 0.0000000000000000000, 4.790000000000000000 ) ) ;
#2157 = SURFACE_STYLE_FILL_AREA ( #516 ) ;
#2158 = ORIENTED_EDGE ( 'NONE', *, *, #1427, .F. ) ;
#2159 = EDGE_LOOP ( 'NONE', ( #3663, #822, #1587, #1850 ) ) ;
#2160 = CARTESIAN_POINT ( 'NONE',  ( -10.05871977051185300, 11.44403299335816000, 4.056882556423173200 ) ) ;
#2161 = CARTESIAN_POINT ( 'NONE',  ( 10.92664624129669800, 10.50698126029795900, -4.126660862873464500 ) ) ;
#2162 = VERTEX_POINT ( 'NONE', #3225 ) ;
#2163 = AXIS2_PLACEMENT_3D ( 'NONE', #1859, #430, #1593 ) ;
#2164 = FACE_OUTER_BOUND ( 'NONE', #164, .T. ) ;
#2165 = ORIENTED_EDGE ( 'NONE', *, *, #2757, .F. ) ;
#2166 = STYLED_ITEM ( 'NONE', ( #3149 ), #989 ) ;
#2167 = UNCERTAINTY_MEASURE_WITH_UNIT (LENGTH_MEASURE( 1.000000000000000100E-005 ), #2677, 'distance_accuracy_value', 'NONE');
#2168 = ADVANCED_FACE ( 'NONE', ( #2364 ), #2081, .F. ) ;
#2169 = CYLINDRICAL_SURFACE ( 'NONE', #2587, 0.2999999999999999300 ) ;
#2170 = VERTEX_POINT ( 'NONE', #3235 ) ;
#2171 = PLANE ( 'NONE',  #3114 ) ;
#2172 = FILL_AREA_STYLE ('',( #392 ) ) ;
#2173 =( GEOMETRIC_REPRESENTATION_CONTEXT ( 3 ) GLOBAL_UNCERTAINTY_ASSIGNED_CONTEXT ( ( #2769 ) ) GLOBAL_UNIT_ASSIGNED_CONTEXT ( ( #444, #3306, #1283 ) ) REPRESENTATION_CONTEXT ( 'NONE', 'WORKASPACE' ) );
#2174 = DIRECTION ( 'NONE',  ( 1.000000000000000000, 0.0000000000000000000, 0.0000000000000000000 ) ) ;
#2175 = CARTESIAN_POINT ( 'NONE',  ( -10.12634240694369800, 11.36903106747132400, 4.226044821824397800 ) ) ;
#2176 = AXIS2_PLACEMENT_3D ( 'NONE', #593, #2288, #2903 ) ;
#2177 = DIRECTION ( 'NONE',  ( -0.0000000000000000000, -0.0000000000000000000, -1.000000000000000000 ) ) ;
#2178 = ADVANCED_FACE ( 'NONE', ( #3528 ), #540, .T. ) ;
#2179 = PRESENTATION_LAYER_ASSIGNMENT (  '', '', ( #1941 ) ) ;
#2180 = EDGE_CURVE ( 'NONE', #1220, #859, #2819, .T. ) ;
#2181 = DIRECTION ( 'NONE',  ( 0.0000000000000000000, 0.0000000000000000000, -1.000000000000000000 ) ) ;
#2182 = DIRECTION ( 'NONE',  ( -1.000000000000000000, 0.0000000000000000000, -0.0000000000000000000 ) ) ;
#2183 = DIRECTION ( 'NONE',  ( -0.0000000000000000000, -0.0000000000000000000, -1.000000000000000000 ) ) ;
#2184 = LINE ( 'NONE', #583, #3567 ) ;
#2185 = DIRECTION ( 'NONE',  ( -1.000000000000000000, -0.0000000000000000000, -0.0000000000000000000 ) ) ;
#2186 = DIRECTION ( 'NONE',  ( -1.000000000000000000, 0.0000000000000000000, 0.0000000000000000000 ) ) ;
#2187 = AXIS2_PLACEMENT_3D ( 'NONE', #2286, #3664, #3385 ) ;
#2188 = CARTESIAN_POINT ( 'NONE',  ( 9.993274304666936600, 11.50000000000000400, 3.893179845780391900 ) ) ;
#2189 = SURFACE_STYLE_FILL_AREA ( #862 ) ;
#2190 = COLOUR_RGB ( '',0.0000000000000000000, 0.0000000000000000000, 0.0000000000000000000 ) ;
#2191 = VERTEX_POINT ( 'NONE', #2161 ) ;
#2192 = EDGE_CURVE ( 'NONE', #1759, #3012, #2643, .T. ) ;
#2193 = FACE_OUTER_BOUND ( 'NONE', #689, .T. ) ;
#2194 = PLANE ( 'NONE',  #683 ) ;
#2195 = CARTESIAN_POINT ( 'NONE',  ( 10.92664624129670000, 10.50698126029796100, 4.126660862873464500 ) ) ;
#2196 = SURFACE_SIDE_STYLE ('',( #3627 ) ) ;
#2197 = VERTEX_POINT ( 'NONE', #2149 ) ;
#2198 = DIRECTION ( 'NONE',  ( 1.000000000000000000, 0.0000000000000000000, 0.0000000000000000000 ) ) ;
#2199 = CARTESIAN_POINT ( 'NONE',  ( -10.40001462157675900, 4.231476801406799400E-019, -4.800000000000000700 ) ) ;
#2200 = ORIENTED_EDGE ( 'NONE', *, *, #3131, .T. ) ;
#2201 = CARTESIAN_POINT ( 'NONE',  ( 10.19130498490315900, 11.25232293996582400, 4.388253103725182000 ) ) ;
#2202 = B_SPLINE_CURVE_WITH_KNOTS ( 'NONE', 3,
 ( #810, #1397, #1381, #2776, #244, #1359, #1060, #2487, #2212, #1954, #3118, #3633 ),
 .UNSPECIFIED., .F., .F.,
 ( 4, 2, 2, 2, 2, 4 ),
 ( 0.0000000000000000000, 0.1250000000000000000, 0.2500000000000000000, 0.5000000000000000000, 0.7500000000000000000, 1.000000000000000000 ),
 .UNSPECIFIED. ) ;
#2203 = ORIENTED_EDGE ( 'NONE', *, *, #1992, .F. ) ;
#2204 =( NAMED_UNIT ( * ) PLANE_ANGLE_UNIT ( ) SI_UNIT ( $, .RADIAN. ) );
#2205 = VERTEX_POINT ( 'NONE', #3283 ) ;
#2206 = AXIS2_PLACEMENT_3D ( 'NONE', #587, #896, #1422 ) ;
#2207 = EDGE_CURVE ( 'NONE', #195, #996, #1868, .T. ) ;
#2208 = LINE ( 'NONE', #46, #1450 ) ;
#2209 = DIRECTION ( 'NONE',  ( 0.0000000000000000000, 0.0000000000000000000, 1.000000000000000000 ) ) ;
#2210 = ORIENTED_EDGE ( 'NONE', *, *, #1035, .F. ) ;
#2211 = CARTESIAN_POINT ( 'NONE',  ( 10.92664624129669400, 10.50698126029795900, 4.126660862873463600 ) ) ;
#2212 = CARTESIAN_POINT ( 'NONE',  ( -10.42822583299276200, 11.37488576364194300, -3.927292699551912000 ) ) ;
#2213 = VERTEX_POINT ( 'NONE', #3297 ) ;
#2214 = CARTESIAN_POINT ( 'NONE',  ( -4.349999999999999600, -0.2000000000000000100, 4.799999999999999800 ) ) ;
#2215 = CARTESIAN_POINT ( 'NONE',  ( -10.03660781188126800, 11.46174733615723300, 4.001851509187401000 ) ) ;
#2216 = CARTESIAN_POINT ( 'NONE',  ( 10.17142988230248500, 11.29369108101663800, 4.338752359207986400 ) ) ;
#2217 = LINE ( 'NONE', #3442, #2946 ) ;
#2218 = VERTEX_POINT ( 'NONE', #725 ) ;
#2219 = UNCERTAINTY_MEASURE_WITH_UNIT (LENGTH_MEASURE( 1.000000000000000100E-005 ), #320, 'distance_accuracy_value', 'NONE');
#2220 = ORIENTED_EDGE ( 'NONE', *, *, #2770, .T. ) ;
#2221 = DIRECTION ( 'NONE',  ( 1.000000000000000000, 0.0000000000000000000, 0.0000000000000000000 ) ) ;
#2222 = PRESENTATION_STYLE_ASSIGNMENT (( #1153 ) ) ;
#2223 = AXIS2_PLACEMENT_3D ( 'NONE', #2079, #372, #69 ) ;
#2224 = DIRECTION ( 'NONE',  ( -0.0000000000000000000, -0.0000000000000000000, -1.000000000000000000 ) ) ;
#2225 = CARTESIAN_POINT ( 'NONE',  ( 10.25248176691616600, 11.08034654637754300, 4.541728253358360100 ) ) ;
#2226 = EDGE_CURVE ( 'NONE', #1664, #1302, #1785, .T. ) ;
#2227 = LINE ( 'NONE', #2292, #400 ) ;
#2228 = DIRECTION ( 'NONE',  ( 0.0000000000000000000, 0.0000000000000000000, -1.000000000000000000 ) ) ;
#2229 = LINE ( 'NONE', #3336, #748 ) ;
#2230 = PLANE ( 'NONE',  #2633 ) ;
#2231 = CARTESIAN_POINT ( 'NONE',  ( -10.32631712210153000, 10.63007235722880700, -4.725786889366856000 ) ) ;
#2232 =( GEOMETRIC_REPRESENTATION_CONTEXT ( 3 ) GLOBAL_UNCERTAINTY_ASSIGNED_CONTEXT ( ( #1340 ) ) GLOBAL_UNIT_ASSIGNED_CONTEXT ( ( #1455, #607, #92 ) ) REPRESENTATION_CONTEXT ( 'NONE', 'WORKASPACE' ) );
#2233 = CARTESIAN_POINT ( 'NONE',  ( -10.74172549310755500, 11.08035038884946400, 4.052481753521999700 ) ) ;
#2234 = VERTEX_POINT ( 'NONE', #3002 ) ;
#2235 = FILL_AREA_STYLE ('',( #3158 ) ) ;
#2236 = ADVANCED_FACE ( 'NONE', ( #1966, #1105, #1295, #366, #2447, #1694, #1061 ), #1846, .T. ) ;
#2237 = DIRECTION ( 'NONE',  ( -0.0000000000000000000, 0.0000000000000000000, 1.000000000000000000 ) ) ;
#2238 = ORIENTED_EDGE ( 'NONE', *, *, #976, .T. ) ;
#2239 = ORIENTED_EDGE ( 'NONE', *, *, #165, .T. ) ;
#2240 =( NAMED_UNIT ( * ) SI_UNIT ( $, .STERADIAN. ) SOLID_ANGLE_UNIT ( ) );
#2241 = CARTESIAN_POINT ( 'NONE',  ( 9.926670610591299800, 11.50000000000000200, 3.726670610591305000 ) ) ;
#2242 = VECTOR ( 'NONE', #2886, 1000.000000000000000 ) ;
#2243 = VERTEX_POINT ( 'NONE', #707 ) ;
#2244 = ORIENTED_EDGE ( 'NONE', *, *, #3168, .T. ) ;
#2245 = DIRECTION ( 'NONE',  ( -0.0000000000000000000, 0.0000000000000000000, 1.000000000000000000 ) ) ;
#2246 = CARTESIAN_POINT ( 'NONE',  ( -9.926670610591310500, 11.50000000000000200, 3.726670610591305000 ) ) ;
#2247 = DIRECTION ( 'NONE',  ( -1.000000000000000000, 0.0000000000000000000, -0.0000000000000000000 ) ) ;
#2248 = CARTESIAN_POINT ( 'NONE',  ( 10.28947086258960800, 11.43189818162348500, 3.871779655630665000 ) ) ;
#2249 = ORIENTED_EDGE ( 'NONE', *, *, #2830, .T. ) ;
#2250 = ORIENTED_EDGE ( 'NONE', *, *, #1389, .T. ) ;
#2251 = DIRECTION ( 'NONE',  ( 1.000000000000000000, -0.0000000000000000000, 0.0000000000000000000 ) ) ;
#2252 = ORIENTED_EDGE ( 'NONE', *, *, #1962, .F. ) ;
#2253 =( GEOMETRIC_REPRESENTATION_CONTEXT ( 3 ) GLOBAL_UNCERTAINTY_ASSIGNED_CONTEXT ( ( #2167 ) ) GLOBAL_UNIT_ASSIGNED_CONTEXT ( ( #2677, #1222, #3229 ) ) REPRESENTATION_CONTEXT ( 'NONE', 'WORKASPACE' ) );
#2254 = EDGE_CURVE ( 'NONE', #1538, #2294, #323, .T. ) ;
#2255 = LINE ( 'NONE', #2897, #3160 ) ;
#2256 = ORIENTED_EDGE ( 'NONE', *, *, #1590, .F. ) ;
#2257 = CARTESIAN_POINT ( 'NONE',  ( 10.17153640792642300, 11.30139713574539200, 4.338835103929164400 ) ) ;
#2258 = CARTESIAN_POINT ( 'NONE',  ( -6.250000000000000000, -0.2000000000000000100, -4.799999999999999800 ) ) ;
#2259 = PRESENTATION_STYLE_ASSIGNMENT (( #1083 ) ) ;
#2260 = CARTESIAN_POINT ( 'NONE',  ( 5.799999999999999800, -0.5000000000000000000, 0.0000000000000000000 ) ) ;
#2261 = CARTESIAN_POINT ( 'NONE',  ( -10.64341573750506100, 11.19738786290822000, 4.013365897799164200 ) ) ;
#2262 = CARTESIAN_POINT ( 'NONE',  ( -4.049999999999999800, 0.0000000000000000000, 0.0000000000000000000 ) ) ;
#2263 = CARTESIAN_POINT ( 'NONE',  ( 10.30265082717985000, 11.42663196154295600, 3.877061808804668400 ) ) ;
#2264 = LINE ( 'NONE', #2613, #520 ) ;
#2265 = LINE ( 'NONE', #1654, #2430 ) ;
#2266 = EDGE_CURVE ( 'NONE', #2983, #2205, #3098, .T. ) ;
#2267 = SURFACE_SIDE_STYLE ('',( #1755 ) ) ;
#2268 = VECTOR ( 'NONE', #3444, 1000.000000000000000 ) ;
#2269 = CARTESIAN_POINT ( 'NONE',  ( 8.650000000000000400, -4.599999999999999600, -1.310000000000000500 ) ) ;
#2270 = PRESENTATION_LAYER_ASSIGNMENT (  '', '', ( #1878 ) ) ;
#2271 = CARTESIAN_POINT ( 'NONE',  ( -9.926670610591310500, 11.50000000000000200, -3.726670610591305000 ) ) ;
#2272 = CARTESIAN_POINT ( 'NONE',  ( -10.36434706620176400, 11.39943133750560200, 3.901725113621800700 ) ) ;
#2273 = DIRECTION ( 'NONE',  ( 0.0000000000000000000, -1.000000000000000000, 0.0000000000000000000 ) ) ;
#2274 = LINE ( 'NONE', #1641, #2859 ) ;
#2275 = FILL_AREA_STYLE_COLOUR ( '', #2924 ) ;
#2276 = EDGE_CURVE ( 'NONE', #864, #1031, #3192, .T. ) ;
#2277 = CARTESIAN_POINT ( 'NONE',  ( 10.91047253473729100, 10.71775445289561400, -4.710472534737293800 ) ) ;
#2278 = DIRECTION ( 'NONE',  ( -0.0000000000000000000, -0.0000000000000000000, -1.000000000000000000 ) ) ;
#2279 = PRESENTATION_STYLE_ASSIGNMENT (( #3215 ) ) ;
#2280 = ORIENTED_EDGE ( 'NONE', *, *, #1858, .T. ) ;
#2281 = VECTOR ( 'NONE', #3034, 1000.000000000000000 ) ;
#2282 = VECTOR ( 'NONE', #150, 1000.000000000000000 ) ;
#2283 = UNCERTAINTY_MEASURE_WITH_UNIT (LENGTH_MEASURE( 1.000000000000000100E-005 ), #1198, 'distance_accuracy_value', 'NONE');
#2284 = AXIS2_PLACEMENT_3D ( 'NONE', #443, #135, #2155 ) ;
#2285 = ORIENTED_EDGE ( 'NONE', *, *, #519, .F. ) ;
#2286 = CARTESIAN_POINT ( 'NONE',  ( -9.926670610591310500, 10.50000000000000000, 0.0000000000000000000 ) ) ;
#2287 = FILL_AREA_STYLE_COLOUR ( '', #753 ) ;
#2288 = DIRECTION ( 'NONE',  ( 1.000000000000000000, -0.0000000000000000000, 0.0000000000000000000 ) ) ;
#2289 = ORIENTED_EDGE ( 'NONE', *, *, #2482, .T. ) ;
#2290 = ORIENTED_EDGE ( 'NONE', *, *, #2667, .T. ) ;
#2291 = ORIENTED_EDGE ( 'NONE', *, *, #764, .F. ) ;
#2292 = CARTESIAN_POINT ( 'NONE',  ( -6.590000000000002500, -4.599999999999999600, -0.9100000000000000300 ) ) ;
#2293 = COLOUR_RGB ( '',0.0000000000000000000, 0.0000000000000000000, 0.0000000000000000000 ) ;
#2294 = VERTEX_POINT ( 'NONE', #2727 ) ;
#2295 = CARTESIAN_POINT ( 'NONE',  ( -6.550000000000000700, -0.5000000000000000000, 4.500000000000001800 ) ) ;
#2296 = DIRECTION ( 'NONE',  ( -0.0000000000000000000, -0.0000000000000000000, -1.000000000000000000 ) ) ;
#2297 = DIRECTION ( 'NONE',  ( 1.000000000000000000, -2.168404344971010300E-016, 0.0000000000000000000 ) ) ;
#2298 = PRESENTATION_STYLE_ASSIGNMENT (( #3490 ) ) ;
#2299 = FACE_OUTER_BOUND ( 'NONE', #3631, .T. ) ;
#2300 = ORIENTED_EDGE ( 'NONE', *, *, #222, .T. ) ;
#2301 = CARTESIAN_POINT ( 'NONE',  ( 4.799999999999999800, -0.5100000000000000100, -4.790000000000000000 ) ) ;
#2302 = FILL_AREA_STYLE ('',( #3688 ) ) ;
#2303 = DIRECTION ( 'NONE',  ( 1.000000000000000000, 0.0000000000000000000, 0.0000000000000000000 ) ) ;
#2304 = FACE_OUTER_BOUND ( 'NONE', #1580, .T. ) ;
#2305 = EDGE_LOOP ( 'NONE', ( #1180, #1501, #506, #2238 ) ) ;
#2306 = EDGE_CURVE ( 'NONE', #2782, #3621, #2692, .T. ) ;
#2307 = CARTESIAN_POINT ( 'NONE',  ( 5.100000000000000500, -3.700000000000000200, -4.500000000000001800 ) ) ;
#2308 = DIRECTION ( 'NONE',  ( -0.9999756307053948600, 0.006981260297961569000, 0.0000000000000000000 ) ) ;
#2309 = CYLINDRICAL_SURFACE ( 'NONE', #2223, 0.2999999999999999300 ) ;
#2310 = DIRECTION ( 'NONE',  ( 0.0000000000000000000, -0.0000000000000000000, -1.000000000000000000 ) ) ;
#2311 = CARTESIAN_POINT ( 'NONE',  ( 4.049999999999999800, 0.0000000000000000000, 0.0000000000000000000 ) ) ;
#2312 = EDGE_CURVE ( 'NONE', #350, #2782, #984, .T. ) ;
#2313 = CARTESIAN_POINT ( 'NONE',  ( 10.30551590692312800, 10.82744799779388100, -4.673783851420865600 ) ) ;
#2314 = DIRECTION ( 'NONE',  ( -1.000000000000000000, 0.0000000000000000000, 0.0000000000000000000 ) ) ;
#2315 =( GEOMETRIC_REPRESENTATION_CONTEXT ( 3 ) GLOBAL_UNCERTAINTY_ASSIGNED_CONTEXT ( ( #888 ) ) GLOBAL_UNIT_ASSIGNED_CONTEXT ( ( #1108, #3126, #3136 ) ) REPRESENTATION_CONTEXT ( 'NONE', 'WORKASPACE' ) );
#2316 =( NAMED_UNIT ( * ) PLANE_ANGLE_UNIT ( ) SI_UNIT ( $, .RADIAN. ) );
#2317 = LINE ( 'NONE', #481, #57 ) ;
#2318 =( NAMED_UNIT ( * ) SI_UNIT ( $, .STERADIAN. ) SOLID_ANGLE_UNIT ( ) );
#2319 = LINE ( 'NONE', #12, #1429 ) ;
#2320 = DIRECTION ( 'NONE',  ( 0.0000000000000000000, -0.0000000000000000000, -1.000000000000000000 ) ) ;
#2321 = CARTESIAN_POINT ( 'NONE',  ( 5.500000000000000000, -3.700000000000000200, 0.0000000000000000000 ) ) ;
#2322 = DIRECTION ( 'NONE',  ( 0.0000000000000000000, 1.000000000000000000, 0.0000000000000000000 ) ) ;
#2323 =( GEOMETRIC_REPRESENTATION_CONTEXT ( 3 ) GLOBAL_UNCERTAINTY_ASSIGNED_CONTEXT ( ( #2681 ) ) GLOBAL_UNIT_ASSIGNED_CONTEXT ( ( #1474, #1486, #638 ) ) REPRESENTATION_CONTEXT ( 'NONE', 'WORKASPACE' ) );
#2324 = LINE ( 'NONE', #99, #2921 ) ;
#2325 = EDGE_CURVE ( 'NONE', #1483, #1760, #3049, .T. ) ;
#2326 = ORIENTED_EDGE ( 'NONE', *, *, #2130, .F. ) ;
#2327 = DIRECTION ( 'NONE',  ( 0.0000000000000000000, 0.0000000000000000000, -1.000000000000000000 ) ) ;
#2328 = CARTESIAN_POINT ( 'NONE',  ( -10.92619134497050500, 10.57213930072083500, -4.126478904241178500 ) ) ;
#2329 = CARTESIAN_POINT ( 'NONE',  ( -5.799999999999999800, -0.5100000000000000100, 4.799999999999999800 ) ) ;
#2330 = ORIENTED_EDGE ( 'NONE', *, *, #1178, .T. ) ;
#2331 =( BOUNDED_SURFACE ( )  B_SPLINE_SURFACE ( 3, 2, ( 
 ( #363, #2080, #2374 ),
 ( #2328, #647, #637 ),
 ( #2631, #2917, #626 ),
 ( #915, #2067, #2928 ),
 ( #1206, #1497, #3485 ),
 ( #1782, #87, #2352 ),
 ( #2642, #924, #2941 ),
 ( #2977, #2102, #3296 ),
 ( #3011, #1262, #423 ),
 ( #692, #3572, #2965 ),
 ( #1572, #2717, #3000 ),
 ( #1582, #1242, #3247 ) ),
 .UNSPECIFIED., .F., .F., .F. ) 
 B_SPLINE_SURFACE_WITH_KNOTS ( ( 4, 2, 2, 2, 2, 4 ),
 ( 3, 3 ),
 ( 6.290166624187561300, 6.485643500410926500, 6.681120376634291700, 7.072074129081022100, 7.463027881527752400, 7.853981633974482800 ),
 ( 0.0000000000000000000, 1.000000000000000000 ),
 .UNSPECIFIED. ) 
 GEOMETRIC_REPRESENTATION_ITEM ( )  RATIONAL_B_SPLINE_SURFACE ( (
 ( 1.000000000000000000, 0.7071240124601015900, 1.000000000000000000),
 ( 1.000000000000000000, 0.7074115579367573600, 1.000000000000000000),
 ( 1.000000000000000000, 0.7123629597728139400, 1.000000000000000000),
 ( 1.000000000000000000, 0.7301572864437740900, 1.000000000000000000),
 ( 1.000000000000000000, 0.7429957423541595500, 1.000000000000000000),
 ( 1.000000000000000000, 0.7890376324339051200, 1.000000000000000000),
 ( 1.000000000000000000, 0.8294576405485640800, 1.000000000000000000),
 ( 1.000000000000000000, 0.9046073121847402200, 1.000000000000000000),
 ( 1.000000000000000000, 0.9391739925251564300, 1.000000000000000000),
 ( 1.000000000000000000, 0.9868506014342574000, 1.000000000000000000),
 ( 1.000000000000000000, 1.000155778129288000, 1.000000000000000000),
 ( 1.000000000000000000, 1.000000000000000000, 1.000000000000000000) ) ) 
 REPRESENTATION_ITEM ( '' )  SURFACE ( )  );
#2332 = CARTESIAN_POINT ( 'NONE',  ( 9.959957748983017100, 11.50000000000000000, -3.809888456570586600 ) ) ;
#2333 = ORIENTED_EDGE ( 'NONE', *, *, #1337, .T. ) ;
#2334 = MECHANICAL_DESIGN_GEOMETRIC_PRESENTATION_REPRESENTATION (  '', ( #1823 ), #872 ) ;
#2335 = PLANE ( 'NONE',  #2206 ) ;
#2336 = DIRECTION ( 'NONE',  ( 0.0000000000000000000, 1.000000000000000000, 0.0000000000000000000 ) ) ;
#2337 = CARTESIAN_POINT ( 'NONE',  ( -10.31630053768546400, 10.75682854147706100, -4.701874107252217000 ) ) ;
#2338 = CARTESIAN_POINT ( 'NONE',  ( -11.00000000000000000, 0.0000000000000000000, -4.799999999999999800 ) ) ;
#2339 = ORIENTED_EDGE ( 'NONE', *, *, #368, .T. ) ;
#2340 =( NAMED_UNIT ( * ) SI_UNIT ( $, .STERADIAN. ) SOLID_ANGLE_UNIT ( ) );
#2341 =( NAMED_UNIT ( * ) SI_UNIT ( $, .STERADIAN. ) SOLID_ANGLE_UNIT ( ) );
#2342 = ORIENTED_EDGE ( 'NONE', *, *, #2399, .F. ) ;
#2343 = ORIENTED_EDGE ( 'NONE', *, *, #2881, .T. ) ;
#2344 = CARTESIAN_POINT ( 'NONE',  ( 9.150000000000000400, 0.0000000000000000000, -0.9100000000000000300 ) ) ;
#2345 = ORIENTED_EDGE ( 'NONE', *, *, #2306, .T. ) ;
#2346 = CARTESIAN_POINT ( 'NONE',  ( -4.049999999999999800, 0.0000000000000000000, -0.9100000000000000300 ) ) ;
#2347 = VECTOR ( 'NONE', #3414, 1000.000000000000000 ) ;
#2348 = EDGE_LOOP ( 'NONE', ( #1033, #2984, #820, #2388 ) ) ;
#2349 = EDGE_CURVE ( 'NONE', #3054, #1346, #894, .T. ) ;
#2350 = CARTESIAN_POINT ( 'NONE',  ( -10.09712013790828100, 11.40496564957460100, -4.152843107255979000 ) ) ;
#2351 = CARTESIAN_POINT ( 'NONE',  ( 10.27692159146922000, 10.99820769787337900, -4.603466966307166800 ) ) ;
#2352 = CARTESIAN_POINT ( 'NONE',  ( -10.27521579983385700, 11.00765076376855100, -4.598033583697684000 ) ) ;
#2353 = DIRECTION ( 'NONE',  ( 0.0000000000000000000, 0.0000000000000000000, -1.000000000000000000 ) ) ;
#2354 = SURFACE_STYLE_FILL_AREA ( #606 ) ;
#2355 = DIRECTION ( 'NONE',  ( -1.000000000000000000, 0.0000000000000000000, -0.0000000000000000000 ) ) ;
#2356 = PRESENTATION_LAYER_ASSIGNMENT (  '', '', ( #2097 ) ) ;
#2357 = SURFACE_STYLE_USAGE ( .BOTH. , #944 ) ;
#2358 = DIRECTION ( 'NONE',  ( -0.0000000000000000000, -0.0000000000000000000, -1.000000000000000000 ) ) ;
#2359 = PRESENTATION_LAYER_ASSIGNMENT (  '', '', ( #2166 ) ) ;
#2360 = FILL_AREA_STYLE_COLOUR ( '', #795 ) ;
#2361 = DIRECTION ( 'NONE',  ( -0.006981260297961568200, 0.9999756307053947500, 0.0000000000000000000 ) ) ;
#2362 = AXIS2_PLACEMENT_3D ( 'NONE', #3452, #1138, #1168 ) ;
#2363 = CARTESIAN_POINT ( 'NONE',  ( -6.550000000000000700, -0.5000000000000000000, 4.799999999999999800 ) ) ;
#2364 = FACE_OUTER_BOUND ( 'NONE', #1806, .T. ) ;
#2365 = CARTESIAN_POINT ( 'NONE',  ( 6.250000000000000000, -0.2000000000000000100, 0.0000000000000000000 ) ) ;
#2366 = CARTESIAN_POINT ( 'NONE',  ( -4.799999999999999800, -0.5000000000000000000, 4.500000000000001800 ) ) ;
#2367 = ORIENTED_EDGE ( 'NONE', *, *, #297, .F. ) ;
#2368 = CARTESIAN_POINT ( 'NONE',  ( -4.049999999999999800, -4.599999999999999600, -1.310000000000000500 ) ) ;
#2369 = FACE_OUTER_BOUND ( 'NONE', #892, .T. ) ;
#2370 =( GEOMETRIC_REPRESENTATION_CONTEXT ( 3 ) GLOBAL_UNCERTAINTY_ASSIGNED_CONTEXT ( ( #1392 ) ) GLOBAL_UNIT_ASSIGNED_CONTEXT ( ( #1614, #3601, #1903 ) ) REPRESENTATION_CONTEXT ( 'NONE', 'WORKASPACE' ) );
#2371 = PRESENTATION_STYLE_ASSIGNMENT (( #272 ) ) ;
#2372 = EDGE_CURVE ( 'NONE', #2504, #75, #186, .T. ) ;
#2373 =( LENGTH_UNIT ( ) NAMED_UNIT ( * ) SI_UNIT ( .MILLI., .METRE. ) );
#2374 = CARTESIAN_POINT ( 'NONE',  ( -10.32666086287346900, 10.50698126029795900, -4.726646241296700500 ) ) ;
#2375 = EDGE_LOOP ( 'NONE', ( #2932, #3234, #198, #3508, #3064, #289 ) ) ;
#2376 = CARTESIAN_POINT ( 'NONE',  ( 3.569999999999999800, -4.599999999999999600, -1.310000000000000500 ) ) ;
#2377 = ADVANCED_FACE ( 'NONE', ( #2496 ), #527, .F. ) ;
#2378 = PRESENTATION_LAYER_ASSIGNMENT (  '', '', ( #1994 ) ) ;
#2379 = EDGE_LOOP ( 'NONE', ( #245, #995, #2339, #1544 ) ) ;
#2380 = ORIENTED_EDGE ( 'NONE', *, *, #275, .T. ) ;
#2381 = ORIENTED_EDGE ( 'NONE', *, *, #599, .T. ) ;
#2382 = CARTESIAN_POINT ( 'NONE',  ( 8.650000000000000400, 0.0000000000000000000, -1.310000000000000500 ) ) ;
#2383 = CARTESIAN_POINT ( 'NONE',  ( -9.926670610591310500, 11.50000000000000200, -3.726670610591305000 ) ) ;
#2384 = STYLED_ITEM ( 'NONE', ( #2641 ), #103 ) ;
#2385 = VERTEX_POINT ( 'NONE', #3057 ) ;
#2386 =( NAMED_UNIT ( * ) SI_UNIT ( $, .STERADIAN. ) SOLID_ANGLE_UNIT ( ) );
#2387 = DIRECTION ( 'NONE',  ( -0.0000000000000000000, -0.0000000000000000000, 1.000000000000000000 ) ) ;
#2388 = ORIENTED_EDGE ( 'NONE', *, *, #1102, .T. ) ;
#2389 = ORIENTED_EDGE ( 'NONE', *, *, #853, .T. ) ;
#2390 = AXIS2_PLACEMENT_3D ( 'NONE', #1415, #539, #2247 ) ;
#2391 = CARTESIAN_POINT ( 'NONE',  ( -10.32666086287346600, 10.50698126029795900, 4.726646241296699600 ) ) ;
#2392 = ADVANCED_FACE ( 'NONE', ( #2193 ), #3613, .F. ) ;
#2393 = PRESENTATION_STYLE_ASSIGNMENT (( #2434 ) ) ;
#2394 = EDGE_CURVE ( 'NONE', #1760, #3512, #1065, .T. ) ;
#2395 =( BOUNDED_CURVE ( )  B_SPLINE_CURVE ( 3, ( #1748, #1477, #2559, #3441 ),
 .UNSPECIFIED., .F., .F. ) 
 B_SPLINE_CURVE_WITH_KNOTS ( ( 4, 4 ),
 ( 5.497811512779822600, 7.068559101579349900 ),
 .UNSPECIFIED. ) 
 CURVE ( )  GEOMETRIC_REPRESENTATION_ITEM ( )  RATIONAL_B_SPLINE_CURVE ( ( 1.000000000000000000, 0.8047493416400681700, 0.8047493416400681700, 1.000000000000000000 ) ) 
 REPRESENTATION_ITEM ( '' )  );
#2396 = LINE ( 'NONE', #2260, #3640 ) ;
#2397 = LINE ( 'NONE', #2936, #881 ) ;
#2398 =( NAMED_UNIT ( * ) SI_UNIT ( $, .STERADIAN. ) SOLID_ANGLE_UNIT ( ) );
#2399 = EDGE_CURVE ( 'NONE', #2119, #2234, #415, .T. ) ;
#2400 = AXIS2_PLACEMENT_3D ( 'NONE', #1157, #322, #2925 ) ;
#2401 = LINE ( 'NONE', #220, #3646 ) ;
#2402 = DIRECTION ( 'NONE',  ( 0.0000000000000000000, -0.0000000000000000000, -1.000000000000000000 ) ) ;
#2403 = CARTESIAN_POINT ( 'NONE',  ( 4.069999999999999400, -4.599999999999999600, -1.310000000000000500 ) ) ;
#2404 = FACE_OUTER_BOUND ( 'NONE', #2413, .T. ) ;
#2405 = FILL_AREA_STYLE_COLOUR ( '', #401 ) ;
#2406 =( GEOMETRIC_REPRESENTATION_CONTEXT ( 3 ) GLOBAL_UNCERTAINTY_ASSIGNED_CONTEXT ( ( #3649 ) ) GLOBAL_UNIT_ASSIGNED_CONTEXT ( ( #6, #1170, #1995 ) ) REPRESENTATION_CONTEXT ( 'NONE', 'WORKASPACE' ) );
#2407 = ORIENTED_EDGE ( 'NONE', *, *, #2325, .T. ) ;
#2408 = VECTOR ( 'NONE', #2122, 1000.000000000000000 ) ;
#2409 = ORIENTED_EDGE ( 'NONE', *, *, #2506, .T. ) ;
#2410 = DIRECTION ( 'NONE',  ( -1.000000000000000000, -0.0000000000000000000, 0.0000000000000000000 ) ) ;
#2411 = VECTOR ( 'NONE', #13, 1000.000000000000000 ) ;
#2412 = PLANE ( 'NONE',  #90 ) ;
#2413 = EDGE_LOOP ( 'NONE', ( #2520, #649, #1838, #851, #991, #1892 ) ) ;
#2414 = SURFACE_SIDE_STYLE ('',( #3608 ) ) ;
#2415 = DIRECTION ( 'NONE',  ( -0.0000000000000000000, -0.0000000000000000000, 1.000000000000000000 ) ) ;
#2416 = ORIENTED_EDGE ( 'NONE', *, *, #2372, .T. ) ;
#2417 = ORIENTED_EDGE ( 'NONE', *, *, #932, .T. ) ;
#2418 = DIRECTION ( 'NONE',  ( 0.006981090177863988900, 0.9999512631922903300, -0.006981090177864154500 ) ) ;
#2419 = ORIENTED_EDGE ( 'NONE', *, *, #391, .F. ) ;
#2420 = ORIENTED_EDGE ( 'NONE', *, *, #176, .T. ) ;
#2421 = ORIENTED_EDGE ( 'NONE', *, *, #2482, .F. ) ;
#2422 = ADVANCED_FACE ( 'NONE', ( #1825 ), #3349, .F. ) ;
#2423 =( NAMED_UNIT ( * ) SI_UNIT ( $, .STERADIAN. ) SOLID_ANGLE_UNIT ( ) );
#2424 = ORIENTED_EDGE ( 'NONE', *, *, #380, .F. ) ;
#2425 = CARTESIAN_POINT ( 'NONE',  ( 0.0000000000000000000, 0.0000000000000000000, 4.500000000000001800 ) ) ;
#2426 = CARTESIAN_POINT ( 'NONE',  ( 0.0000000000000000000, -4.599999999999999600, -1.310000000000000500 ) ) ;
#2427 = DIRECTION ( 'NONE',  ( -0.0000000000000000000, 0.0000000000000000000, 1.000000000000000000 ) ) ;
#2428 = COLOUR_RGB ( '',0.0000000000000000000, 0.0000000000000000000, 0.0000000000000000000 ) ;
#2429 = FACE_OUTER_BOUND ( 'NONE', #2874, .T. ) ;
#2430 = VECTOR ( 'NONE', #2185, 1000.000000000000000 ) ;
#2431 = AXIS2_PLACEMENT_3D ( 'NONE', #3216, #3501, #3259 ) ;
#2432 = UNCERTAINTY_MEASURE_WITH_UNIT (LENGTH_MEASURE( 1.000000000000000100E-005 ), #271, 'distance_accuracy_value', 'NONE');
#2433 = EDGE_CURVE ( 'NONE', #2890, #2243, #1021, .T. ) ;
#2434 = SURFACE_STYLE_USAGE ( .BOTH. , #1304 ) ;
#2435 = PRESENTATION_STYLE_ASSIGNMENT (( #1199 ) ) ;
#2436 = CIRCLE ( 'NONE', #1188, 0.6000000000000002000 ) ;
#2437 = DIRECTION ( 'NONE',  ( 0.0000000000000000000, 0.0000000000000000000, -1.000000000000000000 ) ) ;
#2438 = DIRECTION ( 'NONE',  ( -1.000000000000000000, 0.0000000000000000000, 0.0000000000000000000 ) ) ;
#2439 = CARTESIAN_POINT ( 'NONE',  ( 0.0000000000000000000, -4.599999999999999600, 0.0000000000000000000 ) ) ;
#2440 = COLOUR_RGB ( '',0.0000000000000000000, 0.0000000000000000000, 0.0000000000000000000 ) ;
#2441 =( LENGTH_UNIT ( ) NAMED_UNIT ( * ) SI_UNIT ( .MILLI., .METRE. ) );
#2442 = ADVANCED_FACE ( 'NONE', ( #1794 ), #3129, .F. ) ;
#2443 = EDGE_CURVE ( 'NONE', #870, #2197, #101, .T. ) ;
#2444 = VECTOR ( 'NONE', #1277, 1000.000000000000000 ) ;
#2445 = CARTESIAN_POINT ( 'NONE',  ( -9.926670610591310500, 11.50000000000000000, 0.0000000000000000000 ) ) ;
#2446 = PLANE ( 'NONE',  #296 ) ;
#2447 = FACE_BOUND ( 'NONE', #104, .T. ) ;
#2448 = CARTESIAN_POINT ( 'NONE',  ( 4.049999999999999800, -0.1999999999999999800, -4.500000000000001800 ) ) ;
#2449 =( NAMED_UNIT ( * ) SI_UNIT ( $, .STERADIAN. ) SOLID_ANGLE_UNIT ( ) );
#2450 = ORIENTED_EDGE ( 'NONE', *, *, #3597, .F. ) ;
#2451 = ADVANCED_FACE ( 'NONE', ( #1967 ), #670, .T. ) ;
#2452 = LINE ( 'NONE', #3609, #1018 ) ;
#2453 = CARTESIAN_POINT ( 'NONE',  ( -6.550000000000000700, -0.5000000000000000000, 4.799999999999999800 ) ) ;
#2454 = COLOUR_RGB ( '',0.0000000000000000000, 0.0000000000000000000, 0.0000000000000000000 ) ;
#2455 = ORIENTED_EDGE ( 'NONE', *, *, #665, .T. ) ;
#2456 = AXIS2_PLACEMENT_3D ( 'NONE', #2626, #2296, #2910 ) ;
#2457 = EDGE_CURVE ( 'NONE', #2572, #1034, #1696, .T. ) ;
#2458 = ORIENTED_EDGE ( 'NONE', *, *, #573, .F. ) ;
#2459 = FACE_OUTER_BOUND ( 'NONE', #912, .T. ) ;
#2460 = ORIENTED_EDGE ( 'NONE', *, *, #3284, .F. ) ;
#2461 = ORIENTED_EDGE ( 'NONE', *, *, #1722, .T. ) ;
#2462 =( NAMED_UNIT ( * ) PLANE_ANGLE_UNIT ( ) SI_UNIT ( $, .RADIAN. ) );
#2463 = CARTESIAN_POINT ( 'NONE',  ( -11.00000000000000000, 10.50698126029796100, 4.726646241296698700 ) ) ;
#2464 = PLANE ( 'NONE',  #3167 ) ;
#2465 = VECTOR ( 'NONE', #3164, 1000.000000000000000 ) ;
#2466 = ORIENTED_EDGE ( 'NONE', *, *, #1496, .T. ) ;
#2467 = AXIS2_PLACEMENT_3D ( 'NONE', #769, #3380, #1888 ) ;
#2468 = LINE ( 'NONE', #3170, #204 ) ;
#2469 = LINE ( 'NONE', #2011, #386 ) ;
#2470 = ORIENTED_EDGE ( 'NONE', *, *, #1162, .F. ) ;
#2471 = FILL_AREA_STYLE_COLOUR ( '', #1646 ) ;
#2472 = VECTOR ( 'NONE', #751, 1000.000000000000000 ) ;
#2473 = ORIENTED_EDGE ( 'NONE', *, *, #1443, .F. ) ;
#2474 = CARTESIAN_POINT ( 'NONE',  ( 0.0000000000000000000, -4.000000000000000000, -4.799999999999999800 ) ) ;
#2475 = DIRECTION ( 'NONE',  ( 1.000000000000000000, 0.0000000000000000000, 0.0000000000000000000 ) ) ;
#2476 = CARTESIAN_POINT ( 'NONE',  ( -10.40004386223621900, -0.008377104074294480100, 4.200043862236214000 ) ) ;
#2477 = LINE ( 'NONE', #808, #1191 ) ;
#2478 = MECHANICAL_DESIGN_GEOMETRIC_PRESENTATION_REPRESENTATION (  '', ( #812 ), #3437 ) ;
#2479 = CARTESIAN_POINT ( 'NONE',  ( 6.550000000000000700, -4.000000000000000000, -4.500000000000001800 ) ) ;
#2480 = DIRECTION ( 'NONE',  ( 0.0000000000000000000, 0.0000000000000000000, 1.000000000000000000 ) ) ;
#2481 = LINE ( 'NONE', #536, #2134 ) ;
#2482 = EDGE_CURVE ( 'NONE', #1760, #2577, #2803, .T. ) ;
#2483 = UNCERTAINTY_MEASURE_WITH_UNIT (LENGTH_MEASURE( 1.000000000000000100E-005 ), #3669, 'distance_accuracy_value', 'NONE');
#2484 = PRESENTATION_STYLE_ASSIGNMENT (( #3491 ) ) ;
#2485 = EDGE_CURVE ( 'NONE', #1672, #717, #1430, .T. ) ;
#2486 = CARTESIAN_POINT ( 'NONE',  ( 10.85699799546397100, 10.90463574984752000, 4.656997995463974900 ) ) ;
#2487 = CARTESIAN_POINT ( 'NONE',  ( -10.53883510392918100, 11.30139713574537700, -3.971536407926429000 ) ) ;
#2488 = FACE_OUTER_BOUND ( 'NONE', #1549, .T. ) ;
#2489 = PRESENTATION_STYLE_ASSIGNMENT (( #1571 ) ) ;
#2490 = DIRECTION ( 'NONE',  ( 0.0000000000000000000, 0.9999756307053947500, 0.006981260297961568200 ) ) ;
#2491 = CARTESIAN_POINT ( 'NONE',  ( 11.00000000000000000, 0.0000000000000000000, 0.0000000000000000000 ) ) ;
#2492 = LINE ( 'NONE', #1912, #2813 ) ;
#2493 = CARTESIAN_POINT ( 'NONE',  ( 0.0000000000000000000, 11.50000000000000000, 3.726670610591305000 ) ) ;
#2494 = FACE_OUTER_BOUND ( 'NONE', #3031, .T. ) ;
#2495 = COLOUR_RGB ( '',0.0000000000000000000, 0.0000000000000000000, 0.0000000000000000000 ) ;
#2496 = FACE_OUTER_BOUND ( 'NONE', #3142, .T. ) ;
#2497 = CIRCLE ( 'NONE', #78, 0.2999999999999999300 ) ;
#2498 = VECTOR ( 'NONE', #340, 1000.000000000000000 ) ;
#2499 = ORIENTED_EDGE ( 'NONE', *, *, #611, .T. ) ;
#2500 = PRESENTATION_LAYER_ASSIGNMENT (  '', '', ( #2384 ) ) ;
#2501 = FACE_OUTER_BOUND ( 'NONE', #346, .T. ) ;
#2502 = ADVANCED_FACE ( 'NONE', ( #1338 ), #1212, .F. ) ;
#2503 = STYLED_ITEM ( 'NONE', ( #2484 ), #3263 ) ;
#2504 = VERTEX_POINT ( 'NONE', #1695 ) ;
#2505 = STYLED_ITEM ( 'NONE', ( #214 ), #1341 ) ;
#2506 = EDGE_CURVE ( 'NONE', #2690, #1346, #1869, .T. ) ;
#2507 = SURFACE_SIDE_STYLE ('',( #2131 ) ) ;
#2508 = ORIENTED_EDGE ( 'NONE', *, *, #3597, .T. ) ;
#2509 = CARTESIAN_POINT ( 'NONE',  ( 10.22728616133099100, 11.15978290486130000, 4.478320954541981500 ) ) ;
#2510 = PRODUCT ( 'RDL10W', 'RDL10W', '', ( #3401 ) ) ;
#2511 = ORIENTED_EDGE ( 'NONE', *, *, #2830, .F. ) ;
#2512 = CARTESIAN_POINT ( 'NONE',  ( -4.049999999999999800, -0.5000000000000000000, 4.799999999999999800 ) ) ;
#2513 = EDGE_LOOP ( 'NONE', ( #1445, #1626, #3542, #3636 ) ) ;
#2514 = EDGE_CURVE ( 'NONE', #3054, #1302, #2549, .T. ) ;
#2515 = ADVANCED_FACE ( 'NONE', ( #2815 ), #2065, .T. ) ;
#2516 = ORIENTED_EDGE ( 'NONE', *, *, #1496, .F. ) ;
#2517 = EDGE_LOOP ( 'NONE', ( #2409, #466, #1978, #2841 ) ) ;
#2518 = DIRECTION ( 'NONE',  ( -1.000000000000000000, 0.0000000000000000000, 0.0000000000000000000 ) ) ;
#2519 = DIRECTION ( 'NONE',  ( 0.0000000000000000000, 0.0000000000000000000, 1.000000000000000000 ) ) ;
#2520 = ORIENTED_EDGE ( 'NONE', *, *, #1913, .T. ) ;
#2521 = CARTESIAN_POINT ( 'NONE',  ( -6.590000000000002500, 0.0000000000000000000, -0.9100000000000000300 ) ) ;
#2522 = CARTESIAN_POINT ( 'NONE',  ( -9.129999999999999000, -4.599999999999999600, -1.310000000000000500 ) ) ;
#2523 = VECTOR ( 'NONE', #741, 1000.000000000000000 ) ;
#2524 = ORIENTED_EDGE ( 'NONE', *, *, #886, .T. ) ;
#2525 = PRESENTATION_LAYER_ASSIGNMENT (  '', '', ( #2994 ) ) ;
#2526 = VERTEX_POINT ( 'NONE', #2899 ) ;
#2527 =( LENGTH_UNIT ( ) NAMED_UNIT ( * ) SI_UNIT ( .MILLI., .METRE. ) );
#2528 = LINE ( 'NONE', #623, #3035 ) ;
#2529 = VECTOR ( 'NONE', #3256, 1000.000000000000000 ) ;
#2530 = PLANE ( 'NONE',  #1904 ) ;
#2531 = STYLED_ITEM ( 'NONE', ( #48 ), #3379 ) ;
#2532 = CARTESIAN_POINT ( 'NONE',  ( -10.54198158504092600, 11.29097287856543200, 3.972732906642740600 ) ) ;
#2533 = CIRCLE ( 'NONE', #3119, 0.2999999999999999300 ) ;
#2534 = DIRECTION ( 'NONE',  ( 1.000000000000000000, -0.0000000000000000000, 0.0000000000000000000 ) ) ;
#2535 = CARTESIAN_POINT ( 'NONE',  ( 10.29743087803505800, 11.42873286767722400, 3.874970635804454700 ) ) ;
#2536 = AXIS2_PLACEMENT_3D ( 'NONE', #2896, #1189, #1126 ) ;
#2537 = EDGE_CURVE ( 'NONE', #252, #3325, #2058, .T. ) ;
#2538 = DIRECTION ( 'NONE',  ( 1.000000000000000000, -0.0000000000000000000, 0.0000000000000000000 ) ) ;
#2539 = PRESENTATION_STYLE_ASSIGNMENT (( #857 ) ) ;
#2540 = LINE ( 'NONE', #1830, #314 ) ;
#2541 = DIRECTION ( 'NONE',  ( 1.000000000000000000, 0.0000000000000000000, 0.0000000000000000000 ) ) ;
#2542 = DIRECTION ( 'NONE',  ( -0.0000000000000000000, 0.0000000000000000000, 1.000000000000000000 ) ) ;
#2543 = CARTESIAN_POINT ( 'NONE',  ( -4.049999999999999800, 0.0000000000000000000, -4.500000000000001800 ) ) ;
#2544 = PRESENTATION_LAYER_ASSIGNMENT (  '', '', ( #1255 ) ) ;
#2545 = CARTESIAN_POINT ( 'NONE',  ( -10.58962636129645700, 11.25095923623061200, 3.991853676701082600 ) ) ;
#2546 = LINE ( 'NONE', #3513, #3089 ) ;
#2547 = SURFACE_SIDE_STYLE ('',( #3069 ) ) ;
#2548 =( NAMED_UNIT ( * ) PLANE_ANGLE_UNIT ( ) SI_UNIT ( $, .RADIAN. ) );
#2549 = LINE ( 'NONE', #2338, #3486 ) ;
#2550 = VERTEX_POINT ( 'NONE', #2639 ) ;
#2551 =( NAMED_UNIT ( * ) PLANE_ANGLE_UNIT ( ) SI_UNIT ( $, .RADIAN. ) );
#2552 = ORIENTED_EDGE ( 'NONE', *, *, #2130, .T. ) ;
#2553 = CARTESIAN_POINT ( 'NONE',  ( 6.250000000000000000, -0.2000000000000000100, 0.0000000000000000000 ) ) ;
#2554 = MECHANICAL_DESIGN_GEOMETRIC_PRESENTATION_REPRESENTATION (  '', ( #2503 ), #2751 ) ;
#2555 = CARTESIAN_POINT ( 'NONE',  ( 10.18725614089039400, 11.47420630358269000, 3.830904822710915300 ) ) ;
#2556 = DIRECTION ( 'NONE',  ( -0.0000000000000000000, -1.000000000000000000, 0.0000000000000000000 ) ) ;
#2557 = ORIENTED_EDGE ( 'NONE', *, *, #659, .T. ) ;
#2558 = UNCERTAINTY_MEASURE_WITH_UNIT (LENGTH_MEASURE( 1.000000000000000100E-005 ), #435, 'distance_accuracy_value', 'NONE');
#2559 = CARTESIAN_POINT ( 'NONE',  ( -10.75148146659742700, 0.0000000000000000000, 4.800000000000000700 ) ) ;
#2560 = DIRECTION ( 'NONE',  ( 1.000000000000000000, 0.0000000000000000000, 0.0000000000000000000 ) ) ;
#2561 = CARTESIAN_POINT ( 'NONE',  ( 10.18415366601698800, 11.46683188747822200, 3.829467524147655700 ) ) ;
#2562 = ORIENTED_EDGE ( 'NONE', *, *, #794, .T. ) ;
#2563 = ORIENTED_EDGE ( 'NONE', *, *, #94, .F. ) ;
#2564 = DIRECTION ( 'NONE',  ( 1.000000000000000000, 0.0000000000000000000, -0.0000000000000000000 ) ) ;
#2565 = CARTESIAN_POINT ( 'NONE',  ( 10.87378385142087300, 10.82744799779385600, -4.105515906923119300 ) ) ;
#2566 = PRESENTATION_STYLE_ASSIGNMENT (( #3434 ) ) ;
#2567 = ORIENTED_EDGE ( 'NONE', *, *, #2254, .T. ) ;
#2568 = PRESENTATION_LAYER_ASSIGNMENT (  '', '', ( #3147 ) ) ;
#2569 = EDGE_CURVE ( 'NONE', #2020, #2944, #714, .T. ) ;
#2570 = DIRECTION ( 'NONE',  ( -1.000000000000000000, 0.0000000000000000000, 0.0000000000000000000 ) ) ;
#2571 = CIRCLE ( 'NONE', #2456, 0.2999999999999999300 ) ;
#2572 = VERTEX_POINT ( 'NONE', #2600 ) ;
#2573 = CARTESIAN_POINT ( 'NONE',  ( 10.12729269955187700, 11.37488576364193100, 4.228225832992781500 ) ) ;
#2574 = DIRECTION ( 'NONE',  ( 0.0000000000000000000, 1.000000000000000000, 0.0000000000000000000 ) ) ;
#2575 = AXIS2_PLACEMENT_3D ( 'NONE', #633, #2358, #3446 ) ;
#2576 = VECTOR ( 'NONE', #2666, 1000.000000000000000 ) ;
#2577 = VERTEX_POINT ( 'NONE', #1507 ) ;
#2578 = CARTESIAN_POINT ( 'NONE',  ( 10.40001462157677100, -1.960604151376772100E-017, 4.799999999999999800 ) ) ;
#2579 = DIRECTION ( 'NONE',  ( 0.0000000000000000000, 0.006981260297960499600, -0.9999756307053947500 ) ) ;
#2580 =( GEOMETRIC_REPRESENTATION_CONTEXT ( 3 ) GLOBAL_UNCERTAINTY_ASSIGNED_CONTEXT ( ( #1887 ) ) GLOBAL_UNIT_ASSIGNED_CONTEXT ( ( #2373, #2940, #2386 ) ) REPRESENTATION_CONTEXT ( 'NONE', 'WORKASPACE' ) );
#2581 = CARTESIAN_POINT ( 'NONE',  ( 10.32647890424121900, 10.57213930072083500, -4.726191344970501100 ) ) ;
#2582 = SURFACE_SIDE_STYLE ('',( #120 ) ) ;
#2583 = CARTESIAN_POINT ( 'NONE',  ( -10.92664624129670300, 10.50698126029795900, 4.126660862873464500 ) ) ;
#2584 = FACE_OUTER_BOUND ( 'NONE', #295, .T. ) ;
#2585 = PLANE ( 'NONE',  #2536 ) ;
#2586 = CARTESIAN_POINT ( 'NONE',  ( 4.049999999999999800, -0.5000000000000000000, 4.799999999999999800 ) ) ;
#2587 = AXIS2_PLACEMENT_3D ( 'NONE', #2321, #2181, #1947 ) ;
#2588 = EDGE_CURVE ( 'NONE', #1552, #206, #3269, .T. ) ;
#2589 = CARTESIAN_POINT ( 'NONE',  ( 3.569999999999999800, 0.0000000000000000000, -1.310000000000000500 ) ) ;
#2590 = DIRECTION ( 'NONE',  ( 0.0000000000000000000, 0.0000000000000000000, -1.000000000000000000 ) ) ;
#2591 = DIRECTION ( 'NONE',  ( 1.000000000000000000, 2.168404344971010300E-016, 0.0000000000000000000 ) ) ;
#2592 = COLOUR_RGB ( '',0.0000000000000000000, 0.0000000000000000000, 0.0000000000000000000 ) ;
#2593 = CARTESIAN_POINT ( 'NONE',  ( 6.250000000000000000, -0.5000000000000000000, -4.799999999999999800 ) ) ;
#2594 = ORIENTED_EDGE ( 'NONE', *, *, #3495, .T. ) ;
#2595 = MECHANICAL_DESIGN_GEOMETRIC_PRESENTATION_REPRESENTATION (  '', ( #1255 ), #1324 ) ;
#2596 = CARTESIAN_POINT ( 'NONE',  ( -4.799999999999999800, -0.5100000000000000100, 4.799999999999999800 ) ) ;
#2597 = CARTESIAN_POINT ( 'NONE',  ( 10.07159983650235100, 11.43206424550691100, -4.088993781191145000 ) ) ;
#2598 = CARTESIAN_POINT ( 'NONE',  ( -10.27450347067476400, 10.99661817892587300, -4.597219106690555000 ) ) ;
#2599 = ORIENTED_EDGE ( 'NONE', *, *, #2091, .F. ) ;
#2600 = CARTESIAN_POINT ( 'NONE',  ( -6.590000000000002500, -4.599999999999999600, -1.310000000000000500 ) ) ;
#2601 =( LENGTH_UNIT ( ) NAMED_UNIT ( * ) SI_UNIT ( .MILLI., .METRE. ) );
#2602 = ORIENTED_EDGE ( 'NONE', *, *, #352, .T. ) ;
#2603 = EDGE_LOOP ( 'NONE', ( #648, #3453, #185, #2608 ) ) ;
#2604 = VERTEX_POINT ( 'NONE', #2075 ) ;
#2605 = UNCERTAINTY_MEASURE_WITH_UNIT (LENGTH_MEASURE( 1.000000000000000100E-005 ), #1795, 'distance_accuracy_value', 'NONE');
#2606 = CARTESIAN_POINT ( 'NONE',  ( -10.91047253473730400, 10.71775445289561400, 4.710472534737293800 ) ) ;
#2607 = DIRECTION ( 'NONE',  ( 1.000000000000000000, 0.0000000000000000000, 0.0000000000000000000 ) ) ;
#2608 = ORIENTED_EDGE ( 'NONE', *, *, #123, .T. ) ;
#2609 = ORIENTED_EDGE ( 'NONE', *, *, #2349, .T. ) ;
#2610 = CARTESIAN_POINT ( 'NONE',  ( -4.049999999999999800, -0.5000000000000000000, 4.500000000000001800 ) ) ;
#2611 = CARTESIAN_POINT ( 'NONE',  ( -5.100000000000000500, -4.000000000000000000, 4.500000000000001800 ) ) ;
#2612 = EDGE_CURVE ( 'NONE', #2703, #2550, #2497, .T. ) ;
#2613 = CARTESIAN_POINT ( 'NONE',  ( -10.40001462157676000, -1.475171933834867200E-021, -4.799999999999999800 ) ) ;
#2614 = CARTESIAN_POINT ( 'NONE',  ( 10.16013875025350900, 11.31256114320419600, -4.310530001475313200 ) ) ;
#2615 = COLOUR_RGB ( '',0.0000000000000000000, 0.0000000000000000000, 0.0000000000000000000 ) ;
#2616 = ORIENTED_EDGE ( 'NONE', *, *, #2881, .F. ) ;
#2617 = CARTESIAN_POINT ( 'NONE',  ( -6.550000000000000700, -4.000000000000000000, 4.500000000000001800 ) ) ;
#2618 = DIRECTION ( 'NONE',  ( 0.0000000000000000000, 0.006981260297961560400, -0.9999756307053947500 ) ) ;
#2619 = CARTESIAN_POINT ( 'NONE',  ( 10.11135110625116700, 11.48981571149361600, -3.911351106251113900 ) ) ;
#2620 = LINE ( 'NONE', #897, #1631 ) ;
#2621 = ORIENTED_EDGE ( 'NONE', *, *, #3459, .T. ) ;
#2622 = SURFACE_SIDE_STYLE ('',( #1666 ) ) ;
#2623 = SURFACE_STYLE_FILL_AREA ( #1578 ) ;
#2624 = CARTESIAN_POINT ( 'NONE',  ( 0.0000000000000000000, 0.0000000000000000000, 4.799999999999999800 ) ) ;
#2625 = CYLINDRICAL_SURFACE ( 'NONE', #610, 1.000000000000000400 ) ;
#2626 = CARTESIAN_POINT ( 'NONE',  ( -5.500000000000000000, -3.700000000000000200, 4.799999999999999800 ) ) ;
#2627 = LINE ( 'NONE', #2808, #737 ) ;
#2628 = DIRECTION ( 'NONE',  ( 0.0000000000000000000, 0.0000000000000000000, -1.000000000000000000 ) ) ;
#2629 = CARTESIAN_POINT ( 'NONE',  ( 10.80346997579632700, 10.99820240143235800, 4.076921608049287800 ) ) ;
#2630 = CYLINDRICAL_SURFACE ( 'NONE', #1525, 0.2999999999999999300 ) ;
#2631 = CARTESIAN_POINT ( 'NONE',  ( -10.91934787504078500, 10.63724988177732700, -4.123741516371089800 ) ) ;
#2632 = CARTESIAN_POINT ( 'NONE',  ( -5.799999999999999800, -0.5100000000000001200, 4.790000000000000000 ) ) ;
#2633 = AXIS2_PLACEMENT_3D ( 'NONE', #797, #1096, #3090 ) ;
#2634 = LINE ( 'NONE', #3622, #926 ) ;
#2635 = AXIS2_PLACEMENT_3D ( 'NONE', #2778, #223, #497 ) ;
#2636 = CARTESIAN_POINT ( 'NONE',  ( 10.05162544324481100, 11.44998756672878800, -4.039231387801504700 ) ) ;
#2637 = LINE ( 'NONE', #2578, #1861 ) ;
#2638 = CARTESIAN_POINT ( 'NONE',  ( 10.87378385142085500, 10.82744799779392000, -4.105515906923321800 ) ) ;
#2639 = CARTESIAN_POINT ( 'NONE',  ( 6.250000000000000000, -0.5000000000000000000, -4.500000000000001800 ) ) ;
#2640 = EDGE_CURVE ( 'NONE', #1719, #824, #978, .T. ) ;
#2641 = PRESENTATION_STYLE_ASSIGNMENT (( #1457 ) ) ;
#2642 = CARTESIAN_POINT ( 'NONE',  ( -10.72377453718062800, 11.11774433732766500, -4.045512181227057800 ) ) ;
#2643 = LINE ( 'NONE', #2376, #448 ) ;
#2644 = DIRECTION ( 'NONE',  ( -0.0000000000000000000, -1.000000000000000000, -0.0000000000000000000 ) ) ;
#2645 = EDGE_LOOP ( 'NONE', ( #1274, #1160, #1265, #144, #162, #917, #3013, #2473, #3194, #811, #2450, #1625 ) ) ;
#2646 = LINE ( 'NONE', #1529, #893 ) ;
#2647 =( NAMED_UNIT ( * ) PLANE_ANGLE_UNIT ( ) SI_UNIT ( $, .RADIAN. ) );
#2648 = FILL_AREA_STYLE ('',( #883 ) ) ;
#2649 = ORIENTED_EDGE ( 'NONE', *, *, #2137, .T. ) ;
#2650 = CARTESIAN_POINT ( 'NONE',  ( -6.089999999999999900, 0.0000000000000000000, -1.310000000000000500 ) ) ;
#2651 = DIRECTION ( 'NONE',  ( 0.0000000000000000000, 0.0000000000000000000, 1.000000000000000000 ) ) ;
#2652 = CARTESIAN_POINT ( 'NONE',  ( 0.0000000000000000000, 0.0000000000000000000, -0.9100000000000000300 ) ) ;
#2653 = MECHANICAL_DESIGN_GEOMETRIC_PRESENTATION_REPRESENTATION (  '', ( #2384 ), #2701 ) ;
#2654 = ORIENTED_EDGE ( 'NONE', *, *, #1590, .T. ) ;
#2655 = CARTESIAN_POINT ( 'NONE',  ( 5.799999999999999800, -0.5000000000000000000, -4.500000000000001800 ) ) ;
#2656 = LINE ( 'NONE', #821, #287 ) ;
#2657 = ORIENTED_EDGE ( 'NONE', *, *, #2266, .T. ) ;
#2658 = ORIENTED_EDGE ( 'NONE', *, *, #1677, .F. ) ;
#2659 = CARTESIAN_POINT ( 'NONE',  ( -4.049999999999999800, -0.1999999999999999800, 4.799999999999999800 ) ) ;
#2660 = LINE ( 'NONE', #483, #161 ) ;
#2661 = ORIENTED_EDGE ( 'NONE', *, *, #339, .F. ) ;
#2662 = PRESENTATION_LAYER_ASSIGNMENT (  '', '', ( #3673 ) ) ;
#2663 = SURFACE_SIDE_STYLE ('',( #1855 ) ) ;
#2664 = FACE_OUTER_BOUND ( 'NONE', #2375, .T. ) ;
#2665 = ORIENTED_EDGE ( 'NONE', *, *, #490, .F. ) ;
#2666 = DIRECTION ( 'NONE',  ( -1.000000000000000000, 0.0000000000000000000, -0.0000000000000000000 ) ) ;
#2667 = EDGE_CURVE ( 'NONE', #558, #2151, #634, .T. ) ;
#2668 =( NAMED_UNIT ( * ) PLANE_ANGLE_UNIT ( ) SI_UNIT ( $, .RADIAN. ) );
#2669 = FACE_OUTER_BOUND ( 'NONE', #597, .T. ) ;
#2670 = ORIENTED_EDGE ( 'NONE', *, *, #3546, .F. ) ;
#2671 = DIRECTION ( 'NONE',  ( 0.0000000000000000000, 0.0000000000000000000, 1.000000000000000000 ) ) ;
#2672 = CARTESIAN_POINT ( 'NONE',  ( 9.926670610591299800, 11.50000000000000200, -3.726670610591305000 ) ) ;
#2673 =( NAMED_UNIT ( * ) PLANE_ANGLE_UNIT ( ) SI_UNIT ( $, .RADIAN. ) );
#2674 = VECTOR ( 'NONE', #331, 1000.000000000000000 ) ;
#2675 = VECTOR ( 'NONE', #2224, 1000.000000000000000 ) ;
#2676 = STYLED_ITEM ( 'NONE', ( #2393 ), #696 ) ;
#2677 =( LENGTH_UNIT ( ) NAMED_UNIT ( * ) SI_UNIT ( .MILLI., .METRE. ) );
#2678 = DIRECTION ( 'NONE',  ( 0.0000000000000000000, 0.0000000000000000000, -1.000000000000000000 ) ) ;
#2679 = COLOUR_RGB ( '',0.0000000000000000000, 0.0000000000000000000, 0.0000000000000000000 ) ;
#2680 = CARTESIAN_POINT ( 'NONE',  ( 10.99999999999999800, 0.0000000000000000000, -4.551481466597421000 ) ) ;
#2681 = UNCERTAINTY_MEASURE_WITH_UNIT (LENGTH_MEASURE( 1.000000000000000100E-005 ), #1474, 'distance_accuracy_value', 'NONE');
#2682 = SURFACE_SIDE_STYLE ('',( #1570 ) ) ;
#2683 = CARTESIAN_POINT ( 'NONE',  ( 4.799999999999999800, -0.5100000000000000100, -4.799999999999999800 ) ) ;
#2684 = LINE ( 'NONE', #3171, #1330 ) ;
#2685 = ADVANCED_FACE ( 'NONE', ( #3092 ), #371, .F. ) ;
#2686 = B_SPLINE_CURVE_WITH_KNOTS ( 'NONE', 3,
 ( #909, #51, #3210, #622, #2023, #1492, #1156, #2638, #2039, #3429, #3479, #1778 ),
 .UNSPECIFIED., .F., .F.,
 ( 4, 2, 2, 2, 2, 4 ),
 ( 0.0000000000000000000, 0.2500000000000000000, 0.5000000000000000000, 0.7500000000000000000, 0.8750000000000000000, 1.000000000000000000 ),
 .UNSPECIFIED. ) ;
#2687 = EDGE_CURVE ( 'NONE', #3449, #2526, #3397, .T. ) ;
#2688 = VECTOR ( 'NONE', #575, 1000.000000000000000 ) ;
#2689 = CARTESIAN_POINT ( 'NONE',  ( -4.799999999999999800, -0.5100000000000000100, 4.790000000000000000 ) ) ;
#2690 = VERTEX_POINT ( 'NONE', #114 ) ;
#2691 = DIRECTION ( 'NONE',  ( 0.0000000000000000000, -0.0000000000000000000, -1.000000000000000000 ) ) ;
#2692 = LINE ( 'NONE', #988, #146 ) ;
#2693 = VECTOR ( 'NONE', #1028, 1000.000000000000000 ) ;
#2694 = DIRECTION ( 'NONE',  ( 0.0000000000000000000, -1.000000000000000000, 0.0000000000000000000 ) ) ;
#2695 = CARTESIAN_POINT ( 'NONE',  ( -4.049999999999999800, 0.0000000000000000000, -1.310000000000000500 ) ) ;
#2696 = ORIENTED_EDGE ( 'NONE', *, *, #1943, .T. ) ;
#2697 = CLOSED_SHELL ( 'NONE', ( #262, #2236, #2773, #1236, #1341, #103, #1393, #3541, #1577, #1030, #187, #3251, #2502, #1303, #3612, #2118, #1872, #1959, #2442, #173, #2805, #2685, #763, #784, #3598, #3007, #126, #2700, #398, #1879, #696, #1037, #2136, #1099, #2178, #439, #989, #2451, #1910, #3302, #3263, #739, #1599, #3379, #3342, #1848, #2818, #1563, #3639, #1658, #1334, #3667, #1816, #3285, #966, #155, #1900, #1540, #2392, #1403, #1270, #2377, #2168, #3575, #1288, #2766, #1251, #2150, #2099, #2719, #1373, #1006, #776, #3026, #199, #2515, #2992, #1380, #949, #225, #796, #1934, #1366, #2970, #2422, #3556, #2826, #417, #727, #1857, #672, #3099 ) ) ;
#2698 = CARTESIAN_POINT ( 'NONE',  ( -10.29801000595610800, 11.44502904687313600, 4.098010005956159500 ) ) ;
#2699 = ORIENTED_EDGE ( 'NONE', *, *, #2506, .F. ) ;
#2700 = ADVANCED_FACE ( 'NONE', ( #2106 ), #3520, .F. ) ;
#2701 =( GEOMETRIC_REPRESENTATION_CONTEXT ( 3 ) GLOBAL_UNCERTAINTY_ASSIGNED_CONTEXT ( ( #495 ) ) GLOBAL_UNIT_ASSIGNED_CONTEXT ( ( #3432, #44, #2027 ) ) REPRESENTATION_CONTEXT ( 'NONE', 'WORKASPACE' ) );
#2702 = VERTEX_POINT ( 'NONE', #2987 ) ;
#2703 = VERTEX_POINT ( 'NONE', #420 ) ;
#2704 = DIRECTION ( 'NONE',  ( 0.0000000000000000000, 0.0000000000000000000, -1.000000000000000000 ) ) ;
#2705 = SURFACE_STYLE_USAGE ( .BOTH. , #963 ) ;
#2706 = DIRECTION ( 'NONE',  ( 0.0000000000000000000, -0.0000000000000000000, -1.000000000000000000 ) ) ;
#2707 = ORIENTED_EDGE ( 'NONE', *, *, #1004, .F. ) ;
#2708 = EDGE_CURVE ( 'NONE', #3366, #2787, #2646, .T. ) ;
#2709 = CARTESIAN_POINT ( 'NONE',  ( -10.18725614089040700, 11.47420630358269000, 3.830904822710915300 ) ) ;
#2710 = ORIENTED_EDGE ( 'NONE', *, *, #3399, .T. ) ;
#2711 = AXIS2_PLACEMENT_3D ( 'NONE', #595, #2033, #2591 ) ;
#2712 = LINE ( 'NONE', #2295, #1086 ) ;
#2713 = EDGE_CURVE ( 'NONE', #2108, #543, #3535, .T. ) ;
#2714 =( NAMED_UNIT ( * ) SI_UNIT ( $, .STERADIAN. ) SOLID_ANGLE_UNIT ( ) );
#2715 = CARTESIAN_POINT ( 'NONE',  ( -9.129999999999999000, -4.599999999999999600, -1.310000000000000500 ) ) ;
#2716 = SURFACE_SIDE_STYLE ('',( #1610 ) ) ;
#2717 = CARTESIAN_POINT ( 'NONE',  ( -10.01788529588359100, 11.49999999938891000, -3.817885295883505200 ) ) ;
#2718 = SURFACE_SIDE_STYLE ('',( #2017 ) ) ;
#2719 = ADVANCED_FACE ( 'NONE', ( #2780 ), #2139, .T. ) ;
#2720 = VECTOR ( 'NONE', #485, 1000.000000000000000 ) ;
#2721 = VECTOR ( 'NONE', #471, 1000.000000000000000 ) ;
#2722 = CARTESIAN_POINT ( 'NONE',  ( 4.349999999999999600, -0.2000000000000000100, -4.500000000000001800 ) ) ;
#2723 = DIRECTION ( 'NONE',  ( 0.0000000000000000000, 0.0000000000000000000, -1.000000000000000000 ) ) ;
#2724 = VECTOR ( 'NONE', #619, 1000.000000000000000 ) ;
#2725 = SURFACE_STYLE_FILL_AREA ( #1275 ) ;
#2726 = FILL_AREA_STYLE ('',( #676 ) ) ;
#2727 = CARTESIAN_POINT ( 'NONE',  ( -5.799999999999999800, -3.700000000000000200, 4.500000000000001800 ) ) ;
#2728 = MECHANICAL_DESIGN_GEOMETRIC_PRESENTATION_REPRESENTATION (  '', ( #2531 ), #550 ) ;
#2729 = ORIENTED_EDGE ( 'NONE', *, *, #2394, .F. ) ;
#2730 = AXIS2_PLACEMENT_3D ( 'NONE', #1172, #358, #1466 ) ;
#2731 = FACE_OUTER_BOUND ( 'NONE', #1394, .T. ) ;
#2732 = EDGE_CURVE ( 'NONE', #1592, #1877, #1164, .T. ) ;
#2733 = ORIENTED_EDGE ( 'NONE', *, *, #2457, .F. ) ;
#2734 = SURFACE_STYLE_USAGE ( .BOTH. , #981 ) ;
#2735 = DIRECTION ( 'NONE',  ( 0.0000000000000000000, 1.000000000000000000, 0.0000000000000000000 ) ) ;
#2736 = ORIENTED_EDGE ( 'NONE', *, *, #3196, .F. ) ;
#2737 = DIRECTION ( 'NONE',  ( -1.000000000000000000, 0.0000000000000000000, 0.0000000000000000000 ) ) ;
#2738 = DIRECTION ( 'NONE',  ( -0.0000000000000000000, -0.0000000000000000000, -1.000000000000000000 ) ) ;
#2739 = VERTEX_POINT ( 'NONE', #687 ) ;
#2740 = MECHANICAL_DESIGN_GEOMETRIC_PRESENTATION_REPRESENTATION (  '', ( #2097 ), #3312 ) ;
#2741 = ORIENTED_EDGE ( 'NONE', *, *, #2485, .T. ) ;
#2742 = ORIENTED_EDGE ( 'NONE', *, *, #943, .T. ) ;
#2743 = VECTOR ( 'NONE', #1761, 1000.000000000000000 ) ;
#2744 = ORIENTED_EDGE ( 'NONE', *, *, #1518, .F. ) ;
#2745 = MECHANICAL_DESIGN_GEOMETRIC_PRESENTATION_REPRESENTATION (  '', ( #2166 ), #2101 ) ;
#2746 = CARTESIAN_POINT ( 'NONE',  ( -5.500000000000000000, -4.000000000000000000, 4.500000000000001800 ) ) ;
#2747 = FILL_AREA_STYLE ('',( #1613 ) ) ;
#2748 =( NAMED_UNIT ( * ) SI_UNIT ( $, .STERADIAN. ) SOLID_ANGLE_UNIT ( ) );
#2749 = LINE ( 'NONE', #1701, #432 ) ;
#2750 = ORIENTED_EDGE ( 'NONE', *, *, #1048, .F. ) ;
#2751 =( GEOMETRIC_REPRESENTATION_CONTEXT ( 3 ) GLOBAL_UNCERTAINTY_ASSIGNED_CONTEXT ( ( #2605 ) ) GLOBAL_UNIT_ASSIGNED_CONTEXT ( ( #1795, #2945, #3218 ) ) REPRESENTATION_CONTEXT ( 'NONE', 'WORKASPACE' ) );
#2752 =( NAMED_UNIT ( * ) PLANE_ANGLE_UNIT ( ) SI_UNIT ( $, .RADIAN. ) );
#2753 = DIRECTION ( 'NONE',  ( 0.0000000000000000000, 0.0000000000000000000, 1.000000000000000000 ) ) ;
#2754 = LINE ( 'NONE', #2812, #3330 ) ;
#2755 = VECTOR ( 'NONE', #3635, 1000.000000000000000 ) ;
#2756 = AXIS2_PLACEMENT_3D ( 'NONE', #580, #1773, #1148 ) ;
#2757 = EDGE_CURVE ( 'NONE', #2967, #3672, #1530, .T. ) ;
#2758 = CARTESIAN_POINT ( 'NONE',  ( 10.31325990449099100, 10.76490596051460900, 4.693143845340520300 ) ) ;
#2759 = LINE ( 'NONE', #1454, #2268 ) ;
#2760 = CARTESIAN_POINT ( 'NONE',  ( 0.0000000000000000000, 0.0000000000000000000, -0.9100000000000000300 ) ) ;
#2761 = CARTESIAN_POINT ( 'NONE',  ( -6.089999999999999900, 0.0000000000000000000, -1.310000000000000500 ) ) ;
#2762 = DIRECTION ( 'NONE',  ( 0.0000000000000000000, 0.0000000000000000000, -1.000000000000000000 ) ) ;
#2763 = CARTESIAN_POINT ( 'NONE',  ( 6.250000000000000000, -0.2000000000000000100, 4.500000000000001800 ) ) ;
#2764 = AXIS2_PLACEMENT_3D ( 'NONE', #2586, #1174, #2937 ) ;
#2765 = CARTESIAN_POINT ( 'NONE',  ( -9.926670610591310500, 11.50000000000000200, 3.726670610591305000 ) ) ;
#2766 = ADVANCED_FACE ( 'NONE', ( #2501 ), #3275, .F. ) ;
#2767 = CARTESIAN_POINT ( 'NONE',  ( 10.32631712210161400, 10.63007235719861800, 4.725786889367073600 ) ) ;
#2768 = LINE ( 'NONE', #2877, #2005 ) ;
#2769 = UNCERTAINTY_MEASURE_WITH_UNIT (LENGTH_MEASURE( 1.000000000000000100E-005 ), #444, 'distance_accuracy_value', 'NONE');
#2770 = EDGE_CURVE ( 'NONE', #1349, #416, #3497, .T. ) ;
#2771 = DIRECTION ( 'NONE',  ( 1.000000000000000000, 0.0000000000000000000, -0.0000000000000000000 ) ) ;
#2772 = CARTESIAN_POINT ( 'NONE',  ( -5.799999999999999800, -0.5000000000000000000, 4.500000000000001800 ) ) ;
#2773 = ADVANCED_FACE ( 'NONE', ( #1649 ), #934, .F. ) ;
#2774 = CARTESIAN_POINT ( 'NONE',  ( 10.91047253473729100, 10.71775445289561400, 4.710472534737293800 ) ) ;
#2775 = VECTOR ( 'NONE', #1444, 1000.000000000000000 ) ;
#2776 = CARTESIAN_POINT ( 'NONE',  ( -10.89314384534053000, 10.76490596051460500, -4.113259904490995200 ) ) ;
#2777 = DIRECTION ( 'NONE',  ( 0.0000000000000000000, 0.006981260297961569000, -0.9999756307053948600 ) ) ;
#2778 = CARTESIAN_POINT ( 'NONE',  ( 6.550000000000000700, -0.5000000000000000000, 4.500000000000001800 ) ) ;
#2779 = VERTEX_POINT ( 'NONE', #1272 ) ;
#2780 = FACE_OUTER_BOUND ( 'NONE', #2032, .T. ) ;
#2781 = CARTESIAN_POINT ( 'NONE',  ( 10.12570414301519900, 11.36805560868694600, 4.224415315882900800 ) ) ;
#2782 = VERTEX_POINT ( 'NONE', #2093 ) ;
#2783 = AXIS2_PLACEMENT_3D ( 'NONE', #816, #2273, #858 ) ;
#2784 = EDGE_CURVE ( 'NONE', #3325, #195, #2016, .T. ) ;
#2785 = ORIENTED_EDGE ( 'NONE', *, *, #1556, .T. ) ;
#2786 = CARTESIAN_POINT ( 'NONE',  ( -8.630000000000000800, -4.599999999999999600, -1.310000000000000500 ) ) ;
#2787 = VERTEX_POINT ( 'NONE', #3569 ) ;
#2788 = DIRECTION ( 'NONE',  ( -1.000000000000000000, 0.0000000000000000000, 0.0000000000000000000 ) ) ;
#2789 = CARTESIAN_POINT ( 'NONE',  ( -10.65525988612467300, 11.18500443492291800, 4.018094147463548500 ) ) ;
#2790 = CARTESIAN_POINT ( 'NONE',  ( 10.06935199501614700, 11.43421808940048300, -4.083383179167202400 ) ) ;
#2791 = ORIENTED_EDGE ( 'NONE', *, *, #2986, .T. ) ;
#2792 = ORIENTED_EDGE ( 'NONE', *, *, #1566, .F. ) ;
#2793 = CYLINDRICAL_SURFACE ( 'NONE', #3328, 0.6000000000000002000 ) ;
#2794 = ORIENTED_EDGE ( 'NONE', *, *, #2153, .F. ) ;
#2795 = VERTEX_POINT ( 'NONE', #2368 ) ;
#2796 = DIRECTION ( 'NONE',  ( 0.0000000000000000000, -1.000000000000000000, 0.0000000000000000000 ) ) ;
#2797 = CARTESIAN_POINT ( 'NONE',  ( -6.089999999999999900, -4.599999999999999600, -1.310000000000000500 ) ) ;
#2798 = PRESENTATION_LAYER_ASSIGNMENT (  '', '', ( #812 ) ) ;
#2799 = LINE ( 'NONE', #1437, #2674 ) ;
#2800 = SURFACE_STYLE_USAGE ( .BOTH. , #2838 ) ;
#2801 = CARTESIAN_POINT ( 'NONE',  ( 0.0000000000000000000, -0.5000000000000000000, 4.790000000000000000 ) ) ;
#2802 = EDGE_CURVE ( 'NONE', #2577, #200, #3096, .T. ) ;
#2803 = B_SPLINE_CURVE_WITH_KNOTS ( 'NONE', 3,
 ( #283, #1671, #563, #2561, #850, #541, #263, #2248, #2535, #2263, #829, #1683, #2825, #1101, #3123, #553, #1401, #3675, #1974, #3212, #83, #2629, #3176, #68, #2913 ),
 .UNSPECIFIED., .F., .F.,
 ( 4, 2, 2, 1, 1, 2, 2, 2, 2, 1, 2, 2, 2, 4 ),
 ( 0.0000000000000000000, 0.1250000000000035500, 0.1875000000000051900, 0.2187500000000060000, 0.2343750000000073600, 0.2421875000000073000, 0.2500000000000072200, 0.3749999999999993300, 0.4374999999999956700, 0.4687499999999927800, 0.4843749999999924500, 0.4999999999999921200, 0.7499999999999960000, 1.000000000000000000 ),
 .UNSPECIFIED. ) ;
#2804 =( NAMED_UNIT ( * ) SI_UNIT ( $, .STERADIAN. ) SOLID_ANGLE_UNIT ( ) );
#2805 = ADVANCED_FACE ( 'NONE', ( #2369 ), #2412, .F. ) ;
#2806 = CARTESIAN_POINT ( 'NONE',  ( 9.150000000000000400, -4.599999999999999600, -1.310000000000000500 ) ) ;
#2807 = VECTOR ( 'NONE', #1853, 1000.000000000000000 ) ;
#2808 = CARTESIAN_POINT ( 'NONE',  ( 9.150000000000000400, 0.0000000000000000000, -1.310000000000000500 ) ) ;
#2809 = CARTESIAN_POINT ( 'NONE',  ( -6.550000000000000700, -0.5000000000000000000, 4.799999999999999800 ) ) ;
#2810 = MECHANICAL_DESIGN_GEOMETRIC_PRESENTATION_REPRESENTATION (  '', ( #1226 ), #139 ) ;
#2811 = CARTESIAN_POINT ( 'NONE',  ( -10.38747499507576100, 11.38766630545543600, 3.910962718297710700 ) ) ;
#2812 = CARTESIAN_POINT ( 'NONE',  ( -9.129999999999999000, -4.599999999999999600, 0.0000000000000000000 ) ) ;
#2813 = VECTOR ( 'NONE', #2771, 1000.000000000000000 ) ;
#2814 = VECTOR ( 'NONE', #2990, 1000.000000000000000 ) ;
#2815 = FACE_OUTER_BOUND ( 'NONE', #1351, .T. ) ;
#2816 =( GEOMETRIC_REPRESENTATION_CONTEXT ( 3 ) GLOBAL_UNCERTAINTY_ASSIGNED_CONTEXT ( ( #2283 ) ) GLOBAL_UNIT_ASSIGNED_CONTEXT ( ( #1198, #2647, #76 ) ) REPRESENTATION_CONTEXT ( 'NONE', 'WORKASPACE' ) );
#2817 = ORIENTED_EDGE ( 'NONE', *, *, #2514, .F. ) ;
#2818 = ADVANCED_FACE ( 'NONE', ( #1793 ), #1618, .T. ) ;
#2819 = LINE ( 'NONE', #438, #849 ) ;
#2820 = CARTESIAN_POINT ( 'NONE',  ( 3.569999999999999800, 0.0000000000000000000, -1.310000000000000500 ) ) ;
#2821 = VERTEX_POINT ( 'NONE', #1624 ) ;
#2822 = CARTESIAN_POINT ( 'NONE',  ( -6.550000000000000700, 0.0000000000000000000, -4.500000000000001800 ) ) ;
#2823 = CARTESIAN_POINT ( 'NONE',  ( 9.150000000000000400, 0.0000000000000000000, -1.310000000000000500 ) ) ;
#2824 = ORIENTED_EDGE ( 'NONE', *, *, #1314, .F. ) ;
#2825 = CARTESIAN_POINT ( 'NONE',  ( 10.43409838028746300, 11.36415435452551400, 3.929576183448123800 ) ) ;
#2826 = ADVANCED_FACE ( 'NONE', ( #1575 ), #1329, .F. ) ;
#2827 = DIRECTION ( 'NONE',  ( 0.0000000000000000000, 0.0000000000000000000, -1.000000000000000000 ) ) ;
#2828 = ORIENTED_EDGE ( 'NONE', *, *, #2153, .T. ) ;
#2829 = AXIS2_PLACEMENT_3D ( 'NONE', #375, #938, #2952 ) ;
#2830 = EDGE_CURVE ( 'NONE', #717, #242, #2452, .T. ) ;
#2831 = VERTEX_POINT ( 'NONE', #157 ) ;
#2832 = FILL_AREA_STYLE ('',( #3367 ) ) ;
#2833 = EDGE_LOOP ( 'NONE', ( #1804, #1299, #2416, #2894, #2239, #2083, #3555, #765 ) ) ;
#2834 = DIRECTION ( 'NONE',  ( -0.0000000000000000000, -0.0000000000000000000, 1.000000000000000000 ) ) ;
#2835 = DIRECTION ( 'NONE',  ( -0.0000000000000000000, -0.0000000000000000000, -1.000000000000000000 ) ) ;
#2836 = ORIENTED_EDGE ( 'NONE', *, *, #1369, .T. ) ;
#2837 = UNCERTAINTY_MEASURE_WITH_UNIT (LENGTH_MEASURE( 1.000000000000000100E-005 ), #997, 'distance_accuracy_value', 'NONE');
#2838 = SURFACE_SIDE_STYLE ('',( #441 ) ) ;
#2839 = SURFACE_SIDE_STYLE ('',( #3139 ) ) ;
#2840 = CIRCLE ( 'NONE', #110, 0.2999999999999999300 ) ;
#2841 = ORIENTED_EDGE ( 'NONE', *, *, #36, .F. ) ;
#2842 = AXIS2_PLACEMENT_3D ( 'NONE', #1546, #2737, #422 ) ;
#2843 = CARTESIAN_POINT ( 'NONE',  ( 6.110000000000002100, -4.599999999999999600, -0.9100000000000000300 ) ) ;
#2844 = LINE ( 'NONE', #621, #129 ) ;
#2845 = ORIENTED_EDGE ( 'NONE', *, *, #1389, .F. ) ;
#2846 = APPLICATION_CONTEXT ( 'automotive_design' ) ;
#2847 = CARTESIAN_POINT ( 'NONE',  ( 3.569999999999999800, 0.0000000000000000000, -1.310000000000000500 ) ) ;
#2848 = CARTESIAN_POINT ( 'NONE',  ( 0.0000000000000000000, -0.5000000000000000000, -4.790000000000000000 ) ) ;
#2849 = AXIS2_PLACEMENT_3D ( 'NONE', #532, #546, #2541 ) ;
#2850 = FILL_AREA_STYLE_COLOUR ( '', #1100 ) ;
#2851 = CARTESIAN_POINT ( 'NONE',  ( 0.0000000000000000000, -4.000000000000000000, 4.799999999999999800 ) ) ;
#2852 = FACE_OUTER_BOUND ( 'NONE', #1491, .T. ) ;
#2853 = DIRECTION ( 'NONE',  ( 0.0000000000000000000, -0.0000000000000000000, -1.000000000000000000 ) ) ;
#2854 =( LENGTH_UNIT ( ) NAMED_UNIT ( * ) SI_UNIT ( .MILLI., .METRE. ) );
#2855 = PRESENTATION_LAYER_ASSIGNMENT (  '', '', ( #671 ) ) ;
#2856 = EDGE_CURVE ( 'NONE', #3018, #1877, #940, .T. ) ;
#2857 = SURFACE_STYLE_FILL_AREA ( #108 ) ;
#2858 = CARTESIAN_POINT ( 'NONE',  ( 5.799999999999999800, -3.700000000000000200, 0.0000000000000000000 ) ) ;
#2859 = VECTOR ( 'NONE', #1052, 1000.000000000000000 ) ;
#2860 = LINE ( 'NONE', #1054, #1331 ) ;
#2861 = CARTESIAN_POINT ( 'NONE',  ( 10.59243774320070300, 11.28647249959463400, 4.392437743200762400 ) ) ;
#2862 = DIRECTION ( 'NONE',  ( 0.0000000000000000000, 1.000000000000000000, 0.0000000000000000000 ) ) ;
#2863 = CARTESIAN_POINT ( 'NONE',  ( 6.550000000000000700, 0.0000000000000000000, -4.500000000000001800 ) ) ;
#2864 = AXIS2_PLACEMENT_3D ( 'NONE', #3104, #2518, #3620 ) ;
#2865 = PRESENTATION_STYLE_ASSIGNMENT (( #1559 ) ) ;
#2866 = DIRECTION ( 'NONE',  ( 1.000000000000000000, 0.0000000000000000000, 0.0000000000000000000 ) ) ;
#2867 = PRESENTATION_STYLE_ASSIGNMENT (( #102 ) ) ;
#2868 =( LENGTH_UNIT ( ) NAMED_UNIT ( * ) SI_UNIT ( .MILLI., .METRE. ) );
#2869 = ORIENTED_EDGE ( 'NONE', *, *, #2137, .F. ) ;
#2870 = CARTESIAN_POINT ( 'NONE',  ( 0.0000000000000000000, -4.599999999999999600, -1.310000000000000500 ) ) ;
#2871 = CARTESIAN_POINT ( 'NONE',  ( 5.500000000000000000, -4.000000000000000000, -4.799999999999999800 ) ) ;
#2872 = CARTESIAN_POINT ( 'NONE',  ( 6.110000000000002100, -4.599999999999999600, -0.9100000000000000300 ) ) ;
#2873 = LINE ( 'NONE', #208, #2693 ) ;
#2874 = EDGE_LOOP ( 'NONE', ( #79, #1166, #1886, #785 ) ) ;
#2875 =( GEOMETRIC_REPRESENTATION_CONTEXT ( 3 ) GLOBAL_UNCERTAINTY_ASSIGNED_CONTEXT ( ( #3169 ) ) GLOBAL_UNIT_ASSIGNED_CONTEXT ( ( #3387, #255, #2240 ) ) REPRESENTATION_CONTEXT ( 'NONE', 'WORKASPACE' ) );
#2876 = CARTESIAN_POINT ( 'NONE',  ( 10.53883510392917000, 11.30139713574537700, 3.971536407926429000 ) ) ;
#2877 = CARTESIAN_POINT ( 'NONE',  ( -10.32666086287346400, 10.50698126029796100, 4.726646241296698700 ) ) ;
#2878 = VERTEX_POINT ( 'NONE', #3291 ) ;
#2879 = DIRECTION ( 'NONE',  ( 0.0000000000000000000, -0.0000000000000000000, -1.000000000000000000 ) ) ;
#2880 =( NAMED_UNIT ( * ) PLANE_ANGLE_UNIT ( ) SI_UNIT ( $, .RADIAN. ) );
#2881 = EDGE_CURVE ( 'NONE', #2191, #2577, #1699, .T. ) ;
#2882 = CARTESIAN_POINT ( 'NONE',  ( -10.32666086287806800, 10.50698126029799100, -4.726646241296700500 ) ) ;
#2883 = ORIENTED_EDGE ( 'NONE', *, *, #1022, .T. ) ;
#2884 = EDGE_LOOP ( 'NONE', ( #1762, #324, #3293, #2742 ) ) ;
#2885 = CARTESIAN_POINT ( 'NONE',  ( -9.129999999999999000, -4.599999999999999600, -0.9100000000000000300 ) ) ;
#2886 = DIRECTION ( 'NONE',  ( -1.000000000000000000, 0.0000000000000000000, -0.0000000000000000000 ) ) ;
#2887 = LINE ( 'NONE', #1881, #3110 ) ;
#2888 = LINE ( 'NONE', #2919, #504 ) ;
#2889 = ORIENTED_EDGE ( 'NONE', *, *, #490, .T. ) ;
#2890 = VERTEX_POINT ( 'NONE', #458 ) ;
#2891 = ORIENTED_EDGE ( 'NONE', *, *, #1566, .T. ) ;
#2892 =( BOUNDED_SURFACE ( )  B_SPLINE_SURFACE ( 3, 2, ( 
 ( #928, #3226, #1729 ),
 ( #316, #600, #882 ),
 ( #617, #2606, #2047 ),
 ( #1536, #965, #1513 ),
 ( #992, #3503, #1564 ),
 ( #697, #3526, #2107 ),
 ( #399, #3554, #682 ),
 ( #2982, #1233, #1254 ),
 ( #1822, #2698, #1835 ),
 ( #141, #2133, #2709 ),
 ( #941, #2954, #3516 ),
 ( #3237, #107, #389 ) ),
 .UNSPECIFIED., .F., .F., .F. ) 
 B_SPLINE_SURFACE_WITH_KNOTS ( ( 4, 2, 2, 2, 2, 4 ),
 ( 3, 3 ),
 ( 6.290166624187561300, 6.485643500410926500, 6.681120376634291700, 7.072074129081022100, 7.463027881527752400, 7.853981633974482800 ),
 ( 0.0000000000000000000, 1.000000000000000000 ),
 .UNSPECIFIED. ) 
 GEOMETRIC_REPRESENTATION_ITEM ( )  RATIONAL_B_SPLINE_SURFACE ( (
 ( 1.000000000000000000, 0.7071240124601015900, 1.000000000000000000),
 ( 1.000000000000000000, 0.7074115579367573600, 1.000000000000000000),
 ( 1.000000000000000000, 0.7123629597728139400, 1.000000000000000000),
 ( 1.000000000000000000, 0.7301572864437740900, 1.000000000000000000),
 ( 1.000000000000000000, 0.7429957423541595500, 1.000000000000000000),
 ( 1.000000000000000000, 0.7890376324339051200, 1.000000000000000000),
 ( 1.000000000000000000, 0.8294576405485640800, 1.000000000000000000),
 ( 1.000000000000000000, 0.9046073121847402200, 1.000000000000000000),
 ( 1.000000000000000000, 0.9391739925251564300, 1.000000000000000000),
 ( 1.000000000000000000, 0.9868506014342574000, 1.000000000000000000),
 ( 1.000000000000000000, 1.000155778129288000, 1.000000000000000000),
 ( 1.000000000000000000, 1.000000000000000000, 1.000000000000000000) ) ) 
 REPRESENTATION_ITEM ( '' )  SURFACE ( )  );
#2893 = LINE ( 'NONE', #382, #2576 ) ;
#2894 = ORIENTED_EDGE ( 'NONE', *, *, #844, .T. ) ;
#2895 = CARTESIAN_POINT ( 'NONE',  ( 4.049999999999999800, -0.1999999999999999800, 4.799999999999999800 ) ) ;
#2896 = CARTESIAN_POINT ( 'NONE',  ( 0.0000000000000000000, 0.0000000000000000000, -4.790000000000000000 ) ) ;
#2897 = CARTESIAN_POINT ( 'NONE',  ( -11.00000000000000000, 10.50698126029802500, -4.726646241296698700 ) ) ;
#2898 = CARTESIAN_POINT ( 'NONE',  ( -10.25248176691033000, 11.08034654640204900, -4.541728253340759000 ) ) ;
#2899 = CARTESIAN_POINT ( 'NONE',  ( 4.069999999999999400, -4.599999999999999600, -1.310000000000000500 ) ) ;
#2900 = VERTEX_POINT ( 'NONE', #3017 ) ;
#2901 = CARTESIAN_POINT ( 'NONE',  ( -10.39957600028352000, 0.05863809536712439500, -4.199576000283530100 ) ) ;
#2902 = STYLED_ITEM ( 'NONE', ( #1789 ), #173 ) ;
#2903 = DIRECTION ( 'NONE',  ( 0.0000000000000000000, 0.0000000000000000000, -1.000000000000000000 ) ) ;
#2904 = PRESENTATION_LAYER_ASSIGNMENT (  '', '', ( #1136 ) ) ;
#2905 = VECTOR ( 'NONE', #3108, 1000.000000000000000 ) ;
#2906 = PRESENTATION_LAYER_ASSIGNMENT (  '', '', ( #2505 ) ) ;
#2907 = EDGE_CURVE ( 'NONE', #2795, #3502, #3052, .T. ) ;
#2908 = DIRECTION ( 'NONE',  ( 0.0000000000000000000, 0.0000000000000000000, -1.000000000000000000 ) ) ;
#2909 = DIRECTION ( 'NONE',  ( 0.0000000000000000000, -1.000000000000000000, 0.0000000000000000000 ) ) ;
#2910 = DIRECTION ( 'NONE',  ( 1.000000000000000000, 0.0000000000000000000, 0.0000000000000000000 ) ) ;
#2911 = PLANE ( 'NONE',  #2400 ) ;
#2912 = LINE ( 'NONE', #1717, #2956 ) ;
#2913 = CARTESIAN_POINT ( 'NONE',  ( 10.92664624129669400, 10.50698126029795900, 4.126660862873464500 ) ) ;
#2914 = AXIS2_PLACEMENT_3D ( 'NONE', #1740, #615, #2055 ) ;
#2915 = EDGE_CURVE ( 'NONE', #3512, #3596, #528, .T. ) ;
#2916 = DIRECTION ( 'NONE',  ( -0.0000000000000000000, -1.000000000000000000, -0.0000000000000000000 ) ) ;
#2917 = CARTESIAN_POINT ( 'NONE',  ( -10.91047253473730400, 10.71775445289561400, -4.710472534737293800 ) ) ;
#2918 = LINE ( 'NONE', #3329, #140 ) ;
#2919 = CARTESIAN_POINT ( 'NONE',  ( 4.799999999999999800, -0.5100000000000000100, -4.799999999999999800 ) ) ;
#2920 = FACE_OUTER_BOUND ( 'NONE', #376, .T. ) ;
#2921 = VECTOR ( 'NONE', #3524, 1000.000000000000000 ) ;
#2922 = DIRECTION ( 'NONE',  ( -1.000000000000000000, -0.0000000000000000000, -0.0000000000000000000 ) ) ;
#2923 = ORIENTED_EDGE ( 'NONE', *, *, #1093, .F. ) ;
#2924 = COLOUR_RGB ( '',0.0000000000000000000, 0.0000000000000000000, 0.0000000000000000000 ) ;
#2925 = DIRECTION ( 'NONE',  ( 1.000000000000000000, 0.0000000000000000000, -0.0000000000000000000 ) ) ;
#2926 = ORIENTED_EDGE ( 'NONE', *, *, #2687, .T. ) ;
#2927 = CARTESIAN_POINT ( 'NONE',  ( -4.049999999999999800, 0.0000000000000000000, -1.310000000000000500 ) ) ;
#2928 = CARTESIAN_POINT ( 'NONE',  ( -10.31325990449100200, 10.76490596051460900, -4.693143845340520300 ) ) ;
#2929 = ORIENTED_EDGE ( 'NONE', *, *, #1468, .F. ) ;
#2930 = ORIENTED_EDGE ( 'NONE', *, *, #1291, .T. ) ;
#2931 = AXIS2_PLACEMENT_3D ( 'NONE', #3681, #3184, #604 ) ;
#2932 = ORIENTED_EDGE ( 'NONE', *, *, #2962, .F. ) ;
#2933 = ORIENTED_EDGE ( 'NONE', *, *, #1871, .T. ) ;
#2934 = CARTESIAN_POINT ( 'NONE',  ( -6.550000000000000700, -0.5000000000000000000, -4.799999999999999800 ) ) ;
#2935 = EDGE_CURVE ( 'NONE', #824, #2119, #96, .T. ) ;
#2936 = CARTESIAN_POINT ( 'NONE',  ( 6.250000000000000000, -0.4999999999999998900, 0.0000000000000000000 ) ) ;
#2937 = DIRECTION ( 'NONE',  ( 0.0000000000000000000, 0.0000000000000000000, -1.000000000000000000 ) ) ;
#2938 = VECTOR ( 'NONE', #1053, 1000.000000000000000 ) ;
#2939 = ORIENTED_EDGE ( 'NONE', *, *, #1353, .T. ) ;
#2940 =( NAMED_UNIT ( * ) PLANE_ANGLE_UNIT ( ) SI_UNIT ( $, .RADIAN. ) );
#2941 = CARTESIAN_POINT ( 'NONE',  ( -10.24551218122706300, 11.11774433732765000, -4.523774537180639000 ) ) ;
#2942 = CARTESIAN_POINT ( 'NONE',  ( -6.550000000000000700, 0.0000000000000000000, 4.799999999999999800 ) ) ;
#2943 = VECTOR ( 'NONE', #3455, 1000.000000000000000 ) ;
#2944 = VERTEX_POINT ( 'NONE', #3009 ) ;
#2945 =( NAMED_UNIT ( * ) PLANE_ANGLE_UNIT ( ) SI_UNIT ( $, .RADIAN. ) );
#2946 = VECTOR ( 'NONE', #40, 1000.000000000000000 ) ;
#2947 = AXIS2_PLACEMENT_3D ( 'NONE', #2722, #1292, #2997 ) ;
#2948 = EDGE_CURVE ( 'NONE', #350, #2162, #137, .T. ) ;
#2949 =( LENGTH_UNIT ( ) NAMED_UNIT ( * ) SI_UNIT ( .MILLI., .METRE. ) );
#2950 = COLOUR_RGB ( '',0.0000000000000000000, 0.0000000000000000000, 0.0000000000000000000 ) ;
#2951 =( NAMED_UNIT ( * ) PLANE_ANGLE_UNIT ( ) SI_UNIT ( $, .RADIAN. ) );
#2952 = DIRECTION ( 'NONE',  ( 0.0000000000000000000, 0.0000000000000000000, -1.000000000000000000 ) ) ;
#2953 = STYLED_ITEM ( 'NONE', ( #1784 ), #3285 ) ;
#2954 = CARTESIAN_POINT ( 'NONE',  ( -10.01788529588359100, 11.49999999938891000, 3.817885295883505200 ) ) ;
#2955 =( NAMED_UNIT ( * ) SI_UNIT ( $, .STERADIAN. ) SOLID_ANGLE_UNIT ( ) );
#2956 = VECTOR ( 'NONE', #3154, 1000.000000000000000 ) ;
#2957 = LINE ( 'NONE', #191, #3605 ) ;
#2958 = DIRECTION ( 'NONE',  ( -0.0000000000000000000, -0.0000000000000000000, 1.000000000000000000 ) ) ;
#2959 = PRESENTATION_LAYER_ASSIGNMENT (  '', '', ( #3101 ) ) ;
#2960 = UNCERTAINTY_MEASURE_WITH_UNIT (LENGTH_MEASURE( 1.000000000000000100E-005 ), #3510, 'distance_accuracy_value', 'NONE');
#2961 = LINE ( 'NONE', #2115, #1428 ) ;
#2962 = EDGE_CURVE ( 'NONE', #2702, #1446, #798, .T. ) ;
#2963 = FACE_OUTER_BOUND ( 'NONE', #1832, .T. ) ;
#2964 = FILL_AREA_STYLE_COLOUR ( '', #2495 ) ;
#2965 = CARTESIAN_POINT ( 'NONE',  ( -10.03090482271095300, 11.47420630358270300, -3.987256140890369500 ) ) ;
#2966 = LINE ( 'NONE', #1229, #3436 ) ;
#2967 = VERTEX_POINT ( 'NONE', #1594 ) ;
#2968 = PRESENTATION_STYLE_ASSIGNMENT (( #1585 ) ) ;
#2969 = EDGE_LOOP ( 'NONE', ( #2978, #2466, #515, #1131 ) ) ;
#2970 = ADVANCED_FACE ( 'NONE', ( #53 ), #1012, .F. ) ;
#2971 = DIRECTION ( 'NONE',  ( -1.000000000000000000, 0.0000000000000000000, 0.0000000000000000000 ) ) ;
#2972 =( NAMED_UNIT ( * ) PLANE_ANGLE_UNIT ( ) SI_UNIT ( $, .RADIAN. ) );
#2973 = DIRECTION ( 'NONE',  ( 1.000000000000000000, -0.0000000000000000000, 0.0000000000000000000 ) ) ;
#2974 = EDGE_CURVE ( 'NONE', #2154, #2782, #227, .T. ) ;
#2975 = VERTEX_POINT ( 'NONE', #1916 ) ;
#2976 = FILL_AREA_STYLE ('',( #2287 ) ) ;
#2977 = CARTESIAN_POINT ( 'NONE',  ( -10.53883510392918100, 11.30139713574537700, -3.971536407926429000 ) ) ;
#2978 = ORIENTED_EDGE ( 'NONE', *, *, #1518, .T. ) ;
#2979 = ORIENTED_EDGE ( 'NONE', *, *, #1779, .T. ) ;
#2980 =( NAMED_UNIT ( * ) PLANE_ANGLE_UNIT ( ) SI_UNIT ( $, .RADIAN. ) );
#2981 = ORIENTED_EDGE ( 'NONE', *, *, #3332, .T. ) ;
#2982 = CARTESIAN_POINT ( 'NONE',  ( -10.17153640792643400, 11.30139713574539200, 4.338835103929164400 ) ) ;
#2983 = VERTEX_POINT ( 'NONE', #1948 ) ;
#2984 = ORIENTED_EDGE ( 'NONE', *, *, #1908, .T. ) ;
#2985 = AXIS2_PLACEMENT_3D ( 'NONE', #1670, #2534, #828 ) ;
#2986 = EDGE_CURVE ( 'NONE', #1456, #3596, #2202, .T. ) ;
#2987 = CARTESIAN_POINT ( 'NONE',  ( -4.799999999999999800, -3.700000000000000200, 4.799999999999999800 ) ) ;
#2988 = FACE_OUTER_BOUND ( 'NONE', #1079, .T. ) ;
#2989 = ORIENTED_EDGE ( 'NONE', *, *, #1545, .T. ) ;
#2990 = DIRECTION ( 'NONE',  ( 0.0000000000000000000, 0.0000000000000000000, 1.000000000000000000 ) ) ;
#2991 = LINE ( 'NONE', #3151, #3634 ) ;
#2992 = ADVANCED_FACE ( 'NONE', ( #2488 ), #1969, .F. ) ;
#2993 = VERTEX_POINT ( 'NONE', #3389 ) ;
#2994 = STYLED_ITEM ( 'NONE', ( #219 ), #567 ) ;
#2995 = LINE ( 'NONE', #814, #793 ) ;
#2996 = LINE ( 'NONE', #1839, #1467 ) ;
#2997 = DIRECTION ( 'NONE',  ( 1.000000000000000000, 0.0000000000000000000, 0.0000000000000000000 ) ) ;
#2998 = DIRECTION ( 'NONE',  ( 0.0000000000000000000, -1.000000000000000000, -0.0000000000000000000 ) ) ;
#2999 = CARTESIAN_POINT ( 'NONE',  ( 5.500000000000000000, -3.700000000000000200, -4.799999999999999800 ) ) ;
#3000 = CARTESIAN_POINT ( 'NONE',  ( -9.978806990397361100, 11.50000000000000200, -3.857011560106353300 ) ) ;
#3001 = FACE_OUTER_BOUND ( 'NONE', #2603, .T. ) ;
#3002 = CARTESIAN_POINT ( 'NONE',  ( 9.150000000000000400, -4.599999999999999600, -0.9100000000000000300 ) ) ;
#3003 =( GEOMETRIC_REPRESENTATION_CONTEXT ( 3 ) GLOBAL_UNCERTAINTY_ASSIGNED_CONTEXT ( ( #3068 ) ) GLOBAL_UNIT_ASSIGNED_CONTEXT ( ( #2527, #1119, #2804 ) ) REPRESENTATION_CONTEXT ( 'NONE', 'WORKASPACE' ) );
#3004 = SURFACE_STYLE_FILL_AREA ( #1634 ) ;
#3005 = LINE ( 'NONE', #436, #1739 ) ;
#3006 = LINE ( 'NONE', #2425, #669 ) ;
#3007 = ADVANCED_FACE ( 'NONE', ( #973 ), #2530, .F. ) ;
#3008 = ORIENTED_EDGE ( 'NONE', *, *, #980, .T. ) ;
#3009 = CARTESIAN_POINT ( 'NONE',  ( 6.110000000000002100, -4.599999999999999600, -1.310000000000000500 ) ) ;
#3010 = CARTESIAN_POINT ( 'NONE',  ( 8.650000000000000400, -4.599999999999999600, -1.310000000000000500 ) ) ;
#3011 = CARTESIAN_POINT ( 'NONE',  ( -10.42822583299276200, 11.37488576364194300, -3.927292699551912000 ) ) ;
#3012 = VERTEX_POINT ( 'NONE', #2820 ) ;
#3013 = ORIENTED_EDGE ( 'NONE', *, *, #97, .F. ) ;
#3014 = EDGE_LOOP ( 'NONE', ( #3200, #1528, #1082, #2019, #2158, #3157 ) ) ;
#3015 = ORIENTED_EDGE ( 'NONE', *, *, #2457, .T. ) ;
#3016 = FILL_AREA_STYLE_COLOUR ( '', #440 ) ;
#3017 = CARTESIAN_POINT ( 'NONE',  ( 4.799999999999999800, -3.700000000000000200, -4.799999999999999800 ) ) ;
#3018 = VERTEX_POINT ( 'NONE', #787 ) ;
#3019 = ORIENTED_EDGE ( 'NONE', *, *, #1722, .F. ) ;
#3020 = CARTESIAN_POINT ( 'NONE',  ( -3.550000000000000300, 0.0000000000000000000, -0.9100000000000000300 ) ) ;
#3021 = PLANE ( 'NONE',  #1561 ) ;
#3022 = MECHANICAL_DESIGN_GEOMETRIC_PRESENTATION_REPRESENTATION (  '', ( #1360 ), #2128 ) ;
#3023 = DIRECTION ( 'NONE',  ( 0.0000000000000000000, -1.000000000000000000, -0.0000000000000000000 ) ) ;
#3024 = SURFACE_STYLE_FILL_AREA ( #879 ) ;
#3025 = VERTEX_POINT ( 'NONE', #1927 ) ;
#3026 = ADVANCED_FACE ( 'NONE', ( #3001 ), #2230, .F. ) ;
#3027 = SURFACE_STYLE_FILL_AREA ( #3186 ) ;
#3028 = ORIENTED_EDGE ( 'NONE', *, *, #1612, .F. ) ;
#3029 = PRESENTATION_LAYER_ASSIGNMENT (  '', '', ( #530 ) ) ;
#3030 = VECTOR ( 'NONE', #1926, 1000.000000000000000 ) ;
#3031 = EDGE_LOOP ( 'NONE', ( #1539, #2044, #2602, #434 ) ) ;
#3032 = EDGE_CURVE ( 'NONE', #1408, #2690, #1475, .T. ) ;
#3033 =( NAMED_UNIT ( * ) PLANE_ANGLE_UNIT ( ) SI_UNIT ( $, .RADIAN. ) );
#3034 = DIRECTION ( 'NONE',  ( 0.0000000000000000000, 0.0000000000000000000, 1.000000000000000000 ) ) ;
#3035 = VECTOR ( 'NONE', #1949, 1000.000000000000000 ) ;
#3036 = LINE ( 'NONE', #1735, #2046 ) ;
#3037 = LINE ( 'NONE', #1332, #1239 ) ;
#3038 = CARTESIAN_POINT ( 'NONE',  ( -10.06627113088109800, 11.43714171815860300, 4.075696514933168800 ) ) ;
#3039 = DIRECTION ( 'NONE',  ( 0.0000000000000000000, 0.0000000000000000000, 1.000000000000000000 ) ) ;
#3040 = PRESENTATION_LAYER_ASSIGNMENT (  '', '', ( #1300 ) ) ;
#3041 = STYLED_ITEM ( 'NONE', ( #2865 ), #187 ) ;
#3042 = DIRECTION ( 'NONE',  ( 1.000000000000000000, 0.0000000000000000000, 0.0000000000000000000 ) ) ;
#3043 = CARTESIAN_POINT ( 'NONE',  ( -11.00000000000000000, 0.0000000000000000000, 4.799999999999999800 ) ) ;
#3044 = DIRECTION ( 'NONE',  ( 0.0000000000000000000, 0.0000000000000000000, 1.000000000000000000 ) ) ;
#3045 = VECTOR ( 'NONE', #770, 1000.000000000000000 ) ;
#3046 = CARTESIAN_POINT ( 'NONE',  ( -10.17074239012605800, 11.29279714406958300, 4.337001855684286900 ) ) ;
#3047 = LINE ( 'NONE', #3279, #2444 ) ;
#3048 = LINE ( 'NONE', #613, #3527 ) ;
#3049 = B_SPLINE_CURVE_WITH_KNOTS ( 'NONE', 3,
 ( #1936, #2767, #1951, #1055, #3654, #2225, #513, #1350, #2509, #1374, #1323, #2201, #2216, #3603, #2781, #1045, #1920, #3624, #1335, #1657, #196, #499, #2188, #803 ),
 .UNSPECIFIED., .F., .F.,
 ( 4, 2, 2, 2, 2, 2, 2, 2, 1, 1, 2, 2, 4 ),
 ( 0.0000000000000000000, 0.2499999999999840100, 0.3749999999999760200, 0.4374999999999729100, 0.4687499999999718000, 0.4999999999999706900, 0.6249999999999686900, 0.6874999999999676900, 0.7187499999999679100, 0.7343749999999679100, 0.7421874999999679100, 0.7499999999999680300, 1.000000000000000000 ),
 .UNSPECIFIED. ) ;
#3050 = EDGE_CURVE ( 'NONE', #3366, #2703, #2274, .T. ) ;
#3051 = ORIENTED_EDGE ( 'NONE', *, *, #1443, .T. ) ;
#3052 = LINE ( 'NONE', #1902, #3440 ) ;
#3053 = DIRECTION ( 'NONE',  ( -0.0000000000000000000, -0.0000000000000000000, -1.000000000000000000 ) ) ;
#3054 = VERTEX_POINT ( 'NONE', #3660 ) ;
#3055 = CARTESIAN_POINT ( 'NONE',  ( -6.089999999999999900, -4.599999999999999600, -1.310000000000000500 ) ) ;
#3056 = ORIENTED_EDGE ( 'NONE', *, *, #3290, .F. ) ;
#3057 = CARTESIAN_POINT ( 'NONE',  ( -6.250000000000000000, -0.5000000000000000000, -4.799999999999999800 ) ) ;
#3058 = LINE ( 'NONE', #2512, #596 ) ;
#3059 = ORIENTED_EDGE ( 'NONE', *, *, #394, .F. ) ;
#3060 = ORIENTED_EDGE ( 'NONE', *, *, #2667, .F. ) ;
#3061 = ORIENTED_EDGE ( 'NONE', *, *, #1048, .T. ) ;
#3062 = CARTESIAN_POINT ( 'NONE',  ( 10.99999999999998400, 0.0000000000000000000, 4.551481466597419300 ) ) ;
#3063 = LINE ( 'NONE', #1953, #1944 ) ;
#3064 = ORIENTED_EDGE ( 'NONE', *, *, #442, .F. ) ;
#3065 = PRODUCT_DEFINITION_FORMATION_WITH_SPECIFIED_SOURCE ( 'ANY', '', #2510, .NOT_KNOWN. ) ;
#3066 = CARTESIAN_POINT ( 'NONE',  ( 4.049999999999999800, -0.5000000000000000000, 4.799999999999999800 ) ) ;
#3067 = CARTESIAN_POINT ( 'NONE',  ( -10.05162544325796700, 11.44998756671846800, 4.039231387832698400 ) ) ;
#3068 = UNCERTAINTY_MEASURE_WITH_UNIT (LENGTH_MEASURE( 1.000000000000000100E-005 ), #2527, 'distance_accuracy_value', 'NONE');
#3069 = SURFACE_STYLE_FILL_AREA ( #2235 ) ;
#3070 = VERTEX_POINT ( 'NONE', #2797 ) ;
#3071 = EDGE_CURVE ( 'NONE', #1672, #200, #183, .T. ) ;
#3072 = VECTOR ( 'NONE', #1852, 1000.000000000000000 ) ;
#3073 = VECTOR ( 'NONE', #1297, 1000.000000000000000 ) ;
#3074 = CARTESIAN_POINT ( 'NONE',  ( -4.049999999999999800, -0.1999999999999999800, -4.799999999999999800 ) ) ;
#3075 = DIRECTION ( 'NONE',  ( 1.000000000000000000, 0.0000000000000000000, 0.0000000000000000000 ) ) ;
#3076 = CIRCLE ( 'NONE', #428, 0.6000000000000002000 ) ;
#3077 = CARTESIAN_POINT ( 'NONE',  ( 3.569999999999999800, -4.599999999999999600, -0.9100000000000000300 ) ) ;
#3078 = DIRECTION ( 'NONE',  ( -1.000000000000000000, -0.0000000000000000000, -0.0000000000000000000 ) ) ;
#3079 = PRESENTATION_LAYER_ASSIGNMENT (  '', '', ( #1731 ) ) ;
#3080 = CARTESIAN_POINT ( 'NONE',  ( -10.22702509036178100, 11.45781472545552400, 3.846813018109016500 ) ) ;
#3081 = DIRECTION ( 'NONE',  ( 0.0000000000000000000, -0.006981260297960499600, -0.9999756307053947500 ) ) ;
#3082 = LINE ( 'NONE', #2479, #2720 ) ;
#3083 = FACE_OUTER_BOUND ( 'NONE', #3239, .T. ) ;
#3084 = EDGE_CURVE ( 'NONE', #2787, #2154, #2401, .T. ) ;
#3085 = FACE_OUTER_BOUND ( 'NONE', #72, .T. ) ;
#3086 = VECTOR ( 'NONE', #998, 1000.000000000000000 ) ;
#3087 = AXIS2_PLACEMENT_3D ( 'NONE', #1259, #983, #2691 ) ;
#3088 = CARTESIAN_POINT ( 'NONE',  ( -6.250000000000000000, -0.2000000000000000100, 4.799999999999999800 ) ) ;
#3089 = VECTOR ( 'NONE', #98, 1000.000000000000000 ) ;
#3090 = DIRECTION ( 'NONE',  ( 0.0000000000000000000, 0.0000000000000000000, 1.000000000000000000 ) ) ;
#3091 = PRESENTATION_LAYER_ASSIGNMENT (  '', '', ( #2057 ) ) ;
#3092 = FACE_OUTER_BOUND ( 'NONE', #2517, .T. ) ;
#3093 = EDGE_CURVE ( 'NONE', #3070, #3365, #2912, .T. ) ;
#3094 = CARTESIAN_POINT ( 'NONE',  ( -10.31026335870964900, 11.42350638699223900, 3.880107690600928600 ) ) ;
#3095 = LINE ( 'NONE', #2589, #2775 ) ;
#3096 = LINE ( 'NONE', #2195, #63 ) ;
#3097 = CARTESIAN_POINT ( 'NONE',  ( 5.799999999999999800, -4.000000000000000000, -4.799999999999999800 ) ) ;
#3098 = LINE ( 'NONE', #3594, #1747 ) ;
#3099 = ADVANCED_FACE ( 'NONE', ( #1565 ), #47, .F. ) ;
#3100 = EDGE_LOOP ( 'NONE', ( #2562, #2828, #3051, #2939 ) ) ;
#3101 = STYLED_ITEM ( 'NONE', ( #2566 ), #2118 ) ;
#3102 = EDGE_CURVE ( 'NONE', #3611, #1710, #2684, .T. ) ;
#3103 = ORIENTED_EDGE ( 'NONE', *, *, #184, .T. ) ;
#3104 = CARTESIAN_POINT ( 'NONE',  ( -8.630000000000000800, -4.599999999999999600, -1.310000000000000500 ) ) ;
#3105 = ORIENTED_EDGE ( 'NONE', *, *, #3495, .F. ) ;
#3106 = ORIENTED_EDGE ( 'NONE', *, *, #380, .T. ) ;
#3107 = FILL_AREA_STYLE_COLOUR ( '', #1320 ) ;
#3108 = DIRECTION ( 'NONE',  ( -0.0000000000000000000, 0.0000000000000000000, 1.000000000000000000 ) ) ;
#3109 = DIRECTION ( 'NONE',  ( 0.0000000000000000000, 0.0000000000000000000, 1.000000000000000000 ) ) ;
#3110 = VECTOR ( 'NONE', #229, 1000.000000000000000 ) ;
#3111 = CARTESIAN_POINT ( 'NONE',  ( -4.349999999999999600, -0.2000000000000000100, -4.500000000000001800 ) ) ;
#3112 = EDGE_LOOP ( 'NONE', ( #2421, #538, #341 ) ) ;
#3113 = ORIENTED_EDGE ( 'NONE', *, *, #673, .F. ) ;
#3114 = AXIS2_PLACEMENT_3D ( 'NONE', #419, #702, #177 ) ;
#3115 = ORIENTED_EDGE ( 'NONE', *, *, #1149, .F. ) ;
#3116 = COLOUR_RGB ( '',0.0000000000000000000, 0.0000000000000000000, 0.0000000000000000000 ) ;
#3117 = EDGE_LOOP ( 'NONE', ( #1574, #724, #35, #246 ) ) ;
#3118 = CARTESIAN_POINT ( 'NONE',  ( -10.05701156010637300, 11.50000000000000200, -3.778806990397298300 ) ) ;
#3119 = AXIS2_PLACEMENT_3D ( 'NONE', #3323, #192, #2186 ) ;
#3120 = PRESENTATION_STYLE_ASSIGNMENT (( #1706 ) ) ;
#3121 = CARTESIAN_POINT ( 'NONE',  ( -10.24755934982181100, 11.11266928291917600, 4.528885146406919300 ) ) ;
#3122 = CARTESIAN_POINT ( 'NONE',  ( 10.07137136374027800, 11.43227754581173800, -4.088424494769983900 ) ) ;
#3123 = CARTESIAN_POINT ( 'NONE',  ( 10.54038847899125000, 11.29013304736366600, 3.972106729776988300 ) ) ;
#3124 = EDGE_CURVE ( 'NONE', #2779, #1087, #1909, .T. ) ;
#3125 =( NAMED_UNIT ( * ) SI_UNIT ( $, .STERADIAN. ) SOLID_ANGLE_UNIT ( ) );
#3126 =( NAMED_UNIT ( * ) PLANE_ANGLE_UNIT ( ) SI_UNIT ( $, .RADIAN. ) );
#3127 = AXIS2_PLACEMENT_3D ( 'NONE', #1282, #3579, #3568 ) ;
#3128 = DIRECTION ( 'NONE',  ( 0.0000000000000000000, 0.0000000000000000000, -1.000000000000000000 ) ) ;
#3129 = PLANE ( 'NONE',  #2049 ) ;
#3130 = VECTOR ( 'NONE', #1008, 1000.000000000000000 ) ;
#3131 = EDGE_CURVE ( 'NONE', #2213, #1621, #2227, .T. ) ;
#3132 = DIRECTION ( 'NONE',  ( 1.000000000000000000, -0.0000000000000000000, 0.0000000000000000000 ) ) ;
#3133 = VECTOR ( 'NONE', #565, 1000.000000000000000 ) ;
#3134 = APPLICATION_PROTOCOL_DEFINITION ( 'draft international standard', 'automotive_design', 1998, #1407 ) ;
#3135 = AXIS2_PLACEMENT_3D ( 'NONE', #1411, #3415, #1219 ) ;
#3136 =( NAMED_UNIT ( * ) SI_UNIT ( $, .STERADIAN. ) SOLID_ANGLE_UNIT ( ) );
#3137 = VERTEX_POINT ( 'NONE', #37 ) ;
#3138 = STYLED_ITEM ( 'NONE', ( #1659 ), #1030 ) ;
#3139 = SURFACE_STYLE_FILL_AREA ( #24 ) ;
#3140 =( LENGTH_UNIT ( ) NAMED_UNIT ( * ) SI_UNIT ( .MILLI., .METRE. ) );
#3141 = PLANE ( 'NONE',  #367 ) ;
#3142 = EDGE_LOOP ( 'NONE', ( #1588, #2165, #1896, #454 ) ) ;
#3143 = CARTESIAN_POINT ( 'NONE',  ( 4.049999999999999800, -0.5000000000000000000, -4.799999999999999800 ) ) ;
#3144 = DIRECTION ( 'NONE',  ( -1.000000000000000000, 0.0000000000000000000, -0.0000000000000000000 ) ) ;
#3145 = FILL_AREA_STYLE_COLOUR ( '', #3313 ) ;
#3146 = ORIENTED_EDGE ( 'NONE', *, *, #980, .F. ) ;
#3147 = STYLED_ITEM ( 'NONE', ( #2034 ), #1959 ) ;
#3148 = EDGE_CURVE ( 'NONE', #2967, #2218, #1376, .T. ) ;
#3149 = PRESENTATION_STYLE_ASSIGNMENT (( #3386 ) ) ;
#3150 = ORIENTED_EDGE ( 'NONE', *, *, #1102, .F. ) ;
#3151 = CARTESIAN_POINT ( 'NONE',  ( -6.550000000000000700, -0.5000000000000000000, -4.500000000000001800 ) ) ;
#3152 = ORIENTED_EDGE ( 'NONE', *, *, #123, .F. ) ;
#3153 = CARTESIAN_POINT ( 'NONE',  ( 10.24551218122705300, 11.11774433732765000, 4.523774537180639000 ) ) ;
#3154 = DIRECTION ( 'NONE',  ( -0.0000000000000000000, 0.0000000000000000000, 1.000000000000000000 ) ) ;
#3155 = AXIS2_PLACEMENT_3D ( 'NONE', #921, #1193, #1493 ) ;
#3156 = LINE ( 'NONE', #2117, #778 ) ;
#3157 = ORIENTED_EDGE ( 'NONE', *, *, #275, .F. ) ;
#3158 = FILL_AREA_STYLE_COLOUR ( '', #698 ) ;
#3159 = DIRECTION ( 'NONE',  ( 1.000000000000000000, -0.0000000000000000000, 0.0000000000000000000 ) ) ;
#3160 = VECTOR ( 'NONE', #23, 1000.000000000000000 ) ;
#3161 = ORIENTED_EDGE ( 'NONE', *, *, #1418, .F. ) ;
#3162 = PRESENTATION_LAYER_ASSIGNMENT (  '', '', ( #3041 ) ) ;
#3163 = CARTESIAN_POINT ( 'NONE',  ( 10.31325990449099100, 10.76490596051460900, -4.693143845340520300 ) ) ;
#3164 = DIRECTION ( 'NONE',  ( -0.0000000000000000000, -0.0000000000000000000, 1.000000000000000000 ) ) ;
#3165 = LINE ( 'NONE', #1608, #3630 ) ;
#3166 = ORIENTED_EDGE ( 'NONE', *, *, #665, .F. ) ;
#3167 = AXIS2_PLACEMENT_3D ( 'NONE', #3055, #758, #463 ) ;
#3168 = EDGE_CURVE ( 'NONE', #1592, #152, #2184, .T. ) ;
#3169 = UNCERTAINTY_MEASURE_WITH_UNIT (LENGTH_MEASURE( 1.000000000000000100E-005 ), #3387, 'distance_accuracy_value', 'NONE');
#3170 = CARTESIAN_POINT ( 'NONE',  ( -4.799999999999999800, -0.5000000000000000000, 4.799999999999999800 ) ) ;
#3171 = CARTESIAN_POINT ( 'NONE',  ( 6.550000000000000700, -0.1999999999999999800, 4.799999999999999800 ) ) ;
#3172 = PRESENTATION_STYLE_ASSIGNMENT (( #3211 ) ) ;
#3173 = CARTESIAN_POINT ( 'NONE',  ( 6.550000000000000700, -0.5000000000000000000, -4.799999999999999800 ) ) ;
#3174 =( LENGTH_UNIT ( ) NAMED_UNIT ( * ) SI_UNIT ( .MILLI., .METRE. ) );
#3175 = CARTESIAN_POINT ( 'NONE',  ( -4.799999999999999800, -3.700000000000000200, 4.500000000000001800 ) ) ;
#3176 = CARTESIAN_POINT ( 'NONE',  ( 10.90186736968456000, 10.75685412332861500, 4.116300464148194400 ) ) ;
#3177 = PRESENTATION_LAYER_ASSIGNMENT (  '', '', ( #3422 ) ) ;
#3178 = EDGE_CURVE ( 'NONE', #996, #3502, #747, .T. ) ;
#3179 = CARTESIAN_POINT ( 'NONE',  ( -10.99956137870675800, 0.06282685154590135500, -4.199576000283531800 ) ) ;
#3180 = CARTESIAN_POINT ( 'NONE',  ( -4.049999999999999800, -4.599999999999999600, -0.9100000000000000300 ) ) ;
#3181 = DIRECTION ( 'NONE',  ( -0.0000000000000000000, -0.0000000000000000000, 1.000000000000000000 ) ) ;
#3182 = SURFACE_STYLE_FILL_AREA ( #1461 ) ;
#3183 = FACE_OUTER_BOUND ( 'NONE', #421, .T. ) ;
#3184 = DIRECTION ( 'NONE',  ( 0.0000000000000000000, 0.0000000000000000000, -1.000000000000000000 ) ) ;
#3185 =( NAMED_UNIT ( * ) PLANE_ANGLE_UNIT ( ) SI_UNIT ( $, .RADIAN. ) );
#3186 = FILL_AREA_STYLE ('',( #310 ) ) ;
#3187 = CARTESIAN_POINT ( 'NONE',  ( -6.089999999999999900, -4.599999999999999600, -1.310000000000000500 ) ) ;
#3188 = DIRECTION ( 'NONE',  ( 0.0000000000000000000, 0.0000000000000000000, -1.000000000000000000 ) ) ;
#3189 = ORIENTED_EDGE ( 'NONE', *, *, #1342, .F. ) ;
#3190 = DIRECTION ( 'NONE',  ( 1.000000000000000000, 0.0000000000000000000, 0.0000000000000000000 ) ) ;
#3191 = CARTESIAN_POINT ( 'NONE',  ( 9.926670610591299800, 11.50000000000000200, -3.726670610591305000 ) ) ;
#3192 = LINE ( 'NONE', #2453, #2282 ) ;
#3193 = CARTESIAN_POINT ( 'NONE',  ( -4.349999999999999600, -0.5000000000000000000, 4.500000000000001800 ) ) ;
#3194 = ORIENTED_EDGE ( 'NONE', *, *, #1362, .T. ) ;
#3195 = ORIENTED_EDGE ( 'NONE', *, *, #3102, .T. ) ;
#3196 = EDGE_CURVE ( 'NONE', #1719, #3018, #574, .T. ) ;
#3197 = DIRECTION ( 'NONE',  ( 0.006981090176987177200, 0.9999512631922964400, 0.006981090177864073900 ) ) ;
#3198 = CARTESIAN_POINT ( 'NONE',  ( -4.049999999999999800, -0.1999999999999999800, 4.799999999999999800 ) ) ;
#3199 = EDGE_LOOP ( 'NONE', ( #720, #1667, #2420, #498, #987, #3150 ) ) ;
#3200 = ORIENTED_EDGE ( 'NONE', *, *, #1145, .F. ) ;
#3201 = CARTESIAN_POINT ( 'NONE',  ( 6.550000000000000700, -0.1999999999999999800, -4.799999999999999800 ) ) ;
#3202 =( LENGTH_UNIT ( ) NAMED_UNIT ( * ) SI_UNIT ( .MILLI., .METRE. ) );
#3203 = ORIENTED_EDGE ( 'NONE', *, *, #710, .F. ) ;
#3204 = ORIENTED_EDGE ( 'NONE', *, *, #2433, .F. ) ;
#3205 = SURFACE_SIDE_STYLE ('',( #3024 ) ) ;
#3206 = VERTEX_POINT ( 'NONE', #2543 ) ;
#3207 = DIRECTION ( 'NONE',  ( 0.0000000000000000000, 0.0000000000000000000, 1.000000000000000000 ) ) ;
#3208 = CARTESIAN_POINT ( 'NONE',  ( 10.02549075511849500, 11.46939657571167400, -3.974156109304297900 ) ) ;
#3209 = ORIENTED_EDGE ( 'NONE', *, *, #1884, .F. ) ;
#3210 = CARTESIAN_POINT ( 'NONE',  ( 10.18725614089035100, 11.47420630358269700, -3.830904822710957400 ) ) ;
#3211 = SURFACE_STYLE_USAGE ( .BOTH. , #898 ) ;
#3212 = CARTESIAN_POINT ( 'NONE',  ( 10.62520587159274400, 11.21562725474149900, 4.006084602933085200 ) ) ;
#3213 = CARTESIAN_POINT ( 'NONE',  ( 10.31630044756812800, 10.75686001415961400, -4.701865818097389600 ) ) ;
#3214 = ORIENTED_EDGE ( 'NONE', *, *, #2207, .T. ) ;
#3215 = SURFACE_STYLE_USAGE ( .BOTH. , #1790 ) ;
#3216 = CARTESIAN_POINT ( 'NONE',  ( 0.0000000000000000000, 11.50000000000000000, 0.0000000000000000000 ) ) ;
#3217 = AXIS2_PLACEMENT_3D ( 'NONE', #1829, #3548, #1819 ) ;
#3218 =( NAMED_UNIT ( * ) SI_UNIT ( $, .STERADIAN. ) SOLID_ANGLE_UNIT ( ) );
#3219 = LINE ( 'NONE', #377, #477 ) ;
#3220 = CARTESIAN_POINT ( 'NONE',  ( -10.07431314578009400, 11.42939081706767900, -4.095777049295904200 ) ) ;
#3221 = CARTESIAN_POINT ( 'NONE',  ( 6.110000000000002100, -4.599999999999999600, -1.310000000000000500 ) ) ;
#3222 = PRESENTATION_LAYER_ASSIGNMENT (  '', '', ( #478 ) ) ;
#3223 = EDGE_CURVE ( 'NONE', #1452, #3619, #2768, .T. ) ;
#3224 = CARTESIAN_POINT ( 'NONE',  ( 4.799999999999999800, -3.700000000000000200, -4.500000000000001800 ) ) ;
#3225 = CARTESIAN_POINT ( 'NONE',  ( 4.050000000000001600, -0.1999999999999999800, -4.799999999999999800 ) ) ;
#3226 = CARTESIAN_POINT ( 'NONE',  ( -10.92661700063725200, 10.51116960819348000, 4.726617000637249400 ) ) ;
#3227 = DIRECTION ( 'NONE',  ( 0.0000000000000000000, 0.0000000000000000000, -1.000000000000000000 ) ) ;
#3228 = DIRECTION ( 'NONE',  ( 1.000000000000000000, 0.0000000000000000000, 0.0000000000000000000 ) ) ;
#3229 =( NAMED_UNIT ( * ) SI_UNIT ( $, .STERADIAN. ) SOLID_ANGLE_UNIT ( ) );
#3230 = CARTESIAN_POINT ( 'NONE',  ( -4.049999999999999800, -0.1999999999999999800, 4.500000000000001800 ) ) ;
#3231 = VERTEX_POINT ( 'NONE', #2593 ) ;
#3232 = CARTESIAN_POINT ( 'NONE',  ( 6.550000000000000700, -0.5000000000000000000, -4.799999999999999800 ) ) ;
#3233 = EDGE_CURVE ( 'NONE', #715, #3325, #3345, .T. ) ;
#3234 = ORIENTED_EDGE ( 'NONE', *, *, #1202, .F. ) ;
#3235 = CARTESIAN_POINT ( 'NONE',  ( 4.799999999999999800, -0.5100000000000000100, -4.799999999999999800 ) ) ;
#3236 = EDGE_LOOP ( 'NONE', ( #2326, #381, #1390, #2244 ) ) ;
#3237 = CARTESIAN_POINT ( 'NONE',  ( -9.926670610591310500, 11.50000000000000200, 3.726670610591305000 ) ) ;
#3238 = CARTESIAN_POINT ( 'NONE',  ( -4.349999999999999600, -0.2000000000000000100, 0.0000000000000000000 ) ) ;
#3239 = EDGE_LOOP ( 'NONE', ( #2508, #2470, #3146, #3060 ) ) ;
#3240 = EDGE_LOOP ( 'NONE', ( #2792, #3586, #329, #3320 ) ) ;
#3241 = STYLED_ITEM ( 'NONE', ( #2124 ), #1599 ) ;
#3242 = CARTESIAN_POINT ( 'NONE',  ( 6.250000000000000000, -0.2000000000000000100, 4.799999999999999800 ) ) ;
#3243 = DIRECTION ( 'NONE',  ( -1.000000000000000000, -0.0000000000000000000, -0.0000000000000000000 ) ) ;
#3244 = EDGE_CURVE ( 'NONE', #89, #2385, #484, .T. ) ;
#3245 = DIRECTION ( 'NONE',  ( 0.0000000000000000000, 0.0000000000000000000, -1.000000000000000000 ) ) ;
#3246 = EDGE_LOOP ( 'NONE', ( #961, #3532, #2824 ) ) ;
#3247 = CARTESIAN_POINT ( 'NONE',  ( -9.926670610591310500, 11.50000000000000200, -3.726670610591305000 ) ) ;
#3248 = SURFACE_SIDE_STYLE ('',( #3307 ) ) ;
#3249 = VECTOR ( 'NONE', #3494, 1000.000000000000000 ) ;
#3250 = ORIENTED_EDGE ( 'NONE', *, *, #2687, .F. ) ;
#3251 = ADVANCED_FACE ( 'NONE', ( #3083 ), #855, .F. ) ;
#3252 = EDGE_LOOP ( 'NONE', ( #1406, #1368, #2070, #3492 ) ) ;
#3253 = DIRECTION ( 'NONE',  ( -1.000000000000000000, 0.0000000000000000000, 0.0000000000000000000 ) ) ;
#3254 = FILL_AREA_STYLE ('',( #656 ) ) ;
#3255 = FACE_OUTER_BOUND ( 'NONE', #1352, .T. ) ;
#3256 = DIRECTION ( 'NONE',  ( 0.0000000000000000000, 1.000000000000000000, -0.0000000000000000000 ) ) ;
#3257 = CARTESIAN_POINT ( 'NONE',  ( 11.00000000000000000, 0.0000000000000000000, -4.200014621576762900 ) ) ;
#3258 = LINE ( 'NONE', #2809, #3560 ) ;
#3259 = DIRECTION ( 'NONE',  ( 0.0000000000000000000, -0.0000000000000000000, -1.000000000000000000 ) ) ;
#3260 = PRODUCT_RELATED_PRODUCT_CATEGORY ( 'part', '', ( #2510 ) ) ;
#3261 = EDGE_CURVE ( 'NONE', #3025, #860, #2001, .T. ) ;
#3262 = COLOUR_RGB ( '',0.0000000000000000000, 0.0000000000000000000, 0.0000000000000000000 ) ;
#3263 = ADVANCED_FACE ( 'NONE', ( #2584 ), #224, .T. ) ;
#3264 = SURFACE_STYLE_USAGE ( .BOTH. , #2074 ) ;
#3265 = DIRECTION ( 'NONE',  ( 0.0000000000000000000, 0.0000000000000000000, -1.000000000000000000 ) ) ;
#3266 = PRESENTATION_STYLE_ASSIGNMENT (( #2705 ) ) ;
#3267 = LINE ( 'NONE', #353, #805 ) ;
#3268 = VECTOR ( 'NONE', #792, 1000.000000000000000 ) ;
#3269 = CIRCLE ( 'NONE', #2575, 0.2999999999999999300 ) ;
#3270 = MECHANICAL_DESIGN_GEOMETRIC_PRESENTATION_REPRESENTATION (  '', ( #1731 ), #511 ) ;
#3271 = ORIENTED_EDGE ( 'NONE', *, *, #1342, .T. ) ;
#3272 = ORIENTED_EDGE ( 'NONE', *, *, #2757, .T. ) ;
#3273 = UNCERTAINTY_MEASURE_WITH_UNIT (LENGTH_MEASURE( 1.000000000000000100E-005 ), #964, 'distance_accuracy_value', 'NONE');
#3274 =( LENGTH_UNIT ( ) NAMED_UNIT ( * ) SI_UNIT ( .MILLI., .METRE. ) );
#3275 = PLANE ( 'NONE',  #970 ) ;
#3276 = AXIS2_PLACEMENT_3D ( 'NONE', #2901, #325, #2618 ) ;
#3277 = ORIENTED_EDGE ( 'NONE', *, *, #3522, .T. ) ;
#3278 = PLANE ( 'NONE',  #1508 ) ;
#3279 = CARTESIAN_POINT ( 'NONE',  ( -4.049999999999995400, 0.0000000000000000000, 0.0000000000000000000 ) ) ;
#3280 = VERTEX_POINT ( 'NONE', #560 ) ;
#3281 = AXIS2_PLACEMENT_3D ( 'NONE', #525, #3109, #2560 ) ;
#3282 = EDGE_LOOP ( 'NONE', ( #2333, #3588, #459, #2424 ) ) ;
#3283 = CARTESIAN_POINT ( 'NONE',  ( -8.630000000000000800, 0.0000000000000000000, -0.9100000000000000300 ) ) ;
#3284 = EDGE_CURVE ( 'NONE', #3286, #379, #359, .T. ) ;
#3285 = ADVANCED_FACE ( 'NONE', ( #1856 ), #922, .T. ) ;
#3286 = VERTEX_POINT ( 'NONE', #890 ) ;
#3287 = ORIENTED_EDGE ( 'NONE', *, *, #1369, .F. ) ;
#3288 = ORIENTED_EDGE ( 'NONE', *, *, #3102, .F. ) ;
#3289 =( GEOMETRIC_REPRESENTATION_CONTEXT ( 3 ) GLOBAL_UNCERTAINTY_ASSIGNED_CONTEXT ( ( #2009 ) ) GLOBAL_UNIT_ASSIGNED_CONTEXT ( ( #33, #2018, #2398 ) ) REPRESENTATION_CONTEXT ( 'NONE', 'WORKASPACE' ) );
#3290 = EDGE_CURVE ( 'NONE', #2234, #1719, #356, .T. ) ;
#3291 = CARTESIAN_POINT ( 'NONE',  ( -6.550000000000000700, -0.1999999999999999800, 4.500000000000001800 ) ) ;
#3292 = COLOUR_RGB ( '',0.0000000000000000000, 0.0000000000000000000, 0.0000000000000000000 ) ;
#3293 = ORIENTED_EDGE ( 'NONE', *, *, #764, .T. ) ;
#3294 = CARTESIAN_POINT ( 'NONE',  ( -6.550000000000000700, -0.5000000000000000000, 4.500000000000001800 ) ) ;
#3295 = CARTESIAN_POINT ( 'NONE',  ( 10.24755934982190900, 11.11266928289572700, -4.528885146430517300 ) ) ;
#3296 = CARTESIAN_POINT ( 'NONE',  ( -10.17153640792643400, 11.30139713574539200, -4.338835103929164400 ) ) ;
#3297 = CARTESIAN_POINT ( 'NONE',  ( -6.590000000000002500, -4.599999999999999600, -0.9100000000000000300 ) ) ;
#3298 = DIRECTION ( 'NONE',  ( 0.0000000000000000000, 1.000000000000000000, 0.0000000000000000000 ) ) ;
#3299 = VECTOR ( 'NONE', #2922, 1000.000000000000000 ) ;
#3300 = PRESENTATION_LAYER_ASSIGNMENT (  '', '', ( #2531 ) ) ;
#3301 = EDGE_CURVE ( 'NONE', #1077, #1757, #3517, .T. ) ;
#3302 = ADVANCED_FACE ( 'NONE', ( #2852 ), #2085, .F. ) ;
#3303 = FACE_OUTER_BOUND ( 'NONE', #1175, .T. ) ;
#3304 = CARTESIAN_POINT ( 'NONE',  ( 0.0000000000000000000, -0.5000000000000000000, 0.0000000000000000000 ) ) ;
#3305 = CYLINDRICAL_SURFACE ( 'NONE', #3276, 0.6000000000000002000 ) ;
#3306 =( NAMED_UNIT ( * ) PLANE_ANGLE_UNIT ( ) SI_UNIT ( $, .RADIAN. ) );
#3307 = SURFACE_STYLE_FILL_AREA ( #1243 ) ;
#3308 = COLOUR_RGB ( '',0.0000000000000000000, 0.0000000000000000000, 0.0000000000000000000 ) ;
#3309 =( NAMED_UNIT ( * ) SI_UNIT ( $, .STERADIAN. ) SOLID_ANGLE_UNIT ( ) );
#3310 = CARTESIAN_POINT ( 'NONE',  ( -10.06935199501927900, 11.43421808939770100, 4.083383179174489000 ) ) ;
#3311 = ORIENTED_EDGE ( 'NONE', *, *, #3540, .T. ) ;
#3312 =( GEOMETRIC_REPRESENTATION_CONTEXT ( 3 ) GLOBAL_UNCERTAINTY_ASSIGNED_CONTEXT ( ( #1442 ) ) GLOBAL_UNIT_ASSIGNED_CONTEXT ( ( #3274, #3033, #2714 ) ) REPRESENTATION_CONTEXT ( 'NONE', 'WORKASPACE' ) );
#3313 = COLOUR_RGB ( '',0.0000000000000000000, 0.0000000000000000000, 0.0000000000000000000 ) ;
#3314 = ORIENTED_EDGE ( 'NONE', *, *, #1779, .F. ) ;
#3315 = LINE ( 'NONE', #2858, #1217 ) ;
#3316 = EDGE_LOOP ( 'NONE', ( #500, #3019, #939, #1256 ) ) ;
#3317 = DIRECTION ( 'NONE',  ( 0.0000000000000000000, 0.0000000000000000000, -1.000000000000000000 ) ) ;
#3318 = FILL_AREA_STYLE ('',( #1237 ) ) ;
#3319 = VERTEX_POINT ( 'NONE', #328 ) ;
#3320 = ORIENTED_EDGE ( 'NONE', *, *, #8, .T. ) ;
#3321 = PRESENTATION_LAYER_ASSIGNMENT (  '', '', ( #2953 ) ) ;
#3322 = CARTESIAN_POINT ( 'NONE',  ( 6.610000000000000300, -4.599999999999999600, -0.9100000000000000300 ) ) ;
#3323 = CARTESIAN_POINT ( 'NONE',  ( -4.349999999999999600, -0.2000000000000000100, 4.500000000000001800 ) ) ;
#3324 = PRESENTATION_LAYER_ASSIGNMENT (  '', '', ( #3583 ) ) ;
#3325 = VERTEX_POINT ( 'NONE', #2346 ) ;
#3326 = LINE ( 'NONE', #3470, #2943 ) ;
#3327 = ORIENTED_EDGE ( 'NONE', *, *, #134, .T. ) ;
#3328 = AXIS2_PLACEMENT_3D ( 'NONE', #2476, #1040, #1890 ) ;
#3329 = CARTESIAN_POINT ( 'NONE',  ( 5.500000000000000000, -4.000000000000000000, 0.0000000000000000000 ) ) ;
#3330 = VECTOR ( 'NONE', #840, 1000.000000000000000 ) ;
#3331 = ORIENTED_EDGE ( 'NONE', *, *, #1836, .T. ) ;
#3332 = EDGE_CURVE ( 'NONE', #1087, #2900, #3219, .T. ) ;
#3333 = DIRECTION ( 'NONE',  ( 0.0000000000000000000, 0.0000000000000000000, 1.000000000000000000 ) ) ;
#3334 = SURFACE_SIDE_STYLE ('',( #1434 ) ) ;
#3335 = CARTESIAN_POINT ( 'NONE',  ( 5.799999999999999800, -0.5100000000000000100, -4.799999999999999800 ) ) ;
#3336 = CARTESIAN_POINT ( 'NONE',  ( -6.590000000000002500, 0.0000000000000000000, -1.310000000000000500 ) ) ;
#3337 = FACE_OUTER_BOUND ( 'NONE', #2884, .T. ) ;
#3338 = STYLED_ITEM ( 'NONE', ( #1527 ), #2451 ) ;
#3339 = UNCERTAINTY_MEASURE_WITH_UNIT (LENGTH_MEASURE( 1.000000000000000100E-005 ), #2949, 'distance_accuracy_value', 'NONE');
#3340 = LINE ( 'NONE', #1480, #265 ) ;
#3341 = MECHANICAL_DESIGN_GEOMETRIC_PRESENTATION_REPRESENTATION (  '', ( #3041 ), #592 ) ;
#3342 = ADVANCED_FACE ( 'NONE', ( #3600 ), #1471, .T. ) ;
#3343 = CARTESIAN_POINT ( 'NONE',  ( -5.500000000000000000, -3.700000000000000200, 0.0000000000000000000 ) ) ;
#3344 = DIRECTION ( 'NONE',  ( -0.0000000000000000000, -0.0000000000000000000, -1.000000000000000000 ) ) ;
#3345 = LINE ( 'NONE', #1702, #1244 ) ;
#3346 = AXIS2_PLACEMENT_3D ( 'NONE', #2439, #3298, #1333 ) ;
#3347 = CARTESIAN_POINT ( 'NONE',  ( -5.799999999999999800, -3.700000000000000200, 4.799999999999999800 ) ) ;
#3348 = CARTESIAN_POINT ( 'NONE',  ( -8.630000000000000800, -4.599999999999999600, -1.310000000000000500 ) ) ;
#3349 = PLANE ( 'NONE',  #1805 ) ;
#3350 = LINE ( 'NONE', #1736, #1915 ) ;
#3351 =( GEOMETRIC_REPRESENTATION_CONTEXT ( 3 ) GLOBAL_UNCERTAINTY_ASSIGNED_CONTEXT ( ( #2219 ) ) GLOBAL_UNIT_ASSIGNED_CONTEXT ( ( #320, #2880, #3443 ) ) REPRESENTATION_CONTEXT ( 'NONE', 'WORKASPACE' ) );
#3352 = SURFACE_STYLE_FILL_AREA ( #1195 ) ;
#3353 = EDGE_CURVE ( 'NONE', #1120, #1709, #1673, .T. ) ;
#3354 = EDGE_LOOP ( 'NONE', ( #2707, #3152, #2599, #1700 ) ) ;
#3355 = PRESENTATION_STYLE_ASSIGNMENT (( #740 ) ) ;
#3356 = VECTOR ( 'NONE', #3421, 1000.000000000000000 ) ;
#3357 = CARTESIAN_POINT ( 'NONE',  ( -6.590000000000002500, -4.599999999999999600, -0.9100000000000000300 ) ) ;
#3358 = ORIENTED_EDGE ( 'NONE', *, *, #1871, .F. ) ;
#3359 = CARTESIAN_POINT ( 'NONE',  ( -10.92664624129670000, 10.50698126029796100, 4.799999999999999800 ) ) ;
#3360 = CARTESIAN_POINT ( 'NONE',  ( -9.926670610591310500, 11.50000000000000200, 3.726670610591305000 ) ) ;
#3361 = FILL_AREA_STYLE_COLOUR ( '', #1555 ) ;
#3362 = ORIENTED_EDGE ( 'NONE', *, *, #1754, .F. ) ;
#3363 = MECHANICAL_DESIGN_GEOMETRIC_PRESENTATION_REPRESENTATION (  '', ( #2003 ), #3614 ) ;
#3364 = ORIENTED_EDGE ( 'NONE', *, *, #3244, .T. ) ;
#3365 = VERTEX_POINT ( 'NONE', #3473 ) ;
#3366 = VERTEX_POINT ( 'NONE', #3201 ) ;
#3367 = FILL_AREA_STYLE_COLOUR ( '', #1135 ) ;
#3368 = ORIENTED_EDGE ( 'NONE', *, *, #738, .T. ) ;
#3369 = CARTESIAN_POINT ( 'NONE',  ( 10.92661700063724500, 10.51116960819348000, 4.726617000637249400 ) ) ;
#3370 = CIRCLE ( 'NONE', #842, 0.2999999999999999300 ) ;
#3371 = CARTESIAN_POINT ( 'NONE',  ( -10.92664624129670300, 10.50698126029795900, 4.126660862873464500 ) ) ;
#3372 = PLANE ( 'NONE',  #2783 ) ;
#3373 = DIRECTION ( 'NONE',  ( 1.000000000000000000, 0.0000000000000000000, 0.0000000000000000000 ) ) ;
#3374 = LINE ( 'NONE', #2262, #1986 ) ;
#3375 = ORIENTED_EDGE ( 'NONE', *, *, #2399, .T. ) ;
#3376 = EDGE_CURVE ( 'NONE', #639, #1757, #3564, .T. ) ;
#3377 = CYLINDRICAL_SURFACE ( 'NONE', #1643, 0.2999999999999999300 ) ;
#3378 = SURFACE_STYLE_USAGE ( .BOTH. , #3205 ) ;
#3379 = ADVANCED_FACE ( 'NONE', ( #174 ), #2309, .T. ) ;
#3380 = DIRECTION ( 'NONE',  ( 0.0000000000000000000, 0.0000000000000000000, 1.000000000000000000 ) ) ;
#3381 = UNCERTAINTY_MEASURE_WITH_UNIT (LENGTH_MEASURE( 1.000000000000000100E-005 ), #3618, 'distance_accuracy_value', 'NONE');
#3382 = DIRECTION ( 'NONE',  ( -0.0000000000000000000, -1.000000000000000000, -0.0000000000000000000 ) ) ;
#3383 = CARTESIAN_POINT ( 'NONE',  ( 0.0000000000000000000, 10.50000000000000000, -3.726670610591305000 ) ) ;
#3384 = PLANE ( 'NONE',  #2985 ) ;
#3385 = DIRECTION ( 'NONE',  ( -1.000000000000000000, 0.0000000000000000000, 0.0000000000000000000 ) ) ;
#3386 = SURFACE_STYLE_USAGE ( .BOTH. , #1103 ) ;
#3387 =( LENGTH_UNIT ( ) NAMED_UNIT ( * ) SI_UNIT ( .MILLI., .METRE. ) );
#3388 = PRESENTATION_LAYER_ASSIGNMENT (  '', '', ( #524 ) ) ;
#3389 = CARTESIAN_POINT ( 'NONE',  ( -3.550000000000000300, -4.599999999999999600, -0.9100000000000000300 ) ) ;
#3390 =( GEOMETRIC_REPRESENTATION_CONTEXT ( 3 ) GLOBAL_UNCERTAINTY_ASSIGNED_CONTEXT ( ( #681 ) ) GLOBAL_UNIT_ASSIGNED_CONTEXT ( ( #2015, #1458, #1163 ) ) REPRESENTATION_CONTEXT ( 'NONE', 'WORKASPACE' ) );
#3391 = LINE ( 'NONE', #706, #2144 ) ;
#3392 = CARTESIAN_POINT ( 'NONE',  ( -10.32666086287346600, 10.50698126029795900, 4.726646241296699600 ) ) ;
#3393 = VERTEX_POINT ( 'NONE', #3347 ) ;
#3394 =( NAMED_UNIT ( * ) PLANE_ANGLE_UNIT ( ) SI_UNIT ( $, .RADIAN. ) );
#3395 = PRESENTATION_STYLE_ASSIGNMENT (( #360 ) ) ;
#3396 = ORIENTED_EDGE ( 'NONE', *, *, #3658, .T. ) ;
#3397 = LINE ( 'NONE', #2403, #2408 ) ;
#3398 = STYLED_ITEM ( 'NONE', ( #2867 ), #2136 ) ;
#3399 = EDGE_CURVE ( 'NONE', #699, #3611, #1011, .T. ) ;
#3400 = ORIENTED_EDGE ( 'NONE', *, *, #1115, .T. ) ;
#3401 = PRODUCT_CONTEXT ( 'NONE', #2846, 'mechanical' ) ;
#3402 = ORIENTED_EDGE ( 'NONE', *, *, #2802, .F. ) ;
#3403 = CARTESIAN_POINT ( 'NONE',  ( -10.10000317060212400, 11.49999999999999800, 3.796003634595626500 ) ) ;
#3404 = CARTESIAN_POINT ( 'NONE',  ( -6.590000000000002500, -4.599999999999999600, -1.310000000000000500 ) ) ;
#3405 = EDGE_LOOP ( 'NONE', ( #1940, #2499, #2068, #1462 ) ) ;
#3406 = ORIENTED_EDGE ( 'NONE', *, *, #3399, .F. ) ;
#3407 = PRESENTATION_LAYER_ASSIGNMENT (  '', '', ( #2003 ) ) ;
#3408 = CARTESIAN_POINT ( 'NONE',  ( -3.550000000000000300, 0.0000000000000000000, -1.310000000000000500 ) ) ;
#3409 = LINE ( 'NONE', #1121, #2743 ) ;
#3410 = COLOUR_RGB ( '',0.0000000000000000000, 0.0000000000000000000, 0.0000000000000000000 ) ;
#3411 = ORIENTED_EDGE ( 'NONE', *, *, #943, .F. ) ;
#3412 = VECTOR ( 'NONE', #3243, 1000.000000000000000 ) ;
#3413 = ORIENTED_EDGE ( 'NONE', *, *, #1633, .T. ) ;
#3414 = DIRECTION ( 'NONE',  ( 0.0000000000000000000, 0.0000000000000000000, 1.000000000000000000 ) ) ;
#3415 = DIRECTION ( 'NONE',  ( -1.000000000000000000, 0.0000000000000000000, 0.0000000000000000000 ) ) ;
#3416 = CIRCLE ( 'NONE', #2467, 0.2999999999999999300 ) ;
#3417 = VECTOR ( 'NONE', #2062, 1000.000000000000000 ) ;
#3418 = CARTESIAN_POINT ( 'NONE',  ( 6.550000000000000700, -0.5000000000000000000, 4.799999999999999800 ) ) ;
#3419 = DIRECTION ( 'NONE',  ( -1.000000000000000000, 0.0000000000000000000, 0.0000000000000000000 ) ) ;
#3420 =( NAMED_UNIT ( * ) SI_UNIT ( $, .STERADIAN. ) SOLID_ANGLE_UNIT ( ) );
#3421 = DIRECTION ( 'NONE',  ( -0.0000000000000000000, -1.000000000000000000, -0.0000000000000000000 ) ) ;
#3422 = STYLED_ITEM ( 'NONE', ( #1186 ), #1816 ) ;
#3423 = VECTOR ( 'NONE', #2410, 1000.000000000000000 ) ;
#3424 = EDGE_CURVE ( 'NONE', #2572, #3070, #264, .T. ) ;
#3425 = CARTESIAN_POINT ( 'NONE',  ( 9.926670610591299800, 11.50000000000000200, 3.726670610591305000 ) ) ;
#3426 = DIRECTION ( 'NONE',  ( -1.000000000000000000, 0.0000000000000000000, -0.0000000000000000000 ) ) ;
#3427 = AXIS2_PLACEMENT_3D ( 'NONE', #3607, #2796, #1914 ) ;
#3428 = CARTESIAN_POINT ( 'NONE',  ( -10.32666086287345500, 10.50279250411918100, -4.126660862873464500 ) ) ;
#3429 = CARTESIAN_POINT ( 'NONE',  ( 10.91934787504077200, 10.63724988177736100, -4.123741516371311800 ) ) ;
#3430 =( NAMED_UNIT ( * ) SI_UNIT ( $, .STERADIAN. ) SOLID_ANGLE_UNIT ( ) );
#3431 = CIRCLE ( 'NONE', #122, 0.2999999999999999300 ) ;
#3432 =( LENGTH_UNIT ( ) NAMED_UNIT ( * ) SI_UNIT ( .MILLI., .METRE. ) );
#3433 = SURFACE_STYLE_FILL_AREA ( #1125 ) ;
#3434 = SURFACE_STYLE_USAGE ( .BOTH. , #2582 ) ;
#3435 = FACE_OUTER_BOUND ( 'NONE', #590, .T. ) ;
#3436 = VECTOR ( 'NONE', #2353, 1000.000000000000000 ) ;
#3437 =( GEOMETRIC_REPRESENTATION_CONTEXT ( 3 ) GLOBAL_UNCERTAINTY_ASSIGNED_CONTEXT ( ( #31 ) ) GLOBAL_UNIT_ASSIGNED_CONTEXT ( ( #3140, #330, #2318 ) ) REPRESENTATION_CONTEXT ( 'NONE', 'WORKASPACE' ) );
#3438 = DIRECTION ( 'NONE',  ( 0.0000000000000000000, 0.0000000000000000000, 1.000000000000000000 ) ) ;
#3439 = ORIENTED_EDGE ( 'NONE', *, *, #3522, .F. ) ;
#3440 = VECTOR ( 'NONE', #1579, 1000.000000000000000 ) ;
#3441 = CARTESIAN_POINT ( 'NONE',  ( -10.40001462157676700, 0.0000000000000000000, 4.800000000000000700 ) ) ;
#3442 = CARTESIAN_POINT ( 'NONE',  ( 4.049999999999999800, -0.5000000000000000000, 4.500000000000001800 ) ) ;
#3443 =( NAMED_UNIT ( * ) SI_UNIT ( $, .STERADIAN. ) SOLID_ANGLE_UNIT ( ) );
#3444 = DIRECTION ( 'NONE',  ( 0.0000000000000000000, 1.000000000000000000, -0.0000000000000000000 ) ) ;
#3445 = ORIENTED_EDGE ( 'NONE', *, *, #3301, .T. ) ;
#3446 = DIRECTION ( 'NONE',  ( 1.000000000000000000, 0.0000000000000000000, 0.0000000000000000000 ) ) ;
#3447 = DIRECTION ( 'NONE',  ( -1.000000000000000000, 0.0000000000000000000, -0.0000000000000000000 ) ) ;
#3448 = CARTESIAN_POINT ( 'NONE',  ( 10.92619134497049400, 10.57213930072083500, -4.126478904241178500 ) ) ;
#3449 = VERTEX_POINT ( 'NONE', #1906 ) ;
#3450 = PLANE ( 'NONE',  #2914 ) ;
#3451 = ORIENTED_EDGE ( 'NONE', *, *, #2306, .F. ) ;
#3452 = CARTESIAN_POINT ( 'NONE',  ( -4.049999999999999800, -0.5000000000000000000, 4.799999999999999800 ) ) ;
#3453 = ORIENTED_EDGE ( 'NONE', *, *, #2443, .F. ) ;
#3454 = EDGE_LOOP ( 'NONE', ( #1214, #2460, #385, #3659, #1973, #2594, #153, #899 ) ) ;
#3455 = DIRECTION ( 'NONE',  ( -0.0000000000000000000, 1.000000000000000000, 0.0000000000000000000 ) ) ;
#3456 = CARTESIAN_POINT ( 'NONE',  ( -10.19130498489230700, 11.25232293999024700, -4.388253103700588300 ) ) ;
#3457 = ORIENTED_EDGE ( 'NONE', *, *, #3148, .F. ) ;
#3458 = CARTESIAN_POINT ( 'NONE',  ( -9.129999999999999000, -4.599999999999999600, -0.9100000000000000300 ) ) ;
#3459 = EDGE_CURVE ( 'NONE', #2073, #558, #2533, .T. ) ;
#3460 = CARTESIAN_POINT ( 'NONE',  ( 10.18725614089039400, 11.47420630358269000, -3.830904822710915300 ) ) ;
#3461 = CARTESIAN_POINT ( 'NONE',  ( 0.0000000000000000000, 0.0000000000000000000, -0.9100000000000000300 ) ) ;
#3462 = ORIENTED_EDGE ( 'NONE', *, *, #1325, .F. ) ;
#3463 = AXIS2_PLACEMENT_3D ( 'NONE', #2806, #257, #2519 ) ;
#3464 = AXIS2_PLACEMENT_3D ( 'NONE', #1686, #3132, #2590 ) ;
#3465 = EDGE_CURVE ( 'NONE', #3666, #2890, #1558, .T. ) ;
#3466 = DIRECTION ( 'NONE',  ( -1.000000000000000000, 0.0000000000000000000, 0.0000000000000000000 ) ) ;
#3467 = LINE ( 'NONE', #3662, #1139 ) ;
#3468 = CARTESIAN_POINT ( 'NONE',  ( 6.550000000000000700, -0.1999999999999999800, 4.500000000000001800 ) ) ;
#3469 = DIRECTION ( 'NONE',  ( 1.000000000000000000, 0.0000000000000000000, -0.0000000000000000000 ) ) ;
#3470 = CARTESIAN_POINT ( 'NONE',  ( -4.799999999999999800, -0.5000000000000000000, 4.500000000000001800 ) ) ;
#3471 = CARTESIAN_POINT ( 'NONE',  ( 10.32666086287346400, 10.50279250411918100, -4.126660862873460000 ) ) ;
#3472 = AXIS2_PLACEMENT_3D ( 'NONE', #2100, #127, #2110 ) ;
#3473 = CARTESIAN_POINT ( 'NONE',  ( -6.089999999999999900, -4.599999999999999600, -0.9100000000000000300 ) ) ;
#3474 = EDGE_CURVE ( 'NONE', #3280, #3025, #2396, .T. ) ;
#3475 = CARTESIAN_POINT ( 'NONE',  ( -6.550000000000000700, -0.1999999999999999800, -4.799999999999999800 ) ) ;
#3476 = CARTESIAN_POINT ( 'NONE',  ( 10.79803358369765800, 11.00765076376860200, -4.075215799833876500 ) ) ;
#3477 = PLANE ( 'NONE',  #2756 ) ;
#3478 = CARTESIAN_POINT ( 'NONE',  ( -6.590000000000002500, -4.599999999999999600, -1.310000000000000500 ) ) ;
#3479 = CARTESIAN_POINT ( 'NONE',  ( 10.92619134497049200, 10.57213930072085300, -4.126478904241401400 ) ) ;
#3480 = CARTESIAN_POINT ( 'NONE',  ( 3.569999999999999800, -4.599999999999999600, -0.9100000000000000300 ) ) ;
#3481 = DIRECTION ( 'NONE',  ( 0.0000000000000000000, 0.0000000000000000000, -1.000000000000000000 ) ) ;
#3482 = EDGE_CURVE ( 'NONE', #1930, #2132, #2995, .T. ) ;
#3483 = SURFACE_STYLE_FILL_AREA ( #1481 ) ;
#3484 = VERTEX_POINT ( 'NONE', #3593 ) ;
#3485 = CARTESIAN_POINT ( 'NONE',  ( -10.30551590692313900, 10.82744799779388100, -4.673783851420865600 ) ) ;
#3486 = VECTOR ( 'NONE', #644, 1000.000000000000000 ) ;
#3487 = CARTESIAN_POINT ( 'NONE',  ( -3.550000000000000300, -4.599999999999999600, -1.310000000000000500 ) ) ;
#3488 = VERTEX_POINT ( 'NONE', #551 ) ;
#3489 = AXIS2_PLACEMENT_3D ( 'NONE', #2763, #1308, #2438 ) ;
#3490 = SURFACE_STYLE_USAGE ( .BOTH. , #2622 ) ;
#3491 = SURFACE_STYLE_USAGE ( .BOTH. , #629 ) ;
#3492 = ORIENTED_EDGE ( 'NONE', *, *, #112, .F. ) ;
#3493 = AXIS2_PLACEMENT_3D ( 'NONE', #3518, #2109, #3228 ) ;
#3494 = DIRECTION ( 'NONE',  ( 0.0000000000000000000, 0.0000000000000000000, -1.000000000000000000 ) ) ;
#3495 = EDGE_CURVE ( 'NONE', #1483, #1452, #395, .T. ) ;
#3496 = ORIENTED_EDGE ( 'NONE', *, *, #2123, .T. ) ;
#3497 =( BOUNDED_CURVE ( )  B_SPLINE_CURVE ( 3, ( #675, #1840, #2680, #3257 ),
 .UNSPECIFIED., .F., .F. ) 
 B_SPLINE_CURVE_WITH_KNOTS ( ( 4, 4 ),
 ( 5.497811512779828800, 7.068559101579348100 ),
 .UNSPECIFIED. ) 
 CURVE ( )  GEOMETRIC_REPRESENTATION_ITEM ( )  RATIONAL_B_SPLINE_CURVE ( ( 1.000000000000000000, 0.8047493416400701700, 0.8047493416400701700, 1.000000000000000000 ) ) 
 REPRESENTATION_ITEM ( '' )  );
#3498 = CARTESIAN_POINT ( 'NONE',  ( 10.01788529588358000, 11.49999999938891000, -3.817885295883505200 ) ) ;
#3499 = ORIENTED_EDGE ( 'NONE', *, *, #1826, .F. ) ;
#3500 = ORIENTED_EDGE ( 'NONE', *, *, #27, .T. ) ;
#3501 = DIRECTION ( 'NONE',  ( 0.0000000000000000000, -1.000000000000000000, 0.0000000000000000000 ) ) ;
#3502 = VERTEX_POINT ( 'NONE', #1364 ) ;
#3503 = CARTESIAN_POINT ( 'NONE',  ( -10.81993718131098200, 10.98752584656653900, 4.619937181310986900 ) ) ;
#3504 = CARTESIAN_POINT ( 'NONE',  ( 9.926670610591299800, 10.50000000000000000, 0.0000000000000000000 ) ) ;
#3505 = AXIS2_PLACEMENT_3D ( 'NONE', #1623, #3333, #3632 ) ;
#3506 = EDGE_CURVE ( 'NONE', #2526, #460, #2045, .T. ) ;
#3507 = LINE ( 'NONE', #402, #3412 ) ;
#3508 = ORIENTED_EDGE ( 'NONE', *, *, #844, .F. ) ;
#3509 = PRESENTATION_STYLE_ASSIGNMENT (( #1419 ) ) ;
#3510 =( LENGTH_UNIT ( ) NAMED_UNIT ( * ) SI_UNIT ( .MILLI., .METRE. ) );
#3511 = DIRECTION ( 'NONE',  ( 1.000000000000000000, 0.0000000000000000000, -0.0000000000000000000 ) ) ;
#3512 = VERTEX_POINT ( 'NONE', #3360 ) ;
#3513 = CARTESIAN_POINT ( 'NONE',  ( 0.0000000000000000000, -0.5000000000000000000, 4.500000000000001800 ) ) ;
#3514 = CARTESIAN_POINT ( 'NONE',  ( 10.24551218122705300, 11.11774433732765000, -4.523774537180639000 ) ) ;
#3515 = MECHANICAL_DESIGN_GEOMETRIC_PRESENTATION_REPRESENTATION (  '', ( #2953 ), #2 ) ;
#3516 = CARTESIAN_POINT ( 'NONE',  ( -10.05701156010637300, 11.50000000000000200, 3.778806990397298300 ) ) ;
#3517 = LINE ( 'NONE', #2071, #1997 ) ;
#3518 = CARTESIAN_POINT ( 'NONE',  ( -6.250000000000000000, -0.2000000000000000100, 4.500000000000001800 ) ) ;
#3519 = CARTESIAN_POINT ( 'NONE',  ( -8.630000000000000800, 0.0000000000000000000, -1.310000000000000500 ) ) ;
#3520 = PLANE ( 'NONE',  #3217 ) ;
#3521 = MECHANICAL_DESIGN_GEOMETRIC_PRESENTATION_REPRESENTATION (  '', ( #3398 ), #1019 ) ;
#3522 = EDGE_CURVE ( 'NONE', #152, #2234, #880, .T. ) ;
#3523 = CARTESIAN_POINT ( 'NONE',  ( 5.100000000000000500, -3.700000000000000200, 0.0000000000000000000 ) ) ;
#3524 = DIRECTION ( 'NONE',  ( 0.0000000000000000000, -1.000000000000000000, -0.0000000000000000000 ) ) ;
#3525 = VECTOR ( 'NONE', #2007, 1000.000000000000000 ) ;
#3526 = CARTESIAN_POINT ( 'NONE',  ( -10.69416889492792700, 11.19450411710567500, 4.494168894927897300 ) ) ;
#3527 = VECTOR ( 'NONE', #2564, 1000.000000000000000 ) ;
#3528 = FACE_OUTER_BOUND ( 'NONE', #1769, .T. ) ;
#3529 = CARTESIAN_POINT ( 'NONE',  ( 3.569999999999999800, -4.599999999999999600, -1.310000000000000500 ) ) ;
#3530 = PRODUCT_DEFINITION_SHAPE ( 'NONE', 'NONE',  #172 ) ;
#3531 = CARTESIAN_POINT ( 'NONE',  ( 0.0000000000000000000, -4.599999999999999600, -1.310000000000000500 ) ) ;
#3532 = ORIENTED_EDGE ( 'NONE', *, *, #611, .F. ) ;
#3533 = SURFACE_SIDE_STYLE ('',( #3483 ) ) ;
#3534 = EDGE_CURVE ( 'NONE', #2132, #158, #3258, .T. ) ;
#3535 = LINE ( 'NONE', #664, #1064 ) ;
#3536 = DIRECTION ( 'NONE',  ( 1.000000000000000000, 0.0000000000000000000, 0.0000000000000000000 ) ) ;
#3537 = ORIENTED_EDGE ( 'NONE', *, *, #2588, .F. ) ;
#3538 = MECHANICAL_DESIGN_GEOMETRIC_PRESENTATION_REPRESENTATION (  '', ( #2057 ), #838 ) ;
#3539 = PLANE ( 'NONE',  #2431 ) ;
#3540 = EDGE_CURVE ( 'NONE', #1220, #1664, #2481, .T. ) ;
#3541 = ADVANCED_FACE ( 'NONE', ( #132 ), #21, .T. ) ;
#3542 = ORIENTED_EDGE ( 'NONE', *, *, #738, .F. ) ;
#3543 = ORIENTED_EDGE ( 'NONE', *, *, #2962, .T. ) ;
#3544 = UNCERTAINTY_MEASURE_WITH_UNIT (LENGTH_MEASURE( 1.000000000000000100E-005 ), #3645, 'distance_accuracy_value', 'NONE');
#3545 = DIRECTION ( 'NONE',  ( 0.0000000000000000000, 0.0000000000000000000, 1.000000000000000000 ) ) ;
#3546 = EDGE_CURVE ( 'NONE', #1672, #1483, #2637, .T. ) ;
#3547 = FILL_AREA_STYLE_COLOUR ( '', #523 ) ;
#3548 = DIRECTION ( 'NONE',  ( 0.0000000000000000000, 0.0000000000000000000, -1.000000000000000000 ) ) ;
#3549 = EDGE_LOOP ( 'NONE', ( #1870, #3413, #159, #3668 ) ) ;
#3550 = ORIENTED_EDGE ( 'NONE', *, *, #3677, .T. ) ;
#3551 = DIRECTION ( 'NONE',  ( 0.0000000000000000000, 1.000000000000000000, 0.0000000000000000000 ) ) ;
#3552 =( LENGTH_UNIT ( ) NAMED_UNIT ( * ) SI_UNIT ( .MILLI., .METRE. ) );
#3553 = ORIENTED_EDGE ( 'NONE', *, *, #1931, .F. ) ;
#3554 = CARTESIAN_POINT ( 'NONE',  ( -10.59243774320070700, 11.28647249959463400, 4.392437743200762400 ) ) ;
#3555 = ORIENTED_EDGE ( 'NONE', *, *, #2276, .T. ) ;
#3556 = ADVANCED_FACE ( 'NONE', ( #2404 ), #248, .F. ) ;
#3557 = CYLINDRICAL_SURFACE ( 'NONE', #3281, 0.2999999999999999300 ) ;
#3558 = CARTESIAN_POINT ( 'NONE',  ( 6.550000000000008700, 0.0000000000000000000, 4.800000000000000700 ) ) ;
#3559 = CARTESIAN_POINT ( 'NONE',  ( 8.650000000000000400, 0.0000000000000000000, -1.310000000000000500 ) ) ;
#3560 = VECTOR ( 'NONE', #3382, 1000.000000000000000 ) ;
#3561 = DIRECTION ( 'NONE',  ( 0.0000000000000000000, 1.000000000000000000, 0.0000000000000000000 ) ) ;
#3562 = CARTESIAN_POINT ( 'NONE',  ( 4.069999999999999400, 0.0000000000000000000, -0.9100000000000000300 ) ) ;
#3563 = MECHANICAL_DESIGN_GEOMETRIC_PRESENTATION_REPRESENTATION (  '', ( #1878 ), #315 ) ;
#3564 = LINE ( 'NONE', #2617, #1514 ) ;
#3565 = SURFACE_STYLE_FILL_AREA ( #496 ) ;
#3566 = EDGE_CURVE ( 'NONE', #206, #2604, #3653, .T. ) ;
#3567 = VECTOR ( 'NONE', #1432, 1000.000000000000000 ) ;
#3568 = DIRECTION ( 'NONE',  ( -1.000000000000000000, 0.0000000000000000000, 0.0000000000000000000 ) ) ;
#3569 = CARTESIAN_POINT ( 'NONE',  ( 6.550000000000006000, 1.513708846903008000E-018, -4.799999999999999800 ) ) ;
#3570 = LINE ( 'NONE', #2141, #2814 ) ;
#3571 = PLANE ( 'NONE',  #969 ) ;
#3572 = CARTESIAN_POINT ( 'NONE',  ( -10.11135110625117800, 11.48981571149361600, -3.911351106251113900 ) ) ;
#3573 = VECTOR ( 'NONE', #1752, 1000.000000000000000 ) ;
#3574 = DIRECTION ( 'NONE',  ( 0.0000000000000000000, 1.000000000000000000, -0.0000000000000000000 ) ) ;
#3575 = ADVANCED_FACE ( 'NONE', ( #179 ), #2037, .T. ) ;
#3576 = AXIS2_PLACEMENT_3D ( 'NONE', #3111, #1708, #1723 ) ;
#3577 = ORIENTED_EDGE ( 'NONE', *, *, #953, .F. ) ;
#3578 = EDGE_LOOP ( 'NONE', ( #951, #3271, #251, #1000 ) ) ;
#3579 = DIRECTION ( 'NONE',  ( -0.0000000000000000000, -0.0000000000000000000, 1.000000000000000000 ) ) ;
#3580 = CARTESIAN_POINT ( 'NONE',  ( 10.17074239014270800, 11.29279714404575000, -4.337001855714868600 ) ) ;
#3581 = ORIENTED_EDGE ( 'NONE', *, *, #418, .F. ) ;
#3582 = FILL_AREA_STYLE ('',( #3623 ) ) ;
#3583 = STYLED_ITEM ( 'NONE', ( #990 ), #1037 ) ;
#3584 = ORIENTED_EDGE ( 'NONE', *, *, #1427, .T. ) ;
#3585 = CARTESIAN_POINT ( 'NONE',  ( -10.99999999999999600, -2.371692252312040900E-017, -4.200014621576765500 ) ) ;
#3586 = ORIENTED_EDGE ( 'NONE', *, *, #16, .F. ) ;
#3587 = ORIENTED_EDGE ( 'NONE', *, *, #3050, .T. ) ;
#3588 = ORIENTED_EDGE ( 'NONE', *, *, #2915, .T. ) ;
#3589 = PRESENTATION_LAYER_ASSIGNMENT (  '', '', ( #1092 ) ) ;
#3590 = EDGE_CURVE ( 'NONE', #20, #860, #2008, .T. ) ;
#3591 = EDGE_LOOP ( 'NONE', ( #3550, #3314, #3287, #3028, #3543, #1063 ) ) ;
#3592 = CARTESIAN_POINT ( 'NONE',  ( 4.049999999999999800, -0.1999999999999999800, 4.799999999999999800 ) ) ;
#3593 = CARTESIAN_POINT ( 'NONE',  ( -4.049999999999996300, 0.0000000000000000000, -4.799999999999999800 ) ) ;
#3594 = CARTESIAN_POINT ( 'NONE',  ( -8.630000000000000800, -4.599999999999999600, -0.9100000000000000300 ) ) ;
#3595 = CIRCLE ( 'NONE', #3493, 0.2999999999999999300 ) ;
#3596 = VERTEX_POINT ( 'NONE', #2271 ) ;
#3597 = EDGE_CURVE ( 'NONE', #558, #2739, #232, .T. ) ;
#3598 = ADVANCED_FACE ( 'NONE', ( #1821 ), #1421, .F. ) ;
#3599 = DIRECTION ( 'NONE',  ( -1.000000000000000000, 0.0000000000000000000, -0.0000000000000000000 ) ) ;
#3600 = FACE_OUTER_BOUND ( 'NONE', #212, .T. ) ;
#3601 =( NAMED_UNIT ( * ) PLANE_ANGLE_UNIT ( ) SI_UNIT ( $, .RADIAN. ) );
#3602 = SURFACE_STYLE_USAGE ( .BOTH. , #1615 ) ;
#3603 = CARTESIAN_POINT ( 'NONE',  ( 10.13763353901085100, 11.35016745885126900, 4.254271493531369700 ) ) ;
#3604 = UNCERTAINTY_MEASURE_WITH_UNIT (LENGTH_MEASURE( 1.000000000000000100E-005 ), #985, 'distance_accuracy_value', 'NONE');
#3605 = VECTOR ( 'NONE', #473, 1000.000000000000000 ) ;
#3606 = EDGE_CURVE ( 'NONE', #1220, #3619, #2395, .T. ) ;
#3607 = CARTESIAN_POINT ( 'NONE',  ( 0.0000000000000000000, -4.599999999999999600, 0.0000000000000000000 ) ) ;
#3608 = SURFACE_STYLE_FILL_AREA ( #2976 ) ;
#3609 = CARTESIAN_POINT ( 'NONE',  ( 6.550000000000007800, 0.0000000000000000000, 0.0000000000000000000 ) ) ;
#3610 = SURFACE_STYLE_USAGE ( .BOTH. , #2196 ) ;
#3611 = VERTEX_POINT ( 'NONE', #3468 ) ;
#3612 = ADVANCED_FACE ( 'NONE', ( #1911 ), #1720, .F. ) ;
#3613 = PLANE ( 'NONE',  #1073 ) ;
#3614 =( GEOMETRIC_REPRESENTATION_CONTEXT ( 3 ) GLOBAL_UNCERTAINTY_ASSIGNED_CONTEXT ( ( #2558 ) ) GLOBAL_UNIT_ASSIGNED_CONTEXT ( ( #435, #1285, #3309 ) ) REPRESENTATION_CONTEXT ( 'NONE', 'WORKASPACE' ) );
#3615 = FACE_OUTER_BOUND ( 'NONE', #1298, .T. ) ;
#3616 = ORIENTED_EDGE ( 'NONE', *, *, #3465, .F. ) ;
#3617 = EDGE_CURVE ( 'NONE', #1042, #1703, #2918, .T. ) ;
#3618 =( LENGTH_UNIT ( ) NAMED_UNIT ( * ) SI_UNIT ( .MILLI., .METRE. ) );
#3619 = VERTEX_POINT ( 'NONE', #561 ) ;
#3620 = DIRECTION ( 'NONE',  ( 0.0000000000000000000, 0.0000000000000000000, 1.000000000000000000 ) ) ;
#3621 = VERTEX_POINT ( 'NONE', #2863 ) ;
#3622 = CARTESIAN_POINT ( 'NONE',  ( 6.550000000000000700, -0.5000000000000000000, 4.500000000000001800 ) ) ;
#3623 = FILL_AREA_STYLE_COLOUR ( '', #2059 ) ;
#3624 = CARTESIAN_POINT ( 'NONE',  ( 10.08537476833908100, 11.41799756727834300, 4.123445364981466600 ) ) ;
#3625 = FACE_OUTER_BOUND ( 'NONE', #2159, .T. ) ;
#3626 = ORIENTED_EDGE ( 'NONE', *, *, #156, .T. ) ;
#3627 = SURFACE_STYLE_FILL_AREA ( #3318 ) ;
#3628 = ORIENTED_EDGE ( 'NONE', *, *, #3474, .F. ) ;
#3629 = LINE ( 'NONE', #1058, #301 ) ;
#3630 = VECTOR ( 'NONE', #2853, 1000.000000000000000 ) ;
#3631 = EDGE_LOOP ( 'NONE', ( #118, #3362, #2458, #641 ) ) ;
#3632 = DIRECTION ( 'NONE',  ( 1.000000000000000000, 0.0000000000000000000, 0.0000000000000000000 ) ) ;
#3633 = CARTESIAN_POINT ( 'NONE',  ( -9.926670610591310500, 11.50000000000000200, -3.726670610591305000 ) ) ;
#3634 = VECTOR ( 'NONE', #1395, 1000.000000000000000 ) ;
#3635 = DIRECTION ( 'NONE',  ( -0.0000000000000000000, -1.000000000000000000, -0.0000000000000000000 ) ) ;
#3636 = ORIENTED_EDGE ( 'NONE', *, *, #819, .F. ) ;
#3637 = AXIS2_PLACEMENT_3D ( 'NONE', #2522, #2753, #1032 ) ;
#3638 = DIRECTION ( 'NONE',  ( 0.0000000000000000000, 1.000000000000000000, 0.0000000000000000000 ) ) ;
#3639 = ADVANCED_FACE ( 'NONE', ( #3085 ), #1569, .T. ) ;
#3640 = VECTOR ( 'NONE', #1690, 1000.000000000000000 ) ;
#3641 = VECTOR ( 'NONE', #403, 1000.000000000000000 ) ;
#3642 = FILL_AREA_STYLE_COLOUR ( '', #1498 ) ;
#3643 = MECHANICAL_DESIGN_GEOMETRIC_PRESENTATION_REPRESENTATION (  '', ( #2902 ), #2580 ) ;
#3644 = MECHANICAL_DESIGN_GEOMETRIC_PRESENTATION_REPRESENTATION (  '', ( #1136 ), #2084 ) ;
#3645 =( LENGTH_UNIT ( ) NAMED_UNIT ( * ) SI_UNIT ( .MILLI., .METRE. ) );
#3646 = VECTOR ( 'NONE', #3426, 1000.000000000000000 ) ;
#3647 = VECTOR ( 'NONE', #237, 1000.000000000000000 ) ;
#3648 = STYLED_ITEM ( 'NONE', ( #1630 ), #1303 ) ;
#3649 = UNCERTAINTY_MEASURE_WITH_UNIT (LENGTH_MEASURE( 1.000000000000000100E-005 ), #6, 'distance_accuracy_value', 'NONE');
#3650 = CARTESIAN_POINT ( 'NONE',  ( -11.00000000000000000, 0.0000000000000000000, -4.799999999999999800 ) ) ;
#3651 =( NAMED_UNIT ( * ) PLANE_ANGLE_UNIT ( ) SI_UNIT ( $, .RADIAN. ) );
#3652 = PLANE ( 'NONE',  #2390 ) ;
#3653 = LINE ( 'NONE', #2895, #802 ) ;
#3654 = CARTESIAN_POINT ( 'NONE',  ( 10.27450347068235500, 10.99661817889006000, 4.597219106711567500 ) ) ;
#3655 = VECTOR ( 'NONE', #2322, 1000.000000000000000 ) ;
#3656 = AXIS2_PLACEMENT_3D ( 'NONE', #15, #1758, #1727 ) ;
#3657 = LINE ( 'NONE', #2683, #274 ) ;
#3658 = EDGE_CURVE ( 'NONE', #2385, #779, #2492, .T. ) ;
#3659 = ORIENTED_EDGE ( 'NONE', *, *, #2485, .F. ) ;
#3660 = CARTESIAN_POINT ( 'NONE',  ( -6.549999999999999800, 0.0000000000000000000, -4.799999999999999800 ) ) ;
#3661 = ORIENTED_EDGE ( 'NONE', *, *, #1418, .T. ) ;
#3662 = CARTESIAN_POINT ( 'NONE',  ( -6.250000000000000000, -0.4999999999999998900, 0.0000000000000000000 ) ) ;
#3663 = ORIENTED_EDGE ( 'NONE', *, *, #197, .F. ) ;
#3664 = DIRECTION ( 'NONE',  ( 0.0000000000000000000, 0.0000000000000000000, -1.000000000000000000 ) ) ;
#3665 = EDGE_CURVE ( 'NONE', #3596, #1120, #2317, .T. ) ;
#3666 = VERTEX_POINT ( 'NONE', #3074 ) ;
#3667 = ADVANCED_FACE ( 'NONE', ( #3183 ), #3377, .T. ) ;
#3668 = ORIENTED_EDGE ( 'NONE', *, *, #297, .T. ) ;
#3669 =( LENGTH_UNIT ( ) NAMED_UNIT ( * ) SI_UNIT ( .MILLI., .METRE. ) );
#3670 = ORIENTED_EDGE ( 'NONE', *, *, #3290, .T. ) ;
#3671 = CARTESIAN_POINT ( 'NONE',  ( 9.926670610591299800, 11.50000000000000200, 3.726670610591305000 ) ) ;
#3672 = VERTEX_POINT ( 'NONE', #1094 ) ;
#3673 = STYLED_ITEM ( 'NONE', ( #1476 ), #3667 ) ;
#3674 =( LENGTH_UNIT ( ) NAMED_UNIT ( * ) SI_UNIT ( .MILLI., .METRE. ) );
#3675 = CARTESIAN_POINT ( 'NONE',  ( 10.60999070159523900, 11.23015689588325100, 3.999992995395159400 ) ) ;
#3676 = ORIENTED_EDGE ( 'NONE', *, *, #184, .F. ) ;
#3677 = EDGE_CURVE ( 'NONE', #2821, #3393, #2477, .T. ) ;
#3678 = PLANE ( 'NONE',  #3464 ) ;
#3679 = FACE_OUTER_BOUND ( 'NONE', #2036, .T. ) ;
#3680 = FILL_AREA_STYLE_COLOUR ( '', #3262 ) ;
#3681 = CARTESIAN_POINT ( 'NONE',  ( -4.049999999999999800, -4.599999999999999600, -0.9100000000000000300 ) ) ;
#3682 =( GEOMETRIC_REPRESENTATION_CONTEXT ( 3 ) GLOBAL_UNCERTAINTY_ASSIGNED_CONTEXT ( ( #726 ) ) GLOBAL_UNIT_ASSIGNED_CONTEXT ( ( #1023, #1271, #2423 ) ) REPRESENTATION_CONTEXT ( 'NONE', 'WORKASPACE' ) );
#3683 = CARTESIAN_POINT ( 'NONE',  ( -10.19974062633722600, 11.23087429502082600, 4.409361423117064600 ) ) ;
#3684 = VECTOR ( 'NONE', #2355, 1000.000000000000000 ) ;
#3685 = DIRECTION ( 'NONE',  ( -0.0000000000000000000, 0.006981260297961569000, 0.9999756307053948600 ) ) ;
#3686 = FILL_AREA_STYLE_COLOUR ( '', #2592 ) ;
#3687 = EDGE_CURVE ( 'NONE', #2243, #1408, #2991, .T. ) ;
#3688 = FILL_AREA_STYLE_COLOUR ( '', #723 ) ;
ENDSEC;
END-ISO-10303-21;

